<TICKER>,<PER>,<DATE>,<TIME>,<OPEN>,<HIGH>,<LOW>,<CLOSE>,<VOL>,<OPENINT>
DIA.US,5,20251027,143000,474.755,475.16,474.14,474.68,298742,0
DIA.US,5,20251027,143500,474.71,474.72,474.04,474.34,148324,0
DIA.US,5,20251027,144000,474.3,474.3,473.71,474.15,180439,0
DIA.US,5,20251027,144500,474.14,474.35,473.97,474.07,80491,0
DIA.US,5,20251027,145000,474.07,474.62,473.91,474.47,43386,0
DIA.US,5,20251027,145500,474.47,474.73,474.405,474.68,60116,0
DIA.US,5,20251027,150000,474.67,475.17,474.48,474.98,91857,0
DIA.US,5,20251027,150500,474.98,475.26,474.98,475.09,60273,0
DIA.US,5,20251027,151000,475.08,475.145,474.79,474.81,42490,0
DIA.US,5,20251027,151500,474.82,474.91,474.44,474.45,49688,0
DIA.US,5,20251027,152000,474.45,474.67,474.37,474.6,41612,0
DIA.US,5,20251027,152500,474.59,474.61,474.35,474.46,44655,0
DIA.US,5,20251027,153000,474.45,474.64,474.35,474.53,37557,0
DIA.US,5,20251027,153500,474.56,474.73,474.34,474.38,50622,0
DIA.US,5,20251027,154000,474.38,474.6,474.31,474.58,38362,0
DIA.US,5,20251027,154500,474.6,474.64,474.41,474.55,31369,0
DIA.US,5,20251027,155000,474.56,474.56,474.1,474.27,34720,0
DIA.US,5,20251027,155500,474.28,474.43,474.26,474.36,66551,0
DIA.US,5,20251027,160000,474.36,474.36,474.01,474.15,37068,0
DIA.US,5,20251027,160500,474.13,474.14,473.88,473.94,28609,0
DIA.US,5,20251027,161000,473.98,474.14,473.9,474.11,24847,0
DIA.US,5,20251027,161500,474.15,474.15,473.88,474.12,25352,0
DIA.US,5,20251027,162000,474.1,474.2,474.05,474.16,25713,0
DIA.US,5,20251027,162500,474.17,474.47,474.15,474.44,48535,0
DIA.US,5,20251027,163000,474.48,474.61,474.4,474.61,20473,0
DIA.US,5,20251027,163500,474.62,474.64,474.49,474.6,16361,0
DIA.US,5,20251027,164000,474.58,474.75,474.57,474.64,36731,0
DIA.US,5,20251027,164500,474.62,474.63,474.295,474.31,40438,0
DIA.US,5,20251027,165000,474.34,474.46,474.24,474.41,18256,0
DIA.US,5,20251027,165500,474.41,474.62,474.4,474.59,30732,0
DIA.US,5,20251027,170000,474.59,474.72,474.54,474.61,28516,0
DIA.US,5,20251027,170500,474.61,474.76,474.56,474.635,21900,0
DIA.US,5,20251027,171000,474.62,474.63,474.44,474.51,12327,0
DIA.US,5,20251027,171500,474.5,474.53,474.37,474.38,13744,0
DIA.US,5,20251027,172000,474.38,474.46,474.31,474.42,20822,0
DIA.US,5,20251027,172500,474.41,474.44,474.26,474.34,16544,0
DIA.US,5,20251027,173000,474.39,474.53,474.35,474.525,19413,0
DIA.US,5,20251027,173500,474.49,474.52,474.42,474.42,26531,0
DIA.US,5,20251027,174000,474.41,474.56,474.3944,474.545,21236,0
DIA.US,5,20251027,174500,474.54,474.62,474.49,474.6,19047,0
DIA.US,5,20251027,175000,474.58,474.71,474.57,474.61,35041,0
DIA.US,5,20251027,175500,474.61,474.62,474.51,474.53,13980,0
DIA.US,5,20251027,180000,474.53,474.57,474.435,474.49,14319,0
DIA.US,5,20251027,180500,474.48,474.49,474.255,474.265,26917,0
DIA.US,5,20251027,181000,474.22,474.25,474.135,474.19,23967,0
DIA.US,5,20251027,181500,474.22,474.22,473.88,473.94,16637,0
DIA.US,5,20251027,182000,473.92,473.925,473.77,473.84,16300,0
DIA.US,5,20251027,182500,473.83,474.11,473.775,474.09,99716,0
DIA.US,5,20251027,183000,474.1,474.16,473.975,474.145,15108,0
DIA.US,5,20251027,183500,474.14,474.31,474.055,474.31,18398,0
DIA.US,5,20251027,184000,474.31,474.37,474.24,474.35,23604,0
DIA.US,5,20251027,184500,474.33,474.37,474.28,474.29,16281,0
DIA.US,5,20251027,185000,474.28,474.31,474.22,474.3,13991,0
DIA.US,5,20251027,185500,474.3,474.4,474.3,474.335,12060,0
DIA.US,5,20251027,190000,474.34,474.365,474.17,474.23,19137,0
DIA.US,5,20251027,190500,474.23,474.31,474.22,474.25,11839,0
DIA.US,5,20251027,191000,474.29,474.29,474.14,474.15,15350,0
DIA.US,5,20251027,191500,474.16,474.22,474.11,474.19,14766,0
DIA.US,5,20251027,192000,474.18,474.35,474.18,474.29,15114,0
DIA.US,5,20251027,192500,474.27,474.315,474.1701,474.24,10970,0
DIA.US,5,20251027,193000,474.3,474.47,474.292,474.47,10847,0
DIA.US,5,20251027,193500,474.46,474.5,474.39,474.46,16725,0
DIA.US,5,20251027,194000,474.49,474.49,474.36,474.36,16829,0
DIA.US,5,20251027,194500,474.38,474.44,474.3,474.42,25577,0
DIA.US,5,20251027,195000,474.4313,474.45,474.33,474.42,12101,0
DIA.US,5,20251027,195500,474.42,474.57,474.42,474.45,19323,0
DIA.US,5,20251027,200000,474.45,474.53,474.43,474.47,13636,0
DIA.US,5,20251027,200500,474.45,474.55,474.43,474.45,10459,0
DIA.US,5,20251027,201000,474.46,474.57,474.46,474.53,16896,0
DIA.US,5,20251027,201500,474.53,474.57,474.36,474.36,49701,0
DIA.US,5,20251027,202000,474.37,474.57,474.37,474.55,32428,0
DIA.US,5,20251027,202500,474.54,474.735,474.52,474.7226,25143,0
DIA.US,5,20251027,203000,474.74,474.915,474.735,474.86,36499,0
DIA.US,5,20251027,203500,474.8601,475.1801,474.83,475.16,57655,0
DIA.US,5,20251027,204000,475.15,475.2,475.05,475.13,39299,0
DIA.US,5,20251027,204500,475.13,475.39,475.11,475.28,81120,0
DIA.US,5,20251027,205000,475.3,475.38,475.1,475.31,176791,0
DIA.US,5,20251027,205500,475.31,475.62,475.28,475.34,239810,0
DIA.US,5,20251028,143000,478.8,479.14,477.93,478.41,361830,0
DIA.US,5,20251028,143500,478.39,478.66,477.54,477.58,337105,0
DIA.US,5,20251028,144000,477.6,477.67,477.09,477.12,217116,0
DIA.US,5,20251028,144500,477.17,477.26,476.84,477.14,171481,0
DIA.US,5,20251028,145000,477.12,477.72,476.95,477.58,122907,0
DIA.US,5,20251028,145500,477.58,478.22,477.27,477.415,260671,0
DIA.US,5,20251028,150000,477.31,477.69,477.27,477.62,95795,0
DIA.US,5,20251028,150500,477.61,477.67,477.17,477.46,85485,0
DIA.US,5,20251028,151000,477.47,477.675,477.17,477.19,139343,0
DIA.US,5,20251028,151500,477.19,477.86,477.18,477.58,187884,0
DIA.US,5,20251028,152000,477.575,477.75,477.41,477.5,108906,0
DIA.US,5,20251028,152500,477.47,478.035,477.42,477.97,96110,0
DIA.US,5,20251028,153000,477.95,478.26,477.94,478.17,119224,0
DIA.US,5,20251028,153500,478.175,478.58,478.09,478.42,117647,0
DIA.US,5,20251028,154000,478.41,478.45,478.22,478.35,75785,0
DIA.US,5,20251028,154500,478.34,478.465,478.28,478.335,56284,0
DIA.US,5,20251028,155000,478.335,478.54,477.98,478.06,61460,0
DIA.US,5,20251028,155500,478.06,478.08,477.73,477.81,65218,0
DIA.US,5,20251028,160000,477.81,477.92,477.7,477.82,106266,0
DIA.US,5,20251028,160500,477.81,478.14,477.755,477.975,50473,0
DIA.US,5,20251028,161000,477.965,478.015,477.76,477.91,49695,0
DIA.US,5,20251028,161500,477.9,478.21,477.87,478.04,60510,0
DIA.US,5,20251028,162000,478.03,478.05,477.65,477.68,71436,0
DIA.US,5,20251028,162500,477.69,477.7,477.24,477.32,58821,0
DIA.US,5,20251028,163000,477.3,477.44,477.22,477.22,44825,0
DIA.US,5,20251028,163500,477.22,477.33,477.03,477.295,63805,0
DIA.US,5,20251028,164000,477.3,477.31,476.96,477.01,57601,0
DIA.US,5,20251028,164500,476.985,477,476.815,476.92,75958,0
DIA.US,5,20251028,165000,476.905,477.17,476.9,477.06,39162,0
DIA.US,5,20251028,165500,477.06,477.18,476.9518,477.11,28750,0
DIA.US,5,20251028,170000,477.105,477.36,477.105,477.26,31392,0
DIA.US,5,20251028,170500,477.27,477.555,477.18,477.4,41051,0
DIA.US,5,20251028,171000,477.38,477.4,477.235,477.26,25522,0
DIA.US,5,20251028,171500,477.34,477.435,477.23,477.3101,28523,0
DIA.US,5,20251028,172000,477.29,477.31,477.1,477.24,27438,0
DIA.US,5,20251028,172500,477.25,477.68,477.25,477.68,30829,0
DIA.US,5,20251028,173000,477.68,478.59,477.62,478.2,175652,0
DIA.US,5,20251028,173500,478.19,478.23,477.75,477.75,50059,0
DIA.US,5,20251028,174000,477.73,478.01,477.68,477.98,38945,0
DIA.US,5,20251028,174500,477.98,478.215,477.97,478.08,44637,0
DIA.US,5,20251028,175000,478.04,478.47,478.04,478.44,40053,0
DIA.US,5,20251028,175500,478.42,478.765,478.39,478.7,75194,0
DIA.US,5,20251028,180000,478.6887,479.34,478.6887,479.28,119185,0
DIA.US,5,20251028,180500,479.28,479.37,479.06,479.27,67937,0
DIA.US,5,20251028,181000,479.27,479.28,478.86,478.89,66651,0
DIA.US,5,20251028,181500,478.9,479.06,478.84,478.915,73654,0
DIA.US,5,20251028,182000,478.88,479.11,478.85,479.08,23046,0
DIA.US,5,20251028,182500,479.08,479.08,478.7,478.745,22956,0
DIA.US,5,20251028,183000,478.75,478.795,478.55,478.69,34274,0
DIA.US,5,20251028,183500,478.67,478.76,478.5,478.53,39506,0
DIA.US,5,20251028,184000,478.54,478.745,478.51,478.62,84915,0
DIA.US,5,20251028,184500,478.62,478.85,478.495,478.75,50990,0
DIA.US,5,20251028,185000,478.75,479,478.73,478.755,29593,0
DIA.US,5,20251028,185500,478.755,478.765,478.595,478.65,36933,0
DIA.US,5,20251028,190000,478.7,478.79,478.64,478.78,33486,0
DIA.US,5,20251028,190500,478.78,478.8,478.695,478.76,45652,0
DIA.US,5,20251028,191000,478.77,479.03,478.74,479.01,30216,0
DIA.US,5,20251028,191500,479.01,479.38,479,479.38,41332,0
DIA.US,5,20251028,192000,479.39,479.405,479.19,479.2,26038,0
DIA.US,5,20251028,192500,479.19,479.19,478.91,478.96,21309,0
DIA.US,5,20251028,193000,478.94,478.94,478.655,478.665,31606,0
DIA.US,5,20251028,193500,478.6,478.6,478.4356,478.45,17034,0
DIA.US,5,20251028,194000,478.45,478.6,478.44,478.53,28279,0
DIA.US,5,20251028,194500,478.52,478.52,478.31,478.44,23253,0
DIA.US,5,20251028,195000,478.45,478.65,478.44,478.65,25340,0
DIA.US,5,20251028,195500,478.64,478.68,478.5,478.5,26209,0
DIA.US,5,20251028,200000,478.49,478.49,478.29,478.32,52308,0
DIA.US,5,20251028,200500,478.33,478.34,478.05,478.115,40867,0
DIA.US,5,20251028,201000,478.12,478.19,477.99,478.1,49053,0
DIA.US,5,20251028,201500,478.095,478.13,478.02,478.08,34025,0
DIA.US,5,20251028,202000,478.07,478.08,477.96,478.06,26811,0
DIA.US,5,20251028,202500,478.09,478.45,477.97,478.34,64204,0
DIA.US,5,20251028,203000,478.34,478.34,477.89,477.9499,63651,0
DIA.US,5,20251028,203500,477.9601,477.98,477.5,477.53,68632,0
DIA.US,5,20251028,204000,477.52,477.57,477.28,477.3,83450,0
DIA.US,5,20251028,204500,477.31,477.43,477.1,477.14,114871,0
DIA.US,5,20251028,205000,477.12,477.325,476.91,477.27,244796,0
DIA.US,5,20251028,205500,477.28,477.65,477.12,477.16,390273,0
DIA.US,5,20251029,143000,478.65,479,477.795,478.58,370512,0
DIA.US,5,20251029,143500,478.605,479.13,478.37,479.08,341674,0
DIA.US,5,20251029,144000,479.09,479.89,478.99,479.875,200645,0
DIA.US,5,20251029,144500,479.9,480.08,479.32,479.39,327637,0
DIA.US,5,20251029,145000,479.37,480.39,479.3,480.29,197799,0
DIA.US,5,20251029,145500,480.26,480.28,479.89,479.93,70692,0
DIA.US,5,20251029,150000,480.02,480.025,479.39,479.58,71593,0
DIA.US,5,20251029,150500,479.54,479.72,479.325,479.37,84123,0
DIA.US,5,20251029,151000,479.4,479.54,479.085,479.36,113839,0
DIA.US,5,20251029,151500,479.35,479.43,479.04,479.14,99924,0
DIA.US,5,20251029,152000,479.14,479.76,479.08,479.69,74183,0
DIA.US,5,20251029,152500,479.7,479.8496,479.57,479.77,53388,0
DIA.US,5,20251029,153000,479.74,479.85,479.35,479.38,34553,0
DIA.US,5,20251029,153500,479.38,479.53,479.11,479.35,36276,0
DIA.US,5,20251029,154000,479.35,479.56,479.16,479.19,66094,0
DIA.US,5,20251029,154500,479.22,479.445,479.14,479.2,54429,0
DIA.US,5,20251029,155000,479.23,479.52,478.9,479.42,85917,0
DIA.US,5,20251029,155500,479.41,479.56,479.18,479.53,39372,0
DIA.US,5,20251029,160000,479.53,479.63,479.35,479.36,46250,0
DIA.US,5,20251029,160500,479.41,479.86,479.395,479.755,66747,0
DIA.US,5,20251029,161000,479.78,479.87,479.69,479.75,52554,0
DIA.US,5,20251029,161500,479.73,479.82,479.62,479.66,34213,0
DIA.US,5,20251029,162000,479.625,479.64,479.46,479.57,38939,0
DIA.US,5,20251029,162500,479.59,479.62,479.21,479.24,57850,0
DIA.US,5,20251029,163000,479.26,479.455,479.21,479.3,39821,0
DIA.US,5,20251029,163500,479.28,479.56,479.27,479.53,45536,0
DIA.US,5,20251029,164000,479.51,479.66,479.43,479.655,35437,0
DIA.US,5,20251029,164500,479.67,479.85,479.48,479.59,63604,0
DIA.US,5,20251029,165000,479.61,479.65,479.42,479.565,38604,0
DIA.US,5,20251029,165500,479.57,479.61,479.21,479.21,34580,0
DIA.US,5,20251029,170000,479.2,479.41,479.1,479.165,56212,0
DIA.US,5,20251029,170500,479.21,479.71,479.205,479.69,66350,0
DIA.US,5,20251029,171000,479.72,479.73,479.57,479.625,27719,0
DIA.US,5,20251029,171500,479.61,479.97,479.58,479.97,52499,0
DIA.US,5,20251029,172000,479.975,480.115,479.69,479.81,53063,0
DIA.US,5,20251029,172500,479.8,479.88,479.61,479.79,50696,0
DIA.US,5,20251029,173000,479.79,479.87,479.72,479.79,41863,0
DIA.US,5,20251029,173500,479.78,479.925,479.72,479.84,25029,0
DIA.US,5,20251029,174000,479.84,479.985,479.54,479.59,52256,0
DIA.US,5,20251029,174500,479.6,479.77,479.58,479.75,36969,0
DIA.US,5,20251029,175000,479.74,479.79,479.66,479.79,14598,0
DIA.US,5,20251029,175500,479.82,479.86,479.61,479.655,24814,0
DIA.US,5,20251029,180000,479.67,479.71,479.24,479.29,24773,0
DIA.US,5,20251029,180500,479.3,479.31,479.18,479.23,28722,0
DIA.US,5,20251029,181000,479.2,479.35,479.07,479.345,12976,0
DIA.US,5,20251029,181500,479.32,479.52,479.18,479.18,22117,0
DIA.US,5,20251029,182000,479.15,479.18,478.785,478.785,30371,0
DIA.US,5,20251029,182500,478.76,478.76,478.51,478.71,24655,0
DIA.US,5,20251029,183000,478.66,478.66,478.32,478.43,21285,0
DIA.US,5,20251029,183500,478.47,478.52,478.34,478.375,37684,0
DIA.US,5,20251029,184000,478.36,478.4,478.22,478.27,30935,0
DIA.US,5,20251029,184500,478.25,478.48,478.2,478.445,18303,0
DIA.US,5,20251029,185000,478.45,478.51,478.34,478.39,24898,0
DIA.US,5,20251029,185500,478.395,478.43,478.13,478.265,23144,0
DIA.US,5,20251029,190000,478.41,478.78,477.94,478.37,104182,0
DIA.US,5,20251029,190500,478.33,478.7,477.88,478.63,57846,0
DIA.US,5,20251029,191000,478.5,478.705,478,478,27795,0
DIA.US,5,20251029,191500,478.02,478.41,477.87,478.31,28943,0
DIA.US,5,20251029,192000,478.33,478.33,477.78,478.08,42961,0
DIA.US,5,20251029,192500,478.05,478.26,477.905,478.26,21461,0
DIA.US,5,20251029,193000,478.24,478.62,478.1166,478.5,59584,0
DIA.US,5,20251029,193500,478.49,478.51,475.39,475.58,226548,0
DIA.US,5,20251029,194000,475.57,476.01,474.6,475.15,221552,0
DIA.US,5,20251029,194500,475.17,475.95,474.77,475.6,203181,0
DIA.US,5,20251029,195000,475.59,476.72,475.59,476.39,160920,0
DIA.US,5,20251029,195500,476.51,477.07,476.25,476.57,116151,0
DIA.US,5,20251029,200000,476.58,476.95,475.57,475.78,122732,0
DIA.US,5,20251029,200500,475.78,476.95,475.75,476.555,70588,0
DIA.US,5,20251029,201000,476.47,476.94,476.175,476.23,91990,0
DIA.US,5,20251029,201500,476.28,476.44,475.6,476.05,58344,0
DIA.US,5,20251029,202000,475.99,476.29,475.66,475.83,73093,0
DIA.US,5,20251029,202500,475.78,476.45,475.5,475.55,111692,0
DIA.US,5,20251029,203000,475.55,475.72,474.98,475.14,73580,0
DIA.US,5,20251029,203500,475.14,475.14,474.49,475.055,99936,0
DIA.US,5,20251029,204000,475.05,475.31,474.7,475.31,100531,0
DIA.US,5,20251029,204500,475.27,476.14,475.27,475.68,74917,0
DIA.US,5,20251029,205000,475.73,476.35,475.73,475.93,175621,0
DIA.US,5,20251029,205500,475.92,476.52,475.92,476.52,226700,0
DIA.US,5,20251030,143000,474.1,476.09,473.91,475.965,211353,0
DIA.US,5,20251030,143500,475.93,475.97,475.13,475.82,199743,0
DIA.US,5,20251030,144000,475.8,476.7,475.54,476.625,161949,0
DIA.US,5,20251030,144500,476.64,477.76,476.43,477.57,139915,0
DIA.US,5,20251030,145000,477.54,478.43,477.44,478.19,199670,0
DIA.US,5,20251030,145500,478.22,478.65,478,478.36,161576,0
DIA.US,5,20251030,150000,478.34,478.57,477.78,477.95,182918,0
DIA.US,5,20251030,150500,477.93,478.78,477.91,478.4,133402,0
DIA.US,5,20251030,151000,478.4,478.76,477.99,478.45,148968,0
DIA.US,5,20251030,151500,478.44,478.74,478.12,478.46,123802,0
DIA.US,5,20251030,152000,478.42,479.04,478.15,478.77,164695,0
DIA.US,5,20251030,152500,478.76,479,478.38,478.49,121027,0
DIA.US,5,20251030,153000,478.5,479.21,478.5,479.17,121722,0
DIA.US,5,20251030,153500,479.16,479.57,479.03,479.05,133397,0
DIA.US,5,20251030,154000,479.07,479.92,479.07,479.52,94239,0
DIA.US,5,20251030,154500,479.53,479.67,478.98,479.25,91653,0
DIA.US,5,20251030,155000,479.25,479.34,478.74,479.27,73232,0
DIA.US,5,20251030,155500,479.25,479.58,479.15,479.47,84050,0
DIA.US,5,20251030,160000,479.5,479.88,479.5,479.8,52791,0
DIA.US,5,20251030,160500,479.78,479.94,479.56,479.77,91571,0
DIA.US,5,20251030,161000,479.78,480.03,479.66,479.87,63193,0
DIA.US,5,20251030,161500,479.85,480.12,479.59,479.95,75274,0
DIA.US,5,20251030,162000,479.98,480.15,479.79,479.855,85498,0
DIA.US,5,20251030,162500,479.84,479.84,479.24,479.27,82836,0
DIA.US,5,20251030,163000,479.27,479.37,479.07,479.16,52104,0
DIA.US,5,20251030,163500,479.1,479.14,478.47,478.51,83443,0
DIA.US,5,20251030,164000,478.495,478.51,478.06,478.14,143426,0
DIA.US,5,20251030,164500,478.1,478.37,477.88,478.22,82101,0
DIA.US,5,20251030,165000,478.22,478.42,478.11,478.42,45860,0
DIA.US,5,20251030,165500,478.42,478.82,478.34,478.46,65670,0
DIA.US,5,20251030,170000,478.45,478.61,478.21,478.6,64759,0
DIA.US,5,20251030,170500,478.61,478.87,478.5,478.85,54729,0
DIA.US,5,20251030,171000,478.84,478.96,478.6,478.9,65974,0
DIA.US,5,20251030,171500,478.89,478.9,478.63,478.645,42273,0
DIA.US,5,20251030,172000,478.63,478.77,478.38,478.695,44749,0
DIA.US,5,20251030,172500,478.7,478.81,478.48,478.71,26139,0
DIA.US,5,20251030,173000,478.7,478.71,478.07,478.09,51233,0
DIA.US,5,20251030,173500,478.09,478.14,477.84,478.04,99499,0
DIA.US,5,20251030,174000,478.04,478.08,477.81,478.08,59720,0
DIA.US,5,20251030,174500,478.04,478.16,477.93,478.02,56221,0
DIA.US,5,20251030,175000,478.03,478.23,477.9325,478.13,36213,0
DIA.US,5,20251030,175500,478.12,478.3,478.06,478.13,42938,0
DIA.US,5,20251030,180000,478.1,478.1,477.58,477.65,37835,0
DIA.US,5,20251030,180500,477.685,477.685,477.2,477.39,96201,0
DIA.US,5,20251030,181000,477.33,477.55,477.16,477.455,46235,0
DIA.US,5,20251030,181500,477.46,477.6756,477.34,477.55,18688,0
DIA.US,5,20251030,182000,477.53,477.7,477.24,477.67,40246,0
DIA.US,5,20251030,182500,477.69,478.11,477.69,477.97,51470,0
DIA.US,5,20251030,183000,477.97,477.97,477.74,477.79,141834,0
DIA.US,5,20251030,183500,477.8,477.83,477.37,477.6,42682,0
DIA.US,5,20251030,184000,477.6,477.63,477.26,477.42,33955,0
DIA.US,5,20251030,184500,477.43,477.89,477.41,477.89,41101,0
DIA.US,5,20251030,185000,477.89,477.99,477.67,477.91,35099,0
DIA.US,5,20251030,185500,477.88,477.96,477.69,477.9,34005,0
DIA.US,5,20251030,190000,477.9,477.96,477.5,477.53,38371,0
DIA.US,5,20251030,190500,477.54,477.6,477.21,477.38,34905,0
DIA.US,5,20251030,191000,477.36,477.44,477.01,477.09,36607,0
DIA.US,5,20251030,191500,477.03,477.0625,476.765,477.03,56120,0
DIA.US,5,20251030,192000,477.03,477.22,476.82,476.87,40116,0
DIA.US,5,20251030,192500,476.89,477.24,476.88,477.02,35072,0
DIA.US,5,20251030,193000,477.02,477.31,476.94,476.94,40247,0
DIA.US,5,20251030,193500,476.96,476.97,476.4,476.45,48586,0
DIA.US,5,20251030,194000,476.48,476.71,476.29,476.59,59500,0
DIA.US,5,20251030,194500,476.59,476.97,476.59,476.75,29931,0
DIA.US,5,20251030,195000,476.71,476.86,476.51,476.85,33083,0
DIA.US,5,20251030,195500,476.84,476.89,476.3,476.35,38250,0
DIA.US,5,20251030,200000,476.35,476.43,476.08,476.1,56519,0
DIA.US,5,20251030,200500,476.07,476.3,475.8,476.25,61681,0
DIA.US,5,20251030,201000,476.21,476.32,476.08,476.1,45637,0
DIA.US,5,20251030,201500,476.11,476.215,475.87,476.06,64228,0
DIA.US,5,20251030,202000,476.03,476.03,475.28,475.71,64700,0
DIA.US,5,20251030,202500,475.72,475.895,475.62,475.83,70529,0
DIA.US,5,20251030,203000,475.83,476.19,475.83,475.86,71379,0
DIA.US,5,20251030,203500,475.87,475.87,475.41,475.44,52417,0
DIA.US,5,20251030,204000,475.445,475.58,475.22,475.23,58311,0
DIA.US,5,20251030,204500,475.26,475.36,475.01,475.16,117586,0
DIA.US,5,20251030,205000,475.15,475.47,474.95,475.12,221952,0
DIA.US,5,20251030,205500,475.12,475.3,474.89,475.04,277660,0
DIA.US,5,20251031,143000,475.86,476.14,475.32,475.63,185352,0
DIA.US,5,20251031,143500,475.61,475.89,475.36,475.85,120339,0
DIA.US,5,20251031,144000,475.8,475.83,474.78,475.275,113194,0
DIA.US,5,20251031,144500,475.36,475.75,475.27,475.74,70127,0
DIA.US,5,20251031,145000,475.75,476.33,475.7355,476.1,104180,0
DIA.US,5,20251031,145500,476.12,476.13,475.61,475.84,77548,0
DIA.US,5,20251031,150000,475.9,476.04,475.36,475.44,86103,0
DIA.US,5,20251031,150500,475.42,475.81,475.22,475.46,115429,0
DIA.US,5,20251031,151000,475.45,475.65,475,475.34,90486,0
DIA.US,5,20251031,151500,475.32,475.83,475.32,475.49,83952,0
DIA.US,5,20251031,152000,475.54,475.55,474.87,475.48,105438,0
DIA.US,5,20251031,152500,475.47,475.68,475.38,475.48,74443,0
DIA.US,5,20251031,153000,475.45,475.635,475.34,475.545,74200,0
DIA.US,5,20251031,153500,475.555,475.96,475.53,475.9,46643,0
DIA.US,5,20251031,154000,475.91,476.43,475.785,476.285,56864,0
DIA.US,5,20251031,154500,476.33,476.68,476.23,476.23,87032,0
DIA.US,5,20251031,155000,476.2,476.43,476.1,476.2599,87373,0
DIA.US,5,20251031,155500,476.24,476.27,476,476.05,32700,0
DIA.US,5,20251031,160000,476.07,476.23,475.84,475.88,34386,0
DIA.US,5,20251031,160500,475.9,476.02,475.59,475.76,37980,0
DIA.US,5,20251031,161000,475.735,475.98,475.7,475.81,35605,0
DIA.US,5,20251031,161500,475.815,476.37,475.81,476.37,32503,0
DIA.US,5,20251031,162000,476.32,476.4,476.11,476.165,59930,0
DIA.US,5,20251031,162500,476.12,476.13,475.7,475.78,27135,0
DIA.US,5,20251031,163000,475.81,476.09,475.72,475.89,36469,0
DIA.US,5,20251031,163500,475.89,475.89,475.3,475.32,51084,0
DIA.US,5,20251031,164000,475.32,475.34,474.66,475.06,89292,0
DIA.US,5,20251031,164500,475.07,475.83,474.97,475.09,177207,0
DIA.US,5,20251031,165000,475.09,475.49,474.95,475.21,46741,0
DIA.US,5,20251031,165500,475.22,475.28,474.96,475.06,40616,0
DIA.US,5,20251031,170000,475.04,475.085,474.8,474.93,38180,0
DIA.US,5,20251031,170500,474.97,475.36,474.81,474.81,33124,0
DIA.US,5,20251031,171000,474.85,475.07,474.74,474.87,42083,0
DIA.US,5,20251031,171500,474.86,474.86,474.41,474.49,45254,0
DIA.US,5,20251031,172000,474.49,474.76,474.4,474.75,60445,0
DIA.US,5,20251031,172500,474.74,475.23,474.7,475.17,49760,0
DIA.US,5,20251031,173000,475.17,475.63,475.15,475.419,57370,0
DIA.US,5,20251031,173500,475.39,475.53,475.25,475.35,39876,0
DIA.US,5,20251031,174000,475.34,475.34,474.8,474.93,57423,0
DIA.US,5,20251031,174500,474.95,475.1,474.7348,474.96,43006,0
DIA.US,5,20251031,175000,474.91,474.91,474.41,474.42,31832,0
DIA.US,5,20251031,175500,474.465,474.56,474.02,474.18,70096,0
DIA.US,5,20251031,180000,474.14,474.6,474.09,474.15,46357,0
DIA.US,5,20251031,180500,474.15,474.41,474.06,474.3,44381,0
DIA.US,5,20251031,181000,474.26,474.34,473.82,473.91,59684,0
DIA.US,5,20251031,181500,473.89,473.91,473.6,473.68,49582,0
DIA.US,5,20251031,182000,473.63,473.77,473.42,473.72,34966,0
DIA.US,5,20251031,182500,473.77,473.93,473.69,473.74,39200,0
DIA.US,5,20251031,183000,473.74,474.2,473.72,473.76,48046,0
DIA.US,5,20251031,183500,473.77,473.92,473.42,473.67,39567,0
DIA.US,5,20251031,184000,473.675,474.23,473.55,474.19,46209,0
DIA.US,5,20251031,184500,474.23,474.41,474.15,474.4,54121,0
DIA.US,5,20251031,185000,474.41,474.57,474.23,474.53,18537,0
DIA.US,5,20251031,185500,474.535,474.56,474.28,474.39,22241,0
DIA.US,5,20251031,190000,474.4,474.99,474.36,474.96,36594,0
DIA.US,5,20251031,190500,475.02,475.23,474.795,475.14,26112,0
DIA.US,5,20251031,191000,475.17,475.4,475.07,475.29,31375,0
DIA.US,5,20251031,191500,475.3,475.32,475.04,475.21,36902,0
DIA.US,5,20251031,192000,475.18,475.67,475.14,475.63,23855,0
DIA.US,5,20251031,192500,475.65,475.68,475.41,475.53,38967,0
DIA.US,5,20251031,193000,475.54,475.67,475.485,475.65,38496,0
DIA.US,5,20251031,193500,475.64,475.74,475.52,475.69,32681,0
DIA.US,5,20251031,194000,475.67,475.74,475.54,475.64,16992,0
DIA.US,5,20251031,194500,475.65,475.66,475.53,475.58,17973,0
DIA.US,5,20251031,195000,475.58,475.62,475.37,475.45,24434,0
DIA.US,5,20251031,195500,475.45,476.13,475.43,476.075,50720,0
DIA.US,5,20251031,200000,476.05,476.16,475.77,475.87,70136,0
DIA.US,5,20251031,200500,475.83,475.93,475.755,475.855,29851,0
DIA.US,5,20251031,201000,475.86,476.03,475.83,475.97,36002,0
DIA.US,5,20251031,201500,475.96,476.19,475.93,476.16,37848,0
DIA.US,5,20251031,202000,476.18,476.64,476.17,476.52,80158,0
DIA.US,5,20251031,202500,476.53,476.72,476.43,476.71,69615,0
DIA.US,5,20251031,203000,476.69,477.08,476.58,477.07,90463,0
DIA.US,5,20251031,203500,477.07,477.09,476.75,476.76,51006,0
DIA.US,5,20251031,204000,476.78,477.14,476.75,477.11,59060,0
DIA.US,5,20251031,204500,477.1001,477.16,476.62,476.6501,116539,0
DIA.US,5,20251031,205000,476.67,477.04,476.335,476.39,170587,0
DIA.US,5,20251031,205500,476.39,476.39,475.6,475.6,293378,0
DIA.US,5,20251103,153000,476.16,476.3,475.26,475.44,232778,0
DIA.US,5,20251103,153500,475.37,475.56,474.92,475.09,121078,0
DIA.US,5,20251103,154000,475.1,475.11,474.65,474.77,81265,0
DIA.US,5,20251103,154500,474.73,474.88,474.43,474.6,73313,0
DIA.US,5,20251103,155000,474.58,474.655,473.7,473.72,102994,0
DIA.US,5,20251103,155500,473.708,473.895,473.6,473.825,147419,0
DIA.US,5,20251103,160000,473.93,473.975,473.3501,473.61,40716,0
DIA.US,5,20251103,160500,473.62,474.17,473.41,474.1,95414,0
DIA.US,5,20251103,161000,474.09,474.16,473.485,473.51,88783,0
DIA.US,5,20251103,161500,473.5,473.565,472.88,473.0201,74271,0
DIA.US,5,20251103,162000,473.04,473.14,472.57,472.62,46319,0
DIA.US,5,20251103,162500,472.61,472.62,471.63,471.7,85826,0
DIA.US,5,20251103,163000,471.71,471.72,471.3,471.61,72212,0
DIA.US,5,20251103,163500,471.61,472.28,471.5,472.27,94445,0
DIA.US,5,20251103,164000,472.27,472.95,472.26,472.75,117191,0
DIA.US,5,20251103,164500,472.765,472.92,472.45,472.65,89522,0
DIA.US,5,20251103,165000,472.66,473.35,472.66,473.055,68094,0
DIA.US,5,20251103,165500,473.05,473.7,473.04,473.47,70535,0
DIA.US,5,20251103,170000,473.46,473.73,473.38,473.52,53053,0
DIA.US,5,20251103,170500,473.54,473.79,473.41,473.7144,44433,0
DIA.US,5,20251103,171000,473.69,473.69,473.22,473.61,50613,0
DIA.US,5,20251103,171500,473.6,473.8,473.42,473.705,30994,0
DIA.US,5,20251103,172000,473.73,473.92,473.57,473.7,31733,0
DIA.US,5,20251103,172500,473.69,473.77,473.4,473.5,32475,0
DIA.US,5,20251103,173000,473.51,474.322,473.51,474.23,52447,0
DIA.US,5,20251103,173500,474.24,474.3,473.94,474.19,34824,0
DIA.US,5,20251103,174000,474.19,474.27,473.98,474.01,24331,0
DIA.US,5,20251103,174500,474.02,474.06,473.64,473.66,34631,0
DIA.US,5,20251103,175000,473.655,473.77,473.465,473.75,32292,0
DIA.US,5,20251103,175500,473.725,474.125,473.65,474.03,34772,0
DIA.US,5,20251103,180000,473.98,473.98,473.56,473.72,29679,0
DIA.US,5,20251103,180500,473.73,474.0699,473.63,473.93,33022,0
DIA.US,5,20251103,181000,473.91,474.1,473.87,474.055,32468,0
DIA.US,5,20251103,181500,474.07,474.26,473.93,474.14,33069,0
DIA.US,5,20251103,182000,474.15,474.27,473.78,473.82,31770,0
DIA.US,5,20251103,182500,473.76,473.76,473.17,473.47,43819,0
DIA.US,5,20251103,183000,473.45,474,473.4355,473.85,31390,0
DIA.US,5,20251103,183500,473.85,474.02,473.71,473.82,21163,0
DIA.US,5,20251103,184000,473.82,474,473.72,473.8,30400,0
DIA.US,5,20251103,184500,473.82,473.92,473.69,473.765,19567,0
DIA.US,5,20251103,185000,473.755,473.84,473.635,473.69,17716,0
DIA.US,5,20251103,185500,473.685,473.732,473.57,473.625,18633,0
DIA.US,5,20251103,190000,473.625,473.71,473.49,473.7,23470,0
DIA.US,5,20251103,190500,473.7,473.89,473.67,473.82,15610,0
DIA.US,5,20251103,191000,473.83,473.87,473.71,473.77,16402,0
DIA.US,5,20251103,191500,473.74,473.89,473.72,473.85,12828,0
DIA.US,5,20251103,192000,473.855,473.875,473.48,473.49,22710,0
DIA.US,5,20251103,192500,473.48,473.51,473.23,473.32,15931,0
DIA.US,5,20251103,193000,473.33,473.8,473.33,473.73,19468,0
DIA.US,5,20251103,193500,473.71,473.77,473.63,473.67,20557,0
DIA.US,5,20251103,194000,473.67,473.78,473.52,473.76,12601,0
DIA.US,5,20251103,194500,473.755,473.77,473.455,473.46,19109,0
DIA.US,5,20251103,195000,473.44,473.585,473.35,473.56,26662,0
DIA.US,5,20251103,195500,473.56,473.805,473.5,473.63,16273,0
DIA.US,5,20251103,200000,473.66,473.87,473.38,473.495,64576,0
DIA.US,5,20251103,200500,473.5,473.76,473.48,473.63,20829,0
DIA.US,5,20251103,201000,473.64,473.8,473.51,473.63,18134,0
DIA.US,5,20251103,201500,473.61,473.84,473.61,473.72,13491,0
DIA.US,5,20251103,202000,473.73,473.91,473.73,473.82,21454,0
DIA.US,5,20251103,202500,473.8,474.08,473.735,473.93,21719,0
DIA.US,5,20251103,203000,473.92,474.08,473.84,474.035,22087,0
DIA.US,5,20251103,203500,474.035,474.05,473.82,473.83,19539,0
DIA.US,5,20251103,204000,473.83,473.85,473.37,473.67,41574,0
DIA.US,5,20251103,204500,473.69,473.77,473.565,473.65,17264,0
DIA.US,5,20251103,205000,473.661,473.68,473.44,473.58,19617,0
DIA.US,5,20251103,205500,473.5842,473.6,473.32,473.39,19419,0
DIA.US,5,20251103,210000,473.4,473.63,473.39,473.59,38290,0
DIA.US,5,20251103,210500,473.585,473.63,473.35,473.35,27221,0
DIA.US,5,20251103,211000,473.33,473.44,473.2,473.44,34533,0
DIA.US,5,20251103,211500,473.45,473.58,473.41,473.53,32190,0
DIA.US,5,20251103,212000,473.5,473.58,473.42,473.47,21616,0
DIA.US,5,20251103,212500,473.45,473.63,473.43,473.5,26312,0
DIA.US,5,20251103,213000,473.52,473.52,473.13,473.16,36402,0
DIA.US,5,20251103,213500,473.15,473.36,473.15,473.34,40001,0
DIA.US,5,20251103,214000,473.34,473.43,473.24,473.345,41123,0
DIA.US,5,20251103,214500,473.39,473.395,472.895,472.92,73381,0
DIA.US,5,20251103,215000,472.9,473.155,472.84,473.09,135166,0
DIA.US,5,20251103,215500,473.09,473.49,473.07,473.47,223151,0
DIA.US,5,20251104,153000,470.42,470.73,468.9,468.92,422450,0
DIA.US,5,20251104,153500,468.92,469.59,468.8,469.39,310564,0
DIA.US,5,20251104,154000,469.35,470.68,469.1,470.55,154388,0
DIA.US,5,20251104,154500,470.56,471.2,470.32,470.85,146805,0
DIA.US,5,20251104,155000,470.86,471.26,470.725,471.18,66492,0
DIA.US,5,20251104,155500,471.21,471.49,471.08,471.48,96294,0
DIA.US,5,20251104,160000,471.46,471.94,471.46,471.9,104788,0
DIA.US,5,20251104,160500,471.9,472.1,471.47,471.86,123454,0
DIA.US,5,20251104,161000,471.85,472.44,471.78,472.26,88244,0
DIA.US,5,20251104,161500,472.26,472.62,472.25,472.54,56686,0
DIA.US,5,20251104,162000,472.54,472.61,472.19,472.3,73373,0
DIA.US,5,20251104,162500,472.3,472.47,472.08,472.46,58901,0
DIA.US,5,20251104,163000,472.42,472.57,472.2399,472.55,54928,0
DIA.US,5,20251104,163500,472.54,472.69,472.27,472.62,49948,0
DIA.US,5,20251104,164000,472.64,472.71,472.15,472.3,66955,0
DIA.US,5,20251104,164500,472.305,472.31,472.04,472.08,52227,0
DIA.US,5,20251104,165000,472.08,472.16,471.81,471.93,29628,0
DIA.US,5,20251104,165500,471.95,471.97,471.54,471.88,37958,0
DIA.US,5,20251104,170000,471.86,472.25,471.86,471.95,29874,0
DIA.US,5,20251104,170500,471.95,471.96,471.55,471.59,23541,0
DIA.US,5,20251104,171000,471.6,471.66,471.37,471.49,37925,0
DIA.US,5,20251104,171500,471.53,471.68,471.3,471.435,41749,0
DIA.US,5,20251104,172000,471.44,471.73,471.41,471.56,22849,0
DIA.US,5,20251104,172500,471.53,471.84,471.4,471.77,16894,0
DIA.US,5,20251104,173000,471.75,471.99,471.61,471.73,33996,0
DIA.US,5,20251104,173500,471.69,471.9601,471.62,471.91,20805,0
DIA.US,5,20251104,174000,471.92,471.93,471.46,471.69,14789,0
DIA.US,5,20251104,174500,471.71,471.82,471.47,471.47,9570,0
DIA.US,5,20251104,175000,471.5,472.08,471.43,472.02,25997,0
DIA.US,5,20251104,175500,472.02,472.15,471.735,472.13,30336,0
DIA.US,5,20251104,180000,472.14,472.14,471.68,471.72,24295,0
DIA.US,5,20251104,180500,471.7,471.72,471.5,471.615,16778,0
DIA.US,5,20251104,181000,471.6,471.6,471.36,471.42,27762,0
DIA.US,5,20251104,181500,471.4,471.44,470.85,470.855,38989,0
DIA.US,5,20251104,182000,470.8687,471.2,470.59,471.16,72834,0
DIA.US,5,20251104,182500,471.145,471.51,471.07,471.135,18770,0
DIA.US,5,20251104,183000,471.125,471.26,470.935,471.1001,25297,0
DIA.US,5,20251104,183500,471.11,471.11,470.75,470.7745,7070,0
DIA.US,5,20251104,184000,470.7407,470.84,470.45,470.6,27394,0
DIA.US,5,20251104,184500,470.67,471.17,470.63,471.13,47665,0
DIA.US,5,20251104,185000,471.15,471.47,470.91,470.95,28955,0
DIA.US,5,20251104,185500,470.89,470.89,470.4,470.57,22825,0
DIA.US,5,20251104,190000,470.49,470.575,470.34,470.375,15226,0
DIA.US,5,20251104,190500,470.365,470.5,470.3,470.37,29002,0
DIA.US,5,20251104,191000,470.34,470.7,470.34,470.7,20160,0
DIA.US,5,20251104,191500,470.7,470.83,470.5,470.51,34842,0
DIA.US,5,20251104,192000,470.5,470.98,470.39,470.73,78182,0
DIA.US,5,20251104,192500,470.71,470.72,470.24,470.39,21864,0
DIA.US,5,20251104,193000,470.38,470.62,470.0651,470.08,39661,0
DIA.US,5,20251104,193500,470.08,470.38,469.96,470.15,42273,0
DIA.US,5,20251104,194000,470.15,470.49,470.03,470.47,34791,0
DIA.US,5,20251104,194500,470.46,470.51,470.17,470.19,15755,0
DIA.US,5,20251104,195000,470.2,470.57,470.195,470.49,25200,0
DIA.US,5,20251104,195500,470.475,470.5,470.24,470.41,20136,0
DIA.US,5,20251104,200000,470.4,470.92,470.33,470.91,34180,0
DIA.US,5,20251104,200500,470.92,470.92,470.35,470.36,39155,0
DIA.US,5,20251104,201000,470.38,470.74,470.28,470.59,17025,0
DIA.US,5,20251104,201500,470.55,470.75,470.55,470.58,10723,0
DIA.US,5,20251104,202000,470.55,470.83,470.53,470.73,24286,0
DIA.US,5,20251104,202500,470.75,470.82,470.64,470.68,19728,0
DIA.US,5,20251104,203000,470.68,470.71,470.23,470.54,41189,0
DIA.US,5,20251104,203500,470.56,470.56,470.035,470.14,22228,0
DIA.US,5,20251104,204000,470.12,470.35,469.78,470.03,35661,0
DIA.US,5,20251104,204500,470.03,470.23,469.925,470.13,23175,0
DIA.US,5,20251104,205000,470.11,470.35,470.03,470.15,32509,0
DIA.US,5,20251104,205500,470.15,470.375,470.07,470.17,42215,0
DIA.US,5,20251104,210000,470.18,470.4,470.1,470.32,32227,0
DIA.US,5,20251104,210500,470.31,470.56,470.275,470.41,32399,0
DIA.US,5,20251104,211000,470.39,470.87,470.29,470.825,27337,0
DIA.US,5,20251104,211500,470.81,470.91,470.7,470.88,102835,0
DIA.US,5,20251104,212000,470.87,470.88,470.48,470.58,53909,0
DIA.US,5,20251104,212500,470.59,470.97,470.58,470.97,39768,0
DIA.US,5,20251104,213000,470.99,471.03,470.6,470.68,44143,0
DIA.US,5,20251104,213500,470.72,471.06,470.72,470.86,48150,0
DIA.US,5,20251104,214000,470.845,471.335,470.825,471.265,35229,0
DIA.US,5,20251104,214500,471.27,471.42,470.71,470.725,67058,0
DIA.US,5,20251104,215000,470.77,470.97,470.53,470.815,116989,0
DIA.US,5,20251104,215500,470.82,470.93,470.48,470.9,296072,0
DIA.US,5,20251105,153000,470.8,471.8,470.63,471.35,376556,0
DIA.US,5,20251105,153500,471.37,471.63,470.82,471,227072,0
DIA.US,5,20251105,154000,470.98,470.99,470.4,470.44,143090,0
DIA.US,5,20251105,154500,470.46,472.0299,470.41,471.93,142974,0
DIA.US,5,20251105,155000,471.92,472.665,471.82,472.47,171746,0
DIA.US,5,20251105,155500,472.48,472.5801,472.12,472.2,102082,0
DIA.US,5,20251105,160000,472.27,472.28,471.54,472.05,142331,0
DIA.US,5,20251105,160500,472.05,472.69,471.9,472.44,102536,0
DIA.US,5,20251105,161000,472.42,472.47,471.87,471.91,111608,0
DIA.US,5,20251105,161500,471.91,472.04,471.65,471.74,107905,0
DIA.US,5,20251105,162000,471.71,472.06,471.13,472.02,136431,0
DIA.US,5,20251105,162500,472.02,472.17,471.63,471.72,66188,0
DIA.US,5,20251105,163000,471.72,472.03,471.58,471.8925,62861,0
DIA.US,5,20251105,163500,471.88,471.94,471.52,471.59,75161,0
DIA.US,5,20251105,164000,471.55,471.77,471.34,471.49,74003,0
DIA.US,5,20251105,164500,471.48,471.54,471.3,471.37,39127,0
DIA.US,5,20251105,165000,471.36,471.39,470.82,470.935,44784,0
DIA.US,5,20251105,165500,471,471.42,470.86,471.41,51341,0
DIA.US,5,20251105,170000,471.41,471.4594,470.84,471.085,69174,0
DIA.US,5,20251105,170500,471.06,471.33,470.79,470.94,42768,0
DIA.US,5,20251105,171000,470.95,470.96,470.48,470.58,65374,0
DIA.US,5,20251105,171500,470.59,470.87,470.59,470.71,51614,0
DIA.US,5,20251105,172000,470.68,471.14,470.43,471.12,58891,0
DIA.US,5,20251105,172500,471.14,471.39,471.09,471.24,90945,0
DIA.US,5,20251105,173000,471.24,471.51,471.23,471.47,71561,0
DIA.US,5,20251105,173500,471.475,471.705,471.3,471.705,34396,0
DIA.US,5,20251105,174000,471.73,471.975,471.7,471.86,60514,0
DIA.US,5,20251105,174500,471.84,472.435,471.78,472.36,53726,0
DIA.US,5,20251105,175000,472.33,472.665,472.29,472.56,50917,0
DIA.US,5,20251105,175500,472.57,472.59,472.28,472.41,44455,0
DIA.US,5,20251105,180000,472.42,472.9,472.35,472.75,59547,0
DIA.US,5,20251105,180500,472.785,473.09,472.775,472.95,35791,0
DIA.US,5,20251105,181000,472.97,473.32,472.94,473.1299,57396,0
DIA.US,5,20251105,181500,473.145,473.33,473.065,473.32,27543,0
DIA.US,5,20251105,182000,473.31,473.59,473.28,473.56,28637,0
DIA.US,5,20251105,182500,473.58,473.99,473.53,473.95,54478,0
DIA.US,5,20251105,183000,473.95,474.25,473.9,474.19,53139,0
DIA.US,5,20251105,183500,474.1852,474.56,474.13,474.47,41600,0
DIA.US,5,20251105,184000,474.47,474.5096,474.15,474.16,30930,0
DIA.US,5,20251105,184500,474.15,474.16,473.68,473.72,75247,0
DIA.US,5,20251105,185000,473.76,473.81,473.6,473.76,29276,0
DIA.US,5,20251105,185500,473.75,473.865,473.58,473.71,47145,0
DIA.US,5,20251105,190000,473.74,473.98,473.56,473.98,59462,0
DIA.US,5,20251105,190500,473.965,474.01,473.81,473.87,43919,0
DIA.US,5,20251105,191000,473.88,473.88,473.61,473.84,27359,0
DIA.US,5,20251105,191500,473.87,474.035,473.815,473.815,30405,0
DIA.US,5,20251105,192000,473.82,473.85,473.625,473.68,39075,0
DIA.US,5,20251105,192500,473.67,473.85,473.58,473.79,16275,0
DIA.US,5,20251105,193000,473.79,473.84,473.6,473.84,12449,0
DIA.US,5,20251105,193500,473.83,474.1,473.815,474.09,36334,0
DIA.US,5,20251105,194000,474.07,474.07,473.67,473.67,21881,0
DIA.US,5,20251105,194500,473.68,473.79,473.63,473.68,35810,0
DIA.US,5,20251105,195000,473.66,473.74,473.59,473.675,24462,0
DIA.US,5,20251105,195500,473.66,473.77,473.595,473.71,26439,0
DIA.US,5,20251105,200000,473.7,473.72,473.41,473.515,50416,0
DIA.US,5,20251105,200500,473.54,473.65,473.4,473.49,78268,0
DIA.US,5,20251105,201000,473.49,473.86,473.335,473.86,61276,0
DIA.US,5,20251105,201500,473.86,474.12,473.84,474.01,20522,0
DIA.US,5,20251105,202000,474.01,474.04,473.675,473.73,27881,0
DIA.US,5,20251105,202500,473.755,473.8,473.68,473.7,23637,0
DIA.US,5,20251105,203000,473.7,473.92,473.65,473.78,21533,0
DIA.US,5,20251105,203500,473.74,473.76,473.63,473.6701,14824,0
DIA.US,5,20251105,204000,473.69,473.77,473.65,473.73,10371,0
DIA.US,5,20251105,204500,473.745,473.84,473.68,473.71,16431,0
DIA.US,5,20251105,205000,473.69,473.78,473.64,473.69,22783,0
DIA.US,5,20251105,205500,473.695,473.75,473.61,473.67,23732,0
DIA.US,5,20251105,210000,473.67,473.95,473.66,473.94,43512,0
DIA.US,5,20251105,210500,473.92,474.02,473.815,473.97,28497,0
DIA.US,5,20251105,211000,473.98,474.02,473.88,473.96,44189,0
DIA.US,5,20251105,211500,473.945,473.99,473.7848,473.9,56748,0
DIA.US,5,20251105,212000,473.89,474.01,473.87,473.895,45905,0
DIA.US,5,20251105,212500,473.895,473.955,473.655,473.685,52561,0
DIA.US,5,20251105,213000,473.69,474.12,473.69,474.115,149772,0
DIA.US,5,20251105,213500,474.115,474.365,474.115,474.275,98700,0
DIA.US,5,20251105,214000,474.26,474.36,474.1,474.18,120738,0
DIA.US,5,20251105,214500,474.16,474.265,473.665,473.71,99735,0
DIA.US,5,20251105,215000,473.71,473.93,473.52,473.77,172527,0
DIA.US,5,20251105,215500,473.77,473.77,473,473.11,388379,0
DIA.US,5,20251106,153000,472.09,473.44,472.03,473.04,223488,0
DIA.US,5,20251106,153500,472.97,473.26,472.53,472.59,159310,0
DIA.US,5,20251106,154000,472.5625,472.5625,471.96,472.06,114597,0
DIA.US,5,20251106,154500,472.05,472.5031,471.73,471.84,105036,0
DIA.US,5,20251106,155000,471.8201,471.93,470.98,471.04,129161,0
DIA.US,5,20251106,155500,471.03,471.14,470.38,470.44,74060,0
DIA.US,5,20251106,160000,470.38,470.41,469.38,469.39,120086,0
DIA.US,5,20251106,160500,469.37,470.26,469.36,470.15,114238,0
DIA.US,5,20251106,161000,470.145,470.7,469.95,470.05,102693,0
DIA.US,5,20251106,161500,470.08,470.76,469.94,470.68,104071,0
DIA.US,5,20251106,162000,470.67,471.52,470.67,471.24,124460,0
DIA.US,5,20251106,162500,471.22,471.33,470.87,471.06,48537,0
DIA.US,5,20251106,163000,471.08,471.3,470.73,470.78,56867,0
DIA.US,5,20251106,163500,470.77,470.7745,469.8,469.82,73480,0
DIA.US,5,20251106,164000,469.83,469.86,469.05,469.09,117584,0
DIA.US,5,20251106,164500,469.08,469.68,468.97,469.5,89725,0
DIA.US,5,20251106,165000,469.48,470,469.33,469.96,64085,0
DIA.US,5,20251106,165500,469.95,469.95,469.4675,469.51,44185,0
DIA.US,5,20251106,170000,469.52,469.82,469.22,469.455,74930,0
DIA.US,5,20251106,170500,469.47,469.7,469.21,469.45,83573,0
DIA.US,5,20251106,171000,469.41,469.41,468.945,469.125,88743,0
DIA.US,5,20251106,171500,469.11,469.42,468.68,469.06,120156,0
DIA.US,5,20251106,172000,469.06,469.22,468.36,468.475,81558,0
DIA.US,5,20251106,172500,468.48,469.05,468.3,469,132323,0
DIA.US,5,20251106,173000,468.96,468.96,468.38,468.66,53627,0
DIA.US,5,20251106,173500,468.65,468.69,468.1,468.54,75917,0
DIA.US,5,20251106,174000,468.51,468.58,468.08,468.42,67422,0
DIA.US,5,20251106,174500,468.37,468.4,468.03,468.4,43529,0
DIA.US,5,20251106,175000,468.39,468.82,468.3,468.74,43915,0
DIA.US,5,20251106,175500,468.74,468.74,467.85,467.9,42353,0
DIA.US,5,20251106,180000,467.88,468.54,467.88,468.54,41049,0
DIA.US,5,20251106,180500,468.49,468.73,468.22,468.7,71887,0
DIA.US,5,20251106,181000,468.675,469.12,468.55,468.55,51657,0
DIA.US,5,20251106,181500,468.53,468.69,468.26,468.56,42220,0
DIA.US,5,20251106,182000,468.5,468.5,467.99,468.26,41901,0
DIA.US,5,20251106,182500,468.2,468.355,467.91,468.355,32010,0
DIA.US,5,20251106,183000,468.3,468.94,468.15,468.56,67875,0
DIA.US,5,20251106,183500,468.54,468.83,468.54,468.56,36036,0
DIA.US,5,20251106,184000,468.56,468.98,468.41,468.96,28914,0
DIA.US,5,20251106,184500,468.96,469.35,468.96,469.16,28464,0
DIA.US,5,20251106,185000,469.15,469.43,469.01,469.07,33993,0
DIA.US,5,20251106,185500,469.07,469.135,468.79,468.93,18985,0
DIA.US,5,20251106,190000,468.89,469.1091,468.51,468.59,21732,0
DIA.US,5,20251106,190500,468.57,468.57,467.91,468.03,32123,0
DIA.US,5,20251106,191000,468.01,468.295,467.9,468.25,51213,0
DIA.US,5,20251106,191500,468.23,468.42,468.1,468.24,54516,0
DIA.US,5,20251106,192000,468.25,468.73,468.22,468.69,31110,0
DIA.US,5,20251106,192500,468.69,469.14,468.68,468.97,45521,0
DIA.US,5,20251106,193000,468.96,469.3188,468.94,469.28,29817,0
DIA.US,5,20251106,193500,469.3,469.64,469.18,469.54,27108,0
DIA.US,5,20251106,194000,469.53,469.98,469.525,469.82,25940,0
DIA.US,5,20251106,194500,469.84,469.861,469.51,469.83,46653,0
DIA.US,5,20251106,195000,469.84,470.11,469.77,470.09,24226,0
DIA.US,5,20251106,195500,470.07,470.1248,469.59,469.87,36656,0
DIA.US,5,20251106,200000,469.86,470.25,469.68,470.23,51369,0
DIA.US,5,20251106,200500,470.22,470.4882,469.89,469.96,67094,0
DIA.US,5,20251106,201000,469.96,470.34,469.95,470.3155,32929,0
DIA.US,5,20251106,201500,470.32,470.41,470.12,470.27,43018,0
DIA.US,5,20251106,202000,470.255,470.535,470.21,470.38,39036,0
DIA.US,5,20251106,202500,470.37,470.7,470.37,470.65,37525,0
DIA.US,5,20251106,203000,470.65,470.815,470.33,470.73,41512,0
DIA.US,5,20251106,203500,470.75,470.8791,470.63,470.63,38778,0
DIA.US,5,20251106,204000,470.59,470.59,470.04,470.44,38593,0
DIA.US,5,20251106,204500,470.44,470.54,470.14,470.275,36956,0
DIA.US,5,20251106,205000,470.31,470.44,470.12,470.42,30203,0
DIA.US,5,20251106,205500,470.42,470.76,470.42,470.45,49978,0
DIA.US,5,20251106,210000,470.5,470.58,470.18,470.31,27969,0
DIA.US,5,20251106,210500,470.31,470.51,470.22,470.36,20103,0
DIA.US,5,20251106,211000,470.35,470.65,470.34,470.58,21606,0
DIA.US,5,20251106,211500,470.59,470.68,470.37,470.63,30862,0
DIA.US,5,20251106,212000,470.64,470.93,470.59,470.86,24589,0
DIA.US,5,20251106,212500,470.82,470.87,470.36,470.37,58260,0
DIA.US,5,20251106,213000,470.41,470.59,470.05,470.48,51492,0
DIA.US,5,20251106,213500,470.51,470.57,470.125,470.15,42920,0
DIA.US,5,20251106,214000,470.15,470.32,469.86,469.89,62666,0
DIA.US,5,20251106,214500,469.89,469.95,469.06,469.13,136249,0
DIA.US,5,20251106,215000,469.13,469.71,469.1,469.66,183781,0
DIA.US,5,20251106,215500,469.645,469.65,468.89,469.23,206129,0
DIA.US,5,20251107,153000,468.28,468.28,466.62,466.89,372634,0
DIA.US,5,20251107,153500,466.87,467.29,466.49,466.58,296773,0
DIA.US,5,20251107,154000,466.57,467.43,466.49,467.25,249357,0
DIA.US,5,20251107,154500,467.26,467.85,467.13,467.14,178983,0
DIA.US,5,20251107,155000,467.12,468.17,467.1,468.02,122190,0
DIA.US,5,20251107,155500,468,468.44,467.75,468.13,142473,0
DIA.US,5,20251107,160000,468.13,468.31,467.24,467.335,87541,0
DIA.US,5,20251107,160500,467.37,468.12,467.03,468.115,98306,0
DIA.US,5,20251107,161000,468.13,468.53,467.96,468.5,77849,0
DIA.US,5,20251107,161500,468.5,468.8,467.91,468.2,117226,0
DIA.US,5,20251107,162000,468.25,468.47,467.61,467.65,79021,0
DIA.US,5,20251107,162500,467.65,468.39,467.63,468.05,96752,0
DIA.US,5,20251107,163000,468.04,468.51,468.04,468.09,106352,0
DIA.US,5,20251107,163500,468.091,468.5,467.66,467.72,77666,0
DIA.US,5,20251107,164000,467.745,467.94,467.39,467.44,41804,0
DIA.US,5,20251107,164500,467.52,467.61,467.11,467.29,46599,0
DIA.US,5,20251107,165000,467.28,467.72,467.28,467.37,50226,0
DIA.US,5,20251107,165500,467.35,467.41,466.92,466.95,70234,0
DIA.US,5,20251107,170000,466.94,467.18,466.73,466.93,58678,0
DIA.US,5,20251107,170500,466.95,467.085,466.56,466.68,52988,0
DIA.US,5,20251107,171000,466.685,466.85,466.25,466.26,103842,0
DIA.US,5,20251107,171500,466.25,466.3,465.89,466.08,117060,0
DIA.US,5,20251107,172000,466.075,466.56,466.04,466.18,111025,0
DIA.US,5,20251107,172500,466.1,466.14,465.905,465.93,64791,0
DIA.US,5,20251107,173000,465.92,466.33,465.85,466.2801,63694,0
DIA.US,5,20251107,173500,466.3,466.31,465.86,465.94,52165,0
DIA.US,5,20251107,174000,465.97,466.39,465.77,466.29,80323,0
DIA.US,5,20251107,174500,466.285,466.44,465.8,465.87,65273,0
DIA.US,5,20251107,175000,465.85,466.28,465.78,465.8,70500,0
DIA.US,5,20251107,175500,465.79,465.87,465.15,465.55,61527,0
DIA.US,5,20251107,180000,465.53,465.58,465.185,465.23,45322,0
DIA.US,5,20251107,180500,465.25,465.46,464.86,465.24,55707,0
DIA.US,5,20251107,181000,465.2,465.75,465.03,465.74,73926,0
DIA.US,5,20251107,181500,465.72,466.08,465.61,466.035,57739,0
DIA.US,5,20251107,182000,466.03,466.59,465.88,466.405,75514,0
DIA.US,5,20251107,182500,466.42,466.565,466.09,466.1,86375,0
DIA.US,5,20251107,183000,466.09,466.33,466.01,466.07,52551,0
DIA.US,5,20251107,183500,466.0999,466.13,465.64,465.86,64928,0
DIA.US,5,20251107,184000,465.85,466.1,465.57,465.9,44244,0
DIA.US,5,20251107,184500,465.93,466.145,465.56,465.64,48546,0
DIA.US,5,20251107,185000,465.61,465.96,465.38,465.86,64413,0
DIA.US,5,20251107,185500,465.87,466.6,465.87,466.58,45544,0
DIA.US,5,20251107,190000,466.56,466.81,466.55,466.68,53470,0
DIA.US,5,20251107,190500,466.64,466.96,466.4,466.78,62123,0
DIA.US,5,20251107,191000,466.77,467.02,466.66,466.84,26026,0
DIA.US,5,20251107,191500,466.85,466.91,466.575,466.88,30588,0
DIA.US,5,20251107,192000,466.84,467.18,466.77,467.18,48682,0
DIA.US,5,20251107,192500,467.2,467.41,467.03,467.12,103151,0
DIA.US,5,20251107,193000,467.12,467.27,466.93,466.93,53076,0
DIA.US,5,20251107,193500,466.96,467.34,466.85,467.29,69821,0
DIA.US,5,20251107,194000,467.3,467.34,467.09,467.255,114677,0
DIA.US,5,20251107,194500,467.27,467.355,466.83,466.9,48294,0
DIA.US,5,20251107,195000,466.89,466.89,466.5,466.89,51627,0
DIA.US,5,20251107,195500,466.91,467.49,466.89,467.29,70628,0
DIA.US,5,20251107,200000,467.29,467.47,467.11,467.28,48399,0
DIA.US,5,20251107,200500,467.24,467.535,467.2,467.24,36009,0
DIA.US,5,20251107,201000,467.21,467.55,467.095,467.55,34067,0
DIA.US,5,20251107,201500,467.51,467.79,467.45,467.49,45990,0
DIA.US,5,20251107,202000,467.51,467.77,467.5,467.73,33385,0
DIA.US,5,20251107,202500,467.69,467.86,467.49,467.74,33992,0
DIA.US,5,20251107,203000,467.8,468.4,467.79,468.36,84857,0
DIA.US,5,20251107,203500,468.36,469.02,468.25,468.95,126041,0
DIA.US,5,20251107,204000,468.96,469.63,468.95,469.4,94219,0
DIA.US,5,20251107,204500,469.39,469.43,468.87,469.33,135735,0
DIA.US,5,20251107,205000,469.34,469.675,469.23,469.675,60357,0
DIA.US,5,20251107,205500,469.67,469.7,469.33,469.67,42866,0
DIA.US,5,20251107,210000,469.63,469.65,469.27,469.3,50019,0
DIA.US,5,20251107,210500,469.31,469.37,468.83,469.345,107950,0
DIA.US,5,20251107,211000,469.35,469.46,469.1,469.21,56529,0
DIA.US,5,20251107,211500,469.19,469.36,468.94,469.1,51480,0
DIA.US,5,20251107,212000,469.1,469.17,468.5701,468.685,68322,0
DIA.US,5,20251107,212500,468.665,469,468.38,468.81,75116,0
DIA.US,5,20251107,213000,468.8,469.12,468.8,468.865,48589,0
DIA.US,5,20251107,213500,468.9,469.19,468.9,469.13,55000,0
DIA.US,5,20251107,214000,469.16,469.44,468.885,469.42,71708,0
DIA.US,5,20251107,214500,469.42,469.53,468.8,468.8,87969,0
DIA.US,5,20251107,215000,468.83,469.555,468.75,469.51,196453,0
DIA.US,5,20251107,215500,469.48,469.95,469.28,469.86,379064,0
DIA.US,5,20251110,153000,471.9,472.92,471.64,472.66,282254,0
DIA.US,5,20251110,153500,472.66,473.33,472.55,473.21,179953,0
DIA.US,5,20251110,154000,473.201,473.29,472.45,472.57,130523,0
DIA.US,5,20251110,154500,472.58,472.75,472.202,472.23,117873,0
DIA.US,5,20251110,155000,472.22,472.29,471.48,471.68,109966,0
DIA.US,5,20251110,155500,471.69,472.05,471.355,471.355,118997,0
DIA.US,5,20251110,160000,471.365,471.62,471.25,471.4,74151,0
DIA.US,5,20251110,160500,471.37,471.53,471.25,471.42,68849,0
DIA.US,5,20251110,161000,471.5,472.03,471.49,471.72,61208,0
DIA.US,5,20251110,161500,471.74,471.8,471.14,471.14,69349,0
DIA.US,5,20251110,162000,471.14,471.69,471.07,471.69,57326,0
DIA.US,5,20251110,162500,471.675,471.77,471.35,471.6,47166,0
DIA.US,5,20251110,163000,471.61,471.61,471.06,471.165,37366,0
DIA.US,5,20251110,163500,471.15,471.39,470.73,470.76,24802,0
DIA.US,5,20251110,164000,470.72,470.89,470.61,470.71,69946,0
DIA.US,5,20251110,164500,470.71,470.92,470.6,470.75,62598,0
DIA.US,5,20251110,165000,470.74,470.75,470.07,470.45,60722,0
DIA.US,5,20251110,165500,470.42,470.49,470.08,470.15,27677,0
DIA.US,5,20251110,170000,470.13,470.19,469.71,469.75,55245,0
DIA.US,5,20251110,170500,469.72,470.13,469.45,470.095,85648,0
DIA.US,5,20251110,171000,470.06,470.56,470.06,470.39,44552,0
DIA.US,5,20251110,171500,470.38,470.48,470.08,470.2,25754,0
DIA.US,5,20251110,172000,470.2,470.25,469.76,469.945,25134,0
DIA.US,5,20251110,172500,469.97,469.99,469.63,469.68,35252,0
DIA.US,5,20251110,173000,469.65,470.07,469.65,469.78,29660,0
DIA.US,5,20251110,173500,469.74,469.81,469.55,469.8,33671,0
DIA.US,5,20251110,174000,469.81,470.15,469.51,470.14,43815,0
DIA.US,5,20251110,174500,470.135,470.135,469.94,470.03,40614,0
DIA.US,5,20251110,175000,470.07,470.22,469.98,470.07,16461,0
DIA.US,5,20251110,175500,470.05,470.57,470.01,470.55,17816,0
DIA.US,5,20251110,180000,470.52,471.1299,470.44,471.12,32604,0
DIA.US,5,20251110,180500,471.1,471.34,470.99,471.01,43242,0
DIA.US,5,20251110,181000,471.02,471.11,470.59,470.68,110850,0
DIA.US,5,20251110,181500,470.71,470.85,470.535,470.8,34781,0
DIA.US,5,20251110,182000,470.76,471.06,470.72,470.85,24884,0
DIA.US,5,20251110,182500,470.85,471.26,470.85,471.14,19115,0
DIA.US,5,20251110,183000,471.14,471.48,471.14,471.415,22984,0
DIA.US,5,20251110,183500,471.415,471.51,471.33,471.46,26431,0
DIA.US,5,20251110,184000,471.48,471.82,471.45,471.73,46444,0
DIA.US,5,20251110,184500,471.745,471.99,471.745,471.93,27643,0
DIA.US,5,20251110,185000,471.96,472.39,471.95,472.36,54322,0
DIA.US,5,20251110,185500,472.37,472.49,472.27,472.34,34918,0
DIA.US,5,20251110,190000,472.37,472.48,472.29,472.33,24575,0
DIA.US,5,20251110,190500,472.325,472.49,472.28,472.415,56195,0
DIA.US,5,20251110,191000,472.42,472.45,472.315,472.34,11748,0
DIA.US,5,20251110,191500,472.39,472.69,472.33,472.66,13717,0
DIA.US,5,20251110,192000,472.67,472.67,472.42,472.63,17791,0
DIA.US,5,20251110,192500,472.61,472.63,472.43,472.46,14747,0
DIA.US,5,20251110,193000,472.49,472.83,472.49,472.75,26075,0
DIA.US,5,20251110,193500,472.78,472.89,472.76,472.88,30845,0
DIA.US,5,20251110,194000,472.89,472.99,472.79,472.83,19583,0
DIA.US,5,20251110,194500,472.86,473.035,472.7402,473.035,17613,0
DIA.US,5,20251110,195000,473.05,473.08,472.91,473,22905,0
DIA.US,5,20251110,195500,473,473.03,472.93,472.99,43481,0
DIA.US,5,20251110,200000,473,473.23,472.98,473.23,32365,0
DIA.US,5,20251110,200500,473.24,473.44,473.2,473.25,75419,0
DIA.US,5,20251110,201000,473.255,473.31,473.06,473.08,60556,0
DIA.US,5,20251110,201500,473.08,473.22,473.0001,473.21,32411,0
DIA.US,5,20251110,202000,473.21,473.26,473.11,473.145,28483,0
DIA.US,5,20251110,202500,473.12,473.58,473.12,473.51,38797,0
DIA.US,5,20251110,203000,473.5,473.52,473.25,473.38,39568,0
DIA.US,5,20251110,203500,473.33,473.38,473.24,473.34,15407,0
DIA.US,5,20251110,204000,473.34,473.62,473.34,473.57,15593,0
DIA.US,5,20251110,204500,473.53,473.64,473.52,473.63,15780,0
DIA.US,5,20251110,205000,473.64,474.105,473.6,474.03,55742,0
DIA.US,5,20251110,205500,474.02,474.07,473.6698,473.78,45466,0
DIA.US,5,20251110,210000,473.75,473.95,473.73,473.93,39901,0
DIA.US,5,20251110,210500,473.94,474.025,473.82,473.975,28702,0
DIA.US,5,20251110,211000,473.98,474.195,473.92,474.1658,40257,0
DIA.US,5,20251110,211500,474.1699,474.17,473.705,473.7474,84661,0
DIA.US,5,20251110,212000,473.75,473.79,473.45,473.63,37775,0
DIA.US,5,20251110,212500,473.62,473.76,473.557,473.56,51812,0
DIA.US,5,20251110,213000,473.56,473.65,473.42,473.58,49726,0
DIA.US,5,20251110,213500,473.565,474.03,473.56,473.95,31233,0
DIA.US,5,20251110,214000,473.94,473.96,473.625,473.685,34802,0
DIA.US,5,20251110,214500,473.68,473.93,473.59,473.85,103461,0
DIA.US,5,20251110,215000,473.85,474.09,473.56,473.99,188429,0
DIA.US,5,20251110,215500,473.97,473.97,473.59,473.82,378480,0
DIA.US,5,20251111,153000,474.26,475.02,474,474.18,167030,0
DIA.US,5,20251111,153500,474.17,474.73,474.05,474.68,112930,0
DIA.US,5,20251111,154000,474.69,474.715,474.3,474.48,75354,0
DIA.US,5,20251111,154500,474.48,474.9,474.43,474.45,48609,0
DIA.US,5,20251111,155000,474.48,474.67,474.15,474.56,57207,0
DIA.US,5,20251111,155500,474.54,475.05,474.42,474.97,66373,0
DIA.US,5,20251111,160000,474.95,475.025,474.54,474.66,92498,0
DIA.US,5,20251111,160500,474.67,474.74,474.09,474.7,73997,0
DIA.US,5,20251111,161000,474.6407,474.65,474.31,474.44,64805,0
DIA.US,5,20251111,161500,474.47,474.58,474.17,474.45,50659,0
DIA.US,5,20251111,162000,474.48,474.86,474.44,474.81,26795,0
DIA.US,5,20251111,162500,474.81,475.48,474.79,475.41,76132,0
DIA.US,5,20251111,163000,475.41,475.61,475.1191,475.25,57687,0
DIA.US,5,20251111,163500,475.26,475.53,475.0409,475.53,30286,0
DIA.US,5,20251111,164000,475.4965,475.68,475.15,475.38,40705,0
DIA.US,5,20251111,164500,475.41,475.52,475.27,475.47,22572,0
DIA.US,5,20251111,165000,475.46,475.78,475.27,475.7,25485,0
DIA.US,5,20251111,165500,475.6956,475.6956,475.35,475.41,44220,0
DIA.US,5,20251111,170000,475.43,475.69,475.23,475.58,26445,0
DIA.US,5,20251111,170500,475.64,475.7308,475.5,475.61,15844,0
DIA.US,5,20251111,171000,475.61,475.83,475.595,475.75,23013,0
DIA.US,5,20251111,171500,475.77,476.1599,475.75,476.13,24397,0
DIA.US,5,20251111,172000,476.14,476.29,475.9496,476.21,40533,0
DIA.US,5,20251111,172500,476.24,476.24,475.58,475.615,43221,0
DIA.US,5,20251111,173000,475.58,476.04,475.37,476.02,28099,0
DIA.US,5,20251111,173500,476.01,476.2,475.96,476.15,15640,0
DIA.US,5,20251111,174000,476.14,476.32,475.87,476.31,27754,0
DIA.US,5,20251111,174500,476.31,476.72,476.28,476.6815,46132,0
DIA.US,5,20251111,175000,476.67,476.89,476.54,476.84,23843,0
DIA.US,5,20251111,175500,476.84,476.94,476.69,476.82,16709,0
DIA.US,5,20251111,180000,476.81,477.07,476.74,476.785,18787,0
DIA.US,5,20251111,180500,476.781,477.16,476.781,477.06,13152,0
DIA.US,5,20251111,181000,477.11,477.14,476.87,477.12,9112,0
DIA.US,5,20251111,181500,477.2,477.45,477.17,477.41,24386,0
DIA.US,5,20251111,182000,477.43,477.58,477.25,477.56,34187,0
DIA.US,5,20251111,182500,477.54,477.67,477.34,477.61,28468,0
DIA.US,5,20251111,183000,477.61,477.8751,477.6,477.77,20032,0
DIA.US,5,20251111,183500,477.695,477.76,477.5,477.63,21334,0
DIA.US,5,20251111,184000,477.64,477.8,477.52,477.755,25543,0
DIA.US,5,20251111,184500,477.74,478.06,477.63,477.98,48055,0
DIA.US,5,20251111,185000,477.98,478.22,477.93,478.16,29968,0
DIA.US,5,20251111,185500,478.16,478.37,478.16,478.33,40101,0
DIA.US,5,20251111,190000,478.29,478.8,478.28,478.8,83500,0
DIA.US,5,20251111,190500,478.79,478.9,478.7,478.73,30289,0
DIA.US,5,20251111,191000,478.745,478.89,478.63,478.78,33834,0
DIA.US,5,20251111,191500,478.79,479.2199,478.74,479.2199,32085,0
DIA.US,5,20251111,192000,479.25,479.3,478.86,478.93,143273,0
DIA.US,5,20251111,192500,478.93,479.15,478.83,479.15,30234,0
DIA.US,5,20251111,193000,479.14,479.25,478.88,478.91,33798,0
DIA.US,5,20251111,193500,478.9099,478.99,478.7,478.97,36505,0
DIA.US,5,20251111,194000,478.99,479.07,478.719,478.895,64895,0
DIA.US,5,20251111,194500,478.87,479.055,478.81,478.965,35631,0
DIA.US,5,20251111,195000,478.96,479.16,478.83,478.93,38138,0
DIA.US,5,20251111,195500,478.92,478.93,478.79,478.79,13246,0
DIA.US,5,20251111,200000,478.79,478.79,478.52,478.72,43998,0
DIA.US,5,20251111,200500,478.77,478.77,478.39,478.495,44493,0
DIA.US,5,20251111,201000,478.495,478.84,478.495,478.68,25428,0
DIA.US,5,20251111,201500,478.7,478.98,478.69,478.91,25362,0
DIA.US,5,20251111,202000,478.92,479.06,478.82,479.03,17587,0
DIA.US,5,20251111,202500,479.04,479.3398,479.01,479.25,19717,0
DIA.US,5,20251111,203000,479.24,479.31,479.13,479.26,22178,0
DIA.US,5,20251111,203500,479.25,479.3,479.08,479.24,24002,0
DIA.US,5,20251111,204000,479.28,479.3417,479.15,479.2355,34932,0
DIA.US,5,20251111,204500,479.21,479.44,479.1,479.41,18608,0
DIA.US,5,20251111,205000,479.42,479.47,479.37,479.45,13586,0
DIA.US,5,20251111,205500,479.45,479.51,479.24,479.4,37832,0
DIA.US,5,20251111,210000,479.39,479.65,479.36,479.6,49854,0
DIA.US,5,20251111,210500,479.6,479.74,479.57,479.62,40813,0
DIA.US,5,20251111,211000,479.64,479.77,479.6,479.65,43466,0
DIA.US,5,20251111,211500,479.655,479.69,479.5301,479.55,27673,0
DIA.US,5,20251111,212000,479.555,479.56,479.33,479.48,29286,0
DIA.US,5,20251111,212500,479.4683,479.525,479.16,479.28,59812,0
DIA.US,5,20251111,213000,479.26,479.26,478.98,479.12,67101,0
DIA.US,5,20251111,213500,479.11,479.32,479.07,479.3,161847,0
DIA.US,5,20251111,214000,479.3002,479.59,479.19,479.59,135384,0
DIA.US,5,20251111,214500,479.58,479.6795,479.4,479.5,98341,0
DIA.US,5,20251111,215000,479.5,479.86,479.43,479.82,188341,0
DIA.US,5,20251111,215500,479.83,479.83,479.14,479.47,314317,0
DIA.US,5,20251112,153000,480.49,482.49,480.49,482.43,285576,0
DIA.US,5,20251112,153500,482.41,483.34,482.34,483.081,338839,0
DIA.US,5,20251112,154000,483.09,483.23,482.86,482.88,159416,0
DIA.US,5,20251112,154500,482.89,483.355,482.74,483.31,175931,0
DIA.US,5,20251112,155000,483.27,483.69,483.24,483.59,231676,0
DIA.US,5,20251112,155500,483.57,484.395,483.52,484.3,266923,0
DIA.US,5,20251112,160000,484.29,484.3,483.71,484.02,205144,0
DIA.US,5,20251112,160500,484,484.08,483.59,483.65,134837,0
DIA.US,5,20251112,161000,483.64,483.65,483.305,483.5,154762,0
DIA.US,5,20251112,161500,483.49,483.925,483.36,483.84,101059,0
DIA.US,5,20251112,162000,483.84,484.01,483.32,483.4299,72640,0
DIA.US,5,20251112,162500,483.39,483.59,483.31,483.4599,75499,0
DIA.US,5,20251112,163000,483.44,483.44,482.95,482.98,75256,0
DIA.US,5,20251112,163500,482.97,483.14,482.77,483.07,102280,0
DIA.US,5,20251112,164000,483.11,483.4,483.04,483.13,43699,0
DIA.US,5,20251112,164500,483.14,483.4899,483.08,483.36,69863,0
DIA.US,5,20251112,165000,483.37,483.57,482.94,482.96,65084,0
DIA.US,5,20251112,165500,482.98,483.2,482.74,483.18,71129,0
DIA.US,5,20251112,170000,483.17,483.45,483,483.04,81600,0
DIA.US,5,20251112,170500,483.05,483.195,482.6524,482.67,53492,0
DIA.US,5,20251112,171000,482.67,482.67,482.26,482.63,70821,0
DIA.US,5,20251112,171500,482.64,482.95,482.64,482.9,37182,0
DIA.US,5,20251112,172000,482.93,483.02,482.6,482.6,67003,0
DIA.US,5,20251112,172500,482.63,482.76,482.52,482.69,65346,0
DIA.US,5,20251112,173000,482.66,482.95,482.48,482.59,46516,0
DIA.US,5,20251112,173500,482.61,483.095,482.5643,482.94,38468,0
DIA.US,5,20251112,174000,482.965,483.03,482.71,482.77,42152,0
DIA.US,5,20251112,174500,482.77,483.04,482.27,482.5008,49262,0
DIA.US,5,20251112,175000,482.45,482.76,482.4262,482.61,30278,0
DIA.US,5,20251112,175500,482.69,482.93,482.52,482.63,53854,0
DIA.US,5,20251112,180000,482.64,482.895,482.58,482.85,44459,0
DIA.US,5,20251112,180500,482.875,483.27,482.875,483.16,54630,0
DIA.US,5,20251112,181000,483.14,483.2804,482.88,483.25,30224,0
DIA.US,5,20251112,181500,483.3,483.47,482.91,483.06,56485,0
DIA.US,5,20251112,182000,483.0799,483.49,483.0499,483.16,32259,0
DIA.US,5,20251112,182500,483.17,483.3,483.02,483.17,60192,0
DIA.US,5,20251112,183000,483.1165,483.2,483.03,483.15,43148,0
DIA.US,5,20251112,183500,483.15,483.65,483.14,483.595,50090,0
DIA.US,5,20251112,184000,483.59,483.77,483.5,483.59,42898,0
DIA.US,5,20251112,184500,483.6,483.845,483.32,483.385,60486,0
DIA.US,5,20251112,185000,483.37,483.46,483.13,483.35,41805,0
DIA.US,5,20251112,185500,483.37,483.63,483.35,483.45,23576,0
DIA.US,5,20251112,190000,483.43,483.57,483.375,483.4,29969,0
DIA.US,5,20251112,190500,483.39,483.48,483.16,483.16,49147,0
DIA.US,5,20251112,191000,483.21,483.6,483.169,483.57,35619,0
DIA.US,5,20251112,191500,483.585,483.62,483.43,483.49,36171,0
DIA.US,5,20251112,192000,483.48,483.48,483.23,483.23,24718,0
DIA.US,5,20251112,192500,483.29,483.36,483.025,483.2,23437,0
DIA.US,5,20251112,193000,483.21,483.45,483.17,483.44,19834,0
DIA.US,5,20251112,193500,483.45,483.62,483.33,483.61,19964,0
DIA.US,5,20251112,194000,483.63,483.68,483.31,483.32,30817,0
DIA.US,5,20251112,194500,483.31,483.52,483.3,483.44,24731,0
DIA.US,5,20251112,195000,483.415,483.49,483.32,483.34,23448,0
DIA.US,5,20251112,195500,483.33,483.43,483.28,483.34,36675,0
DIA.US,5,20251112,200000,483.37,483.39,483.17,483.245,81237,0
DIA.US,5,20251112,200500,483.25,483.28,483.05,483.21,22564,0
DIA.US,5,20251112,201000,483.19,483.19,482.905,482.92,31447,0
DIA.US,5,20251112,201500,482.92,482.93,482.78,482.825,31955,0
DIA.US,5,20251112,202000,482.82,482.97,482.63,482.755,33715,0
DIA.US,5,20251112,202500,482.82,482.99,482.61,482.7,23815,0
DIA.US,5,20251112,203000,482.71,482.75,482.46,482.54,63195,0
DIA.US,5,20251112,203500,482.535,483.06,482.51,483.01,56816,0
DIA.US,5,20251112,204000,482.99,483.145,482.84,482.98,40612,0
DIA.US,5,20251112,204500,482.99,483.18,482.9099,482.9099,32037,0
DIA.US,5,20251112,205000,482.9,483.015,482.69,482.97,41880,0
DIA.US,5,20251112,205500,482.99,483.13,482.71,482.84,67540,0
DIA.US,5,20251112,210000,482.83,482.9,482.73,482.88,47510,0
DIA.US,5,20251112,210500,482.85,482.95,482.58,482.86,43486,0
DIA.US,5,20251112,211000,482.85,483.04,482.8,482.985,29508,0
DIA.US,5,20251112,211500,482.99,483.25,482.91,483.21,20840,0
DIA.US,5,20251112,212000,483.23,483.27,483.02,483.03,43896,0
DIA.US,5,20251112,212500,483.05,483.34,483.01,483.23,39870,0
DIA.US,5,20251112,213000,483.22,483.57,483.065,483.4,67428,0
DIA.US,5,20251112,213500,483.4145,483.42,483.065,483.22,52959,0
DIA.US,5,20251112,214000,483.25,483.61,483.24,483.59,55555,0
DIA.US,5,20251112,214500,483.59,483.595,483.25,483.28,93399,0
DIA.US,5,20251112,215000,483.28,483.5393,483.2,483.2588,175922,0
DIA.US,5,20251112,215500,483.27,483.27,482.52,482.84,478496,0
DIA.US,5,20251113,153000,481.4,482.41,481.29,481.98,257116,0
DIA.US,5,20251113,153500,482.02,482.1,481.38,481.48,173069,0
DIA.US,5,20251113,154000,481.47,482,481.2701,481.69,209818,0
DIA.US,5,20251113,154500,481.69,482.01,481.43,481.82,140824,0
DIA.US,5,20251113,155000,481.85,482.1,481.33,481.34,116154,0
DIA.US,5,20251113,155500,481.4,481.64,481.08,481.48,159643,0
DIA.US,5,20251113,160000,481.49,481.81,481.1506,481.29,174406,0
DIA.US,5,20251113,160500,481.3,482.13,481.27,482.09,131598,0
DIA.US,5,20251113,161000,482.07,482.4,481.89,481.95,134869,0
DIA.US,5,20251113,161500,481.97,482.09,481.74,481.98,110176,0
DIA.US,5,20251113,162000,482,482.24,481.87,482.07,97187,0
DIA.US,5,20251113,162500,482.03,482.03,481.37,481.41,92902,0
DIA.US,5,20251113,163000,481.41,481.51,480.77246,480.84,108994,0
DIA.US,5,20251113,163500,480.83,481.02,480.4,480.64,90179,0
DIA.US,5,20251113,164000,480.62,480.69,480.21,480.31,65761,0
DIA.US,5,20251113,164500,480.34,480.41,479.59,479.67,102351,0
DIA.US,5,20251113,165000,479.67,479.73,479.28,479.37,90896,0
DIA.US,5,20251113,165500,479.38,479.56,479.14,479.54,121255,0
DIA.US,5,20251113,170000,479.48,479.6598,479.2,479.27,93119,0
DIA.US,5,20251113,170500,479.24,479.37,478.96,479.31,92256,0
DIA.US,5,20251113,171000,479.3,479.35,478.93,479.0302,69482,0
DIA.US,5,20251113,171500,479.02,479.17,478.48,478.65,131709,0
DIA.US,5,20251113,172000,478.63,479.05,478.62,478.7,72828,0
DIA.US,5,20251113,172500,478.7,478.99,478.47,478.83,75380,0
DIA.US,5,20251113,173000,478.81,479.39,478.7,479.33,103277,0
DIA.US,5,20251113,173500,479.34,479.42,478.3,478.34,104280,0
DIA.US,5,20251113,174000,478.38,478.42,477.73,477.91,78124,0
DIA.US,5,20251113,174500,477.9,478.24,477.69,478.2,63128,0
DIA.US,5,20251113,175000,478.17,478.42,477.86,478.05,64591,0
DIA.US,5,20251113,175500,478.07,478.53,477.76,478.41,83472,0
DIA.US,5,20251113,180000,478.41,478.56,477.99,478.43,76965,0
DIA.US,5,20251113,180500,478.42,478.76,477.96,477.98,76532,0
DIA.US,5,20251113,181000,477.98,478.24,477.83,477.94,48247,0
DIA.US,5,20251113,181500,477.96,478.46,477.96,478.21,68480,0
DIA.US,5,20251113,182000,478.22,478.55,478.0995,478.44,62052,0
DIA.US,5,20251113,182500,478.45,478.69,478.18,478.58,50900,0
DIA.US,5,20251113,183000,478.58,479.05,478.58,478.79,68927,0
DIA.US,5,20251113,183500,478.79,478.85,478.28,478.83,39366,0
DIA.US,5,20251113,184000,478.85,478.86,478.18,478.21,35704,0
DIA.US,5,20251113,184500,478.23,478.23,477.7,477.9,51879,0
DIA.US,5,20251113,185000,477.94,478.27,477.59,478.03,61554,0
DIA.US,5,20251113,185500,478.05,478.05,477.56,477.67,71274,0
DIA.US,5,20251113,190000,477.7,477.88,477.54,477.68,45789,0
DIA.US,5,20251113,190500,477.73,478.05,477.62,477.69,33210,0
DIA.US,5,20251113,191000,477.68,477.9,477.44,477.71,127141,0
DIA.US,5,20251113,191500,477.76,477.8,477.27,477.35,47731,0
DIA.US,5,20251113,192000,477.36,477.61,477.29,477.39,36207,0
DIA.US,5,20251113,192500,477.37,477.37,476.92,476.99,51415,0
DIA.US,5,20251113,193000,476.98,477.05,476.66,476.78,60068,0
DIA.US,5,20251113,193500,476.79,476.82,476.05,476.13,93496,0
DIA.US,5,20251113,194000,476.17,476.44,475.97,476.43,98236,0
DIA.US,5,20251113,194500,476.41,476.61,476.19,476.53,142230,0
DIA.US,5,20251113,195000,476.53,476.64,476.26,476.3,122205,0
DIA.US,5,20251113,195500,476.31,476.48,476.19,476.39,62848,0
DIA.US,5,20251113,200000,476.45,476.5,476.05,476.16,99964,0
DIA.US,5,20251113,200500,476.14,476.3893,475.76,476.1258,74140,0
DIA.US,5,20251113,201000,476.16,476.17,475.79,475.87,48134,0
DIA.US,5,20251113,201500,475.87,476.28,475.8155,475.99,53233,0
DIA.US,5,20251113,202000,476,476.34,475.87,476.19,62276,0
DIA.US,5,20251113,202500,476.245,476.65,476.23,476.65,61849,0
DIA.US,5,20251113,203000,476.63,476.76,476.29,476.41,111449,0
DIA.US,5,20251113,203500,476.4,476.55,475.74,475.93,58403,0
DIA.US,5,20251113,204000,475.9,475.9,475.355,475.6,51010,0
DIA.US,5,20251113,204500,475.63,475.76,475.29,475.33,54153,0
DIA.US,5,20251113,205000,475.39,475.7,475.06,475.07,48603,0
DIA.US,5,20251113,205500,475.06,475.37,474.54,475.23,84167,0
DIA.US,5,20251113,210000,475.25,475.31,474.78,474.82,89354,0
DIA.US,5,20251113,210500,474.82,475.19,474.6,475.07,59066,0
DIA.US,5,20251113,211000,475.06,475.19,474.6951,474.91,64935,0
DIA.US,5,20251113,211500,474.92,475.15,474.59,474.63,91813,0
DIA.US,5,20251113,212000,474.61,474.69,474.22,474.58,83831,0
DIA.US,5,20251113,212500,474.6,474.64,474.25,474.61,114043,0
DIA.US,5,20251113,213000,474.62,474.96,474.39,474.95,108026,0
DIA.US,5,20251113,213500,474.94,475.54,474.93,475.49,141300,0
DIA.US,5,20251113,214000,475.49,475.7,475.07,475.18,100263,0
DIA.US,5,20251113,214500,475.18,475.23,474.61,474.62,156207,0
DIA.US,5,20251113,215000,474.6,475.09,474.45,474.47,250788,0
DIA.US,5,20251113,215500,474.49,474.84,474.26,474.75,486291,0
DIA.US,5,20251114,153000,471.38,471.44,469.03,469.15,505028,0
DIA.US,5,20251114,153500,469.16,469.99,468.96,469.55,408770,0
DIA.US,5,20251114,154000,469.53,469.76,468.93,469.66,319122,0
DIA.US,5,20251114,154500,469.66,470.56,469.51,470.26,277171,0
DIA.US,5,20251114,155000,470.3,470.38,469.35,469.62,184398,0
DIA.US,5,20251114,155500,469.64,470.34,469.29,470.27,199805,0
DIA.US,5,20251114,160000,470.26,470.27,469.02,469.12,264553,0
DIA.US,5,20251114,160500,469.13,469.89,468.87,469.81,215463,0
DIA.US,5,20251114,161000,469.79,469.84,469.21,469.37,249699,0
DIA.US,5,20251114,161500,469.37,470.34,469.28,470.25,163462,0
DIA.US,5,20251114,162000,470.25,470.94,470.09,470.15,177226,0
DIA.US,5,20251114,162500,470.15,471.17,469.67,471.13,190624,0
DIA.US,5,20251114,163000,471.13,471.26,470.56,470.72,166089,0
DIA.US,5,20251114,163500,470.67,471.37,470.54,471.36,114034,0
DIA.US,5,20251114,164000,471.33,471.55,471.09,471.19,135982,0
DIA.US,5,20251114,164500,471.18,472.03,471.065,471.81,177108,0
DIA.US,5,20251114,165000,471.81,472.05,471.61,471.91,127019,0
DIA.US,5,20251114,165500,471.895,471.92,471.49,471.77,91205,0
DIA.US,5,20251114,170000,471.79,471.93,471.35,471.41,112320,0
DIA.US,5,20251114,170500,471.4,471.59,471.05,471.36,120153,0
DIA.US,5,20251114,171000,471.35,472.19,471.17,471.94,78260,0
DIA.US,5,20251114,171500,471.93,472.26,471.74,472.19,99319,0
DIA.US,5,20251114,172000,472.19,472.71,471.84,472.65,117987,0
DIA.US,5,20251114,172500,472.64,473.35,472.57,473.12,90091,0
DIA.US,5,20251114,173000,473.12,473.18,472.55,472.735,77618,0
DIA.US,5,20251114,173500,472.78,473.39,472.75,473.37,60933,0
DIA.US,5,20251114,174000,473.375,473.53,472.75,472.86,83673,0
DIA.US,5,20251114,174500,472.86,472.99,472.37,472.94,73065,0
DIA.US,5,20251114,175000,472.91,473.21,472.91,473.14,42658,0
DIA.US,5,20251114,175500,473.14,473.45,472.94,473.425,66036,0
DIA.US,5,20251114,180000,473.41,473.52,473.14,473.48,60562,0
DIA.US,5,20251114,180500,473.48,473.68,473.33,473.5,117655,0
DIA.US,5,20251114,181000,473.53,473.95,473.53,473.65,168433,0
DIA.US,5,20251114,181500,473.67,473.83,473.35,473.77,59460,0
DIA.US,5,20251114,182000,473.77,473.91,473.52,473.54,67436,0
DIA.US,5,20251114,182500,473.54,473.57,473.09,473.53,78262,0
DIA.US,5,20251114,183000,473.5,473.5,473.02,473.45,40637,0
DIA.US,5,20251114,183500,473.5,474.05,473.4,473.915,43341,0
DIA.US,5,20251114,184000,473.92,473.92,473.37,473.57,78151,0
DIA.US,5,20251114,184500,473.58,473.82,473.121,473.165,42950,0
DIA.US,5,20251114,185000,473.18,473.35,472.7,473.309,55639,0
DIA.US,5,20251114,185500,473.3,473.53,473.09,473.26,45766,0
DIA.US,5,20251114,190000,473.22,473.23,472.23,472.32,65305,0
DIA.US,5,20251114,190500,472.31,472.82,472.18,472.81,72764,0
DIA.US,5,20251114,191000,472.8,473.36,472.55,473.355,76316,0
DIA.US,5,20251114,191500,473.34,473.37,472.49,472.57,63917,0
DIA.US,5,20251114,192000,472.58,472.61,472.08,472.32,56680,0
DIA.US,5,20251114,192500,472.34,472.73,472.16,472.725,43177,0
DIA.US,5,20251114,193000,472.69,473.03,472.52,472.82,50423,0
DIA.US,5,20251114,193500,472.81,472.85,472.15,472.23,45508,0
DIA.US,5,20251114,194000,472.23,472.23,471.82,471.86,52030,0
DIA.US,5,20251114,194500,471.86,472.06,471.79,471.93,35363,0
DIA.US,5,20251114,195000,471.95,472.945,471.95,472.92,50532,0
DIA.US,5,20251114,195500,472.92,473.08,472.62,472.87,97538,0
DIA.US,5,20251114,200000,472.86,473.11,472.69,472.78,68241,0
DIA.US,5,20251114,200500,472.77,472.83,472.27,472.49,99649,0
DIA.US,5,20251114,201000,472.49,472.79,472.36,472.77,40393,0
DIA.US,5,20251114,201500,472.795,472.98,472.62,472.685,42348,0
DIA.US,5,20251114,202000,472.73,473.34,472.73,473.28,74194,0
DIA.US,5,20251114,202500,473.25,473.26,472.832,473.025,53324,0
DIA.US,5,20251114,203000,473.09,473.24,472.78,472.975,51096,0
DIA.US,5,20251114,203500,472.95,473.255,472.86,473.16,53208,0
DIA.US,5,20251114,204000,473.16,473.18,472.89,473.06,57619,0
DIA.US,5,20251114,204500,473.08,473.46,472.96,472.99,105648,0
DIA.US,5,20251114,205000,472.97,473.29,472.96,473.19,65919,0
DIA.US,5,20251114,205500,473.19,473.4,472.98,473.3116,86052,0
DIA.US,5,20251114,210000,473.29,473.58,473.18,473.39,85831,0
DIA.US,5,20251114,210500,473.37,473.4,472.71,472.85,88124,0
DIA.US,5,20251114,211000,472.84,473.08,472.67,472.7148,58062,0
DIA.US,5,20251114,211500,472.72,472.83,472.21,472.275,67790,0
DIA.US,5,20251114,212000,472.26,472.34,471.71,471.98,60303,0
DIA.US,5,20251114,212500,471.91,472.2,471.84,472.05,43221,0
DIA.US,5,20251114,213000,472.04,472.17,471.8,472.1,48036,0
DIA.US,5,20251114,213500,472.09,472.27,471.88,472.035,81128,0
DIA.US,5,20251114,214000,472.03,472.03,471.68,471.83,64368,0
DIA.US,5,20251114,214500,471.8,472.05,471.34,471.34,110792,0
DIA.US,5,20251114,215000,471.37,472.08,471.33,471.84,190118,0
DIA.US,5,20251114,215500,471.825,471.88,471.39,471.87,366885,0
DIA.US,5,20251117,153000,470.87,471.5,470.31,471.5,184355,0
DIA.US,5,20251117,153500,471.63,472.36,471.49,472.25,162138,0
DIA.US,5,20251117,154000,472.27,472.27,471.45,471.5,136137,0
DIA.US,5,20251117,154500,471.48,471.89,471.28,471.33,120280,0
DIA.US,5,20251117,155000,471.34,471.73,471.27,471.7,111903,0
DIA.US,5,20251117,155500,471.71,471.76,471.279,471.34,110041,0
DIA.US,5,20251117,160000,471.37,471.72,471.23,471.26,135235,0
DIA.US,5,20251117,160500,471.24,471.66,470.92,471.115,184336,0
DIA.US,5,20251117,161000,471.15,471.69,471.09,471.57,94461,0
DIA.US,5,20251117,161500,471.55,472.03,471.29,471.35,93452,0
DIA.US,5,20251117,162000,471.35,471.965,471.2,471.75,119171,0
DIA.US,5,20251117,162500,471.77,471.97,471.39,471.845,80927,0
DIA.US,5,20251117,163000,471.8,471.93,470.8,470.94,58123,0
DIA.US,5,20251117,163500,470.95,471.2,470.6435,470.66,55236,0
DIA.US,5,20251117,164000,470.67,471.26,470.35,471.25,73293,0
DIA.US,5,20251117,164500,471.25,471.55,470.95,471,36589,0
DIA.US,5,20251117,165000,471.02,471.26,470.74,471.11,38025,0
DIA.US,5,20251117,165500,471.13,471.3,470.72,470.83,49086,0
DIA.US,5,20251117,170000,470.83,470.95,470.41,470.665,74126,0
DIA.US,5,20251117,170500,470.66,470.74,469.78,469.97,60961,0
DIA.US,5,20251117,171000,469.93,470.18,469.43,469.46,49679,0
DIA.US,5,20251117,171500,469.4,469.41,468.86,469.12,66579,0
DIA.US,5,20251117,172000,469.1,469.49,469.03,469.45,71192,0
DIA.US,5,20251117,172500,469.45,470.69,469.35,470.66,93778,0
DIA.US,5,20251117,173000,470.63,471.22,470.6,470.84,54240,0
DIA.US,5,20251117,173500,470.89,471.22,470.68,471.01,52120,0
DIA.US,5,20251117,174000,471.05,471.56,471.01,471.2,81176,0
DIA.US,5,20251117,174500,471.22,471.53,471.15,471.475,42555,0
DIA.US,5,20251117,175000,471.48,471.78,471.48,471.6,34995,0
DIA.US,5,20251117,175500,471.53,471.8,471.29,471.8,31473,0
DIA.US,5,20251117,180000,471.82,471.85,471.54,471.57,38032,0
DIA.US,5,20251117,180500,471.59,471.69,471.32,471.55,33214,0
DIA.US,5,20251117,181000,471.55,471.69,471.33,471.63,38538,0
DIA.US,5,20251117,181500,471.65,471.79,471.42,471.65,44373,0
DIA.US,5,20251117,182000,471.67,471.82,471.5,471.65,56873,0
DIA.US,5,20251117,182500,471.645,471.85,471.42,471.85,48595,0
DIA.US,5,20251117,183000,471.86,471.98,471.46,471.77,41146,0
DIA.US,5,20251117,183500,471.77,471.9,471.24,471.35,40582,0
DIA.US,5,20251117,184000,471.315,471.38,470.96,471.06,45411,0
DIA.US,5,20251117,184500,471.07,471.1,470.58,471.01,57312,0
DIA.US,5,20251117,185000,471.01,471.03,470.41,470.46,35257,0
DIA.US,5,20251117,185500,470.46,470.49,470.06,470.08,43100,0
DIA.US,5,20251117,190000,470.1,470.13,469.52,469.58,62252,0
DIA.US,5,20251117,190500,469.59,469.9,469.385,469.53,51549,0
DIA.US,5,20251117,191000,469.5,470.04,469.43,469.73,72068,0
DIA.US,5,20251117,191500,469.74,469.83,469.47,469.67,53890,0
DIA.US,5,20251117,192000,469.69,469.92,469.48,469.52,37546,0
DIA.US,5,20251117,192500,469.52,469.63,469.33,469.52,31026,0
DIA.US,5,20251117,193000,469.49,469.51,469.07,469.25,46006,0
DIA.US,5,20251117,193500,469.24,469.28,469,469.05,47139,0
DIA.US,5,20251117,194000,469.08,469.26,468.81,469.23,32059,0
DIA.US,5,20251117,194500,469.21,469.8902,469.21,469.54,54702,0
DIA.US,5,20251117,195000,469.57,469.78,468.99,469.03,42922,0
DIA.US,5,20251117,195500,468.99,468.99,467.95,467.95,81493,0
DIA.US,5,20251117,200000,467.945,468.07,467.43,467.73,117028,0
DIA.US,5,20251117,200500,467.69,467.79,467.47,467.64,67476,0
DIA.US,5,20251117,201000,467.63,467.81,467.26,467.32,51850,0
DIA.US,5,20251117,201500,467.33,467.6,467.17,467.29,73230,0
DIA.US,5,20251117,202000,467.3,467.46,467.13,467.35,73151,0
DIA.US,5,20251117,202500,467.37,467.43,466.87,467.33,70549,0
DIA.US,5,20251117,203000,467.3,467.515,466.69,466.775,70386,0
DIA.US,5,20251117,203500,466.79,467.02,466.15,466.16,96132,0
DIA.US,5,20251117,204000,466.16,466.39,465.96,466.3586,78034,0
DIA.US,5,20251117,204500,466.34,466.35,465.73,465.99,69129,0
DIA.US,5,20251117,205000,465.97,466.13,465.76,465.8,69599,0
DIA.US,5,20251117,205500,465.82,465.85,464.97,465,114220,0
DIA.US,5,20251117,210000,464.99,465.07,464.54,464.91,159063,0
DIA.US,5,20251117,210500,464.8624,465.25,464.83,465.06,100485,0
DIA.US,5,20251117,211000,465.01,465.45,465.01,465.04,107746,0
DIA.US,5,20251117,211500,465.06,465.73,464.9,465.25,162662,0
DIA.US,5,20251117,212000,465.21,465.5,465.03,465.39,80952,0
DIA.US,5,20251117,212500,465.38,465.75,465.28,465.66,100906,0
DIA.US,5,20251117,213000,465.66,465.94,465.25,465.37,105511,0
DIA.US,5,20251117,213500,465.31,465.85,465.3,465.38,81206,0
DIA.US,5,20251117,214000,465.34,465.7299,465.05,465.72,99977,0
DIA.US,5,20251117,214500,465.71,466.365,465.65,465.98,185391,0
DIA.US,5,20251117,215000,465.99,466.42,465.7,465.935,231632,0
DIA.US,5,20251117,215500,465.9,466.36,465.865,466.27,509580,0
DIA.US,5,20251118,153000,462.17,462.97,460.9101,462.47,353198,0
DIA.US,5,20251118,153500,462.46,462.98,462.38,462.55,329436,0
DIA.US,5,20251118,154000,462.54,462.92,462.18,462.6,364785,0
DIA.US,5,20251118,154500,462.61,463.64,462.06,462.24,316757,0
DIA.US,5,20251118,155000,462.21,462.26,461.35,461.755,242952,0
DIA.US,5,20251118,155500,461.75,461.94,460.93,461.33,185396,0
DIA.US,5,20251118,160000,461.26,461.77,460.215,460.32,253388,0
DIA.US,5,20251118,160500,460.3,461.26,460.05,461,299920,0
DIA.US,5,20251118,161000,460.95,461.3,460.36,460.9,225430,0
DIA.US,5,20251118,161500,460.89,460.95,459.9,460.21,205681,0
DIA.US,5,20251118,162000,460.17,461.67,460.085,461.1,230914,0
DIA.US,5,20251118,162500,461.11,461.65,460.77,460.9,171839,0
DIA.US,5,20251118,163000,460.92,461.68,460.71,460.73,411398,0
DIA.US,5,20251118,163500,460.75,460.86,460.1,460.63,141250,0
DIA.US,5,20251118,164000,460.6,460.96,460.2,460.75,329268,0
DIA.US,5,20251118,164500,460.7201,460.75,460.2,460.41,173426,0
DIA.US,5,20251118,165000,460.41,460.78,460.05,460.525,98467,0
DIA.US,5,20251118,165500,460.54,460.91,459.97,459.99,105791,0
DIA.US,5,20251118,170000,459.97,460.32,459.53,459.91,119468,0
DIA.US,5,20251118,170500,459.91,460.66,459.59,460.63,120261,0
DIA.US,5,20251118,171000,460.64,461.26,460.615,460.82,120937,0
DIA.US,5,20251118,171500,460.75,461.16,460.46,461,91282,0
DIA.US,5,20251118,172000,460.98,461.6449,460.945,461.56,110739,0
DIA.US,5,20251118,172500,461.62,462.45,461.58,462.32,141036,0
DIA.US,5,20251118,173000,462.33,462.62,462.1748,462.22,111839,0
DIA.US,5,20251118,173500,462.22,462.7,462.03,462.13,122113,0
DIA.US,5,20251118,174000,462.11,462.53,461.86,462.4,84906,0
DIA.US,5,20251118,174500,462.47,462.54,461.66,462.075,152612,0
DIA.US,5,20251118,175000,462.06,462.28,461.57,461.85,61054,0
DIA.US,5,20251118,175500,461.9,462.34,461.63,461.66,73229,0
DIA.US,5,20251118,180000,461.67,461.92,461.43,461.54,69257,0
DIA.US,5,20251118,180500,461.515,461.65,461.04,461.26,107356,0
DIA.US,5,20251118,181000,461.27,461.48,460.77,460.81,84846,0
DIA.US,5,20251118,181500,460.84,461.25,460.66,461.1,86355,0
DIA.US,5,20251118,182000,461.11,461.39,460.73,460.78,95549,0
DIA.US,5,20251118,182500,460.73,461.01,459.97,459.98,85266,0
DIA.US,5,20251118,183000,459.96,460.31,459.55,460.2758,90593,0
DIA.US,5,20251118,183500,460.25,461.67,460.18,461.66,147187,0
DIA.US,5,20251118,184000,461.67,462.7,461.67,462.53,148172,0
DIA.US,5,20251118,184500,462.525,462.98,461.98,462.93,103930,0
DIA.US,5,20251118,185000,462.92,463.25,462.47,463.0916,119805,0
DIA.US,5,20251118,185500,463.08,463.5,462.95,463.06,115729,0
DIA.US,5,20251118,190000,463.1,463.46,463,463.24,74917,0
DIA.US,5,20251118,190500,463.215,463.63,463.11,463.34,98522,0
DIA.US,5,20251118,191000,463.38,463.71,463.06,463.15,74154,0
DIA.US,5,20251118,191500,463.19,463.42,462.89,463.4,90291,0
DIA.US,5,20251118,192000,463.3627,463.55,462.91,463.36,61562,0
DIA.US,5,20251118,192500,463.28,463.61,463,463.04,54993,0
DIA.US,5,20251118,193000,463.06,463.69,463.06,463.56,46612,0
DIA.US,5,20251118,193500,463.59,463.69,462.88,463.48,47435,0
DIA.US,5,20251118,194000,463.53,464.1,463.07,463.45,132460,0
DIA.US,5,20251118,194500,463.45,463.69,463.17,463.63,85364,0
DIA.US,5,20251118,195000,463.6,463.84,463.53,463.56,56556,0
DIA.US,5,20251118,195500,463.56,463.56,462.64,462.82,106868,0
DIA.US,5,20251118,200000,462.84,463.52,462.75,462.92,108759,0
DIA.US,5,20251118,200500,462.92,463.25,462.78,463.19,50597,0
DIA.US,5,20251118,201000,463.25,463.481,462.89,463.3,86451,0
DIA.US,5,20251118,201500,463.3,463.51,462.81,463.47,69615,0
DIA.US,5,20251118,202000,463.47,463.6,462.7,462.86,73077,0
DIA.US,5,20251118,202500,462.91,463.23,462.68,462.8,80061,0
DIA.US,5,20251118,203000,462.82,463.02,462.61,462.74,77200,0
DIA.US,5,20251118,203500,462.79,463.85,462.7,463.81,119120,0
DIA.US,5,20251118,204000,463.81,464.01,462.88,463.02,110105,0
DIA.US,5,20251118,204500,463.02,463.86,463.02,463.41,109678,0
DIA.US,5,20251118,205000,463.36,463.45,462.88,462.93,112519,0
DIA.US,5,20251118,205500,462.9,463.72,462.77,463.69,97966,0
DIA.US,5,20251118,210000,463.71,464.045,463.32,463.38,124351,0
DIA.US,5,20251118,210500,463.385,463.42,463.04,463.13,85773,0
DIA.US,5,20251118,211000,463.08,463.29,462.85,463,75658,0
DIA.US,5,20251118,211500,462.99,463.14,462.75,462.78,91830,0
DIA.US,5,20251118,212000,462.82,463.19,462.59,462.63,85373,0
DIA.US,5,20251118,212500,462.66,462.67,461.91,462.29,88008,0
DIA.US,5,20251118,213000,462.35,462.51,462.01,462.07,86436,0
DIA.US,5,20251118,213500,462.08,462.58,462.01,462.43,114052,0
DIA.US,5,20251118,214000,462.41,462.51,462,462.03,108366,0
DIA.US,5,20251118,214500,462.02,462.16,461.56,461.57,144843,0
DIA.US,5,20251118,215000,461.6,462.49,461.58,461.96,278709,0
DIA.US,5,20251118,215500,461.965,462.31,461.2101,461.33,385782,0
DIA.US,5,20251119,153000,461.51,461.775,460.69,461.51,246395,0
DIA.US,5,20251119,153500,461.57,461.8,461.28,461.65,181645,0
DIA.US,5,20251119,154000,461.64,461.65,461.17,461.28,127441,0
DIA.US,5,20251119,154500,461.245,461.8,461.07,461.52,131234,0
DIA.US,5,20251119,155000,461.54,461.59,460.85,461.42,69880,0
DIA.US,5,20251119,155500,461.39,462.46,461.28,462.38,78362,0
DIA.US,5,20251119,160000,462.36,462.52,462.19,462.45,97251,0
DIA.US,5,20251119,160500,462.47,462.58,462.28,462.51,79806,0
DIA.US,5,20251119,161000,462.52,462.9518,462.28,462.86,65575,0
DIA.US,5,20251119,161500,462.85,463.4,462.82,462.85,110600,0
DIA.US,5,20251119,162000,462.815,463.01,462.41,462.51,110187,0
DIA.US,5,20251119,162500,462.525,462.56,461.87,462.12,99442,0
DIA.US,5,20251119,163000,462.145,462.41,462.08,462.27,36951,0
DIA.US,5,20251119,163500,462.27,462.32,461.89,461.94,49151,0
DIA.US,5,20251119,164000,461.94,461.98,461.49,461.79,43219,0
DIA.US,5,20251119,164500,461.76,461.8,461.38,461.39,40265,0
DIA.US,5,20251119,165000,461.33,461.35,460.91,461.105,55714,0
DIA.US,5,20251119,165500,461.13,461.15,460.24,460.43,46441,0
DIA.US,5,20251119,170000,460.33,460.83,460.2727,460.54,62257,0
DIA.US,5,20251119,170500,460.54,460.61,459.98,460.25,42030,0
DIA.US,5,20251119,171000,460.31,460.47,460.12,460.37,34268,0
DIA.US,5,20251119,171500,460.41,460.52,460.14,460.47,50319,0
DIA.US,5,20251119,172000,460.396,460.7,459.87,459.9,40022,0
DIA.US,5,20251119,172500,459.9,460.31,459.73,460.1125,54006,0
DIA.US,5,20251119,173000,460.13,460.35,460.01,460.23,29381,0
DIA.US,5,20251119,173500,460.28,460.28,459.8,459.84,38632,0
DIA.US,5,20251119,174000,459.8,460.32,459.57,460.21,35785,0
DIA.US,5,20251119,174500,460.18,460.4,459.86,459.99,46013,0
DIA.US,5,20251119,175000,459.99,460.4058,459.86,460.3,33494,0
DIA.US,5,20251119,175500,460.28,460.79,460.07,460.77,48626,0
DIA.US,5,20251119,180000,460.75,461.26,460.39,460.4,74430,0
DIA.US,5,20251119,180500,460.41,460.75,460.14,460.46,50098,0
DIA.US,5,20251119,181000,460.49,460.72,460.16,460.34,57109,0
DIA.US,5,20251119,181500,460.38,460.7272,460.28,460.39,41425,0
DIA.US,5,20251119,182000,460.31,460.66,460.165,460.34,40509,0
DIA.US,5,20251119,182500,460.37,460.79,460.13,460.6796,38230,0
DIA.US,5,20251119,183000,460.65,460.84,460.21,460.28,40580,0
DIA.US,5,20251119,183500,460.3,460.3,459.51,459.745,67685,0
DIA.US,5,20251119,184000,459.69,461.13,459.54,460.82,71909,0
DIA.US,5,20251119,184500,460.9,460.92,460.15,460.39,52843,0
DIA.US,5,20251119,185000,460.34,461.05,460.34,460.85,43134,0
DIA.US,5,20251119,185500,460.86,461.18,460.59,460.73,29977,0
DIA.US,5,20251119,190000,460.71,461.28,460.63,461.24,24734,0
DIA.US,5,20251119,190500,461.23,461.32,460.93,461.2787,50708,0
DIA.US,5,20251119,191000,461.3,461.53,461.04,461.37,47873,0
DIA.US,5,20251119,191500,461.41,461.471,460.92,461.15,41913,0
DIA.US,5,20251119,192000,461.13,461.8,461.12,461.61,30547,0
DIA.US,5,20251119,192500,461.6543,461.74,460.87,460.88,32065,0
DIA.US,5,20251119,193000,460.9,461.27,460.84,461.16,43788,0
DIA.US,5,20251119,193500,461.22,462.1,461.13,461.6399,74024,0
DIA.US,5,20251119,194000,461.6702,461.78,460.96,461.1,49500,0
DIA.US,5,20251119,194500,461.1,461.11,460.61,460.79,26592,0
DIA.US,5,20251119,195000,460.84,461.6712,460.84,461.64,24688,0
DIA.US,5,20251119,195500,461.63,462.01,461.57,461.81,18225,0
DIA.US,5,20251119,200000,461.85,461.88,461.29,461.53,54220,0
DIA.US,5,20251119,200500,461.47,461.6,461.26,461.44,32139,0
DIA.US,5,20251119,201000,461.36,461.36,460.99,461.23,24761,0
DIA.US,5,20251119,201500,461.3,461.38,460.66,460.74,20047,0
DIA.US,5,20251119,202000,460.62,460.8225,460.4201,460.54,16666,0
DIA.US,5,20251119,202500,460.53,460.53,459.65,459.83,35274,0
DIA.US,5,20251119,203000,459.84,460.12,459.68,459.9,38208,0
DIA.US,5,20251119,203500,459.9,460.07,459.61,459.67,31900,0
DIA.US,5,20251119,204000,459.66,459.85,459.54,459.67,46520,0
DIA.US,5,20251119,204500,459.72,459.86,459.42,459.73,43572,0
DIA.US,5,20251119,205000,459.72,460.55,459.72,460.52,47670,0
DIA.US,5,20251119,205500,460.57,460.84,460.25,460.5,68196,0
DIA.US,5,20251119,210000,460.49,460.83,460.36,460.77,43302,0
DIA.US,5,20251119,210500,460.73,460.96,460.68,460.88,38476,0
DIA.US,5,20251119,211000,460.9,461.27,460.8402,461.2,50201,0
DIA.US,5,20251119,211500,461.2199,462.29,461.21,462.22,52851,0
DIA.US,5,20251119,212000,462.22,462.44,461.59,461.86,62935,0
DIA.US,5,20251119,212500,461.86,462.04,461.61,461.88,34364,0
DIA.US,5,20251119,213000,461.88,461.95,461.63,461.86,46816,0
DIA.US,5,20251119,213500,461.85,462.6,461.85,462.19,48652,0
DIA.US,5,20251119,214000,462.2,462.24,461.63,461.99,87932,0
DIA.US,5,20251119,214500,461.98,461.98,461.08,461.09,91225,0
DIA.US,5,20251119,215000,461.11,462.08,460.95,461.92,149182,0
DIA.US,5,20251119,215500,461.93,462.25,461.6,461.72,282405,0
DIA.US,5,20251120,153000,466.64,468.24,466.46,467.82,446773,0
DIA.US,5,20251120,153500,467.82,468.14,467.48,467.63,313007,0
DIA.US,5,20251120,154000,467.64,468.03,467.3,467.65,219641,0
DIA.US,5,20251120,154500,467.65,468.6,467.26,468.28,184602,0
DIA.US,5,20251120,155000,468.28,468.38,467.5889,467.7,165089,0
DIA.US,5,20251120,155500,467.71,468.38,467.561,468.29,143191,0
DIA.US,5,20251120,160000,468.42,468.67,468.29,468.52,114855,0
DIA.US,5,20251120,160500,468.5,468.509,467.2,467.28,173332,0
DIA.US,5,20251120,161000,467.27,467.76,467.22,467.33,86634,0
DIA.US,5,20251120,161500,467.35,468.15,467.142,468.03,89548,0
DIA.US,5,20251120,162000,468.1,468.71,467.89,468.61,73409,0
DIA.US,5,20251120,162500,468.62,468.85,468.3,468.805,72294,0
DIA.US,5,20251120,163000,468.79,468.89,468.14,468.26,63189,0
DIA.US,5,20251120,163500,468.235,469,468.2,468.96,53365,0
DIA.US,5,20251120,164000,469,469.03,468.62,468.87,49733,0
DIA.US,5,20251120,164500,468.91,468.97,468.04,468.24,66601,0
DIA.US,5,20251120,165000,468.25,468.4,467.91,467.92,40686,0
DIA.US,5,20251120,165500,467.9,467.92,467.45,467.48,77748,0
DIA.US,5,20251120,170000,467.47,467.51,467.06,467.1,75202,0
DIA.US,5,20251120,170500,467.09,467.35,466.66,466.7,116030,0
DIA.US,5,20251120,171000,466.7,466.76,465.94,465.97,116139,0
DIA.US,5,20251120,171500,465.98,465.98,464.88,465.05,171995,0
DIA.US,5,20251120,172000,465.04,465.29,464.48,464.69,194424,0
DIA.US,5,20251120,172500,464.68,465.49,464.35,464.81,208709,0
DIA.US,5,20251120,173000,464.84,464.97,464.32,464.51,111857,0
DIA.US,5,20251120,173500,464.5,464.63,463.4,463.89,144412,0
DIA.US,5,20251120,174000,463.91,463.91,463.04,463.2101,171644,0
DIA.US,5,20251120,174500,463.2,463.36,462.64,463,152551,0
DIA.US,5,20251120,175000,463.04,463.71,462.3,462.3,214103,0
DIA.US,5,20251120,175500,462.28,462.44,460.39,460.64,231427,0
DIA.US,5,20251120,180000,460.61,461.79,460.41,461.55,231747,0
DIA.US,5,20251120,180500,461.53,461.68,460.19,460.6901,230689,0
DIA.US,5,20251120,181000,460.68,460.81,459.65,460.65,243770,0
DIA.US,5,20251120,181500,460.64,460.8,459.115,459.46,254949,0
DIA.US,5,20251120,182000,459.47,460.11,458.87,459.48,274528,0
DIA.US,5,20251120,182500,459.5,460.12,458.79,459.67,294002,0
DIA.US,5,20251120,183000,459.62,460.18,458.88,459.05,234099,0
DIA.US,5,20251120,183500,459.03,459.52,458.03,459.39,209946,0
DIA.US,5,20251120,184000,459.33,459.48,458.17,458.17,157645,0
DIA.US,5,20251120,184500,458.15,458.51,457.8,458.03,176104,0
DIA.US,5,20251120,185000,458.04,459.05,457.95,458.36,150568,0
DIA.US,5,20251120,185500,458.3,459.29,458.22,458.957,120675,0
DIA.US,5,20251120,190000,458.95,459.84,458.68,459.64,143000,0
DIA.US,5,20251120,190500,459.645,460.56,459.54,460.56,91960,0
DIA.US,5,20251120,191000,460.58,461.84,460.22,461.83,98367,0
DIA.US,5,20251120,191500,461.86,461.94,460.62,461.1,171517,0
DIA.US,5,20251120,192000,461.08,461.39,460.32,460.35,106267,0
DIA.US,5,20251120,192500,460.29,460.89,460.17,460.7,90413,0
DIA.US,5,20251120,193000,460.68,460.98,459.85,460.3751,110830,0
DIA.US,5,20251120,193500,460.36,460.44,459.36,459.57,103803,0
DIA.US,5,20251120,194000,459.62,459.67,459.07,459.11,72488,0
DIA.US,5,20251120,194500,459.1,459.11,458.63,458.7,70218,0
DIA.US,5,20251120,195000,458.69,458.69,457.88,457.97,96724,0
DIA.US,5,20251120,195500,457.97,458.72,457.89,458.27,110253,0
DIA.US,5,20251120,200000,458.3,458.8001,458.19,458.31,93448,0
DIA.US,5,20251120,200500,458.31,459.09,458.11,459,80596,0
DIA.US,5,20251120,201000,458.99,459.23,458.72,459.08,90462,0
DIA.US,5,20251120,201500,459.04,459.78,458.78,459.25,79463,0
DIA.US,5,20251120,202000,459.35,459.855,459.18,459.21,64969,0
DIA.US,5,20251120,202500,459.23,460.3907,459.23,460.11,61622,0
DIA.US,5,20251120,203000,460.05,460.11,459.37,459.63,65168,0
DIA.US,5,20251120,203500,459.67,460.0984,459.41,459.48,96460,0
DIA.US,5,20251120,204000,459.45,460.13,459.19,460.07,110346,0
DIA.US,5,20251120,204500,460.04,460.1,459.29,459.57,71108,0
DIA.US,5,20251120,205000,459.57,460.24,459.52,460.05,75992,0
DIA.US,5,20251120,205500,460.04,460.87,459.97,460.82,104602,0
DIA.US,5,20251120,210000,460.77,460.8099,459.79,459.96,146115,0
DIA.US,5,20251120,210500,459.87,460.29,459.79,459.925,80905,0
DIA.US,5,20251120,211000,459.94,460.05,459.61,459.9,57862,0
DIA.US,5,20251120,211500,459.91,460.39,459.76,460.23,67734,0
DIA.US,5,20251120,212000,460.19,460.64,459.8,459.81,91173,0
DIA.US,5,20251120,212500,459.82,459.94,459.47,459.88,75778,0
DIA.US,5,20251120,213000,459.87,460.06,459.18,459.26,102589,0
DIA.US,5,20251120,213500,459.24,459.3,458.84,458.89,106642,0
DIA.US,5,20251120,214000,458.89,459.01,458.32,458.41,133586,0
DIA.US,5,20251120,214500,458.42,458.55,457.83,457.83,205983,0
DIA.US,5,20251120,215000,457.85,458.91,457.81,458.35,237104,0
DIA.US,5,20251120,215500,458.37,458.83,457.71,458.04,354332,0
DIA.US,5,20251121,153000,459.54,460.23,458.9,459.94,290408,0
DIA.US,5,20251121,153500,459.94,460.33,459.67,459.735,240039,0
DIA.US,5,20251121,154000,459.75,459.77,458.26,458.39,213251,0
DIA.US,5,20251121,154500,458.2658,459.18,457.85,458.42,272423,0
DIA.US,5,20251121,155000,458.455,459.25,458.13,459.04,259921,0
DIA.US,5,20251121,155500,459.06,459.26,458.43,458.85,192009,0
DIA.US,5,20251121,160000,458.93,459.7,458.69,458.82,212003,0
DIA.US,5,20251121,160500,458.86,459.86,458.8,459.32,250047,0
DIA.US,5,20251121,161000,459.32,459.52,458.85,459.4,186559,0
DIA.US,5,20251121,161500,459.39,459.74,458.88,459.65,233134,0
DIA.US,5,20251121,162000,459.64,460.23,458.59,460.23,268857,0
DIA.US,5,20251121,162500,460.36,460.87,459.47,459.68,226447,0
DIA.US,5,20251121,163000,459.7,460.43,459.48,459.68,178666,0
DIA.US,5,20251121,163500,459.7,459.74,458.45,458.9,175789,0
DIA.US,5,20251121,164000,458.84,459.96,458.6832,459.79,220049,0
DIA.US,5,20251121,164500,459.79,460.53,459.6,460.34,163807,0
DIA.US,5,20251121,165000,460.36,460.47,459.48,460.3425,134971,0
DIA.US,5,20251121,165500,460.3,460.58,459.47,459.51,130402,0
DIA.US,5,20251121,170000,459.55,459.77,458.65,458.81,152984,0
DIA.US,5,20251121,170500,458.78,459.25,458.42,459.2,136362,0
DIA.US,5,20251121,171000,459.15,459.7,458.9,459.52,117632,0
DIA.US,5,20251121,171500,459.53,459.9,458.69,458.92,116355,0
DIA.US,5,20251121,172000,458.91,460.47,458.9,460.35,109016,0
DIA.US,5,20251121,172500,460.3,460.94,460.2,460.94,83169,0
DIA.US,5,20251121,173000,460.92,461.29,460.71,460.94,128921,0
DIA.US,5,20251121,173500,460.96,461.89,460.91,461.74,114615,0
DIA.US,5,20251121,174000,461.72,462.14,461.72,461.9175,86997,0
DIA.US,5,20251121,174500,461.917,462.33,461.64,462.21,146704,0
DIA.US,5,20251121,175000,462.24,463.125,462.08,462.91,138131,0
DIA.US,5,20251121,175500,462.89,464.0599,462.88,464.03,108473,0
DIA.US,5,20251121,180000,464.04,464.18,463.56,464.12,150085,0
DIA.US,5,20251121,180500,464.14,464.72,463.99,464.65,88411,0
DIA.US,5,20251121,181000,464.65,464.81,464.36,464.6,156676,0
DIA.US,5,20251121,181500,464.635,464.86,464.33,464.42,103214,0
DIA.US,5,20251121,182000,464.37,464.93,464.12,464.815,85121,0
DIA.US,5,20251121,182500,464.8,464.85,464.17,464.52,63407,0
DIA.US,5,20251121,183000,464.61,464.77,464.34,464.43,60244,0
DIA.US,5,20251121,183500,464.41,464.87,464.2376,464.34,90520,0
DIA.US,5,20251121,184000,464.41,464.89,464.12,464.57,83676,0
DIA.US,5,20251121,184500,464.565,464.74,464.15,464.45,54120,0
DIA.US,5,20251121,185000,464.495,464.495,463.63,464.09,49179,0
DIA.US,5,20251121,185500,464.16,464.41,463.7,464.07,38648,0
DIA.US,5,20251121,190000,464.07,464.3,463.27,463.33,50213,0
DIA.US,5,20251121,190500,463.35,463.36,462.79,462.94,85828,0
DIA.US,5,20251121,191000,462.96,462.96,462.33,462.345,62808,0
DIA.US,5,20251121,191500,462.34,462.42,461.95,462.18,71768,0
DIA.US,5,20251121,192000,462.28,462.64,462.14,462.39,72017,0
DIA.US,5,20251121,192500,462.39,462.87,462.19,462.83,46276,0
DIA.US,5,20251121,193000,462.825,463.76,462.64,463.51,73437,0
DIA.US,5,20251121,193500,463.51,464.42,463.42,464.28,49798,0
DIA.US,5,20251121,194000,464.255,464.35,463.97,464.22,50397,0
DIA.US,5,20251121,194500,464.27,465.56,463.865,465.2,190891,0
DIA.US,5,20251121,195000,465.17,465.82,464.97,465.04,160634,0
DIA.US,5,20251121,195500,465.07,465.3099,464.4,464.755,143116,0
DIA.US,5,20251121,200000,464.755,465.08,464.52,464.92,109858,0
DIA.US,5,20251121,200500,464.92,465.5,464.89,465.27,68510,0
DIA.US,5,20251121,201000,465.25,465.42,464.91,465.08,50922,0
DIA.US,5,20251121,201500,465.07,465.39,464.88,465.215,61556,0
DIA.US,5,20251121,202000,465.22,465.61,465.18,465.37,56004,0
DIA.US,5,20251121,202500,465.42,465.59,465.26,465.33,32881,0
DIA.US,5,20251121,203000,465.34,465.4901,464.69,464.8,50320,0
DIA.US,5,20251121,203500,464.83,465.57,464.81,465.44,84601,0
DIA.US,5,20251121,204000,465.46,465.56,464.3645,464.54,93012,0
DIA.US,5,20251121,204500,464.57,464.82,464.25,464.565,67697,0
DIA.US,5,20251121,205000,464.6,464.88,463.8,464.14,67551,0
DIA.US,5,20251121,205500,464.19,464.43,463.9,464.22,57349,0
DIA.US,5,20251121,210000,464.19,464.51,464.1,464.26,68453,0
DIA.US,5,20251121,210500,464.265,464.36,463.84,464.02,55979,0
DIA.US,5,20251121,211000,464.03,464.16,463.76,463.89,58442,0
DIA.US,5,20251121,211500,463.86,463.94,463.65,463.68,47286,0
DIA.US,5,20251121,212000,463.65,463.84,462.97,463.18,64671,0
DIA.US,5,20251121,212500,463.135,463.35,462.5,462.52,62546,0
DIA.US,5,20251121,213000,462.48,462.87,462.13,462.75,110955,0
DIA.US,5,20251121,213500,462.72,463.44,462.72,463.2,97388,0
DIA.US,5,20251121,214000,463.18,463.26,462.7,462.86,111398,0
DIA.US,5,20251121,214500,462.85,463.49,462.77,463.04,121485,0
DIA.US,5,20251121,215000,463.05,463.37,462.57,462.63,222261,0
DIA.US,5,20251121,215500,462.64,462.76,462.24,462.5921,416569,0
DIA.US,5,20251124,153000,463.75,464.01,463,463.82,286479,0
DIA.US,5,20251124,153500,463.82,464.04,462.68,462.83,247579,0
DIA.US,5,20251124,154000,462.85,463.07,461.86,461.94,197230,0
DIA.US,5,20251124,154500,461.92,462.476,461.31,461.31,160939,0
DIA.US,5,20251124,155000,461.22,462.38,461.01,461.92,191872,0
DIA.US,5,20251124,155500,461.92,462.8,461.66,462.8,163200,0
DIA.US,5,20251124,160000,462.81,463.48,462.77,463.44,181200,0
DIA.US,5,20251124,160500,463.45,463.6,463.03,463.26,160818,0
DIA.US,5,20251124,161000,463.24,463.95,462.83,463.9,184404,0
DIA.US,5,20251124,161500,463.9,464.29,463.84,463.92,89304,0
DIA.US,5,20251124,162000,463.95,464.29,463.65,463.75,108989,0
DIA.US,5,20251124,162500,463.73,464.1,463.5,463.9175,100874,0
DIA.US,5,20251124,163000,463.925,464.11,463.59,463.97,72377,0
DIA.US,5,20251124,163500,463.98,464.29,463.86,464.23,61794,0
DIA.US,5,20251124,164000,464.251,464.77,464.03,464.71,40279,0
DIA.US,5,20251124,164500,464.75,465.18,464.7343,465.11,44710,0
DIA.US,5,20251124,165000,465.07,465.27,464.96,465.18,28071,0
DIA.US,5,20251124,165500,465.16,465.25,464.88,464.96,36819,0
DIA.US,5,20251124,170000,464.94,465.67,464.89,465.63,34409,0
DIA.US,5,20251124,170500,465.65,465.865,465.62,465.725,43019,0
DIA.US,5,20251124,171000,465.695,465.7118,465.27,465.39,49943,0
DIA.US,5,20251124,171500,465.39,465.59,465.38,465.44,32099,0
DIA.US,5,20251124,172000,465.45,465.61,465.25,465.31,49183,0
DIA.US,5,20251124,172500,465.29,465.515,465.08,465.28,32067,0
DIA.US,5,20251124,173000,465.28,465.32,464.92,465.15,41557,0
DIA.US,5,20251124,173500,465.14,465.26,464.95,465.09,22760,0
DIA.US,5,20251124,174000,465.16,465.36,464.955,465.25,15607,0
DIA.US,5,20251124,174500,465.27,465.36,465.15,465.25,36533,0
DIA.US,5,20251124,175000,465.25,465.2624,464.92,465.09,82544,0
DIA.US,5,20251124,175500,465.04,465.04,464.54,464.6,29900,0
DIA.US,5,20251124,180000,464.62,464.87,464.24,464.32,41340,0
DIA.US,5,20251124,180500,464.33,464.51,464.05,464.3,37141,0
DIA.US,5,20251124,181000,464.22,464.43,464.1,464.31,37432,0
DIA.US,5,20251124,181500,464.31,464.69,464.22,464.65,41206,0
DIA.US,5,20251124,182000,464.64,464.72,464.49,464.5,24899,0
DIA.US,5,20251124,182500,464.47,464.68,464.32,464.65,29366,0
DIA.US,5,20251124,183000,464.6,464.76,464.29,464.29,33628,0
DIA.US,5,20251124,183500,464.3,464.62,464.22,464.575,37878,0
DIA.US,5,20251124,184000,464.58,464.92,464.58,464.9002,57970,0
DIA.US,5,20251124,184500,464.92,465.2,464.92,465.16,25434,0
DIA.US,5,20251124,185000,465.2,465.28,464.95,465.19,34961,0
DIA.US,5,20251124,185500,465.14,465.24,464.94,465.17,24777,0
DIA.US,5,20251124,190000,465.1609,465.5,465.1609,465.48,37566,0
DIA.US,5,20251124,190500,465.45,465.57,465.23,465.39,55104,0
DIA.US,5,20251124,191000,465.39,465.74,465.39,465.67,24879,0
DIA.US,5,20251124,191500,465.69,465.765,465.5,465.58,19094,0
DIA.US,5,20251124,192000,465.56,465.72,465.49,465.67,23228,0
DIA.US,5,20251124,192500,465.65,465.74,465.44,465.465,22043,0
DIA.US,5,20251124,193000,465.42,465.5,465.14,465.3143,22529,0
DIA.US,5,20251124,193500,465.3,465.47,465.2487,465.41,17135,0
DIA.US,5,20251124,194000,465.4,465.69,465.3551,465.66,23766,0
DIA.US,5,20251124,194500,465.66,465.67,465.39,465.51,19070,0
DIA.US,5,20251124,195000,465.54,465.62,465.37,465.61,15702,0
DIA.US,5,20251124,195500,465.62,465.73,465.41,465.47,32367,0
DIA.US,5,20251124,200000,465.47,465.68,465.44,465.49,33197,0
DIA.US,5,20251124,200500,465.49,465.56,465.34,465.37,20064,0
DIA.US,5,20251124,201000,465.4,465.4,465.18,465.18,13176,0
DIA.US,5,20251124,201500,465.18,465.24,464.925,465.155,47661,0
DIA.US,5,20251124,202000,465.16,465.19,464.89,464.9,42693,0
DIA.US,5,20251124,202500,464.9,465.03,464.83,464.96,20622,0
DIA.US,5,20251124,203000,465.01,465.04,464.68,464.74,24344,0
DIA.US,5,20251124,203500,464.73,464.80186,464.48,464.74,47904,0
DIA.US,5,20251124,204000,464.73,464.941,464.65,464.65,59134,0
DIA.US,5,20251124,204500,464.65,464.69,464.41,464.44,45052,0
DIA.US,5,20251124,205000,464.43,464.63,464.16,464.37,33582,0
DIA.US,5,20251124,205500,464.38,464.6,464.33,464.4099,90293,0
DIA.US,5,20251124,210000,464.4,464.93,464.38,464.93,44233,0
DIA.US,5,20251124,210500,464.94,464.95,464.75,464.83,37385,0
DIA.US,5,20251124,211000,464.79,465.01,464.72,464.94,26214,0
DIA.US,5,20251124,211500,464.95,465,464.74,464.74,36269,0
DIA.US,5,20251124,212000,464.74,464.74,464.51,464.61,35722,0
DIA.US,5,20251124,212500,464.61,464.68,464.34,464.64,36821,0
DIA.US,5,20251124,213000,464.63,464.91,464.54,464.91,31575,0
DIA.US,5,20251124,213500,464.9,464.9,464.66,464.715,43109,0
DIA.US,5,20251124,214000,464.74,464.78,464.4799,464.74,50553,0
DIA.US,5,20251124,214500,464.78,464.935,464.15,464.18,102781,0
DIA.US,5,20251124,215000,464.2,465,464.095,464.94,299464,0
DIA.US,5,20251124,215500,464.95,465.18,464.27,464.41,309995,0
DIA.US,5,20251125,153000,465.58,467.45,465.52,467.27,230390,0
DIA.US,5,20251125,153500,467.29,467.93,467.26,467.54,210399,0
DIA.US,5,20251125,154000,467.53,467.53,465.86,465.99,235678,0
DIA.US,5,20251125,154500,465.96,465.97,463.49,463.65,320561,0
DIA.US,5,20251125,155000,463.67,465.26,463.45,465.01,273594,0
DIA.US,5,20251125,155500,465.03,466.02,464.96,465.94,141023,0
DIA.US,5,20251125,160000,465.91,466.21,464.93,465.3,238852,0
DIA.US,5,20251125,160500,465.22,466.74,465.13,466.61,159353,0
DIA.US,5,20251125,161000,466.6134,466.94,465.66,465.74,203973,0
DIA.US,5,20251125,161500,465.76,466.07,465.56,465.82,171506,0
DIA.US,5,20251125,162000,465.81,465.85,465.08,465.67,163956,0
DIA.US,5,20251125,162500,465.65,466.51,465.63,466.48,120821,0
DIA.US,5,20251125,163000,466.45,467.32,466.31,467.31,120692,0
DIA.US,5,20251125,163500,467.32,467.3913,466.8,467.27,67588,0
DIA.US,5,20251125,164000,467.32,468.19,467.15,468.1087,120875,0
DIA.US,5,20251125,164500,468.1,468.665,467.66,467.86,146049,0
DIA.US,5,20251125,165000,467.85,467.87,467.27,467.27,65318,0
DIA.US,5,20251125,165500,467.23,467.75,466.81,467.64,63143,0
DIA.US,5,20251125,170000,467.64,467.88,467.49,467.78,72066,0
DIA.US,5,20251125,170500,467.78,468.185,467.56,467.87,81486,0
DIA.US,5,20251125,171000,467.88,468.115,467.59,467.59,77698,0
DIA.US,5,20251125,171500,467.54,468.1,467.36,468.03,55892,0
DIA.US,5,20251125,172000,468.06,468.38,467.93,467.94,73498,0
DIA.US,5,20251125,172500,467.92,468.06,467.57,467.86,45202,0
DIA.US,5,20251125,173000,467.84,468.18,467.83,468.15,35807,0
DIA.US,5,20251125,173500,468.18,468.2,467.77,468.14,35272,0
DIA.US,5,20251125,174000,468.14,468.59,468.14,468.35,37285,0
DIA.US,5,20251125,174500,468.31,468.57,468.03,468.56,39671,0
DIA.US,5,20251125,175000,468.55,468.77,468.55,468.74,57432,0
DIA.US,5,20251125,175500,468.7,468.92,468.62,468.8,54283,0
DIA.US,5,20251125,180000,468.82,469.34,468.8,469.24,116520,0
DIA.US,5,20251125,180500,469.25,469.46,469.25,469.42,41196,0
DIA.US,5,20251125,181000,469.44,469.48,469.3,469.44,31821,0
DIA.US,5,20251125,181500,469.44,469.64,469.31,469.64,35380,0
DIA.US,5,20251125,182000,469.66,470.07,469.62,470.07,35820,0
DIA.US,5,20251125,182500,470.08,470.18,469.81,469.94,39488,0
DIA.US,5,20251125,183000,469.97,470.27,469.96,470.27,43324,0
DIA.US,5,20251125,183500,470.28,470.365,470.09,470.205,47295,0
DIA.US,5,20251125,184000,470.21,470.3,470.05,470.11,42991,0
DIA.US,5,20251125,184500,470.07,470.32,469.81,469.99,55407,0
DIA.US,5,20251125,185000,469.99,470.14,469.93,469.985,24766,0
DIA.US,5,20251125,185500,470.02,470.05,469.87,469.96,26340,0
DIA.US,5,20251125,190000,469.95,470.26,469.89,469.99,25464,0
DIA.US,5,20251125,190500,469.94,470.11,469.76,470.11,22995,0
DIA.US,5,20251125,191000,470.12,470.255,469.94,470.01,54192,0
DIA.US,5,20251125,191500,470.01,470.1,469.84,470.05,75463,0
DIA.US,5,20251125,192000,470.035,470.19,469.945,470.17,70843,0
DIA.US,5,20251125,192500,470.13,470.22,470.03,470.145,20436,0
DIA.US,5,20251125,193000,470.15,470.28,470.06,470.2708,23019,0
DIA.US,5,20251125,193500,470.245,470.3,469.865,470.09,30265,0
DIA.US,5,20251125,194000,470.09,470.1558,469.885,470.03,19330,0
DIA.US,5,20251125,194500,470.06,470.31,470.0555,470.2877,20657,0
DIA.US,5,20251125,195000,470.3,470.33,470.08,470.28,22260,0
DIA.US,5,20251125,195500,470.2665,470.2665,470.04,470.0511,17874,0
DIA.US,5,20251125,200000,470.075,470.13,469.93,470,32596,0
DIA.US,5,20251125,200500,469.96,470.3,469.96,470.21,38567,0
DIA.US,5,20251125,201000,470.22,470.23,470.01,470.22,18702,0
DIA.US,5,20251125,201500,470.24,470.305,469.925,470.07,52583,0
DIA.US,5,20251125,202000,470.05,470.14,469.85,470.1,56684,0
DIA.US,5,20251125,202500,470.075,470.25,469.96,470.25,19359,0
DIA.US,5,20251125,203000,470.23,470.4,470.21,470.365,29675,0
DIA.US,5,20251125,203500,470.21,470.22,470.03,470.13,29747,0
DIA.US,5,20251125,204000,469.97,470.26,469.94,470.24,10737,0
DIA.US,5,20251125,204500,470.26,470.46,470.22,470.45,19000,0
DIA.US,5,20251125,205000,470.44,470.87,470.42,470.72,41872,0
DIA.US,5,20251125,205500,470.71,470.835,470.6,470.67,34357,0
DIA.US,5,20251125,210000,470.65,470.995,470.65,470.98,74853,0
DIA.US,5,20251125,210500,471,471.23,470.915,471.02,43895,0
DIA.US,5,20251125,211000,471.03,471.12,470.87,471.075,49401,0
DIA.US,5,20251125,211500,471.06,471.24,471.04,471.2,35412,0
DIA.US,5,20251125,212000,471.195,471.31,471.155,471.22,39692,0
DIA.US,5,20251125,212500,471.235,471.24,470.9,470.9,61182,0
DIA.US,5,20251125,213000,470.895,471.35,470.83,471.31,48211,0
DIA.US,5,20251125,213500,471.31,471.5231,471.27,471.46,82076,0
DIA.US,5,20251125,214000,471.47,471.5799,471.305,471.34,51163,0
DIA.US,5,20251125,214500,471.34,471.725,471.25,471.43,89726,0
DIA.US,5,20251125,215000,471.42,471.9,471.35,471.66,232415,0
DIA.US,5,20251125,215500,471.66,471.72,471.09,471.18,446632,0
DIA.US,5,20251126,153000,472.2,473.03,471.93,473.03,238484,0
DIA.US,5,20251126,153500,473.05,473.58,473.03,473.52,126921,0
DIA.US,5,20251126,154000,473.53,474.13,473.52,473.94,132944,0
DIA.US,5,20251126,154500,473.905,474.1,473.75,473.88,81120,0
DIA.US,5,20251126,155000,473.9,473.9,472.8,472.96,105896,0
DIA.US,5,20251126,155500,472.96,473.15,472.57,472.75,109895,0
DIA.US,5,20251126,160000,472.73,473.075,472.46,472.94,132969,0
DIA.US,5,20251126,160500,472.92,473.45,472.75,473.285,88339,0
DIA.US,5,20251126,161000,473.24,473.26,472.77,472.86,97462,0
DIA.US,5,20251126,161500,472.86,473.25,472.51,473.23,52562,0
DIA.US,5,20251126,162000,473.27,473.39,472.99,473.06,65753,0
DIA.US,5,20251126,162500,473.05,473.41,472.96,473.32,45925,0
DIA.US,5,20251126,163000,473.32,473.85,473.32,473.81,42171,0
DIA.US,5,20251126,163500,473.81,473.995,473.74,473.91,77243,0
DIA.US,5,20251126,164000,473.91,474.02,473.58,473.585,63259,0
DIA.US,5,20251126,164500,473.59,473.71,473.44,473.48,11262,0
DIA.US,5,20251126,165000,473.52,473.79,473.39,473.7693,26107,0
DIA.US,5,20251126,165500,473.7738,474.34,473.68,474.31,53623,0
DIA.US,5,20251126,170000,474.35,474.51,474.25,474.425,47757,0
DIA.US,5,20251126,170500,474.43,474.55,474.22,474.25,26363,0
DIA.US,5,20251126,171000,474.26,474.71,474.26,474.58,26121,0
DIA.US,5,20251126,171500,474.59,474.761,474.5,474.72,38992,0
DIA.US,5,20251126,172000,474.73,474.98,474.71,474.97,45410,0
DIA.US,5,20251126,172500,474.95,474.955,474.7,474.75,55234,0
DIA.US,5,20251126,173000,474.77,474.93,474.56,474.93,21998,0
DIA.US,5,20251126,173500,474.92,475.16,474.86,475.12,53760,0
DIA.US,5,20251126,174000,475.12,475.38,475.12,475.31,37763,0
DIA.US,5,20251126,174500,475.32,475.43,475.27,475.3,35594,0
DIA.US,5,20251126,175000,475.3,475.42,475.14,475.3,36408,0
DIA.US,5,20251126,175500,475.31,475.5,475.29,475.38,23605,0
DIA.US,5,20251126,180000,475.39,475.69,475.32,475.49,43378,0
DIA.US,5,20251126,180500,475.52,475.62,475.16,475.3,47025,0
DIA.US,5,20251126,181000,475.32,475.525,475.13,475.14,36681,0
DIA.US,5,20251126,181500,475.135,475.21,474.925,474.95,36887,0
DIA.US,5,20251126,182000,474.94,475.35,474.91,475.17,55679,0
DIA.US,5,20251126,182500,475.155,475.24,475.02,475.21,48887,0
DIA.US,5,20251126,183000,475.22,475.66,475.22,475.655,26923,0
DIA.US,5,20251126,183500,475.65,475.7928,475.24,475.54,28075,0
DIA.US,5,20251126,184000,475.56,475.63,475.38,475.57,43385,0
DIA.US,5,20251126,184500,475.58,475.72,475.37,475.43,49663,0
DIA.US,5,20251126,185000,475.44,475.63,475.36,475.5,31134,0
DIA.US,5,20251126,185500,475.49,475.57,475.34,475.45,31597,0
DIA.US,5,20251126,190000,475.41,475.68,475.38,475.63,31800,0
DIA.US,5,20251126,190500,475.58,475.59,474.59,474.62,130589,0
DIA.US,5,20251126,191000,474.61,475.33,474.55,475.255,130530,0
DIA.US,5,20251126,191500,475.25,475.35,474.91,474.965,25816,0
DIA.US,5,20251126,192000,474.97,475.45,474.7,475.335,62734,0
DIA.US,5,20251126,192500,475.36,475.59,475.31,475.31,14662,0
DIA.US,5,20251126,193000,475.295,475.31,474.87,474.91,36263,0
DIA.US,5,20251126,193500,474.92,475.01,474.75,474.92,31951,0
DIA.US,5,20251126,194000,474.89,475.02,474.58,474.64,29080,0
DIA.US,5,20251126,194500,474.615,475.15,474.48,475.12,31121,0
DIA.US,5,20251126,195000,475.115,475.22,474.8,474.88,38696,0
DIA.US,5,20251126,195500,474.86,475,474.64,474.94,42961,0
DIA.US,5,20251126,200000,474.92,475.35,474.87,475.11,49030,0
DIA.US,5,20251126,200500,475.08,475.18,474.94,475.0299,44678,0
DIA.US,5,20251126,201000,475.02,475.29,474.86,475.18,50704,0
DIA.US,5,20251126,201500,475.18,475.43,475.16,475.32,22807,0
DIA.US,5,20251126,202000,475.33,475.53,475.27,475.51,23502,0
DIA.US,5,20251126,202500,475.51,475.55,475.38,475.41,14241,0
DIA.US,5,20251126,203000,475.41,475.5,475.36,475.39,17434,0
DIA.US,5,20251126,203500,475.36,475.42,475.1,475.12,61614,0
DIA.US,5,20251126,204000,475.1,475.4,475,475.08,91454,0
DIA.US,5,20251126,204500,475.09,475.3,475.02,475.05,26245,0
DIA.US,5,20251126,205000,475.03,475.26,474.98,475.22,19720,0
DIA.US,5,20251126,205500,475.19,475.19,474.99,475.04,34670,0
DIA.US,5,20251126,210000,475.04,475.16,474.92,475.08,24975,0
DIA.US,5,20251126,210500,475.07,475.07,474.81,474.9501,26982,0
DIA.US,5,20251126,211000,474.95,475.28,474.95,475.215,21224,0
DIA.US,5,20251126,211500,475.27,475.425,475.16,475.17,31498,0
DIA.US,5,20251126,212000,475.16,475.31,475.15,475.22,20513,0
DIA.US,5,20251126,212500,475.23,475.24,475.09,475.14,17151,0
DIA.US,5,20251126,213000,475.12,475.24,474.94,475.16,28481,0
DIA.US,5,20251126,213500,475.17,475.22,475.02,475.1,43940,0
DIA.US,5,20251126,214000,475.06,475.23,474.99,475.08,70078,0
DIA.US,5,20251126,214500,475.06,475.19,474.64,474.67,72990,0
DIA.US,5,20251126,215000,474.64,475.01,474.53,474.59,223852,0
DIA.US,5,20251126,215500,474.61,474.7,474.25,474.35,432590,0
DIA.US,5,20251128,153000,474.82,475.59,474.82,475.08,48939,0
DIA.US,5,20251128,153500,475.05,475.46,474.89,475.21,64493,0
DIA.US,5,20251128,154000,475.2,475.8,475.18,475.78,47929,0
DIA.US,5,20251128,154500,475.76,475.8,475.29,475.62,43243,0
DIA.US,5,20251128,155000,475.67,475.88,475.55,475.7,42057,0
DIA.US,5,20251128,155500,475.74,475.75,475.46,475.75,53336,0
DIA.US,5,20251128,160000,475.78,476.02,475.66,475.87,58353,0
DIA.US,5,20251128,160500,475.88,476.14,475.791,475.9679,48161,0
DIA.US,5,20251128,161000,475.98,476.28,475.86,476.21,57380,0
DIA.US,5,20251128,161500,476.18,476.825,476.18,476.808,66504,0
DIA.US,5,20251128,162000,476.8,477.11,476.79,476.91,72002,0
DIA.US,5,20251128,162500,476.96,477.045,476.66,476.82,31001,0
DIA.US,5,20251128,163000,476.85,477.2742,476.85,477.13,59647,0
DIA.US,5,20251128,163500,477.17,477.28,476.96,477.1,27589,0
DIA.US,5,20251128,164000,477.07,477.08599,476.87,476.995,20534,0
DIA.US,5,20251128,164500,477.01,477.18,476.96,477.14,12938,0
DIA.US,5,20251128,165000,477.13,477.2,477.05,477.09,17633,0
DIA.US,5,20251128,165500,477.07,477.3488,476.99,477.1601,35844,0
DIA.US,5,20251128,170000,477.16,477.32,477.07,477.28,41158,0
DIA.US,5,20251128,170500,477.28,477.37,477.12,477.18,47888,0
DIA.US,5,20251128,171000,477.19,477.39,477.11,477.38,64733,0
DIA.US,5,20251128,171500,477.36,477.425,477.24,477.425,38142,0
DIA.US,5,20251128,172000,477.455,477.46,476.98,477.2,28824,0
DIA.US,5,20251128,172500,477.17,477.17,476.76,477.05,37866,0
DIA.US,5,20251128,173000,477.05,477.4,476.85,477.35,55242,0
DIA.US,5,20251128,173500,477.35,477.61,477.23,477.33,39383,0
DIA.US,5,20251128,174000,477.34,477.49,477.22,477.43,47130,0
DIA.US,5,20251128,174500,477.45,477.59,477.35,477.4,33317,0
DIA.US,5,20251128,175000,477.42,477.52,477.33,477.39,46320,0
DIA.US,5,20251128,175500,477.41,477.51,477.33,477.39,26559,0
DIA.US,5,20251128,180000,477.45,477.57,477.2,477.56,29449,0
DIA.US,5,20251128,180500,477.55,477.58,477.45,477.47,26381,0
DIA.US,5,20251128,181000,477.45,477.515,477.17,477.17,23651,0
DIA.US,5,20251128,181500,477.17,477.28,476.89,476.9,28802,0
DIA.US,5,20251128,182000,476.89,476.9715,476.63,476.73,27693,0
DIA.US,5,20251128,182500,476.73,476.84,476.58,476.67,13628,0
DIA.US,5,20251128,183000,476.68,476.87,476.59,476.85,21533,0
DIA.US,5,20251128,183500,476.84,476.97,476.73,476.76,27693,0
DIA.US,5,20251128,184000,476.76,476.93,476.68,476.78,40038,0
DIA.US,5,20251128,184500,476.76,476.87,476.71,476.72,42602,0
DIA.US,5,20251128,185000,476.69,477.05,476.62,476.69,73055,0
DIA.US,5,20251128,185500,476.73,477.46,476.62,477.1,159600,0
DIA.US,5,20251128,190000,477.1,477.23,477.08,477.21,42322,0
DIA.US,5,20251201,153000,474.34,474.95,474.21,474.78,198935,0
DIA.US,5,20251201,153500,474.77,475.41,474.71,475.239,154047,0
DIA.US,5,20251201,154000,475.18,475.58,475.02,475.32,102990,0
DIA.US,5,20251201,154500,475.35,475.76,475.12,475.48,125681,0
DIA.US,5,20251201,155000,475.5,476.37,475.5,476.33,89884,0
DIA.US,5,20251201,155500,476.3732,476.95,476.28,476.685,98360,0
DIA.US,5,20251201,160000,476.74,476.88,476.02,476.03,85999,0
DIA.US,5,20251201,160500,475.99,476.03,475.62,475.62,69545,0
DIA.US,5,20251201,161000,475.54,475.56,475.19,475.39,55544,0
DIA.US,5,20251201,161500,475.405,475.44,474.9674,475.17,42899,0
DIA.US,5,20251201,162000,475.15,475.2,474.52,474.61,62268,0
DIA.US,5,20251201,162500,474.64,474.64,474.03,474.09,79378,0
DIA.US,5,20251201,163000,474.07,474.17,473.5284,473.63,56919,0
DIA.US,5,20251201,163500,473.59,474.06,473.56,473.955,65442,0
DIA.US,5,20251201,164000,474.03,474.37,473.9,474.12,60790,0
DIA.US,5,20251201,164500,474.1,474.37,474.02,474.183,48307,0
DIA.US,5,20251201,165000,474.26,475.2519,474.13,475.19,35858,0
DIA.US,5,20251201,165500,475.199,475.3,474.9912,475.15,32205,0
DIA.US,5,20251201,170000,475.13,475.41,474.99,475.37,25424,0
DIA.US,5,20251201,170500,475.39,475.45,474.44,474.76,95666,0
DIA.US,5,20251201,171000,474.77,474.98,474.55,474.8,43318,0
DIA.US,5,20251201,171500,474.74,474.94,474.61,474.835,24432,0
DIA.US,5,20251201,172000,474.835,475.2,474.78,474.95,17877,0
DIA.US,5,20251201,172500,474.96,475.19,474.84,475.0691,13325,0
DIA.US,5,20251201,173000,475.05,475.35,475.04,475.17,26971,0
DIA.US,5,20251201,173500,475.17,475.26,475.03,475.13,30120,0
DIA.US,5,20251201,174000,475.09,475.6564,474.92,475.51,55662,0
DIA.US,5,20251201,174500,475.51,475.57,475.32,475.38,35866,0
DIA.US,5,20251201,175000,475.38,475.43,475.22,475.3,29619,0
DIA.US,5,20251201,175500,475.29,475.36,475.17,475.27,25384,0
DIA.US,5,20251201,180000,475.27,475.45,475.07,475.2,23383,0
DIA.US,5,20251201,180500,475.28,475.46,475.25,475.32,15686,0
DIA.US,5,20251201,181000,475.36,475.48,475.05,475.06,21252,0
DIA.US,5,20251201,181500,475.02,475.02,474.68,474.8339,29826,0
DIA.US,5,20251201,182000,474.8,475.02,474.73,474.88,8765,0
DIA.US,5,20251201,182500,474.899,475.21,474.8,475.07,13135,0
DIA.US,5,20251201,183000,475.07,475.19,474.93,475.06,24188,0
DIA.US,5,20251201,183500,475.04,475.17,474.8,474.85,31287,0
DIA.US,5,20251201,184000,474.84,475.27,474.84,475.27,54930,0
DIA.US,5,20251201,184500,475.3,475.42,475.21,475.26,34673,0
DIA.US,5,20251201,185000,475.24,475.24,475.03,475.16,40681,0
DIA.US,5,20251201,185500,475.19,475.34,475,475.2,23182,0
DIA.US,5,20251201,190000,475.23,475.46,475.19,475.39,19855,0
DIA.US,5,20251201,190500,475.39,475.52,475.31,475.43,16400,0
DIA.US,5,20251201,191000,475.46,475.62,475.35,475.62,18433,0
DIA.US,5,20251201,191500,475.61,475.78,475.49,475.65,14393,0
DIA.US,5,20251201,192000,475.61,475.64,475.46,475.57,12654,0
DIA.US,5,20251201,192500,475.58,475.7,475.55,475.57,6573,0
DIA.US,5,20251201,193000,475.61,475.79,475.6013,475.78,15644,0
DIA.US,5,20251201,193500,475.74,475.85,475.72,475.83,24557,0
DIA.US,5,20251201,194000,475.84,475.89,475.72,475.84,15553,0
DIA.US,5,20251201,194500,475.84,475.93,475.71,475.75,22714,0
DIA.US,5,20251201,195000,475.77,475.9,475.6552,475.68,29671,0
DIA.US,5,20251201,195500,475.69,475.75,475.57,475.6,16466,0
DIA.US,5,20251201,200000,475.59,475.59,475.1,475.2055,33422,0
DIA.US,5,20251201,200500,475.19,475.2,474.93,475.06,36881,0
DIA.US,5,20251201,201000,475,475.045,474.74,474.95,32269,0
DIA.US,5,20251201,201500,474.93,474.93,474.47,474.63,20298,0
DIA.US,5,20251201,202000,474.641,474.7313,474.1101,474.26,31918,0
DIA.US,5,20251201,202500,474.21,474.27,473.94,474.015,40679,0
DIA.US,5,20251201,203000,474.02,474.0656,473.66,473.91,110845,0
DIA.US,5,20251201,203500,473.94,474.33,473.9,474.19,24189,0
DIA.US,5,20251201,204000,474.2,474.2,473.81,473.81,27231,0
DIA.US,5,20251201,204500,473.86,474,473.77,473.77,15392,0
DIA.US,5,20251201,205000,473.81,473.97,473.59,473.87,26722,0
DIA.US,5,20251201,205500,473.89,473.91,473.67,473.81,46307,0
DIA.US,5,20251201,210000,473.79,474.0201,473.71,473.98,37512,0
DIA.US,5,20251201,210500,473.985,474.151,473.86,474.01,16175,0
DIA.US,5,20251201,211000,474.075,474.25,473.98,474.17,23797,0
DIA.US,5,20251201,211500,474.18,474.36,473.88,473.95,70272,0
DIA.US,5,20251201,212000,473.91,474.04,473.8387,473.9,23805,0
DIA.US,5,20251201,212500,473.89,474.11,473.81,474.0801,29482,0
DIA.US,5,20251201,213000,474.08,474.16,473.785,473.9,47209,0
DIA.US,5,20251201,213500,473.93,474.15,473.9,474.15,24347,0
DIA.US,5,20251201,214000,474.16,474.23,473.94,474.19,44452,0
DIA.US,5,20251201,214500,474.18,474.25,473.72,473.77,33258,0
DIA.US,5,20251201,215000,473.79,473.955,473.41,473.46,186697,0
DIA.US,5,20251201,215500,473.45,473.46,472.95,473.37,393924,0
DIA.US,5,20251202,153000,474.21,474.23,473.5,473.5,9234,0
DIA.US,5,20251202,153500,473.49,473.83,473.4,473.5,45141,0
DIA.US,5,20251202,160500,475.075,475.12,474.9812,475.05,6831,0
DIA.US,5,20251202,161000,475.01,475.13,474.63,475.13,66511,0
DIA.US,5,20251202,161500,475.14,475.55,475.13,475.52,43818,0
DIA.US,5,20251202,162000,475.45,475.45,475.13,475.23,72808,0
DIA.US,5,20251202,162500,475.23,475.23,473.92,474.02,109114,0
DIA.US,5,20251202,163000,473.99,474.22,473.69,473.87,115344,0
DIA.US,5,20251202,163500,473.85,474.45,473.71,474.3423,48568,0
DIA.US,5,20251202,164000,474.32,475.29,474.26,475.0844,84579,0
DIA.US,5,20251202,164500,475.11,475.58,475.01,475.27,35100,0
DIA.US,5,20251202,165000,475.32,475.5,475.27,475.4335,54745,0
DIA.US,5,20251202,165500,475.46,476.06,475.46,476.0037,30579,0
DIA.US,5,20251202,170000,476.04,476.46,475.8,476.44,98877,0
DIA.US,5,20251202,170500,476.41,476.41,475.96,476.06,74495,0
DIA.US,5,20251202,171000,476.05,476.16,475.24,475.453,96459,0
DIA.US,5,20251202,171500,475.44,475.56,474.85,475.12,51684,0
DIA.US,5,20251202,172000,475.11,475.27,474.27,474.29,115039,0
DIA.US,5,20251202,172500,474.28,474.49,473.84,474,141119,0
DIA.US,5,20251202,173000,473.97,474.58,473.9,474.58,92264,0
DIA.US,5,20251202,173500,474.52,474.84,474.515,474.83,31137,0
DIA.US,5,20251202,174000,474.87,474.98,474.5,474.5,37793,0
DIA.US,5,20251202,174500,474.47,474.785,474.37,474.48,24937,0
DIA.US,5,20251202,175000,474.44,474.82,474.43,474.7,27389,0
DIA.US,5,20251202,175500,474.76,475.02,474.45,474.61,35646,0
DIA.US,5,20251202,180000,474.6,475.15,474.56,474.99,36345,0
DIA.US,5,20251202,180500,474.91,475.08,474.75,474.8,20787,0
DIA.US,5,20251202,181000,474.73,475.02,474.73,474.95,14869,0
DIA.US,5,20251202,181500,475.21,475.74,475.205,475.67,42904,0
DIA.US,5,20251202,182000,475.72,475.9856,475.63,475.73,43209,0
DIA.US,5,20251202,182500,475.73,476.01,475.68,475.91,21060,0
DIA.US,5,20251202,183000,475.97,476.1,475.92,475.99,20959,0
DIA.US,5,20251202,183500,475.991,476.15,475.76,475.86,31821,0
DIA.US,5,20251202,184000,475.875,475.95,475.7,475.88,24494,0
DIA.US,5,20251202,184500,475.91,475.99,475.63,475.71,20345,0
DIA.US,5,20251202,185000,475.68,475.74,474.9,474.99,47887,0
DIA.US,5,20251202,185500,474.99,474.99,474.175,474.175,58118,0
DIA.US,5,20251202,190000,474.14,474.7,474.06,474.425,43810,0
DIA.US,5,20251202,190500,474.41,474.74,474.385,474.45,35502,0
DIA.US,5,20251202,191000,474.41,474.49,474.09,474.13,24857,0
DIA.US,5,20251202,191500,474.115,474.21,473.95,474.15,26616,0
DIA.US,5,20251202,192000,474.13,474.5,474.09,474.315,30024,0
DIA.US,5,20251202,192500,474.37,474.37,473.795,474.05,20425,0
DIA.US,5,20251202,193000,474.01,474.31,473.87,473.94,19771,0
DIA.US,5,20251202,193500,473.91,473.95,473.68,473.75,16963,0
DIA.US,5,20251202,194000,473.755,473.98,473.6,473.95,17931,0
DIA.US,5,20251202,194500,473.91,474.16,473.8,474.16,13267,0
DIA.US,5,20251202,195000,474.135,474.53,474.07,474.52,24032,0
DIA.US,5,20251202,195500,474.52,474.6,474.2,474.51,37780,0
DIA.US,5,20251202,200000,474.5,475.24,474.49,475.11,32801,0
DIA.US,5,20251202,200500,475.13,475.25,475.03,475.07,26472,0
DIA.US,5,20251202,201000,475.05,475.14,474.87,475.03,24981,0
DIA.US,5,20251202,201500,475.06,475.23,474.93,475.075,17148,0
DIA.US,5,20251202,202000,475.06,475.12,474.53,474.66,30711,0
DIA.US,5,20251202,202500,474.71,475.18,474.65,475.17,22620,0
DIA.US,5,20251202,203000,475.16,475.42,475.07,475.33,21385,0
DIA.US,5,20251202,203500,475.32,475.41,475.16,475.325,23716,0
DIA.US,5,20251202,204000,475.34,475.42,475.11,475.215,24283,0
DIA.US,5,20251202,204500,475.25,475.57,475.19,475.45,19377,0
DIA.US,5,20251202,205000,475.45,475.84,475.37,475.7,19006,0
DIA.US,5,20251202,205500,475.69,475.75,475.54,475.555,35790,0
DIA.US,5,20251202,210000,475.555,475.67,475.4402,475.61,29605,0
DIA.US,5,20251202,210500,475.62,475.87,475.62,475.87,14128,0
DIA.US,5,20251202,211000,475.91,476.05,475.82,475.88,36411,0
DIA.US,5,20251202,211500,475.96,476.07,475.95,476,16607,0
DIA.US,5,20251202,212000,475.99,476.09,475.93,475.995,30606,0
DIA.US,5,20251202,212500,476.01,476.07,475.88,475.99,22845,0
DIA.US,5,20251202,213000,475.98,476.325,475.93,476.28,16805,0
DIA.US,5,20251202,213500,476.29,476.4,476.2,476.225,20293,0
DIA.US,5,20251202,214000,476.19,476.37,476.055,476.15,64398,0
DIA.US,5,20251202,214500,476.17,476.35,475.99,476.08,47030,0
DIA.US,5,20251202,215000,476.07,476.19,475.53,475.59,178414,0
DIA.US,5,20251202,215500,475.57,475.62,475.16,475.2,307555,0
DIA.US,5,20251203,153000,474.83,475.4,474.67,475.195,167992,0
DIA.US,5,20251203,153500,475.16,476.12,475.15,476.03,155938,0
DIA.US,5,20251203,154000,476.03,476.37,475.88,476.16,180468,0
DIA.US,5,20251203,154500,476.21,476.34,475.14,475.29,135086,0
DIA.US,5,20251203,155000,475.27,475.64,475,475.51,129123,0
DIA.US,5,20251203,155500,475.51,475.85,475.39,475.81,60483,0
DIA.US,5,20251203,160000,475.85,476.6,475.81,476.41,105136,0
DIA.US,5,20251203,160500,476.4,476.63,476.3,476.44,146350,0
DIA.US,5,20251203,161000,476.41,476.5,475.79,476.12,85530,0
DIA.US,5,20251203,161500,476.16,476.36,475.9287,476.32,45981,0
DIA.US,5,20251203,162000,476.29,476.57,476.2,476.49,50202,0
DIA.US,5,20251203,162500,476.5,477.02,476.48,476.86,83287,0
DIA.US,5,20251203,163000,476.87,477.58,476.76,477.34,150102,0
DIA.US,5,20251203,163500,477.36,477.52,476.79,476.859,69549,0
DIA.US,5,20251203,164000,476.81,477.03,476.64,476.74,77193,0
DIA.US,5,20251203,164500,476.77,477.05,476.74,476.8,49323,0
DIA.US,5,20251203,165000,476.79,477.21,476.76,477.06,38460,0
DIA.US,5,20251203,165500,477,477.26,476.9,477.11,35538,0
DIA.US,5,20251203,170000,477.11,477.51,477.1,477.49,36776,0
DIA.US,5,20251203,170500,477.53,477.66,477.28,477.28,84412,0
DIA.US,5,20251203,171000,477.3,477.44,476.99,477.36,35949,0
DIA.US,5,20251203,171500,477.36,477.92,477.24,477.87,36428,0
DIA.US,5,20251203,172000,477.89,477.89,477.465,477.57,35214,0
DIA.US,5,20251203,172500,477.57,477.63,477.3,477.33,34039,0
DIA.US,5,20251203,173000,477.35,478.02,477.24,477.9856,45477,0
DIA.US,5,20251203,173500,478.02,478.3,477.95,477.98,52324,0
DIA.US,5,20251203,174000,478.01,478.04,477.72,477.77,26097,0
DIA.US,5,20251203,174500,477.82,478.14,477.67,478.03,30306,0
DIA.US,5,20251203,175000,478.02,478.02,477.59,477.6,53286,0
DIA.US,5,20251203,175500,477.6,477.6,476.97,477.23,53178,0
DIA.US,5,20251203,180000,477.23,477.72,477.23,477.67,26041,0
DIA.US,5,20251203,180500,477.7,477.76,477.32,477.5087,20204,0
DIA.US,5,20251203,181000,477.54,477.99,477.39,477.96,26449,0
DIA.US,5,20251203,181500,477.96,478.23,477.955,478.17,34002,0
DIA.US,5,20251203,182000,478.15,478.58,478.15,478.41,75862,0
DIA.US,5,20251203,182500,478.39,478.44,478.29,478.42,31798,0
DIA.US,5,20251203,183000,478.41,478.77,478.41,478.57,38070,0
DIA.US,5,20251203,183500,478.54,478.79,478.45,478.74,35833,0
DIA.US,5,20251203,184000,478.74,478.9,478.65,478.9,17687,0
DIA.US,5,20251203,184500,478.91,479.02,478.73,478.961,28654,0
DIA.US,5,20251203,185000,478.97,478.97,478.63,478.75,28448,0
DIA.US,5,20251203,185500,478.74,478.91,478.66,478.77,21238,0
DIA.US,5,20251203,190000,478.78,479.03,478.75,478.91,21163,0
DIA.US,5,20251203,190500,478.925,479,478.8618,478.95,23552,0
DIA.US,5,20251203,191000,478.92,479.14,478.88,479.01,23233,0
DIA.US,5,20251203,191500,479.04,479.1,478.81,478.84,20084,0
DIA.US,5,20251203,192000,478.81,478.92,478.57,478.6,26334,0
DIA.US,5,20251203,192500,478.62,479,478.61,478.99,20162,0
DIA.US,5,20251203,193000,479.01,479.11,478.94,478.96,21134,0
DIA.US,5,20251203,193500,478.99,479.18,478.975,479.17,24960,0
DIA.US,5,20251203,194000,479.17,479.52,479.115,479.51,36379,0
DIA.US,5,20251203,194500,479.52,479.63,479.47,479.5,39612,0
DIA.US,5,20251203,195000,479.5,479.61,479.39,479.451,21383,0
DIA.US,5,20251203,195500,479.48,479.5266,479.2,479.26,24877,0
DIA.US,5,20251203,200000,479.24,479.81,479.2,479.75,66053,0
DIA.US,5,20251203,200500,479.75,479.75,479.49,479.66,31125,0
DIA.US,5,20251203,201000,479.67,479.79,479.58,479.67,21595,0
DIA.US,5,20251203,201500,479.685,479.74,479.5,479.69,21593,0
DIA.US,5,20251203,202000,479.67,479.7899,479.6,479.775,17889,0
DIA.US,5,20251203,202500,479.77,479.85,479.7,479.82,17782,0
DIA.US,5,20251203,203000,479.84,479.86,479.66,479.72,25171,0
DIA.US,5,20251203,203500,479.7,479.81,479.69,479.73,19801,0
DIA.US,5,20251203,204000,479.72,479.85,479.7,479.795,23220,0
DIA.US,5,20251203,204500,479.79,479.87,479.72,479.86,19707,0
DIA.US,5,20251203,205000,479.87,479.98,479.82,479.83,27163,0
DIA.US,5,20251203,205500,479.8282,479.8986,479.69,479.71,18294,0
DIA.US,5,20251203,210000,479.73,479.93,479.69,479.89,16002,0
DIA.US,5,20251203,210500,479.88,480.03,479.84,479.98,24576,0
DIA.US,5,20251203,211000,479.975,480.18,479.8917,479.895,41592,0
DIA.US,5,20251203,211500,479.89,479.99,479.82,479.86,49646,0
DIA.US,5,20251203,212000,479.86,479.96,479.81,479.81,18154,0
DIA.US,5,20251203,212500,479.775,479.84,479.55,479.77,33069,0
DIA.US,5,20251203,213000,479.78,479.89,479.75,479.825,20193,0
DIA.US,5,20251203,213500,479.82,479.89,479.71,479.8244,30133,0
DIA.US,5,20251203,214000,479.82,479.96,479.8,479.902,31517,0
DIA.US,5,20251203,214500,479.88,479.99,479.7,479.77,40038,0
DIA.US,5,20251203,215000,479.76,479.83,479.42,479.59,170487,0
DIA.US,5,20251203,215500,479.59,479.76,479.31,479.49,420798,0
DIA.US,5,20251204,153000,479.71,481.23,479.69,480.72,207530,0
DIA.US,5,20251204,153500,480.72,480.72,479.88,479.93,155622,0
DIA.US,5,20251204,154000,479.92,480.19,479.2,479.5,203740,0
DIA.US,5,20251204,154500,479.51,479.59,479.09,479.12,108845,0
DIA.US,5,20251204,155000,479.09,479.1,478.49,478.97,102389,0
DIA.US,5,20251204,155500,478.94,479.38,478.84,478.93,70472,0
DIA.US,5,20251204,160000,478.93,479.21,478.68,478.91,73393,0
DIA.US,5,20251204,160500,478.88,479.09,478.79,478.93,52310,0
DIA.US,5,20251204,161000,478.91,479.04,478.535,479.01,53169,0
DIA.US,5,20251204,161500,478.98,479.49,478.91,479.48,61182,0
DIA.US,5,20251204,162000,479.48,479.84,479.35,479.36,69111,0
DIA.US,5,20251204,162500,479.32,479.76,478.795,479.72,82179,0
DIA.US,5,20251204,163000,479.69,479.95,479.6,479.64,33748,0
DIA.US,5,20251204,163500,479.655,480.1,479.655,480,45757,0
DIA.US,5,20251204,164000,480.02,480.03,479.52,479.6,45370,0
DIA.US,5,20251204,164500,479.63,479.66,479.0099,479.42,43412,0
DIA.US,5,20251204,165000,479.39,479.49,479.19,479.3,22941,0
DIA.US,5,20251204,165500,479.34,479.51,479.25,479.39,35517,0
DIA.US,5,20251204,170000,479.41,479.63,479.12,479.1805,41453,0
DIA.US,5,20251204,170500,479.16,479.65,478.93,479.6,41875,0
DIA.US,5,20251204,171000,479.62,479.63,479.22,479.399,32582,0
DIA.US,5,20251204,171500,479.34,479.7,479.27,479.64,30951,0
DIA.US,5,20251204,172000,479.61,479.62,479.27,479.43,34173,0
DIA.US,5,20251204,172500,479.44,479.52,478.94,479.19,29502,0
DIA.US,5,20251204,173000,479.195,479.195,478.76,478.855,41120,0
DIA.US,5,20251204,173500,478.87,479.07,478.67,478.8,42748,0
DIA.US,5,20251204,174000,478.85,478.85,478.6,478.71,20687,0
DIA.US,5,20251204,174500,478.73,479.31,478.72,479.15,26617,0
DIA.US,5,20251204,175000,479.16,479.36,479.12,479.2,32694,0
DIA.US,5,20251204,175500,479.18,479.3801,479.145,479.29,44461,0
DIA.US,5,20251204,180000,479.27,479.37,478.84,478.92,15996,0
DIA.US,5,20251204,180500,478.89,478.97,478.5,478.5,29141,0
DIA.US,5,20251204,181000,478.51,478.76,478.34,478.76,27323,0
DIA.US,5,20251204,181500,478.78,478.85,478.56,478.8,14856,0
DIA.US,5,20251204,182000,478.8,479,478.76,478.97,19286,0
DIA.US,5,20251204,182500,479,479.16,478.96,479.07,20889,0
DIA.US,5,20251204,183000,479.08,479.15,478.89,479.15,20849,0
DIA.US,5,20251204,183500,479.15,479.345,479.06,479.065,16024,0
DIA.US,5,20251204,184000,479.1,479.2,479,479.14,13738,0
DIA.US,5,20251204,184500,479.145,479.4,479.13,479.34,13570,0
DIA.US,5,20251204,185000,479.3602,479.51,479.325,479.48,13547,0
DIA.US,5,20251204,185500,479.47,479.52,479.37,479.39,27417,0
DIA.US,5,20251204,190000,479.38,479.53,479.35,479.43,12433,0
DIA.US,5,20251204,190500,479.42,479.45,479.04,479.1502,18274,0
DIA.US,5,20251204,191000,479.12,479.37,479.05,479.35,12130,0
DIA.US,5,20251204,191500,479.39,479.61,479.37,479.4,17673,0
DIA.US,5,20251204,192000,479.39,479.79,479.39,479.75,14040,0
DIA.US,5,20251204,192500,479.75,480,479.69,479.96,18903,0
DIA.US,5,20251204,193000,479.92,479.99,479.6199,479.74,12806,0
DIA.US,5,20251204,193500,479.7301,479.7301,479.57,479.67,8645,0
DIA.US,5,20251204,194000,479.65,479.68,479.22,479.35,18817,0
DIA.US,5,20251204,194500,479.43,479.5187,479.3799,479.3799,11413,0
DIA.US,5,20251204,195000,479.36,479.5101,479.35,479.47,12785,0
DIA.US,5,20251204,195500,479.46,479.48,479.35,479.41,15709,0
DIA.US,5,20251204,200000,479.39,479.5,479.26,479.26,18844,0
DIA.US,5,20251204,200500,479.23,479.35,479.12,479.29,23732,0
DIA.US,5,20251204,201000,479.27,479.27,478.85,478.889,21160,0
DIA.US,5,20251204,201500,478.88,478.89,478.17,478.21,46016,0
DIA.US,5,20251204,202000,478.16,478.24,477.5,477.86,90845,0
DIA.US,5,20251204,202500,477.8,478.27,477.8,478.13,28419,0
DIA.US,5,20251204,203000,478.12,478.65,478,478.65,29321,0
DIA.US,5,20251204,203500,478.67,479.17,478.67,478.91,51118,0
DIA.US,5,20251204,204000,478.9,479,478.66,478.8101,21229,0
DIA.US,5,20251204,204500,478.79,479.0199,478.7,478.79,18884,0
DIA.US,5,20251204,205000,478.8,478.93,478.6952,478.82,42221,0
DIA.US,5,20251204,205500,478.85,478.94,478.5,478.62,27564,0
DIA.US,5,20251204,210000,478.6,478.73,478.32,478.32,37368,0
DIA.US,5,20251204,210500,478.34,478.4048,478,478.33,31418,0
DIA.US,5,20251204,211000,478.34,478.73,478.3,478.63,28033,0
DIA.US,5,20251204,211500,478.6,478.65,478.32,478.57,27180,0
DIA.US,5,20251204,212000,478.57,478.64,478.36,478.37,16317,0
DIA.US,5,20251204,212500,478.32,478.41,478.19,478.23,13821,0
DIA.US,5,20251204,213000,478.21,478.52,478.13,478.47,35576,0
DIA.US,5,20251204,213500,478.52,478.59,478.37,478.54,13331,0
DIA.US,5,20251204,214000,478.54,478.59,478.43,478.48,19091,0
DIA.US,5,20251204,214500,478.46,478.5,478.26,478.34,59813,0
DIA.US,5,20251204,215000,478.35,478.99,478.34,478.9,167395,0
DIA.US,5,20251204,215500,478.9,479.19,478.735,479.1,243138,0
DIA.US,5,20251205,153000,479.48,480.18,479.47,479.81,180878,0
DIA.US,5,20251205,153500,479.82,480.25,479.46,480.18,133622,0
DIA.US,5,20251205,154000,480.19,480.9,480.18,480.5201,150705,0
DIA.US,5,20251205,154500,480.55,480.85,480.21,480.825,94058,0
DIA.US,5,20251205,155000,480.83,481.09,480.63,480.8543,107494,0
DIA.US,5,20251205,155500,480.89,480.94,480.76,480.89,60958,0
DIA.US,5,20251205,160000,480.96,481.68,480.95,481.63,91916,0
DIA.US,5,20251205,160500,481.645,481.93,481.23,481.44,73692,0
DIA.US,5,20251205,161000,481.48,481.62,481.31,481.52,50618,0
DIA.US,5,20251205,161500,481.55,481.55,481.12,481.24,64509,0
DIA.US,5,20251205,162000,481.26,481.69,481.21,481.46,57650,0
DIA.US,5,20251205,162500,481.465,481.48,480.95,481.26,61402,0
DIA.US,5,20251205,163000,481.25,481.4,481.07,481.19,54318,0
DIA.US,5,20251205,163500,481.2,481.3071,480.87,480.87,44029,0
DIA.US,5,20251205,164000,480.85,481.12,480.8,480.97,45133,0
DIA.US,5,20251205,164500,480.96,481.3,480.74,481.13,68637,0
DIA.US,5,20251205,165000,481.14,481.31,480.92,481.06,75268,0
DIA.US,5,20251205,165500,481.02,481.07,480.52,480.65,75096,0
DIA.US,5,20251205,170000,480.65,480.93,480.46,480.54,71715,0
DIA.US,5,20251205,170500,480.53,480.79,480.43,480.47,45699,0
DIA.US,5,20251205,171000,480.41,480.65,480.31,480.37,41529,0
DIA.US,5,20251205,171500,480.34,480.59,480.13,480.37,66689,0
DIA.US,5,20251205,172000,480.36,480.74,480.26,480.41,56875,0
DIA.US,5,20251205,172500,480.51,480.61,480.09,480.16,41026,0
DIA.US,5,20251205,173000,480.13,480.13,479.73,479.89,59508,0
DIA.US,5,20251205,173500,479.89,480.08,479.65,479.65,29660,0
DIA.US,5,20251205,174000,479.62,479.66,479.32,479.42,32489,0
DIA.US,5,20251205,174500,479.43,479.85,479.43,479.8,40986,0
DIA.US,5,20251205,175000,479.84,480.1,479.8,480.08,25311,0
DIA.US,5,20251205,175500,480.06,480.32,479.95,480.1,46183,0
DIA.US,5,20251205,180000,480.08,480.21,479.85,480.02,48125,0
DIA.US,5,20251205,180500,479.99,480.01,479.52,479.73,56198,0
DIA.US,5,20251205,181000,479.71,479.83,479.56,479.76,40958,0
DIA.US,5,20251205,181500,479.75,479.89,479.65,479.84,41749,0
DIA.US,5,20251205,182000,479.86,480.0165,479.72,479.87,43472,0
DIA.US,5,20251205,182500,479.87,479.935,479.75,479.77,22372,0
DIA.US,5,20251205,183000,479.795,479.89,479.54,479.57,41012,0
DIA.US,5,20251205,183500,479.56,479.78,479.29,479.67,64700,0
DIA.US,5,20251205,184000,479.7,479.83,479.43,479.75,25928,0
DIA.US,5,20251205,184500,479.73,479.92,479.63,479.86,33609,0
DIA.US,5,20251205,185000,479.85,480.5372,479.84,480.4955,25045,0
DIA.US,5,20251205,185500,480.585,480.62,480.41,480.57,29276,0
DIA.US,5,20251205,190000,480.58,480.78,480.58,480.73,29276,0
DIA.US,5,20251205,190500,480.74,481.005,480.71,481,24957,0
DIA.US,5,20251205,191000,481.03,481.05,480.85,480.85,19727,0
DIA.US,5,20251205,191500,480.87,480.885,480.565,480.62,22114,0
DIA.US,5,20251205,192000,480.61,480.61,480.19,480.48,70077,0
DIA.US,5,20251205,192500,480.51,480.965,480.42,480.9,25223,0
DIA.US,5,20251205,193000,480.93,481.18,480.9,481.15,24818,0
DIA.US,5,20251205,193500,481.14,481.14,480.79,480.8315,21872,0
DIA.US,5,20251205,194000,480.845,480.845,480.53,480.79,18896,0
DIA.US,5,20251205,194500,480.78,481.01,480.75,481,18496,0
DIA.US,5,20251205,195000,481.02,481.02,480.72,480.92,21354,0
DIA.US,5,20251205,195500,480.9,480.98,480.8,480.84,16050,0
DIA.US,5,20251205,200000,480.85,480.86,480.53,480.7,22307,0
DIA.US,5,20251205,200500,480.73,480.8,480.65,480.78,14396,0
DIA.US,5,20251205,201000,480.79,480.83,480.69,480.79,17648,0
DIA.US,5,20251205,201500,480.79,480.81,480.53,480.68,22152,0
DIA.US,5,20251205,202000,480.66,480.72,480.31,480.4,19845,0
DIA.US,5,20251205,202500,480.38,480.59,480.32,480.51,17755,0
DIA.US,5,20251205,203000,480.56,480.67,480.43,480.59,12250,0
DIA.US,5,20251205,203500,480.55,480.69,480.46,480.69,13187,0
DIA.US,5,20251205,204000,480.69,480.77,480.47,480.645,23136,0
DIA.US,5,20251205,204500,480.63,480.67,480.52,480.59,31830,0
DIA.US,5,20251205,205000,480.58,480.77,480.55,480.74,23184,0
DIA.US,5,20251205,205500,480.75,480.87,480.72,480.8,16276,0
DIA.US,5,20251205,210000,480.79,480.79,480.5299,480.541,17395,0
DIA.US,5,20251205,210500,480.49,480.63,480.38,480.43,25537,0
DIA.US,5,20251205,211000,480.44,480.54,480.18,480.54,28060,0
DIA.US,5,20251205,211500,480.53,480.68,480.4997,480.635,19421,0
DIA.US,5,20251205,212000,480.61,480.6153,480.429,480.429,19251,0
DIA.US,5,20251205,212500,480.43,480.445,480.2565,480.36,30570,0
DIA.US,5,20251205,213000,480.36,480.37,480.1,480.24,22019,0
DIA.US,5,20251205,213500,480.21,480.28,480.14,480.16,21383,0
DIA.US,5,20251205,214000,480.18,480.2,479.905,480.18,56405,0
DIA.US,5,20251205,214500,480.17,480.17,479.48,479.63,100756,0
DIA.US,5,20251205,215000,479.66,479.92,479.48,479.61,113691,0
DIA.US,5,20251205,215500,479.63,480.26,479.5,480.02,231270,0
DIA.US,5,20251208,153000,480.49,480.52,479.01,479.34,196252,0
DIA.US,5,20251208,153500,479.31,479.59,478.88,479.03,242810,0
DIA.US,5,20251208,154000,479.02,479.1399,478.435,479.07,224435,0
DIA.US,5,20251208,154500,479.08,479.6,478.92,479.45,110524,0
DIA.US,5,20251208,155000,479.49,479.99,479.33,479.96,87148,0
DIA.US,5,20251208,155500,479.96,480.01,479.73,479.81,81715,0
DIA.US,5,20251208,160000,479.79,479.81,479.43,479.53,95436,0
DIA.US,5,20251208,160500,479.52,479.55,478.97,479.11,52583,0
DIA.US,5,20251208,161000,479.13,479.21,478.76,478.78,41479,0
DIA.US,5,20251208,161500,478.76,479.17,478.67,479.17,71011,0
DIA.US,5,20251208,162000,479.18,479.5,479.17,479.27,37830,0
DIA.US,5,20251208,162500,479.26,479.26,478.7,479.13,79147,0
DIA.US,5,20251208,163000,479.12,479.38,478.8247,479.3317,44069,0
DIA.US,5,20251208,163500,479.39,479.54,479.0699,479.43,25214,0
DIA.US,5,20251208,164000,479.36,479.4,478.7,478.705,22161,0
DIA.US,5,20251208,164500,478.75,479.085,478.74,478.95,20814,0
DIA.US,5,20251208,165000,478.97,478.97,478.6335,478.71,25219,0
DIA.US,5,20251208,165500,478.71,478.805,478.41,478.47,36002,0
DIA.US,5,20251208,170000,478.47,478.47,477.77,478.1,121626,0
DIA.US,5,20251208,170500,478.09,478.66,478.08,478.63,54121,0
DIA.US,5,20251208,171000,478.64,478.84,478.41,478.46,41051,0
DIA.US,5,20251208,171500,478.47,478.7174,478.31,478.62,32540,0
DIA.US,5,20251208,172000,478.56,478.97,478.56,478.85,23649,0
DIA.US,5,20251208,172500,478.86,479.05,478.67,479.02,20196,0
DIA.US,5,20251208,173000,479.01,479.035,478.7,478.76,24578,0
DIA.US,5,20251208,173500,478.77,478.8,478.44,478.46,30539,0
DIA.US,5,20251208,174000,478.49,478.81,478.39,478.79,20519,0
DIA.US,5,20251208,174500,478.82,478.83,478.38,478.4,21318,0
DIA.US,5,20251208,175000,478.385,478.57,478.02,478.2,29174,0
DIA.US,5,20251208,175500,478.22,478.475,478.12,478.475,36131,0
DIA.US,5,20251208,180000,478.47,478.47,477.8,477.92,34706,0
DIA.US,5,20251208,180500,477.895,478.18,477.895,478.02,23168,0
DIA.US,5,20251208,181000,478.03,478.08,477.85,477.88,9792,0
DIA.US,5,20251208,181500,477.885,478.12,477.79,478.11,17321,0
DIA.US,5,20251208,182000,478.09,478.09,477.86,477.86,18930,0
DIA.US,5,20251208,182500,477.84,478.01,477.63,478.01,37663,0
DIA.US,5,20251208,183000,477.99,478.18,477.95,478.1,15824,0
DIA.US,5,20251208,183500,478.0701,478.1,477.95,477.97,19674,0
DIA.US,5,20251208,184000,477.92,478.33,477.87,478.19,21757,0
DIA.US,5,20251208,184500,478.16,478.24,478.08,478.2,11242,0
DIA.US,5,20251208,185000,478.21,478.49,478.2,478.45,13614,0
DIA.US,5,20251208,185500,478.47,478.64,478.39,478.58,62296,0
DIA.US,5,20251208,190000,478.56,478.64,478.17,478.21,34185,0
DIA.US,5,20251208,190500,478.21,478.27,477.935,477.935,17821,0
DIA.US,5,20251208,191000,477.93,477.995,477.73,477.7845,15317,0
DIA.US,5,20251208,191500,477.81,477.93,477.77,477.86,16529,0
DIA.US,5,20251208,192000,477.94,477.94,477.69,477.82,9091,0
DIA.US,5,20251208,192500,477.85,477.87,477.29,477.31,39958,0
DIA.US,5,20251208,193000,477.29,477.42,477.11,477.16,68165,0
DIA.US,5,20251208,193500,477.12,477.615,476.99,477.615,38860,0
DIA.US,5,20251208,194000,477.615,477.65,477.4,477.6,18405,0
DIA.US,5,20251208,194500,477.6286,477.6501,477.31,477.34,19424,0
DIA.US,5,20251208,195000,477.35,477.41,477.2184,477.31,16767,0
DIA.US,5,20251208,195500,477.27,477.29,476.84,477.13,46800,0
DIA.US,5,20251208,200000,477.16,477.32,476.99,477.3,60545,0
DIA.US,5,20251208,200500,477.3,477.41,477.23,477.35,20401,0
DIA.US,5,20251208,201000,477.35,477.36,477.025,477.12,19896,0
DIA.US,5,20251208,201500,477.1,477.55,477.1,477.55,22245,0
DIA.US,5,20251208,202000,477.56,477.7,477.46,477.5,26330,0
DIA.US,5,20251208,202500,477.53,477.53,477.29,477.32,16401,0
DIA.US,5,20251208,203000,477.31,477.48,477.2602,477.45,16828,0
DIA.US,5,20251208,203500,477.42,477.68,477.36,477.62,19239,0
DIA.US,5,20251208,204000,477.63,477.79,477.59,477.71,10596,0
DIA.US,5,20251208,204500,477.71,477.71,477.48,477.55,25271,0
DIA.US,5,20251208,205000,477.54,477.69,477.53,477.62,23318,0
DIA.US,5,20251208,205500,477.58,477.59,477.3,477.45,28401,0
DIA.US,5,20251208,210000,477.48,477.62,477.44,477.52,27784,0
DIA.US,5,20251208,210500,477.5,477.63,477.42,477.6,19305,0
DIA.US,5,20251208,211000,477.59,477.71,477.57,477.7,9090,0
DIA.US,5,20251208,211500,477.71,477.88,477.685,477.85,17056,0
DIA.US,5,20251208,212000,477.82,477.92,477.75,477.78,27603,0
DIA.US,5,20251208,212500,477.78,477.895,477.69,477.74,68606,0
DIA.US,5,20251208,213000,477.74,477.76,477.47,477.51,27100,0
DIA.US,5,20251208,213500,477.57,477.65,477.46,477.59,13171,0
DIA.US,5,20251208,214000,477.54,477.79,477.53,477.78,25187,0
DIA.US,5,20251208,214500,477.78,477.82,477.61,477.71,34100,0
DIA.US,5,20251208,215000,477.75,477.89,477.54,477.62,110129,0
DIA.US,5,20251208,215500,477.63,478.24,477.49,478.17,226696,0
DIA.US,5,20251209,153000,478.07,479.6,477.93,479.48,198381,0
DIA.US,5,20251209,153500,479.495,479.74,478.93,478.93,118890,0
DIA.US,5,20251209,154000,478.93,479.365,478.81,478.99,147731,0
DIA.US,5,20251209,154500,478.98,479.46,478.57,479.42,68596,0
DIA.US,5,20251209,155000,479.48,480.27,479.34,480.26,87832,0
DIA.US,5,20251209,155500,480.26,480.275,479.57,479.72,70362,0
DIA.US,5,20251209,160000,479.67,479.93,479.35,479.61,79235,0
DIA.US,5,20251209,160500,479.63,479.63,478.87,479.085,76644,0
DIA.US,5,20251209,161000,479.07,479.43,479.01,479.295,39125,0
DIA.US,5,20251209,161500,479.29,479.58,479.15,479.35,31429,0
DIA.US,5,20251209,162000,479.3434,479.45,479.05,479.09,24502,0
DIA.US,5,20251209,162500,479.06,479.13,478.72,479.06,65764,0
DIA.US,5,20251209,163000,478.97,479.39,478.86,479.35,35653,0
DIA.US,5,20251209,163500,479.27,479.37,479.11,479.23,26637,0
DIA.US,5,20251209,164000,479.19,479.36,478.8493,479.36,26948,0
DIA.US,5,20251209,164500,479.36,479.4977,478.845,478.97,37526,0
DIA.US,5,20251209,165000,479.05,479.22,478.9,479.145,20239,0
DIA.US,5,20251209,165500,479.18,479.41,479.15,479.41,37958,0
DIA.US,5,20251209,170000,479.41,479.65,479.2,479.3701,27469,0
DIA.US,5,20251209,170500,479.41,479.65,479.335,479.6091,10032,0
DIA.US,5,20251209,171000,479.53,479.75,479.5,479.65,25667,0
DIA.US,5,20251209,171500,479.66,479.94,479.64,479.9,23322,0
DIA.US,5,20251209,172000,479.93,480.04,479.74,479.9119,18760,0
DIA.US,5,20251209,172500,479.895,479.895,479.43,479.47,22303,0
DIA.US,5,20251209,173000,479.49,479.78,479.44,479.78,21502,0
DIA.US,5,20251209,173500,479.7648,479.84,479.53,479.545,41827,0
DIA.US,5,20251209,174000,479.54,479.56,479.35,479.43,22197,0
DIA.US,5,20251209,174500,479.53,479.6,479.4,479.545,11188,0
DIA.US,5,20251209,175000,479.51,479.75,479.51,479.64,18245,0
DIA.US,5,20251209,175500,479.65,479.65,479.14,479.17,13815,0
DIA.US,5,20251209,180000,479.16,479.32,479.1001,479.24,15615,0
DIA.US,5,20251209,180500,479.23,479.4,479.135,479.1636,8216,0
DIA.US,5,20251209,181000,479.17,479.17,478.88,478.88,11108,0
DIA.US,5,20251209,181500,478.9,478.91,478.49,478.55,41212,0
DIA.US,5,20251209,182000,478.56,478.57,478.19,478.47,39704,0
DIA.US,5,20251209,182500,478.4935,478.58,478.405,478.43,12925,0
DIA.US,5,20251209,183000,478.47,478.6882,477.93,477.93,137572,0
DIA.US,5,20251209,183500,477.97,478.17,477.29,477.42,211780,0
DIA.US,5,20251209,184000,477.415,477.5,477.27,477.43,71735,0
DIA.US,5,20251209,184500,477.45,477.53,477.05,477.09,72520,0
DIA.US,5,20251209,185000,477.05,477.29,476.79,477.07,51924,0
DIA.US,5,20251209,185500,477.07,477.41,477.07,477.39,51593,0
DIA.US,5,20251209,190000,477.38,477.54,477.17,477.44,19076,0
DIA.US,5,20251209,190500,477.4,477.49,477.02,477.09,26571,0
DIA.US,5,20251209,191000,477.08,477.36,477,477.34,44912,0
DIA.US,5,20251209,191500,477.42,477.42,477.12,477.19,22598,0
DIA.US,5,20251209,192000,477.21,477.44,477.06,477.41,33102,0
DIA.US,5,20251209,192500,477.4,477.4,476.96,477.03,34365,0
DIA.US,5,20251209,193000,477.035,477.18,476.92,477,30459,0
DIA.US,5,20251209,193500,476.95,476.96,476.56,476.655,33801,0
DIA.US,5,20251209,194000,476.67,476.67,476.42,476.46,29661,0
DIA.US,5,20251209,194500,476.45,476.835,476.25,476.83,39109,0
DIA.US,5,20251209,195000,476.81,477.08,476.75,476.96,31030,0
DIA.US,5,20251209,195500,476.96,477.09,476.87,476.99,29778,0
DIA.US,5,20251209,200000,476.96,477.1,476.8508,477.095,26859,0
DIA.US,5,20251209,200500,477.1,477.31,476.95,476.97,30323,0
DIA.US,5,20251209,201000,476.94,476.98,476.7799,476.87,28446,0
DIA.US,5,20251209,201500,476.85,476.95,476.75,476.75,16287,0
DIA.US,5,20251209,202000,476.74,476.82,476.7,476.79,11260,0
DIA.US,5,20251209,202500,476.8,476.96,476.73,476.76,14006,0
DIA.US,5,20251209,203000,476.76,476.81,476.57,476.61,22342,0
DIA.US,5,20251209,203500,476.59,476.92,476.53,476.885,14862,0
DIA.US,5,20251209,204000,476.895,476.93,476.73,476.86,13219,0
DIA.US,5,20251209,204500,476.86,476.92,476.78,476.9,14716,0
DIA.US,5,20251209,205000,476.93,477.09,476.93,477.045,23380,0
DIA.US,5,20251209,205500,477.06,477.11,476.88,476.88,14564,0
DIA.US,5,20251209,210000,476.89,477.01,476.83,476.99,18403,0
DIA.US,5,20251209,210500,476.995,477.05,476.87,477,14122,0
DIA.US,5,20251209,211000,477.035,477.055,476.82,476.84,11336,0
DIA.US,5,20251209,211500,476.85,476.96,476.75,476.87,30933,0
DIA.US,5,20251209,212000,476.87,476.98,476.77,476.785,15856,0
DIA.US,5,20251209,212500,476.765,476.83,476.68,476.71,17712,0
DIA.US,5,20251209,213000,476.7,476.7428,476.5,476.55,29168,0
DIA.US,5,20251209,213500,476.56,476.78,476.48,476.7,25343,0
DIA.US,5,20251209,214000,476.67,476.78,476.49,476.66,24373,0
DIA.US,5,20251209,214500,476.655,476.755,476.5,476.65,90468,0
DIA.US,5,20251209,215000,476.66,476.83,476.55,476.56,120100,0
DIA.US,5,20251209,215500,476.56,476.59,476.09,476.41,273072,0
DIA.US,5,20251210,153000,476.13,476.51,475.75,475.75,174272,0
DIA.US,5,20251210,153500,475.72,476.435,475.36,476.19,134068,0
DIA.US,5,20251210,154000,476.17,476.83,476.13,476.3,65597,0
DIA.US,5,20251210,154500,476.3,476.8,476.25,476.54,65494,0
DIA.US,5,20251210,155000,476.52,476.935,476.35,476.935,66244,0
DIA.US,5,20251210,155500,476.97,477.58,476.95,477.41,97071,0
DIA.US,5,20251210,160000,477.4,477.54,477.18,477.27,88174,0
DIA.US,5,20251210,160500,477.24,477.59,477.16,477.52,59319,0
DIA.US,5,20251210,161000,477.51,477.9,477.44,477.715,55631,0
DIA.US,5,20251210,161500,477.71,477.99,477.47,477.91,55360,0
DIA.US,5,20251210,162000,477.9,478.01,477.68,477.76,40666,0
DIA.US,5,20251210,162500,477.72,477.75,477.46,477.61,70671,0
DIA.US,5,20251210,163000,477.61,477.645,477.2,477.35,32829,0
DIA.US,5,20251210,163500,477.33,477.43,476.82,477.03,53129,0
DIA.US,5,20251210,164000,477.04,477.7,476.92,477.63,37191,0
DIA.US,5,20251210,164500,477.51,478.23,477.46,478.15,32721,0
DIA.US,5,20251210,165000,478.18,478.25,477.61,477.67,39250,0
DIA.US,5,20251210,165500,477.65,477.96,477.47,477.65,32272,0
DIA.US,5,20251210,170000,477.66,477.67,477.13,477.4464,30429,0
DIA.US,5,20251210,170500,477.54,478.11,477.49,477.98,28044,0
DIA.US,5,20251210,171000,477.96,478.5501,477.88,478.52,39020,0
DIA.US,5,20251210,171500,478.53,478.84,478.42,478.833,42521,0
DIA.US,5,20251210,172000,478.85,478.93,478.491,478.79,48138,0
DIA.US,5,20251210,172500,478.78,478.98,478.7,478.84,25667,0
DIA.US,5,20251210,173000,478.77,478.87,478.56,478.87,50179,0
DIA.US,5,20251210,173500,478.87,478.94,478.7488,478.86,17942,0
DIA.US,5,20251210,174000,478.82,478.82,478.56,478.61,23560,0
DIA.US,5,20251210,174500,478.61,478.86,478.49,478.73,20443,0
DIA.US,5,20251210,175000,478.66,478.91,478.57,478.76,14378,0
DIA.US,5,20251210,175500,478.78,478.87,478.58,478.76,19165,0
DIA.US,5,20251210,180000,478.73,478.74,478.48,478.48,7800,0
DIA.US,5,20251210,180500,478.42,478.53,478.37,478.37,5969,0
DIA.US,5,20251210,181000,478.38,478.6008,478.24,478.47,13832,0
DIA.US,5,20251210,181500,478.45,478.6511,478.39,478.4594,25876,0
DIA.US,5,20251210,182000,478.43,478.53,478.35,478.51,20096,0
DIA.US,5,20251210,182500,478.5,478.57,478.33,478.39,15028,0
DIA.US,5,20251210,183000,478.32,478.43,478.25,478.36,19776,0
DIA.US,5,20251210,183500,478.36,478.38,478.06,478.06,27886,0
DIA.US,5,20251210,184000,478.06,478.1978,477.9,478.03,9846,0
DIA.US,5,20251210,184500,478,478.31,477.97,478.2799,10387,0
DIA.US,5,20251210,185000,478.244,478.58,478.244,478.54,19590,0
DIA.US,5,20251210,185500,478.56,478.765,478.475,478.58,37361,0
DIA.US,5,20251210,190000,478.54,478.73,478.51,478.7238,9308,0
DIA.US,5,20251210,190500,478.74,478.9,478.72,478.8,23124,0
DIA.US,5,20251210,191000,478.78,478.85,478.7,478.72,9920,0
DIA.US,5,20251210,191500,478.7,478.79,478.555,478.56,12087,0
DIA.US,5,20251210,192000,478.59,478.63,478.43,478.43,23228,0
DIA.US,5,20251210,192500,478.4,478.415,478.17,478.26,28962,0
DIA.US,5,20251210,193000,478.29,478.47,478.18,478.26,17344,0
DIA.US,5,20251210,193500,478.26,478.46,478.135,478.21,16930,0
DIA.US,5,20251210,194000,478.18,478.2,477.77,477.77,53018,0
DIA.US,5,20251210,194500,477.7215,478.04,477.6901,478.03,14465,0
DIA.US,5,20251210,195000,478.02,478.07,477.92,477.96,31143,0
DIA.US,5,20251210,195500,477.97,478.18,477.73,478.15,19813,0
DIA.US,5,20251210,200000,478.09,479.6,478.03,478.85,160980,0
DIA.US,5,20251210,200500,478.92,479.98,478.76,479.68,81103,0
DIA.US,5,20251210,201000,479.7,479.89,479.1099,479.11,57743,0
DIA.US,5,20251210,201500,479.24,479.77,479.2,479.5,44410,0
DIA.US,5,20251210,202000,479.41,479.53,478.74,478.76,44545,0
DIA.US,5,20251210,202500,478.76,479.01,478.31,478.94,45399,0
DIA.US,5,20251210,203000,478.98,480.73,478.91,480.54,89133,0
DIA.US,5,20251210,203500,480.58,481.14,479.81,480.6,152484,0
DIA.US,5,20251210,204000,480.62,480.73,478.77,479.55,156424,0
DIA.US,5,20251210,204500,479.48,480.48,479.47,480.12,94454,0
DIA.US,5,20251210,205000,480.02,481.52,479.92,481.23,108446,0
DIA.US,5,20251210,205500,481.25,481.92,481.2,481.8,101185,0
DIA.US,5,20251210,210000,481.79,482.17,481.17,482.06,72744,0
DIA.US,5,20251210,210500,482.08,482.49,481.89,482.39,62377,0
DIA.US,5,20251210,211000,482.3599,482.43,482.11,482.28,81774,0
DIA.US,5,20251210,211500,482.27,482.3416,481.87,482.18,70038,0
DIA.US,5,20251210,212000,482.15,482.67,481.82,481.9,69645,0
DIA.US,5,20251210,212500,481.86,482.32,481.79,482.09,62545,0
DIA.US,5,20251210,213000,482.1,482.75,481.99,482.589,65757,0
DIA.US,5,20251210,213500,482.57,482.745,482.39,482.46,40216,0
DIA.US,5,20251210,214000,482.5,482.57,482.15,482.28,70906,0
DIA.US,5,20251210,214500,482.26,482.49,481.96,482.09,52600,0
DIA.US,5,20251210,215000,482.09,482.17,481.69,481.98,165063,0
DIA.US,5,20251210,215500,481.975,482.02,481.23,481.35,326705,0
DIA.US,5,20251211,153000,482.2,483.48,481.96,483.35,239977,0
DIA.US,5,20251211,153500,483.34,484.41,483.29,484.14,199968,0
DIA.US,5,20251211,154000,484.12,484.9255,484.02,484.87,250578,0
DIA.US,5,20251211,154500,484.85,485.09,483.67,483.67,241907,0
DIA.US,5,20251211,155000,483.66,483.78,482.99,483.04,163878,0
DIA.US,5,20251211,155500,483.03,483.52,482.8704,483.45,171050,0
DIA.US,5,20251211,160000,483.47,483.69,483.03,483.28,155574,0
DIA.US,5,20251211,160500,483.2101,484.31,483.2101,484.26,115794,0
DIA.US,5,20251211,161000,484.27,485.08,484.02,484.54,155478,0
DIA.US,5,20251211,161500,484.52,484.6991,484.31,484.57,92844,0
DIA.US,5,20251211,162000,484.63,485.16,484.54,485.15,131555,0
DIA.US,5,20251211,162500,485.16,485.8499,485.09,485.52,116836,0
DIA.US,5,20251211,163000,485.49,486.12,485.46,485.73,76152,0
DIA.US,5,20251211,163500,485.75,485.96,485.51,485.9332,65050,0
DIA.US,5,20251211,164000,485.92,485.92,485.48,485.77,48484,0
DIA.US,5,20251211,164500,485.79,486.11,485.41,485.48,67667,0
DIA.US,5,20251211,165000,485.45,485.85,485.01,485.71,66290,0
DIA.US,5,20251211,165500,485.73,486.33,485.71,486.23,63741,0
DIA.US,5,20251211,170000,486.23,486.49,485.87,486.11,135399,0
DIA.US,5,20251211,170500,486.15,486.33,485.75,485.89,45247,0
DIA.US,5,20251211,171000,485.92,486.41,485.79,486.3196,38332,0
DIA.US,5,20251211,171500,486.28,486.44,486.03,486.19,42509,0
DIA.US,5,20251211,172000,486.24,486.71,486.1113,486.68,49918,0
DIA.US,5,20251211,172500,486.7,486.74,485.78,485.93,49110,0
DIA.US,5,20251211,173000,485.9,486.41,485.9,486.37,65136,0
DIA.US,5,20251211,173500,486.36,486.73,486.23,486.49,57403,0
DIA.US,5,20251211,174000,486.47,487.27,486.41,487.12,77267,0
DIA.US,5,20251211,174500,487.13,487.44,486.98,487.11,61873,0
DIA.US,5,20251211,175000,487.16,487.24,486.4501,486.4624,51572,0
DIA.US,5,20251211,175500,486.57,486.745,486.27,486.745,44780,0
DIA.US,5,20251211,180000,486.74,487.0999,486.675,487.01,61245,0
DIA.US,5,20251211,180500,487.03,487.06,486.81,486.82,35810,0
DIA.US,5,20251211,181000,486.88,487.6,486.88,487.42,69323,0
DIA.US,5,20251211,181500,487.43,487.7,487.33,487.47,38588,0
DIA.US,5,20251211,182000,487.53,487.87,487.5,487.85,102964,0
DIA.US,5,20251211,182500,487.88,488.05,487.55,487.7,44136,0
DIA.US,5,20251211,183000,487.7,487.89,487.5,487.59,33692,0
DIA.US,5,20251211,183500,487.5989,487.5989,487.34,487.49,38827,0
DIA.US,5,20251211,184000,487.5,487.71,487.245,487.3301,51752,0
DIA.US,5,20251211,184500,487.34,487.43,487.11,487.12,29026,0
DIA.US,5,20251211,185000,487.115,487.38,486.93,487.301,40447,0
DIA.US,5,20251211,185500,487.31,487.4,487.13,487.36,22661,0
DIA.US,5,20251211,190000,487.35,487.71,487.26,487.6299,22968,0
DIA.US,5,20251211,190500,487.6,487.71,487.53,487.65,22370,0
DIA.US,5,20251211,191000,487.67,487.775,487.49,487.565,26851,0
DIA.US,5,20251211,191500,487.57,487.61,487.32,487.38,28280,0
DIA.US,5,20251211,192000,487.36,487.7299,487.35,487.69,22835,0
DIA.US,5,20251211,192500,487.72,487.86,487.39,487.4,50505,0
DIA.US,5,20251211,193000,487.38,487.51,487.17,487.415,37238,0
DIA.US,5,20251211,193500,487.42,487.7551,487.41,487.56,32313,0
DIA.US,5,20251211,194000,487.59,487.7,487.5046,487.68,18331,0
DIA.US,5,20251211,194500,487.68,487.7,487.38,487.43,18584,0
DIA.US,5,20251211,195000,487.45,487.5999,487.32,487.335,15092,0
DIA.US,5,20251211,195500,487.34,487.64,487.32,487.5,23439,0
DIA.US,5,20251211,200000,487.49,487.73,487.46,487.645,120553,0
DIA.US,5,20251211,200500,487.62,487.671,487.31,487.38,17896,0
DIA.US,5,20251211,201000,487.39,487.5399,487.26,487.5344,13611,0
DIA.US,5,20251211,201500,487.54,487.77,487.5,487.68,26558,0
DIA.US,5,20251211,202000,487.69,487.7,487.57,487.65,19999,0
DIA.US,5,20251211,202500,487.67,487.75,487.54,487.71,15459,0
DIA.US,5,20251211,203000,487.69,487.8433,487.68,487.68,20218,0
DIA.US,5,20251211,203500,487.69,487.89,487.655,487.79,24403,0
DIA.US,5,20251211,204000,487.8,487.995,487.77,487.995,39927,0
DIA.US,5,20251211,204500,487.995,488.11,487.9,487.97,36630,0
DIA.US,5,20251211,205000,487.99,488.13,487.94,487.94,48440,0
DIA.US,5,20251211,205500,487.94,488.22,487.92,488.1399,35168,0
DIA.US,5,20251211,210000,488.115,488.38,488.1,488.315,28009,0
DIA.US,5,20251211,210500,488.33,488.33,487.88,488.0385,73100,0
DIA.US,5,20251211,211000,488.02,488.08,487.88,487.96,20740,0
DIA.US,5,20251211,211500,487.96,488.15,487.95,488.08,25452,0
DIA.US,5,20251211,212000,488.09,488.23,488.05,488.07,32896,0
DIA.US,5,20251211,212500,488.07,488.08,487.82,487.98,21983,0
DIA.US,5,20251211,213000,487.97,488.12,487.9236,487.96,41895,0
DIA.US,5,20251211,213500,487.96,487.96,487.73,487.83,102081,0
DIA.US,5,20251211,214000,487.82,488.06,487.8,487.9,60398,0
DIA.US,5,20251211,214500,487.89,487.93,487.65,487.745,80797,0
DIA.US,5,20251211,215000,487.76,488.23,487.76,488.02,138416,0
DIA.US,5,20251211,215500,488.04,488.06,487.645,487.87,352048,0
DIA.US,5,20251212,153000,488.7,489.1816,488.33,488.71,224124,0
DIA.US,5,20251212,153500,488.8,488.96,488.47,488.9,91285,0
DIA.US,5,20251212,154000,488.89,488.99,488.34,488.94,203857,0
DIA.US,5,20251212,154500,489.04,489.66,488.89,489.3,312235,0
DIA.US,5,20251212,155000,489.3,489.57,488.98,489.56,140083,0
DIA.US,5,20251212,155500,489.52,489.59,488.94,488.94,93195,0
DIA.US,5,20251212,160000,488.91,489.3103,488.67,489.1,127129,0
DIA.US,5,20251212,160500,489.14,489.27,488.4,488.6,92235,0
DIA.US,5,20251212,161000,488.59,488.88,488.16,488.32,100331,0
DIA.US,5,20251212,161500,488.31,488.54,487.87,488.475,103956,0
DIA.US,5,20251212,162000,488.4,488.51,487.9,487.91,84623,0
DIA.US,5,20251212,162500,487.89,488.07,487.41,487.51,91143,0
DIA.US,5,20251212,163000,487.465,488.01,487.1909,487.88,156341,0
DIA.US,5,20251212,163500,487.9,488.55,487.7909,488.45,73843,0
DIA.US,5,20251212,164000,488.48,488.62,488.01,488.55,53790,0
DIA.US,5,20251212,164500,488.56,488.82,488.29,488.3501,72930,0
DIA.US,5,20251212,165000,488.4,488.52,487.47,487.47,51531,0
DIA.US,5,20251212,165500,487.41,487.44,485.91,486.16,149078,0
DIA.US,5,20251212,170000,486.24,486.61,485.73,485.73,110979,0
DIA.US,5,20251212,170500,485.73,486.2,485.5321,485.59,103072,0
DIA.US,5,20251212,171000,485.53,485.78,485.08,485.59,103439,0
DIA.US,5,20251212,171500,485.54,485.86,485.22,485.5561,86060,0
DIA.US,5,20251212,172000,485.57,485.77,484.72,485.1,80444,0
DIA.US,5,20251212,172500,485.14,485.68,484.96,485.58,60966,0
DIA.US,5,20251212,173000,485.56,485.56,484.56,484.75,66271,0
DIA.US,5,20251212,173500,484.77,484.91,484.18,484.39,73859,0
DIA.US,5,20251212,174000,484.38,485.29,484.17,485.24,68808,0
DIA.US,5,20251212,174500,485.25,485.3,484.67,484.95,70552,0
DIA.US,5,20251212,175000,484.88,484.89,484.42,484.67,55218,0
DIA.US,5,20251212,175500,484.6,485.14,484.43,485.14,40940,0
DIA.US,5,20251212,180000,485.12,485.55,484.98,485.291,61682,0
DIA.US,5,20251212,180500,485.275,485.85,485.275,485.48,39743,0
DIA.US,5,20251212,181000,485.44,485.77,485.44,485.7,46819,0
DIA.US,5,20251212,181500,485.69,486.35,485.69,486.3499,31542,0
DIA.US,5,20251212,182000,486.36,486.57,486.1,486.25,38147,0
DIA.US,5,20251212,182500,486.24,486.24,485.37,485.52,27326,0
DIA.US,5,20251212,183000,485.545,485.91,485.23,485.78,50434,0
DIA.US,5,20251212,183500,485.78,486.24,485.46,486.17,30905,0
DIA.US,5,20251212,184000,486.175,486.31,485.975,486.025,31513,0
DIA.US,5,20251212,184500,485.98,486.48,485.97,486.3,50876,0
DIA.US,5,20251212,185000,486.34,486.41,485.91,486.09,22180,0
DIA.US,5,20251212,185500,486.12,486.48,486.12,486.28,27425,0
DIA.US,5,20251212,190000,486.34,486.36,486.03,486.17,39375,0
DIA.US,5,20251212,190500,486.19,486.41,486.13,486.2,20764,0
DIA.US,5,20251212,191000,486.091,486.86,486.091,486.55,125175,0
DIA.US,5,20251212,191500,486.54,486.9,486.48,486.59,30964,0
DIA.US,5,20251212,192000,486.595,486.61,485.95,486.15,51202,0
DIA.US,5,20251212,192500,486.15,486.53,486.15,486.411,54993,0
DIA.US,5,20251212,193000,486.46,486.48,486.09,486.33,26435,0
DIA.US,5,20251212,193500,486.34,486.41,485.92,486.24,24321,0
DIA.US,5,20251212,194000,486.24,486.44,485.82,485.95,20171,0
DIA.US,5,20251212,194500,486.01,486.28,485.84,486.28,29426,0
DIA.US,5,20251212,195000,486.26,486.485,486.21,486.33,30485,0
DIA.US,5,20251212,195500,486.37,486.46,485.91,486.04,39056,0
DIA.US,5,20251212,200000,486.06,486.08,485.45,485.84,39315,0
DIA.US,5,20251212,200500,485.8645,485.98,485.49,485.49,41607,0
DIA.US,5,20251212,201000,485.49,485.78,485.24,485.5084,38554,0
DIA.US,5,20251212,201500,485.5,485.78,485.33,485.405,30745,0
DIA.US,5,20251212,202000,485.4,485.58,485.19,485.39,29297,0
DIA.US,5,20251212,202500,485.41,485.51,485.21,485.41,21947,0
DIA.US,5,20251212,203000,485.39,485.71,485.39,485.58,18663,0
DIA.US,5,20251212,203500,485.56,485.75,485.52,485.53,52773,0
DIA.US,5,20251212,204000,485.56,485.81,485.39,485.5,37126,0
DIA.US,5,20251212,204500,485.535,485.68,485.41,485.68,24422,0
DIA.US,5,20251212,205000,485.66,485.89,485.62,485.825,47973,0
DIA.US,5,20251212,205500,485.827,485.93,485.55,485.74,37470,0
DIA.US,5,20251212,210000,485.76,485.83,485.42,485.68,40775,0
DIA.US,5,20251212,210500,485.65,486.08,485.63,486.04,32596,0
DIA.US,5,20251212,211000,486,486.17,485.749,485.78,31175,0
DIA.US,5,20251212,211500,485.77,485.84,485.59,485.61,24467,0
DIA.US,5,20251212,212000,485.64,485.82,485.59,485.72,26325,0
DIA.US,5,20251212,212500,485.75,485.75,485.12,485.3,35263,0
DIA.US,5,20251212,213000,485.29,485.37,484.62,485.07,83635,0
DIA.US,5,20251212,213500,485.08,485.1,484.56,484.7597,53945,0
DIA.US,5,20251212,214000,484.74,485.16,484.74,484.93,57918,0
DIA.US,5,20251212,214500,484.915,485.72,484.86,485.39,101680,0
DIA.US,5,20251212,215000,485.4,485.68,485.19,485.44,112245,0
DIA.US,5,20251212,215500,485.48,485.58,485.24,485.4,333943,0
DIA.US,5,20251215,153000,487.58,487.73,486.84,486.935,214934,0
DIA.US,5,20251215,153500,486.935,487.29,486.5,486.72,141237,0
DIA.US,5,20251215,154000,486.72,487.44,486.71,487,140809,0
DIA.US,5,20251215,154500,486.99,487.085,486.1905,486.39,104966,0
DIA.US,5,20251215,155000,486.4,486.49,485.7,485.81,71757,0
DIA.US,5,20251215,155500,485.88,486.04,485.64,485.69,74791,0
DIA.US,5,20251215,160000,485.63,485.67,485.06,485.31,83676,0
DIA.US,5,20251215,160500,485.29,486,485.27,485.56,74447,0
DIA.US,5,20251215,161000,485.55,485.61,484.98,485.1565,81669,0
DIA.US,5,20251215,161500,485.14,485.14,484.73,484.88,92149,0
DIA.US,5,20251215,162000,484.8,485.13,484.33,484.33,96654,0
DIA.US,5,20251215,162500,484.31,484.71,484.11,484.45,92602,0
DIA.US,5,20251215,163000,484.44,485.44,484.35,485.13,81430,0
DIA.US,5,20251215,163500,485.12,485.38,484.6584,484.67,74473,0
DIA.US,5,20251215,164000,484.64,485.385,484.45,485.35,83120,0
DIA.US,5,20251215,164500,485.34,485.55,485.03,485.515,47944,0
DIA.US,5,20251215,165000,485.46,485.65,484.78,485.12,41662,0
DIA.US,5,20251215,165500,485.07,485.175,484.82,484.92,26941,0
DIA.US,5,20251215,170000,484.96,485.06,484.63,484.77,35915,0
DIA.US,5,20251215,170500,484.73,485.13,484.69,485.07,46055,0
DIA.US,5,20251215,171000,485.06,485.12,484.63,484.63,26148,0
DIA.US,5,20251215,171500,484.66,485.45,484.66,485.4,40171,0
DIA.US,5,20251215,172000,485.41,485.5,485.16,485.34,23532,0
DIA.US,5,20251215,172500,485.34,485.8,485.28,485.6,26858,0
DIA.US,5,20251215,173000,485.7,485.71,484.88,484.91,29294,0
DIA.US,5,20251215,173500,484.84,484.97,484.15,484.56,37742,0
DIA.US,5,20251215,174000,484.56,484.89,484.14,484.23,45984,0
DIA.US,5,20251215,174500,484.2411,484.33,483.97,484.17,43292,0
DIA.US,5,20251215,175000,484.11,484.86,484.11,484.855,27114,0
DIA.US,5,20251215,175500,484.86,485.05,484.25,484.3964,27908,0
DIA.US,5,20251215,180000,484.4,484.81,484.3301,484.56,26380,0
DIA.US,5,20251215,180500,484.595,484.83,484.5,484.71,17735,0
DIA.US,5,20251215,181000,484.77,484.87,484.39,484.41,44753,0
DIA.US,5,20251215,181500,484.365,484.39,484,484.12,21336,0
DIA.US,5,20251215,182000,484.12,484.63,484.09,484.35,24213,0
DIA.US,5,20251215,182500,484.3,484.645,484.28,484.35,21311,0
DIA.US,5,20251215,183000,484.36,484.52,483.94,483.99,29252,0
DIA.US,5,20251215,183500,484.01,484.53,484.01,484.53,31059,0
DIA.US,5,20251215,184000,484.52,484.97,484.51,484.85,15918,0
DIA.US,5,20251215,184500,484.91,485.075,484.24,484.2601,24602,0
DIA.US,5,20251215,185000,484.21,484.21,483.71,484.13,54395,0
DIA.US,5,20251215,185500,484.07,484.45,483.98,484.43,16545,0
DIA.US,5,20251215,190000,484.4,484.76,484.12,484.61,21547,0
DIA.US,5,20251215,190500,484.62,484.87,484.47,484.54,20557,0
DIA.US,5,20251215,191000,484.59,484.79,484.49,484.77,14145,0
DIA.US,5,20251215,191500,484.815,484.86,484.43,484.53,14966,0
DIA.US,5,20251215,192000,484.48,484.62,483.98,484,26083,0
DIA.US,5,20251215,192500,483.95,484.15,483.73,484.1011,15517,0
DIA.US,5,20251215,193000,484.1,484.35,483.85,484.08,20231,0
DIA.US,5,20251215,193500,483.98,484.32,483.84,484.03,15051,0
DIA.US,5,20251215,194000,484.03,484.3,484.01,484.3,16979,0
DIA.US,5,20251215,194500,484.29,484.39,484.16,484.31,13619,0
DIA.US,5,20251215,195000,484.325,484.59,484.25,484.52,15490,0
DIA.US,5,20251215,195500,484.55,484.81,484.53,484.57,16530,0
DIA.US,5,20251215,200000,484.56,484.84,484.5,484.81,18885,0
DIA.US,5,20251215,200500,484.84,484.95,484.62,484.62,13498,0
DIA.US,5,20251215,201000,484.51,484.71,484.48,484.51,12772,0
DIA.US,5,20251215,201500,484.49,484.64,484.34,484.63,18373,0
DIA.US,5,20251215,202000,484.63,484.74,484.35,484.56,9544,0
DIA.US,5,20251215,202500,484.55,484.75,484.53,484.7,12427,0
DIA.US,5,20251215,203000,484.76,484.8855,484.65,484.78,10249,0
DIA.US,5,20251215,203500,484.77,484.86,484.7,484.75,15215,0
DIA.US,5,20251215,204000,484.77,484.97,484.66,484.71,21272,0
DIA.US,5,20251215,204500,484.68,484.77,484.515,484.65,38834,0
DIA.US,5,20251215,205000,484.67,484.98,484.62,484.98,27715,0
DIA.US,5,20251215,205500,484.99,485.43,484.99,485.395,31874,0
DIA.US,5,20251215,210000,485.35,485.35,485.11,485.33,27300,0
DIA.US,5,20251215,210500,485.31,485.425,485.29,485.33,15108,0
DIA.US,5,20251215,211000,485.34,485.45,485.19,485.19,26189,0
DIA.US,5,20251215,211500,485.21,485.4,485.12,485.17,12935,0
DIA.US,5,20251215,212000,485.18,485.24,484.935,485.18,21052,0
DIA.US,5,20251215,212500,485.17,485.33,484.99,485.22,24775,0
DIA.US,5,20251215,213000,485.27,485.31,484.94,484.95,24652,0
DIA.US,5,20251215,213500,484.91,485.34,484.85,485.32,30744,0
DIA.US,5,20251215,214000,485.34,485.37,484.94,484.99,22542,0
DIA.US,5,20251215,214500,484.99,485.33,484.99,485.27,58560,0
DIA.US,5,20251215,215000,485.26,485.62,485.07,485.15,98154,0
DIA.US,5,20251215,215500,485.17,485.47,485.1,485.17,359180,0
DIA.US,5,20251216,153000,484.455,485.48,484.36,484.86,185254,0
DIA.US,5,20251216,153500,484.89,485.35,484.52,484.65,116447,0
DIA.US,5,20251216,154000,484.62,484.63,483.65,484,78730,0
DIA.US,5,20251216,154500,483.99,484.82,483.61,484.67,123486,0
DIA.US,5,20251216,155000,484.6,485.44,484.53,484.6,182680,0
DIA.US,5,20251216,155500,484.6,485.1,484.41,484.65,67415,0
DIA.US,5,20251216,160000,484.69,484.74,483.48,483.91,98797,0
DIA.US,5,20251216,160500,483.95,484.921,483.69,484.3752,74728,0
DIA.US,5,20251216,161000,484.32,484.4,483.54,483.85,42485,0
DIA.US,5,20251216,161500,483.77,483.98,482.98,483.24,49690,0
DIA.US,5,20251216,162000,483.22,483.28,482.35,482.41,55426,0
DIA.US,5,20251216,162500,482.41,482.92,482.02,482.75,69115,0
DIA.US,5,20251216,163000,482.71,483.53,482.61,483.2,41461,0
DIA.US,5,20251216,163500,483.23,483.55,482.76,483.37,33920,0
DIA.US,5,20251216,164000,483.38,483.57,482.96,483.57,48199,0
DIA.US,5,20251216,164500,483.51,484.01,483.51,483.7,36996,0
DIA.US,5,20251216,165000,483.76,483.95,483.15,483.91,20172,0
DIA.US,5,20251216,165500,483.87,484.15,483.38,483.66,42061,0
DIA.US,5,20251216,170000,483.67,483.8213,483.33,483.44,40974,0
DIA.US,5,20251216,170500,483.46,483.54,483.04,483.31,64879,0
DIA.US,5,20251216,171000,483.36,483.44,482.91,483.045,27796,0
DIA.US,5,20251216,171500,483.03,483.2,482.58,483,70010,0
DIA.US,5,20251216,172000,482.97,483.11,482.69,482.78,22831,0
DIA.US,5,20251216,172500,482.72,482.79,482.48,482.67,24019,0
DIA.US,5,20251216,173000,482.66,482.8916,482.42,482.74,26883,0
DIA.US,5,20251216,173500,482.76,482.84,482.15,482.53,36895,0
DIA.US,5,20251216,174000,482.61,482.65,482.19,482.58,34214,0
DIA.US,5,20251216,174500,482.58,482.89,482.39,482.88,42158,0
DIA.US,5,20251216,175000,482.9,483.17,482.151,482.313,36490,0
DIA.US,5,20251216,175500,482.32,482.86,482.2,482.67,22251,0
DIA.US,5,20251216,180000,482.67,482.88,482.43,482.75,30212,0
DIA.US,5,20251216,180500,482.77,483.1099,482.66,482.66,23442,0
DIA.US,5,20251216,181000,482.63,482.99,482.337,482.92,33434,0
DIA.US,5,20251216,181500,482.99,483.16,482.92,483.075,25959,0
DIA.US,5,20251216,182000,483.03,483.06,482.52,482.55,27033,0
DIA.US,5,20251216,182500,482.52,482.52,481.94,482.17,51162,0
DIA.US,5,20251216,183000,482.13,482.56,482.13,482.47,23961,0
DIA.US,5,20251216,183500,482.48,482.62,481.82,482,43089,0
DIA.US,5,20251216,184000,481.97,481.975,481.3,481.525,40691,0
DIA.US,5,20251216,184500,481.57,481.85,481.46,481.555,14229,0
DIA.US,5,20251216,185000,481.53,481.53,481.16,481.32,16804,0
DIA.US,5,20251216,185500,481.39,481.46,480.8,480.89,83117,0
DIA.US,5,20251216,190000,480.85,481.05,480.42,480.93,151658,0
DIA.US,5,20251216,190500,480.99,481.06,480.33,480.74,41286,0
DIA.US,5,20251216,191000,480.69,480.94,480.442,480.94,29221,0
DIA.US,5,20251216,191500,480.89,480.94,480.5,480.63,19963,0
DIA.US,5,20251216,192000,480.65,480.98,480.581,480.98,19214,0
DIA.US,5,20251216,192500,480.98,481.09,480.74,480.83,22463,0
DIA.US,5,20251216,193000,480.875,481.44,480.875,481.44,25575,0
DIA.US,5,20251216,193500,481.43,481.91,481.3099,481.79,49271,0
DIA.US,5,20251216,194000,481.84,482.23,481.84,482.13,29275,0
DIA.US,5,20251216,194500,482.185,482.51,482.17,482.37,25273,0
DIA.US,5,20251216,195000,482.4,482.64,482.07,482.07,23594,0
DIA.US,5,20251216,195500,482.1,482.14,481.84,482.09,20337,0
DIA.US,5,20251216,200000,482.01,482.01,480.9754,480.9754,25558,0
DIA.US,5,20251216,200500,480.95,481.22,480.84,481.09,35363,0
DIA.US,5,20251216,201000,481.1,481.175,480.67,480.699,34287,0
DIA.US,5,20251216,201500,480.69,480.81,480.56,480.67,16223,0
DIA.US,5,20251216,202000,480.63,481.085,480.6,480.99,23097,0
DIA.US,5,20251216,202500,480.95,481.3277,480.55,481.29,78692,0
DIA.US,5,20251216,203000,481.29,481.59,481.25,481.53,25796,0
DIA.US,5,20251216,203500,481.5,481.75,481.29,481.47,53685,0
DIA.US,5,20251216,204000,481.47,481.74,481.2506,481.61,61258,0
DIA.US,5,20251216,204500,481.62,481.68,481.3,481.47,65276,0
DIA.US,5,20251216,205000,481.42,481.9713,481.38,481.6,51815,0
DIA.US,5,20251216,205500,481.58,481.58,481.29,481.44,58986,0
DIA.US,5,20251216,210000,481.45,482,481.31,481.96,63146,0
DIA.US,5,20251216,210500,481.97,482.26,481.83,482.14,25646,0
DIA.US,5,20251216,211000,482.12,482.25,481.83,481.875,56699,0
DIA.US,5,20251216,211500,481.85,482.12,481.85,482.08,43579,0
DIA.US,5,20251216,212000,482.1,482.42,482.04,482.4,23793,0
DIA.US,5,20251216,212500,482.425,482.45,482.19,482.43,21882,0
DIA.US,5,20251216,213000,482.41,482.93,482.41,482.8899,37894,0
DIA.US,5,20251216,213500,482.85,483.15,482.77,482.82,32635,0
DIA.US,5,20251216,214000,482.81,482.895,482.61,482.73,30205,0
DIA.US,5,20251216,214500,482.74,482.76,482.37,482.6,45015,0
DIA.US,5,20251216,215000,482.6,482.97,482.48,482.5,115541,0
DIA.US,5,20251216,215500,482.45,482.8,481.92,481.98,332328,0
DIA.US,5,20251217,153000,482.81,484.01,482.4824,483.53,171575,0
DIA.US,5,20251217,153500,483.55,483.93,483.26,483.51,143830,0
DIA.US,5,20251217,154000,483.47,483.89,483.07,483.44,124409,0
DIA.US,5,20251217,154500,483.47,483.88,483.17,483.82,175525,0
DIA.US,5,20251217,155000,483.83,484.28,483.6,483.82,88340,0
DIA.US,5,20251217,155500,483.8,484.64,483.61,484.47,92768,0
DIA.US,5,20251217,160000,484.45,484.52,483.93,484.27,70216,0
DIA.US,5,20251217,160500,484.31,484.79,483.75,483.89,114831,0
DIA.US,5,20251217,161000,483.98,484.33,483.79,484.18,127168,0
DIA.US,5,20251217,161500,484.19,484.28,483.6,483.63,105912,0
DIA.US,5,20251217,162000,483.61,484.25,483.41,483.77,97929,0
DIA.US,5,20251217,162500,483.77,484,483.4,483.76,74455,0
DIA.US,5,20251217,163000,483.74,483.89,483.14,483.15,66636,0
DIA.US,5,20251217,163500,483.13,483.18,482.5,482.77,74671,0
DIA.US,5,20251217,164000,482.77,482.94,481.95,482.32,60516,0
DIA.US,5,20251217,164500,482.32,482.37,481.77,482.055,108803,0
DIA.US,5,20251217,165000,482.01,482.09,481.2,481.2,136097,0
DIA.US,5,20251217,165500,481.2,481.33,480.81,481.1463,142753,0
DIA.US,5,20251217,170000,481.12,481.6,480.94,481.455,85420,0
DIA.US,5,20251217,170500,481.445,481.86,481.35,481.5,56484,0
DIA.US,5,20251217,171000,481.42,481.75,480.7,480.7503,88110,0
DIA.US,5,20251217,171500,480.69,481.67,480.62,481.415,69335,0
DIA.US,5,20251217,172000,481.39,481.92,481.2,481.54,36441,0
DIA.US,5,20251217,172500,481.48,481.79,481.11,481.2716,33235,0
DIA.US,5,20251217,173000,481.17,481.225,480.87,481.01,33923,0
DIA.US,5,20251217,173500,480.97,481.51,480.77,481.04,37010,0
DIA.US,5,20251217,174000,481.08,481.48,480.81,481.24,51425,0
DIA.US,5,20251217,174500,481.22,481.5,480.88,481.1,37107,0
DIA.US,5,20251217,175000,481.07,481.24,480.49,480.87,72449,0
DIA.US,5,20251217,175500,480.82,481.35,480.6,481.35,29881,0
DIA.US,5,20251217,180000,481.35,481.43,480.54,480.73,37381,0
DIA.US,5,20251217,180500,480.73,481.19,480.65,480.655,47564,0
DIA.US,5,20251217,181000,480.648,481.2,480.61,480.65,27779,0
DIA.US,5,20251217,181500,480.66,481.44,480.57,481.13,101983,0
DIA.US,5,20251217,182000,481.11,481.65,481.07,481.6413,37843,0
DIA.US,5,20251217,182500,481.64,481.83,481,481.13,55016,0
DIA.US,5,20251217,183000,481.05,481.69,481.05,481.33,42376,0
DIA.US,5,20251217,183500,481.25,481.44,480.96,480.96,22136,0
DIA.US,5,20251217,184000,480.93,481.37,480.8,480.88,31852,0
DIA.US,5,20251217,184500,480.91,480.91,480.47,480.685,37015,0
DIA.US,5,20251217,185000,480.66,480.895,480.48,480.56,50727,0
DIA.US,5,20251217,185500,480.6,480.98,480.55,480.88,20241,0
DIA.US,5,20251217,190000,480.88,481.47,480.88,481.26,31350,0
DIA.US,5,20251217,190500,481.25,481.49,481.07,481.17,37465,0
DIA.US,5,20251217,191000,481.1,481.1253,480.52,480.5401,32638,0
DIA.US,5,20251217,191500,480.5,480.61,480.31,480.32,49833,0
DIA.US,5,20251217,192000,480.36,480.63,480.26,480.55,31999,0
DIA.US,5,20251217,192500,480.53,480.64,480.31,480.34,15624,0
DIA.US,5,20251217,193000,480.33,480.35,480.06,480.34,20738,0
DIA.US,5,20251217,193500,480.35,480.61,480.15,480.22,21143,0
DIA.US,5,20251217,194000,480.18,480.34,479.79,480.18,37188,0
DIA.US,5,20251217,194500,480.15,480.36,479.89,480.06,32142,0
DIA.US,5,20251217,195000,479.91,480.18,479.85,480.01,49115,0
DIA.US,5,20251217,195500,479.99,480.19,479.97,480.18,32621,0
DIA.US,5,20251217,200000,480.18,480.26,479.88,480.08,27057,0
DIA.US,5,20251217,200500,480.08,480.22,479.94,480.08,50337,0
DIA.US,5,20251217,201000,480.07,480.34,479.95,480.23,44872,0
DIA.US,5,20251217,201500,480.25,480.56,480.23,480.38,39936,0
DIA.US,5,20251217,202000,480.4,480.5,480.09,480.46,47549,0
DIA.US,5,20251217,202500,480.42,480.54,480.26,480.44,25713,0
DIA.US,5,20251217,203000,480.42,480.66,480.31,480.34,28880,0
DIA.US,5,20251217,203500,480.33,480.62,480.19,480.56,38886,0
DIA.US,5,20251217,204000,480.6,480.65,480.38,480.45,31736,0
DIA.US,5,20251217,204500,480.42,480.67,480.41,480.66,26501,0
DIA.US,5,20251217,205000,480.6551,480.8,480.52,480.67,58323,0
DIA.US,5,20251217,205500,480.68,480.78,480.61,480.69,28345,0
DIA.US,5,20251217,210000,480.75,480.83,480.34,480.37,46673,0
DIA.US,5,20251217,210500,480.4,480.42,480.1779,480.34,36428,0
DIA.US,5,20251217,211000,480.36,480.56,480.32,480.52,12744,0
DIA.US,5,20251217,211500,480.5113,480.71,480.47,480.55,19071,0
DIA.US,5,20251217,212000,480.56,480.61,480.35,480.38,29698,0
DIA.US,5,20251217,212500,480.37,480.37,480.05,480.24,63626,0
DIA.US,5,20251217,213000,480.235,480.365,479.84,480.2724,61198,0
DIA.US,5,20251217,213500,480.25,480.28,479.96,479.97,55671,0
DIA.US,5,20251217,214000,479.95,480.37,479.935,480.29,30125,0
DIA.US,5,20251217,214500,480.3,480.47,480.095,480.47,65986,0
DIA.US,5,20251217,215000,480.46,480.49,479.73,479.77,201575,0
DIA.US,5,20251217,215500,479.77,480.02,479.49,479.78,270969,0
DIA.US,5,20251218,153000,482.18,483.96,482.08,483.24,293663,0
DIA.US,5,20251218,153500,483.23,483.32,482.39,482.53,158011,0
DIA.US,5,20251218,154000,482.6,482.85,481.6,481.75,126942,0
DIA.US,5,20251218,154500,481.75,482.17,481.2592,481.54,129799,0
DIA.US,5,20251218,155000,481.555,482.65,481.5,482.65,78563,0
DIA.US,5,20251218,155500,482.54,483.06,482.54,482.9,61864,0
DIA.US,5,20251218,160000,482.88,483.37,482.81,483.26,134277,0
DIA.US,5,20251218,160500,483.28,483.54,482.76,482.85,83010,0
DIA.US,5,20251218,161000,482.95,482.96,482.17,482.43,70292,0
DIA.US,5,20251218,161500,482.43,482.58,481.79,482.17,73217,0
DIA.US,5,20251218,162000,482.16,483.03,481.81,482.97,67463,0
DIA.US,5,20251218,162500,482.94,483.21,482.84,483.19,74945,0
DIA.US,5,20251218,163000,483.2,483.35,482.88,483.35,68189,0
DIA.US,5,20251218,163500,483.355,484.18,483.23,483.92,151740,0
DIA.US,5,20251218,164000,483.97,484.59,483.86,484.59,75908,0
DIA.US,5,20251218,164500,484.61,484.631,484.07,484.14,57457,0
DIA.US,5,20251218,165000,484.09,484.36,483.61,483.75,42731,0
DIA.US,5,20251218,165500,483.73,484.02,483.56,483.99,41551,0
DIA.US,5,20251218,170000,483.95,484.39,483.83,484.3696,54490,0
DIA.US,5,20251218,170500,484.37,484.59,484.27,484.39,48066,0
DIA.US,5,20251218,171000,484.43,484.43,483.96,483.99,89787,0
DIA.US,5,20251218,171500,484.02,484.3,483.99,484.02,43768,0
DIA.US,5,20251218,172000,484.02,484.295,483.865,484.06,31154,0
DIA.US,5,20251218,172500,484.12,484.25,483.59,483.88,34360,0
DIA.US,5,20251218,173000,483.86,484.11,483.8,483.81,37154,0
DIA.US,5,20251218,173500,483.79,484.42,483.79,484.2,57545,0
DIA.US,5,20251218,174000,484.2,484.31,483.98,483.98,23098,0
DIA.US,5,20251218,174500,483.93,484.03,483.475,483.48,38272,0
DIA.US,5,20251218,175000,483.49,483.57,483.23,483.34,29014,0
DIA.US,5,20251218,175500,483.35,483.47,482.68,482.79,49671,0
DIA.US,5,20251218,180000,482.8,482.865,482.39,482.4,37614,0
DIA.US,5,20251218,180500,482.42,482.43,480.99,480.99,141355,0
DIA.US,5,20251218,181000,480.99,481.13,480.3,480.54,131715,0
DIA.US,5,20251218,181500,480.53,480.61,479.77,480.27,111427,0
DIA.US,5,20251218,182000,480.24,480.69,479.65,479.71,70697,0
DIA.US,5,20251218,182500,479.715,480.2,479.41,480.15,63402,0
DIA.US,5,20251218,183000,480.12,480.52,479.75,480.52,82330,0
DIA.US,5,20251218,183500,480.5,481.12,480.4,481.11,83340,0
DIA.US,5,20251218,184000,481.16,482,481.16,481.99,70568,0
DIA.US,5,20251218,184500,482,482.27,481.33,481.47,36105,0
DIA.US,5,20251218,185000,481.48,481.49,481.01,481.34,72948,0
DIA.US,5,20251218,185500,481.36,481.59,481.06,481.57,45152,0
DIA.US,5,20251218,190000,481.61,481.75,481.11,481.22,37263,0
DIA.US,5,20251218,190500,481.2,481.7,481.15,481.7,15406,0
DIA.US,5,20251218,191000,481.69,482.0438,481.56,481.71,26155,0
DIA.US,5,20251218,191500,481.72,481.91,481.66,481.8,23123,0
DIA.US,5,20251218,192000,481.76,481.9844,481.68,481.9844,18328,0
DIA.US,5,20251218,192500,481.96,482.24,481.84,482.09,21985,0
DIA.US,5,20251218,193000,482.14,482.65,482.14,482.53,19494,0
DIA.US,5,20251218,193500,482.56,482.8168,482.55,482.6601,18746,0
DIA.US,5,20251218,194000,482.62,482.66,482.1,482.1,18075,0
DIA.US,5,20251218,194500,482.061,482.11,481.56,481.57,26975,0
DIA.US,5,20251218,195000,481.59,481.86,481.42,481.5,23709,0
DIA.US,5,20251218,195500,481.54,481.81,481.41,481.55,20612,0
DIA.US,5,20251218,200000,481.54,481.62,480.705,480.79,25564,0
DIA.US,5,20251218,200500,480.77,481.42,480.71,481.37,50050,0
DIA.US,5,20251218,201000,481.38,481.64,481.03,481.155,37314,0
DIA.US,5,20251218,201500,481.16,481.16,480.86,480.96,27968,0
DIA.US,5,20251218,202000,480.96,481.14,480.78,480.9,33737,0
DIA.US,5,20251218,202500,480.92,481.12,480.75,480.98,31632,0
DIA.US,5,20251218,203000,481,481.14,480.61,480.63,43003,0
DIA.US,5,20251218,203500,480.58,480.78,480.52,480.72,22818,0
DIA.US,5,20251218,204000,480.69,481.02,480.47,480.6,18886,0
DIA.US,5,20251218,204500,480.63,480.95,480.47,480.95,26333,0
DIA.US,5,20251218,205000,480.97,481.12,480.48,480.51,56996,0
DIA.US,5,20251218,205500,480.45,480.45,479.82,480.23,36267,0
DIA.US,5,20251218,210000,480.255,480.98,480.18,480.97,55683,0
DIA.US,5,20251218,210500,481,481.17,480.6,480.78,40169,0
DIA.US,5,20251218,211000,480.76,481.01,480.7,480.97,26926,0
DIA.US,5,20251218,211500,480.975,481.19,480.67,481.1685,29652,0
DIA.US,5,20251218,212000,481.165,481.34,480.95,481.28,19653,0
DIA.US,5,20251218,212500,481.3,481.36,481.01,481.27,66688,0
DIA.US,5,20251218,213000,481.28,481.67,481.18,481.66,31714,0
DIA.US,5,20251218,213500,481.67,481.78,481.27,481.37,28441,0
DIA.US,5,20251218,214000,481.35,481.61,481.21,481.48,26613,0
DIA.US,5,20251218,214500,481.43,481.84,481.41,481.71,80114,0
DIA.US,5,20251218,215000,481.71,481.8,480.79,480.93,150305,0
DIA.US,5,20251218,215500,480.89,480.93,480.41,480.43,265952,0
DIA.US,5,20251219,153000,480.62,481.99,480.43,481.95,209772,0
DIA.US,5,20251219,153500,481.97,482.08,481.25,481.5,129664,0
DIA.US,5,20251219,154000,481.51,481.93,481.23,481.91,143240,0
DIA.US,5,20251219,154500,481.9,482.07,481.07,481.2,112162,0
DIA.US,5,20251219,155000,481.23,481.95,481.19,481.65,104927,0
DIA.US,5,20251219,155500,481.58,482.06,481.33,482.02,73539,0
DIA.US,5,20251219,160000,482,482.48,482,482.48,61695,0
DIA.US,5,20251219,160500,482.46,482.47,481.68,482.08,64652,0
DIA.US,5,20251219,161000,482.05,482.4,481.76,482.32,68451,0
DIA.US,5,20251219,161500,482.32,482.8,482.12,482.21,56172,0
DIA.US,5,20251219,162000,482.22,482.61,482.1,482.175,54265,0
DIA.US,5,20251219,162500,482.12,482.36,481.83,482.18,95455,0
DIA.US,5,20251219,163000,482.12,482.67,481.85,482.36,56603,0
DIA.US,5,20251219,163500,482.35,482.65,482.35,482.62,46335,0
DIA.US,5,20251219,164000,482.57,482.6,482.04,482.05,36680,0
DIA.US,5,20251219,164500,482.08,482.36,481.77,481.82,35809,0
DIA.US,5,20251219,165000,481.83,482.205,481.83,482.16,85558,0
DIA.US,5,20251219,165500,482.13,482.2,481.84,482.02,37796,0
DIA.US,5,20251219,170000,481.91,482.1,481.76,482.03,28007,0
DIA.US,5,20251219,170500,482.03,482.42,481.92,482.14,21035,0
DIA.US,5,20251219,171000,482.18,482.51,481.9,481.99,22896,0
DIA.US,5,20251219,171500,481.985,482.42,481.8812,482.24,32963,0
DIA.US,5,20251219,172000,482.22,482.31,481.92,481.98,15067,0
DIA.US,5,20251219,172500,482.02,482.525,482.02,482.48,15820,0
DIA.US,5,20251219,173000,482.49,482.68,482.35,482.35,23948,0
DIA.US,5,20251219,173500,482.33,482.33,482.02,482.03,16656,0
DIA.US,5,20251219,174000,482,482.33,481.92,481.92,25218,0
DIA.US,5,20251219,174500,481.93,482.23,481.9,482,35094,0
DIA.US,5,20251219,175000,482.01,482.34,481.9201,482.31,33569,0
DIA.US,5,20251219,175500,482.31,482.4,482.01,482.17,29495,0
DIA.US,5,20251219,180000,482.23,482.24,482.06,482.14,77763,0
DIA.US,5,20251219,180500,482.16,482.22,482.07,482.13,15581,0
DIA.US,5,20251219,181000,482.13,482.15,481.9,481.91,13113,0
DIA.US,5,20251219,181500,481.95,482.34,481.95,482.19,8658,0
DIA.US,5,20251219,182000,482.15,482.53,482.15,482.52,16216,0
DIA.US,5,20251219,182500,482.5,482.6133,482.37,482.4,18602,0
DIA.US,5,20251219,183000,482.4,482.41,482.22,482.225,12563,0
DIA.US,5,20251219,183500,482.2,482.46,482.13,482.44,23252,0
DIA.US,5,20251219,184000,482.42,482.42,482.11,482.13,10479,0
DIA.US,5,20251219,184500,482.19,482.25,482.03,482.21,15332,0
DIA.US,5,20251219,185000,482.2,482.59,482.2,482.52,20170,0
DIA.US,5,20251219,185500,482.51,482.5103,482.24,482.32,22115,0
DIA.US,5,20251219,190000,482.245,482.36,482.12,482.32,25601,0
DIA.US,5,20251219,190500,482.33,482.41,482.2,482.39,24909,0
DIA.US,5,20251219,191000,482.47,482.55,482.4,482.54,17548,0
DIA.US,5,20251219,191500,482.52,482.68,482.51,482.62,7912,0
DIA.US,5,20251219,192000,482.58,482.61,482.4,482.43,8490,0
DIA.US,5,20251219,192500,482.43,482.58,482.42,482.54,12351,0
DIA.US,5,20251219,193000,482.57,482.675,482.42,482.42,16413,0
DIA.US,5,20251219,193500,482.41,482.5,482.3,482.4,15896,0
DIA.US,5,20251219,194000,482.39,482.41,482.23,482.3201,41428,0
DIA.US,5,20251219,194500,482.32,482.33,482.17,482.21,23975,0
DIA.US,5,20251219,195000,482.21,482.39,482.17,482.31,19144,0
DIA.US,5,20251219,195500,482.32,482.32,482.015,482.07,15645,0
DIA.US,5,20251219,200000,482.07,482.19,481.99,482.06,12309,0
DIA.US,5,20251219,200500,482.08,482.2,481.82,481.87,12851,0
DIA.US,5,20251219,201000,481.93,482.15,481.89,482.01,17115,0
DIA.US,5,20251219,201500,481.97,482.2699,481.95,482.2699,13277,0
DIA.US,5,20251219,202000,482.23,482.325,482.165,482.31,23758,0
DIA.US,5,20251219,202500,482.31,482.42,482.23,482.27,14854,0
DIA.US,5,20251219,203000,482.25,482.38,482.17,482.31,10794,0
DIA.US,5,20251219,203500,482.31,482.375,482.24,482.24,10398,0
DIA.US,5,20251219,204000,482.26,482.3744,482.23,482.27,5862,0
DIA.US,5,20251219,204500,482.26,482.42,482.245,482.37,6029,0
DIA.US,5,20251219,205000,482.38,482.455,482.33,482.36,31811,0
DIA.US,5,20251219,205500,482.36,482.42,481.86,481.98,411447,0
DIA.US,5,20251219,210000,481.98,482.1,481.8,481.87,68676,0
DIA.US,5,20251219,210500,481.9,481.9,481.595,481.67,31727,0
DIA.US,5,20251219,211000,481.65,481.79,481.39,481.405,32477,0
DIA.US,5,20251219,211500,481.38,481.57,481.34,481.5468,15855,0
DIA.US,5,20251219,212000,481.55,481.75,481.55,481.66,16879,0
DIA.US,5,20251219,212500,481.67,481.7,481.2805,481.32,20846,0
DIA.US,5,20251219,213000,481.27,481.55,481.2087,481.29716,25486,0
DIA.US,5,20251219,213500,481.29,481.42,481.1441,481.21,41087,0
DIA.US,5,20251219,214000,481.21,481.31,480.78,480.96,34333,0
DIA.US,5,20251219,214500,480.96,481.21,480.81,481,58556,0
DIA.US,5,20251219,215000,480.99,481.36,480.77,481.12,146863,0
DIA.US,5,20251219,215500,481.12,481.29,480.78,481.18,222036,0
DIA.US,5,20251222,153000,481.86,483.71,481.86,483.185,663017,0
DIA.US,5,20251222,153500,483.18,483.27,482.11,482.18,120795,0
DIA.US,5,20251222,154000,482.21,482.68,482.08,482.37,104046,0
DIA.US,5,20251222,154500,482.33,482.57,482.1,482.12,86678,0
DIA.US,5,20251222,155000,482.11,482.54,482.02,482.52,62668,0
DIA.US,5,20251222,155500,482.53,482.72,482.3,482.32,55436,0
DIA.US,5,20251222,160000,482.32,482.5987,482.24,482.42,57535,0
DIA.US,5,20251222,160500,482.43,482.56,482.18,482.51,45268,0
DIA.US,5,20251222,161000,482.51,482.55,482.09,482.27,48676,0
DIA.US,5,20251222,161500,482.26,482.8,482.18,482.552,48221,0
DIA.US,5,20251222,162000,482.58,482.9555,482.53,482.91,27417,0
DIA.US,5,20251222,162500,482.92,483.19,482.76,483.13,38816,0
DIA.US,5,20251222,163000,483.12,483.3001,482.94,483.03,36932,0
DIA.US,5,20251222,163500,483.06,483.06,482.53,482.53,47336,0
DIA.US,5,20251222,164000,482.52,483.27,482.51,483.16,86729,0
DIA.US,5,20251222,164500,483.18,483.58,483.17,483.56,51331,0
DIA.US,5,20251222,165000,483.53,483.63,483.255,483.28,34888,0
DIA.US,5,20251222,165500,483.28,483.36,483.03,483.0501,28878,0
DIA.US,5,20251222,170000,483.07,483.35,483.04,483.29,26751,0
DIA.US,5,20251222,170500,483.2692,483.66,483.22,483.47,25536,0
DIA.US,5,20251222,171000,483.48,483.98,483.48,483.95,33283,0
DIA.US,5,20251222,171500,483.96,484.15,483.8309,483.94,30209,0
DIA.US,5,20251222,172000,484,484.03,483.74,483.755,28871,0
DIA.US,5,20251222,172500,483.83,483.83,483.545,483.6,12964,0
DIA.US,5,20251222,173000,483.63,483.89,483.57,483.77,43529,0
DIA.US,5,20251222,173500,483.725,483.81,483.56,483.61,35130,0
DIA.US,5,20251222,174000,483.58,483.72,483.43,483.43,21222,0
DIA.US,5,20251222,174500,483.41,483.715,483.41,483.54,21261,0
DIA.US,5,20251222,175000,483.56,483.67,483.48,483.59,35765,0
DIA.US,5,20251222,175500,483.61,483.93,483.58,483.86,15171,0
DIA.US,5,20251222,180000,483.91,484,483.71,483.78,15431,0
DIA.US,5,20251222,180500,483.81,483.92,483.76,483.88,18529,0
DIA.US,5,20251222,181000,483.9,484.03,483.81,483.91,62977,0
DIA.US,5,20251222,181500,483.93,484.08,483.78,483.78,18404,0
DIA.US,5,20251222,182000,483.8,483.82,483.73,483.75,11584,0
DIA.US,5,20251222,182500,483.71,483.73,483.56,483.7,12232,0
DIA.US,5,20251222,183000,483.72,483.85,483.68,483.68,14218,0
DIA.US,5,20251222,183500,483.68,483.845,483.665,483.845,17688,0
DIA.US,5,20251222,184000,483.87,484.25,483.77,484.14,52123,0
DIA.US,5,20251222,184500,484.13,484.195,484.04,484.0601,15792,0
DIA.US,5,20251222,185000,484.06,484.43,484.06,484.31,28590,0
DIA.US,5,20251222,185500,484.33,484.4,484.2899,484.31,9020,0
DIA.US,5,20251222,190000,484.35,484.35,484.07,484.07,11532,0
DIA.US,5,20251222,190500,484.04,484.1144,483.94,483.94,12909,0
DIA.US,5,20251222,191000,483.95,483.95,483.84,483.885,22656,0
DIA.US,5,20251222,191500,483.89,484.01,483.78,483.93,16208,0
DIA.US,5,20251222,192000,483.93,483.93,483.7,483.71,12606,0
DIA.US,5,20251222,192500,483.69,483.81,483.56,483.77,24587,0
DIA.US,5,20251222,193000,483.7616,483.89,483.72,483.72,17055,0
DIA.US,5,20251222,193500,483.72,483.78,483.63,483.73,9987,0
DIA.US,5,20251222,194000,483.7,483.775,483.62,483.65,11812,0
DIA.US,5,20251222,194500,483.64,483.66,483.48,483.58,8104,0
DIA.US,5,20251222,195000,483.595,483.6,483.43,483.48,16748,0
DIA.US,5,20251222,195500,483.475,483.57,483.41,483.45,14772,0
DIA.US,5,20251222,200000,483.47,483.6,483.45,483.48,18624,0
DIA.US,5,20251222,200500,483.47,483.49,483.37,483.42,8363,0
DIA.US,5,20251222,201000,483.38,483.43,483.27,483.33,8532,0
DIA.US,5,20251222,201500,483.305,483.37,483.19,483.37,8341,0
DIA.US,5,20251222,202000,483.41,483.5,483.3237,483.49,10671,0
DIA.US,5,20251222,202500,483.46,483.63,483.42,483.63,15916,0
DIA.US,5,20251222,203000,483.63,483.7814,483.61,483.61,9376,0
DIA.US,5,20251222,203500,483.6,483.77,483.6,483.66,14484,0
DIA.US,5,20251222,204000,483.66,483.74,483.65,483.66,15028,0
DIA.US,5,20251222,204500,483.65,483.8,483.65,483.69,11172,0
DIA.US,5,20251222,205000,483.73,483.8,483.72,483.73,7818,0
DIA.US,5,20251222,205500,483.66,483.78,483.65,483.77,32018,0
DIA.US,5,20251222,210000,483.78,483.94,483.77,483.77,19376,0
DIA.US,5,20251222,210500,483.77,483.81,483.6701,483.73,24139,0
DIA.US,5,20251222,211000,483.72,483.82,483.695,483.71,22165,0
DIA.US,5,20251222,211500,483.71,483.8599,483.59,483.685,44334,0
DIA.US,5,20251222,212000,483.68,483.69,483.53,483.64,26742,0
DIA.US,5,20251222,212500,483.64,483.755,483.62,483.735,19555,0
DIA.US,5,20251222,213000,483.73,483.77,483.66,483.67,26550,0
DIA.US,5,20251222,213500,483.72,483.75,483.57,483.64,30828,0
DIA.US,5,20251222,214000,483.62,483.71,483.5884,483.61,30835,0
DIA.US,5,20251222,214500,483.6,483.625,483.46,483.62,48614,0
DIA.US,5,20251222,215000,483.61,483.65,483.41,483.58,106866,0
DIA.US,5,20251222,215500,483.58,483.67,483.36,483.47,306866,0
DIA.US,5,20251223,153000,482.18,483.34,482.18,482.735,163279,0
DIA.US,5,20251223,153500,482.72,483.05,482.32,482.98,110534,0
DIA.US,5,20251223,154000,482.895,483.373,482.86,483.2,47032,0
DIA.US,5,20251223,154500,483.2,483.54,483.07,483.22,79327,0
DIA.US,5,20251223,155000,483.2,483.7,483.16,483.38,57234,0
DIA.US,5,20251223,155500,483.35,483.48,483.09,483.39,57120,0
DIA.US,5,20251223,160000,483.35,483.62,483.13,483.36,91601,0
DIA.US,5,20251223,160500,483.36,483.49,483.09,483.47,128804,0
DIA.US,5,20251223,161000,483.47,483.585,483.07,483.36,61654,0
DIA.US,5,20251223,161500,483.38,483.82,483.35,483.75,35301,0
DIA.US,5,20251223,162000,483.9,484,483.74,483.74,16517,0
DIA.US,5,20251223,162500,483.67,483.75,483.49,483.62,42232,0
DIA.US,5,20251223,163000,483.62,484.14,483.6,484.05,43562,0
DIA.US,5,20251223,163500,484.08,484.38,484.07,484.2,24717,0
DIA.US,5,20251223,164000,484.22,484.57,484.22,484.47,26674,0
DIA.US,5,20251223,164500,484.45,484.545,484.24,484.53,29758,0
DIA.US,5,20251223,165000,484.53,484.545,484.175,484.21,30113,0
DIA.US,5,20251223,165500,484.17,484.31,484.02,484.27,37229,0
DIA.US,5,20251223,170000,484.27,484.42,484.125,484.15,40832,0
DIA.US,5,20251223,170500,484.14,484.26,483.96,484.1,45565,0
DIA.US,5,20251223,171000,484.07,484.2,484.04,484.14,15623,0
DIA.US,5,20251223,171500,484.17,484.43,484.17,484.41,30946,0
DIA.US,5,20251223,172000,484.405,484.405,484.15,484.18,29182,0
DIA.US,5,20251223,172500,484.16,484.2,483.93,483.93,20129,0
DIA.US,5,20251223,173000,483.9372,484.23,483.9372,484.13,25922,0
DIA.US,5,20251223,173500,484.12,484.25,484.11,484.18,24908,0
DIA.US,5,20251223,174000,484.17,484.37,484.17,484.185,19130,0
DIA.US,5,20251223,174500,484.1911,484.26,484.08,484.16,12450,0
DIA.US,5,20251223,175000,484.14,484.2,484.08,484.09,12340,0
DIA.US,5,20251223,175500,484.13,484.24,484.12,484.2,14531,0
DIA.US,5,20251223,180000,484.17,484.271,484.05,484.08,55149,0
DIA.US,5,20251223,180500,484.06,484.16,484.04,484.085,18378,0
DIA.US,5,20251223,181000,484.08,484.2299,484.01,484.16,19261,0
DIA.US,5,20251223,181500,484.17,484.33,484.13,484.255,37212,0
DIA.US,5,20251223,182000,484.25,484.58,484.25,484.51,15617,0
DIA.US,5,20251223,182500,484.54,484.589,484.35,484.37,20993,0
DIA.US,5,20251223,183000,484.34,484.53,484.31,484.38,23958,0
DIA.US,5,20251223,183500,484.41,484.53,484.41,484.41,21918,0
DIA.US,5,20251223,184000,484.41,484.47,484.34,484.44,18425,0
DIA.US,5,20251223,184500,484.45,484.5,484.29,484.295,31889,0
DIA.US,5,20251223,185000,484.27,484.43,484.23,484.365,49418,0
DIA.US,5,20251223,185500,484.34,484.4499,484.32,484.3532,15785,0
DIA.US,5,20251223,190000,484.32,484.45,484.29,484.33,11103,0
DIA.US,5,20251223,190500,484.34,484.71,484.33,484.65,34908,0
DIA.US,5,20251223,191000,484.65,484.68,484.5276,484.66,16302,0
DIA.US,5,20251223,191500,484.66,484.7399,484.61,484.72,17000,0
DIA.US,5,20251223,192000,484.76,485.08,484.75,484.935,34308,0
DIA.US,5,20251223,192500,484.93,485.025,484.9,484.9816,20880,0
DIA.US,5,20251223,193000,484.99,485.12,484.91,484.9395,12150,0
DIA.US,5,20251223,193500,484.95,484.96,484.8,484.855,22521,0
DIA.US,5,20251223,194000,484.88,484.88,484.7304,484.75,7001,0
DIA.US,5,20251223,194500,484.74,484.82,484.6587,484.74,16638,0
DIA.US,5,20251223,195000,484.75,484.83,484.7,484.775,14348,0
DIA.US,5,20251223,195500,484.76,484.78,484.63,484.67,23510,0
DIA.US,5,20251223,200000,484.67,484.72,484.54,484.67,10198,0
DIA.US,5,20251223,200500,484.7,484.72,484.55,484.62,15591,0
DIA.US,5,20251223,201000,484.59,484.61,484.515,484.53,17570,0
DIA.US,5,20251223,201500,484.53,484.665,484.52,484.665,13250,0
DIA.US,5,20251223,202000,484.65,484.69,484.5698,484.6,16686,0
DIA.US,5,20251223,202500,484.59,484.665,484.54,484.59,18291,0
DIA.US,5,20251223,203000,484.58,484.665,484.54,484.55,17063,0
DIA.US,5,20251223,203500,484.54,484.54,484.41,484.41,23947,0
DIA.US,5,20251223,204000,484.41,484.5,484.36,484.46,15700,0
DIA.US,5,20251223,204500,484.505,484.58,484.46,484.46,14097,0
DIA.US,5,20251223,205000,484.47,484.47,484.3701,484.41,13198,0
DIA.US,5,20251223,205500,484.38,484.39,484.24,484.24,24277,0
DIA.US,5,20251223,210000,484.25,484.48,484.24,484.43,30669,0
DIA.US,5,20251223,210500,484.435,484.51,484.39,484.45,16967,0
DIA.US,5,20251223,211000,484.445,484.515,484.41,484.44,29645,0
DIA.US,5,20251223,211500,484.47,484.48,484.37,484.37,9470,0
DIA.US,5,20251223,212000,484.37,484.4,484.22,484.26,25345,0
DIA.US,5,20251223,212500,484.28,484.29,484.21,484.27,14266,0
DIA.US,5,20251223,213000,484.26,484.3999,484.24,484.34,22322,0
DIA.US,5,20251223,213500,484.35,484.41,484.185,484.37,22698,0
DIA.US,5,20251223,214000,484.34,484.415,484.27,484.27,21066,0
DIA.US,5,20251223,214500,484.25,484.39,484.24,484.35,30679,0
DIA.US,5,20251223,215000,484.36,484.39,484.18,484.37,71848,0
DIA.US,5,20251223,215500,484.37,484.5267,484.17,484.21,201431,0
DIA.US,5,20251224,153000,484.185,484.93,483.59,484.36,117219,0
DIA.US,5,20251224,153500,484.315,484.7,484.26,484.52,69702,0
DIA.US,5,20251224,154000,484.52,485.08,484.49,484.91,65353,0
DIA.US,5,20251224,154500,484.92,485.36,484.89,485.31,47478,0
DIA.US,5,20251224,155000,485.29,485.62,485.28,485.46,58428,0
DIA.US,5,20251224,155500,485.49,485.49,485.04,485.18,22826,0
DIA.US,5,20251224,160000,485.18,485.4825,485.18,485.41,28096,0
DIA.US,5,20251224,160500,485.38,485.47,485.2,485.35,27193,0
DIA.US,5,20251224,161000,485.38,485.57,485.38,485.57,31393,0
DIA.US,5,20251224,161500,485.63,485.78,485.54,485.64,41850,0
DIA.US,5,20251224,162000,485.59,485.76,485.55,485.76,29504,0
DIA.US,5,20251224,162500,485.76,486.09,485.73,486.055,36667,0
DIA.US,5,20251224,163000,486.04,486.15,485.95,485.97,43290,0
DIA.US,5,20251224,163500,485.97,486.08,485.88,486.04,29558,0
DIA.US,5,20251224,164000,486.01,486.21,485.89,486.16,23121,0
DIA.US,5,20251224,164500,486.15,486.18,485.9808,486.04,8743,0
DIA.US,5,20251224,165000,486.07,486.17,486.04,486.125,13256,0
DIA.US,5,20251224,165500,486.12,486.31,486.075,486.2499,22529,0
DIA.US,5,20251224,170000,486.25,486.4699,486.24,486.27,24187,0
DIA.US,5,20251224,170500,486.265,486.4599,486.2,486.28,26973,0
DIA.US,5,20251224,171000,486.29,486.559,486.29,486.5535,16940,0
DIA.US,5,20251224,171500,486.52,486.5999,486.33,486.5999,20138,0
DIA.US,5,20251224,172000,486.6261,486.78,486.6,486.67,24006,0
DIA.US,5,20251224,172500,486.68,486.72,486.62,486.7162,14967,0
DIA.US,5,20251224,173000,486.7,486.83,486.68,486.8201,34973,0
DIA.US,5,20251224,173500,486.83,487.06,486.83,487.01,25233,0
DIA.US,5,20251224,174000,487.01,487.07,486.95,486.985,17992,0
DIA.US,5,20251224,174500,487.018,487.0499,486.866,486.89,21072,0
DIA.US,5,20251224,175000,486.92,487,486.76,486.99,12869,0
DIA.US,5,20251224,175500,486.995,487.049,486.96,486.97,6625,0
DIA.US,5,20251224,180000,486.95,487.19,486.95,487.1295,9695,0
DIA.US,5,20251224,180500,487.11,487.26,487.11,487.2077,13590,0
DIA.US,5,20251224,181000,487.21,487.29,487.13,487.18,13059,0
DIA.US,5,20251224,181500,487.16,487.22,486.95,487.01,12838,0
DIA.US,5,20251224,182000,487.03,487.12,486.98,486.98,6645,0
DIA.US,5,20251224,182500,486.95,487.245,486.95,487.24,14794,0
DIA.US,5,20251224,183000,487.2518,487.54,487.2518,487.43,22784,0
DIA.US,5,20251224,183500,487.42,487.57,487.34,487.35,9516,0
DIA.US,5,20251224,184000,487.37,487.45439,487.24,487.26,15928,0
DIA.US,5,20251224,184500,487.25,487.3,487.07,487.1,21855,0
DIA.US,5,20251224,185000,487.07,487.27,486.99,487.05,39594,0
DIA.US,5,20251224,185500,487.05,487.39,486.94,486.95,98942,0
DIA.US,5,20251224,190000,486.92,487.01,486.9101,487.01,58073,0
DIA.US,5,20251226,153000,486.85,487.17,486.67,486.69,102719,0
DIA.US,5,20251226,153500,486.7,487.34,486.56,487.3,108685,0
DIA.US,5,20251226,154000,487.28,487.45,487.052,487.18,43854,0
DIA.US,5,20251226,154500,487.19,487.62,487.05,487.07,51774,0
DIA.US,5,20251226,155000,487.11,487.29,486.61,487.06,59152,0
DIA.US,5,20251226,155500,487.04,487.21,486.85,487.14,37970,0
DIA.US,5,20251226,160000,487.12,487.18,486.6,486.78,73333,0
DIA.US,5,20251226,160500,486.8,486.955,486.73,486.89,22405,0
DIA.US,5,20251226,161000,486.88,486.91,486.66,486.77,32486,0
DIA.US,5,20251226,161500,486.79,486.79,486.38,486.75,35256,0
DIA.US,5,20251226,162000,486.74,487.03,486.73,486.99,23072,0
DIA.US,5,20251226,162500,486.94,487.07,486.78,487.0307,28344,0
DIA.US,5,20251226,163000,487.07,487.25,487.02,487.18,31122,0
DIA.US,5,20251226,163500,487.23,487.37,487.17,487.1968,12104,0
DIA.US,5,20251226,164000,487.21,487.27,486.92,486.92,42618,0
DIA.US,5,20251226,164500,486.95,487.12,486.905,487.06,33263,0
DIA.US,5,20251226,165000,487.06,487.0625,486.7,486.73,25144,0
DIA.US,5,20251226,165500,486.74,486.8534,486.58,486.8534,14931,0
DIA.US,5,20251226,170000,486.84,486.98,486.79,486.92,11246,0
DIA.US,5,20251226,170500,486.95,486.96,486.71,486.79,11131,0
DIA.US,5,20251226,171000,486.72,486.79,486.3409,486.36,20247,0
DIA.US,5,20251226,171500,486.37,486.45,486.19,486.42,25419,0
DIA.US,5,20251226,172000,486.38,486.68,486.38,486.6,13508,0
DIA.US,5,20251226,172500,486.6,486.68,486.53,486.64,8467,0
DIA.US,5,20251226,173000,486.66,486.73,486.47,486.47,6677,0
DIA.US,5,20251226,173500,486.48,486.57,486.47,486.47,7960,0
DIA.US,5,20251226,174000,486.46,486.58,486.42,486.51,8936,0
DIA.US,5,20251226,174500,486.51,486.545,486.21,486.21,20445,0
DIA.US,5,20251226,175000,486.21,486.46,486.16,486.45,12719,0
DIA.US,5,20251226,175500,486.46,486.5113,486.36,486.4,10788,0
DIA.US,5,20251226,180000,486.43,486.44,486.1875,486.26,13004,0
DIA.US,5,20251226,180500,486.29,486.33,486.17,486.23,10535,0
DIA.US,5,20251226,181000,486.17,486.24,486.06,486.24,14663,0
DIA.US,5,20251226,181500,486.19,486.28,486.15,486.27,11266,0
DIA.US,5,20251226,182000,486.24,486.27,486.14,486.25,5615,0
DIA.US,5,20251226,182500,486.27,486.64,486.27,486.63,20503,0
DIA.US,5,20251226,183000,486.64,486.66,486.255,486.26,17972,0
DIA.US,5,20251226,183500,486.26,486.26,486.04,486.15,16958,0
DIA.US,5,20251226,184000,486.13,486.148,485.99,486.07,14678,0
DIA.US,5,20251226,184500,486.08,486.25,486.05,486.1955,15266,0
DIA.US,5,20251226,185000,486.18,486.21,486.02,486.16,15150,0
DIA.US,5,20251226,185500,486.15,486.2,486.13,486.135,15042,0
DIA.US,5,20251226,190000,486.17,486.33,486.16,486.33,18612,0
DIA.US,5,20251226,190500,486.34,486.37,486.19,486.19,19923,0
DIA.US,5,20251226,191000,486.165,486.2,486.12,486.14,9477,0
DIA.US,5,20251226,191500,486.15,486.16,485.9899,486.05,12759,0
DIA.US,5,20251226,192000,486.04,486.07,485.73,485.82,19325,0
DIA.US,5,20251226,192500,485.83,486.04,485.79,485.96,12300,0
DIA.US,5,20251226,193000,486,486.23,485.98,486.14,7832,0
DIA.US,5,20251226,193500,486.19,486.355,486.18,486.29,11279,0
DIA.US,5,20251226,194000,486.3,486.37,486.24,486.265,16611,0
DIA.US,5,20251226,194500,486.27,486.47,486.17,486.45,15277,0
DIA.US,5,20251226,195000,486.46,486.48,486.35,486.4501,5716,0
DIA.US,5,20251226,195500,486.47,486.47,486.25,486.25,8044,0
DIA.US,5,20251226,200000,486.24,486.39,486.18,486.37,21172,0
DIA.US,5,20251226,200500,486.4,486.4,486.28,486.31,11674,0
DIA.US,5,20251226,201000,486.2999,486.34,486.19,486.21,9510,0
DIA.US,5,20251226,201500,486.22,486.295,486.16,486.22,8229,0
DIA.US,5,20251226,202000,486.28,486.29,486.17,486.1701,9308,0
DIA.US,5,20251226,202500,486.175,486.23,486.1,486.2,20291,0
DIA.US,5,20251226,203000,486.22,486.38,486.195,486.34,13159,0
DIA.US,5,20251226,203500,486.34,486.48,486.32,486.48,11954,0
DIA.US,5,20251226,204000,486.49,486.56,486.47,486.55,13850,0
DIA.US,5,20251226,204500,486.53,486.53,486.33,486.33,11072,0
DIA.US,5,20251226,205000,486.3565,486.3565,486.28,486.3,18157,0
DIA.US,5,20251226,205500,486.31,486.3544,486.27,486.27,14343,0
DIA.US,5,20251226,210000,486.3,486.56,486.26,486.41,23596,0
DIA.US,5,20251226,210500,486.41,486.52,486.37,486.49,8213,0
DIA.US,5,20251226,211000,486.4875,486.57,486.43,486.55,6062,0
DIA.US,5,20251226,211500,486.56,486.61,486.49,486.53,6095,0
DIA.US,5,20251226,212000,486.55,486.57,486.4501,486.56,21750,0
DIA.US,5,20251226,212500,486.57,486.6488,486.55,486.61,8727,0
DIA.US,5,20251226,213000,486.62,486.72,486.6,486.64,33008,0
DIA.US,5,20251226,213500,486.65,486.85,486.63,486.81,26898,0
DIA.US,5,20251226,214000,486.82,486.95,486.81,486.86,21563,0
DIA.US,5,20251226,214500,486.86,486.92,486.785,486.82,23446,0
DIA.US,5,20251226,215000,486.83,486.91,486.73,486.8,60028,0
DIA.US,5,20251226,215500,486.82,487.21,486.79,487.03,312232,0
DIA.US,5,20251229,153000,485.89,486.91,485.86,486.46,204166,0
DIA.US,5,20251229,153500,486.44,486.73,486.2,486.44,144726,0
DIA.US,5,20251229,154000,486.44,486.47,485.43,485.46,138784,0
DIA.US,5,20251229,154500,485.49,485.7,485.13,485.44,141536,0
DIA.US,5,20251229,155000,485.39,485.98,485.39,485.7,100400,0
DIA.US,5,20251229,155500,485.68,485.78,485.32,485.48,49022,0
DIA.US,5,20251229,160000,485.46,485.61,485.1,485.1,65404,0
DIA.US,5,20251229,160500,485.09,485.245,484.925,485.1701,52078,0
DIA.US,5,20251229,161000,485.155,485.21,484.91,485.08,36515,0
DIA.US,5,20251229,161500,485.08,485.34,485.07,485.22,24836,0
DIA.US,5,20251229,162000,485.19,485.22,484.95,485.11,21863,0
DIA.US,5,20251229,162500,485.11,485.19,484.86,484.94,33006,0
DIA.US,5,20251229,163000,484.92,485.09,484.66,484.9,60027,0
DIA.US,5,20251229,163500,484.94,485.115,484.72,484.84,35420,0
DIA.US,5,20251229,164000,484.81,485.12,484.75,485.07,12733,0
DIA.US,5,20251229,164500,485.06,485.08,484.75,484.77,15974,0
DIA.US,5,20251229,165000,484.7,484.71,484.4,484.65,41606,0
DIA.US,5,20251229,165500,484.6197,484.85,484.61,484.71,24214,0
DIA.US,5,20251229,170000,484.71,484.77,484.54,484.66,28440,0
DIA.US,5,20251229,170500,484.67,484.89,484.65,484.67,16679,0
DIA.US,5,20251229,171000,484.64,484.87,484.59,484.7,26321,0
DIA.US,5,20251229,171500,484.68,484.68,484.405,484.53,17506,0
DIA.US,5,20251229,172000,484.53,484.61,484.34,484.52,31185,0
DIA.US,5,20251229,172500,484.53,484.61,484.43,484.49,10514,0
DIA.US,5,20251229,173000,484.46,484.79,484.4,484.43,26684,0
DIA.US,5,20251229,173500,484.4,484.45,484.19,484.25,25589,0
DIA.US,5,20251229,174000,484.25,484.25,484.08,484.12,26180,0
DIA.US,5,20251229,174500,484.15,484.35,484.13,484.34,16057,0
DIA.US,5,20251229,175000,484.34,484.6,484.28,484.58,14688,0
DIA.US,5,20251229,175500,484.59,484.7,484.4501,484.4501,11039,0
DIA.US,5,20251229,180000,484.48,484.51,484.335,484.41,8993,0
DIA.US,5,20251229,180500,484.43,484.43,484.21,484.27,9438,0
DIA.US,5,20251229,181000,484.29,484.32,484.15,484.31,7756,0
DIA.US,5,20251229,181500,484.3,484.35,484.16,484.24,10622,0
DIA.US,5,20251229,182000,484.26,484.2757,484.07,484.11,11499,0
DIA.US,5,20251229,182500,484.11,484.11,483.845,483.93,21570,0
DIA.US,5,20251229,183000,483.92,484.01,483.84,483.92,17673,0
DIA.US,5,20251229,183500,483.905,483.96,483.79,483.79,8939,0
DIA.US,5,20251229,184000,483.7699,483.94,483.75,483.94,29825,0
DIA.US,5,20251229,184500,483.955,484.11,483.93,484.05,28116,0
DIA.US,5,20251229,185000,484.05,484.22,484.05,484.15,28065,0
DIA.US,5,20251229,185500,484.16,484.18,484.07,484.13,18810,0
DIA.US,5,20251229,190000,484.13,484.212,484.09,484.16,19298,0
DIA.US,5,20251229,190500,484.15,484.3898,484.145,484.37,9461,0
DIA.US,5,20251229,191000,484.375,484.445,484.26,484.42,9392,0
DIA.US,5,20251229,191500,484.41,484.63,484.41,484.61,28943,0
DIA.US,5,20251229,192000,484.62,484.77,484.56,484.7499,20946,0
DIA.US,5,20251229,192500,484.73,484.76,484.62,484.715,23421,0
DIA.US,5,20251229,193000,484.71,484.88,484.71,484.86,19979,0
DIA.US,5,20251229,193500,484.89,485.1299,484.89,485.01,20633,0
DIA.US,5,20251229,194000,485.03,485.04,484.8556,484.98,27754,0
DIA.US,5,20251229,194500,484.985,485.01,484.775,484.79,31571,0
DIA.US,5,20251229,195000,484.78,484.84,484.72,484.76,30545,0
DIA.US,5,20251229,195500,484.7613,484.7613,484.6,484.62,35154,0
DIA.US,5,20251229,200000,484.62,484.65,484.29,484.42,26192,0
DIA.US,5,20251229,200500,484.41,484.44,484.27,484.31,18078,0
DIA.US,5,20251229,201000,484.305,484.42,484.2,484.34,12190,0
DIA.US,5,20251229,201500,484.35,484.46,484.32,484.45,10937,0
DIA.US,5,20251229,202000,484.47,484.725,484.47,484.72,11269,0
DIA.US,5,20251229,202500,484.7181,484.785,484.63,484.76,13017,0
DIA.US,5,20251229,203000,484.78,485.02,484.77,484.98,35339,0
DIA.US,5,20251229,203500,485,485.065,484.93,485,11508,0
DIA.US,5,20251229,204000,485,485.15,485,485.0799,16506,0
DIA.US,5,20251229,204500,485.07,485.19,485.03,485.09,18703,0
DIA.US,5,20251229,205000,485.09,485.12,485.04,485.06,16808,0
DIA.US,5,20251229,205500,485.1,485.19,485.08,485.14,52579,0
DIA.US,5,20251229,210000,485.15,485.265,485.115,485.1756,24071,0
DIA.US,5,20251229,210500,485.17,485.34,485.1672,485.29,13883,0
DIA.US,5,20251229,211000,485.31,485.41,485.26,485.405,18425,0
DIA.US,5,20251229,211500,485.4,485.475,485.37,485.395,25754,0
DIA.US,5,20251229,212000,485.41,485.45,485.2701,485.35,20106,0
DIA.US,5,20251229,212500,485.34,485.37,485.21,485.21,30744,0
DIA.US,5,20251229,213000,485.22,485.33,485.16,485.2,28238,0
DIA.US,5,20251229,213500,485.2,485.31,485.155,485.17,36129,0
DIA.US,5,20251229,214000,485.18,485.23,484.96,485.04,37090,0
DIA.US,5,20251229,214500,485.01,485.08,484.96,485.07,30976,0
DIA.US,5,20251229,215000,485.08,485.16,484.47,484.49,95266,0
DIA.US,5,20251229,215500,484.5,484.63,484.27,484.58,238513,0
DIA.US,5,20251230,153000,484.62,484.665,482.815,482.98,226759,0
DIA.US,5,20251230,153500,482.95,483.89,482.89,483.86,131638,0
DIA.US,5,20251230,154000,483.86,483.87,483.51,483.585,81462,0
DIA.US,5,20251230,154500,483.64,484.46,483.43,484.17,130855,0
DIA.US,5,20251230,155000,484.15,484.54,484.08,484.2411,51777,0
DIA.US,5,20251230,155500,484.24,484.65,484.105,484.12,62956,0
DIA.US,5,20251230,160000,484.09,484.21,483.9,483.925,36851,0
DIA.US,5,20251230,160500,483.93,484.0001,483.8,483.82,39387,0
DIA.US,5,20251230,161000,483.82,483.88,483.33,483.33,28224,0
DIA.US,5,20251230,161500,483.36,483.68,483.32,483.4,19982,0
DIA.US,5,20251230,162000,483.4,483.66,483.34,483.48,31001,0
DIA.US,5,20251230,162500,483.48,483.56,483.34,483.45,14265,0
DIA.US,5,20251230,163000,483.45,483.49,483.3,483.37,11490,0
DIA.US,5,20251230,163500,483.3803,483.43,483.26,483.4,12367,0
DIA.US,5,20251230,164000,483.37,483.42,483.04,483.31,26110,0
DIA.US,5,20251230,164500,483.35,483.35,483.14,483.3,37920,0
DIA.US,5,20251230,165000,483.3,483.62,483.3,483.56,35385,0
DIA.US,5,20251230,165500,483.6,483.6746,483.48,483.52,25359,0
DIA.US,5,20251230,170000,483.55,483.79,483.53,483.73,36530,0
DIA.US,5,20251230,170500,483.76,483.84,483.63,483.66,17122,0
DIA.US,5,20251230,171000,483.66,483.71,483.56,483.6,17738,0
DIA.US,5,20251230,171500,483.6,483.805,483.58,483.77,20668,0
DIA.US,5,20251230,172000,483.78,484.21,483.77,484.05,56182,0
DIA.US,5,20251230,172500,484.07,484.07,483.95,484.0499,22937,0
DIA.US,5,20251230,173000,484.05,484.1,483.6501,483.73,28599,0
DIA.US,5,20251230,173500,483.74,483.77,483.48,483.485,27461,0
DIA.US,5,20251230,174000,483.48,483.63,483.33,483.63,21392,0
DIA.US,5,20251230,174500,483.64,483.72,483.57,483.68,13068,0
DIA.US,5,20251230,175000,483.65,483.65,483.46,483.515,13738,0
DIA.US,5,20251230,175500,483.495,483.495,483.295,483.345,5967,0
DIA.US,5,20251230,180000,483.33,483.36,483.2,483.2513,12783,0
DIA.US,5,20251230,180500,483.2599,483.2639,483.14,483.19,11727,0
DIA.US,5,20251230,181000,483.22,483.26,483.05,483.07,17131,0
DIA.US,5,20251230,181500,483.1,483.27,482.97,483.24,15597,0
DIA.US,5,20251230,182000,483.22,483.45,483.22,483.41,10328,0
DIA.US,5,20251230,182500,483.43,483.505,483.405,483.48,13015,0
DIA.US,5,20251230,183000,483.49,483.8762,483.49,483.86,58065,0
DIA.US,5,20251230,183500,483.88,483.88,483.76,483.7756,15253,0
DIA.US,5,20251230,184000,483.77,483.845,483.63,483.68,17083,0
DIA.US,5,20251230,184500,483.68,483.76,483.59,483.76,21510,0
DIA.US,5,20251230,185000,483.75,483.96,483.75,483.875,31509,0
DIA.US,5,20251230,185500,483.875,483.94,483.81,483.89,34604,0
DIA.US,5,20251230,190000,483.89,483.89,483.69,483.86,11433,0
DIA.US,5,20251230,190500,483.8655,484,483.85,483.97,22488,0
DIA.US,5,20251230,191000,483.98,483.99,483.86,483.92,19844,0
DIA.US,5,20251230,191500,483.92,483.95,483.8002,483.83,10734,0
DIA.US,5,20251230,192000,483.82,483.88,483.7261,483.88,17256,0
DIA.US,5,20251230,192500,483.865,483.98,483.83,483.98,9901,0
DIA.US,5,20251230,193000,484,484.075,483.95,484.07,24994,0
DIA.US,5,20251230,193500,484.07,484.09,483.93,483.94,27228,0
DIA.US,5,20251230,194000,483.94,484.06,483.87,483.995,22524,0
DIA.US,5,20251230,194500,484.005,484.175,483.98,484.06,19848,0
DIA.US,5,20251230,195000,484.055,484.07,483.98,483.995,32340,0
DIA.US,5,20251230,195500,483.995,484.065,483.97,484.025,18373,0
DIA.US,5,20251230,200000,484.03,484.115,483.99,484.0125,31892,0
DIA.US,5,20251230,200500,484,484.0301,483.91,483.945,16665,0
DIA.US,5,20251230,201000,483.94,484.08,483.88,484.06,24872,0
DIA.US,5,20251230,201500,484.065,484.065,483.81,483.87,20775,0
DIA.US,5,20251230,202000,483.87,483.91,483.8,483.845,16486,0
DIA.US,5,20251230,202500,483.86,483.93,483.82,483.9001,17347,0
DIA.US,5,20251230,203000,483.91,483.98,483.805,483.9,11403,0
DIA.US,5,20251230,203500,483.91,483.95,483.815,483.95,6573,0
DIA.US,5,20251230,204000,483.93,484.04,483.915,483.94,9292,0
DIA.US,5,20251230,204500,483.93,483.98,483.8,483.825,20556,0
DIA.US,5,20251230,205000,483.83,483.83,483.64,483.69,34546,0
DIA.US,5,20251230,205500,483.69,483.74,483.57,483.735,21487,0
DIA.US,5,20251230,210000,483.74,483.875,483.73,483.87,13944,0
DIA.US,5,20251230,210500,483.87,483.9,483.67,483.765,22053,0
DIA.US,5,20251230,211000,483.77,483.83,483.57,483.73,11761,0
DIA.US,5,20251230,211500,483.72,483.89,483.69,483.82,13094,0
DIA.US,5,20251230,212000,483.82,483.94,483.79302,483.94,17706,0
DIA.US,5,20251230,212500,483.94,483.995,483.88,483.935,19789,0
DIA.US,5,20251230,213000,483.93,484.075,483.89,484.065,20808,0
DIA.US,5,20251230,213500,484.08,484.1,483.99,484.09,28178,0
DIA.US,5,20251230,214000,484.11,484.18,483.99,484.03,32523,0
DIA.US,5,20251230,214500,484.04,484.04,483.86,483.92,36429,0
DIA.US,5,20251230,215000,483.92,484.1,483.83,483.83,69449,0
DIA.US,5,20251230,215500,483.84,483.89,483.46,483.59,233910,0
DIA.US,5,20251231,153000,483.65,483.81,482.88,482.88,95467,0
DIA.US,5,20251231,153500,482.89,483.07,482.57,482.6,86284,0
DIA.US,5,20251231,154000,482.59,482.79,482.36,482.39,113961,0
DIA.US,5,20251231,154500,482.4,482.59,482.28,482.4,50059,0
DIA.US,5,20251231,155000,482.39,482.98,482.38,482.97,27994,0
DIA.US,5,20251231,155500,482.98,483.03,482.76,482.9,28590,0
DIA.US,5,20251231,160000,482.85,482.9,482.4,482.405,29890,0
DIA.US,5,20251231,160500,482.38,482.47,482.26,482.47,32990,0
DIA.US,5,20251231,161000,482.49,482.56,482.09,482.135,23261,0
DIA.US,5,20251231,161500,482.15,482.2,481.96,482.18,50301,0
DIA.US,5,20251231,162000,482.13,482.3,482.07,482.18,20797,0
DIA.US,5,20251231,162500,482.26,482.3542,482.14,482.245,28680,0
DIA.US,5,20251231,163000,482.23,482.45,482.13,482.32,28529,0
DIA.US,5,20251231,163500,482.33,482.51,482.11,482.12,16715,0
DIA.US,5,20251231,164000,482.1,482.22,481.98,482.17,15816,0
DIA.US,5,20251231,164500,482.18,482.2,481.935,481.95,47579,0
DIA.US,5,20251231,165000,481.93,482.005,481.81,481.9048,22463,0
DIA.US,5,20251231,165500,481.86,481.92,481.69,481.73,17962,0
DIA.US,5,20251231,170000,481.72,481.9544,481.72,481.78,14544,0
DIA.US,5,20251231,170500,481.79,481.88,481.7,481.82,14284,0
DIA.US,5,20251231,171000,481.82,482,481.75,481.95,15178,0
DIA.US,5,20251231,171500,481.97,482.25,481.85,482.22,15127,0
DIA.US,5,20251231,172000,482.23,482.315,482.1,482.2,19078,0
DIA.US,5,20251231,172500,482.17,482.25,482.16,482.2,12055,0
DIA.US,5,20251231,173000,482.2,482.2,482,482.0445,15162,0
DIA.US,5,20251231,173500,482.04,482.31,482.01,482.3,9832,0
DIA.US,5,20251231,174000,482.29,482.32,482.12,482.22,6429,0
DIA.US,5,20251231,174500,482.22,482.28,482.17,482.24,9578,0
DIA.US,5,20251231,175000,482.26,482.51,482.26,482.39,19485,0
DIA.US,5,20251231,175500,482.4,482.45,482.35,482.37,17142,0
DIA.US,5,20251231,180000,482.39,482.39,482.3,482.325,9950,0
DIA.US,5,20251231,180500,482.32,482.33,481.69,481.76,282751,0
DIA.US,5,20251231,181000,481.75,482.03,481.69,481.99,29165,0
DIA.US,5,20251231,181500,482,482.19,481.97,482.14,10460,0
DIA.US,5,20251231,182000,482.1,482.17,481.915,481.93,8993,0
DIA.US,5,20251231,182500,481.96,482.08,481.9,481.96,11436,0
DIA.US,5,20251231,183000,481.97,482.23,481.92,482.2104,44215,0
DIA.US,5,20251231,183500,482.21,482.26,482.04,482.06,6883,0
DIA.US,5,20251231,184000,482.04,482.0768,481.92,482.01,8240,0
DIA.US,5,20251231,184500,481.99,482.04,481.87,481.89,8759,0
DIA.US,5,20251231,185000,481.88,481.98,481.85,481.97,9319,0
DIA.US,5,20251231,185500,481.935,481.935,481.785,481.84,66148,0
DIA.US,5,20251231,190000,481.83,482,481.83,481.98,9704,0
DIA.US,5,20251231,190500,481.99,482.11,481.87,482.09,6232,0
DIA.US,5,20251231,191000,482.08,482.25,482.07,482.25,9196,0
DIA.US,5,20251231,191500,482.26,482.26,482.04,482.047,6485,0
DIA.US,5,20251231,192000,482.07,482.14,482.022,482.09,11107,0
DIA.US,5,20251231,192500,482.13,482.28,482.11,482.26,7768,0
DIA.US,5,20251231,193000,482.27,482.38,482.24,482.34,8546,0
DIA.US,5,20251231,193500,482.37,482.43,482.31,482.3545,5844,0
DIA.US,5,20251231,194000,482.36,482.56,482.36,482.56,21460,0
DIA.US,5,20251231,194500,482.58,482.67,482.515,482.6045,23390,0
DIA.US,5,20251231,195000,482.62,482.74,482.58,482.7,146167,0
DIA.US,5,20251231,195500,482.69,482.85,482.64,482.71,25602,0
DIA.US,5,20251231,200000,482.75,482.98,482.74,482.83,26960,0
DIA.US,5,20251231,200500,482.84,482.91,482.81,482.87,13233,0
DIA.US,5,20251231,201000,482.8825,482.89,482.7,482.72,9794,0
DIA.US,5,20251231,201500,482.73,482.78,482.405,482.41,10213,0
DIA.US,5,20251231,202000,482.45,482.47,482.31,482.4,10764,0
DIA.US,5,20251231,202500,482.3861,482.3861,482.19,482.2,10130,0
DIA.US,5,20251231,203000,482.2,482.2655,481.67,481.67,14056,0
DIA.US,5,20251231,203500,481.67,482.1,481.65,481.95,30511,0
DIA.US,5,20251231,204000,481.94,482.18,481.94,482.03,22518,0
DIA.US,5,20251231,204500,481.99,482.034,481.8,481.82,14630,0
DIA.US,5,20251231,205000,481.81,481.85,481.59,481.665,36003,0
DIA.US,5,20251231,205500,481.665,481.73,481.56,481.62,28374,0
DIA.US,5,20251231,210000,481.64,481.67,481.1,481.29,176523,0
DIA.US,5,20251231,210500,481.29,481.47,481.07,481.18,28513,0
DIA.US,5,20251231,211000,481.11,481.16,480.92,481.15,25909,0
DIA.US,5,20251231,211500,481.15,481.38,481.14,481.34,24191,0
DIA.US,5,20251231,212000,481.3,481.3,480.9,480.95,124427,0
DIA.US,5,20251231,212500,480.94,481.04,480.75,480.9,31016,0
DIA.US,5,20251231,213000,480.89,481.3609,480.78,481.33,56169,0
DIA.US,5,20251231,213500,481.33,481.62,481.255,481.26,31607,0
DIA.US,5,20251231,214000,481.19,481.43,481.165,481.41,20819,0
DIA.US,5,20251231,214500,481.38,481.425,481.01,481.06,160672,0
DIA.US,5,20251231,215000,481.04,481.2,480.86,480.86,91988,0
DIA.US,5,20251231,215500,480.86,481.18,480.36,480.57,236390,0
DIA.US,5,20260102,153000,481.85,481.98,479.73,479.97,714096,0
DIA.US,5,20260102,153500,479.94,480.075,479.31,479.63,205540,0
DIA.US,5,20260102,154000,479.62,479.64,478.66,478.97,164487,0
DIA.US,5,20260102,154500,479.03,479.46,478.38,479.25,217418,0
DIA.US,5,20260102,155000,479.25,480.13,479.18,480.1,201639,0
DIA.US,5,20260102,155500,480.11,480.8199,480.02,480.77,127782,0
DIA.US,5,20260102,160000,480.82,481.19,480.7,481.17,141108,0
DIA.US,5,20260102,160500,481.18,481.45,480.93,481.12,177168,0
DIA.US,5,20260102,161000,481.13,481.27,480.31,480.38,159879,0
DIA.US,5,20260102,161500,480.39,480.56,479.99,480.18,119970,0
DIA.US,5,20260102,162000,480.22,480.22,478.94,479.06,96330,0
DIA.US,5,20260102,162500,479.1,479.731,478.85,479.62,114807,0
DIA.US,5,20260102,163000,479.58,480.66,479.41,480.66,90743,0
DIA.US,5,20260102,163500,480.63,480.87,480.14,480.57,99018,0
DIA.US,5,20260102,164000,480.58,481.17,480.53,480.76,122676,0
DIA.US,5,20260102,164500,480.79,481.4,480.73,480.85,59390,0
DIA.US,5,20260102,165000,480.85,481.339,480.35,481.339,47433,0
DIA.US,5,20260102,165500,481.42,481.65,480.69,480.99,67224,0
DIA.US,5,20260102,170000,480.99,481.26,480.75,480.955,73526,0
DIA.US,5,20260102,170500,480.88,481.47,480.8301,481.38,50836,0
DIA.US,5,20260102,171000,481.38,481.78,481.13,481.78,46376,0
DIA.US,5,20260102,171500,481.84,482.44,481.78,482.06,71508,0
DIA.US,5,20260102,172000,482.08,482.5,481.79,482.38,45144,0
DIA.US,5,20260102,172500,482.37,482.44,481.9,481.9,28462,0
DIA.US,5,20260102,173000,481.89,482.21,481.83,482.09,37190,0
DIA.US,5,20260102,173500,482.11,482.24,481.72,481.75,43923,0
DIA.US,5,20260102,174000,481.75,481.83,481.375,481.4,57914,0
DIA.US,5,20260102,174500,481.4,481.46,481.13,481.18,28102,0
DIA.US,5,20260102,175000,481.22,481.24,480.55,480.75,49063,0
DIA.US,5,20260102,175500,480.75,481.11,480.6,481.1,35860,0
DIA.US,5,20260102,180000,481.07,481.3899,481,481.15,37249,0
DIA.US,5,20260102,180500,481.21,481.5,481.14,481.2,22168,0
DIA.US,5,20260102,181000,481.27,482.17,481.24,482.08,61331,0
DIA.US,5,20260102,181500,482.08,482.3999,482.06,482.11,39858,0
DIA.US,5,20260102,182000,482.11,482.45,482.09,482.17,31888,0
DIA.US,5,20260102,182500,482.14,482.23,481.92,482.23,24155,0
DIA.US,5,20260102,183000,482.25,482.6503,482.13,482.17,38574,0
DIA.US,5,20260102,183500,482.2,482.24,481.76,481.88,15006,0
DIA.US,5,20260102,184000,481.87,481.98,481.61,481.87,16459,0
DIA.US,5,20260102,184500,481.87,482.03,481.19,481.21,35350,0
DIA.US,5,20260102,185000,481.18,481.44,481.11,481.36,24716,0
DIA.US,5,20260102,185500,481.37,481.59,481.15,481.3,19231,0
DIA.US,5,20260102,190000,481.25,481.5,481.24,481.38,25749,0
DIA.US,5,20260102,190500,481.32,481.32,480.94,481.12,59787,0
DIA.US,5,20260102,191000,481.12,481.24,480.98,481.05,22873,0
DIA.US,5,20260102,191500,481.01,481.53,480.8682,481.47,40393,0
DIA.US,5,20260102,192000,481.49,481.78,481.28,481.35,36269,0
DIA.US,5,20260102,192500,481.41,481.42,481.12,481.27,18861,0
DIA.US,5,20260102,193000,481.29,481.42,481.23,481.321,19658,0
DIA.US,5,20260102,193500,481.33,481.55,481.17,481.37,16252,0
DIA.US,5,20260102,194000,481.35,481.52,481.22,481.51,15255,0
DIA.US,5,20260102,194500,481.53,481.6,480.94,480.95,24123,0
DIA.US,5,20260102,195000,480.95,481.35,480.78,481.3,31303,0
DIA.US,5,20260102,195500,481.31,481.36,481.09,481.36,28728,0
DIA.US,5,20260102,200000,481.49,481.79,481.32,481.75,17975,0
DIA.US,5,20260102,200500,481.75,482.19,481.75,482.05,39662,0
DIA.US,5,20260102,201000,482.03,482.87,481.9,482.76,59245,0
DIA.US,5,20260102,201500,482.78,482.93,482.59,482.64,37577,0
DIA.US,5,20260102,202000,482.66,483.13,482.55,483.13,50803,0
DIA.US,5,20260102,202500,483.15,483.28,483,483.19,48899,0
DIA.US,5,20260102,203000,483.23,483.65,483.2,483.61,81459,0
DIA.US,5,20260102,203500,483.61,483.79,483.42,483.67,37371,0
DIA.US,5,20260102,204000,483.66,483.935,483.64,483.71,39971,0
DIA.US,5,20260102,204500,483.7,483.83,483.6001,483.83,47123,0
DIA.US,5,20260102,205000,483.84,483.92,483.63,483.86,38769,0
DIA.US,5,20260102,205500,483.83,483.91,483.52,483.62,39209,0
DIA.US,5,20260102,210000,483.59,483.95,483.42,483.82,28768,0
DIA.US,5,20260102,210500,483.81,483.91,483.64,483.72,41165,0
DIA.US,5,20260102,211000,483.74,483.9,483.51,483.52,29520,0
DIA.US,5,20260102,211500,483.52,483.78,483.43,483.7,21727,0
DIA.US,5,20260102,212000,483.7,483.79,483.48,483.55,47223,0
DIA.US,5,20260102,212500,483.54,483.54,483.29,483.43,25305,0
DIA.US,5,20260102,213000,483.41,483.58,483.27,483.38,47721,0
DIA.US,5,20260102,213500,483.35,483.64,483.33,483.4,35735,0
DIA.US,5,20260102,214000,483.4,483.46,483.08,483.1,45151,0
DIA.US,5,20260102,214500,483.09,483.21,482.66,482.82,68422,0
DIA.US,5,20260102,215000,482.82,483.41,482.76,483.08,157999,0
DIA.US,5,20260102,215500,483.06,483.76,482.91,483.65,402762,0
DIA.US,5,20260105,153000,484.41,487.36,484.245,487.22,348176,0
DIA.US,5,20260105,153500,487.21,488.31,486.96,488.28,307091,0
DIA.US,5,20260105,154000,488.275,488.89,488.07,488.79,342069,0
DIA.US,5,20260105,154500,488.8,489.45,488.76,488.97,247149,0
DIA.US,5,20260105,155000,488.95,489.03,488.25,488.47,198478,0
DIA.US,5,20260105,155500,488.5,489.1,488.41,488.89,112394,0
DIA.US,5,20260105,160000,489.05,489.79,488.725,489.64,155921,0
DIA.US,5,20260105,160500,489.65,489.96,489.22,489.55,150317,0
DIA.US,5,20260105,161000,489.56,489.86,489.174,489.7,100351,0
DIA.US,5,20260105,161500,489.72,489.75,489.27,489.6,109452,0
DIA.US,5,20260105,162000,489.61,490.05,489.53,489.975,107244,0
DIA.US,5,20260105,162500,490,490.505,489.81,490.48,100979,0
DIA.US,5,20260105,163000,490.51,490.54,490.08,490.32,62683,0
DIA.US,5,20260105,163500,490.31,490.47,489.91,490.07,51406,0
DIA.US,5,20260105,164000,490.11,490.515,490.01,490.35,44481,0
DIA.US,5,20260105,164500,490.37,490.7,490.37,490.45,44465,0
DIA.US,5,20260105,165000,490.48,490.58,490.07,490.075,48018,0
DIA.US,5,20260105,165500,490.0105,490.46,490.0105,490.23,34239,0
DIA.US,5,20260105,170000,490.26,490.35,489.9745,490.06,36022,0
DIA.US,5,20260105,170500,490.094,490.43,489.91,490.395,53093,0
DIA.US,5,20260105,171000,490.39,490.68,490.39,490.5736,87905,0
DIA.US,5,20260105,171500,490.61,490.72,490.3001,490.32,68469,0
DIA.US,5,20260105,172000,490.33,490.9309,490.32,490.81,47909,0
DIA.US,5,20260105,172500,490.8,490.83,490.39,490.45,40509,0
DIA.US,5,20260105,173000,490.48,490.56,490.19,490.23,39958,0
DIA.US,5,20260105,173500,490.23,490.71,490.1,490.69,53423,0
DIA.US,5,20260105,174000,490.68,490.92,490.64,490.9,35704,0
DIA.US,5,20260105,174500,490.9,490.9,490.59,490.83,32647,0
DIA.US,5,20260105,175000,490.85,491.105,490.85,491,47459,0
DIA.US,5,20260105,175500,490.97,491.1899,490.92,491.11,36158,0
DIA.US,5,20260105,180000,491.12,491.3151,491.12,491.26,65758,0
DIA.US,5,20260105,180500,491.2659,491.435,491.1891,491.19,52516,0
DIA.US,5,20260105,181000,491.2,491.5,491.2,491.25,51131,0
DIA.US,5,20260105,181500,491.245,491.37,490.98,491.065,143409,0
DIA.US,5,20260105,182000,491.07,491.15,490.92,491.14,39451,0
DIA.US,5,20260105,182500,491.15,491.27,490.9,490.958,146410,0
DIA.US,5,20260105,183000,490.98,491.33,490.98,491.24,55520,0
DIA.US,5,20260105,183500,491.25,491.505,491.19,491.39,39123,0
DIA.US,5,20260105,184000,491.43,491.44,491.2564,491.32,35176,0
DIA.US,5,20260105,184500,491.35,491.63,491.3,491.59,44307,0
DIA.US,5,20260105,185000,491.6,491.6,491.28,491.42,21980,0
DIA.US,5,20260105,185500,491.417,491.417,491.1787,491.35,18759,0
DIA.US,5,20260105,190000,491.33,491.63,491.33,491.43,38571,0
DIA.US,5,20260105,190500,491.44,491.57,491.33,491.53,50607,0
DIA.US,5,20260105,191000,491.59,491.72,491.53,491.62,44576,0
DIA.US,5,20260105,191500,491.61,491.62,491.16,491.36,38588,0
DIA.US,5,20260105,192000,491.36,491.4,491.21,491.38,24636,0
DIA.US,5,20260105,192500,491.44,491.6093,491.33,491.52,23455,0
DIA.US,5,20260105,193000,491.5295,491.68,491.515,491.68,21543,0
DIA.US,5,20260105,193500,491.68,491.81,491.615,491.715,43864,0
DIA.US,5,20260105,194000,491.72,491.78,491.645,491.68,38955,0
DIA.US,5,20260105,194500,491.68,491.85,491.68,491.79,99862,0
DIA.US,5,20260105,195000,491.79,492.0066,491.72,491.985,44683,0
DIA.US,5,20260105,195500,491.995,492,491.8703,491.89,25758,0
DIA.US,5,20260105,200000,491.88,492.04,491.85,491.92,35018,0
DIA.US,5,20260105,200500,491.91,491.91,491.63,491.665,137422,0
DIA.US,5,20260105,201000,491.665,491.67,491.48,491.52,56036,0
DIA.US,5,20260105,201500,491.53,491.87,491.53,491.725,133921,0
DIA.US,5,20260105,202000,491.76,491.82,491.57,491.59,31574,0
DIA.US,5,20260105,202500,491.6,491.7,491.54,491.56,34003,0
DIA.US,5,20260105,203000,491.56,491.64,491.3,491.3,41659,0
DIA.US,5,20260105,203500,491.3,491.33,491,491.09,74329,0
DIA.US,5,20260105,204000,491.09,491.09,490.66,490.96,76841,0
DIA.US,5,20260105,204500,490.96,491.08,490.85,490.89,56308,0
DIA.US,5,20260105,205000,490.88,490.88,490.55,490.5625,68570,0
DIA.US,5,20260105,205500,490.57,490.69,490.44,490.61,61302,0
DIA.US,5,20260105,210000,490.61,490.85,490.515,490.76,41733,0
DIA.US,5,20260105,210500,490.74,490.97,490.72,490.905,30258,0
DIA.US,5,20260105,211000,490.9,491,490.73,490.76,46919,0
DIA.US,5,20260105,211500,490.75,490.81,490.35,490.42,65589,0
DIA.US,5,20260105,212000,490.4,490.45,490.21,490.36,36020,0
DIA.US,5,20260105,212500,490.355,490.505,490.31,490.465,49527,0
DIA.US,5,20260105,213000,490.46,490.61,490.31,490.345,54703,0
DIA.US,5,20260105,213500,490.33,490.42,490.24,490.35,39314,0
DIA.US,5,20260105,214000,490.36,490.37,490.14,490.16,46255,0
DIA.US,5,20260105,214500,490.14,490.3,490.08,490.11,65059,0
DIA.US,5,20260105,215000,490.1,490.27,489.69,489.72,120315,0
DIA.US,5,20260105,215500,489.69,489.96,489.545,489.77,410727,0
DIA.US,5,20260106,153000,489.33,490.125,488.96,489.92,338050,0
DIA.US,5,20260106,153500,489.93,490.52,489.45,490.34,313100,0
DIA.US,5,20260106,154000,490.33,490.99,489.87,490.21,154269,0
DIA.US,5,20260106,154500,490.19,490.5,489.89,490.45,225155,0
DIA.US,5,20260106,155000,490.38,490.72,490.17,490.52,110188,0
DIA.US,5,20260106,155500,490.54,490.78,489.95,490.765,87189,0
DIA.US,5,20260106,160000,490.71,491.3,490.61,491.15,118855,0
DIA.US,5,20260106,160500,491.14,491.5,491.09,491.43,65546,0
DIA.US,5,20260106,161000,491.435,491.7,491.3775,491.62,88392,0
DIA.US,5,20260106,161500,491.63,491.78,491.42,491.52,70483,0
DIA.US,5,20260106,162000,491.58,491.72,491.16,491.61,87342,0
DIA.US,5,20260106,162500,491.6,491.92,491.6,491.83,67889,0
DIA.US,5,20260106,163000,491.81,491.92,491.16,491.17,110790,0
DIA.US,5,20260106,163500,491.18,491.42,491.02,491.02,119982,0
DIA.US,5,20260106,164000,491.02,491.33,490.8,490.99,104441,0
DIA.US,5,20260106,164500,490.98,491.38,490.85,491.3,56684,0
DIA.US,5,20260106,165000,491.27,491.36,490.78,490.92,63671,0
DIA.US,5,20260106,165500,490.94,491.14,490.64,491.12,63057,0
DIA.US,5,20260106,170000,491.09,491.33,490.92,491.31,51716,0
DIA.US,5,20260106,170500,491.34,491.405,491,491.35,66186,0
DIA.US,5,20260106,171000,491.39,491.75,491.25,491.65,36512,0
DIA.US,5,20260106,171500,491.66,491.7298,491.56,491.65,21983,0
DIA.US,5,20260106,172000,491.64,492.07,491.555,492.05,31603,0
DIA.US,5,20260106,172500,492.07,492.19,491.78,492.15,217987,0
DIA.US,5,20260106,173000,492.17,492.24,491.9,491.985,36290,0
DIA.US,5,20260106,173500,492.02,492.17,491.85,491.9899,29378,0
DIA.US,5,20260106,174000,491.99,492.01,491.72,491.87,67786,0
DIA.US,5,20260106,174500,491.93,492.38,491.78,492.38,31001,0
DIA.US,5,20260106,175000,492.38,492.5,492.32,492.43,21456,0
DIA.US,5,20260106,175500,492.42,492.53,492.235,492.4799,27817,0
DIA.US,5,20260106,180000,492.47,492.68,492.43,492.6166,37018,0
DIA.US,5,20260106,180500,492.62,493.0797,492.57,493.04,29298,0
DIA.US,5,20260106,181000,493.035,493.11,492.93,492.9499,29709,0
DIA.US,5,20260106,181500,492.95,493.31,492.945,493.22,22081,0
DIA.US,5,20260106,182000,493.24,493.49,493.24,493.42,18407,0
DIA.US,5,20260106,182500,493.43,493.58,493.4,493.49,31804,0
DIA.US,5,20260106,183000,493.537,493.72,493.4701,493.64,21762,0
DIA.US,5,20260106,183500,493.6473,493.79,493.6,493.65,29967,0
DIA.US,5,20260106,184000,493.66,493.73,493.5,493.67,24961,0
DIA.US,5,20260106,184500,493.66,493.85,493.64,493.85,24917,0
DIA.US,5,20260106,185000,493.86,494.06,493.8229,493.97,25249,0
DIA.US,5,20260106,185500,493.95,494.15,493.915,494.04,19523,0
DIA.US,5,20260106,190000,494.05,494.07,493.84,493.93,36430,0
DIA.US,5,20260106,190500,493.9261,494.1,493.83,494.07,31062,0
DIA.US,5,20260106,191000,494.07,494.2366,493.96,494.18,21288,0
DIA.US,5,20260106,191500,494.19,494.33,494.07,494.13,43388,0
DIA.US,5,20260106,192000,494.125,494.16,493.91,494.08,47373,0
DIA.US,5,20260106,192500,494.08,494.2301,494.08,494.195,23742,0
DIA.US,5,20260106,193000,494.185,494.33,494.0911,494.1746,34142,0
DIA.US,5,20260106,193500,494.2,494.32,494.15,494.245,28709,0
DIA.US,5,20260106,194000,494.285,494.4088,494.25,494.31,25235,0
DIA.US,5,20260106,194500,494.31,494.48,494.31,494.31,28911,0
DIA.US,5,20260106,195000,494.35,494.42,494.29,494.34,32812,0
DIA.US,5,20260106,195500,494.35,494.54,494.35,494.53,32946,0
DIA.US,5,20260106,200000,494.54,494.74,494.54,494.62,37289,0
DIA.US,5,20260106,200500,494.62,494.87,494.61,494.81,42300,0
DIA.US,5,20260106,201000,494.83,494.94,494.83,494.93,32170,0
DIA.US,5,20260106,201500,494.929,494.9401,494.75,494.76,40631,0
DIA.US,5,20260106,202000,494.77,494.84,494.71,494.7165,33311,0
DIA.US,5,20260106,202500,494.73,494.74,494.45,494.45,51434,0
DIA.US,5,20260106,203000,494.45,494.545,494.36,494.39,58990,0
DIA.US,5,20260106,203500,494.39,494.49,494.2815,494.47,21957,0
DIA.US,5,20260106,204000,494.49,494.63,494.48,494.5771,21385,0
DIA.US,5,20260106,204500,494.59,494.7,494.58,494.62,22957,0
DIA.US,5,20260106,205000,494.655,494.66,494.52,494.55,21236,0
DIA.US,5,20260106,205500,494.545,494.65,494.5333,494.58,41444,0
DIA.US,5,20260106,210000,494.58,494.935,494.54,494.93,44750,0
DIA.US,5,20260106,210500,494.932,495.07,494.88,494.9,34132,0
DIA.US,5,20260106,211000,494.89,494.94,494.755,494.89,52179,0
DIA.US,5,20260106,211500,494.89,495,494.79,494.92,41690,0
DIA.US,5,20260106,212000,494.91,494.96,494.83,494.94,20951,0
DIA.US,5,20260106,212500,494.92,494.985,494.87,494.95,33461,0
DIA.US,5,20260106,213000,494.93,494.95,494.75,494.87,67487,0
DIA.US,5,20260106,213500,494.8697,495.12,494.82,495.02,77907,0
DIA.US,5,20260106,214000,495.02,495.07,494.89,494.906,57485,0
DIA.US,5,20260106,214500,494.89,494.91,494.78,494.84,127425,0
DIA.US,5,20260106,215000,494.85,495.09,494.735,494.835,142007,0
DIA.US,5,20260106,215500,494.84,494.88,494.53,494.59,298194,0
DIA.US,5,20260107,153000,495.65,496.25,494.57,494.6762,425289,0
DIA.US,5,20260107,153500,494.69,495.51,494.66,495.04,285259,0
DIA.US,5,20260107,154000,495.05,495.3,494.51,494.5699,175810,0
DIA.US,5,20260107,154500,494.54,494.97,494.24,494.45,134354,0
DIA.US,5,20260107,155000,494.5,494.51,493.81,493.81,141946,0
DIA.US,5,20260107,155500,493.8164,493.88,493.6,493.825,79447,0
DIA.US,5,20260107,160000,493.87,493.98,492.92,492.99,127715,0
DIA.US,5,20260107,160500,492.98,493.37,492.895,493.18,101081,0
DIA.US,5,20260107,161000,493.18,493.19,492.57,492.62,90440,0
DIA.US,5,20260107,161500,492.59,492.75,492.38,492.39,63915,0
DIA.US,5,20260107,162000,492.42,492.6699,492.21,492.48,86332,0
DIA.US,5,20260107,162500,492.49,492.69,492.31,492.36,99306,0
DIA.US,5,20260107,163000,492.32,492.52,492.09,492.5,64874,0
DIA.US,5,20260107,163500,492.49,492.74,492.09,492.62,100286,0
DIA.US,5,20260107,164000,492.64,493.04,492.58,492.7,48688,0
DIA.US,5,20260107,164500,492.61,492.71,492.41,492.58,35463,0
DIA.US,5,20260107,165000,492.58,492.64,492.37,492.59,44260,0
DIA.US,5,20260107,165500,492.59,492.87,492.59,492.82,40985,0
DIA.US,5,20260107,170000,492.83,493.029,492.715,492.975,31352,0
DIA.US,5,20260107,170500,492.97,492.9899,492.63,492.9,36633,0
DIA.US,5,20260107,171000,492.89,492.95,492.64,492.745,19693,0
DIA.US,5,20260107,171500,492.74,492.99,492.72,492.98,17179,0
DIA.US,5,20260107,172000,492.98,493.15,492.8013,493.11,26909,0
DIA.US,5,20260107,172500,493.06,493.16,492.93,493.04,29905,0
DIA.US,5,20260107,173000,493.04,493.14,492.96,493,23974,0
DIA.US,5,20260107,173500,493.02,493.08,492.85,493.03,22962,0
DIA.US,5,20260107,174000,493.03,493.66,493.01,493.61,40889,0
DIA.US,5,20260107,174500,493.57,493.685,493.5,493.66,41669,0
DIA.US,5,20260107,175000,493.7,493.77,493.5502,493.76,33517,0
DIA.US,5,20260107,175500,493.77,493.77,493.58,493.67,19263,0
DIA.US,5,20260107,180000,493.725,493.9,493.725,493.865,39182,0
DIA.US,5,20260107,180500,493.8709,494.01,493.83,493.9,31302,0
DIA.US,5,20260107,181000,493.91,493.91,493.67,493.69,27060,0
DIA.US,5,20260107,181500,493.72,493.795,493.59,493.77,21271,0
DIA.US,5,20260107,182000,493.79,493.9,493.73,493.88,7897,0
DIA.US,5,20260107,182500,493.89,493.95,493.76,493.76,25459,0
DIA.US,5,20260107,183000,493.735,493.8,493.52,493.5443,21447,0
DIA.US,5,20260107,183500,493.57,493.58,493.41,493.58,13734,0
DIA.US,5,20260107,184000,493.59,493.67,493.46,493.63,35591,0
DIA.US,5,20260107,184500,493.62,493.6378,493.17,493.21,70728,0
DIA.US,5,20260107,185000,493.2,493.2,492.6,492.82,59848,0
DIA.US,5,20260107,185500,492.84,492.97,492.67,492.74,37378,0
DIA.US,5,20260107,190000,492.73,492.74,492.49,492.5552,47762,0
DIA.US,5,20260107,190500,492.56,492.66,492.44,492.485,44491,0
DIA.US,5,20260107,191000,492.45,492.53,492.32,492.45,28055,0
DIA.US,5,20260107,191500,492.46,492.4805,492.015,492.1,35612,0
DIA.US,5,20260107,192000,492.09,492.14,491.93,492.12,47699,0
DIA.US,5,20260107,192500,492.13,492.14,491.85,491.9,29877,0
DIA.US,5,20260107,193000,491.92,492.07,491.865,492.015,27825,0
DIA.US,5,20260107,193500,491.98,491.98,491.69,491.76,52521,0
DIA.US,5,20260107,194000,491.77,491.99,491.6742,491.69,33941,0
DIA.US,5,20260107,194500,491.68,492.08,491.68,492.07,31156,0
DIA.US,5,20260107,195000,492.05,492.3013,492,492.19,30243,0
DIA.US,5,20260107,195500,492.19,492.33,492.0136,492.31,15681,0
DIA.US,5,20260107,200000,492.345,492.4,492.23,492.35,19694,0
DIA.US,5,20260107,200500,492.31,492.31,491.855,491.89,42722,0
DIA.US,5,20260107,201000,491.86,491.87,491.585,491.74,41253,0
DIA.US,5,20260107,201500,491.75,491.75,491.37,491.63,35405,0
DIA.US,5,20260107,202000,491.64,491.68,491.36,491.362,15626,0
DIA.US,5,20260107,202500,491.36,491.54,491.3,491.46,22866,0
DIA.US,5,20260107,203000,491.52,491.9,491.49,491.88,33666,0
DIA.US,5,20260107,203500,491.87,491.987,491.685,491.76,13897,0
DIA.US,5,20260107,204000,491.74,491.76,491.5,491.71,20513,0
DIA.US,5,20260107,204500,491.71,491.73,491.59,491.72,9862,0
DIA.US,5,20260107,205000,491.7399,491.74,491.57,491.69,11110,0
DIA.US,5,20260107,205500,491.68,491.69,491.46,491.5565,24277,0
DIA.US,5,20260107,210000,491.54,491.59,491.33,491.445,27895,0
DIA.US,5,20260107,210500,491.425,491.43,491.1,491.2,34278,0
DIA.US,5,20260107,211000,491.18,491.3,490.95,490.95,52254,0
DIA.US,5,20260107,211500,490.91,491.175,490.74,491.17,35760,0
DIA.US,5,20260107,212000,491.18,491.22,490.7,490.7,54613,0
DIA.US,5,20260107,212500,490.7,490.74,490.33,490.43,97493,0
DIA.US,5,20260107,213000,490.42,490.42,489.74,489.776,98564,0
DIA.US,5,20260107,213500,489.7701,489.88,489.61,489.66,66608,0
DIA.US,5,20260107,214000,489.65,489.82,489.5,489.69,84501,0
DIA.US,5,20260107,214500,489.705,489.78,489.56,489.7,94610,0
DIA.US,5,20260107,215000,489.7,490.01,489.68,489.925,123331,0
DIA.US,5,20260107,215500,489.93,490.04,489.71,489.975,293770,0
DIA.US,5,20260108,153000,487.82,489.545,487.81,488.79,338346,0
DIA.US,5,20260108,153500,488.78,489.93,488.46,489.14,314191,0
DIA.US,5,20260108,154000,489.15,489.85,489.05,489.38,309996,0
DIA.US,5,20260108,154500,489.39,490.92,489.045,490.55,193949,0
DIA.US,5,20260108,155000,490.54,490.72,490.025,490.41,181373,0
DIA.US,5,20260108,155500,490.42,490.94,490.2,490.49,162970,0
DIA.US,5,20260108,160000,490.48,490.91,490.29,490.85,149991,0
DIA.US,5,20260108,160500,490.84,491.57,490.7,491.53,214610,0
DIA.US,5,20260108,161000,491.54,491.55,491.09,491.38,152472,0
DIA.US,5,20260108,161500,491.4,491.81,491.28,491.72,116533,0
DIA.US,5,20260108,162000,491.735,491.99,491.55,491.84,61742,0
DIA.US,5,20260108,162500,491.87,491.96,491.42,491.42,132809,0
DIA.US,5,20260108,163000,491.43,491.7,490.99,491.61,82257,0
DIA.US,5,20260108,163500,491.61,491.69,491.38,491.61,88176,0
DIA.US,5,20260108,164000,491.6,492,491.53,491.77,56378,0
DIA.US,5,20260108,164500,491.78,491.96,491.37,491.525,79601,0
DIA.US,5,20260108,165000,491.53,491.79,491.27,491.27,59563,0
DIA.US,5,20260108,165500,491.28,492.22,491.26,492.185,69764,0
DIA.US,5,20260108,170000,492.25,492.45,492.13,492.32,46810,0
DIA.US,5,20260108,170500,492.33,492.34,491.69,491.7,86367,0
DIA.US,5,20260108,171000,491.72,491.94,491.555,491.67,63617,0
DIA.US,5,20260108,171500,491.73,492.12,491.69,491.965,35772,0
DIA.US,5,20260108,172000,491.99,492.345,491.9,492.2,26044,0
DIA.US,5,20260108,172500,492.2,492.65,492.11,492.57,19614,0
DIA.US,5,20260108,173000,492.55,493.1,492.54,492.82,48394,0
DIA.US,5,20260108,173500,492.8272,492.8272,492.32,492.6008,67968,0
DIA.US,5,20260108,174000,492.62,492.95,492.62,492.84,41105,0
DIA.US,5,20260108,174500,492.87,492.99,492.67,492.78,24383,0
DIA.US,5,20260108,175000,492.81,492.89,492.4009,492.44,30022,0
DIA.US,5,20260108,175500,492.49,492.94,492.44,492.91,39932,0
DIA.US,5,20260108,180000,492.91,493.035,492.71,492.91,29433,0
DIA.US,5,20260108,180500,492.91,493.1,492.77,492.81,29145,0
DIA.US,5,20260108,181000,492.785,492.8725,492.67,492.75,22187,0
DIA.US,5,20260108,181500,492.75,493.1,492.72,493.1,24733,0
DIA.US,5,20260108,182000,493.09,493.23,492.88,492.88,64758,0
DIA.US,5,20260108,182500,492.86,492.9,492.63,492.73,42711,0
DIA.US,5,20260108,183000,492.79,493.32,492.79,493.2409,17901,0
DIA.US,5,20260108,183500,493.24,493.375,493.222,493.33,23725,0
DIA.US,5,20260108,184000,493.32,493.51,493.24,493.3,18375,0
DIA.US,5,20260108,184500,493.32,493.345,493.15,493.28,27986,0
DIA.US,5,20260108,185000,493.27,493.5199,493.27,493.41,31260,0
DIA.US,5,20260108,185500,493.38,493.52,493.12,493.195,41111,0
DIA.US,5,20260108,190000,493.11,493.32,493.01,493.05,35822,0
DIA.US,5,20260108,190500,493.02,493.19,492.93,493.19,52334,0
DIA.US,5,20260108,191000,493.2,493.2,492.4158,492.48,65492,0
DIA.US,5,20260108,191500,492.46,492.83,492.38,492.83,30130,0
DIA.US,5,20260108,192000,492.88,492.98,492.77,492.87,39713,0
DIA.US,5,20260108,192500,492.93,492.96,492.7,492.73,25678,0
DIA.US,5,20260108,193000,492.71,492.77,492.62,492.6601,26581,0
DIA.US,5,20260108,193500,492.68,492.79,492.6,492.615,26175,0
DIA.US,5,20260108,194000,492.61,492.8,492.55,492.7899,25670,0
DIA.US,5,20260108,194500,492.73,493.03,492.65,492.91,12520,0
DIA.US,5,20260108,195000,492.89,492.95,492.59,492.59,21081,0
DIA.US,5,20260108,195500,492.58,492.69,492.41,492.52,30978,0
DIA.US,5,20260108,200000,492.52,492.74,492.34,492.67,43778,0
DIA.US,5,20260108,200500,492.68,492.905,492.67,492.805,21759,0
DIA.US,5,20260108,201000,492.78,492.82,492.42,492.49,56982,0
DIA.US,5,20260108,201500,492.495,492.57,492.12,492.57,29927,0
DIA.US,5,20260108,202000,492.57,492.81,492.56,492.64,16431,0
DIA.US,5,20260108,202500,492.65,492.68,492.4,492.59,22086,0
DIA.US,5,20260108,203000,492.66,492.87,492.63,492.65,20182,0
DIA.US,5,20260108,203500,492.72,492.72,492.45,492.47,22658,0
DIA.US,5,20260108,204000,492.46,492.5235,492.29,492.34,18925,0
DIA.US,5,20260108,204500,492.35,492.45,492.18,492.33,19932,0
DIA.US,5,20260108,205000,492.35,492.47,492.23,492.36,10523,0
DIA.US,5,20260108,205500,492.33,492.3799,492.125,492.32,39639,0
DIA.US,5,20260108,210000,492.31,492.44,492.22,492.38,24479,0
DIA.US,5,20260108,210500,492.38,492.42,492.19,492.295,45779,0
DIA.US,5,20260108,211000,492.3,492.58,492.3,492.55,29738,0
DIA.US,5,20260108,211500,492.56,492.7,492.51,492.555,23031,0
DIA.US,5,20260108,212000,492.55,492.715,492.44,492.58,27986,0
DIA.US,5,20260108,212500,492.53,492.75,492.52,492.74,30878,0
DIA.US,5,20260108,213000,492.74,492.86,492.7,492.7956,43845,0
DIA.US,5,20260108,213500,492.81,493.2,492.555,492.6,74567,0
DIA.US,5,20260108,214000,492.59,492.7,492.5,492.53,79354,0
DIA.US,5,20260108,214500,492.53,492.63,492.44,492.545,54939,0
DIA.US,5,20260108,215000,492.54,492.89,492.49,492.79,103751,0
DIA.US,5,20260108,215500,492.78,492.795,492.49,492.53,381153,0
DIA.US,5,20260109,153000,492.86,494.53,492.82,494,383052,0
DIA.US,5,20260109,153500,494.05,494.49,493.86,494.24,267905,0
DIA.US,5,20260109,154000,494.24,494.43,492.89,492.9,174320,0
DIA.US,5,20260109,154500,492.96,493.37,492.58,493,363881,0
DIA.US,5,20260109,155000,493.07,493.65,492.29,493.44,243407,0
DIA.US,5,20260109,155500,493.5,493.77,493.11,493.68,119439,0
DIA.US,5,20260109,160000,493.75,494,492.42,492.44,159133,0
DIA.US,5,20260109,160500,492.45,492.57,491.91,492.2638,209664,0
DIA.US,5,20260109,161000,492.28,493.18,492.1,493.17,250402,0
DIA.US,5,20260109,161500,493.1901,493.1901,492.49,493.13,125007,0
DIA.US,5,20260109,162000,493.16,494.2818,493.07,494.2818,111272,0
DIA.US,5,20260109,162500,494.28,494.7,494.2,494.445,92808,0
DIA.US,5,20260109,163000,494.44,494.57,493.97,494.21,77357,0
DIA.US,5,20260109,163500,494.2,494.45,494.01,494.03,39486,0
DIA.US,5,20260109,164000,494.03,494.08,493.3,493.38,58546,0
DIA.US,5,20260109,164500,493.42,493.79,493.11,493.32,77525,0
DIA.US,5,20260109,165000,493.36,493.73,493.24,493.31,24602,0
DIA.US,5,20260109,165500,493.32,493.72,493.2316,493.69,34883,0
DIA.US,5,20260109,170000,493.67,494.03,493.54,493.98,39015,0
DIA.US,5,20260109,170500,494.06,494.1001,493.84,494,26627,0
DIA.US,5,20260109,171000,494.01,494.68,493.92,494.62,74813,0
DIA.US,5,20260109,171500,494.6,494.9,494.59,494.8329,43671,0
DIA.US,5,20260109,172000,494.81,495.04,494.78,494.84,45152,0
DIA.US,5,20260109,172500,494.81,494.84,494.41,494.45,41878,0
DIA.US,5,20260109,173000,494.44,494.53,494.04,494.11,55549,0
DIA.US,5,20260109,173500,494.11,494.8065,494.09,494.68,46188,0
DIA.US,5,20260109,174000,494.71,494.94,494.445,494.93,33679,0
DIA.US,5,20260109,174500,494.91,495.22,494.88,495.17,35724,0
DIA.US,5,20260109,175000,495.19,495.53,495.19,495.45,30016,0
DIA.US,5,20260109,175500,495.46,495.46,495.21,495.2483,13654,0
DIA.US,5,20260109,180000,495.26,495.505,495.17,495.5,36337,0
DIA.US,5,20260109,180500,495.49,495.54,495.27,495.29,52621,0
DIA.US,5,20260109,181000,495.29,495.43,495.15,495.41,25750,0
DIA.US,5,20260109,181500,495.39,495.4058,495.17,495.29,28657,0
DIA.US,5,20260109,182000,495.31,495.59,495.29,495.5,16978,0
DIA.US,5,20260109,182500,495.5,495.63,495.48,495.5125,15423,0
DIA.US,5,20260109,183000,495.49,495.695,495.49,495.535,26679,0
DIA.US,5,20260109,183500,495.54,495.57,495.3782,495.39,22896,0
DIA.US,5,20260109,184000,495.33,495.33,495.07,495.08,19379,0
DIA.US,5,20260109,184500,495.07,495.229,495.05573,495.17,13106,0
DIA.US,5,20260109,185000,495.15,495.24,494.97,494.98,26399,0
DIA.US,5,20260109,185500,494.99,495.05,494.78,494.78,17150,0
DIA.US,5,20260109,190000,494.75,494.77,494.63,494.63,25072,0
DIA.US,5,20260109,190500,494.63,494.98,494.62,494.65,29054,0
DIA.US,5,20260109,191000,494.62,494.795,494.58,494.77,17080,0
DIA.US,5,20260109,191500,494.75,494.9699,494.63,494.63,18315,0
DIA.US,5,20260109,192000,494.64,494.7,494.5749,494.6,22571,0
DIA.US,5,20260109,192500,494.58,494.73,494.42,494.68,13334,0
DIA.US,5,20260109,193000,494.69,495.01,494.69,494.99,13886,0
DIA.US,5,20260109,193500,494.98,495.28,494.98,495.19,62999,0
DIA.US,5,20260109,194000,495.2,495.55,495.14,495.17,66228,0
DIA.US,5,20260109,194500,495.18,495.27,495.06,495.13,16188,0
DIA.US,5,20260109,195000,495.14,495.14,494.9,494.98,14904,0
DIA.US,5,20260109,195500,494.99,494.99,494.82,494.82,27731,0
DIA.US,5,20260109,200000,494.82,494.99,494.76,494.905,15865,0
DIA.US,5,20260109,200500,494.869,494.9,494.74,494.87,19958,0
DIA.US,5,20260109,201000,494.88,494.98,494.74,494.85,29945,0
DIA.US,5,20260109,201500,494.85,495.05,494.85,495.009,24411,0
DIA.US,5,20260109,202000,494.98,495.16,494.945,495.0835,17096,0
DIA.US,5,20260109,202500,495.06,495.18,494.98,495.17,25547,0
DIA.US,5,20260109,203000,495.18,495.3,495.03,495.06,71265,0
DIA.US,5,20260109,203500,495.07,495.19,494.99,495.04,21502,0
DIA.US,5,20260109,204000,495.04,495.09,494.97,494.97,13924,0
DIA.US,5,20260109,204500,494.97,495.21,494.92,495.19,28169,0
DIA.US,5,20260109,205000,495.18,495.31,495.15,495.2,24315,0
DIA.US,5,20260109,205500,495.2,495.23,495.13,495.18,25717,0
DIA.US,5,20260109,210000,495.17,495.27,495.08,495.09,29069,0
DIA.US,5,20260109,210500,495.1,495.13,494.95,494.97,35645,0
DIA.US,5,20260109,211000,495.01,495.01,494.88,494.99,15554,0
DIA.US,5,20260109,211500,494.98,495.06,494.89,495.05,26793,0
DIA.US,5,20260109,212000,495.08,495.34,495.07,495.26,26103,0
DIA.US,5,20260109,212500,495.25,495.365,495.21,495.3599,54145,0
DIA.US,5,20260109,213000,495.36,495.45,495.06,495.45,96180,0
DIA.US,5,20260109,213500,495.46,495.49,495.23,495.23,32573,0
DIA.US,5,20260109,214000,495.24,495.33,495.17,495.205,54069,0
DIA.US,5,20260109,214500,495.2,495.31,495.06,495.1212,52645,0
DIA.US,5,20260109,215000,495.08,495.32,495.02,495.28,70179,0
DIA.US,5,20260109,215500,495.29,495.3,494.96,495.02,253205,0
DIA.US,5,20260112,153000,492.33,492.335,490.26,490.345,425072,0
DIA.US,5,20260112,153500,490.35,491.88,490.05,491.86,303044,0
DIA.US,5,20260112,154000,491.87,493.05,491.87,492.535,299915,0
DIA.US,5,20260112,154500,492.57,493,492.39,492.67,211529,0
DIA.US,5,20260112,155000,492.65,493.215,492.42,493.11,136468,0
DIA.US,5,20260112,155500,493.15,493.51,493.03,493.34,131987,0
DIA.US,5,20260112,160000,493.35,493.44,492.99,493.18,153735,0
DIA.US,5,20260112,160500,493.2,493.25,492.54,492.54,99172,0
DIA.US,5,20260112,161000,492.52,492.65,492,492.2,105648,0
DIA.US,5,20260112,161500,492.22,492.7,492.18,492.66,59812,0
DIA.US,5,20260112,162000,492.7,492.71,492.25,492.47,73281,0
DIA.US,5,20260112,162500,492.45,492.59,492.25,492.47,58628,0
DIA.US,5,20260112,163000,492.5,493.01,492.47,492.96,48550,0
DIA.US,5,20260112,163500,492.95,493.235,492.715,493.17,76047,0
DIA.US,5,20260112,164000,493.17,493.53,493.06,493.53,61109,0
DIA.US,5,20260112,164500,493.54,493.7345,493.4,493.665,82386,0
DIA.US,5,20260112,165000,493.66,494.02,493.6,493.97,71167,0
DIA.US,5,20260112,165500,493.99,494.24,493.98,494.19,67028,0
DIA.US,5,20260112,170000,494.19,494.2,493.79,493.88,68542,0
DIA.US,5,20260112,170500,493.9,494.13,493.8,494.07,45957,0
DIA.US,5,20260112,171000,494.09,494.27,493.95,494.21,61467,0
DIA.US,5,20260112,171500,494.22,494.38,494.14,494.24,30092,0
DIA.US,5,20260112,172000,494.24,494.39,494.05,494.18,22258,0
DIA.US,5,20260112,172500,494.2,494.41,494.13,494.2,44524,0
DIA.US,5,20260112,173000,494.22,494.42,494.14,494.42,39131,0
DIA.US,5,20260112,173500,494.42,494.62,494.415,494.44,42751,0
DIA.US,5,20260112,174000,494.44,494.62,494.37,494.579,22262,0
DIA.US,5,20260112,174500,494.55,494.94,494.54,494.9118,36342,0
DIA.US,5,20260112,175000,494.915,494.94,494.43,494.43,55467,0
DIA.US,5,20260112,175500,494.45,494.59,494.2,494.3,23871,0
DIA.US,5,20260112,180000,494.28,494.56,494.2,494.47,30579,0
DIA.US,5,20260112,180500,494.46,494.52,494.0752,494.0932,29109,0
DIA.US,5,20260112,181000,494.07,494.22,494.06,494.16,43265,0
DIA.US,5,20260112,181500,494.15,494.19,493.91,494.04,24037,0
DIA.US,5,20260112,182000,494.05,494.24,493.9,494.2001,25190,0
DIA.US,5,20260112,182500,494.18,494.26,494.08,494.26,19555,0
DIA.US,5,20260112,183000,494.21,494.25,494,494.1,21405,0
DIA.US,5,20260112,183500,494.09,494.16,494.03,494.065,18967,0
DIA.US,5,20260112,184000,494.07,494.23,493.89,494.23,32659,0
DIA.US,5,20260112,184500,494.24,494.48,494.23,494.42,36153,0
DIA.US,5,20260112,185000,494.44,494.6301,494.39,494.6,32072,0
DIA.US,5,20260112,185500,494.61,494.665,494.52,494.54,22406,0
DIA.US,5,20260112,190000,494.54,494.88,494.44,494.88,22411,0
DIA.US,5,20260112,190500,494.88,495.06,494.79,495.05,44139,0
DIA.US,5,20260112,191000,495.05,495.25,494.96,495.115,26094,0
DIA.US,5,20260112,191500,495.13,495.19,495.04,495.06,18144,0
DIA.US,5,20260112,192000,495.08,495.25,495.08,495.16,24587,0
DIA.US,5,20260112,192500,495.18,495.26,495.14,495.2,23988,0
DIA.US,5,20260112,193000,495.21,495.2216,495.08,495.2,32702,0
DIA.US,5,20260112,193500,495.19,495.34,495.15,495.25,15137,0
DIA.US,5,20260112,194000,495.25,495.265,495.16,495.18,16862,0
DIA.US,5,20260112,194500,495.18,495.43,495.18,495.36,18577,0
DIA.US,5,20260112,195000,495.36,495.41,495.225,495.225,27849,0
DIA.US,5,20260112,195500,495.24,495.4,495.2,495.3501,20941,0
DIA.US,5,20260112,200000,495.35,495.35,495.05,495.14,42454,0
DIA.US,5,20260112,200500,495.14,495.37,495.14,495.35,27433,0
DIA.US,5,20260112,201000,495.33,495.43,495.245,495.2781,20493,0
DIA.US,5,20260112,201500,495.28,495.32,495.155,495.155,29604,0
DIA.US,5,20260112,202000,495.16,495.23,495.055,495.13,26890,0
DIA.US,5,20260112,202500,495.1001,495.15,494.98,495.15,23243,0
DIA.US,5,20260112,203000,495.15,495.69,495.14,495.33,66377,0
DIA.US,5,20260112,203500,495.34,495.34,495.09,495.18,28553,0
DIA.US,5,20260112,204000,495.16,495.41,495.16,495.4,15005,0
DIA.US,5,20260112,204500,495.41,495.46,495.34,495.44,22464,0
DIA.US,5,20260112,205000,495.45,495.66,495.44,495.66,26660,0
DIA.US,5,20260112,205500,495.67,495.83,495.635,495.65,41428,0
DIA.US,5,20260112,210000,495.64,495.805,495.61,495.63,33944,0
DIA.US,5,20260112,210500,495.63,495.87,495.62,495.82,37108,0
DIA.US,5,20260112,211000,495.81,495.825,495.51,495.585,31445,0
DIA.US,5,20260112,211500,495.59,495.66,495.34,495.35,45921,0
DIA.US,5,20260112,212000,495.36,495.38,495.09,495.355,42992,0
DIA.US,5,20260112,212500,495.35,495.51,495.34,495.38,43424,0
DIA.US,5,20260112,213000,495.36,495.685,495.35,495.685,54536,0
DIA.US,5,20260112,213500,495.67,495.78,495.6186,495.74,42534,0
DIA.US,5,20260112,214000,495.76,495.82,495.625,495.8,32782,0
DIA.US,5,20260112,214500,495.79,495.945,495.71,495.8,63637,0
DIA.US,5,20260112,215000,495.8,496.34,495.66,496.19,192552,0
DIA.US,5,20260112,215500,496.17,496.17,495.735,495.9,175732,0
DIA.US,5,20260113,153000,495.55,495.96,494.87,495.28,294337,0
DIA.US,5,20260113,153500,495.27,495.36,494.04,494.13,231972,0
DIA.US,5,20260113,154000,494.1,494.565,493.8,493.91,165890,0
DIA.US,5,20260113,154500,493.905,493.93,492.69,493.07,107571,0
DIA.US,5,20260113,155000,493.04,493.34,492.74,492.9197,97295,0
DIA.US,5,20260113,155500,492.87,493.57,492.87,493.065,92816,0
DIA.US,5,20260113,160000,493.07,493.12,492.63,492.84,101885,0
DIA.US,5,20260113,160500,492.84,493.29,492.56,492.6,86921,0
DIA.US,5,20260113,161000,492.62,492.68,492.24,492.43,87756,0
DIA.US,5,20260113,161500,492.41,492.63,492.15,492.58,73257,0
DIA.US,5,20260113,162000,492.62,492.67,492.09,492.26,52329,0
DIA.US,5,20260113,162500,492.31,492.58,492.13,492.549,33886,0
DIA.US,5,20260113,163000,492.5,493.173,492.45,493.15,88628,0
DIA.US,5,20260113,163500,493.13,493.77,493.13,493.67,115258,0
DIA.US,5,20260113,164000,493.67,494.09,493.41,493.52,90472,0
DIA.US,5,20260113,164500,493.51,493.51,492.85,492.85,39657,0
DIA.US,5,20260113,165000,492.86,493.25,492.72,492.8573,25789,0
DIA.US,5,20260113,165500,492.83,493.31,492.81,492.95,34423,0
DIA.US,5,20260113,170000,492.94,493.21,492.61,493.01,64466,0
DIA.US,5,20260113,170500,493.03,493.3,492.73,492.97,59506,0
DIA.US,5,20260113,171000,492.98,493.05,492.78,492.9,31839,0
DIA.US,5,20260113,171500,492.93,493.43,492.93,493.11,42043,0
DIA.US,5,20260113,172000,493.1,493.405,492.95,492.97,50957,0
DIA.US,5,20260113,172500,492.91,492.94,492.03,492.875,83800,0
DIA.US,5,20260113,173000,492.83,492.98,492.7,492.92,26007,0
DIA.US,5,20260113,173500,492.88,493.04,492.47,492.82,19136,0
DIA.US,5,20260113,174000,492.81,493.27,492.71,493.13,29604,0
DIA.US,5,20260113,174500,493.12,493.12,492.7,492.96,30594,0
DIA.US,5,20260113,175000,492.96,493.2,492.95,493.03,32753,0
DIA.US,5,20260113,175500,493.045,493.08,492.84,492.93,20123,0
DIA.US,5,20260113,180000,493.01,493.24,492.83,493.07,32619,0
DIA.US,5,20260113,180500,493.05,493.14,492.71,492.72,14154,0
DIA.US,5,20260113,181000,492.71,493.22,492.68,493.22,26982,0
DIA.US,5,20260113,181500,493.25,493.29,492.65,492.9,39164,0
DIA.US,5,20260113,182000,492.86,493.29,492.83,493.26,30477,0
DIA.US,5,20260113,182500,493.24,493.24,492.86,492.98,17310,0
DIA.US,5,20260113,183000,492.97,493.0815,492.3,492.99,92619,0
DIA.US,5,20260113,183500,492.97,493,492.83,492.9,17194,0
DIA.US,5,20260113,184000,492.9,492.96,492.78,492.9,20586,0
DIA.US,5,20260113,184500,492.88,492.92,492.64,492.8326,31572,0
DIA.US,5,20260113,185000,492.84,492.98,492.66,492.79,26096,0
DIA.US,5,20260113,185500,492.79,492.8,492.31,492.45,31539,0
DIA.US,5,20260113,190000,492.44,492.44,492.07,492.17,60794,0
DIA.US,5,20260113,190500,492.16,492.48,491.96,491.9715,46436,0
DIA.US,5,20260113,191000,491.96,492.32,491.86,492.32,27074,0
DIA.US,5,20260113,191500,492.29,492.38,492.11,492.17,10664,0
DIA.US,5,20260113,192000,492.18,492.47,492.09,492.3,30668,0
DIA.US,5,20260113,192500,492.32,492.4201,492.09,492.36,19176,0
DIA.US,5,20260113,193000,492.36,492.675,492.2,492.54,17514,0
DIA.US,5,20260113,193500,492.54,492.91,492.525,492.9,32684,0
DIA.US,5,20260113,194000,492.89,493.06,492.755,492.805,21853,0
DIA.US,5,20260113,194500,492.82,492.935,492.625,492.68,22810,0
DIA.US,5,20260113,195000,492.64,492.75,492.35,492.75,38745,0
DIA.US,5,20260113,195500,492.75,492.8,492.43,492.5,23959,0
DIA.US,5,20260113,200000,492.52,492.68,492.12,492.17,31346,0
DIA.US,5,20260113,200500,492.17,492.41,492.01,492.02,24134,0
DIA.US,5,20260113,201000,492,492.11,491.83,492.02,27255,0
DIA.US,5,20260113,201500,492.03,492.49,491.96,492.27,79414,0
DIA.US,5,20260113,202000,492.25,492.45,492.13,492.23,30577,0
DIA.US,5,20260113,202500,492.2,492.38,492.11,492.35,23958,0
DIA.US,5,20260113,203000,492.38,492.55,492.28,492.29,26557,0
DIA.US,5,20260113,203500,492.28,492.35,491.99,492.02,15447,0
DIA.US,5,20260113,204000,492.05,492.24,491.9,491.97,18415,0
DIA.US,5,20260113,204500,491.99,492.02,491.74,491.88,29031,0
DIA.US,5,20260113,205000,491.88,491.98,491.8,491.91,33785,0
DIA.US,5,20260113,205500,492.03,492.11,491.96,491.99,14460,0
DIA.US,5,20260113,210000,492.01,492.01,491.765,491.84,24206,0
DIA.US,5,20260113,210500,491.8,491.87,491.655,491.725,32036,0
DIA.US,5,20260113,211000,491.69,491.75,491.58,491.65,28172,0
DIA.US,5,20260113,211500,491.651,491.7,491.5,491.66,30737,0
DIA.US,5,20260113,212000,491.65,491.67,491.4048,491.525,24451,0
DIA.US,5,20260113,212500,491.51,491.52,491.11,491.185,35678,0
DIA.US,5,20260113,213000,491.2,491.255,490.65,490.71,71297,0
DIA.US,5,20260113,213500,490.73,490.945,490.63,490.91,69818,0
DIA.US,5,20260113,214000,490.92,491.22,490.92,491.14,72934,0
DIA.US,5,20260113,214500,491.08,491.21,490.94,491.05,66978,0
DIA.US,5,20260113,215000,491.05,491.78,490.93,491.69,150966,0
DIA.US,5,20260113,215500,491.69,492.03,491.6,491.94,441376,0
DIA.US,5,20260114,153000,490.66,491.8,490.56,491.11,436572,0
DIA.US,5,20260114,153500,491.12,491.94,490.74,491.28,250937,0
DIA.US,5,20260114,154000,491.28,491.7,490.51,490.51,203716,0
DIA.US,5,20260114,154500,490.5,491.04,490,491.04,89728,0
DIA.US,5,20260114,155000,491.015,491.06,490.45,490.87,87468,0
DIA.US,5,20260114,155500,490.68,490.94,490.1,490.14,109220,0
DIA.US,5,20260114,160000,490.17,490.17,489.49,489.915,149721,0
DIA.US,5,20260114,160500,489.91,490.405,489.75,490.39,96325,0
DIA.US,5,20260114,161000,490.375,491.43,490.09,491.395,114618,0
DIA.US,5,20260114,161500,491.371,491.555,490.66,491.01,89890,0
DIA.US,5,20260114,162000,491.06,491.12,490.58,490.81,65238,0
DIA.US,5,20260114,162500,490.78,490.95,489.94,489.96,107904,0
DIA.US,5,20260114,163000,489.93,489.9401,489.14,489.19,80938,0
DIA.US,5,20260114,163500,489.14,489.79,488.86,489.79,101420,0
DIA.US,5,20260114,164000,489.76,490.04,489.44,489.51,72295,0
DIA.US,5,20260114,164500,489.51,489.65,489,489.05,67777,0
DIA.US,5,20260114,165000,489.01,489.29,488.87,489.28,57416,0
DIA.US,5,20260114,165500,489.32,489.71,489.32,489.51,42551,0
DIA.US,5,20260114,170000,489.58,489.6,489.0686,489.26,39496,0
DIA.US,5,20260114,170500,489.26,489.34,489,489.14,23726,0
DIA.US,5,20260114,171000,489.14,489.59,488.99,489.52,25095,0
DIA.US,5,20260114,171500,489.51,489.85,489.51,489.84,37638,0
DIA.US,5,20260114,172000,489.89,490.84,489.84,490.78,60309,0
DIA.US,5,20260114,172500,490.76,491.1,490.69,491.061,34102,0
DIA.US,5,20260114,173000,491.05,491.405,490.7,490.78,54916,0
DIA.US,5,20260114,173500,490.735,490.735,490.08,490.34,27150,0
DIA.US,5,20260114,174000,490.31,490.32,489.56,489.57,24837,0
DIA.US,5,20260114,174500,489.54,489.57,489.01,489.22,49524,0
DIA.US,5,20260114,175000,489.23,489.2396,488.65,488.95,59767,0
DIA.US,5,20260114,175500,488.92,488.96,488.5517,488.9361,111843,0
DIA.US,5,20260114,180000,488.94,489.4201,488.85,489.1,48023,0
DIA.US,5,20260114,180500,489.11,489.47,489.04,489.45,43613,0
DIA.US,5,20260114,181000,489.46,489.61,489.21,489.44,32627,0
DIA.US,5,20260114,181500,489.41,489.41,489.04,489.195,30605,0
DIA.US,5,20260114,182000,489.2037,489.3,488.95,489.3,39895,0
DIA.US,5,20260114,182500,489.34,489.64,489.25,489.39,30676,0
DIA.US,5,20260114,183000,489.36,489.36,488.8,489.04,40493,0
DIA.US,5,20260114,183500,489.04,489.41,489.02,489.32,26411,0
DIA.US,5,20260114,184000,489.34,489.63,489.32,489.5607,92741,0
DIA.US,5,20260114,184500,489.56,489.78,489.495,489.64,49840,0
DIA.US,5,20260114,185000,489.63,489.63,489.05,489.28,39840,0
DIA.US,5,20260114,185500,489.3,489.42,489.1,489.32,27087,0
DIA.US,5,20260114,190000,489.28,489.64,489.12,489.55,34204,0
DIA.US,5,20260114,190500,489.57,489.7,489.5,489.65,26574,0
DIA.US,5,20260114,191000,489.63,489.78,489.4027,489.72,17700,0
DIA.US,5,20260114,191500,489.7,489.7,489.35,489.55,32502,0
DIA.US,5,20260114,192000,489.57,489.79,489.54,489.69,32982,0
DIA.US,5,20260114,192500,489.7,489.975,489.58,489.94,30327,0
DIA.US,5,20260114,193000,489.94,490.15,489.42,489.5,41214,0
DIA.US,5,20260114,193500,489.56,489.56,489.24,489.25,41235,0
DIA.US,5,20260114,194000,489.31,489.49,489.215,489.39,27001,0
DIA.US,5,20260114,194500,489.43,489.955,489.4,489.79,49408,0
DIA.US,5,20260114,195000,489.76,490.4,489.76,490.23,38127,0
DIA.US,5,20260114,195500,490.19,490.32,489.99,490.29,28534,0
DIA.US,5,20260114,200000,490.3,490.5,490.2,490.34,32164,0
DIA.US,5,20260114,200500,490.31,490.39,490.14,490.28,33029,0
DIA.US,5,20260114,201000,490.25,490.37,490.06,490.37,29942,0
DIA.US,5,20260114,201500,490.35,490.46,490.12,490.39,32161,0
DIA.US,5,20260114,202000,490.39,490.42,490.18,490.27,29083,0
DIA.US,5,20260114,202500,490.21,490.42,490.1,490.2768,16454,0
DIA.US,5,20260114,203000,490.29,490.44,490.02,490.07,44560,0
DIA.US,5,20260114,203500,490.11,490.15,489.76,490.14,27854,0
DIA.US,5,20260114,204000,490.14,490.265,490.11,490.24,20737,0
DIA.US,5,20260114,204500,490.2,490.47,490.15,490.32,18430,0
DIA.US,5,20260114,205000,490.35,490.535,490.27,490.33,31969,0
DIA.US,5,20260114,205500,490.32,490.45,490.155,490.37,102422,0
DIA.US,5,20260114,210000,490.36,490.75,489.93,490.45,204945,0
DIA.US,5,20260114,210500,490.45,491.17,490.43,490.9,121241,0
DIA.US,5,20260114,211000,490.885,491.03,490.64,490.675,75709,0
DIA.US,5,20260114,211500,490.67,490.77,490.35,490.75,58812,0
DIA.US,5,20260114,212000,490.765,491.04,490.62,491.04,67912,0
DIA.US,5,20260114,212500,491.01,491.15,490.84,491.14,33274,0
DIA.US,5,20260114,213000,491.12,491.54,491.09,491.37,86994,0
DIA.US,5,20260114,213500,491.36,491.71,491.25,491.48,114593,0
DIA.US,5,20260114,214000,491.485,491.58,490.79,490.82,75243,0
DIA.US,5,20260114,214500,490.79,490.83,490.36,490.39,96182,0
DIA.US,5,20260114,215000,490.4,491.25,490.39,491.21,261803,0
DIA.US,5,20260114,215500,491.22,491.64,491.15,491.58,306426,0
DIA.US,5,20260115,153000,492.37,493.69,492.21,493.03,576967,0
DIA.US,5,20260115,153500,493.03,493.9,493.03,493.59,343076,0
DIA.US,5,20260115,154000,493.57,493.88,492.26,492.64,262249,0
DIA.US,5,20260115,154500,492.625,493.38,492.28,493.32,183881,0
DIA.US,5,20260115,155000,493.3,493.35,492.54,492.64,170377,0
DIA.US,5,20260115,155500,492.69,493.43,492.58,493.31,134384,0
DIA.US,5,20260115,160000,493.29,493.79,493.26,493.52,209196,0
DIA.US,5,20260115,160500,493.5,494.08,493.33,494.06,159358,0
DIA.US,5,20260115,161000,494.13,494.18,493.7352,493.99,113813,0
DIA.US,5,20260115,161500,493.99,494.75,493.7,494.61,126502,0
DIA.US,5,20260115,162000,494.62,494.885,494.3675,494.635,109295,0
DIA.US,5,20260115,162500,494.65,494.72,494.32,494.61,145991,0
DIA.US,5,20260115,163000,494.62,494.75,494.48,494.64,123656,0
DIA.US,5,20260115,163500,494.65,494.69,494.18,494.38,138038,0
DIA.US,5,20260115,164000,494.41,494.74,494.24,494.27,122879,0
DIA.US,5,20260115,164500,494.24,494.34,493.72,493.93,118049,0
DIA.US,5,20260115,165000,493.92,494.2,493.85,494.05,104886,0
DIA.US,5,20260115,165500,494.06,494.86,493.82,494.77,210868,0
DIA.US,5,20260115,170000,494.75,495.32,494.69,495.32,86484,0
DIA.US,5,20260115,170500,495.34,495.37,495.078,495.32,69016,0
DIA.US,5,20260115,171000,495.32,495.48,495.15,495.32,49073,0
DIA.US,5,20260115,171500,495.32,495.37,495.115,495.17,74387,0
DIA.US,5,20260115,172000,495.2,495.47,495.01,495.3653,73854,0
DIA.US,5,20260115,172500,495.37,495.605,495.18,495.4701,85992,0
DIA.US,5,20260115,173000,495.45,495.669,495.36,495.43,43850,0
DIA.US,5,20260115,173500,495.41,495.66,495.36,495.5299,48168,0
DIA.US,5,20260115,174000,495.54,495.63,495.4,495.54,26395,0
DIA.US,5,20260115,174500,495.52,495.59,495.33,495.47,51427,0
DIA.US,5,20260115,175000,495.45,495.53,495.25,495.53,46353,0
DIA.US,5,20260115,175500,495.53,495.55,495.25,495.26,53436,0
DIA.US,5,20260115,180000,495.24,495.67,495.16,495.57,53247,0
DIA.US,5,20260115,180500,495.63,495.65,495.3,495.39,65882,0
DIA.US,5,20260115,181000,495.4009,495.65,495.34,495.49,49978,0
DIA.US,5,20260115,181500,495.47,495.47,495.13,495.445,20132,0
DIA.US,5,20260115,182000,495.43,495.48,495.17,495.22,26567,0
DIA.US,5,20260115,182500,495.22,495.26,494.9809,495.015,26048,0
DIA.US,5,20260115,183000,495.03,495.14,494.88,495.13,59420,0
DIA.US,5,20260115,183500,495.14,495.3,495.05,495.125,35231,0
DIA.US,5,20260115,184000,495.13,495.42,495.11,495.37,39745,0
DIA.US,5,20260115,184500,495.38,495.64,495.3519,495.42,37348,0
DIA.US,5,20260115,185000,495.47,495.66,495.26,495.28,34255,0
DIA.US,5,20260115,185500,495.28,495.29,494.83,494.84,36029,0
DIA.US,5,20260115,190000,494.81,495.42,494.79,495.42,21415,0
DIA.US,5,20260115,190500,495.46,495.5133,495.325,495.33,28456,0
DIA.US,5,20260115,191000,495.33,495.47,495.24,495.2883,21063,0
DIA.US,5,20260115,191500,495.28,495.33,495.2,495.25,17049,0
DIA.US,5,20260115,192000,495.24,495.45,495.205,495.31,22500,0
DIA.US,5,20260115,192500,495.33,495.47,495.24,495.47,42693,0
DIA.US,5,20260115,193000,495.46,495.73,495.46,495.62,50680,0
DIA.US,5,20260115,193500,495.67,495.83,495.58,495.615,28520,0
DIA.US,5,20260115,194000,495.65,495.66,495.54,495.6,34270,0
DIA.US,5,20260115,194500,495.62,495.66,495.44,495.61,42477,0
DIA.US,5,20260115,195000,495.58,495.62,495.4,495.45,38968,0
DIA.US,5,20260115,195500,495.42,495.54,495.38,495.52,26105,0
DIA.US,5,20260115,200000,495.5,495.59,495.37,495.37,31336,0
DIA.US,5,20260115,200500,495.36,495.66,495.16,495.635,32436,0
DIA.US,5,20260115,201000,495.6401,495.76,495.49,495.64,25079,0
DIA.US,5,20260115,201500,495.63,495.82,495.49,495.69,26963,0
DIA.US,5,20260115,202000,495.68,495.81,495.55,495.62,18336,0
DIA.US,5,20260115,202500,495.62,495.635,495.18,495.27,49668,0
DIA.US,5,20260115,203000,495.26,495.26,494.63,495.09,93761,0
DIA.US,5,20260115,203500,495.08,495.205,494.95,495.11,23160,0
DIA.US,5,20260115,204000,495.11,495.25,494.8602,495,40054,0
DIA.US,5,20260115,204500,494.95,495.15,494.84,495.14,23625,0
DIA.US,5,20260115,205000,495.2,495.35,495.08,495.17,35229,0
DIA.US,5,20260115,205500,495.14,495.16,494.71,494.78,71587,0
DIA.US,5,20260115,210000,494.78,494.93,494.58,494.82,54687,0
DIA.US,5,20260115,210500,494.82,494.95,494.71,494.74,18433,0
DIA.US,5,20260115,211000,494.73,494.84,494.58,494.63,54607,0
DIA.US,5,20260115,211500,494.62,494.659,494.21,494.23,66547,0
DIA.US,5,20260115,212000,494.21,494.4,493.96,494.1025,121592,0
DIA.US,5,20260115,212500,494.1,494.16,493.955,494.11,44966,0
DIA.US,5,20260115,213000,494.1,494.41,493.935,494.395,95450,0
DIA.US,5,20260115,213500,494.36,494.63,494.12,494.31,47877,0
DIA.US,5,20260115,214000,494.29,494.45,494,494.04,44288,0
DIA.US,5,20260115,214500,494.025,494.19,493.93,494,52273,0
DIA.US,5,20260115,215000,494,494.45,493.88,494.34,153858,0
DIA.US,5,20260115,215500,494.33,494.53,494.05,494.53,311332,0
DIA.US,5,20260116,153000,494.5,496,494.45,495.02,424389,0
DIA.US,5,20260116,153500,494.995,495.01,494.2,494.4,179825,0
DIA.US,5,20260116,154000,494.41,494.48,493.81,493.88,200346,0
DIA.US,5,20260116,154500,493.9,494.63,493.87,493.95,187917,0
DIA.US,5,20260116,155000,493.95,494.085,493.26,493.43,131144,0
DIA.US,5,20260116,155500,493.43,493.68,493.16,493.19,105319,0
DIA.US,5,20260116,160000,493.19,493.3318,492.88,493.11,104417,0
DIA.US,5,20260116,160500,493.15,494.015,493.15,493.9701,69248,0
DIA.US,5,20260116,161000,494,494.06,493.42,493.67,62023,0
DIA.US,5,20260116,161500,493.62,493.8534,493.45,493.52,53421,0
DIA.US,5,20260116,162000,493.52,494.04,493.51,493.95,57836,0
DIA.US,5,20260116,162500,493.95,493.95,493.5,493.59,79177,0
DIA.US,5,20260116,163000,493.6,493.73,492.62,492.65,83698,0
DIA.US,5,20260116,163500,492.655,492.855,492.49,492.52,91402,0
DIA.US,5,20260116,164000,492.53,492.8,492.27,492.78,85982,0
DIA.US,5,20260116,164500,492.81,493.34,492.67,493.33,60926,0
DIA.US,5,20260116,165000,493.34,493.6,492.99,493.11,67084,0
DIA.US,5,20260116,165500,493.135,493.46,493.12,493.44,38590,0
DIA.US,5,20260116,170000,493.43,493.75,493.38,493.49,40392,0
DIA.US,5,20260116,170500,493.54,494.23,493.54,494.21,58250,0
DIA.US,5,20260116,171000,494.27,494.34,493.8,493.94,40353,0
DIA.US,5,20260116,171500,493.96,494.13,493.79,493.88,50713,0
DIA.US,5,20260116,172000,493.87,494.24,493.87,494.01,26892,0
DIA.US,5,20260116,172500,493.96,494.19,493.85,494.15,29860,0
DIA.US,5,20260116,173000,494.15,494.43,494.1193,494.28,25118,0
DIA.US,5,20260116,173500,494.25,494.48,494.19,494.32,24754,0
DIA.US,5,20260116,174000,494.3,494.48,494.08,494.44,22851,0
DIA.US,5,20260116,174500,494.46,494.66,494.21,494.32,40702,0
DIA.US,5,20260116,175000,494.3,494.5,494.09,494.11,46686,0
DIA.US,5,20260116,175500,494.06,494.1473,493.62,493.88,35320,0
DIA.US,5,20260116,180000,493.87,494.04,493.84,494.03,35440,0
DIA.US,5,20260116,180500,494.07,494.24,493.9,493.92,32826,0
DIA.US,5,20260116,181000,493.91,494.0999,493.85,493.99,31023,0
DIA.US,5,20260116,181500,493.97,494.06,493.75,493.94,22726,0
DIA.US,5,20260116,182000,493.9,494.13,493.86,493.94,21604,0
DIA.US,5,20260116,182500,493.87,493.94,493.75,493.86,12039,0
DIA.US,5,20260116,183000,493.85,493.995,493.74,493.99,58636,0
DIA.US,5,20260116,183500,493.98,494.16,493.9,494.11,30161,0
DIA.US,5,20260116,184000,494.0925,494.22,494.01,494.19,26723,0
DIA.US,5,20260116,184500,494.16,494.16,493.7701,493.86,22604,0
DIA.US,5,20260116,185000,493.8409,494.15,493.74,494.09,23645,0
DIA.US,5,20260116,185500,494.09,494.21,493.96,493.97,30575,0
DIA.US,5,20260116,190000,493.95,494.31,493.88,494.28,30488,0
DIA.US,5,20260116,190500,494.29,494.43,494.24,494.43,28466,0
DIA.US,5,20260116,191000,494.41,494.46,494.24,494.395,28273,0
DIA.US,5,20260116,191500,494.39,494.7,494.39,494.66,26076,0
DIA.US,5,20260116,192000,494.69,494.81,494.64,494.71,25181,0
DIA.US,5,20260116,192500,494.715,494.81,494.55,494.61,23537,0
DIA.US,5,20260116,193000,494.6,494.74,494.565,494.69,37732,0
DIA.US,5,20260116,193500,494.66,494.72,494.57,494.57,34234,0
DIA.US,5,20260116,194000,494.57,494.58,494.34,494.4,29339,0
DIA.US,5,20260116,194500,494.4,494.48,494.325,494.4,20371,0
DIA.US,5,20260116,195000,494.4,494.55,494.23,494.48,33634,0
DIA.US,5,20260116,195500,494.47,494.5,494.32,494.365,11814,0
DIA.US,5,20260116,200000,494.34,494.95,494.305,494.895,58052,0
DIA.US,5,20260116,200500,494.92,495.1,494.67,494.69,56177,0
DIA.US,5,20260116,201000,494.69,494.69,494.31,494.37,44842,0
DIA.US,5,20260116,201500,494.36,494.43,493.97,493.97,41610,0
DIA.US,5,20260116,202000,493.95,494.2,493.92,494.14,28601,0
DIA.US,5,20260116,202500,494.08,494.11,493.82,493.89,42110,0
DIA.US,5,20260116,203000,493.88,494.325,493.86,494.27,35568,0
DIA.US,5,20260116,203500,494.265,494.58,494.21,494.39,39970,0
DIA.US,5,20260116,204000,494.41,494.5601,494.27,494.33,41183,0
DIA.US,5,20260116,204500,494.34,494.415,494.25,494.31,26669,0
DIA.US,5,20260116,205000,494.32,494.42,494.18,494.37,24819,0
DIA.US,5,20260116,205500,494.37,494.38,494,494.03,63968,0
DIA.US,5,20260116,210000,494.03,494.1,493.88,494.04,21270,0
DIA.US,5,20260116,210500,494.0433,494.13,493.89,494.02,15204,0
DIA.US,5,20260116,211000,494.025,494.04,493.885,494.005,20604,0
DIA.US,5,20260116,211500,493.99,494,493.67,493.84,24978,0
DIA.US,5,20260116,212000,493.81,493.9,493.75,493.75,14498,0
DIA.US,5,20260116,212500,493.76,493.76,493.5,493.5,30542,0
DIA.US,5,20260116,213000,493.48,493.59,493.21,493.49,34945,0
DIA.US,5,20260116,213500,493.465,493.59,493.335,493.47,51064,0
DIA.US,5,20260116,214000,493.45,493.49,493.3,493.37,20747,0
DIA.US,5,20260116,214500,493.36,493.42,493.11,493.37,57519,0
DIA.US,5,20260116,215000,493.41,493.97,493.33,493.65,139752,0
DIA.US,5,20260116,215500,493.64,493.77,493.37,493.42,197616,0
DIA.US,5,20260120,153000,486.17,487.6716,485.955,486.58,392868,0
DIA.US,5,20260120,153500,486.63,487.52,486.14,487.35,331428,0
DIA.US,5,20260120,154000,487.32,487.84,486.67,487.8,310064,0
DIA.US,5,20260120,154500,487.81,487.82,486.63,487.36,258877,0
DIA.US,5,20260120,155000,487.28,487.85,486.52,486.75,116915,0
DIA.US,5,20260120,155500,486.75,487.13,486.56,486.79,144643,0
DIA.US,5,20260120,160000,486.74,486.81,486.02,486.81,122864,0
DIA.US,5,20260120,160500,486.75,486.98,486.09,486.21,129799,0
DIA.US,5,20260120,161000,486.21,486.66,485.725,486.63,85415,0
DIA.US,5,20260120,161500,486.6,486.99,486.4,486.52,83107,0
DIA.US,5,20260120,162000,486.52,488.4,486.42,488.2,69800,0
DIA.US,5,20260120,162500,488.25,488.77,488.25,488.5,85300,0
DIA.US,5,20260120,163000,488.48,489.01,488.42,488.98,85622,0
DIA.US,5,20260120,163500,488.935,489.06,488.48,488.72,54731,0
DIA.US,5,20260120,164000,488.75,489,488.56,488.86,42080,0
DIA.US,5,20260120,164500,488.88,489,488.56,488.71,48517,0
DIA.US,5,20260120,165000,488.65,488.67,488.19,488.29,52910,0
DIA.US,5,20260120,165500,488.25,488.65,488.055,488.63,59885,0
DIA.US,5,20260120,170000,488.62,488.66,487.78,487.87,75029,0
DIA.US,5,20260120,170500,487.74,488.09,487.35,488.04,58649,0
DIA.US,5,20260120,171000,488.05,488.69,488.035,488.12,79680,0
DIA.US,5,20260120,171500,488.11,488.23,487.62,487.69,64115,0
DIA.US,5,20260120,172000,487.68,487.8971,487.3,487.34,47734,0
DIA.US,5,20260120,172500,487.31,487.95,487.07,487.93,65688,0
DIA.US,5,20260120,173000,487.89,488.06,487.69,488.04,38041,0
DIA.US,5,20260120,173500,488.04,488.32,487.87,488.32,28330,0
DIA.US,5,20260120,174000,488.39,488.4,487.53,487.69,51921,0
DIA.US,5,20260120,174500,487.69,488.04,487.44,488.04,47944,0
DIA.US,5,20260120,175000,488.14,488.34,487.42,487.56,41774,0
DIA.US,5,20260120,175500,487.58,488.46,487.54,488.32,41491,0
DIA.US,5,20260120,180000,488.23,488.69,488.22,488.27,32697,0
DIA.US,5,20260120,180500,488.23,488.53,488.0646,488.12,44097,0
DIA.US,5,20260120,181000,488.06,488.31,487.79,488.18,30984,0
DIA.US,5,20260120,181500,488.22,488.34,487.97,488.045,56221,0
DIA.US,5,20260120,182000,488.03,488.11,487.52,487.53,46593,0
DIA.US,5,20260120,182500,487.54,487.84,487.42,487.58,47560,0
DIA.US,5,20260120,183000,487.61,487.61,486.98,487.01,48214,0
DIA.US,5,20260120,183500,487.01,487.48,486.85,487.27,45168,0
DIA.US,5,20260120,184000,487.28,487.63,487.04,487.06,55019,0
DIA.US,5,20260120,184500,487.01,487.01,486.64,486.72,32750,0
DIA.US,5,20260120,185000,486.69,487.04,486.56,486.91,35973,0
DIA.US,5,20260120,185500,486.84,486.91,486.63,486.8,37282,0
DIA.US,5,20260120,190000,486.71,487.01,486.65,486.75,23423,0
DIA.US,5,20260120,190500,486.77,487.04,486.77,486.82,34695,0
DIA.US,5,20260120,191000,486.84,487.27,486.81,487.17,35780,0
DIA.US,5,20260120,191500,487.11,487.23,486.97,487.07,17412,0
DIA.US,5,20260120,192000,487.06,487.06,486.755,486.76,20555,0
DIA.US,5,20260120,192500,486.73,486.95,486.7,486.77,38309,0
DIA.US,5,20260120,193000,486.69,486.84,486.48,486.48,41930,0
DIA.US,5,20260120,193500,486.48,486.66,486.14,486.19,29780,0
DIA.US,5,20260120,194000,486.17,486.17,485.58,485.67,57069,0
DIA.US,5,20260120,194500,485.6,485.73,485.29,485.3,39756,0
DIA.US,5,20260120,195000,485.22,485.23,484.73,484.7899,67406,0
DIA.US,5,20260120,195500,484.8,485.53,484.77,485.2,71520,0
DIA.US,5,20260120,200000,485.13,485.48,485.11,485.12,48203,0
DIA.US,5,20260120,200500,485.11,485.36,485.03,485.23,68741,0
DIA.US,5,20260120,201000,485.24,485.38,484.98,485.17,34370,0
DIA.US,5,20260120,201500,485.11,485.18,484.86,485.05,35952,0
DIA.US,5,20260120,202000,485.05,485.19,484.83,485.08,47539,0
DIA.US,5,20260120,202500,485.06,485.0899,484.73,485.0899,43694,0
DIA.US,5,20260120,203000,485.04,485.07,484.43,484.61,65928,0
DIA.US,5,20260120,203500,484.61,484.95,484.41,484.84,31855,0
DIA.US,5,20260120,204000,484.83,485.17,484.68,484.75,46956,0
DIA.US,5,20260120,204500,484.75,484.84,484.54,484.62,32405,0
DIA.US,5,20260120,205000,484.59,484.855,484.5,484.83,57852,0
DIA.US,5,20260120,205500,484.82,484.91,484.4,484.69,70417,0
DIA.US,5,20260120,210000,484.67,484.68,484.32,484.55,32386,0
DIA.US,5,20260120,210500,484.53,484.74,484.48,484.5701,45560,0
DIA.US,5,20260120,211000,484.6,484.78,484.33,484.37,65795,0
DIA.US,5,20260120,211500,484.39,485.19,484.32,484.8,108635,0
DIA.US,5,20260120,212000,484.74,484.88,484.56,484.85,60582,0
DIA.US,5,20260120,212500,484.87,485.34,484.8301,485.09,103005,0
DIA.US,5,20260120,213000,485.12,485.27,484.9,485.13,69588,0
DIA.US,5,20260120,213500,485.07,485.18,484.79,484.83,61054,0
DIA.US,5,20260120,214000,484.84,484.98,484.59,484.8075,65809,0
DIA.US,5,20260120,214500,484.79,484.9772,484.75,484.84,78214,0
DIA.US,5,20260120,215000,484.84,485.06,484.49,484.685,155715,0
DIA.US,5,20260120,215500,484.68,485.09,484.25,484.95,311931,0
DIA.US,5,20260121,153000,485.67,486.95,485.56,486.66,282180,0
DIA.US,5,20260121,153500,486.68,487.24,486.35,486.96,185929,0
DIA.US,5,20260121,154000,486.97,487.28,486.59,486.91,168151,0
DIA.US,5,20260121,154500,486.94,487.87,486.89,487.79,111486,0
DIA.US,5,20260121,155000,487.76,487.76,487.17,487.34,97849,0
DIA.US,5,20260121,155500,487.32,488.05,487.27,488,116651,0
DIA.US,5,20260121,160000,487.94,488.315,487.905,488.16,86469,0
DIA.US,5,20260121,160500,488.2,488.72,488.07,488.23,119092,0
DIA.US,5,20260121,161000,488.24,488.43,487.88,488.32,93945,0
DIA.US,5,20260121,161500,488.345,489.27,488.34,488.77,125322,0
DIA.US,5,20260121,162000,488.76,489,488.35,488.705,75338,0
DIA.US,5,20260121,162500,488.72,489.01,488.34,488.92,74861,0
DIA.US,5,20260121,163000,488.92,489.66,488.87,489.5701,65462,0
DIA.US,5,20260121,163500,489.55,489.99,489.4,489.43,56143,0
DIA.US,5,20260121,164000,489.43,489.89,489.42,489.71,86859,0
DIA.US,5,20260121,164500,489.68,490.12,489.67,489.81,43542,0
DIA.US,5,20260121,165000,489.87,490.15,489.76,489.875,49213,0
DIA.US,5,20260121,165500,489.9,489.92,489.54,489.61,32546,0
DIA.US,5,20260121,170000,489.59,489.6325,489.42,489.46,30694,0
DIA.US,5,20260121,170500,489.46,489.54,488.98,489.11,34754,0
DIA.US,5,20260121,171000,489.08,489.41,489,489.05,36784,0
DIA.US,5,20260121,171500,489.06,489.47,488.9401,489.13,43409,0
DIA.US,5,20260121,172000,489.16,489.33,488.95,489.21,30219,0
DIA.US,5,20260121,172500,489.21,489.51,488.95,489.51,25816,0
DIA.US,5,20260121,173000,489.49,489.49,489.0136,489.2,69095,0
DIA.US,5,20260121,173500,489.22,489.24,488.07,488.2,63949,0
DIA.US,5,20260121,174000,488.11,488.58,487.93,488.12,89474,0
DIA.US,5,20260121,174500,488.14,488.76,487.99,488.49,47748,0
DIA.US,5,20260121,175000,488.54,488.62,488.05,488.17,44222,0
DIA.US,5,20260121,175500,488.09,488.21,487.5956,487.64,56327,0
DIA.US,5,20260121,180000,487.61,487.9663,487.29,487.3,53094,0
DIA.US,5,20260121,180500,487.3,487.39,486.78,486.98,53992,0
DIA.US,5,20260121,181000,486.94,487.21,485.9801,486.08,63224,0
DIA.US,5,20260121,181500,486.09,487,485.89,486.82,70554,0
DIA.US,5,20260121,182000,486.78,487.6299,486.65,487.38,45293,0
DIA.US,5,20260121,182500,487.365,487.525,486.93,487.32,37790,0
DIA.US,5,20260121,183000,487.3,487.3,486.61,486.94,42905,0
DIA.US,5,20260121,183500,486.91,487.24,486.61,487.11,25558,0
DIA.US,5,20260121,184000,487.12,487.32,486.81,486.81,25124,0
DIA.US,5,20260121,184500,486.77,487.06,486.66,486.93,27978,0
DIA.US,5,20260121,185000,486.93,487.68,486.75,487.68,32981,0
DIA.US,5,20260121,185500,487.66,487.75,487.32,487.5,26946,0
DIA.US,5,20260121,190000,487.47,487.58,486.22,486.4,30675,0
DIA.US,5,20260121,190500,486.38,487,486.38,486.97,41363,0
DIA.US,5,20260121,191000,486.9,487.81,486.9,487.38,57067,0
DIA.US,5,20260121,191500,487.44,487.54,487.245,487.33,39868,0
DIA.US,5,20260121,192000,487.31,487.59,487,487.18,27512,0
DIA.US,5,20260121,192500,487.27,488,487.18,487.83,28881,0
DIA.US,5,20260121,193000,487.83,488,487.74,487.85,23898,0
DIA.US,5,20260121,193500,487.84,487.9902,487.34,487.66,38246,0
DIA.US,5,20260121,194000,487.67,487.73,487.4,487.54,14014,0
DIA.US,5,20260121,194500,487.57,488.28,487.35,488.221,47804,0
DIA.US,5,20260121,195000,488.25,488.49,488.05,488.07,41884,0
DIA.US,5,20260121,195500,488.07,488.16,487.78,488.11,15803,0
DIA.US,5,20260121,200000,488.12,488.19,487.63,487.63,20152,0
DIA.US,5,20260121,200500,487.64,487.71,487.24,487.44,25145,0
DIA.US,5,20260121,201000,487.49,487.79,487.35,487.445,29751,0
DIA.US,5,20260121,201500,487.46,487.88,487.37,487.75,23889,0
DIA.US,5,20260121,202000,487.8,488.11,487.65,488.06,15321,0
DIA.US,5,20260121,202500,488.02,490.89,487.7956,490.74,134343,0
DIA.US,5,20260121,203000,490.75,491.32,490.36,491.25,127868,0
DIA.US,5,20260121,203500,491.28,492,491.15,491.8,118978,0
DIA.US,5,20260121,204000,491.82,492.53,491.56,492.24,79027,0
DIA.US,5,20260121,204500,492.25,492.76,492.14,492.64,160299,0
DIA.US,5,20260121,205000,492.64,492.91,492.025,492.2,115316,0
DIA.US,5,20260121,205500,492.15,492.6,491.92,492.58,66864,0
DIA.US,5,20260121,210000,492.59,492.84,492.1301,492.16,82041,0
DIA.US,5,20260121,210500,492.16,492.33,491.74,491.92,63417,0
DIA.US,5,20260121,211000,491.89,491.97,491.55,491.55,56394,0
DIA.US,5,20260121,211500,491.59,491.77,490.98,491.165,82369,0
DIA.US,5,20260121,212000,491.2,491.33,490.78,490.89,92529,0
DIA.US,5,20260121,212500,490.87,491.01,490.62,490.65,72019,0
DIA.US,5,20260121,213000,490.66,490.93,490.3701,490.78,91744,0
DIA.US,5,20260121,213500,490.77,491.1,490.77,490.81,47924,0
DIA.US,5,20260121,214000,490.84,490.99,490.6,490.64,46653,0
DIA.US,5,20260121,214500,490.62,490.91,490.54,490.825,56130,0
DIA.US,5,20260121,215000,490.87,490.95,490.3215,490.69,130181,0
DIA.US,5,20260121,215500,490.71,490.88,490.45,490.84,150980,0
DIA.US,5,20260122,153000,493.47,495.48,493.21,495.145,384416,0
DIA.US,5,20260122,153500,495.17,495.54,494.99,495.495,226821,0
DIA.US,5,20260122,154000,495.49,495.73,494.12,494.215,226731,0
DIA.US,5,20260122,154500,494.15,494.23,493.04,493.05,147960,0
DIA.US,5,20260122,155000,492.96,493.6,492.87,493.55,159693,0
DIA.US,5,20260122,155500,493.525,493.6967,492.92,493.36,97059,0
DIA.US,5,20260122,160000,493.39,493.45,492.55,492.74,81204,0
DIA.US,5,20260122,160500,492.75,493.03,492.46,493,68674,0
DIA.US,5,20260122,161000,493.0199,493.36,492.49,493.05,97771,0
DIA.US,5,20260122,161500,493.05,493.56,493.05,493.52,47924,0
DIA.US,5,20260122,162000,493.55,493.944,493.21,493.29,42837,0
DIA.US,5,20260122,162500,493.26,493.95,493.17,493.84,44049,0
DIA.US,5,20260122,163000,493.82,494.295,493.57,494.1,66048,0
DIA.US,5,20260122,163500,494.08,494.36,494.03,494.26,57344,0
DIA.US,5,20260122,164000,494.23,494.28,494.02,494.27,59036,0
DIA.US,5,20260122,164500,494.31,494.51,494.21,494.33,68387,0
DIA.US,5,20260122,165000,494.29,494.56,494.17,494.32,75997,0
DIA.US,5,20260122,165500,494.33,494.51,494.1774,494.2,66922,0
DIA.US,5,20260122,170000,494.18,494.67,494.18,494.56,81470,0
DIA.US,5,20260122,170500,494.535,494.78,494.5,494.71,33324,0
DIA.US,5,20260122,171000,494.71,494.975,494.7,494.92,37361,0
DIA.US,5,20260122,171500,494.93,494.98,494.48,494.78,35026,0
DIA.US,5,20260122,172000,494.8,494.96,494.71,494.82,24379,0
DIA.US,5,20260122,172500,494.835,494.915,494.7,494.79,40655,0
DIA.US,5,20260122,173000,494.785,495.11,494.74,494.97,34646,0
DIA.US,5,20260122,173500,494.97,495.13,494.9,495.1,27366,0
DIA.US,5,20260122,174000,495.03,495.2,494.93,495.11,21580,0
DIA.US,5,20260122,174500,495.16,495.3,495.11,495.16,27008,0
DIA.US,5,20260122,175000,495.15,495.32,495.03,495.1299,19829,0
DIA.US,5,20260122,175500,495.1,495.1,494.73,494.73,12878,0
DIA.US,5,20260122,180000,494.7399,494.94,494.53,494.9074,30523,0
DIA.US,5,20260122,180500,495.01,495.4596,494.67,495.45,148785,0
DIA.US,5,20260122,181000,495.47,495.5,495.21,495.21,41078,0
DIA.US,5,20260122,181500,495.31,495.43,495.23,495.342,24343,0
DIA.US,5,20260122,182000,495.32,495.32,494.99,495.19,37195,0
DIA.US,5,20260122,182500,495.21,495.3,495.1,495.3,27303,0
DIA.US,5,20260122,183000,495.34,496.01,495.34,495.92,33712,0
DIA.US,5,20260122,183500,495.94,495.94,495.75,495.8,20636,0
DIA.US,5,20260122,184000,495.76,495.92,495.69,495.75,14727,0
DIA.US,5,20260122,184500,495.76,495.78,495.59,495.6301,20644,0
DIA.US,5,20260122,185000,495.72,495.98,495.69,495.87,17448,0
DIA.US,5,20260122,185500,495.8,495.86,495.69,495.825,14231,0
DIA.US,5,20260122,190000,495.8,495.88,495.48,495.75,68027,0
DIA.US,5,20260122,190500,495.78,495.86,495.43,495.46,31061,0
DIA.US,5,20260122,191000,495.46,495.46,495.14,495.1543,36102,0
DIA.US,5,20260122,191500,495.165,495.24,495.03,495.06,33906,0
DIA.US,5,20260122,192000,495.07,495.27,494.99,494.99,42664,0
DIA.US,5,20260122,192500,494.97,495.03,494.86,494.91,41810,0
DIA.US,5,20260122,193000,494.9,495.29,494.86,495.19,49516,0
DIA.US,5,20260122,193500,495.15,495.32,495.07,495.3,19637,0
DIA.US,5,20260122,194000,495.3,495.32,494.87,494.94,20785,0
DIA.US,5,20260122,194500,494.94,495.075,494.8918,494.955,39736,0
DIA.US,5,20260122,195000,494.96,495.12,494.83,494.88,17931,0
DIA.US,5,20260122,195500,494.89,494.95,494.71,494.83,32659,0
DIA.US,5,20260122,200000,494.89,495.49,494.89,495.47,33810,0
DIA.US,5,20260122,200500,495.48679,495.62,495.34,495.42,22420,0
DIA.US,5,20260122,201000,495.43,495.58,495.34,495.43,24181,0
DIA.US,5,20260122,201500,495.3977,495.3977,495.21,495.28,13231,0
DIA.US,5,20260122,202000,495.31,495.39,495.22,495.39,18977,0
DIA.US,5,20260122,202500,495.39,495.4406,495.28,495.29,11148,0
DIA.US,5,20260122,203000,495.32,495.38,495.02,495.03,22087,0
DIA.US,5,20260122,203500,495.02,495.04,494.63,494.67,46771,0
DIA.US,5,20260122,204000,494.69,494.83,494.4999,494.52,27197,0
DIA.US,5,20260122,204500,494.52,494.75,494.37,494.67,38945,0
DIA.US,5,20260122,205000,494.68,494.8,494.3,494.36,38657,0
DIA.US,5,20260122,205500,494.32,494.44,493.95,494.0199,22289,0
DIA.US,5,20260122,210000,493.91,494.15,493.85,494.02,29355,0
DIA.US,5,20260122,210500,494.02,494.23,494,494.09,38278,0
DIA.US,5,20260122,211000,494.08,494.42,494.08,494.32,13980,0
DIA.US,5,20260122,211500,494.35,494.5446,494.27,494.31,17261,0
DIA.US,5,20260122,212000,494.3,494.37,493.97,493.97,29084,0
DIA.US,5,20260122,212500,493.96,494.05,493.48,493.49,37930,0
DIA.US,5,20260122,213000,493.49,493.62,493.2186,493.38,59587,0
DIA.US,5,20260122,213500,493.34,493.36,493.13,493.21,39660,0
DIA.US,5,20260122,214000,493.23,493.385,493.07,493.32,62731,0
DIA.US,5,20260122,214500,493.33,493.56,493.3,493.53,33475,0
DIA.US,5,20260122,215000,493.55,493.8,493.49,493.63,84911,0
DIA.US,5,20260122,215500,493.65,493.8,493.51,493.69,263710,0
DIA.US,5,20260123,153000,491.82,492.13,490.92,491.2,336763,0
DIA.US,5,20260123,153500,491.185,491.36,490.63,490.86,197436,0
DIA.US,5,20260123,154000,490.82,490.89,490.4,490.79,175752,0
DIA.US,5,20260123,154500,490.84,491.1,490.34,490.34,88654,0
DIA.US,5,20260123,155000,490.31,491.0265,490.08,490.85,124060,0
DIA.US,5,20260123,155500,490.835,491.475,490.73,491.38,86504,0
DIA.US,5,20260123,160000,491.37,491.72,491.06,491.17,104296,0
DIA.US,5,20260123,160500,491.18,491.28,490.9501,491.18,113714,0
DIA.US,5,20260123,161000,491.135,491.22,490.5501,490.67,80297,0
DIA.US,5,20260123,161500,490.67,490.89,490.4,490.66,64863,0
DIA.US,5,20260123,162000,490.65,491.55,490.62,491.37,70605,0
DIA.US,5,20260123,162500,491.38,491.59,490.85,490.911,59150,0
DIA.US,5,20260123,163000,490.9326,491.25,490.9326,491.1,41541,0
DIA.US,5,20260123,163500,491.11,491.23,490.97,491.17,36026,0
DIA.US,5,20260123,164000,491.19,491.39,490.9966,491.04,36092,0
DIA.US,5,20260123,164500,491.03,491.6,490.88,491.555,43052,0
DIA.US,5,20260123,165000,491.55,491.7006,491.36,491.54,28750,0
DIA.US,5,20260123,165500,491.6,491.9,491.49,491.59,31245,0
DIA.US,5,20260123,170000,491.59,491.98,491.55,491.83,32410,0
DIA.US,5,20260123,170500,491.81,491.81,491.56,491.77,34611,0
DIA.US,5,20260123,171000,491.78,491.89,491.52,491.63,33749,0
DIA.US,5,20260123,171500,491.63,491.86,491.48,491.68,35744,0
DIA.US,5,20260123,172000,491.66,491.66,491.27,491.41,41233,0
DIA.US,5,20260123,172500,491.4001,491.67,491.23,491.31,64627,0
DIA.US,5,20260123,173000,491.34,491.45,490.82,491.11,120487,0
DIA.US,5,20260123,173500,491.12,491.76,491.1,491.64,46925,0
DIA.US,5,20260123,174000,491.6,491.7,491.4,491.64,61261,0
DIA.US,5,20260123,174500,491.63,491.7,491.31,491.65,17511,0
DIA.US,5,20260123,175000,491.55,491.7,491.12,491.22,35972,0
DIA.US,5,20260123,175500,491.27,491.34,491.14,491.26,47629,0
DIA.US,5,20260123,180000,491.1816,491.58,491.1,491.53,51231,0
DIA.US,5,20260123,180500,491.5359,491.5359,491.29,491.4,29697,0
DIA.US,5,20260123,181000,491.4,491.6,491.32,491.6,19254,0
DIA.US,5,20260123,181500,491.64,491.64,491.3,491.53,14555,0
DIA.US,5,20260123,182000,491.615,491.75,491.43,491.47,9928,0
DIA.US,5,20260123,182500,491.45,491.77,491.4,491.68,19744,0
DIA.US,5,20260123,183000,491.7,491.74,491.24,491.27,18063,0
DIA.US,5,20260123,183500,491.26,491.48,491.26,491.37,38368,0
DIA.US,5,20260123,184000,491.36,491.36,490.67,490.69,59181,0
DIA.US,5,20260123,184500,490.7,490.87,490.42,490.76,56599,0
DIA.US,5,20260123,185000,490.77,490.785,490.15,490.28,56669,0
DIA.US,5,20260123,185500,490.25,490.42,489.67,489.86,67184,0
DIA.US,5,20260123,190000,489.82,490.06,489.63,490,50646,0
DIA.US,5,20260123,190500,489.99,490.16,489.56,490.16,27561,0
DIA.US,5,20260123,191000,490.19,490.28,489.8703,489.94,41449,0
DIA.US,5,20260123,191500,489.89,490.24,489.88,490.04,29743,0
DIA.US,5,20260123,192000,490,490.17,489.86,489.91,38370,0
DIA.US,5,20260123,192500,489.92,490.26,489.92,490.142,23604,0
DIA.US,5,20260123,193000,490.17,490.27,489.88,489.88,28117,0
DIA.US,5,20260123,193500,489.87,490.44,489.8606,490.2399,20687,0
DIA.US,5,20260123,194000,490.25,490.255,490,490.08,21068,0
DIA.US,5,20260123,194500,490,490.25,489.85,490.2,33722,0
DIA.US,5,20260123,195000,490.19,490.29,490.03,490.14,21911,0
DIA.US,5,20260123,195500,490.13,490.44,490.115,490.4,34403,0
DIA.US,5,20260123,200000,490.4,490.81,490.34,490.8,43986,0
DIA.US,5,20260123,200500,490.785,490.95,490.66,490.82,34701,0
DIA.US,5,20260123,201000,490.85,491,490.77,490.86,19071,0
DIA.US,5,20260123,201500,490.87,491.11,490.84,491.04,11051,0
DIA.US,5,20260123,202000,491.02,491.36,491.02,491.26,19835,0
DIA.US,5,20260123,202500,491.255,491.34,490.93,490.93,27486,0
DIA.US,5,20260123,203000,490.95,491.21,490.89,490.97,21284,0
DIA.US,5,20260123,203500,490.99,491.03,490.53,490.59,32279,0
DIA.US,5,20260123,204000,490.6,490.83,490.35,490.74,26662,0
DIA.US,5,20260123,204500,490.72,490.83,490.52,490.52,13758,0
DIA.US,5,20260123,205000,490.51,490.8026,490.49,490.6,40394,0
DIA.US,5,20260123,205500,490.65,490.94,490.65,490.89,18291,0
DIA.US,5,20260123,210000,490.91,490.95,490.71,490.78,27007,0
DIA.US,5,20260123,210500,490.79,490.87,490.62,490.66,68007,0
DIA.US,5,20260123,211000,490.65,490.87,490.45,490.81,37210,0
DIA.US,5,20260123,211500,490.8,491.03,490.8,490.89,74919,0
DIA.US,5,20260123,212000,490.88,490.88,490.66,490.82,34360,0
DIA.US,5,20260123,212500,490.83,490.85,490.68,490.71,26015,0
DIA.US,5,20260123,213000,490.69,490.88,490.54,490.855,33841,0
DIA.US,5,20260123,213500,490.82,490.89,490.68,490.87,34257,0
DIA.US,5,20260123,214000,490.88,491.145,490.775,490.94,31039,0
DIA.US,5,20260123,214500,490.98,491.11,490.87,491.11,88123,0
DIA.US,5,20260123,215000,491.11,491.26,490.86,490.94,151272,0
DIA.US,5,20260123,215500,490.94,491.17,490.78,490.9,206618,0
DIA.US,5,20260126,153000,491.91,492.96,491.47,492.37,198514,0
DIA.US,5,20260126,153500,492.37,493.23,492.37,492.7,97193,0
DIA.US,5,20260126,154000,492.685,493.03,492.39,492.785,106630,0
DIA.US,5,20260126,154500,492.83,493.15,492.61,492.91,83532,0
DIA.US,5,20260126,155000,492.9,493.04,492.745,492.83,51960,0
DIA.US,5,20260126,155500,492.84,492.86,492.37,492.4,61397,0
DIA.US,5,20260126,160000,492.39,492.78,492.3,492.76,62148,0
DIA.US,5,20260126,160500,492.74,492.83,492.5,492.55,39890,0
DIA.US,5,20260126,161000,492.56,493.34,492.48,493.2575,53821,0
DIA.US,5,20260126,161500,493.26,493.5,493.16,493.4475,30754,0
DIA.US,5,20260126,162000,493.5,493.62,493.28,493.59,28766,0
DIA.US,5,20260126,162500,493.57,493.58,492.74,492.74,28539,0
DIA.US,5,20260126,163000,492.75,493.18,492.615,493.0856,53563,0
DIA.US,5,20260126,163500,493.08,493.22,492.82,492.93,34291,0
DIA.US,5,20260126,164000,492.93,492.94,492.5,492.6799,34003,0
DIA.US,5,20260126,164500,492.65,493.41,492.65,493.12,33053,0
DIA.US,5,20260126,165000,493.21,493.22,492.97,493.06,33403,0
DIA.US,5,20260126,165500,493.04,493.11,492.76,492.78,21187,0
DIA.US,5,20260126,170000,492.77,492.82,492.45,492.49,42734,0
DIA.US,5,20260126,170500,492.52,492.54,492.11,492.22,53117,0
DIA.US,5,20260126,171000,492.22,492.33,492.07,492.19,39607,0
DIA.US,5,20260126,171500,492.16,492.3512,492,492.12,58428,0
DIA.US,5,20260126,172000,492.09,492.56,491.99,492.48,33875,0
DIA.US,5,20260126,172500,492.49,492.82,492.44,492.66,26199,0
DIA.US,5,20260126,173000,492.69,492.72,492.4,492.49,15785,0
DIA.US,5,20260126,173500,492.48,492.57,492.322,492.3303,11129,0
DIA.US,5,20260126,174000,492.32,492.5,492.23,492.3162,15239,0
DIA.US,5,20260126,174500,492.27,492.46,492.2001,492.39,17514,0
DIA.US,5,20260126,175000,492.43,492.6201,492.43,492.57,12475,0
DIA.US,5,20260126,175500,492.55,492.55,492.31,492.31,12398,0
DIA.US,5,20260126,180000,492.27,492.64,492.26,492.6,34189,0
DIA.US,5,20260126,180500,492.62,492.77,492.57,492.6409,13031,0
DIA.US,5,20260126,181000,492.64,492.9375,492.53,492.885,10926,0
DIA.US,5,20260126,181500,492.91,493.09,492.9,492.94,10413,0
DIA.US,5,20260126,182000,492.93,493.03,492.82,492.83,10802,0
DIA.US,5,20260126,182500,492.82,493.06,492.79,492.95,11561,0
DIA.US,5,20260126,183000,492.96,493.03,492.83,492.97,18690,0
DIA.US,5,20260126,183500,492.96,493.09,492.84,492.99,19004,0
DIA.US,5,20260126,184000,493,493.22,492.906,493.2,17172,0
DIA.US,5,20260126,184500,493.2,493.44,492.97,493.15,115371,0
DIA.US,5,20260126,185000,493.12,493.24,493.01,493.2,27690,0
DIA.US,5,20260126,185500,493.21,493.36,493.02,493.3,40688,0
DIA.US,5,20260126,190000,493.2912,493.35,493.15,493.21,16122,0
DIA.US,5,20260126,190500,493.2,493.35,493.14,493.24,23561,0
DIA.US,5,20260126,191000,493.3,493.49,493.3,493.48,15727,0
DIA.US,5,20260126,191500,493.46,493.82,493.39,493.73,43899,0
DIA.US,5,20260126,192000,493.7501,493.95,493.74,493.95,36427,0
DIA.US,5,20260126,192500,493.98,494.37,493.98,494.35,22837,0
DIA.US,5,20260126,193000,494.34,494.55,494.3,494.38,28567,0
DIA.US,5,20260126,193500,494.41,494.41,494.09,494.09,28928,0
DIA.US,5,20260126,194000,494.11,494.16,493.86,493.87,30415,0
DIA.US,5,20260126,194500,493.8701,493.9,493.6908,493.76,33699,0
DIA.US,5,20260126,195000,493.74,493.86,493.695,493.84,18675,0
DIA.US,5,20260126,195500,493.83,493.83,493.5168,493.63,34703,0
DIA.US,5,20260126,200000,493.63,493.93,493.57,493.86,28654,0
DIA.US,5,20260126,200500,493.86,494.02,493.745,493.93,14460,0
DIA.US,5,20260126,201000,493.95,494.05,493.7,493.89,28965,0
DIA.US,5,20260126,201500,493.9,494.08,493.8762,494.02,11742,0
DIA.US,5,20260126,202000,494.01,494.08,493.92,494.02,12328,0
DIA.US,5,20260126,202500,494.03,494.205,494.02,494.18,17495,0
DIA.US,5,20260126,203000,494.18,494.37,494.1699,494.3,40706,0
DIA.US,5,20260126,203500,494.295,494.34,494.16,494.31,21909,0
DIA.US,5,20260126,204000,494.31,494.5242,494.3,494.439,23541,0
DIA.US,5,20260126,204500,494.44,494.49,494.26,494.31,18007,0
DIA.US,5,20260126,205000,494.3,494.35,494.16,494.19,12334,0
DIA.US,5,20260126,205500,494.2,494.35,494.13,494.17,25292,0
DIA.US,5,20260126,210000,494.16,494.395,494.05,494.39,27007,0
DIA.US,5,20260126,210500,494.365,494.51,494.31,494.48,47625,0
DIA.US,5,20260126,211000,494.49,494.575,494.445,494.56,30982,0
DIA.US,5,20260126,211500,494.57,494.64,494.44,494.635,37892,0
DIA.US,5,20260126,212000,494.63,494.85,494.6,494.765,82785,0
DIA.US,5,20260126,212500,494.765,494.765,494.43,494.44,29124,0
DIA.US,5,20260126,213000,494.44,494.72,494.44,494.65,21650,0
DIA.US,5,20260126,213500,494.62,494.7,494.505,494.52,40979,0
DIA.US,5,20260126,214000,494.52,494.52,494.34,494.46,48299,0
DIA.US,5,20260126,214500,494.45,494.56,494.315,494.47,41838,0
DIA.US,5,20260126,215000,494.47,494.47,494.15,494.25,112559,0
DIA.US,5,20260126,215500,494.25,494.3,493.99,494.08,221244,0
DIA.US,5,20260127,153000,490.69,491.21,489.42,490.69,408526,0
DIA.US,5,20260127,153500,490.7,490.87,489.7,489.71,214767,0
DIA.US,5,20260127,154000,489.71,490.96,489.67,490.51,152323,0
DIA.US,5,20260127,154500,490.52,490.73,490.04,490.27,93078,0
DIA.US,5,20260127,155000,490.32,490.97,490.275,490.49,98681,0
DIA.US,5,20260127,155500,490.56,490.65,490.045,490.045,99743,0
DIA.US,5,20260127,160000,490.045,490.25,489.8,489.801,98631,0
DIA.US,5,20260127,160500,489.8,489.82,489.19,489.61,117858,0
DIA.US,5,20260127,161000,489.62,489.74,489.38,489.57,57503,0
DIA.US,5,20260127,161500,489.55,489.55,488.98,489.36,99651,0
DIA.US,5,20260127,162000,489.29,489.43,489.085,489.35,67492,0
DIA.US,5,20260127,162500,489.36,489.4,488.88,489.02,76358,0
DIA.US,5,20260127,163000,489.04,489.23,488.87,489.22,70646,0
DIA.US,5,20260127,163500,489.23,489.57,489.22,489.27,63432,0
DIA.US,5,20260127,164000,489.29,489.61,489.25,489.57,50630,0
DIA.US,5,20260127,164500,489.55,490.19,489.52,490.04,90452,0
DIA.US,5,20260127,165000,490.06,490.17,489.905,489.93,117819,0
DIA.US,5,20260127,165500,489.94,490.22,489.85,490.21,58481,0
DIA.US,5,20260127,170000,490.2209,490.51,490.21,490.21,150245,0
DIA.US,5,20260127,170500,490.19,490.44,490.02,490.07,78627,0
DIA.US,5,20260127,171000,490.07,490.4799,490.06,490.42,38431,0
DIA.US,5,20260127,171500,490.4,490.97,490.349,490.93,39964,0
DIA.US,5,20260127,172000,490.9701,491.03,490.77,490.88,43638,0
DIA.US,5,20260127,172500,490.86,491.08,490.83,490.95,40298,0
DIA.US,5,20260127,173000,490.96,491.25,490.94,491.22,83838,0
DIA.US,5,20260127,173500,491.185,491.58,491.185,491.4607,79248,0
DIA.US,5,20260127,174000,491.48,491.59,491.175,491.175,40622,0
DIA.US,5,20260127,174500,491.19,491.28,491.08,491.1874,53107,0
DIA.US,5,20260127,175000,491.18,491.18,490.7601,490.77,50566,0
DIA.US,5,20260127,175500,490.75,490.96,490.65,490.72,34954,0
DIA.US,5,20260127,180000,490.69,490.73,490.36,490.38,20681,0
DIA.US,5,20260127,180500,490.36,490.38,490.01,490.09,66799,0
DIA.US,5,20260127,181000,490.02,490.02,489.58,489.58,58096,0
DIA.US,5,20260127,181500,489.58,489.58,489.11,489.33,103354,0
DIA.US,5,20260127,182000,489.3168,489.64,489.3168,489.55,40462,0
DIA.US,5,20260127,182500,489.53,489.91,489.52,489.69,30228,0
DIA.US,5,20260127,183000,489.68,489.75,489.23,489.23,24780,0
DIA.US,5,20260127,183500,489.19,489.21,489.02,489.19,61300,0
DIA.US,5,20260127,184000,489.2,489.24,489,489.11,57389,0
DIA.US,5,20260127,184500,489.14,489.3,489.02,489.2,29062,0
DIA.US,5,20260127,185000,489.21,489.44,489.14,489.31,43411,0
DIA.US,5,20260127,185500,489.3045,489.32,489.12,489.17,27553,0
DIA.US,5,20260127,190000,489.17,489.17,488.75,488.79,50378,0
DIA.US,5,20260127,190500,488.77,488.77,488.6,488.67,24546,0
DIA.US,5,20260127,191000,488.66,489.08,488.56,489.06,41580,0
DIA.US,5,20260127,191500,489.05,489.21,489.02,489.15,32031,0
DIA.US,5,20260127,192000,489.17,489.28,489.14,489.2416,36298,0
DIA.US,5,20260127,192500,489.24,489.3099,489.11,489.24,14943,0
DIA.US,5,20260127,193000,489.28,489.51,489.28,489.35,27857,0
DIA.US,5,20260127,193500,489.37,489.41,489.22,489.35,25443,0
DIA.US,5,20260127,194000,489.35,489.43,489.25,489.37,25967,0
DIA.US,5,20260127,194500,489.38,489.58,489.355,489.45,28064,0
DIA.US,5,20260127,195000,489.47,489.76,489.47,489.64,22504,0
DIA.US,5,20260127,195500,489.66,489.79,489.63,489.64,19867,0
DIA.US,5,20260127,200000,489.61,489.73,489.51,489.68,43754,0
DIA.US,5,20260127,200500,489.72,489.72,489.405,489.51,29721,0
DIA.US,5,20260127,201000,489.49,489.73,489.48,489.7,13520,0
DIA.US,5,20260127,201500,489.65,489.765,489.5755,489.69,22402,0
DIA.US,5,20260127,202000,489.64,489.86,489.64,489.77,22353,0
DIA.US,5,20260127,202500,489.755,489.9,489.71,489.84,22037,0
DIA.US,5,20260127,203000,489.86,489.99,489.82,489.97,31878,0
DIA.US,5,20260127,203500,489.96,489.985,489.86,489.94,40150,0
DIA.US,5,20260127,204000,489.95,489.965,489.73,489.82,28276,0
DIA.US,5,20260127,204500,489.86,490.03,489.81,489.88,28940,0
DIA.US,5,20260127,205000,489.88,489.9054,489.67,489.83,15684,0
DIA.US,5,20260127,205500,489.8,489.93,489.78,489.8,17403,0
DIA.US,5,20260127,210000,489.77,489.98,489.74,489.95,22121,0
DIA.US,5,20260127,210500,489.92,489.99,489.85,489.9,28963,0
DIA.US,5,20260127,211000,489.92,490.14,489.92,490.12,29895,0
DIA.US,5,20260127,211500,490.12,490.12,489.87,489.99,18036,0
DIA.US,5,20260127,212000,489.975,490.06,489.79,489.795,31813,0
DIA.US,5,20260127,212500,489.75,489.75,489.59,489.67,30297,0
DIA.US,5,20260127,213000,489.66,489.87,489.58,489.85,47374,0
DIA.US,5,20260127,213500,489.865,490.02,489.83,489.94,30359,0
DIA.US,5,20260127,214000,489.95,490,489.84,489.99,66342,0
DIA.US,5,20260127,214500,489.97,490.04,489.72,490.04,88443,0
DIA.US,5,20260127,215000,490.04,490.08,489.89,489.895,73870,0
DIA.US,5,20260127,215500,489.9,490.1499,489.87,490.06,290857,0
DIA.US,5,20260128,153000,490.28,491.39,490.1,490.68,220199,0
DIA.US,5,20260128,153500,490.71,491.18,490.08,490.43,133488,0
DIA.US,5,20260128,154000,490.43,490.53,489.91,490.12,98100,0
DIA.US,5,20260128,154500,490.15,490.475,490.03,490.13,81107,0
DIA.US,5,20260128,155000,490.16,490.17,489.67,490.06,103615,0
DIA.US,5,20260128,155500,490.04,490.19,489.82,489.95,75184,0
DIA.US,5,20260128,160000,489.95,490.31,489.78,489.98,95180,0
DIA.US,5,20260128,160500,489.93,489.93,489.27,489.32,111924,0
DIA.US,5,20260128,161000,489.3,489.42,489.08,489.1,47148,0
DIA.US,5,20260128,161500,489.12,489.53,489.08,489.48,71104,0
DIA.US,5,20260128,162000,489.47,490.1,489.43,490.03,42449,0
DIA.US,5,20260128,162500,490.06,490.1,489.86,490.03,33024,0
DIA.US,5,20260128,163000,490.043,490.36,490.043,490.07,60646,0
DIA.US,5,20260128,163500,490.08,490.51,490.08,490.4101,32991,0
DIA.US,5,20260128,164000,490.45,490.56,490.115,490.12,45098,0
DIA.US,5,20260128,164500,490.11,490.4,490.03,490.05,43371,0
DIA.US,5,20260128,165000,490.03,490.1902,489.9,490.04,33626,0
DIA.US,5,20260128,165500,490.07,490.28,489.87,489.89,34375,0
DIA.US,5,20260128,170000,489.92,490.44,489.87,490.41,43717,0
DIA.US,5,20260128,170500,490.39,490.6,490.29,490.37,54639,0
DIA.US,5,20260128,171000,490.4,490.5,490.2001,490.36,53704,0
DIA.US,5,20260128,171500,490.36,490.49,490.13,490.13,31841,0
DIA.US,5,20260128,172000,490.15,490.29,490.07,490.29,18067,0
DIA.US,5,20260128,172500,490.27,490.79,490.2378,490.74,26291,0
DIA.US,5,20260128,173000,490.7489,490.76,490.21,490.24,34010,0
DIA.US,5,20260128,173500,490.23,490.385,490.16,490.35,16589,0
DIA.US,5,20260128,174000,490.29,490.3454,489.94,490.1,44475,0
DIA.US,5,20260128,174500,490.1024,490.49,490.09,490.38,44816,0
DIA.US,5,20260128,175000,490.38,490.38,489.99,490.13,27942,0
DIA.US,5,20260128,175500,490.16,490.17,489.98,490.11,11905,0
DIA.US,5,20260128,180000,490.18,490.33,490.14,490.25,14615,0
DIA.US,5,20260128,180500,490.23,490.37,490.09,490.19,22253,0
DIA.US,5,20260128,181000,490.22,490.67,490.21,490.56,17952,0
DIA.US,5,20260128,181500,490.61,490.635,490.34,490.6,21615,0
DIA.US,5,20260128,182000,490.59,490.82,490.34,490.34,23658,0
DIA.US,5,20260128,182500,490.32,490.41,490.209,490.29,12843,0
DIA.US,5,20260128,183000,490.28,490.29,490.03,490.085,14121,0
DIA.US,5,20260128,183500,490.12,490.21,489.93,489.95,24921,0
DIA.US,5,20260128,184000,489.95,490.03,489.77,489.96,56919,0
DIA.US,5,20260128,184500,489.91,490.14,489.83,490.1,25293,0
DIA.US,5,20260128,185000,490.07,490.45,490.07,490.4494,35449,0
DIA.US,5,20260128,185500,490.45,490.47,489.95,489.96,16711,0
DIA.US,5,20260128,190000,489.945,490.07,489.87,490.04,17403,0
DIA.US,5,20260128,190500,489.99,490.14,489.93,490.07,17154,0
DIA.US,5,20260128,191000,490.05,490.17,489.93,490.02,15440,0
DIA.US,5,20260128,191500,490.03,490.27,489.97,490.26,28314,0
DIA.US,5,20260128,192000,490.29,490.37,490.21,490.27,17655,0
DIA.US,5,20260128,192500,490.29,490.33,490.21,490.2301,18074,0
DIA.US,5,20260128,193000,490.24,490.29,490.1,490.2,13940,0
DIA.US,5,20260128,193500,490.19,490.33,490.04,490.09,19378,0
DIA.US,5,20260128,194000,490.07,490.19,490.02,490.15,19773,0
DIA.US,5,20260128,194500,490.1446,490.1446,489.87,489.92,21261,0
DIA.US,5,20260128,195000,489.895,489.98,489.62,489.62,34861,0
DIA.US,5,20260128,195500,489.62,489.74,489.41,489.71,24183,0
DIA.US,5,20260128,200000,489.67,490.0699,489.175,489.97,41228,0
DIA.US,5,20260128,200500,489.95,490.35,489.83,490.16,18383,0
DIA.US,5,20260128,201000,490.15,490.29,489.83,489.88,24598,0
DIA.US,5,20260128,201500,489.84,490.03,489.73,489.93,25931,0
DIA.US,5,20260128,202000,489.98,490.06,489.75,489.99,30450,0
DIA.US,5,20260128,202500,490.02,490.14,489.5,489.5,38109,0
DIA.US,5,20260128,203000,489.48,491.31,488.94,489.69,284987,0
DIA.US,5,20260128,203500,489.64,490.19,489.27,489.56,148279,0
DIA.US,5,20260128,204000,489.58,489.805,489.23,489.74,121601,0
DIA.US,5,20260128,204500,489.74,490.35,489.57,490.21,64310,0
DIA.US,5,20260128,205000,490.15,490.25,489.86,489.97,62244,0
DIA.US,5,20260128,205500,489.98,489.98,489.41,489.41,53537,0
DIA.US,5,20260128,210000,489.39,490.13,489.36,490,63240,0
DIA.US,5,20260128,210500,490,490.28,489.96,490.225,39829,0
DIA.US,5,20260128,211000,490.22,490.38,489.93,489.97,43917,0
DIA.US,5,20260128,211500,489.96,490.2755,489.83,490.275,35369,0
DIA.US,5,20260128,212000,490.29,490.55,490.17,490.34,35257,0
DIA.US,5,20260128,212500,490.3,490.3,489.75,489.76,29292,0
DIA.US,5,20260128,213000,489.76,489.85,489.56,489.58,33919,0
DIA.US,5,20260128,213500,489.54,489.87,489.48,489.82,33999,0
DIA.US,5,20260128,214000,489.81,489.81,489.4592,489.475,31779,0
DIA.US,5,20260128,214500,489.45,489.75,489.35,489.38,59217,0
DIA.US,5,20260128,215000,489.39,490.2,489.3,490.12,98784,0
DIA.US,5,20260128,215500,490.14,490.42,490.02,490.18,184575,0
DIA.US,5,20260129,153000,490.075,491.8,489.91,491.7093,465499,0
DIA.US,5,20260129,153500,491.69,492.54,491.55,492.51,398677,0
DIA.US,5,20260129,154000,492.51,492.9512,491.15,491.15,391420,0
DIA.US,5,20260129,154500,491.17,491.17,489.46,490.35,242101,0
DIA.US,5,20260129,155000,490.33,490.91,489.71,490.87,244668,0
DIA.US,5,20260129,155500,490.82,491.13,489.54,489.66,188603,0
DIA.US,5,20260129,160000,489.67,489.72,488.81,489.51,269679,0
DIA.US,5,20260129,160500,489.48,489.98,489.11,489.37,144153,0
DIA.US,5,20260129,161000,489.17,489.83,488.8,489.14,182010,0
DIA.US,5,20260129,161500,489.18,489.63,488.98,489.04,120164,0
DIA.US,5,20260129,162000,489.04,489.77,488.865,489.165,110935,0
DIA.US,5,20260129,162500,489.24,489.56,488.19,488.19,147833,0
DIA.US,5,20260129,163000,488.17,488.46,487.54,487.61,199843,0
DIA.US,5,20260129,163500,487.579,487.91,487.08,487.72,146760,0
DIA.US,5,20260129,164000,487.68,487.85,486.91,487.1,157541,0
DIA.US,5,20260129,164500,487.08,488.05,486.87,487.425,149103,0
DIA.US,5,20260129,165000,487.42,487.5,486.65,486.89,135489,0
DIA.US,5,20260129,165500,486.89,487.85,486.72,487.2,138892,0
DIA.US,5,20260129,170000,487.23,487.33,486.27,486.28,104085,0
DIA.US,5,20260129,170500,486.3,486.63,485.89,486.63,122395,0
DIA.US,5,20260129,171000,486.59,488.08,486.27,488.03,166263,0
DIA.US,5,20260129,171500,487.98,488.51,487.905,488.48,152862,0
DIA.US,5,20260129,172000,488.46,488.97,487.76,488.2774,114781,0
DIA.US,5,20260129,172500,488.18,488.62,488.12,488.32,81925,0
DIA.US,5,20260129,173000,488.32,489.23,488.28,488.72,82868,0
DIA.US,5,20260129,173500,488.74,488.98,488.55,488.78,53924,0
DIA.US,5,20260129,174000,488.73,489.16,488.58,488.81,60701,0
DIA.US,5,20260129,174500,488.86,489.2,488.53,489.14,66784,0
DIA.US,5,20260129,175000,489.15,489.34,488.63,488.88,82968,0
DIA.US,5,20260129,175500,488.82,489.16,488.74,489.01,56670,0
DIA.US,5,20260129,180000,489.025,489.69,488.9,489.61,65576,0
DIA.US,5,20260129,180500,489.56,489.78,489.38,489.41,81899,0
DIA.US,5,20260129,181000,489.38,490.14,489.33,489.9275,49864,0
DIA.US,5,20260129,181500,489.98,490.24,489.78,490.24,51144,0
DIA.US,5,20260129,182000,490.27,490.63,490.09,490.25,128149,0
DIA.US,5,20260129,182500,490.25,490.33,489.97,490.06,55659,0
DIA.US,5,20260129,183000,490.02,490.26,489.84,490.02,61308,0
DIA.US,5,20260129,183500,489.99,490.29,489.91,489.91,76956,0
DIA.US,5,20260129,184000,489.81,489.84,489.1,489.465,71946,0
DIA.US,5,20260129,184500,489.46,489.51,488.91,489.11,49599,0
DIA.US,5,20260129,185000,489.08,489.12,488.05,488.0982,59196,0
DIA.US,5,20260129,185500,488.19,488.51,487.93,487.93,70812,0
DIA.US,5,20260129,190000,487.97,488.52,487.68,488.37,63230,0
DIA.US,5,20260129,190500,488.41,489.11,488.41,488.87,79030,0
DIA.US,5,20260129,191000,488.8901,489.58,488.85,489.21,69723,0
DIA.US,5,20260129,191500,489.18,489.27,488.96,489.04,56829,0
DIA.US,5,20260129,192000,489.08,489.37,488.84,489.16,55241,0
DIA.US,5,20260129,192500,489.15,489.2077,488.73,489.15,33886,0
DIA.US,5,20260129,193000,489.14,489.14,488.47,488.91,90821,0
DIA.US,5,20260129,193500,488.885,489.24,488.82,489.16,63420,0
DIA.US,5,20260129,194000,489.19,489.5,489.01,489.08,42935,0
DIA.US,5,20260129,194500,489.11,489.13,488.74,488.97,56336,0
DIA.US,5,20260129,195000,489,489.11,488.8,488.85,48316,0
DIA.US,5,20260129,195500,488.9,489.26,488.55,488.55,56816,0
DIA.US,5,20260129,200000,488.52,489.14,488.31,489.04,64685,0
DIA.US,5,20260129,200500,489.01,489.52,488.95,489.37,75332,0
DIA.US,5,20260129,201000,489.43,489.56,489.26,489.31,57228,0
DIA.US,5,20260129,201500,489.32,489.89,489.23,489.65,57977,0
DIA.US,5,20260129,202000,489.65,489.83,489.57,489.83,26059,0
DIA.US,5,20260129,202500,489.85,489.95,489.66,489.91,28050,0
DIA.US,5,20260129,203000,489.93,490.01,489.22,489.49,43663,0
DIA.US,5,20260129,203500,489.48,490.15,489.43,489.79,30272,0
DIA.US,5,20260129,204000,489.86,489.94,489.69,489.74,50372,0
DIA.US,5,20260129,204500,489.77,489.86,489.33,489.43,60070,0
DIA.US,5,20260129,205000,489.44,489.67,489.31,489.46,40477,0
DIA.US,5,20260129,205500,489.45,489.61,488.92,488.9575,56099,0
DIA.US,5,20260129,210000,488.99,489.55,488.99,489.43,43265,0
DIA.US,5,20260129,210500,489.4,489.79,489.38,489.73,34627,0
DIA.US,5,20260129,211000,489.77,489.83,489.4216,489.4216,38558,0
DIA.US,5,20260129,211500,489.37,489.425,489.18,489.41,53360,0
DIA.US,5,20260129,212000,489.42,489.57,489.23,489.35,49638,0
DIA.US,5,20260129,212500,489.36,489.5,489.19,489.23,63131,0
DIA.US,5,20260129,213000,489.24,489.46,489.22,489.46,30279,0
DIA.US,5,20260129,213500,489.43,489.79,489.36,489.66,60487,0
DIA.US,5,20260129,214000,489.68,489.88,489.5,489.7,38863,0
DIA.US,5,20260129,214500,489.69,489.91,489.56,489.89,86210,0
DIA.US,5,20260129,215000,489.9,490.3,489.65,489.77,219202,0
DIA.US,5,20260129,215500,489.77,490.61,489.7,490.16,378656,0
DIA.US,5,20260130,153000,489.11,490.48,488.91,490.04,475540,0
DIA.US,5,20260130,153500,490,490.4,489.49,489.61,181476,0
DIA.US,5,20260130,154000,489.61,489.63,489.11,489.32,167350,0
DIA.US,5,20260130,154500,489.3,489.42,488.65,488.81,121638,0
DIA.US,5,20260130,155000,488.81,489.47,488.46,488.62,83297,0
DIA.US,5,20260130,155500,488.59,489.02,488.29,488.6,142508,0
DIA.US,5,20260130,160000,488.66,489.06,488.55,488.68,159158,0
DIA.US,5,20260130,160500,488.675,489.67,488.62,489.5,107285,0
DIA.US,5,20260130,161000,489.53,489.82,489.11,489.56,105703,0
DIA.US,5,20260130,161500,489.58,489.75,489.19,489.285,86942,0
DIA.US,5,20260130,162000,489.29,489.59,489.19,489.31,67353,0
DIA.US,5,20260130,162500,489.35,489.35,488.29,488.5,122782,0
DIA.US,5,20260130,163000,488.48,488.71,488.21,488.39,81460,0
DIA.US,5,20260130,163500,488.49,489.04,488.32,488.89,83846,0
DIA.US,5,20260130,164000,488.99,489.51,488.91,489.42,57409,0
DIA.US,5,20260130,164500,489.42,489.62,488.91,488.935,55456,0
DIA.US,5,20260130,165000,488.93,489.15,488.14,488.4,82424,0
DIA.US,5,20260130,165500,488.4,488.45,488.02,488.05,99367,0
DIA.US,5,20260130,170000,488.05,488.12,487.64,487.72,159240,0
DIA.US,5,20260130,170500,487.71,488.06,487.25,487.29,113632,0
DIA.US,5,20260130,171000,487.32,487.44,486.97,487.15,144075,0
DIA.US,5,20260130,171500,487.17,487.17,486.46,486.52,132585,0
DIA.US,5,20260130,172000,486.51,486.56,485.87,486.02,174033,0
DIA.US,5,20260130,172500,486.04,486.55,485.87,486.22,114744,0
DIA.US,5,20260130,173000,486.21,486.6,486.02,486.125,114855,0
DIA.US,5,20260130,173500,486.12,486.69,486.07,486.21,59555,0
DIA.US,5,20260130,174000,486.17,487.03,486.17,486.71,59123,0
DIA.US,5,20260130,174500,486.68,486.78,486.35,486.61,42298,0
DIA.US,5,20260130,175000,486.62,486.84,486.29,486.77,95892,0
DIA.US,5,20260130,175500,486.74,486.82,486.37,486.56,75503,0
DIA.US,5,20260130,180000,486.54,486.69,485.89,485.89,111371,0
DIA.US,5,20260130,180500,485.91,485.93,485.13,485.38,110269,0
DIA.US,5,20260130,181000,485.32,485.74,485.25,485.26,78929,0
DIA.US,5,20260130,181500,485.26,485.655,485.14,485.655,68836,0
DIA.US,5,20260130,182000,485.73,486.435,485.51,486.09,80252,0
DIA.US,5,20260130,182500,486.05,486.71,486,486.56,58615,0
DIA.US,5,20260130,183000,486.51,486.96,486.1037,486.17,49911,0
DIA.US,5,20260130,183500,486.11,486.45,485.68,486.04,50228,0
DIA.US,5,20260130,184000,485.97,486.4,485.89,486.39,48879,0
DIA.US,5,20260130,184500,486.38,486.7029,486.09,486.405,57561,0
DIA.US,5,20260130,185000,486.33,486.67,486.11,486.15,30929,0
DIA.US,5,20260130,185500,486.13,486.46,485.62,485.65,42852,0
DIA.US,5,20260130,190000,485.64,486.25,485.5442,486.21,49972,0
DIA.US,5,20260130,190500,486.25,486.63,486.12,486.1837,37876,0
DIA.US,5,20260130,191000,486.17,486.2,485.76,485.81,40882,0
DIA.US,5,20260130,191500,485.74,485.86,485.23,485.29,38839,0
DIA.US,5,20260130,192000,485.25,485.36,484.56,485.28,113910,0
DIA.US,5,20260130,192500,485.27,486.21,485.26,486.14,85685,0
DIA.US,5,20260130,193000,486.13,486.27,485.1,485.14,85189,0
DIA.US,5,20260130,193500,485.18,485.83,485.13,485.66,48067,0
DIA.US,5,20260130,194000,485.69,486.12,485.67,485.95,80638,0
DIA.US,5,20260130,194500,485.95,486.72,485.95,486.72,71474,0
DIA.US,5,20260130,195000,486.74,487.6,486.74,487.59,64936,0
DIA.US,5,20260130,195500,487.59,488.28,487.54,487.75,49657,0
DIA.US,5,20260130,200000,487.77,488.54,487.76,488.385,91656,0
DIA.US,5,20260130,200500,488.39,488.82,488.3,488.41,57233,0
DIA.US,5,20260130,201000,488.43,488.59,488.12,488.45,42375,0
DIA.US,5,20260130,201500,488.36,488.67,488.29,488.55,47451,0
DIA.US,5,20260130,202000,488.58,488.81,488.515,488.65,55943,0
DIA.US,5,20260130,202500,488.67,489.06,488.13,488.19,82354,0
DIA.US,5,20260130,203000,488.17,488.57,487.43,488.44,124445,0
DIA.US,5,20260130,203500,488.37,488.59,488.21,488.3,54498,0
DIA.US,5,20260130,204000,488.45,488.5801,488.25,488.29,50824,0
DIA.US,5,20260130,204500,488.32,488.42,488.1,488.16,31885,0
DIA.US,5,20260130,205000,488.22,488.78,488.16,488.78,49488,0
DIA.US,5,20260130,205500,488.82,488.96,487.8,487.8101,39049,0
DIA.US,5,20260130,210000,487.81,488.25,487.8,488.22,49506,0
DIA.US,5,20260130,210500,488.23,488.4,487.98,488.3,74433,0
DIA.US,5,20260130,211000,488.34,488.41,487.95,488,29936,0
DIA.US,5,20260130,211500,487.95,488.12,487.72,487.97,55702,0
DIA.US,5,20260130,212000,487.94,488.31,487.8,488.29,48050,0
DIA.US,5,20260130,212500,488.34,488.56,488.07,488.28,62170,0
DIA.US,5,20260130,213000,488.25,488.71,488.24,488.61,56796,0
DIA.US,5,20260130,213500,488.56,488.78,488.27,488.57,61922,0
DIA.US,5,20260130,214000,488.58,488.95,488.5,488.835,80292,0
DIA.US,5,20260130,214500,488.835,489.67,488.8,489.65,113794,0
DIA.US,5,20260130,215000,489.66,489.73,488.58,488.71,150916,0
DIA.US,5,20260130,215500,488.69,489.16,488.55,489.16,237439,0
DIA.US,5,20260202,153000,488.87,490.22,486.98,489.99,411331,0
DIA.US,5,20260202,153500,489.98,490.475,489.66,490.37,253127,0
DIA.US,5,20260202,154000,490.41,491.28,490.05,491.25,141972,0
DIA.US,5,20260202,154500,491.34,491.67,491.03,491.58,205462,0
DIA.US,5,20260202,155000,491.65,491.98,491.42,491.44,147279,0
DIA.US,5,20260202,155500,491.46,491.62,490.27,490.82,109617,0
DIA.US,5,20260202,160000,490.69,490.98,490.2,490.9,146028,0
DIA.US,5,20260202,160500,490.9,491.69,490.84,491.66,95352,0
DIA.US,5,20260202,161000,491.7,492.02,491.47,491.905,84472,0
DIA.US,5,20260202,161500,491.91,492.24,491.715,492.12,87813,0
DIA.US,5,20260202,162000,492.18,492.44,491.99,492.38,61939,0
DIA.US,5,20260202,162500,492.36,492.5,491.74,492.11,67123,0
DIA.US,5,20260202,163000,492.1,492.77,492.04,492.64,55163,0
DIA.US,5,20260202,163500,492.73,493.03,492.63,492.93,60865,0
DIA.US,5,20260202,164000,492.96,493.04,492.6401,492.74,58749,0
DIA.US,5,20260202,164500,492.73,492.9,492.39,492.62,39370,0
DIA.US,5,20260202,165000,492.58,493.33,492.48,493.28,60421,0
DIA.US,5,20260202,165500,493.28,493.34,493.05,493.16,64551,0
DIA.US,5,20260202,170000,493.15,493.24,492.855,492.93,87687,0
DIA.US,5,20260202,170500,492.93,493.48,492.73,493.47,91426,0
DIA.US,5,20260202,171000,493.47,493.59,493.35,493.53,37082,0
DIA.US,5,20260202,171500,493.52,493.76,493.46,493.47,75054,0
DIA.US,5,20260202,172000,493.46,493.59,493.24,493.46,51701,0
DIA.US,5,20260202,172500,493.36,493.465,493.17,493.37,41987,0
DIA.US,5,20260202,173000,493.37,493.42,492.92,493.22,56639,0
DIA.US,5,20260202,173500,493.21,493.21,492.97,493.13,24522,0
DIA.US,5,20260202,174000,493.13,493.27,493,493.25,27001,0
DIA.US,5,20260202,174500,493.25,493.25,492.79,493.13,33566,0
DIA.US,5,20260202,175000,493.095,493.25,492.97,493.25,11485,0
DIA.US,5,20260202,175500,493.21,493.48,493.18,493.4,19573,0
DIA.US,5,20260202,180000,493.37,493.79,493.37,493.76,51830,0
DIA.US,5,20260202,180500,493.74,493.84,493.54,493.83,61335,0
DIA.US,5,20260202,181000,493.87,493.96,493.755,493.81,47067,0
DIA.US,5,20260202,181500,493.79,493.93,493.73,493.88,40915,0
DIA.US,5,20260202,182000,493.89,493.89,493.62,493.66,51078,0
DIA.US,5,20260202,182500,493.64,493.81,493.556,493.71,30752,0
DIA.US,5,20260202,183000,493.74,493.805,493.62,493.67,67693,0
DIA.US,5,20260202,183500,493.69,493.79,493.53,493.71,38370,0
DIA.US,5,20260202,184000,493.77,493.9,493.56,493.855,26824,0
DIA.US,5,20260202,184500,493.82,494,493.81,493.98,21839,0
DIA.US,5,20260202,185000,493.98,494.03,493.77,494.01,33110,0
DIA.US,5,20260202,185500,494,494.13,493.86,493.86,24844,0
DIA.US,5,20260202,190000,493.9,494.12,493.9,493.95,24645,0
DIA.US,5,20260202,190500,493.95,494.01,493.72,493.77,36208,0
DIA.US,5,20260202,191000,493.79,493.84,493.69,493.7328,13204,0
DIA.US,5,20260202,191500,493.7,493.73,493.51,493.5693,29068,0
DIA.US,5,20260202,192000,493.5,493.54,493.21,493.38,30103,0
DIA.US,5,20260202,192500,493.35,493.51,493.2789,493.34,17582,0
DIA.US,5,20260202,193000,493.34,493.44,493.31,493.32,27678,0
DIA.US,5,20260202,193500,493.325,493.54,493.325,493.47,34757,0
DIA.US,5,20260202,194000,493.48,493.86,493.47,493.86,52110,0
DIA.US,5,20260202,194500,493.845,494.18,493.845,494.13,24781,0
DIA.US,5,20260202,195000,494.12,494.18,494.02,494.04,34789,0
DIA.US,5,20260202,195500,494.04,494.06,493.91,493.91,16274,0
DIA.US,5,20260202,200000,493.89,494.13,493.79,494.1,33844,0
DIA.US,5,20260202,200500,494.11,494.27,494.11,494.21,15706,0
DIA.US,5,20260202,201000,494.2363,494.35,494.17,494.17,8733,0
DIA.US,5,20260202,201500,494.17,494.26,494.08,494.1207,15472,0
DIA.US,5,20260202,202000,494.09,494.16,494.05,494.13,10115,0
DIA.US,5,20260202,202500,494.13,494.26,494.1,494.25,28311,0
DIA.US,5,20260202,203000,494.25,494.26,493.86,494.13,54936,0
DIA.US,5,20260202,203500,494.11,494.18,493.9,494.1,36885,0
DIA.US,5,20260202,204000,494.12,494.4,494.1,494.4,28832,0
DIA.US,5,20260202,204500,494.39,494.579,494.35,494.35,29023,0
DIA.US,5,20260202,205000,494.35,494.46,494.3,494.33,27883,0
DIA.US,5,20260202,205500,494.3,494.72,493.98,494.07,98919,0
DIA.US,5,20260202,210000,494.09,494.7,493.79,494.59,57177,0
DIA.US,5,20260202,210500,494.55,494.8101,494.53,494.545,32794,0
DIA.US,5,20260202,211000,494.54,494.65,494.07,494.0779,22474,0
DIA.US,5,20260202,211500,494.07,494.13,493.71,493.885,75428,0
DIA.US,5,20260202,212000,493.89,494.16,493.84,494.16,19205,0
DIA.US,5,20260202,212500,494.16,494.25,493.97,494.1,30575,0
DIA.US,5,20260202,213000,494.08,494.29,494.045,494.15,36779,0
DIA.US,5,20260202,213500,494.08,494.19,493.89,493.91,30570,0
DIA.US,5,20260202,214000,493.87,494.04,493.82,493.84,44701,0
DIA.US,5,20260202,214500,493.82,494.18,493.8,494.175,38553,0
DIA.US,5,20260202,215000,494.2,494.44,494.09,494.17,126089,0
DIA.US,5,20260202,215500,494.18,494.26,493.97,494.03,303705,0
DIA.US,5,20260203,153000,493.14,495.62,493.11,494.94,413498,0
DIA.US,5,20260203,153500,494.9,495.45,494.63,495.31,254052,0
DIA.US,5,20260203,154000,495.39,496.518,495.38,495.83,248975,0
DIA.US,5,20260203,154500,495.84,496.07,495.07,495.975,151834,0
DIA.US,5,20260203,155000,495.98,496.23,495.095,495.15,104009,0
DIA.US,5,20260203,155500,495.17,495.22,494.15,494.29,113319,0
DIA.US,5,20260203,160000,494.33,494.67,494.09,494.435,130579,0
DIA.US,5,20260203,160500,494.39,494.83,494.29,494.78,120058,0
DIA.US,5,20260203,161000,494.75,494.83,493.87,494.295,118214,0
DIA.US,5,20260203,161500,494.28,495.085,494.21,494.54,151397,0
DIA.US,5,20260203,162000,494.505,494.87,494.355,494.43,107682,0
DIA.US,5,20260203,162500,494.41,495.43,494.31,494.77,103277,0
DIA.US,5,20260203,163000,494.78,495.12,494.51,494.71,76978,0
DIA.US,5,20260203,163500,494.65,494.65,494.03,494.57,99290,0
DIA.US,5,20260203,164000,494.62,494.69,493.84,493.86,82999,0
DIA.US,5,20260203,164500,493.86,494.64,493.6,494.63,86083,0
DIA.US,5,20260203,165000,494.655,494.9,494.23,494.7,77653,0
DIA.US,5,20260203,165500,494.72,494.92,494.4394,494.48,54223,0
DIA.US,5,20260203,170000,494.48,494.73,494.39,494.445,58913,0
DIA.US,5,20260203,170500,494.525,494.75,494.49,494.52,36025,0
DIA.US,5,20260203,171000,494.55,494.61,494.34,494.34,44931,0
DIA.US,5,20260203,171500,494.34,494.58,494.06,494.14,38474,0
DIA.US,5,20260203,172000,494.3,494.39,493.66,493.68,48561,0
DIA.US,5,20260203,172500,493.67,494.23,493.63,493.64,27666,0
DIA.US,5,20260203,173000,493.65,493.85,493.28,493.542,83712,0
DIA.US,5,20260203,173500,493.57,493.73,493.18,493.32,72673,0
DIA.US,5,20260203,174000,493.3032,493.38,492.84,493.17,47579,0
DIA.US,5,20260203,174500,493.14,493.31,492.71,493.14,58133,0
DIA.US,5,20260203,175000,493.07,493.17,492.66,492.96,41262,0
DIA.US,5,20260203,175500,492.9,493.22,492.9,492.98,32761,0
DIA.US,5,20260203,180000,492.95,493.19,492.83,493.11,37696,0
DIA.US,5,20260203,180500,493.09,493.09,492.78,492.93,49676,0
DIA.US,5,20260203,181000,492.97,493.07,491.6735,492.07,122401,0
DIA.US,5,20260203,181500,492.03,492.56,491.93,492.21,73786,0
DIA.US,5,20260203,182000,492.18,492.52,492.09,492.48,64485,0
DIA.US,5,20260203,182500,492.47,492.65,491.78,491.78,23200,0
DIA.US,5,20260203,183000,491.74,491.78,491.36,491.36,39829,0
DIA.US,5,20260203,183500,491.35,491.49,491.19,491.29,26148,0
DIA.US,5,20260203,184000,491.29,491.29,490.73,490.77,79652,0
DIA.US,5,20260203,184500,490.78,491.01,490.64,490.87,106251,0
DIA.US,5,20260203,185000,490.84,491.25,490.28,490.42,74494,0
DIA.US,5,20260203,185500,490.44,490.61,490.14,490.14,88534,0
DIA.US,5,20260203,190000,490.15,490.44,490.15,490.35,131430,0
DIA.US,5,20260203,190500,490.35,490.92,490.26,490.49,121432,0
DIA.US,5,20260203,191000,490.45,490.51,489.56,489.86,130153,0
DIA.US,5,20260203,191500,489.85,490.06,489.53,489.97,111300,0
DIA.US,5,20260203,192000,489.96,490.21,489.78,489.84,137154,0
DIA.US,5,20260203,192500,489.78,490.19,489.43,489.43,89779,0
DIA.US,5,20260203,193000,489.44,489.83,489.3684,489.6,94563,0
DIA.US,5,20260203,193500,489.56,489.84,489.4,489.84,117863,0
DIA.US,5,20260203,194000,489.8,489.82,489.43,489.45,77683,0
DIA.US,5,20260203,194500,489.43,489.59,489.25,489.55,76218,0
DIA.US,5,20260203,195000,489.52,489.52,489.24,489.24,118884,0
DIA.US,5,20260203,195500,489.27,489.64,488.86,488.86,75230,0
DIA.US,5,20260203,200000,488.865,489.17,488.55,488.71,94053,0
DIA.US,5,20260203,200500,488.7,488.77,488.28,488.38,85674,0
DIA.US,5,20260203,201000,488.33,489.62,488.33,489.58,112785,0
DIA.US,5,20260203,201500,489.55,490.1,489.5,490.04,101032,0
DIA.US,5,20260203,202000,490.03,490.18,489.885,489.91,53606,0
DIA.US,5,20260203,202500,489.95,490.09,489.32,489.69,86652,0
DIA.US,5,20260203,203000,489.68,490.11,489.35,489.62,105694,0
DIA.US,5,20260203,203500,489.63,490.12,489.57,490.1,83164,0
DIA.US,5,20260203,204000,490.06,490.42,490,490.22,117820,0
DIA.US,5,20260203,204500,490.26,490.31,489.8299,489.89,83510,0
DIA.US,5,20260203,205000,489.88,490.3,489.61,490.03,108218,0
DIA.US,5,20260203,205500,490.03,490.58,490.03,490.47,56529,0
DIA.US,5,20260203,210000,490.44,490.58,490.25,490.31,52157,0
DIA.US,5,20260203,210500,490.27,490.81,490.26,490.77,61339,0
DIA.US,5,20260203,211000,490.76,491.0099,490.65,491.0099,76079,0
DIA.US,5,20260203,211500,491.02,491.37,490.77,491.23,81586,0
DIA.US,5,20260203,212000,491.225,491.24,490.86,491.2,41947,0
DIA.US,5,20260203,212500,491.22,491.46,491.21,491.41,84753,0
DIA.US,5,20260203,213000,491.39,492.2,491.37,492.1769,70871,0
DIA.US,5,20260203,213500,492.22,492.46,492.04,492.31,56935,0
DIA.US,5,20260203,214000,492.32,492.33,491.87,491.94,33923,0
DIA.US,5,20260203,214500,491.94,492.22,491.8183,492.2,51284,0
DIA.US,5,20260203,215000,492.23,492.7431,492.23,492.62,148125,0
DIA.US,5,20260203,215500,492.635,492.76,492.29,492.33,185799,0
DIA.US,5,20260204,153000,493.91,495.625,493.9,495.38,373929,0
DIA.US,5,20260204,153500,495.41,496.15,494.73,494.76,198061,0
DIA.US,5,20260204,154000,494.73,495.575,494.68,495.56,180001,0
DIA.US,5,20260204,154500,495.59,496.19,494.97,495.865,200151,0
DIA.US,5,20260204,155000,495.84,495.84,493.98,494.49,200587,0
DIA.US,5,20260204,155500,494.5,494.58,493.15,493.455,150558,0
DIA.US,5,20260204,160000,493.335,493.4357,492.56,493.08,101081,0
DIA.US,5,20260204,160500,493.14,494.73,493.13,494.545,98938,0
DIA.US,5,20260204,161000,494.52,495.36,494.52,494.99,90531,0
DIA.US,5,20260204,161500,494.96,495.44,494.835,495.31,82193,0
DIA.US,5,20260204,162000,495.33,496.3,495.27,495.91,84910,0
DIA.US,5,20260204,162500,495.91,496.37,495.6825,496.07,113515,0
DIA.US,5,20260204,163000,496.08,496.27,495.03,495.07,103384,0
DIA.US,5,20260204,163500,495.05,496.5,494.45,495.66,141936,0
DIA.US,5,20260204,164000,495.66,496.395,495.37,496.235,100531,0
DIA.US,5,20260204,164500,496.21,496.43,495.63,495.845,53700,0
DIA.US,5,20260204,165000,495.84,496.21,495.56,495.81,50038,0
DIA.US,5,20260204,165500,495.8,496.15,495.66,495.88,85380,0
DIA.US,5,20260204,170000,495.92,496.22,495.08,495.22,79629,0
DIA.US,5,20260204,170500,495.24,495.57,495.015,495.0599,59642,0
DIA.US,5,20260204,171000,495.13,495.99,495,495.79,68637,0
DIA.US,5,20260204,171500,495.815,495.95,494.86,495.06,57273,0
DIA.US,5,20260204,172000,495.045,495.77,494.6108,495.69,60603,0
DIA.US,5,20260204,172500,495.67,496.38,495.47,496.3,80247,0
DIA.US,5,20260204,173000,496.31,496.39,495.76,495.78,61288,0
DIA.US,5,20260204,173500,495.72,496.07,495.6,495.69,62798,0
DIA.US,5,20260204,174000,495.67,495.79,494.79,494.86,81992,0
DIA.US,5,20260204,174500,494.85,494.9,494.27,494.4397,120533,0
DIA.US,5,20260204,175000,494.44,494.72,494.11,494.62,93791,0
DIA.US,5,20260204,175500,494.64,495.5,494.63,495.36,78301,0
DIA.US,5,20260204,180000,495.32,495.72,495.19,495.57,69246,0
DIA.US,5,20260204,180500,495.55,495.67,495.11,495.11,59960,0
DIA.US,5,20260204,181000,495.075,495.48,494.86,495.48,43056,0
DIA.US,5,20260204,181500,495.5,495.51,494.88,494.91,56295,0
DIA.US,5,20260204,182000,494.91,495.41,494.77,495.05,57991,0
DIA.US,5,20260204,182500,495.04,495.17,493.35,493.66,107225,0
DIA.US,5,20260204,183000,493.675,494.25,493.28,493.41,121631,0
DIA.US,5,20260204,183500,493.375,493.43,492.84,492.95,65642,0
DIA.US,5,20260204,184000,492.9,493.08,492.56,492.99,93264,0
DIA.US,5,20260204,184500,492.985,493.05,492.38,492.49,66335,0
DIA.US,5,20260204,185000,492.49,492.84,492.06,492.71,113917,0
DIA.US,5,20260204,185500,492.73,493.18,492.56,492.84,59491,0
DIA.US,5,20260204,190000,492.8,492.93,491.87,492.36,70488,0
DIA.US,5,20260204,190500,492.375,492.8,491.59,491.6,47577,0
DIA.US,5,20260204,191000,491.58,492.02,491.5701,491.62,59556,0
DIA.US,5,20260204,191500,491.605,491.74,491.15,491.3,58279,0
DIA.US,5,20260204,192000,491.265,491.7,491.11,491.605,59776,0
DIA.US,5,20260204,192500,491.73,492.865,491.73,492.65,49067,0
DIA.US,5,20260204,193000,492.68,492.68,491.6,491.94,43146,0
DIA.US,5,20260204,193500,491.95,492.3911,491.83,492.105,48878,0
DIA.US,5,20260204,194000,492.06,492.79,492.01,492.19,97286,0
DIA.US,5,20260204,194500,492.17,492.64,491.94,492.28,133790,0
DIA.US,5,20260204,195000,492.28,492.86,491.84,492.81,95186,0
DIA.US,5,20260204,195500,492.83,493.54,492.67,492.85,84215,0
DIA.US,5,20260204,200000,492.85,493.13,492.42,492.84,133532,0
DIA.US,5,20260204,200500,492.82,492.98,492.19,492.98,62027,0
DIA.US,5,20260204,201000,492.97,493.1899,492.765,492.94,51049,0
DIA.US,5,20260204,201500,492.93,493.5399,492.79,493.25,36379,0
DIA.US,5,20260204,202000,493.24,493.48,492.89,493.12,52702,0
DIA.US,5,20260204,202500,493.06,493.4276,492.89,493.38,29014,0
DIA.US,5,20260204,203000,493.5,493.84,493.42794,493.81,56233,0
DIA.US,5,20260204,203500,493.85,494.03,493.6101,493.82,25924,0
DIA.US,5,20260204,204000,493.83,494.45,493.82,494.29,50890,0
DIA.US,5,20260204,204500,494.34,495.55,494.21,494.91,209354,0
DIA.US,5,20260204,205000,494.84,495.79,494.81,495.25,72134,0
DIA.US,5,20260204,205500,495.21,495.65,495.14,495.62,56387,0
DIA.US,5,20260204,210000,495.66,495.8925,495.45,495.8,48676,0
DIA.US,5,20260204,210500,495.73,495.99,495.72,495.87,59956,0
DIA.US,5,20260204,211000,495.88,495.94,495.34,495.88,79247,0
DIA.US,5,20260204,211500,495.89,495.92,495.44,495.58,52897,0
DIA.US,5,20260204,212000,495.57,495.73,495.37,495.67,41967,0
DIA.US,5,20260204,212500,495.71,495.8582,495.43,495.46,48871,0
DIA.US,5,20260204,213000,495.49,495.97,495.3995,495.88,35114,0
DIA.US,5,20260204,213500,495.88,496.01,495.78,495.88,39586,0
DIA.US,5,20260204,214000,495.9,495.965,495.53,495.6299,37486,0
DIA.US,5,20260204,214500,495.58,495.99,495.58,495.91,51925,0
DIA.US,5,20260204,215000,495.91,496.06,494.97,495.1,111651,0
DIA.US,5,20260204,215500,495.07,495.11,494.55,494.75,325757,0
DIA.US,5,20260205,153000,492.51,493.17,491.81,491.89,284432,0
DIA.US,5,20260205,153500,491.875,493.14,491.4,492.26,241629,0
DIA.US,5,20260205,154000,492.28,493.1,491.52,492.76,152153,0
DIA.US,5,20260205,154500,492.71,493.44,492.47,492.66,134757,0
DIA.US,5,20260205,155000,492.62,493.34,492.3,492.6,103967,0
DIA.US,5,20260205,155500,492.65,492.9,491.7,492.12,82429,0
DIA.US,5,20260205,160000,492.07,492.55,490.98,491.43,171652,0
DIA.US,5,20260205,160500,491.45,491.525,490.64,490.92,116052,0
DIA.US,5,20260205,161000,490.77,491.04,489.8,489.86,92030,0
DIA.US,5,20260205,161500,489.81,490.43,489.71,489.9511,106514,0
DIA.US,5,20260205,162000,489.89,490.0812,489.2901,489.47,92018,0
DIA.US,5,20260205,162500,489.42,489.97,488.68,488.9,110396,0
DIA.US,5,20260205,163000,488.9,489.18,488.31,488.4,150894,0
DIA.US,5,20260205,163500,488.41,489.49,488.29,489.32,183516,0
DIA.US,5,20260205,164000,489.29,489.45,488.97,488.99,112739,0
DIA.US,5,20260205,164500,489.03,489.22,488.33,488.51,183917,0
DIA.US,5,20260205,165000,488.5,489.285,488.5,488.65,117285,0
DIA.US,5,20260205,165500,488.66,489.12,488.3883,489.08,52707,0
DIA.US,5,20260205,170000,489.12,489.28,488.525,488.58,82146,0
DIA.US,5,20260205,170500,488.56,488.69,488.25,488.31,58415,0
DIA.US,5,20260205,171000,488.29,488.995,488.23,488.26,102210,0
DIA.US,5,20260205,171500,488.3,489.57,488.3,489.45,101836,0
DIA.US,5,20260205,172000,489.44,490.31,489.44,490.27,65494,0
DIA.US,5,20260205,172500,490.26,490.47,489.92,489.98,123610,0
DIA.US,5,20260205,173000,490.01,490.39,489.83,490.16,89111,0
DIA.US,5,20260205,173500,490.16,490.693,490.08,490.31,60721,0
DIA.US,5,20260205,174000,490.34,490.58,490.04,490.16,75572,0
DIA.US,5,20260205,174500,490.14,490.37,489.73,490.36,59119,0
DIA.US,5,20260205,175000,490.39,491.13,490.39,491,125279,0
DIA.US,5,20260205,175500,491.01,491.5,490.77,491.48,105564,0
DIA.US,5,20260205,180000,491.4,491.52,490.57,490.9,92068,0
DIA.US,5,20260205,180500,490.86,491.16,490.81,490.96,38873,0
DIA.US,5,20260205,181000,490.98,490.99,490.43,490.82,44389,0
DIA.US,5,20260205,181500,490.82,491.08,490.74,490.86,38510,0
DIA.US,5,20260205,182000,490.85,491.4231,490.3,491.4231,67172,0
DIA.US,5,20260205,182500,491.47,492.2,491.465,492.07,89748,0
DIA.US,5,20260205,183000,492.11,492.25,491.52,491.55,99700,0
DIA.US,5,20260205,183500,491.48,491.97,491.4,491.73,37100,0
DIA.US,5,20260205,184000,491.68,492.23,491.64,491.87,70080,0
DIA.US,5,20260205,184500,491.95,492.5276,491.54,491.54,59615,0
DIA.US,5,20260205,185000,491.53,491.92,491.31,491.56,48713,0
DIA.US,5,20260205,185500,491.5,491.67,491.26,491.37,41765,0
DIA.US,5,20260205,190000,491.36,491.73,491.21,491.32,37818,0
DIA.US,5,20260205,190500,491.3,491.36,491.05,491.18,34171,0
DIA.US,5,20260205,191000,491.19,491.25,490.79,490.95,42959,0
DIA.US,5,20260205,191500,490.9598,491.03,490.44,490.59,45791,0
DIA.US,5,20260205,192000,490.58,490.69,490,490.168,36735,0
DIA.US,5,20260205,192500,490.11,490.27,489.85,490.03,29631,0
DIA.US,5,20260205,193000,490.02,490.63,489.94,490.04,34072,0
DIA.US,5,20260205,193500,490.13,490.14,489.71,489.87,25663,0
DIA.US,5,20260205,194000,489.74,490.06,489.49,489.91,44502,0
DIA.US,5,20260205,194500,489.88,490.09,489.6,489.6,35797,0
DIA.US,5,20260205,195000,489.61,489.61,489.14,489.28,31408,0
DIA.US,5,20260205,195500,489.2,489.7,489.08,489.44,29742,0
DIA.US,5,20260205,200000,489.39,490.11,489.27,489.88,42131,0
DIA.US,5,20260205,200500,489.9,490.45,489.86,490.24,39114,0
DIA.US,5,20260205,201000,490.25,491.001,490.21,490.79,35509,0
DIA.US,5,20260205,201500,490.77,491.09,490.7,491.08,30969,0
DIA.US,5,20260205,202000,491.13,491.41,491.11,491.3,21626,0
DIA.US,5,20260205,202500,491.29,491.31,490.88,490.97,20296,0
DIA.US,5,20260205,203000,490.97,490.97,489.91004,490.4898,29144,0
DIA.US,5,20260205,203500,490.5,490.52,490.05,490.06,20387,0
DIA.US,5,20260205,204000,490.03,490.3,489.9,490.11,20223,0
DIA.US,5,20260205,204500,490.14,490.35,490.0085,490.19,35595,0
DIA.US,5,20260205,205000,490.24,490.29,489.8,490.11,41928,0
DIA.US,5,20260205,205500,490.14,490.29,490.04,490.21,36453,0
DIA.US,5,20260205,210000,490.22,490.31,489.97,490.22,32593,0
DIA.US,5,20260205,210500,490.22,490.84,490.08,490.78,30857,0
DIA.US,5,20260205,211000,490.77,490.91,490.42,490.55,38203,0
DIA.US,5,20260205,211500,490.54,490.54,489.75,489.85,33171,0
DIA.US,5,20260205,212000,489.85,489.99,489.21,489.38,41000,0
DIA.US,5,20260205,212500,489.34,489.49,489.14,489.38,44225,0
DIA.US,5,20260205,213000,489.36,489.58,488.95,489.09,59888,0
DIA.US,5,20260205,213500,489.1,489.26,488.93,489.25,49430,0
DIA.US,5,20260205,214000,489.28,489.53,488.79,488.94,72012,0
DIA.US,5,20260205,214500,488.89,488.99,488.46,488.8,114857,0
DIA.US,5,20260205,215000,488.79,489.08,488.36,488.73,128080,0
DIA.US,5,20260205,215500,488.69,489.25,488.68,488.95,363204,0
DIA.US,5,20260206,153000,492.37,495,492.13,494.635,352143,0
DIA.US,5,20260206,153500,494.63,495.92,494.5,495.33,202340,0
DIA.US,5,20260206,154000,495.41,496.09,495.16,496.08,297495,0
DIA.US,5,20260206,154500,496.07,496.2765,495.13,495.54,249242,0
DIA.US,5,20260206,155000,495.49,496.51,495.49,495.97,160031,0
DIA.US,5,20260206,155500,495.8999,496.52,495.69,496.31,181246,0
DIA.US,5,20260206,160000,496.4,496.94,496.13,496.51,288277,0
DIA.US,5,20260206,160500,496.52,497.06,496.44,496.84,150003,0
DIA.US,5,20260206,161000,496.89,497.76,496.86,496.96,169724,0
DIA.US,5,20260206,161500,496.9,497.29,496.47,497.09,99924,0
DIA.US,5,20260206,162000,497.09,497.44,496.4,496.55,90523,0
DIA.US,5,20260206,162500,496.67,497.24,496.47,497.05,53218,0
DIA.US,5,20260206,163000,497.07,497.61,496.81,497.2,132423,0
DIA.US,5,20260206,163500,497.22,497.7088,497.185,497.61,113371,0
DIA.US,5,20260206,164000,497.69,498.07,497.54,497.78,108990,0
DIA.US,5,20260206,164500,497.79,498.14,497.19,497.2,159585,0
DIA.US,5,20260206,165000,497.23,497.26,496.4,496.6,116055,0
DIA.US,5,20260206,165500,496.45,497.31,496.4,497.21,104417,0
DIA.US,5,20260206,170000,497.23,498.15,497.09,498.15,122767,0
DIA.US,5,20260206,170500,498.18,498.23,497.81,498.01,193660,0
DIA.US,5,20260206,171000,498,498.1738,497.75,497.85,64250,0
DIA.US,5,20260206,171500,497.919,498.0444,497.62,497.84,54070,0
DIA.US,5,20260206,172000,497.88,498.11,497.76,497.83,48336,0
DIA.US,5,20260206,172500,497.82,497.87,497.45,497.68,109718,0
DIA.US,5,20260206,173000,497.67,498.11,497.65,498.11,130138,0
DIA.US,5,20260206,173500,498.15,498.42,498.08,498.4,160356,0
DIA.US,5,20260206,174000,498.4006,498.68,498.37,498.57,218369,0
DIA.US,5,20260206,174500,498.57,498.82,498.5,498.7,92768,0
DIA.US,5,20260206,175000,498.69,498.78,498.56,498.68,51452,0
DIA.US,5,20260206,175500,498.67,498.67,498.34,498.57,117544,0
DIA.US,5,20260206,180000,498.58,498.78,498.39,498.73,78887,0
DIA.US,5,20260206,180500,498.75,499.06,498.68,498.88,50102,0
DIA.US,5,20260206,181000,498.89,499.01,498.48,498.87,269907,0
DIA.US,5,20260206,181500,498.86,498.96,498.47,498.7,134314,0
DIA.US,5,20260206,182000,498.71,498.77,498.56,498.67,30949,0
DIA.US,5,20260206,182500,498.67,498.79,498.59,498.7,53705,0
DIA.US,5,20260206,183000,498.755,498.96,498.69,498.76,47022,0
DIA.US,5,20260206,183500,498.71,498.71,498.4,498.52,38221,0
DIA.US,5,20260206,184000,498.515,498.91,498.515,498.9,27115,0
DIA.US,5,20260206,184500,498.9,499.37,498.9,499.3,46339,0
DIA.US,5,20260206,185000,499.34,499.78,499.33,499.53,147895,0
DIA.US,5,20260206,185500,499.51,499.59,499.38,499.44,54104,0
DIA.US,5,20260206,190000,499.46,499.73,499.46,499.61,44073,0
DIA.US,5,20260206,190500,499.61,499.66,499.3099,499.405,43527,0
DIA.US,5,20260206,191000,499.4,499.56,499.37,499.45,56767,0
DIA.US,5,20260206,191500,499.445,499.49,499.11,499.4,55687,0
DIA.US,5,20260206,192000,499.4,499.59,499.235,499.31,109962,0
DIA.US,5,20260206,192500,499.31,499.36,499.17,499.34,73313,0
DIA.US,5,20260206,193000,499.345,499.6499,499.34,499.54,61385,0
DIA.US,5,20260206,193500,499.53,499.85,499.53,499.79,33154,0
DIA.US,5,20260206,194000,499.79,499.87,499.685,499.81,62359,0
DIA.US,5,20260206,194500,499.81,499.94,499.79,499.85,31739,0
DIA.US,5,20260206,195000,499.86,499.91,499.64,499.65,24110,0
DIA.US,5,20260206,195500,499.65,499.71,499.35,499.42,38763,0
DIA.US,5,20260206,200000,499.41,499.78,499.37,499.78,68423,0
DIA.US,5,20260206,200500,499.78,499.85,499.63,499.75,32224,0
DIA.US,5,20260206,201000,499.73,499.875,499.655,499.77,25117,0
DIA.US,5,20260206,201500,499.78,499.87,499.7,499.73,36958,0
DIA.US,5,20260206,202000,499.73,500.11,499.73,499.975,34204,0
DIA.US,5,20260206,202500,500,500.08,499.89,500.06,47408,0
DIA.US,5,20260206,203000,500.08,500.15,499.79,499.89,48307,0
DIA.US,5,20260206,203500,499.85,499.94,499.8,499.81,19597,0
DIA.US,5,20260206,204000,499.79,499.84,499.67,499.73,52841,0
DIA.US,5,20260206,204500,499.75,500.22,499.75,500.15,34097,0
DIA.US,5,20260206,205000,500.135,500.25,500,500.07,54001,0
DIA.US,5,20260206,205500,500.07,500.08,499.91,500.02,34773,0
DIA.US,5,20260206,210000,500,500.205,499.93,500.07,72675,0
DIA.US,5,20260206,210500,500.06,500.17,500,500.03,24868,0
DIA.US,5,20260206,211000,500.02,500.07,499.93,499.96,47189,0
DIA.US,5,20260206,211500,499.96,500.06,499.91,500.02,30387,0
DIA.US,5,20260206,212000,500,500.48,499.99,500.35,56639,0
DIA.US,5,20260206,212500,500.3499,500.415,500.16,500.21,92606,0
DIA.US,5,20260206,213000,500.2,500.47,500.11,500.4,114823,0
DIA.US,5,20260206,213500,500.4,500.5,500.25,500.47,76206,0
DIA.US,5,20260206,214000,500.44,500.9,500.43,500.85,108784,0
DIA.US,5,20260206,214500,500.88,500.98,500.8,500.98,272915,0
DIA.US,5,20260206,215000,500.97,501.671,500.94,501.54,353906,0
DIA.US,5,20260206,215500,501.54,501.64,500.9,500.99,525139,0
DIA.US,5,20260209,153000,500.11,500.68,499.71,500.15,528499,0
DIA.US,5,20260209,153500,500.14,500.61,499.35,499.93,415771,0
DIA.US,5,20260209,154000,499.95,500.18,499.365,499.38,214480,0
DIA.US,5,20260209,154500,499.37,499.5075,498.61,498.73,210334,0
DIA.US,5,20260209,155000,498.78,499.14,498.305,499.12,82397,0
DIA.US,5,20260209,155500,499.18,499.5,499,499.36,98464,0
DIA.US,5,20260209,160000,499.31,499.94,499.15,499.94,112720,0
DIA.US,5,20260209,160500,499.96,500.105,499.76,499.83,74508,0
DIA.US,5,20260209,161000,499.85,500.01,499.63,499.9,67631,0
DIA.US,5,20260209,161500,499.92,500.53,499.89,500.42,74800,0
DIA.US,5,20260209,162000,500.47,501.08,500.42,500.9,87323,0
DIA.US,5,20260209,162500,500.87,500.92,500.64,500.8475,56406,0
DIA.US,5,20260209,163000,500.83,501.62,500.83,501.59,61476,0
DIA.US,5,20260209,163500,501.6,502.16,501.6,502.02,52725,0
DIA.US,5,20260209,164000,502.04,502.14,501.67,501.75,37822,0
DIA.US,5,20260209,164500,501.77,501.83,501.292,501.54,50640,0
DIA.US,5,20260209,165000,501.59,501.64,501.28,501.38,41023,0
DIA.US,5,20260209,165500,501.46,501.79,501.38,501.72,27202,0
DIA.US,5,20260209,170000,501.75,501.82,501.64,501.69,19535,0
DIA.US,5,20260209,170500,501.72,501.72,501.225,501.225,25695,0
DIA.US,5,20260209,171000,501.235,501.26,500.97,500.98,50487,0
DIA.US,5,20260209,171500,500.975,501.04,500.8,500.82,59484,0
DIA.US,5,20260209,172000,500.85,501.0499,500.84,500.9734,76685,0
DIA.US,5,20260209,172500,501.01,501.06,500.86,500.93,36497,0
DIA.US,5,20260209,173000,500.895,501.105,500.87,501.02,103089,0
DIA.US,5,20260209,173500,501.01,501.03,500.74,501.01,75963,0
DIA.US,5,20260209,174000,501.04,501.42,501.04,501.36,91369,0
DIA.US,5,20260209,174500,501.36,501.42,501.095,501.1,35150,0
DIA.US,5,20260209,175000,501.09,501.34,501.035,501.27,85195,0
DIA.US,5,20260209,175500,501.27,501.37,501.2,501.3,38980,0
DIA.US,5,20260209,180000,501.19,501.5,501.17,501.27,56079,0
DIA.US,5,20260209,180500,501.28,501.32,500.9201,500.98,34121,0
DIA.US,5,20260209,181000,500.99,501.121,500.82,500.82,30986,0
DIA.US,5,20260209,181500,500.81,500.9,500.75,500.79,34619,0
DIA.US,5,20260209,182000,500.8,500.85,500.64,500.85,28990,0
DIA.US,5,20260209,182500,500.86,501.08,500.84,501.05,35497,0
DIA.US,5,20260209,183000,501.07,501.18,500.92,501.14,36520,0
DIA.US,5,20260209,183500,501.12,501.32,500.81,500.81,23901,0
DIA.US,5,20260209,184000,500.79,500.875,500.68,500.875,22284,0
DIA.US,5,20260209,184500,500.89,500.97,500.765,500.82,25060,0
DIA.US,5,20260209,185000,500.85,500.97,500.79,500.855,12082,0
DIA.US,5,20260209,185500,500.88,500.88,500.7,500.75,11508,0
DIA.US,5,20260209,190000,500.72,500.8,500.55,500.66,17541,0
DIA.US,5,20260209,190500,500.66,500.99,500.6,500.95,33950,0
DIA.US,5,20260209,191000,500.95,501.06,500.85,501.02,20739,0
DIA.US,5,20260209,191500,501.008,501.045,500.92,501.02,18846,0
DIA.US,5,20260209,192000,501,501.11,500.28,500.965,72721,0
DIA.US,5,20260209,192500,500.95,501.08,500.78,500.8,16769,0
DIA.US,5,20260209,193000,500.85,501.19,500.75,501.15,26080,0
DIA.US,5,20260209,193500,501.1699,501.29,500.995,501.29,34775,0
DIA.US,5,20260209,194000,501.31,501.45,501.22,501.37,42908,0
DIA.US,5,20260209,194500,501.39,501.47,501.2825,501.4,67688,0
DIA.US,5,20260209,195000,501.4,501.48,501.22,501.23,41367,0
DIA.US,5,20260209,195500,501.16,501.29,501.1,501.18,24721,0
DIA.US,5,20260209,200000,501.18,501.44,501.1,501.35,43205,0
DIA.US,5,20260209,200500,501.38,501.4,501.08,501.17,24930,0
DIA.US,5,20260209,201000,501.17,501.51,501.16,501.42,16812,0
DIA.US,5,20260209,201500,501.44,501.5,501.35,501.5,14641,0
DIA.US,5,20260209,202000,501.49,501.76,501.4657,501.72,21634,0
DIA.US,5,20260209,202500,501.74,501.83,501.64,501.64,15858,0
DIA.US,5,20260209,203000,501.67,501.79,501.63,501.67,32246,0
DIA.US,5,20260209,203500,501.69,501.7,501.59,501.61,19981,0
DIA.US,5,20260209,204000,501.6,501.68,501.58,501.61,22247,0
DIA.US,5,20260209,204500,501.6,501.62,501.5,501.6097,20121,0
DIA.US,5,20260209,205000,501.571,501.72,501.571,501.72,16479,0
DIA.US,5,20260209,205500,501.71,501.73,501.62,501.72,28682,0
DIA.US,5,20260209,210000,501.67,501.94,501.67,501.815,28306,0
DIA.US,5,20260209,210500,501.82,502,501.81,501.8659,24711,0
DIA.US,5,20260209,211000,501.85,501.9,501.66,501.69,23155,0
DIA.US,5,20260209,211500,501.69,501.71,501.4,501.48,49941,0
DIA.US,5,20260209,212000,501.49,501.53,501.29,501.44,43630,0
DIA.US,5,20260209,212500,501.43,501.51,501.18,501.36,53349,0
DIA.US,5,20260209,213000,501.35,501.35,501.04,501.04,52014,0
DIA.US,5,20260209,213500,501.0101,501.28,500.96,501.28,93901,0
DIA.US,5,20260209,214000,501.26,501.4845,501.17,501.34,110708,0
DIA.US,5,20260209,214500,501.34,501.59,501.34,501.58,61438,0
DIA.US,5,20260209,215000,501.57,501.75,501.16,501.2401,181991,0
DIA.US,5,20260209,215500,501.24,501.62,501.19,501.22,310507,0
DIA.US,5,20260210,153000,502.34,503.96,502.22,503.24,332635,0
DIA.US,5,20260210,153500,503.23,503.77,502.79,503.3,292020,0
DIA.US,5,20260210,154000,503.33,504.1099,503.12,503.4903,189780,0
DIA.US,5,20260210,154500,503.56,504.4837,503.4401,504.11,199955,0
DIA.US,5,20260210,155000,504.14,504.83,504.14,504.755,247658,0
DIA.US,5,20260210,155500,504.8,505.3,504.625,505.16,226678,0
DIA.US,5,20260210,160000,505.16,505.17,504.81,504.9,131185,0
DIA.US,5,20260210,160500,504.89,505.02,504.64,504.785,75010,0
DIA.US,5,20260210,161000,504.75,504.76,503.57,504.08,115350,0
DIA.US,5,20260210,161500,504.04,504.43,503.67,504.4,79195,0
DIA.US,5,20260210,162000,504.42,504.76,504.14,504.155,89678,0
DIA.US,5,20260210,162500,504.14,504.27,503.88,504.24,73435,0
DIA.US,5,20260210,163000,504.24,504.63,503.99,504.05,165773,0
DIA.US,5,20260210,163500,504.06,504.07,503.66,503.83,68026,0
DIA.US,5,20260210,164000,503.86,504.34,503.825,504.09,41396,0
DIA.US,5,20260210,164500,504.12,504.13,503.4,503.585,63074,0
DIA.US,5,20260210,165000,503.5509,503.75,503.27,503.74,78404,0
DIA.US,5,20260210,165500,503.7599,503.95,503.49,503.75,53644,0
DIA.US,5,20260210,170000,503.77,503.79,503.33,503.44,65513,0
DIA.US,5,20260210,170500,503.41,503.51,503.12,503.17,100075,0
DIA.US,5,20260210,171000,503.21,503.4,503.05,503.255,80540,0
DIA.US,5,20260210,171500,503.24,503.54,502.78,502.85,120083,0
DIA.US,5,20260210,172000,502.81,503.03,502.54,502.9,92810,0
DIA.US,5,20260210,172500,502.91,503.58,502.89,503.45,58846,0
DIA.US,5,20260210,173000,503.45,503.56,503.305,503.375,84556,0
DIA.US,5,20260210,173500,503.42,504.03,503.3,503.96,45505,0
DIA.US,5,20260210,174000,503.95,504.14,503.76,503.78,59270,0
DIA.US,5,20260210,174500,503.83,504.1,503.55,503.58,42527,0
DIA.US,5,20260210,175000,503.53,504.07,503.32,504.05,69029,0
DIA.US,5,20260210,175500,504.04,504.3999,503.93,504.22,35244,0
DIA.US,5,20260210,180000,504.21,504.355,503.48,503.67,54344,0
DIA.US,5,20260210,180500,503.66,504.24,503.64,504.085,68887,0
DIA.US,5,20260210,181000,504.145,504.57,504.11,504.54,35609,0
DIA.US,5,20260210,181500,504.53,504.54,504.36,504.47,28198,0
DIA.US,5,20260210,182000,504.52,504.535,504.02,504.04,43251,0
DIA.US,5,20260210,182500,504.02,504.225,503.95,504.06,53446,0
DIA.US,5,20260210,183000,504.09,504.09,503.83,503.91,29533,0
DIA.US,5,20260210,183500,503.8775,503.9099,503.62,503.8199,29691,0
DIA.US,5,20260210,184000,503.85,504.1,503.84,503.96,34066,0
DIA.US,5,20260210,184500,503.97,504.07,503.91,503.94,43040,0
DIA.US,5,20260210,185000,503.93,504.05,503.88,503.9,17754,0
DIA.US,5,20260210,185500,503.9,503.9293,503.65,503.725,31167,0
DIA.US,5,20260210,190000,503.71,503.83,503.6,503.6,17637,0
DIA.US,5,20260210,190500,503.59,503.63,503.18,503.2201,37287,0
DIA.US,5,20260210,191000,503.22,503.39,503.11,503.12,44465,0
DIA.US,5,20260210,191500,503.13,503.1699,502.58,502.82,98267,0
DIA.US,5,20260210,192000,502.74,502.92,502.47,502.7,35262,0
DIA.US,5,20260210,192500,502.68,502.71,502,502.05,47706,0
DIA.US,5,20260210,193000,501.99,502.12,501.66,501.91,138893,0
DIA.US,5,20260210,193500,501.9,502.33,501.8,502.19,118098,0
DIA.US,5,20260210,194000,502.18,502.18,501.94,501.94,48372,0
DIA.US,5,20260210,194500,501.901,501.92,501.37,501.4201,62519,0
DIA.US,5,20260210,195000,501.46,501.595,501.26,501.41,36055,0
DIA.US,5,20260210,195500,501.42,502.06,501.33,501.93,56833,0
DIA.US,5,20260210,200000,501.98,502.04,501.731,501.79,37754,0
DIA.US,5,20260210,200500,501.76,502.06,501.74,501.9,66870,0
DIA.US,5,20260210,201000,501.88,502.17,501.88,502.105,26012,0
DIA.US,5,20260210,201500,502.06,502.06,501.8,501.85,34354,0
DIA.US,5,20260210,202000,501.86,502.3,501.84,502.27,46413,0
DIA.US,5,20260210,202500,502.27,502.44,502.2002,502.44,24072,0
DIA.US,5,20260210,203000,502.47,502.65,502.38,502.41,31434,0
DIA.US,5,20260210,203500,502.3886,502.7,502.3886,502.7,32101,0
DIA.US,5,20260210,204000,502.6666,502.6666,502.23,502.28,35888,0
DIA.US,5,20260210,204500,502.28,502.5769,502.27,502.5769,45201,0
DIA.US,5,20260210,205000,502.57,502.575,502.2725,502.31,16366,0
DIA.US,5,20260210,205500,502.36,502.6696,502.36,502.6696,19426,0
DIA.US,5,20260210,210000,502.68,502.94,502.625,502.68,31812,0
DIA.US,5,20260210,210500,502.685,502.78,502.51,502.76,27738,0
DIA.US,5,20260210,211000,502.74,502.85,502.64,502.66,22740,0
DIA.US,5,20260210,211500,502.65,502.92,502.65,502.86,40617,0
DIA.US,5,20260210,212000,502.84,502.97,502.625,502.625,72906,0
DIA.US,5,20260210,212500,502.605,502.7,502.5125,502.53,52402,0
DIA.US,5,20260210,213000,502.53,502.68,502.47,502.52,76391,0
DIA.US,5,20260210,213500,502.52,502.6199,502.38,502.44,67331,0
DIA.US,5,20260210,214000,502.43,502.58,502.335,502.36,109198,0
DIA.US,5,20260210,214500,502.39,502.49,502.32,502.48,119448,0
DIA.US,5,20260210,215000,502.5,502.63,501.94,502.13,252630,0
DIA.US,5,20260210,215500,502.11,502.16,501.62,501.94,289584,0
DIA.US,5,20260211,153000,504.21,505.12,503.9,504.7,401321,0
DIA.US,5,20260211,153500,504.74,504.74,504.07,504.17,151923,0
DIA.US,5,20260211,154000,504.15,504.78,503.73,503.84,116045,0
DIA.US,5,20260211,154500,503.83,504.7,503.59,503.59,116298,0
DIA.US,5,20260211,155000,503.6,503.84,503.19,503.41,89722,0
DIA.US,5,20260211,155500,503.43,503.67,502.92,503.17,80543,0
DIA.US,5,20260211,160000,503.22,503.42,502.63,502.8,66321,0
DIA.US,5,20260211,160500,502.81,502.8325,501.92,501.92,123066,0
DIA.US,5,20260211,161000,501.9,501.91,500.72,501.31,112055,0
DIA.US,5,20260211,161500,501.22,501.51,500.43,500.565,116742,0
DIA.US,5,20260211,162000,500.59,500.63,499.84,499.94,158463,0
DIA.US,5,20260211,162500,499.91,500.79,499.615,500.23,125209,0
DIA.US,5,20260211,163000,500.2,500.43,499.94,500.295,156815,0
DIA.US,5,20260211,163500,500.28,500.47,499.65,500.27,99311,0
DIA.US,5,20260211,164000,500.23,500.5,499.59,499.77,106769,0
DIA.US,5,20260211,164500,499.78,500.06,499.22,499.2592,101636,0
DIA.US,5,20260211,165000,499.26,499.865,499.13,499.855,94850,0
DIA.US,5,20260211,165500,499.82,500.0375,499.71,499.96,56274,0
DIA.US,5,20260211,170000,499.91,500.38,499.64,499.7,73024,0
DIA.US,5,20260211,170500,499.72,499.98,499.62,499.661,44407,0
DIA.US,5,20260211,171000,499.64,500.87,499.64,500.82,54258,0
DIA.US,5,20260211,171500,500.78,501.2825,500.5537,501.21,37172,0
DIA.US,5,20260211,172000,501.26,501.89,501.25,501.73,42834,0
DIA.US,5,20260211,172500,501.7851,501.9599,500.95,500.95,105516,0
DIA.US,5,20260211,173000,500.92,501.73,500.74,501.71,62583,0
DIA.US,5,20260211,173500,501.74,501.95,501.44,501.93,44242,0
DIA.US,5,20260211,174000,501.95,502.425,501.95,502.33,28481,0
DIA.US,5,20260211,174500,502.33,502.64,502.1451,502.2491,17932,0
DIA.US,5,20260211,175000,502.25,502.6,502.16,502.41,26446,0
DIA.US,5,20260211,175500,502.37,502.43,501.78,501.81,24561,0
DIA.US,5,20260211,180000,501.8,501.87,501.42,501.42,48331,0
DIA.US,5,20260211,180500,501.42,501.88,501.3,501.81,59160,0
DIA.US,5,20260211,181000,501.84,501.89,501.51,501.74,27203,0
DIA.US,5,20260211,181500,501.74,502.12,501.46,501.86,23210,0
DIA.US,5,20260211,182000,501.89,502.16,501.685,502.16,19732,0
DIA.US,5,20260211,182500,502.17,502.5,502.08,502.14,25397,0
DIA.US,5,20260211,183000,502.11,502.16,501.62,501.93,49656,0
DIA.US,5,20260211,183500,501.91,502.24,501.89,502.1,20679,0
DIA.US,5,20260211,184000,502.09,502.44,502.09,502.37,15366,0
DIA.US,5,20260211,184500,502.33,502.4101,501.95,502.08,22843,0
DIA.US,5,20260211,185000,502.03,502.22,501.71,501.84,33473,0
DIA.US,5,20260211,185500,501.84,501.86,501.34,501.49,80814,0
DIA.US,5,20260211,190000,501.4399,501.67,501.28,501.4,41733,0
DIA.US,5,20260211,190500,501.37,501.41,500.92,500.94,56639,0
DIA.US,5,20260211,191000,500.86,500.8699,500.49,500.515,43991,0
DIA.US,5,20260211,191500,500.56,501.04,500.31,500.68,39774,0
DIA.US,5,20260211,192000,500.59,500.83,500.52,500.75,20950,0
DIA.US,5,20260211,192500,500.69,501.2711,500.655,501.2711,24943,0
DIA.US,5,20260211,193000,501.27,501.39,500.67,500.68,40416,0
DIA.US,5,20260211,193500,500.62,500.89,500.54,500.81,32555,0
DIA.US,5,20260211,194000,500.81,500.81,500.38,500.58,29572,0
DIA.US,5,20260211,194500,500.58,500.93,500.58,500.88,26069,0
DIA.US,5,20260211,195000,500.94,500.94,500.41,500.85,69707,0
DIA.US,5,20260211,195500,500.87,500.93,500.61,500.72,10540,0
DIA.US,5,20260211,200000,500.7,501.14,500.6101,501.12,31478,0
DIA.US,5,20260211,200500,501.14,501.25,500.73,501.0722,110569,0
DIA.US,5,20260211,201000,501.07,501.7,501.07,501.66,32508,0
DIA.US,5,20260211,201500,501.68,501.8,501.62,501.68,21138,0
DIA.US,5,20260211,202000,501.69,501.98,501.66,501.83,16688,0
DIA.US,5,20260211,202500,501.87,501.9,501.51,501.66,21819,0
DIA.US,5,20260211,203000,501.66,501.71,501.3,501.71,31603,0
DIA.US,5,20260211,203500,501.68,501.86,501.65,501.6599,17173,0
DIA.US,5,20260211,204000,501.62,501.75,501.55,501.74,14173,0
DIA.US,5,20260211,204500,501.67,501.68,501.133,501.51,45948,0
DIA.US,5,20260211,205000,501.49,501.5899,501.26,501.5,32090,0
DIA.US,5,20260211,205500,501.53,501.57,501.31,501.35,28633,0
DIA.US,5,20260211,210000,501.33,501.64,501.3,501.54,12758,0
DIA.US,5,20260211,210500,501.49,501.58,501.36,501.45,12127,0
DIA.US,5,20260211,211000,501.43,501.66,501.42,501.61,20856,0
DIA.US,5,20260211,211500,501.63,501.78,501.59,501.67,31867,0
DIA.US,5,20260211,212000,501.675,501.8738,501.56,501.77,19188,0
DIA.US,5,20260211,212500,501.68,501.8885,501.4,501.47,48447,0
DIA.US,5,20260211,213000,501.35,501.39,501.06,501.08,50782,0
DIA.US,5,20260211,213500,501.07,501.5,501.04,501.5,26547,0
DIA.US,5,20260211,214000,501.49,501.6722,501.35,501.42,22488,0
DIA.US,5,20260211,214500,501.43,501.74,501.36,501.7284,26973,0
DIA.US,5,20260211,215000,501.73,501.79,501.31,501.67,77927,0
DIA.US,5,20260211,215500,501.66,501.75,501.19,501.35,263444,0
DIA.US,5,20260212,153000,503.13,504.3,502.88,504.25,429703,0
DIA.US,5,20260212,153500,504.24,504.54,503.19,503.99,266731,0
DIA.US,5,20260212,154000,503.99,504.26,503.27,503.4,132141,0
DIA.US,5,20260212,154500,503.4,503.93,503.045,503.13,164442,0
DIA.US,5,20260212,155000,503.12,503.81,502.93,503.55,168108,0
DIA.US,5,20260212,155500,503.55,503.57,502.93,503.38,89168,0
DIA.US,5,20260212,160000,503.4,504.0399,503.06,503.45,116792,0
DIA.US,5,20260212,160500,503.49,503.51,502.94,503.11,71690,0
DIA.US,5,20260212,161000,503.12,504,503.05,503.95,81651,0
DIA.US,5,20260212,161500,503.91,504.02,503.2,503.2,86776,0
DIA.US,5,20260212,162000,503.19,503.6,502.735,503.165,116648,0
DIA.US,5,20260212,162500,503.155,503.25,502.71,503.03,88648,0
DIA.US,5,20260212,163000,503.07,503.27,502.26,502.3,67085,0
DIA.US,5,20260212,163500,502.31,502.495,501.78,501.92,80439,0
DIA.US,5,20260212,164000,501.94,502.09,501.58,501.79,71056,0
DIA.US,5,20260212,164500,501.75,502.22,501.75,501.965,53589,0
DIA.US,5,20260212,165000,501.88,502.15,501.63,501.63,40987,0
DIA.US,5,20260212,165500,501.55,501.66,500.93,501.01,69718,0
DIA.US,5,20260212,170000,501.03,501.13,500.18,500.21,93039,0
DIA.US,5,20260212,170500,500.2,500.25,499.08,499.11,122221,0
DIA.US,5,20260212,171000,499.16,499.21,498.16,498.35,136113,0
DIA.US,5,20260212,171500,498.34,498.44,497.59,497.78,166621,0
DIA.US,5,20260212,172000,497.78,497.82,496.99,497.24,231858,0
DIA.US,5,20260212,172500,497.2,497.255,496.27,496.32,149314,0
DIA.US,5,20260212,173000,496.26,497.115,496.25,496.73,62476,0
DIA.US,5,20260212,173500,496.76,497.22,496.3701,496.66,150913,0
DIA.US,5,20260212,174000,496.66,496.79,496,496.18,137388,0
DIA.US,5,20260212,174500,496.19,496.48,495.6,495.88,95560,0
DIA.US,5,20260212,175000,495.94,496.19,495.67,495.955,106947,0
DIA.US,5,20260212,175500,495.98,496.47,495.94,496.34,69278,0
DIA.US,5,20260212,180000,496.27,496.3,495.34,495.87,103718,0
DIA.US,5,20260212,180500,495.9,496.37,495.19,496.24,98753,0
DIA.US,5,20260212,181000,496.23,496.23,495.394,495.425,120233,0
DIA.US,5,20260212,181500,495.41,495.68,495.26,495.5,61042,0
DIA.US,5,20260212,182000,495.51,496.37,495.46,496.265,72013,0
DIA.US,5,20260212,182500,496.28,496.3,495.35,495.39,84281,0
DIA.US,5,20260212,183000,495.38,495.8,495.1712,495.75,92532,0
DIA.US,5,20260212,183500,495.755,496.26,495.69,495.94,66955,0
DIA.US,5,20260212,184000,495.96,496.305,495.79,496.14,53242,0
DIA.US,5,20260212,184500,496.175,496.38,495.4209,495.55,58223,0
DIA.US,5,20260212,185000,495.55,495.82,495.47,495.52,10481,0
DIA.US,5,20260212,185500,495.39,495.545,494.81,494.87,76773,0
DIA.US,5,20260212,190000,494.83,495.38,494.51,495.03,60600,0
DIA.US,5,20260212,190500,495.09,495.6,494.87,494.91,88297,0
DIA.US,5,20260212,191000,494.9275,494.95,494.64,494.74,57760,0
DIA.US,5,20260212,191500,494.71,494.92,494.5,494.675,36503,0
DIA.US,5,20260212,192000,494.68,495.365,494.68,495.21,30537,0
DIA.US,5,20260212,192500,495.22,495.55,494.42,494.94,88915,0
DIA.US,5,20260212,193000,494.91,495.38,494.69,495.28,101671,0
DIA.US,5,20260212,193500,495.32,495.95,495.26,495.95,69121,0
DIA.US,5,20260212,194000,496,496.24,495.64,496.21,85063,0
DIA.US,5,20260212,194500,496.21,496.49,496.08,496.29,49675,0
DIA.US,5,20260212,195000,496.29,496.78,496.16,496.495,41288,0
DIA.US,5,20260212,195500,496.54,496.69,495.88,496.22,110362,0
DIA.US,5,20260212,200000,496.23,496.6,496.17,496.19,76536,0
DIA.US,5,20260212,200500,496.23,496.53,496.2,496.315,28511,0
DIA.US,5,20260212,201000,496.32,496.56,495.865,496.47,53319,0
DIA.US,5,20260212,201500,496.46,497.16,496.46,497.0921,73977,0
DIA.US,5,20260212,202000,497.09,497.2631,496.96,497.01,56842,0
DIA.US,5,20260212,202500,496.98,497.09,496.2999,496.52,87442,0
DIA.US,5,20260212,203000,496.5,497.09,496.49,497.07,70173,0
DIA.US,5,20260212,203500,497.11,497.34,497.02,497.28,65945,0
DIA.US,5,20260212,204000,497.28,497.38,496.88,497.07,75285,0
DIA.US,5,20260212,204500,497.09,497.58,497.08,497.54,58386,0
DIA.US,5,20260212,205000,497.56,497.79,497.48,497.55,54970,0
DIA.US,5,20260212,205500,497.58,497.89,497.26,497.58,85735,0
DIA.US,5,20260212,210000,497.59,498,497.56,498,50305,0
DIA.US,5,20260212,210500,498.03,498.09,497.56,497.56,46552,0
DIA.US,5,20260212,211000,497.51,497.61,497.24,497.41,65896,0
DIA.US,5,20260212,211500,497.42,497.48,497.1,497.1899,51278,0
DIA.US,5,20260212,212000,497.17,497.17,496.82,496.96,34014,0
DIA.US,5,20260212,212500,496.9,496.9401,496.57,496.61,44719,0
DIA.US,5,20260212,213000,496.59,496.68,496.19,496.24,61617,0
DIA.US,5,20260212,213500,496.26,496.35,495.96,496.11,71982,0
DIA.US,5,20260212,214000,496.11,496.34,495.815,495.98,56716,0
DIA.US,5,20260212,214500,495.985,496.04,495.13,495.25,103082,0
DIA.US,5,20260212,215000,495.29,495.29,494.32,494.86,239795,0
DIA.US,5,20260212,215500,494.89,495.1,494.47,494.64,349827,0
DIA.US,5,20260213,153000,495.04,495.16,493.57,493.8,662536,0
DIA.US,5,20260213,153500,493.79,493.81,492.67,492.68,282716,0
DIA.US,5,20260213,154000,492.65,493.319,491.2,493.27,220934,0
DIA.US,5,20260213,154500,493.34,494.77,493.29,493.73,240556,0
DIA.US,5,20260213,155000,493.77,494.36,492.99,493.73,277875,0
DIA.US,5,20260213,155500,493.72,494.945,493.33,493.56,156771,0
DIA.US,5,20260213,160000,493.56,494.675,493.56,494.23,223367,0
DIA.US,5,20260213,160500,494.21,495.38,493.48,495.26,166212,0
DIA.US,5,20260213,161000,495.26,495.7,494.49,494.57,158069,0
DIA.US,5,20260213,161500,494.53,495.25,493.82,494.0375,139966,0
DIA.US,5,20260213,162000,494.05,494.67,493.72,493.95,101403,0
DIA.US,5,20260213,162500,493.945,495.52,493.87,495.39,98651,0
DIA.US,5,20260213,163000,495.38,496.29,495.26,496.04,87336,0
DIA.US,5,20260213,163500,496.05,496.465,495.7,495.75,58045,0
DIA.US,5,20260213,164000,495.75,495.9,494.75,494.79,107587,0
DIA.US,5,20260213,164500,494.81,495.28,494.41,495.01,102242,0
DIA.US,5,20260213,165000,495.02,496,494.98,495.4351,89658,0
DIA.US,5,20260213,165500,495.41,495.8,495.14,495.27,88205,0
DIA.US,5,20260213,170000,495.32,496.0805,495.21,496.06,62715,0
DIA.US,5,20260213,170500,496.045,496.39,496.005,496.1601,88632,0
DIA.US,5,20260213,171000,496.18,496.18,495.49,495.695,51713,0
DIA.US,5,20260213,171500,495.81,496.47,495.76,496.46,31152,0
DIA.US,5,20260213,172000,495.7,495.755,495.0889,495.46,43978,0
DIA.US,5,20260213,172500,495.47,496.49,495.36,496.33,54329,0
DIA.US,5,20260213,173000,496.32,496.45,495.71,496.2925,108376,0
DIA.US,5,20260213,173500,496.3,496.57,495.92,496.55,44455,0
DIA.US,5,20260213,174000,496.58,496.75,496.38,496.46,64613,0
DIA.US,5,20260213,174500,496.48,496.88,496.37,496.57,66627,0
DIA.US,5,20260213,175000,496.56,497,496.51,497,47254,0
DIA.US,5,20260213,175500,497,497.3,496.72,496.73,67160,0
DIA.US,5,20260213,180000,496.76,497.23,496.62,497.105,60539,0
DIA.US,5,20260213,180500,497.15,497.41,496.96,497.2,49618,0
DIA.US,5,20260213,181000,497.21,497.57,496.85,497.55,83754,0
DIA.US,5,20260213,181500,497.535,497.535,496.79,496.89,45842,0
DIA.US,5,20260213,182000,496.89,497.45,496.82,497.08,65066,0
DIA.US,5,20260213,182500,497.08,497.11,496.75,496.815,79777,0
DIA.US,5,20260213,183000,496.83,497.23,496.7892,497.08,54038,0
DIA.US,5,20260213,183500,497.06,497.18,496.86,497.09,38819,0
DIA.US,5,20260213,184000,497.12,497.42,497.07,497.175,40772,0
DIA.US,5,20260213,184500,497.16,497.42,496.98,497.35,37619,0
DIA.US,5,20260213,185000,497.33,497.36,496.97,497.1265,56550,0
DIA.US,5,20260213,185500,497.125,497.195,496.78,496.96,64019,0
DIA.US,5,20260213,190000,496.96,497.09,496.47,496.55,72110,0
DIA.US,5,20260213,190500,496.55,496.97,496.28,496.89,35073,0
DIA.US,5,20260213,191000,496.895,497.36,496.895,497.2699,47850,0
DIA.US,5,20260213,191500,497.19,497.6,497.06,497.29,30774,0
DIA.US,5,20260213,192000,497.27,497.78,497.27,497.57,33869,0
DIA.US,5,20260213,192500,497.59,497.645,496.75,496.905,37483,0
DIA.US,5,20260213,193000,496.89,497.35,496.89,497.22,44444,0
DIA.US,5,20260213,193500,497.23,497.33,496.78,497.12,30882,0
DIA.US,5,20260213,194000,497.12,497.13,496.55,496.605,29920,0
DIA.US,5,20260213,194500,496.61,496.94,496.53,496.54,25990,0
DIA.US,5,20260213,195000,496.51,496.54,496.05,496.3,47506,0
DIA.US,5,20260213,195500,496.25,496.4,495.96,496.185,33102,0
DIA.US,5,20260213,200000,496.16,496.65,496.05,496.38,29001,0
DIA.US,5,20260213,200500,496.42,496.89,496.39,496.83,18301,0
DIA.US,5,20260213,201000,496.86,497.06,496.55,496.795,34688,0
DIA.US,5,20260213,201500,496.805,496.81,496.48,496.72,18758,0
DIA.US,5,20260213,202000,496.77,496.83,496.605,496.78,22852,0
DIA.US,5,20260213,202500,496.79,496.8,496,496.09,29847,0
DIA.US,5,20260213,203000,496.12,496.62,496.12,496.37,62844,0
DIA.US,5,20260213,203500,496.38,496.46,495.78,496,42970,0
DIA.US,5,20260213,204000,495.99,496.08,495.4347,495.74,38703,0
DIA.US,5,20260213,204500,495.7,496.12,495.5901,495.9,50368,0
DIA.US,5,20260213,205000,495.92,495.95,495.4973,495.58,41611,0
DIA.US,5,20260213,205500,495.58,495.83,495.09,495.16,66680,0
DIA.US,5,20260213,210000,495.27,495.73,495.26,495.7,61164,0
DIA.US,5,20260213,210500,495.7,495.92,495.67,495.9,27578,0
DIA.US,5,20260213,211000,495.89,495.89,495.39,495.39,50890,0
DIA.US,5,20260213,211500,495.35,495.67,495.24,495.62,38297,0
DIA.US,5,20260213,212000,495.58,495.58,495.04,495.05,50589,0
DIA.US,5,20260213,212500,495.04,495.135,494.14,494.26,96457,0
DIA.US,5,20260213,213000,494.39,494.78,494.17,494.17,90452,0
DIA.US,5,20260213,213500,494.17,494.38,494.005,494.29,148344,0
DIA.US,5,20260213,214000,494.25,494.5,493.87,494.08,95227,0
DIA.US,5,20260213,214500,494,494.93,493.99,494.86,73621,0
DIA.US,5,20260213,215000,494.82,495.12,494.29,495.07,151024,0
DIA.US,5,20260213,215500,495.07,495.44,494.83,495.27,245153,0
DIA.US,5,20260217,153000,495.33,497.45,495.25,495.81,309901,0
DIA.US,5,20260217,153500,495.78,496.38,495.29,496.25,254189,0
DIA.US,5,20260217,154000,496.24,496.66,495.36,495.66,203618,0
DIA.US,5,20260217,154500,495.72,496.73,495.28,496.22,171505,0
DIA.US,5,20260217,155000,496.25,496.49,494.4,494.55,250328,0
DIA.US,5,20260217,155500,494.55,494.7,493.63,493.7,90600,0
DIA.US,5,20260217,160000,493.68,494.24,493.52,494.2,71963,0
DIA.US,5,20260217,160500,494.25,494.52,493.3,493.365,76976,0
DIA.US,5,20260217,161000,493.26,493.62,492.88,492.99,91066,0
DIA.US,5,20260217,161500,492.89,494.44,492.76,494.39,120803,0
DIA.US,5,20260217,162000,494.46,494.5,493.33,493.34,99416,0
DIA.US,5,20260217,162500,493.32,493.54,492.67,493.16,126395,0
DIA.US,5,20260217,163000,493.12,493.36,492.245,492.41,89275,0
DIA.US,5,20260217,163500,492.43,492.99,492.18,492.28,94916,0
DIA.US,5,20260217,164000,492.26,492.83,492.11,492.58,79021,0
DIA.US,5,20260217,164500,492.59,493.56,492.48,493.115,96148,0
DIA.US,5,20260217,165000,493.11,493.49,492.7,493.3,66055,0
DIA.US,5,20260217,165500,493.23,493.76,493.06,493.735,70403,0
DIA.US,5,20260217,170000,493.74,494.39,493.575,494.13,80117,0
DIA.US,5,20260217,170500,494.17,495.2,494.12,495.15,82669,0
DIA.US,5,20260217,171000,495.14,496.22,495.14,496.095,80157,0
DIA.US,5,20260217,171500,496.15,496.34,495.9889,496.1,33255,0
DIA.US,5,20260217,172000,496.39,496.87,496.3,496.7,71412,0
DIA.US,5,20260217,172500,496.72,496.87,495.76,495.78,61867,0
DIA.US,5,20260217,173000,495.79,495.92,495.24,495.78,89074,0
DIA.US,5,20260217,173500,495.77,496.19,495.53,495.93,100268,0
DIA.US,5,20260217,174000,495.87,496.07,495.67,495.76,42814,0
DIA.US,5,20260217,174500,495.74,496.04,495.56,495.66,33059,0
DIA.US,5,20260217,175000,495.66,496.18,495.66,496.18,40843,0
DIA.US,5,20260217,175500,496.165,496.57,495.88,496.19,91594,0
DIA.US,5,20260217,180000,496.19,496.2641,495.65,495.88,35987,0
DIA.US,5,20260217,180500,495.86,496.16,495.73,495.73,19728,0
DIA.US,5,20260217,181000,495.73,495.86,495.18,495.24,30527,0
DIA.US,5,20260217,181500,495.44,495.62,495.213,495.42,32723,0
DIA.US,5,20260217,182000,495.42,495.533,494.88,495.2325,35507,0
DIA.US,5,20260217,182500,495.25,495.88,495.14,495.87,48935,0
DIA.US,5,20260217,183000,495.89,496.0599,495.44,495.92,76092,0
DIA.US,5,20260217,183500,495.87,496.03,495.49,495.62,28751,0
DIA.US,5,20260217,184000,495.53,495.55,494.4351,494.455,73719,0
DIA.US,5,20260217,184500,494.39,494.88,494.12,494.84,66845,0
DIA.US,5,20260217,185000,494.63,494.77,493.8,494.11,61203,0
DIA.US,5,20260217,185500,494.07,495.14,494,495.04,50446,0
DIA.US,5,20260217,190000,495.05,495.19,494.62,494.9625,28649,0
DIA.US,5,20260217,190500,494.97,495.04,494.48,494.55,17127,0
DIA.US,5,20260217,191000,494.575,494.86,494.22,494.4478,63744,0
DIA.US,5,20260217,191500,494.38,494.63,494.17,494.38,26122,0
DIA.US,5,20260217,192000,494.43,495.59,494.33,495.2,76479,0
DIA.US,5,20260217,192500,495.19,495.66,494.855,495.59,39510,0
DIA.US,5,20260217,193000,495.605,496.02,495.34,496.01,30649,0
DIA.US,5,20260217,193500,495.86,496.39,495.76,496.38,30465,0
DIA.US,5,20260217,194000,496.37,496.77,496.33,496.575,26550,0
DIA.US,5,20260217,194500,496.58,496.92,496.58,496.87,35150,0
DIA.US,5,20260217,195000,496.92,497.15,496.77,496.99,68366,0
DIA.US,5,20260217,195500,496.93,497.3,496.75,496.88,49131,0
DIA.US,5,20260217,200000,496.845,496.95,496.68,496.89,33950,0
DIA.US,5,20260217,200500,496.95,497.005,496.42,496.49,27672,0
DIA.US,5,20260217,201000,496.5402,496.77,496.3,496.75,58566,0
DIA.US,5,20260217,201500,496.74,496.77,496.37,496.44,28695,0
DIA.US,5,20260217,202000,496.44,496.96,496.41783,496.9,39938,0
DIA.US,5,20260217,202500,496.9,496.9,496.42,496.48,49308,0
DIA.US,5,20260217,203000,496.51,496.74,496.31,496.74,27795,0
DIA.US,5,20260217,203500,496.73,496.73,496.415,496.67,27479,0
DIA.US,5,20260217,204000,496.7,496.905,496.52,496.81,29884,0
DIA.US,5,20260217,204500,496.81,496.86,496.54,496.65,23966,0
DIA.US,5,20260217,205000,496.62,496.62,496.07,496.3701,33917,0
DIA.US,5,20260217,205500,496.38,496.56,496.16,496.26,43118,0
DIA.US,5,20260217,210000,496.3,496.52,496.14,496.3,30197,0
DIA.US,5,20260217,210500,496.31,496.36,496.12,496.17,23708,0
DIA.US,5,20260217,211000,496.18,496.24,496.0201,496.2,19726,0
DIA.US,5,20260217,211500,496.23,496.44,496.09,496.11,36348,0
DIA.US,5,20260217,212000,496.13,496.22,495.93,495.96,42439,0
DIA.US,5,20260217,212500,496.03,496.14,495.88,495.97,22202,0
DIA.US,5,20260217,213000,495.95,495.99,495.43,495.59,37589,0
DIA.US,5,20260217,213500,495.59,495.67,495.27,495.39,48783,0
DIA.US,5,20260217,214000,495.43,496.06,495.36,495.92,37482,0
DIA.US,5,20260217,214500,495.93,495.96,495.78,495.89,37282,0
DIA.US,5,20260217,215000,495.86,496.22,495.61,495.795,123665,0
DIA.US,5,20260217,215500,495.79,495.91,495.37,495.855,206362,0
DIA.US,5,20260218,153000,496.78,497,494.68,496.44,339751,0
DIA.US,5,20260218,153500,496.52,497.09,496.21,496.99,168217,0
DIA.US,5,20260218,154000,496.9575,498.42,496.85,498.12,176602,0
DIA.US,5,20260218,154500,498.05,498.22,496.55,496.73,118610,0
DIA.US,5,20260218,155000,496.8,497.9,496.46,497.82,62312,0
DIA.US,5,20260218,155500,497.835,498.21,497.69,497.88,75508,0
DIA.US,5,20260218,160000,497.8413,498.6,497.8413,498.36,90683,0
DIA.US,5,20260218,160500,498.4,498.85,498.32,498.45,102114,0
DIA.US,5,20260218,161000,498.41,498.85,498.31,498.72,60437,0
DIA.US,5,20260218,161500,498.735,499.34,498.67,498.83,71773,0
DIA.US,5,20260218,162000,498.855,499.01,498.55,498.6,26463,0
DIA.US,5,20260218,162500,498.58,498.795,498.37,498.5,81750,0
DIA.US,5,20260218,163000,498.58,498.71,498.31,498.54,42339,0
DIA.US,5,20260218,163500,498.57,499.055,498.49,498.89,25248,0
DIA.US,5,20260218,164000,498.93,499.18,498.81,499,39755,0
DIA.US,5,20260218,164500,499.06,499.12,498.72,498.93,45948,0
DIA.US,5,20260218,165000,498.8999,499.05,498.73,498.915,42816,0
DIA.US,5,20260218,165500,498.91,499.11,498.67,498.85,20247,0
DIA.US,5,20260218,170000,498.93,498.965,498.49,498.74,24771,0
DIA.US,5,20260218,170500,498.725,499.19,498.725,498.845,20634,0
DIA.US,5,20260218,171000,498.87,499.08,498.64,498.69,21051,0
DIA.US,5,20260218,171500,498.74,498.88,498.45,498.525,18498,0
DIA.US,5,20260218,172000,498.44,498.67,498.3801,498.505,13727,0
DIA.US,5,20260218,172500,498.48,498.585,498.26,498.48,41613,0
DIA.US,5,20260218,173000,498.5,498.69,498.42,498.49,30901,0
DIA.US,5,20260218,173500,498.45,498.64,498.355,498.53,15570,0
DIA.US,5,20260218,174000,498.5299,498.59,498.32,498.3899,13209,0
DIA.US,5,20260218,174500,498.31,498.53,498.23,498.4,28762,0
DIA.US,5,20260218,175000,498.4,498.58,498.14,498.25,37641,0
DIA.US,5,20260218,175500,498.24,498.47,498.225,498.32,27128,0
DIA.US,5,20260218,180000,498.35,498.72,498.16,498.7,22069,0
DIA.US,5,20260218,180500,498.71,499.2,498.69,498.91,30317,0
DIA.US,5,20260218,181000,498.9238,499.04,498.7,498.84,22727,0
DIA.US,5,20260218,181500,498.83,498.93,498.65,498.85,20565,0
DIA.US,5,20260218,182000,498.84,498.87,498.7,498.78,18295,0
DIA.US,5,20260218,182500,498.76,498.88,498.69,498.78,21686,0
DIA.US,5,20260218,183000,498.78,498.91,498.58,498.61,15038,0
DIA.US,5,20260218,183500,498.62,498.78,498.59,498.72,15914,0
DIA.US,5,20260218,184000,498.68,498.68,498.424,498.46,9206,0
DIA.US,5,20260218,184500,498.46,498.64,498.38,498.48,10819,0
DIA.US,5,20260218,185000,498.465,498.76,498.4501,498.7599,9455,0
DIA.US,5,20260218,185500,498.83,498.86,498.57,498.65,13772,0
DIA.US,5,20260218,190000,498.67,499,498.61,498.64,10277,0
DIA.US,5,20260218,190500,498.63,498.71,498.57,498.71,19551,0
DIA.US,5,20260218,191000,498.74,498.78,498.59,498.77,28914,0
DIA.US,5,20260218,191500,498.75,498.99,498.745,498.82,25184,0
DIA.US,5,20260218,192000,498.83,498.85,498.56,498.56,8009,0
DIA.US,5,20260218,192500,498.5,498.52,497.82,498.1,54428,0
DIA.US,5,20260218,193000,498.12,498.19,497.97,498.19,14683,0
DIA.US,5,20260218,193500,498.18,498.35,498.005,498.01,13313,0
DIA.US,5,20260218,194000,498.03,498.09,497.3216,497.71,48204,0
DIA.US,5,20260218,194500,497.7,498,497.61,497.67,29386,0
DIA.US,5,20260218,195000,497.64,497.64,496.81,497.34,45516,0
DIA.US,5,20260218,195500,497.25,497.42,497.12,497.38,32031,0
DIA.US,5,20260218,200000,497.36,497.74,497.05,497.74,50020,0
DIA.US,5,20260218,200500,497.75,497.76,497.07,497.16,17224,0
DIA.US,5,20260218,201000,497.16,497.4,496.85,496.85,23651,0
DIA.US,5,20260218,201500,496.85,496.91,496.6,496.6699,23451,0
DIA.US,5,20260218,202000,496.65,497.2,496.64,497.06,33778,0
DIA.US,5,20260218,202500,497.09,497.34,496.935,497.14,41021,0
DIA.US,5,20260218,203000,497.2,497.27,496.73,496.8,64859,0
DIA.US,5,20260218,203500,496.79,496.81,496.16,496.42,45651,0
DIA.US,5,20260218,204000,496.43,496.67,496.25,496.3,21578,0
DIA.US,5,20260218,204500,496.32,496.71,496.25,496.45,35679,0
DIA.US,5,20260218,205000,496.45,496.65,496.2501,496.2501,33633,0
DIA.US,5,20260218,205500,496.2542,496.31,495.77,496.22,91021,0
DIA.US,5,20260218,210000,496.195,496.64,496.15,496.44,38412,0
DIA.US,5,20260218,210500,496.41,496.4533,496.04,496.11,30762,0
DIA.US,5,20260218,211000,496.11,496.21,495.84,496.04,30071,0
DIA.US,5,20260218,211500,496.015,496.18,495.72,495.955,36493,0
DIA.US,5,20260218,212000,495.96,496.005,495.705,495.915,28309,0
DIA.US,5,20260218,212500,495.88,495.95,495.71,495.83,23504,0
DIA.US,5,20260218,213000,495.82,496.44,495.78,496.44,50468,0
DIA.US,5,20260218,213500,496.37,496.72,496.28,496.66,22131,0
DIA.US,5,20260218,214000,496.67,496.89,496.6,496.71,27435,0
DIA.US,5,20260218,214500,496.72,497.26,496.54,497.185,59401,0
DIA.US,5,20260218,215000,497.2,497.62,497.07,497.55,94901,0
DIA.US,5,20260218,215500,497.54,497.59,496.85,496.95,165830,0
DIA.US,5,20260219,153000,495.555,495.99,494.28,494.83,344784,0
DIA.US,5,20260219,153500,494.82,494.91,493.84,494.48,152847,0
DIA.US,5,20260219,154000,494.48,495.54,494.02,495.52,101749,0
DIA.US,5,20260219,154500,494.86,495.36,494.71,494.85,60242,0
DIA.US,5,20260219,155000,494.92,495.44,494.7,495.35,68305,0
DIA.US,5,20260219,155500,495.31,495.94,495.07,495.25,50726,0
DIA.US,5,20260219,160000,495.18,495.45,494.86,495.4,37365,0
DIA.US,5,20260219,160500,495.48,495.48,494.37,494.37,41173,0
DIA.US,5,20260219,161000,494.39,494.9,494.39,494.66,54311,0
DIA.US,5,20260219,161500,494.675,495.58,494.66,495.33,76335,0
DIA.US,5,20260219,162000,495.3,496.03,495.25,496.03,73431,0
DIA.US,5,20260219,162500,496.01,496.01,495.05,495.05,62108,0
DIA.US,5,20260219,163000,495.06,496.27,494.95,496.27,92319,0
DIA.US,5,20260219,163500,496.28,496.47,496.15,496.235,64453,0
DIA.US,5,20260219,164000,496.22,496.49,496.15,496.32,25486,0
DIA.US,5,20260219,164500,496.24,496.45,495.89,496.0225,28627,0
DIA.US,5,20260219,165000,496.03,496.16,495.14,495.155,62293,0
DIA.US,5,20260219,165500,495.135,495.85,495.135,495.665,22919,0
DIA.US,5,20260219,170000,495.67,495.78,495.18,495.18,13938,0
DIA.US,5,20260219,170500,495.23,495.3,494.8,495.2663,27648,0
DIA.US,5,20260219,171000,495.27,495.29,494.815,495.085,33746,0
DIA.US,5,20260219,171500,495.11,495.63,495.08,495.5401,34015,0
DIA.US,5,20260219,172000,495.595,495.72,495.1503,495.2592,21464,0
DIA.US,5,20260219,172500,495.31,495.32,494.37,494.42,37647,0
DIA.US,5,20260219,173000,494.47,495.213,494.47,495.19,30765,0
DIA.US,5,20260219,173500,495.17,495.17,494.74,494.82,19678,0
DIA.US,5,20260219,174000,494.88,494.88,494.19,494.27,46827,0
DIA.US,5,20260219,174500,494.27,494.465,493.76,493.95,37601,0
DIA.US,5,20260219,175000,493.85,494.49,493.6,494.45,44579,0
DIA.US,5,20260219,175500,494.5,494.5,494.01,494.2,59779,0
DIA.US,5,20260219,180000,494.245,494.33,493.53,493.635,35217,0
DIA.US,5,20260219,180500,493.57,493.63,493.37,493.38,9698,0
DIA.US,5,20260219,181000,493.62,494.15,493.55,494.0601,47739,0
DIA.US,5,20260219,181500,494.085,494.58,493.93,494.51,33682,0
DIA.US,5,20260219,182000,494.51,495.04,494.39,494.86,43675,0
DIA.US,5,20260219,182500,494.88,494.88,494.36,494.51,28723,0
DIA.US,5,20260219,183000,494.47,494.6,494.28,494.375,22691,0
DIA.US,5,20260219,183500,494.36,494.54,494.12,494.39,35707,0
DIA.US,5,20260219,184000,494.415,494.6699,494.29,494.38,20653,0
DIA.US,5,20260219,184500,494.38,494.38,493.42,493.6,35068,0
DIA.US,5,20260219,185000,493.605,493.93,493.22,493.48,68508,0
DIA.US,5,20260219,185500,493.6,493.86,493.14,493.335,43822,0
DIA.US,5,20260219,190000,493.32,493.34,492.88,492.88,36024,0
DIA.US,5,20260219,190500,492.9,493.2,492.83,493.2,53487,0
DIA.US,5,20260219,191000,493.16,493.6,493.03,493.555,22660,0
DIA.US,5,20260219,191500,493.575,493.58,492.74,492.78,21869,0
DIA.US,5,20260219,192000,492.7,492.87,492.41,492.8099,35909,0
DIA.US,5,20260219,192500,492.69,493.01,492.69,492.845,18747,0
DIA.US,5,20260219,193000,492.81,493.12,492.65,492.675,35613,0
DIA.US,5,20260219,193500,492.74,493.05,492.67,493.03,32660,0
DIA.US,5,20260219,194000,493,493.31,492.99,493.31,22870,0
DIA.US,5,20260219,194500,493.3,493.81,493.3,493.7337,33552,0
DIA.US,5,20260219,195000,493.62,493.82,493.43,493.695,18569,0
DIA.US,5,20260219,195500,493.61,493.9499,493.46,493.8512,23522,0
DIA.US,5,20260219,200000,493.87,494.03,493.785,493.985,14325,0
DIA.US,5,20260219,200500,493.97,494.34,493.92,494.26,15975,0
DIA.US,5,20260219,201000,494.14,494.14,493.88,494,4815,0
DIA.US,5,20260219,201500,494,494.21,493.915,494.18,24022,0
DIA.US,5,20260219,202000,494.17,494.2,493.92,494.1,16131,0
DIA.US,5,20260219,202500,494.09,494.11,493.64,493.81,32227,0
DIA.US,5,20260219,203000,493.78,493.865,493.63,493.78,44064,0
DIA.US,5,20260219,203500,493.79,493.79,492.82,492.87,36340,0
DIA.US,5,20260219,204000,492.84,493.23,492.72,493.17,25872,0
DIA.US,5,20260219,204500,493.195,493.32,493.03,493.3,31521,0
DIA.US,5,20260219,205000,493.31,493.47,493.02,493.165,45671,0
DIA.US,5,20260219,205500,493.22,493.32,493.09,493.17,29296,0
DIA.US,5,20260219,210000,493.16,493.81,493.16,493.7672,32789,0
DIA.US,5,20260219,210500,493.77,493.935,493.68,493.84,34621,0
DIA.US,5,20260219,211000,493.76,494.04,493.67,494.04,12700,0
DIA.US,5,20260219,211500,494.0349,494.08,493.61,493.91,48721,0
DIA.US,5,20260219,212000,493.95,493.98,493.65,493.7,76601,0
DIA.US,5,20260219,212500,493.7,493.83,493.6001,493.7,44654,0
DIA.US,5,20260219,213000,493.73,494.11,493.73,493.91,26222,0
DIA.US,5,20260219,213500,493.67,493.87,493.655,493.87,14343,0
DIA.US,5,20260219,214000,493.85,493.94,493.64,493.92,26698,0
DIA.US,5,20260219,214500,493.93,494.37,493.87,494.27,77940,0
DIA.US,5,20260219,215000,494.21,494.3,493.87,494.1899,104860,0
DIA.US,5,20260219,215500,494.17,494.44,493.96,494.42,200950,0
DIA.US,5,20260220,153000,492.54,492.86,491.67,492.13,256582,0
DIA.US,5,20260220,153500,492.11,492.69,491.86,492.4,92646,0
DIA.US,5,20260220,154000,492.26,492.51,491.39,492.33,113574,0
DIA.US,5,20260220,154500,492.33,492.46,491.72,491.82,61286,0
DIA.US,5,20260220,155000,491.88,492.705,491.72,492.5,75167,0
DIA.US,5,20260220,155500,492.46,492.91,492.31,492.81,35868,0
DIA.US,5,20260220,160000,493.63,497,493.5505,495.3,209712,0
DIA.US,5,20260220,160500,495.36,495.52,493.76,495.3,177077,0
DIA.US,5,20260220,161000,495.32,496.01,493.78,493.805,115664,0
DIA.US,5,20260220,161500,493.8,495.29,493.07,494.89,142534,0
DIA.US,5,20260220,162000,494.94,495.93,494.73,495.5,95342,0
DIA.US,5,20260220,162500,495.475,495.84,494.71,494.93,89296,0
DIA.US,5,20260220,163000,494.95,495.41,494,494.26,69548,0
DIA.US,5,20260220,163500,494.25,495.085,493.86,494.9,50558,0
DIA.US,5,20260220,164000,494.94,495.14,494,495.08,84312,0
DIA.US,5,20260220,164500,495.1,495.41,494.63,494.91,60040,0
DIA.US,5,20260220,165000,494.97,495.31,494.3,495.16,50099,0
DIA.US,5,20260220,165500,495.145,495.38,495,495.1,55915,0
DIA.US,5,20260220,170000,495.09,495.22,494.52,495.05,61985,0
DIA.US,5,20260220,170500,495.06,495.11,494.64,494.71,25633,0
DIA.US,5,20260220,171000,494.74,495.27,494.61,494.84,38809,0
DIA.US,5,20260220,171500,494.94,494.97,494.18,494.7,41903,0
DIA.US,5,20260220,172000,494.67,494.695,494.17,494.3,51281,0
DIA.US,5,20260220,172500,494.29,494.39,493.62,493.62,29928,0
DIA.US,5,20260220,173000,493.53,494.2964,493.4,494.17,38943,0
DIA.US,5,20260220,173500,494.23,494.8899,493.88,494.8899,61085,0
DIA.US,5,20260220,174000,494.9,495.3,494.69,494.95,43319,0
DIA.US,5,20260220,174500,494.94,495.18,494.8173,495.07,48765,0
DIA.US,5,20260220,175000,495.08,495.28,494.83,495.13,39648,0
DIA.US,5,20260220,175500,495.12,495.17,494.89,495.01,11352,0
DIA.US,5,20260220,180000,494.95,495.08,494.3,494.32,27339,0
DIA.US,5,20260220,180500,494.34,494.36,493.635,493.65,38140,0
DIA.US,5,20260220,181000,493.67,493.71,493.19,493.26,59768,0
DIA.US,5,20260220,181500,493.18,493.18,492.41,492.43,59891,0
DIA.US,5,20260220,182000,492.445,492.61,492.11,492.12,55509,0
DIA.US,5,20260220,182500,492.11,492.72,492.03,492.5,95055,0
DIA.US,5,20260220,183000,492.45,492.95,492.38,492.73,38627,0
DIA.US,5,20260220,183500,492.73,493,492.4,492.945,31558,0
DIA.US,5,20260220,184000,492.88,493.22,492.64,493.17,39107,0
DIA.US,5,20260220,184500,493.14,493.795,493.07,493.73,44035,0
DIA.US,5,20260220,185000,493.72,494.4,493.45,494.15,62576,0
DIA.US,5,20260220,185500,494.16,494.38,493.38,494.17,90432,0
DIA.US,5,20260220,190000,494.16,494.4,493.9,493.94,36578,0
DIA.US,5,20260220,190500,493.915,494.26,493.75,493.88,32254,0
DIA.US,5,20260220,191000,493.835,493.87,493.49,493.85,44193,0
DIA.US,5,20260220,191500,493.875,493.875,493.41,493.77,70735,0
DIA.US,5,20260220,192000,493.555,493.91,492.95,493.73,119256,0
DIA.US,5,20260220,192500,493.765,493.91,493.22,493.51,88268,0
DIA.US,5,20260220,193000,493.53,495.11,493.08,494.38,179437,0
DIA.US,5,20260220,193500,494.385,494.94,493.62,494.59,136978,0
DIA.US,5,20260220,194000,494.56,495.39,494.56,495.11,61369,0
DIA.US,5,20260220,194500,495.25,496.06,495.17,495.62,67125,0
DIA.US,5,20260220,195000,495.62,495.98,495,495.89,86229,0
DIA.US,5,20260220,195500,495.84,495.94,495.62,495.86,35640,0
DIA.US,5,20260220,200000,495.87,496.11,495.78,495.91,23432,0
DIA.US,5,20260220,200500,495.91,495.91,495.48,495.69,34476,0
DIA.US,5,20260220,201000,495.7,495.74,495.18,495.215,18332,0
DIA.US,5,20260220,201500,495.16,495.19,494.905,495.01,15888,0
DIA.US,5,20260220,202000,495.115,495.48,494.94,495.27,13205,0
DIA.US,5,20260220,202500,495.32,495.425,495.12,495.3601,29726,0
DIA.US,5,20260220,203000,495.39,495.68,495.35,495.47,22430,0
DIA.US,5,20260220,203500,495.54,495.56,495.22,495.24,18511,0
DIA.US,5,20260220,204000,495.23,495.44,494.95,494.96,14540,0
DIA.US,5,20260220,204500,494.96,495.095,494.83,494.915,24502,0
DIA.US,5,20260220,205000,494.93,495.28,494.895,495,19538,0
DIA.US,5,20260220,205500,494.98,495.24,494.89,495.11,57667,0
DIA.US,5,20260220,210000,495.1,495.59,495.1,495.42,19445,0
DIA.US,5,20260220,210500,495.465,495.98,495.465,495.8,42709,0
DIA.US,5,20260220,211000,495.83,496,495.59,495.99,32995,0
DIA.US,5,20260220,211500,495.955,495.96,495.59,495.6,29800,0
DIA.US,5,20260220,212000,495.59,495.85,495.56,495.8139,22879,0
DIA.US,5,20260220,212500,495.82,495.83,495.45,495.64,21528,0
DIA.US,5,20260220,213000,495.65,495.87,495.62,495.72,39950,0
DIA.US,5,20260220,213500,495.7,495.74,495.515,495.71,16695,0
DIA.US,5,20260220,214000,495.675,495.88,495.58,495.88,15078,0
DIA.US,5,20260220,214500,495.83,495.9,495.6635,495.68,32280,0
DIA.US,5,20260220,215000,495.69,495.87,495.42,495.72,80497,0
DIA.US,5,20260220,215500,495.72,496.19,495.6,496.14,267545,0
DIA.US,5,20260223,153000,494.5,496.99,494.34,496.41,306328,0
DIA.US,5,20260223,153500,496.5,496.68,495.89,496.03,155335,0
DIA.US,5,20260223,154000,496,496.03,494.47,494.93,119520,0
DIA.US,5,20260223,154500,494.845,495.05,493.111,493.24,115921,0
DIA.US,5,20260223,155000,493.2,493.85,492.59,492.82,126586,0
DIA.US,5,20260223,155500,492.81,492.96,492.03,492.19,93371,0
DIA.US,5,20260223,160000,492.08,492.44,491,491.03,173529,0
DIA.US,5,20260223,160500,491.02,491.13,490.4,490.51,106724,0
DIA.US,5,20260223,161000,490.505,490.81,489.885,489.99,100772,0
DIA.US,5,20260223,161500,489.92,490.06,489.37,489.59,121902,0
DIA.US,5,20260223,162000,489.61,490.05,489.1,489.43,167932,0
DIA.US,5,20260223,162500,489.47,489.47,489.08,489.17,89427,0
DIA.US,5,20260223,163000,489.39,489.95,489.365,489.44,87967,0
DIA.US,5,20260223,163500,489.42,489.89262,489.23,489.72,85044,0
DIA.US,5,20260223,164000,489.76,489.86,489.2904,489.45,78879,0
DIA.US,5,20260223,164500,489.465,489.57,489.11,489.28,96407,0
DIA.US,5,20260223,165000,489.28,489.51,488.82,489.1415,126252,0
DIA.US,5,20260223,165500,489.16,489.48,488.99,489.18,124104,0
DIA.US,5,20260223,170000,489.16,489.3,488.13,488.39,137716,0
DIA.US,5,20260223,170500,488.37,488.42,488.01,488.159,125410,0
DIA.US,5,20260223,171000,488.17,488.41,487.75,487.78,110747,0
DIA.US,5,20260223,171500,487.81,488.385,487.66,488.385,73896,0
DIA.US,5,20260223,172000,488.39,488.82,488.34,488.635,62801,0
DIA.US,5,20260223,172500,488.56,489.2,488.52,489.2,74136,0
DIA.US,5,20260223,173000,489.17,489.475,489.05,489.2175,121296,0
DIA.US,5,20260223,173500,489.25,489.42,489.0338,489.24,61697,0
DIA.US,5,20260223,174000,489.255,489.28,488.76,488.84,59208,0
DIA.US,5,20260223,174500,488.84,488.99,488.61,488.86,71379,0
DIA.US,5,20260223,175000,488.81,489.1138,488.74,488.81,62389,0
DIA.US,5,20260223,175500,488.8,488.88,488.64,488.77,29284,0
DIA.US,5,20260223,180000,488.74,489.04,488.57,488.67,37066,0
DIA.US,5,20260223,180500,488.665,489,488.6,488.81,28220,0
DIA.US,5,20260223,181000,488.75,488.89,488.5,488.555,38801,0
DIA.US,5,20260223,181500,488.6,488.75,488.36,488.37,20443,0
DIA.US,5,20260223,182000,488.38,488.61,488.26,488.26,32108,0
DIA.US,5,20260223,182500,488.25,488.29,488.095,488.095,3176,0
DIA.US,5,20260223,183000,488.055,488.2399,487.9,487.96,35237,0
DIA.US,5,20260223,183500,487.96,487.96,487.58,487.6605,28459,0
DIA.US,5,20260223,184000,487.6,488.29,487.53,487.8712,35939,0
DIA.US,5,20260223,184500,487.91,488.11,487.8,487.915,25396,0
DIA.US,5,20260223,185000,487.925,488.615,487.92,488.48,50560,0
DIA.US,5,20260223,185500,488.51,488.8,488.37,488.53,40954,0
DIA.US,5,20260223,190000,488.54,488.9,488.51,488.83,41562,0
DIA.US,5,20260223,190500,488.83,489.09,488.78,489.09,69731,0
DIA.US,5,20260223,191000,489.05,489.29,488.925,489.18,55609,0
DIA.US,5,20260223,191500,489.14,489.38,489.14,489.2,35973,0
DIA.US,5,20260223,192000,489.23,489.5699,489.1905,489.53,37054,0
DIA.US,5,20260223,192500,489.52,489.87,489.47,489.855,56399,0
DIA.US,5,20260223,193000,489.87,490.02,489.57,489.95,78679,0
DIA.US,5,20260223,193500,489.92,489.97,489.5,489.51,67302,0
DIA.US,5,20260223,194000,489.56,489.624,489.18,489.25,28693,0
DIA.US,5,20260223,194500,489.25,489.52,489.07,489.44,50732,0
DIA.US,5,20260223,195000,489.42,489.45,488.95,488.99,31006,0
DIA.US,5,20260223,195500,488.94,489.06,488.6,488.65,78326,0
DIA.US,5,20260223,200000,488.66,488.86,488.25,488.25,56743,0
DIA.US,5,20260223,200500,488.23,488.38,488.015,488.26,113703,0
DIA.US,5,20260223,201000,488.3,488.38,488.03,488.175,122761,0
DIA.US,5,20260223,201500,488.13,488.32,487.96,488.14,100399,0
DIA.US,5,20260223,202000,488.07,488.125,487.74,488.08,74873,0
DIA.US,5,20260223,202500,488.12,488.21,487.61,487.65,51060,0
DIA.US,5,20260223,203000,487.68,487.975,487.68,487.87,72411,0
DIA.US,5,20260223,203500,487.86,487.86,487.59,487.68,45030,0
DIA.US,5,20260223,204000,487.73,487.76,487.41,487.645,42658,0
DIA.US,5,20260223,204500,487.63,488.17,487.5735,488,59324,0
DIA.US,5,20260223,205000,488.02,488.07,487.82,488,55214,0
DIA.US,5,20260223,205500,487.98,488.2188,487.88,488.04,58757,0
DIA.US,5,20260223,210000,488.04,488.27,487.95,487.98,73481,0
DIA.US,5,20260223,210500,487.97,488.06,487.69,487.74,92930,0
DIA.US,5,20260223,211000,487.765,487.78,487.42,487.427,96559,0
DIA.US,5,20260223,211500,487.43,487.89,487.4299,487.75,149442,0
DIA.US,5,20260223,212000,487.75,487.79,487.495,487.71,47799,0
DIA.US,5,20260223,212500,487.76,487.99,487.75,487.89,55946,0
DIA.US,5,20260223,213000,487.9,488.39,487.9,488.28,60596,0
DIA.US,5,20260223,213500,488.28,488.28,487.9,487.93,79700,0
DIA.US,5,20260223,214000,487.96,488.03,487.63,487.88,49722,0
DIA.US,5,20260223,214500,487.9,488.03,487.75,488,43896,0
DIA.US,5,20260223,215000,487.76,487.84,487.15,487.23,195545,0
DIA.US,5,20260223,215500,487.22,488.02,487.16,487.99,491729,0
DIA.US,5,20260224,153000,488.39,489.79,487.45,489.15,464789,0
DIA.US,5,20260224,153500,489.14,490.96,488.84,490.68,329491,0
DIA.US,5,20260224,154000,490.61,491.945,490.57,491.86,251880,0
DIA.US,5,20260224,154500,491.87,492.53,491.42,492.05,227647,0
DIA.US,5,20260224,155000,492.13,492.27,491.06,491.12,112420,0
DIA.US,5,20260224,155500,491.15,491.17,489.99,490.355,87514,0
DIA.US,5,20260224,160000,490.35,490.35,489.46,490.07,118014,0
DIA.US,5,20260224,160500,490.08,490.88,490.02,490.75,103138,0
DIA.US,5,20260224,161000,490.75,490.95,490.21,490.5,77769,0
DIA.US,5,20260224,161500,490.53,491.48,490.43,491.41,83924,0
DIA.US,5,20260224,162000,491.37,491.92,491.27,491.91,93912,0
DIA.US,5,20260224,162500,491.91,492.4,491.77,492.35,80219,0
DIA.US,5,20260224,163000,492.33,492.43,491.86,491.94,96583,0
DIA.US,5,20260224,163500,491.93,491.97,491.46,491.72,90248,0
DIA.US,5,20260224,164000,491.74,492.03,491.64,491.91,65402,0
DIA.US,5,20260224,164500,491.8938,491.8938,491.6003,491.69,28842,0
DIA.US,5,20260224,165000,491.69,491.75,491.441,491.57,45742,0
DIA.US,5,20260224,165500,491.58,491.7,491.37,491.56,47542,0
DIA.US,5,20260224,170000,491.54,491.71,491.38,491.53,42043,0
DIA.US,5,20260224,170500,491.48,491.985,491.48,491.955,18221,0
DIA.US,5,20260224,171000,491.93,492.24,491.78,492.2001,25403,0
DIA.US,5,20260224,171500,492.07,492.07,491.64,491.94,24286,0
DIA.US,5,20260224,172000,491.905,491.93,491.63,491.6589,17383,0
DIA.US,5,20260224,172500,491.65,491.73,491.465,491.58,29447,0
DIA.US,5,20260224,173000,491.56,491.56,490.71,490.8225,44553,0
DIA.US,5,20260224,173500,490.81,491.14,490.8,491.0962,45208,0
DIA.US,5,20260224,174000,491.06,491.41,490.95,490.985,22414,0
DIA.US,5,20260224,174500,490.97,491.18,490.87,491.11,30496,0
DIA.US,5,20260224,175000,491.06,491.51,490.99,491.38,41347,0
DIA.US,5,20260224,175500,491.38,491.55,491.26,491.43,41164,0
DIA.US,5,20260224,180000,491.42,491.65,491.41,491.45,40251,0
DIA.US,5,20260224,180500,491.48,491.78,491.46,491.77,31892,0
DIA.US,5,20260224,181000,491.79,492.08,491.79,491.98,37406,0
DIA.US,5,20260224,181500,491.98,492.235,491.92,491.92,11122,0
DIA.US,5,20260224,182000,491.99,492.12,491.98,492.05,11210,0
DIA.US,5,20260224,182500,492.02,492.18,492.02,492.17,2381,0
DIA.US,5,20260224,183000,492.05,492.11,492.05,492.06,1767,0
DIA.US,5,20260224,183500,491.92,491.9799,491.83,491.83,620,0
DIA.US,5,20260224,184000,492,492.01,491.9301,491.98,3700,0
DIA.US,5,20260224,184500,491.83,492.16,491.75,492.15,2149,0
DIA.US,5,20260224,185000,492.13,492.15,492.08,492.09,869,0
DIA.US,5,20260224,185500,492.2,492.22,492.075,492.09,632,0
DIA.US,5,20260224,190000,492.29,492.57,492.26,492.56,5187,0
DIA.US,5,20260224,190500,492.37,492.37,492.25,492.25,884,0
DIA.US,5,20260224,191000,492.29,492.32,492.29,492.29,596,0
DIA.US,5,20260224,192000,492.005,492.22,492.005,492.11,14105,0
DIA.US,5,20260224,192500,492.1,492.2,491.98,492.02,7111,0
DIA.US,5,20260224,193000,492.03,492.27,492,492.1704,9024,0
DIA.US,5,20260224,193500,492.15,492.51,492.08,492.38,15222,0
DIA.US,5,20260224,194000,492.45,492.72,492.44,492.7,21916,0
DIA.US,5,20260224,194500,492.67,492.8,492.62,492.78,21166,0
DIA.US,5,20260224,195000,492.81,492.85,492.68,492.7,44231,0
DIA.US,5,20260224,195500,492.66,492.75,492.44,492.46,20968,0
DIA.US,5,20260224,200000,492.47,492.57,492.4,492.4,34844,0
DIA.US,5,20260224,200500,492.3801,492.5,492.035,492.18,19792,0
DIA.US,5,20260224,201000,492.19,492.36,492.07,492.25,21324,0
DIA.US,5,20260224,201500,492.24,492.25,491.92,491.98,29058,0
DIA.US,5,20260224,202000,491.989,492.04,491.645,491.77,21259,0
DIA.US,5,20260224,202500,491.8,491.89,491.67,491.835,30144,0
DIA.US,5,20260224,203000,491.84,491.89,491.6601,491.69,11788,0
DIA.US,5,20260224,203500,491.65,491.68,491.56,491.65,9001,0
DIA.US,5,20260224,204000,491.7,491.9199,491.7,491.89,12696,0
DIA.US,5,20260224,204500,491.9,492.01,491.76,491.99,21258,0
DIA.US,5,20260224,205000,492.01,492.33,491.95,492.06,42690,0
DIA.US,5,20260224,205500,492.07,492.17,491.87,491.92,41166,0
DIA.US,5,20260224,210000,491.94,492.04,491.63,491.685,17327,0
DIA.US,5,20260224,210500,491.71,491.85,491.66,491.77,16278,0
DIA.US,5,20260224,211000,491.73,491.73,491.44,491.54,26882,0
DIA.US,5,20260224,211500,491.53,491.53,491.33,491.51,27687,0
DIA.US,5,20260224,212000,491.51,491.69,491.46,491.47,10388,0
DIA.US,5,20260224,212500,491.455,491.5914,491.35,491.39,9589,0
DIA.US,5,20260224,213000,491.39,491.81,491.39,491.7003,33714,0
DIA.US,5,20260224,213500,491.72,491.79,491.57,491.57,21791,0
DIA.US,5,20260224,214000,491.58,491.73,491.48,491.69,76785,0
DIA.US,5,20260224,214500,491.68,491.92,491.67,491.86,59928,0
DIA.US,5,20260224,215000,491.88,492.36,491.73,491.925,118709,0
DIA.US,5,20260224,215500,491.91,491.95,491.68,491.81,335122,0
DIA.US,5,20260225,153000,493.63,494.3,492.78,493.34,366070,0
DIA.US,5,20260225,153500,493.26,493.9,493.05,493.64,210670,0
DIA.US,5,20260225,154000,493.64,494.04,493.11,493.31,145751,0
DIA.US,5,20260225,154500,493.25,494.06,493.25,493.66,147594,0
DIA.US,5,20260225,155000,493.64,493.87,493.36,493.47,128702,0
DIA.US,5,20260225,155500,493.45,493.52,492.675,492.81,154804,0
DIA.US,5,20260225,160000,492.8,493.1041,492.49,492.63,143706,0
DIA.US,5,20260225,160500,492.66,492.67,492.12,492.37,87776,0
DIA.US,5,20260225,161000,492.36,492.72,492.23,492.35,59999,0
DIA.US,5,20260225,161500,492.29,492.76,492.28,492.64,52761,0
DIA.US,5,20260225,162000,492.66,492.72,492.23,492.52,44440,0
DIA.US,5,20260225,162500,492.52,492.645,492.32,492.48,33771,0
DIA.US,5,20260225,163000,492.41,492.79,492.02,492.05,41767,0
DIA.US,5,20260225,163500,492.11,492.34,491.9,492.14,40817,0
DIA.US,5,20260225,164000,492.22,492.9199,492.19,492.82,42365,0
DIA.US,5,20260225,164500,492.83,493.04,492.44,492.57,43577,0
DIA.US,5,20260225,165000,492.55,492.86,492.53,492.63,40404,0
DIA.US,5,20260225,165500,492.6,492.89,492.41,492.89,23410,0
DIA.US,5,20260225,170000,492.85,493.234,492.84,493.055,59071,0
DIA.US,5,20260225,170500,493.03,493.46,492.95,493.46,43398,0
DIA.US,5,20260225,171000,493.47,493.54,493.18,493.18,43825,0
DIA.US,5,20260225,171500,493.18,493.18,492.72,492.95,33386,0
DIA.US,5,20260225,172000,492.89,493.36,492.82,493.28,28464,0
DIA.US,5,20260225,172500,493.31,493.78,493.31,493.59,39883,0
DIA.US,5,20260225,173000,493.55,493.865,493.5201,493.62,35165,0
DIA.US,5,20260225,173500,493.64,493.67,493.4,493.53,17120,0
DIA.US,5,20260225,174000,493.54,493.81,493.4401,493.79,30594,0
DIA.US,5,20260225,174500,493.79,494.33,493.73,494.25,29106,0
DIA.US,5,20260225,175000,494.23,494.35,494.18,494.2,24192,0
DIA.US,5,20260225,175500,494.17,494.23,494.01,494.17,22161,0
DIA.US,5,20260225,180000,494.1,494.18,493.97,494.08,14591,0
DIA.US,5,20260225,180500,494.09,494.16,493.65,493.8,39290,0
DIA.US,5,20260225,181000,493.82,494.02,493.82,493.98,15487,0
DIA.US,5,20260225,181500,493.98,494.18,493.98,494.17,31424,0
DIA.US,5,20260225,182000,494.17,494.31,494.13,494.23,16929,0
DIA.US,5,20260225,182500,494.23,494.23,493.93,493.945,6996,0
DIA.US,5,20260225,183000,493.98,494.273,493.89,494.27,13939,0
DIA.US,5,20260225,183500,494.26,494.57,494.17,494.517,13400,0
DIA.US,5,20260225,184000,494.5,494.81,494.5,494.72,19027,0
DIA.US,5,20260225,184500,494.73,494.79,494.58,494.6263,24207,0
DIA.US,5,20260225,185000,494.61,494.77,494.58,494.76,13072,0
DIA.US,5,20260225,185500,494.76,494.817,494.66,494.72,13773,0
DIA.US,5,20260225,190000,494.7,494.7661,494.57,494.67,21154,0
DIA.US,5,20260225,190500,494.67,494.91,494.61,494.75,32631,0
DIA.US,5,20260225,191000,494.77,494.8,494.62,494.73,26812,0
DIA.US,5,20260225,191500,494.71,494.83,494.58,494.76,51709,0
DIA.US,5,20260225,192000,494.75,494.78,494.54,494.54,26808,0
DIA.US,5,20260225,192500,494.55,494.57,494.4,494.5,25181,0
DIA.US,5,20260225,193000,494.55,494.67,494.53,494.54,22048,0
DIA.US,5,20260225,193500,494.5,494.53,494.3,494.43,26830,0
DIA.US,5,20260225,194000,494.44,494.5999,494.38,494.48,26381,0
DIA.US,5,20260225,194500,494.48,494.5299,494.425,494.44,10428,0
DIA.US,5,20260225,195000,494.47,494.65,494.47,494.55,8921,0
DIA.US,5,20260225,195500,494.55,494.55,494.39,494.45,25035,0
DIA.US,5,20260225,200000,494.4,494.59,494.39,494.45,15611,0
DIA.US,5,20260225,200500,494.45,494.54,494.38,494.4501,21049,0
DIA.US,5,20260225,201000,494.45,494.49,494.25,494.25,13100,0
DIA.US,5,20260225,201500,494.24,494.29,494.1535,494.25,14824,0
DIA.US,5,20260225,202000,494.25,494.4399,494.25,494.3,5454,0
DIA.US,5,20260225,202500,494.315,494.3288,494.195,494.28,10382,0
DIA.US,5,20260225,203000,494.31,494.69,494.31,494.68,13055,0
DIA.US,5,20260225,203500,494.69,494.8338,494.68,494.73,16440,0
DIA.US,5,20260225,204000,494.74,494.84,494.655,494.69,14948,0
DIA.US,5,20260225,204500,494.67,494.8,494.65,494.7309,13901,0
DIA.US,5,20260225,205000,494.75,494.78,494.64,494.66,13492,0
DIA.US,5,20260225,205500,494.68,494.79,494.61,494.66,7508,0
DIA.US,5,20260225,210000,494.68,494.94,494.68,494.79,20434,0
DIA.US,5,20260225,210500,494.8,494.84,494.67,494.69,24502,0
DIA.US,5,20260225,211000,494.68,494.7,494.56,494.66,22765,0
DIA.US,5,20260225,211500,494.62,494.69,494.52,494.61,24488,0
DIA.US,5,20260225,212000,494.61,494.72,494.5801,494.72,19928,0
DIA.US,5,20260225,212500,494.73,494.75,494.575,494.59,11982,0
DIA.US,5,20260225,213000,494.59,494.695,494.51,494.64,72127,0
DIA.US,5,20260225,213500,494.63,494.78,494.6101,494.71,35140,0
DIA.US,5,20260225,214000,494.7,494.805,494.61,494.6251,37011,0
DIA.US,5,20260225,214500,494.62,494.87,494.62,494.82,55445,0
DIA.US,5,20260225,215000,494.82,495.13,494.72,494.99,116423,0
DIA.US,5,20260225,215500,494.98,494.99,494.7337,494.82,215324,0
DIA.US,5,20260226,154500,496.53,496.67,496.35,496.55,27892,0
DIA.US,5,20260226,155000,496.81,497,496.56,496.68,41288,0
DIA.US,5,20260226,155500,496.66,496.87,496.02,496.18,100976,0
DIA.US,5,20260226,160000,496.16,496.41,495.65,496.05,110557,0
DIA.US,5,20260226,160500,496.08,496.17,495.39,495.46,66208,0
DIA.US,5,20260226,161000,495.48,496.105,495.14,495.14,103894,0
DIA.US,5,20260226,161500,495.13,495.13,493.71,493.83,194366,0
DIA.US,5,20260226,162000,493.84,494.15,492.57,492.81,205857,0
DIA.US,5,20260226,162500,492.79,493.27,492.26,492.75,163858,0
DIA.US,5,20260226,163000,492.68,493.15,492.44,492.645,119805,0
DIA.US,5,20260226,163500,492.695,494.13,492.695,494.09,151641,0
DIA.US,5,20260226,164000,494.14,494.38,493.92,494.335,126966,0
DIA.US,5,20260226,164500,494.44,495.23,494.33,495.12,78692,0
DIA.US,5,20260226,165000,495.07,495.57,494.795,495.36,100743,0
DIA.US,5,20260226,165500,495.34,495.65,495.18,495.4799,56876,0
DIA.US,5,20260226,170000,495.49,495.56,495.08,495.355,62859,0
DIA.US,5,20260226,170500,495.31,495.42,494.86,495.29,51581,0
DIA.US,5,20260226,171000,495.27,495.39,495.08,495.39,31987,0
DIA.US,5,20260226,171500,495.46,495.61,495,495.02,61714,0
DIA.US,5,20260226,172000,495.06,495.275,494.76,494.91,34875,0
DIA.US,5,20260226,172500,494.95,495.23,494.825,495.02,46830,0
DIA.US,5,20260226,173000,494.995,495.12,494.6023,494.61,61106,0
DIA.US,5,20260226,173500,494.66,494.66,493.98,493.98,36963,0
DIA.US,5,20260226,174000,493.96,494.06,493.58,493.58,54387,0
DIA.US,5,20260226,174500,493.5101,493.93,493.12,493.87,58261,0
DIA.US,5,20260226,175000,493.84,494.035,493.38,493.38,37645,0
DIA.US,5,20260226,175500,493.4,493.54,493.19,493.315,27557,0
DIA.US,5,20260226,180000,493.34,493.5,492.79,492.96,48632,0
DIA.US,5,20260226,180500,492.9495,493.21,492.84,493.08,34149,0
DIA.US,5,20260226,181000,493.15,493.45,492.935,492.935,36348,0
DIA.US,5,20260226,181500,492.98,493,492.74,492.92,39964,0
DIA.US,5,20260226,182000,492.91,493.185,492.88,493.16,26263,0
DIA.US,5,20260226,182500,493.16,493.22,492.82,492.91,20245,0
DIA.US,5,20260226,183000,492.92,493.35,492.88,493.22,23184,0
DIA.US,5,20260226,183500,493.23,493.26,492.65,492.78,43757,0
DIA.US,5,20260226,184000,492.82,492.87,492.47,492.47,30582,0
DIA.US,5,20260226,184500,492.485,492.77,492.4,492.45,39302,0
DIA.US,5,20260226,185000,492.4381,492.81,492.237,492.69,58244,0
DIA.US,5,20260226,185500,492.67,492.67,492.34,492.49,49097,0
DIA.US,5,20260226,190000,492.45,492.59,492.3,492.475,18894,0
DIA.US,5,20260226,190500,492.49,492.71,492.33,492.64,95287,0
DIA.US,5,20260226,191000,492.64,492.98,492.63,492.94,61813,0
DIA.US,5,20260226,191500,492.93,493.18,492.715,493.15,31019,0
DIA.US,5,20260226,192000,493.15,493.22,492.81,493.08,21223,0
DIA.US,5,20260226,192500,493.08,493.29,493.04,493.13,20178,0
DIA.US,5,20260226,193000,493.09,494.25,493,494.22,113315,0
DIA.US,5,20260226,193500,494.24,494.79,494.02,494.48,206649,0
DIA.US,5,20260226,194000,494.66,494.7,494.58,494.58,3060,0
DIA.US,5,20260226,194500,494.9914,495.03,494.83,494.87,20113,0
DIA.US,5,20260226,200500,494.4,494.59,494.4,494.58,3564,0
DIA.US,5,20260226,201000,494.58,494.81,494.56,494.65,24989,0
DIA.US,5,20260226,201500,494.7,495.17,494.69,495.11,42162,0
DIA.US,5,20260226,202000,495.15,495.32,495.08,495.14,35508,0
DIA.US,5,20260226,202500,495.14,495.14,494.65,494.7,30392,0
DIA.US,5,20260226,203000,494.72,495.02,494.63,495.02,36460,0
DIA.US,5,20260226,203500,495.02,495.17,494.94,495.03,18986,0
DIA.US,5,20260226,204000,494.99,495.15,494.93,495.05,18868,0
DIA.US,5,20260226,204500,495.03,495.345,495.03,495.345,41165,0
DIA.US,5,20260226,205000,495.34,495.42,495.21,495.23,37736,0
DIA.US,5,20260226,205500,495.21,495.27,494.92,494.96,42618,0
DIA.US,5,20260226,210000,494.96,495.345,494.86,495.3399,77484,0
DIA.US,5,20260226,210500,495.32,495.53,495.32,495.39,51564,0
DIA.US,5,20260226,211000,495.39,495.49,495.26,495.3,40378,0
DIA.US,5,20260226,211500,495.3,495.51,495.1837,495.44,59902,0
DIA.US,5,20260226,212000,495.44,495.46,495.1,495.18,42874,0
DIA.US,5,20260226,212500,495.19,495.23,494.975,494.975,43581,0
DIA.US,5,20260226,213000,494.98,495.25,494.89,495.24,71516,0
DIA.US,5,20260226,213500,495.23,495.29,495.04,495.135,58036,0
DIA.US,5,20260226,214000,495.15,495.21,495.01,495.21,50269,0
DIA.US,5,20260226,214500,495.2,495.25,494.99,495.08,78316,0
DIA.US,5,20260226,215000,495.06,495.15,494.78,494.91,184737,0
DIA.US,5,20260226,215500,494.92,494.95,494.74,494.86,198006,0
DIA.US,5,20260227,153000,489.63,490.95,489.49,489.8,287028,0
DIA.US,5,20260227,153500,489.76,489.8,488.46,489.08,195222,0
DIA.US,5,20260227,154000,489.11,489.13,487.52,487.78,176762,0
DIA.US,5,20260227,154500,487.79,488.25,487.07,487.73,190202,0
DIA.US,5,20260227,155000,487.03,487.42,486.9,487.13,87537,0
DIA.US,5,20260227,155500,487.175,487.5,486.88,486.97,162222,0
DIA.US,5,20260227,160000,486.9599,487.77,486.76,487.35,139358,0
DIA.US,5,20260227,160500,487.37,488.97,487.35,488.605,124858,0
DIA.US,5,20260227,161000,488.63,489.16,488.28,488.28,86993,0
DIA.US,5,20260227,161500,488.31,488.34,487.5462,488.02,92490,0
DIA.US,5,20260227,162000,487.985,488.53,487.96,488.37896,77903,0
DIA.US,5,20260227,162500,488.42,488.53,488.08,488.3275,105845,0
DIA.US,5,20260227,163000,488.31,488.85,487.96,488.815,87247,0
DIA.US,5,20260227,163500,488.85,489.5601,488.85,489.28,63164,0
DIA.US,5,20260227,164000,489.28,489.64,488.9934,489.54,79105,0
DIA.US,5,20260227,164500,489.56,489.73,488.87,488.92,69836,0
DIA.US,5,20260227,165000,488.95,489.05,488.595,488.73,50490,0
DIA.US,5,20260227,165500,488.675,489.365,488.53,489.085,47316,0
DIA.US,5,20260227,170000,489.07,489.465,489,489.465,65677,0
DIA.US,5,20260227,170500,489.48,489.54,488.96,489.05,40513,0
DIA.US,5,20260227,171000,489.03,489.73,488.95,489.6101,43004,0
DIA.US,5,20260227,171500,489.58,490.0809,489.35,489.77,42441,0
DIA.US,5,20260227,172000,489.7,490.28,489.5,490.26,50273,0
DIA.US,5,20260227,172500,490.21,490.28,489.91,489.99,57384,0
DIA.US,5,20260227,173000,490.015,490.3889,489.98,490.36,60125,0
DIA.US,5,20260227,173500,490.365,490.42,489.82,489.82,34004,0
DIA.US,5,20260227,174000,489.85,489.85,489.04,489.1,59753,0
DIA.US,5,20260227,174500,489.08,489.32,488.73,488.74,53801,0
DIA.US,5,20260227,175000,488.74,489.61,488.74,489.3,41485,0
DIA.US,5,20260227,175500,489.34,489.52,488.675,488.81,55801,0
DIA.US,5,20260227,180000,488.77,489.41,488.77,489.21,47564,0
DIA.US,5,20260227,180500,489.23,489.61,489.14,489.535,40343,0
DIA.US,5,20260227,181000,489.5,489.53,488.55,488.55,46398,0
DIA.US,5,20260227,181500,488.6,488.62,488,488.035,31540,0
DIA.US,5,20260227,182000,488.06,488.11,487.39,487.61,55648,0
DIA.US,5,20260227,182500,487.63,487.81,487.34,487.36,35668,0
DIA.US,5,20260227,183000,487.3534,488.1,487.1,488.0501,169529,0
DIA.US,5,20260227,183500,488.095,488.18,487.63,487.65,48755,0
DIA.US,5,20260227,184000,487.66,487.87,487.46,487.8671,39726,0
DIA.US,5,20260227,184500,487.79,487.79,487.505,487.73,37724,0
DIA.US,5,20260227,185000,487.69,488.07,487.62,487.94,57356,0
DIA.US,5,20260227,185500,487.93,488.42,487.93,488.4125,31183,0
DIA.US,5,20260227,190000,488.3955,488.68,488.3,488.48,40162,0
DIA.US,5,20260227,190500,488.4726,488.7226,488.3863,488.48,31323,0
DIA.US,5,20260227,191000,488.49,488.8,488.4,488.51,32625,0
DIA.US,5,20260227,191500,488.5,488.6,488.35,488.43,44358,0
DIA.US,5,20260227,192000,488.42,488.5099,488.1459,488.4,39456,0
DIA.US,5,20260227,192500,488.41,488.45,487.98,488.4086,35280,0
DIA.US,5,20260227,193000,488.38,488.56,488.26,488.36,27435,0
DIA.US,5,20260227,193500,488.36,488.44,488.11,488.38,41358,0
DIA.US,5,20260227,194000,488.36,488.72,488.33,488.51,33024,0
DIA.US,5,20260227,194500,488.49,488.75,488.36,488.59,42771,0
DIA.US,5,20260227,195000,488.58,488.85,488.39,488.84,25000,0
DIA.US,5,20260227,195500,488.86,488.95,488.61,488.91,32763,0
DIA.US,5,20260227,200000,488.86,489.07,488.81,489.03,42596,0
DIA.US,5,20260227,200500,489.03,489.18,488.21,488.38,33207,0
DIA.US,5,20260227,201000,488.3,488.53,488.05,488.24,33602,0
DIA.US,5,20260227,201500,488.25,488.485,488.11,488.38,35056,0
DIA.US,5,20260227,202000,488.38,488.4,488.08,488.12,24472,0
DIA.US,5,20260227,202500,488.06,488.33,487.89,487.93,27108,0
DIA.US,5,20260227,203000,487.94,488.038,487.725,487.91,73794,0
DIA.US,5,20260227,203500,487.92,488.39,487.9199,488.29,42602,0
DIA.US,5,20260227,204000,488.25,488.36,487.75,488.08,38588,0
DIA.US,5,20260227,204500,488.11,488.29,487.98,487.98,24428,0
DIA.US,5,20260227,205000,488.005,488.06,487.84,487.89,59666,0
DIA.US,5,20260227,205500,487.89,488.03,487.605,487.74,73407,0
DIA.US,5,20260227,210000,487.73,488.11,487.73,488.0001,66607,0
DIA.US,5,20260227,210500,488.01,488.34,487.9801,488.22,33197,0
DIA.US,5,20260227,211000,488.26,489.04,488.26,489.03,74335,0
DIA.US,5,20260227,211500,489.03,489.34,488.92,489.25,62277,0
DIA.US,5,20260227,212000,489.22,489.67,488.9,489.51,65592,0
DIA.US,5,20260227,212500,489.5,489.51,489.2,489.23,60629,0
DIA.US,5,20260227,213000,489.22,489.57,489.21,489.38,89745,0
DIA.US,5,20260227,213500,489.395,489.41,488.71,488.83,46650,0
DIA.US,5,20260227,214000,488.82,489.42,488.78,489.16,43699,0
DIA.US,5,20260227,214500,489.18,489.39,489.06,489.21,57688,0
DIA.US,5,20260227,215000,489.23,489.87,489.03,489.12,292670,0
DIA.US,5,20260227,215500,489.12,489.92,489,489.58,344516,0
DIA.US,5,20260302,153000,484.33,485.47,484.15,485.42,382189,0
DIA.US,5,20260302,153500,485.3674,486.45,485,485.62,180758,0
DIA.US,5,20260302,154000,485.5415,486.34,485.48,486.24,118569,0
DIA.US,5,20260302,154500,486.22,487.39,486.095,487,146270,0
DIA.US,5,20260302,155000,487.01,487.29,486.41,486.88,204215,0
DIA.US,5,20260302,155500,486.89,487.22,486.2315,487.2199,105592,0
DIA.US,5,20260302,160000,487.04,488.44,486.63,488.41,129622,0
DIA.US,5,20260302,160500,488.45,489,488.24,488.33,198208,0
DIA.US,5,20260302,161000,488.34,489.2,488.34,489.08,97443,0
DIA.US,5,20260302,161500,489.16,489.5,488.8,489.095,107386,0
DIA.US,5,20260302,162000,489.0125,489.13,488.23,488.49,109928,0
DIA.US,5,20260302,162500,488.49,488.72,488.05,488.18,61451,0
DIA.US,5,20260302,163000,488.19,488.465,487.3,487.42,106758,0
DIA.US,5,20260302,163500,487.42,488,486.91,487.93,66022,0
DIA.US,5,20260302,164000,487.95,488.1,487.49,488.1,83860,0
DIA.US,5,20260302,164500,488.12,488.37,487.74,488,99750,0
DIA.US,5,20260302,165000,487.96,488.2599,487.6,487.6,66854,0
DIA.US,5,20260302,165500,487.6001,488.44,487.45,488.34,67066,0
DIA.US,5,20260302,170000,488.34,489.03,488.05,489.02,61849,0
DIA.US,5,20260302,170500,489.01,489.33,488.76,489.305,78506,0
DIA.US,5,20260302,171000,489.32,489.45,488.97,488.97,39086,0
DIA.US,5,20260302,171500,488.95,488.96,488.5,488.68,55914,0
DIA.US,5,20260302,172000,488.65,488.75,488.32,488.4,40068,0
DIA.US,5,20260302,172500,488.44,488.5,487.25,487.32,38345,0
DIA.US,5,20260302,173000,487.325,487.69,487.05,487.555,58921,0
DIA.US,5,20260302,173500,487.53,488.3,487.33,488.27,57564,0
DIA.US,5,20260302,174000,488.28,489.54,488.27,489.48,69612,0
DIA.US,5,20260302,174500,489.48,489.9454,489.45,489.73,96727,0
DIA.US,5,20260302,175000,489.74,489.775,489.23,489.25,59682,0
DIA.US,5,20260302,175500,489.25,489.52,489.115,489.2275,63287,0
DIA.US,5,20260302,180000,489.22,489.53,489.165,489.37,36716,0
DIA.US,5,20260302,180500,489.395,489.64,489.16,489.17,29619,0
DIA.US,5,20260302,181000,489.165,489.6,488.94,489.58,55363,0
DIA.US,5,20260302,181500,489.58,490.18,489.565,490.16,36514,0
DIA.US,5,20260302,182000,490.19,490.22,489.75,489.94,25203,0
DIA.US,5,20260302,182500,489.92,489.92,489.3908,489.415,27991,0
DIA.US,5,20260302,183000,489.39,489.705,489.23,489.24,43879,0
DIA.US,5,20260302,183500,489.2601,489.71,489.23,489.48,35625,0
DIA.US,5,20260302,184000,489.49,489.84,489.42,489.77,35619,0
DIA.US,5,20260302,184500,489.71,489.88,489.62,489.71,19868,0
DIA.US,5,20260302,185000,489.73,490.06,489.64,489.89,34150,0
DIA.US,5,20260302,185500,489.92,489.92,489.55,489.835,34914,0
DIA.US,5,20260302,190000,489.91,490.09,489.87,490,26460,0
DIA.US,5,20260302,190500,490.07,490.15,489.85,489.86,47528,0
DIA.US,5,20260302,191000,489.85,490.07,489.75,489.82,38345,0
DIA.US,5,20260302,191500,489.8,489.82,489.495,489.51,56861,0
DIA.US,5,20260302,192000,489.49,489.52,489.16,489.48,67258,0
DIA.US,5,20260302,192500,489.46,489.83,489.4,489.775,56645,0
DIA.US,5,20260302,193000,489.79,489.81,489.52,489.57,37367,0
DIA.US,5,20260302,193500,489.55,489.56,489.34,489.4,33618,0
DIA.US,5,20260302,194000,489.39,489.39,488.915,489.15,22178,0
DIA.US,5,20260302,194500,489.14,489.18,488.66,489.06,65995,0
DIA.US,5,20260302,195000,489.07,489.17,488.8,488.95,57106,0
DIA.US,5,20260302,195500,488.95,488.96,488.57,488.57,72345,0
DIA.US,5,20260302,200000,488.56,488.84,488.54,488.75,42138,0
DIA.US,5,20260302,200500,488.73,489.37,488.73,489.35,40181,0
DIA.US,5,20260302,201000,489.36,489.44,489.14,489.38,31509,0
DIA.US,5,20260302,201500,489.45,490.11,489.45,489.98,80366,0
DIA.US,5,20260302,202000,489.97,490.54,489.97,490.21,80594,0
DIA.US,5,20260302,202500,490.15,490.63,490,490.6,43767,0
DIA.US,5,20260302,203000,490.61,490.92,490.59,490.76,49991,0
DIA.US,5,20260302,203500,490.7,490.98,490.63,490.63,28502,0
DIA.US,5,20260302,204000,490.63,490.76,490.33,490.39,46651,0
DIA.US,5,20260302,204500,490.355,490.45,490.29,490.3,27501,0
DIA.US,5,20260302,205000,490.35,490.52,490.25,490.44,22725,0
DIA.US,5,20260302,205500,490.47,490.57,490.35,490.37,23684,0
DIA.US,5,20260302,210000,490.3601,490.49,490.1643,490.1735,24724,0
DIA.US,5,20260302,210500,490.19,490.2,488.67,488.77,127998,0
DIA.US,5,20260302,211000,488.81,488.81,488.02,488.11,125415,0
DIA.US,5,20260302,211500,488.08,489.31,487.945,488.79,169553,0
DIA.US,5,20260302,212000,488.87,489.005,488.46,488.6748,73167,0
DIA.US,5,20260302,212500,488.67,489,488.47,488.61,38014,0
DIA.US,5,20260302,213000,488.6,489.07,488.54,489,60413,0
DIA.US,5,20260302,213500,488.94,489.25,488.85,489.02,69396,0
DIA.US,5,20260302,214000,488.98,489.29,488.83,489.27,61188,0
DIA.US,5,20260302,214500,489.27,489.5,489.08,489.25,123590,0
DIA.US,5,20260302,215000,489.26,489.42,488.84,489.27,214738,0
DIA.US,5,20260302,215500,489.3,489.67,489.16,489.22,313294,0
DIA.US,5,20260303,153000,480.16,481.27,480.15,480.81,724945,0
DIA.US,5,20260303,153500,480.74,481.82,480.22,480.815,263025,0
DIA.US,5,20260303,154000,480.79,480.925,478.8,478.95,268690,0
DIA.US,5,20260303,154500,478.89,479.5798,478.15,478.175,222090,0
DIA.US,5,20260303,155000,478.16,479.22,478.06,478.92,127148,0
DIA.US,5,20260303,155500,478.88,479,478.15,478.43,211812,0
DIA.US,5,20260303,160000,478.47,479.39,478.02,478.29,214149,0
DIA.US,5,20260303,160500,478.38,478.96,477.72,477.96,172168,0
DIA.US,5,20260303,161000,477.94,478.91,477.45,478.72,148054,0
DIA.US,5,20260303,161500,478.7,478.7,477.33,477.54,151355,0
DIA.US,5,20260303,162000,477.53,477.56,476.87,477.27,148965,0
DIA.US,5,20260303,162500,477.29,477.44,476.73,476.99,181122,0
DIA.US,5,20260303,163000,476.98,478.04,476.98,477.48,216301,0
DIA.US,5,20260303,163500,477.47,478.21,477.28,478.02,205115,0
DIA.US,5,20260303,164000,478.02,478.65,477.63,478.2,187689,0
DIA.US,5,20260303,164500,478.16,478.59,477.69,478.11,153097,0
DIA.US,5,20260303,165000,478.1,478.1,477.36,477.63,143743,0
DIA.US,5,20260303,165500,477.67,478.6,477.61,478.54,138613,0
DIA.US,5,20260303,170000,478.52,479.475,478.16,479.17,127231,0
DIA.US,5,20260303,170500,479.11,479.93,479.08,479.84,100790,0
DIA.US,5,20260303,171000,479.82,480.57,479.8192,480.47,94317,0
DIA.US,5,20260303,171500,480.49,481.03,480.31,480.42,104095,0
DIA.US,5,20260303,172000,480.46,481.32,480.24,481.28,131669,0
DIA.US,5,20260303,172500,481.34,481.46,480.91,481.08,94918,0
DIA.US,5,20260303,173000,481.08,481.28,480.25,481.24,101768,0
DIA.US,5,20260303,173500,481.22,481.625,481,481.25,77179,0
DIA.US,5,20260303,174000,481.23,481.99,481,481.86,145477,0
DIA.US,5,20260303,174500,481.94,483.06,481.86,482.35,114701,0
DIA.US,5,20260303,175000,482.4,482.81,482.1824,482.725,70237,0
DIA.US,5,20260303,175500,482.81,482.94,482.54,482.64,71871,0
DIA.US,5,20260303,180000,482.62,482.81,482.12,482.5,113976,0
DIA.US,5,20260303,180500,482.49,482.845,482.28,482.325,62081,0
DIA.US,5,20260303,181000,482.33,482.59,482.12,482.52,68689,0
DIA.US,5,20260303,181500,482.53,482.99,482.34,482.86,59071,0
DIA.US,5,20260303,182000,482.9,483.5835,482.6189,483.57,65509,0
DIA.US,5,20260303,182500,483.59,483.65,483.11,483.47,66348,0
DIA.US,5,20260303,183000,483.47,483.47,482.41,482.4977,51267,0
DIA.US,5,20260303,183500,482.51,482.95,482.27,482.54,66621,0
DIA.US,5,20260303,184000,482.98,483.82,482.93,483.76,56978,0
DIA.US,5,20260303,184500,483.76,483.91,483.48,483.79,69442,0
DIA.US,5,20260303,185000,483.78,483.86,482.9,482.97,55921,0
DIA.US,5,20260303,185500,482.97,483.63,482.87,483.44,53028,0
DIA.US,5,20260303,190000,483.47,484.36,483.44,484.06,65606,0
DIA.US,5,20260303,190500,484.12,484.46,483.955,484.39,42137,0
DIA.US,5,20260303,191000,484.375,484.44,483.6,483.85,45406,0
DIA.US,5,20260303,191500,483.85,484.37,483.85,484.19,43035,0
DIA.US,5,20260303,192000,484.175,485.01,484.175,484.92,49821,0
DIA.US,5,20260303,192500,485,485.34,484.79,484.9,85577,0
DIA.US,5,20260303,193000,484.9,485.62,484.84,485.41,65827,0
DIA.US,5,20260303,193500,485.38,486.01,485.22,485.99,70969,0
DIA.US,5,20260303,194000,486.04,486.26,485.56,485.76,64970,0
DIA.US,5,20260303,194500,485.78,486.22,485.44,486.135,77760,0
DIA.US,5,20260303,195000,486.14,486.46,486,486.07,98493,0
DIA.US,5,20260303,195500,486.02,486.21,485.75,485.94,63954,0
DIA.US,5,20260303,200000,486.01,486.15,485.77,485.99,53195,0
DIA.US,5,20260303,200500,486.02,486.08,485.26,485.33,71487,0
DIA.US,5,20260303,201000,485.34,485.62,485.03,485.55,56273,0
DIA.US,5,20260303,201500,485.61,486.02,485.52,486.02,55395,0
DIA.US,5,20260303,202000,486.0499,486.38,485.91,485.91,41441,0
DIA.US,5,20260303,202500,485.895,486.03,485.58,485.715,34677,0
DIA.US,5,20260303,203000,485.74,485.86,485.03,485.17,46080,0
DIA.US,5,20260303,203500,485.15,486.73,484.93,486.2,166104,0
DIA.US,5,20260303,204000,486.23,487.08,486.09,487.01,102269,0
DIA.US,5,20260303,204500,487.04,487.38,486.85,487.16,159479,0
DIA.US,5,20260303,205000,487.09,487.39,486.49,486.82,109603,0
DIA.US,5,20260303,205500,486.82,486.88,486.29,486.57,38196,0
DIA.US,5,20260303,210000,486.595,487.025,486.41,486.52,59096,0
DIA.US,5,20260303,210500,486.52,486.77,486.2,486.62,68179,0
DIA.US,5,20260303,211000,486.63,486.87,486.27,486.2739,33880,0
DIA.US,5,20260303,211500,486.27,486.48,485.93,485.99,48177,0
DIA.US,5,20260303,212000,486.02,486.31,485.8,486.1,46309,0
DIA.US,5,20260303,212500,486.02,486.465,485.72,486.24,37291,0
DIA.US,5,20260303,213000,486.26,486.39,485.99,486.01,34818,0
DIA.US,5,20260303,213500,486.04,486.36,485.54,485.78,47610,0
DIA.US,5,20260303,214000,485.8,485.93,485.51,485.68,33437,0
DIA.US,5,20260303,214500,485.69,485.73,485.4,485.66,45350,0
DIA.US,5,20260303,215000,485.67,485.77,484.83,485.42,235218,0
DIA.US,5,20260303,215500,485.41,485.61,485.17,485.51,244094,0
DIA.US,5,20260304,153000,486.56,488.04,485.68,485.88,312645,0
DIA.US,5,20260304,153500,485.94,486.15,484.6,484.94,192096,0
DIA.US,5,20260304,154000,485,485,483.95,484.28,121923,0
DIA.US,5,20260304,154500,484.24,485.25,484.03,484.725,120683,0
DIA.US,5,20260304,155000,484.715,485.38,484.15,485.275,82558,0
DIA.US,5,20260304,155500,485.26,485.67,484.855,485.58,55870,0
DIA.US,5,20260304,160000,485.64,486.48,485.295,485.74,110625,0
DIA.US,5,20260304,160500,485.72,486.81,485.48,486.785,75165,0
DIA.US,5,20260304,161000,486.75,487.45,486.4201,487.17,105721,0
DIA.US,5,20260304,161500,487.19,487.92,487.08,487.8,127721,0
DIA.US,5,20260304,162000,487.8,488.54,487.68,488.5,149126,0
DIA.US,5,20260304,162500,488.495,488.88,488.05,488.51,157637,0
DIA.US,5,20260304,163000,488.51,488.75,487.86,487.9073,115003,0
DIA.US,5,20260304,163500,487.88,488.07,487.48,487.6,129712,0
DIA.US,5,20260304,164000,487.62,487.75,487.37,487.5,88086,0
DIA.US,5,20260304,164500,487.53,487.58,487.02,487.46,95640,0
DIA.US,5,20260304,165000,487.45,487.915,487.34,487.87,71989,0
DIA.US,5,20260304,165500,487.81,488.439,487.8,488.41,67998,0
DIA.US,5,20260304,170000,488.435,488.96,488.435,488.75,99335,0
DIA.US,5,20260304,170500,488.74,488.82,488.46,488.57,54342,0
DIA.US,5,20260304,171000,488.52,488.58,487.54,487.73,42033,0
DIA.US,5,20260304,171500,487.74,488.385,487.73,487.87,71300,0
DIA.US,5,20260304,172000,487.875,488.01,487.57,487.77,82859,0
DIA.US,5,20260304,172500,487.785,488.281,487.69,488.28,69025,0
DIA.US,5,20260304,173000,488.27,488.74,488.215,488.5599,35219,0
DIA.US,5,20260304,173500,488.57,488.705,487.9975,488.06,54069,0
DIA.US,5,20260304,174000,488.05,488.99,488.05,488.88,120074,0
DIA.US,5,20260304,174500,488.88,489.03,488.57,488.69,74258,0
DIA.US,5,20260304,175000,488.69,488.84,488.31,488.68,115167,0
DIA.US,5,20260304,175500,488.67,488.8,488.37,488.48,47526,0
DIA.US,5,20260304,180000,488.48,488.84,488.35,488.82,76660,0
DIA.US,5,20260304,180500,488.83,488.84,488.52,488.78,40606,0
DIA.US,5,20260304,181000,488.77,488.94,488.72,488.77,37768,0
DIA.US,5,20260304,181500,488.82,488.955,488.68,488.74,27698,0
DIA.US,5,20260304,182000,488.79,488.9,488.29,488.6,41630,0
DIA.US,5,20260304,182500,488.6,488.8,488.19,488.19,24299,0
DIA.US,5,20260304,183000,488.21,488.32,487.62,488.225,31189,0
DIA.US,5,20260304,183500,488.295,488.63,488.1,488.57,37946,0
DIA.US,5,20260304,184000,488.56,488.72,488.3,488.45,36094,0
DIA.US,5,20260304,184500,488.45,488.71,488.425,488.62,24232,0
DIA.US,5,20260304,185000,488.635,488.88,488.48,488.8,79163,0
DIA.US,5,20260304,185500,488.82,488.86,488.6,488.71,45410,0
DIA.US,5,20260304,190000,488.71,488.91,488.45,488.45,41800,0
DIA.US,5,20260304,190500,488.46,488.74,488.29,488.64,40613,0
DIA.US,5,20260304,191000,488.6,488.66,488.12,488.145,38207,0
DIA.US,5,20260304,191500,488.12,488.19,487.909,487.93,29567,0
DIA.US,5,20260304,192000,487.87,488.24,487.79,488.03,31161,0
DIA.US,5,20260304,192500,488.02,488.29,487.97,488.1912,56144,0
DIA.US,5,20260304,193000,488.24,488.6,488.23,488.38,102551,0
DIA.US,5,20260304,193500,488.4,488.61,488.35,488.35,85800,0
DIA.US,5,20260304,194000,488.35,488.61,488.34,488.43,69279,0
DIA.US,5,20260304,194500,488.44,488.57,488.27,488.47,49165,0
DIA.US,5,20260304,195000,488.46,488.47,488.21,488.24,62524,0
DIA.US,5,20260304,195500,488.24,488.27,487.97,488.09,39329,0
DIA.US,5,20260304,200000,488.1,488.42,488.005,488.36,63625,0
DIA.US,5,20260304,200500,488.35,488.515,488.27,488.31,54121,0
DIA.US,5,20260304,201000,488.31,488.465,488.275,488.36,62381,0
DIA.US,5,20260304,201500,488.36,488.46,488.18,488.22,46501,0
DIA.US,5,20260304,202000,488.22,488.28,488.1,488.24,32037,0
DIA.US,5,20260304,202500,488.21,488.21,487.97,488.05,35544,0
DIA.US,5,20260304,203000,488.06,488.34,488.05,488.09,55477,0
DIA.US,5,20260304,203500,488.09,488.34,488.075,488.34,84014,0
DIA.US,5,20260304,204000,488.325,488.35,488.09,488.19,84993,0
DIA.US,5,20260304,204500,488.185,488.42,488.185,488.42,38242,0
DIA.US,5,20260304,205000,488.42,488.76,488.39,488.66,53927,0
DIA.US,5,20260304,205500,488.65,488.65,488.41,488.48,38618,0
DIA.US,5,20260304,210000,488.48,488.72,488.42,488.67,27768,0
DIA.US,5,20260304,210500,488.66,488.68,488.29486,488.52,203933,0
DIA.US,5,20260304,211000,488.52,488.52,488.21,488.4,32886,0
DIA.US,5,20260304,211500,488.39,488.445,488.22,488.28,45806,0
DIA.US,5,20260304,212000,488.26,488.32,487.97,488.26,43939,0
DIA.US,5,20260304,212500,488.27,488.505,488.27,488.49,28048,0
DIA.US,5,20260304,213000,488.46,488.62,488.28,488.29,39578,0
DIA.US,5,20260304,213500,488.28,488.51,488.26,488.39,111469,0
DIA.US,5,20260304,214000,488.38,488.64,488.325,488.569,51259,0
DIA.US,5,20260304,214500,488.54,488.74,488.51,488.67,55071,0
DIA.US,5,20260304,215000,488.64,488.66,488.1,488.27,144183,0
DIA.US,5,20260304,215500,488.24,488.38,487.68,487.75,449797,0
DIA.US,5,20260305,153000,483.82,485.34,483.66,485.21,276295,0
DIA.US,5,20260305,153500,485.17,485.48,484.4,484.96,185929,0
DIA.US,5,20260305,154000,484.96,484.99,483.7701,484.04,176082,0
DIA.US,5,20260305,154500,484.08,484.08,483.1,483.11,149370,0
DIA.US,5,20260305,155000,483.155,484.27,483,484.165,96978,0
DIA.US,5,20260305,155500,484.15,485.22,483.88,485.14,82560,0
DIA.US,5,20260305,160000,485.15,485.32,483.87,483.89,89884,0
DIA.US,5,20260305,160500,483.9,483.91,482.6,483.02,174006,0
DIA.US,5,20260305,161000,483.06,483.49,482.81,483.395,127113,0
DIA.US,5,20260305,161500,483.42,483.46,482.46,482.59,71714,0
DIA.US,5,20260305,162000,482.5,482.58,481.6967,481.6967,86295,0
DIA.US,5,20260305,162500,481.69,482.06,481.25,481.64,78639,0
DIA.US,5,20260305,163000,481.67,481.69,480.89,481.3,98928,0
DIA.US,5,20260305,163500,481.26,481.41,480.915,481.22,128585,0
DIA.US,5,20260305,164000,481.28,481.7,481,481.19,107957,0
DIA.US,5,20260305,164500,481.14,481.86,481.095,481.39,86510,0
DIA.US,5,20260305,165000,481.41,482.24,481.4,481.845,103675,0
DIA.US,5,20260305,165500,481.77,481.805,481.06,481.62,77333,0
DIA.US,5,20260305,170000,481.65,481.85,480.71,480.74,98072,0
DIA.US,5,20260305,170500,480.75,480.86,480.21,480.23,64902,0
DIA.US,5,20260305,171000,480.23,480.45,479.75,480.03,133763,0
DIA.US,5,20260305,171500,480.06,480.24,479.52,479.58,81976,0
DIA.US,5,20260305,172000,479.56,479.86,479.24,479.44,82594,0
DIA.US,5,20260305,172500,479.4,479.88,479.28,479.46,93535,0
DIA.US,5,20260305,173000,479.48,480.13,479.35,479.7,87448,0
DIA.US,5,20260305,173500,479.7,480.375,479.565,480.15,95037,0
DIA.US,5,20260305,174000,480.21,480.34,479.46,479.69,89838,0
DIA.US,5,20260305,174500,479.8,480.32,479.76,479.93,47120,0
DIA.US,5,20260305,175000,479.93,480.25,479.64,480.24,54053,0
DIA.US,5,20260305,175500,480.24,480.42,480.03,480.14,49839,0
DIA.US,5,20260305,180000,480.18,480.96,480,480.9,34846,0
DIA.US,5,20260305,180500,480.91,480.94,479.93,480.08,67403,0
DIA.US,5,20260305,181000,480.06,480.06,479.55,479.68,104700,0
DIA.US,5,20260305,181500,479.72,479.73,478.92,478.99,69563,0
DIA.US,5,20260305,182000,479.02,479.24,478.87,479.055,38375,0
DIA.US,5,20260305,182500,479,479.03,478.41,478.53,129183,0
DIA.US,5,20260305,183000,478.54,478.66,477.98,478.01,98216,0
DIA.US,5,20260305,183500,478.06,479.03,478.02,478.76,115411,0
DIA.US,5,20260305,184000,478.8,479,478.14,478.32,78124,0
DIA.US,5,20260305,184500,478.34,478.59,478.03,478.11,73157,0
DIA.US,5,20260305,185000,478.13,478.87,478.01,478.21,128794,0
DIA.US,5,20260305,185500,478.24,478.475,477.98,478.27,62523,0
DIA.US,5,20260305,190000,478.12,478.39,477.97,478.349,82569,0
DIA.US,5,20260305,190500,478.3,478.65,478.16,478.55,111426,0
DIA.US,5,20260305,191000,478.55,478.63,478.02,478.3604,50910,0
DIA.US,5,20260305,191500,478.35,478.4119,477.3801,477.45,62636,0
DIA.US,5,20260305,192000,477.47,477.99,477.45,477.66,73019,0
DIA.US,5,20260305,192500,477.65,477.75,477.1,477.5,44359,0
DIA.US,5,20260305,193000,477.54,478.0299,477.38,477.65,55603,0
DIA.US,5,20260305,193500,477.66,477.89,477.38,477.56,43852,0
DIA.US,5,20260305,194000,477.57,478.42,477.57,478.38,60050,0
DIA.US,5,20260305,194500,478.41,478.44,477.57,477.72,68339,0
DIA.US,5,20260305,195000,477.69,477.7,477.08,477.24,36243,0
DIA.US,5,20260305,195500,477.2387,477.67,477.2387,477.39,40405,0
DIA.US,5,20260305,200000,477.37,477.75,477.2398,477.34,61496,0
DIA.US,5,20260305,200500,477.35,477.68,477.25,477.38,39450,0
DIA.US,5,20260305,201000,477.42,477.73,477.16,477.6,55142,0
DIA.US,5,20260305,201500,477.55,477.56,476.93,477.36,57791,0
DIA.US,5,20260305,202000,477.4,477.69,477.13,477.34,41280,0
DIA.US,5,20260305,202500,477.35,477.475,476.73,476.9,61074,0
DIA.US,5,20260305,203000,476.83,476.84,476.15,476.47,105004,0
DIA.US,5,20260305,203500,476.49,476.705,476.25,476.66,65034,0
DIA.US,5,20260305,204000,476.71,477.05,476.63,477.05,42744,0
DIA.US,5,20260305,204500,477.02,477.32,476.73,477.18,44084,0
DIA.US,5,20260305,205000,477.17,477.48,477.04,477.22,35771,0
DIA.US,5,20260305,205500,476.8899,477.21,476.86,477.18,36754,0
DIA.US,5,20260305,210000,477.16,477.64,476.78,477.64,95021,0
DIA.US,5,20260305,210500,477.58,478.19,477.06,478.045,182153,0
DIA.US,5,20260305,211000,478.055,478.62,478,478.5,115638,0
DIA.US,5,20260305,211500,478.53,479.03,478.26,478.795,102984,0
DIA.US,5,20260305,212000,478.785,479.29,478.63,479.12,110207,0
DIA.US,5,20260305,212500,479.13,479.59,478.84,478.84,98825,0
DIA.US,5,20260305,213000,478.83,479.19,478.69,479.035,58793,0
DIA.US,5,20260305,213500,479.05,479.49,479.01,479.23,82788,0
DIA.US,5,20260305,214000,479.21,479.37,479.05,479.335,52739,0
DIA.US,5,20260305,214500,479.34,479.58,478.86,479.54,68737,0
DIA.US,5,20260305,215000,479.57,480.09,479.3301,479.93,203493,0
DIA.US,5,20260305,215500,479.95,479.995,479.6,479.85,323452,0
DIA.US,5,20260306,153000,473.72,473.78,471.6,471.995,336016,0
DIA.US,5,20260306,153500,472.005,472.07,470.86,471.34,195988,0
DIA.US,5,20260306,154000,471.37,472.145,470.75,471.185,159802,0
DIA.US,5,20260306,154500,471.37,471.64,470.52,470.99,164532,0
DIA.US,5,20260306,155000,471.0034,471.805,470.67,470.67,125477,0
DIA.US,5,20260306,155500,470.7,471.24,470.46,471.05,127155,0
DIA.US,5,20260306,160000,471.02,472.89,471.02,472.5668,191170,0
DIA.US,5,20260306,160500,472.64,473.01,471.5599,471.6894,151300,0
DIA.US,5,20260306,161000,471.685,473.255,471.63,473.19,121764,0
DIA.US,5,20260306,161500,473.1801,473.4825,472.83,473.39,109495,0
DIA.US,5,20260306,162000,473.4,474.25,473.1925,473.75,70986,0
DIA.US,5,20260306,162500,473.73,474.05,473.39,473.93,70650,0
DIA.US,5,20260306,163000,473.91,474.5453,473.91,474.48,80915,0
DIA.US,5,20260306,163500,474.52,475.12,474.52,474.8001,80529,0
DIA.US,5,20260306,164000,474.77,474.805,474.14,474.525,87902,0
DIA.US,5,20260306,164500,474.5,474.625,473.76,473.92,66996,0
DIA.US,5,20260306,165000,473.915,473.95,473.06,473.63,87068,0
DIA.US,5,20260306,165500,473.63,475.12,473.62,474.885,121274,0
DIA.US,5,20260306,170000,474.89,475.68,474.79,475.6,79867,0
DIA.US,5,20260306,170500,475.58,475.7,474.72,474.735,80558,0
DIA.US,5,20260306,171000,474.68,474.8,474.205,474.2404,57386,0
DIA.US,5,20260306,171500,474.21,474.855,474.08,474.76,52257,0
DIA.US,5,20260306,172000,474.79,474.87,473.84,474.51,74188,0
DIA.US,5,20260306,172500,474.51,474.64,474.01,474.27,57248,0
DIA.US,5,20260306,173000,474.23,474.42004,473.69,474.02,80537,0
DIA.US,5,20260306,173500,473.95,474.99,473.93,474.79,103174,0
DIA.US,5,20260306,174000,474.8,474.92,474.14,474.23,61369,0
DIA.US,5,20260306,174500,474.29,475.135,474.27,474.96,64106,0
DIA.US,5,20260306,175000,474.94,475.35,474.33,474.33,53391,0
DIA.US,5,20260306,175500,474.4,474.905,474,474.4799,97759,0
DIA.US,5,20260306,180000,474.41,475.05,474.2,474.65,58180,0
DIA.US,5,20260306,180500,474.57,474.6,473.43,473.6956,66532,0
DIA.US,5,20260306,181000,473.695,474,473.51,473.71,29039,0
DIA.US,5,20260306,181500,473.71,474.15,473.41,474.12,40334,0
DIA.US,5,20260306,182000,474.12,474.79,473.96,474.49,59690,0
DIA.US,5,20260306,182500,474.41,474.52,473.64,473.96,37096,0
DIA.US,5,20260306,183000,473.955,474.21,473.85,474.0801,31749,0
DIA.US,5,20260306,183500,474.09,474.1,473.09,473.26,43673,0
DIA.US,5,20260306,184000,473.385,473.4662,472.695,473.07,34965,0
DIA.US,5,20260306,184500,473.1099,473.72,473.05,473.635,38481,0
DIA.US,5,20260306,185000,473.66,474.14,473.59,473.77,62943,0
DIA.US,5,20260306,185500,473.76,474.15,473.54,473.72,26346,0
DIA.US,5,20260306,190000,473.72,474.8217,473.68,474.27,88002,0
DIA.US,5,20260306,190500,474.3,474.91,474.18,474.77,68480,0
DIA.US,5,20260306,191000,474.81,475.96,474.56,475.72,175079,0
DIA.US,5,20260306,191500,475.68,475.915,475.29,475.71,128421,0
DIA.US,5,20260306,192000,475.71,475.85,475,475.42,114029,0
DIA.US,5,20260306,192500,475.405,475.45,474.49,474.77,42447,0
DIA.US,5,20260306,193000,474.73,475.17,474.63,474.79,51217,0
DIA.US,5,20260306,193500,474.815,474.82,474.02,474.34,41656,0
DIA.US,5,20260306,194000,474.25,474.66,474.215,474.47,20771,0
DIA.US,5,20260306,194500,474.51,474.56,474.26,474.56,22138,0
DIA.US,5,20260306,195000,474.62,474.62,473.86,474.06,50332,0
DIA.US,5,20260306,195500,474.04,474.51,473.92,474.2667,31751,0
DIA.US,5,20260306,200000,474.27,474.55,474.185,474.185,16848,0
DIA.US,5,20260306,200500,474.15,474.83,474.1,474.65,27409,0
DIA.US,5,20260306,201000,474.66,475.3,474.66,475.2,36287,0
DIA.US,5,20260306,201500,475.18,475.36,474.85,475.36,24303,0
DIA.US,5,20260306,202000,475.25,475.39,474.69,474.775,44024,0
DIA.US,5,20260306,202500,474.72,475.37,474.5,475.26,27817,0
DIA.US,5,20260306,203000,475.28,475.64,475.17,475.42,28985,0
DIA.US,5,20260306,203500,475.4,475.47,474.85,475.22,54005,0
DIA.US,5,20260306,204000,475.25,475.9217,475.25,475.305,51559,0
DIA.US,5,20260306,204500,475.29,475.51,475.15,475.37,41499,0
DIA.US,5,20260306,205000,475.38,475.73,475.16,475.64,30868,0
DIA.US,5,20260306,205500,475.66,475.83,475.57,475.61,34546,0
DIA.US,5,20260306,210000,475.67,476.23,475.65,476.11,76476,0
DIA.US,5,20260306,210500,476.11,476.17,475.843,475.86,62755,0
DIA.US,5,20260306,211000,475.92,475.96,475.13,475.22,132194,0
DIA.US,5,20260306,211500,475.21,475.72,475.08,475.47,73066,0
DIA.US,5,20260306,212000,475.45,475.45,475.06,475.26,48031,0
DIA.US,5,20260306,212500,475.26,475.275,474.7795,474.84,48298,0
DIA.US,5,20260306,213000,474.78,475.14,474.6,474.81,55499,0
DIA.US,5,20260306,213500,474.805,475.16,474.31,475.1,91846,0
DIA.US,5,20260306,214000,475.13,475.87,474.99,475.27,153415,0
DIA.US,5,20260306,214500,475.23,475.545,475.21,475.27,67922,0
DIA.US,5,20260306,215000,475.3,475.4,474.56,475.2,221292,0
DIA.US,5,20260306,215500,475.18,475.74,474.99,475.16,240004,0
DIA.US,5,20260309,143000,470.88,471.42,469.76,470.03,458707,0
DIA.US,5,20260309,143500,470.08,470.12,469.2,469.27,140561,0
DIA.US,5,20260309,144000,469.345,469.5,468.49,469.385,114585,0
DIA.US,5,20260309,144500,469.34,469.69,468.56,468.59,101242,0
DIA.US,5,20260309,145000,468.62,468.81,467.6,468.03,88422,0
DIA.US,5,20260309,145500,467.88,469.26,467.71,468.53,75167,0
DIA.US,5,20260309,150000,468.5262,469.21,468.3,469.19,52031,0
DIA.US,5,20260309,150500,469.19,469.23,466.72,467.33,111615,0
DIA.US,5,20260309,151000,467.24,467.425,466.745,467.405,115182,0
DIA.US,5,20260309,151500,467.415,468.16,467.33,467.82,123466,0
DIA.US,5,20260309,152000,467.81,468.99,467.13,468.7,110234,0
DIA.US,5,20260309,152500,468.69,468.84,467.62,467.9002,85251,0
DIA.US,5,20260309,153000,467.88,468.77,467.88,468.68,95164,0
DIA.US,5,20260309,153500,468.67,469.59,468.4799,469.28,116811,0
DIA.US,5,20260309,154000,469.22,469.87,469.04,469.87,123040,0
DIA.US,5,20260309,154500,469.91,470.1399,469.63,469.87,118566,0
DIA.US,5,20260309,155000,469.84,470.81,469.49,470.8078,210685,0
DIA.US,5,20260309,155500,470.785,470.91,470.15,470.41,122979,0
DIA.US,5,20260309,160000,470.41,471.23,470.37,471.2,105322,0
DIA.US,5,20260309,160500,471.23,471.29,470.66,470.76,47935,0
DIA.US,5,20260309,161000,470.76,471.3,470.69,471.23,66193,0
DIA.US,5,20260309,161500,471.36,471.65,471.12,471.35,49527,0
DIA.US,5,20260309,162000,471.3501,471.94,471.18,471.78,54189,0
DIA.US,5,20260309,162500,471.78,472.24,471.51,472.09,74228,0
DIA.US,5,20260309,163000,472.08,472.11,471.09,471.23,167194,0
DIA.US,5,20260309,163500,471.205,471.23,470.895,470.99,88826,0
DIA.US,5,20260309,164000,470.9,471.11,470.775,470.8222,40392,0
DIA.US,5,20260309,164500,470.83,471.54,470.77,471.19,72473,0
DIA.US,5,20260309,165000,471.14,471.66,471.06,471.49,77019,0
DIA.US,5,20260309,165500,471.47,471.68,471.27,471.44,45198,0
DIA.US,5,20260309,170000,471.45,471.8,471.0832,471.31,136175,0
DIA.US,5,20260309,170500,471.39,471.82,471.34,471.6,83107,0
DIA.US,5,20260309,171000,471.598,471.94,471.37,471.63,76713,0
DIA.US,5,20260309,171500,471.62,471.72,471.27,471.58,41206,0
DIA.US,5,20260309,172000,471.585,472.2,471.13,472.05,81782,0
DIA.US,5,20260309,172500,472.135,472.89,472.01,472.26,284051,0
DIA.US,5,20260309,173000,472.33,472.37,471.6,472.28,58069,0
DIA.US,5,20260309,173500,472.27,472.54,472.1,472.17,44839,0
DIA.US,5,20260309,174000,472.32,472.87,472.26,472.78,69435,0
DIA.US,5,20260309,174500,472.79,473.26,472.79,473.07,67429,0
DIA.US,5,20260309,175000,473.1,473.18,472.72,472.78,60234,0
DIA.US,5,20260309,175500,472.66,473.06,472.53,472.6,50728,0
DIA.US,5,20260309,180000,472.66,472.67,472.02,472.33,81115,0
DIA.US,5,20260309,180500,472.27,472.41,472.1,472.38,33798,0
DIA.US,5,20260309,181000,472.39,472.55,472.1,472.295,43112,0
DIA.US,5,20260309,181500,472.26,472.38,471.56,471.65,332667,0
DIA.US,5,20260309,182000,471.6,471.71,471.16,471.19,51661,0
DIA.US,5,20260309,182500,471.205,471.215,470.815,470.905,23165,0
DIA.US,5,20260309,183000,470.855,471,470.595,470.715,40630,0
DIA.US,5,20260309,183500,470.69,470.75,470.5,470.54,24538,0
DIA.US,5,20260309,184000,470.51,470.75,470.35,470.52,33018,0
DIA.US,5,20260309,184500,470.52,471.07,470.49,470.69,41913,0
DIA.US,5,20260309,185000,470.6,471.25,470.56,471.19,22044,0
DIA.US,5,20260309,185500,471.18,471.35,470.75,470.82,19778,0
DIA.US,5,20260309,190000,470.85,471.31,470.83,471.12,33714,0
DIA.US,5,20260309,190500,471.16,471.68,471.065,471.16,74561,0
DIA.US,5,20260309,191000,471.18,471.615,471,471.46,57583,0
DIA.US,5,20260309,191500,471.46,472.0794,471.35,472.0491,45846,0
DIA.US,5,20260309,192000,472.03,472.53,471.67,471.78,66633,0
DIA.US,5,20260309,192500,471.815,471.99,471.66,471.91,48264,0
DIA.US,5,20260309,193000,471.89,472.48,471.85,472.47,93275,0
DIA.US,5,20260309,193500,472.47,472.58,472.16,472.27,61458,0
DIA.US,5,20260309,194000,472.25,472.3,472.08,472.16,37517,0
DIA.US,5,20260309,194500,472.15,472.275,472.08,472.09,22272,0
DIA.US,5,20260309,195000,472.03,472.42,471.93,472.13,35003,0
DIA.US,5,20260309,195500,472.1,472.1,471.6,471.715,57205,0
DIA.US,5,20260309,200000,471.75,472.29,471.68,472.23,52919,0
DIA.US,5,20260309,200500,472.2,472.28,471.96,472.26,50784,0
DIA.US,5,20260309,201000,472.26,472.46,472.14,472.25,29644,0
DIA.US,5,20260309,201500,472.21,473.51,472.18,473.5,223316,0
DIA.US,5,20260309,202000,473.52,476.41,473.52,475.96,387778,0
DIA.US,5,20260309,202500,475.93,477.605,475.78,477.56,258532,0
DIA.US,5,20260309,203000,477.55,478.4,476.46,478.32,156461,0
DIA.US,5,20260309,203500,478.32,479.38,477.52,479.28,127433,0
DIA.US,5,20260309,204000,479.22,479.22,477.65,478.17,129846,0
DIA.US,5,20260309,204500,478.12,478.57,477.78,478.18,78219,0
DIA.US,5,20260309,205000,478.14,478.19,477.29,477.43,112748,0
DIA.US,5,20260309,205500,477.46,478.19,477.14,477.88,263905,0
DIA.US,5,20260310,143000,477.74,478.39,476.9,477.65,331136,0
DIA.US,5,20260310,143500,477.67,477.87,477.04,477.535,127681,0
DIA.US,5,20260310,144000,477.48,477.99,476.02,476.72,95866,0
DIA.US,5,20260310,144500,476.69,476.94,476.08,476.595,82214,0
DIA.US,5,20260310,145000,476.59,476.59,475.64,476,101552,0
DIA.US,5,20260310,145500,476.01,476.055,475.22,475.55,76714,0
DIA.US,5,20260310,150000,475.645,476.14,475.01,476.03,82573,0
DIA.US,5,20260310,150500,476.03,476.77,475.34,475.46,95423,0
DIA.US,5,20260310,151000,475.43,475.9,475.29,475.81,63881,0
DIA.US,5,20260310,151500,475.82,476.68,475.5,476.53,76376,0
DIA.US,5,20260310,152000,476.52,477.62,476.52,477.45,50567,0
DIA.US,5,20260310,152500,477.45,477.93,477.45,477.6525,44937,0
DIA.US,5,20260310,153000,477.64,478.72,477.64,478.655,40561,0
DIA.US,5,20260310,153500,478.617,479.02,478.43,479.02,53323,0
DIA.US,5,20260310,154000,479.01,479.7405,478.94,479.69,100665,0
DIA.US,5,20260310,154500,479.73,479.95,479.29,479.83,61416,0
DIA.US,5,20260310,155000,479.84,480.27,479.79,480.265,57909,0
DIA.US,5,20260310,155500,480.24,480.63,480.23,480.58,61497,0
DIA.US,5,20260310,160000,480.52,480.7425,480.28,480.3601,129562,0
DIA.US,5,20260310,160500,480.37,480.39,479.83,479.95,53544,0
DIA.US,5,20260310,161000,479.94,480.03,479.68,479.85,34472,0
DIA.US,5,20260310,161500,479.8683,480.76,479.84,480.63,50709,0
DIA.US,5,20260310,162000,480.61,480.7,480.35,480.6,32750,0
DIA.US,5,20260310,162500,480.5975,480.69,480.3603,480.63,26957,0
DIA.US,5,20260310,163000,480.63,480.7,480.28,480.32,26533,0
DIA.US,5,20260310,163500,480.36,480.57,480.33,480.56,25780,0
DIA.US,5,20260310,164000,480.58,481.07,480.335,480.87,51344,0
DIA.US,5,20260310,164500,480.86,480.92,480.36,480.67,47096,0
DIA.US,5,20260310,165000,480.73,481.01,480.271,480.36,26381,0
DIA.US,5,20260310,165500,480.36,480.7,480.28,480.601,15023,0
DIA.US,5,20260310,170000,480.61,480.61,479.87,480.01,25879,0
DIA.US,5,20260310,170500,479.93,479.95,479.355,479.57,60330,0
DIA.US,5,20260310,171000,479.56,480.24,479.51,480.08,41517,0
DIA.US,5,20260310,171500,480.08,480.54,479.88,480.41,32996,0
DIA.US,5,20260310,172000,480.39,480.42,479.94,480.165,37255,0
DIA.US,5,20260310,172500,480.135,480.67,480.03,480.12,64761,0
DIA.US,5,20260310,173000,480.11,480.9,480.1,480.9,58990,0
DIA.US,5,20260310,173500,480.91,481.22,480.88,481.04,33117,0
DIA.US,5,20260310,174000,481.06,481.08,480.805,480.94,12347,0
DIA.US,5,20260310,174500,480.93,480.93,480.1601,480.48,26229,0
DIA.US,5,20260310,175000,480.45,481.16,480.35,480.88,27033,0
DIA.US,5,20260310,175500,481.02,481.08,480.83,480.89,26000,0
DIA.US,5,20260310,180000,480.85,481.36,480.76,481.2,40388,0
DIA.US,5,20260310,180500,481.21,481.68,481.18,481.405,45037,0
DIA.US,5,20260310,181000,481.37,481.63,481.15,481.32,62627,0
DIA.US,5,20260310,181500,481.31,482.125,481.26,482.125,28124,0
DIA.US,5,20260310,182000,482.06,482.45,481.95,482.33,31734,0
DIA.US,5,20260310,182500,482.36,482.87,482.28,482.76,51514,0
DIA.US,5,20260310,183000,482.7,482.7217,481.79,481.8,68943,0
DIA.US,5,20260310,183500,481.8,481.88,480.85,481.24,70056,0
DIA.US,5,20260310,184000,481.24,481.43,480.9,481.18,44198,0
DIA.US,5,20260310,184500,481.22,482.08,481.11,481.91,32946,0
DIA.US,5,20260310,185000,481.86,482.25,481.82,482.06,24431,0
DIA.US,5,20260310,185500,482.05,482.11,481.7409,481.83,29050,0
DIA.US,5,20260310,190000,481.8,481.9299,481.6,481.85,22936,0
DIA.US,5,20260310,190500,481.7909,481.7909,481.27,481.3278,39942,0
DIA.US,5,20260310,191000,481.35,481.72,479.77,479.82,78024,0
DIA.US,5,20260310,191500,479.82,479.85,478.08,478.46,135980,0
DIA.US,5,20260310,192000,478.415,479.08,477.9,478.65,141735,0
DIA.US,5,20260310,192500,478.64,480.02,478.61,479.54,77949,0
DIA.US,5,20260310,193000,479.5399,480.29,479.23,479.645,56454,0
DIA.US,5,20260310,193500,479.68,479.92,478.7,479.15,59286,0
DIA.US,5,20260310,194000,479.12,479.39,478.72,478.99,45612,0
DIA.US,5,20260310,194500,478.91,479.49,478.8,479.13,41767,0
DIA.US,5,20260310,195000,479.11,479.73,478.74,479.09,33504,0
DIA.US,5,20260310,195500,479.07,479.2,478.68,478.96,29859,0
DIA.US,5,20260310,200000,478.98,479.47,478.94,479.19,44069,0
DIA.US,5,20260310,200500,479.14,479.4,478.86,479.2,23464,0
DIA.US,5,20260310,201000,479.19,479.41,478.85,479.34,50551,0
DIA.US,5,20260310,201500,479.37,479.73,479.23,479.54,60131,0
DIA.US,5,20260310,202000,479.53,479.57,478.5,478.9204,65091,0
DIA.US,5,20260310,202500,478.89,478.915,478,478,49222,0
DIA.US,5,20260310,203000,478,478.13,477.6,477.86,51641,0
DIA.US,5,20260310,203500,477.81,478.2,477.57,478.13,42944,0
DIA.US,5,20260310,204000,478.14,478.835,477.74,478.2,145773,0
DIA.US,5,20260310,204500,478.23,478.43,477.56,477.74,61863,0
DIA.US,5,20260310,205000,477.77,477.96,477.45,477.68,127925,0
DIA.US,5,20260310,205500,477.7,477.87,477.19,477.74,233466,0
DIA.US,5,20260311,143000,477.4,477.77,476.74,476.88,396143,0
DIA.US,5,20260311,143500,476.84,477.18,476.44,477.05,164756,0
DIA.US,5,20260311,144000,477.125,477.16,475.48,475.72,147309,0
DIA.US,5,20260311,144500,475.67,475.67,474.36,474.655,160098,0
DIA.US,5,20260311,145000,474.65,475.71,474.43,475.13,96176,0
DIA.US,5,20260311,145500,475.14,475.92,474.63,475.64,111738,0
DIA.US,5,20260311,150000,475.53,477.4404,475.49,476.13,127053,0
DIA.US,5,20260311,150500,475.99,476.51,475.46,476.1,76788,0
DIA.US,5,20260311,151000,476.06,476.16,475.11,475.98,53858,0
DIA.US,5,20260311,151500,475.94,476.11,475.21,475.77,97884,0
DIA.US,5,20260311,152000,475.77,475.84,474.27,474.3,102367,0
DIA.US,5,20260311,152500,474.29,474.47,473.525,474.06,171136,0
DIA.US,5,20260311,153000,474.09,474.89,473.99,474.46,118724,0
DIA.US,5,20260311,153500,474.54,475.7,474.54,475.49,63253,0
DIA.US,5,20260311,154000,475.49,476.21,475.325,476.05,49746,0
DIA.US,5,20260311,154500,476.08,476.1,475.51,475.97,30852,0
DIA.US,5,20260311,155000,475.98,476.22,475.91,476.19,33821,0
DIA.US,5,20260311,155500,476.19,476.57,475.95,476.36,44576,0
DIA.US,5,20260311,160000,476.37,476.9,475.27,475.78,80317,0
DIA.US,5,20260311,160500,475.83,475.84,474.97,475.1,260504,0
DIA.US,5,20260311,161000,475.15,475.42,473.99,473.99,104063,0
DIA.US,5,20260311,161500,473.99,473.99,473.4802,473.85,101026,0
DIA.US,5,20260311,162000,473.83,474.69,473.78,474.58,56910,0
DIA.US,5,20260311,162500,474.56,474.78,473.49,473.49,56458,0
DIA.US,5,20260311,163000,473.464,473.68,473.12,473.50363,54091,0
DIA.US,5,20260311,163500,473.47,473.78,473.34,473.48,36345,0
DIA.US,5,20260311,164000,473.46,473.65,473.06,473.06,59171,0
DIA.US,5,20260311,164500,473.01,473.16,472.81,473.02,62459,0
DIA.US,5,20260311,165000,473.02,473.62,472.99,473.61,58057,0
DIA.US,5,20260311,165500,473.6,473.67,472.89,472.89,74790,0
DIA.US,5,20260311,170000,472.89,473.01,472.55,472.62,74709,0
DIA.US,5,20260311,170500,472.62,472.91,472.46,472.6,74884,0
DIA.US,5,20260311,171000,472.58,473.08,472.56,473.01,54353,0
DIA.US,5,20260311,171500,473,473.19,472.56,472.65,55150,0
DIA.US,5,20260311,172000,472.66,473.27,472.51,472.98,70628,0
DIA.US,5,20260311,172500,472.99,473.22,472.76,473.18,46353,0
DIA.US,5,20260311,173000,473.18,473.95,473.15,473.94,46563,0
DIA.US,5,20260311,173500,473.945,474.1,473.55,473.78,34331,0
DIA.US,5,20260311,174000,473.8,474.38,473.75,474,56609,0
DIA.US,5,20260311,174500,473.92,474.15,473.72,473.91,39427,0
DIA.US,5,20260311,175000,473.91,474.41,473.91,474.35,43141,0
DIA.US,5,20260311,175500,474.35,474.5978,474.07,474.57,26922,0
DIA.US,5,20260311,180000,474.6,474.7398,474.39,474.4901,30900,0
DIA.US,5,20260311,180500,474.51,474.83,474.4,474.4817,19823,0
DIA.US,5,20260311,181000,474.46,474.62,474.14,474.3,29545,0
DIA.US,5,20260311,181500,474.26,474.58,474.11,474.235,17337,0
DIA.US,5,20260311,182000,474.24,474.81,474.24,474.8,20432,0
DIA.US,5,20260311,182500,474.76,475.28,474.72,475.04,56237,0
DIA.US,5,20260311,183000,475.08,475.14,474.62,474.75,35893,0
DIA.US,5,20260311,183500,474.75,474.87,472.85,473.49,91727,0
DIA.US,5,20260311,184000,473.47,473.91,473.1,473.41,38533,0
DIA.US,5,20260311,184500,473.3963,473.86,473.31,473.73,26143,0
DIA.US,5,20260311,185000,473.7,474.48,473.7,473.985,27024,0
DIA.US,5,20260311,185500,473.91,474.09,473.54,473.97,75686,0
DIA.US,5,20260311,190000,473.91,474.25,473.79,474.14,47635,0
DIA.US,5,20260311,190500,474.14,474.23,473.55,473.55,30944,0
DIA.US,5,20260311,191000,473.56,473.74,473.19,473.72,36734,0
DIA.US,5,20260311,191500,473.72,474.25,473.66,474.23,23553,0
DIA.US,5,20260311,192000,474.25,474.4262,473.8,474.11,77673,0
DIA.US,5,20260311,192500,474.08,474.67,473.96,474.5,42510,0
DIA.US,5,20260311,193000,474.42,474.58,474.19,474.38,26459,0
DIA.US,5,20260311,193500,474.45,474.465,474.04,474.085,22344,0
DIA.US,5,20260311,194000,474.07,474.21,473.96,474.2,24180,0
DIA.US,5,20260311,194500,474.2,474.33,473.92,473.93,18104,0
DIA.US,5,20260311,195000,474.0099,474.52,473.96,474.32,36601,0
DIA.US,5,20260311,195500,474.33,474.49,473.89,474.06,49425,0
DIA.US,5,20260311,200000,474.06,474.14,473.435,473.69,36046,0
DIA.US,5,20260311,200500,473.61,473.7917,473.4,473.72,19836,0
DIA.US,5,20260311,201000,473.7,473.845,473.59,473.65,21890,0
DIA.US,5,20260311,201500,473.65,474.0284,473.495,473.98,27871,0
DIA.US,5,20260311,202000,473.9561,473.99,473.64,473.86,34701,0
DIA.US,5,20260311,202500,473.88,474.2,473.85,473.96,17456,0
DIA.US,5,20260311,203000,473.98,474.66,473.84,474.57,36272,0
DIA.US,5,20260311,203500,474.63,474.74,474.425,474.71,24206,0
DIA.US,5,20260311,204000,474.72,475,474.635,474.98,37492,0
DIA.US,5,20260311,204500,474.99,475.06,474.59,474.645,59573,0
DIA.US,5,20260311,205000,474.64,474.9573,474.415,474.89,89207,0
DIA.US,5,20260311,205500,474.91,475.02,474.56,474.81,321108,0
DIA.US,5,20260312,143000,470.34,470.43,468.77,469.01,547683,0
DIA.US,5,20260312,143500,468.99,469.93,468.71,469.85,253770,0
DIA.US,5,20260312,144000,469.84,470,469.23,469.26,138829,0
DIA.US,5,20260312,144500,469.23,469.72,468.65,469.69,246818,0
DIA.US,5,20260312,145000,469.67,470.27,469.14,469.18,217706,0
DIA.US,5,20260312,145500,469.16,469.31,468.6,468.89,115765,0
DIA.US,5,20260312,150000,468.87,470.65,468.87,470.23,152986,0
DIA.US,5,20260312,150500,470.21,470.52,469.6284,470.3178,144537,0
DIA.US,5,20260312,151000,470.335,470.8,470.1001,470.665,95159,0
DIA.US,5,20260312,151500,470.7,470.75,469.225,469.38,76738,0
DIA.US,5,20260312,152000,469.32,469.35,468.745,468.92,67787,0
DIA.US,5,20260312,152500,468.97,469.28,468.04,468.09,96531,0
DIA.US,5,20260312,153000,468.13,468.37,467.92,468.335,79967,0
DIA.US,5,20260312,153500,468.335,468.84,468.08,468.52,103939,0
DIA.US,5,20260312,154000,468.56,469.385,468.21,469.28,87852,0
DIA.US,5,20260312,154500,469.29,470.51,468.9,469.075,208205,0
DIA.US,5,20260312,155000,469.1,469.18,468.62,469.01,111737,0
DIA.US,5,20260312,155500,469.07,469.355,468.9501,469.08,64410,0
DIA.US,5,20260312,160000,469.06,469.32,468.5663,468.8,66863,0
DIA.US,5,20260312,160500,468.71,468.86,468.43,468.49,52657,0
DIA.US,5,20260312,161000,468.44,468.45,467.83,468.1,61938,0
DIA.US,5,20260312,161500,468.12,468.47,467.96,468.19,48034,0
DIA.US,5,20260312,162000,468.14,468.63,467.97,468.57,62869,0
DIA.US,5,20260312,162500,468.538,469.1,468.36,468.48,33303,0
DIA.US,5,20260312,163000,468.46,468.67,467.935,468.205,38127,0
DIA.US,5,20260312,163500,468.18,469.285,467.57,469.285,84060,0
DIA.US,5,20260312,164000,469.295,470,468.64,469.645,147615,0
DIA.US,5,20260312,164500,469.6501,469.87,468.86,469.25,70984,0
DIA.US,5,20260312,165000,469.28,469.655,468.97,469.52,52036,0
DIA.US,5,20260312,165500,469.46,469.595,469.075,469.385,30546,0
DIA.US,5,20260312,170000,469.39,470.02,469.27,469.99,58612,0
DIA.US,5,20260312,170500,469.95,470.19,468.44,468.55,98759,0
DIA.US,5,20260312,171000,468.56,469.18,468.43,469.17,40503,0
DIA.US,5,20260312,171500,469.155,470.18,469.14,470,76063,0
DIA.US,5,20260312,172000,470.08,471.48,470.02,470.42,96303,0
DIA.US,5,20260312,172500,470.41,470.445,469.4,469.47,100789,0
DIA.US,5,20260312,173000,469.53,470.07,469.14,469.77,43614,0
DIA.US,5,20260312,173500,469.78,470.61,469.675,470.48,107500,0
DIA.US,5,20260312,174000,470.51,470.51,470.04,470.3,81963,0
DIA.US,5,20260312,174500,470.22,470.2675,468.95,469.52,51494,0
DIA.US,5,20260312,175000,469.48,469.71,469.07,469.39,50533,0
DIA.US,5,20260312,175500,469.34,469.63,469.07,469.53,36800,0
DIA.US,5,20260312,180000,469.53,470.16,469.38,470.16,58831,0
DIA.US,5,20260312,180500,470.13,470.71,469.59,469.61,78782,0
DIA.US,5,20260312,181000,469.66,470.075,469.31,469.47,41791,0
DIA.US,5,20260312,181500,469.35,469.474,468.87,468.87,46901,0
DIA.US,5,20260312,182000,468.85,469.8299,468.75,469.4,49432,0
DIA.US,5,20260312,182500,469.49,469.69,469,469.125,53788,0
DIA.US,5,20260312,183000,469.12,469.62,469.05,469.24,48275,0
DIA.US,5,20260312,183500,469.26,469.92,469.25,469.9,45100,0
DIA.US,5,20260312,184000,469.97,470.1,469.04,469.04,35244,0
DIA.US,5,20260312,184500,469.1,469.22,468.65,468.9,69030,0
DIA.US,5,20260312,185000,468.8505,469.4,468.83,468.85,30702,0
DIA.US,5,20260312,185500,468.88,469.04,468.4,468.9,35867,0
DIA.US,5,20260312,190000,468.93,469.41,468.87,469.16,62202,0
DIA.US,5,20260312,190500,469.15,469.46,468.8778,469.03,37547,0
DIA.US,5,20260312,191000,469.06,469.4,469.03,469.4,23230,0
DIA.US,5,20260312,191500,469.49,469.68,468.695,468.7899,26913,0
DIA.US,5,20260312,192000,468.74,468.785,468.33,468.52,32629,0
DIA.US,5,20260312,192500,468.48,468.68,468.2389,468.65,28434,0
DIA.US,5,20260312,193000,468.65,468.92,468.39,468.39,28008,0
DIA.US,5,20260312,193500,468.355,468.48,468.19,468.3999,31300,0
DIA.US,5,20260312,194000,468.37,468.5,468.12,468.3712,40942,0
DIA.US,5,20260312,194500,468.36,468.54,468.2,468.23,24811,0
DIA.US,5,20260312,195000,468.23,468.74,468.21,468.51,25326,0
DIA.US,5,20260312,195500,468.45,468.47,468.1,468.22,85820,0
DIA.US,5,20260312,200000,468.21,468.7,468,468.36,55937,0
DIA.US,5,20260312,200500,468.34,468.87,468.27,468.73,54272,0
DIA.US,5,20260312,201000,468.735,468.9,468.455,468.67,30571,0
DIA.US,5,20260312,201500,468.71,468.95,468.55,468.85,20005,0
DIA.US,5,20260312,202000,468.8369,469.22,468.76,468.8,37806,0
DIA.US,5,20260312,202500,468.825,469.04,468.72,468.88,24815,0
DIA.US,5,20260312,203000,468.89,469.36,468.86,469.165,46325,0
DIA.US,5,20260312,203500,469.19,469.25,468.88,469.13,58401,0
DIA.US,5,20260312,204000,469.1,469.125,468.5283,468.62,37599,0
DIA.US,5,20260312,204500,468.57,468.585,467.995,468.0596,100478,0
DIA.US,5,20260312,205000,468.03,468.11,467.64,468.01,199171,0
DIA.US,5,20260312,205500,468.02,468.22,467.41,467.48,228604,0
DIA.US,5,20260313,143000,469.94,471.16,469.78,471.08,414879,0
DIA.US,5,20260313,143500,471.1,471.9,470.89,471.8001,164022,0
DIA.US,5,20260313,144000,471.855,472.1,471.44,472.08,168740,0
DIA.US,5,20260313,144500,472.06,472.06,470.77,470.855,145787,0
DIA.US,5,20260313,145000,470.8,471.08,470.22,470.949,101720,0
DIA.US,5,20260313,145500,470.93,470.94,470.14,470.37,183015,0
DIA.US,5,20260313,150000,470.4,470.92,469.83,470.17,120037,0
DIA.US,5,20260313,150500,470.21,470.39,469.565,469.68,77103,0
DIA.US,5,20260313,151000,469.69,469.87,469.4,469.62,67196,0
DIA.US,5,20260313,151500,469.5999,469.5999,468.695,468.99,65134,0
DIA.US,5,20260313,152000,468.98,469.69,468.95,469.38,74808,0
DIA.US,5,20260313,152500,469.38,469.66,468.99,469.485,72134,0
DIA.US,5,20260313,153000,469.495,470.57,469.43,470.28,125261,0
DIA.US,5,20260313,153500,470.29,470.39,469.7108,469.97,104131,0
DIA.US,5,20260313,154000,469.91,469.93,468.9,468.9,78009,0
DIA.US,5,20260313,154500,468.915,469.3,468.5,469.29,86998,0
DIA.US,5,20260313,155000,469.25,469.61,468.89,468.98,60938,0
DIA.US,5,20260313,155500,468.95,469.08,467.99,468.14,79050,0
DIA.US,5,20260313,160000,468.18,468.42,467.63,467.8941,87690,0
DIA.US,5,20260313,160500,467.99,468.59,467.69,468.58,63428,0
DIA.US,5,20260313,161000,468.64,469.1,468.34,469.035,36636,0
DIA.US,5,20260313,161500,469.06,469.08,468.62,468.63,42255,0
DIA.US,5,20260313,162000,468.6,468.99,467.84,467.88,51839,0
DIA.US,5,20260313,162500,467.85,467.9,467.49,467.6599,57869,0
DIA.US,5,20260313,163000,467.65,468.24,467.53,468.12,52403,0
DIA.US,5,20260313,163500,468.13,468.2,467.37,467.88,55089,0
DIA.US,5,20260313,164000,467.85,468.05,467.19,467.45,49028,0
DIA.US,5,20260313,164500,467.49,468.76,467.33,468.16,137826,0
DIA.US,5,20260313,165000,468.19,468.28,467.53,467.82,78205,0
DIA.US,5,20260313,165500,467.8,467.86,467.26,467.39,29266,0
DIA.US,5,20260313,170000,467.3,467.885,467.3,467.56,44344,0
DIA.US,5,20260313,170500,467.57,468.0399,467.3499,467.89,27150,0
DIA.US,5,20260313,171000,467.94,468.22,467.25,467.63,47026,0
DIA.US,5,20260313,171500,467.79,467.79,467.12,467.3601,24182,0
DIA.US,5,20260313,172000,467.46,468.04,467.3,467.6301,39717,0
DIA.US,5,20260313,172500,467.705,467.8601,467.37,467.7517,29618,0
DIA.US,5,20260313,173000,467.79,467.99,467.38,467.49,52810,0
DIA.US,5,20260313,173500,467.51,468.23,467.51,467.63,43882,0
DIA.US,5,20260313,174000,467.61,467.9187,467.0883,467.1012,57458,0
DIA.US,5,20260313,174500,467.12,467.43,466.82,467.43,55702,0
DIA.US,5,20260313,175000,467.44,468,467.33,467.91,65840,0
DIA.US,5,20260313,175500,467.92,468.03,467,467.12,113075,0
DIA.US,5,20260313,180000,467.19,467.38,467.05,467.17,51304,0
DIA.US,5,20260313,180500,467.15,467.53,466.91,467.42,38240,0
DIA.US,5,20260313,181000,467.41,467.96,467.07,467.96,42008,0
DIA.US,5,20260313,181500,468.03,468.25,467.64,468.05,57921,0
DIA.US,5,20260313,182000,468.07,468.13,467.3801,467.82,43627,0
DIA.US,5,20260313,182500,467.825,467.87,467.3,467.68,29246,0
DIA.US,5,20260313,183000,467.66,467.79,467.24,467.41,23688,0
DIA.US,5,20260313,183500,467.43,467.68,467.25,467.61,18268,0
DIA.US,5,20260313,184000,467.54,467.72,467.19,467.61,30995,0
DIA.US,5,20260313,184500,467.59,467.77,466.6501,466.715,46781,0
DIA.US,5,20260313,185000,466.6401,466.88,466.405,466.79,42147,0
DIA.US,5,20260313,185500,466.75,467.01,466.6917,466.8601,30202,0
DIA.US,5,20260313,190000,466.92,467.355,466.83,467.24,40205,0
DIA.US,5,20260313,190500,467.22,467.33,467.03,467.26,21355,0
DIA.US,5,20260313,191000,467.3,467.48,467.15,467.39,19231,0
DIA.US,5,20260313,191500,467.39,467.55,467,467.04,29597,0
DIA.US,5,20260313,192000,467.08,467.08,466.7509,466.8804,24101,0
DIA.US,5,20260313,192500,466.8803,467.19,466.78,467.0701,21860,0
DIA.US,5,20260313,193000,467.06,467.8,466.94,467.63,60724,0
DIA.US,5,20260313,193500,467.64,468,467.54,467.71,34160,0
DIA.US,5,20260313,194000,467.74,467.91,467.57,467.84,17970,0
DIA.US,5,20260313,194500,467.825,468.05,467.74,467.98,112436,0
DIA.US,5,20260313,195000,467.9899,468.1,467.69,467.9699,27334,0
DIA.US,5,20260313,195500,467.88,467.8983,467.41,467.6,21953,0
DIA.US,5,20260313,200000,467.57,467.61,467.32,467.34,96008,0
DIA.US,5,20260313,200500,467.29,467.45,467.11,467.4,26129,0
DIA.US,5,20260313,201000,467.41,467.63,467.19,467.29,25301,0
DIA.US,5,20260313,201500,467.36,467.64,467.32,467.4699,56155,0
DIA.US,5,20260313,202000,467.46,467.48,466.79,466.9,35459,0
DIA.US,5,20260313,202500,466.88,466.91,466.44,466.6,34367,0
DIA.US,5,20260313,203000,466.6,467,466.49,466.61,43429,0
DIA.US,5,20260313,203500,466.6,466.64,466.06,466.12,94470,0
DIA.US,5,20260313,204000,466.1,466.18,465.81,465.99,70884,0
DIA.US,5,20260313,204500,465.9899,466.22,465.78,466.17,120520,0
DIA.US,5,20260313,205000,466.18,466.45,466.09,466.24,110157,0
DIA.US,5,20260313,205500,466.23,466.55,466.07,466.41,618379,0
DIA.US,5,20260316,143000,470.07,470.67,469.665,469.79,288571,0
DIA.US,5,20260316,143500,469.74,470.03,469.38,469.9,110668,0
DIA.US,5,20260316,144000,469.95,471.22,469.8,471.17,132165,0
DIA.US,5,20260316,144500,471.15,471.805,470.84,471.27,320802,0
DIA.US,5,20260316,145000,471.3,471.4899,471.12,471.38,128082,0
DIA.US,5,20260316,145500,471.33,472.27,471.18,472.23,135659,0
DIA.US,5,20260316,150000,472.25,472.43,471.575,471.8,85170,0
DIA.US,5,20260316,150500,471.845,472.23,471.43,472.09,91421,0
DIA.US,5,20260316,151000,472.06,472.7,471.73,472,103155,0
DIA.US,5,20260316,151500,471.97,472.18,471.6,471.68,51770,0
DIA.US,5,20260316,152000,471.69,472.26,471.64,471.99,44325,0
DIA.US,5,20260316,152500,471.98,472.06,471.6,471.66,68646,0
DIA.US,5,20260316,153000,471.54,471.62,470.56,470.65,119102,0
DIA.US,5,20260316,153500,470.65,471.1,470.15,470.17,89120,0
DIA.US,5,20260316,154000,470.14,470.29,469.59,469.675,60526,0
DIA.US,5,20260316,154500,469.69,469.87,469.12,469.42,110464,0
DIA.US,5,20260316,155000,469.4,470.64,469.22,470.64,74305,0
DIA.US,5,20260316,155500,470.61,471.3,470.41,471.28,70788,0
DIA.US,5,20260316,160000,471.31,471.36,470.69,470.85,86047,0
DIA.US,5,20260316,160500,470.78,470.79,470.31,470.72,61617,0
DIA.US,5,20260316,161000,470.69,470.69,470.07,470.43,69461,0
DIA.US,5,20260316,161500,470.43,470.6,470.07,470.59,69554,0
DIA.US,5,20260316,162000,470.6,471.18,470.52,471.04,40317,0
DIA.US,5,20260316,162500,471.06,471.26,470.9001,471.25,34551,0
DIA.US,5,20260316,163000,471.26,471.63,471.26,471.55,53054,0
DIA.US,5,20260316,163500,471.58,471.72,471.33,471.41,28675,0
DIA.US,5,20260316,164000,471.4,471.53,471.08,471.23,34921,0
DIA.US,5,20260316,164500,471.22,471.61,471.1,471.34,38328,0
DIA.US,5,20260316,165000,471.31,471.32,470.51,470.8,37446,0
DIA.US,5,20260316,165500,470.8,471.03,470.14,470.145,55860,0
DIA.US,5,20260316,170000,470.08,470.39,469.8306,469.8306,50994,0
DIA.US,5,20260316,170500,469.8,470.462,469.75,470.27,31852,0
DIA.US,5,20260316,171000,470.34,470.66,470.25,470.52,35683,0
DIA.US,5,20260316,171500,470.5,470.78,470.29,470.52,35942,0
DIA.US,5,20260316,172000,470.48,470.56,469.295,469.33,47450,0
DIA.US,5,20260316,172500,469.32,469.52,469.04,469.33,67457,0
DIA.US,5,20260316,173000,469.3,469.55,468.98,469.21,53949,0
DIA.US,5,20260316,173500,469.21,469.81,469.21,469.81,44627,0
DIA.US,5,20260316,174000,469.74,470.28,469.615,469.98,54899,0
DIA.US,5,20260316,174500,469.99,470.15,469.64,470.06,35762,0
DIA.US,5,20260316,175000,470.04,470.45,469.96,470.09,29467,0
DIA.US,5,20260316,175500,470.08,470.23,469.74,469.91,33840,0
DIA.US,5,20260316,180000,469.91,470.69,469.9,470.02,96044,0
DIA.US,5,20260316,180500,470.05,470.38,469.9401,470.16,34652,0
DIA.US,5,20260316,181000,470.2,470.57,470.13,470.27,24139,0
DIA.US,5,20260316,181500,470.29,470.33,469.83,470.18,18927,0
DIA.US,5,20260316,182000,470.12,470.65,470.11,470.38,56595,0
DIA.US,5,20260316,182500,470.35,470.55,470.26,470.28,31512,0
DIA.US,5,20260316,183000,470.27,470.5,470.02,470.135,42243,0
DIA.US,5,20260316,183500,470.07,470.33,470.03,470.03,57286,0
DIA.US,5,20260316,184000,470.03,470.25,469.9,469.94,24322,0
DIA.US,5,20260316,184500,469.97,470.37,469.48,469.48,32196,0
DIA.US,5,20260316,185000,469.49,469.83,469.25,469.65,44096,0
DIA.US,5,20260316,185500,469.64,469.97,469.55,469.85,27386,0
DIA.US,5,20260316,190000,469.86,470.23,469.85,470.22,35605,0
DIA.US,5,20260316,190500,470.22,470.59,470.04,470.315,70378,0
DIA.US,5,20260316,191000,470.31,470.52,470.065,470.34,23222,0
DIA.US,5,20260316,191500,470.38,470.86,470.31,470.63,46543,0
DIA.US,5,20260316,192000,470.68,470.95,470.56,470.82,24926,0
DIA.US,5,20260316,192500,470.84,470.86,470.54,470.7,34726,0
DIA.US,5,20260316,193000,470.71,470.95,470.63,470.91,40222,0
DIA.US,5,20260316,193500,470.93,471.17,470.8,471.13,36494,0
DIA.US,5,20260316,194000,471.13,471.32,471.05,471.15,21339,0
DIA.US,5,20260316,194500,471.1401,471.23,470.96,470.97,18500,0
DIA.US,5,20260316,195000,470.93,471.0001,470.74,470.77,15793,0
DIA.US,5,20260316,195500,470.74,470.78,470.56,470.68,14874,0
DIA.US,5,20260316,200000,470.73,470.96,470.62,470.7,34068,0
DIA.US,5,20260316,200500,470.685,471.23,470.5,471.21,85471,0
DIA.US,5,20260316,201000,471.225,471.82,470.58,470.75,185214,0
DIA.US,5,20260316,201500,470.77,471,470.55,470.56,62149,0
DIA.US,5,20260316,202000,470.53,470.94,470.45,470.6,41594,0
DIA.US,5,20260316,202500,470.59,470.69,470.17,470.45,87016,0
DIA.US,5,20260316,203000,470.49,470.72,470.37,470.4,47301,0
DIA.US,5,20260316,203500,470.32,470.55,470.21,470.3,26803,0
DIA.US,5,20260316,204000,470.28,470.34,469.88,469.96,37648,0
DIA.US,5,20260316,204500,469.97,470.18,469.88,470.08,49333,0
DIA.US,5,20260316,205000,470.09,470.28,470,470.15,74418,0
DIA.US,5,20260316,205500,470.14,470.46,470.12,470.3,198894,0
DIA.US,5,20260317,143000,473.38,474.82,473.19,474.65,343761,0
DIA.US,5,20260317,143500,474.62,475.09,474.38,475.05,184228,0
DIA.US,5,20260317,144000,475.01,475.13,474.2491,474.25,147272,0
DIA.US,5,20260317,144500,474.23,474.91,474.15,474.55,98769,0
DIA.US,5,20260317,145000,474.46,474.53,474.02,474.41,64183,0
DIA.US,5,20260317,145500,474.37,474.62,474.12,474.23,53026,0
DIA.US,5,20260317,150000,474.2,474.21,473.33,473.53,126183,0
DIA.US,5,20260317,150500,473.55,473.98,473.4301,473.8409,94655,0
DIA.US,5,20260317,151000,473.85,473.89,472.83,472.84,87978,0
DIA.US,5,20260317,151500,472.81,472.82,471.97,472.36,70069,0
DIA.US,5,20260317,152000,472.44,472.66,471.97,471.97,77556,0
DIA.US,5,20260317,152500,471.96,472.09,471.47,472.078,108109,0
DIA.US,5,20260317,153000,472.14,472.55,472.01,472.54,48329,0
DIA.US,5,20260317,153500,472.56,472.7,471.82,472.14,46578,0
DIA.US,5,20260317,154000,472.14,472.99,472.03,472.91,84466,0
DIA.US,5,20260317,154500,472.9,473.13,472.7,472.915,36493,0
DIA.US,5,20260317,155000,472.94,473.12,472.8,472.9144,29004,0
DIA.US,5,20260317,155500,472.92,473.17,472.74,472.9,28487,0
DIA.US,5,20260317,160000,472.92,473.04,472.32,472.34,28596,0
DIA.US,5,20260317,160500,472.36,472.48,472.03,472.05,32174,0
DIA.US,5,20260317,161000,472.03,472.34,471.89,472.17,52586,0
DIA.US,5,20260317,161500,472.18,472.83,472.18,472.4795,50368,0
DIA.US,5,20260317,162000,472.645,472.67,471.95,472.43,38643,0
DIA.US,5,20260317,162500,472.395,472.81,472.13,472.13,33790,0
DIA.US,5,20260317,163000,472.18,472.46,471.6,471.64,44099,0
DIA.US,5,20260317,163500,471.6,471.84,471.12,471.35,64179,0
DIA.US,5,20260317,164000,471.22,471.59,471.12,471.59,27541,0
DIA.US,5,20260317,164500,471.53,471.82,471.29,471.33,55931,0
DIA.US,5,20260317,165000,471.33,471.75,471.33,471.56,32260,0
DIA.US,5,20260317,165500,471.55,471.66,471.17,471.37,27278,0
DIA.US,5,20260317,170000,471.36,471.42,470.77,471.1,58122,0
DIA.US,5,20260317,170500,471.0801,471.4,470.79,471.24,47712,0
DIA.US,5,20260317,171000,471.22,471.63,471.09,471.19,36081,0
DIA.US,5,20260317,171500,471.26,471.7796,471.08,471.7796,21569,0
DIA.US,5,20260317,172000,471.81,471.81,471.37,471.61,22724,0
DIA.US,5,20260317,172500,471.62,471.65,471.24,471.54,19786,0
DIA.US,5,20260317,173000,471.52,471.61,471.08,471.455,30703,0
DIA.US,5,20260317,173500,471.46,471.735,471.15,471.219,20337,0
DIA.US,5,20260317,174000,471.26,471.77,471.21,471.77,23965,0
DIA.US,5,20260317,174500,471.76,471.91,471.54,471.72,28697,0
DIA.US,5,20260317,175000,471.66,471.76,471.55,471.59,22267,0
DIA.US,5,20260317,175500,471.595,471.7,471.35,471.39,19622,0
DIA.US,5,20260317,180000,471.41,472.06,471.36,472.02,27028,0
DIA.US,5,20260317,180500,472,472.02,471.8286,471.98,17665,0
DIA.US,5,20260317,181000,471.99,472.08,471.7,471.97,17837,0
DIA.US,5,20260317,181500,471.93,471.93,471.715,471.83,16064,0
DIA.US,5,20260317,182000,471.8,471.92,471.64,471.86,27566,0
DIA.US,5,20260317,182500,471.86,471.992,471.68,471.89,22642,0
DIA.US,5,20260317,183000,471.88,471.97,471.69,471.75,25938,0
DIA.US,5,20260317,183500,471.74,472.08,471.73,472.01,28197,0
DIA.US,5,20260317,184000,472.02,472.06,471.43,471.49,31872,0
DIA.US,5,20260317,184500,471.56,471.61,471.21,471.52,24921,0
DIA.US,5,20260317,185000,471.45,471.86,471.35,471.72,40984,0
DIA.US,5,20260317,185500,471.74,471.76,471.57,471.625,47964,0
DIA.US,5,20260317,190000,471.63,471.8,471.3,471.72,74721,0
DIA.US,5,20260317,190500,471.7,472.01,471.58,472.01,38312,0
DIA.US,5,20260317,191000,472,472.07,471.7925,471.86,47545,0
DIA.US,5,20260317,191500,471.83,471.93,471.67,471.8,15335,0
DIA.US,5,20260317,192000,471.75,471.76,470.95,470.97,37150,0
DIA.US,5,20260317,192500,470.95,471.15,470.89,471,28456,0
DIA.US,5,20260317,193000,470.99,471.29,470.91,471.19,18942,0
DIA.US,5,20260317,193500,471.17,471.33,471.13,471.25,29057,0
DIA.US,5,20260317,194000,471.23,471.35,471.18,471.23,12802,0
DIA.US,5,20260317,194500,471.2301,471.54,471.2301,471.49,19204,0
DIA.US,5,20260317,195000,471.5,471.72,471.4,471.69,13181,0
DIA.US,5,20260317,195500,471.68,471.68,471.25,471.39,50657,0
DIA.US,5,20260317,200000,471.38,471.45,471.2,471.22,38121,0
DIA.US,5,20260317,200500,471.21,471.35,471.08,471.34,21019,0
DIA.US,5,20260317,201000,471.34,471.45,471.24,471.35,22673,0
DIA.US,5,20260317,201500,471.33,471.58,471.32,471.51,20075,0
DIA.US,5,20260317,202000,471.45,471.465,471.235,471.29,15370,0
DIA.US,5,20260317,202500,471.25,471.29,470.98,471.04,24684,0
DIA.US,5,20260317,203000,471.05,471.18,471,471.06,36334,0
DIA.US,5,20260317,203500,471.05,471.19,471.01,471.09,24774,0
DIA.US,5,20260317,204000,471.09,471.22,471.06,471.15,43600,0
DIA.US,5,20260317,204500,471.14,471.38,471.115,471.37,41665,0
DIA.US,5,20260317,205000,471.38,471.41,470.86,471.15,148099,0
DIA.US,5,20260317,205500,471.14,471.14,470.625,470.88,248164,0
DIA.US,5,20260318,143000,468.77,469.38,468.09,469.01,274816,0
DIA.US,5,20260318,143500,469.14,469.3,468.69,469.27,153755,0
DIA.US,5,20260318,144000,469.26,469.74,468.6,468.83,138159,0
DIA.US,5,20260318,144500,468.78,469.75,468.58,469.19,90899,0
DIA.US,5,20260318,145000,469.19,469.45,468.77,469.16,87760,0
DIA.US,5,20260318,145500,469.21,469.3101,468.365,469.19,106596,0
DIA.US,5,20260318,150000,469.18,469.27,467.9055,468.2291,106106,0
DIA.US,5,20260318,150500,468.21,469.05,468,468.37,108585,0
DIA.US,5,20260318,151000,468.33,468.33,466.99,467.01,79957,0
DIA.US,5,20260318,151500,467.01,467.35,466.96,467.28,94310,0
DIA.US,5,20260318,152000,467.26,467.39,467.1,467.17,64393,0
DIA.US,5,20260318,152500,467.22,467.25,466.3,466.51,117567,0
DIA.US,5,20260318,153000,466.48,467.07,466.4,466.625,64861,0
DIA.US,5,20260318,153500,466.65,466.935,466.47,466.55,59829,0
DIA.US,5,20260318,154000,466.57,466.605,466.2,466.38,44681,0
DIA.US,5,20260318,154500,466.37,466.76,466.16,466.32,55754,0
DIA.US,5,20260318,155000,466.31,466.56,466.135,466.31,53413,0
DIA.US,5,20260318,155500,466.31,466.959,466.26,466.93,36806,0
DIA.US,5,20260318,160000,466.97,467.47,466.8,467.03,64512,0
DIA.US,5,20260318,160500,466.96,467.73,466.96,467.57,40741,0
DIA.US,5,20260318,161000,467.56,467.58,467.18,467.27,47673,0
DIA.US,5,20260318,161500,467.35,467.43,466.76,466.81,70831,0
DIA.US,5,20260318,162000,466.82,466.95,466.37,466.95,62624,0
DIA.US,5,20260318,162500,466.94,467.04,466.59,466.62,37422,0
DIA.US,5,20260318,163000,466.59,467.15,466.52,466.95,51410,0
DIA.US,5,20260318,163500,466.95,467.13,466.78,466.96,52826,0
DIA.US,5,20260318,164000,466.93,466.94,466.41,466.67,57782,0
DIA.US,5,20260318,164500,466.68,466.84,466.37,466.57,63313,0
DIA.US,5,20260318,165000,466.55,466.74,466.37,466.68,31360,0
DIA.US,5,20260318,165500,466.75,466.9,466.48,466.52,42265,0
DIA.US,5,20260318,170000,466.53,466.53,466.04,466.25,49651,0
DIA.US,5,20260318,170500,466.29,466.5,466.15,466.25,33506,0
DIA.US,5,20260318,171000,466.27,466.81,466.11,466.77,35509,0
DIA.US,5,20260318,171500,466.71,466.84,466.5,466.84,33411,0
DIA.US,5,20260318,172000,466.87,467.04,466.77,466.93,24346,0
DIA.US,5,20260318,172500,466.96,467.01,466.63,466.89,29382,0
DIA.US,5,20260318,173000,466.87,467.04,466.3,466.4,98306,0
DIA.US,5,20260318,173500,466.38,466.68,466.09,466.46,30492,0
DIA.US,5,20260318,174000,466.52,466.72,466.31,466.55,30694,0
DIA.US,5,20260318,174500,466.57,466.75,466.4,466.7,22574,0
DIA.US,5,20260318,175000,466.67,467.0511,466.57,466.99,15527,0
DIA.US,5,20260318,175500,466.96,467.23,466.72,466.81,43258,0
DIA.US,5,20260318,180000,466.79,466.9,466.27,466.64,45600,0
DIA.US,5,20260318,180500,466.65,466.76,466.4399,466.49,35738,0
DIA.US,5,20260318,181000,466.53,466.61,466.14,466.29,34161,0
DIA.US,5,20260318,181500,466.3,466.68,466.24,466.62,14797,0
DIA.US,5,20260318,182000,466.57,466.63,466.39,466.52,19762,0
DIA.US,5,20260318,182500,466.5,466.5,466.18,466.21,30270,0
DIA.US,5,20260318,183000,466.24,466.28,465.72,466.25,40178,0
DIA.US,5,20260318,183500,466.26,466.6,466.26,466.51,23320,0
DIA.US,5,20260318,184000,466.51,466.52,466.11,466.22,37111,0
DIA.US,5,20260318,184500,466.2,466.59,466.14,466.26,41739,0
DIA.US,5,20260318,185000,466.21,466.41,466,466.41,23963,0
DIA.US,5,20260318,185500,466.46,466.72,466.29,466.603,20810,0
DIA.US,5,20260318,190000,466.675,467.06,466.37,466.82,59087,0
DIA.US,5,20260318,190500,466.79,466.91,466.55,466.72,61951,0
DIA.US,5,20260318,191000,466.69,466.885,466.49,466.7,31518,0
DIA.US,5,20260318,191500,466.71,466.71,465.76,465.94,88332,0
DIA.US,5,20260318,192000,465.97,466.18,465.81,466.12,49877,0
DIA.US,5,20260318,192500,466.13,466.34,465.98,466.3,39135,0
DIA.US,5,20260318,193000,466.2,466.4,465.14,465.14,62141,0
DIA.US,5,20260318,193500,465.12,466.14,465.01,465.15,109561,0
DIA.US,5,20260318,194000,465.15,465.54,464.7601,465.19,100265,0
DIA.US,5,20260318,194500,465.14,465.21,464.91,465.01,36974,0
DIA.US,5,20260318,195000,465.01,465.02,464.11,464.17,65470,0
DIA.US,5,20260318,195500,464.18,464.45,463.99,464.11,71330,0
DIA.US,5,20260318,200000,464.09,464.57,464.02,464.56,74714,0
DIA.US,5,20260318,200500,464.59,464.91,464.48,464.77,53034,0
DIA.US,5,20260318,201000,464.73,464.73,464.19,464.38,26594,0
DIA.US,5,20260318,201500,464.44,464.56,464,464,32212,0
DIA.US,5,20260318,202000,463.99,464.07,463.46,463.47,70665,0
DIA.US,5,20260318,202500,463.46,463.69,463.3909,463.54,65841,0
DIA.US,5,20260318,203000,463.52,463.76,463.38,463.64,86279,0
DIA.US,5,20260318,203500,463.66,463.66,463.27,463.36,67942,0
DIA.US,5,20260318,204000,463.36,463.41,462.87,463.03,65456,0
DIA.US,5,20260318,204500,463.05,463.2,462.8,462.96,69513,0
DIA.US,5,20260318,205000,462.955,463.39,462.94,463.14,186790,0
DIA.US,5,20260318,205500,463.15,463.24,462.76,463.13,424102,0
DIA.US,5,20260319,143000,459.92,460.4,458.77,460.06,320360,0
DIA.US,5,20260319,143500,460.08,460.28,459.51,459.83,143256,0
DIA.US,5,20260319,144000,459.82,461,459.7199,460.85,169952,0
DIA.US,5,20260319,144500,460.83,461.13,460.23,461.01,140308,0
DIA.US,5,20260319,145000,460.97,461.7,460.8109,461.29,94086,0
DIA.US,5,20260319,145500,461.27,461.27,460.53,461.125,77988,0
DIA.US,5,20260319,150000,461.08,461.56,460.79,460.81,99706,0
DIA.US,5,20260319,150500,460.86,461.22,460.51,460.74,169303,0
DIA.US,5,20260319,151000,460.8,461.51,460.23,460.27,99775,0
DIA.US,5,20260319,151500,460.19,460.365,459.45,459.755,87356,0
DIA.US,5,20260319,152000,459.7788,460.17,459.07,459.21,62422,0
DIA.US,5,20260319,152500,459.2,459.33,458.28,458.56,115420,0
DIA.US,5,20260319,153000,458.55,460.125,458.47,460.12,79175,0
DIA.US,5,20260319,153500,460.08,460.6345,459.24,459.27,114317,0
DIA.US,5,20260319,154000,459.21,459.95,459.21,459.57,66377,0
DIA.US,5,20260319,154500,459.61,459.86,459.31,459.86,43075,0
DIA.US,5,20260319,155000,459.87,459.97,459.31,459.36,51625,0
DIA.US,5,20260319,155500,459.35,459.77,459.19,459.45,63637,0
DIA.US,5,20260319,160000,459.44,460.1375,459.33,460.13,64559,0
DIA.US,5,20260319,160500,460.16,461.04,460,460.27,97123,0
DIA.US,5,20260319,161000,460.31,460.71,460.16,460.57,36424,0
DIA.US,5,20260319,161500,460.64,460.81,459.78,459.84,39921,0
DIA.US,5,20260319,162000,459.84,459.98,459.37,459.43,87750,0
DIA.US,5,20260319,162500,459.42,459.88,459.2,459.73,49029,0
DIA.US,5,20260319,163000,459.72,459.81,459.07,459.09,41277,0
DIA.US,5,20260319,163500,459.03,459.23,458.77,459.04,41415,0
DIA.US,5,20260319,164000,459.12,459.29,458.68,458.69,71309,0
DIA.US,5,20260319,164500,458.68,459.13,458.47,458.87,45060,0
DIA.US,5,20260319,165000,458.89,459,458.66,458.71,29938,0
DIA.US,5,20260319,165500,458.76,459.52,458.68,459.48,77924,0
DIA.US,5,20260319,170000,459.46,460.37,459.14,459.9,107853,0
DIA.US,5,20260319,170500,459.9,460.55,459.85,460.1,52564,0
DIA.US,5,20260319,171000,460.15,460.15,459.5,459.595,39526,0
DIA.US,5,20260319,171500,459.57,459.755,459.27,459.54,35790,0
DIA.US,5,20260319,172000,459.46,459.7005,459.21,459.56,54357,0
DIA.US,5,20260319,172500,459.63,459.94,459.49,459.7801,34710,0
DIA.US,5,20260319,173000,459.79,460.11,459.63,459.91,45497,0
DIA.US,5,20260319,173500,459.86,459.93,459.39,459.885,35561,0
DIA.US,5,20260319,174000,459.87,460.46,459.84,460.181,45429,0
DIA.US,5,20260319,174500,460.26,460.26,459.6901,459.7599,18899,0
DIA.US,5,20260319,175000,459.73,459.84,458.82,459.13,41269,0
DIA.US,5,20260319,175500,459.1401,459.34,458.94,459.2,27237,0
DIA.US,5,20260319,180000,459.205,459.345,458.82,458.82,36686,0
DIA.US,5,20260319,180500,458.85,458.94,458.21,458.37,51590,0
DIA.US,5,20260319,181000,458.37,458.65,458.16,458.32,46928,0
DIA.US,5,20260319,181500,458.33,459.17,458.24,459.16,39594,0
DIA.US,5,20260319,182000,459.13,459.63,458.93,459.41,65357,0
DIA.US,5,20260319,182500,459.43,459.77,459.2,459.47,45104,0
DIA.US,5,20260319,183000,459.4812,459.62,459.04,459.08,37586,0
DIA.US,5,20260319,183500,459.05,459.25,458.84,458.84,31066,0
DIA.US,5,20260319,184000,458.83,459.15,458.77,458.99,26141,0
DIA.US,5,20260319,184500,459.02,459.24,458.92,459.105,30019,0
DIA.US,5,20260319,185000,459.08,459.94,459.08,459.83,30895,0
DIA.US,5,20260319,185500,459.83,459.83,459.21,459.31,45929,0
DIA.US,5,20260319,190000,459.28,459.35,459.01,459.12,41139,0
DIA.US,5,20260319,190500,459.13,459.58,459.1,459.44,26829,0
DIA.US,5,20260319,191000,459.6,460.34,459.46,460.23,56004,0
DIA.US,5,20260319,191500,460.22,460.34,459.79,460.025,43533,0
DIA.US,5,20260319,192000,460.03,460.1,459.688,459.76,25219,0
DIA.US,5,20260319,192500,459.73,459.8,459.215,459.22,28884,0
DIA.US,5,20260319,193000,459.2,459.315,458.9841,459.13,39144,0
DIA.US,5,20260319,193500,459.16,459.28,458.74,458.89,65940,0
DIA.US,5,20260319,194000,458.94,458.953,458.588,458.67,22024,0
DIA.US,5,20260319,194500,458.645,458.99,458.6,458.84,28325,0
DIA.US,5,20260319,195000,458.81,459.1899,458.62,459.17,35702,0
DIA.US,5,20260319,195500,459.14,460.66,459.08,460.36,133261,0
DIA.US,5,20260319,200000,460.36,462.02,460.3,461.87,178665,0
DIA.US,5,20260319,200500,461.85,463.37,461.83,462.76,256493,0
DIA.US,5,20260319,201000,462.73,463.3,462.1,462.8371,144804,0
DIA.US,5,20260319,201500,462.82,463.17,462.43,462.85,105938,0
DIA.US,5,20260319,202000,462.84,462.84,461.89,462.035,51910,0
DIA.US,5,20260319,202500,461.99,462.012,461.24,461.52,101286,0
DIA.US,5,20260319,203000,461.55,461.95,461.27,461.5,54521,0
DIA.US,5,20260319,203500,461.57,461.84,460.92,461.81,52276,0
DIA.US,5,20260319,204000,461.82,462.13,461.67,461.84,50211,0
DIA.US,5,20260319,204500,461.86,461.91,461.52,461.56,63316,0
DIA.US,5,20260319,205000,461.575,461.72,461.21,461.35,101756,0
DIA.US,5,20260319,205500,461.35,461.515,460.92,461.065,222063,0
DIA.US,5,20260320,143000,458.74,459.76,458.61,458.76,305857,0
DIA.US,5,20260320,143500,458.73,459.12,458.37,458.69,206289,0
DIA.US,5,20260320,144000,458.66,460,458.55,459.99,205046,0
DIA.US,5,20260320,144500,459.97,460.57,459.46,459.78,164699,0
DIA.US,5,20260320,145000,459.78,459.78,458.68,459.16,133019,0
DIA.US,5,20260320,145500,459.17,459.3,458.59,458.69,93154,0
DIA.US,5,20260320,150000,458.61,459.13,458.18,458.47,112305,0
DIA.US,5,20260320,150500,458.53,459.03,458.28,458.56,89940,0
DIA.US,5,20260320,151000,458.51,458.79,457.19,457.36,89507,0
DIA.US,5,20260320,151500,457.32,457.77,457.2,457.35,125338,0
DIA.US,5,20260320,152000,457.36,457.76,457.02,457.45,133176,0
DIA.US,5,20260320,152500,457.45,457.59,456.93,457.09,63585,0
DIA.US,5,20260320,153000,457.05,458.0601,457.03,458.0601,65471,0
DIA.US,5,20260320,153500,458.125,458.5,457.4,457.81,85137,0
DIA.US,5,20260320,154000,457.7,458.05,457.57,457.65,57597,0
DIA.US,5,20260320,154500,457.64,458.21,457.57,458.055,41958,0
DIA.US,5,20260320,155000,458,458.08,456.68,456.76,72297,0
DIA.US,5,20260320,155500,456.75,457.79,456.75,457.09,47599,0
DIA.US,5,20260320,160000,457.09,457.75,457.09,457.45,53758,0
DIA.US,5,20260320,160500,457.42,457.77,457.34,457.75,33762,0
DIA.US,5,20260320,161000,457.74,458.25,457.65,458.22,41127,0
DIA.US,5,20260320,161500,458.22,458.26,457.57,457.58,42981,0
DIA.US,5,20260320,162000,457.57,459.16,457.28,458.09,145431,0
DIA.US,5,20260320,162500,458.05,458.05,456.74,457.07,98424,0
DIA.US,5,20260320,163000,457.085,457.7,456.985,457.56,48194,0
DIA.US,5,20260320,163500,457.55,457.71,457.16,457.385,58896,0
DIA.US,5,20260320,164000,457.4,457.665,457.16,457.4,48457,0
DIA.US,5,20260320,164500,457.44,457.65,457.17,457.41,36047,0
DIA.US,5,20260320,165000,457.41,457.8,457.11,457.8,47555,0
DIA.US,5,20260320,165500,457.78,457.89,457.415,457.82,44821,0
DIA.US,5,20260320,170000,457.8,458.46,457.69,458.37,49934,0
DIA.US,5,20260320,170500,458.37,458.37,457.76,458.03,53041,0
DIA.US,5,20260320,171000,457.96,458.33,457.93,457.99,60579,0
DIA.US,5,20260320,171500,457.98,458.3599,457.66,458.3599,47157,0
DIA.US,5,20260320,172000,458.34,458.52,458.17,458.31,36878,0
DIA.US,5,20260320,172500,458.32,458.32,457.86,458.07,77130,0
DIA.US,5,20260320,173000,458.05,458.08,457.1951,457.73,122929,0
DIA.US,5,20260320,173500,457.75,457.925,457.49,457.81,34311,0
DIA.US,5,20260320,174000,457.78,458.02,457.665,457.86,30965,0
DIA.US,5,20260320,174500,457.88,457.96,457.59,457.91,35761,0
DIA.US,5,20260320,175000,457.95,458.16,457.46,457.94,48721,0
DIA.US,5,20260320,175500,457.92,458.6,457.9144,458.25,31979,0
DIA.US,5,20260320,180000,458.31,458.7107,458.205,458.66,31251,0
DIA.US,5,20260320,180500,458.66,458.815,457.65,458.59,132207,0
DIA.US,5,20260320,181000,458.7,458.87,458.03,458.07,79890,0
DIA.US,5,20260320,181500,458.09,458.31,457.96,458.04,58812,0
DIA.US,5,20260320,182000,458.04,458.64,457.96,458.28,50097,0
DIA.US,5,20260320,182500,458.31,458.37,457.98,458.16,31151,0
DIA.US,5,20260320,183000,458.17,458.28,457.4,457.515,53579,0
DIA.US,5,20260320,183500,457.5,457.82,457.1,457.76,52028,0
DIA.US,5,20260320,184000,457.73,458.1,457.461,457.63,67570,0
DIA.US,5,20260320,184500,457.65,457.68,457.21,457.435,48776,0
DIA.US,5,20260320,185000,457.4,457.77,457.3,457.68,41018,0
DIA.US,5,20260320,185500,457.73,457.9,457.6,457.75,32609,0
DIA.US,5,20260320,190000,457.725,457.93,457.17,457.17,27980,0
DIA.US,5,20260320,190500,457.225,457.42,457,457.17,59984,0
DIA.US,5,20260320,191000,457.115,457.13,456.78,457.05,24172,0
DIA.US,5,20260320,191500,457.05,457.12,456.6,456.86,40313,0
DIA.US,5,20260320,192000,456.87,456.97,455.54,455.78,121059,0
DIA.US,5,20260320,192500,455.78,456.31,455.78,456,52819,0
DIA.US,5,20260320,193000,455.99,456.14,455.61,455.64,38807,0
DIA.US,5,20260320,193500,455.58,455.71,455.17,455.32,46579,0
DIA.US,5,20260320,194000,455.28,455.54,455.03,455.2,47032,0
DIA.US,5,20260320,194500,455.19,455.34,454.96,455.08,45177,0
DIA.US,5,20260320,195000,455,455.305,454.94,455.23,40293,0
DIA.US,5,20260320,195500,455.22,455.36,455.01,455.26,145418,0
DIA.US,5,20260320,200000,455.29,455.71,455.29,455.52,114507,0
DIA.US,5,20260320,200500,455.52,455.58,455.24,455.45,30858,0
DIA.US,5,20260320,201000,455.42,455.44,455,455.355,55169,0
DIA.US,5,20260320,201500,455.335,455.46,455.22,455.45,41975,0
DIA.US,5,20260320,202000,455.445,455.445,454.62,454.715,48880,0
DIA.US,5,20260320,202500,454.705,455.07,454.63,455,37523,0
DIA.US,5,20260320,203000,455.06,455.29,454.37,454.41,69652,0
DIA.US,5,20260320,203500,454.46,454.535,453.542,454.02,83880,0
DIA.US,5,20260320,204000,454.02,455.1,453.94,455.06,141426,0
DIA.US,5,20260320,204500,455.03,455.05,454.3,454.36,97976,0
DIA.US,5,20260320,205000,454.42,455.82,454.07,455.785,200084,0
DIA.US,5,20260320,205500,455.77,456.205,455.75,455.93,233179,0
