<TICKER>,<PER>,<DATE>,<TIME>,<OPEN>,<HIGH>,<LOW>,<CLOSE>,<VOL>,<OPENINT>
GLD.US,5,20251027,143000,371.13,371.59,369.885,370.965,576742,0
GLD.US,5,20251027,143500,370.95,371.565,370.825,371.01,295082,0
GLD.US,5,20251027,144000,371.03,371.06,369.6,370.3,485683,0
GLD.US,5,20251027,144500,370.25,370.49,369.17,369.7,380574,0
GLD.US,5,20251027,145000,369.7036,370.38,369.59,369.6575,223159,0
GLD.US,5,20251027,145500,369.66,370.05,369.45,369.98,251168,0
GLD.US,5,20251027,150000,370.01,370.12,368.5,368.93,571460,0
GLD.US,5,20251027,150500,369.02,369.64,367.94,368.62,580261,0
GLD.US,5,20251027,151000,368.575,368.86,368.28,368.435,314967,0
GLD.US,5,20251027,151500,368.42,368.69,366.88,367.35,623520,0
GLD.US,5,20251027,152000,367.305,367.63,366.59,367.2702,602183,0
GLD.US,5,20251027,152500,367.31,368.46,366.87,367.87,350725,0
GLD.US,5,20251027,153000,367.8825,368.02,367.16,367.512,237685,0
GLD.US,5,20251027,153500,367.557,367.61,366.41,366.77,297000,0
GLD.US,5,20251027,154000,366.77,367.9,366.7414,367.53,318547,0
GLD.US,5,20251027,154500,367.515,367.9035,367.2,367.51,187843,0
GLD.US,5,20251027,155000,367.5055,367.74,366.65,366.94,212752,0
GLD.US,5,20251027,155500,366.915,366.9606,366.53,366.85,306826,0
GLD.US,5,20251027,160000,366.8634,366.9,365.8,366.195,354832,0
GLD.US,5,20251027,160500,366.17,366.34,365.36,365.62,390957,0
GLD.US,5,20251027,161000,365.62,366.17,365.34,366.02,333336,0
GLD.US,5,20251027,161500,366.01,366.6,365.74,366.28,158448,0
GLD.US,5,20251027,162000,366.2999,366.6,365.985,366.26,112512,0
GLD.US,5,20251027,162500,366.275,366.94,366.02,366.7973,189672,0
GLD.US,5,20251027,163000,366.8,367.44,366.64,366.905,197969,0
GLD.US,5,20251027,163500,366.9585,367.18,366.7375,366.78,120202,0
GLD.US,5,20251027,164000,366.81,366.93,366.11,366.36,156887,0
GLD.US,5,20251027,164500,366.34,366.705,366.29,366.51,141901,0
GLD.US,5,20251027,165000,366.53,367.13,366.42,366.85,111771,0
GLD.US,5,20251027,165500,366.855,367.1299,366.665,367.08,154609,0
GLD.US,5,20251027,170000,367.07,367.36,366.7847,367.01,99589,0
GLD.US,5,20251027,170500,367.03,367.2725,366.78,366.99,96993,0
GLD.US,5,20251027,171000,367,367.54,366.91,367.44,95092,0
GLD.US,5,20251027,171500,367.45,367.8538,367.35,367.58,110336,0
GLD.US,5,20251027,172000,367.585,367.69,367.19,367.31,125881,0
GLD.US,5,20251027,172500,367.31,367.345,366.79,366.79,82045,0
GLD.US,5,20251027,173000,366.815,367.18,366.52,367.0118,120765,0
GLD.US,5,20251027,173500,367.01,367.44,366.935,367.36,144238,0
GLD.US,5,20251027,174000,367.37,367.54,367.26,367.37,82032,0
GLD.US,5,20251027,174500,367.37,367.65,367.28,367.423,112469,0
GLD.US,5,20251027,175000,367.43,367.62,367.24,367.45,91493,0
GLD.US,5,20251027,175500,367.401,368.05,367.4,367.925,118972,0
GLD.US,5,20251027,180000,367.9906,368.395,367.95,368.21,113259,0
GLD.US,5,20251027,180500,368.22,368.4,367.7701,367.89,134648,0
GLD.US,5,20251027,181000,367.88,368.0558,367.8,367.843,96734,0
GLD.US,5,20251027,181500,367.89,367.91,367.29,367.375,110858,0
GLD.US,5,20251027,182000,367.38,367.78,367.16,367.765,147055,0
GLD.US,5,20251027,182500,367.76,368.567,367.72,368.45,208729,0
GLD.US,5,20251027,183000,368.51,368.65,368.12,368.38,106054,0
GLD.US,5,20251027,183500,368.37,368.5,367.9,368.19,90880,0
GLD.US,5,20251027,184000,368.11,368.4,368.095,368.237,79299,0
GLD.US,5,20251027,184500,368.22,368.71,368.211,368.6415,74211,0
GLD.US,5,20251027,185000,368.64,368.65,368.385,368.56,98240,0
GLD.US,5,20251027,185500,368.57,368.85,368.44,368.625,126358,0
GLD.US,5,20251027,190000,368.585,368.67,368.2261,368.53,65578,0
GLD.US,5,20251027,190500,368.54,368.9305,368.54,368.799,127874,0
GLD.US,5,20251027,191000,368.785,368.91,368.42,368.8555,116918,0
GLD.US,5,20251027,191500,368.84,368.92,368.69,368.732,58040,0
GLD.US,5,20251027,192000,368.75,368.83,368.48,368.56,48746,0
GLD.US,5,20251027,192500,368.57,368.8,368.56,368.78,51144,0
GLD.US,5,20251027,193000,368.76,368.86,368.4101,368.543,67923,0
GLD.US,5,20251027,193500,368.545,368.605,368.05,368.21,95526,0
GLD.US,5,20251027,194000,368.23,368.52,368.05,368.3,108079,0
GLD.US,5,20251027,194500,368.3,368.65,368.17,368.535,101650,0
GLD.US,5,20251027,195000,368.52,368.7488,368.52,368.625,43511,0
GLD.US,5,20251027,195500,368.62,368.63,367.82,367.95,156191,0
GLD.US,5,20251027,200000,367.96,368.517,367.61,368.32,137170,0
GLD.US,5,20251027,200500,368.29,368.43,367.91,368.14,93597,0
GLD.US,5,20251027,201000,368.11,368.28,368.0275,368.135,148773,0
GLD.US,5,20251027,201500,368.105,368.28,367.86,367.934,126991,0
GLD.US,5,20251027,202000,367.97,367.98,367.6501,367.7903,135069,0
GLD.US,5,20251027,202500,367.8299,367.84,366.99,367.03,123413,0
GLD.US,5,20251027,203000,367.035,367.31,366.99,366.99,154288,0
GLD.US,5,20251027,203500,366.99,367.27,366.87,367.22,184154,0
GLD.US,5,20251027,204000,367.27,367.27,366.78,366.855,177624,0
GLD.US,5,20251027,204500,366.86,367.19,366.84,366.98,219057,0
GLD.US,5,20251027,205000,366.97,367.09,366.66,366.72,275073,0
GLD.US,5,20251027,205500,366.715,367.07,366.65,367.01,807390,0
GLD.US,5,20251028,143000,361.81,361.88,360.94,360.96,657258,0
GLD.US,5,20251028,143500,361,361.55,360.82,361.07,338838,0
GLD.US,5,20251028,144000,361.07,361.13,360.12,360.82,530544,0
GLD.US,5,20251028,144500,360.87,361.69,360.582,361.67,332575,0
GLD.US,5,20251028,145000,361.66,362.17,361.65,361.955,420845,0
GLD.US,5,20251028,145500,361.91,362.5599,361.72,362.3999,294745,0
GLD.US,5,20251028,150000,362.375,362.76,362.32,362.62,244469,0
GLD.US,5,20251028,150500,362.62,362.89,362.52,362.62,179870,0
GLD.US,5,20251028,151000,362.61,362.86,361.9801,362.419,303319,0
GLD.US,5,20251028,151500,362.44,362.71,362.34,362.4,165118,0
GLD.US,5,20251028,152000,362.45,362.79,362.43,362.59,147185,0
GLD.US,5,20251028,152500,362.59,363.485,362.59,363.44,279330,0
GLD.US,5,20251028,153000,363.46,363.495,362.95,363.28,173648,0
GLD.US,5,20251028,153500,363.3,363.36,362.86,362.95,149224,0
GLD.US,5,20251028,154000,362.9014,363.2,362.44,363.035,142521,0
GLD.US,5,20251028,154500,362.99,363.47,362.7107,363.36,82234,0
GLD.US,5,20251028,155000,363.353,363.75,363.1605,363.34,154637,0
GLD.US,5,20251028,155500,363.34,363.69,363.2012,363.43,147228,0
GLD.US,5,20251028,160000,363.415,363.85,363.16,363.69,122520,0
GLD.US,5,20251028,160500,363.67,363.94,363.41,363.845,174127,0
GLD.US,5,20251028,161000,363.855,364.35,363.79,364.24,189494,0
GLD.US,5,20251028,161500,364.28,364.41,364.09,364.21,170064,0
GLD.US,5,20251028,162000,364.205,364.39,364.0601,364.355,173192,0
GLD.US,5,20251028,162500,364.33,364.4,364.0101,364.2,89733,0
GLD.US,5,20251028,163000,364.2,364.8,364.11,364.61,146290,0
GLD.US,5,20251028,163500,364.61,364.7241,364.43,364.71,81101,0
GLD.US,5,20251028,164000,364.67,364.81,364.62,364.68,102640,0
GLD.US,5,20251028,164500,364.6827,365,364.66,364.88,69198,0
GLD.US,5,20251028,165000,364.91,365.24,364.77,364.8,220832,0
GLD.US,5,20251028,165500,364.86,365.0483,364.66,364.79,105192,0
GLD.US,5,20251028,170000,364.81,364.84,363.81,364.07,262942,0
GLD.US,5,20251028,170500,364.07,364.59,363.83,364.2884,159142,0
GLD.US,5,20251028,171000,364.28,364.8,364.27,364.6501,71027,0
GLD.US,5,20251028,171500,364.6735,364.81,364.37,364.69,135447,0
GLD.US,5,20251028,172000,364.69,364.8092,364.4001,364.63,125451,0
GLD.US,5,20251028,172500,364.62,364.7,364.51,364.5921,62416,0
GLD.US,5,20251028,173000,364.6225,364.76,363.89,364.18,158159,0
GLD.US,5,20251028,173500,364.19,364.5078,363.45,363.9,185922,0
GLD.US,5,20251028,174000,363.9036,364.03,363.6,363.885,133539,0
GLD.US,5,20251028,174500,363.87,364.13,363.63,363.98,72003,0
GLD.US,5,20251028,175000,363.81,364.205,363.7174,364.085,85519,0
GLD.US,5,20251028,175500,364.1,364.28,363.92,364.1693,52021,0
GLD.US,5,20251028,180000,364.125,364.25,363.99,364,64662,0
GLD.US,5,20251028,180500,364.08,364.91,364.01,364.82,90217,0
GLD.US,5,20251028,181000,364.82,365.25,364.55,365.215,121475,0
GLD.US,5,20251028,181500,365.215,365.24,364.7,364.7706,91437,0
GLD.US,5,20251028,182000,364.77,365.26,364.74,365.13,87051,0
GLD.US,5,20251028,182500,365.11,365.3,364.98,365.05,54668,0
GLD.US,5,20251028,183000,365.05,365.18,364.45,364.845,84109,0
GLD.US,5,20251028,183500,364.8,365.025,364.7484,364.83,83482,0
GLD.US,5,20251028,184000,364.82,364.97,364.6664,364.71,72279,0
GLD.US,5,20251028,184500,364.715,364.84,364.01,364.09,93929,0
GLD.US,5,20251028,185000,364.065,364.405,363.9,364.36,98587,0
GLD.US,5,20251028,185500,364.35,364.83,364.28,364.59,140243,0
GLD.US,5,20251028,190000,364.54,364.715,364.1109,364.16,56295,0
GLD.US,5,20251028,190500,364.1,364.345,363.9,364.07,55561,0
GLD.US,5,20251028,191000,364.17,364.42,364.1,364.28,60210,0
GLD.US,5,20251028,191500,364.315,364.36,364.17,364.27,21341,0
GLD.US,5,20251028,192000,364.24,364.41,364.03,364.05,65562,0
GLD.US,5,20251028,192500,364.0458,364.051,363.65,363.88,86457,0
GLD.US,5,20251028,193000,363.83,363.94,362.93,363.27,138262,0
GLD.US,5,20251028,193500,363.22,363.3983,363.13,363.28,38279,0
GLD.US,5,20251028,194000,363.2889,363.64,363.2103,363.59,82663,0
GLD.US,5,20251028,194500,363.55,363.72,363.36,363.6001,75335,0
GLD.US,5,20251028,195000,363.6,364.06,363.55,364.045,50461,0
GLD.US,5,20251028,195500,364.0205,364.11,363.85,364,38664,0
GLD.US,5,20251028,200000,363.9785,364.14,363.89,364.08,81833,0
GLD.US,5,20251028,200500,364.1,364.25,363.86,364.02,135505,0
GLD.US,5,20251028,201000,364.06,364.06,363.46,363.7599,137735,0
GLD.US,5,20251028,201500,363.73,364.24,363.59,363.8705,176588,0
GLD.US,5,20251028,202000,363.86,364.095,363.79,363.91,68515,0
GLD.US,5,20251028,202500,363.95,364.1628,363.84,363.92,104005,0
GLD.US,5,20251028,203000,363.91,364.07,363.49,363.94,166290,0
GLD.US,5,20251028,203500,363.93,364.11,363.87,363.9401,60195,0
GLD.US,5,20251028,204000,363.9505,364.04,363.85,363.96,65111,0
GLD.US,5,20251028,204500,364,364.1,363.86,364.0384,155070,0
GLD.US,5,20251028,205000,364.05,364.595,363.87,364.58,198655,0
GLD.US,5,20251028,205500,364.59,364.59,364.25,364.38,498919,0
GLD.US,5,20251029,143000,369.72,369.78,368.7864,368.94,387411,0
GLD.US,5,20251029,143500,368.95,369.15,368.35,368.58,509092,0
GLD.US,5,20251029,144000,368.6,368.83,368.2,368.66,196972,0
GLD.US,5,20251029,144500,368.62,368.83,368.24,368.64,157932,0
GLD.US,5,20251029,145000,368.65,369.1,368.31,368.9632,185145,0
GLD.US,5,20251029,145500,368.96,369.3,368.85,369.21,161135,0
GLD.US,5,20251029,150000,369.16,369.8593,369.11,369.64,168951,0
GLD.US,5,20251029,150500,369.6,370.08,369.58,369.905,159263,0
GLD.US,5,20251029,151000,369.8838,369.91,369.38,369.56,114459,0
GLD.US,5,20251029,151500,369.57,369.81,369.4726,369.665,97965,0
GLD.US,5,20251029,152000,369.66,369.88,369.365,369.606,79190,0
GLD.US,5,20251029,152500,369.6,369.73,369.49,369.54,115639,0
GLD.US,5,20251029,153000,369.53,369.96,369.51,369.585,70483,0
GLD.US,5,20251029,153500,369.61,369.8,369.0804,369.2775,76520,0
GLD.US,5,20251029,154000,369.31,369.31,368.86,368.95,67175,0
GLD.US,5,20251029,154500,368.95,369.36,368.7,369.35,95849,0
GLD.US,5,20251029,155000,369.35,369.42,368.99,369.165,56912,0
GLD.US,5,20251029,155500,369.19,369.2,368.74,368.84,98596,0
GLD.US,5,20251029,160000,368.79,369,368.45,368.76,121989,0
GLD.US,5,20251029,160500,368.82,369.015,368.59,368.95,61980,0
GLD.US,5,20251029,161000,369,369.12,368.67,368.885,43021,0
GLD.US,5,20251029,161500,368.92,368.94,368.48,368.718,50212,0
GLD.US,5,20251029,162000,368.75,368.815,368.4984,368.64,60117,0
GLD.US,5,20251029,162500,368.71,368.9199,368.11,368.615,91107,0
GLD.US,5,20251029,163000,368.59,368.78,368.5,368.51,31782,0
GLD.US,5,20251029,163500,368.47,368.73,368.31,368.49,61379,0
GLD.US,5,20251029,164000,368.49,368.56,368.26,368.415,36991,0
GLD.US,5,20251029,164500,368.395,368.395,367.6101,367.76,105490,0
GLD.US,5,20251029,165000,367.73,367.745,366.99,367.295,230688,0
GLD.US,5,20251029,165500,367.25,367.6,367.06,367.39,48883,0
GLD.US,5,20251029,170000,367.33,367.5529,367.25,367.428,53358,0
GLD.US,5,20251029,170500,367.4,367.8799,367.2,367.81,84044,0
GLD.US,5,20251029,171000,367.81,367.98,367.7,367.76,81043,0
GLD.US,5,20251029,171500,367.75,368.15,367.68,368.12,59791,0
GLD.US,5,20251029,172000,368.12,368.14,367.85,367.985,40378,0
GLD.US,5,20251029,172500,367.985,368.04,367.74,367.87,50493,0
GLD.US,5,20251029,173000,367.8576,367.89,367.66,367.84,53500,0
GLD.US,5,20251029,173500,367.855,367.86,367.39,367.56,72984,0
GLD.US,5,20251029,174000,367.52,367.61,367.46,367.5061,63384,0
GLD.US,5,20251029,174500,367.5,367.96,367.5,367.92,142737,0
GLD.US,5,20251029,175000,367.8975,368,367.3995,367.48,51493,0
GLD.US,5,20251029,175500,367.48,367.52,367.2809,367.3301,56043,0
GLD.US,5,20251029,180000,367.32,367.36,367.17,367.25,53988,0
GLD.US,5,20251029,180500,367.23,367.52,367.03,367.45,63374,0
GLD.US,5,20251029,181000,367.48,367.7727,367.41,367.7727,25191,0
GLD.US,5,20251029,181500,367.78,367.78,367.414,367.44,67645,0
GLD.US,5,20251029,182000,367.43,367.59,367.06,367.35,102148,0
GLD.US,5,20251029,182500,367.35,367.4,366.69,366.8,78822,0
GLD.US,5,20251029,183000,366.81,367.41,366.71,367.41,53948,0
GLD.US,5,20251029,183500,367.38,367.54,367.23,367.48,26696,0
GLD.US,5,20251029,184000,367.47,367.59,367.19,367.23,86730,0
GLD.US,5,20251029,184500,367.24,367.54,367.2001,367.51,73461,0
GLD.US,5,20251029,185000,367.5,367.62,367.37,367.575,45749,0
GLD.US,5,20251029,185500,367.5775,367.61,367.42,367.46,60473,0
GLD.US,5,20251029,190000,367.4,368.6885,366.03,367.5,326667,0
GLD.US,5,20251029,190500,367.53,367.85,366.79,367.36,198919,0
GLD.US,5,20251029,191000,367.4,367.459,366.45,366.5,90737,0
GLD.US,5,20251029,191500,366.47,367.04,366.47,366.9394,70642,0
GLD.US,5,20251029,192000,366.9299,367.08,366.22,366.32,87978,0
GLD.US,5,20251029,192500,366.32,366.4995,365.8,366.255,129493,0
GLD.US,5,20251029,193000,366.2218,367.044,365.94,366.679,333988,0
GLD.US,5,20251029,193500,366.66,366.755,363.5,363.9,539920,0
GLD.US,5,20251029,194000,363.82,364.19,362.85,363.95,382256,0
GLD.US,5,20251029,194500,363.965,364.68,363.24,363.57,343371,0
GLD.US,5,20251029,195000,363.46,364.34,363.43,364.03,218656,0
GLD.US,5,20251029,195500,364.11,365.53,364.105,365.18,252611,0
GLD.US,5,20251029,200000,365.15,366.19,363.7696,363.96,346723,0
GLD.US,5,20251029,200500,363.975,365.175,363.975,364.71,167286,0
GLD.US,5,20251029,201000,364.78,365.44,364.51,365.3,217221,0
GLD.US,5,20251029,201500,365.39,365.5,364.73,364.77,178297,0
GLD.US,5,20251029,202000,364.7907,365.72,364.09,364.37,199053,0
GLD.US,5,20251029,202500,364.36,365.01,363.545,363.76,145898,0
GLD.US,5,20251029,203000,363.76,363.89,362.33,363.1275,528993,0
GLD.US,5,20251029,203500,363.125,363.18,362.37,362.43,340675,0
GLD.US,5,20251029,204000,362.47,362.65,361.3601,361.475,534646,0
GLD.US,5,20251029,204500,361.505,362.9,361.505,362.62,252635,0
GLD.US,5,20251029,205000,362.68,363.37,362.64,362.95,219035,0
GLD.US,5,20251029,205500,362.96,363.18,362.7868,363.02,285909,0
GLD.US,5,20251030,143000,365.07,365.99,364.87,365.1,203318,0
GLD.US,5,20251030,143500,365.11,365.6142,364.665,365.06,173364,0
GLD.US,5,20251030,144000,365.01,365.62,364.5,365.59,196651,0
GLD.US,5,20251030,144500,365.58,366.21,365.52,365.67,176002,0
GLD.US,5,20251030,145000,365.68,367,365.62,366.8001,198126,0
GLD.US,5,20251030,145500,366.87,367.5,366.8,367.49,198181,0
GLD.US,5,20251030,150000,367.58,368,367.181,367.731,171301,0
GLD.US,5,20251030,150500,367.74,369.195,367.65,368.785,285090,0
GLD.US,5,20251030,151000,368.8,369.26,368.37,368.96,260724,0
GLD.US,5,20251030,151500,368.9301,369.1307,368.32,368.5301,189373,0
GLD.US,5,20251030,152000,368.54,368.79,367.59,368.16,167522,0
GLD.US,5,20251030,152500,368.21,368.24,367.51,367.73,102720,0
GLD.US,5,20251030,153000,367.74,368,367.2001,367.5,92756,0
GLD.US,5,20251030,153500,367.5,367.51,366.81,367.05,89784,0
GLD.US,5,20251030,154000,367.11,367.4,366.66,367.3,124324,0
GLD.US,5,20251030,154500,367.3,368.15,366.96,367.88,191681,0
GLD.US,5,20251030,155000,367.87,367.99,367.5,367.6,85304,0
GLD.US,5,20251030,155500,367.62,367.78,367.01,367.6027,35712,0
GLD.US,5,20251030,160000,367.58,367.91,367.07,367.48,95124,0
GLD.US,5,20251030,160500,367.56,367.6,366.85,367.57,87395,0
GLD.US,5,20251030,161000,367.59,368.3,367.59,367.95,94765,0
GLD.US,5,20251030,161500,367.91,368.16,367.74,368.04,57502,0
GLD.US,5,20251030,162000,368.005,368.02,367.61,367.627,60900,0
GLD.US,5,20251030,162500,367.64,367.94,367.475,367.785,65269,0
GLD.US,5,20251030,163000,367.78,368.1799,367.74,368.12,37783,0
GLD.US,5,20251030,163500,368.1,368.28,367.8,368.04,25670,0
GLD.US,5,20251030,164000,368.0439,368.4299,367.85,368.4,57176,0
GLD.US,5,20251030,164500,368.39,368.76,368.1301,368.48,135082,0
GLD.US,5,20251030,165000,368.47,368.51,368.31,368.384,32898,0
GLD.US,5,20251030,165500,368.43,368.6216,367.99,368.08,46256,0
GLD.US,5,20251030,170000,368.06,368.3,367.49,367.6625,99094,0
GLD.US,5,20251030,170500,367.6299,368.09,367.55,367.77,291225,0
GLD.US,5,20251030,171000,367.74,367.891,367.38,367.49,29362,0
GLD.US,5,20251030,171500,367.48,367.8,367.1616,367.53,71045,0
GLD.US,5,20251030,172000,367.53,367.6399,367.23,367.385,66613,0
GLD.US,5,20251030,172500,367.37,367.67,367.13,367.57,50359,0
GLD.US,5,20251030,173000,367.53,367.99,367.48,367.72,43266,0
GLD.US,5,20251030,173500,367.7,367.88,367.61,367.81,17100,0
GLD.US,5,20251030,174000,367.89,368.2001,367.84,368.195,22284,0
GLD.US,5,20251030,174500,368.17,368.25,367.66,367.7,38626,0
GLD.US,5,20251030,175000,367.7,368.08,367.7,367.98,80505,0
GLD.US,5,20251030,175500,367.92,368.1,367.87,368.05,25844,0
GLD.US,5,20251030,180000,368.055,368.31,367.97,368.16,31317,0
GLD.US,5,20251030,180500,368.15,368.17,367.85,367.9301,25246,0
GLD.US,5,20251030,181000,367.93,367.93,367.52,367.52,35408,0
GLD.US,5,20251030,181500,367.55,368.06,367.45,367.95,74792,0
GLD.US,5,20251030,182000,367.92,368.14,367.85,368.07,12627,0
GLD.US,5,20251030,182500,368.06,368.2553,368.03,368.16,21523,0
GLD.US,5,20251030,183000,368.1555,368.61,368.135,368.4,33770,0
GLD.US,5,20251030,183500,368.37,368.52,368.19,368.4575,38572,0
GLD.US,5,20251030,184000,368.56,368.96,368.55,368.9,85652,0
GLD.US,5,20251030,184500,368.89,369.62,368.89,369.0705,138419,0
GLD.US,5,20251030,185000,369.06,369.1376,368.777,368.965,63810,0
GLD.US,5,20251030,185500,368.95,368.959,368.28,368.42,54447,0
GLD.US,5,20251030,190000,368.37,368.43,368.04,368.08,84833,0
GLD.US,5,20251030,190500,368.13,368.59,367.9774,368.5,78602,0
GLD.US,5,20251030,191000,368.51,368.68,368.34,368.49,58189,0
GLD.US,5,20251030,191500,368.48,368.67,368.23,368.67,74584,0
GLD.US,5,20251030,192000,368.62,368.84,368.59,368.73,81757,0
GLD.US,5,20251030,192500,368.76,369.16,368.68,369.13,92212,0
GLD.US,5,20251030,193000,369.18,369.465,369.12,369.32,143120,0
GLD.US,5,20251030,193500,369.35,369.5778,368.85,369,108996,0
GLD.US,5,20251030,194000,369.02,369.23,368.64,368.96,93038,0
GLD.US,5,20251030,194500,368.99,369.175,368.89,369.1375,75386,0
GLD.US,5,20251030,195000,369.145,369.47,369.0004,369.39,72354,0
GLD.US,5,20251030,195500,369.395,369.61,369.37,369.45,321986,0
GLD.US,5,20251030,200000,369.46,369.97,369.395,369.92,196723,0
GLD.US,5,20251030,200500,369.93,370.3,369.84,370.265,140117,0
GLD.US,5,20251030,201000,370.29,370.35,370.14,370.257,101584,0
GLD.US,5,20251030,201500,370.26,370.36,370.11,370.22,228654,0
GLD.US,5,20251030,202000,370.245,370.3,369.691,369.97,188158,0
GLD.US,5,20251030,202500,369.995,370.01,369.78,369.83,242051,0
GLD.US,5,20251030,203000,369.82,370.35,369.82,370.18,168763,0
GLD.US,5,20251030,203500,370.16,370.2,369.92,370.17,154690,0
GLD.US,5,20251030,204000,370.1886,370.295,369.95,370.22,146743,0
GLD.US,5,20251030,204500,370.22,370.31,369.95,369.985,207655,0
GLD.US,5,20251030,205000,369.98,370.31,369.98,370.12,240616,0
GLD.US,5,20251030,205500,370.13,370.34,369.785,370.13,741875,0
GLD.US,5,20251031,143000,370.5,370.6625,369.74,369.96,228875,0
GLD.US,5,20251031,143500,370.04,370.23,369.46,369.77,134272,0
GLD.US,5,20251031,144000,369.79,369.84,369.16,369.45,213843,0
GLD.US,5,20251031,144500,369.45,370.1,369.42,369.77,146459,0
GLD.US,5,20251031,145000,369.82,369.9,368.93,369.37,99750,0
GLD.US,5,20251031,145500,369.3251,369.68,369.0901,369.56,111901,0
GLD.US,5,20251031,150000,369.6,370.52,369.52,370.42,123145,0
GLD.US,5,20251031,150500,370.4,370.5,369.93,369.93,93173,0
GLD.US,5,20251031,151000,369.91,370.29,369.68,369.8,90560,0
GLD.US,5,20251031,151500,369.75,370.325,369.73,370.325,44871,0
GLD.US,5,20251031,152000,370.3,370.3935,369.73,370.22,62771,0
GLD.US,5,20251031,152500,370.2,370.22,369.34,369.409,101062,0
GLD.US,5,20251031,153000,369.41,369.96,369.2,369.89,81960,0
GLD.US,5,20251031,153500,369.92,369.98,369.32,369.4187,50958,0
GLD.US,5,20251031,154000,369.46,369.62,369.33,369.57,29863,0
GLD.US,5,20251031,154500,369.5419,369.5419,369.06,369.25,35667,0
GLD.US,5,20251031,155000,369.28,369.75,368.97,369.75,39806,0
GLD.US,5,20251031,155500,369.793,370.06,369.63,369.91,59103,0
GLD.US,5,20251031,160000,369.895,369.895,368.81,369.3,171269,0
GLD.US,5,20251031,160500,369.27,369.38,368.88,369.145,69632,0
GLD.US,5,20251031,161000,369.13,369.5717,368.92,369.5717,80468,0
GLD.US,5,20251031,161500,369.62,369.75,369.34,369.44,96693,0
GLD.US,5,20251031,162000,369.435,369.6328,369.33,369.6,39690,0
GLD.US,5,20251031,162500,369.65,369.71,369.33,369.64,73357,0
GLD.US,5,20251031,163000,369.6138,369.95,369.48,369.9302,44491,0
GLD.US,5,20251031,163500,369.96,370.0824,369.715,369.79,45666,0
GLD.US,5,20251031,164000,369.82,370.04,369.6,369.72,60301,0
GLD.US,5,20251031,164500,369.81,369.93,369.2,369.54,132548,0
GLD.US,5,20251031,165000,369.52,370.04,369.495,370.01,101601,0
GLD.US,5,20251031,165500,369.89,369.91,369.0204,369.19,135271,0
GLD.US,5,20251031,170000,369.21,369.42,368.46,368.49,127231,0
GLD.US,5,20251031,170500,368.52,368.68,367.78,367.89,167395,0
GLD.US,5,20251031,171000,367.89,367.95,366.055,366.095,310717,0
GLD.US,5,20251031,171500,366.11,366.4178,365.5,366.03,339593,0
GLD.US,5,20251031,172000,366.05,366.77,365.9229,366.6601,241895,0
GLD.US,5,20251031,172500,366.6752,367.09,366.2813,366.745,110122,0
GLD.US,5,20251031,173000,366.685,367.1,366.645,366.76,40076,0
GLD.US,5,20251031,173500,366.74,367.05,366.5,366.91804,58008,0
GLD.US,5,20251031,174000,366.8322,366.99,366.33,366.5475,66434,0
GLD.US,5,20251031,174500,366.575,366.75,366.44,366.73,34330,0
GLD.US,5,20251031,175000,366.7001,366.81,366.18,366.205,33172,0
GLD.US,5,20251031,175500,366.23,366.44,366.04,366.21,53979,0
GLD.US,5,20251031,180000,366.22,367.14,366.22,366.86,78081,0
GLD.US,5,20251031,180500,366.91,367.05,366.56,366.74,96796,0
GLD.US,5,20251031,181000,366.715,366.74,366.32,366.445,30516,0
GLD.US,5,20251031,181500,366.42,366.75,366.28,366.41,51678,0
GLD.US,5,20251031,182000,366.41,366.8105,366.41,366.7099,44714,0
GLD.US,5,20251031,182500,366.7294,366.87,366.51,366.61,42761,0
GLD.US,5,20251031,183000,366.53,366.9411,366.19,366.74,38269,0
GLD.US,5,20251031,183500,366.74,367.02,366.58,366.975,35757,0
GLD.US,5,20251031,184000,366.95,367.9699,366.88,367.88,98940,0
GLD.US,5,20251031,184500,367.8501,368.34,367.67,368.07,84191,0
GLD.US,5,20251031,185000,368.09,368.09,367.82,367.86,37141,0
GLD.US,5,20251031,185500,367.88,367.99,367.7,367.745,27017,0
GLD.US,5,20251031,190000,367.76,367.91,367.56,367.74,29006,0
GLD.US,5,20251031,190500,367.77,368.09,367.72,367.95,43578,0
GLD.US,5,20251031,191000,367.9,368.69,367.9,368.63,52211,0
GLD.US,5,20251031,191500,368.62,368.89,368.48,368.83,54272,0
GLD.US,5,20251031,192000,368.81,368.92,368.67,368.85,48191,0
GLD.US,5,20251031,192500,368.85,368.92,368.74,368.82,37642,0
GLD.US,5,20251031,193000,368.81,368.86,368.4,368.535,44675,0
GLD.US,5,20251031,193500,368.56,368.61,368.37,368.48,20851,0
GLD.US,5,20251031,194000,368.5,368.5,368.26,368.35,18750,0
GLD.US,5,20251031,194500,368.368,368.572,368.24,368.28,41478,0
GLD.US,5,20251031,195000,368.29,368.3,367.95,368.045,29392,0
GLD.US,5,20251031,195500,368.07,368.15,367.96,367.985,23249,0
GLD.US,5,20251031,200000,367.99,368.41,367.94,368.2,60173,0
GLD.US,5,20251031,200500,368.205,368.55,368.16,368.39,47575,0
GLD.US,5,20251031,201000,368.42,368.46,368.03,368.03,40619,0
GLD.US,5,20251031,201500,368.07,368.1,367.2,367.25,73188,0
GLD.US,5,20251031,202000,367.25,367.54,367.17,367.43,79634,0
GLD.US,5,20251031,202500,367.49,368.17,367.38,368.1497,57168,0
GLD.US,5,20251031,203000,368.08,368.08,367.75,367.83,71006,0
GLD.US,5,20251031,203500,367.815,367.84,367.52,367.62,51009,0
GLD.US,5,20251031,204000,367.65,367.905,367.635,367.905,93304,0
GLD.US,5,20251031,204500,367.88,368.06,367.77,367.85,99767,0
GLD.US,5,20251031,205000,367.85,367.98,367.59,367.69,262687,0
GLD.US,5,20251031,205500,367.67,368.23,367.65,368.18,505310,0
GLD.US,5,20251103,153000,368.91,369.08,368.096,368.82,228907,0
GLD.US,5,20251103,153500,368.79,369.215,368.5975,368.91,151702,0
GLD.US,5,20251103,154000,368.89,369.23,368.8141,369.15,87226,0
GLD.US,5,20251103,154500,369.13,370.2799,369.13,369.89,162214,0
GLD.US,5,20251103,155000,369.89,370.4299,369.85,370.25,130433,0
GLD.US,5,20251103,155500,370.27,370.41,370.03,370.14,116253,0
GLD.US,5,20251103,160000,370.2,370.8099,370.16,370.52,204158,0
GLD.US,5,20251103,160500,370.515,370.58,370.15,370.39,88725,0
GLD.US,5,20251103,161000,370.33,370.84,370.23,370.465,97856,0
GLD.US,5,20251103,161500,370.42,370.64,370.26,370.52,65780,0
GLD.US,5,20251103,162000,370.555,370.555,369.61,369.615,93210,0
GLD.US,5,20251103,162500,369.59,369.77,368.76,369.03,150518,0
GLD.US,5,20251103,163000,368.98,369.39,368.85,369.19,85002,0
GLD.US,5,20251103,163500,369.14,369.685,368.47,369.595,106710,0
GLD.US,5,20251103,164000,369.595,370.08,369.395,369.97,89161,0
GLD.US,5,20251103,164500,369.96,370.1999,369.59,369.75,121965,0
GLD.US,5,20251103,165000,369.8,369.8,368.8789,368.8789,86893,0
GLD.US,5,20251103,165500,368.91,369.15,368.3,368.76,63097,0
GLD.US,5,20251103,170000,368.74,369.215,368.63,369.03,34922,0
GLD.US,5,20251103,170500,369.05,369.14,368.27,368.62,48034,0
GLD.US,5,20251103,171000,368.63,368.7,368.16,368.42,102372,0
GLD.US,5,20251103,171500,368.33,368.44,367.54,367.965,119075,0
GLD.US,5,20251103,172000,367.945,368.42,367.74,367.8,78196,0
GLD.US,5,20251103,172500,367.74,368.12,367.65,367.795,119980,0
GLD.US,5,20251103,173000,367.76,367.935,367.5501,367.63,73419,0
GLD.US,5,20251103,173500,367.63,368.34,367.61,368.15,63828,0
GLD.US,5,20251103,174000,368.1736,368.38,368.1736,368.2975,49736,0
GLD.US,5,20251103,174500,368.3,368.83,368.13,368.81,102012,0
GLD.US,5,20251103,175000,368.81,368.86,368.63,368.815,52970,0
GLD.US,5,20251103,175500,368.8226,368.89,368.52,368.7585,70541,0
GLD.US,5,20251103,180000,368.75,368.9,368.5517,368.555,56816,0
GLD.US,5,20251103,180500,368.55,368.78,368.29,368.37,74001,0
GLD.US,5,20251103,181000,368.395,368.91,368.2743,368.765,50931,0
GLD.US,5,20251103,181500,368.8,368.8534,368.58,368.8,28876,0
GLD.US,5,20251103,182000,368.82,369.09,368.81,368.935,27602,0
GLD.US,5,20251103,182500,368.89,368.89,368.59,368.64,26362,0
GLD.US,5,20251103,183000,368.615,368.6207,368.425,368.543,22912,0
GLD.US,5,20251103,183500,368.51,368.67,368.46,368.505,55350,0
GLD.US,5,20251103,184000,368.49,368.57,368.34,368.4875,28103,0
GLD.US,5,20251103,184500,368.52,368.69,368.44,368.5613,23159,0
GLD.US,5,20251103,185000,368.54,368.64,368.46,368.6,30128,0
GLD.US,5,20251103,185500,368.6,368.63,368.51,368.53,21500,0
GLD.US,5,20251103,190000,368.51,368.6,368.34,368.37,16029,0
GLD.US,5,20251103,190500,368.38,368.56,368.3,368.3544,31890,0
GLD.US,5,20251103,191000,368.37,368.41,368.1,368.2157,28796,0
GLD.US,5,20251103,191500,368.14,368.32,368.06,368.115,31730,0
GLD.US,5,20251103,192000,368.125,368.205,367.93,368.09,43916,0
GLD.US,5,20251103,192500,368.1,368.23,367.91,368.1378,68387,0
GLD.US,5,20251103,193000,368.12,368.84,368.09,368.83,60165,0
GLD.US,5,20251103,193500,368.82,368.885,368.57,368.645,84624,0
GLD.US,5,20251103,194000,368.67,368.84,368.6,368.7281,34207,0
GLD.US,5,20251103,194500,368.71,368.7179,368.37,368.41,29934,0
GLD.US,5,20251103,195000,368.41,368.52,368.27,368.44,22702,0
GLD.US,5,20251103,195500,368.47,368.68,368.39,368.5501,12609,0
GLD.US,5,20251103,200000,368.565,368.74,367.64,367.8,54392,0
GLD.US,5,20251103,200500,367.82,368.26,367.57,368.04,57922,0
GLD.US,5,20251103,201000,368.04,368.3,368.03,368.27,34801,0
GLD.US,5,20251103,201500,368.29,368.5299,368.15,368.24,32210,0
GLD.US,5,20251103,202000,368.24,368.52,368.24,368.355,41929,0
GLD.US,5,20251103,202500,368.33,368.45,368.2765,368.345,43731,0
GLD.US,5,20251103,203000,368.31,368.41,368.14,368.22,22050,0
GLD.US,5,20251103,203500,368.21,368.24,368.05,368.21,32092,0
GLD.US,5,20251103,204000,368.2,368.25,368.05,368.0525,18450,0
GLD.US,5,20251103,204500,368.0535,368.255,367.9317,368.255,33540,0
GLD.US,5,20251103,205000,368.25,368.665,368.19,368.65,29725,0
GLD.US,5,20251103,205500,368.66,368.66,368.27,368.38,48414,0
GLD.US,5,20251103,210000,368.39,368.94,368.39,368.94,48767,0
GLD.US,5,20251103,210500,368.93,369.08,368.67,368.762,72219,0
GLD.US,5,20251103,211000,368.73,368.92,368.72,368.92,23092,0
GLD.US,5,20251103,211500,368.93,369.15,368.885,369.02,40425,0
GLD.US,5,20251103,212000,369.05,369.33,368.99,369.02,26263,0
GLD.US,5,20251103,212500,369.02,369.12,368.85,369.015,30493,0
GLD.US,5,20251103,213000,369.02,369.08,368.86,368.88,50343,0
GLD.US,5,20251103,213500,368.89,368.89,368.77,368.815,86529,0
GLD.US,5,20251103,214000,368.8,368.89,368.57,368.77,92161,0
GLD.US,5,20251103,214500,368.78,368.8399,368.65,368.75,23651,0
GLD.US,5,20251103,215000,368.75,369.04,368.75,368.99,106636,0
GLD.US,5,20251103,215500,368.98,369.04,368.75,368.84,436638,0
GLD.US,5,20251104,153000,363.48,363.99,361.85,362.3049,450840,0
GLD.US,5,20251104,153500,362.31,362.63,361.82,361.94,322840,0
GLD.US,5,20251104,154000,361.94,362.37,361.39,361.665,365314,0
GLD.US,5,20251104,154500,361.63,362.53,361.6,362.3575,199855,0
GLD.US,5,20251104,155000,362.33,363.23,362.2848,363.16,106801,0
GLD.US,5,20251104,155500,363.21,364.275,363.21,364.02,211707,0
GLD.US,5,20251104,160000,364.12,364.21,363.24,363.3,294248,0
GLD.US,5,20251104,160500,363.33,363.7769,363.26,363.63,142701,0
GLD.US,5,20251104,161000,363.69,363.75,362.8601,363.12,129782,0
GLD.US,5,20251104,161500,363.145,363.62,363.03,363.07,368397,0
GLD.US,5,20251104,162000,363.06,363.48,362.55,363.36,179825,0
GLD.US,5,20251104,162500,363.37,363.6,363.16,363.27,122404,0
GLD.US,5,20251104,163000,363.26,364.14,363.2,364.0862,127940,0
GLD.US,5,20251104,163500,364.085,364.99,363.89,364.93,123042,0
GLD.US,5,20251104,164000,364.925,365.04,364.655,364.7642,85593,0
GLD.US,5,20251104,164500,364.79,364.79,364.16,364.31,74716,0
GLD.US,5,20251104,165000,364.23,364.426,364.08,364.1514,60026,0
GLD.US,5,20251104,165500,364.17,364.24,363.95,363.99,36388,0
GLD.US,5,20251104,170000,364,364.46,364,364.22,100066,0
GLD.US,5,20251104,170500,364.22,364.6725,364.22,364.5,99527,0
GLD.US,5,20251104,171000,364.49,364.82,364.45,364.62,59215,0
GLD.US,5,20251104,171500,364.66,365.44,364.63,365.17,40760,0
GLD.US,5,20251104,172000,365.16,365.74,365.16,365.64,72719,0
GLD.US,5,20251104,172500,365.56,365.64,365.4,365.45,43541,0
GLD.US,5,20251104,173000,365.4,365.46,365.05,365.2,45417,0
GLD.US,5,20251104,173500,365.19,365.58,365.155,365.155,49952,0
GLD.US,5,20251104,174000,365.1696,365.28,364.8,365.19,72010,0
GLD.US,5,20251104,174500,365.19,365.25,364.77,364.785,76621,0
GLD.US,5,20251104,175000,364.81,364.95,364.6438,364.82,41349,0
GLD.US,5,20251104,175500,364.85,365.2,364.72,365.1685,43526,0
GLD.US,5,20251104,180000,365.2,365.33,365.04,365.3,20258,0
GLD.US,5,20251104,180500,365.2509,365.29,364.535,364.62,29963,0
GLD.US,5,20251104,181000,364.6,364.86,364.44,364.67,26766,0
GLD.US,5,20251104,181500,364.695,364.789,364.35,364.445,35527,0
GLD.US,5,20251104,182000,364.449,364.65,364.2,364.5587,78973,0
GLD.US,5,20251104,182500,364.51,364.63,364.1501,364.25,40616,0
GLD.US,5,20251104,183000,364.21,364.76,364.21,364.74,58839,0
GLD.US,5,20251104,183500,364.74,364.83,364.29,364.39,75835,0
GLD.US,5,20251104,184000,364.39,364.5,364.22,364.42,54041,0
GLD.US,5,20251104,184500,364.41,364.655,364.28,364.38,121448,0
GLD.US,5,20251104,185000,364.41,364.43,363.79,363.97,217845,0
GLD.US,5,20251104,185500,363.97,363.97,363.56,363.83,77726,0
GLD.US,5,20251104,190000,363.81,363.9744,363.72,363.81,94602,0
GLD.US,5,20251104,190500,363.825,363.84,363.47,363.48,41129,0
GLD.US,5,20251104,191000,363.45,363.68,363.31,363.42,74501,0
GLD.US,5,20251104,191500,363.405,363.58,363.25,363.27,48846,0
GLD.US,5,20251104,192000,363.28,363.51,363.23,363.43,77658,0
GLD.US,5,20251104,192500,363.46,363.59,362.97,363.4,92310,0
GLD.US,5,20251104,193000,363.44,363.52,362.55,362.77,105229,0
GLD.US,5,20251104,193500,362.74,362.78,361.73,362,141318,0
GLD.US,5,20251104,194000,362.01,362.36,361.76,362.34,102104,0
GLD.US,5,20251104,194500,362.32,362.57,362.1,362.405,58589,0
GLD.US,5,20251104,195000,362.41,362.58,362.06,362.46,62987,0
GLD.US,5,20251104,195500,362.47,362.53,362.24,362.31,32223,0
GLD.US,5,20251104,200000,362.2835,362.39,361.99,362.135,31045,0
GLD.US,5,20251104,200500,362.15,362.33,362.1,362.28,39083,0
GLD.US,5,20251104,201000,362.2629,362.88,362.1983,362.54,134310,0
GLD.US,5,20251104,201500,362.56,362.8238,362.56,362.82,37597,0
GLD.US,5,20251104,202000,362.65,362.84,362.5101,362.79,57266,0
GLD.US,5,20251104,202500,362.77,362.84,362.5,362.64,26879,0
GLD.US,5,20251104,203000,362.63,362.73,362.34,362.71,43111,0
GLD.US,5,20251104,203500,362.68,362.735,362.49,362.522,43698,0
GLD.US,5,20251104,204000,362.52,362.64,362.04,362.28,87924,0
GLD.US,5,20251104,204500,362.24,362.3599,362.09,362.12,71499,0
GLD.US,5,20251104,205000,362.12,362.46,362.09,362.42,120024,0
GLD.US,5,20251104,205500,362.42,362.46,362.21,362.23,96482,0
GLD.US,5,20251104,210000,362.24,362.446,361.68,361.68,133027,0
GLD.US,5,20251104,210500,361.68,362.05,361.66,361.94,123873,0
GLD.US,5,20251104,211000,361.93,361.96,361.69,361.915,71343,0
GLD.US,5,20251104,211500,361.93,362.13,361.76,361.86,104688,0
GLD.US,5,20251104,212000,361.85,362.04,361.71,362.02,128694,0
GLD.US,5,20251104,212500,362.02,362.28,361.912,362.23,115194,0
GLD.US,5,20251104,213000,362.24,362.43,362.11,362.16,69328,0
GLD.US,5,20251104,213500,362.18,362.545,362.12,362.3509,73207,0
GLD.US,5,20251104,214000,362.3603,362.68,362.32,362.56,98381,0
GLD.US,5,20251104,214500,362.57,362.59,362.2,362.237,145330,0
GLD.US,5,20251104,215000,362.2243,362.35,362.13,362.29,157265,0
GLD.US,5,20251104,215500,362.28,362.485,362.23,362.31,453841,0
GLD.US,5,20251105,153000,366.46,366.64,366.12,366.5,201051,0
GLD.US,5,20251105,153500,366.5,366.63,366.12,366.3162,140150,0
GLD.US,5,20251105,154000,366.3,366.45,365.67,365.75,120238,0
GLD.US,5,20251105,154500,365.77,365.98,365.1,365.37,103342,0
GLD.US,5,20251105,155000,365.3401,365.73,365.2917,365.51,78418,0
GLD.US,5,20251105,155500,365.5,365.91,365.45,365.6,54345,0
GLD.US,5,20251105,160000,365.535,365.535,364.65,365.34,255580,0
GLD.US,5,20251105,160500,365.3,365.94,365.235,365.6,90169,0
GLD.US,5,20251105,161000,365.57,365.665,365.06,365.28,82217,0
GLD.US,5,20251105,161500,365.29,365.5498,365.03,365.2199,68343,0
GLD.US,5,20251105,162000,365.19,365.5,364.9306,365.35,46934,0
GLD.US,5,20251105,162500,365.37,366.18,365.37,366.14,98863,0
GLD.US,5,20251105,163000,366.13,366.57,366.031,366.3185,174359,0
GLD.US,5,20251105,163500,366.3107,366.3107,365.98,366.2,76427,0
GLD.US,5,20251105,164000,366.185,366.58,366.1399,366.44,59101,0
GLD.US,5,20251105,164500,366.4,366.56,366.19,366.19,60814,0
GLD.US,5,20251105,165000,366.2,366.31,366.11,366.17,24883,0
GLD.US,5,20251105,165500,366.27,366.27,365.89,366,39969,0
GLD.US,5,20251105,170000,366,366.2995,365.91,366.07,33777,0
GLD.US,5,20251105,170500,366.06,366.33,365.85,366.28,40015,0
GLD.US,5,20251105,171000,366.32,366.3394,365.74,365.79,54132,0
GLD.US,5,20251105,171500,365.82,366.212,365.65,365.88,58122,0
GLD.US,5,20251105,172000,365.8446,366.18,365.831,366.105,50698,0
GLD.US,5,20251105,172500,366.11,366.27,366,366.27,56456,0
GLD.US,5,20251105,173000,366.32,366.52,366.09,366.1,65010,0
GLD.US,5,20251105,173500,366.1,366.48,365.905,366.43,38984,0
GLD.US,5,20251105,174000,366.43,366.44,366.28,366.3518,107368,0
GLD.US,5,20251105,174500,366.38,367.02,366.38,366.8382,150997,0
GLD.US,5,20251105,175000,366.86,367.1,366.69,366.79,104256,0
GLD.US,5,20251105,175500,366.73,366.9,366.7,366.78,37508,0
GLD.US,5,20251105,180000,366.79,367,366.75,366.8,41540,0
GLD.US,5,20251105,180500,366.81,366.8108,366.33,366.51,65038,0
GLD.US,5,20251105,181000,366.54,366.65,366.38,366.5004,52464,0
GLD.US,5,20251105,181500,366.5,366.62,366.295,366.3,53114,0
GLD.US,5,20251105,182000,366.3,366.33,366.02,366.185,51995,0
GLD.US,5,20251105,182500,366.2,366.5,366.18,366.35579,51339,0
GLD.US,5,20251105,183000,366.371,366.39,366.13,366.285,46940,0
GLD.US,5,20251105,183500,366.29,366.52,366.26,366.32,80796,0
GLD.US,5,20251105,184000,366.31,366.54,366.25,366.43,19435,0
GLD.US,5,20251105,184500,366.41,366.459,366.2925,366.36,26965,0
GLD.US,5,20251105,185000,366.37,366.46,366.28,366.36,19835,0
GLD.US,5,20251105,185500,366.3465,366.3799,366.13,366.35,43083,0
GLD.US,5,20251105,190000,366.36,366.36,366.07,366.31,41404,0
GLD.US,5,20251105,190500,366.31,366.38,366.23,366.33,30287,0
GLD.US,5,20251105,191000,366.3,366.505,366.28,366.49,37107,0
GLD.US,5,20251105,191500,366.49,366.7,366.43,366.53,29489,0
GLD.US,5,20251105,192000,366.5351,366.72,366.5,366.56,44346,0
GLD.US,5,20251105,192500,366.575,366.63,366.35,366.48,62919,0
GLD.US,5,20251105,193000,366.5,366.6275,366.25,366.33,51742,0
GLD.US,5,20251105,193500,366.33,366.4,366.12,366.23,25013,0
GLD.US,5,20251105,194000,366.23,366.26,366.08,366.16,21285,0
GLD.US,5,20251105,194500,366.16,366.37,366.13,366.29,52876,0
GLD.US,5,20251105,195000,366.29,366.4699,366.29,366.44,24768,0
GLD.US,5,20251105,195500,366.445,366.48,366.32,366.38,48532,0
GLD.US,5,20251105,200000,366.39,366.59,366.35,366.57,59976,0
GLD.US,5,20251105,200500,366.56,366.7,366.21,366.21,31742,0
GLD.US,5,20251105,201000,366.2071,366.349,366.12,366.155,32999,0
GLD.US,5,20251105,201500,366.15,366.38,366.1,366.3597,28316,0
GLD.US,5,20251105,202000,366.355,366.4899,366.32,366.43,25431,0
GLD.US,5,20251105,202500,366.44,366.61,366.4,366.55,51811,0
GLD.US,5,20251105,203000,366.565,366.61,366.44,366.46,64306,0
GLD.US,5,20251105,203500,366.46,366.72,366.45,366.715,47429,0
GLD.US,5,20251105,204000,366.73,366.95,366.63,366.8,43594,0
GLD.US,5,20251105,204500,366.8,366.88,366.74,366.75,60067,0
GLD.US,5,20251105,205000,366.75,366.91,366.75,366.83,35813,0
GLD.US,5,20251105,205500,366.82,366.98,366.81,366.875,29613,0
GLD.US,5,20251105,210000,366.89,366.98,366.75,366.82,67041,0
GLD.US,5,20251105,210500,366.8301,367.1,366.81,367.06,80816,0
GLD.US,5,20251105,211000,367.06,367.09,366.83,366.84,65548,0
GLD.US,5,20251105,211500,366.85,366.95,366.71,366.7655,44618,0
GLD.US,5,20251105,212000,366.76,366.9,366.74,366.8097,49587,0
GLD.US,5,20251105,212500,366.79,366.865,366.6442,366.6549,73276,0
GLD.US,5,20251105,213000,366.66,366.81,366.592,366.74,61769,0
GLD.US,5,20251105,213500,366.75,366.89,366.71,366.88,76455,0
GLD.US,5,20251105,214000,366.88,366.9,366.53,366.58,85762,0
GLD.US,5,20251105,214500,366.6,366.64,366.3,366.37,110138,0
GLD.US,5,20251105,215000,366.36,366.49,366.34,366.3999,149014,0
GLD.US,5,20251105,215500,366.38,366.57,366.35,366.51,331692,0
GLD.US,5,20251106,153000,367.16,367.94,367.05,367.88,145001,0
GLD.US,5,20251106,153500,367.89,368.18,367.75,367.79,109701,0
GLD.US,5,20251106,154000,367.84,367.87,367.38,367.7287,84679,0
GLD.US,5,20251106,154500,367.76,368.01,367.61,367.78,60870,0
GLD.US,5,20251106,155000,367.8,367.84,367.38,367.48,96513,0
GLD.US,5,20251106,155500,367.51,367.61,367.21,367.27,68736,0
GLD.US,5,20251106,160000,367.24,367.3,365.7601,365.98,243000,0
GLD.US,5,20251106,160500,365.96,366.54,365.96,366.285,155575,0
GLD.US,5,20251106,161000,366.27,366.72,366.07,366.26,153754,0
GLD.US,5,20251106,161500,366.35,366.91,366.2,366.8,91348,0
GLD.US,5,20251106,162000,366.81,367.1,366.74,366.96,132060,0
GLD.US,5,20251106,162500,366.98,367.01,366.63,366.655,39005,0
GLD.US,5,20251106,163000,366.6951,366.6951,366.05,366.26,64816,0
GLD.US,5,20251106,163500,366.21,366.47,365.58,366,111506,0
GLD.US,5,20251106,164000,365.99,366.41,365.82,365.8794,107828,0
GLD.US,5,20251106,164500,365.91,366.28,365.74,366.08,68481,0
GLD.US,5,20251106,165000,366.09,366.26,365.91,366.1601,39875,0
GLD.US,5,20251106,165500,366.17,366.4488,366.02,366.075,111314,0
GLD.US,5,20251106,170000,366.09,366.6,366.08,366.44,32860,0
GLD.US,5,20251106,170500,366.5,366.64,366.29,366.56,37216,0
GLD.US,5,20251106,171000,366.57,366.64,366.0821,366.2201,63373,0
GLD.US,5,20251106,171500,366.22,366.39,365.73,365.91,39535,0
GLD.US,5,20251106,172000,365.9202,366.08,365.73,366.05,59477,0
GLD.US,5,20251106,172500,366.02,366.41,365.95,366.4065,27923,0
GLD.US,5,20251106,173000,366.38,366.42,365.83,365.885,42388,0
GLD.US,5,20251106,173500,365.895,366.16,365.69,366.03,76702,0
GLD.US,5,20251106,174000,366.04,366.08,365.68,365.95,61762,0
GLD.US,5,20251106,174500,365.986,366.28,365.86,365.9985,26575,0
GLD.US,5,20251106,175000,365.9899,366.51,365.97,366.3,68059,0
GLD.US,5,20251106,175500,366.24,366.24,365.9768,366.17,16734,0
GLD.US,5,20251106,180000,366.19,366.53,366.15,366.5,32371,0
GLD.US,5,20251106,180500,366.46,366.555,366.13,366.3552,45279,0
GLD.US,5,20251106,181000,366.36,366.5299,365.894,365.953,39103,0
GLD.US,5,20251106,181500,365.94,365.98,365.45,365.8,47556,0
GLD.US,5,20251106,182000,365.79,365.79,364.82,364.8713,93539,0
GLD.US,5,20251106,182500,364.89,365.17,364.7,365.11,69167,0
GLD.US,5,20251106,183000,365.1,365.43,364.83,365.32,76162,0
GLD.US,5,20251106,183500,365.32,365.6,365.27,365.56,72248,0
GLD.US,5,20251106,184000,365.58,366.26,365.55,366.19,57301,0
GLD.US,5,20251106,184500,366.21,366.5215,366.18,366.4625,31347,0
GLD.US,5,20251106,185000,366.48,366.75,366.445,366.57,85172,0
GLD.US,5,20251106,185500,366.61,366.74,366.48,366.635,31696,0
GLD.US,5,20251106,190000,366.64,366.67,366.26,366.2602,47831,0
GLD.US,5,20251106,190500,366.29,366.37,366.08,366.24,33342,0
GLD.US,5,20251106,191000,366.24,366.423,366.17,366.4001,18045,0
GLD.US,5,20251106,191500,366.4,366.58,366.4,366.52,35040,0
GLD.US,5,20251106,192000,366.54,366.88,366.48,366.82,93438,0
GLD.US,5,20251106,192500,366.83,366.92,366.23,366.32,38165,0
GLD.US,5,20251106,193000,366.38,366.9,366.37,366.71,27730,0
GLD.US,5,20251106,193500,366.75,366.895,366.645,366.87,19609,0
GLD.US,5,20251106,194000,366.91,367.0335,366.82,366.915,34543,0
GLD.US,5,20251106,194500,366.93,366.955,366.7,366.88,44911,0
GLD.US,5,20251106,195000,366.91,367.01,366.74,366.8312,33191,0
GLD.US,5,20251106,195500,366.83,366.83,366.6509,366.77,26458,0
GLD.US,5,20251106,200000,366.7751,366.925,366.695,366.855,34596,0
GLD.US,5,20251106,200500,366.85,367.12,366.78,367.05,39132,0
GLD.US,5,20251106,201000,367.0301,367.478,367.0301,367.4525,42728,0
GLD.US,5,20251106,201500,367.45,367.475,367.26,367.34,41707,0
GLD.US,5,20251106,202000,367.34,367.39,367.26,367.31,54776,0
GLD.US,5,20251106,202500,367.3,367.3485,367.17,367.2004,31615,0
GLD.US,5,20251106,203000,367.22,367.2344,367.08,367.095,48067,0
GLD.US,5,20251106,203500,367.09,367.15,367,367.1,28936,0
GLD.US,5,20251106,204000,367.11,367.13,366.8401,366.93,25085,0
GLD.US,5,20251106,204500,366.97,367.01,366.54,366.5635,65960,0
GLD.US,5,20251106,205000,366.58,366.685,366.36,366.5767,34898,0
GLD.US,5,20251106,205500,366.52,366.69,366.5,366.52,44412,0
GLD.US,5,20251106,210000,366.5,366.7144,366.47,366.57,33130,0
GLD.US,5,20251106,210500,366.58,366.72,366.48,366.69,51784,0
GLD.US,5,20251106,211000,366.68,366.68,366.32,366.48,55654,0
GLD.US,5,20251106,211500,366.46,366.46,366.26,366.42,28704,0
GLD.US,5,20251106,212000,366.42,366.52,366.31,366.41,27690,0
GLD.US,5,20251106,212500,366.42,366.54,366.26,366.315,49448,0
GLD.US,5,20251106,213000,366.31,366.64,366.29,366.62,59673,0
GLD.US,5,20251106,213500,366.604,366.7,366.4,366.43,26929,0
GLD.US,5,20251106,214000,366.44,366.61,366.3483,366.43,49091,0
GLD.US,5,20251106,214500,366.43,366.43,366.18,366.18,101235,0
GLD.US,5,20251106,215000,366.19,366.345,366.14,366.25,116267,0
GLD.US,5,20251106,215500,366.25,366.25,365.96,366.07,298705,0
GLD.US,5,20251107,153000,367.94,367.95,366.93,367.2501,293969,0
GLD.US,5,20251107,153500,367.25,367.4,366.42,366.64,190567,0
GLD.US,5,20251107,154000,366.62,367.21,366.55,367,112413,0
GLD.US,5,20251107,154500,367.05,367.4,366.89,366.96,168778,0
GLD.US,5,20251107,155000,366.9861,367.18,366.6,367.0906,156235,0
GLD.US,5,20251107,155500,367.07,367.52,366.97,367.3315,52812,0
GLD.US,5,20251107,160000,367.37,367.79,367.23,367.61,75720,0
GLD.US,5,20251107,160500,367.65,367.87,367.25,367.39,81467,0
GLD.US,5,20251107,161000,367.41,367.41,367.0101,367.07,79680,0
GLD.US,5,20251107,161500,367.089,367.43,366.79,366.97,108201,0
GLD.US,5,20251107,162000,366.9985,367.24,366.8473,367,70262,0
GLD.US,5,20251107,162500,367,367.33,367,367.2601,64629,0
GLD.US,5,20251107,163000,367.21,367.3901,367.1,367.22,50995,0
GLD.US,5,20251107,163500,367.2,367.48,366.87,366.8794,80146,0
GLD.US,5,20251107,164000,366.87,367.02,366.59,366.62,74712,0
GLD.US,5,20251107,164500,366.65,367.115,366.46,367.1,63333,0
GLD.US,5,20251107,165000,367.1,367.25,366.98,367.175,43754,0
GLD.US,5,20251107,165500,367.142,367.19,367.0001,367.09,35347,0
GLD.US,5,20251107,170000,367.075,367.46,366.98,367.44,76657,0
GLD.US,5,20251107,170500,367.44,367.74,367.36,367.72,108102,0
GLD.US,5,20251107,171000,367.73,367.96,367.6702,367.815,111856,0
GLD.US,5,20251107,171500,367.81,367.8259,367.53,367.55,71260,0
GLD.US,5,20251107,172000,367.54,368.4,367.48,368.34,143812,0
GLD.US,5,20251107,172500,368.39,368.77,368.39,368.6174,180589,0
GLD.US,5,20251107,173000,368.63,369.545,368.63,369.54,183871,0
GLD.US,5,20251107,173500,369.55,370.4,369.31,370.245,263439,0
GLD.US,5,20251107,174000,370.27,370.42,369.553,369.78,195584,0
GLD.US,5,20251107,174500,369.8641,369.9399,369.24,369.675,116259,0
GLD.US,5,20251107,175000,369.6601,369.7,369.13,369.15,93172,0
GLD.US,5,20251107,175500,369.1685,369.1685,368.495,368.6483,159595,0
GLD.US,5,20251107,180000,368.65,368.83,368.27,368.3514,228579,0
GLD.US,5,20251107,180500,368.35,368.45,367.49,368,140907,0
GLD.US,5,20251107,181000,368.01,368.11,367.63,367.92,139566,0
GLD.US,5,20251107,181500,367.91,368.04,367.24,367.52,138913,0
GLD.US,5,20251107,182000,367.505,367.66,367.2515,367.41,82752,0
GLD.US,5,20251107,182500,367.415,367.88,367.4,367.73,86546,0
GLD.US,5,20251107,183000,367.73,367.7892,367.41,367.45,93091,0
GLD.US,5,20251107,183500,367.445,367.84,367.419,367.78,90058,0
GLD.US,5,20251107,184000,367.78,367.92,367.66,367.86,54589,0
GLD.US,5,20251107,184500,367.85,368.02,367.67,367.72,78974,0
GLD.US,5,20251107,185000,367.71,368.08,367.69,368.08,80531,0
GLD.US,5,20251107,185500,368.08,368.54,368.063,368.4399,77827,0
GLD.US,5,20251107,190000,368.45,368.76,368.41,368.4784,93161,0
GLD.US,5,20251107,190500,368.49,368.55,368.25,368.4,52896,0
GLD.US,5,20251107,191000,368.38,368.52,368.32,368.37,36350,0
GLD.US,5,20251107,191500,368.38,368.52,368.315,368.3386,40594,0
GLD.US,5,20251107,192000,368.35,368.37,367.91,368.23,65988,0
GLD.US,5,20251107,192500,368.21,368.4298,368.12,368.21,41242,0
GLD.US,5,20251107,193000,368.24,368.6,368.24,368.34,25941,0
GLD.US,5,20251107,193500,368.35,368.41,368.1102,368.4065,25945,0
GLD.US,5,20251107,194000,368.4058,368.5896,368.37,368.52,43000,0
GLD.US,5,20251107,194500,368.5,368.605,368.35,368.41,37767,0
GLD.US,5,20251107,195000,368.42,368.56,368.29,368.5,56464,0
GLD.US,5,20251107,195500,368.51,368.62,368.41,368.46,54165,0
GLD.US,5,20251107,200000,368.49,368.76,368.27,368.555,47988,0
GLD.US,5,20251107,200500,368.56,368.76,368.52,368.61,64527,0
GLD.US,5,20251107,201000,368.6,368.73,368.46,368.675,45543,0
GLD.US,5,20251107,201500,368.67,368.74,368.55,368.55,52631,0
GLD.US,5,20251107,202000,368.57,368.68,368.42,368.555,45407,0
GLD.US,5,20251107,202500,368.57,368.66,368.47,368.52,27508,0
GLD.US,5,20251107,203000,368.54,368.69,368.49,368.49,37738,0
GLD.US,5,20251107,203500,368.46,368.5,368.0815,368.46,120267,0
GLD.US,5,20251107,204000,368.46,368.625,368.17,368.205,83022,0
GLD.US,5,20251107,204500,368.2199,368.43,368.08,368.31,55630,0
GLD.US,5,20251107,205000,368.3,368.69,368.3,368.64,60605,0
GLD.US,5,20251107,205500,368.64,368.65,368.4925,368.55,44689,0
GLD.US,5,20251107,210000,368.55,368.58,368.27,368.43,70810,0
GLD.US,5,20251107,210500,368.42,368.485,368.3102,368.36,29466,0
GLD.US,5,20251107,211000,368.37,368.431,368.25,368.38,91657,0
GLD.US,5,20251107,211500,368.39,368.4199,367.58,367.7996,446950,0
GLD.US,5,20251107,212000,367.8,367.84,367.46,367.55,113299,0
GLD.US,5,20251107,212500,367.58,367.88,367.4,367.79,75586,0
GLD.US,5,20251107,213000,367.79,367.92,367.66,367.7,297825,0
GLD.US,5,20251107,213500,367.6726,368.17,367.6726,368.145,79462,0
GLD.US,5,20251107,214000,368.15,368.2643,367.92,368.02,350403,0
GLD.US,5,20251107,214500,368.01,368.04,367.84,367.84,118424,0
GLD.US,5,20251107,215000,367.86,368.03,367.82,368.005,149065,0
GLD.US,5,20251107,215500,368,368.43,367.945,368.29,373424,0
GLD.US,5,20251110,153000,375.93,375.94,374.92,375.165,632103,0
GLD.US,5,20251110,153500,375.15,375.61,374.7814,375.21,300471,0
GLD.US,5,20251110,154000,375.22,375.49,375.15,375.45,205583,0
GLD.US,5,20251110,154500,375.4501,375.86,375.31,375.4168,177089,0
GLD.US,5,20251110,155000,375.37,375.76,375.21,375.7,98503,0
GLD.US,5,20251110,155500,375.685,376.01,375.6601,375.68,206638,0
GLD.US,5,20251110,160000,375.68,376.33,375.675,376.33,241639,0
GLD.US,5,20251110,160500,376.33,376.595,376.1,376.39,739042,0
GLD.US,5,20251110,161000,376.37,376.47,376.06,376.085,129596,0
GLD.US,5,20251110,161500,376.092,376.4,376.01,376.3809,125264,0
GLD.US,5,20251110,162000,376.41,376.73,376.38,376.59,168931,0
GLD.US,5,20251110,162500,376.56,376.6272,376.11,376.22,140632,0
GLD.US,5,20251110,163000,376.23,376.25,375.8224,375.91,85283,0
GLD.US,5,20251110,163500,375.9396,375.97,375.66,375.92,132837,0
GLD.US,5,20251110,164000,375.94,376.1464,375.875,376.08,76837,0
GLD.US,5,20251110,164500,376.05,376.09,375.16,375.3,140831,0
GLD.US,5,20251110,165000,375.36,375.88,375.22,375.84,116182,0
GLD.US,5,20251110,165500,375.86,375.91,375.65,375.7412,63338,0
GLD.US,5,20251110,170000,375.76,376.07,375.54,375.97,57612,0
GLD.US,5,20251110,170500,375.95,376.27,375.77,376.26,101052,0
GLD.US,5,20251110,171000,376.26,376.47,376.235,376.41,84262,0
GLD.US,5,20251110,171500,376.45,376.49,376.25,376.31,63667,0
GLD.US,5,20251110,172000,376.32,376.6,376.28,376.5,102307,0
GLD.US,5,20251110,172500,376.49,376.61,376.4065,376.57,83441,0
GLD.US,5,20251110,173000,376.58,376.83,376.48,376.705,94909,0
GLD.US,5,20251110,173500,376.72,376.86,376.71,376.7751,79642,0
GLD.US,5,20251110,174000,376.77,376.77,376.3,376.3799,93867,0
GLD.US,5,20251110,174500,376.38,376.51,376.15,376.39,113594,0
GLD.US,5,20251110,175000,376.39,376.7,376.38,376.64,62029,0
GLD.US,5,20251110,175500,376.65,376.81,376.64,376.75,40218,0
GLD.US,5,20251110,180000,376.77,376.9275,376.67,376.89,106696,0
GLD.US,5,20251110,180500,376.88,377.02,376.75,376.98,72079,0
GLD.US,5,20251110,181000,376.9765,377.04,376.7,376.8529,58301,0
GLD.US,5,20251110,181500,376.87,376.89,376.615,376.74,55215,0
GLD.US,5,20251110,182000,376.75,376.93,376.75,376.93,44058,0
GLD.US,5,20251110,182500,376.95,377.07,376.87,376.92,35533,0
GLD.US,5,20251110,183000,376.92,377.01,376.76,376.94,66522,0
GLD.US,5,20251110,183500,376.9599,377.04,376.77,376.815,42304,0
GLD.US,5,20251110,184000,376.82,376.9,376.63,376.71,67715,0
GLD.US,5,20251110,184500,376.71,377.05,376.69,377.04,94622,0
GLD.US,5,20251110,185000,377.035,377.205,376.89,377.15,118241,0
GLD.US,5,20251110,185500,377.18,377.455,377.17,377.455,53464,0
GLD.US,5,20251110,190000,377.45,377.56,377.35,377.43,159658,0
GLD.US,5,20251110,190500,377.43,377.55,377.39,377.52,75100,0
GLD.US,5,20251110,191000,377.52,377.67,377.454,377.66,59615,0
GLD.US,5,20251110,191500,377.66,378.185,377.65,378.08,130889,0
GLD.US,5,20251110,192000,378.08,378.2145,378.0009,378.11,94526,0
GLD.US,5,20251110,192500,378.09,378.51,377.9701,378.4818,98191,0
GLD.US,5,20251110,193000,378.4658,378.66,378.37,378.42,72103,0
GLD.US,5,20251110,193500,378.4,378.4,378.1,378.13,68437,0
GLD.US,5,20251110,194000,378.14,378.15,377.87,378.07,104987,0
GLD.US,5,20251110,194500,378.06,378.06,377.78,377.83,128455,0
GLD.US,5,20251110,195000,377.8251,377.93,377.7401,377.9,120536,0
GLD.US,5,20251110,195500,377.91,378.19,377.9,378.15,90248,0
GLD.US,5,20251110,200000,378.18,378.21,377.96,378.08,160868,0
GLD.US,5,20251110,200500,378.09,378.22,378,378.16,62955,0
GLD.US,5,20251110,201000,378.16,378.57,378.13,378.46,78171,0
GLD.US,5,20251110,201500,378.46,378.48,378.15,378.22,86174,0
GLD.US,5,20251110,202000,378.22,378.4725,378.2,378.4101,85856,0
GLD.US,5,20251110,202500,378.41,378.64,378.4,378.55,66756,0
GLD.US,5,20251110,203000,378.565,378.57,378.26,378.42,73762,0
GLD.US,5,20251110,203500,378.43,378.48,378.29,378.35,45087,0
GLD.US,5,20251110,204000,378.36,378.53,378.21,378.21,67021,0
GLD.US,5,20251110,204500,378.21,378.3799,378.11,378.28,53919,0
GLD.US,5,20251110,205000,378.28,378.4,378.24,378.36,49295,0
GLD.US,5,20251110,205500,378.35,378.49,378.28,378.445,55743,0
GLD.US,5,20251110,210000,378.44,378.55,378.38,378.505,84373,0
GLD.US,5,20251110,210500,378.5,378.53,378.4249,378.5,66639,0
GLD.US,5,20251110,211000,378.51,378.5385,378.245,378.3107,82672,0
GLD.US,5,20251110,211500,378.32,378.33,377.9,377.9,154736,0
GLD.US,5,20251110,212000,377.9,378.26,377.85,378.25,125332,0
GLD.US,5,20251110,212500,378.2525,378.398,378.22,378.2799,80736,0
GLD.US,5,20251110,213000,378.26,378.29,377.98,378.2,116303,0
GLD.US,5,20251110,213500,378.19,378.39,378.129,378.19,116074,0
GLD.US,5,20251110,214000,378.21,378.415,378.2,378.41,127364,0
GLD.US,5,20251110,214500,378.42,378.44,378.17,378.19,181269,0
GLD.US,5,20251110,215000,378.19,378.335,378.06,378.085,226248,0
GLD.US,5,20251110,215500,378.08,378.44,377.98,378.35,1046787,0
GLD.US,5,20251111,153000,379.98,380.2,379.285,379.47,326135,0
GLD.US,5,20251111,153500,379.42,379.95,379.35,379.79,286328,0
GLD.US,5,20251111,154000,379.77,380.26,379.5511,380.2,326409,0
GLD.US,5,20251111,154500,380.22,380.4,379.0111,379.0111,198217,0
GLD.US,5,20251111,155000,379.02,379.64,379.01,379.38,99098,0
GLD.US,5,20251111,155500,379.415,379.845,379.33,379.46,124905,0
GLD.US,5,20251111,160000,379.44,379.58,379.19,379.33,108531,0
GLD.US,5,20251111,160500,379.34,379.47,378.82,379.26,117995,0
GLD.US,5,20251111,161000,379.27,379.2916,378.92,379.09,132465,0
GLD.US,5,20251111,161500,379.1,379.1,378.59,378.59,113466,0
GLD.US,5,20251111,162000,378.61,378.68,377.6501,377.87,300284,0
GLD.US,5,20251111,162500,377.88,378.1,376.87,377.31,190332,0
GLD.US,5,20251111,163000,377.28,377.5351,376.8988,377.39,98422,0
GLD.US,5,20251111,163500,377.39,377.87,377.0307,377.86,125155,0
GLD.US,5,20251111,164000,377.87,377.88,377.35,377.87,119545,0
GLD.US,5,20251111,164500,377.885,378.15,377.78,378.08,75460,0
GLD.US,5,20251111,165000,378.08,378.32,377.6498,377.74,69833,0
GLD.US,5,20251111,165500,377.77,377.93,377.56,377.745,61306,0
GLD.US,5,20251111,170000,377.72,378.11,377.6619,378.09,36105,0
GLD.US,5,20251111,170500,378.1,378.32,378,378.07,67326,0
GLD.US,5,20251111,171000,378.09,378.41,378.05,378.4,67033,0
GLD.US,5,20251111,171500,378.41,378.57,378.24,378.3,136933,0
GLD.US,5,20251111,172000,378.3,378.45,378.18,378.205,52149,0
GLD.US,5,20251111,172500,378.2,378.235,377.925,378.03,79402,0
GLD.US,5,20251111,173000,378.04,378.04,377.64,377.96,53218,0
GLD.US,5,20251111,173500,377.99,378.35,377.99,378.3,41808,0
GLD.US,5,20251111,174000,378.33,378.54,378.27,378.46,22740,0
GLD.US,5,20251111,174500,378.49,378.52,378.28,378.52,59120,0
GLD.US,5,20251111,175000,378.53,378.6,378.33,378.42,53902,0
GLD.US,5,20251111,175500,378.43,378.54,378.2401,378.39,63891,0
GLD.US,5,20251111,180000,378.36,378.5,378.29,378.42,31824,0
GLD.US,5,20251111,180500,378.42,378.62,378.36,378.58,31517,0
GLD.US,5,20251111,181000,378.5827,378.8099,378.55,378.6,48830,0
GLD.US,5,20251111,181500,378.595,378.67,378.23,378.63,127572,0
GLD.US,5,20251111,182000,378.62,378.7997,378.43,378.47,53262,0
GLD.US,5,20251111,182500,378.465,378.54,378.3279,378.47,24135,0
GLD.US,5,20251111,183000,378.47,378.51,378.12,378.14,43103,0
GLD.US,5,20251111,183500,378.16,378.41,378.14,378.4,19069,0
GLD.US,5,20251111,184000,378.42,378.5498,378.31,378.44,47007,0
GLD.US,5,20251111,184500,378.42,378.49,378.27,378.42,25886,0
GLD.US,5,20251111,185000,378.44,378.66,378.36,378.49,30678,0
GLD.US,5,20251111,185500,378.5,378.57,378.42,378.4701,20613,0
GLD.US,5,20251111,190000,378.48,378.68,378.435,378.5601,26300,0
GLD.US,5,20251111,190500,378.56,378.61,378.37,378.51,37134,0
GLD.US,5,20251111,191000,378.52,378.56,378.02,378.05,42681,0
GLD.US,5,20251111,191500,378.07,378.57,378.04,378.39,53463,0
GLD.US,5,20251111,192000,378.3901,378.47,378.325,378.42,24849,0
GLD.US,5,20251111,192500,378.395,378.46,378.06,378.1,35841,0
GLD.US,5,20251111,193000,378.105,378.22,377.8,377.985,43992,0
GLD.US,5,20251111,193500,377.96,378.1499,377.7403,378.1327,59388,0
GLD.US,5,20251111,194000,378.16,378.22,377.95,378.01,33079,0
GLD.US,5,20251111,194500,378.02,378.42,377.97,378.39,37440,0
GLD.US,5,20251111,195000,378.41,378.4514,378.3,378.445,18822,0
GLD.US,5,20251111,195500,378.4401,378.5465,378.4,378.43,28014,0
GLD.US,5,20251111,200000,378.43,378.5699,378.27,378.55,20319,0
GLD.US,5,20251111,200500,378.55,378.64,378.51,378.6,32119,0
GLD.US,5,20251111,201000,378.61,378.8,378.58,378.8,33708,0
GLD.US,5,20251111,201500,378.797,378.92,378.77,378.825,55687,0
GLD.US,5,20251111,202000,378.82,378.87,378.73,378.83,41620,0
GLD.US,5,20251111,202500,378.82,378.82,378.71,378.79,41772,0
GLD.US,5,20251111,203000,378.8,379,378.79,378.82,55432,0
GLD.US,5,20251111,203500,378.83,378.999,378.83,378.96,42387,0
GLD.US,5,20251111,204000,378.97,379.2,378.93,379.16,60871,0
GLD.US,5,20251111,204500,379.155,379.5,379.12,379.46,60484,0
GLD.US,5,20251111,205000,379.4765,379.58,379.37,379.54,71662,0
GLD.US,5,20251111,205500,379.55,379.56,379.15,379.31,83374,0
GLD.US,5,20251111,210000,379.31,379.47,379.23,379.325,39768,0
GLD.US,5,20251111,210500,379.32,379.56,379.28,379.44,69378,0
GLD.US,5,20251111,211000,379.435,379.7,379.435,379.68,70138,0
GLD.US,5,20251111,211500,379.6898,379.83,379.62,379.73,96421,0
GLD.US,5,20251111,212000,379.73,379.74,379.48,379.62,49325,0
GLD.US,5,20251111,212500,379.6298,379.77,379.4,379.55,106245,0
GLD.US,5,20251111,213000,379.53,379.665,379.4,379.6,88184,0
GLD.US,5,20251111,213500,379.605,379.98,379.6,379.82,131663,0
GLD.US,5,20251111,214000,379.82,379.93,379.77,379.875,198713,0
GLD.US,5,20251111,214500,379.87,379.93,379.75,379.875,196864,0
GLD.US,5,20251111,215000,379.87,380.1,379.76,380.08,210632,0
GLD.US,5,20251111,215500,380.07,380.11,379.8501,379.87,428057,0
GLD.US,5,20251112,153000,380.07,380.37,379.44,379.67,215147,0
GLD.US,5,20251112,153500,379.66,380.69,379.615,380.46,111091,0
GLD.US,5,20251112,154000,380.445,380.75,380.27,380.4952,99434,0
GLD.US,5,20251112,154500,380.51,380.548,380.06,380.29,44909,0
GLD.US,5,20251112,155000,380.31,380.84,380.31,380.79,102626,0
GLD.US,5,20251112,155500,380.79,380.88,380.38,380.52,92949,0
GLD.US,5,20251112,160000,380.51,381.03,380.31,381.02,184184,0
GLD.US,5,20251112,160500,381.0213,381.32,380.88,381.25,148151,0
GLD.US,5,20251112,161000,381.23,382.93,381.22,382.9,372734,0
GLD.US,5,20251112,161500,382.89,383.85,382.7,383.375,354429,0
GLD.US,5,20251112,162000,383.4,383.4,382.74,383.18,248840,0
GLD.US,5,20251112,162500,383.141,383.63,382.91,383.345,317261,0
GLD.US,5,20251112,163000,383.32,384.5,383.29,384.355,290159,0
GLD.US,5,20251112,163500,384.38,384.585,384.13,384.31,329061,0
GLD.US,5,20251112,164000,384.32,384.65,384.08,384.46,169347,0
GLD.US,5,20251112,164500,384.44,384.89,384.21,384.84,127141,0
GLD.US,5,20251112,165000,384.87,385.06,384.02,384.095,337110,0
GLD.US,5,20251112,165500,384.1,384.75,384.1,384.655,131335,0
GLD.US,5,20251112,170000,384.67,385.23,384.54,385.1658,182210,0
GLD.US,5,20251112,170500,385.15,385.38,384.9271,385.12,414726,0
GLD.US,5,20251112,171000,385.12,385.1395,384.55,384.87,233330,0
GLD.US,5,20251112,171500,384.855,385.17,384.61,384.88,220571,0
GLD.US,5,20251112,172000,384.9,384.98,384.57,384.82,179484,0
GLD.US,5,20251112,172500,384.79,385.22,384.76,385.13,124554,0
GLD.US,5,20251112,173000,385.11,385.97,385.071,385.81,296444,0
GLD.US,5,20251112,173500,385.82,385.98,385.18,385.22,145250,0
GLD.US,5,20251112,174000,385.19,385.896,385.17,385.73,159344,0
GLD.US,5,20251112,174500,385.735,385.8,385.18,385.56,140012,0
GLD.US,5,20251112,175000,385.63,385.96,385.4666,385.85,481086,0
GLD.US,5,20251112,175500,385.84,386.14,385.745,386.02,82735,0
GLD.US,5,20251112,180000,386.04,386.59,385.95,386.54,240971,0
GLD.US,5,20251112,180500,386.5325,386.535,386.115,386.24,88860,0
GLD.US,5,20251112,181000,386.27,386.37,385.99,386.275,222713,0
GLD.US,5,20251112,181500,386.29,386.36,385.68,385.76,271236,0
GLD.US,5,20251112,182000,385.7718,386.21,385.74,386.19,263728,0
GLD.US,5,20251112,182500,386.22,386.27,385.94,386.06,256635,0
GLD.US,5,20251112,183000,386.09,386.57,386.028,386.52,267211,0
GLD.US,5,20251112,183500,386.53,386.9,386.43,386.81,270369,0
GLD.US,5,20251112,184000,386.79,387,386.53,386.64,186018,0
GLD.US,5,20251112,184500,386.655,386.83,386.49,386.68,108414,0
GLD.US,5,20251112,185000,386.67,386.69,386.34,386.59,129340,0
GLD.US,5,20251112,185500,386.59,386.82,386.32,386.365,107687,0
GLD.US,5,20251112,190000,386.37,386.55,385.51,385.695,192170,0
GLD.US,5,20251112,190500,385.705,386.09,385.65,385.935,110418,0
GLD.US,5,20251112,191000,385.935,386.46,385.92,386.37,74902,0
GLD.US,5,20251112,191500,386.37,386.41,386.2,386.26,41072,0
GLD.US,5,20251112,192000,386.29,386.8,386.27,386.75,103919,0
GLD.US,5,20251112,192500,386.73,387.46,386.69,387,208596,0
GLD.US,5,20251112,193000,386.98,387.26,386.9001,386.9001,135571,0
GLD.US,5,20251112,193500,386.94,387.38,386.94,387.32,71897,0
GLD.US,5,20251112,194000,387.32,387.364,387.11,387.16,70290,0
GLD.US,5,20251112,194500,387.15,387.29,387.03,387.095,90272,0
GLD.US,5,20251112,195000,387.1,387.2299,387.0188,387.175,58584,0
GLD.US,5,20251112,195500,387.1609,387.34,386.98,387.01,118634,0
GLD.US,5,20251112,200000,387.01,387.32,387.01,387.1498,60628,0
GLD.US,5,20251112,200500,387.13,387.28,386.83,387,89460,0
GLD.US,5,20251112,201000,387,387,385.82,385.9799,177052,0
GLD.US,5,20251112,201500,386,386.415,385.93,385.97,118775,0
GLD.US,5,20251112,202000,385.98,386.26,385.68,385.8,143283,0
GLD.US,5,20251112,202500,385.84,386.04,385.69,385.86,155802,0
GLD.US,5,20251112,203000,385.86,386.39,385.86,386.39,82520,0
GLD.US,5,20251112,203500,386.4,386.4,386.02,386.07,50365,0
GLD.US,5,20251112,204000,386.07,386.12,385.81,385.905,58391,0
GLD.US,5,20251112,204500,385.93,386.27,385.93,386.191,52625,0
GLD.US,5,20251112,205000,386.19,386.375,385.95,386.3415,69261,0
GLD.US,5,20251112,205500,386.3367,386.3367,385.943,386.17,92445,0
GLD.US,5,20251112,210000,386.16,386.2,385.81,386.15,66432,0
GLD.US,5,20251112,210500,386.13,386.13,385.51,385.945,88941,0
GLD.US,5,20251112,211000,385.93,386.22,385.92,386.18,80682,0
GLD.US,5,20251112,211500,386.16,386.35,385.9305,386.01,104646,0
GLD.US,5,20251112,212000,386.01,386.19,385.83,385.9,86464,0
GLD.US,5,20251112,212500,385.89,386,385.825,385.9475,90890,0
GLD.US,5,20251112,213000,385.96,386.14,385.78,385.88,83418,0
GLD.US,5,20251112,213500,385.86,385.91,385.61,385.77,110926,0
GLD.US,5,20251112,214000,385.79,385.97,385.74,385.95,91160,0
GLD.US,5,20251112,214500,385.95,386.045,385.81,385.825,144360,0
GLD.US,5,20251112,215000,385.82,386.3525,385.77,386.0066,305070,0
GLD.US,5,20251112,215500,386,386.11,385.87,385.99,686110,0
GLD.US,5,20251113,153000,387.29,387.75,386.65,387.6,294247,0
GLD.US,5,20251113,153500,387.61,388.18,387.2163,387.29,497331,0
GLD.US,5,20251113,154000,387.28,387.35,384.83,385.1755,744903,0
GLD.US,5,20251113,154500,385.15,385.76,384.88,385.2,404666,0
GLD.US,5,20251113,155000,385.185,385.79,384.944,385.63,302428,0
GLD.US,5,20251113,155500,385.59,386.3791,385.36,385.881,224900,0
GLD.US,5,20251113,160000,385.86,386,385.28,385.98,219030,0
GLD.US,5,20251113,160500,385.97,386.77,385.72,386.56,266882,0
GLD.US,5,20251113,161000,386.54,386.6,386.11,386.43,162161,0
GLD.US,5,20251113,161500,386.42,386.74,386.25,386.39,227816,0
GLD.US,5,20251113,162000,386.395,386.71,386,386.585,185865,0
GLD.US,5,20251113,162500,386.625,386.625,385.53,385.83,188273,0
GLD.US,5,20251113,163000,385.83,386.09,385.09,385.4486,127684,0
GLD.US,5,20251113,163500,385.395,386.18,385.339,386.0564,148247,0
GLD.US,5,20251113,164000,386.06,386.37,385.96,386.07,120352,0
GLD.US,5,20251113,164500,386.1,386.16,385.24,386.025,108176,0
GLD.US,5,20251113,165000,386.03,386.24,385.64,385.7201,67812,0
GLD.US,5,20251113,165500,385.73,386.6099,385.655,386.51,75392,0
GLD.US,5,20251113,170000,386.52,387.14,386.51,386.65,185841,0
GLD.US,5,20251113,170500,386.67,387,386.6697,386.99,61017,0
GLD.US,5,20251113,171000,387.03,387.31,386.97,387.22,131510,0
GLD.US,5,20251113,171500,387.22,387.36,386.8505,387.01,54064,0
GLD.US,5,20251113,172000,387.03,387.11,386.75,386.77,64497,0
GLD.US,5,20251113,172500,386.79,387.02,386.56,386.871,86336,0
GLD.US,5,20251113,173000,386.871,387.095,386.86,387.02,57805,0
GLD.US,5,20251113,173500,387.01,387.0887,386.21,386.3,122404,0
GLD.US,5,20251113,174000,386.3,386.52,385.92,386.051,134425,0
GLD.US,5,20251113,174500,386.07,386.43,386.04,386.3557,115545,0
GLD.US,5,20251113,175000,386.39,386.85,386.18,386.61,117940,0
GLD.US,5,20251113,175500,386.67,387.01,386.48,386.93,47908,0
GLD.US,5,20251113,180000,386.92,387.08,386.34,386.4882,84839,0
GLD.US,5,20251113,180500,386.4692,386.65,386.27,386.35,84153,0
GLD.US,5,20251113,181000,386.36,386.5,385.74,385.83,81113,0
GLD.US,5,20251113,181500,385.8626,386.07,385.6315,385.77,82542,0
GLD.US,5,20251113,182000,385.81,386.51,385.751,386.4625,80212,0
GLD.US,5,20251113,182500,386.48,386.73,386.284,386.52,61053,0
GLD.US,5,20251113,183000,386.52,386.9,386.493,386.833,35881,0
GLD.US,5,20251113,183500,386.85,386.93,386.44,386.51,75870,0
GLD.US,5,20251113,184000,386.53,386.66,386.234,386.33,87188,0
GLD.US,5,20251113,184500,386.36,386.64,385.9211,386.632,51178,0
GLD.US,5,20251113,185000,386.63,386.78,386.47,386.604,49270,0
GLD.US,5,20251113,185500,386.614,386.67,386.35,386.45,44956,0
GLD.US,5,20251113,190000,386.441,386.6,386.36,386.47,26213,0
GLD.US,5,20251113,190500,386.47,386.57,386.28,386.465,29443,0
GLD.US,5,20251113,191000,386.47,386.5999,386.261,386.47,105705,0
GLD.US,5,20251113,191500,386.4886,386.57,386.25,386.38,72621,0
GLD.US,5,20251113,192000,386.37,386.41,386.02,386.17,52781,0
GLD.US,5,20251113,192500,386.13,386.15,385.12,385.39,151925,0
GLD.US,5,20251113,193000,385.3504,385.46,382.58,383.21,775156,0
GLD.US,5,20251113,193500,383.14,383.15,381.21,381.52,702866,0
GLD.US,5,20251113,194000,381.55,382.52,381.33,382.16,303663,0
GLD.US,5,20251113,194500,382.21,382.5,381.6305,382.405,211361,0
GLD.US,5,20251113,195000,382.45,382.77,382.1,382.15,128430,0
GLD.US,5,20251113,195500,382.16,382.49,381.84,382.39,147268,0
GLD.US,5,20251113,200000,382.35,382.36,381.27,381.65,103090,0
GLD.US,5,20251113,200500,381.65,382.27,381.58,382.0501,137233,0
GLD.US,5,20251113,201000,382.08,382.29,381.86,381.98,134630,0
GLD.US,5,20251113,201500,381.98,382.49,381.683,382.4,119016,0
GLD.US,5,20251113,202000,382.42,382.48,382.09,382.34,89797,0
GLD.US,5,20251113,202500,382.345,382.69,382.26,382.56,90186,0
GLD.US,5,20251113,203000,382.53,382.91,382.38,382.78,129431,0
GLD.US,5,20251113,203500,382.79,383.45,382.78,383.35,163029,0
GLD.US,5,20251113,204000,383.35,383.5092,383.14,383.5092,194420,0
GLD.US,5,20251113,204500,383.51,383.58,383.05,383.13,74752,0
GLD.US,5,20251113,205000,383.19,383.48,383.1672,383.2264,44798,0
GLD.US,5,20251113,205500,383.21,383.21,382.77,382.9215,220331,0
GLD.US,5,20251113,210000,382.93,383.215,382.7201,382.8855,76156,0
GLD.US,5,20251113,210500,382.91,382.9899,382.62,382.94,65229,0
GLD.US,5,20251113,211000,382.94,383.25,382.85,383.06,53806,0
GLD.US,5,20251113,211500,383.08,383.24,382.75,382.7601,135705,0
GLD.US,5,20251113,212000,382.775,383.08,382.6401,383.07,82225,0
GLD.US,5,20251113,212500,383.08,383.56,382.96,383.4304,77573,0
GLD.US,5,20251113,213000,383.44,383.57,383.115,383.26,66906,0
GLD.US,5,20251113,213500,383.25,383.37,383.11,383.2601,100586,0
GLD.US,5,20251113,214000,383.265,383.31,382.9,383.01,63166,0
GLD.US,5,20251113,214500,383,383.24,382.79,382.795,145403,0
GLD.US,5,20251113,215000,382.81,383.06,382.65,382.8,128097,0
GLD.US,5,20251113,215500,382.85,383.1,382.77,382.87,443233,0
GLD.US,5,20251114,153000,372.87,373.32,370.89,371.75,536870,0
GLD.US,5,20251114,153500,371.68,374.2525,371.68,374.215,457314,0
GLD.US,5,20251114,154000,374.2125,374.678,373.73,374.235,306587,0
GLD.US,5,20251114,154500,374.25,374.67,373.82,373.82,258483,0
GLD.US,5,20251114,155000,373.81,375.2899,373.77,374.78,298557,0
GLD.US,5,20251114,155500,374.79,375.71,374.56,375.5788,223338,0
GLD.US,5,20251114,160000,375.55,375.56,374.4238,374.81,199662,0
GLD.US,5,20251114,160500,374.83,375.15,374.25,374.93,226406,0
GLD.US,5,20251114,161000,374.895,375.25,374.47,375.25,152002,0
GLD.US,5,20251114,161500,375.26,375.47,374.97,375.39,157301,0
GLD.US,5,20251114,162000,375.42,375.443,374.55,374.83,161082,0
GLD.US,5,20251114,162500,374.8303,375.51,374.51,375.4,199719,0
GLD.US,5,20251114,163000,375.37,375.4,374.83,375.11,66794,0
GLD.US,5,20251114,163500,375.135,375.47,374.88,375.09,116670,0
GLD.US,5,20251114,164000,375.055,375.7,374.65,374.7032,99856,0
GLD.US,5,20251114,164500,374.67,376.46,374.58,376.3,268311,0
GLD.US,5,20251114,165000,376.29,376.84,375.82,376.12,205195,0
GLD.US,5,20251114,165500,376.11,376.6,375.41,376.54,158541,0
GLD.US,5,20251114,170000,376.5973,376.74,375.76,375.84,90986,0
GLD.US,5,20251114,170500,375.81,376.01,375.42,375.96,178030,0
GLD.US,5,20251114,171000,375.93,376.01,375.5,375.63,201798,0
GLD.US,5,20251114,171500,375.67,376.89,375.557,376.88,144512,0
GLD.US,5,20251114,172000,376.9,377.45,376.82,377.25,185393,0
GLD.US,5,20251114,172500,377.285,377.5,377.18,377.38,147762,0
GLD.US,5,20251114,173000,377.41,377.41,376.87,377.0535,94845,0
GLD.US,5,20251114,173500,377.0608,377.801,376.8847,377.7,74817,0
GLD.US,5,20251114,174000,377.68,378.2,377.65,377.94,83207,0
GLD.US,5,20251114,174500,377.99,378,377.57,377.78,81424,0
GLD.US,5,20251114,175000,377.83,377.9,377.63,377.65,102004,0
GLD.US,5,20251114,175500,377.67,377.79,377.4,377.6685,58735,0
GLD.US,5,20251114,180000,377.665,378.15,377.33,378.09,56790,0
GLD.US,5,20251114,180500,378.07,378.07,376.83,377.58,92138,0
GLD.US,5,20251114,181000,377.57,377.6,376.94,377.38,119142,0
GLD.US,5,20251114,181500,377.3961,377.56,377.16,377.24,82561,0
GLD.US,5,20251114,182000,377.245,377.4001,376.95,377.32,47525,0
GLD.US,5,20251114,182500,377.2907,377.34,376.6163,377.0899,48505,0
GLD.US,5,20251114,183000,377.11,377.65,377.02,377.5681,58506,0
GLD.US,5,20251114,183500,377.58,378.13,377.56,378.01,120058,0
GLD.US,5,20251114,184000,377.995,378.03,377.33,377.485,57633,0
GLD.US,5,20251114,184500,377.47,377.5,377,377.15,54800,0
GLD.US,5,20251114,185000,377.12,377.62,376.83,377.47,80650,0
GLD.US,5,20251114,185500,377.4352,377.47,377.09,377.158,76801,0
GLD.US,5,20251114,190000,377.185,377.185,375.9001,376.17,138579,0
GLD.US,5,20251114,190500,376.18,376.555,375.98,376.38,88915,0
GLD.US,5,20251114,191000,376.375,376.75,376.1,376.71,175316,0
GLD.US,5,20251114,191500,376.68,376.706,375.955,376.1564,77340,0
GLD.US,5,20251114,192000,376.18,376.22,375.4,375.87,148255,0
GLD.US,5,20251114,192500,375.874,376.57,375.8,376.51,89717,0
GLD.US,5,20251114,193000,376.51,377.12,376.33,377.005,68473,0
GLD.US,5,20251114,193500,377,377.5,376.98,377.2108,79617,0
GLD.US,5,20251114,194000,377.22,377.22,376.66,376.87,111889,0
GLD.US,5,20251114,194500,376.92,376.99,376.765,376.8,110346,0
GLD.US,5,20251114,195000,376.85,377.4371,376.83,377.28,110483,0
GLD.US,5,20251114,195500,377.2763,377.28,376.93,376.99,34367,0
GLD.US,5,20251114,200000,377.02,377.16,376.735,376.735,33473,0
GLD.US,5,20251114,200500,376.7375,376.76,376.2201,376.54,61603,0
GLD.US,5,20251114,201000,376.5201,376.77,376.34,376.74,41300,0
GLD.US,5,20251114,201500,376.725,376.91,376.45,376.6,72262,0
GLD.US,5,20251114,202000,376.61,376.782,376.54,376.61,63148,0
GLD.US,5,20251114,202500,376.63,376.6351,376.46,376.58,20584,0
GLD.US,5,20251114,203000,376.58,376.61,376.23,376.32,53719,0
GLD.US,5,20251114,203500,376.29,376.75,376.25,376.6,73289,0
GLD.US,5,20251114,204000,376.59,376.61,376.26,376.27,36297,0
GLD.US,5,20251114,204500,376.27,376.5,376.11,376.28,37958,0
GLD.US,5,20251114,205000,376.29,376.7999,376.1901,376.64,76762,0
GLD.US,5,20251114,205500,376.64,376.7,376.02,376.2488,117590,0
GLD.US,5,20251114,210000,376.25,376.4494,375.64,375.72,150211,0
GLD.US,5,20251114,210500,375.76,376.08,375.74,375.97,157534,0
GLD.US,5,20251114,211000,375.97,376.31,375.97,375.98,143369,0
GLD.US,5,20251114,211500,375.98,376.14,375.67,375.705,178474,0
GLD.US,5,20251114,212000,375.72,375.75,374.92,375.205,255437,0
GLD.US,5,20251114,212500,375.205,375.7,374.86,375.66,266643,0
GLD.US,5,20251114,213000,375.67,375.97,375.49,375.93,203693,0
GLD.US,5,20251114,213500,375.95,376.475,375.94,376.43,264178,0
GLD.US,5,20251114,214000,376.43,376.43,375.923,376.01,172824,0
GLD.US,5,20251114,214500,375.99,376.4,375.88,376.18,330886,0
GLD.US,5,20251114,215000,376.185,376.21,375.79,375.86,221831,0
GLD.US,5,20251114,215500,375.88,376.04,375.76,375.96,678502,0
GLD.US,5,20251117,153000,374.035,374.78,373.975,374.78,277751,0
GLD.US,5,20251117,153500,374.79,375.4553,374.76,374.775,139014,0
GLD.US,5,20251117,154000,374.75,375.155,374.4032,374.715,171821,0
GLD.US,5,20251117,154500,374.74,375.085,374.639,374.787,56973,0
GLD.US,5,20251117,155000,374.8,375.33,374.715,374.9015,141657,0
GLD.US,5,20251117,155500,374.86,375.14,374.59,374.915,79761,0
GLD.US,5,20251117,160000,374.915,375.02,374.29,374.43,152210,0
GLD.US,5,20251117,160500,374.42,374.6994,373.625,373.94,120244,0
GLD.US,5,20251117,161000,373.92,374.38,373.65,374.285,164389,0
GLD.US,5,20251117,161500,374.26,374.38,373.51,373.67,146443,0
GLD.US,5,20251117,162000,373.6984,374.82,373.59,374.72,80991,0
GLD.US,5,20251117,162500,374.76,374.93,374.27,374.5943,46139,0
GLD.US,5,20251117,163000,374.62,374.85,374.45,374.85,100484,0
GLD.US,5,20251117,163500,374.84,375.11,374.5885,374.795,73872,0
GLD.US,5,20251117,164000,374.795,374.83,374.47,374.73,43371,0
GLD.US,5,20251117,164500,374.71,374.7187,374.3,374.39,24076,0
GLD.US,5,20251117,165000,374.37,374.3917,374.01,374.2,33441,0
GLD.US,5,20251117,165500,374.21,374.327,373.74,373.82,90574,0
GLD.US,5,20251117,170000,373.8,373.92,373.05,373.11,137530,0
GLD.US,5,20251117,170500,373.1,373.2699,372.72,373.245,204133,0
GLD.US,5,20251117,171000,373.24,373.57,373.09,373.57,65088,0
GLD.US,5,20251117,171500,373.57,373.903,373.3627,373.65,105497,0
GLD.US,5,20251117,172000,373.63,374.03,373.38,373.95,40265,0
GLD.US,5,20251117,172500,373.92,374.3163,373.87,374.285,99772,0
GLD.US,5,20251117,173000,374.335,374.73,374.3,374.6,166417,0
GLD.US,5,20251117,173500,374.61,374.6501,374.32,374.356,101242,0
GLD.US,5,20251117,174000,374.39,374.62,374.203,374.3,35905,0
GLD.US,5,20251117,174500,374.27,374.42,374.02,374.11,31093,0
GLD.US,5,20251117,175000,374.12,374.36,374.054,374.21,71654,0
GLD.US,5,20251117,175500,374.23,374.48,373.91,374.394,56860,0
GLD.US,5,20251117,180000,374.41,374.804,374.375,374.73,81711,0
GLD.US,5,20251117,180500,374.78,374.86,374.57,374.685,26130,0
GLD.US,5,20251117,181000,374.665,374.92,374.52,374.74,132466,0
GLD.US,5,20251117,181500,374.76,375.125,374.6,375.01,30304,0
GLD.US,5,20251117,182000,375.0481,375.2,374.89,375.12,44394,0
GLD.US,5,20251117,182500,375.1,375.36,375.01,375.08,39834,0
GLD.US,5,20251117,183000,375.065,375.4,374.9,375.25,55574,0
GLD.US,5,20251117,183500,375.26,375.345,375.03,375.09,35734,0
GLD.US,5,20251117,184000,375.1344,375.15,374.72,374.87,22755,0
GLD.US,5,20251117,184500,374.89,374.92,374.67,374.86,80447,0
GLD.US,5,20251117,185000,374.86,374.88,374.55,374.6,36996,0
GLD.US,5,20251117,185500,374.63,374.69,374.52,374.68,38116,0
GLD.US,5,20251117,190000,374.69,374.8,374.47,374.63,39764,0
GLD.US,5,20251117,190500,374.66,374.88,374.6,374.71,56283,0
GLD.US,5,20251117,191000,374.71,374.93,374.46,374.595,72297,0
GLD.US,5,20251117,191500,374.6,374.67,374.46,374.58,49625,0
GLD.US,5,20251117,192000,374.6,374.8514,374.5,374.6855,43612,0
GLD.US,5,20251117,192500,374.671,374.73,374.12,374.64,102054,0
GLD.US,5,20251117,193000,374.62,374.62,374.23,374.42,46815,0
GLD.US,5,20251117,193500,374.41,374.42,374.1,374.27,56288,0
GLD.US,5,20251117,194000,374.2531,374.33,374.13,374.22,32525,0
GLD.US,5,20251117,194500,374.23,374.5,374.1309,374.29,96014,0
GLD.US,5,20251117,195000,374.28,374.32,373.8,373.84,92604,0
GLD.US,5,20251117,195500,373.85,373.92,373.615,373.66,60623,0
GLD.US,5,20251117,200000,373.63,373.8,373.27,373.44,84874,0
GLD.US,5,20251117,200500,373.46,373.4985,373.18,373.25,149838,0
GLD.US,5,20251117,201000,373.21,373.74,373.09,373.45,96151,0
GLD.US,5,20251117,201500,373.515,373.875,373.51,373.765,38720,0
GLD.US,5,20251117,202000,373.78,373.86,373.52,373.56,51088,0
GLD.US,5,20251117,202500,373.555,373.6299,372.81,373.12,103919,0
GLD.US,5,20251117,203000,373.1,373.27,371.22,371.4463,381391,0
GLD.US,5,20251117,203500,371.5,371.52,370.7,370.82,487458,0
GLD.US,5,20251117,204000,370.83,370.95,369.4,369.71,656017,0
GLD.US,5,20251117,204500,369.72,370.31,369.2,370.14,308481,0
GLD.US,5,20251117,205000,370.2,370.25,369.71,369.83,268903,0
GLD.US,5,20251117,205500,369.8,369.8,368.85,368.935,467850,0
GLD.US,5,20251117,210000,368.92,369.31,368.52,369.24,459352,0
GLD.US,5,20251117,210500,369.27,369.94,368.915,369.89,165569,0
GLD.US,5,20251117,211000,369.89,370.01,369.4,369.46,116242,0
GLD.US,5,20251117,211500,369.48,370.35,369.3601,369.68,123546,0
GLD.US,5,20251117,212000,369.675,370.42,369.59,369.82,119992,0
GLD.US,5,20251117,212500,369.83,370.54,369.75,370.44,157115,0
GLD.US,5,20251117,213000,370.46,370.79,370.25,370.35,155217,0
GLD.US,5,20251117,213500,370.34,370.84,370.31,370.42,96433,0
GLD.US,5,20251117,214000,370.44,370.6988,370.4,370.675,129900,0
GLD.US,5,20251117,214500,370.68,371.06,370.63,371.01,156200,0
GLD.US,5,20251117,215000,371.03,371.3896,370.99,371.325,248832,0
GLD.US,5,20251117,215500,371.32,371.99,371.295,371.65,656899,0
GLD.US,5,20251118,153000,374.832,375.31,374.33,374.81,213579,0
GLD.US,5,20251118,153500,374.76,375.1127,374.62,375.06,152522,0
GLD.US,5,20251118,154000,375.06,375.51,374.59,374.68,185365,0
GLD.US,5,20251118,154500,374.77,375.1,374.15,374.86,136182,0
GLD.US,5,20251118,155000,374.855,374.855,373.61,373.61,206346,0
GLD.US,5,20251118,155500,373.6,374.5,373.27,374.01,131898,0
GLD.US,5,20251118,160000,374.02,374.23,372.91,373.45,175967,0
GLD.US,5,20251118,160500,373.44,373.94,373.08,373.1025,123214,0
GLD.US,5,20251118,161000,373.08,373.62,372.8472,373.42,62457,0
GLD.US,5,20251118,161500,373.39,373.885,372.97,373.255,130023,0
GLD.US,5,20251118,162000,373.2699,373.87,373.25,373.38,96142,0
GLD.US,5,20251118,162500,373.4202,374.1699,373.1605,373.9051,63797,0
GLD.US,5,20251118,163000,373.87,374.63,373.87,373.96,193380,0
GLD.US,5,20251118,163500,373.96,374.02,373.44,373.75,110687,0
GLD.US,5,20251118,164000,373.75,373.8,373.2801,373.48,78612,0
GLD.US,5,20251118,164500,373.45,373.57,372.91,373.29,58790,0
GLD.US,5,20251118,165000,373.24,373.25,372.43,372.935,99060,0
GLD.US,5,20251118,165500,372.865,373.12,372.78,372.78,41465,0
GLD.US,5,20251118,170000,372.81,372.92,371.62,371.9,317105,0
GLD.US,5,20251118,170500,372,372.3825,371.79,372.14,101140,0
GLD.US,5,20251118,171000,372.15,372.95,372.08,372.86,161169,0
GLD.US,5,20251118,171500,372.835,373.55,372.59,373.36,90742,0
GLD.US,5,20251118,172000,373.35,373.45,372.91,373.37,41132,0
GLD.US,5,20251118,172500,373.375,373.98,373.3,373.84,102404,0
GLD.US,5,20251118,173000,373.92,374.1,373.51,373.515,141567,0
GLD.US,5,20251118,173500,373.47,373.79,373.2,373.55,88485,0
GLD.US,5,20251118,174000,373.54,373.76,373.465,373.685,42081,0
GLD.US,5,20251118,174500,373.67,373.8901,373.48,373.72,68318,0
GLD.US,5,20251118,175000,373.74,373.8344,373.47,373.8285,30442,0
GLD.US,5,20251118,175500,373.87,374.27,373.84,374.08,79140,0
GLD.US,5,20251118,180000,374.03,374.387,374,374.387,102147,0
GLD.US,5,20251118,180500,374.36,374.36,374,374.1,26635,0
GLD.US,5,20251118,181000,374.07,374.1645,373.76,373.9948,23946,0
GLD.US,5,20251118,181500,374.03,374.17,373.5,373.563,24480,0
GLD.US,5,20251118,182000,373.6201,373.8,373.52,373.59,17382,0
GLD.US,5,20251118,182500,373.575,373.89,373.3712,373.568,45171,0
GLD.US,5,20251118,183000,373.565,374.04,373.51,374.01,31933,0
GLD.US,5,20251118,183500,374.0043,374.6586,373.99,374.425,71388,0
GLD.US,5,20251118,184000,374.46,374.91,374.4375,374.67,71165,0
GLD.US,5,20251118,184500,374.671,374.77,374.43,374.615,48049,0
GLD.US,5,20251118,185000,374.61,374.665,374.36,374.5668,28221,0
GLD.US,5,20251118,185500,374.54,374.7,374.45,374.5,32686,0
GLD.US,5,20251118,190000,374.5,374.8,374.31,374.32,33090,0
GLD.US,5,20251118,190500,374.35,374.65,374.1501,374.34,18036,0
GLD.US,5,20251118,191000,374.35,374.54,374.18,374.212,12321,0
GLD.US,5,20251118,191500,374.1801,374.38,374.09,374.36,11838,0
GLD.US,5,20251118,192000,374.34,374.39,373.93,373.94,18855,0
GLD.US,5,20251118,192500,373.9,374.04,373.71,373.94,42803,0
GLD.US,5,20251118,193000,373.95,374.1,373.77,374.1,18378,0
GLD.US,5,20251118,193500,374.12,374.505,374.03,374.505,26842,0
GLD.US,5,20251118,194000,374.59,374.64,374.416,374.4275,13803,0
GLD.US,5,20251118,194500,374.46,374.75,374.33,374.4454,21313,0
GLD.US,5,20251118,195000,374.4469,374.77,374.35,374.74,28428,0
GLD.US,5,20251118,195500,374.69,374.79,374.5501,374.59,26161,0
GLD.US,5,20251118,200000,374.66,374.85,374.64,374.77,15773,0
GLD.US,5,20251118,200500,374.765,374.89,374.7203,374.822,14210,0
GLD.US,5,20251118,201000,374.85,375.31,374.77,375.265,81050,0
GLD.US,5,20251118,201500,375.25,375.33,375.02,375.2586,63601,0
GLD.US,5,20251118,202000,375.2344,375.35,374.91,374.93,75102,0
GLD.US,5,20251118,202500,374.96,375.19,374.8,374.8937,29192,0
GLD.US,5,20251118,203000,374.87,375.27,374.69,374.87,57497,0
GLD.US,5,20251118,203500,374.91,375.4,374.89,375.21,46721,0
GLD.US,5,20251118,204000,375.18,375.22,374.88,375.03,25378,0
GLD.US,5,20251118,204500,375.05,375.4,375.05,375.385,23807,0
GLD.US,5,20251118,205000,375.4,375.4,375.06,375.0808,36137,0
GLD.US,5,20251118,205500,375.12,375.5,375.01,375.44,29885,0
GLD.US,5,20251118,210000,375.405,375.54,375.13,375.13,46590,0
GLD.US,5,20251118,210500,375.13,375.18,374.8519,374.908,26641,0
GLD.US,5,20251118,211000,374.8998,375.0425,374.65,374.6725,32968,0
GLD.US,5,20251118,211500,374.68,374.95,374.68,374.755,27059,0
GLD.US,5,20251118,212000,374.77,374.92,374.49,374.55,32615,0
GLD.US,5,20251118,212500,374.54,374.63,374.32,374.6,40861,0
GLD.US,5,20251118,213000,374.61,374.72,374.49,374.54,47661,0
GLD.US,5,20251118,213500,374.54,374.66,374.3101,374.6168,69440,0
GLD.US,5,20251118,214000,374.56,374.61,374.23,374.25,93409,0
GLD.US,5,20251118,214500,374.25,374.4896,374.13,374.29,96697,0
GLD.US,5,20251118,215000,374.31,374.455,374.22,374.27,128474,0
GLD.US,5,20251118,215500,374.27,374.43,374.1701,374.35,480308,0
GLD.US,5,20251119,153000,377.775,378.45,377.28,378.329,145753,0
GLD.US,5,20251119,153500,378.4,378.79,378.15,378.56,177452,0
GLD.US,5,20251119,154000,378.535,378.7,378.26,378.3073,92509,0
GLD.US,5,20251119,154500,378.21,378.51,378.07,378.39,71615,0
GLD.US,5,20251119,155000,378.39,378.83,377.98,378.75,93299,0
GLD.US,5,20251119,155500,378.76,379.84,378.76,379.725,196532,0
GLD.US,5,20251119,160000,379.71,379.89,379.43,379.62,182639,0
GLD.US,5,20251119,160500,379.63,379.64,379.05,379.55,138813,0
GLD.US,5,20251119,161000,379.51,379.95,379.13,379.895,124622,0
GLD.US,5,20251119,161500,379.895,380.17,379.68,379.856,144703,0
GLD.US,5,20251119,162000,379.88,379.88,379.43,379.43,88752,0
GLD.US,5,20251119,162500,379.41,379.4899,378.6,378.66,128777,0
GLD.US,5,20251119,163000,378.6,378.9,378.42,378.7151,119243,0
GLD.US,5,20251119,163500,378.74,379.1,378.14,378.297,55307,0
GLD.US,5,20251119,164000,378.38,378.38,377.94,378.04,96486,0
GLD.US,5,20251119,164500,378.02,378.11,377.5,377.691,178882,0
GLD.US,5,20251119,165000,377.6201,377.96,376.23,376.32,405923,0
GLD.US,5,20251119,165500,376.32,376.83,376.27,376.77,172312,0
GLD.US,5,20251119,170000,376.77,376.96,375.6,376.23,137112,0
GLD.US,5,20251119,170500,376.26,376.55,376.06,376.1939,91789,0
GLD.US,5,20251119,171000,376.02,376.65,375.86,376.65,59448,0
GLD.US,5,20251119,171500,376.61,376.67,375.44,375.64,82323,0
GLD.US,5,20251119,172000,375.67,376.3,375.67,375.82,184389,0
GLD.US,5,20251119,172500,375.8,375.82,374.43,374.745,330792,0
GLD.US,5,20251119,173000,374.72,375.18,374.48,375.02,99163,0
GLD.US,5,20251119,173500,375.05,375.2,374.16,374.67,178393,0
GLD.US,5,20251119,174000,374.69,374.85,374.25,374.62,127686,0
GLD.US,5,20251119,174500,374.6,375.04,374.33,374.6,180427,0
GLD.US,5,20251119,175000,374.58,375.08,374.42,375,61223,0
GLD.US,5,20251119,175500,374.97,374.97,374.525,374.765,65917,0
GLD.US,5,20251119,180000,374.74,374.9,373.145,373.495,178000,0
GLD.US,5,20251119,180500,373.495,373.67,373.03,373.43,136093,0
GLD.US,5,20251119,181000,373.48,374.42,373.43,373.95,84530,0
GLD.US,5,20251119,181500,373.89,374.12,373.6201,373.97,68950,0
GLD.US,5,20251119,182000,373.99,374.43,373.93,374.34,53998,0
GLD.US,5,20251119,182500,374.34,374.6,374.05,374.56,28042,0
GLD.US,5,20251119,183000,374.48,374.64,374.22,374.37,65919,0
GLD.US,5,20251119,183500,374.4075,374.58,373.73,374.51,99254,0
GLD.US,5,20251119,184000,374.47,375.15,374.35,374.85,68309,0
GLD.US,5,20251119,184500,374.9133,375.13,374.555,375.03,57255,0
GLD.US,5,20251119,185000,375.02,375.43,374.9401,374.9401,139557,0
GLD.US,5,20251119,185500,375,375.2699,375,375.21,33361,0
GLD.US,5,20251119,190000,375.22,375.62,375.17,375.54,48922,0
GLD.US,5,20251119,190500,375.53,375.66,375.252,375.57,45272,0
GLD.US,5,20251119,191000,375.54,375.83,375.4775,375.67,56444,0
GLD.US,5,20251119,191500,375.705,375.92,375.57,375.68,40010,0
GLD.US,5,20251119,192000,375.69,375.91,375.5501,375.8,46721,0
GLD.US,5,20251119,192500,375.76,375.8225,375.15,375.44,88704,0
GLD.US,5,20251119,193000,375.3756,375.57,374.89,375.0739,44972,0
GLD.US,5,20251119,193500,375.02,375.66,374.93,375.44,49178,0
GLD.US,5,20251119,194000,375.45,375.45,375.03,375.2356,33357,0
GLD.US,5,20251119,194500,375.23,375.44,375.13,375.44,12297,0
GLD.US,5,20251119,195000,375.48,376.34,375.48,376.2,85520,0
GLD.US,5,20251119,195500,376.16,376.16,375.87,375.881,18522,0
GLD.US,5,20251119,200000,375.9341,375.99,375.23,375.59,102212,0
GLD.US,5,20251119,200500,375.62,375.75,375.22,375.66,41204,0
GLD.US,5,20251119,201000,375.62,375.62,374.6601,375.07,47515,0
GLD.US,5,20251119,201500,375.11,375.17,374.7,375.02,64518,0
GLD.US,5,20251119,202000,375,375,374.61,374.8,108411,0
GLD.US,5,20251119,202500,374.77,374.865,374.27,374.545,51534,0
GLD.US,5,20251119,203000,374.535,374.61,374.305,374.561,28955,0
GLD.US,5,20251119,203500,374.54,374.98,374.44,374.48,56308,0
GLD.US,5,20251119,204000,374.45,374.61,374.4,374.54,37612,0
GLD.US,5,20251119,204500,374.59,374.74,374.45,374.69,30275,0
GLD.US,5,20251119,205000,374.7,375.05,374.5104,374.89,43880,0
GLD.US,5,20251119,205500,374.8928,374.9,374.59,374.73,15219,0
GLD.US,5,20251119,210000,374.68,374.805,374.5675,374.665,37405,0
GLD.US,5,20251119,210500,374.65,375.08,374.65,374.88,61348,0
GLD.US,5,20251119,211000,374.88,374.9695,374.69,374.89,26759,0
GLD.US,5,20251119,211500,374.92,375.42,374.92,375.355,36471,0
GLD.US,5,20251119,212000,375.36,375.47,374.99,375.08,38168,0
GLD.US,5,20251119,212500,375.08,375.32,374.92,375.22,44738,0
GLD.US,5,20251119,213000,375.21,375.26,374.8,375.02,37302,0
GLD.US,5,20251119,213500,375.02,375.33,374.95,375.11,40317,0
GLD.US,5,20251119,214000,375.12,375.15,374.86,375.03,42723,0
GLD.US,5,20251119,214500,375.04,375.07,374.55,374.57,70322,0
GLD.US,5,20251119,215000,374.56,375.13,374.55,375,108986,0
GLD.US,5,20251119,215500,375.01,375.1199,374.83,374.96,534915,0
GLD.US,5,20251120,153000,375.29,375.565,374.67,375.05,186507,0
GLD.US,5,20251120,153500,375.01,375.79,374.85,375.41,214487,0
GLD.US,5,20251120,154000,375.431,376.27,375.06,376.0688,184840,0
GLD.US,5,20251120,154500,376.05,377.4199,375.8,377.31,176765,0
GLD.US,5,20251120,155000,377.36,377.6925,377.06,377.1,194508,0
GLD.US,5,20251120,155500,377.1,377.1,376.21,376.47,154192,0
GLD.US,5,20251120,160000,376.51,376.81,376.11,376.56,210308,0
GLD.US,5,20251120,160500,376.62,376.72,375.49,375.98,142027,0
GLD.US,5,20251120,161000,376.03,376.53,375.9,376.38,104125,0
GLD.US,5,20251120,161500,376.37,376.76,376.16,376.29,48115,0
GLD.US,5,20251120,162000,376.2901,376.51,375.8224,376.5059,40626,0
GLD.US,5,20251120,162500,376.52,376.98,376.36,376.61,93335,0
GLD.US,5,20251120,163000,376.64,376.72,375.14,375.14,45963,0
GLD.US,5,20251120,163500,375.11,375.48,374.74,375.39,112599,0
GLD.US,5,20251120,164000,375.39,375.97,375.3,375.92,124346,0
GLD.US,5,20251120,164500,376,376.03,375.1,375.385,29385,0
GLD.US,5,20251120,165000,375.40809,375.87,375.40809,375.69,20631,0
GLD.US,5,20251120,165500,375.68,375.68,374.31,374.32,63464,0
GLD.US,5,20251120,170000,374.31,375.07,374.15,374.87,134669,0
GLD.US,5,20251120,170500,374.8601,375.52,374.61,375.35,69359,0
GLD.US,5,20251120,171000,375.32,375.4599,374.655,374.7399,41383,0
GLD.US,5,20251120,171500,374.68,375.105,374.33,374.46,49788,0
GLD.US,5,20251120,172000,374.435,374.67,373.94,374.36,59591,0
GLD.US,5,20251120,172500,374.37,374.39,373.69,373.86,103708,0
GLD.US,5,20251120,173000,373.84,374.065,373.34,373.95,56240,0
GLD.US,5,20251120,173500,373.91,374.16,373.4701,373.64,52943,0
GLD.US,5,20251120,174000,373.645,373.71,373.15,373.29,88043,0
GLD.US,5,20251120,174500,373.29,374.08,373.15,373.57,132462,0
GLD.US,5,20251120,175000,373.56,374.07,373.01,373.02,89474,0
GLD.US,5,20251120,175500,373,373.06,371.95,372.22,291385,0
GLD.US,5,20251120,180000,372.24,372.8659,372.05,372.64,101916,0
GLD.US,5,20251120,180500,372.61,372.635,371.8514,372.59,86377,0
GLD.US,5,20251120,181000,372.54,372.87,372.0393,372.68,119752,0
GLD.US,5,20251120,181500,372.66,373.14,372.45,372.875,95225,0
GLD.US,5,20251120,182000,372.89,373.49,372.5,373.3227,60941,0
GLD.US,5,20251120,182500,373.3,373.33,372.77,372.98,114876,0
GLD.US,5,20251120,183000,372.96,373.35,372.5,372.6016,36271,0
GLD.US,5,20251120,183500,372.64,373.08,372.36,373.04,52721,0
GLD.US,5,20251120,184000,373.0904,373.263,372.44,372.6,25046,0
GLD.US,5,20251120,184500,372.6672,373.38,372.5456,373.24,58832,0
GLD.US,5,20251120,185000,373.23,373.68,373.02,373.5115,151665,0
GLD.US,5,20251120,185500,373.55,374.16,373.525,373.96,135822,0
GLD.US,5,20251120,190000,373.965,374.2699,373.83,374.145,142369,0
GLD.US,5,20251120,190500,374.155,374.5,373.92,373.925,111839,0
GLD.US,5,20251120,191000,373.91,374.34,373.75,373.95,181302,0
GLD.US,5,20251120,191500,373.925,373.97,373.38,373.53,184718,0
GLD.US,5,20251120,192000,373.47,373.66,373.09,373.225,51565,0
GLD.US,5,20251120,192500,373.24,373.5,372.97,373.35,106372,0
GLD.US,5,20251120,193000,373.41,373.6993,373.09,373.68,55625,0
GLD.US,5,20251120,193500,373.7,373.97,373.47,373.85,65456,0
GLD.US,5,20251120,194000,373.84,373.87,373.24,373.42,162972,0
GLD.US,5,20251120,194500,373.35,373.35,372.97,373.28,59242,0
GLD.US,5,20251120,195000,373.2875,373.32,373.07,373.24,56518,0
GLD.US,5,20251120,195500,373.23,373.5733,373.09,373.35,46171,0
GLD.US,5,20251120,200000,373.33,373.6551,373.21,373.36,29648,0
GLD.US,5,20251120,200500,373.35,373.695,373.29,373.67,26552,0
GLD.US,5,20251120,201000,373.65,374.17,373.65,374.135,34024,0
GLD.US,5,20251120,201500,374.14,374.53,373.86,374.52,50641,0
GLD.US,5,20251120,202000,374.47,375.66,374.47,375.21,78079,0
GLD.US,5,20251120,202500,375.195,375.82,375.17,375.49,48356,0
GLD.US,5,20251120,203000,375.52,375.53,375.09,375.25,121810,0
GLD.US,5,20251120,203500,375.25,375.805,375.25,375.305,89305,0
GLD.US,5,20251120,204000,375.27,375.6,375.26,375.42,47729,0
GLD.US,5,20251120,204500,375.43,375.47,375.18,375.2845,24799,0
GLD.US,5,20251120,205000,375.3494,375.48,375.13,375.4094,51854,0
GLD.US,5,20251120,205500,375.41,375.69,375.26,375.57,45130,0
GLD.US,5,20251120,210000,375.55,375.6,375.28,375.3486,87341,0
GLD.US,5,20251120,210500,375.3601,375.57,375.045,375.1,82535,0
GLD.US,5,20251120,211000,375.075,375.2,374.6,374.89,77340,0
GLD.US,5,20251120,211500,374.89,375.29,374.86,375.1805,51422,0
GLD.US,5,20251120,212000,375.21,375.25,374.765,374.77,76079,0
GLD.US,5,20251120,212500,374.76,374.89,374.55,374.89,67723,0
GLD.US,5,20251120,213000,374.88,374.97,374.61,374.67,53201,0
GLD.US,5,20251120,213500,374.64,374.69,374.51,374.67,65030,0
GLD.US,5,20251120,214000,374.658,374.9699,374.545,374.92,46999,0
GLD.US,5,20251120,214500,374.9,375.15,374.63,374.805,107998,0
GLD.US,5,20251120,215000,374.82,375.145,374.6,374.76,185926,0
GLD.US,5,20251120,215500,374.78,374.93,374.51,374.915,264255,0
GLD.US,5,20251121,153000,374.025,374.1499,373.58,374.05,170286,0
GLD.US,5,20251121,153500,374.045,374.3693,373.565,373.8038,181070,0
GLD.US,5,20251121,154000,373.82,374.45,373.6,373.69,139144,0
GLD.US,5,20251121,154500,373.67,374.3,373.55,374.12,71518,0
GLD.US,5,20251121,155000,374.12,374.82,374.1,374.7443,110553,0
GLD.US,5,20251121,155500,374.72,374.77,374.44,374.495,60910,0
GLD.US,5,20251121,160000,374.51,375,374.23,374.37,88356,0
GLD.US,5,20251121,160500,374.35,374.77,374.07,374.475,92988,0
GLD.US,5,20251121,161000,374.5,374.88,374.4,374.57,111055,0
GLD.US,5,20251121,161500,374.54,374.59,374.1069,374.36,71102,0
GLD.US,5,20251121,162000,374.41,374.77,374.1,374.68,64542,0
GLD.US,5,20251121,162500,374.675,374.97,374.24,374.265,67906,0
GLD.US,5,20251121,163000,374.28,374.38,373.98,374.15,58907,0
GLD.US,5,20251121,163500,374.11,374.21,373.4605,373.6613,90417,0
GLD.US,5,20251121,164000,373.62,373.72,372.95,373.7001,150866,0
GLD.US,5,20251121,164500,373.74,374.51,373.66,373.9978,56343,0
GLD.US,5,20251121,165000,373.95,374.14,373.8,374.11,29987,0
GLD.US,5,20251121,165500,374.12,374.55,374.01,374.32,93781,0
GLD.US,5,20251121,170000,374.3,374.54,374.0101,374.13,62781,0
GLD.US,5,20251121,170500,374.105,374.13,373.66,373.95,87861,0
GLD.US,5,20251121,171000,373.97,374.25,373.76,374.09,80670,0
GLD.US,5,20251121,171500,374.04,374.305,373.8,374.21,67464,0
GLD.US,5,20251121,172000,374.2239,374.45,373.9925,374.45,48992,0
GLD.US,5,20251121,172500,374.43,374.45,374.215,374.39,39095,0
GLD.US,5,20251121,173000,374.35,374.85,374.34,374.68,63809,0
GLD.US,5,20251121,173500,374.73,374.97,374.35,374.86,55183,0
GLD.US,5,20251121,174000,374.925,375.42,374.65,375.2516,128698,0
GLD.US,5,20251121,174500,375.23,375.53,374.98,375.53,36580,0
GLD.US,5,20251121,175000,375.54,376.79,375.54,376.56,244802,0
GLD.US,5,20251121,175500,376.55,377.19,376.54,377.0887,241942,0
GLD.US,5,20251121,180000,377.08,377.23,376.2,376.42,112761,0
GLD.US,5,20251121,180500,376.42,376.45,376.03,376.1308,124442,0
GLD.US,5,20251121,181000,376.1325,376.1399,375.59,375.72,63081,0
GLD.US,5,20251121,181500,375.73,375.97,375.51,375.67,74902,0
GLD.US,5,20251121,182000,375.65,375.67,375.26,375.53,74101,0
GLD.US,5,20251121,182500,375.49,375.75,375.22,375.4243,62190,0
GLD.US,5,20251121,183000,375.47,375.68,375.36,375.5,68907,0
GLD.US,5,20251121,183500,375.435,375.61,375.2432,375.53,61047,0
GLD.US,5,20251121,184000,375.53,375.62,375.1704,375.56,60996,0
GLD.US,5,20251121,184500,375.54,375.77,375.33,375.7413,51477,0
GLD.US,5,20251121,185000,375.74623,376.06,375.59,375.97,50566,0
GLD.US,5,20251121,185500,376.04,376.06,375.67,375.77,28930,0
GLD.US,5,20251121,190000,375.785,375.9,375.38,375.44,40426,0
GLD.US,5,20251121,190500,375.425,375.7201,375.216,375.72,83881,0
GLD.US,5,20251121,191000,375.71,375.75,375.25,375.35,34234,0
GLD.US,5,20251121,191500,375.3429,375.5,375.255,375.38,34204,0
GLD.US,5,20251121,192000,375.41,375.67,375.355,375.355,56136,0
GLD.US,5,20251121,192500,375.3301,375.51,375.2,375.23,39357,0
GLD.US,5,20251121,193000,375.25,375.3148,374.92,375.2,45199,0
GLD.US,5,20251121,193500,375.2,375.41,375.14,375.32,46158,0
GLD.US,5,20251121,194000,375.3574,375.3574,374.91,375.19,38255,0
GLD.US,5,20251121,194500,375.2076,376,375.2,375.68,65830,0
GLD.US,5,20251121,195000,375.67,375.86,375.4,375.45,52066,0
GLD.US,5,20251121,195500,375.4,375.63,375.395,375.529,19655,0
GLD.US,5,20251121,200000,375.52,375.75,375.51,375.7,15373,0
GLD.US,5,20251121,200500,375.7,375.78,375.56,375.68,35607,0
GLD.US,5,20251121,201000,375.69,375.85,375.6,375.71,51625,0
GLD.US,5,20251121,201500,375.695,375.9425,375.68,375.9213,15863,0
GLD.US,5,20251121,202000,375.88,376.12,375.8617,376.12,30444,0
GLD.US,5,20251121,202500,376.095,376.4,375.97,376.24,37721,0
GLD.US,5,20251121,203000,376.2601,376.43,376.03,376.1,76431,0
GLD.US,5,20251121,203500,376.105,376.2999,376.0738,376.1601,28331,0
GLD.US,5,20251121,204000,376.14,376.17,375.78,375.84,31753,0
GLD.US,5,20251121,204500,375.8287,376.14,375.7153,376.055,37334,0
GLD.US,5,20251121,205000,376.04,376.17,375.74,376.01,38781,0
GLD.US,5,20251121,205500,376.02,376.13,375.9,375.99,36907,0
GLD.US,5,20251121,210000,375.96,376.14,375.795,375.84,73721,0
GLD.US,5,20251121,210500,375.82,375.87,375.48,375.71,57364,0
GLD.US,5,20251121,211000,375.705,375.74,375.32,375.38,45560,0
GLD.US,5,20251121,211500,375.37,375.58,375.245,375.54,61724,0
GLD.US,5,20251121,212000,375.52,375.5354,374.32,374.385,247423,0
GLD.US,5,20251121,212500,374.41,374.75,374.2,374.34,154462,0
GLD.US,5,20251121,213000,374.32,374.32,373.37,373.74,213712,0
GLD.US,5,20251121,213500,373.75,373.89,373.113,373.64,256315,0
GLD.US,5,20251121,214000,373.65,373.67,373.06,373.31,155572,0
GLD.US,5,20251121,214500,373.31,373.76,373.19,373.2,117130,0
GLD.US,5,20251121,215000,373.18,373.75,372.94,373.7,280803,0
GLD.US,5,20251121,215500,373.71,374.46,373.57,374.25,1205065,0
GLD.US,5,20251124,153000,374.88,375.205,374.47,374.95,202892,0
GLD.US,5,20251124,153500,374.96,375.06,374.43,374.52,187927,0
GLD.US,5,20251124,154000,374.55,374.9,374.19,374.69,113748,0
GLD.US,5,20251124,154500,374.66,375.21,374.54,375.11,99133,0
GLD.US,5,20251124,155000,375.08,375.71,374.93,375.43,140109,0
GLD.US,5,20251124,155500,375.43,375.9,375.38,375.52,131457,0
GLD.US,5,20251124,160000,375.53,375.83,375.41,375.74,167975,0
GLD.US,5,20251124,160500,375.74,376.34,375.72,376.13,120527,0
GLD.US,5,20251124,161000,376.15,376.55,376.08,376.43,105947,0
GLD.US,5,20251124,161500,376.46,376.6,376.225,376.315,85242,0
GLD.US,5,20251124,162000,376.315,376.47,376.11,376.2326,51512,0
GLD.US,5,20251124,162500,376.22,376.37,375.93,376.03,65907,0
GLD.US,5,20251124,163000,376.025,376.5,375.93,376.385,46888,0
GLD.US,5,20251124,163500,376.42,376.49,376.15,376.32,72917,0
GLD.US,5,20251124,164000,376.3263,376.56,376.25,376.55,80424,0
GLD.US,5,20251124,164500,376.56,376.58,376.38,376.49,52676,0
GLD.US,5,20251124,165000,376.5,376.54,376.2503,376.3,56137,0
GLD.US,5,20251124,165500,376.275,376.46,376.17,376.395,31936,0
GLD.US,5,20251124,170000,376.43,376.67,376.2,376.49,85765,0
GLD.US,5,20251124,170500,376.48,376.57,376.24,376.57,55142,0
GLD.US,5,20251124,171000,376.56,376.76,376.37,376.7072,96233,0
GLD.US,5,20251124,171500,376.71,376.74,376.44,376.51,40994,0
GLD.US,5,20251124,172000,376.54,376.68,376.4201,376.59,80279,0
GLD.US,5,20251124,172500,376.59,376.73,376.45,376.494,62613,0
GLD.US,5,20251124,173000,376.48,376.93,376.43,376.8,77036,0
GLD.US,5,20251124,173500,376.8,377.07,376.75,376.82,75425,0
GLD.US,5,20251124,174000,376.84,376.97,376.67,376.9,52479,0
GLD.US,5,20251124,174500,376.92,376.99,376.78,376.7999,132738,0
GLD.US,5,20251124,175000,376.8,376.875,376.6301,376.68,201912,0
GLD.US,5,20251124,175500,376.66,376.98,376.6413,376.89,147930,0
GLD.US,5,20251124,180000,376.91,377.09,376.855,376.87,37779,0
GLD.US,5,20251124,180500,376.88,376.91,376.635,376.66,39593,0
GLD.US,5,20251124,181000,376.65,376.65,376.36,376.38,47984,0
GLD.US,5,20251124,181500,376.39,376.52,376.11,376.25,18995,0
GLD.US,5,20251124,182000,376.2781,376.63,376.27,376.61,17461,0
GLD.US,5,20251124,182500,376.595,376.6799,376.49,376.535,22101,0
GLD.US,5,20251124,183000,376.55,376.68,376.44,376.66,38010,0
GLD.US,5,20251124,183500,376.68,376.75,376.55,376.65,22456,0
GLD.US,5,20251124,184000,376.66,376.78,376.63,376.704,25011,0
GLD.US,5,20251124,184500,376.69,377.1,376.67,377.1,31085,0
GLD.US,5,20251124,185000,377.1,377.2,376.81,376.89,44035,0
GLD.US,5,20251124,185500,376.87,376.87,376.47,376.4875,45142,0
GLD.US,5,20251124,190000,376.52,376.549,376.286,376.297,36660,0
GLD.US,5,20251124,190500,376.31,376.36,376.02,376.26,90848,0
GLD.US,5,20251124,191000,376.3,376.3416,376.11,376.22,29399,0
GLD.US,5,20251124,191500,376.21,376.325,376.16,376.3,20947,0
GLD.US,5,20251124,192000,376.31,376.56,376.305,376.42,26249,0
GLD.US,5,20251124,192500,376.43,376.76,376.4,376.75,64453,0
GLD.US,5,20251124,193000,376.76,377.18,376.75,377.02,132585,0
GLD.US,5,20251124,193500,377.01,378.27,376.93,378.18,267399,0
GLD.US,5,20251124,194000,378.21,378.519,378.12,378.305,192355,0
GLD.US,5,20251124,194500,378.3,378.57,378.065,378.28,132242,0
GLD.US,5,20251124,195000,378.3,379.54,378.2,378.985,296786,0
GLD.US,5,20251124,195500,378.985,379.1392,378.8675,379.005,137085,0
GLD.US,5,20251124,200000,379.03,379.365,378.855,378.925,76591,0
GLD.US,5,20251124,200500,378.91,379.06,378.855,378.98,67457,0
GLD.US,5,20251124,201000,378.99,379.11,378.67,378.67,46750,0
GLD.US,5,20251124,201500,378.69,379.03,378.55,378.93,128901,0
GLD.US,5,20251124,202000,378.93,379.02,378.71,378.9,67344,0
GLD.US,5,20251124,202500,378.87,378.95,378.5375,378.896,96134,0
GLD.US,5,20251124,203000,378.91,378.9499,378.66,378.7119,35590,0
GLD.US,5,20251124,203500,378.74,378.74,378.37,378.4975,122585,0
GLD.US,5,20251124,204000,378.49,378.73,378.43,378.64,54021,0
GLD.US,5,20251124,204500,378.62,378.99,378.6,378.91,44163,0
GLD.US,5,20251124,205000,378.91,379.04,378.8464,378.97,85361,0
GLD.US,5,20251124,205500,378.97,379.09,378.82,378.8419,34440,0
GLD.US,5,20251124,210000,378.85,379.31,378.82,379.08,76542,0
GLD.US,5,20251124,210500,379.0685,379.34,379.01,379.09,92125,0
GLD.US,5,20251124,211000,379.0721,379.3,379.03,379.18,29288,0
GLD.US,5,20251124,211500,379.16,379.42,379.1,379.34,61977,0
GLD.US,5,20251124,212000,379.33,379.52,379.31,379.37,127196,0
GLD.US,5,20251124,212500,379.36,379.49,379.15,379.4641,90284,0
GLD.US,5,20251124,213000,379.47,380.01,379.4401,379.85,272591,0
GLD.US,5,20251124,213500,379.84,380.24,379.8,380.04,145587,0
GLD.US,5,20251124,214000,380.03,380.1307,379.855,380.0579,270166,0
GLD.US,5,20251124,214500,380.06,380.1123,379.79,379.9,199590,0
GLD.US,5,20251124,215000,379.92,380.11,379.8,379.94,231391,0
GLD.US,5,20251124,215500,379.9471,380.28,379.89,380.19,465291,0
GLD.US,5,20251125,153000,380.255,380.582,379.62,379.72,279984,0
GLD.US,5,20251125,153500,379.72,380.08,378.68,379.095,234381,0
GLD.US,5,20251125,154000,379.105,379.71,378.735,378.91,189829,0
GLD.US,5,20251125,154500,378.91,378.94,378.06,378.44,223538,0
GLD.US,5,20251125,155000,378.41,379.15,378.15,379.085,203604,0
GLD.US,5,20251125,155500,379.11,379.53,378.9,379.44,115988,0
GLD.US,5,20251125,160000,379.43,379.51,378.75,379.13,108934,0
GLD.US,5,20251125,160500,379.16,379.93,379.025,379.9,101694,0
GLD.US,5,20251125,161000,379.905,380.03,379.42,379.79,147351,0
GLD.US,5,20251125,161500,379.78,380.23,379.57,379.85,116536,0
GLD.US,5,20251125,162000,379.82,379.86,379.42,379.66,230616,0
GLD.US,5,20251125,162500,379.67,379.94,379.475,379.72,77039,0
GLD.US,5,20251125,163000,379.68,380.18,379.6775,380.0206,88294,0
GLD.US,5,20251125,163500,380.02,380.03,379.66,379.67,73747,0
GLD.US,5,20251125,164000,379.665,379.955,379.61,379.93,42046,0
GLD.US,5,20251125,164500,379.935,380.15,379.6975,379.74,85630,0
GLD.US,5,20251125,165000,379.735,379.775,379.165,379.35,65455,0
GLD.US,5,20251125,165500,379.366,379.47,378.97,379.195,79346,0
GLD.US,5,20251125,170000,379.18,379.91,379.085,379.83,42542,0
GLD.US,5,20251125,170500,379.86,379.89,379.48,379.48,75855,0
GLD.US,5,20251125,171000,379.46,379.97,379.2,379.945,65789,0
GLD.US,5,20251125,171500,379.97,380.8059,379.96,380.56,128877,0
GLD.US,5,20251125,172000,380.6,380.7699,380.15,380.415,50161,0
GLD.US,5,20251125,172500,380.43,380.89,380.43,380.83,28956,0
GLD.US,5,20251125,173000,380.841,380.89,380.53,380.58,41862,0
GLD.US,5,20251125,173500,380.55,380.73,380.45,380.65,35070,0
GLD.US,5,20251125,174000,380.65,380.85,380.62,380.775,52259,0
GLD.US,5,20251125,174500,380.7915,380.7915,380.25,380.32,29624,0
GLD.US,5,20251125,175000,380.34,380.56,380.34,380.46,48144,0
GLD.US,5,20251125,175500,380.48,380.51,380.34,380.4068,28107,0
GLD.US,5,20251125,180000,380.41,382,380.39,381.45,537964,0
GLD.US,5,20251125,180500,381.4925,381.84,381.19,381.755,87853,0
GLD.US,5,20251125,181000,381.7,382,381.38,381.7,222127,0
GLD.US,5,20251125,181500,381.72,381.76,381.24,381.44,153397,0
GLD.US,5,20251125,182000,381.46,381.84,381.34,381.75,81529,0
GLD.US,5,20251125,182500,381.77,382.07,381.5,381.6551,139351,0
GLD.US,5,20251125,183000,381.65,382.52,381.54,382.36,177469,0
GLD.US,5,20251125,183500,382.36,382.375,381.73,381.94,145270,0
GLD.US,5,20251125,184000,381.9,382,381.65,381.9,118083,0
GLD.US,5,20251125,184500,381.92,382,381.56,381.81,141042,0
GLD.US,5,20251125,185000,381.81,381.81,381.14,381.2101,83470,0
GLD.US,5,20251125,185500,381.25,381.49,381.23,381.35,38192,0
GLD.US,5,20251125,190000,381.355,381.79,381.31,381.6,35738,0
GLD.US,5,20251125,190500,381.64,381.7312,381.41,381.69,32881,0
GLD.US,5,20251125,191000,381.69,381.76,380.94,381.36,130437,0
GLD.US,5,20251125,191500,381.31,381.43,380.96,381.28,38232,0
GLD.US,5,20251125,192000,381.24,381.34,381.0201,381.205,25013,0
GLD.US,5,20251125,192500,381.2287,381.2799,380.98,381.02,24871,0
GLD.US,5,20251125,193000,381.03,381.28,381.03,381.16,17348,0
GLD.US,5,20251125,193500,381.15,381.19,380.33,380.7,47902,0
GLD.US,5,20251125,194000,380.71,380.9,380.525,380.675,49734,0
GLD.US,5,20251125,194500,380.68,380.87,380.6201,380.698,31226,0
GLD.US,5,20251125,195000,380.72,380.85,380.69,380.72,16335,0
GLD.US,5,20251125,195500,380.72,380.7317,379.93,380.24,73309,0
GLD.US,5,20251125,200000,380.22,380.78,379.93,380.16,60646,0
GLD.US,5,20251125,200500,380.14,380.63,380.14,380.61,55800,0
GLD.US,5,20251125,201000,380.56,380.76,380.51,380.6099,19520,0
GLD.US,5,20251125,201500,380.62,380.62,380.15,380.25,66544,0
GLD.US,5,20251125,202000,380.24,380.3884,379.77,379.81,179760,0
GLD.US,5,20251125,202500,379.81,379.94,379.66,379.82,117571,0
GLD.US,5,20251125,203000,379.82,380.06,379.79,379.88,58950,0
GLD.US,5,20251125,203500,380.03,380.055,379.72,379.82,63364,0
GLD.US,5,20251125,204000,379.7,380.09,379.68,380.09,64215,0
GLD.US,5,20251125,204500,379.995,380.05,379.71,379.85,112112,0
GLD.US,5,20251125,205000,379.82,380.05,379.765,379.895,153510,0
GLD.US,5,20251125,205500,379.91,380.16,379.84,380.135,443607,0
GLD.US,5,20251125,210000,380.16,380.478,380.14,380.365,37143,0
GLD.US,5,20251125,210500,380.43,380.6,380.24,380.39,83133,0
GLD.US,5,20251125,211000,380.3868,380.5,380.16,380.4407,31924,0
GLD.US,5,20251125,211500,380.48,380.52,380.39,380.39,15084,0
GLD.US,5,20251125,212000,380.4999,380.4999,380.16,380.23,40336,0
GLD.US,5,20251125,212500,380.23,380.4,380.05,380.0675,33981,0
GLD.US,5,20251125,213000,380.05,380.16,379.89,380.14,42903,0
GLD.US,5,20251125,213500,380.11,380.18,379.93,380.16,28086,0
GLD.US,5,20251125,214000,380.15,380.4099,380.111,380.32,41358,0
GLD.US,5,20251125,214500,380.3499,380.3499,379.94,380.02,51610,0
GLD.US,5,20251125,215000,380.005,380.21,379.9,379.94,90124,0
GLD.US,5,20251125,215500,379.95,380.15,379.915,380.08,314698,0
GLD.US,5,20251126,153000,381.055,382.03,380.96,382.02,189187,0
GLD.US,5,20251126,153500,382.04,382.15,381.72,381.7967,145061,0
GLD.US,5,20251126,154000,381.84,382.1,381.56,381.72,87182,0
GLD.US,5,20251126,154500,381.67,381.94,381.52,381.93,108314,0
GLD.US,5,20251126,155000,381.98,381.98,381.5,381.625,165461,0
GLD.US,5,20251126,155500,381.6,381.91,381.02,381.07,196540,0
GLD.US,5,20251126,160000,381.04,381.33,380.46,381.09,125207,0
GLD.US,5,20251126,160500,381.105,381.4837,380.79,381.36,102643,0
GLD.US,5,20251126,161000,381.4,381.95,381.36,381.93,183701,0
GLD.US,5,20251126,161500,381.94,382.45,381.94,382.24,106682,0
GLD.US,5,20251126,162000,382.21,382.45,382.16,382.31,163187,0
GLD.US,5,20251126,162500,382.3,382.44,382.2,382.38,51176,0
GLD.US,5,20251126,163000,382.34,382.82,382.26,382.5841,121657,0
GLD.US,5,20251126,163500,382.62,382.8799,382.6,382.74,61574,0
GLD.US,5,20251126,164000,382.76,383.05,382.6,382.88,168230,0
GLD.US,5,20251126,164500,382.86,383.11,382.73,382.79,40727,0
GLD.US,5,20251126,165000,382.7557,383.015,382.49,382.8479,85461,0
GLD.US,5,20251126,165500,382.85,383.19,382.8,383.165,145458,0
GLD.US,5,20251126,170000,383.17,383.2,382.715,383.055,169583,0
GLD.US,5,20251126,170500,383.01,383.0229,382.7001,382.92,139265,0
GLD.US,5,20251126,171000,382.9,382.984,382.77,382.86,102537,0
GLD.US,5,20251126,171500,382.86,383.12,382.85,383.01,78555,0
GLD.US,5,20251126,172000,383,383.12,382.8,382.91,40903,0
GLD.US,5,20251126,172500,382.8935,383.03,382.824,382.845,47960,0
GLD.US,5,20251126,173000,382.84,383.0599,382.78,382.96,114003,0
GLD.US,5,20251126,173500,382.9201,383.12,382.85,383.105,191857,0
GLD.US,5,20251126,174000,383.1256,383.4781,383.1256,383.38,84112,0
GLD.US,5,20251126,174500,383.355,383.47,383.1607,383.29,78073,0
GLD.US,5,20251126,175000,383.2766,383.34,383.1181,383.19,62012,0
GLD.US,5,20251126,175500,383.2,383.46,383.115,383.355,56901,0
GLD.US,5,20251126,180000,383.3401,383.4238,383.28,383.31,28625,0
GLD.US,5,20251126,180500,383.31,383.47,383.27,383.29,42832,0
GLD.US,5,20251126,181000,383.31,383.4,383.16,383.22,71944,0
GLD.US,5,20251126,181500,383.22,383.46,383.15,383.3873,29788,0
GLD.US,5,20251126,182000,383.41,383.6,383.37,383.56,41842,0
GLD.US,5,20251126,182500,383.56,383.58,383.31,383.42,47232,0
GLD.US,5,20251126,183000,383.43,383.53,383.24,383.49,52798,0
GLD.US,5,20251126,183500,383.5,383.5,383.175,383.5,90731,0
GLD.US,5,20251126,184000,383.49,383.536,383.38,383.5012,34138,0
GLD.US,5,20251126,184500,383.53,383.59,383.39,383.4599,34434,0
GLD.US,5,20251126,185000,383.46,383.46,383.26,383.45,29785,0
GLD.US,5,20251126,185500,383.45,383.45,383.205,383.33,63169,0
GLD.US,5,20251126,190000,383.31,383.55,383.29,383.5,27905,0
GLD.US,5,20251126,190500,383.49,383.63,383.38,383.4207,77513,0
GLD.US,5,20251126,191000,383.48,383.775,383.42,383.69,44032,0
GLD.US,5,20251126,191500,383.7022,383.72,383.54,383.61,35765,0
GLD.US,5,20251126,192000,383.6,383.65,383.38,383.45,106910,0
GLD.US,5,20251126,192500,383.46,383.535,383.3,383.37,140061,0
GLD.US,5,20251126,193000,383.38,383.4799,382.58,382.63,317492,0
GLD.US,5,20251126,193500,382.6,383.05,382.48,382.845,221157,0
GLD.US,5,20251126,194000,382.83,382.94,382.52,382.6,84654,0
GLD.US,5,20251126,194500,382.6124,382.73,382.47,382.71,29334,0
GLD.US,5,20251126,195000,382.71,383,382.71,382.99,59315,0
GLD.US,5,20251126,195500,382.97,383.2,382.94,383.14,51038,0
GLD.US,5,20251126,200000,383.14,383.49,383.14,383.31,50369,0
GLD.US,5,20251126,200500,383.3,383.36,383.05,383.0955,72951,0
GLD.US,5,20251126,201000,383.1,383.34,383.06,383.34,25812,0
GLD.US,5,20251126,201500,383.3399,383.41,383.26,383.3908,18136,0
GLD.US,5,20251126,202000,383.42,383.61,383.34,383.345,40140,0
GLD.US,5,20251126,202500,383.3438,383.48,383.28,383.38,22497,0
GLD.US,5,20251126,203000,383.41,383.46,383.26,383.4053,35108,0
GLD.US,5,20251126,203500,383.39,383.39,383.28,383.31,21939,0
GLD.US,5,20251126,204000,383.3,383.36,382.926,383.04,51844,0
GLD.US,5,20251126,204500,383.05,383.22,383.02,383.06,21153,0
GLD.US,5,20251126,205000,383.08,383.28,382.9601,382.995,34761,0
GLD.US,5,20251126,205500,383.0299,383.09,382.93,383.03,47884,0
GLD.US,5,20251126,210000,382.99,383.15,382.8,383.07,52335,0
GLD.US,5,20251126,210500,383.05,383.26,382.96,383.19,42895,0
GLD.US,5,20251126,211000,383.1863,383.21,382.96,383.115,43366,0
GLD.US,5,20251126,211500,383.14,383.2256,383.12,383.1625,15270,0
GLD.US,5,20251126,212000,383.1559,383.3998,383.14,383.36,57215,0
GLD.US,5,20251126,212500,383.32,383.36,383.17,383.19,40684,0
GLD.US,5,20251126,213000,383.18,383.34,383.07,383.2496,83966,0
GLD.US,5,20251126,213500,383.26,383.39,383.21,383.3,43964,0
GLD.US,5,20251126,214000,383.3,383.405,383.28,383.3,70196,0
GLD.US,5,20251126,214500,383.33,383.37,383.08,383.144,98053,0
GLD.US,5,20251126,215000,383.155,383.195,382.86,382.885,150554,0
GLD.US,5,20251126,215500,382.89,383.18,382.87,383.12,569991,0
GLD.US,5,20251128,153000,385.98,386.47,385.7885,386.16,114925,0
GLD.US,5,20251128,153500,386.2175,386.6,385.97,386.6,101068,0
GLD.US,5,20251128,154000,386.6,387.15,385.91,386.25,139129,0
GLD.US,5,20251128,154500,386.26,386.4702,385.84,386.04,132523,0
GLD.US,5,20251128,155000,386.05,386.59,385.99,386.15,82290,0
GLD.US,5,20251128,155500,386.12,386.44,385.93,386.11,55760,0
GLD.US,5,20251128,160000,386.19,386.2377,385.47,385.94,109488,0
GLD.US,5,20251128,160500,385.95,386.03,385.59,385.63,87928,0
GLD.US,5,20251128,161000,385.6577,385.6577,384.99,385.33,116222,0
GLD.US,5,20251128,161500,385.31,385.39,385.02,385.3,43334,0
GLD.US,5,20251128,162000,385.34,385.36,385.0928,385.34,103984,0
GLD.US,5,20251128,162500,385.37,386.13,385.32,386.05,55450,0
GLD.US,5,20251128,163000,386.05,386.2,385.78,386.03,59288,0
GLD.US,5,20251128,163500,386.0184,386.05,385.81,385.98,97883,0
GLD.US,5,20251128,164000,386.005,386.24,385.8,386.1198,59148,0
GLD.US,5,20251128,164500,386.1,386.45,385.98,386.16,81147,0
GLD.US,5,20251128,165000,386.15,386.39,386.15,386.34,85841,0
GLD.US,5,20251128,165500,386.35,386.74,386.18,386.7,82768,0
GLD.US,5,20251128,170000,386.72,386.92,386.46,386.63,103751,0
GLD.US,5,20251128,170500,386.66,386.8286,386.33,386.615,71754,0
GLD.US,5,20251128,171000,386.635,386.645,386.19,386.35,86237,0
GLD.US,5,20251128,171500,386.36,386.97,386.33,386.955,65251,0
GLD.US,5,20251128,172000,386.96,387.172,386.83,387.02,128401,0
GLD.US,5,20251128,172500,387.0284,387.39,386.8834,387.25,63972,0
GLD.US,5,20251128,173000,387.25,387.41,387.09,387.22,81511,0
GLD.US,5,20251128,173500,387.21,387.38,386.93,386.97,103781,0
GLD.US,5,20251128,174000,386.96,387.1,386.61,387.0286,57609,0
GLD.US,5,20251128,174500,387,387.3194,386.96,387.04,51560,0
GLD.US,5,20251128,175000,387.0786,387.21,386.945,387.115,63378,0
GLD.US,5,20251128,175500,387.1,387.15,386.855,386.97,54976,0
GLD.US,5,20251128,180000,386.99,387.37,386.94,387.29,78137,0
GLD.US,5,20251128,180500,387.28,387.47,387.11,387.44,52147,0
GLD.US,5,20251128,181000,387.49,387.51,386.8,387.07,93101,0
GLD.US,5,20251128,181500,387.07,387.24,386.91,387.205,110416,0
GLD.US,5,20251128,182000,387.2,387.27,387,387.08,90876,0
GLD.US,5,20251128,182500,387.09,387.15,386.94,386.9812,84198,0
GLD.US,5,20251128,183000,386.98,387.38,386.925,387.315,95412,0
GLD.US,5,20251128,183500,387.315,387.55,387.3,387.48,179866,0
GLD.US,5,20251128,184000,387.48,387.58,387.38,387.54,117341,0
GLD.US,5,20251128,184500,387.55,387.73,387.41,387.6177,141398,0
GLD.US,5,20251128,185000,387.63,387.85,387.62,387.8,302621,0
GLD.US,5,20251128,185500,387.8,387.94,387.35,387.9,390949,0
GLD.US,5,20251128,190000,387.89,388,387.82,387.88,616885,0
GLD.US,5,20251201,153000,390.61,390.7001,389.96,390.2,286024,0
GLD.US,5,20251201,153500,390.25,390.28,388.72,389.192,447446,0
GLD.US,5,20251201,154000,389.19,389.36,388.0605,388.545,485152,0
GLD.US,5,20251201,154500,388.53,389.65,388.34,389.395,308062,0
GLD.US,5,20251201,155000,389.37,390.11,389.19,390.09,272430,0
GLD.US,5,20251201,155500,390.0971,390.15,389.77,390.04,103655,0
GLD.US,5,20251201,160000,390.11,390.53,389.9,390.29,279636,0
GLD.US,5,20251201,160500,390.28,390.37,389.845,389.96,238388,0
GLD.US,5,20251201,161000,389.94,389.94,389.1,389.15,148030,0
GLD.US,5,20251201,161500,389.1815,389.26,388.29,388.68,211338,0
GLD.US,5,20251201,162000,388.65,388.945,388.1,388.52,159804,0
GLD.US,5,20251201,162500,388.56,388.9356,388.38,388.86,122251,0
GLD.US,5,20251201,163000,388.88,388.97,388.3012,388.84,117529,0
GLD.US,5,20251201,163500,388.8,389.6095,388.8,389.525,131285,0
GLD.US,5,20251201,164000,389.54,389.6734,388.775,388.95,148031,0
GLD.US,5,20251201,164500,388.94,389,388.29,388.91,102511,0
GLD.US,5,20251201,165000,388.87,389.23,388.565,389.175,69035,0
GLD.US,5,20251201,165500,389.16,389.42,388.95,389.29,66248,0
GLD.US,5,20251201,170000,389.29,389.57,389.19,389.3,57585,0
GLD.US,5,20251201,170500,389.32,389.82,389.3,389.785,101586,0
GLD.US,5,20251201,171000,389.82,390.04,389.55,389.7601,153971,0
GLD.US,5,20251201,171500,389.74,389.78,388.8,389.14,207180,0
GLD.US,5,20251201,172000,389.16,389.73,389.1,389.55,85431,0
GLD.US,5,20251201,172500,389.55,390.03,389.45,389.99,140138,0
GLD.US,5,20251201,173000,390,390.05,389.155,389.19,188332,0
GLD.US,5,20251201,173500,389.18,389.54,389.145,389.43,74710,0
GLD.US,5,20251201,174000,389.44,389.9399,389.3239,389.89,302689,0
GLD.US,5,20251201,174500,389.9,390.28,389.42,389.525,121819,0
GLD.US,5,20251201,175000,389.54,389.54,388.74,389.052,150421,0
GLD.US,5,20251201,175500,389.055,389.18,388.63,388.725,105119,0
GLD.US,5,20251201,180000,388.75,388.95,388.52,388.7051,90577,0
GLD.US,5,20251201,180500,388.73,389.21,388.455,388.9781,82198,0
GLD.US,5,20251201,181000,388.96,389.39,388.96,389.04,47363,0
GLD.US,5,20251201,181500,389.11,389.35,388.92,389.17,57560,0
GLD.US,5,20251201,182000,389.2,389.34,388.8,389.3025,33800,0
GLD.US,5,20251201,182500,389.2421,389.67,389.2,389.5301,39599,0
GLD.US,5,20251201,183000,389.58,389.8,389.56,389.59,45580,0
GLD.US,5,20251201,183500,389.6,389.94,389.55,389.75,100265,0
GLD.US,5,20251201,184000,389.73,389.89,389.58,389.87,51968,0
GLD.US,5,20251201,184500,389.89,389.98,389.42,389.49,56861,0
GLD.US,5,20251201,185000,389.48,389.48,389.13,389.29,50983,0
GLD.US,5,20251201,185500,389.31,389.395,389.08,389.269,16117,0
GLD.US,5,20251201,190000,389.29,389.61,389.29,389.61,37350,0
GLD.US,5,20251201,190500,389.62,389.85,389.61,389.71,52313,0
GLD.US,5,20251201,191000,389.705,389.71,389.39,389.62,91460,0
GLD.US,5,20251201,191500,389.63,389.91,389.54,389.7389,38851,0
GLD.US,5,20251201,192000,389.68,390,389.6547,389.81,62782,0
GLD.US,5,20251201,192500,389.76,390.1462,389.65,390.03,56399,0
GLD.US,5,20251201,193000,390.08,390.19,389.74,389.955,81547,0
GLD.US,5,20251201,193500,389.95,389.98,389.645,389.87,44528,0
GLD.US,5,20251201,194000,389.8501,390.22,389.8,390.17,70993,0
GLD.US,5,20251201,194500,390.1708,390.41,390.02,390.1837,115641,0
GLD.US,5,20251201,195000,390.1779,390.2199,389.7209,389.85,40264,0
GLD.US,5,20251201,195500,389.862,390.0969,389.81,389.99,287660,0
GLD.US,5,20251201,200000,390.005,390.12,389.72,390.041,48616,0
GLD.US,5,20251201,200500,389.98,390.02,389.8,389.91,36356,0
GLD.US,5,20251201,201000,389.92,389.9621,389.58,389.7563,44994,0
GLD.US,5,20251201,201500,389.76,389.79,389.65,389.76,41391,0
GLD.US,5,20251201,202000,389.77,389.94,389.64,389.84,71209,0
GLD.US,5,20251201,202500,389.85,390.19,389.8,390.14,53281,0
GLD.US,5,20251201,203000,390.12,390.12,389.83,389.915,63546,0
GLD.US,5,20251201,203500,389.94,390.3396,389.91,390.12,62576,0
GLD.US,5,20251201,204000,390.13,390.16,389.39,389.39,53863,0
GLD.US,5,20251201,204500,389.39,389.6999,389.26,389.535,63195,0
GLD.US,5,20251201,205000,389.535,389.61,388.97,389.2699,72235,0
GLD.US,5,20251201,205500,389.26,389.675,389.16,389.675,50325,0
GLD.US,5,20251201,210000,389.69,389.76,389.585,389.75,34405,0
GLD.US,5,20251201,210500,389.75,389.85,389.5,389.59,60742,0
GLD.US,5,20251201,211000,389.57,390.05,389.57,389.83,62389,0
GLD.US,5,20251201,211500,389.81,389.8756,389.5752,389.6299,61433,0
GLD.US,5,20251201,212000,389.61,389.89,389.51,389.835,53802,0
GLD.US,5,20251201,212500,389.82,389.82,389.57,389.74,56594,0
GLD.US,5,20251201,213000,389.75,389.84,389.53,389.68,59557,0
GLD.US,5,20251201,213500,389.7,390.08,389.66,390.03,95954,0
GLD.US,5,20251201,214000,390.05,390.075,389.84,390.02,91364,0
GLD.US,5,20251201,214500,390.02,390.04,389.67,389.8,64087,0
GLD.US,5,20251201,215000,389.82,389.945,389.59,389.75,138599,0
GLD.US,5,20251201,215500,389.74,389.83,389.45,389.71,319112,0
GLD.US,5,20251202,153000,388.55,388.685,388.52,388.675,9146,0
GLD.US,5,20251202,153500,388.68,388.8986,388.62,388.75,25683,0
GLD.US,5,20251202,160500,387.4,387.44,387.13,387.13,22460,0
GLD.US,5,20251202,161000,387.13,387.23,386.64,386.8,109999,0
GLD.US,5,20251202,161500,386.79,387.03,385.95,386.1,182255,0
GLD.US,5,20251202,162000,386.07,386.18,385.46,385.56,184409,0
GLD.US,5,20251202,162500,385.6,385.7365,385.02,385.14,145428,0
GLD.US,5,20251202,163000,385.105,385.37,384.68,384.75,136179,0
GLD.US,5,20251202,163500,384.75,385.2425,384.42,385.192,194695,0
GLD.US,5,20251202,164000,385.225,385.52,385.14,385.3,195135,0
GLD.US,5,20251202,164500,385.22,385.29,384.605,384.91,76736,0
GLD.US,5,20251202,165000,384.95,385.08,383.62,383.64,170122,0
GLD.US,5,20251202,165500,383.65,384.07,382.9103,383.42,307981,0
GLD.US,5,20251202,170000,383.46,383.86,383.24,383.5332,133912,0
GLD.US,5,20251202,170500,383.51,384.01,383.49,383.99,110410,0
GLD.US,5,20251202,171000,383.9578,384.27,383.59,384.23,111808,0
GLD.US,5,20251202,171500,384.15,384.19,383.632,384.15,98946,0
GLD.US,5,20251202,172000,384.145,384.39,383.8,384.0723,49341,0
GLD.US,5,20251202,172500,384.065,384.4,384.05,384.145,63725,0
GLD.US,5,20251202,173000,384.13,384.75,384.13,384.68,123438,0
GLD.US,5,20251202,173500,384.67,385.24,384.67,385.02,86866,0
GLD.US,5,20251202,174000,385,385.3375,384.93,384.98,74252,0
GLD.US,5,20251202,174500,385,385.16,384.79,385.03,52373,0
GLD.US,5,20251202,175000,385.04,385.1456,384.795,385.06,83804,0
GLD.US,5,20251202,175500,385.03,385.1099,384.4595,384.84,37783,0
GLD.US,5,20251202,180000,384.86,385.53,384.86,385.27,82283,0
GLD.US,5,20251202,180500,385.2955,385.37,385.095,385.19,69066,0
GLD.US,5,20251202,181000,385.21,385.23,384.8801,385.085,21165,0
GLD.US,5,20251202,181500,385.125,385.51,385.09,385.495,22877,0
GLD.US,5,20251202,182000,385.5,385.6225,385.38,385.525,33254,0
GLD.US,5,20251202,182500,385.49,385.63,385.33,385.585,25787,0
GLD.US,5,20251202,183000,385.58,385.92,385.555,385.695,26835,0
GLD.US,5,20251202,183500,385.6935,385.72,385.45,385.68,45590,0
GLD.US,5,20251202,184000,385.68,385.715,385.3725,385.61,36396,0
GLD.US,5,20251202,184500,385.63,385.977,385.63,385.9202,25271,0
GLD.US,5,20251202,185000,385.91,385.92,385.75,385.7738,20835,0
GLD.US,5,20251202,185500,385.7673,385.86,385.67,385.69,28331,0
GLD.US,5,20251202,190000,385.67,385.9638,385.67,385.84,20925,0
GLD.US,5,20251202,190500,385.8,385.96,385.64,385.65,27561,0
GLD.US,5,20251202,191000,385.63,385.74,385.43,385.54,50794,0
GLD.US,5,20251202,191500,385.55,385.8,385.3,385.77,63349,0
GLD.US,5,20251202,192000,385.73,385.83,385.63,385.68,26226,0
GLD.US,5,20251202,192500,385.6,385.63,385.25,385.3,56950,0
GLD.US,5,20251202,193000,385.27,385.49,385.1,385.1102,52097,0
GLD.US,5,20251202,193500,385.1678,385.17,384.727,385.07,64792,0
GLD.US,5,20251202,194000,385.06,385.15,384.94,385.088,25478,0
GLD.US,5,20251202,194500,385.07,385.16,384.93,385.04,53515,0
GLD.US,5,20251202,195000,385.03,385.34,384.97,385.24,67755,0
GLD.US,5,20251202,195500,385.26,385.49,385.1,385.4,22640,0
GLD.US,5,20251202,200000,385.41,385.83,385.41,385.8005,67561,0
GLD.US,5,20251202,200500,385.82,385.99,385.7453,385.91,60169,0
GLD.US,5,20251202,201000,385.92,386.1,385.86,385.975,33998,0
GLD.US,5,20251202,201500,386,386.1,385.93,385.9359,50376,0
GLD.US,5,20251202,202000,385.9,385.922,385.65,385.86,28479,0
GLD.US,5,20251202,202500,385.83,386.12,385.77,386.015,21459,0
GLD.US,5,20251202,203000,386.02,386.26,385.9816,386.045,16819,0
GLD.US,5,20251202,203500,386.03,386.03,385.66,385.8504,19466,0
GLD.US,5,20251202,204000,385.8473,386.09,385.82,385.8325,47989,0
GLD.US,5,20251202,204500,385.84,386.14,385.77,385.998,35200,0
GLD.US,5,20251202,205000,385.98,386.09,385.975,386.01,35208,0
GLD.US,5,20251202,205500,386.02,386.35,385.75,385.97,94965,0
GLD.US,5,20251202,210000,385.99,386.29,385.94,386.08,48269,0
GLD.US,5,20251202,210500,386.04,386.11,385.78,386.01,24263,0
GLD.US,5,20251202,211000,386.01,386.11,385.88,386.07,27823,0
GLD.US,5,20251202,211500,386.095,386.15,385.89,386.04,34073,0
GLD.US,5,20251202,212000,386.045,386.085,385.9,385.9874,33856,0
GLD.US,5,20251202,212500,385.985,386.21,385.985,386.15,28132,0
GLD.US,5,20251202,213000,386.14,386.66,386.14,386.66,70318,0
GLD.US,5,20251202,213500,386.655,387.32,386.63,387.21,83823,0
GLD.US,5,20251202,214000,387.21,387.4,387.14,387.15,104667,0
GLD.US,5,20251202,214500,387.17,387.42,387.09,387.29,129976,0
GLD.US,5,20251202,215000,387.28,387.3195,386.97,387.02,107538,0
GLD.US,5,20251202,215500,387.005,387.33,387.005,387.19,516983,0
GLD.US,5,20251203,153000,388.49,389.9399,388.42,389.89,190501,0
GLD.US,5,20251203,153500,389.88,390.1293,388.9,389.44,300489,0
GLD.US,5,20251203,154000,389.42,389.55,388.7011,388.75,140003,0
GLD.US,5,20251203,154500,388.73,388.75,387.94,387.94,149374,0
GLD.US,5,20251203,155000,387.93,388.14,386.96,387.12,302806,0
GLD.US,5,20251203,155500,387.16,387.67,386.7716,387.43,105598,0
GLD.US,5,20251203,160000,387.39,387.74,386.8211,387.71,138085,0
GLD.US,5,20251203,160500,387.71,388.06,387.44,387.77,87982,0
GLD.US,5,20251203,161000,387.815,388.04,387.49,387.86,55119,0
GLD.US,5,20251203,161500,387.87,388.55,387.76,388.32,112175,0
GLD.US,5,20251203,162000,388.31,388.338,387.95,388.27,46481,0
GLD.US,5,20251203,162500,388.27,388.43,388.1269,388.29,53466,0
GLD.US,5,20251203,163000,388.22,388.9,388.19,388.9,85973,0
GLD.US,5,20251203,163500,388.9,388.95,388.6,388.66,41870,0
GLD.US,5,20251203,164000,388.64,388.91,388.59,388.8,36201,0
GLD.US,5,20251203,164500,388.785,388.85,388.6201,388.69,45819,0
GLD.US,5,20251203,165000,388.67,388.67,387.855,388.21,79214,0
GLD.US,5,20251203,165500,388.215,388.33,387.57,387.7302,63042,0
GLD.US,5,20251203,170000,387.76,388.26,387.55,388.1775,51874,0
GLD.US,5,20251203,170500,388.17,388.3,387.72,387.89,52874,0
GLD.US,5,20251203,171000,387.875,388.19,387.72,388.04,35263,0
GLD.US,5,20251203,171500,388,388,387.6,387.79,46461,0
GLD.US,5,20251203,172000,387.73,387.9,387.42,387.77,58161,0
GLD.US,5,20251203,172500,387.785,388.04,387.71,387.97,51852,0
GLD.US,5,20251203,173000,388,388.4,387.94,388.35,93754,0
GLD.US,5,20251203,173500,388.38,388.56,388.17,388.27,30761,0
GLD.US,5,20251203,174000,388.2637,388.379,388.08,388.139,37958,0
GLD.US,5,20251203,174500,388.14,388.18,387.69,387.75,86796,0
GLD.US,5,20251203,175000,387.74,387.8283,386.82,386.844,91544,0
GLD.US,5,20251203,175500,386.86,386.86,385.91,386.415,128082,0
GLD.US,5,20251203,180000,386.35,386.92,386.32,386.88,57750,0
GLD.US,5,20251203,180500,386.865,387.115,386.6,387.02,51188,0
GLD.US,5,20251203,181000,387.04,387.41,386.9,387.3,56977,0
GLD.US,5,20251203,181500,387.31,387.4281,387.12,387.39,34723,0
GLD.US,5,20251203,182000,387.3801,387.47,387.17,387.27,15618,0
GLD.US,5,20251203,182500,387.27,387.2899,386.94,387.06,15816,0
GLD.US,5,20251203,183000,387.1,387.3099,387.02,387.11,59293,0
GLD.US,5,20251203,183500,387.0975,387.66,386.97,387.52,66562,0
GLD.US,5,20251203,184000,387.48,387.5863,387.245,387.395,48451,0
GLD.US,5,20251203,184500,387.405,387.6,387.39,387.48,25242,0
GLD.US,5,20251203,185000,387.44,387.46,387.005,387.3207,72912,0
GLD.US,5,20251203,185500,387.3,387.43,387.225,387.3,36181,0
GLD.US,5,20251203,190000,387.29,387.32,386.92,386.9453,23165,0
GLD.US,5,20251203,190500,386.9316,387.03,386.58,386.79,79619,0
GLD.US,5,20251203,191000,386.775,386.783,386.47,386.6584,37497,0
GLD.US,5,20251203,191500,386.66,386.83,386.35,386.41,44846,0
GLD.US,5,20251203,192000,386.42,386.47,386.16,386.17,106257,0
GLD.US,5,20251203,192500,386.19,386.48,386.09,386.4,96199,0
GLD.US,5,20251203,193000,386.4,386.85,386.4,386.785,173298,0
GLD.US,5,20251203,193500,386.78,386.84,386.25,386.58,83915,0
GLD.US,5,20251203,194000,386.56,386.75,386.43,386.67,55911,0
GLD.US,5,20251203,194500,386.69,386.75,386.56,386.57,26526,0
GLD.US,5,20251203,195000,386.57,386.59,385.83,385.96,48577,0
GLD.US,5,20251203,195500,386.01,386.15,385.83,385.98,45063,0
GLD.US,5,20251203,200000,386.017,386.62,386.0014,386.3825,92321,0
GLD.US,5,20251203,200500,386.39,386.52,386.29,386.4,74874,0
GLD.US,5,20251203,201000,386.4199,386.6,386.22,386.36,69487,0
GLD.US,5,20251203,201500,386.37,386.6925,386.34,386.65,18119,0
GLD.US,5,20251203,202000,386.63,386.63,386.5,386.6187,25475,0
GLD.US,5,20251203,202500,386.62,386.86,386.57,386.805,24441,0
GLD.US,5,20251203,203000,386.805,386.86,386.68,386.7325,38843,0
GLD.US,5,20251203,203500,386.76,387.03,386.7375,386.9901,59570,0
GLD.US,5,20251203,204000,386.99,387.1601,386.99,387.07,45561,0
GLD.US,5,20251203,204500,387.05,387.12,386.98,387.09,41435,0
GLD.US,5,20251203,205000,387.09,387.17,386.97,387,29723,0
GLD.US,5,20251203,205500,386.9922,387.1,386.98,387,49541,0
GLD.US,5,20251203,210000,387.01,387.21,386.97,387.074,31852,0
GLD.US,5,20251203,210500,387.1,387.42,387.08,387.31,24206,0
GLD.US,5,20251203,211000,387.31,387.43,387.21,387.28,37270,0
GLD.US,5,20251203,211500,387.29,387.29,387.15,387.21,21188,0
GLD.US,5,20251203,212000,387.21,387.33,387.02,387.05,44420,0
GLD.US,5,20251203,212500,387.05,387.22,387,387.2,41436,0
GLD.US,5,20251203,213000,387.19,387.2599,386.97,387.06,49716,0
GLD.US,5,20251203,213500,387.07,387.26,387.06,387.2199,24020,0
GLD.US,5,20251203,214000,387.19,387.27,387.04,387.06,55779,0
GLD.US,5,20251203,214500,387.07,387.09,386.86,386.89,52849,0
GLD.US,5,20251203,215000,386.92,387.03,386.814,386.895,70589,0
GLD.US,5,20251203,215500,386.9,386.94,386.61,386.88,308388,0
GLD.US,5,20251204,153000,386.92,387.38,386.59,387.082,177833,0
GLD.US,5,20251204,153500,387.025,387.16,386.223,386.37,109851,0
GLD.US,5,20251204,154000,386.35,386.5199,385.59,386.18,132112,0
GLD.US,5,20251204,154500,386.16,386.47,385.8901,386.4699,45856,0
GLD.US,5,20251204,155000,386.4475,386.66,385.93,386.59,52295,0
GLD.US,5,20251204,155500,386.59,386.93,386.15,386.291,69081,0
GLD.US,5,20251204,160000,386.25,386.46,385.45,385.64,196276,0
GLD.US,5,20251204,160500,385.55,386.15,385.4,386.06,269205,0
GLD.US,5,20251204,161000,386.05,386.48,386.02,386.4,162850,0
GLD.US,5,20251204,161500,386.41,386.73,386.265,386.62,148230,0
GLD.US,5,20251204,162000,386.59,386.74,386.425,386.6,63342,0
GLD.US,5,20251204,162500,386.58,386.75,386.21,386.67,59814,0
GLD.US,5,20251204,163000,386.69,386.98,386.605,386.98,37242,0
GLD.US,5,20251204,163500,387,387.1,386.79,386.81,80957,0
GLD.US,5,20251204,164000,386.84,386.9095,386.6901,386.76,40671,0
GLD.US,5,20251204,164500,386.78,386.87,386.4,386.735,24187,0
GLD.US,5,20251204,165000,386.71,386.8937,386.53,386.86,18908,0
GLD.US,5,20251204,165500,386.835,386.93,386.73,386.835,79771,0
GLD.US,5,20251204,170000,386.85,387.31,386.85,386.85,110365,0
GLD.US,5,20251204,170500,386.81,387.44,386.76,387.435,67687,0
GLD.US,5,20251204,171000,387.45,387.55,387.1,387.1,45057,0
GLD.US,5,20251204,171500,387.1,388,387.0412,387.74,79386,0
GLD.US,5,20251204,172000,387.75,387.93,387.57,387.86,77366,0
GLD.US,5,20251204,172500,387.84,387.93,387.62,387.68,46098,0
GLD.US,5,20251204,173000,387.67,387.71,387.47,387.4996,48068,0
GLD.US,5,20251204,173500,387.495,387.58,386.97,387.095,94274,0
GLD.US,5,20251204,174000,387.08,387.14,386.84,387.12,75156,0
GLD.US,5,20251204,174500,387.13,387.355,387.07,387.296,61318,0
GLD.US,5,20251204,175000,387.295,387.4799,387.26,387.45,42841,0
GLD.US,5,20251204,175500,387.47,387.7,387.43,387.6,52018,0
GLD.US,5,20251204,180000,387.615,387.7,387.3501,387.3501,29677,0
GLD.US,5,20251204,180500,387.365,387.385,387.02,387.11,58929,0
GLD.US,5,20251204,181000,387.12,387.274,387,387.17,25086,0
GLD.US,5,20251204,181500,387.17,387.39,386.96,387.34,48075,0
GLD.US,5,20251204,182000,387.335,387.42,387.225,387.3,22998,0
GLD.US,5,20251204,182500,387.3,387.32,387.14,387.175,21297,0
GLD.US,5,20251204,183000,387.16,387.24,387.04,387.1979,13665,0
GLD.US,5,20251204,183500,387.18,387.488,387.16,387.38,13647,0
GLD.US,5,20251204,184000,387.39,387.41,387.31,387.3931,26258,0
GLD.US,5,20251204,184500,387.385,387.66,387.385,387.635,24215,0
GLD.US,5,20251204,185000,387.6447,387.79,387.635,387.74,30938,0
GLD.US,5,20251204,185500,387.72,387.76,387.65,387.69,23620,0
GLD.US,5,20251204,190000,387.71,387.76,387.57,387.59,32119,0
GLD.US,5,20251204,190500,387.56,387.562,387.09,387.3399,25749,0
GLD.US,5,20251204,191000,387.305,387.44,387.295,387.42,9769,0
GLD.US,5,20251204,191500,387.44,387.6,387.3,387.424,27309,0
GLD.US,5,20251204,192000,387.405,387.5499,387.35,387.44,21706,0
GLD.US,5,20251204,192500,387.44,387.47,387.29,387.39,27899,0
GLD.US,5,20251204,193000,387.365,387.38421,387.12,387.2,20110,0
GLD.US,5,20251204,193500,387.17,387.3612,387.08,387.3,26892,0
GLD.US,5,20251204,194000,387.26,387.33,387.16,387.22,27790,0
GLD.US,5,20251204,194500,387.22,387.29,387.02,387.125,26500,0
GLD.US,5,20251204,195000,387.1,387.1785,386.97,387.1,21187,0
GLD.US,5,20251204,195500,387.09,387.27,386.84,386.8874,39314,0
GLD.US,5,20251204,200000,386.91,387.0642,386.84,386.95,41805,0
GLD.US,5,20251204,200500,386.9001,387.02,386.265,386.4,79938,0
GLD.US,5,20251204,201000,386.36,386.53,386.13,386.5,33323,0
GLD.US,5,20251204,201500,386.51,386.71,386.43,386.4995,13590,0
GLD.US,5,20251204,202000,386.55,386.58,386.23,386.47,21948,0
GLD.US,5,20251204,202500,386.4788,386.77,386.4788,386.62,33704,0
GLD.US,5,20251204,203000,386.6,386.94,386.57,386.9,15102,0
GLD.US,5,20251204,203500,386.925,387.12,386.9,387.055,52207,0
GLD.US,5,20251204,204000,387.07,387.14,386.87,386.93,65497,0
GLD.US,5,20251204,204500,386.95,387,386.75,386.84,25467,0
GLD.US,5,20251204,205000,386.87,386.9,386.78,386.82,14550,0
GLD.US,5,20251204,205500,386.83,387.04,386.78,387.02,19991,0
GLD.US,5,20251204,210000,387.01,387.01,386.84,386.87,18242,0
GLD.US,5,20251204,210500,386.8901,386.99,386.8,386.99,20060,0
GLD.US,5,20251204,211000,386.98,387,386.84,386.865,19395,0
GLD.US,5,20251204,211500,386.85,386.95,386.76,386.95,16918,0
GLD.US,5,20251204,212000,386.93,387.13,386.93,387.06,64345,0
GLD.US,5,20251204,212500,387.05,387.06,386.85,386.92,40584,0
GLD.US,5,20251204,213000,386.91,386.94,386.8,386.88,29374,0
GLD.US,5,20251204,213500,386.86,386.89,386.69,386.75,50114,0
GLD.US,5,20251204,214000,386.73,386.87,386.7223,386.84,40348,0
GLD.US,5,20251204,214500,386.84,387.07,386.83,386.91,42562,0
GLD.US,5,20251204,215000,386.91,387.05,386.85,386.87,53602,0
GLD.US,5,20251204,215500,386.88,387.16,386.84,387.11,287357,0
GLD.US,5,20251205,153000,389.16,389.26,388.92,389.05,136671,0
GLD.US,5,20251205,153500,389.04,389.3625,388.85,389.26,135192,0
GLD.US,5,20251205,154000,389.27,389.64,389.15,389.6184,63845,0
GLD.US,5,20251205,154500,389.64,390.22,389.4915,390.21,263555,0
GLD.US,5,20251205,155000,390.21,390.49,390.07,390.47,144252,0
GLD.US,5,20251205,155500,390.5,390.53,390.04,390.17,174445,0
GLD.US,5,20251205,160000,390.18,390.3496,389.69,389.94,167410,0
GLD.US,5,20251205,160500,389.9599,389.9599,389.41,389.71,97914,0
GLD.US,5,20251205,161000,389.78,390,389.68,389.92,107378,0
GLD.US,5,20251205,161500,389.945,390.2,389.77,390.16,107407,0
GLD.US,5,20251205,162000,390.16,390.72,390.15,390.39,225416,0
GLD.US,5,20251205,162500,390.4,390.8,390.24,390.76,95765,0
GLD.US,5,20251205,163000,390.8,391.26,390.52,391.1,171522,0
GLD.US,5,20251205,163500,391.12,391.735,391.06,391.55,133570,0
GLD.US,5,20251205,164000,391.56,391.6464,391.17,391.2466,190542,0
GLD.US,5,20251205,164500,391.27,391.36,390.5937,390.81,149253,0
GLD.US,5,20251205,165000,390.78,390.8,390.0337,390.31,170076,0
GLD.US,5,20251205,165500,390.29,390.4,389.76,390.345,96074,0
GLD.US,5,20251205,170000,390.37,390.52,389.83,389.93,86505,0
GLD.US,5,20251205,170500,389.915,389.915,388.69,388.69,194767,0
GLD.US,5,20251205,171000,388.72,388.76,386.56,386.6,479020,0
GLD.US,5,20251205,171500,386.55,387.2,386.4,386.74,243392,0
GLD.US,5,20251205,172000,386.74,387.41,386.19,387.18,325710,0
GLD.US,5,20251205,172500,387.1645,388,387.03,387.82,135779,0
GLD.US,5,20251205,173000,387.82,387.83,386.95,387.57,179551,0
GLD.US,5,20251205,173500,387.57,387.87,387.31,387.38,76699,0
GLD.US,5,20251205,174000,387.4,387.58,387.11,387.2551,175657,0
GLD.US,5,20251205,174500,387.26,387.4,386.98,387.39,67474,0
GLD.US,5,20251205,175000,387.4,387.743,387.4,387.73,70178,0
GLD.US,5,20251205,175500,387.72,387.8997,387.58,387.59,119427,0
GLD.US,5,20251205,180000,387.54,387.83,387.18,387.76,82349,0
GLD.US,5,20251205,180500,387.735,387.9371,387.645,387.7,48002,0
GLD.US,5,20251205,181000,387.67,387.76,387.44,387.615,70960,0
GLD.US,5,20251205,181500,387.6,387.92,387.47,387.82,44398,0
GLD.US,5,20251205,182000,387.78,387.87,387.58,387.642,51777,0
GLD.US,5,20251205,182500,387.63,387.87,387.54,387.8,41685,0
GLD.US,5,20251205,183000,387.91,388.12,387.38,387.44,45779,0
GLD.US,5,20251205,183500,387.4,387.4,386.81,387.25,204455,0
GLD.US,5,20251205,184000,387.232,387.59,387.04,387.5487,32971,0
GLD.US,5,20251205,184500,387.58,387.6399,387.42,387.6399,12213,0
GLD.US,5,20251205,185000,387.68,388,387.68,387.87,16137,0
GLD.US,5,20251205,185500,387.8188,387.96,387.7,387.88,10861,0
GLD.US,5,20251205,190000,387.85,387.92,387.66,387.79,17686,0
GLD.US,5,20251205,190500,387.78,387.99,387.66,387.99,37322,0
GLD.US,5,20251205,191000,387.94,387.94,387.79,387.8995,72623,0
GLD.US,5,20251205,191500,387.92,388.04,387.665,387.7381,21206,0
GLD.US,5,20251205,192000,387.7125,387.74,387.38,387.41,35978,0
GLD.US,5,20251205,192500,387.41,387.47,387.1501,387.42,79870,0
GLD.US,5,20251205,193000,387.39,387.67,387.28,387.57,28598,0
GLD.US,5,20251205,193500,387.54,387.61,387.295,387.5643,29785,0
GLD.US,5,20251205,194000,387.5555,387.57,387.11,387.31,47409,0
GLD.US,5,20251205,194500,387.33,387.4991,387.24,387.46,16224,0
GLD.US,5,20251205,195000,387.45,387.47,387.07,387.225,29167,0
GLD.US,5,20251205,195500,387.2,387.23,386.85,387.06,47101,0
GLD.US,5,20251205,200000,387.03,387.24,386.81,387.1199,51774,0
GLD.US,5,20251205,200500,387.11,387.13,386.55,386.795,39033,0
GLD.US,5,20251205,201000,386.795,387.11,386.73,387.01,57492,0
GLD.US,5,20251205,201500,387,387,386.78,386.8001,44484,0
GLD.US,5,20251205,202000,386.8,386.9699,386.74,386.745,46878,0
GLD.US,5,20251205,202500,386.76,387.14,386.74,387.12,60662,0
GLD.US,5,20251205,203000,387.12,387.209,386.9,387.0571,63761,0
GLD.US,5,20251205,203500,387.05,387.11,386.785,386.85,45548,0
GLD.US,5,20251205,204000,386.84,386.84,386.63,386.75,63227,0
GLD.US,5,20251205,204500,386.77,386.8,386.44,386.75,102779,0
GLD.US,5,20251205,205000,386.74,386.98,386.74,386.83,37328,0
GLD.US,5,20251205,205500,386.85,387.04,386.85,386.93,47456,0
GLD.US,5,20251205,210000,386.94,386.95,386.6,386.63,89961,0
GLD.US,5,20251205,210500,386.63,386.655,386.51,386.58,43920,0
GLD.US,5,20251205,211000,386.58,386.73,386.52,386.66,32012,0
GLD.US,5,20251205,211500,386.67,386.83,386.58,386.68,76828,0
GLD.US,5,20251205,212000,386.68,386.89,386.68,386.8475,43273,0
GLD.US,5,20251205,212500,386.86,386.88,386.51,386.51,95033,0
GLD.US,5,20251205,213000,386.5,386.7499,386.46,386.63,77755,0
GLD.US,5,20251205,213500,386.63,386.66,386.4,386.45,52708,0
GLD.US,5,20251205,214000,386.45,386.46,386.24,386.37,82342,0
GLD.US,5,20251205,214500,386.35,386.44,386.175,386.31,81611,0
GLD.US,5,20251205,215000,386.32,386.45,386.24,386.33,80508,0
GLD.US,5,20251205,215500,386.34,386.52,386.26,386.44,409768,0
GLD.US,5,20251208,153000,387.07,387.2418,386.61,386.815,111212,0
GLD.US,5,20251208,153500,386.81,386.94,386.43,386.65,110256,0
GLD.US,5,20251208,154000,386.71,386.84,386.08,386.1,69219,0
GLD.US,5,20251208,154500,386.0643,386.5399,385.78,386.39,85056,0
GLD.US,5,20251208,155000,386.37,386.6266,386.28,386.36,110016,0
GLD.US,5,20251208,155500,386.4,387.2199,385.75,385.9,449433,0
GLD.US,5,20251208,160000,385.89,385.92,385,385.2,202770,0
GLD.US,5,20251208,160500,385.14,385.14,384.14,384.39,198459,0
GLD.US,5,20251208,161000,384.414,384.9362,384.21,384.265,132392,0
GLD.US,5,20251208,161500,384.26,385.12,384.01,384.98,127298,0
GLD.US,5,20251208,162000,385.01,385.61,384.99,385.6,65675,0
GLD.US,5,20251208,162500,385.5805,385.76,385.2323,385.475,232154,0
GLD.US,5,20251208,163000,385.475,385.5899,385.16,385.24,82273,0
GLD.US,5,20251208,163500,385.31,385.54,385.06,385.27,40297,0
GLD.US,5,20251208,164000,385.26,385.358,384.89,385.025,50971,0
GLD.US,5,20251208,164500,385.06,385.31,384.96,385.09,68176,0
GLD.US,5,20251208,165000,385.11,385.21,384.78,384.87,38691,0
GLD.US,5,20251208,165500,384.81,384.88,384.58,384.72,42149,0
GLD.US,5,20251208,170000,384.67,384.67,384.25,384.33,43966,0
GLD.US,5,20251208,170500,384.325,384.68,384.3,384.5,61150,0
GLD.US,5,20251208,171000,384.4942,384.7655,384.11,384.76,75202,0
GLD.US,5,20251208,171500,384.74,385.3388,384.65,385.33,103782,0
GLD.US,5,20251208,172000,385.32,385.6,385.2101,385.53,69730,0
GLD.US,5,20251208,172500,385.5299,385.9,385.45,385.8,80714,0
GLD.US,5,20251208,173000,385.8,386.02,385.7601,385.915,42525,0
GLD.US,5,20251208,173500,385.88,385.93,385.72,385.76,29586,0
GLD.US,5,20251208,174000,385.7309,385.81,385.56,385.675,35008,0
GLD.US,5,20251208,174500,385.68,385.84,385.5,385.5,38713,0
GLD.US,5,20251208,175000,385.5,385.595,385.15,385.29,39641,0
GLD.US,5,20251208,175500,385.31,385.5,385.2575,385.44,17416,0
GLD.US,5,20251208,180000,385.47,385.4895,384.92,385.02,30917,0
GLD.US,5,20251208,180500,385,385.25,384.96,385.19,73477,0
GLD.US,5,20251208,181000,385.19,385.3,384.89,385.03,46334,0
GLD.US,5,20251208,181500,385.08,385.42,384.99,385.33,26519,0
GLD.US,5,20251208,182000,385.34,385.445,385.18,385.4425,26659,0
GLD.US,5,20251208,182500,385.46,385.52,385.21,385.51,19869,0
GLD.US,5,20251208,183000,385.51,385.7,385.39,385.47,82898,0
GLD.US,5,20251208,183500,385.43,385.51,385.335,385.38,24738,0
GLD.US,5,20251208,184000,385.37,385.4,385.25,385.25,35530,0
GLD.US,5,20251208,184500,385.24,385.48,385.1415,385.48,32736,0
GLD.US,5,20251208,185000,385.48,385.76,385.43,385.65,27544,0
GLD.US,5,20251208,185500,385.66,385.84,385.61,385.77,27623,0
GLD.US,5,20251208,190000,385.79,385.85,385.505,385.54,35485,0
GLD.US,5,20251208,190500,385.515,385.61,385.413,385.51,41564,0
GLD.US,5,20251208,191000,385.54,385.55,385.185,385.26,38520,0
GLD.US,5,20251208,191500,385.25,385.36,385.12,385.2,26512,0
GLD.US,5,20251208,192000,385.195,385.23,385.06,385.16,31226,0
GLD.US,5,20251208,192500,385.17,385.22,385.03,385.21,30298,0
GLD.US,5,20251208,193000,385.21,385.25,385.04,385.23,32538,0
GLD.US,5,20251208,193500,385.22,385.48,385.22,385.41,25969,0
GLD.US,5,20251208,194000,385.43,385.45,385.23,385.28,17343,0
GLD.US,5,20251208,194500,385.2774,385.5,385.24,385.26,54597,0
GLD.US,5,20251208,195000,385.27,385.43,385.22,385.26,23752,0
GLD.US,5,20251208,195500,385.25,385.25,384.8,385.04,48352,0
GLD.US,5,20251208,200000,385.03,385.18,384.76,384.87,25306,0
GLD.US,5,20251208,200500,384.86,385.08,384.83,385.03,47217,0
GLD.US,5,20251208,201000,385,385.01,384.78,384.8435,26837,0
GLD.US,5,20251208,201500,384.85,385.18,384.76,385.17,35705,0
GLD.US,5,20251208,202000,385.13,385.1638,384.96,385.015,24583,0
GLD.US,5,20251208,202500,385.03,385.09,384.9,385.09,43123,0
GLD.US,5,20251208,203000,385.09,385.19,384.93,385.19,40990,0
GLD.US,5,20251208,203500,385.16,385.25,385.03,385.07,21564,0
GLD.US,5,20251208,204000,385.0732,385.15,385.01,385.04,16249,0
GLD.US,5,20251208,204500,385.02,385.0265,384.85,384.98,25195,0
GLD.US,5,20251208,205000,384.97,385.09,384.87,384.98,27768,0
GLD.US,5,20251208,205500,384.98,385.04,384.93,385.04,21910,0
GLD.US,5,20251208,210000,385.02,385.06,384.9,384.9,64876,0
GLD.US,5,20251208,210500,384.89,385.3,384.84,385.22,43358,0
GLD.US,5,20251208,211000,385.21,385.4,385.1901,385.21,39612,0
GLD.US,5,20251208,211500,385.22,385.435,385.07,385.3327,40298,0
GLD.US,5,20251208,212000,385.32,385.46,385.24,385.25,31081,0
GLD.US,5,20251208,212500,385.24,385.3199,385.16,385.25,63491,0
GLD.US,5,20251208,213000,385.25,385.6,385.25,385.46,53195,0
GLD.US,5,20251208,213500,385.491,385.66,385.43,385.66,54232,0
GLD.US,5,20251208,214000,385.65,385.81,385.64,385.69,71859,0
GLD.US,5,20251208,214500,385.69,385.73,385.59,385.67,101486,0
GLD.US,5,20251208,215000,385.69,385.7,385.4501,385.49,89369,0
GLD.US,5,20251208,215500,385.49,385.595,385.33,385.42,503981,0
GLD.US,5,20251209,153000,385.63,386.69,385.54,386.31,141328,0
GLD.US,5,20251209,153500,386.32,386.5,385.78,385.97,121639,0
GLD.US,5,20251209,154000,385.99,386.85,385.96,386.78,99131,0
GLD.US,5,20251209,154500,386.7932,386.865,386.48,386.74,135194,0
GLD.US,5,20251209,155000,386.76,387.19,386.69,386.94,106967,0
GLD.US,5,20251209,155500,386.96,387,386.45,386.68,83176,0
GLD.US,5,20251209,160000,386.66,386.66,385.97,386.25,166933,0
GLD.US,5,20251209,160500,386.245,386.365,385.64,385.66,110890,0
GLD.US,5,20251209,161000,385.64,386.02,385.27,385.85,69271,0
GLD.US,5,20251209,161500,385.8374,386.16,385.8374,386.12,49399,0
GLD.US,5,20251209,162000,386.1,386.8,386.0215,386.71,82546,0
GLD.US,5,20251209,162500,386.7115,387.06,386.59,386.8201,162290,0
GLD.US,5,20251209,163000,386.86,386.8689,386.475,386.63,62203,0
GLD.US,5,20251209,163500,386.66,387.05,386.65,386.77,89921,0
GLD.US,5,20251209,164000,386.75,386.83,386.55,386.7024,66898,0
GLD.US,5,20251209,164500,386.67,386.67,386.1,386.425,63749,0
GLD.US,5,20251209,165000,386.45,386.53,386.25,386.46,44917,0
GLD.US,5,20251209,165500,386.48,387.75,386.48,387.4,124909,0
GLD.US,5,20251209,170000,387.3999,387.8,387.15,387.74,148837,0
GLD.US,5,20251209,170500,387.77,387.87,387.38,387.5725,122277,0
GLD.US,5,20251209,171000,387.56,388.115,387.48,387.93,93984,0
GLD.US,5,20251209,171500,387.95,388.03,387.26,387.45,52429,0
GLD.US,5,20251209,172000,387.46,387.645,387.13,387.47,41552,0
GLD.US,5,20251209,172500,387.495,387.59,387.295,387.4829,33899,0
GLD.US,5,20251209,173000,387.49,387.74,387.47,387.55,33853,0
GLD.US,5,20251209,173500,387.56,387.88,387.54,387.87,58560,0
GLD.US,5,20251209,174000,387.86,388.13,387.75,388.01,63831,0
GLD.US,5,20251209,174500,388.02,388.21,387.6801,387.85,82559,0
GLD.US,5,20251209,175000,387.853,387.96,387.52,387.56,26353,0
GLD.US,5,20251209,175500,387.6,387.75,387.3,387.37,48246,0
GLD.US,5,20251209,180000,387.37,387.61,387.15,387.56,93534,0
GLD.US,5,20251209,180500,387.59,387.75,387.55,387.58,77464,0
GLD.US,5,20251209,181000,387.6,387.62,387.22,387.3381,35704,0
GLD.US,5,20251209,181500,387.28,387.33064,386.95,387.04,33765,0
GLD.US,5,20251209,182000,387.04,387.16,386.76,387.16,63066,0
GLD.US,5,20251209,182500,387.145,387.21,386.68,386.96,63616,0
GLD.US,5,20251209,183000,386.955,387.09,386.63,386.65,23794,0
GLD.US,5,20251209,183500,386.68,386.92,386.68,386.835,16627,0
GLD.US,5,20251209,184000,386.81,387.0278,386.79,386.88,39753,0
GLD.US,5,20251209,184500,386.91,387.04,386.8,386.84,42784,0
GLD.US,5,20251209,185000,386.815,386.94,386.63,386.76,55481,0
GLD.US,5,20251209,185500,386.7663,386.82,386.366,386.5199,48537,0
GLD.US,5,20251209,190000,386.5199,386.5899,386.33,386.47,52741,0
GLD.US,5,20251209,190500,386.48,386.65,386.41,386.56,79197,0
GLD.US,5,20251209,191000,386.55,386.818,386.4514,386.818,37951,0
GLD.US,5,20251209,191500,386.79,386.9449,386.7538,386.83,25363,0
GLD.US,5,20251209,192000,386.83,386.94,386.71,386.9051,19474,0
GLD.US,5,20251209,192500,386.922,386.9886,386.84,386.92,16499,0
GLD.US,5,20251209,193000,386.93,387.02,386.59,386.71,29252,0
GLD.US,5,20251209,193500,386.7,386.8,386.66,386.73,13354,0
GLD.US,5,20251209,194000,386.735,386.89,386.66,386.7654,30267,0
GLD.US,5,20251209,194500,386.74,386.9,386.68,386.86,17092,0
GLD.US,5,20251209,195000,386.83,386.96,386.7,386.9488,17962,0
GLD.US,5,20251209,195500,386.94,387.14,386.88,387.06,32604,0
GLD.US,5,20251209,200000,387.06,387.3,387.03,387.2999,39731,0
GLD.US,5,20251209,200500,387.28,387.36,387.11,387.3,17061,0
GLD.US,5,20251209,201000,387.3182,387.4,387.12,387.25,28681,0
GLD.US,5,20251209,201500,387.2603,387.3,387.11,387.14,41449,0
GLD.US,5,20251209,202000,387.14,387.22,386.97,387.0379,23717,0
GLD.US,5,20251209,202500,387.06,387.14,387,387.03,16264,0
GLD.US,5,20251209,203000,387.03,387.18,386.95,387.18,30487,0
GLD.US,5,20251209,203500,387.18,387.18,387.06,387.1,13965,0
GLD.US,5,20251209,204000,387.11,387.16,387.0301,387.13,21481,0
GLD.US,5,20251209,204500,387.11,387.115,386.93,387.0001,29967,0
GLD.US,5,20251209,205000,387.02,387.45,387.02,387.45,29034,0
GLD.US,5,20251209,205500,387.46,387.57,387.36,387.4,46671,0
GLD.US,5,20251209,210000,387.38,387.63,387.37,387.39,57664,0
GLD.US,5,20251209,210500,387.38,387.5,387.35,387.46,23353,0
GLD.US,5,20251209,211000,387.47,387.735,387.47,387.5928,23854,0
GLD.US,5,20251209,211500,387.61,387.61,387.34,387.34,32009,0
GLD.US,5,20251209,212000,387.34,387.38,387.11,387.18,36191,0
GLD.US,5,20251209,212500,387.17,387.25,387.0591,387.21,34275,0
GLD.US,5,20251209,213000,387.2,387.27,387.06,387.18,37051,0
GLD.US,5,20251209,213500,387.1575,387.33,387.13,387.29,35651,0
GLD.US,5,20251209,214000,387.3,387.33,387.1,387.17,29344,0
GLD.US,5,20251209,214500,387.18,387.48,387.17,387.43,44989,0
GLD.US,5,20251209,215000,387.44,387.51,387.3,387.39,42531,0
GLD.US,5,20251209,215500,387.4,387.475,387.18,387.39,360797,0
GLD.US,5,20251210,153000,385.95,386.24,385.53,385.82,183554,0
GLD.US,5,20251210,153500,385.8,385.89,385.4,385.57,237487,0
GLD.US,5,20251210,154000,385.6112,386.13,385.58,386,84104,0
GLD.US,5,20251210,154500,386.02,386.34,385.95,386.27,65263,0
GLD.US,5,20251210,155000,386.28,386.42,386.16,386.21,106811,0
GLD.US,5,20251210,155500,386.17,386.185,385.49,385.515,133349,0
GLD.US,5,20251210,160000,385.52,386.33,385.5,386.11,107007,0
GLD.US,5,20251210,160500,386.13,386.27,385.9,385.99,76843,0
GLD.US,5,20251210,161000,386.005,386.16,385.67,385.7325,48048,0
GLD.US,5,20251210,161500,385.72,385.78,385.18,385.4868,107278,0
GLD.US,5,20251210,162000,385.47,385.8272,385.3901,385.72,82124,0
GLD.US,5,20251210,162500,385.7,386,385.57,385.95,29321,0
GLD.US,5,20251210,163000,385.93,386.1193,385.89,385.98,35141,0
GLD.US,5,20251210,163500,386,386.21,385.75,385.86,56164,0
GLD.US,5,20251210,164000,385.865,385.92,385.624,385.67,41764,0
GLD.US,5,20251210,164500,385.65,385.8,385.46,385.66,31175,0
GLD.US,5,20251210,165000,385.6473,385.68,385.38,385.41,38100,0
GLD.US,5,20251210,165500,385.4,385.7,385.33,385.7,57361,0
GLD.US,5,20251210,170000,385.7,385.82,385.6,385.67,36620,0
GLD.US,5,20251210,170500,385.6732,385.81,385.63,385.76,18069,0
GLD.US,5,20251210,171000,385.7696,385.82,385.63,385.745,15931,0
GLD.US,5,20251210,171500,385.7,385.97,385.65,385.97,19681,0
GLD.US,5,20251210,172000,385.99,386.06,385.79,386.04,29267,0
GLD.US,5,20251210,172500,386.03,386.33,386.03,386.28,49279,0
GLD.US,5,20251210,173000,386.29,386.52,386.16,386.24,152038,0
GLD.US,5,20251210,173500,386.25,386.33,386.11,386.3169,34461,0
GLD.US,5,20251210,174000,386.3,386.49,386.25,386.455,33658,0
GLD.US,5,20251210,174500,386.46,386.69,386.37,386.6,70893,0
GLD.US,5,20251210,175000,386.58,386.73,386.5,386.61,71125,0
GLD.US,5,20251210,175500,386.63,386.7,386.4673,386.67,35754,0
GLD.US,5,20251210,180000,386.66,386.6827,386.37,386.37,42392,0
GLD.US,5,20251210,180500,386.35,386.49,386.19,386.4,31657,0
GLD.US,5,20251210,181000,386.385,386.4399,386.135,386.26,31285,0
GLD.US,5,20251210,181500,386.24,386.48,386.23,386.43,17264,0
GLD.US,5,20251210,182000,386.41,386.5,386.35,386.48,23726,0
GLD.US,5,20251210,182500,386.49,386.6,386.27,386.31,142457,0
GLD.US,5,20251210,183000,386.31,386.39,386.21,386.27,87301,0
GLD.US,5,20251210,183500,386.28,386.33,386.09,386.3,44600,0
GLD.US,5,20251210,184000,386.29,386.4,386.12,386.18,12358,0
GLD.US,5,20251210,184500,386.19,386.19,385.97,386.08,14834,0
GLD.US,5,20251210,185000,386.07,386.35,386.07,386.35,15418,0
GLD.US,5,20251210,185500,386.35,386.45,386.15,386.22,25545,0
GLD.US,5,20251210,190000,386.236,386.32,386.18,386.22,9810,0
GLD.US,5,20251210,190500,386.23,386.2631,386.13,386.21,14160,0
GLD.US,5,20251210,191000,386.1801,386.2299,386.15,386.16,11832,0
GLD.US,5,20251210,191500,386.15,386.21,386.05,386.08,12127,0
GLD.US,5,20251210,192000,386.09,386.1294,385.79,385.795,15688,0
GLD.US,5,20251210,192500,385.77,385.96,385.65,385.935,20861,0
GLD.US,5,20251210,193000,385.92,385.93,385.7,385.85,40688,0
GLD.US,5,20251210,193500,385.85,385.8836,385.49,385.49,31013,0
GLD.US,5,20251210,194000,385.49,385.76,385.47,385.69,52280,0
GLD.US,5,20251210,194500,385.7,385.74,385.58,385.66,27307,0
GLD.US,5,20251210,195000,385.64,385.9,385.64,385.8,25030,0
GLD.US,5,20251210,195500,385.82,385.85,385.685,385.71,26476,0
GLD.US,5,20251210,200000,385.69,387.48,385.4,386.77,363687,0
GLD.US,5,20251210,200500,386.76,388.03,386.5174,387.74,188126,0
GLD.US,5,20251210,201000,387.716,388.09,386.92,387.3341,140412,0
GLD.US,5,20251210,201500,387.41,387.756,387.35,387.405,104583,0
GLD.US,5,20251210,202000,387.34,387.486,386.67,386.8643,89112,0
GLD.US,5,20251210,202500,386.84,387.08,385.75,386.14,129175,0
GLD.US,5,20251210,203000,386.04,387.4,385.54,387.14,245725,0
GLD.US,5,20251210,203500,387.08,387.56,385.67,386.57,183564,0
GLD.US,5,20251210,204000,386.63,386.82,384.5,385.25,224465,0
GLD.US,5,20251210,204500,385.15,385.79,385.06,385.5006,171564,0
GLD.US,5,20251210,205000,385.5495,386.88,385.105,386.66,184668,0
GLD.US,5,20251210,205500,386.61,387.84,386.6,387.71,162565,0
GLD.US,5,20251210,210000,387.66,388.52,387.2,388.37,281840,0
GLD.US,5,20251210,210500,388.375,388.9,388.12,388.805,151969,0
GLD.US,5,20251210,211000,388.84,389.55,388.39,389.48,159192,0
GLD.US,5,20251210,211500,389.47,389.76,389.16,389.3527,161459,0
GLD.US,5,20251210,212000,389.32,389.735,388.84,388.9348,139164,0
GLD.US,5,20251210,212500,388.92,389.43,388.7201,389.2525,79898,0
GLD.US,5,20251210,213000,389.3,389.515,389.0004,389.36,121303,0
GLD.US,5,20251210,213500,389.35,389.4036,388.995,389.11,101427,0
GLD.US,5,20251210,214000,389.17,389.4,389,389.27,260146,0
GLD.US,5,20251210,214500,389.25,389.7063,389.23,389.56,179808,0
GLD.US,5,20251210,215000,389.57,389.69,388.99,389.24,195526,0
GLD.US,5,20251210,215500,389.224,389.35,388.98,389.01,455409,0
GLD.US,5,20251211,153000,389.02,389.51,388.92,389.43,185194,0
GLD.US,5,20251211,153500,389.41,390.14,389.39,389.79,189631,0
GLD.US,5,20251211,154000,389.81,390.18,389.59,390.15,253546,0
GLD.US,5,20251211,154500,390.15,390.23,389.06,389.1,256618,0
GLD.US,5,20251211,155000,389.08,389.39,388.85,388.97,231979,0
GLD.US,5,20251211,155500,388.96,389.31,388.7701,388.89,157958,0
GLD.US,5,20251211,160000,388.88,389.39,388.5,389.21,173597,0
GLD.US,5,20251211,160500,389.2001,389.53,389.15,389.43,78694,0
GLD.US,5,20251211,161000,389.5,389.85,389.2,389.59,67098,0
GLD.US,5,20251211,161500,389.57,389.95,389.521,389.829,46484,0
GLD.US,5,20251211,162000,389.85,390.25,389.68,389.68,102674,0
GLD.US,5,20251211,162500,389.72,389.95,389.55,389.6858,83462,0
GLD.US,5,20251211,163000,389.71,390.44,389.69,390.31,123863,0
GLD.US,5,20251211,163500,390.27,390.32,390.03,390.21,63163,0
GLD.US,5,20251211,164000,390.25,391.35,390.165,391.2,289679,0
GLD.US,5,20251211,164500,391.18,391.3191,390.96,391.3,123836,0
GLD.US,5,20251211,165000,391.3027,391.84,391.29,391.43,204546,0
GLD.US,5,20251211,165500,391.45,391.59,390.78,391.34,288531,0
GLD.US,5,20251211,170000,391.37,391.46,390.79,391.31,141519,0
GLD.US,5,20251211,170500,391.34,391.46,390.8863,391.06,70539,0
GLD.US,5,20251211,171000,391.0875,391.415,391.01,391.319,64512,0
GLD.US,5,20251211,171500,391.315,391.75,391.2,391.75,64036,0
GLD.US,5,20251211,172000,391.73,391.84,391.53,391.62,147053,0
GLD.US,5,20251211,172500,391.63,391.68,391.3815,391.44,96494,0
GLD.US,5,20251211,173000,391.46,391.7,391.27,391.43,55108,0
GLD.US,5,20251211,173500,391.4,391.8,391.39,391.56,86236,0
GLD.US,5,20251211,174000,391.55,392.02,391.46,391.845,118563,0
GLD.US,5,20251211,174500,391.84,393.14,391.82,392.99,248306,0
GLD.US,5,20251211,175000,392.98,393.44,392.715,392.87,173229,0
GLD.US,5,20251211,175500,392.91,393.12,392.77,392.96,99420,0
GLD.US,5,20251211,180000,392.96,393.16,392.83,393.0701,199024,0
GLD.US,5,20251211,180500,393.1,393.63,393.07,393.58,225150,0
GLD.US,5,20251211,181000,393.6032,393.61,392.92,393.3,192895,0
GLD.US,5,20251211,181500,393.288,393.65,393.06,393.4901,147251,0
GLD.US,5,20251211,182000,393.49,393.71,393.0873,393.34,136182,0
GLD.US,5,20251211,182500,393.35,393.515,393.1,393.18,73099,0
GLD.US,5,20251211,183000,393.19,393.29,392.96,393.02,42926,0
GLD.US,5,20251211,183500,393.03,393.2199,392.81,393.15,45156,0
GLD.US,5,20251211,184000,393.143,393.31,392.99,393.31,43800,0
GLD.US,5,20251211,184500,393.3,393.36,392.9877,393.08,38876,0
GLD.US,5,20251211,185000,393.1,393.31,393.07,393.23,32752,0
GLD.US,5,20251211,185500,393.23,393.47,393.23,393.4,45874,0
GLD.US,5,20251211,190000,393.4,393.83,393.27,393.7894,97255,0
GLD.US,5,20251211,190500,393.76,393.91,393.7,393.87,98042,0
GLD.US,5,20251211,191000,393.91,394.09,393.82,393.8961,150909,0
GLD.US,5,20251211,191500,393.9,394.0723,393.77,393.945,86286,0
GLD.US,5,20251211,192000,393.92,393.945,393.545,393.82,109116,0
GLD.US,5,20251211,192500,393.81,393.84,393.6403,393.68,58300,0
GLD.US,5,20251211,193000,393.69,393.865,393.285,393.385,61525,0
GLD.US,5,20251211,193500,393.35,393.65,393.29,393.61,48803,0
GLD.US,5,20251211,194000,393.58,393.8,393.43,393.7501,34453,0
GLD.US,5,20251211,194500,393.75,393.75,393.39,393.53,34465,0
GLD.US,5,20251211,195000,393.53,393.5899,393.25,393.29,57187,0
GLD.US,5,20251211,195500,393.305,393.32,392.3,392.445,152235,0
GLD.US,5,20251211,200000,392.42,392.72,391.9,392.72,183684,0
GLD.US,5,20251211,200500,392.74,392.76,392,392.29,82915,0
GLD.US,5,20251211,201000,392.28,392.779,392.185,392.779,47052,0
GLD.US,5,20251211,201500,392.78,392.96,392.58,392.89,81254,0
GLD.US,5,20251211,202000,392.92,393.0675,392.72,392.91,67338,0
GLD.US,5,20251211,202500,392.92,392.95,392.78,392.92,26519,0
GLD.US,5,20251211,203000,392.915,393.07,392.8682,393.005,40388,0
GLD.US,5,20251211,203500,393.01,393.35,393,393.26,53393,0
GLD.US,5,20251211,204000,393.25,393.25,392.905,393,78020,0
GLD.US,5,20251211,204500,393.02,393.17,392.97,393.13,32557,0
GLD.US,5,20251211,205000,393.14,393.18,392.8,392.82,57881,0
GLD.US,5,20251211,205500,392.81,393.09,392.74,392.99,49052,0
GLD.US,5,20251211,210000,392.975,393.04,392.85,392.859,42809,0
GLD.US,5,20251211,210500,392.85,392.92,392.08,392.5813,117902,0
GLD.US,5,20251211,211000,392.595,392.73,392.39,392.64,54071,0
GLD.US,5,20251211,211500,392.67,392.76692,392.25,392.49,80087,0
GLD.US,5,20251211,212000,392.48,392.6,392.24,392.36,64790,0
GLD.US,5,20251211,212500,392.38,392.53,392.305,392.52,37825,0
GLD.US,5,20251211,213000,392.52,393.01,392.51,392.91,150372,0
GLD.US,5,20251211,213500,392.91,393.09,392.83,392.93,95145,0
GLD.US,5,20251211,214000,392.95,393.08,392.91,392.985,77497,0
GLD.US,5,20251211,214500,393,393.02,392.84,392.85,115962,0
GLD.US,5,20251211,215000,392.85,393.15,392.77,393.0625,184327,0
GLD.US,5,20251211,215500,393.06,393.3,393.05,393.24,858441,0
GLD.US,5,20251212,153000,399.155,399.25,398.53,398.62,414117,0
GLD.US,5,20251212,153500,398.64,399.41,398.24,399.32,708726,0
GLD.US,5,20251212,154000,399.33,399.69,399.03,399.13,350037,0
GLD.US,5,20251212,154500,399.1,399.57,398.79,399.4,308706,0
GLD.US,5,20251212,155000,399.35,400.13,399.33,399.985,361245,0
GLD.US,5,20251212,155500,399.97,400.39,399.72,399.78,308604,0
GLD.US,5,20251212,160000,399.76,399.83,399.26,399.34,248982,0
GLD.US,5,20251212,160500,399.28,399.82,399.25,399.665,196893,0
GLD.US,5,20251212,161000,399.69,400.24,399.475,399.475,140446,0
GLD.US,5,20251212,161500,399.45,399.645,397.705,397.86,430489,0
GLD.US,5,20251212,162000,397.88,398.04,396.175,396.34,671299,0
GLD.US,5,20251212,162500,396.29,396.94,395.29,395.5,457105,0
GLD.US,5,20251212,163000,395.46,396.75,395,395.855,380282,0
GLD.US,5,20251212,163500,395.865,397.04,395.545,396.89,222769,0
GLD.US,5,20251212,164000,396.94,397.165,396.25,397.12,147233,0
GLD.US,5,20251212,164500,397.06,397.46,396.89,397.0399,244395,0
GLD.US,5,20251212,165000,397.045,397.21,395.41,395.46,326900,0
GLD.US,5,20251212,165500,395.45,395.45,393.87,394.58,615502,0
GLD.US,5,20251212,170000,394.53,395.22,393.2,393.32,389671,0
GLD.US,5,20251212,170500,393.34,394.13,393.01,393.28,318026,0
GLD.US,5,20251212,171000,393.275,394.34,393.22,394.17,173739,0
GLD.US,5,20251212,171500,394.16,394.45,393.57,393.91,137179,0
GLD.US,5,20251212,172000,393.98,394.125,392.85,393.8,166022,0
GLD.US,5,20251212,172500,393.78,394.78,393.7,394.5,225545,0
GLD.US,5,20251212,173000,394.47,394.48,393.33,393.51,111893,0
GLD.US,5,20251212,173500,393.53,393.74,392.1,392.35,269908,0
GLD.US,5,20251212,174000,392.38,393.04,391.47,392.9701,620094,0
GLD.US,5,20251212,174500,392.97,393.539,392.8,393.42,101990,0
GLD.US,5,20251212,175000,393.355,393.42,392.67,392.915,89367,0
GLD.US,5,20251212,175500,392.91,393.73,392.795,393.68,73116,0
GLD.US,5,20251212,180000,393.73,394.06,393.34,393.34,155163,0
GLD.US,5,20251212,180500,393.335,393.65,392.74,392.98,102083,0
GLD.US,5,20251212,181000,392.99,393.27,392.85,393.0199,52050,0
GLD.US,5,20251212,181500,393.02,393.92,392.99,393.91,100367,0
GLD.US,5,20251212,182000,393.93,394.62,393.7768,394.5,335639,0
GLD.US,5,20251212,182500,394.49,394.49,393.55,393.7851,100632,0
GLD.US,5,20251212,183000,393.79,394.51,393.77,394.2,80135,0
GLD.US,5,20251212,183500,394.16,394.57,393.85,394.5294,60571,0
GLD.US,5,20251212,184000,394.5286,395.02,394.515,394.88,169169,0
GLD.US,5,20251212,184500,394.86,395.14,394.67,395.1,60780,0
GLD.US,5,20251212,185000,395.17,395.31,394.98,395.15,50083,0
GLD.US,5,20251212,185500,395.17,395.23,394.8162,394.92,39805,0
GLD.US,5,20251212,190000,394.97,395.2594,394.6701,395.08,52311,0
GLD.US,5,20251212,190500,395.0786,395.39,395.0786,395.19,52008,0
GLD.US,5,20251212,191000,395.23,395.72,395.21,395.5315,114710,0
GLD.US,5,20251212,191500,395.56,395.79,395.52,395.67,69677,0
GLD.US,5,20251212,192000,395.66,395.6689,394.88,395.22,97491,0
GLD.US,5,20251212,192500,395.2,395.25,394.95,395.04,92120,0
GLD.US,5,20251212,193000,395.05,395.48,394.94,395.35,61174,0
GLD.US,5,20251212,193500,395.35,395.41,395.09,395.355,37907,0
GLD.US,5,20251212,194000,395.34,395.44,394.72,394.745,95799,0
GLD.US,5,20251212,194500,394.72,394.9799,394.62,394.72,43250,0
GLD.US,5,20251212,195000,394.78,395.13,394.7,395.05,39117,0
GLD.US,5,20251212,195500,395.0101,395.22,394.6601,395.01,167148,0
GLD.US,5,20251212,200000,395.04,395.11,394.53,394.8,201820,0
GLD.US,5,20251212,200500,394.8,395.0499,394.58,394.595,105030,0
GLD.US,5,20251212,201000,394.6,395.0129,394.52,394.92,57457,0
GLD.US,5,20251212,201500,394.91,395.24,394.85,395.16,21851,0
GLD.US,5,20251212,202000,395.16,395.46,395.0301,395.28,45943,0
GLD.US,5,20251212,202500,395.315,395.3155,394.98,395.13,33455,0
GLD.US,5,20251212,203000,395.13,395.34,395.02,395.06,43149,0
GLD.US,5,20251212,203500,395.08,395.2499,394.88,395.0409,25032,0
GLD.US,5,20251212,204000,395.09,395.235,395,395.18,52060,0
GLD.US,5,20251212,204500,395.2,395.28,395.1,395.15,44922,0
GLD.US,5,20251212,205000,395.17,395.25,394.9564,395.21,81170,0
GLD.US,5,20251212,205500,395.27,395.27,395.13,395.14,39677,0
GLD.US,5,20251212,210000,395.14,395.46,395.07,395.43,67066,0
GLD.US,5,20251212,210500,395.43,395.73,395.42,395.73,83377,0
GLD.US,5,20251212,211000,395.7399,395.76,395.43,395.47,63490,0
GLD.US,5,20251212,211500,395.471,395.5755,395.18,395.4,79629,0
GLD.US,5,20251212,212000,395.41,395.505,395.27,395.45,48305,0
GLD.US,5,20251212,212500,395.44,395.48,394.68,394.8501,102471,0
GLD.US,5,20251212,213000,394.85,394.94,394.42,394.87,85138,0
GLD.US,5,20251212,213500,394.875,395.05,394.62,395.03,110294,0
GLD.US,5,20251212,214000,395.04,395.42,395.02,395.32,142163,0
GLD.US,5,20251212,214500,395.34,395.73,395.08,395.53,211430,0
GLD.US,5,20251212,215000,395.54,395.5893,395.16,395.24,168115,0
GLD.US,5,20251212,215500,395.25,395.5,394.9,395.44,442884,0
GLD.US,5,20251215,153000,397.76,398.01,397.2601,397.89,228945,0
GLD.US,5,20251215,153500,397.93,398.71,397.7322,398.4199,224074,0
GLD.US,5,20251215,154000,398.45,398.66,397.92,398.033,214254,0
GLD.US,5,20251215,154500,398.01,398.29,397.4801,397.98,122351,0
GLD.US,5,20251215,155000,397.975,398.29,397.04,397.07,155098,0
GLD.US,5,20251215,155500,397.11,397.705,397.11,397.62,106163,0
GLD.US,5,20251215,160000,397.615,397.8,396.57,397.115,212603,0
GLD.US,5,20251215,160500,397.1284,397.79,397.09,397.55,132508,0
GLD.US,5,20251215,161000,397.59,397.95,397.41,397.565,86094,0
GLD.US,5,20251215,161500,397.54,397.73,397.15,397.16,56024,0
GLD.US,5,20251215,162000,397.12,398.02,396.65,397.16,184294,0
GLD.US,5,20251215,162500,397.1825,397.435,396.445,396.7,233126,0
GLD.US,5,20251215,163000,396.7,397.65,396.6,397.45,170788,0
GLD.US,5,20251215,163500,397.4,397.68,397.16,397.21,89952,0
GLD.US,5,20251215,164000,397.21,397.53,397.11,397.51,114457,0
GLD.US,5,20251215,164500,397.56,397.88,397.44,397.82,52982,0
GLD.US,5,20251215,165000,397.83,398.02,397.52,397.66,72098,0
GLD.US,5,20251215,165500,397.61,397.835,396.95,397.11,68055,0
GLD.US,5,20251215,170000,397.12,397.12,396.1,396.155,141183,0
GLD.US,5,20251215,170500,396.12,396.22,395.62,396.14,174530,0
GLD.US,5,20251215,171000,396.1598,396.17,395.48,395.7,431904,0
GLD.US,5,20251215,171500,395.68,395.91,395.4,395.805,114371,0
GLD.US,5,20251215,172000,395.79,395.86,394.73,394.95,238665,0
GLD.US,5,20251215,172500,394.93,395.4698,394.91,395.02,89273,0
GLD.US,5,20251215,173000,395.04,395.4,394.51,394.5251,73161,0
GLD.US,5,20251215,173500,394.575,394.85,394.0738,394.791,106271,0
GLD.US,5,20251215,174000,394.82,395.0999,394.49,395.0999,278444,0
GLD.US,5,20251215,174500,395.05,395.15,394.71,395.12,118635,0
GLD.US,5,20251215,175000,395.1,395.4,395.05,395.27,131002,0
GLD.US,5,20251215,175500,395.26,395.4,394.985,395.2,64308,0
GLD.US,5,20251215,180000,395.195,395.3,394.91,394.97,75236,0
GLD.US,5,20251215,180500,394.99,395,394.55,394.86,65753,0
GLD.US,5,20251215,181000,394.9,395.41,394.84,395.1,115186,0
GLD.US,5,20251215,181500,395.12,395.12,394.75,394.895,57594,0
GLD.US,5,20251215,182000,394.91,395.21,394.88,395.12,56721,0
GLD.US,5,20251215,182500,395.1,395.7,395.1,395.57,93225,0
GLD.US,5,20251215,183000,395.56,395.75,395.4,395.45,62093,0
GLD.US,5,20251215,183500,395.45,395.7,395.4,395.69,78322,0
GLD.US,5,20251215,184000,395.68,395.88,395.63,395.78,124380,0
GLD.US,5,20251215,184500,395.79,396.01,395.645,395.8,97042,0
GLD.US,5,20251215,185000,395.77,395.92,395.52,395.795,50417,0
GLD.US,5,20251215,185500,395.7976,395.86,395.62,395.79,44890,0
GLD.US,5,20251215,190000,395.7946,395.87,395.5,395.5421,56917,0
GLD.US,5,20251215,190500,395.57,395.82,395.57,395.69,87811,0
GLD.US,5,20251215,191000,395.64,395.85,395.47,395.62,49831,0
GLD.US,5,20251215,191500,395.61,395.8,395.5801,395.7,46337,0
GLD.US,5,20251215,192000,395.68,395.77,395.44,395.52,48802,0
GLD.US,5,20251215,192500,395.53,396.01,395.35,395.905,56736,0
GLD.US,5,20251215,193000,395.905,396.29,395.65,396.14,42438,0
GLD.US,5,20251215,193500,396.11,396.33,396.02,396.2,24708,0
GLD.US,5,20251215,194000,396.19,396.39,396.19,396.33,48998,0
GLD.US,5,20251215,194500,396.3377,396.4,396.18,396.23,26016,0
GLD.US,5,20251215,195000,396.2299,396.505,396.16,396.44,206696,0
GLD.US,5,20251215,195500,396.435,396.7128,396.41,396.655,81430,0
GLD.US,5,20251215,200000,396.63,397.05,396.6162,396.99,71885,0
GLD.US,5,20251215,200500,396.985,397.03,396.5415,396.707,75132,0
GLD.US,5,20251215,201000,396.69,396.75,396.56,396.57,29486,0
GLD.US,5,20251215,201500,396.57,396.78,396.49,396.72,48677,0
GLD.US,5,20251215,202000,396.74,396.8,396.41,396.5088,59117,0
GLD.US,5,20251215,202500,396.47,396.58,396.27,396.28,49679,0
GLD.US,5,20251215,203000,396.3,396.46,396.11,396.39,81679,0
GLD.US,5,20251215,203500,396.4,396.49,396.3401,396.38,18894,0
GLD.US,5,20251215,204000,396.36,396.56,396.31,396.495,46919,0
GLD.US,5,20251215,204500,396.49,396.7,396.39,396.57,38001,0
GLD.US,5,20251215,205000,396.595,396.74,396.53,396.64,41324,0
GLD.US,5,20251215,205500,396.6505,396.78,396.59,396.73,72765,0
GLD.US,5,20251215,210000,396.71,396.72,396.44,396.57,67830,0
GLD.US,5,20251215,210500,396.58,396.72,396.52,396.5856,48701,0
GLD.US,5,20251215,211000,396.59,396.72,396.48,396.48,48766,0
GLD.US,5,20251215,211500,396.48,396.48,396.23,396.2869,57699,0
GLD.US,5,20251215,212000,396.28,396.29,395.35,395.805,215636,0
GLD.US,5,20251215,212500,395.83,396.09,395.7706,395.85,65171,0
GLD.US,5,20251215,213000,395.855,396.09,395.44,395.54,72657,0
GLD.US,5,20251215,213500,395.525,395.77,395.42,395.74,72491,0
GLD.US,5,20251215,214000,395.725,395.94,395.67,395.93,83905,0
GLD.US,5,20251215,214500,395.9,396.1,395.75,396.0483,125161,0
GLD.US,5,20251215,215000,396.0301,396.0851,395.91,395.97,115101,0
GLD.US,5,20251215,215500,395.97,396.05,395.75,395.88,625895,0
GLD.US,5,20251216,153000,397.75,398.375,397.6001,398.11,146878,0
GLD.US,5,20251216,153500,398.12,398.29,397.54,398.06,174732,0
GLD.US,5,20251216,154000,398.05,398.2,397.29,397.805,190132,0
GLD.US,5,20251216,154500,397.82,398.15,397.6,397.96,115501,0
GLD.US,5,20251216,155000,397.95,398.4,397.79,397.8899,99654,0
GLD.US,5,20251216,155500,397.87,398.26,397.56,397.64,102721,0
GLD.US,5,20251216,160000,397.67,398.1899,397.32,398.1,170795,0
GLD.US,5,20251216,160500,398.13,398.71,398.12,398.41,231771,0
GLD.US,5,20251216,161000,398.38,398.59,397.52,397.64,129575,0
GLD.US,5,20251216,161500,397.605,397.8,396.83,396.96,167442,0
GLD.US,5,20251216,162000,396.96,397.52,396.548,397.3474,170071,0
GLD.US,5,20251216,162500,397.35,397.63,397.01,397.355,139746,0
GLD.US,5,20251216,163000,397.42,398.23,397.41,398.035,210813,0
GLD.US,5,20251216,163500,398.04,398.04,397.28,397.663,132485,0
GLD.US,5,20251216,164000,397.6501,397.8,397.36,397.53,65655,0
GLD.US,5,20251216,164500,397.47,398.12,397.47,398.01,88646,0
GLD.US,5,20251216,165000,398.0101,398.07,397.72,397.88,71292,0
GLD.US,5,20251216,165500,397.84,397.9,397.18,397.215,35374,0
GLD.US,5,20251216,170000,397.21,397.54,396.81,397.24,146595,0
GLD.US,5,20251216,170500,397.21,397.235,396.85,396.92,87736,0
GLD.US,5,20251216,171000,396.92,397,396.5601,396.845,88878,0
GLD.US,5,20251216,171500,396.8,396.8,395.945,395.955,118614,0
GLD.US,5,20251216,172000,395.98,396.5,395.7301,396.415,101570,0
GLD.US,5,20251216,172500,396.41,396.59,396.05,396.1,61134,0
GLD.US,5,20251216,173000,396.1,396.1,395.36,395.445,78374,0
GLD.US,5,20251216,173500,395.4201,395.53,394.85,394.9901,103252,0
GLD.US,5,20251216,174000,394.99,395,394.59,394.9,179566,0
GLD.US,5,20251216,174500,394.82,395.5,394.79,395.31,160697,0
GLD.US,5,20251216,175000,395.25,395.59,395.24,395.42,84514,0
GLD.US,5,20251216,175500,395.42,395.665,395.27,395.445,83144,0
GLD.US,5,20251216,180000,395.48,396.08,395.475,395.99,117917,0
GLD.US,5,20251216,180500,396.0199,396.44,395.99,396.08,140984,0
GLD.US,5,20251216,181000,396.06,396.06,395.71,395.78,101730,0
GLD.US,5,20251216,181500,395.81,395.9633,395.71,395.8423,64177,0
GLD.US,5,20251216,182000,395.83,395.95,395.75,395.88,35227,0
GLD.US,5,20251216,182500,395.9001,395.93,395.395,395.6675,44666,0
GLD.US,5,20251216,183000,395.64,396.17,395.6,396.17,57490,0
GLD.US,5,20251216,183500,396.155,396.2208,395.8,395.89,43349,0
GLD.US,5,20251216,184000,395.88,395.94,395.65,395.92,44051,0
GLD.US,5,20251216,184500,395.96,395.99,395.77,395.87,32946,0
GLD.US,5,20251216,185000,395.84,395.9,395.65,395.885,54664,0
GLD.US,5,20251216,185500,395.885,395.9118,395.4536,395.735,43133,0
GLD.US,5,20251216,190000,395.72,395.84,395.42,395.68,63178,0
GLD.US,5,20251216,190500,395.75,395.92,395.53,395.79,56169,0
GLD.US,5,20251216,191000,395.78,395.78,395.34,395.63,51335,0
GLD.US,5,20251216,191500,395.62,395.7571,395.38,395.39,57203,0
GLD.US,5,20251216,192000,395.37,395.7,395.19,395.7,99145,0
GLD.US,5,20251216,192500,395.685,395.71,395.52,395.55,41141,0
GLD.US,5,20251216,193000,395.55,396.15,395.5,396.11,35096,0
GLD.US,5,20251216,193500,396.12,396.38,396,396.05,36747,0
GLD.US,5,20251216,194000,396.08,396.3499,396.08,396.21,32636,0
GLD.US,5,20251216,194500,396.22,396.63,396.14,396.61,81616,0
GLD.US,5,20251216,195000,396.63,396.66,396.44,396.5,67925,0
GLD.US,5,20251216,195500,396.48,396.56,396.39,396.46,75823,0
GLD.US,5,20251216,200000,396.46,396.51,395.9,395.96,35174,0
GLD.US,5,20251216,200500,395.93,396.11,395.82,396.11,45874,0
GLD.US,5,20251216,201000,396.12,396.12,395.8,396,19455,0
GLD.US,5,20251216,201500,395.96,396.22,395.94,396.165,59592,0
GLD.US,5,20251216,202000,396.18,396.348,396.12,396.27,41227,0
GLD.US,5,20251216,202500,396.23,396.32,395.12,395.91,270053,0
GLD.US,5,20251216,203000,395.935,396.3,395.88,396.01,145760,0
GLD.US,5,20251216,203500,395.97,396.26,395.9,396.17,51555,0
GLD.US,5,20251216,204000,396.13,396.35,395.9233,396.27,23093,0
GLD.US,5,20251216,204500,396.36,396.85,396.28,396.6678,68380,0
GLD.US,5,20251216,205000,396.65,396.885,396.636,396.66,31724,0
GLD.US,5,20251216,205500,396.63,396.63,396.27,396.43,56428,0
GLD.US,5,20251216,210000,396.4,396.6397,396.38,396.55,78336,0
GLD.US,5,20251216,210500,396.555,396.78,396.49,396.59,39948,0
GLD.US,5,20251216,211000,396.5501,396.71,396.46,396.555,46775,0
GLD.US,5,20251216,211500,396.53,396.5548,396.17,396.24,58316,0
GLD.US,5,20251216,212000,396.25,396.4474,396.18,396.4433,38513,0
GLD.US,5,20251216,212500,396.4475,396.5,396.39,396.42,29516,0
GLD.US,5,20251216,213000,396.42,396.48,396.22,396.24,50726,0
GLD.US,5,20251216,213500,396.24,396.37,396.1401,396.22,37821,0
GLD.US,5,20251216,214000,396.23,396.5,396.14,396.25,40230,0
GLD.US,5,20251216,214500,396.25,396.55,396.16,396.26,30407,0
GLD.US,5,20251216,215000,396.26,396.35,395.7,395.84,82466,0
GLD.US,5,20251216,215500,395.85,396,395.67,395.88,223656,0
GLD.US,5,20251217,153000,398.08,398.89,397.8,398.8784,247858,0
GLD.US,5,20251217,153500,398.9,398.96,398.0703,398.575,172116,0
GLD.US,5,20251217,154000,398.55,399.05,398.17,398.89,185520,0
GLD.US,5,20251217,154500,398.95,399.33,398.6,398.8,248283,0
GLD.US,5,20251217,155000,398.83,399.38,398.78,399.025,137242,0
GLD.US,5,20251217,155500,399.015,399.26,398.8,398.99,116715,0
GLD.US,5,20251217,160000,398.94,399.46,398.67,399.3199,176191,0
GLD.US,5,20251217,160500,399.34,399.62,398.93,398.98,233389,0
GLD.US,5,20251217,161000,398.99,399.498,398.99,399.42,107858,0
GLD.US,5,20251217,161500,399.41,399.56,398.44,398.87,167532,0
GLD.US,5,20251217,162000,398.86,399.54,398.71,399.0648,173763,0
GLD.US,5,20251217,162500,399.09,399.49,398.62,399.435,94667,0
GLD.US,5,20251217,163000,399.46,399.98,399.4,399.82,300592,0
GLD.US,5,20251217,163500,399.8351,399.89,398.11,398.56,303833,0
GLD.US,5,20251217,164000,398.55,398.9199,398.0138,398.38,105499,0
GLD.US,5,20251217,164500,398.305,398.85,398.245,398.71,101207,0
GLD.US,5,20251217,165000,398.7,398.76,397.6,397.97,290197,0
GLD.US,5,20251217,165500,398.004,398.4568,397.95,398.21,63356,0
GLD.US,5,20251217,170000,398.22,398.62,397.87,398.3599,58107,0
GLD.US,5,20251217,170500,398.364,398.455,397.8888,397.9876,76728,0
GLD.US,5,20251217,171000,398.04,398.36,397.6805,397.96,64037,0
GLD.US,5,20251217,171500,397.93,398.39,397.53,397.73,76626,0
GLD.US,5,20251217,172000,397.73,397.9399,397.25,397.51,108305,0
GLD.US,5,20251217,172500,397.53,397.93,397.29,397.91,70784,0
GLD.US,5,20251217,173000,397.885,398.07,397.62,397.86,46601,0
GLD.US,5,20251217,173500,397.88,398.19,397.63,397.84,100720,0
GLD.US,5,20251217,174000,397.88,398.54,397.74,398.4289,68262,0
GLD.US,5,20251217,174500,398.52,398.89,398.415,398.84,88564,0
GLD.US,5,20251217,175000,398.83,398.8799,398.29,398.4675,110750,0
GLD.US,5,20251217,175500,398.475,398.67,398.19,398.49,60463,0
GLD.US,5,20251217,180000,398.5101,398.6,398.0106,398.1195,49382,0
GLD.US,5,20251217,180500,398.15,398.5593,398.12,398.305,76207,0
GLD.US,5,20251217,181000,398.27,398.7,398.22,398.43,80436,0
GLD.US,5,20251217,181500,398.44,398.84,398.23,398.67,46742,0
GLD.US,5,20251217,182000,398.67,398.975,398.6401,398.89,61049,0
GLD.US,5,20251217,182500,398.895,399.13,398.71,398.825,68325,0
GLD.US,5,20251217,183000,398.84,399.19,398.76,399.065,40724,0
GLD.US,5,20251217,183500,399.055,399.2585,398.9673,399.15,42676,0
GLD.US,5,20251217,184000,399.13,399.24,398.97,399.01,65967,0
GLD.US,5,20251217,184500,399.01,399.2,398.86,399.14,66262,0
GLD.US,5,20251217,185000,399.14,399.21,398.7267,398.825,90693,0
GLD.US,5,20251217,185500,398.85,399.35,398.8,399.325,70758,0
GLD.US,5,20251217,190000,399.335,399.72,399.335,399.61,114319,0
GLD.US,5,20251217,190500,399.65,399.75,399.535,399.6373,91760,0
GLD.US,5,20251217,191000,399.62,399.715,399.37,399.4,32568,0
GLD.US,5,20251217,191500,399.4,399.4,398.94,399.03,68867,0
GLD.US,5,20251217,192000,399.06,399.34,398.93,399.2,46969,0
GLD.US,5,20251217,192500,399.23,399.38,399.11,399.2899,64340,0
GLD.US,5,20251217,193000,399.22,399.47,399.05,399.115,83746,0
GLD.US,5,20251217,193500,399.135,399.26,398.72,398.78,64941,0
GLD.US,5,20251217,194000,398.77,398.79,398.19,398.4099,100596,0
GLD.US,5,20251217,194500,398.35,398.72,398.14,398.39,108232,0
GLD.US,5,20251217,195000,398.355,398.6,398.09,398.47,41846,0
GLD.US,5,20251217,195500,398.51,398.81,398.4,398.76,31644,0
GLD.US,5,20251217,200000,398.77,398.77,398.44,398.76,105721,0
GLD.US,5,20251217,200500,398.735,398.88,398.5901,398.82,31599,0
GLD.US,5,20251217,201000,398.82,398.97,398.71,398.83,31981,0
GLD.US,5,20251217,201500,398.88,399.01,398.7701,398.93,29283,0
GLD.US,5,20251217,202000,398.9,399.11,398.75,399.03,34081,0
GLD.US,5,20251217,202500,399.03,399.19,398.99,399.12,44987,0
GLD.US,5,20251217,203000,399.1,399.21,398.86,398.92,34221,0
GLD.US,5,20251217,203500,398.88,399.08,398.78,398.985,31753,0
GLD.US,5,20251217,204000,399.03,399.07,398.575,398.655,38043,0
GLD.US,5,20251217,204500,398.65,398.96,398.52,398.6293,49857,0
GLD.US,5,20251217,205000,398.64,398.69,398.22,398.46,68833,0
GLD.US,5,20251217,205500,398.47,398.85,398.45,398.81,34473,0
GLD.US,5,20251217,210000,398.83,398.89,398.65,398.8,53251,0
GLD.US,5,20251217,210500,398.81,398.85,398.68,398.823,65813,0
GLD.US,5,20251217,211000,398.84,399.0999,398.81,399.045,33897,0
GLD.US,5,20251217,211500,399.045,399.36,399.025,399.08,104701,0
GLD.US,5,20251217,212000,399.09,399.325,399.06,399.24,48726,0
GLD.US,5,20251217,212500,399.25,399.37,399.09,399.25,60096,0
GLD.US,5,20251217,213000,399.26,399.4,399,399.24,106916,0
GLD.US,5,20251217,213500,399.22,399.25,399.12,399.16,68539,0
GLD.US,5,20251217,214000,399.17,399.38,399.15,399.33,116044,0
GLD.US,5,20251217,214500,399.3339,399.7181,399.25,399.7,135370,0
GLD.US,5,20251217,215000,399.68,399.7,399.1,399.3297,226850,0
GLD.US,5,20251217,215500,399.31,399.355,399.12,399.28,348377,0
GLD.US,5,20251218,153000,398.28,399.11,398.12,398.43,307883,0
GLD.US,5,20251218,153500,398.44,398.47,397.57,397.925,427798,0
GLD.US,5,20251218,154000,397.94,397.985,396.36,396.59,368978,0
GLD.US,5,20251218,154500,396.615,397.06,396.05,396.66,256260,0
GLD.US,5,20251218,155000,396.64,397.59,396.62,397.56,113635,0
GLD.US,5,20251218,155500,397.79,398.1,397.5311,397.96,78836,0
GLD.US,5,20251218,160000,397.92,398.58,397.78,398.4,117929,0
GLD.US,5,20251218,160500,398.42,398.7,398.11,398.21,119599,0
GLD.US,5,20251218,161000,398.23,398.53,397.95,398.115,106545,0
GLD.US,5,20251218,161500,398.1,398.2,397.8,397.96,67867,0
GLD.US,5,20251218,162000,398,398.38,397.58,398.26,80089,0
GLD.US,5,20251218,162500,398.2595,398.47,398.2067,398.37,67713,0
GLD.US,5,20251218,163000,398.25,398.95,398.195,398.91,63710,0
GLD.US,5,20251218,163500,398.91,399.15,398.77,399.04,126506,0
GLD.US,5,20251218,164000,399.065,399.1195,398.59,398.73,165471,0
GLD.US,5,20251218,164500,398.73,399.14,398.47,398.9,109800,0
GLD.US,5,20251218,165000,398.9,398.94,398.56,398.725,71044,0
GLD.US,5,20251218,165500,398.72,398.86,398.4303,398.85,69155,0
GLD.US,5,20251218,170000,398.805,399.53,398.78,399.34,91056,0
GLD.US,5,20251218,170500,399.37,399.62,399.2814,399.59,98228,0
GLD.US,5,20251218,171000,399.62,401.6,399.57,401.07,592729,0
GLD.US,5,20251218,171500,401.09,402.09,401.04,402.005,377305,0
GLD.US,5,20251218,172000,402.05,402.21,401.48,401.61,264482,0
GLD.US,5,20251218,172500,401.68,402.15,401.39,401.4865,232567,0
GLD.US,5,20251218,173000,401.49,401.74,401.1,401.44,120772,0
GLD.US,5,20251218,173500,401.42,401.91215,401.35,401.66,94246,0
GLD.US,5,20251218,174000,401.68,401.77,401.42,401.5,110721,0
GLD.US,5,20251218,174500,401.505,401.69,401.2,401.34,124402,0
GLD.US,5,20251218,175000,401.33,401.33,400.71,400.75,351036,0
GLD.US,5,20251218,175500,400.76,400.92,400.45,400.85,213090,0
GLD.US,5,20251218,180000,401,401.13,400.66,400.7407,59259,0
GLD.US,5,20251218,180500,400.77,400.78,397.81,397.995,549956,0
GLD.US,5,20251218,181000,398.005,398.28,397.34,397.96,313344,0
GLD.US,5,20251218,181500,397.95,398.3,397.34,398.255,270245,0
GLD.US,5,20251218,182000,398.26,398.38,397.67,397.765,196611,0
GLD.US,5,20251218,182500,397.76,398.16,397.53,397.8866,102264,0
GLD.US,5,20251218,183000,397.9,398.71,397.74,398.705,128988,0
GLD.US,5,20251218,183500,398.68,398.83,398.38,398.74,88376,0
GLD.US,5,20251218,184000,398.77,399.13,398.525,398.73,150907,0
GLD.US,5,20251218,184500,398.74,398.82,398.3326,398.45,58873,0
GLD.US,5,20251218,185000,398.3,398.37,397.58,397.69,140715,0
GLD.US,5,20251218,185500,397.67,398.44,397.65,398.36,82576,0
GLD.US,5,20251218,190000,398.32,398.49,398.18,398.41,37987,0
GLD.US,5,20251218,190500,398.35,398.85,398.28,398.78,31483,0
GLD.US,5,20251218,191000,398.825,399.09,398.65,398.9599,57943,0
GLD.US,5,20251218,191500,398.91,399.1,398.36,398.44,56948,0
GLD.US,5,20251218,192000,398.41,398.53,398.28,398.45,43181,0
GLD.US,5,20251218,192500,398.39,398.63,398.23,398.27,36811,0
GLD.US,5,20251218,193000,398.29,398.775,398.25,398.71,18430,0
GLD.US,5,20251218,193500,398.72,399.02,398.7,398.78,19612,0
GLD.US,5,20251218,194000,398.745,398.78,398.335,398.405,28632,0
GLD.US,5,20251218,194500,398.405,398.45,397.68,397.9,69967,0
GLD.US,5,20251218,195000,397.91,398.12,397.77,397.7992,47335,0
GLD.US,5,20251218,195500,397.8209,398.24,397.7551,398.21,46808,0
GLD.US,5,20251218,200000,398.18,398.25,397.74,397.8499,44140,0
GLD.US,5,20251218,200500,397.82,398.17,397.78,398.115,50271,0
GLD.US,5,20251218,201000,398.13,398.33,397.89,397.97,51615,0
GLD.US,5,20251218,201500,397.96,398.36,397.91,398.28,70427,0
GLD.US,5,20251218,202000,398.3,398.46,398.09,398.1429,48175,0
GLD.US,5,20251218,202500,398.12,398.42,398,398.411,21132,0
GLD.US,5,20251218,203000,398.4144,398.53,398.19,398.19,24592,0
GLD.US,5,20251218,203500,398.175,398.4699,398.14,398.33,22551,0
GLD.US,5,20251218,204000,398.3,398.37,397.83,398.02,63521,0
GLD.US,5,20251218,204500,397.98,398.1199,397.82,397.945,60943,0
GLD.US,5,20251218,205000,397.96,398,397.37,397.5,96537,0
GLD.US,5,20251218,205500,397.53,397.6342,397.35,397.59,54916,0
GLD.US,5,20251218,210000,397.57,398.3,397.56,398.28,41578,0
GLD.US,5,20251218,210500,398.24,398.6,398.24,398.355,65620,0
GLD.US,5,20251218,211000,398.37,398.515,398.2,398.4,52734,0
GLD.US,5,20251218,211500,398.4,398.43,397.9,398.1047,35252,0
GLD.US,5,20251218,212000,398.14,398.31,398.05,398.31,33515,0
GLD.US,5,20251218,212500,398.3299,398.33,398.11,398.25,47082,0
GLD.US,5,20251218,213000,398.25,398.51,398.16,398.505,61684,0
GLD.US,5,20251218,213500,398.51,398.77,398.5,398.64,73496,0
GLD.US,5,20251218,214000,398.63,398.86,398.54,398.65,59843,0
GLD.US,5,20251218,214500,398.65,398.68,398.41,398.585,71703,0
GLD.US,5,20251218,215000,398.59,398.59,398.28,398.34,96039,0
GLD.US,5,20251218,215500,398.34,398.635,398.27,398.57,475140,0
GLD.US,5,20251219,153000,397.96,398.53,397.87,398.36,152585,0
GLD.US,5,20251219,153500,398.37,398.86,398.295,398.65,163107,0
GLD.US,5,20251219,154000,398.69,398.9,398.37,398.61,137555,0
GLD.US,5,20251219,154500,398.62,398.62,397.17,397.865,218615,0
GLD.US,5,20251219,155000,397.865,398.25,397.57,398.17,85260,0
GLD.US,5,20251219,155500,398.11,398.5299,398.07,398.41,40140,0
GLD.US,5,20251219,160000,398.375,399.03,398.36,399,64960,0
GLD.US,5,20251219,160500,399.03,399.58,398.89,399.4984,94792,0
GLD.US,5,20251219,161000,399.43,399.5392,399.13,399.26,104277,0
GLD.US,5,20251219,161500,399.21,399.57,399.21,399.48,86929,0
GLD.US,5,20251219,162000,399.46,399.7,399.24,399.273,101647,0
GLD.US,5,20251219,162500,399.22,399.31,398.642,398.87,132482,0
GLD.US,5,20251219,163000,398.8,399.46,398.76,399.39,143858,0
GLD.US,5,20251219,163500,399.37,399.53,399.13,399.32,75564,0
GLD.US,5,20251219,164000,399.28,399.55,399.03,399.09,84930,0
GLD.US,5,20251219,164500,399.13,399.63,399.09,399.49,161657,0
GLD.US,5,20251219,165000,399.495,399.72,399.48,399.64,196836,0
GLD.US,5,20251219,165500,399.65,399.96,399.51,399.84,294979,0
GLD.US,5,20251219,170000,399.875,400.49,399.875,400.045,254005,0
GLD.US,5,20251219,170500,400.04,400.08,399.72,399.93,137078,0
GLD.US,5,20251219,171000,399.94,399.99,399.36,399.36,149626,0
GLD.US,5,20251219,171500,399.345,399.78,399.2501,399.55,60345,0
GLD.US,5,20251219,172000,399.5484,399.66,399.33,399.44,62498,0
GLD.US,5,20251219,172500,399.435,399.79,399.435,399.75,32230,0
GLD.US,5,20251219,173000,399.75,400.09,399.71,399.8415,81276,0
GLD.US,5,20251219,173500,399.77,399.9,399.61,399.71,28157,0
GLD.US,5,20251219,174000,399.69,399.75,399.43,399.66,69719,0
GLD.US,5,20251219,174500,399.64,399.8,399.54,399.635,32203,0
GLD.US,5,20251219,175000,399.65,400.13,399.55,399.74,70789,0
GLD.US,5,20251219,175500,399.73,400.02,399.51,400.01,30121,0
GLD.US,5,20251219,180000,400,400.19,399.86,400.0597,50472,0
GLD.US,5,20251219,180500,400.06,400.37,400,400.32,45085,0
GLD.US,5,20251219,181000,400.315,400.35,399.75,399.78,61243,0
GLD.US,5,20251219,181500,399.77,400.18,399.75,400.105,56746,0
GLD.US,5,20251219,182000,400.1,400.18,399.81,399.99,40368,0
GLD.US,5,20251219,182500,399.9766,400.27,399.9766,400.22,26829,0
GLD.US,5,20251219,183000,400.22,400.36,400.075,400.13,36293,0
GLD.US,5,20251219,183500,400.15,400.24,400,400.2,53795,0
GLD.US,5,20251219,184000,400.18,400.38,400.08,400.15,43192,0
GLD.US,5,20251219,184500,400.16,400.44,400.04,400.41,68347,0
GLD.US,5,20251219,185000,400.43,400.52,400.24,400.45,91773,0
GLD.US,5,20251219,185500,400.45,400.6,400.24,400.31,61469,0
GLD.US,5,20251219,190000,400.32,400.43,400.03,400.1987,43590,0
GLD.US,5,20251219,190500,400.2,400.41,400.18,400.27,45371,0
GLD.US,5,20251219,191000,400.29,400.48,400.27,400.38,86429,0
GLD.US,5,20251219,191500,400.385,400.43,400.21,400.35,28528,0
GLD.US,5,20251219,192000,400.36,400.48,400.26,400.455,51729,0
GLD.US,5,20251219,192500,400.4551,400.63,400.36,400.42,73509,0
GLD.US,5,20251219,193000,400.45,400.49,400.02,400.09,47054,0
GLD.US,5,20251219,193500,400.08,400.21,399.88,399.94,73749,0
GLD.US,5,20251219,194000,399.96,399.96,399.54,399.56,71332,0
GLD.US,5,20251219,194500,399.53,399.7,399.39,399.66,66517,0
GLD.US,5,20251219,195000,399.67,400,399.66,399.98,51413,0
GLD.US,5,20251219,195500,399.96,399.99,399.8,399.88,47256,0
GLD.US,5,20251219,200000,399.87,400.1099,399.83,400.077,59921,0
GLD.US,5,20251219,200500,400.08,400.12,399.86,399.9145,63391,0
GLD.US,5,20251219,201000,399.94,399.9469,399.705,399.81,75874,0
GLD.US,5,20251219,201500,399.79,399.96,399.71,399.87,47842,0
GLD.US,5,20251219,202000,399.865,399.865,399.69,399.8001,20153,0
GLD.US,5,20251219,202500,399.82,399.83,399.75,399.82,27666,0
GLD.US,5,20251219,203000,399.81,399.8832,399.7501,399.82,21464,0
GLD.US,5,20251219,203500,399.84,400.03,399.79,399.79,64639,0
GLD.US,5,20251219,204000,399.8,399.86,399.72,399.73,29077,0
GLD.US,5,20251219,204500,399.74,399.886,399.725,399.76,21040,0
GLD.US,5,20251219,205000,399.77,399.94,399.65,399.81,29049,0
GLD.US,5,20251219,205500,399.82,399.87,399.59,399.59,40087,0
GLD.US,5,20251219,210000,399.6,399.7,399.32,399.41,135821,0
GLD.US,5,20251219,210500,399.42,399.5299,399.32,399.415,45164,0
GLD.US,5,20251219,211000,399.42,399.45,399.27,399.31,70142,0
GLD.US,5,20251219,211500,399.319,399.45,399.2,399.35,107391,0
GLD.US,5,20251219,212000,399.355,399.58,399.3,399.57,51263,0
GLD.US,5,20251219,212500,399.565,399.66,399.45,399.58,51318,0
GLD.US,5,20251219,213000,399.57,399.57,399.309,399.385,63039,0
GLD.US,5,20251219,213500,399.385,399.49,399.21,399.22,90906,0
GLD.US,5,20251219,214000,399.21,399.25,398.98,399.145,206313,0
GLD.US,5,20251219,214500,399.13,399.185,398.82,398.87,211900,0
GLD.US,5,20251219,215000,398.86,399.09,398.84,398.89,279041,0
GLD.US,5,20251219,215500,398.88,399.105,398.79,399.02,686845,0
GLD.US,5,20251222,153000,406.98,407.03,405.951,406.31,542097,0
GLD.US,5,20251222,153500,406.32,406.8075,406.1,406.21,472719,0
GLD.US,5,20251222,154000,406.23,406.96,406.09,406.72,632604,0
GLD.US,5,20251222,154500,406.7299,407.33,406.58,407.0663,430076,0
GLD.US,5,20251222,155000,407.08,407.25,406.65,407.04,243959,0
GLD.US,5,20251222,155500,407.04,407.14,406.17,406.35,311641,0
GLD.US,5,20251222,160000,406.35,406.78,406.33,406.5275,163520,0
GLD.US,5,20251222,160500,406.55,406.74,406.17,406.55,125491,0
GLD.US,5,20251222,161000,406.55,406.565,405.83,406.0883,146744,0
GLD.US,5,20251222,161500,406.07,406.4099,405.72,406.17,124966,0
GLD.US,5,20251222,162000,406.165,406.47,405.92,406.17,203198,0
GLD.US,5,20251222,162500,406.12,406.41,406,406.28,147144,0
GLD.US,5,20251222,163000,406.29,406.95,406.165,406.92,123280,0
GLD.US,5,20251222,163500,406.91,407.14,406.75,406.95,147669,0
GLD.US,5,20251222,164000,406.96,407.238,406.95,407.2099,180420,0
GLD.US,5,20251222,164500,407.21,407.54,407.21,407.5099,276768,0
GLD.US,5,20251222,165000,407.51,407.62,407.42,407.51,164948,0
GLD.US,5,20251222,165500,407.51,407.92,407.46,407.56,197126,0
GLD.US,5,20251222,170000,407.57,407.61,407.23,407.47,120079,0
GLD.US,5,20251222,170500,407.47,408.12,407.3,407.8256,171373,0
GLD.US,5,20251222,171000,407.84,408.16,407.64,408.15,154323,0
GLD.US,5,20251222,171500,408.145,408.35,407.87,408.25,135349,0
GLD.US,5,20251222,172000,408.25,408.37,407.975,408.15,126787,0
GLD.US,5,20251222,172500,408.18,408.2,407.93,408.12,110580,0
GLD.US,5,20251222,173000,408.105,408.52,407.68,407.76,151171,0
GLD.US,5,20251222,173500,407.77,408.34,407.74,408.03,96687,0
GLD.US,5,20251222,174000,408.03,408.22,407.93,407.93,125584,0
GLD.US,5,20251222,174500,407.92,408.14,407.82,408,97720,0
GLD.US,5,20251222,175000,408,408.15,407.93,407.93,92509,0
GLD.US,5,20251222,175500,407.93,408.23,407.91,408.185,138790,0
GLD.US,5,20251222,180000,408.17,408.2,407.97,408.12,63249,0
GLD.US,5,20251222,180500,408.12,408.28,407.87,408.21,94001,0
GLD.US,5,20251222,181000,408.23,408.45,408.15,408.45,63615,0
GLD.US,5,20251222,181500,408.46,408.5,408.07,408.07,102828,0
GLD.US,5,20251222,182000,408.07,408.19,408,408.01,45347,0
GLD.US,5,20251222,182500,408.05,408.14,407.7101,407.765,75944,0
GLD.US,5,20251222,183000,407.765,407.99,407.58,407.64,50664,0
GLD.US,5,20251222,183500,407.64,408.09,407.571,408.035,75783,0
GLD.US,5,20251222,184000,408.04,408.11,407.87,407.9499,53174,0
GLD.US,5,20251222,184500,407.9185,408.17,407.9185,408.06,69637,0
GLD.US,5,20251222,185000,408.05,408.25,408,408.08,55800,0
GLD.US,5,20251222,185500,408.08,408.19,407.98,408.18,79028,0
GLD.US,5,20251222,190000,408.19,408.22,408.0301,408.07,42730,0
GLD.US,5,20251222,190500,408.07,408.07,407.81,407.96,70683,0
GLD.US,5,20251222,191000,407.95,408.08,407.91,408.0499,41623,0
GLD.US,5,20251222,191500,408.05,408.2,408,408.11,49911,0
GLD.US,5,20251222,192000,408.11,408.15,407.96,408.1,73714,0
GLD.US,5,20251222,192500,408.09,408.09,407.72,407.78,45764,0
GLD.US,5,20251222,193000,407.79,408.06,407.77,407.9228,31382,0
GLD.US,5,20251222,193500,407.9,407.94,407.72,407.8599,41508,0
GLD.US,5,20251222,194000,407.82,407.8292,407.58,407.64,51022,0
GLD.US,5,20251222,194500,407.64,407.69,407.33,407.38,45443,0
GLD.US,5,20251222,195000,407.35,407.82,407.3349,407.7701,35178,0
GLD.US,5,20251222,195500,407.76,408,407.76,407.87,42728,0
GLD.US,5,20251222,200000,407.8899,407.9265,407.5901,407.7,32237,0
GLD.US,5,20251222,200500,407.67,407.71,407.36,407.58,61289,0
GLD.US,5,20251222,201000,407.58,407.63,407.35,407.36,58982,0
GLD.US,5,20251222,201500,407.37,407.48,407.25,407.3473,49795,0
GLD.US,5,20251222,202000,407.355,407.5,407.355,407.488,50801,0
GLD.US,5,20251222,202500,407.5,407.6899,407.49,407.62,43375,0
GLD.US,5,20251222,203000,407.62,407.7617,407.54,407.6871,30686,0
GLD.US,5,20251222,203500,407.69,407.69,407.51,407.585,35194,0
GLD.US,5,20251222,204000,407.57,407.67,407.55,407.65,63303,0
GLD.US,5,20251222,204500,407.65,407.69,407.55,407.66,47545,0
GLD.US,5,20251222,205000,407.66,407.69,407.6161,407.659,31632,0
GLD.US,5,20251222,205500,407.64,407.75967,407.58,407.735,51697,0
GLD.US,5,20251222,210000,407.735,408.01,407.72,407.9903,104434,0
GLD.US,5,20251222,210500,407.99,408.18,407.91,408.14,83797,0
GLD.US,5,20251222,211000,408.127,408.2099,408.12,408.2,73198,0
GLD.US,5,20251222,211500,408.2,408.21,407.73,407.75,225644,0
GLD.US,5,20251222,212000,407.75,407.89,407.59,407.68,79077,0
GLD.US,5,20251222,212500,407.69,407.74,407.54,407.575,99351,0
GLD.US,5,20251222,213000,407.57,407.74,407.53,407.645,100905,0
GLD.US,5,20251222,213500,407.64,407.88,407.56,407.8498,141613,0
GLD.US,5,20251222,214000,407.85,407.89,407.73,407.83,162138,0
GLD.US,5,20251222,214500,407.83,407.96,407.79,407.95,151944,0
GLD.US,5,20251222,215000,407.94,408.19,407.9301,408.18,241736,0
GLD.US,5,20251222,215500,408.16,408.33,407.98,408.23,1162233,0
GLD.US,5,20251223,153000,410.33,410.42,408.88,409.71,557107,0
GLD.US,5,20251223,153500,409.66,410.07,408.9,410.04,261098,0
GLD.US,5,20251223,154000,409.99,410.0165,408.79,409.23,235827,0
GLD.US,5,20251223,154500,409.3,409.77,409.14,409.47,87809,0
GLD.US,5,20251223,155000,409.44,409.9222,409.23,409.31,152295,0
GLD.US,5,20251223,155500,409.29,409.5634,408.25,408.64,188684,0
GLD.US,5,20251223,160000,408.64,409.07,407.1,407.62,434877,0
GLD.US,5,20251223,160500,407.525,408.47,407.27,408.37,158627,0
GLD.US,5,20251223,161000,408.36,409.02,408.04,408.89,134966,0
GLD.US,5,20251223,161500,408.87,409.24,408.86,409.03,61060,0
GLD.US,5,20251223,162000,408.79,408.92,408.41,408.81,57653,0
GLD.US,5,20251223,162500,408.7841,409.05,408.02,408.33,124544,0
GLD.US,5,20251223,163000,408.24,408.91,408.24,408.815,87637,0
GLD.US,5,20251223,163500,408.81,409.45,408.78,409.44,81171,0
GLD.US,5,20251223,164000,409.41,409.72,409.22,409.33,123758,0
GLD.US,5,20251223,164500,409.32,409.79,409.17,409.67,85716,0
GLD.US,5,20251223,165000,409.68,409.7551,409.3287,409.41,202722,0
GLD.US,5,20251223,165500,409.4,409.9195,409.4,409.84,92493,0
GLD.US,5,20251223,170000,409.8301,410.01,409.655,409.79,94946,0
GLD.US,5,20251223,170500,409.745,410.1499,409.73,409.85,76632,0
GLD.US,5,20251223,171000,409.85,410.32,409.83,410.06,80700,0
GLD.US,5,20251223,171500,410.07,410.16,409.92,410.1,79380,0
GLD.US,5,20251223,172000,410.07,410.4,410.05,410.2473,113835,0
GLD.US,5,20251223,172500,410.25,410.46,410.1,410.1373,63126,0
GLD.US,5,20251223,173000,410.16,410.21,409.62,410.04,65531,0
GLD.US,5,20251223,173500,410.03,410.28,410.03,410.205,41008,0
GLD.US,5,20251223,174000,410.19,410.67,410.185,410.56,99794,0
GLD.US,5,20251223,174500,410.6,411.02,410.59,410.95,99733,0
GLD.US,5,20251223,175000,410.94,411.5,410.92,411.375,149685,0
GLD.US,5,20251223,175500,411.39,411.53,411.225,411.335,85665,0
GLD.US,5,20251223,180000,411.36,411.84,411.08,411.74,113521,0
GLD.US,5,20251223,180500,411.75,411.84,411.41,411.49,126463,0
GLD.US,5,20251223,181000,411.5,411.65,411.34,411.46,80377,0
GLD.US,5,20251223,181500,411.44,411.44,411,411.32,87402,0
GLD.US,5,20251223,182000,411.33,411.69,411.2501,411.26,60618,0
GLD.US,5,20251223,182500,411.285,411.7,411.285,411.625,54854,0
GLD.US,5,20251223,183000,411.64,411.66,411.29,411.4,42596,0
GLD.US,5,20251223,183500,411.41,411.65,411.2564,411.643,35322,0
GLD.US,5,20251223,184000,411.645,411.81,411.54,411.75,146901,0
GLD.US,5,20251223,184500,411.75,411.765,411.21,411.38,72816,0
GLD.US,5,20251223,185000,411.4269,411.44,410.89,411.0032,92318,0
GLD.US,5,20251223,185500,410.98,411.24,410.9301,411.1451,39811,0
GLD.US,5,20251223,190000,411.17,411.49,411.17,411.37,45063,0
GLD.US,5,20251223,190500,411.4,411.79,411.32,411.65,52582,0
GLD.US,5,20251223,191000,411.63,411.95,411.318,411.66,95707,0
GLD.US,5,20251223,191500,411.63,411.71,411.29,411.51,89091,0
GLD.US,5,20251223,192000,411.51,411.67,411.44,411.6,32263,0
GLD.US,5,20251223,192500,411.6,411.8099,411.57,411.61,30129,0
GLD.US,5,20251223,193000,411.64,411.68,411.23,411.28,54650,0
GLD.US,5,20251223,193500,411.274,411.44,411.17,411.3826,34033,0
GLD.US,5,20251223,194000,411.4,411.5,411.355,411.49,54004,0
GLD.US,5,20251223,194500,411.5,411.71,411.5,411.695,62958,0
GLD.US,5,20251223,195000,411.72,411.84,411.59,411.712,27581,0
GLD.US,5,20251223,195500,411.68,412.2803,411.66,412.26,89141,0
GLD.US,5,20251223,200000,412.24,413.16,412.225,413.08,163266,0
GLD.US,5,20251223,200500,413.09,413.165,412.87,412.89,141218,0
GLD.US,5,20251223,201000,412.88,413.37,412.88,413.11,118068,0
GLD.US,5,20251223,201500,413.11,413.11,412.75,412.75,124620,0
GLD.US,5,20251223,202000,412.753,412.82,412.5395,412.66,94009,0
GLD.US,5,20251223,202500,412.66,412.93,412.6,412.8,54313,0
GLD.US,5,20251223,203000,412.795,412.866,412.62,412.7525,41875,0
GLD.US,5,20251223,203500,412.775,413.0299,412.745,412.96,65775,0
GLD.US,5,20251223,204000,412.96,413.16,412.82,413.08,165858,0
GLD.US,5,20251223,204500,413.07,413.07,412.82,412.87,74027,0
GLD.US,5,20251223,205000,412.88,412.89,412.71,412.82,74798,0
GLD.US,5,20251223,205500,412.84,412.98,412.77,412.85,61785,0
GLD.US,5,20251223,210000,412.86,413.075,412.76,412.91,72870,0
GLD.US,5,20251223,210500,412.9178,413.19,412.89,413.18,69896,0
GLD.US,5,20251223,211000,413.16,413.19,413.01,413.14,79750,0
GLD.US,5,20251223,211500,413.14,413.23,412.99,413.23,63382,0
GLD.US,5,20251223,212000,413.1993,413.24,413.03,413.19,56140,0
GLD.US,5,20251223,212500,413.18,413.21,412.93,412.99,44204,0
GLD.US,5,20251223,213000,412.999,413.11,412.79,412.99,72454,0
GLD.US,5,20251223,213500,412.98,413.02,412.75,412.7701,82903,0
GLD.US,5,20251223,214000,412.78,413.065,412.7687,413.01,92531,0
GLD.US,5,20251223,214500,413.02,413.19,412.96,413.17,95729,0
GLD.US,5,20251223,215000,413.16,413.24,413.05,413.209,198316,0
GLD.US,5,20251223,215500,413.21,413.76,413.12,413.64,946220,0
GLD.US,5,20251224,153000,412.25,412.58,411.63,412.56,197886,0
GLD.US,5,20251224,153500,412.575,412.63,410.84,411.13,427945,0
GLD.US,5,20251224,154000,411.1,411.955,410.76,411.86,200902,0
GLD.US,5,20251224,154500,411.9042,411.96,410.95,411.19,214307,0
GLD.US,5,20251224,155000,411.16,411.1749,410.125,410.43,250755,0
GLD.US,5,20251224,155500,410.42,411,409.96,410.35,186441,0
GLD.US,5,20251224,160000,410.3,411.03,410.05,410.825,167219,0
GLD.US,5,20251224,160500,410.84,411.33,410.75,411.205,198859,0
GLD.US,5,20251224,161000,411.22,411.33,410.79,411.33,69648,0
GLD.US,5,20251224,161500,411.29,411.52,410.51,410.7,104538,0
GLD.US,5,20251224,162000,410.72,410.9541,410.14,410.31,125663,0
GLD.US,5,20251224,162500,410.2901,410.96,410.08,410.865,127247,0
GLD.US,5,20251224,163000,410.84,411.14,410.49,410.54,106244,0
GLD.US,5,20251224,163500,410.44,410.56,409.6907,410.0891,182909,0
GLD.US,5,20251224,164000,410.06,410.088,408.97,409.29,567533,0
GLD.US,5,20251224,164500,409.28,409.62,408.83,409.59,200353,0
GLD.US,5,20251224,165000,409.5985,409.8,409.36,409.63,77211,0
GLD.US,5,20251224,165500,409.6,410.02,409.517,409.7817,87810,0
GLD.US,5,20251224,170000,409.76,410.72,409.5881,410.64,81784,0
GLD.US,5,20251224,170500,410.68,410.97,410.5,410.85,75848,0
GLD.US,5,20251224,171000,410.84,410.93,410.52,410.535,50013,0
GLD.US,5,20251224,171500,410.52,410.74,410.3305,410.575,67104,0
GLD.US,5,20251224,172000,410.52,410.69,410.37,410.64,51467,0
GLD.US,5,20251224,172500,410.63,410.7975,410.558,410.7479,41792,0
GLD.US,5,20251224,173000,410.75,411.04,410.6014,411.02,81417,0
GLD.US,5,20251224,173500,411.01,411.44,411.01,411.349,78131,0
GLD.US,5,20251224,174000,411.32,411.53,411.13,411.4,76721,0
GLD.US,5,20251224,174500,411.41,411.41,411.11,411.1521,36242,0
GLD.US,5,20251224,175000,411.155,411.3,411.1,411.16,38447,0
GLD.US,5,20251224,175500,411.17,411.66,411.17,411.5186,48656,0
GLD.US,5,20251224,180000,411.55,411.7365,411.39,411.674,55537,0
GLD.US,5,20251224,180500,411.69,412.45,411.6784,412.33,107581,0
GLD.US,5,20251224,181000,412.3369,412.54,412.08,412.12,181502,0
GLD.US,5,20251224,181500,412.15,412.24,411.97,412.1,71518,0
GLD.US,5,20251224,182000,412.11,412.24,411.595,411.68,79155,0
GLD.US,5,20251224,182500,411.7,411.81,411.4707,411.63,59597,0
GLD.US,5,20251224,183000,411.65,412.12,411.64,412.058,92841,0
GLD.US,5,20251224,183500,412.07,412.105,411.58,411.74,89778,0
GLD.US,5,20251224,184000,411.74,411.885,411.63,411.76,80009,0
GLD.US,5,20251224,184500,411.75,412.145,411.748,411.94,78220,0
GLD.US,5,20251224,185000,411.93,412.11,411.79,411.87,111441,0
GLD.US,5,20251224,185500,411.88,412.1,411.77,411.91,202140,0
GLD.US,5,20251224,190000,411.92,411.93,411.9007,411.93,98489,0
GLD.US,5,20251226,153000,416.48,416.79,415.92,416.59,411627,0
GLD.US,5,20251226,153500,416.66,416.69,415.91,416.12,238981,0
GLD.US,5,20251226,154000,416.12,416.31,415.47,415.66,132310,0
GLD.US,5,20251226,154500,415.71,415.96,415.08,415.42,180098,0
GLD.US,5,20251226,155000,415.42,415.64,414.95,415.307,75346,0
GLD.US,5,20251226,155500,415.34,416.27,415.254,415.72,162863,0
GLD.US,5,20251226,160000,415.72,416.22,415.6,416.07,104689,0
GLD.US,5,20251226,160500,416.11,416.53,416.07,416.44,142072,0
GLD.US,5,20251226,161000,416.41,416.6,416.17,416.26,115608,0
GLD.US,5,20251226,161500,416.27,416.5,416.17,416.35,106165,0
GLD.US,5,20251226,162000,416.35,416.68,416.25,416.57,146673,0
GLD.US,5,20251226,162500,416.57,416.95,416.43,416.8901,187739,0
GLD.US,5,20251226,163000,416.87,417.56,416.76,417.4225,191460,0
GLD.US,5,20251226,163500,417.4287,418.01,417.245,417.5901,171179,0
GLD.US,5,20251226,164000,417.61,417.63,417.05,417.34,229461,0
GLD.US,5,20251226,164500,417.35,417.89,417.2783,417.89,169085,0
GLD.US,5,20251226,165000,417.91,417.99,417.6,417.61,189038,0
GLD.US,5,20251226,165500,417.62,418.2,417.59,418.13,220250,0
GLD.US,5,20251226,170000,418.16,418.3699,417.8914,418.3199,129929,0
GLD.US,5,20251226,170500,418.29,418.45,418.08,418.18,136029,0
GLD.US,5,20251226,171000,418.15,418.2,417.0375,417.44,203097,0
GLD.US,5,20251226,171500,417.44,417.96,417.2,417.76,106714,0
GLD.US,5,20251226,172000,417.755,417.9481,417.6,417.7217,53580,0
GLD.US,5,20251226,172500,417.73,418.13,417.51,417.99,99716,0
GLD.US,5,20251226,173000,418.01,418.05,417.52,417.64,99207,0
GLD.US,5,20251226,173500,417.65,417.9,417.48,417.68,74003,0
GLD.US,5,20251226,174000,417.72,417.72,417.4,417.44,61956,0
GLD.US,5,20251226,174500,417.46,417.61,417.11,417.29,56353,0
GLD.US,5,20251226,175000,417.31,417.31,416.63,417.18,112337,0
GLD.US,5,20251226,175500,417.18,417.8,417.08,417.165,60999,0
GLD.US,5,20251226,180000,417.175,417.26,416.79,416.875,64389,0
GLD.US,5,20251226,180500,416.86,417.22,416.77,416.9314,50383,0
GLD.US,5,20251226,181000,416.95,417.1,416.14,416.2,70934,0
GLD.US,5,20251226,181500,416.21,416.37,415.93,416.225,78657,0
GLD.US,5,20251226,182000,416.23,416.29,415.5999,415.8696,68797,0
GLD.US,5,20251226,182500,415.897,416.15,415.33,415.45,101807,0
GLD.US,5,20251226,183000,415.44,415.65,414.75,414.945,140868,0
GLD.US,5,20251226,183500,414.98,415.56,414.8,415.5,97551,0
GLD.US,5,20251226,184000,415.49,415.61,415.09,415.27,173531,0
GLD.US,5,20251226,184500,415.23,416,415.2,415.8597,73671,0
GLD.US,5,20251226,185000,415.79,415.89,414.9,415.03,91009,0
GLD.US,5,20251226,185500,415.04,415.54,414.99,415.52,49914,0
GLD.US,5,20251226,190000,415.49,415.76,415.301,415.6,55146,0
GLD.US,5,20251226,190500,415.57,415.72,415.1,415.2001,44063,0
GLD.US,5,20251226,191000,415.2,415.4999,415.12,415.375,27159,0
GLD.US,5,20251226,191500,415.35,415.57,415.24,415.39,39657,0
GLD.US,5,20251226,192000,415.42,415.8385,415.42,415.78,49089,0
GLD.US,5,20251226,192500,415.7,416,415.48,415.51,102284,0
GLD.US,5,20251226,193000,415.48,415.76,415.3,415.68,59405,0
GLD.US,5,20251226,193500,415.65,415.92,415.6416,415.85,37548,0
GLD.US,5,20251226,194000,415.85,416.58,415.85,416.52,84551,0
GLD.US,5,20251226,194500,416.53,416.62,416.33,416.5285,71580,0
GLD.US,5,20251226,195000,416.51,416.83,416.485,416.75,75012,0
GLD.US,5,20251226,195500,416.73,416.77,416.4,416.6799,59088,0
GLD.US,5,20251226,200000,416.655,416.68,416.1,416.34,54739,0
GLD.US,5,20251226,200500,416.34,416.48,416.28,416.44,36551,0
GLD.US,5,20251226,201000,416.45,416.92,416.45,416.8901,48015,0
GLD.US,5,20251226,201500,416.91,417.05,416.805,417.03,41865,0
GLD.US,5,20251226,202000,417.03,417.06,416.66,416.74,51775,0
GLD.US,5,20251226,202500,416.76,416.84,416.432,416.545,33098,0
GLD.US,5,20251226,203000,416.51,416.58,416.07,416.15,40223,0
GLD.US,5,20251226,203500,416.1,416.11,415.82,416.06,49560,0
GLD.US,5,20251226,204000,416.07,416.32,415.89,416.12,49551,0
GLD.US,5,20251226,204500,416.1383,416.2658,415.85,415.864,34233,0
GLD.US,5,20251226,205000,415.85,415.95,415.72,415.8,30460,0
GLD.US,5,20251226,205500,415.78,415.98,415.65,415.9588,43768,0
GLD.US,5,20251226,210000,416,416.63,415.9001,416.6,55326,0
GLD.US,5,20251226,210500,416.61,416.7899,416.51,416.6599,55408,0
GLD.US,5,20251226,211000,416.64,416.9,416.5712,416.83,39133,0
GLD.US,5,20251226,211500,416.83,417.0747,416.44,416.49,84953,0
GLD.US,5,20251226,212000,416.45,416.65,416.04,416.19,85123,0
GLD.US,5,20251226,212500,416.16,416.21,415.79,415.97,57015,0
GLD.US,5,20251226,213000,415.96,416.26,415.91,416.12,61114,0
GLD.US,5,20251226,213500,416.1399,416.42,416.09,416.39,112998,0
GLD.US,5,20251226,214000,416.385,416.71,416.21,416.648,125693,0
GLD.US,5,20251226,214500,416.625,416.78,416.5,416.54,107773,0
GLD.US,5,20251226,215000,416.54,416.58,416.19,416.24,141077,0
GLD.US,5,20251226,215500,416.24,416.92,416.18,416.72,794596,0
GLD.US,5,20251229,153000,403.66,403.66,401.37,402.83,866282,0
GLD.US,5,20251229,153500,402.84,403.5,401.9,401.97,530195,0
GLD.US,5,20251229,154000,401.92,402.21,400.53,402.117,660237,0
GLD.US,5,20251229,154500,402.05,403.14,402.05,402.42,410796,0
GLD.US,5,20251229,155000,402.37,402.66,401.63,401.63,239735,0
GLD.US,5,20251229,155500,401.7,402.21,400.72,400.8566,303320,0
GLD.US,5,20251229,160000,400.88,400.8875,398.87,399.16,753268,0
GLD.US,5,20251229,160500,399.16,399.64,397.92,399.355,527595,0
GLD.US,5,20251229,161000,399.32,399.55,398.4,399.315,360929,0
GLD.US,5,20251229,161500,399.3,399.325,398.01,398.29,277857,0
GLD.US,5,20251229,162000,398.35,398.42,395.33,396.82,792793,0
GLD.US,5,20251229,162500,396.8,398.07,396.75,397.1401,383841,0
GLD.US,5,20251229,163000,397.14,397.97,396.87,397.89,293462,0
GLD.US,5,20251229,163500,397.91,398.73,397.67,397.94,244691,0
GLD.US,5,20251229,164000,397.94,398.73,397.61,398.28,195789,0
GLD.US,5,20251229,164500,398.25,399.03,397.86,398,284871,0
GLD.US,5,20251229,165000,397.9703,398.2499,397.53,397.74,136967,0
GLD.US,5,20251229,165500,397.73,398.15,397.45,397.7,168402,0
GLD.US,5,20251229,170000,397.7,398.93,397.55,398.73,151973,0
GLD.US,5,20251229,170500,398.74,398.905,398.15,398.735,158431,0
GLD.US,5,20251229,171000,398.7399,399.32,398.29,398.47,187954,0
GLD.US,5,20251229,171500,398.49,398.5599,397.62,398.07,240376,0
GLD.US,5,20251229,172000,398.04,398.8639,397.9,398.575,180063,0
GLD.US,5,20251229,172500,398.575,398.78,398.22,398.515,110423,0
GLD.US,5,20251229,173000,398.5168,398.9099,398.44,398.75,146089,0
GLD.US,5,20251229,173500,398.76,399.28,398.57,399.1386,162319,0
GLD.US,5,20251229,174000,399.1001,399.28,397.99,398.62,146489,0
GLD.US,5,20251229,174500,398.57,399.04,398.57,398.875,111212,0
GLD.US,5,20251229,175000,398.89,399.63,398.71,399.59,122585,0
GLD.US,5,20251229,175500,399.61,399.78,399.17,399.23,181560,0
GLD.US,5,20251229,180000,399.25,399.34,398.7991,399.0299,145506,0
GLD.US,5,20251229,180500,399.01,399.05,398.12,398.2,142354,0
GLD.US,5,20251229,181000,398.18,398.33,397.72,398.16,160105,0
GLD.US,5,20251229,181500,398.1,398.47,397.98,398.36,57122,0
GLD.US,5,20251229,182000,398.36,398.37,397.67,397.73,91158,0
GLD.US,5,20251229,182500,397.68,398.08,397.45,398.055,144221,0
GLD.US,5,20251229,183000,398.055,398.11,397.62,397.94,144682,0
GLD.US,5,20251229,183500,397.92,397.9276,396.84,396.955,177226,0
GLD.US,5,20251229,184000,396.9899,397.45,396.75,397.16,292706,0
GLD.US,5,20251229,184500,397.165,397.67,397.1583,397.5,115350,0
GLD.US,5,20251229,185000,397.508,397.71,397.29,397.31,79941,0
GLD.US,5,20251229,185500,397.27,398.1,397.2637,397.96,157870,0
GLD.US,5,20251229,190000,398,398.36,397.97257,398.23,79608,0
GLD.US,5,20251229,190500,398.24,398.4055,397.76,398.1904,156934,0
GLD.US,5,20251229,191000,398.23,398.32,397.75,398.08,93063,0
GLD.US,5,20251229,191500,398.09,398.34,398.03,398.05,67866,0
GLD.US,5,20251229,192000,398.02,398.35,397.81,398.29,144454,0
GLD.US,5,20251229,192500,398.28,398.59,397.48,397.94,114674,0
GLD.US,5,20251229,193000,397.92,398.34,397.8,398.01,70010,0
GLD.US,5,20251229,193500,398.07,398.54,398.01,398.27,58722,0
GLD.US,5,20251229,194000,398.27,398.46,398.055,398.1701,40976,0
GLD.US,5,20251229,194500,398.19,398.35,398.045,398.0524,41787,0
GLD.US,5,20251229,195000,398.02,398.28,397.9601,398.1544,55295,0
GLD.US,5,20251229,195500,398.12,398.34,398.08,398.2335,50749,0
GLD.US,5,20251229,200000,398.27,398.39,397.92,398.24,76389,0
GLD.US,5,20251229,200500,398.25,398.34,397.92,398.1012,58874,0
GLD.US,5,20251229,201000,398.08,398.66,397.99,398.6,155833,0
GLD.US,5,20251229,201500,398.63,398.77,398.34,398.4525,104371,0
GLD.US,5,20251229,202000,398.5,398.59,398.16,398.16,53420,0
GLD.US,5,20251229,202500,398.15,398.355,397.99,398.2,85315,0
GLD.US,5,20251229,203000,398.22,398.68,398.18,398.614,57003,0
GLD.US,5,20251229,203500,398.63,398.69,398.45,398.45,78750,0
GLD.US,5,20251229,204000,398.44,398.51,398.17,398.38,58306,0
GLD.US,5,20251229,204500,398.36,398.53,398.29,398.32,60602,0
GLD.US,5,20251229,205000,398.32,398.49,398.26,398.41,71214,0
GLD.US,5,20251229,205500,398.4194,398.89,398.3741,398.77,81673,0
GLD.US,5,20251229,210000,398.79,399.4,398.77,399.35,116175,0
GLD.US,5,20251229,210500,399.3468,399.485,398.87,399.0101,122290,0
GLD.US,5,20251229,211000,399.02,399.32,398.85,399.28,119637,0
GLD.US,5,20251229,211500,399.29,399.3,399,399.19,101312,0
GLD.US,5,20251229,212000,399.1901,399.23,398.79,398.82,71737,0
GLD.US,5,20251229,212500,398.8,399.2,398.8,399.14,110263,0
GLD.US,5,20251229,213000,399.14,399.21,398.72,398.74,75495,0
GLD.US,5,20251229,213500,398.77,398.81,397.74532,398.14,164994,0
GLD.US,5,20251229,214000,398.15,398.46,398,398.43,88482,0
GLD.US,5,20251229,214500,398.44,398.57,398.28,398.42,176973,0
GLD.US,5,20251229,215000,398.43,398.63,398.165,398.2301,412484,0
GLD.US,5,20251229,215500,398.23,398.6195,397.96,398.61,1536984,0
GLD.US,5,20251230,153000,403.6,403.8,402.46,402.85,304656,0
GLD.US,5,20251230,153500,402.87,402.905,402.05,402.36,189270,0
GLD.US,5,20251230,154000,402.36,402.36,401.15,401.8005,245488,0
GLD.US,5,20251230,154500,401.8145,401.885,400.4,400.83,262974,0
GLD.US,5,20251230,155000,400.81,401.84,400.575,401.6899,86170,0
GLD.US,5,20251230,155500,401.69,401.76,401.03,401.36,153354,0
GLD.US,5,20251230,160000,401.3,401.86,400.86,401.37,171625,0
GLD.US,5,20251230,160500,401.375,401.9899,401.08,401.63,99174,0
GLD.US,5,20251230,161000,401.58,401.9699,401.1601,401.64,105551,0
GLD.US,5,20251230,161500,401.66,402.3,401.58,402.22,98679,0
GLD.US,5,20251230,162000,402.16,402.4,401.68,401.69,108894,0
GLD.US,5,20251230,162500,401.67,401.93,401.25,401.32,78375,0
GLD.US,5,20251230,163000,401.44,401.5099,400.8,401.3,71306,0
GLD.US,5,20251230,163500,401.37,401.85,401.2,401.775,78793,0
GLD.US,5,20251230,164000,401.79,402.08,400.75,400.96,112639,0
GLD.US,5,20251230,164500,400.99,401.45,400.86,401.31,60940,0
GLD.US,5,20251230,165000,401.3251,401.68,401.04,401.5305,75887,0
GLD.US,5,20251230,165500,401.56,401.76,401.21,401.23,64002,0
GLD.US,5,20251230,170000,401.25,401.27,400.76,401,110231,0
GLD.US,5,20251230,170500,400.97,401.09,400.37,400.37,104242,0
GLD.US,5,20251230,171000,400.38,400.7799,400.29,400.6199,104666,0
GLD.US,5,20251230,171500,400.62,401.71,400.56,401.39,77851,0
GLD.US,5,20251230,172000,401.45,401.56,401.14,401.48,122259,0
GLD.US,5,20251230,172500,401.5,401.84,401.31,401.62,55369,0
GLD.US,5,20251230,173000,401.615,401.63,401.2,401.29,52400,0
GLD.US,5,20251230,173500,401.29,401.44,401.02,401.13,42075,0
GLD.US,5,20251230,174000,401.15,401.485,401.09,401.42,32912,0
GLD.US,5,20251230,174500,401.421,401.58,401.33,401.52,42271,0
GLD.US,5,20251230,175000,401.5121,401.74,401.48,401.73,42026,0
GLD.US,5,20251230,175500,401.81,402.6,401.72,402.44,110567,0
GLD.US,5,20251230,180000,402.44,402.83,402.295,402.33,70685,0
GLD.US,5,20251230,180500,402.36,402.59,402.2301,402.35,58478,0
GLD.US,5,20251230,181000,402.37,402.45,402.01,402.03,36624,0
GLD.US,5,20251230,181500,402.0999,402.23,401.87,402.0194,45979,0
GLD.US,5,20251230,182000,402.015,402.13,401.5732,402.04,45377,0
GLD.US,5,20251230,182500,402.062,402.3106,402.01,402.137,40860,0
GLD.US,5,20251230,183000,402.15,402.27,401.94,401.97,52668,0
GLD.US,5,20251230,183500,401.97,402.04,401.61,401.9,67536,0
GLD.US,5,20251230,184000,401.91,401.99,401.24,401.57,54022,0
GLD.US,5,20251230,184500,401.56,401.63,401.14,401.2559,36148,0
GLD.US,5,20251230,185000,401.28,401.65,401.15,401.53,45805,0
GLD.US,5,20251230,185500,401.5,401.7,401.47,401.65,44778,0
GLD.US,5,20251230,190000,401.6,402.17,401.51,402.15,53998,0
GLD.US,5,20251230,190500,402.2,402.45,401.97,401.97,67382,0
GLD.US,5,20251230,191000,401.96,402.2,401.72,401.74,44731,0
GLD.US,5,20251230,191500,401.73,401.74,401.41,401.59,64752,0
GLD.US,5,20251230,192000,401.594,401.8,401.26,401.71,52628,0
GLD.US,5,20251230,192500,401.69,401.83,401.45,401.67,42129,0
GLD.US,5,20251230,193000,401.71,401.75,401.3,401.51,33042,0
GLD.US,5,20251230,193500,401.5099,401.61,401.2201,401.33,29857,0
GLD.US,5,20251230,194000,401.3,401.33,401,401.27,25933,0
GLD.US,5,20251230,194500,401.27,401.4199,401.02,401.3883,50377,0
GLD.US,5,20251230,195000,401.42,401.45,401.05,401.14,64392,0
GLD.US,5,20251230,195500,401.17,401.25,401.02,401.19,27296,0
GLD.US,5,20251230,200000,401.19,401.48,401.08,401.435,28728,0
GLD.US,5,20251230,200500,401.435,401.435,401.11,401.32,26246,0
GLD.US,5,20251230,201000,401.33,401.51,401.28,401.39,44097,0
GLD.US,5,20251230,201500,401.39,401.42,401.2,401.28,36091,0
GLD.US,5,20251230,202000,401.275,401.37,401.15,401.3599,25366,0
GLD.US,5,20251230,202500,401.36,401.455,401.2101,401.325,30534,0
GLD.US,5,20251230,203000,401.34,401.37,400.89,400.93,39066,0
GLD.US,5,20251230,203500,400.92,401.05,400.78,401.05,34792,0
GLD.US,5,20251230,204000,401.06,401.06,400.84,401.02,44945,0
GLD.US,5,20251230,204500,401.025,401.05,399.5706,399.86,230250,0
GLD.US,5,20251230,205000,399.86,399.94,399.0398,399.12,137062,0
GLD.US,5,20251230,205500,399.12,399.68,398.7,399.6318,77762,0
GLD.US,5,20251230,210000,399.74,399.85,399.02,399.12,101868,0
GLD.US,5,20251230,210500,399.12,399.35,398.74,399.07,79994,0
GLD.US,5,20251230,211000,399.02,399.8129,399,399.6453,69133,0
GLD.US,5,20251230,211500,399.62,399.97,399.46,399.6,53103,0
GLD.US,5,20251230,212000,399.59,399.91,399.5,399.7594,48171,0
GLD.US,5,20251230,212500,399.74,400.1,399.74,399.89,49017,0
GLD.US,5,20251230,213000,399.93,400.25,399.85,400.14,44768,0
GLD.US,5,20251230,213500,400.12,400.32,400.05,400.17,64931,0
GLD.US,5,20251230,214000,400.17,400.215,399.42,399.6306,114619,0
GLD.US,5,20251230,214500,399.6593,399.96,399.42,399.495,85472,0
GLD.US,5,20251230,215000,399.51,399.55,399.03,399.13,176344,0
GLD.US,5,20251230,215500,399.14,399.52,398.56,398.9,1005246,0
GLD.US,5,20251231,153000,398.6,399.62,398.27,399.51,203674,0
GLD.US,5,20251231,153500,399.54,399.71,398.4727,398.52,145193,0
GLD.US,5,20251231,154000,398.48,399.25,398.175,399.22,179871,0
GLD.US,5,20251231,154500,399.23,399.78,399.075,399.45,115605,0
GLD.US,5,20251231,155000,399.45,399.6,399.16,399.47,89959,0
GLD.US,5,20251231,155500,399.47,400.13,399.42,399.42,90678,0
GLD.US,5,20251231,160000,399.4,399.44,398.54,398.58,83249,0
GLD.US,5,20251231,160500,398.58,398.8,398.1,398.13,109762,0
GLD.US,5,20251231,161000,398.05,398.38,397.84,398.09,120140,0
GLD.US,5,20251231,161500,398.0775,398.41,397.9496,398.2492,99014,0
GLD.US,5,20251231,162000,398.18,398.5,397.64,398.22,86224,0
GLD.US,5,20251231,162500,398.26,398.77,398.04,398.64,94935,0
GLD.US,5,20251231,163000,398.62,399.01,398.48,398.605,83594,0
GLD.US,5,20251231,163500,398.63,398.8201,398.23,398.29,70560,0
GLD.US,5,20251231,164000,398.265,398.29,397.79,397.965,96969,0
GLD.US,5,20251231,164500,397.95,398.05,397.61,397.91,173808,0
GLD.US,5,20251231,165000,397.88,398.47,397.87,398.18,86739,0
GLD.US,5,20251231,165500,398.16,398.59,398.03,398.54,82443,0
GLD.US,5,20251231,170000,398.57,398.76,397.67,397.68,95827,0
GLD.US,5,20251231,170500,397.63,398.05,397.45,397.805,111499,0
GLD.US,5,20251231,171000,397.78,397.78,397.12,397.3,101122,0
GLD.US,5,20251231,171500,397.25,397.76,397.07,397.75,168918,0
GLD.US,5,20251231,172000,397.75,397.82,397.47,397.7475,77820,0
GLD.US,5,20251231,172500,397.76,397.82,397.32,397.415,73923,0
GLD.US,5,20251231,173000,397.45,397.83,397.29,397.475,85531,0
GLD.US,5,20251231,173500,397.5,397.53,396.96,397.13,109462,0
GLD.US,5,20251231,174000,397.14,397.27,396.85,396.94,95988,0
GLD.US,5,20251231,174500,396.8501,397.21,396.66,397.15,80691,0
GLD.US,5,20251231,175000,397.13,397.25,396.98,397.14,59862,0
GLD.US,5,20251231,175500,397.08,397.33,396.98,397.2,57197,0
GLD.US,5,20251231,180000,397.21,397.69,397.135,397.3501,46694,0
GLD.US,5,20251231,180500,397.4,397.47,396.99,397.15,47862,0
GLD.US,5,20251231,181000,397.13,397.32,396.98,397.25,63395,0
GLD.US,5,20251231,181500,397.25,397.34,397.13,397.15,92022,0
GLD.US,5,20251231,182000,397.15,397.16,396.75,397.075,82928,0
GLD.US,5,20251231,182500,397.1,397.21,396.95,397,59791,0
GLD.US,5,20251231,183000,396.99,397.42,396.83,397.38,69592,0
GLD.US,5,20251231,183500,397.44,397.8,397.4,397.5943,56837,0
GLD.US,5,20251231,184000,397.54,397.54,397.25,397.45,48065,0
GLD.US,5,20251231,184500,397.44,397.56,397.25,397.355,29641,0
GLD.US,5,20251231,185000,397.36,397.53,397.2,397.3659,41632,0
GLD.US,5,20251231,185500,397.35,397.37,396.93,397.1054,41036,0
GLD.US,5,20251231,190000,397.08,397.65,397.08,397.45,29987,0
GLD.US,5,20251231,190500,397.46944,397.52,397.2401,397.31,23716,0
GLD.US,5,20251231,191000,397.27,397.65,397.24,397.65,29625,0
GLD.US,5,20251231,191500,397.65,397.99,397.58,397.67,55450,0
GLD.US,5,20251231,192000,397.68,397.7299,397.28,397.5,52982,0
GLD.US,5,20251231,192500,397.46,397.75,397.29,397.74,38506,0
GLD.US,5,20251231,193000,397.75,397.76,396.86,396.905,64758,0
GLD.US,5,20251231,193500,396.89,397.42,396.89,397.32,56914,0
GLD.US,5,20251231,194000,397.34,397.5,397.07,397.16,47202,0
GLD.US,5,20251231,194500,397.15,397.15,396.6,396.702,41744,0
GLD.US,5,20251231,195000,396.69,396.98,396.55,396.77,24292,0
GLD.US,5,20251231,195500,396.73,396.9286,396.655,396.92,17784,0
GLD.US,5,20251231,200000,396.94,397.2,396.94,397.11,35866,0
GLD.US,5,20251231,200500,397.07,397.07,396.64,396.66,42608,0
GLD.US,5,20251231,201000,396.66,396.82,396.56,396.74,36760,0
GLD.US,5,20251231,201500,396.735,396.83,396.65,396.69,39455,0
GLD.US,5,20251231,202000,396.68,396.95,396.67,396.8965,38746,0
GLD.US,5,20251231,202500,396.89,396.89,396.6375,396.74,34467,0
GLD.US,5,20251231,203000,396.7525,396.77,396.12,396.3936,166318,0
GLD.US,5,20251231,203500,396.42,396.44,395.97,396.06,109900,0
GLD.US,5,20251231,204000,396.07,396.3021,395.8,396.1,91161,0
GLD.US,5,20251231,204500,396.1,396.39,396,396.1,44196,0
GLD.US,5,20251231,205000,396.065,396.27,395.935,396.21,25378,0
GLD.US,5,20251231,205500,396.19,396.255,396.09,396.205,25160,0
GLD.US,5,20251231,210000,396.22,396.23,395.59,395.67,75336,0
GLD.US,5,20251231,210500,395.7,396.02,395.68,395.87,58410,0
GLD.US,5,20251231,211000,395.8457,396.57,395.81,396.5,75610,0
GLD.US,5,20251231,211500,396.5,396.88,396.39,396.8,43159,0
GLD.US,5,20251231,212000,396.78,396.84,396.35,396.55,39780,0
GLD.US,5,20251231,212500,396.53,396.77,396.47,396.55,31840,0
GLD.US,5,20251231,213000,396.55,397.36,396.5173,397.1,109981,0
GLD.US,5,20251231,213500,397.1,397.13,396.76,396.77,69276,0
GLD.US,5,20251231,214000,396.79,397.385,396.74,397.05,123234,0
GLD.US,5,20251231,214500,397.02,397.12,396.575,396.65,114367,0
GLD.US,5,20251231,215000,396.63,396.66,395.8,396.09,197698,0
GLD.US,5,20251231,215500,396.1,396.59,396,396.31,1057807,0
GLD.US,5,20260102,153000,401.62,401.82,400.38,400.4,420016,0
GLD.US,5,20260102,153500,400.4,400.87,399.95,400.03,566329,0
GLD.US,5,20260102,154000,400,400.58,399.71,400.5,324336,0
GLD.US,5,20260102,154500,400.54,401.205,400.32,400.99,134066,0
GLD.US,5,20260102,155000,401,401.205,400.45,400.82,264523,0
GLD.US,5,20260102,155500,400.76,400.86,400.19,400.3008,95232,0
GLD.US,5,20260102,160000,400.26,400.67,399.271,399.32,354741,0
GLD.US,5,20260102,160500,399.29,400.04,398.99,399.7,179432,0
GLD.US,5,20260102,161000,399.69,399.885,398.5,399.13,276383,0
GLD.US,5,20260102,161500,399.15,399.3,398.58,399,189577,0
GLD.US,5,20260102,162000,398.99,399.17,398.185,398.52,130371,0
GLD.US,5,20260102,162500,398.57,399.06,398.5,398.69,90825,0
GLD.US,5,20260102,163000,398.75,399.0463,398.31,398.98,121331,0
GLD.US,5,20260102,163500,398.99,399.25,398.85,399.09,105862,0
GLD.US,5,20260102,164000,399.208,399.67,399.208,399.62,77347,0
GLD.US,5,20260102,164500,399.6206,399.7,399.12,399.32,84943,0
GLD.US,5,20260102,165000,399.29,399.42,398.91,399.2,72180,0
GLD.US,5,20260102,165500,399.15,399.21,398.48,398.62,79075,0
GLD.US,5,20260102,170000,398.55,398.8,397.61,397.9,118887,0
GLD.US,5,20260102,170500,397.87,398.07,397.44,397.83,153077,0
GLD.US,5,20260102,171000,397.8,397.84,397.24,397.45,103119,0
GLD.US,5,20260102,171500,397.38,397.65,396.76,396.95,138726,0
GLD.US,5,20260102,172000,396.98,397.3,396.75,397.07,103873,0
GLD.US,5,20260102,172500,397.05,397.61,397.03,397.39,74226,0
GLD.US,5,20260102,173000,397.36,397.41,396.77,396.89,97891,0
GLD.US,5,20260102,173500,396.9,397.67,396.8,397.44,97241,0
GLD.US,5,20260102,174000,397.43,397.96,397.3485,397.76,123346,0
GLD.US,5,20260102,174500,397.74,398.02,397.53,397.64,73432,0
GLD.US,5,20260102,175000,397.61,397.85,397.41,397.575,85852,0
GLD.US,5,20260102,175500,397.59,397.83,397.36,397.82,46837,0
GLD.US,5,20260102,180000,397.82,398.37,397.68,398.355,146258,0
GLD.US,5,20260102,180500,398.34,398.509,397.92,397.97,97255,0
GLD.US,5,20260102,181000,397.97,398.3,397.94,398.18,75593,0
GLD.US,5,20260102,181500,398.19,398.425,398.02,398.09,108889,0
GLD.US,5,20260102,182000,398.08,398.2123,397.75,397.8,45168,0
GLD.US,5,20260102,182500,397.79,398.06,397.6027,398.04,44626,0
GLD.US,5,20260102,183000,398.06,398.25,397.85,398.005,28869,0
GLD.US,5,20260102,183500,398.0412,398.16,397.69,397.75,34823,0
GLD.US,5,20260102,184000,397.75,397.88,397.55,397.78,46191,0
GLD.US,5,20260102,184500,397.79,397.95,397.62,397.76,38751,0
GLD.US,5,20260102,185000,397.74,397.94,397.5737,397.69,45792,0
GLD.US,5,20260102,185500,397.695,397.76,397.4512,397.52,36988,0
GLD.US,5,20260102,190000,397.45,397.54,397.3,397.4,36860,0
GLD.US,5,20260102,190500,397.41,397.5,396.86,396.92,71451,0
GLD.US,5,20260102,191000,396.92,396.92,396.51,396.7074,190801,0
GLD.US,5,20260102,191500,396.71,397.04,396.35,397.03,90529,0
GLD.US,5,20260102,192000,397.05,397.21,396.81,397.075,82460,0
GLD.US,5,20260102,192500,397.14,397.335,396.99,397.06,81055,0
GLD.US,5,20260102,193000,397.07,397.14,396.69,396.8345,47187,0
GLD.US,5,20260102,193500,396.86,397.03,396.45,396.7601,51806,0
GLD.US,5,20260102,194000,396.78,396.82,396.25,396.55977,48957,0
GLD.US,5,20260102,194500,396.51,396.71,396.47,396.5533,77255,0
GLD.US,5,20260102,195000,396.54,396.78,396.43,396.78,55443,0
GLD.US,5,20260102,195500,396.78,396.8299,396.6501,396.76,16194,0
GLD.US,5,20260102,200000,396.77,397.26,396.77,397.2,62457,0
GLD.US,5,20260102,200500,397.2,397.39,397.01,397.28,58399,0
GLD.US,5,20260102,201000,397.2775,397.39,397.17,397.325,59606,0
GLD.US,5,20260102,201500,397.33,397.4595,397.3,397.34,24530,0
GLD.US,5,20260102,202000,397.35,397.35,396.86,396.8612,62304,0
GLD.US,5,20260102,202500,396.89,397.09,396.88,397.05,24851,0
GLD.US,5,20260102,203000,397.06,397.31,397.03,397.25,48913,0
GLD.US,5,20260102,203500,397.2507,397.79,397.23,397.59,69769,0
GLD.US,5,20260102,204000,397.6,397.81,397.37,397.46,35764,0
GLD.US,5,20260102,204500,397.47,397.47,397.16,397.3,35091,0
GLD.US,5,20260102,205000,397.32,397.33,396.98,397.19,46048,0
GLD.US,5,20260102,205500,397.19,397.2799,396.99,397.02,33908,0
GLD.US,5,20260102,210000,397.04,397.21,396.93,397.0791,40906,0
GLD.US,5,20260102,210500,397.06,397.19,397,397.14,59117,0
GLD.US,5,20260102,211000,397.13,397.34,397.13,397.2,48270,0
GLD.US,5,20260102,211500,397.19,397.43,397.09,397.43,30146,0
GLD.US,5,20260102,212000,397.43,397.796,397.43,397.78,54546,0
GLD.US,5,20260102,212500,397.78,398.11,397.64,398.02,65854,0
GLD.US,5,20260102,213000,398.01,398.01,397.72,397.93,91173,0
GLD.US,5,20260102,213500,397.93,398.07,397.8,397.92,70691,0
GLD.US,5,20260102,214000,397.92,398.07,397.84,397.86,77773,0
GLD.US,5,20260102,214500,397.87,397.99,397.82,397.885,89056,0
GLD.US,5,20260102,215000,397.88,398.13,397.86,397.96,100576,0
GLD.US,5,20260102,215500,397.95,398.325,397.95,398.28,387911,0
GLD.US,5,20260105,153000,406.39,407.11,406.15,406.94,402318,0
GLD.US,5,20260105,153500,406.94,407.13,406.18,407.06,504591,0
GLD.US,5,20260105,154000,407.06,407.31,406.55,407.3,266457,0
GLD.US,5,20260105,154500,407.3,408.13,407.12,407.98,237398,0
GLD.US,5,20260105,155000,407.9779,408.27,407.61,408.27,242151,0
GLD.US,5,20260105,155500,408.26,408.5272,407.8,407.99,302555,0
GLD.US,5,20260105,160000,407.99,409.49,407.99,409.35,314366,0
GLD.US,5,20260105,160500,409.36,409.72,409.14,409.59,324316,0
GLD.US,5,20260105,161000,409.58,409.64,408.58,409.1109,289111,0
GLD.US,5,20260105,161500,409.11,409.375,408.9,409.32,308313,0
GLD.US,5,20260105,162000,409.31,409.425,409.02,409.06,225679,0
GLD.US,5,20260105,162500,409.05,409.21,408.49,408.7,210961,0
GLD.US,5,20260105,163000,408.73,408.79,408.3212,408.54,144011,0
GLD.US,5,20260105,163500,408.54,408.7,407.85,408.24,123717,0
GLD.US,5,20260105,164000,408.24,409.01,408,408.97,133742,0
GLD.US,5,20260105,164500,408.97,409.18,408.53,408.59,168077,0
GLD.US,5,20260105,165000,408.6028,408.72,408.3261,408.695,97675,0
GLD.US,5,20260105,165500,408.68,409.21,408.67,409.06,98535,0
GLD.US,5,20260105,170000,409.06,409.34,408.75,409.06,124779,0
GLD.US,5,20260105,170500,409.06,409.1,408.12,408.41,129386,0
GLD.US,5,20260105,171000,408.4235,408.9099,408.22,408.86,96134,0
GLD.US,5,20260105,171500,408.87,409.0625,408.73,408.84,80356,0
GLD.US,5,20260105,172000,408.86,408.93,408.56,408.6,70614,0
GLD.US,5,20260105,172500,408.61,408.62,408.27,408.35,130652,0
GLD.US,5,20260105,173000,408.355,408.83,408.2601,408.74,159901,0
GLD.US,5,20260105,173500,408.75,408.83,408.56,408.689,100720,0
GLD.US,5,20260105,174000,408.7,408.845,408.67,408.75,136152,0
GLD.US,5,20260105,174500,408.73,409.33,408.67,409.28,100470,0
GLD.US,5,20260105,175000,409.27,409.6,409.26,409.41,157191,0
GLD.US,5,20260105,175500,409.41,409.41,408.34,408.43,130470,0
GLD.US,5,20260105,180000,408.45,408.47,407.63,407.69,241541,0
GLD.US,5,20260105,180500,407.675,408.25,407.56,408.2001,104870,0
GLD.US,5,20260105,181000,408.2,408.49,407.9,408.44,52511,0
GLD.US,5,20260105,181500,408.49,408.865,408.46,408.7635,53115,0
GLD.US,5,20260105,182000,408.75,408.94,408.62,408.89,100181,0
GLD.US,5,20260105,182500,408.915,409.12,408.745,408.885,81751,0
GLD.US,5,20260105,183000,408.855,408.91,408.58,408.6216,93217,0
GLD.US,5,20260105,183500,408.6,408.98,408.52,408.74,98565,0
GLD.US,5,20260105,184000,408.735,408.74,408.02,408.19,87124,0
GLD.US,5,20260105,184500,408.18,408.67,408.16,408.65,70994,0
GLD.US,5,20260105,185000,408.67,408.77,408.44,408.71,36537,0
GLD.US,5,20260105,185500,408.71,408.8099,408.54,408.595,32627,0
GLD.US,5,20260105,190000,408.57,408.6865,408.45,408.58,33511,0
GLD.US,5,20260105,190500,408.62,408.9,408.54,408.7721,46421,0
GLD.US,5,20260105,191000,408.75,409.03,408.73,408.96,55112,0
GLD.US,5,20260105,191500,408.965,409.06,408.643,408.74,57888,0
GLD.US,5,20260105,192000,408.73,408.88,408.45,408.84,40784,0
GLD.US,5,20260105,192500,408.84,408.84,408.24,408.38,55613,0
GLD.US,5,20260105,193000,408.35,408.62,408.34,408.46,36031,0
GLD.US,5,20260105,193500,408.47,408.78,408.41,408.6921,43154,0
GLD.US,5,20260105,194000,408.6955,408.81,408.55,408.61,36503,0
GLD.US,5,20260105,194500,408.6,408.79,408.53,408.75,34717,0
GLD.US,5,20260105,195000,408.73,408.9,408.53,408.85,176041,0
GLD.US,5,20260105,195500,408.8372,409,408.74,409,38689,0
GLD.US,5,20260105,200000,409.02,409.09,408.76,408.93,135135,0
GLD.US,5,20260105,200500,408.91,408.91,407.76,407.95,139612,0
GLD.US,5,20260105,201000,407.96,408.24,407.72,408.175,66285,0
GLD.US,5,20260105,201500,408.16,408.32,408,408.21,62969,0
GLD.US,5,20260105,202000,408.28,408.4,408.16,408.32,29105,0
GLD.US,5,20260105,202500,408.3199,408.53,408.25,408.41,38517,0
GLD.US,5,20260105,203000,408.4,408.79,408.3622,408.71,27240,0
GLD.US,5,20260105,203500,408.71,408.79,408.64,408.76,46652,0
GLD.US,5,20260105,204000,408.725,408.77,408.48,408.51,89397,0
GLD.US,5,20260105,204500,408.52,408.659,408.42,408.58,42309,0
GLD.US,5,20260105,205000,408.59,408.59,408.3,408.43,60494,0
GLD.US,5,20260105,205500,408.45,408.52,408.1324,408.24,52948,0
GLD.US,5,20260105,210000,408.23,408.59,408.19,408.533,38790,0
GLD.US,5,20260105,210500,408.53,408.56,408.26,408.38,46931,0
GLD.US,5,20260105,211000,408.375,408.7565,408.2899,408.615,85412,0
GLD.US,5,20260105,211500,408.62,408.7579,408.53,408.72,45842,0
GLD.US,5,20260105,212000,408.715,408.9,408.6,408.67,58530,0
GLD.US,5,20260105,212500,408.69,408.82,408.6,408.78,55352,0
GLD.US,5,20260105,213000,408.78,408.78,408.39,408.4,64990,0
GLD.US,5,20260105,213500,408.46,408.57,408.17,408.3,76946,0
GLD.US,5,20260105,214000,408.3,408.37,408.04,408.06,92049,0
GLD.US,5,20260105,214500,408.07,408.54,408.07,408.31,194954,0
GLD.US,5,20260105,215000,408.32,408.55,408.22,408.45,224229,0
GLD.US,5,20260105,215500,408.44,408.85,408.41,408.76,955732,0
GLD.US,5,20260106,153000,410.67,411.84,410.49,411.815,172466,0
GLD.US,5,20260106,153500,411.84,412.19,411.58,411.8395,411222,0
GLD.US,5,20260106,154000,411.85,412.17,411.55,411.848,142389,0
GLD.US,5,20260106,154500,411.84,412.45,411.82,412.1,204134,0
GLD.US,5,20260106,155000,412.11,412.67,411.92,412.63,201508,0
GLD.US,5,20260106,155500,412.63,412.82,412.45,412.57,177765,0
GLD.US,5,20260106,160000,412.55,412.9,412.15,412.34,213997,0
GLD.US,5,20260106,160500,412.36,412.69,412.1,412.61,123414,0
GLD.US,5,20260106,161000,412.56,412.5921,411.81,411.92,87773,0
GLD.US,5,20260106,161500,411.92,412.24,411.39,411.41,101755,0
GLD.US,5,20260106,162000,411.39,411.81,411.33,411.58,86786,0
GLD.US,5,20260106,162500,411.57,412.09,411.53,412.0008,115039,0
GLD.US,5,20260106,163000,412.01,412.08,410.7,410.93,148366,0
GLD.US,5,20260106,163500,410.88,411.19,410.31,411.04,156600,0
GLD.US,5,20260106,164000,411.03,411.57,410.96,411.45,161595,0
GLD.US,5,20260106,164500,411.44,411.84,411.1,411.73,63287,0
GLD.US,5,20260106,165000,411.72,411.8,411.41,411.7,84709,0
GLD.US,5,20260106,165500,411.69,411.88,411.2501,411.73,78288,0
GLD.US,5,20260106,170000,411.72,412.17,411.62,411.63,97496,0
GLD.US,5,20260106,170500,411.62,411.62,411.16,411.4,109608,0
GLD.US,5,20260106,171000,411.382,411.7799,411.27,411.7799,93088,0
GLD.US,5,20260106,171500,411.77,412,411.67,411.89,60557,0
GLD.US,5,20260106,172000,411.87,412.2002,411.87,412.09,53270,0
GLD.US,5,20260106,172500,412.1,412.36,412.08,412.21,178473,0
GLD.US,5,20260106,173000,412.2,412.42,412.1,412.39,64365,0
GLD.US,5,20260106,173500,412.38,412.63,412.21,412.53,112220,0
GLD.US,5,20260106,174000,412.56,412.72,412.3,412.64,191979,0
GLD.US,5,20260106,174500,412.63,412.63,412.26,412.37,84537,0
GLD.US,5,20260106,175000,412.375,412.58,412.27,412.47,166582,0
GLD.US,5,20260106,175500,412.48,412.74,412.3,412.68,81879,0
GLD.US,5,20260106,180000,412.71,412.78,412.32,412.72,55641,0
GLD.US,5,20260106,180500,412.725,412.85,412.42,412.67,44118,0
GLD.US,5,20260106,181000,412.65,412.7299,412.51,412.68,34974,0
GLD.US,5,20260106,181500,412.68,412.86,412.57,412.6601,75053,0
GLD.US,5,20260106,182000,412.665,412.78,412.55,412.708,36756,0
GLD.US,5,20260106,182500,412.72,412.72,412.43,412.5609,44373,0
GLD.US,5,20260106,183000,412.53,412.755,412.49,412.7,22805,0
GLD.US,5,20260106,183500,412.74,412.8,412.4,412.53,32539,0
GLD.US,5,20260106,184000,412.49,412.522,412.09,412.21,62941,0
GLD.US,5,20260106,184500,412.256,412.4,412.18,412.4,24738,0
GLD.US,5,20260106,185000,412.44,412.85,412.325,412.84,50023,0
GLD.US,5,20260106,185500,412.83,412.96,412.68,412.77,42686,0
GLD.US,5,20260106,190000,412.73,412.82,412.49,412.7,89394,0
GLD.US,5,20260106,190500,412.72,412.78,412.63,412.78,37488,0
GLD.US,5,20260106,191000,412.8,412.98,412.76,412.94,86742,0
GLD.US,5,20260106,191500,412.945,413.24,412.86,412.9107,166321,0
GLD.US,5,20260106,192000,412.97,413.1,412.615,412.7,92734,0
GLD.US,5,20260106,192500,412.67,412.81,412.29,412.45,70155,0
GLD.US,5,20260106,193000,412.45,412.65,412.08,412.27,80774,0
GLD.US,5,20260106,193500,412.25,412.465,412.218,412.4,72930,0
GLD.US,5,20260106,194000,412.4099,412.55,412.34,412.45,89558,0
GLD.US,5,20260106,194500,412.46,412.7,412.45,412.7,48988,0
GLD.US,5,20260106,195000,412.67,412.85,412.56,412.58,80657,0
GLD.US,5,20260106,195500,412.58,412.77,412.58,412.69,56411,0
GLD.US,5,20260106,200000,412.7,412.79,412.35,412.425,55288,0
GLD.US,5,20260106,200500,412.45,412.51,412.12,412.25,74610,0
GLD.US,5,20260106,201000,412.2398,412.33,412.07,412.0906,43209,0
GLD.US,5,20260106,201500,412.11,412.14,411.64367,412.08,88721,0
GLD.US,5,20260106,202000,412.04,412.315,412.02,412.11,60138,0
GLD.US,5,20260106,202500,412.1299,412.2199,411.96,411.99,29568,0
GLD.US,5,20260106,203000,411.98,412.02,411.7,411.79,80544,0
GLD.US,5,20260106,203500,411.82,412.16,411.69,412.1,53789,0
GLD.US,5,20260106,204000,412.1,412.23,411.98,412.03,86504,0
GLD.US,5,20260106,204500,412.04,412.23,412.03,412.12,44303,0
GLD.US,5,20260106,205000,412.11,412.15,411.79,412,71755,0
GLD.US,5,20260106,205500,412,412.13539,411.94,412.03,41444,0
GLD.US,5,20260106,210000,412.04,412.26,411.925,412.26,43767,0
GLD.US,5,20260106,210500,412.26,412.2909,412.085,412.2772,40041,0
GLD.US,5,20260106,211000,412.27,412.55,412.2,412.41,83382,0
GLD.US,5,20260106,211500,412.42,412.6,412.39,412.57,82594,0
GLD.US,5,20260106,212000,412.565,412.61,412.49,412.5,73565,0
GLD.US,5,20260106,212500,412.505,412.62,412.34,412.42,69646,0
GLD.US,5,20260106,213000,412.414,412.44,412.27,412.405,37694,0
GLD.US,5,20260106,213500,412.4,412.59,412.27,412.525,43088,0
GLD.US,5,20260106,214000,412.54,412.86,412.54,412.82,126641,0
GLD.US,5,20260106,214500,412.83,412.97,412.795,412.86,88430,0
GLD.US,5,20260106,215000,412.85,412.89,412.71,412.875,158395,0
GLD.US,5,20260106,215500,412.88,413.48,412.81,413.18,684535,0
GLD.US,5,20260107,153000,408.63,409.17,408.27,409.05,295932,0
GLD.US,5,20260107,153500,409.05,409.34,407.775,408.27,538986,0
GLD.US,5,20260107,154000,408.25,408.74,408.17,408.58,132987,0
GLD.US,5,20260107,154500,408.58,408.875,408.26,408.5,161857,0
GLD.US,5,20260107,155000,408.48,409.17,408.27,408.8,116106,0
GLD.US,5,20260107,155500,408.78,409.41,408.66,408.715,93369,0
GLD.US,5,20260107,160000,408.7,408.71,407.95,408.283,149906,0
GLD.US,5,20260107,160500,408.3,408.6003,408.16,408.314,85126,0
GLD.US,5,20260107,161000,408.3,408.4,406.92,406.9535,150337,0
GLD.US,5,20260107,161500,406.97,407.26,406.65,406.78,226638,0
GLD.US,5,20260107,162000,406.775,407.53,406.74,407.38,119661,0
GLD.US,5,20260107,162500,407.32,408.4,407.32,408.4,104309,0
GLD.US,5,20260107,163000,408.38,409.13,408.37,409,162812,0
GLD.US,5,20260107,163500,408.97,409.3,408.67,408.96,160806,0
GLD.US,5,20260107,164000,408.98,409.0067,408.33,408.35,107413,0
GLD.US,5,20260107,164500,408.37,408.76,408.2,408.69,74243,0
GLD.US,5,20260107,165000,408.75,408.89,408.4,408.43,59201,0
GLD.US,5,20260107,165500,408.43,408.7399,408.33,408.71,51544,0
GLD.US,5,20260107,170000,408.695,409.04,408.64,408.779,42537,0
GLD.US,5,20260107,170500,408.74,408.95,408.5,408.875,44496,0
GLD.US,5,20260107,171000,408.89,409.17,408.7318,408.84,57555,0
GLD.US,5,20260107,171500,408.84,408.93,408.59,408.93,38050,0
GLD.US,5,20260107,172000,408.89,410.17,408.855,409.94,245140,0
GLD.US,5,20260107,172500,409.94,410.08,409.64,409.85,92769,0
GLD.US,5,20260107,173000,409.82,410.51,409.751,410.48,86247,0
GLD.US,5,20260107,173500,410.5,410.535,409.95,410.29,113065,0
GLD.US,5,20260107,174000,410.27,410.79,410.12,410.74,191505,0
GLD.US,5,20260107,174500,410.75,410.81,410.4,410.74,108175,0
GLD.US,5,20260107,175000,410.74,410.77,410.4,410.48,53031,0
GLD.US,5,20260107,175500,410.5,410.5,410.24,410.4309,37278,0
GLD.US,5,20260107,180000,410.43,410.52,410,410.31,50800,0
GLD.US,5,20260107,180500,410.28,410.43,410.05,410.09,36086,0
GLD.US,5,20260107,181000,410.1,410.17,409.84,410.0494,44153,0
GLD.US,5,20260107,181500,410.05,410.3,409.95,410.16,26997,0
GLD.US,5,20260107,182000,410.179,410.19,409.99,410.0499,46851,0
GLD.US,5,20260107,182500,410.05,410.05,409.78,409.9,32584,0
GLD.US,5,20260107,183000,409.93,410.19,409.87,410.02,41305,0
GLD.US,5,20260107,183500,410.03,410.09,409.72,409.945,33212,0
GLD.US,5,20260107,184000,409.96,410.01,409.65,409.73,63522,0
GLD.US,5,20260107,184500,409.72,409.97,409.68,409.7598,44545,0
GLD.US,5,20260107,185000,409.755,409.755,409.29,409.53,40833,0
GLD.US,5,20260107,185500,409.52,409.53,409.1,409.33,42357,0
GLD.US,5,20260107,190000,409.28,409.38,408.93,409.14,76419,0
GLD.US,5,20260107,190500,409.16,409.34,408.91,409.09,84721,0
GLD.US,5,20260107,191000,409.07,409.34,408.96,409.078,33589,0
GLD.US,5,20260107,191500,409.06,409.19,408.83,409.12,65365,0
GLD.US,5,20260107,192000,409.13,409.41,409.08,409.29,56446,0
GLD.US,5,20260107,192500,409.29,409.65,409.26,409.31,51577,0
GLD.US,5,20260107,193000,409.36,409.71,409.27,409.6999,41627,0
GLD.US,5,20260107,193500,409.67,409.93,409.515,409.8865,45281,0
GLD.US,5,20260107,194000,409.91,409.92,409.6,409.6637,38824,0
GLD.US,5,20260107,194500,409.68,409.72,409.51,409.52,28899,0
GLD.US,5,20260107,195000,409.49,409.52,409.12,409.3501,42025,0
GLD.US,5,20260107,195500,409.31,409.39,409.18,409.31,37865,0
GLD.US,5,20260107,200000,409.34,409.61,409.18,409.58,27874,0
GLD.US,5,20260107,200500,409.57,409.595,409.06,409.14,36056,0
GLD.US,5,20260107,201000,409.14,409.23,408.89,409.07,36938,0
GLD.US,5,20260107,201500,409.0808,409.0808,408.67,408.925,65018,0
GLD.US,5,20260107,202000,408.95,409.02,408.87,408.9701,20882,0
GLD.US,5,20260107,202500,408.99,409.19,408.8,409.16,31898,0
GLD.US,5,20260107,203000,409.16,409.79,409.16,409.64,31923,0
GLD.US,5,20260107,203500,409.62,409.78,409.52,409.59,26561,0
GLD.US,5,20260107,204000,409.56,409.62,409.37,409.4,40628,0
GLD.US,5,20260107,204500,409.4202,409.48,409.29,409.4,43280,0
GLD.US,5,20260107,205000,409.4,409.83,409.35,409.825,16401,0
GLD.US,5,20260107,205500,409.81,409.85,409.72,409.77,37030,0
GLD.US,5,20260107,210000,409.77,409.97,409.77,409.92,30238,0
GLD.US,5,20260107,210500,409.89,409.99,409.62,409.62,55959,0
GLD.US,5,20260107,211000,409.63,409.96,409.59,409.88,70470,0
GLD.US,5,20260107,211500,409.86,410.19,409.76,410.03,112944,0
GLD.US,5,20260107,212000,410.04,410.17,409.93,409.9825,36120,0
GLD.US,5,20260107,212500,409.975,409.98,409.68,409.8799,56852,0
GLD.US,5,20260107,213000,409.88,410.09,409.8,409.91,57320,0
GLD.US,5,20260107,213500,409.91,409.97,409.73,409.75,77522,0
GLD.US,5,20260107,214000,409.75,410.06,409.75,409.77,62365,0
GLD.US,5,20260107,214500,409.78,409.99,409.75,409.92,79031,0
GLD.US,5,20260107,215000,409.94,410.025,409.85,409.9074,82801,0
GLD.US,5,20260107,215500,409.9,409.925,409.12,409.23,829918,0
GLD.US,5,20260108,153000,406.965,407.47,406.4,407.29,208369,0
GLD.US,5,20260108,153500,407.28,407.71,407.07,407.13,138777,0
GLD.US,5,20260108,154000,407.11,407.37,406.7,406.8,101760,0
GLD.US,5,20260108,154500,406.78,407.9,406.77,407.842,82506,0
GLD.US,5,20260108,155000,407.81,408.0583,407.3115,407.62,102143,0
GLD.US,5,20260108,155500,407.58,407.81,407.3,407.44,64559,0
GLD.US,5,20260108,160000,407.34,407.61,406.95,407.585,122418,0
GLD.US,5,20260108,160500,407.58,408.58,407.55,408.55,158686,0
GLD.US,5,20260108,161000,408.57,408.98,408.46,408.86,227255,0
GLD.US,5,20260108,161500,408.86,409.43,408.71,408.79,276332,0
GLD.US,5,20260108,162000,408.79,409.08,408.5,408.8,113246,0
GLD.US,5,20260108,162500,408.7982,408.95,408.48,408.83,83029,0
GLD.US,5,20260108,163000,408.82,409.32,408.78,409.1,87838,0
GLD.US,5,20260108,163500,409.13,409.17,408.72,409.035,47928,0
GLD.US,5,20260108,164000,409.0788,409.56,409.04,409.42,84495,0
GLD.US,5,20260108,164500,409.345,409.52,409.02,409.44,61901,0
GLD.US,5,20260108,165000,409.46,409.65,408.85,408.86,55199,0
GLD.US,5,20260108,165500,408.8775,409.53,408.84,409.39,78625,0
GLD.US,5,20260108,170000,409.43,409.758,409.24,409.355,95010,0
GLD.US,5,20260108,170500,409.34,409.4,409.11,409.16,61788,0
GLD.US,5,20260108,171000,409.17,409.27,408.76,408.76,74098,0
GLD.US,5,20260108,171500,408.75,409.2,408.72,409.06,53491,0
GLD.US,5,20260108,172000,409.07,409.37,409.07,409.21,54653,0
GLD.US,5,20260108,172500,409.23,409.49,409.14,409.3409,24835,0
GLD.US,5,20260108,173000,409.347,410.13,409.2,410.05,80753,0
GLD.US,5,20260108,173500,410.06,410.33,409.79,410.27,53677,0
GLD.US,5,20260108,174000,410.21,410.38,409.95,410.04,63151,0
GLD.US,5,20260108,174500,410.02,410.035,409.73,409.8,29448,0
GLD.US,5,20260108,175000,409.8,410.07,409.8,410.06,43640,0
GLD.US,5,20260108,175500,410.08,410.33,409.98,410.2497,34358,0
GLD.US,5,20260108,180000,410.21,410.45,409.9784,410.13,28972,0
GLD.US,5,20260108,180500,410.12,410.14,409.8,409.8232,43511,0
GLD.US,5,20260108,181000,409.8493,410.11,409.821,409.96,33206,0
GLD.US,5,20260108,181500,409.905,410.1,409.755,410.095,71990,0
GLD.US,5,20260108,182000,410.065,410.09,409.8529,410.06,38389,0
GLD.US,5,20260108,182500,410.0645,410.14,409.88,410.07,31500,0
GLD.US,5,20260108,183000,410.1,410.28,409.94,410,53958,0
GLD.US,5,20260108,183500,409.95,410.11,409.86,410.11,30899,0
GLD.US,5,20260108,184000,410.09,410.18,410.0102,410.05,28403,0
GLD.US,5,20260108,184500,410.05,410.11,409.86,409.92,18107,0
GLD.US,5,20260108,185000,409.95,410.2901,409.9295,410.19,50010,0
GLD.US,5,20260108,185500,410.22,410.2999,410.13,410.18,36019,0
GLD.US,5,20260108,190000,410.17,410.215,409.7101,409.74,46431,0
GLD.US,5,20260108,190500,409.73,409.775,409.45,409.54,39668,0
GLD.US,5,20260108,191000,409.55,409.55,409.24,409.418,55860,0
GLD.US,5,20260108,191500,409.35,409.66,409.34,409.34,51089,0
GLD.US,5,20260108,192000,409.33,409.46,409.15,409.44,62091,0
GLD.US,5,20260108,192500,409.47,409.58,408.9725,409.26,37171,0
GLD.US,5,20260108,193000,409.16,409.33,409.155,409.21,18132,0
GLD.US,5,20260108,193500,409.175,409.175,408.83,408.97,31907,0
GLD.US,5,20260108,194000,408.96,409.22,408.95,409.205,28098,0
GLD.US,5,20260108,194500,409.2092,409.48,409.18,409.32,20999,0
GLD.US,5,20260108,195000,409.32,409.35,409.15,409.18,13460,0
GLD.US,5,20260108,195500,409.15,409.2,408.94,408.97,75136,0
GLD.US,5,20260108,200000,408.96,409.12,408.87,408.962,45956,0
GLD.US,5,20260108,200500,408.94,409.0495,408.73,408.78,39030,0
GLD.US,5,20260108,201000,408.77,408.94,408.75,408.77,19426,0
GLD.US,5,20260108,201500,408.77,408.85,408.51,408.85,58446,0
GLD.US,5,20260108,202000,408.855,408.95,408.7902,408.9299,34877,0
GLD.US,5,20260108,202500,408.92,408.98,408.71,408.77,24847,0
GLD.US,5,20260108,203000,408.76,409.09,408.76,409.09,28955,0
GLD.US,5,20260108,203500,409.12,409.29,409.055,409.1,25847,0
GLD.US,5,20260108,204000,409.11,409.19,408.99,409.19,19937,0
GLD.US,5,20260108,204500,409.21,409.3,409.12,409.15,36206,0
GLD.US,5,20260108,205000,409.17,409.1908,408.99,409.17,28727,0
GLD.US,5,20260108,205500,409.16,409.24,409.01,409.2297,25436,0
GLD.US,5,20260108,210000,409.23,409.79,409.1792,409.79,45183,0
GLD.US,5,20260108,210500,409.79,409.81,409.58,409.69,58682,0
GLD.US,5,20260108,211000,409.71,409.865,409.69,409.7901,60613,0
GLD.US,5,20260108,211500,409.8,409.98,409.7,409.91,53339,0
GLD.US,5,20260108,212000,409.93,410.45,409.84,410.4,153717,0
GLD.US,5,20260108,212500,410.41,411.22,410.39,410.85,225406,0
GLD.US,5,20260108,213000,410.87,411.59,410.87,411.47,272392,0
GLD.US,5,20260108,213500,411.47,411.64,411.18,411.235,178909,0
GLD.US,5,20260108,214000,411.25,411.38,411.11,411.2308,91521,0
GLD.US,5,20260108,214500,411.24,411.57,411.08,411.54,92135,0
GLD.US,5,20260108,215000,411.53,411.64,411.26,411.27,195639,0
GLD.US,5,20260108,215500,411.27,411.6,411.21,411.49,421472,0
GLD.US,5,20260109,153000,413.215,413.215,412.09,412.74,274063,0
GLD.US,5,20260109,153500,412.7,413.56,412.7,413.34,192940,0
GLD.US,5,20260109,154000,413.335,413.52,412.43,412.5997,192032,0
GLD.US,5,20260109,154500,412.56,412.75,412.04,412.3,268848,0
GLD.US,5,20260109,155000,412.3,412.88,411.8,412.86,292869,0
GLD.US,5,20260109,155500,412.85,413.25,412.85,413.06,129743,0
GLD.US,5,20260109,160000,413.15,413.62,412.95,413.0425,236359,0
GLD.US,5,20260109,160500,413.075,413.71,412.76,413.6451,176544,0
GLD.US,5,20260109,161000,413.65,413.68,413.09,413.37,134606,0
GLD.US,5,20260109,161500,413.38,413.62,413.07,413.6,179430,0
GLD.US,5,20260109,162000,413.61,414.7,413.23,414.48,186846,0
GLD.US,5,20260109,162500,414.5,414.68,414.0996,414.1801,89385,0
GLD.US,5,20260109,163000,414.21,414.8,414.2018,414.28,68768,0
GLD.US,5,20260109,163500,414.3,415.12,414.3,415.115,127220,0
GLD.US,5,20260109,164000,415.1282,415.29,414.91,415.07,165853,0
GLD.US,5,20260109,164500,415.05,415.0701,414.48,414.74,105048,0
GLD.US,5,20260109,165000,414.72,415.05,414.5,414.8,89775,0
GLD.US,5,20260109,165500,414.81,415,414.63,414.8351,107719,0
GLD.US,5,20260109,170000,414.86,415.03,414.73,414.79,107173,0
GLD.US,5,20260109,170500,414.81,414.84,414.22,414.41,85749,0
GLD.US,5,20260109,171000,414.4113,414.47,413.67,413.9804,150350,0
GLD.US,5,20260109,171500,414,414.31,413.86,414.275,76140,0
GLD.US,5,20260109,172000,414.31,414.33,413.74,413.94,70065,0
GLD.US,5,20260109,172500,413.89,414.21,413.7,414.04,67626,0
GLD.US,5,20260109,173000,414.035,414.18,413.78,414,110454,0
GLD.US,5,20260109,173500,414,414.3218,413.84,414.16,76453,0
GLD.US,5,20260109,174000,414.16,414.17,413.8,414.12,101934,0
GLD.US,5,20260109,174500,414.13,414.31,413.85,414.2,86039,0
GLD.US,5,20260109,175000,414.23,414.43,414.17,414.37,38160,0
GLD.US,5,20260109,175500,414.36,414.43,414.24,414.2899,21962,0
GLD.US,5,20260109,180000,414.31,414.76,414.11,414.33,67950,0
GLD.US,5,20260109,180500,414.37,414.63,414.22,414.48,57409,0
GLD.US,5,20260109,181000,414.49,414.64,414.37,414.49,53565,0
GLD.US,5,20260109,181500,414.49,414.49,414.12,414.34,117028,0
GLD.US,5,20260109,182000,414.2,414.26,413.87,414.18,42207,0
GLD.US,5,20260109,182500,414.18,414.22,413.92,414.07,43359,0
GLD.US,5,20260109,183000,414.04,414.62,414.02,414.42,37139,0
GLD.US,5,20260109,183500,414.4238,414.46,414.1701,414.275,32458,0
GLD.US,5,20260109,184000,414.24,414.245,413.8183,413.85,62885,0
GLD.US,5,20260109,184500,413.85,413.9799,413.4,413.4862,86599,0
GLD.US,5,20260109,185000,413.47,413.54,412.36,412.522,233400,0
GLD.US,5,20260109,185500,412.52,412.65,412.035,412.29,146716,0
GLD.US,5,20260109,190000,412.24,412.63,412.145,412.41,99260,0
GLD.US,5,20260109,190500,412.435,413.08,412.4075,412.71,86276,0
GLD.US,5,20260109,191000,412.72,413.06,412.72,413.035,44042,0
GLD.US,5,20260109,191500,413.06,413.1796,412.85,412.96,50411,0
GLD.US,5,20260109,192000,412.95,413.14,412.74,412.96,86268,0
GLD.US,5,20260109,192500,412.94,413.1,412.76,412.92,26576,0
GLD.US,5,20260109,193000,412.94,413.81,412.91,413.802,59764,0
GLD.US,5,20260109,193500,413.79,414.1,413.78,414.07,85393,0
GLD.US,5,20260109,194000,414.1,414.15,413.825,413.9,58646,0
GLD.US,5,20260109,194500,413.93,413.9722,413.31,413.54,412720,0
GLD.US,5,20260109,195000,413.5657,413.5657,413.25,413.375,75453,0
GLD.US,5,20260109,195500,413.375,413.53,413.24,413.336,45341,0
GLD.US,5,20260109,200000,413.34,413.5,413.1307,413.145,59498,0
GLD.US,5,20260109,200500,413.16,413.26,413.01,413.18,34407,0
GLD.US,5,20260109,201000,413.13,413.46,413.1201,413.3847,55241,0
GLD.US,5,20260109,201500,413.371,413.63,413.34,413.5,33600,0
GLD.US,5,20260109,202000,413.4954,413.845,413.45,413.83,65755,0
GLD.US,5,20260109,202500,413.84,413.84,413.55,413.62,29129,0
GLD.US,5,20260109,203000,413.59,413.64,413.33,413.5427,68771,0
GLD.US,5,20260109,203500,413.5301,413.73,413.49,413.69,66767,0
GLD.US,5,20260109,204000,413.69,413.725,413.35,413.4,90016,0
GLD.US,5,20260109,204500,413.44,413.8101,413.43,413.7987,62084,0
GLD.US,5,20260109,205000,413.795,413.8901,413.68,413.76,92177,0
GLD.US,5,20260109,205500,413.79,413.825,413.63,413.63,66079,0
GLD.US,5,20260109,210000,413.63,413.9,413.5007,413.8599,93978,0
GLD.US,5,20260109,210500,413.86,413.88,413.68,413.77,68177,0
GLD.US,5,20260109,211000,413.76,414.37,413.74,414.34,131696,0
GLD.US,5,20260109,211500,414.34,414.59,414.34,414.49,115388,0
GLD.US,5,20260109,212000,414.48,414.52,413.97,414.4355,142730,0
GLD.US,5,20260109,212500,414.4301,414.4301,414.05,414.23,131932,0
GLD.US,5,20260109,213000,414.24,414.26,414.04,414.21,101182,0
GLD.US,5,20260109,213500,414.22,414.28,414.035,414.13,86074,0
GLD.US,5,20260109,214000,414.13,414.15,413.96,414.0944,154198,0
GLD.US,5,20260109,214500,414.09,414.2225,414.06,414.1559,147868,0
GLD.US,5,20260109,215000,414.15,414.3595,414.11,414.32,247458,0
GLD.US,5,20260109,215500,414.32,414.67,414.3,414.47,1156451,0
GLD.US,5,20260112,153000,421.52,423.06,421.52,422.7658,685954,0
GLD.US,5,20260112,153500,422.77,424.05,422.2177,423.97,1531416,0
GLD.US,5,20260112,154000,424.01,424.01,423.06,423.34,358524,0
GLD.US,5,20260112,154500,423.34,423.37,422.71,423.11,315184,0
GLD.US,5,20260112,155000,423.1,423.72,422.84,423.38,208632,0
GLD.US,5,20260112,155500,423.38,423.525,422.99,423.11,257065,0
GLD.US,5,20260112,160000,423.1,424.14,423.045,423.57,398860,0
GLD.US,5,20260112,160500,423.59,424.56,423.45,424.34,341285,0
GLD.US,5,20260112,161000,424.33,424.7,424.22,424.54,336435,0
GLD.US,5,20260112,161500,424.55,424.68,424.095,424.255,222646,0
GLD.US,5,20260112,162000,424.27,424.655,423.9,424.57,175725,0
GLD.US,5,20260112,162500,424.6,424.99,424.49,424.72,185142,0
GLD.US,5,20260112,163000,424.74,425.17,424.6,425.02,162297,0
GLD.US,5,20260112,163500,425.01,425.4388,424.995,425.3603,184478,0
GLD.US,5,20260112,164000,425.36,425.41,424.95,425.12,833041,0
GLD.US,5,20260112,164500,425.12,425.26,424.7,424.93,249323,0
GLD.US,5,20260112,165000,424.94,425.0196,424.63,424.885,84732,0
GLD.US,5,20260112,165500,424.86,425.03,424.58,424.9,155999,0
GLD.US,5,20260112,170000,424.88,425.15,424.55,425.1,158503,0
GLD.US,5,20260112,170500,425.11,425.265,425.01,425.23,145862,0
GLD.US,5,20260112,171000,425.23,425.69,425.02,425.625,212256,0
GLD.US,5,20260112,171500,425.64,425.74,425.4,425.54,232969,0
GLD.US,5,20260112,172000,425.52,425.69,424.98,425.17,173726,0
GLD.US,5,20260112,172500,425.185,425.2,424.705,424.724,109530,0
GLD.US,5,20260112,173000,424.72,424.99,424.68,424.855,132592,0
GLD.US,5,20260112,173500,424.85,425.03,424.09,424.1197,209117,0
GLD.US,5,20260112,174000,424.0987,424.14,423.6,423.98,593575,0
GLD.US,5,20260112,174500,424,424.4604,423.99,424.35,90845,0
GLD.US,5,20260112,175000,424.34,424.57,424.33,424.4465,80230,0
GLD.US,5,20260112,175500,424.43,424.53,424.27,424.48,107492,0
GLD.US,5,20260112,180000,424.47,424.62,424.365,424.39,130150,0
GLD.US,5,20260112,180500,424.4,424.53,424.16,424.22,149670,0
GLD.US,5,20260112,181000,424.22,424.48,424.2,424.3335,88662,0
GLD.US,5,20260112,181500,424.38,424.6,424.32,424.39,39717,0
GLD.US,5,20260112,182000,424.39,424.54,424.03,424.42,123960,0
GLD.US,5,20260112,182500,424.41,424.55,424.34,424.42,40188,0
GLD.US,5,20260112,183000,424.425,424.48,424.13,424.16,47339,0
GLD.US,5,20260112,183500,424.12,424.3149,423.91,424.15,70996,0
GLD.US,5,20260112,184000,424.16,424.28,424.02,424.15,85946,0
GLD.US,5,20260112,184500,424.14,424.6221,424.14,424.54,51002,0
GLD.US,5,20260112,185000,424.54,424.845,424.47,424.53,95109,0
GLD.US,5,20260112,185500,424.55,424.8,424.41,424.45,65776,0
GLD.US,5,20260112,190000,424.45,424.66,424.32,424.37,60720,0
GLD.US,5,20260112,190500,424.35,424.5101,424.16,424.28,61360,0
GLD.US,5,20260112,191000,424.29,424.35,423.71,423.71,63391,0
GLD.US,5,20260112,191500,423.71,423.73,423.1,423.18,130609,0
GLD.US,5,20260112,192000,423.17,423.67,423.1,423.38,117929,0
GLD.US,5,20260112,192500,423.3948,423.48,422.965,423.43,133148,0
GLD.US,5,20260112,193000,423.4488,423.9,423.21,423.8382,80247,0
GLD.US,5,20260112,193500,423.81,423.84,423.57,423.81,70721,0
GLD.US,5,20260112,194000,423.82,423.8669,423.34,423.42,175586,0
GLD.US,5,20260112,194500,423.41,423.78,423.4,423.4999,65365,0
GLD.US,5,20260112,195000,423.48,423.54,423.22,423.538,87002,0
GLD.US,5,20260112,195500,423.5202,423.97,423.51,423.91,91146,0
GLD.US,5,20260112,200000,423.92,423.95,423.74,423.74,55050,0
GLD.US,5,20260112,200500,423.74,424.05,423.72,424.0299,76701,0
GLD.US,5,20260112,201000,424.0192,424.28,424.0192,424.17,89661,0
GLD.US,5,20260112,201500,424.17,424.2999,424.12,424.26,68863,0
GLD.US,5,20260112,202000,424.23,424.29,424.05,424.26,120382,0
GLD.US,5,20260112,202500,424.25,424.49,424.15,424.45,93744,0
GLD.US,5,20260112,203000,424.48,424.655,424.36,424.3719,81224,0
GLD.US,5,20260112,203500,424.38,424.49,424.29,424.39,97718,0
GLD.US,5,20260112,204000,424.3954,424.49,424.2,424.41,265255,0
GLD.US,5,20260112,204500,424.4155,424.46,424.09,424.11,117792,0
GLD.US,5,20260112,205000,424.1,424.23,423.9,424.105,90433,0
GLD.US,5,20260112,205500,424.1,424.1,423.75,423.95,128823,0
GLD.US,5,20260112,210000,423.94,423.98,423.18,423.27,149394,0
GLD.US,5,20260112,210500,423.27,423.38,422.89,422.95,138082,0
GLD.US,5,20260112,211000,422.95,423.29,422.9399,423.19,149488,0
GLD.US,5,20260112,211500,423.2,423.31,422.8601,423.04,154054,0
GLD.US,5,20260112,212000,423.04,423.15,422.91,423.125,140319,0
GLD.US,5,20260112,212500,423.13,423.26,423.04,423.12,63926,0
GLD.US,5,20260112,213000,423.12,423.34,423.02,423.165,75580,0
GLD.US,5,20260112,213500,423.15,423.3398,423.03,423.1199,119196,0
GLD.US,5,20260112,214000,423.09,423.18,422.11,422.12,665940,0
GLD.US,5,20260112,214500,422.14,422.41,422,422.19,343174,0
GLD.US,5,20260112,215000,422.18,422.775,422.15,422.72,253999,0
GLD.US,5,20260112,215500,422.72,422.83,422.01,422.23,1323459,0
GLD.US,5,20260113,153000,424.59,424.86,423.93,424.26,265311,0
GLD.US,5,20260113,153500,424.31,424.8199,424.1,424.45,285477,0
GLD.US,5,20260113,154000,424.47,425.31,424.3601,425.28,309058,0
GLD.US,5,20260113,154500,425.27,426.07,425.18,426.01,490079,0
GLD.US,5,20260113,155000,426.02,426.12,424.98,425.14,325272,0
GLD.US,5,20260113,155500,425.1305,425.91,425,425.62,336583,0
GLD.US,5,20260113,160000,425.59,425.66,424.21,424.65,367978,0
GLD.US,5,20260113,160500,424.68,425,424.45,424.69,247306,0
GLD.US,5,20260113,161000,424.69,425.17,424.57,424.89,137571,0
GLD.US,5,20260113,161500,424.89,425.07,423.19,423.5,326089,0
GLD.US,5,20260113,162000,423.51,423.9,422.99,423.3,310075,0
GLD.US,5,20260113,162500,423.325,423.93,423.23,423.73,144236,0
GLD.US,5,20260113,163000,423.73,424.21,423.43,424.075,140953,0
GLD.US,5,20260113,163500,424.071,424.165,423.3682,423.77,113565,0
GLD.US,5,20260113,164000,423.75,424.44,423.49,424.28,112930,0
GLD.US,5,20260113,164500,424.27,424.57,424.21,424.36,92299,0
GLD.US,5,20260113,165000,424.34,424.72,424.11,424.39,95071,0
GLD.US,5,20260113,165500,424.36,424.87,424.2801,424.73,80296,0
GLD.US,5,20260113,170000,424.68,424.86,424.06,424.07,99735,0
GLD.US,5,20260113,170500,424.0601,424.23,423.54,423.6312,114217,0
GLD.US,5,20260113,171000,423.6,424.225,423.58,424.08,147607,0
GLD.US,5,20260113,171500,424.06,424.1,423.54,423.79,77772,0
GLD.US,5,20260113,172000,423.79,423.87,423.25,423.47,126676,0
GLD.US,5,20260113,172500,423.47,423.5,422.25,422.74,223205,0
GLD.US,5,20260113,173000,422.75,423.54,422.6,423.455,125548,0
GLD.US,5,20260113,173500,423.47,423.6,423.025,423.6,112687,0
GLD.US,5,20260113,174000,423.59,423.77,423.49,423.71,91288,0
GLD.US,5,20260113,174500,423.72,424.01,423.61,423.91,49817,0
GLD.US,5,20260113,175000,423.91,424.17,423.83,424.1,113451,0
GLD.US,5,20260113,175500,424.11,424.2,423.94,424.16,60203,0
GLD.US,5,20260113,180000,424.15,424.4,424.12,424.13,83489,0
GLD.US,5,20260113,180500,424.15,424.26,423.91,423.98,78207,0
GLD.US,5,20260113,181000,423.97,424.07,423.55,423.69,52254,0
GLD.US,5,20260113,181500,423.68,423.93,423.52,423.87,33387,0
GLD.US,5,20260113,182000,423.9,424.08,423.8,424.06415,70586,0
GLD.US,5,20260113,182500,424.02,424.04,423.54,423.84,46657,0
GLD.US,5,20260113,183000,423.82,423.94,423.22,423.86,82593,0
GLD.US,5,20260113,183500,423.84,424.04,423.66,423.83,28571,0
GLD.US,5,20260113,184000,423.8138,423.89,423.3,423.363,58915,0
GLD.US,5,20260113,184500,423.33,423.55,423.09,423.13,53499,0
GLD.US,5,20260113,185000,423.1,423.141,422.67,422.95,111385,0
GLD.US,5,20260113,185500,422.97,422.99,421.69,422.01,418693,0
GLD.US,5,20260113,190000,422,422.35,421.57,421.86,344510,0
GLD.US,5,20260113,190500,421.84,422.37,421.69,422.225,404164,0
GLD.US,5,20260113,191000,422.24,422.37,422.062,422.37,174442,0
GLD.US,5,20260113,191500,422.37,422.45,421.4,421.6,202043,0
GLD.US,5,20260113,192000,421.62,421.88,421.16,421.81,242332,0
GLD.US,5,20260113,192500,421.83,422.22,421.83,422.15,177134,0
GLD.US,5,20260113,193000,422.17,422.44,421.98,422.33,201669,0
GLD.US,5,20260113,193500,422.33,422.91,422.3,422.84,224097,0
GLD.US,5,20260113,194000,422.86,423.01,422.76,422.94,192762,0
GLD.US,5,20260113,194500,422.95,423.13,422.88,422.93,157134,0
GLD.US,5,20260113,195000,422.92,422.98,422.72,422.895,101952,0
GLD.US,5,20260113,195500,422.885,422.885,422.34,422.35,151835,0
GLD.US,5,20260113,200000,422.34,422.35,421.48,421.77,169168,0
GLD.US,5,20260113,200500,421.77,422.43,421.66,422.34,140361,0
GLD.US,5,20260113,201000,422.32,422.55,422.075,422.54,241064,0
GLD.US,5,20260113,201500,422.54,422.69,421.54,422.12,237600,0
GLD.US,5,20260113,202000,422.09,422.33,422.07,422.27,49577,0
GLD.US,5,20260113,202500,422.2725,422.49,422.255,422.33,45673,0
GLD.US,5,20260113,203000,422.33,422.655,422.2501,422.58,64249,0
GLD.US,5,20260113,203500,422.57,422.87,422.29,422.77,266906,0
GLD.US,5,20260113,204000,422.775,422.84,422.37,422.55,68265,0
GLD.US,5,20260113,204500,422.54,422.54,422.08,422.26,71338,0
GLD.US,5,20260113,205000,422.27,422.5763,422.24,422.5646,43544,0
GLD.US,5,20260113,205500,422.57,422.85,422.57,422.7,58378,0
GLD.US,5,20260113,210000,422.73,422.76,422.02,422.22,118030,0
GLD.US,5,20260113,210500,422.2,422.415,422.01,422.21,72673,0
GLD.US,5,20260113,211000,422.2296,422.5,422.17,422.29,123640,0
GLD.US,5,20260113,211500,422.3,422.505,422.095,422.4,83009,0
GLD.US,5,20260113,212000,422.45,422.51,422.16,422.2819,104540,0
GLD.US,5,20260113,212500,422.29,422.3601,421.81,421.92,123755,0
GLD.US,5,20260113,213000,421.925,421.97,420.26,420.37,297243,0
GLD.US,5,20260113,213500,420.38,421.0262,420.07,420.7699,291775,0
GLD.US,5,20260113,214000,420.76,421.74,420.6001,421.54,437225,0
GLD.US,5,20260113,214500,421.52,421.95,421.37,421.92,172282,0
GLD.US,5,20260113,215000,421.89,421.93,421.39,421.7,193386,0
GLD.US,5,20260113,215500,421.7,421.73,421.3,421.63,606638,0
GLD.US,5,20260114,153000,426.03,426.12,425.3,425.635,282736,0
GLD.US,5,20260114,153500,425.66,425.67,424.52,424.64,367163,0
GLD.US,5,20260114,154000,424.6,425.11776,424.21,424.62,362623,0
GLD.US,5,20260114,154500,424.61,424.82,423.55,423.605,258776,0
GLD.US,5,20260114,155000,423.63,424.51,423.52,424.38,263371,0
GLD.US,5,20260114,155500,424.34,424.68,424.15,424.57,312793,0
GLD.US,5,20260114,160000,424.58,424.58,423.14,423.41,380196,0
GLD.US,5,20260114,160500,423.41,423.93,422.8398,423.34,376710,0
GLD.US,5,20260114,161000,423.3,424.42,423.19,424.32,338255,0
GLD.US,5,20260114,161500,424.3,425.03,424.18,424.91,215437,0
GLD.US,5,20260114,162000,424.9194,425.35,424.67,425.05,195397,0
GLD.US,5,20260114,162500,425.09,425.19,424.24,424.3299,201542,0
GLD.US,5,20260114,163000,424.32,424.67,423.8,423.83,176260,0
GLD.US,5,20260114,163500,423.84,424.76,423.83,424.7459,169949,0
GLD.US,5,20260114,164000,424.74,424.94,423.96,424.1,271573,0
GLD.US,5,20260114,164500,424.07,424.52,424,424.11,167474,0
GLD.US,5,20260114,165000,424.09,424.29,423.83,424.26,163103,0
GLD.US,5,20260114,165500,424.28,424.68,424.26,424.56,86744,0
GLD.US,5,20260114,170000,424.57,424.83,424.34,424.59,123867,0
GLD.US,5,20260114,170500,424.61,424.8869,424.35,424.38,174468,0
GLD.US,5,20260114,171000,424.41,424.71,424.27,424.535,91169,0
GLD.US,5,20260114,171500,424.5325,424.86,424.41,424.82,103303,0
GLD.US,5,20260114,172000,424.81,425.05,424.71,424.9701,121378,0
GLD.US,5,20260114,172500,424.98,425.2,424.65,424.895,275488,0
GLD.US,5,20260114,173000,424.87,425.01,424.51,424.61,185279,0
GLD.US,5,20260114,173500,424.62,424.84,424.24,424.46,185827,0
GLD.US,5,20260114,174000,424.46,424.56,424.13,424.2999,201177,0
GLD.US,5,20260114,174500,424.26,424.39,423.89,423.89,136475,0
GLD.US,5,20260114,175000,423.91,424.37,423.77,424.07,140923,0
GLD.US,5,20260114,175500,424.055,424.495,423.68,424.45,121892,0
GLD.US,5,20260114,180000,424.45,424.63,424.3,424.37,81671,0
GLD.US,5,20260114,180500,424.35,424.4,423.79,424.25,98845,0
GLD.US,5,20260114,181000,424.23,424.5,424,424.33,125899,0
GLD.US,5,20260114,181500,424.335,424.335,423.895,424.09,119328,0
GLD.US,5,20260114,182000,424.09,424.2,423.52,423.59,97921,0
GLD.US,5,20260114,182500,423.58,424,423.39,423.94,92007,0
GLD.US,5,20260114,183000,423.94,423.99,423.4,423.68,107542,0
GLD.US,5,20260114,183500,423.75,423.96,423.5,423.67,101718,0
GLD.US,5,20260114,184000,423.655,423.655,422.97,423.28,220686,0
GLD.US,5,20260114,184500,423.27,423.93,423.25,423.92,93286,0
GLD.US,5,20260114,185000,423.91,424.09,423.68,424.02,126410,0
GLD.US,5,20260114,185500,424.01,424.38,424,424.19,63234,0
GLD.US,5,20260114,190000,424.17,424.83,424.04,424.81,119828,0
GLD.US,5,20260114,190500,424.8,424.94,424.735,424.7801,156842,0
GLD.US,5,20260114,191000,424.7917,425.04,424.74,425.04,70226,0
GLD.US,5,20260114,191500,425.03,425.62,424.91,425.35,149479,0
GLD.US,5,20260114,192000,425.37,425.45,425.16,425.31,85856,0
GLD.US,5,20260114,192500,425.33,425.64,425.23,425.48,108084,0
GLD.US,5,20260114,193000,425.47,425.85,425.47,425.6,116078,0
GLD.US,5,20260114,193500,425.61,425.65,425.43,425.53,75314,0
GLD.US,5,20260114,194000,425.52,425.98,425.52,425.79,155304,0
GLD.US,5,20260114,194500,425.785,426.02,425.65,425.835,123321,0
GLD.US,5,20260114,195000,425.835,426.275,425.835,426.08,136568,0
GLD.US,5,20260114,195500,426.09,426.34,425.98,426.13,203873,0
GLD.US,5,20260114,200000,426.13,426.86,426.13,426.33,246340,0
GLD.US,5,20260114,200500,426.32,426.45,426.03,426.1,144464,0
GLD.US,5,20260114,201000,426.09,426.32,425.98,426.31,99655,0
GLD.US,5,20260114,201500,426.32,426.46,426.04,426.4499,90750,0
GLD.US,5,20260114,202000,426.46,426.52,426.2,426.5,89598,0
GLD.US,5,20260114,202500,426.5,426.57,426.09,426.1219,144716,0
GLD.US,5,20260114,203000,426.13,426.4,426.09,426.29,99134,0
GLD.US,5,20260114,203500,426.27,426.61,426.06,426.49,57155,0
GLD.US,5,20260114,204000,426.47,426.64,426.47,426.598,82442,0
GLD.US,5,20260114,204500,426.59,426.67,426.43,426.54,64737,0
GLD.US,5,20260114,205000,426.54385,426.715,426.45,426.51,105626,0
GLD.US,5,20260114,205500,426.51,426.6,426.1903,426.51,111810,0
GLD.US,5,20260114,210000,426.51,426.695,425.35,425.82,401122,0
GLD.US,5,20260114,210500,425.84,426.45,425.31,426.32,234010,0
GLD.US,5,20260114,211000,426.31,426.74,426.095,426.24,111782,0
GLD.US,5,20260114,211500,426.235,426.375,425.73,426.31,108220,0
GLD.US,5,20260114,212000,426.31,426.34,425.8,426.18,143037,0
GLD.US,5,20260114,212500,426.18,426.19,425.8881,426.05,89612,0
GLD.US,5,20260114,213000,426.05,426.16,425.69,425.705,103479,0
GLD.US,5,20260114,213500,425.71,426.06,425.34,426.025,232273,0
GLD.US,5,20260114,214000,426.02,426.08,425.26,425.26,243699,0
GLD.US,5,20260114,214500,425.26,425.78093,425.26,425.72,146457,0
GLD.US,5,20260114,215000,425.73,425.97,425.59,425.915,268021,0
GLD.US,5,20260114,215500,425.91,425.98,425.79,425.94,961341,0
GLD.US,5,20260115,153000,423.02,423.92,422.91,423.5,318902,0
GLD.US,5,20260115,153500,423.5,423.85,423.2601,423.57,332252,0
GLD.US,5,20260115,154000,423.58,423.77,422.94,423.02,208540,0
GLD.US,5,20260115,154500,423.02,423.71,422.79,423.6475,200476,0
GLD.US,5,20260115,155000,423.65,424.11,423.44,424.01,254309,0
GLD.US,5,20260115,155500,423.99,424.22,423.57,423.83,370295,0
GLD.US,5,20260115,160000,423.81,424.22,423.49,423.62,717863,0
GLD.US,5,20260115,160500,423.63,423.91,423.07,423.54,635370,0
GLD.US,5,20260115,161000,423.56,424.06,423.35,423.98,186533,0
GLD.US,5,20260115,161500,423.99,424.44,423.82,424.1875,366943,0
GLD.US,5,20260115,162000,424.13,424.36,423.98,424.22,257987,0
GLD.US,5,20260115,162500,424.2,424.27,423.91,424.2439,95047,0
GLD.US,5,20260115,163000,424.21,424.34,423.86,424.02,87160,0
GLD.US,5,20260115,163500,424,424.31,423.835,423.95,87021,0
GLD.US,5,20260115,164000,423.945,424.02,423.57,423.81,86680,0
GLD.US,5,20260115,164500,423.78,424.29,423.6265,424.13,65601,0
GLD.US,5,20260115,165000,424.13,424.36,423.78,424.22,175322,0
GLD.US,5,20260115,165500,424.19,424.28,424.01,424.18,69638,0
GLD.US,5,20260115,170000,424.2,424.25,423.6,423.6565,70434,0
GLD.US,5,20260115,170500,423.6601,424.25,423.5,424.16,115327,0
GLD.US,5,20260115,171000,424.14,424.8999,424.13,424.75,267449,0
GLD.US,5,20260115,171500,424.8,425.06,424.63,424.67,238927,0
GLD.US,5,20260115,172000,424.65,424.76,424.18,424.32,168639,0
GLD.US,5,20260115,172500,424.3,424.3,423.78,423.81,131379,0
GLD.US,5,20260115,173000,423.82,423.98,423.64,423.65,80102,0
GLD.US,5,20260115,173500,423.61,423.86,423.34,423.34,89977,0
GLD.US,5,20260115,174000,423.35,423.48,423.18,423.45,103290,0
GLD.US,5,20260115,174500,423.43,423.43,423.03,423.06,84827,0
GLD.US,5,20260115,175000,423.08,423.34,422.87,422.96,80097,0
GLD.US,5,20260115,175500,422.95,423.5,422.92,423.26,50992,0
GLD.US,5,20260115,180000,423.28,423.67,423.28,423.57,87282,0
GLD.US,5,20260115,180500,423.54,423.8,423.52,423.62,42698,0
GLD.US,5,20260115,181000,423.62,423.8,423.61,423.655,49924,0
GLD.US,5,20260115,181500,423.65,423.92,423.48,423.8734,42237,0
GLD.US,5,20260115,182000,423.86,424.02,423.79,423.95,45110,0
GLD.US,5,20260115,182500,423.9499,423.98,423.72,423.76,43381,0
GLD.US,5,20260115,183000,423.7,424.07,423.7,424.03,51248,0
GLD.US,5,20260115,183500,424.03,424.28,423.99,424.09,45245,0
GLD.US,5,20260115,184000,424.085,424.16,423.99,424.08,32937,0
GLD.US,5,20260115,184500,424.09,424.31,424.03,424.1535,30775,0
GLD.US,5,20260115,185000,424.16,424.22,424,424.02,53303,0
GLD.US,5,20260115,185500,424.02,424.3,424,424.28,49654,0
GLD.US,5,20260115,190000,424.265,424.63,424.25,424.49,60292,0
GLD.US,5,20260115,190500,424.52,424.57,424.24,424.41,61758,0
GLD.US,5,20260115,191000,424.42,424.62,424.36,424.38,51230,0
GLD.US,5,20260115,191500,424.39,424.6,424.35,424.515,44579,0
GLD.US,5,20260115,192000,424.52,424.7,424.4555,424.55,51931,0
GLD.US,5,20260115,192500,424.58,424.69292,424.4,424.54,67955,0
GLD.US,5,20260115,193000,424.54,424.54,423.99,424.265,70923,0
GLD.US,5,20260115,193500,424.28,424.46,424.24,424.38,23022,0
GLD.US,5,20260115,194000,424.3699,424.4,424.06,424.17,63316,0
GLD.US,5,20260115,194500,424.161,424.6,424.16,424.5,135382,0
GLD.US,5,20260115,195000,424.49,424.53,424.22,424.25,46792,0
GLD.US,5,20260115,195500,424.27,424.375,424.23,424.37,39839,0
GLD.US,5,20260115,200000,424.38,424.62,424.37,424.54,60726,0
GLD.US,5,20260115,200500,424.54,424.75,424.43,424.74,42744,0
GLD.US,5,20260115,201000,424.735,424.8,424.5,424.5127,38702,0
GLD.US,5,20260115,201500,424.48,424.59,424.38,424.54,36066,0
GLD.US,5,20260115,202000,424.53,424.6,424.49,424.56,34873,0
GLD.US,5,20260115,202500,424.54,424.66,424.42,424.42,40392,0
GLD.US,5,20260115,203000,424.43,424.5,424.32,424.41,35243,0
GLD.US,5,20260115,203500,424.42,424.52,424.13,424.25,45089,0
GLD.US,5,20260115,204000,424.23,424.33,424.19,424.29,24031,0
GLD.US,5,20260115,204500,424.3,424.33,424.17,424.22,31430,0
GLD.US,5,20260115,205000,424.21,424.27,424.1546,424.21,43694,0
GLD.US,5,20260115,205500,424.21,424.26,423.915,424.21,79226,0
GLD.US,5,20260115,210000,424.25,424.255,423.9,424.05,51626,0
GLD.US,5,20260115,210500,424.05,424.135,423.28,423.32,85230,0
GLD.US,5,20260115,211000,423.315,423.56,423.12,423.28,81141,0
GLD.US,5,20260115,211500,423.28,423.56,422.83,422.94,225422,0
GLD.US,5,20260115,212000,422.87,423.34,422.87,423.09,116808,0
GLD.US,5,20260115,212500,423.1,423.27,422.87,423.27,80770,0
GLD.US,5,20260115,213000,423.26,423.54,423.13,423.48,108964,0
GLD.US,5,20260115,213500,423.4896,423.66,423.235,423.41,107477,0
GLD.US,5,20260115,214000,423.4175,423.58,423.27,423.5,83866,0
GLD.US,5,20260115,214500,423.51,423.61,423.15,423.31,95656,0
GLD.US,5,20260115,215000,423.31,423.45,423.18,423.31,114595,0
GLD.US,5,20260115,215500,423.3,423.43,423.08,423.34,493441,0
GLD.US,5,20260116,153000,422.8,423.5235,422.53,423.5235,219727,0
GLD.US,5,20260116,153500,423.5799,424.01,423.33,423.39,197651,0
GLD.US,5,20260116,154000,423.395,423.87,423.35,423.71,166746,0
GLD.US,5,20260116,154500,423.73,424.28,423.59,424.18,252629,0
GLD.US,5,20260116,155000,424.22,424.27,423.82,424.185,192943,0
GLD.US,5,20260116,155500,424.19,424.21,423.65,423.695,223740,0
GLD.US,5,20260116,160000,423.68,424.38,423.675,424.3,181349,0
GLD.US,5,20260116,160500,424.3,424.8,424.3,424.51,227856,0
GLD.US,5,20260116,161000,424.51,424.69,424.3,424.405,170423,0
GLD.US,5,20260116,161500,424.41,424.545,423.06,423.06,379095,0
GLD.US,5,20260116,162000,423.09,423.94,421.865,421.87,633368,0
GLD.US,5,20260116,162500,421.8725,422.28,419.66,419.7,966138,0
GLD.US,5,20260116,163000,419.68,420.24,417.04,417.79,1774995,0
GLD.US,5,20260116,163500,417.72,418.82,417.21,418.18,816240,0
GLD.US,5,20260116,164000,418.13,418.95,417.79,418.8,426280,0
GLD.US,5,20260116,164500,418.81,420.31,418.81,420.22,318433,0
GLD.US,5,20260116,165000,420.23,420.38,419.23,420.17,281609,0
GLD.US,5,20260116,165500,420.19,420.65,419.86,420.255,176880,0
GLD.US,5,20260116,170000,420.26,421.05,419.95,420.95,157778,0
GLD.US,5,20260116,170500,420.92,422,420.92,421.68,252147,0
GLD.US,5,20260116,171000,421.71,422.37,421.42,422.27,356517,0
GLD.US,5,20260116,171500,422.26,422.39,421.45,422.03,191281,0
GLD.US,5,20260116,172000,422.036,422.48,421.6901,422.12,189702,0
GLD.US,5,20260116,172500,422.12,422.65,421.87,422.15,199916,0
GLD.US,5,20260116,173000,422.16,422.47,421.83,421.96,146579,0
GLD.US,5,20260116,173500,421.97,422.73,421.97,422.38,159934,0
GLD.US,5,20260116,174000,422.4035,422.787,422.33,422.5273,85154,0
GLD.US,5,20260116,174500,422.5,422.66,421.58,421.66,208961,0
GLD.US,5,20260116,175000,421.66,421.89,421.22,421.51,159752,0
GLD.US,5,20260116,175500,421.515,422.31,421.43,422.07,95041,0
GLD.US,5,20260116,180000,422.08,422.12,421.66,421.82,43659,0
GLD.US,5,20260116,180500,421.82,422.24,421.54,421.95,54957,0
GLD.US,5,20260116,181000,421.95,422.27,421.88,422.06,37666,0
GLD.US,5,20260116,181500,422.05,422.07,421.44,421.45,89484,0
GLD.US,5,20260116,182000,421.43,421.69,420.92,421.46,276237,0
GLD.US,5,20260116,182500,421.45,421.48,420.75,420.93,92801,0
GLD.US,5,20260116,183000,420.91,421.54,420.8,421.365,87266,0
GLD.US,5,20260116,183500,421.39,421.68,421.28,421.56,46935,0
GLD.US,5,20260116,184000,421.5,421.6,421.09,421.1,59468,0
GLD.US,5,20260116,184500,421.08,421.29,420.93,421.15,68567,0
GLD.US,5,20260116,185000,421.13,421.43,421.13,421.23,46897,0
GLD.US,5,20260116,185500,421.2,421.32,421.08,421.17,97215,0
GLD.US,5,20260116,190000,421.16,421.88,421.04,421.7693,104182,0
GLD.US,5,20260116,190500,421.79,421.805,421.29,421.54,56774,0
GLD.US,5,20260116,191000,421.54,421.61,421.21,421.45,53311,0
GLD.US,5,20260116,191500,421.45,421.67,421.22,421.49,46288,0
GLD.US,5,20260116,192000,421.52,422.04,421.49,421.83,68148,0
GLD.US,5,20260116,192500,421.83,422.12,421.81,421.94,77540,0
GLD.US,5,20260116,193000,421.96,422.58,421.81,422.38,144679,0
GLD.US,5,20260116,193500,422.37,422.42,422.11,422.26,63288,0
GLD.US,5,20260116,194000,422.26,422.55,422.234,422.5098,54513,0
GLD.US,5,20260116,194500,422.5,422.54,421.72,421.94,89743,0
GLD.US,5,20260116,195000,421.94,422.02,421.69,421.76,68591,0
GLD.US,5,20260116,195500,421.75,421.795,421.24,421.28,203581,0
GLD.US,5,20260116,200000,421.27,421.555,421.11,421.55,104658,0
GLD.US,5,20260116,200500,421.56,421.83,421.43,421.455,84861,0
GLD.US,5,20260116,201000,421.45,421.58,421.27,421.44,74380,0
GLD.US,5,20260116,201500,421.44,421.61,421.14,421.4001,79616,0
GLD.US,5,20260116,202000,421.4,421.64,421.18,421.64,103023,0
GLD.US,5,20260116,202500,421.54,421.5556,421.37,421.43,56515,0
GLD.US,5,20260116,203000,421.4327,421.83,421.43,421.82,87678,0
GLD.US,5,20260116,203500,421.83,422,421.76,421.87,87151,0
GLD.US,5,20260116,204000,421.87,422.1501,421.83,421.92,48284,0
GLD.US,5,20260116,204500,421.95,422.07,421.88,422,49686,0
GLD.US,5,20260116,205000,422,422.21,421.87,422.11,75337,0
GLD.US,5,20260116,205500,422.12,422.24,421.99,422.06,73910,0
GLD.US,5,20260116,210000,422.06,422.48,421.91,422.43,67488,0
GLD.US,5,20260116,210500,422.45,422.55,422.271,422.44,80372,0
GLD.US,5,20260116,211000,422.44,422.44,422.145,422.28,68836,0
GLD.US,5,20260116,211500,422.27,422.28,421.94,421.9799,39932,0
GLD.US,5,20260116,212000,421.96,422.07,421.88,421.96,44754,0
GLD.US,5,20260116,212500,421.96,421.98,421.795,421.855,48178,0
GLD.US,5,20260116,213000,421.85,421.85,421.14,421.46,187135,0
GLD.US,5,20260116,213500,421.45,421.74,421.34,421.57,99580,0
GLD.US,5,20260116,214000,421.59,421.72,421.45,421.45,155551,0
GLD.US,5,20260116,214500,421.46,421.59,421.43,421.58,158503,0
GLD.US,5,20260116,215000,421.57,421.9,421.5179,421.885,231689,0
GLD.US,5,20260116,215500,421.88,421.89,421.18,421.29,834443,0
GLD.US,5,20260120,153000,436.69,436.71,434.84,434.86,677601,0
GLD.US,5,20260120,153500,434.86,435.77,434.63,435.66,931313,0
GLD.US,5,20260120,154000,435.67,435.81,435.025,435.54,348987,0
GLD.US,5,20260120,154500,435.57,435.93,435.21,435.4,267939,0
GLD.US,5,20260120,155000,435.41,435.8,435.1,435.51,320960,0
GLD.US,5,20260120,155500,435.495,435.84,435.29,435.825,292915,0
GLD.US,5,20260120,160000,435.82,436.44,435.56,436.36,608991,0
GLD.US,5,20260120,160500,436.35,436.49,436,436.19,433125,0
GLD.US,5,20260120,161000,436.27,436.45,435.87,436.13,484712,0
GLD.US,5,20260120,161500,436.13,436.15,435.35,435.48,338533,0
GLD.US,5,20260120,162000,435.47,435.91,434.58,434.74,305102,0
GLD.US,5,20260120,162500,434.74,434.74,434.1,434.27,546794,0
GLD.US,5,20260120,163000,434.24,435.32,434.1,435.11,415557,0
GLD.US,5,20260120,163500,435.11,435.11,434.21,434.495,349464,0
GLD.US,5,20260120,164000,434.46,435.16,434.46,435.04,225619,0
GLD.US,5,20260120,164500,435.04,435.61,434.56,435.48,312802,0
GLD.US,5,20260120,165000,435.47,435.63,435.34,435.37,115040,0
GLD.US,5,20260120,165500,435.37,435.52,434.94,435.46,175160,0
GLD.US,5,20260120,170000,435.47,435.64,434.81,434.87,241729,0
GLD.US,5,20260120,170500,434.89,435.34,434.65,435.19,249222,0
GLD.US,5,20260120,171000,435.21,436.045,435.21,435.83,600941,0
GLD.US,5,20260120,171500,435.845,436.09,435.68,435.77,254006,0
GLD.US,5,20260120,172000,435.74,435.98,435.5,435.665,178131,0
GLD.US,5,20260120,172500,435.65,436,435.26,435.78,168058,0
GLD.US,5,20260120,173000,435.75,436.03,435.74,435.8758,299018,0
GLD.US,5,20260120,173500,435.9,436.17,435.83,436.11,183506,0
GLD.US,5,20260120,174000,436.14,436.23,435.88,436.21,226292,0
GLD.US,5,20260120,174500,436.22,436.5625,436.22,436.55,130749,0
GLD.US,5,20260120,175000,436.521,436.75,436.22,436.71,141634,0
GLD.US,5,20260120,175500,436.71,437.32,436.7,436.99,247247,0
GLD.US,5,20260120,180000,436.95,436.96,436.29,436.62,162704,0
GLD.US,5,20260120,180500,436.59,436.7,436.45,436.54,80498,0
GLD.US,5,20260120,181000,436.54,437.05,436.37,437,134643,0
GLD.US,5,20260120,181500,437.01,437.16,436.83,437.02,81600,0
GLD.US,5,20260120,182000,437.04,437.115,436.8,436.8,169127,0
GLD.US,5,20260120,182500,436.8,437.28,436.78,437.13,154869,0
GLD.US,5,20260120,183000,437.12,437.23,436.82,437.03,147098,0
GLD.US,5,20260120,183500,437.03,437.19,436.95,437.02,113026,0
GLD.US,5,20260120,184000,437,437.43,436.845,437.26,176034,0
GLD.US,5,20260120,184500,437.29,437.29,436.82,437.25,101671,0
GLD.US,5,20260120,185000,437.2701,437.47,437.24,437.46,69769,0
GLD.US,5,20260120,185500,437.4425,437.78,437.31,437.48,187819,0
GLD.US,5,20260120,190000,437.51,437.86,437.46,437.68,146312,0
GLD.US,5,20260120,190500,437.65,437.93,437.5383,437.88,87439,0
GLD.US,5,20260120,191000,437.88,438.04,437.75,437.87,112069,0
GLD.US,5,20260120,191500,437.8765,438.12,437.84,438.08,85760,0
GLD.US,5,20260120,192000,438.06,438.1258,437.82,437.88,86492,0
GLD.US,5,20260120,192500,437.86,437.867,437.52,437.67913,102166,0
GLD.US,5,20260120,193000,437.67,437.82,437.58,437.7632,94849,0
GLD.US,5,20260120,193500,437.77,437.8,437.45,437.5113,59735,0
GLD.US,5,20260120,194000,437.5,437.52,437.3,437.365,100008,0
GLD.US,5,20260120,194500,437.3661,437.56,437.3001,437.49,57664,0
GLD.US,5,20260120,195000,437.48,437.51,436.89,437.0983,62052,0
GLD.US,5,20260120,195500,437.13,437.6,437.13,437.53,90213,0
GLD.US,5,20260120,200000,437.5206,437.61,437.26,437.4162,84401,0
GLD.US,5,20260120,200500,437.42,437.51,437.34,437.38,47310,0
GLD.US,5,20260120,201000,437.41,437.63,437.34,437.5,57827,0
GLD.US,5,20260120,201500,437.51,438.135,437.42,438.085,73510,0
GLD.US,5,20260120,202000,438.0703,438.1399,437.79,438.01,49489,0
GLD.US,5,20260120,202500,438,438,437.49,437.52,53070,0
GLD.US,5,20260120,203000,437.525,437.5899,437.295,437.5,66865,0
GLD.US,5,20260120,203500,437.51,437.8,437.4,437.77,42812,0
GLD.US,5,20260120,204000,437.72,437.96,437.68,437.9,77457,0
GLD.US,5,20260120,204500,437.89,437.96,437.72,437.76,49530,0
GLD.US,5,20260120,205000,437.77,437.7799,437.5849,437.5849,55229,0
GLD.US,5,20260120,205500,437.59,437.69,437.42,437.64,48264,0
GLD.US,5,20260120,210000,437.63,437.65,437.35,437.3538,74594,0
GLD.US,5,20260120,210500,437.37,437.46,437.17,437.3498,67690,0
GLD.US,5,20260120,211000,437.3499,437.68,437.34,437.59,86843,0
GLD.US,5,20260120,211500,437.59,437.65,436.76,437.1891,146158,0
GLD.US,5,20260120,212000,437.18,437.26,436.4201,436.62,113419,0
GLD.US,5,20260120,212500,436.63,437.11,436.51,436.68,91770,0
GLD.US,5,20260120,213000,436.66,437.115,436.65,436.94,73638,0
GLD.US,5,20260120,213500,436.93,437.1,436.6587,436.7077,75380,0
GLD.US,5,20260120,214000,436.7,436.85,436.52,436.6,187906,0
GLD.US,5,20260120,214500,436.61,437.115,436.5844,436.9701,169376,0
GLD.US,5,20260120,215000,436.98,437.16,436.84,437.15,191735,0
GLD.US,5,20260120,215500,437.15,437.4,437.07,437.31,436977,0
GLD.US,5,20260121,153000,446.87,447.59,445.81,446.5084,672655,0
GLD.US,5,20260121,153500,446.49,447.9999,445.93,447.77,1699314,0
GLD.US,5,20260121,154000,447.78,447.955,446.71,446.8499,453299,0
GLD.US,5,20260121,154500,446.85,446.97,445.95,446.16,455084,0
GLD.US,5,20260121,155000,446.24,446.51,445.51,446.39,522224,0
GLD.US,5,20260121,155500,446.37,446.75,445.89,446.0116,318576,0
GLD.US,5,20260121,160000,446.02,447.38,445.57,446.92,433829,0
GLD.US,5,20260121,160500,446.95,447.61,446.82,447.15,309221,0
GLD.US,5,20260121,161000,447.1638,447.3,446.26,446.79,219440,0
GLD.US,5,20260121,161500,446.7827,446.95,443.88,444.11,763885,0
GLD.US,5,20260121,162000,444.11,444.28,442.41,442.87,1141294,0
GLD.US,5,20260121,162500,442.8801,444.155,442.59,444.05,583063,0
GLD.US,5,20260121,163000,444.09,444.91,443.899,444.9,361032,0
GLD.US,5,20260121,163500,444.96,445.45,444.4537,444.84,328375,0
GLD.US,5,20260121,164000,444.82,445.23,444.23,444.65,275204,0
GLD.US,5,20260121,164500,444.74,445.32,444.32,445.26,188372,0
GLD.US,5,20260121,165000,445.22,446.06,444.74,445.89,261179,0
GLD.US,5,20260121,165500,445.89,446.2499,445.5501,445.63,204862,0
GLD.US,5,20260121,170000,445.64,446,445.25,445.57,171700,0
GLD.US,5,20260121,170500,445.555,446.38,445.52,445.92,175207,0
GLD.US,5,20260121,171000,445.98,446.18,445.23,445.56,211330,0
GLD.US,5,20260121,171500,445.555,446.06,444.36,444.5,236609,0
GLD.US,5,20260121,172000,444.49,444.81,444.135,444.23,264404,0
GLD.US,5,20260121,172500,444.24,444.97,443.87,444.87,164053,0
GLD.US,5,20260121,173000,444.87,445.48,444.77,445.465,259330,0
GLD.US,5,20260121,173500,445.465,445.61,445.03,445.55,174667,0
GLD.US,5,20260121,174000,445.54,445.82,444,444.385,824525,0
GLD.US,5,20260121,174500,444.38,444.69,443.98,444.31,266759,0
GLD.US,5,20260121,175000,444.33,444.39,443,443.94,307488,0
GLD.US,5,20260121,175500,443.97,444.62,443.93,444.285,185179,0
GLD.US,5,20260121,180000,444.285,444.35,442.82,443.51,302061,0
GLD.US,5,20260121,180500,443.47,443.95,443.35,443.74251,203319,0
GLD.US,5,20260121,181000,443.685,443.75,442.6206,442.91,174631,0
GLD.US,5,20260121,181500,442.86,443.41,442.52,443.32,236025,0
GLD.US,5,20260121,182000,443.2799,443.65,443.2,443.51,154416,0
GLD.US,5,20260121,182500,443.45,443.59,442.61,443.16,151034,0
GLD.US,5,20260121,183000,443.1992,443.1992,441.4,441.96,485913,0
GLD.US,5,20260121,183500,441.89,442.75,441.83,442.62,135523,0
GLD.US,5,20260121,184000,442.65,442.93,441.78,442.06,485121,0
GLD.US,5,20260121,184500,442.075,442.7166,442,442.515,81161,0
GLD.US,5,20260121,185000,442.48,443.33,442.4332,443.12,151773,0
GLD.US,5,20260121,185500,443.13,443.7,442.95,443.58,231803,0
GLD.US,5,20260121,190000,443.56,443.82,443.27,443.51,157475,0
GLD.US,5,20260121,190500,443.5,443.99,443.35,443.64,134017,0
GLD.US,5,20260121,191000,443.63,444.16,443.53,443.53,131932,0
GLD.US,5,20260121,191500,443.53,443.65,443.11,443.17,130688,0
GLD.US,5,20260121,192000,443.13,444.09,443,443.91,208825,0
GLD.US,5,20260121,192500,443.93,444.63,443.84,444.33,100941,0
GLD.US,5,20260121,193000,444.33,444.74,444.3,444.425,158258,0
GLD.US,5,20260121,193500,444.44,444.47,444.05,444.23,56731,0
GLD.US,5,20260121,194000,444.31,444.765,444.03,444.72,325445,0
GLD.US,5,20260121,194500,444.72,445.19,444.56,445.18,213307,0
GLD.US,5,20260121,195000,445.2,445.34,444.98,445.1,167023,0
GLD.US,5,20260121,195500,445.11,445.89,445.04,445.84,186568,0
GLD.US,5,20260121,200000,445.85,445.93,445.35,445.38,254295,0
GLD.US,5,20260121,200500,445.365,445.82,445.18,445.73,114816,0
GLD.US,5,20260121,201000,445.78,445.94,445.67,445.75,118638,0
GLD.US,5,20260121,201500,445.74,445.84,445.5,445.74,172688,0
GLD.US,5,20260121,202000,445.73,446.1799,445.625,446.1,169365,0
GLD.US,5,20260121,202500,446.09,446.22,441.63,442.52,780627,0
GLD.US,5,20260121,203000,442.7,443.24,441.18,441.7653,800469,0
GLD.US,5,20260121,203500,441.7418,441.8,438.75,438.83,1314515,0
GLD.US,5,20260121,204000,438.82,439.49,437.94,438.06,1523426,0
GLD.US,5,20260121,204500,438.06,439.28,437.71,439.06,659901,0
GLD.US,5,20260121,205000,438.98,439.25,437.11,438.44,544792,0
GLD.US,5,20260121,205500,438.4,439.63,438.105,439.49,379855,0
GLD.US,5,20260121,210000,439.47,440.06,438.92,438.9801,384083,0
GLD.US,5,20260121,210500,438.99,439.83,438.7,439.32,249205,0
GLD.US,5,20260121,211000,439.26,440.09,438.96,440.04,273775,0
GLD.US,5,20260121,211500,440.05,440.91,439.815,440.69,275514,0
GLD.US,5,20260121,212000,440.67,441.25,440.11,440.7,285392,0
GLD.US,5,20260121,212500,440.71,441.18,440.5,440.965,211576,0
GLD.US,5,20260121,213000,440.85,442.46,440.85,441.6,504866,0
GLD.US,5,20260121,213500,441.61,442.08,441.485,441.685,212597,0
GLD.US,5,20260121,214000,441.7,443.22,441.55,443.08,673583,0
GLD.US,5,20260121,214500,443.1,443.23,442.73,442.96,288415,0
GLD.US,5,20260121,215000,442.96,443.79,442.93,443.39,341160,0
GLD.US,5,20260121,215500,443.415,443.795,443.33,443.48,735363,0
GLD.US,5,20260122,153000,443.84,445.5499,443.72,445.07,406268,0
GLD.US,5,20260122,153500,445.07,445.38,444.215,445.23,318977,0
GLD.US,5,20260122,154000,445.23,445.51,444.74,445.36,460670,0
GLD.US,5,20260122,154500,445.38,445.45,444.55,444.79,215455,0
GLD.US,5,20260122,155000,444.785,445.3324,444.73,445.26,163265,0
GLD.US,5,20260122,155500,445.25,445.29,444.3897,444.41,137003,0
GLD.US,5,20260122,160000,444.39,444.73,443.56,444.323,347704,0
GLD.US,5,20260122,160500,444.33,444.6575,443.93,444.184,147985,0
GLD.US,5,20260122,161000,444.29,444.9,444.29,444.789,92566,0
GLD.US,5,20260122,161500,444.784,445.1799,444.5,444.9835,94033,0
GLD.US,5,20260122,162000,444.985,445.23,444.96,445.13,96862,0
GLD.US,5,20260122,162500,445.1,446.31,445.0856,446.13,309408,0
GLD.US,5,20260122,163000,446.13,447.14,446.077,447.01,191896,0
GLD.US,5,20260122,163500,447.01,447.24,446.74,446.9,165034,0
GLD.US,5,20260122,164000,446.91,447.14,446.57,447.01,164664,0
GLD.US,5,20260122,164500,447.01,447.26,446.75,447.0012,125984,0
GLD.US,5,20260122,165000,447.0084,447.93,446.88,447.57,159525,0
GLD.US,5,20260122,165500,447.54,447.75,447.4,447.75,113448,0
GLD.US,5,20260122,170000,447.8,448.02,447.47,447.78,164146,0
GLD.US,5,20260122,170500,447.74,447.94,447.4101,447.78,81334,0
GLD.US,5,20260122,171000,447.8,448.19,447.8,447.92,141839,0
GLD.US,5,20260122,171500,447.93,448.47,447.65,448.3,122185,0
GLD.US,5,20260122,172000,448.34,448.53,448.06,448.365,219346,0
GLD.US,5,20260122,172500,448.36,448.58,448.165,448.165,103990,0
GLD.US,5,20260122,173000,448.1762,448.4,447.9,448.38,82338,0
GLD.US,5,20260122,173500,448.38,449,448.18,448.7812,154097,0
GLD.US,5,20260122,174000,448.78,448.91,448.42,448.625,122486,0
GLD.US,5,20260122,174500,448.65,448.85,448.48,448.6504,110097,0
GLD.US,5,20260122,175000,448.68,449.039,448.49,448.52,88232,0
GLD.US,5,20260122,175500,448.6,448.66,448.01,448.33,141869,0
GLD.US,5,20260122,180000,448.34,448.74,447.95,448.71,145086,0
GLD.US,5,20260122,180500,448.73,448.9347,447.48,448.16,359242,0
GLD.US,5,20260122,181000,448.179,448.82,448.04,448.51,111247,0
GLD.US,5,20260122,181500,448.55,448.72,448.13,448.63,73236,0
GLD.US,5,20260122,182000,448.635,449.6,448.52,449.23,176339,0
GLD.US,5,20260122,182500,449.235,449.79,449.1,449.41,197156,0
GLD.US,5,20260122,183000,449.4586,450.02,449.33,449.93,226599,0
GLD.US,5,20260122,183500,449.95,450.13,449.57,449.68,96660,0
GLD.US,5,20260122,184000,449.705,450.31,449.56,450.2808,134160,0
GLD.US,5,20260122,184500,450.26,450.8,450.03,450.68,134390,0
GLD.US,5,20260122,185000,450.7,450.83,450.44,450.73,119467,0
GLD.US,5,20260122,185500,450.75,450.9099,450.58,450.745,137610,0
GLD.US,5,20260122,190000,450.72,451.38,450.48,451.16,167141,0
GLD.US,5,20260122,190500,451.09,451.56369,450.83,451.45,186882,0
GLD.US,5,20260122,191000,451.48,451.77,451.1,451.13,188363,0
GLD.US,5,20260122,191500,451.1,451.4999,451.09,451.41,79957,0
GLD.US,5,20260122,192000,451.42,451.62,451.11,451.14,90032,0
GLD.US,5,20260122,192500,451.1622,451.43,450.98,451.29,83599,0
GLD.US,5,20260122,193000,451.3,451.613,451.04,451.48,74406,0
GLD.US,5,20260122,193500,451.51,451.82,451.45,451.5996,117293,0
GLD.US,5,20260122,194000,451.6,451.65,451.39,451.57,113317,0
GLD.US,5,20260122,194500,451.55,451.9,451.36,451.795,73022,0
GLD.US,5,20260122,195000,451.805,452.03,451.65,451.9396,114299,0
GLD.US,5,20260122,195500,451.9,452.17,451.77,451.83,65118,0
GLD.US,5,20260122,200000,451.86,452.3,451.8,452.19,109369,0
GLD.US,5,20260122,200500,452.22,452.58,452.15,452.255,124703,0
GLD.US,5,20260122,201000,452.28,452.63,452.2,452.545,98507,0
GLD.US,5,20260122,201500,452.53,452.56,452.25,452.34,97817,0
GLD.US,5,20260122,202000,452.34,452.47,451.99,452.08,161740,0
GLD.US,5,20260122,202500,452.07,452.1,451.25,451.67,266069,0
GLD.US,5,20260122,203000,451.7,452.01,451.66,451.77,77861,0
GLD.US,5,20260122,203500,451.78,451.97,451.7574,451.84,78865,0
GLD.US,5,20260122,204000,451.84,451.93,451.63,451.635,51271,0
GLD.US,5,20260122,204500,451.615,451.62034,450.91,451.1,139452,0
GLD.US,5,20260122,205000,451.105,451.46,451.01,451.4162,105712,0
GLD.US,5,20260122,205500,451.38,451.54,451.31,451.455,71405,0
GLD.US,5,20260122,210000,451.515,452.37,451.515,452.35,136195,0
GLD.US,5,20260122,210500,452.35,452.52,452.28,452.45,125326,0
GLD.US,5,20260122,211000,452.45,452.78,452.35,452.73,171449,0
GLD.US,5,20260122,211500,452.74,452.98,452.6638,452.85,119615,0
GLD.US,5,20260122,212000,452.84,452.9841,452.675,452.91,221543,0
GLD.US,5,20260122,212500,452.92,452.93,452.62,452.7399,121193,0
GLD.US,5,20260122,213000,452.74,452.87,452.22,452.25,96200,0
GLD.US,5,20260122,213500,452.27,452.55,452.08,452.23,221091,0
GLD.US,5,20260122,214000,452.21,452.51,452.11,452.46,165703,0
GLD.US,5,20260122,214500,452.47,452.68,452.3399,452.44,173795,0
GLD.US,5,20260122,215000,452.44,452.49,452.11,452.3,191831,0
GLD.US,5,20260122,215500,452.3,452.55,451.61,451.89,986470,0
GLD.US,5,20260123,153000,454.11,454.65,453.45,454.32,571523,0
GLD.US,5,20260123,153500,454.3301,455.02,454.19,454.54,372001,0
GLD.US,5,20260123,154000,454.52,455.0399,454.45,454.81,194301,0
GLD.US,5,20260123,154500,454.87,455.5799,454.82,455.39,311435,0
GLD.US,5,20260123,155000,455.39,455.64,455.07,455.335,327975,0
GLD.US,5,20260123,155500,455.335,455.4098,454.335,454.36,137716,0
GLD.US,5,20260123,160000,454.37,455.13,453.95,455.03,290167,0
GLD.US,5,20260123,160500,455.06,455.59,454.94,455.56,303870,0
GLD.US,5,20260123,161000,455.56,455.6,455.1301,455.3,230477,0
GLD.US,5,20260123,161500,455.31,455.4397,454.33,454.97,328695,0
GLD.US,5,20260123,162000,454.95,455.01,454.37,454.57,223613,0
GLD.US,5,20260123,162500,454.5592,454.9,454.39,454.5499,136658,0
GLD.US,5,20260123,163000,454.585,455.16,454.49,455.115,201043,0
GLD.US,5,20260123,163500,455.15,455.55,454.79,455.48,148864,0
GLD.US,5,20260123,164000,455.47,456.07,455.31,455.93,381499,0
GLD.US,5,20260123,164500,455.93,456.27,455.79,456.02,247323,0
GLD.US,5,20260123,165000,456.01,456.01,455.18,455.745,225491,0
GLD.US,5,20260123,165500,455.78,456.0246,455.54,456.0246,240265,0
GLD.US,5,20260123,170000,456.05,456.57,455.89,456.37,297052,0
GLD.US,5,20260123,170500,456.39,457.28,456.1016,457.23,219158,0
GLD.US,5,20260123,171000,457.24,457.51,456.86,457.02,349809,0
GLD.US,5,20260123,171500,457,457.91,456.87,457.79,228568,0
GLD.US,5,20260123,172000,457.78,457.9699,457.6,457.83,183089,0
GLD.US,5,20260123,172500,457.84,458.42,457.79,458.315,200394,0
GLD.US,5,20260123,173000,458.33,458.55,457.71,458.07,200797,0
GLD.US,5,20260123,173500,458.055,458.36,457.81,457.99,109599,0
GLD.US,5,20260123,174000,457.98,458.2,457.84,458.1,214791,0
GLD.US,5,20260123,174500,458.08,458.08,457.42,457.65,181216,0
GLD.US,5,20260123,175000,457.64,457.99,457.54,457.88,97083,0
GLD.US,5,20260123,175500,457.91,458.07,457.73,457.84,121693,0
GLD.US,5,20260123,180000,457.86,458.15,457.51,458.07,143995,0
GLD.US,5,20260123,180500,458.04,458.24,457.86,458.14,124501,0
GLD.US,5,20260123,181000,458.13,458.47,458.13,458.27,126495,0
GLD.US,5,20260123,181500,458.25,458.57,458.15,458.43,145976,0
GLD.US,5,20260123,182000,458.43,458.5,458.04,458.1691,136156,0
GLD.US,5,20260123,182500,458.165,458.29,457.9,458.11,101984,0
GLD.US,5,20260123,183000,458.12,458.43,458.08,458.22,102670,0
GLD.US,5,20260123,183500,458.2,458.47,458.15,458.47,70997,0
GLD.US,5,20260123,184000,458.47,458.58,457.99,458.11,244663,0
GLD.US,5,20260123,184500,458.095,458.3,457.945,458.155,104455,0
GLD.US,5,20260123,185000,458.16,458.24,456.91,456.93,154450,0
GLD.US,5,20260123,185500,456.93,456.98,456.13,456.5,318480,0
GLD.US,5,20260123,190000,456.55,457.75,456.44,457.73,243218,0
GLD.US,5,20260123,190500,457.72,457.77,457.38,457.43,176487,0
GLD.US,5,20260123,191000,457.42,458.1,457.39,457.915,144454,0
GLD.US,5,20260123,191500,457.89,458.09,457.8,457.83,102325,0
GLD.US,5,20260123,192000,457.83,458.24,457.69,457.91,168039,0
GLD.US,5,20260123,192500,457.89,458.22,457.625,457.69,94777,0
GLD.US,5,20260123,193000,457.73,457.8,457.1,457.33,88675,0
GLD.US,5,20260123,193500,457.3,457.47,456.86,456.98,97889,0
GLD.US,5,20260123,194000,457.01,457.19,456.3,456.34,302854,0
GLD.US,5,20260123,194500,456.34,456.56,455.77,455.8238,228781,0
GLD.US,5,20260123,195000,455.85,456.75,455.8001,456.74,226379,0
GLD.US,5,20260123,195500,456.74,456.8694,456.47,456.51,159527,0
GLD.US,5,20260123,200000,456.57,457.47,456.555,457.45,160061,0
GLD.US,5,20260123,200500,457.47,457.7,457.03,457.42,272762,0
GLD.US,5,20260123,201000,457.4,457.4,457.12,457.28,111113,0
GLD.US,5,20260123,201500,457.2875,457.6,457.23,457.57,84159,0
GLD.US,5,20260123,202000,457.5725,457.72,457.45,457.53,119096,0
GLD.US,5,20260123,202500,457.51,457.71,457.35,457.5701,95620,0
GLD.US,5,20260123,203000,457.57,457.89,457.34,457.5616,182337,0
GLD.US,5,20260123,203500,457.5699,457.65,457.327,457.36,69042,0
GLD.US,5,20260123,204000,457.38,457.76,457.31,457.73,72228,0
GLD.US,5,20260123,204500,457.72,458.24,457.67,458.1,292953,0
GLD.US,5,20260123,205000,458.1099,458.75,458.041,458.63,322102,0
GLD.US,5,20260123,205500,458.64,458.74,458.115,458.22,245287,0
GLD.US,5,20260123,210000,458.195,458.34,457.57,457.89,248718,0
GLD.US,5,20260123,210500,457.905,457.92,456.98,457.69,245958,0
GLD.US,5,20260123,211000,457.71,457.97,457.52,457.94,178302,0
GLD.US,5,20260123,211500,457.95,458.335,457.85,457.92,223780,0
GLD.US,5,20260123,212000,457.915,458.09,457.78,458.04,118909,0
GLD.US,5,20260123,212500,458.03,458.05,457.64,457.93,207371,0
GLD.US,5,20260123,213000,457.93,457.935,457.45,457.63,179880,0
GLD.US,5,20260123,213500,457.62,458.11,457.515,458.075,220082,0
GLD.US,5,20260123,214000,458.08,458.16,457.8429,458.0698,326537,0
GLD.US,5,20260123,214500,458.07,458.11,457.97,458.0446,209972,0
GLD.US,5,20260123,215000,458.04,458.07,457.72,457.825,419475,0
GLD.US,5,20260123,215500,457.825,458.23,457.8,458,1096164,0
GLD.US,5,20260126,153000,466.78,467.5,466.43,467.47,553527,0
GLD.US,5,20260126,153500,467.47,468.02,467.1,467.8,831266,0
GLD.US,5,20260126,154000,467.8038,467.975,466.91,467.105,399549,0
GLD.US,5,20260126,154500,467.13,467.87,467.03,467.85,329271,0
GLD.US,5,20260126,155000,467.86,468.38,467.38,468.06,613094,0
GLD.US,5,20260126,155500,468.09,468.58,467.8801,468.44,440110,0
GLD.US,5,20260126,160000,468.45,468.525,467.465,468.095,505608,0
GLD.US,5,20260126,160500,468.08,468.24,467.84,467.9945,619673,0
GLD.US,5,20260126,161000,468,468.56,467.8,468.3599,291394,0
GLD.US,5,20260126,161500,468.35,468.5316,467.78,467.82,235065,0
GLD.US,5,20260126,162000,467.81,468.28,467.34,467.9,343958,0
GLD.US,5,20260126,162500,467.93,468.01,467.4935,467.93,217508,0
GLD.US,5,20260126,163000,467.93,468.13,466.676,466.73,378019,0
GLD.US,5,20260126,163500,466.72,467.76,466.46,466.975,376111,0
GLD.US,5,20260126,164000,466.98,467.23,466.26,466.75,397194,0
GLD.US,5,20260126,164500,466.75,467.6,466.73,467.445,384742,0
GLD.US,5,20260126,165000,467.43,467.89,467.235,467.79,195837,0
GLD.US,5,20260126,165500,467.8,468.35,467.8,467.95,213830,0
GLD.US,5,20260126,170000,467.94,469.05,467.8,468.83,383142,0
GLD.US,5,20260126,170500,468.86,469.25,468.68,468.81,319256,0
GLD.US,5,20260126,171000,468.81,469.0101,468.46,468.94,287210,0
GLD.US,5,20260126,171500,468.93,469.185,468.35,468.5,301898,0
GLD.US,5,20260126,172000,468.51,468.69,467.83,468.24,215443,0
GLD.US,5,20260126,172500,468.25,468.51,466.04,466.5162,596156,0
GLD.US,5,20260126,173000,466.55,467.1,465.96,466.54,496828,0
GLD.US,5,20260126,173500,466.5,467.03,465.5536,465.9301,462946,0
GLD.US,5,20260126,174000,465.94,467.31,465.86,466.6847,367785,0
GLD.US,5,20260126,174500,466.659,467.6675,466.659,467.288,175455,0
GLD.US,5,20260126,175000,467.28,467.75,467.22,467.61,90160,0
GLD.US,5,20260126,175500,467.59,468.28,467.58,467.85,169521,0
GLD.US,5,20260126,180000,467.86,468.34,467.73,468.325,173159,0
GLD.US,5,20260126,180500,468.34,468.55,467.86,468.005,228404,0
GLD.US,5,20260126,181000,468,468.3628,467.45,468.26,144340,0
GLD.US,5,20260126,181500,468.2699,468.38,467.99,468.1,134050,0
GLD.US,5,20260126,182000,468.1095,468.23,467.2,467.31,152541,0
GLD.US,5,20260126,182500,467.3299,467.95,467.03,467.73,144627,0
GLD.US,5,20260126,183000,467.71,468.1613,467.17,468.125,90487,0
GLD.US,5,20260126,183500,468.145,468.2,467.75,467.99,151650,0
GLD.US,5,20260126,184000,467.94,469.06,467.94,469.03,275006,0
GLD.US,5,20260126,184500,469.04,469.28,468.66,468.88,267915,0
GLD.US,5,20260126,185000,468.88,469.09,468.65,468.7799,196089,0
GLD.US,5,20260126,185500,468.75,469.03,468.54,468.855,162214,0
GLD.US,5,20260126,190000,468.87,469.095,468.59,468.84,222613,0
GLD.US,5,20260126,190500,468.83,468.85,467.5238,467.5599,416030,0
GLD.US,5,20260126,191000,467.52,467.69,466.64,466.795,378033,0
GLD.US,5,20260126,191500,466.83,467.85,466.6,467.58,220159,0
GLD.US,5,20260126,192000,467.575,468,467.19,467.82,266238,0
GLD.US,5,20260126,192500,467.86,467.93,467.3001,467.43,110380,0
GLD.US,5,20260126,193000,467.4,467.4484,466.1,466.38,256752,0
GLD.US,5,20260126,193500,466.4,466.76,465.71,465.85,315759,0
GLD.US,5,20260126,194000,465.86,465.93,464.87,465.45,571184,0
GLD.US,5,20260126,194500,465.49,466.89,465.435,466.805,322125,0
GLD.US,5,20260126,195000,466.81,467.26,466.56,466.9965,229687,0
GLD.US,5,20260126,195500,467.01,467.02,465.88,465.9,201440,0
GLD.US,5,20260126,200000,465.95,466.01,462.91,463.805,788872,0
GLD.US,5,20260126,200500,463.79,465.32,463.7,464.86,433703,0
GLD.US,5,20260126,201000,464.83,465.37,464.3,465.14,300231,0
GLD.US,5,20260126,201500,465.11,465.21,463.1,463.28,268731,0
GLD.US,5,20260126,202000,463.28,463.67,461.5,461.57,808231,0
GLD.US,5,20260126,202500,461.64,462.99,461.53,462.12,377099,0
GLD.US,5,20260126,203000,462.06,463.5615,461.86,463.38,322868,0
GLD.US,5,20260126,203500,463.35,463.5494,462.33,463.01,208857,0
GLD.US,5,20260126,204000,463.02,463.04,462,462.73,358712,0
GLD.US,5,20260126,204500,462.7299,463.04,460.36,461.25,446837,0
GLD.US,5,20260126,205000,461.17,461.86,460.55,461.17,396645,0
GLD.US,5,20260126,205500,461.26,462.46,461.2097,462.229,239854,0
GLD.US,5,20260126,210000,462.21,463.38,461.95,463.38,252046,0
GLD.US,5,20260126,210500,463.38,463.76,462.85,463.44,144075,0
GLD.US,5,20260126,211000,463.4,464.5,462.98,464.1935,280535,0
GLD.US,5,20260126,211500,464.14,464.4,463.32,464.05,206741,0
GLD.US,5,20260126,212000,464.1,464.31,463.21,464.19,279759,0
GLD.US,5,20260126,212500,464.2128,464.78,463.87,464.78,334635,0
GLD.US,5,20260126,213000,464.77,465.28,464.51,464.62,383756,0
GLD.US,5,20260126,213500,464.63,464.69,462.71,463.3,454411,0
GLD.US,5,20260126,214000,463.33,464.08,463.27,463.83,238302,0
GLD.US,5,20260126,214500,463.85,464.31,463.5,463.9159,225159,0
GLD.US,5,20260126,215000,463.9,465.05,463.85,464.76,413445,0
GLD.US,5,20260126,215500,464.7,465.14,464.5301,464.7,1045520,0
GLD.US,5,20260127,153000,465.07,466.33,465.01,465.795,602073,0
GLD.US,5,20260127,153500,465.74,466.86,465.45,465.89,547190,0
GLD.US,5,20260127,154000,465.91,467.17,465.79,466.91,496258,0
GLD.US,5,20260127,154500,466.89,466.94,465.31,465.57,333182,0
GLD.US,5,20260127,155000,465.55,465.8,464.8,465.465,312230,0
GLD.US,5,20260127,155500,465.4,465.42,464.22,464.47,289671,0
GLD.US,5,20260127,160000,464.4,465.99,463.95,465.35,404147,0
GLD.US,5,20260127,160500,465.33,466,465.13,465.4599,222065,0
GLD.US,5,20260127,161000,465.49,466.08,464.27,464.88,404325,0
GLD.US,5,20260127,161500,464.855,466.4506,464.74,466.146,305788,0
GLD.US,5,20260127,162000,466.2,466.5999,465.86,466.58,141749,0
GLD.US,5,20260127,162500,466.5408,466.7,465.8,465.9818,186825,0
GLD.US,5,20260127,163000,465.9879,466.99,465.92,466.76,230308,0
GLD.US,5,20260127,163500,466.8,467.62,466.71,467.28377,213446,0
GLD.US,5,20260127,164000,467.29,467.29,466.86,467.04,91479,0
GLD.US,5,20260127,164500,467.01,467.61,466.97,467.49,173074,0
GLD.US,5,20260127,165000,467.56,467.72,467.3,467.39,226009,0
GLD.US,5,20260127,165500,467.41,468.04,467.205,468,143083,0
GLD.US,5,20260127,170000,468.02,468.08,467.43,467.49,180000,0
GLD.US,5,20260127,170500,467.53,468.11,467.33,467.98,112971,0
GLD.US,5,20260127,171000,467.9501,468.71,467.95,468.35,223165,0
GLD.US,5,20260127,171500,468.35,468.9,468.23,468.82,188503,0
GLD.US,5,20260127,172000,468.85,469.11,468.22693,468.27,164382,0
GLD.US,5,20260127,172500,468.27,468.75,468.26,468.675,131427,0
GLD.US,5,20260127,173000,468.71,468.7499,467.951,468.13,132263,0
GLD.US,5,20260127,173500,468.13,468.29,467.83,468.0632,91563,0
GLD.US,5,20260127,174000,468.1,468.63,467.48,467.69,105262,0
GLD.US,5,20260127,174500,467.69,467.96,467.55,467.78,91534,0
GLD.US,5,20260127,175000,467.8,468.1,467.655,467.83,58322,0
GLD.US,5,20260127,175500,467.83,467.87,467.26,467.67,80412,0
GLD.US,5,20260127,180000,467.73,467.76,467.2632,467.33,68829,0
GLD.US,5,20260127,180500,467.31,467.6,466.94,467.59,171253,0
GLD.US,5,20260127,181000,467.6,468.1,467.4,468.03,59932,0
GLD.US,5,20260127,181500,468.04,468.25,466.94,467.25,149058,0
GLD.US,5,20260127,182000,467.31,467.58,467.14,467.32,53990,0
GLD.US,5,20260127,182500,467.38,467.77,467.31,467.655,61619,0
GLD.US,5,20260127,183000,467.71,467.86,467.4336,467.58,61687,0
GLD.US,5,20260127,183500,467.55,467.72,467,467.3799,112318,0
GLD.US,5,20260127,184000,467.36659,467.43,466.815,467.16,128112,0
GLD.US,5,20260127,184500,467.09,467.45,466.6237,466.83,156418,0
GLD.US,5,20260127,185000,466.79,467.42,466.63,467.14,181035,0
GLD.US,5,20260127,185500,467.11,467.47,466.99,467.045,58044,0
GLD.US,5,20260127,190000,467.06,467.63,467.05,467.195,55165,0
GLD.US,5,20260127,190500,467.15,467.16,466.61,467.09,74397,0
GLD.US,5,20260127,191000,467.11,467.4199,466.95,467.115,43977,0
GLD.US,5,20260127,191500,467.102,467.62,467.01,467.32,81218,0
GLD.US,5,20260127,192000,467.31,467.5,466.94,467.05,100505,0
GLD.US,5,20260127,192500,467.01,467.8,466.82,467.415,101538,0
GLD.US,5,20260127,193000,467.46,468.07,467.46,467.73,81961,0
GLD.US,5,20260127,193500,467.71,468.04,467.7,467.83,103340,0
GLD.US,5,20260127,194000,467.82,467.83,467.48,467.6999,79919,0
GLD.US,5,20260127,194500,467.7,468.06,467.65,468.06,79710,0
GLD.US,5,20260127,195000,468.08,468.3596,468.0663,468.0663,102827,0
GLD.US,5,20260127,195500,468.07,468.36,467.66,467.7,104558,0
GLD.US,5,20260127,200000,467.69,467.69,467.25,467.54,105756,0
GLD.US,5,20260127,200500,467.56,467.5837,467.01,467.47,107535,0
GLD.US,5,20260127,201000,467.47,467.775,467.13,467.595,97040,0
GLD.US,5,20260127,201500,467.57,467.7,467.44,467.66,66611,0
GLD.US,5,20260127,202000,467.665,467.9,467.59,467.86,69793,0
GLD.US,5,20260127,202500,467.86,467.93,467.53,467.65,72884,0
GLD.US,5,20260127,203000,467.6399,467.9726,467.63,467.825,89765,0
GLD.US,5,20260127,203500,467.795,467.97,467.72,467.86,76271,0
GLD.US,5,20260127,204000,467.86,468.16,467.85,468.14,124117,0
GLD.US,5,20260127,204500,468.17,468.17,467.93,467.95,94798,0
GLD.US,5,20260127,205000,467.9455,468.3046,467.9,468.25,90337,0
GLD.US,5,20260127,205500,468.25,468.83,468.24,468.68,171259,0
GLD.US,5,20260127,210000,468.66,470.63,468.58,470.54,535930,0
GLD.US,5,20260127,210500,470.55,471.25,470.16,471.12,496803,0
GLD.US,5,20260127,211000,471.13,472.79,471.01,472.61,776962,0
GLD.US,5,20260127,211500,472.575,472.67,471.73,472.4948,446367,0
GLD.US,5,20260127,212000,472.48,473.53,471.91,472.28,930652,0
GLD.US,5,20260127,212500,472.29,472.88,471.83,472.58,352179,0
GLD.US,5,20260127,213000,472.56,473.26,471.73,472.81,539957,0
GLD.US,5,20260127,213500,472.8105,473.19,472.45,472.83,306219,0
GLD.US,5,20260127,214000,472.83,473.33,472.1,472.725,522168,0
GLD.US,5,20260127,214500,472.7,475.1,472.69,474.4,806047,0
GLD.US,5,20260127,215000,474.37,475.93,473.68,475.89,773278,0
GLD.US,5,20260127,215500,475.84,476.49,475.1,475.97,2049932,0
GLD.US,5,20260128,153000,483.39,483.97,482.5408,483.78,421607,0
GLD.US,5,20260128,153500,483.845,485.55,483.72,485.49,458530,0
GLD.US,5,20260128,154000,485.5,485.71,484.74,485.18,415913,0
GLD.US,5,20260128,154500,485.26,485.33,484.77,485.1,234097,0
GLD.US,5,20260128,155000,485.06,485.49,484.4,484.61,313018,0
GLD.US,5,20260128,155500,484.63,486.17,484.44,485.96,348016,0
GLD.US,5,20260128,160000,485.959,487.04,485.91,486.57,478355,0
GLD.US,5,20260128,160500,486.58,486.99,481.2501,481.84,1533306,0
GLD.US,5,20260128,161000,481.89,483.715,481.84,483.245,858786,0
GLD.US,5,20260128,161500,483.215,484.3,482.12,483.175,630987,0
GLD.US,5,20260128,162000,483.2,484.89,483.05,484.41,447959,0
GLD.US,5,20260128,162500,484.415,484.565,483.18,484.39,422253,0
GLD.US,5,20260128,163000,484.44,485.08,484.14,484.77,283263,0
GLD.US,5,20260128,163500,484.7636,485.3,484.43,484.83,231141,0
GLD.US,5,20260128,164000,484.845,485.74,484.78,485.39,264247,0
GLD.US,5,20260128,164500,485.38,485.46,484.64,485.03,200835,0
GLD.US,5,20260128,165000,484.98,485.03,484.13,484.88,346312,0
GLD.US,5,20260128,165500,484.9,485.49,484.69,485.17,192027,0
GLD.US,5,20260128,170000,485.2183,485.62,484.851,485.43,169761,0
GLD.US,5,20260128,170500,485.48,486.15,485.2001,485.69,193875,0
GLD.US,5,20260128,171000,485.69,486.14,485.41,485.74,199498,0
GLD.US,5,20260128,171500,485.72,486.6,485.67,486.07,270309,0
GLD.US,5,20260128,172000,486.07,486.27,485.575,485.9,170193,0
GLD.US,5,20260128,172500,485.9499,486.13,485.52,486.0199,230411,0
GLD.US,5,20260128,173000,486.02,486.16,484.96,485.0784,282193,0
GLD.US,5,20260128,173500,485.09,485.99,485.04,485.6011,140553,0
GLD.US,5,20260128,174000,485.58,486.02,485.42,485.68,186076,0
GLD.US,5,20260128,174500,485.68,486.94,485.55,486.54,213428,0
GLD.US,5,20260128,175000,486.54,486.81,485.98,486.5,175853,0
GLD.US,5,20260128,175500,486.51,487.36,486.36,487.16,329376,0
GLD.US,5,20260128,180000,487.18,487.8,487.18,487.4,205623,0
GLD.US,5,20260128,180500,487.38,487.535,486.42,486.719,263469,0
GLD.US,5,20260128,181000,486.73,487.02,486.66,486.77,147728,0
GLD.US,5,20260128,181500,486.74,486.95,486.145,486.51,184009,0
GLD.US,5,20260128,182000,486.51,487.22,486.303,487.06,178709,0
GLD.US,5,20260128,182500,487.12,487.56,486.95,487.43,235937,0
GLD.US,5,20260128,183000,487.4299,487.49,486.5,486.54,207228,0
GLD.US,5,20260128,183500,486.53,486.97,485.6101,485.75,246517,0
GLD.US,5,20260128,184000,485.76,486.6399,485.75,486.07,320700,0
GLD.US,5,20260128,184500,486.06,486.37,485.8,486.209,273748,0
GLD.US,5,20260128,185000,486.19,487.39,486.19,487.24,166690,0
GLD.US,5,20260128,185500,487.24,487.6,486.84,486.94,460770,0
GLD.US,5,20260128,190000,486.945,487.16,486.44,486.6,223152,0
GLD.US,5,20260128,190500,486.6,487.65,486.51,487.595,234285,0
GLD.US,5,20260128,191000,487.6,487.68,486.68,487.13,229516,0
GLD.US,5,20260128,191500,487.1499,488.25,487.035,488.08,323466,0
GLD.US,5,20260128,192000,488.08,489.54,488.065,489.15,351344,0
GLD.US,5,20260128,192500,489.1138,489.29,487.48,487.66,417198,0
GLD.US,5,20260128,193000,487.67,487.95,484.98,486.04,706960,0
GLD.US,5,20260128,193500,485.98,486.27,484.26,484.75,540484,0
GLD.US,5,20260128,194000,484.76,485.47,484.34,484.76,416720,0
GLD.US,5,20260128,194500,484.76,485.395,484.53,485.23,348118,0
GLD.US,5,20260128,195000,485.25,485.65,484.77,484.8604,369947,0
GLD.US,5,20260128,195500,484.8,485.64,484.7,485.64,227741,0
GLD.US,5,20260128,200000,485.475,486.5,484.22,485.06,476969,0
GLD.US,5,20260128,200500,484.97,485.68,484.45,485.41,340793,0
GLD.US,5,20260128,201000,485.47,486.93,485.21,486.93,219318,0
GLD.US,5,20260128,201500,486.9299,487.37,486.46,486.835,193525,0
GLD.US,5,20260128,202000,486.89,487.3,486.1722,486.62,175734,0
GLD.US,5,20260128,202500,486.61,486.7925,485.58,485.745,202375,0
GLD.US,5,20260128,203000,485.7001,486.54,485.35,486.19,238989,0
GLD.US,5,20260128,203500,486.26,487.76,486.12,487.25,277781,0
GLD.US,5,20260128,204000,487.26,488.35,486.56,488.26,485379,0
GLD.US,5,20260128,204500,488.18,489.01,487.58,488.68,268145,0
GLD.US,5,20260128,205000,488.699,489,488.18,488.645,213045,0
GLD.US,5,20260128,205500,488.63,490.14,488.54,489.54,607530,0
GLD.US,5,20260128,210000,489.53,490.6,489.5,490.1577,529163,0
GLD.US,5,20260128,210500,490.155,490.78,489.5,490.13,421167,0
GLD.US,5,20260128,211000,490.13,490.18,489.29,489.62,237399,0
GLD.US,5,20260128,211500,489.64,490.76,489.1,490.76,291153,0
GLD.US,5,20260128,212000,490.78,491.08,490.23,490.77,375812,0
GLD.US,5,20260128,212500,490.71,492.31,490.6401,492.2,364345,0
GLD.US,5,20260128,213000,492.17,493.11,492.04,492.66,469105,0
GLD.US,5,20260128,213500,492.6201,494.36,492.59,494.165,562911,0
GLD.US,5,20260128,214000,494.15,495.61,494.055,494.86,1492966,0
GLD.US,5,20260128,214500,494.91,495.88,494.29,495.35,738591,0
GLD.US,5,20260128,215000,495.31,495.63,493.36,493.62,911772,0
GLD.US,5,20260128,215500,493.56,494.93,493.47,494.56,2459946,0
GLD.US,5,20260129,153000,509.51,509.7,507.25,507.28,1003713,0
GLD.US,5,20260129,153500,507.28,509.3,505.58,508.41,1640873,0
GLD.US,5,20260129,154000,508.39,508.81,506.56,507.045,822752,0
GLD.US,5,20260129,154500,507.055,507.58,504.62,506.975,1369226,0
GLD.US,5,20260129,155000,506.92,507.17,505.24,506.025,809614,0
GLD.US,5,20260129,155500,506.07,507.17,504.79,505,1053547,0
GLD.US,5,20260129,160000,504.985,504.985,499.8,501.5533,2074217,0
GLD.US,5,20260129,160500,501.53,502.83,496.91,497.6362,1871341,0
GLD.US,5,20260129,161000,497.69,499.0399,493.22,494.81,1776283,0
GLD.US,5,20260129,161500,494.885,495.16,484.77,489.8,3231829,0
GLD.US,5,20260129,162000,489.79,493.34,486.58,486.66,1832490,0
GLD.US,5,20260129,162500,486.69,488.02,469.03,476.92,4226992,0
GLD.US,5,20260129,163000,476.92,483.08,471.1,474.5,2135107,0
GLD.US,5,20260129,163500,474.52,480.93,468.51,477.96,1905125,0
GLD.US,5,20260129,164000,477.97,478.2299,469.02,470.69,2154686,0
GLD.US,5,20260129,164500,470.3501,476.57,470.15,474.6,1172634,0
GLD.US,5,20260129,165000,474.51,478.8451,474.3,477.42,969030,0
GLD.US,5,20260129,165500,477.5,477.67,474.7,476.165,698478,0
GLD.US,5,20260129,170000,476.09,480.99,475.07,480.74,929748,0
GLD.US,5,20260129,170500,480.63,483.3,480.11,482.26,832893,0
GLD.US,5,20260129,171000,482.3,484.87,481.29,484.56,657380,0
GLD.US,5,20260129,171500,484.58,484.8,482.005,483.8,523978,0
GLD.US,5,20260129,172000,483.82,484.34,480.88,484.2,670756,0
GLD.US,5,20260129,172500,484.2,486.71,483.7,485.97,892732,0
GLD.US,5,20260129,173000,486.015,488.17,485.04,485.49,851583,0
GLD.US,5,20260129,173500,485.37,485.725,482.5,482.545,615523,0
GLD.US,5,20260129,174000,482.38,485.4,481.9,484.56,364013,0
GLD.US,5,20260129,174500,484.61,484.8999,482.43,484.52,609309,0
GLD.US,5,20260129,175000,484.4501,484.71,480.3265,482.62,498069,0
GLD.US,5,20260129,175500,482.64,483.84,481.931,483.76,489365,0
GLD.US,5,20260129,180000,483.76,486.88,483.76,485.84,571664,0
GLD.US,5,20260129,180500,485.8751,486.89,485.46,486.35,252319,0
GLD.US,5,20260129,181000,486.2,486.93,485.12,486.7,267545,0
GLD.US,5,20260129,181500,486.67,490.65,486.63,490.53,618006,0
GLD.US,5,20260129,182000,490.47,491.32,489.28,490.02,601297,0
GLD.US,5,20260129,182500,489.8,493.26,489.8,492.75,472274,0
GLD.US,5,20260129,183000,492.54,492.91,490.47,491.095,437462,0
GLD.US,5,20260129,183500,491.18,494.05,491.18,492.9,398465,0
GLD.US,5,20260129,184000,492.85,494.12,492.29,493.35,585850,0
GLD.US,5,20260129,184500,493.45,493.7,491.29,492.435,457721,0
GLD.US,5,20260129,185000,492.49,492.49,489.58,490.95228,557867,0
GLD.US,5,20260129,185500,490.89,491,488.43,490.24,423292,0
GLD.US,5,20260129,190000,490.34,491.75,490.08,490.4654,237414,0
GLD.US,5,20260129,190500,490.5199,492.25,489.8,491.71,296040,0
GLD.US,5,20260129,191000,491.705,492.51,490.8106,492.175,205949,0
GLD.US,5,20260129,191500,492.25,492.63,491.5,491.78,202816,0
GLD.US,5,20260129,192000,491.88,492.28,489,489.88,350701,0
GLD.US,5,20260129,192500,489.875,490.67,487.81,489.73,623567,0
GLD.US,5,20260129,193000,489.845,492.87,489.04,491.88,621117,0
GLD.US,5,20260129,193500,491.77,492.69,490.91,492.06,218746,0
GLD.US,5,20260129,194000,492.0425,492.47,490.14,490.8401,244049,0
GLD.US,5,20260129,194500,490.84,492.63,490.65,492.41,228574,0
GLD.US,5,20260129,195000,492.59,492.8399,491.59,491.85,247224,0
GLD.US,5,20260129,195500,491.75,491.92,490.35,490.59,280773,0
GLD.US,5,20260129,200000,490.64,491.11,488.99,490.205,438706,0
GLD.US,5,20260129,200500,490.24,491.2299,489.37,490.39,275694,0
GLD.US,5,20260129,201000,490.28,490.34,487.27,487.64,762764,0
GLD.US,5,20260129,201500,487.66,490.03,487.43,488.87,422794,0
GLD.US,5,20260129,202000,488.87,489.16,487.66,488.3097,399296,0
GLD.US,5,20260129,202500,488.31,489.26,487.84,488.71,387779,0
GLD.US,5,20260129,203000,488.735,488.84,486.18,486.39,464158,0
GLD.US,5,20260129,203500,486.39,489.3791,486.01,488.24,462231,0
GLD.US,5,20260129,204000,488.235,489.6,487.54,488.53,401647,0
GLD.US,5,20260129,204500,488.5505,489.4199,487.9,488.52,401557,0
GLD.US,5,20260129,205000,488.54,488.55,486.82,487.32,246385,0
GLD.US,5,20260129,205500,487.27,488.39,487.1701,487.5036,311246,0
GLD.US,5,20260129,210000,487.55,487.55,485.36,486.41,384984,0
GLD.US,5,20260129,210500,486.39,487.4,486.26,486.82,335908,0
GLD.US,5,20260129,211000,486.75,488.01,486.44,486.63,248857,0
GLD.US,5,20260129,211500,486.64,488.16,486.06,487.925,280623,0
GLD.US,5,20260129,212000,487.98,489.35,487.51,489.21,265449,0
GLD.US,5,20260129,212500,489.17,489.37,488.21,488.71,250357,0
GLD.US,5,20260129,213000,488.68,489.09,487.87,489.07,287795,0
GLD.US,5,20260129,213500,489,491.41,488.75,491.37,345615,0
GLD.US,5,20260129,214000,491.38,492.47,491.03,492.08,336258,0
GLD.US,5,20260129,214500,492.01,493.6399,491.95,493.57,611628,0
GLD.US,5,20260129,215000,493.67,496.22,493.62,495.345,780641,0
GLD.US,5,20260129,215500,495.28,496.9,495.15,496.02,1636945,0
GLD.US,5,20260130,153000,466.245,469.99,464.67,469.464,1137499,0
GLD.US,5,20260130,153500,469.51,469.82,466.7,468.275,1050942,0
GLD.US,5,20260130,154000,468.23,468.4,465.7401,467.03,628427,0
GLD.US,5,20260130,154500,467.07,467.99,466.03,467.79,591571,0
GLD.US,5,20260130,155000,467.8,468.67,463.57,464.105,924498,0
GLD.US,5,20260130,155500,464.09,464.6,460.68,462.65,1261948,0
GLD.US,5,20260130,160000,462.59,462.9,457.83,458.25,1528486,0
GLD.US,5,20260130,160500,458.215,460.92,457.68,459.63,933561,0
GLD.US,5,20260130,161000,459.6,463.82,459.27,462.09,833609,0
GLD.US,5,20260130,161500,462.07,465.11,462,464.16,582715,0
GLD.US,5,20260130,162000,464.19,464.89,462.97,463.1856,615352,0
GLD.US,5,20260130,162500,463.25,464.41,462.35,463.74,450378,0
GLD.US,5,20260130,163000,463.66,464.79,463.16,463.75,439477,0
GLD.US,5,20260130,163500,463.74,465.94,463.74,464.9,433180,0
GLD.US,5,20260130,164000,464.91,466.39,464.7,465.05,348135,0
GLD.US,5,20260130,164500,465.03,465.6599,464.1,465.285,375418,0
GLD.US,5,20260130,165000,465.31,466.36,462.97,463.36,358345,0
GLD.US,5,20260130,165500,463.27,464.75,463.19,464.13,368237,0
GLD.US,5,20260130,170000,464.145,464.24,461.5805,461.704,395859,0
GLD.US,5,20260130,170500,461.601,462.91,461.52,462.5,335480,0
GLD.US,5,20260130,171000,462.55,462.8,460.95,462.3,496119,0
GLD.US,5,20260130,171500,462.27,462.735,460.03,460.54,603621,0
GLD.US,5,20260130,172000,460.6,461.3,458.66,458.87,735779,0
GLD.US,5,20260130,172500,458.865,460.68,458.16,459.17,956838,0
GLD.US,5,20260130,173000,459.12,461.21,458.09,458.38,603500,0
GLD.US,5,20260130,173500,458.37,458.43,455.85,457.23,1053586,0
GLD.US,5,20260130,174000,457.14,461.12,457,460.58,615260,0
GLD.US,5,20260130,174500,460.4801,461.12,456.96,457.98,723295,0
GLD.US,5,20260130,175000,457.89,458,454.29,457.61,905552,0
GLD.US,5,20260130,175500,457.37,458.4,456.78,458.2599,606118,0
GLD.US,5,20260130,180000,458.13,458.24,456.07,457.19,446025,0
GLD.US,5,20260130,180500,457.21,457.47,452.81,453.23,912573,0
GLD.US,5,20260130,181000,453.23,454.9071,450.22,451.78,1171714,0
GLD.US,5,20260130,181500,451.74,453.88,450.3,450.86,1121566,0
GLD.US,5,20260130,182000,450.81,453.47,450.2,452.48,697293,0
GLD.US,5,20260130,182500,452.46,454.18,451.7501,452.77,492350,0
GLD.US,5,20260130,183000,452.69,452.73,449.51,451.73,899489,0
GLD.US,5,20260130,183500,451.77,451.9,449.05,449.425,588201,0
GLD.US,5,20260130,184000,449.425,450.53,445.03,446.84,1185616,0
GLD.US,5,20260130,184500,446.8,448.6,446.27,446.6077,899332,0
GLD.US,5,20260130,185000,446.68,447.1699,441.6275,442.42,1352600,0
GLD.US,5,20260130,185500,442.585,445.89,441.35,445.87,994091,0
GLD.US,5,20260130,190000,445.86,448.87,445.55,448.77,676011,0
GLD.US,5,20260130,190500,448.8444,449.49,441.99,442.45,647027,0
GLD.US,5,20260130,191000,442.455,443.825,440.25,442.06,861118,0
GLD.US,5,20260130,191500,442.05,442.91,436.7,437.39,1285402,0
GLD.US,5,20260130,192000,437.3,439.01,432,433.67,1945024,0
GLD.US,5,20260130,192500,433.67,437.31,431.18,436.19,1256966,0
GLD.US,5,20260130,193000,436.22,438.97,434.34,437.075,978493,0
GLD.US,5,20260130,193500,437,438.0899,430.8,431.89,1118447,0
GLD.US,5,20260130,194000,431.85,440.12,431.63,439.5,1158242,0
GLD.US,5,20260130,194500,439.47,444.19,438.8,443.96,1280618,0
GLD.US,5,20260130,195000,443.955,447.13,442.9,446.82,1048437,0
GLD.US,5,20260130,195500,446.78,449.79,446.13,448.57,1028377,0
GLD.US,5,20260130,200000,448.56,451.49,448.2401,450.32,1003403,0
GLD.US,5,20260130,200500,450.32,451.5,448.7201,451.29,495539,0
GLD.US,5,20260130,201000,451.25,452.155,447.6601,449.4997,643032,0
GLD.US,5,20260130,201500,449.43,449.92,447.67,448.402,431894,0
GLD.US,5,20260130,202000,448.37,449.7099,445.172,447.5,613098,0
GLD.US,5,20260130,202500,447.43,450.5,447.23,449.9,517714,0
GLD.US,5,20260130,203000,449.86,451.7899,448.7401,450.98,575689,0
GLD.US,5,20260130,203500,451.035,452.85,449.7401,451.48,373042,0
GLD.US,5,20260130,204000,451.52,453.22,450.3,452.9752,514991,0
GLD.US,5,20260130,204500,452.96,453.6899,451.111,451.93,426912,0
GLD.US,5,20260130,205000,451.93,454.31,451.9,453.3,310771,0
GLD.US,5,20260130,205500,453.245,455.07,453.04,453.5699,489056,0
GLD.US,5,20260130,210000,453.5,453.56,448.845,451.3,678643,0
GLD.US,5,20260130,210500,451.25,452.305,448.82,450.495,350328,0
GLD.US,5,20260130,211000,450.42,450.58,448.45,450.425,427403,0
GLD.US,5,20260130,211500,450.33,450.65,448.64,450.53,344325,0
GLD.US,5,20260130,212000,450.715,451.3,449.8,450.21,305467,0
GLD.US,5,20260130,212500,450.16,451.79,449.2,449.73,341984,0
GLD.US,5,20260130,213000,449.635,450,446.26,448.87,564149,0
GLD.US,5,20260130,213500,448.8595,449.2499,445.415,447.015,457458,0
GLD.US,5,20260130,214000,447.08,448.11,445.57,447.0786,544134,0
GLD.US,5,20260130,214500,447.1,448.67,446.07,447.465,684335,0
GLD.US,5,20260130,215000,447.48,447.81,444.65,444.89,740403,0
GLD.US,5,20260130,215500,444.88,446.16,442.61,444.95,2650939,0
GLD.US,5,20260202,153000,434.01,437.8399,432.95,437.59,964288,0
GLD.US,5,20260202,153500,437.575,440.63,436.63,439.454,1131426,0
GLD.US,5,20260202,154000,439.41,440.78,436.72,437,875833,0
GLD.US,5,20260202,154500,436.8772,437.99,434.57,435.08,710306,0
GLD.US,5,20260202,155000,435.03,436.46,433.72,433.81,656756,0
GLD.US,5,20260202,155500,433.8,434.86,431.92,433.99,468874,0
GLD.US,5,20260202,160000,433.82,435.38,431.16,434.8501,694170,0
GLD.US,5,20260202,160500,434.925,436.2735,432.99,435.125,607463,0
GLD.US,5,20260202,161000,435.12,435.16,431.44,433.15,631647,0
GLD.US,5,20260202,161500,433.02,434.59,431.82,432.91,476630,0
GLD.US,5,20260202,162000,432.87,433.09,430.65,431.767,466352,0
GLD.US,5,20260202,162500,431.68,433.4499,429.55,430.23,565602,0
GLD.US,5,20260202,163000,430.255,430.75,427.1901,430.55,754478,0
GLD.US,5,20260202,163500,430.54,432.39,429.68,432.36,586295,0
GLD.US,5,20260202,164000,432.26,432.45,429.03,429.77,464900,0
GLD.US,5,20260202,164500,429.73,429.91,427.27,428.36,621772,0
GLD.US,5,20260202,165000,428.39,428.58,425.51,426.63,692992,0
GLD.US,5,20260202,165500,426.63,426.96,424.34,424.6,607440,0
GLD.US,5,20260202,170000,424.56,427.23,422.55,426.96,1010450,0
GLD.US,5,20260202,170500,426.99,430.3,426.48,429.825,550613,0
GLD.US,5,20260202,171000,429.85,432.445,429.03,431.76,679788,0
GLD.US,5,20260202,171500,431.72,432.22,429.56,430.67,498555,0
GLD.US,5,20260202,172000,430.69,432.93,430.45,431.8299,514586,0
GLD.US,5,20260202,172500,431.78,431.83,428.61,429.48,446988,0
GLD.US,5,20260202,173000,429.44,430.3199,427,428.27,344775,0
GLD.US,5,20260202,173500,428.17,430.0958,428.05,430.05,382667,0
GLD.US,5,20260202,174000,430.1199,431.07,429.2601,429.2601,419390,0
GLD.US,5,20260202,174500,429.23,429.36,427.53,428.13,356540,0
GLD.US,5,20260202,175000,428.1854,429.12,427.3306,428.88,308882,0
GLD.US,5,20260202,175500,428.7801,429.87,428.15,428.7701,206460,0
GLD.US,5,20260202,180000,428.83,430.38,428.3,429.4294,279024,0
GLD.US,5,20260202,180500,429.39,433.2828,429.12,433.19,350586,0
GLD.US,5,20260202,181000,433.12,433.3908,431.75,432.763,208964,0
GLD.US,5,20260202,181500,432.77,433.2499,429.5,429.9505,305796,0
GLD.US,5,20260202,182000,429.88,430.485,428.955,429.55,332286,0
GLD.US,5,20260202,182500,429.5,429.92,428.37,429.05,185154,0
GLD.US,5,20260202,183000,428.99,430.94,428.49,429.63,395812,0
GLD.US,5,20260202,183500,429.66,430.11,428.55,429.14,272235,0
GLD.US,5,20260202,184000,429.02,430.02,428.56,429.71,149239,0
GLD.US,5,20260202,184500,429.6703,430.28,428.67,430.21,145408,0
GLD.US,5,20260202,185000,430.25,430.84,429.4,429.6675,232381,0
GLD.US,5,20260202,185500,429.69,431.05,429.5336,429.69,169732,0
GLD.US,5,20260202,190000,429.6201,429.6425,427.3,427.655,514872,0
GLD.US,5,20260202,190500,427.655,428.8444,427.3001,428.55,296723,0
GLD.US,5,20260202,191000,428.61,429.42,425.921,426.23,319897,0
GLD.US,5,20260202,191500,426.185,426.455,424.7,425.19,484616,0
GLD.US,5,20260202,192000,425.15,427.19,425.06,426.6057,233902,0
GLD.US,5,20260202,192500,426.5,426.85,425.17,425.9,278312,0
GLD.US,5,20260202,193000,425.88,428.21,425.87,428.1,298816,0
GLD.US,5,20260202,193500,428.14,429.65,427.93,428.49555,337061,0
GLD.US,5,20260202,194000,428.55,429.28,428.0001,428.11,330718,0
GLD.US,5,20260202,194500,428.065,429.315,427.19,429.05,239092,0
GLD.US,5,20260202,195000,429.02,429.34,427.38,427.515,153246,0
GLD.US,5,20260202,195500,427.4501,428.425,426.88,428.056,202402,0
GLD.US,5,20260202,200000,428.092,428.11,426.52,427,196176,0
GLD.US,5,20260202,200500,427.06,427.8974,426.19,426.85,185420,0
GLD.US,5,20260202,201000,426.81,428.5164,426.81,427.12,147760,0
GLD.US,5,20260202,201500,427.1289,427.52,425.93,425.9901,124491,0
GLD.US,5,20260202,202000,426.04,427.5,425.725,427.49,175068,0
GLD.US,5,20260202,202500,427.465,427.7799,426.42,426.75,166231,0
GLD.US,5,20260202,203000,426.75,428,426.1001,427.44,153458,0
GLD.US,5,20260202,203500,427.415,428.76,427.28,428.3718,129091,0
GLD.US,5,20260202,204000,428.33,431.9733,428.32,431.4861,370596,0
GLD.US,5,20260202,204500,431.5,432.9299,431.49,432.535,403626,0
GLD.US,5,20260202,205000,432.53,433.185,430.61,431.12,260784,0
GLD.US,5,20260202,205500,431.125,431.33,429.86,430.47,272136,0
GLD.US,5,20260202,210000,430.3901,431.49,429.64,429.685,174365,0
GLD.US,5,20260202,210500,429.67,431.6986,429.17,431.51,169228,0
GLD.US,5,20260202,211000,431.465,432.0499,430.665,431.2025,202041,0
GLD.US,5,20260202,211500,431.21,431.4,429.6001,429.78,202672,0
GLD.US,5,20260202,212000,429.81,430,427.5001,427.97,320436,0
GLD.US,5,20260202,212500,428.018,429.52,427.6,429.26,239720,0
GLD.US,5,20260202,213000,429.26,429.49,428,428.87,209778,0
GLD.US,5,20260202,213500,428.89,429.82,428.46,429.205,209513,0
GLD.US,5,20260202,214000,429.23,431.4,428.9801,430.19,312898,0
GLD.US,5,20260202,214500,430.21,430.22,428.51,428.95,248763,0
GLD.US,5,20260202,215000,428.98,429.73,428.4,428.56,423868,0
GLD.US,5,20260202,215500,428.6,430.39,427.075,427.13,1660506,0
GLD.US,5,20260203,153000,452.63,453,450.05,450.65,756758,0
GLD.US,5,20260203,153500,450.58,452.14,449.77,451.98,521996,0
GLD.US,5,20260203,154000,452.0101,452.8,451.5,452.04,414743,0
GLD.US,5,20260203,154500,452.005,452.549,451.18,452.4434,333102,0
GLD.US,5,20260203,155000,452.455,453.18,452.02,452.97,318212,0
GLD.US,5,20260203,155500,452.96,453.03,451.5,451.875,539388,0
GLD.US,5,20260203,160000,451.875,452.61,450.71,452.1,628884,0
GLD.US,5,20260203,160500,452.025,453.99,451.99,453.85,273273,0
GLD.US,5,20260203,161000,453.82,454.9,453.46,453.69,288048,0
GLD.US,5,20260203,161500,453.69,454.36,452.9,452.9,210084,0
GLD.US,5,20260203,162000,452.86,452.97,451.35,451.53,175876,0
GLD.US,5,20260203,162500,451.56,452.99,451.07,452.6901,269458,0
GLD.US,5,20260203,163000,452.78,453.05,451.65,451.72,183042,0
GLD.US,5,20260203,163500,451.76,452.2,451.07,451.93,111652,0
GLD.US,5,20260203,164000,451.93,452.73,451.86,452.605,87349,0
GLD.US,5,20260203,164500,452.65,452.81,452.06,452.8,103929,0
GLD.US,5,20260203,165000,452.84,453.5699,452.49,453.49,276896,0
GLD.US,5,20260203,165500,453.52,453.73,452.84,453.66,159439,0
GLD.US,5,20260203,170000,453.66,454.6197,453.1401,454.045,127979,0
GLD.US,5,20260203,170500,454.02,454.34,453.15,453.74,160426,0
GLD.US,5,20260203,171000,453.83,454.88,453.62,454.5,111923,0
GLD.US,5,20260203,171500,454.455,457,454.17,456.6,611078,0
GLD.US,5,20260203,172000,456.57,457.16,456.4612,456.78,184039,0
GLD.US,5,20260203,172500,456.75,457.82,456.7,457.125,308293,0
GLD.US,5,20260203,173000,457.08,457.5,456.3014,457.14,290484,0
GLD.US,5,20260203,173500,457.18,459,457.18,458.95,444111,0
GLD.US,5,20260203,174000,458.94,458.94,457.79,457.87,276284,0
GLD.US,5,20260203,174500,457.865,458.04,456.62,457.42,333916,0
GLD.US,5,20260203,175000,457.43,457.43,455.17,455.34,253778,0
GLD.US,5,20260203,175500,455.27,456.315,455.13,455.49,144262,0
GLD.US,5,20260203,180000,455.43,456.13,454.68,455.42,298908,0
GLD.US,5,20260203,180500,455.375,455.67,453.77,454.21,200184,0
GLD.US,5,20260203,181000,454.21,454.7691,452.51,454.3001,478942,0
GLD.US,5,20260203,181500,454.375,456.55,453.7664,456.4404,313079,0
GLD.US,5,20260203,182000,456.35,456.78,455.13,455.31,196374,0
GLD.US,5,20260203,182500,455.4,455.86,454.51,454.87,169123,0
GLD.US,5,20260203,183000,454.85,456.3075,454.85,455.3982,134238,0
GLD.US,5,20260203,183500,455.38,455.66,454.52,455.195,167614,0
GLD.US,5,20260203,184000,455.11,455.11,451.64,452.3964,417029,0
GLD.US,5,20260203,184500,452.33,453.5999,450.92,453.3001,277100,0
GLD.US,5,20260203,185000,453.3183,454.81,453.21,453.895,230386,0
GLD.US,5,20260203,185500,453.9605,454.23,452.89,453.03,203964,0
GLD.US,5,20260203,190000,452.99,453.99,452.7,453.55,147639,0
GLD.US,5,20260203,190500,453.53,454.9,453,454.09,290380,0
GLD.US,5,20260203,191000,454,455.2999,453.84,454.28,357609,0
GLD.US,5,20260203,191500,454.35,454.76,453.61,454.17873,81014,0
GLD.US,5,20260203,192000,454.07,454.5399,452.22,452.44,398232,0
GLD.US,5,20260203,192500,452.44,453.235,450.8501,451.19,460020,0
GLD.US,5,20260203,193000,451.19,452.035,448.31,449.94,619947,0
GLD.US,5,20260203,193500,449.93,450.98,449.69,450.74,339113,0
GLD.US,5,20260203,194000,450.72,451.5299,450.2,450.9999,198544,0
GLD.US,5,20260203,194500,450.89,451.7599,450.43,450.66,227423,0
GLD.US,5,20260203,195000,450.56,451.385,449.56,451.15,150329,0
GLD.US,5,20260203,195500,451.23,451.76,450.1901,451.04,173433,0
GLD.US,5,20260203,200000,451.04,451.16,448.91,449.285,263992,0
GLD.US,5,20260203,200500,449.36,449.77,448.53,448.67,240616,0
GLD.US,5,20260203,201000,448.63,452,448.63,451.825,295280,0
GLD.US,5,20260203,201500,451.8515,453.1,451.64,452.74,320149,0
GLD.US,5,20260203,202000,452.67,453.14,451.865,452.37,262557,0
GLD.US,5,20260203,202500,452.43,453.45,451.84,452.84,183067,0
GLD.US,5,20260203,203000,452.87,453.31,452.35,452.7,242463,0
GLD.US,5,20260203,203500,452.62,454.25,452.54,453.96,175340,0
GLD.US,5,20260203,204000,454.03,454.87,453.87,454.11,201444,0
GLD.US,5,20260203,204500,454.11,454.3,453.2,453.61,204272,0
GLD.US,5,20260203,205000,453.59,453.87,451.89,452.61,187204,0
GLD.US,5,20260203,205500,452.61,453.05,452.17,452.915,213158,0
GLD.US,5,20260203,210000,452.905,452.93,450.96,451.29,189525,0
GLD.US,5,20260203,210500,451.28,452.07,450.68,452.03,194830,0
GLD.US,5,20260203,211000,452.0699,452.2723,450.55,452.25,147141,0
GLD.US,5,20260203,211500,452.2811,453.43,451.4801,453.225,89209,0
GLD.US,5,20260203,212000,453.2,453.8038,452.56,453.76,128293,0
GLD.US,5,20260203,212500,453.72,454.29,453.075,453.9925,118362,0
GLD.US,5,20260203,213000,453.94,455.51,453.88,455.44,229886,0
GLD.US,5,20260203,213500,455.4,455.57,454.86,455.1625,159477,0
GLD.US,5,20260203,214000,455.15,455.62,454.77,455.05,128736,0
GLD.US,5,20260203,214500,455.11,455.5787,453.62,453.8,254308,0
GLD.US,5,20260203,215000,453.8,454.27,453.3,453.77,278177,0
GLD.US,5,20260203,215500,453.78,454.67,453.5506,454.35,442350,0
GLD.US,5,20260204,153000,462.47,463.1,459.86,460.79,508047,0
GLD.US,5,20260204,153500,460.79,461.66,456.75,457.605,645681,0
GLD.US,5,20260204,154000,457.5,459.36,456.51,459.2,515366,0
GLD.US,5,20260204,154500,459.21,459.66,456.91,459.635,432065,0
GLD.US,5,20260204,155000,459.45,461.26,458.92,460.64,328898,0
GLD.US,5,20260204,155500,460.6,460.7395,457.44,458.36,253709,0
GLD.US,5,20260204,160000,458.19,459.46,457.09,458.695,291826,0
GLD.US,5,20260204,160500,458.69,460.35,458.65,459.2391,262147,0
GLD.US,5,20260204,161000,459.36,459.69,457.95,458.51,259949,0
GLD.US,5,20260204,161500,458.54,459,456.68,457.6399,274313,0
GLD.US,5,20260204,162000,457.51,458.2,454.69,456.31,324851,0
GLD.US,5,20260204,162500,456.355,457.3402,454.95,455.71,299698,0
GLD.US,5,20260204,163000,455.6595,456.09,451.76,452.2,611261,0
GLD.US,5,20260204,163500,452.245,452.87,449.19,451.4695,619815,0
GLD.US,5,20260204,164000,451.4201,454.69,450.8106,454.3,339891,0
GLD.US,5,20260204,164500,454.41,454.96,453.11,453.8,234831,0
GLD.US,5,20260204,165000,453.74,454.54,453,453.8,216278,0
GLD.US,5,20260204,165500,453.87,455,451.22,452.21,195672,0
GLD.US,5,20260204,170000,452.16,452.38,449.88,451.23,425285,0
GLD.US,5,20260204,170500,451.16,452.69,450.84,452.36,247572,0
GLD.US,5,20260204,171000,452.37,454.06,451.78,453.31,208571,0
GLD.US,5,20260204,171500,453.38,453.76,451.381,451.6,198670,0
GLD.US,5,20260204,172000,451.57,451.64,449.39,450.28,228539,0
GLD.US,5,20260204,172500,450.37,452.74,449.8,452.545,176316,0
GLD.US,5,20260204,173000,452.54,453.5,451.64,452.54,155248,0
GLD.US,5,20260204,173500,452.52,452.89,451.13,451.28,265711,0
GLD.US,5,20260204,174000,451.255,451.28,449.93,450.0301,424763,0
GLD.US,5,20260204,174500,450.09,450.62,445.71,447.57,932140,0
GLD.US,5,20260204,175000,447.6689,451,447.53,450.495,332428,0
GLD.US,5,20260204,175500,450.48,451.3,450.08,450.64,174204,0
GLD.US,5,20260204,180000,450.65,451.7196,449.62,451.6826,261782,0
GLD.US,5,20260204,180500,451.59,451.8,449.8678,450.755,120049,0
GLD.US,5,20260204,181000,450.67,452.4,450.13,452.27,321650,0
GLD.US,5,20260204,181500,452.31,452.72,451,451.0651,219256,0
GLD.US,5,20260204,182000,451.075,451.9,450.12,450.855,141425,0
GLD.US,5,20260204,182500,450.87,452.45,449.3,452.04,431442,0
GLD.US,5,20260204,183000,451.99,453.1799,451.72,452.28,485111,0
GLD.US,5,20260204,183500,452.26,452.3767,450.73,451.43,239039,0
GLD.US,5,20260204,184000,451.405,452.25,450.5,451.1486,220045,0
GLD.US,5,20260204,184500,451.21,451.3491,450,450.395,219376,0
GLD.US,5,20260204,185000,450.3,451.07,450,450.23,175082,0
GLD.US,5,20260204,185500,450.27,451.29,449.98,450.14,115199,0
GLD.US,5,20260204,190000,450.14,450.44,447.85,450.14,423182,0
GLD.US,5,20260204,190500,450.09,452.3,450.09,451.32,332867,0
GLD.US,5,20260204,191000,451.21,451.5945,450.9011,451.2618,49964,0
GLD.US,5,20260204,191500,451.36,452.17,450.52,450.565,68275,0
GLD.US,5,20260204,192000,450.59,451.5,450.1,450.93,256782,0
GLD.US,5,20260204,192500,450.98,453.58,450.95,452.795,183845,0
GLD.US,5,20260204,193000,452.78,453.04,452.18,452.65,102883,0
GLD.US,5,20260204,193500,452.7,452.85,450.6312,450.765,77211,0
GLD.US,5,20260204,194000,450.8246,452.52,450.8246,452.2465,76366,0
GLD.US,5,20260204,194500,452.15,452.3,451.32,451.94,124472,0
GLD.US,5,20260204,195000,451.93,452.15,451.37,451.94,55127,0
GLD.US,5,20260204,195500,451.99,453.31,451.92,452.84,55134,0
GLD.US,5,20260204,200000,452.89,453.44,451.89,451.99,145928,0
GLD.US,5,20260204,200500,452.05,454.1799,451.72,453.93,130688,0
GLD.US,5,20260204,201000,453.93,454.78,453.855,454.78,139675,0
GLD.US,5,20260204,201500,454.68,455,453.83,453.93,92611,0
GLD.US,5,20260204,202000,453.87,454,452.28,453.25,144783,0
GLD.US,5,20260204,202500,453.31,454.09,453.31,453.47,66548,0
GLD.US,5,20260204,203000,453.48,453.905,452.92,453.21,85694,0
GLD.US,5,20260204,203500,453.32,454.33,453.19,453.94,87172,0
GLD.US,5,20260204,204000,453.9,454.51,453.71,454.31,60281,0
GLD.US,5,20260204,204500,454.3099,455.05,453.2,453.935,193750,0
GLD.US,5,20260204,205000,453.935,455.69,453.9001,453.97,168175,0
GLD.US,5,20260204,205500,453.83,454.4,453.37,454.18,81421,0
GLD.US,5,20260204,210000,454.23,454.67,453.74,454.2339,111805,0
GLD.US,5,20260204,210500,454.21,454.32,453.4695,454.1,50850,0
GLD.US,5,20260204,211000,454.14,454.24,452.35,453.45,134691,0
GLD.US,5,20260204,211500,453.46,453.7691,452.6,452.8151,61261,0
GLD.US,5,20260204,212000,452.75,453.4093,452.2,452.84,68932,0
GLD.US,5,20260204,212500,452.8142,453.19,452.25,452.4,119553,0
GLD.US,5,20260204,213000,452.46,452.9299,451.69,452.87,126073,0
GLD.US,5,20260204,213500,452.94,454.82,452.79,454.82,121621,0
GLD.US,5,20260204,214000,454.775,455.03,454.2,454.2,80195,0
GLD.US,5,20260204,214500,454.29,454.71,453.75,453.98,209211,0
GLD.US,5,20260204,215000,454.09,454.91,453.97,454.325,189463,0
GLD.US,5,20260204,215500,454.29,455.05,453.5,453.95,344134,0
GLD.US,5,20260205,153000,444.29,444.3,441.5,443.03,331200,0
GLD.US,5,20260205,153500,443.05,446.08,442.1295,445.86,405418,0
GLD.US,5,20260205,154000,446,447.005,445.6,446.566,353144,0
GLD.US,5,20260205,154500,446.55,447.08,444.742,445.71,323470,0
GLD.US,5,20260205,155000,445.6,447.4899,445.6,446.06,293931,0
GLD.US,5,20260205,155500,446.2,446.46,444.6,445.3,206274,0
GLD.US,5,20260205,160000,445.29,447.11,443.22,443.776,419532,0
GLD.US,5,20260205,160500,443.84,446.31,443.05,445.71,221110,0
GLD.US,5,20260205,161000,445.86,446.22,443.39,443.625,220138,0
GLD.US,5,20260205,161500,443.6,445.22,443.14,444.95,178880,0
GLD.US,5,20260205,162000,445.1,445.1,443.25,443.6801,165540,0
GLD.US,5,20260205,162500,443.96,444.86,442.21,442.855,173564,0
GLD.US,5,20260205,163000,442.81,443.35,442,442.31,297294,0
GLD.US,5,20260205,163500,442.28,444.6,442.28,444.2605,199890,0
GLD.US,5,20260205,164000,444.29,444.33,441.85,442.011,168808,0
GLD.US,5,20260205,164500,442.13,442.63,441,442.4499,197552,0
GLD.US,5,20260205,165000,442.48,443.33,441.9227,442.0648,163703,0
GLD.US,5,20260205,165500,442.11,443,441.69,442.735,200616,0
GLD.US,5,20260205,170000,442.52,443.7625,442.16,442.81,152913,0
GLD.US,5,20260205,170500,442.64,444.45,442.46,443.65,116837,0
GLD.US,5,20260205,171000,443.47,444.91,442.88,442.88,145555,0
GLD.US,5,20260205,171500,442.89,444.61,442.76,444.605,197629,0
GLD.US,5,20260205,172000,444.61,445.94,444.45,445.74,150245,0
GLD.US,5,20260205,172500,445.66,446.41,445.19,445.66,112289,0
GLD.US,5,20260205,173000,445.61,446.3499,445.33,445.95,128938,0
GLD.US,5,20260205,173500,446.02,447.05,445.11,446.525,97419,0
GLD.US,5,20260205,174000,446.545,448.49,446.16,448.25,404678,0
GLD.US,5,20260205,174500,448.33,449,446.93,448.752,174960,0
GLD.US,5,20260205,175000,448.86,450.9,448.86,450.62,287993,0
GLD.US,5,20260205,175500,450.6,450.6,448.78,449.18,96710,0
GLD.US,5,20260205,180000,449.3,449.43,447.42,447.62,113518,0
GLD.US,5,20260205,180500,447.6,448.67,447.52,448.67,184412,0
GLD.US,5,20260205,181000,448.67,448.7557,447.16,447.93,127200,0
GLD.US,5,20260205,181500,448,448.38,447.45,447.705,103946,0
GLD.US,5,20260205,182000,447.65,448.33,446.5103,447.815,186185,0
GLD.US,5,20260205,182500,447.92,447.95,447,447.26,113003,0
GLD.US,5,20260205,183000,447.14,447.53,446.48,447.01,63968,0
GLD.US,5,20260205,183500,447.03,447.723,446.77,446.86,49933,0
GLD.US,5,20260205,184000,446.9,448.245,446.61,447.505,59725,0
GLD.US,5,20260205,184500,447.57,448.84,447.42,447.925,67217,0
GLD.US,5,20260205,185000,447.87,448.7491,447.71,448.42,56290,0
GLD.US,5,20260205,185500,448.42,448.44,446.95,447.43,105400,0
GLD.US,5,20260205,190000,447.5,448.0241,446.83,447.81,38022,0
GLD.US,5,20260205,190500,447.81,447.94,446.76,447.1867,58717,0
GLD.US,5,20260205,191000,447.16,447.16,446.02,446.71,72289,0
GLD.US,5,20260205,191500,446.73,447.42,445.7279,446.3151,103347,0
GLD.US,5,20260205,192000,446.31,447.76,445.7,447.03,165246,0
GLD.US,5,20260205,192500,447.05,447.92,446.85,447.45,103466,0
GLD.US,5,20260205,193000,447.36,447.62,446.35,447.485,44841,0
GLD.US,5,20260205,193500,447.49,447.49,446.37,446.51,38043,0
GLD.US,5,20260205,194000,446.45,447.78,445.95,447.53,54152,0
GLD.US,5,20260205,194500,447.56,447.745,446.62,446.6723,61459,0
GLD.US,5,20260205,195000,446.61,447.45,446.285,446.405,44499,0
GLD.US,5,20260205,195500,446.34,446.45,445.74,446.41,91584,0
GLD.US,5,20260205,200000,446.37,446.74,445.79,446,216592,0
GLD.US,5,20260205,200500,446.015,447.0599,444.58,446.5328,211385,0
GLD.US,5,20260205,201000,446.45,446.685,445.6,445.72,83243,0
GLD.US,5,20260205,201500,445.69,446,445.28,445.9594,104065,0
GLD.US,5,20260205,202000,445.97,446.0611,445.4,445.7931,47080,0
GLD.US,5,20260205,202500,445.85,446.52,445.58,445.79,53192,0
GLD.US,5,20260205,203000,445.8,445.95,443.7,444.28,185675,0
GLD.US,5,20260205,203500,444.27,444.85,443.85,444.03,52493,0
GLD.US,5,20260205,204000,443.98,444.91,443.55,444.5,104204,0
GLD.US,5,20260205,204500,444.39,445.09,444.39,444.84,66648,0
GLD.US,5,20260205,205000,444.875,444.875,443.11,443.68,92111,0
GLD.US,5,20260205,205500,443.6794,444.1999,443.501,443.65,102827,0
GLD.US,5,20260205,210000,443.76,443.96,442.2,442.885,145406,0
GLD.US,5,20260205,210500,442.85,444.432,442.4701,444.18,75637,0
GLD.US,5,20260205,211000,444.32,445,443.52,444.12,135080,0
GLD.US,5,20260205,211500,444.05,444.29,442.99,443.14,64509,0
GLD.US,5,20260205,212000,443.06,443.27,441.99,443.02,131570,0
GLD.US,5,20260205,212500,443.11,443.64,442.57,443.33,83425,0
GLD.US,5,20260205,213000,443.37,443.98,442.49,442.985,86101,0
GLD.US,5,20260205,213500,442.99,443.0699,441.67,441.94,164362,0
GLD.US,5,20260205,214000,441.93,442.5093,441.62,442.155,141979,0
GLD.US,5,20260205,214500,442.15,442.55,441.25,441.3,205909,0
GLD.US,5,20260205,215000,441.35,441.68,440.96,441.075,284846,0
GLD.US,5,20260205,215500,441.02,442.36,440.35,442.01,523320,0
GLD.US,5,20260206,153000,450.73,453.19,450.03,453.055,230447,0
GLD.US,5,20260206,153500,453.07,454.75,452.63,453.76,305763,0
GLD.US,5,20260206,154000,453.76,453.89,452.4815,453.33,218862,0
GLD.US,5,20260206,154500,453.39,453.97,452.81,453.92,146335,0
GLD.US,5,20260206,155000,453.915,454.4983,453.73,453.905,138577,0
GLD.US,5,20260206,155500,453.94,454.95,453.59,454.79,171278,0
GLD.US,5,20260206,160000,454.79,455.78,453.9,454.28,329085,0
GLD.US,5,20260206,160500,454.29,456.2199,454.26,455.67,241952,0
GLD.US,5,20260206,161000,455.62,455.95,454.65,454.71,134033,0
GLD.US,5,20260206,161500,454.725,455.165,454.16,454.62,127516,0
GLD.US,5,20260206,162000,454.62,455.47,453.62,454.465,113846,0
GLD.US,5,20260206,162500,454.41,455.94,454.41,455.45,83308,0
GLD.US,5,20260206,163000,455.5,455.91,454.8322,455.4561,110517,0
GLD.US,5,20260206,163500,455.4665,455.56,454.02,454.53,82717,0
GLD.US,5,20260206,164000,454.59,455.259,453.88,454.24,197605,0
GLD.US,5,20260206,164500,454.16,454.71,452.92,454.27,77860,0
GLD.US,5,20260206,165000,454.25,454.95,453.8,453.845,59168,0
GLD.US,5,20260206,165500,453.76,454.44,453.5401,454.265,85700,0
GLD.US,5,20260206,170000,454.3,454.9399,453.68,454.89,67310,0
GLD.US,5,20260206,170500,454.88,454.93,454.22,454.25,119068,0
GLD.US,5,20260206,171000,454.2222,454.93,453.88,454.13,56182,0
GLD.US,5,20260206,171500,454.11,454.49,453.14,454.202,73865,0
GLD.US,5,20260206,172000,454.12,454.29,452.96,453.48,59602,0
GLD.US,5,20260206,172500,453.5,454,452.23,453.82,88133,0
GLD.US,5,20260206,173000,453.88,454.08,453.22,453.34,87008,0
GLD.US,5,20260206,173500,453.44,454.15,452.97,454.13,69889,0
GLD.US,5,20260206,174000,454.15,454.75,453.39,453.94,88951,0
GLD.US,5,20260206,174500,453.93,454.73,453.68,454.66,53665,0
GLD.US,5,20260206,175000,454.59,454.75,454.21,454.375,54029,0
GLD.US,5,20260206,175500,454.32,455.23,454.18,455.085,86460,0
GLD.US,5,20260206,180000,455.1,455.69,454.83,455.68,70616,0
GLD.US,5,20260206,180500,455.7,455.88,455.07,455.88,94364,0
GLD.US,5,20260206,181000,455.88,455.96,455.54,455.6829,144364,0
GLD.US,5,20260206,181500,455.69,455.76,455.2,455.68,42530,0
GLD.US,5,20260206,182000,455.76,455.87,455.41,455.65,50819,0
GLD.US,5,20260206,182500,455.705,455.82,455.26,455.395,30563,0
GLD.US,5,20260206,183000,455.46,456.69,455.46,455.945,81091,0
GLD.US,5,20260206,183500,455.88,455.88,454.8,454.995,54058,0
GLD.US,5,20260206,184000,455.0445,455.48,454.925,455.33,40266,0
GLD.US,5,20260206,184500,455.38,455.83,455.32,455.77,25305,0
GLD.US,5,20260206,185000,455.77,456,455.46,455.605,29855,0
GLD.US,5,20260206,185500,455.68,456.28,455.19,455.93,48136,0
GLD.US,5,20260206,190000,455.87,456.27,455.76,456.24,34388,0
GLD.US,5,20260206,190500,456.21,456.6599,456.08,456.3,37622,0
GLD.US,5,20260206,191000,456.28,456.93,456.18,456.35,36697,0
GLD.US,5,20260206,191500,456.43,456.445,456.04,456.195,18763,0
GLD.US,5,20260206,192000,456.17,456.24,454.3206,454.8399,59129,0
GLD.US,5,20260206,192500,454.82,455.68,454.66,455.5,62616,0
GLD.US,5,20260206,193000,455.44,455.92,455.0604,455.85,53917,0
GLD.US,5,20260206,193500,455.8531,456.42,455.7313,456.35,39301,0
GLD.US,5,20260206,194000,456.28,456.3212,456.02,456.23,44832,0
GLD.US,5,20260206,194500,456.27,456.5,456.04,456.405,77783,0
GLD.US,5,20260206,195000,456.5,456.6,456.13,456.42,37453,0
GLD.US,5,20260206,195500,456.34,456.46,455.89,456.07,37548,0
GLD.US,5,20260206,200000,456.04,456.14,455.81,455.91,25514,0
GLD.US,5,20260206,200500,455.95,455.98,455.54,455.62,57717,0
GLD.US,5,20260206,201000,455.63,455.82,455.27,455.745,43800,0
GLD.US,5,20260206,201500,455.71,456.04,455.65,455.7,36273,0
GLD.US,5,20260206,202000,455.71,455.96,455.68,455.8,32222,0
GLD.US,5,20260206,202500,455.77,456,455.6211,455.645,36959,0
GLD.US,5,20260206,203000,455.62,455.79,455.3201,455.51,31440,0
GLD.US,5,20260206,203500,455.495,455.495,454.865,455.14,49045,0
GLD.US,5,20260206,204000,455.14,455.2299,454.83,455.08,30340,0
GLD.US,5,20260206,204500,455.15,456.06,455.09,456.05871,48616,0
GLD.US,5,20260206,205000,456.03,456.15,455.78,456.0188,49879,0
GLD.US,5,20260206,205500,456.06,456.06,455.56,455.64,58658,0
GLD.US,5,20260206,210000,455.6,455.77,455.09,455.42,34157,0
GLD.US,5,20260206,210500,455.43,455.81,455.37,455.46,39355,0
GLD.US,5,20260206,211000,455.47,455.53,454.96,455.22,206669,0
GLD.US,5,20260206,211500,455.215,455.22,454.58,455.16,88102,0
GLD.US,5,20260206,212000,455.16,455.54,454.92,455.13,127332,0
GLD.US,5,20260206,212500,455.17,455.46,455.11,455.38,79971,0
GLD.US,5,20260206,213000,455.38,455.38,454,454.2,141477,0
GLD.US,5,20260206,213500,454.2,454.33,453.66,454.33,130516,0
GLD.US,5,20260206,214000,454.36,455.02,454.26,454.335,267337,0
GLD.US,5,20260206,214500,454.37,454.7712,454.03,454.35,471574,0
GLD.US,5,20260206,215000,454.34,455.27,454.2901,455.08,228822,0
GLD.US,5,20260206,215500,455.05,455.46,454.73,455.46,847154,0
GLD.US,5,20260209,153000,461.39,462.89,460.865,462.79,359869,0
GLD.US,5,20260209,153500,462.79,462.9,461.9401,462.41,178993,0
GLD.US,5,20260209,154000,462.42,462.99,461.93,462.87,423474,0
GLD.US,5,20260209,154500,462.875,463.26,462.45,462.56,316982,0
GLD.US,5,20260209,155000,462.56,463.3,462.351,463.255,114069,0
GLD.US,5,20260209,155500,463.2652,463.34,462.98,463.1,132987,0
GLD.US,5,20260209,160000,463.03,463.46,462.7311,463.1185,181955,0
GLD.US,5,20260209,160500,463.09,463.3,462.34,462.87,143985,0
GLD.US,5,20260209,161000,462.85,463.0697,462.21,462.38,149768,0
GLD.US,5,20260209,161500,462.39,462.445,461.76,462.105,186173,0
GLD.US,5,20260209,162000,462.14,462.88,462.0827,462.58,146978,0
GLD.US,5,20260209,162500,462.62,462.7111,462.35,462.6899,69601,0
GLD.US,5,20260209,163000,462.69,464.75,462.67,464.53,246484,0
GLD.US,5,20260209,163500,464.59,464.6,464.03,464.37,191966,0
GLD.US,5,20260209,164000,464.42,464.77,463.9488,464.73,118695,0
GLD.US,5,20260209,164500,464.76,465.13,464.3785,465.11,186639,0
GLD.US,5,20260209,165000,465.09,465.15,464.65,464.8501,89785,0
GLD.US,5,20260209,165500,464.89,465.05,464.6295,464.93,109469,0
GLD.US,5,20260209,170000,464.96,466,464.79,465.725,169228,0
GLD.US,5,20260209,170500,465.78,465.82,465.4112,465.6488,116879,0
GLD.US,5,20260209,171000,465.68,465.68,465.31,465.44,88897,0
GLD.US,5,20260209,171500,465.45,466.1,465.42,465.71,161185,0
GLD.US,5,20260209,172000,465.715,466.5,465.68,466.43,100482,0
GLD.US,5,20260209,172500,466.43,466.96,466.05,466.24,157419,0
GLD.US,5,20260209,173000,466.335,466.83,465.65,465.7,103229,0
GLD.US,5,20260209,173500,465.698,466.56,465.698,466.535,52033,0
GLD.US,5,20260209,174000,466.54,466.88,466.15,466.7,103504,0
GLD.US,5,20260209,174500,466.75,467.07,466.48,466.65,100418,0
GLD.US,5,20260209,175000,466.65,466.7,466.28,466.44,82914,0
GLD.US,5,20260209,175500,466.4,466.73,466.14,466.355,79642,0
GLD.US,5,20260209,180000,466.47,466.5,465.56,465.72,112336,0
GLD.US,5,20260209,180500,465.79,466.21,465.15,465.32,65538,0
GLD.US,5,20260209,181000,465.35,465.69,465.34,465.424,42879,0
GLD.US,5,20260209,181500,465.415,466.13,465.415,465.94,47992,0
GLD.US,5,20260209,182000,465.9207,466.24,465.88,466.06,35765,0
GLD.US,5,20260209,182500,466.08,466.09,465.7,465.85,35781,0
GLD.US,5,20260209,183000,465.9,466.08,465.75,465.97,32698,0
GLD.US,5,20260209,183500,465.955,466.1,465.66,465.77,58951,0
GLD.US,5,20260209,184000,465.76,465.85,465.23,465.3,70556,0
GLD.US,5,20260209,184500,465.38,465.48,464.87,465.32,86452,0
GLD.US,5,20260209,185000,465.3,465.3,463.82,464.62,88271,0
GLD.US,5,20260209,185500,464.57,464.695,463.31,463.7225,83988,0
GLD.US,5,20260209,190000,463.805,464.6398,463.805,464.47,44160,0
GLD.US,5,20260209,190500,464.48,464.89,464.28,464.7363,40662,0
GLD.US,5,20260209,191000,464.71,465.0081,464.61,465.0081,35967,0
GLD.US,5,20260209,191500,464.89,465.08,464.24,464.355,33354,0
GLD.US,5,20260209,192000,464.36,464.72,463.6,464.245,83783,0
GLD.US,5,20260209,192500,464.09,464.75,464.09,464.56,41008,0
GLD.US,5,20260209,193000,464.59,464.69,464.04,464.6,38965,0
GLD.US,5,20260209,193500,464.66,464.94,464.6501,464.825,46042,0
GLD.US,5,20260209,194000,464.86,464.98,464.57,464.75,52188,0
GLD.US,5,20260209,194500,464.77,464.9095,464.35,464.6954,34498,0
GLD.US,5,20260209,195000,464.64,464.9,464.54,464.6993,17877,0
GLD.US,5,20260209,195500,464.65,465.48,464.65,465.31,70318,0
GLD.US,5,20260209,200000,465.33,465.64,465.3001,465.61,42518,0
GLD.US,5,20260209,200500,465.581,465.78,465.48,465.7318,56772,0
GLD.US,5,20260209,201000,465.78,465.97,465.5702,465.65,67037,0
GLD.US,5,20260209,201500,465.67,466.08,465.52,465.81,44349,0
GLD.US,5,20260209,202000,465.81,466,465.61,465.93,29839,0
GLD.US,5,20260209,202500,465.95,466.44,465.95,466.4,67664,0
GLD.US,5,20260209,203000,466.45,466.91,466.375,466.82,74926,0
GLD.US,5,20260209,203500,466.8,466.95,466.5201,466.64,82421,0
GLD.US,5,20260209,204000,466.63,466.65,466.31,466.61,49764,0
GLD.US,5,20260209,204500,466.61,466.69,466.36,466.45,44897,0
GLD.US,5,20260209,205000,466.46,466.63,466.3,466.5875,115196,0
GLD.US,5,20260209,205500,466.53,466.77,466.41,466.45,49143,0
GLD.US,5,20260209,210000,466.47,466.79,466.365,466.6601,49975,0
GLD.US,5,20260209,210500,466.7,466.81,466.32,466.6075,96150,0
GLD.US,5,20260209,211000,466.605,467.01,466.58,466.89,103197,0
GLD.US,5,20260209,211500,466.88,466.96,466.55,466.91,129095,0
GLD.US,5,20260209,212000,466.9169,467.11,466.7,466.98,200441,0
GLD.US,5,20260209,212500,467.005,467.1,466.92,466.9995,91737,0
GLD.US,5,20260209,213000,466.9852,467.56,466.6106,466.685,307923,0
GLD.US,5,20260209,213500,466.69,466.8299,466.23,466.72,129662,0
GLD.US,5,20260209,214000,466.75,467.02,466.6951,466.73,147443,0
GLD.US,5,20260209,214500,466.76,466.76,466.31,466.6,120224,0
GLD.US,5,20260209,215000,466.56,467.16,466.55,467.0902,227201,0
GLD.US,5,20260209,215500,467.05,467.24,466.59,467.03,754211,0
GLD.US,5,20260210,153000,465.96,466.75,465.78,466.42,162702,0
GLD.US,5,20260210,153500,466.46,466.515,464.85,465.23,238082,0
GLD.US,5,20260210,154000,465.23,465.41,464.41,464.695,174451,0
GLD.US,5,20260210,154500,464.65,464.76,461.37,462.27,372958,0
GLD.US,5,20260210,155000,462.315,463.3,462.17,463.225,130418,0
GLD.US,5,20260210,155500,463.3,463.75,463,463.15,133565,0
GLD.US,5,20260210,160000,463.1,463.11,462.165,462.64,184891,0
GLD.US,5,20260210,160500,462.66,463.45,462.56,463.3,94404,0
GLD.US,5,20260210,161000,463.35,463.54,462.88,463.405,82454,0
GLD.US,5,20260210,161500,463.385,463.44,462.7801,463.32,91112,0
GLD.US,5,20260210,162000,463.3508,463.92,463.17,463.78,65379,0
GLD.US,5,20260210,162500,463.73,463.85,462.53,462.53,85359,0
GLD.US,5,20260210,163000,462.5075,462.97,462.0101,462.58,87702,0
GLD.US,5,20260210,163500,462.588,462.6,459.52,460.26,350802,0
GLD.US,5,20260210,164000,460.28,461.38,460.23,460.83,154663,0
GLD.US,5,20260210,164500,460.79,462.1,460.65,461.92,100634,0
GLD.US,5,20260210,165000,461.95,462.0999,461.19,462.05,48346,0
GLD.US,5,20260210,165500,462.02,462.28,461.09,461.35,85184,0
GLD.US,5,20260210,170000,461.345,461.5,460.68,460.75,67067,0
GLD.US,5,20260210,170500,460.75,461.12,460.16,460.81,103570,0
GLD.US,5,20260210,171000,460.83,461.62,460.83,461.4699,100677,0
GLD.US,5,20260210,171500,461.425,461.7699,461,461.1301,100945,0
GLD.US,5,20260210,172000,461.165,461.22,460.3201,460.62,91308,0
GLD.US,5,20260210,172500,460.63,461.16,460.11,460.48,93039,0
GLD.US,5,20260210,173000,460.46,461.4299,460.28,461.28,49766,0
GLD.US,5,20260210,173500,461.3,461.7297,461.17,461.3188,24727,0
GLD.US,5,20260210,174000,461.25,461.5,460.87,461.5,32208,0
GLD.US,5,20260210,174500,461.65,462,461.14,461.1749,37418,0
GLD.US,5,20260210,175000,461.155,461.67,461,461.38,76976,0
GLD.US,5,20260210,175500,461.37,461.8384,461.3,461.69,42500,0
GLD.US,5,20260210,180000,461.71,462.09,461.66,461.9499,22709,0
GLD.US,5,20260210,180500,461.9,462.0395,461.46,461.68,22744,0
GLD.US,5,20260210,181000,461.7,462,461.46,461.7805,29587,0
GLD.US,5,20260210,181500,461.87,462.71,461.78,462.61,53079,0
GLD.US,5,20260210,182000,462.61,462.7699,462.3,462.685,21107,0
GLD.US,5,20260210,182500,462.76,463.1886,462.58,462.98,75541,0
GLD.US,5,20260210,183000,462.9309,463.039,462.65,462.98,49528,0
GLD.US,5,20260210,183500,462.91,462.98,462.52,462.67,19619,0
GLD.US,5,20260210,184000,462.6654,463.19,462.45,463.03,38939,0
GLD.US,5,20260210,184500,463,463.23,462.26,462.305,34985,0
GLD.US,5,20260210,185000,462.36,462.43,461.95,462.015,27330,0
GLD.US,5,20260210,185500,462.02,462.227,461.85,461.945,29232,0
GLD.US,5,20260210,190000,461.945,462.0967,461.5,461.6,40688,0
GLD.US,5,20260210,190500,461.595,461.595,460.94,461.48,54717,0
GLD.US,5,20260210,191000,461.46,461.5,460.82,461.05,36665,0
GLD.US,5,20260210,191500,461,461.245,460.57,460.61,34970,0
GLD.US,5,20260210,192000,460.62,460.79,459.91,460.03,52953,0
GLD.US,5,20260210,192500,460.03,460.48,459.9,460.21,65582,0
GLD.US,5,20260210,193000,460.28,460.87515,459.92,460.42,47523,0
GLD.US,5,20260210,193500,460.43,460.92,460.43,460.8,48251,0
GLD.US,5,20260210,194000,460.76,461.06,460.46,460.94,46979,0
GLD.US,5,20260210,194500,460.93,461.1095,460.52,460.645,27696,0
GLD.US,5,20260210,195000,460.64,460.84,460.19,460.19,16913,0
GLD.US,5,20260210,195500,460.19,460.94,460.15,460.755,20703,0
GLD.US,5,20260210,200000,460.71,460.825,460.32,460.4575,24966,0
GLD.US,5,20260210,200500,460.48,460.8,460.48,460.605,14529,0
GLD.US,5,20260210,201000,460.6075,460.8,460.49,460.735,26804,0
GLD.US,5,20260210,201500,460.76,461.37,460.71,461.28,56308,0
GLD.US,5,20260210,202000,461.27,461.41,461.24,461.295,25537,0
GLD.US,5,20260210,202500,461.32,461.6,461.25,461.53,42640,0
GLD.US,5,20260210,203000,461.56,462.38,461.55,462.02,66557,0
GLD.US,5,20260210,203500,462.04,462.3,461.82,462.04,29629,0
GLD.US,5,20260210,204000,462.025,462.11,461.75,461.82,30197,0
GLD.US,5,20260210,204500,461.8523,462.13,461.84,462,35251,0
GLD.US,5,20260210,205000,462.09,462.38,461.95,462.19,40018,0
GLD.US,5,20260210,205500,462.15,462.33,462.05,462.19,28516,0
GLD.US,5,20260210,210000,462.13,462.315,461.6,461.7199,66178,0
GLD.US,5,20260210,210500,461.7,461.9,461.44,461.898,24525,0
GLD.US,5,20260210,211000,461.83,462.03,461.72,462.01,32875,0
GLD.US,5,20260210,211500,462.02,462.66,461.7488,462.62,34285,0
GLD.US,5,20260210,212000,462.6,462.68,462.1593,462.1593,39053,0
GLD.US,5,20260210,212500,462.11,462.27,461.71,462.2,37139,0
GLD.US,5,20260210,213000,462.13,462.47,462.08,462.4,62940,0
GLD.US,5,20260210,213500,462.38,462.46,462.14,462.2101,58326,0
GLD.US,5,20260210,214000,462.3,462.93,462.29,462.915,86707,0
GLD.US,5,20260210,214500,462.89,463.76,462.71,462.8345,169823,0
GLD.US,5,20260210,215000,462.82,463.14,462.55,462.7,142488,0
GLD.US,5,20260210,215500,462.71,462.96,462.18,462.4,466895,0
GLD.US,5,20260211,153000,466,466.61,465.1,465.9394,281828,0
GLD.US,5,20260211,153500,465.92,466,463.58,463.74,217651,0
GLD.US,5,20260211,154000,463.7875,464.09,462.82,463.49,179183,0
GLD.US,5,20260211,154500,463.4942,464.28,463.3,463.96,145513,0
GLD.US,5,20260211,155000,463.99,465.01,463.73,465,120449,0
GLD.US,5,20260211,155500,465.0299,465.57,464.78,465.06,102098,0
GLD.US,5,20260211,160000,465.04,465.72,464.49,465.5,135499,0
GLD.US,5,20260211,160500,465.51,467.1,465.47,466.91,184144,0
GLD.US,5,20260211,161000,466.89,467.08,465.57,465.74,214800,0
GLD.US,5,20260211,161500,465.69,466.42,465.215,465.5953,221827,0
GLD.US,5,20260211,162000,465.59,466.11,463.85,464.11,161224,0
GLD.US,5,20260211,162500,464.03,464.75,463.56,464,142850,0
GLD.US,5,20260211,163000,463.97,464.54,463.5601,464.44,142594,0
GLD.US,5,20260211,163500,464.475,464.82,463.14,463.835,134310,0
GLD.US,5,20260211,164000,463.88,464.3499,463.55,464,47743,0
GLD.US,5,20260211,164500,464.04,464.68,463.705,463.965,92054,0
GLD.US,5,20260211,165000,463.97,465.18,463.78,465.0701,195088,0
GLD.US,5,20260211,165500,465.07,465.29,464.94,465.09,103442,0
GLD.US,5,20260211,170000,465.06,465.455,464.55,464.8,72248,0
GLD.US,5,20260211,170500,464.84,465.03,464.36,464.49,105863,0
GLD.US,5,20260211,171000,464.46,465.51,464.46,464.7,64827,0
GLD.US,5,20260211,171500,464.76,464.96,463.53,464.7,82807,0
GLD.US,5,20260211,172000,464.7299,465.11,464.25,464.9598,68232,0
GLD.US,5,20260211,172500,464.91,465.3299,464.73,465.19,50822,0
GLD.US,5,20260211,173000,465.17,466.59,464.59,466.495,152881,0
GLD.US,5,20260211,173500,466.5,466.65,466.015,466.44,81659,0
GLD.US,5,20260211,174000,466.45,466.8,466.3201,466.39,30841,0
GLD.US,5,20260211,174500,466.39,466.63,466.12,466.28,48265,0
GLD.US,5,20260211,175000,466.33,466.56,466.11,466.28,50205,0
GLD.US,5,20260211,175500,466.33,466.49,466.12,466.44,35768,0
GLD.US,5,20260211,180000,466.47,466.66,465.82,466.29,70211,0
GLD.US,5,20260211,180500,466.28,467.25,466.28,466.95,67329,0
GLD.US,5,20260211,181000,467.0099,467.46,466.97,467.38,81446,0
GLD.US,5,20260211,181500,467.36,468,466.8,467.27,135322,0
GLD.US,5,20260211,182000,467.24,467.73,466.9526,467.66,53761,0
GLD.US,5,20260211,182500,467.72,467.7825,467.4301,467.61,48938,0
GLD.US,5,20260211,183000,467.59,467.6754,467.09,467.17,29284,0
GLD.US,5,20260211,183500,467.24,467.5,467.06,467.23,40089,0
GLD.US,5,20260211,184000,467.245,468.61,467.16,468.38,123003,0
GLD.US,5,20260211,184500,468.47,468.505,467.69,467.72,66905,0
GLD.US,5,20260211,185000,467.74,468.15,467.74,468.1,59388,0
GLD.US,5,20260211,185500,468.07,468.21,467.88,468.04,46225,0
GLD.US,5,20260211,190000,468.005,468.13,467.4885,467.84,58592,0
GLD.US,5,20260211,190500,467.64,467.64,466.95,466.98,51359,0
GLD.US,5,20260211,191000,466.96,466.98,465.67,466.22,117639,0
GLD.US,5,20260211,191500,466.19,466.8,465.98,466.72,47632,0
GLD.US,5,20260211,192000,466.674,466.7399,465.98,465.98,26689,0
GLD.US,5,20260211,192500,465.88,466.5888,465.88,466.34,41732,0
GLD.US,5,20260211,193000,466.3,466.9,466.09,466.5,81857,0
GLD.US,5,20260211,193500,466.47,467.35,466.425,466.99,41447,0
GLD.US,5,20260211,194000,467.03,467.3999,466.96,467.22,44677,0
GLD.US,5,20260211,194500,467.2799,467.4,466.97,467.35,34619,0
GLD.US,5,20260211,195000,467.38,467.5751,466.87,466.99,85561,0
GLD.US,5,20260211,195500,467.24,467.41,466.89,467.2285,74486,0
GLD.US,5,20260211,200000,467.13,467.8,467.13,467.6,59478,0
GLD.US,5,20260211,200500,467.6,467.66,467.26,467.565,61849,0
GLD.US,5,20260211,201000,467.59,468.07,467.58,467.765,74164,0
GLD.US,5,20260211,201500,467.7301,467.9099,467.6,467.72,89751,0
GLD.US,5,20260211,202000,467.8042,468.27,467.799,468.09,45155,0
GLD.US,5,20260211,202500,468.1,468.22,467.8403,468.025,34327,0
GLD.US,5,20260211,203000,468.025,468.025,467.57,467.6,58827,0
GLD.US,5,20260211,203500,467.63,467.71,467.07,467.17,49208,0
GLD.US,5,20260211,204000,467.145,467.58,467.1,467.49,53926,0
GLD.US,5,20260211,204500,467.505,467.75,467,467.495,73293,0
GLD.US,5,20260211,205000,467.5,467.6,467.135,467.31,40640,0
GLD.US,5,20260211,205500,467.28,467.32,466.63,467.12,110167,0
GLD.US,5,20260211,210000,467.081,467.36,466.99,467.055,58228,0
GLD.US,5,20260211,210500,467.045,467.6089,466.91,467.59,57488,0
GLD.US,5,20260211,211000,467.51,467.75,467.41,467.715,51987,0
GLD.US,5,20260211,211500,467.715,467.76,467.46,467.62,69066,0
GLD.US,5,20260211,212000,467.58,467.69,467.27,467.335,68321,0
GLD.US,5,20260211,212500,467.38,467.575,467.28,467.4,93709,0
GLD.US,5,20260211,213000,467.39,467.51,466.76,466.925,114785,0
GLD.US,5,20260211,213500,466.935,467.38,466.91,467.38,65525,0
GLD.US,5,20260211,214000,467.36,467.6,467.21,467.56,113096,0
GLD.US,5,20260211,214500,467.59,467.76,467.36,467.645,118030,0
GLD.US,5,20260211,215000,467.63,467.78,467.42,467.77,119206,0
GLD.US,5,20260211,215500,467.75,467.89,467.5,467.63,476949,0
GLD.US,5,20260212,153000,464.9,466,464.71,465.64,166253,0
GLD.US,5,20260212,153500,465.63,465.781,464.59,464.86,108227,0
GLD.US,5,20260212,154000,464.86,465.16,464.3495,464.54,98213,0
GLD.US,5,20260212,154500,464.58,465.1,464.142,464.48,104824,0
GLD.US,5,20260212,155000,464.43,464.72,464.098,464.39,123956,0
GLD.US,5,20260212,155500,464.41,464.53,462.94,463.4,319990,0
GLD.US,5,20260212,160000,463.41,464.44,463.02,464.33,207244,0
GLD.US,5,20260212,160500,464.35,464.82,464.01,464.705,205049,0
GLD.US,5,20260212,161000,464.74,465.55,464.72,465.42,198792,0
GLD.US,5,20260212,161500,465.4,465.825,465.4,465.45,53816,0
GLD.US,5,20260212,162000,465.41,465.52,465.13,465.21,176354,0
GLD.US,5,20260212,162500,465.205,465.61,465.19,465.52,53557,0
GLD.US,5,20260212,163000,465.49,466.1,465.45,465.87,95419,0
GLD.US,5,20260212,163500,465.87,466.08,465.53,465.77,55390,0
GLD.US,5,20260212,164000,465.77,466.09,465.63,465.959,50439,0
GLD.US,5,20260212,164500,465.96,466.3799,465.96,466.22,134736,0
GLD.US,5,20260212,165000,466.16,466.26,465.77,465.855,123332,0
GLD.US,5,20260212,165500,465.865,466.13,464.93,464.96,142307,0
GLD.US,5,20260212,170000,464.94,465.68,464.73,465.41,132511,0
GLD.US,5,20260212,170500,465.37,465.5,464.02,464.05,133549,0
GLD.US,5,20260212,171000,464.05,464.05,454.6,454.9,1366155,0
GLD.US,5,20260212,171500,454.95,456.3,451.32,453.355,1611162,0
GLD.US,5,20260212,172000,453.35,453.38,450.71,452.2141,971736,0
GLD.US,5,20260212,172500,452.19,452.3599,448.06,449.9,997567,0
GLD.US,5,20260212,173000,449.77,454.2,449.6,453.665,644428,0
GLD.US,5,20260212,173500,453.74,455.44,453.18,455.39,418709,0
GLD.US,5,20260212,174000,455.4,456.47,454.606,455.065,539434,0
GLD.US,5,20260212,174500,455.02,455.32,453.155,453.4,361093,0
GLD.US,5,20260212,175000,453.47,455.92,452.87,453.29,390416,0
GLD.US,5,20260212,175500,453.33,455.27,453.22,455.22,432415,0
GLD.US,5,20260212,180000,455.03,455.49,454,454.58,369785,0
GLD.US,5,20260212,180500,454.53,456.24,453.6803,455.75,191943,0
GLD.US,5,20260212,181000,455.7,455.9999,455,455.61,120516,0
GLD.US,5,20260212,181500,455.53,456.12,455.18,455.6,131618,0
GLD.US,5,20260212,182000,455.64,457.5,455.58,456.8884,288740,0
GLD.US,5,20260212,182500,456.8,457.66,456.1,456.1,182354,0
GLD.US,5,20260212,183000,456.08,456.26,455.4,456.005,196024,0
GLD.US,5,20260212,183500,456.04,456.72,455.74,456.38,125163,0
GLD.US,5,20260212,184000,456.38,457,455.49,456.51,95024,0
GLD.US,5,20260212,184500,456.57,456.7,454.8,454.85,136165,0
GLD.US,5,20260212,185000,454.92,455.45,454.26,454.5,77761,0
GLD.US,5,20260212,185500,454.53,454.61,453.75,453.88,168190,0
GLD.US,5,20260212,190000,453.91,454.7,452.94,453.61,143141,0
GLD.US,5,20260212,190500,453.64,453.77,452.07,452.435,101890,0
GLD.US,5,20260212,191000,452.435,453.4425,452.23,453.27,113123,0
GLD.US,5,20260212,191500,453.22,453.34,450.8403,450.91,111977,0
GLD.US,5,20260212,192000,450.8941,453,450.75,451.79,106852,0
GLD.US,5,20260212,192500,451.89,453.35,451.595,452.825,112087,0
GLD.US,5,20260212,193000,452.77,453.4781,452.51,453.18,68306,0
GLD.US,5,20260212,193500,453.095,454.07,452.84,453.98,74844,0
GLD.US,5,20260212,194000,453.99,454.43,453.18,453.9,68006,0
GLD.US,5,20260212,194500,453.86,454.09,453.42,453.77,55470,0
GLD.US,5,20260212,195000,453.8,454.93,453.73,454.26,59345,0
GLD.US,5,20260212,195500,454.26,454.44,453.23,453.43,83774,0
GLD.US,5,20260212,200000,453.43,453.69,452.71,453.1747,63994,0
GLD.US,5,20260212,200500,453.19,453.9567,453.04,453.5,50969,0
GLD.US,5,20260212,201000,453.49,453.74,452.94,453.16,42413,0
GLD.US,5,20260212,201500,453.22,454.145,452.84,454.07,74351,0
GLD.US,5,20260212,202000,454.1,454.16,453.63,453.8699,75187,0
GLD.US,5,20260212,202500,453.81,453.99,452.97,453.01,58615,0
GLD.US,5,20260212,203000,453.07,454.58,453.035,454.35,75792,0
GLD.US,5,20260212,203500,454.3499,454.79,454.21,454.52,53939,0
GLD.US,5,20260212,204000,454.45,454.62,453.88,454.43,83618,0
GLD.US,5,20260212,204500,454.39,455.3,454.28,455.075,63400,0
GLD.US,5,20260212,205000,455.07,455.46,455,455.13,47328,0
GLD.US,5,20260212,205500,455.07,455.25,454.07,454.28,70478,0
GLD.US,5,20260212,210000,454.25,454.53,453.87,454.1901,46376,0
GLD.US,5,20260212,210500,454.28,454.41,453.7617,453.94,72236,0
GLD.US,5,20260212,211000,453.9402,454,453.2095,453.845,121326,0
GLD.US,5,20260212,211500,453.82,453.83,453.35,453.52,57702,0
GLD.US,5,20260212,212000,453.53,453.53,452.575,452.7,122593,0
GLD.US,5,20260212,212500,452.71,452.93,452.07,452.15,175844,0
GLD.US,5,20260212,213000,452.12,452.12,451.12,451.91,287009,0
GLD.US,5,20260212,213500,451.92,452.655,451.641,451.93,119247,0
GLD.US,5,20260212,214000,451.9015,452.23,451.48,451.9889,141177,0
GLD.US,5,20260212,214500,451.99,452.15,451.355,452.01,121206,0
GLD.US,5,20260212,215000,452,452.25,451.21,451.92,226639,0
GLD.US,5,20260212,215500,451.95,452.33,451.3,451.39,843852,0
GLD.US,5,20260213,153000,459.73,460.68,459,460.08,255317,0
GLD.US,5,20260213,153500,460.0585,460.5594,458.35,458.39,165235,0
GLD.US,5,20260213,154000,458.31,458.8,456.25,458.8,278714,0
GLD.US,5,20260213,154500,458.75,460.2,458.58,459.155,149227,0
GLD.US,5,20260213,155000,459.21,459.5,458.55,458.8,137688,0
GLD.US,5,20260213,155500,458.89,460.15,458.65,459.06,132942,0
GLD.US,5,20260213,160000,459.13,460.14,458.8003,459.61,129598,0
GLD.US,5,20260213,160500,459.51,460.63,459.18,460.3407,147291,0
GLD.US,5,20260213,161000,460.33,460.68,459.55,459.96,115230,0
GLD.US,5,20260213,161500,459.97,460.17,459.04,459.3005,122081,0
GLD.US,5,20260213,162000,459.35,459.82,459.04,459.75,57456,0
GLD.US,5,20260213,162500,459.78,460.73,459.45,460.4417,75405,0
GLD.US,5,20260213,163000,460.44,460.66,460.15,460.285,82695,0
GLD.US,5,20260213,163500,460.33,461.458,460.12,460.295,122335,0
GLD.US,5,20260213,164000,460.24,460.72,459.89,460.12,81553,0
GLD.US,5,20260213,164500,460.22,460.41,458.59,459.02,113815,0
GLD.US,5,20260213,165000,458.98,459.58,458.11,458.29,68692,0
GLD.US,5,20260213,165500,458.42,458.46,457.1,457.37,149894,0
GLD.US,5,20260213,170000,457.35,459.11,457.29,458.7,131401,0
GLD.US,5,20260213,170500,458.62,459.15,458.41,458.7534,64893,0
GLD.US,5,20260213,171000,458.77,458.8899,458.48,458.53,82648,0
GLD.US,5,20260213,171500,459.3,460.3,459.1401,460.25,48648,0
GLD.US,5,20260213,172000,460.24,460.63,459.96,460.53,313504,0
GLD.US,5,20260213,172500,460.56,462.7299,460.43,462.105,830112,0
GLD.US,5,20260213,173000,462.11,462.16,461.17,461.39,134253,0
GLD.US,5,20260213,173500,461.4,461.41,460.84,460.97,142034,0
GLD.US,5,20260213,174000,461.06,461.27,460.76,461.17,127285,0
GLD.US,5,20260213,174500,461.13,461.33,460.73,461.01,82904,0
GLD.US,5,20260213,175000,461.02,461.06,460.79,460.92,47410,0
GLD.US,5,20260213,175500,460.95,461.17,460.12,460.33,91054,0
GLD.US,5,20260213,180000,460.32,460.93,460.3,460.75,50630,0
GLD.US,5,20260213,180500,460.7524,461.66,460.7482,460.88,65450,0
GLD.US,5,20260213,181000,460.88,461.055,460.43,461.02,53531,0
GLD.US,5,20260213,181500,461.06,461.13,460.14,460.51,75551,0
GLD.US,5,20260213,182000,460.6,461.18,460.53,460.76,42192,0
GLD.US,5,20260213,182500,460.89,461.4299,460.66,461.21,40122,0
GLD.US,5,20260213,183000,461.17,461.9699,461.08,461.863,45725,0
GLD.US,5,20260213,183500,461.905,462.24,461.34,461.51,63149,0
GLD.US,5,20260213,184000,461.48,461.69,461.23,461.61,42982,0
GLD.US,5,20260213,184500,461.67,461.7899,461.4,461.55,59809,0
GLD.US,5,20260213,185000,461.5,461.71,461.26,461.384,42639,0
GLD.US,5,20260213,185500,461.45,461.5,461.08,461.49,35215,0
GLD.US,5,20260213,190000,461.485,461.83,460.94,461.5,86087,0
GLD.US,5,20260213,190500,461.525,461.74,461.34,461.555,29162,0
GLD.US,5,20260213,191000,461.54,462.3,461.465,462.245,38843,0
GLD.US,5,20260213,191500,462.24,462.41,461.6024,461.668,63538,0
GLD.US,5,20260213,192000,461.77,462.36,461.75,462.16,31130,0
GLD.US,5,20260213,192500,462.1373,462.1955,461.41,461.485,53455,0
GLD.US,5,20260213,193000,461.49,462.41,461.4445,462.26,58806,0
GLD.US,5,20260213,193500,462.31,462.57,462.18,462.42,89050,0
GLD.US,5,20260213,194000,462.46,462.54,462.215,462.37,94410,0
GLD.US,5,20260213,194500,462.41,462.52,462.2836,462.34,34514,0
GLD.US,5,20260213,195000,462.3372,462.88,462.06,462.65,87563,0
GLD.US,5,20260213,195500,462.65,462.81,462.41,462.47,83069,0
GLD.US,5,20260213,200000,462.51,462.8999,462.4401,462.67,40700,0
GLD.US,5,20260213,200500,462.675,463.8,462.675,463.8,121673,0
GLD.US,5,20260213,201000,463.77,463.8399,463.01,463.2282,69241,0
GLD.US,5,20260213,201500,463.1797,463.34,462.921,463.291,30498,0
GLD.US,5,20260213,202000,463.32,463.73,463.28,463.675,36794,0
GLD.US,5,20260213,202500,463.685,463.73,463.33,463.44,77036,0
GLD.US,5,20260213,203000,463.42,463.56,463.25,463.32,73580,0
GLD.US,5,20260213,203500,463.28,463.43,463.0201,463.1122,44711,0
GLD.US,5,20260213,204000,463.12,463.12,462.57,462.77,63065,0
GLD.US,5,20260213,204500,462.725,463.065,462.7077,462.73,41133,0
GLD.US,5,20260213,205000,462.79,462.8,462.39,462.555,32066,0
GLD.US,5,20260213,205500,462.58,462.69,462.155,462.155,54476,0
GLD.US,5,20260213,210000,462.07,462.72,462.0203,462.5267,29330,0
GLD.US,5,20260213,210500,462.4988,462.6,462.22,462.31,46131,0
GLD.US,5,20260213,211000,462.3031,462.54,462.16,462.22,61801,0
GLD.US,5,20260213,211500,462.25,462.58,462.12,462.46,70975,0
GLD.US,5,20260213,212000,462.41,462.5,462.06,462.44,95650,0
GLD.US,5,20260213,212500,462.41,462.6199,462.19,462.21,36036,0
GLD.US,5,20260213,213000,462.19,462.3644,461.85,461.92,94321,0
GLD.US,5,20260213,213500,461.92,462.28,461.92,462.15,80399,0
GLD.US,5,20260213,214000,462.11,462.7099,462.11,462.37,98006,0
GLD.US,5,20260213,214500,462.35,462.42,461.9401,462.12,138211,0
GLD.US,5,20260213,215000,462.08,462.28,461.54,462.12,169538,0
GLD.US,5,20260213,215500,462.1,462.8,461.69,462.61,743956,0
GLD.US,5,20260217,153000,450.26,450.415,449.03,450.0467,238347,0
GLD.US,5,20260217,153500,450.03,450.6,447.96,448.2,243516,0
GLD.US,5,20260217,154000,448.56,449.02,447.31,447.5026,344462,0
GLD.US,5,20260217,154500,447.52,448.095,446.631,447.095,207865,0
GLD.US,5,20260217,155000,447.12,448.4399,446.2,447.88,247557,0
GLD.US,5,20260217,155500,447.82,448.4,446.6,446.83,174495,0
GLD.US,5,20260217,160000,446.76,447.38,445.53,447.34,345598,0
GLD.US,5,20260217,160500,447.29,447.76,446.22,446.39,144538,0
GLD.US,5,20260217,161000,446.42,447.02,445.81,446.27,153675,0
GLD.US,5,20260217,161500,446.325,447.95,446,447.94,132512,0
GLD.US,5,20260217,162000,447.9398,448.2,446.89,447.4475,117554,0
GLD.US,5,20260217,162500,447.455,447.67,446.67,446.67,79439,0
GLD.US,5,20260217,163000,446.69,446.93,445.9101,446.075,158310,0
GLD.US,5,20260217,163500,446.075,447.07,445.88,447.035,130783,0
GLD.US,5,20260217,164000,447.035,447.73,446.82,447.3201,97134,0
GLD.US,5,20260217,164500,447.36,448.0299,447.13,447.41,77723,0
GLD.US,5,20260217,165000,447.33,447.59,446.74,447.2,52160,0
GLD.US,5,20260217,165500,447.16,448.76,447.06,448.36,104136,0
GLD.US,5,20260217,170000,448.3725,449.26,448.17,448.25,211332,0
GLD.US,5,20260217,170500,448.24,449.75,448.14,449.27,96075,0
GLD.US,5,20260217,171000,449.265,449.45,448.7214,448.83,94234,0
GLD.US,5,20260217,171500,448.87,449.45,448.74,449.02,113401,0
GLD.US,5,20260217,172000,449.05,449.52,448.85,448.99,87578,0
GLD.US,5,20260217,172500,448.97,449.1599,448.57,448.82,59934,0
GLD.US,5,20260217,173000,448.86,449.03,448.1,448.54,83112,0
GLD.US,5,20260217,173500,448.46,448.73,448.26,448.36,69404,0
GLD.US,5,20260217,174000,448.37,449.2,447.99,448.1801,88301,0
GLD.US,5,20260217,174500,448.38,448.63,447.93,448.22,43406,0
GLD.US,5,20260217,175000,448.27,448.81,447.9,448.14,33373,0
GLD.US,5,20260217,175500,448.19,448.2499,447.43,447.5,38778,0
GLD.US,5,20260217,180000,447.36,447.66,446.43,447.235,74982,0
GLD.US,5,20260217,180500,447.13,447.67,447.04,447.15,46150,0
GLD.US,5,20260217,181000,447.12,447.29,445.77,446.29,116552,0
GLD.US,5,20260217,181500,446.3,447.0699,446.2,446.94,50634,0
GLD.US,5,20260217,182000,446.98,447.005,446.57,446.68,31139,0
GLD.US,5,20260217,182500,446.61,447.11,446.43,447.11,49373,0
GLD.US,5,20260217,183000,447.07,447.403,446.73,447.06,38342,0
GLD.US,5,20260217,183500,447.095,447.41,446.81,447.025,33682,0
GLD.US,5,20260217,184000,447.08,447.19,446.59,446.645,69722,0
GLD.US,5,20260217,184500,446.69,447,446.31,446.98,63420,0
GLD.US,5,20260217,185000,446.92,447.2399,446.1,446.44,65142,0
GLD.US,5,20260217,185500,446.35,447.375,446.34,447.19,60794,0
GLD.US,5,20260217,190000,447.19,447.79,447,447.46,45513,0
GLD.US,5,20260217,190500,447.53,447.53,446.9,447.17,46640,0
GLD.US,5,20260217,191000,447.19,447.395,446.98,447.3,24129,0
GLD.US,5,20260217,191500,447.32,448.31,447.31,448.25,69085,0
GLD.US,5,20260217,192000,448.31,449.0499,448.25926,449,122647,0
GLD.US,5,20260217,192500,449.0499,449.48,448.57,449.11,85012,0
GLD.US,5,20260217,193000,449.0075,449.15,448.49,448.63,47206,0
GLD.US,5,20260217,193500,448.56,449.49,448.56,449.415,44739,0
GLD.US,5,20260217,194000,449.425,449.94,449.26,449.305,43248,0
GLD.US,5,20260217,194500,449.33,449.6299,448.9029,449.58,48756,0
GLD.US,5,20260217,195000,449.51,450.06,449.35,449.76,107847,0
GLD.US,5,20260217,195500,449.78,451.37,449.74,450.24,151623,0
GLD.US,5,20260217,200000,450.255,450.4552,449.83,450.16,40631,0
GLD.US,5,20260217,200500,450.13,450.35,449.83,450.115,58273,0
GLD.US,5,20260217,201000,450.15,450.15,449.64,449.7404,55442,0
GLD.US,5,20260217,201500,449.75,450.1293,449.37,449.41,51646,0
GLD.US,5,20260217,202000,449.44,449.8,449.09,449.51,50861,0
GLD.US,5,20260217,202500,449.5,449.51,448.63,448.75,195218,0
GLD.US,5,20260217,203000,448.7185,448.78,448.11,448.5399,139646,0
GLD.US,5,20260217,203500,448.54,449.1089,448.4,448.94,41642,0
GLD.US,5,20260217,204000,448.96,449.19,448.7,448.85,29617,0
GLD.US,5,20260217,204500,448.8999,448.93,448.61,448.89,34494,0
GLD.US,5,20260217,205000,448.88,448.97,448.6,448.73,26152,0
GLD.US,5,20260217,205500,448.77,448.915,448.45,448.48,28556,0
GLD.US,5,20260217,210000,448.39,448.67,447.93,448.36,61272,0
GLD.US,5,20260217,210500,448.37,448.41,448.03,448.19,43724,0
GLD.US,5,20260217,211000,448.19,448.49,448.19,448.44,47564,0
GLD.US,5,20260217,211500,448.46,448.51,448.06,448.0601,60238,0
GLD.US,5,20260217,212000,448.1,448.31,447.83,447.9609,48288,0
GLD.US,5,20260217,212500,447.96,448.43,447.95,448.27,46044,0
GLD.US,5,20260217,213000,448.24,448.42,447.8937,448.14,78905,0
GLD.US,5,20260217,213500,448.09,448.39,447.96,448.3592,57326,0
GLD.US,5,20260217,214000,448.36,448.75,448.17,448.3595,104333,0
GLD.US,5,20260217,214500,448.35,448.65,448.34,448.4406,80966,0
GLD.US,5,20260217,215000,448.46,448.85,448.43,448.7,115703,0
GLD.US,5,20260217,215500,448.71,448.815,448.1,448.23,247609,0
GLD.US,5,20260218,153000,455.81,457.52,455.36,456.72,294399,0
GLD.US,5,20260218,153500,456.7,458.36,456.7,458.0393,392047,0
GLD.US,5,20260218,154000,458.035,458.22,457.52,457.78,318701,0
GLD.US,5,20260218,154500,457.73,458.7,457.7,458.08,267607,0
GLD.US,5,20260218,155000,458.11,459.46,458.0505,458.8301,280259,0
GLD.US,5,20260218,155500,458.88,459.16,458.61,458.79,249568,0
GLD.US,5,20260218,160000,458.74,460.25,458.74,459.8699,312117,0
GLD.US,5,20260218,160500,459.92,460.08,458.94,459.38,208538,0
GLD.US,5,20260218,161000,459.37,459.97,459,459.835,98389,0
GLD.US,5,20260218,161500,459.87,460.42,459.54,460.025,574856,0
GLD.US,5,20260218,162000,460,460.1799,459.67,460,96960,0
GLD.US,5,20260218,162500,460.02,460.2,459.77,459.945,82850,0
GLD.US,5,20260218,163000,459.9525,459.99,459.5,459.69,95745,0
GLD.US,5,20260218,163500,459.6993,459.88,459.25,459.4,113064,0
GLD.US,5,20260218,164000,459.445,459.735,459.36,459.525,42074,0
GLD.US,5,20260218,164500,459.535,459.535,459.15,459.33,45273,0
GLD.US,5,20260218,165000,459.39,459.448,459.03,459.1,26758,0
GLD.US,5,20260218,165500,459.12,459.31,459.04,459.31,37455,0
GLD.US,5,20260218,170000,459.35,459.8,459.21,459.77,43714,0
GLD.US,5,20260218,170500,459.75,459.76,459.38,459.42,31675,0
GLD.US,5,20260218,171000,459.44,459.6,459.22,459.44,42259,0
GLD.US,5,20260218,171500,459.42,459.475,459.15,459.19,65465,0
GLD.US,5,20260218,172000,459.18,459.3,458.72,458.88,67499,0
GLD.US,5,20260218,172500,458.85,459.2683,458.68,459.22,50122,0
GLD.US,5,20260218,173000,459.17,459.6,458.99,459.6,45450,0
GLD.US,5,20260218,173500,459.61,459.91,459.43,459.62,42974,0
GLD.US,5,20260218,174000,459.64,460.12,459.6,459.98,110165,0
GLD.US,5,20260218,174500,460.01,460.51,459.93,459.955,83720,0
GLD.US,5,20260218,175000,459.99,460.17,459.79,459.86,54354,0
GLD.US,5,20260218,175500,459.83,459.93,459.47,459.51,33433,0
GLD.US,5,20260218,180000,459.55,459.65,459.19,459.465,35083,0
GLD.US,5,20260218,180500,459.49,459.56,459.31,459.445,41190,0
GLD.US,5,20260218,181000,459.41,459.46,459.12,459.41,30447,0
GLD.US,5,20260218,181500,459.44,459.49,459.2289,459.36,33604,0
GLD.US,5,20260218,182000,459.36,459.55,459.3,459.46,28164,0
GLD.US,5,20260218,182500,459.45,459.45,459.28,459.43,34258,0
GLD.US,5,20260218,183000,459.45,459.4999,458.89,459.0101,42702,0
GLD.US,5,20260218,183500,459.1,459.42,458.87,458.98,37470,0
GLD.US,5,20260218,184000,458.93,459.29,458.86,459.26,31353,0
GLD.US,5,20260218,184500,459.29,459.49,459.22,459.3175,18651,0
GLD.US,5,20260218,185000,459.3048,459.46,459.22,459.41,16897,0
GLD.US,5,20260218,185500,459.39,459.57,459.32,459.41,34360,0
GLD.US,5,20260218,190000,459.3925,459.76,459.3925,459.7,52348,0
GLD.US,5,20260218,190500,459.67,459.79,459.49,459.54,19303,0
GLD.US,5,20260218,191000,459.59,459.6,459.28,459.295,91814,0
GLD.US,5,20260218,191500,459.295,459.4299,458.85,458.97,97645,0
GLD.US,5,20260218,192000,458.97,459.17,458.88,458.95,84219,0
GLD.US,5,20260218,192500,458.92,458.92,458.27,458.39,93935,0
GLD.US,5,20260218,193000,458.39,458.78,457.93,458.68,141880,0
GLD.US,5,20260218,193500,458.68,458.88,457.86,458.2699,161650,0
GLD.US,5,20260218,194000,458.285,458.42,457.72,458,94744,0
GLD.US,5,20260218,194500,457.96,458.3,457.895,458.11,49573,0
GLD.US,5,20260218,195000,458.0494,458.32,458.01,458.07,41192,0
GLD.US,5,20260218,195500,458.07,458.35,457.99,458.29,42939,0
GLD.US,5,20260218,200000,458.22,459,458.03,458.77,73381,0
GLD.US,5,20260218,200500,458.77,458.8,458.33,458.6,40258,0
GLD.US,5,20260218,201000,458.55,458.96,458.51,458.81,29835,0
GLD.US,5,20260218,201500,458.73,459.0685,458.62,459.0685,52167,0
GLD.US,5,20260218,202000,459.01,459.05,458.74,458.88,58160,0
GLD.US,5,20260218,202500,458.9,459.055,456.92,457.55,307253,0
GLD.US,5,20260218,203000,457.5393,457.99,457.01,457.98,105831,0
GLD.US,5,20260218,203500,457.975,458.08,457.36,457.85,88182,0
GLD.US,5,20260218,204000,457.86,457.86,457.59,457.85168,42863,0
GLD.US,5,20260218,204500,457.885,458.04,457.56,457.63,46152,0
GLD.US,5,20260218,205000,457.64,457.81,457.53,457.715,49849,0
GLD.US,5,20260218,205500,457.74,457.82,457.51,457.7391,33575,0
GLD.US,5,20260218,210000,457.67,458.09,457.56,458,53343,0
GLD.US,5,20260218,210500,458,458.0997,457.54,457.65,44632,0
GLD.US,5,20260218,211000,457.65,457.78,457.23,457.45,79730,0
GLD.US,5,20260218,211500,457.51,457.73,457.3,457.53,75651,0
GLD.US,5,20260218,212000,457.53,457.6401,457.35,457.5001,54099,0
GLD.US,5,20260218,212500,457.5,457.66,457.41,457.41,64550,0
GLD.US,5,20260218,213000,457.4,457.89,457.32,457.82,57185,0
GLD.US,5,20260218,213500,457.815,458.14,457.71,457.98,74921,0
GLD.US,5,20260218,214000,457.975,458.35,457.95,458.15,43341,0
GLD.US,5,20260218,214500,458.13,458.23,458,458.0937,71050,0
GLD.US,5,20260218,215000,458.13,458.1994,457.84,457.86,103519,0
GLD.US,5,20260218,215500,457.85,458.29,457.63,458.17,348247,0
GLD.US,5,20260219,153000,457.34,457.43,456.1,456.96,128547,0
GLD.US,5,20260219,153500,456.96,458.075,456.86,458.075,83443,0
GLD.US,5,20260219,154000,458.05,459.04,457.63,458.8,168347,0
GLD.US,5,20260219,154500,458.8,459.47,458.28,459.43,111078,0
GLD.US,5,20260219,155000,459.436,460.11,458.98,459.9785,161681,0
GLD.US,5,20260219,155500,459.89,460.42,459.83,459.99,160255,0
GLD.US,5,20260219,160000,460.03,460.38,459.4,459.87,205271,0
GLD.US,5,20260219,160500,459.85,460.18,459.33,459.715,150804,0
GLD.US,5,20260219,161000,459.71,459.925,459.37,459.43,96928,0
GLD.US,5,20260219,161500,459.44,459.9,459.08,459.43,162241,0
GLD.US,5,20260219,162000,459.46,460.15,459.41,460.06,92151,0
GLD.US,5,20260219,162500,460,460.94,459.65,460.91,114213,0
GLD.US,5,20260219,163000,460.89,461.46,460.74,461.39,170367,0
GLD.US,5,20260219,163500,461.4,461.505,460.74,460.87,135962,0
GLD.US,5,20260219,164000,460.87,460.955,460.54,460.849,81767,0
GLD.US,5,20260219,164500,460.85,460.9,460.6,460.82,74792,0
GLD.US,5,20260219,165000,460.86,460.89,460.03,460.33,61107,0
GLD.US,5,20260219,165500,460.3,460.7541,460.1404,460.68,36459,0
GLD.US,5,20260219,170000,460.66,460.74,460.41,460.4699,33627,0
GLD.US,5,20260219,170500,460.47,460.48,459.47,460.23,136275,0
GLD.US,5,20260219,171000,460.14,460.3,459.8,459.8905,44593,0
GLD.US,5,20260219,171500,459.89,460.01,459.37,459.57,91399,0
GLD.US,5,20260219,172000,459.49,460,459.3,459.47,102163,0
GLD.US,5,20260219,172500,459.49,459.69,458.59,459.315,73844,0
GLD.US,5,20260219,173000,459.3,459.7899,459.28,459.745,103703,0
GLD.US,5,20260219,173500,459.78,460.02,459.45,459.75,107282,0
GLD.US,5,20260219,174000,459.74,460.3,459.74,460.01,65741,0
GLD.US,5,20260219,174500,460.025,460.1094,459.34,459.82,40791,0
GLD.US,5,20260219,175000,459.8,459.84,459.15,459.715,74046,0
GLD.US,5,20260219,175500,459.63,459.65,458.53,458.995,77360,0
GLD.US,5,20260219,180000,458.94,459.25,458.64,459.05,53866,0
GLD.US,5,20260219,180500,458.99,459.3699,458.73,459.12,21463,0
GLD.US,5,20260219,181000,459.1699,459.39,459.04,459.1,20147,0
GLD.US,5,20260219,181500,459.07,459.34,458.75,459.3,36201,0
GLD.US,5,20260219,182000,459.21,459.55,459.13,459.37,29192,0
GLD.US,5,20260219,182500,459.37,459.57,458.76,458.84,35787,0
GLD.US,5,20260219,183000,458.82,459.055,458.5607,458.81,39893,0
GLD.US,5,20260219,183500,458.8,458.93,458.15,458.93,58300,0
GLD.US,5,20260219,184000,459,459.02,458.74,458.81,20962,0
GLD.US,5,20260219,184500,458.78,458.9,458.485,458.65,63110,0
GLD.US,5,20260219,185000,458.61,458.8,458.06,458.2,52384,0
GLD.US,5,20260219,185500,458.23,458.39,457.82,458,38408,0
GLD.US,5,20260219,190000,458.06,458.27,457.74,458.2,42849,0
GLD.US,5,20260219,190500,458.28,458.32,457.57,457.86,60232,0
GLD.US,5,20260219,191000,457.855,458.33,457.71,458.26,56506,0
GLD.US,5,20260219,191500,458.28,458.39,457.75,457.92,49694,0
GLD.US,5,20260219,192000,457.93,457.93,457.43,457.5,93997,0
GLD.US,5,20260219,192500,457.495,457.68,457.2,457.38,52011,0
GLD.US,5,20260219,193000,457.34,457.86,457.24,457.6,51353,0
GLD.US,5,20260219,193500,457.65,457.76,457.45,457.505,30244,0
GLD.US,5,20260219,194000,457.53,457.53,457.09,457.17,58374,0
GLD.US,5,20260219,194500,457.19,457.75,457.19,457.695,30753,0
GLD.US,5,20260219,195000,457.67,457.96,457.54,457.84,41127,0
GLD.US,5,20260219,195500,457.86,457.86,457.5,457.695,36418,0
GLD.US,5,20260219,200000,457.6907,457.989,457.62,457.93,22047,0
GLD.US,5,20260219,200500,457.91,458.36,457.89,458.3397,27503,0
GLD.US,5,20260219,201000,458.3304,458.43,458.13,458.205,41005,0
GLD.US,5,20260219,201500,458.19,458.4099,458.13,458.36,22557,0
GLD.US,5,20260219,202000,458.35,458.49,458.31,458.31,20914,0
GLD.US,5,20260219,202500,458.3,458.54,458.24,458.41,44004,0
GLD.US,5,20260219,203000,458.39,458.4695,458.23,458.29,31823,0
GLD.US,5,20260219,203500,458.28,458.33,457.44,457.62,49221,0
GLD.US,5,20260219,204000,457.59,458.15,457.427,458.035,91623,0
GLD.US,5,20260219,204500,458.049,458.17,457.754,458.16,36928,0
GLD.US,5,20260219,205000,458.145,458.35,458.08,458.2399,34534,0
GLD.US,5,20260219,205500,458.185,458.38,458.16,458.3,23863,0
GLD.US,5,20260219,210000,458.33,458.66,458.33,458.4101,57685,0
GLD.US,5,20260219,210500,458.44,458.62,458.28,458.55,57586,0
GLD.US,5,20260219,211000,458.56,458.635,458.4604,458.55,39947,0
GLD.US,5,20260219,211500,458.545,458.85,458.38,458.85,41097,0
GLD.US,5,20260219,212000,458.86,458.97,458.76,458.875,39824,0
GLD.US,5,20260219,212500,458.875,459.11,458.84,458.99,91248,0
GLD.US,5,20260219,213000,458.98,459.18,458.91,459.07,73900,0
GLD.US,5,20260219,213500,459.07,459.1603,459.01,459.14,73888,0
GLD.US,5,20260219,214000,459.15,459.43,459.09,459.32,91361,0
GLD.US,5,20260219,214500,459.32,459.68,459.24,459.62,73282,0
GLD.US,5,20260219,215000,459.615,459.66,459.42,459.55,167627,0
GLD.US,5,20260219,215500,459.55,459.67,459.35,459.61,692787,0
GLD.US,5,20260220,153000,463.25,464.4,462.92,463.86,224180,0
GLD.US,5,20260220,153500,463.82,464.3,463.205,463.8,230380,0
GLD.US,5,20260220,154000,464.25,464.62,463.591,464.4,182987,0
GLD.US,5,20260220,154500,464.39,465.08,464.37,464.77,191749,0
GLD.US,5,20260220,155000,464.82,465.09,464.43,464.94,191900,0
GLD.US,5,20260220,155500,464.95,464.98,463.97,464.53,178863,0
GLD.US,5,20260220,160000,464.49,465.37,460.89,461.88,372845,0
GLD.US,5,20260220,160500,461.91,462.33,458.34,461.553,655746,0
GLD.US,5,20260220,161000,461.62,462.1099,460.33,461.61,321152,0
GLD.US,5,20260220,161500,461.56,463.7499,461.44,462.88,293185,0
GLD.US,5,20260220,162000,462.88,463.12,461.63,461.7599,200571,0
GLD.US,5,20260220,162500,461.76,461.91,460.54,461.9,174209,0
GLD.US,5,20260220,163000,461.84,462.28,461.135,461.9951,76294,0
GLD.US,5,20260220,163500,461.9199,463.05,461.28,462.84,116710,0
GLD.US,5,20260220,164000,462.81,463.8,462.03,463.7486,99164,0
GLD.US,5,20260220,164500,463.775,464.3225,463.6,463.8177,96442,0
GLD.US,5,20260220,165000,463.85,463.9399,462.81,463.47,82491,0
GLD.US,5,20260220,165500,463.5283,463.6,462.97,463.375,45534,0
GLD.US,5,20260220,170000,463.35,464.055,463.15,463.47,89035,0
GLD.US,5,20260220,170500,463.48,464.42,463.1,463.9725,61900,0
GLD.US,5,20260220,171000,464,464.6387,463.9,464.55,65303,0
GLD.US,5,20260220,171500,464.56,464.71,463.94,464.045,55547,0
GLD.US,5,20260220,172000,464.06,464.28,463.54,464.19,68095,0
GLD.US,5,20260220,172500,464.18,464.505,463.7701,464.41,71437,0
GLD.US,5,20260220,173000,464.38,465.8799,464.34,465.72,167285,0
GLD.US,5,20260220,173500,465.74,465.82,464.95,465.4893,124512,0
GLD.US,5,20260220,174000,465.5,465.5599,464.99,465.32,66093,0
GLD.US,5,20260220,174500,465.31,465.72,465.31,465.44,140622,0
GLD.US,5,20260220,175000,465.44,465.66,465.13,465.39,140661,0
GLD.US,5,20260220,175500,465.4,465.69,465.16,465.645,55564,0
GLD.US,5,20260220,180000,465.62,465.98,465.42,465.66,46641,0
GLD.US,5,20260220,180500,465.655,466.12,465.61,466.035,69121,0
GLD.US,5,20260220,181000,466,466.25,465.59,465.6331,52427,0
GLD.US,5,20260220,181500,465.61,465.76,465.12,465.16,49314,0
GLD.US,5,20260220,182000,465.12,465.19,464.51,464.59,116066,0
GLD.US,5,20260220,182500,464.53,465.48,464.49,465.4,76618,0
GLD.US,5,20260220,183000,465.4164,465.63,465.204,465.45,43694,0
GLD.US,5,20260220,183500,465.455,465.77,465.32,465.64,24925,0
GLD.US,5,20260220,184000,465.64,465.97,465.53,465.74,72115,0
GLD.US,5,20260220,184500,465.79,466.3,465.67,466.285,35996,0
GLD.US,5,20260220,185000,466.28,466.53,466.12,466.392,65325,0
GLD.US,5,20260220,185500,466.38,466.4718,466.08,466.19,44437,0
GLD.US,5,20260220,190000,466.2199,466.26,466.04,466.08,63966,0
GLD.US,5,20260220,190500,466.11,466.2,465.66,465.95,61206,0
GLD.US,5,20260220,191000,466.03,466.22,465.8363,465.95,62725,0
GLD.US,5,20260220,191500,465.95,465.97,465.5,465.6258,40749,0
GLD.US,5,20260220,192000,465.52,465.93,465.43,465.93,56272,0
GLD.US,5,20260220,192500,466,466.03,464.45,464.93,172407,0
GLD.US,5,20260220,193000,464.91,466.12,464.75,465.3262,107861,0
GLD.US,5,20260220,193500,465.44,466.44,465.1,466.07,142299,0
GLD.US,5,20260220,194000,465.99,466.23,465.55,465.66,50643,0
GLD.US,5,20260220,194500,465.685,466.35,465.68,466.19,87326,0
GLD.US,5,20260220,195000,466.17,466.19,465.72,466.1,109045,0
GLD.US,5,20260220,195500,466.07,466.23,465.85,466.09,51943,0
GLD.US,5,20260220,200000,466.2281,466.46,466.09,466.21,68518,0
GLD.US,5,20260220,200500,466.21,466.2212,466.01,466.08,59847,0
GLD.US,5,20260220,201000,466.11,466.22,465.88,466.1001,56668,0
GLD.US,5,20260220,201500,466.09,466.45,465.86,466.33,65604,0
GLD.US,5,20260220,202000,466.355,466.3885,466.12,466.2302,55527,0
GLD.US,5,20260220,202500,466.24,466.28,465.91,465.92,117129,0
GLD.US,5,20260220,203000,465.96,466.24,465.93,466.09,82598,0
GLD.US,5,20260220,203500,466.11,466.2,466.02,466.2,48078,0
GLD.US,5,20260220,204000,466.2,466.35,466.0933,466.31,48901,0
GLD.US,5,20260220,204500,466.31,466.44,466.16,466.195,49613,0
GLD.US,5,20260220,205000,466.16,466.5996,466.16,466.51,159514,0
GLD.US,5,20260220,205500,466.52,466.9,466.47,466.851,158597,0
GLD.US,5,20260220,210000,466.84,466.88,466.62,466.7,72509,0
GLD.US,5,20260220,210500,466.68,467,466.59,466.9,97133,0
GLD.US,5,20260220,211000,466.9099,467,466.63,466.835,91198,0
GLD.US,5,20260220,211500,466.84,467.3,466.7599,467.15,152914,0
GLD.US,5,20260220,212000,467.16,467.5,467.11,467.4493,139672,0
GLD.US,5,20260220,212500,467.45,467.46,467.25,467.325,173230,0
GLD.US,5,20260220,213000,467.32,467.6,467.14,467.29,181652,0
GLD.US,5,20260220,213500,467.32,467.5186,467.26,467.42,84989,0
GLD.US,5,20260220,214000,467.43,467.5494,467.13,467.32,149982,0
GLD.US,5,20260220,214500,467.3292,467.52,467.16,467.29,272102,0
GLD.US,5,20260220,215000,467.27,467.67,467.18,467.61,367698,0
GLD.US,5,20260220,215500,467.6,468.62,467.56,468.49,1457041,0
GLD.US,5,20260223,153000,474.65,475.53,474.61,475.33,377032,0
GLD.US,5,20260223,153500,475.33,476.405,475.25,476.405,367322,0
GLD.US,5,20260223,154000,476.41,477.08,476.2,476.96,273849,0
GLD.US,5,20260223,154500,476.995,477.79,476.98,477.405,332527,0
GLD.US,5,20260223,155000,477.405,477.93,477.18,477.5798,284496,0
GLD.US,5,20260223,155500,477.55,477.93,476.71,477.2499,251020,0
GLD.US,5,20260223,160000,477.17,477.37,476.08,476.8721,260365,0
GLD.US,5,20260223,160500,476.91,477.76,476.7,477.6463,236636,0
GLD.US,5,20260223,161000,477.66,477.82,476.67,477.81,209158,0
GLD.US,5,20260223,161500,477.82,477.89,477.37,477.8264,230031,0
GLD.US,5,20260223,162000,477.87,478.27,477.11,477.34,274511,0
GLD.US,5,20260223,162500,477.37,477.92,477.16,477.69,131823,0
GLD.US,5,20260223,163000,477.71,477.8283,477.11,477.16,130471,0
GLD.US,5,20260223,163500,477.14,477.93,476.65,477.88,206594,0
GLD.US,5,20260223,164000,477.89,478.1799,477.51,477.99,202739,0
GLD.US,5,20260223,164500,478.01,478.36,477.55,478.1,119504,0
GLD.US,5,20260223,165000,478.08,478.27,477.31,477.49,103716,0
GLD.US,5,20260223,165500,477.53,477.885,477,477.54,152145,0
GLD.US,5,20260223,170000,477.48,477.48,475.63,476,185424,0
GLD.US,5,20260223,170500,476.06,477.6783,475.9272,477.62,160644,0
GLD.US,5,20260223,171000,477.645,478.28,477.63,478.09,177853,0
GLD.US,5,20260223,171500,478.07,479.435,477.96,479.28,184693,0
GLD.US,5,20260223,172000,479.27,479.4862,478.98,479.36,229929,0
GLD.US,5,20260223,172500,479.41,479.65,479.2,479.22,178546,0
GLD.US,5,20260223,173000,479.27,479.34,478.495,478.78,229309,0
GLD.US,5,20260223,173500,478.76,479.17,478.72,478.85,129831,0
GLD.US,5,20260223,174000,478.86,479.05,478.68,478.815,151093,0
GLD.US,5,20260223,174500,478.83,478.91,478.49,478.82,100538,0
GLD.US,5,20260223,175000,478.83,479.5794,478.71,479.035,214287,0
GLD.US,5,20260223,175500,479,479.19,478.65,478.79,100949,0
GLD.US,5,20260223,180000,478.83,479.0597,478.67,478.97,103099,0
GLD.US,5,20260223,180500,478.96,479.13,478.53,478.71,101453,0
GLD.US,5,20260223,181000,478.67,478.785,477.87,478.23,113216,0
GLD.US,5,20260223,181500,478.2,478.87,478.15,478.55,122567,0
GLD.US,5,20260223,182000,478.58,478.8,478.3,478.78,58942,0
GLD.US,5,20260223,182500,478.785,479.0596,478.76,478.83,77485,0
GLD.US,5,20260223,183000,478.8804,478.93,478.56,478.6,42266,0
GLD.US,5,20260223,183500,478.6,478.62,477.1,477.59,169747,0
GLD.US,5,20260223,184000,477.6,478.31,477.52,477.86,445013,0
GLD.US,5,20260223,184500,477.87,478.1,477.6,477.87,49965,0
GLD.US,5,20260223,185000,477.87,478.6,477.83,478.345,80095,0
GLD.US,5,20260223,185500,478.4,478.64,478.29,478.64,55531,0
GLD.US,5,20260223,190000,478.66,478.87,478.54,478.79,66591,0
GLD.US,5,20260223,190500,478.79,479.23,478.79,479.2,85485,0
GLD.US,5,20260223,191000,479.21,479.33,479.03,479.03,114176,0
GLD.US,5,20260223,191500,479.02,479.035,478.55,478.65,93478,0
GLD.US,5,20260223,192000,478.67,479.1099,478.45,478.54,49827,0
GLD.US,5,20260223,192500,478.48,478.6499,477.98,478.42,74271,0
GLD.US,5,20260223,193000,478.46,478.84,478.41,478.6165,51762,0
GLD.US,5,20260223,193500,478.6,479.12,478.53,478.73,52778,0
GLD.US,5,20260223,194000,478.73,478.85,478.41,478.52,45958,0
GLD.US,5,20260223,194500,478.5201,478.86,478.46,478.74,55393,0
GLD.US,5,20260223,195000,478.74,479,478.71,478.87,70641,0
GLD.US,5,20260223,195500,478.85,478.92,478.63,478.75,88933,0
GLD.US,5,20260223,200000,478.75,478.84,478.48,478.73,49846,0
GLD.US,5,20260223,200500,478.75,478.84,478.46,478.7401,51372,0
GLD.US,5,20260223,201000,478.7601,479.02,478.69,478.94,32708,0
GLD.US,5,20260223,201500,478.94,479.18,478.94,479.022,44923,0
GLD.US,5,20260223,202000,479.04,479.27,478.89,478.98,72385,0
GLD.US,5,20260223,202500,479,479.1,478.56,478.77,175419,0
GLD.US,5,20260223,203000,478.76,479.05,478.67,479.04,80016,0
GLD.US,5,20260223,203500,479.06,479.33,478.77,479.3,390189,0
GLD.US,5,20260223,204000,479.31,479.5,478.9194,479.48,195076,0
GLD.US,5,20260223,204500,479.47,479.6,479.3,479.51,180270,0
GLD.US,5,20260223,205000,479.52,479.55,479.2,479.39,128748,0
GLD.US,5,20260223,205500,479.37,479.43,479.24,479.34,36588,0
GLD.US,5,20260223,210000,479.34,480,479.28,480,207044,0
GLD.US,5,20260223,210500,480,480.02,479.63,479.99,144206,0
GLD.US,5,20260223,211000,480,480.1508,479.86,480.05,120524,0
GLD.US,5,20260223,211500,480.03,480.15,479.9001,480.1,92708,0
GLD.US,5,20260223,212000,480.1,480.3,480.07,480.16,134369,0
GLD.US,5,20260223,212500,480.1797,480.3,480.01,480.1952,121971,0
GLD.US,5,20260223,213000,480.2,480.61,480.15,480.48,146069,0
GLD.US,5,20260223,213500,480.49,480.68,480.43,480.62,147416,0
GLD.US,5,20260223,214000,480.62,480.64,480.42,480.455,221251,0
GLD.US,5,20260223,214500,480.45,480.4994,480.26,480.4799,153832,0
GLD.US,5,20260223,215000,480.62,481.2099,480.57,481.0797,318288,0
GLD.US,5,20260223,215500,481.07,481.46,480.74,481.29,780176,0
GLD.US,5,20260224,153000,470.085,470.94,469.55,470.29,436818,0
GLD.US,5,20260224,153500,470.2862,471.93,470.03,471.91,319712,0
GLD.US,5,20260224,154000,471.92,472.32,471.36,472.1907,282065,0
GLD.US,5,20260224,154500,472.15,472.34,471.23,471.7,250834,0
GLD.US,5,20260224,155000,471.7,472.29,471.16,471.44,190386,0
GLD.US,5,20260224,155500,471.44,471.715,471.15,471.38,110890,0
GLD.US,5,20260224,160000,471.38,471.44,470.35,471.05,202630,0
GLD.US,5,20260224,160500,471.04,472.18,471.03,472,157678,0
GLD.US,5,20260224,161000,472.03,472.22,471.7,472.14,128687,0
GLD.US,5,20260224,161500,472.16,472.53,471.94,472.435,132556,0
GLD.US,5,20260224,162000,472.42,472.84,472.19,472.72,130942,0
GLD.US,5,20260224,162500,472.69,472.98,472.15,472.19,292648,0
GLD.US,5,20260224,163000,472.17,472.52,471.82,472.43,152021,0
GLD.US,5,20260224,163500,472.45,473.05,472.39,472.83,120630,0
GLD.US,5,20260224,164000,472.79,473.34,472.79,473.305,67570,0
GLD.US,5,20260224,164500,473.34,473.8098,473.3,473.57,246910,0
GLD.US,5,20260224,165000,473.57,473.57,472.83,472.93,100202,0
GLD.US,5,20260224,165500,472.8922,473.47,472.89,473.36,78680,0
GLD.US,5,20260224,170000,473.37,473.5599,473.2,473.235,65852,0
GLD.US,5,20260224,170500,473.215,473.25,472.51,472.87,138000,0
GLD.US,5,20260224,171000,472.8,473.15,472.5187,473.05,38818,0
GLD.US,5,20260224,171500,473.05,473.4,472.97,473.095,60212,0
GLD.US,5,20260224,172000,473.075,473.075,472.61,472.71,53136,0
GLD.US,5,20260224,172500,472.733,472.79,472.5,472.7,33910,0
GLD.US,5,20260224,173000,472.72,472.72,471.9,472.13,51215,0
GLD.US,5,20260224,173500,472.1,473.04,472.04,472.96,304269,0
GLD.US,5,20260224,174000,472.96,473.42,472.61,472.88,483033,0
GLD.US,5,20260224,174500,472.9,472.93,471.93,472.035,179911,0
GLD.US,5,20260224,175000,472.03,472.31,471.52,472.24,140224,0
GLD.US,5,20260224,175500,472.23,472.59,472.16,472.56,165020,0
GLD.US,5,20260224,180000,472.54,473.28,472.54,473.25,147525,0
GLD.US,5,20260224,180500,473.2983,473.6,473.1761,473.58,133928,0
GLD.US,5,20260224,181000,473.59,474.03,473.55,473.89,109425,0
GLD.US,5,20260224,181500,473.93,474.36,473.84,474.3499,83863,0
GLD.US,5,20260224,182000,474.43,474.54,474.201,474.3299,102076,0
GLD.US,5,20260224,182500,473.99,474.09,473.96715,474.07,2402,0
GLD.US,5,20260224,183000,474.08,474.09,473.96,474.01,10701,0
GLD.US,5,20260224,183500,474.09,474.13,473.92,473.99,7364,0
GLD.US,5,20260224,184000,474.09,474.27,474.09,474.24,4601,0
GLD.US,5,20260224,184500,474.28,474.33,474.13,474.19,5479,0
GLD.US,5,20260224,185000,474.21,474.21,474.03,474.07,6520,0
GLD.US,5,20260224,185500,474.17,474.55,474.17,474.51,13451,0
GLD.US,5,20260224,190000,474.72,475.03,474.72,474.93,33182,0
GLD.US,5,20260224,190500,475.02,475.07,474.97,475.02,6735,0
GLD.US,5,20260224,191000,474.9199,474.9199,474.79,474.85,2166,0
GLD.US,5,20260224,191500,474.68,474.73,474.6723,474.71,3574,0
GLD.US,5,20260224,192000,474.18,474.4,473.97,474.11,30020,0
GLD.US,5,20260224,192500,474.11,474.24,473.85,474.08,125377,0
GLD.US,5,20260224,193000,474.08,474.35,473.8,473.92,31754,0
GLD.US,5,20260224,193500,473.85,474.1497,473.65,474.02,51501,0
GLD.US,5,20260224,194000,474.045,474.24,474.04,474.14,39341,0
GLD.US,5,20260224,194500,474.2,474.33,473.87,474.1852,34743,0
GLD.US,5,20260224,195000,474.2,474.45,474.16,474.255,43545,0
GLD.US,5,20260224,195500,474.245,474.51,474.16,474.22,47334,0
GLD.US,5,20260224,200000,474.26,474.27,473.8,473.9,37606,0
GLD.US,5,20260224,200500,473.87,473.9999,473.55,473.59,50267,0
GLD.US,5,20260224,201000,473.6,473.91,473.27,473.89,113120,0
GLD.US,5,20260224,201500,473.91,473.97,473.2,473.2105,76722,0
GLD.US,5,20260224,202000,473.26,473.45,472.97,473.05,53917,0
GLD.US,5,20260224,202500,473.05,473.51,473.02,473.44,40936,0
GLD.US,5,20260224,203000,473.48,473.64,473.19,473.59,32899,0
GLD.US,5,20260224,203500,473.59,473.9,473.55,473.8,25768,0
GLD.US,5,20260224,204000,473.8201,473.94,473.5,473.5,27482,0
GLD.US,5,20260224,204500,473.515,473.75,473.445,473.7,33790,0
GLD.US,5,20260224,205000,473.7,473.8,473.48,473.55,34311,0
GLD.US,5,20260224,205500,473.565,473.77,473.565,473.67,41605,0
GLD.US,5,20260224,210000,473.67,473.84,473.42,473.57,31236,0
GLD.US,5,20260224,210500,473.58,473.6,473.11,473.2736,50008,0
GLD.US,5,20260224,211000,473.3,473.3299,472.96,473.23,74741,0
GLD.US,5,20260224,211500,473.21,473.81,473.138,473.7547,59741,0
GLD.US,5,20260224,212000,473.77,474.72,473.77,474.65,72324,0
GLD.US,5,20260224,212500,474.655,475.12,474.55,474.9691,77072,0
GLD.US,5,20260224,213000,474.98,475.2,474.69,475.175,131551,0
GLD.US,5,20260224,213500,475.189,475.38,475.04,475.12,129653,0
GLD.US,5,20260224,214000,475.1,475.44,475.03,475.34,174836,0
GLD.US,5,20260224,214500,475.335,475.35,474.9,474.93,147874,0
GLD.US,5,20260224,215000,474.93,475.15,474.31,474.54,305701,0
GLD.US,5,20260224,215500,474.53,474.69,474.02,474.61,606147,0
GLD.US,5,20260225,153000,475.74,476.19,475.35,475.4801,231670,0
GLD.US,5,20260225,153500,475.55,475.73,474.11,474.12,186879,0
GLD.US,5,20260225,154000,474.1611,475.74,474.1,475.6,241542,0
GLD.US,5,20260225,154500,475.6125,476.22,475.56,476.2,270338,0
GLD.US,5,20260225,155000,476.17,476.91,476,476.83,308233,0
GLD.US,5,20260225,155500,476.81,477.37,476.76,477.07,495594,0
GLD.US,5,20260225,160000,477.09,477.97,476.8,477.74,179050,0
GLD.US,5,20260225,160500,477.77,478.11,477.42,477.46,183372,0
GLD.US,5,20260225,161000,477.5,477.5,476.94,477.2115,234715,0
GLD.US,5,20260225,161500,477.2,477.43,476.8,476.848,52078,0
GLD.US,5,20260225,162000,476.8588,477.05,476.35,476.5437,79995,0
GLD.US,5,20260225,162500,476.545,476.69,475.47,476.025,92923,0
GLD.US,5,20260225,163000,476,476.305,475.28,476.22,119986,0
GLD.US,5,20260225,163500,476.203,476.9579,476.17,476.765,114679,0
GLD.US,5,20260225,164000,476.745,477.24,476.66,477.06,78529,0
GLD.US,5,20260225,164500,477.04,477.67,476.64,477.6376,67848,0
GLD.US,5,20260225,165000,477.63,477.6362,477.17,477.4,78447,0
GLD.US,5,20260225,165500,477.46,477.68,477.24,477.37,41681,0
GLD.US,5,20260225,170000,477.37,477.71,477.21,477.34,50525,0
GLD.US,5,20260225,170500,477.335,477.41,476.96,477.0401,54607,0
GLD.US,5,20260225,171000,477.04,477.47,476.93,477.17,41244,0
GLD.US,5,20260225,171500,477.18,477.65,477.09,477.615,29258,0
GLD.US,5,20260225,172000,477.66,478.4599,477.6501,478.3462,83249,0
GLD.US,5,20260225,172500,478.35,478.46,477.99,478.15,48346,0
GLD.US,5,20260225,173000,478.16,478.5,477.82,478.4599,84171,0
GLD.US,5,20260225,173500,478.4653,478.56,478.09,478.22,45106,0
GLD.US,5,20260225,174000,478.19,478.61,478.19,478.61,77418,0
GLD.US,5,20260225,174500,478.61,479.125,478.51,478.6399,158318,0
GLD.US,5,20260225,175000,478.6001,479.06,478.6,478.98,35598,0
GLD.US,5,20260225,175500,479,479.08,478.8,479.03,68811,0
GLD.US,5,20260225,180000,479.01,479.06,478.64,478.7901,36829,0
GLD.US,5,20260225,180500,478.809,479.28,478.57,479.2499,53244,0
GLD.US,5,20260225,181000,479.21,479.53,479.18,479.27,84612,0
GLD.US,5,20260225,181500,479.28,479.2993,479,479.23,56313,0
GLD.US,5,20260225,182000,479.23,479.35,478.93,479.12,33889,0
GLD.US,5,20260225,182500,479.16,479.3548,479.02,479.04,73652,0
GLD.US,5,20260225,183000,479.15,479.2399,478.91,478.97,26514,0
GLD.US,5,20260225,183500,478.99,479.11,478.83,479.08,50097,0
GLD.US,5,20260225,184000,479.11,479.17,478.64,478.6688,44145,0
GLD.US,5,20260225,184500,478.71,478.73,478.29,478.49,37510,0
GLD.US,5,20260225,185000,478.4989,478.86,478.28,478.48,64475,0
GLD.US,5,20260225,185500,478.5,478.63,478.21,478.55,38968,0
GLD.US,5,20260225,190000,478.53,478.61,478.48,478.58,36642,0
GLD.US,5,20260225,190500,478.59,478.6,478.52,478.54,35313,0
GLD.US,5,20260225,191000,478.545,478.56,478.495,478.52,31706,0
GLD.US,5,20260225,191500,478.511,478.57,478.475,478.52,20217,0
GLD.US,5,20260225,192000,478.53,478.58,478.4601,478.49,48633,0
GLD.US,5,20260225,192500,478.48,478.539,478.47,478.5229,22799,0
GLD.US,5,20260225,193000,478.525,478.58,478.5,478.52,34232,0
GLD.US,5,20260225,193500,478.5285,478.5285,478.4,478.48,18603,0
GLD.US,5,20260225,194000,478.4725,478.5199,478.38,478.38,30590,0
GLD.US,5,20260225,194500,478.395,478.43,477.9401,477.9875,35538,0
GLD.US,5,20260225,195000,477.985,478.29,477.985,478.15,37449,0
GLD.US,5,20260225,195500,478.16,478.185,477.95,478.01,31058,0
GLD.US,5,20260225,200000,478.01,478.12,477.95,477.98,24172,0
GLD.US,5,20260225,200500,477.99,477.99,477.34,477.34,80562,0
GLD.US,5,20260225,201000,477.3301,478.6,477.11,478.54,110776,0
GLD.US,5,20260225,201500,478.54,478.54,477.92,477.93,51059,0
GLD.US,5,20260225,202000,477.92,477.97,477.31,477.55,77941,0
GLD.US,5,20260225,202500,477.57,478.09,477.25,478.09,72314,0
GLD.US,5,20260225,203000,478.12,478.28,477.8,478.09,30626,0
GLD.US,5,20260225,203500,478.07,478.51,477.93,477.93,89197,0
GLD.US,5,20260225,204000,477.94,478.38,477.9,478.33,86474,0
GLD.US,5,20260225,204500,478.34,478.68,477.93,478.41,179131,0
GLD.US,5,20260225,205000,478.37,478.7,477.95,478.4,143750,0
GLD.US,5,20260225,205500,478.44,478.63,478.26,478.34,135958,0
GLD.US,5,20260225,210000,478.39,478.43,477.62,478.09,188081,0
GLD.US,5,20260225,210500,478.09,478.47,477.99,478.16,121236,0
GLD.US,5,20260225,211000,478.15,478.5,477.49,477.55,135899,0
GLD.US,5,20260225,211500,477.51,477.57,476.39,476.5,201170,0
GLD.US,5,20260225,212000,476.52,476.85,476.3,476.85,80864,0
GLD.US,5,20260225,212500,476.87,477.32,476.57,476.6325,81407,0
GLD.US,5,20260225,213000,476.66,476.98,475.92,476.74,125997,0
GLD.US,5,20260225,213500,476.75,476.8,476.1201,476.3599,51392,0
GLD.US,5,20260225,214000,476.32,476.4,475.38,476.16,145300,0
GLD.US,5,20260225,214500,476.12,476.1585,474.72,475.4,256409,0
GLD.US,5,20260225,215000,475.36,476.13,475.25,475.87,174885,0
GLD.US,5,20260225,215500,475.87,475.89,472.9,473.42,608444,0
GLD.US,5,20260226,154500,475.3,475.5,474.68,474.82,37880,0
GLD.US,5,20260226,155000,474.94,475.04,474.43,474.9,55985,0
GLD.US,5,20260226,155500,474.87,475.16,474.465,474.52,113715,0
GLD.US,5,20260226,160000,474.49,475.25,473.98,474.82,114600,0
GLD.US,5,20260226,160500,474.84,475.02,474.44,474.72,70115,0
GLD.US,5,20260226,161000,474.76,475.13,474.21,474.29,94018,0
GLD.US,5,20260226,161500,474.29,474.37,473.11,473.92,148254,0
GLD.US,5,20260226,162000,473.92,474.26,473.3,473.49,91996,0
GLD.US,5,20260226,162500,473.6327,473.9,471.23,472.36,204771,0
GLD.US,5,20260226,163000,472.3,473.76,472.2268,473.42,107427,0
GLD.US,5,20260226,163500,473.54,474.97,473.4,474.91,95377,0
GLD.US,5,20260226,164000,474.9,475.64,474.67,475.525,248912,0
GLD.US,5,20260226,164500,475.5,476.54,475.44,476.12,208633,0
GLD.US,5,20260226,165000,476.17,477.15,476.01,476.86,163587,0
GLD.US,5,20260226,165500,476.83,477.1,476.18,476.4,148881,0
GLD.US,5,20260226,170000,476.41,476.55,475.73,475.76,106180,0
GLD.US,5,20260226,170500,475.79,475.965,475.62,475.71,77086,0
GLD.US,5,20260226,171000,475.72,475.98,475.27,475.62,67616,0
GLD.US,5,20260226,171500,475.65,476.4,475.36,476.04,60844,0
GLD.US,5,20260226,172000,476.0367,476.34,475.65,475.8,73158,0
GLD.US,5,20260226,172500,475.83,476.03,475.56,476.03,84888,0
GLD.US,5,20260226,173000,475.96,476.27,475.77,476.1561,92354,0
GLD.US,5,20260226,173500,476.19,476.35,475.87,476.13,94357,0
GLD.US,5,20260226,174000,476.195,476.5204,476,476.17,53924,0
GLD.US,5,20260226,174500,476.23,476.46,475.76,476.09,75475,0
GLD.US,5,20260226,175000,476.065,476.25,475.59,475.825,40404,0
GLD.US,5,20260226,175500,475.86,476.03,475.48,475.87,69418,0
GLD.US,5,20260226,180000,475.95,476.21,475.81,476.06,67535,0
GLD.US,5,20260226,180500,476.05,476.69,476.05,476.54,57484,0
GLD.US,5,20260226,181000,476.615,476.9199,475.9,475.92,57593,0
GLD.US,5,20260226,181500,475.96,476.04,475.41,475.665,121342,0
GLD.US,5,20260226,182000,475.69,476.06,475.685,475.88,35001,0
GLD.US,5,20260226,182500,475.8998,475.915,475.33,475.4,25825,0
GLD.US,5,20260226,183000,475.36,475.65,475.1584,475.62,52158,0
GLD.US,5,20260226,183500,475.61,475.7146,475.2915,475.395,60179,0
GLD.US,5,20260226,184000,475.42,475.67,475.35,475.44,52773,0
GLD.US,5,20260226,184500,475.46,475.53,474.6,475,50466,0
GLD.US,5,20260226,185000,474.99,475.27,474.53,474.7,63361,0
GLD.US,5,20260226,185500,474.6871,474.9,474.25,474.73,67649,0
GLD.US,5,20260226,190000,474.77,475.12,474.75,474.91,30219,0
GLD.US,5,20260226,190500,474.91,475.09,474.42,474.89,35290,0
GLD.US,5,20260226,191000,475,475.3283,474.93,475.315,17812,0
GLD.US,5,20260226,191500,475.28,475.575,475.17,475.37,18848,0
GLD.US,5,20260226,192000,475.37,475.63,475.35,475.41,29805,0
GLD.US,5,20260226,192500,475.44,475.75,475.33,475.605,28847,0
GLD.US,5,20260226,193000,475.63,475.96,474.54,474.71,191127,0
GLD.US,5,20260226,193500,474.6201,475.14,474.07,474.825,506470,0
GLD.US,5,20260226,194000,475.96,475.96,475.83,475.89,1407,0
GLD.US,5,20260226,194500,476.3,476.3,476.07,476.07,14208,0
GLD.US,5,20260226,200500,476.49,476.54,476.38,476.4985,5533,0
GLD.US,5,20260226,201000,476.5,476.67,476.36,476.49,44115,0
GLD.US,5,20260226,201500,476.5,476.6091,476.3538,476.58,36252,0
GLD.US,5,20260226,202000,476.59,476.73,476.4,476.42,46562,0
GLD.US,5,20260226,202500,476.41,476.53,476.32,476.41,36872,0
GLD.US,5,20260226,203000,476.47,476.72,476.22,476.71,52213,0
GLD.US,5,20260226,203500,476.73,476.9,476.23,476.26,54881,0
GLD.US,5,20260226,204000,476.24,476.54,476.24,476.4621,43744,0
GLD.US,5,20260226,204500,476.4638,477.17,476.46,477.17,57898,0
GLD.US,5,20260226,205000,477.175,477.1999,476.72,476.77,53337,0
GLD.US,5,20260226,205500,476.78,476.85,476.46,476.52,43870,0
GLD.US,5,20260226,210000,476.51,477.15,476.51,477.15,52586,0
GLD.US,5,20260226,210500,477.14,477.4,477.14,477.2738,66093,0
GLD.US,5,20260226,211000,477.2738,477.53,477.19,477.441,75730,0
GLD.US,5,20260226,211500,477.4437,477.48,476.9701,477.19,55552,0
GLD.US,5,20260226,212000,477.21,477.52,477.19,477.52,76526,0
GLD.US,5,20260226,212500,477.52,477.52,477.11,477.1537,72226,0
GLD.US,5,20260226,213000,477.1525,477.27,476.92,477.2137,79271,0
GLD.US,5,20260226,213500,477.2238,477.69,477.22,477.5225,64859,0
GLD.US,5,20260226,214000,477.53,477.66,477.42,477.58,83832,0
GLD.US,5,20260226,214500,477.6,477.83,477.5925,477.76,119238,0
GLD.US,5,20260226,215000,477.76,477.78,476.98,477.1,127566,0
GLD.US,5,20260226,215500,477.07,477.55,476.7737,477.48,1277494,0
GLD.US,5,20260227,153000,480.75,480.99,479.53,480.01,319575,0
GLD.US,5,20260227,153500,480.06,480.66,479.485,479.485,150550,0
GLD.US,5,20260227,154000,479.59,480.44,479.11,480.18,148952,0
GLD.US,5,20260227,154500,480.14,480.31,479.27,479.92,195168,0
GLD.US,5,20260227,155000,480.01,480.6,480.01,480.254,114796,0
GLD.US,5,20260227,155500,480.21,480.43,479.87,480.09,129253,0
GLD.US,5,20260227,160000,480.04,480.46,479.71,479.95,253752,0
GLD.US,5,20260227,160500,479.9235,481.26,479.88,480.65,257896,0
GLD.US,5,20260227,161000,480.71,481.58,480.71,481.34,244352,0
GLD.US,5,20260227,161500,481.39,481.55,479.71,479.99,203313,0
GLD.US,5,20260227,162000,479.95,480.17,479.3,479.58,130754,0
GLD.US,5,20260227,162500,479.59,480.76,479.22,480.76,155804,0
GLD.US,5,20260227,163000,480.78,481.029,480.43,480.52,137612,0
GLD.US,5,20260227,163500,480.51,481.23,480.32,480.82,115453,0
GLD.US,5,20260227,164000,480.75,481,480.53,480.75,165693,0
GLD.US,5,20260227,164500,480.745,481.33,480.65,481.21,154387,0
GLD.US,5,20260227,165000,481.21,481.885,480.79,481.015,298366,0
GLD.US,5,20260227,165500,481.01,482.26,480.99,481.54,391399,0
GLD.US,5,20260227,170000,481.57,482.13,481.05,481.94,115673,0
GLD.US,5,20260227,170500,481.95,482.14,481.61,481.9401,132290,0
GLD.US,5,20260227,171000,481.94,482.96,481.92,482.8784,213259,0
GLD.US,5,20260227,171500,482.83,483.173,482.48,482.51,196996,0
GLD.US,5,20260227,172000,482.508,482.51,479.89,480.675,246483,0
GLD.US,5,20260227,172500,480.65,481.23,480.395,481.06,192406,0
GLD.US,5,20260227,173000,481.07,481.44,480.7,480.89,99179,0
GLD.US,5,20260227,173500,480.91,481.42,480.6,481.18,80454,0
GLD.US,5,20260227,174000,481.175,481.43,480.91,481.18,147498,0
GLD.US,5,20260227,174500,481.16,481.36,480.88,481.06,93629,0
GLD.US,5,20260227,175000,481.1,481.4,480.65,480.74,108475,0
GLD.US,5,20260227,175500,480.77,480.9,480.52,480.565,120890,0
GLD.US,5,20260227,180000,480.59,480.99,480.28,480.84,77074,0
GLD.US,5,20260227,180500,480.83,481.05,480.67,480.89,38535,0
GLD.US,5,20260227,181000,480.88,481.19,480.535,480.75,47661,0
GLD.US,5,20260227,181500,480.7638,480.806,480.4,480.41,57651,0
GLD.US,5,20260227,182000,480.45,480.665,480.015,480.459,57316,0
GLD.US,5,20260227,182500,480.43,480.76,480.41,480.51,78489,0
GLD.US,5,20260227,183000,480.46,480.66,479.71,480.48,165061,0
GLD.US,5,20260227,183500,480.49,480.6,480.06,480.54,108230,0
GLD.US,5,20260227,184000,480.5,481.1638,480.47,481.1638,66764,0
GLD.US,5,20260227,184500,480.97,481.28,480.95,481.2009,46119,0
GLD.US,5,20260227,185000,481.2,481.2797,480.8,481.08,67808,0
GLD.US,5,20260227,185500,481.07,481.15,480.83,481.05,56084,0
GLD.US,5,20260227,190000,481.06,481.38,480.94,481.19,47113,0
GLD.US,5,20260227,190500,481.1701,481.3,480.96,481.11,33331,0
GLD.US,5,20260227,191000,481.085,481.18,480.94,480.9401,64117,0
GLD.US,5,20260227,191500,480.94,481.0499,480.82,480.88,46045,0
GLD.US,5,20260227,192000,480.92,481.01,480.3,480.45,158495,0
GLD.US,5,20260227,192500,480.44,480.87,479.93,480.7,140938,0
GLD.US,5,20260227,193000,480.69,480.89,480.32,480.51,66408,0
GLD.US,5,20260227,193500,480.55,480.8199,480.5,480.72,57506,0
GLD.US,5,20260227,194000,480.73,481.56,480.69,481.54,60982,0
GLD.US,5,20260227,194500,481.52,481.955,481.45,481.92,73072,0
GLD.US,5,20260227,195000,481.9,482.07,481.58,482.06,91225,0
GLD.US,5,20260227,195500,482.0825,482.1899,481.89,482.03,129215,0
GLD.US,5,20260227,200000,482.025,482.55,482.01,482.52,101852,0
GLD.US,5,20260227,200500,482.51,482.52,482.28,482.3,136088,0
GLD.US,5,20260227,201000,482.29,482.35,481.57,482.13,102330,0
GLD.US,5,20260227,201500,482.15,482.67,481.98,482.48,80979,0
GLD.US,5,20260227,202000,482.47,482.53,482.1,482.28,48968,0
GLD.US,5,20260227,202500,482.28,482.4193,482.12,482.28,71385,0
GLD.US,5,20260227,203000,482.335,482.58,482.27,482.3899,38593,0
GLD.US,5,20260227,203500,482.41,482.54,482.19,482.2,42315,0
GLD.US,5,20260227,204000,482.21,482.28,481.9,482.1,44365,0
GLD.US,5,20260227,204500,482.11,482.3,482.05,482.28,46801,0
GLD.US,5,20260227,205000,482.31,482.52,482.31,482.36,41048,0
GLD.US,5,20260227,205500,482.38,482.61,482.31,482.5,107039,0
GLD.US,5,20260227,210000,482.49,482.7,482.33,482.36,88710,0
GLD.US,5,20260227,210500,482.38,482.655,482.38,482.6,46980,0
GLD.US,5,20260227,211000,482.605,482.71,482.55,482.64,88889,0
GLD.US,5,20260227,211500,482.66,483.04,482.66,482.93,83483,0
GLD.US,5,20260227,212000,482.91,483.6,482.86,483.51,153970,0
GLD.US,5,20260227,212500,483.51,483.55,483.05,483.1,141178,0
GLD.US,5,20260227,213000,483.08,483.45,483.05,483.31,118596,0
GLD.US,5,20260227,213500,483.27,483.2899,482.88,483.1,101393,0
GLD.US,5,20260227,214000,483.09,483.68,483.09,483.41,182624,0
GLD.US,5,20260227,214500,483.395,483.69,483.37,483.6,206230,0
GLD.US,5,20260227,215000,483.62,483.78,483.52,483.7,291205,0
GLD.US,5,20260227,215500,483.69,483.9,483.37,483.68,613216,0
GLD.US,5,20260302,153000,490.095,490.8,487.5,488.5,570983,0
GLD.US,5,20260302,153500,488.395,491.7296,487.91,491.64,439406,0
GLD.US,5,20260302,154000,491.64,492.15,491.11,491.33,332736,0
GLD.US,5,20260302,154500,491.385,491.71,489.92,490.82,308478,0
GLD.US,5,20260302,155000,490.82,490.97,488.95,490.4,331753,0
GLD.US,5,20260302,155500,490.38,490.59,489.54,490.01,239228,0
GLD.US,5,20260302,160000,489.995,490.04,488.59,489.73,285603,0
GLD.US,5,20260302,160500,489.75,491.25,488.02,490.3,436784,0
GLD.US,5,20260302,161000,490.2951,490.9299,489.2301,490.09,189177,0
GLD.US,5,20260302,161500,490.14,490.3534,488.59,489.1,556298,0
GLD.US,5,20260302,162000,489.03,490.15,488.83,490.03,455703,0
GLD.US,5,20260302,162500,490.035,490.58,489.46,489.79,124696,0
GLD.US,5,20260302,163000,489.755,491.37,489.71,491.21,166166,0
GLD.US,5,20260302,163500,491.21,491.48,490.3,491.35,89684,0
GLD.US,5,20260302,164000,491.42,491.4287,490.39,490.86,68572,0
GLD.US,5,20260302,164500,490.85,491.12,489.39,490.135,118202,0
GLD.US,5,20260302,165000,490.1,490.38,489.43,490.06,114308,0
GLD.US,5,20260302,165500,490.05,490.05,487.7,488.4,268860,0
GLD.US,5,20260302,170000,488.34,488.34,483.28,484.56,834301,0
GLD.US,5,20260302,170500,484.53,486.569,484.52,485.9587,758939,0
GLD.US,5,20260302,171000,485.97,487.23,485.37,487.0523,222842,0
GLD.US,5,20260302,171500,487.0599,487.0899,485.18,485.4918,184551,0
GLD.US,5,20260302,172000,485.59,487.08,485.32,486.92,102231,0
GLD.US,5,20260302,172500,487.0099,488.315,486.94,487.935,143807,0
GLD.US,5,20260302,173000,487.91,488.05,486.41,486.8,165559,0
GLD.US,5,20260302,173500,486.8153,487.61,485.3731,487.6,150989,0
GLD.US,5,20260302,174000,487.63,488.12,486.8101,487.14,110659,0
GLD.US,5,20260302,174500,487.12,487.5199,486.43,486.88,136413,0
GLD.US,5,20260302,175000,486.96,487.33,486.1001,486.635,112460,0
GLD.US,5,20260302,175500,486.6945,487.21,486.06,486.09,72044,0
GLD.US,5,20260302,180000,486.02,486.94,485.76,486.94,98917,0
GLD.US,5,20260302,180500,486.95,487.91,486.93,487.35,94493,0
GLD.US,5,20260302,181000,487.3,487.3,486.41,486.78,67237,0
GLD.US,5,20260302,181500,486.89,486.93,486.2201,486.63,50227,0
GLD.US,5,20260302,182000,486.56,487.5,486.56,487.4,47988,0
GLD.US,5,20260302,182500,487.42,488.13,487.17,487.45,105158,0
GLD.US,5,20260302,183000,487.48,488.9,487.45,488.86,154119,0
GLD.US,5,20260302,183500,488.83,488.83,487.9101,487.9101,70282,0
GLD.US,5,20260302,184000,487.83,488.04,487.35,487.41,44106,0
GLD.US,5,20260302,184500,487.43,488.04,487.21,487.465,37039,0
GLD.US,5,20260302,185000,487.42,487.63,486.875,487.31,53151,0
GLD.US,5,20260302,185500,487.32,487.9,487.2778,487.67,29951,0
GLD.US,5,20260302,190000,487.67,487.75,486.87,486.955,27730,0
GLD.US,5,20260302,190500,487,487.14,486.19,486.24,76329,0
GLD.US,5,20260302,191000,486.36,486.79,486.0501,486.58,64777,0
GLD.US,5,20260302,191500,486.59,487.54,486.555,487.28,38202,0
GLD.US,5,20260302,192000,487.28,487.53,486.59,486.62,26788,0
GLD.US,5,20260302,192500,486.57,487.21,486.4,486.84,33989,0
GLD.US,5,20260302,193000,486.85,486.87,486.42,486.84,33233,0
GLD.US,5,20260302,193500,486.94,486.96,486.16,486.52,39669,0
GLD.US,5,20260302,194000,486.5233,487.3,486.5233,487.22,30118,0
GLD.US,5,20260302,194500,487.24,488.21,487.18,488.02,59626,0
GLD.US,5,20260302,195000,488.03,488.55,487.712,488.43,58968,0
GLD.US,5,20260302,195500,488.41,488.45,488.03,488.42,30629,0
GLD.US,5,20260302,200000,488.43,489.42,488.3,489.27,57591,0
GLD.US,5,20260302,200500,489.29,489.8077,489.05,489.76,77231,0
GLD.US,5,20260302,201000,489.73,490.1,489.48,489.83,170105,0
GLD.US,5,20260302,201500,489.87,489.9676,488.79,489.36,73840,0
GLD.US,5,20260302,202000,489.36,489.5,488.89,489.33,63302,0
GLD.US,5,20260302,202500,489.35,490.09,489.35,489.87,45513,0
GLD.US,5,20260302,203000,489.93,490,489.43,489.83,51158,0
GLD.US,5,20260302,203500,489.83,490.18,489.69,489.7,36081,0
GLD.US,5,20260302,204000,489.71,489.84,489.31,489.356,40472,0
GLD.US,5,20260302,204500,489.3348,489.88,489.25,489.635,31594,0
GLD.US,5,20260302,205000,489.6312,489.6699,489.145,489.52,36777,0
GLD.US,5,20260302,205500,489.5,490,489.49,489.859,37172,0
GLD.US,5,20260302,210000,489.85,490.14,489.6501,489.96,59128,0
GLD.US,5,20260302,210500,489.99,490.99,489.85,490.67,106638,0
GLD.US,5,20260302,211000,490.66,491.33,490.53,490.53,162450,0
GLD.US,5,20260302,211500,490.53,491.09,489.6,489.7,145441,0
GLD.US,5,20260302,212000,489.73,491.19,489.68,491.1,85641,0
GLD.US,5,20260302,212500,491.09,491.3,489.77,490.08,109260,0
GLD.US,5,20260302,213000,490.15,490.89,489.99,490.48,68251,0
GLD.US,5,20260302,213500,490.455,491.1425,490.3989,490.84,74548,0
GLD.US,5,20260302,214000,490.9,491.1485,490.77,490.91,119714,0
GLD.US,5,20260302,214500,490.89,490.91,490.24,490.51,108692,0
GLD.US,5,20260302,215000,490.51,490.94,490.22,490.66,188580,0
GLD.US,5,20260302,215500,490.63,490.93,489.87,489.98,283868,0
GLD.US,5,20260303,153000,472.87,472.92,469.85,470.49,412082,0
GLD.US,5,20260303,153500,470.49,471.6,468.78,471.3,296237,0
GLD.US,5,20260303,154000,471.28,471.285,465.0501,465.69,555341,0
GLD.US,5,20260303,154500,465.8,466.49,464.075,464.81,532096,0
GLD.US,5,20260303,155000,464.81,464.85,461.08,463.99,361315,0
GLD.US,5,20260303,155500,463.97,465.195,462.6481,462.82,439938,0
GLD.US,5,20260303,160000,462.82,465.84,462.2501,462.58,398089,0
GLD.US,5,20260303,160500,462.41,465.32,461.81,463.53,333328,0
GLD.US,5,20260303,161000,463.5,464.289,461.7401,462.72358,278438,0
GLD.US,5,20260303,161500,462.79,463.54,458.93,461.6,627066,0
GLD.US,5,20260303,162000,461.64,463.6699,461.13,463.04,373214,0
GLD.US,5,20260303,162500,463.02,464.26,462.82,463.41,319106,0
GLD.US,5,20260303,163000,463.37,465.12,462.7701,464.68,174071,0
GLD.US,5,20260303,163500,464.73,465.92,464.13,465.68,239513,0
GLD.US,5,20260303,164000,465.64,466.09,464.61,465.09,186935,0
GLD.US,5,20260303,164500,465.1,466.51,464.41,466.12,246556,0
GLD.US,5,20260303,165000,466.04,467.34,465.08,466.94,383844,0
GLD.US,5,20260303,165500,466.9,468.4081,466.44,468.27,370238,0
GLD.US,5,20260303,170000,468.27,469.645,467.8,469.445,347030,0
GLD.US,5,20260303,170500,469.4,470.75,469.33,469.77,226274,0
GLD.US,5,20260303,171000,469.77,470,468.67,469.37,195417,0
GLD.US,5,20260303,171500,469.395,469.94,468.5725,469.28,148996,0
GLD.US,5,20260303,172000,469.2,471.04,469.06,470.6046,115712,0
GLD.US,5,20260303,172500,470.65,471,469.8,469.8,184535,0
GLD.US,5,20260303,173000,469.775,470.2,469.3,469.74,151742,0
GLD.US,5,20260303,173500,469.62,471.73,469.62,470.83,243091,0
GLD.US,5,20260303,174000,470.78,471.04,469.3499,469.4865,96311,0
GLD.US,5,20260303,174500,469.64,470.07,468.68,469.55,141248,0
GLD.US,5,20260303,175000,469.62,469.9,468.8,469.65,87079,0
GLD.US,5,20260303,175500,469.695,469.695,468.45,469.2,71102,0
GLD.US,5,20260303,180000,469.125,469.1258,466.87,467.41,304984,0
GLD.US,5,20260303,180500,467.38,468.05,466.85,467.89,111225,0
GLD.US,5,20260303,181000,467.82,468.56,467.508,468.46,81738,0
GLD.US,5,20260303,181500,468.49,469.61,468.3701,469.255,99891,0
GLD.US,5,20260303,182000,469.27,469.34,468,468.14,79879,0
GLD.US,5,20260303,182500,468.2,468.42,466.92,467.175,89606,0
GLD.US,5,20260303,183000,467.19,467.3,465.93,466.29,111237,0
GLD.US,5,20260303,183500,466.26,466.64,465.41,466.34,100118,0
GLD.US,5,20260303,184000,466.31,467.32,466.07,466.68,61345,0
GLD.US,5,20260303,184500,466.73,467.22,466.6,467.02,44805,0
GLD.US,5,20260303,185000,466.96,466.97,465.73,466.14,53196,0
GLD.US,5,20260303,185500,466.11,467,465.68,466.73,41777,0
GLD.US,5,20260303,190000,466.73,468.15,466.65,468.03,69661,0
GLD.US,5,20260303,190500,467.9109,468.77,467.77,468.49,48562,0
GLD.US,5,20260303,191000,468.4753,469,468.275,468.965,95881,0
GLD.US,5,20260303,191500,469,469.1,468.45,468.6267,70171,0
GLD.US,5,20260303,192000,468.63,468.74,468.04,468.45,60082,0
GLD.US,5,20260303,192500,468.52,470.17,468.42,469.7799,108941,0
GLD.US,5,20260303,193000,469.68,470.3499,469.36,470.15,80333,0
GLD.US,5,20260303,193500,470.149,472.05,469.78,471.63,138800,0
GLD.US,5,20260303,194000,471.62,472.07,471.38,471.72,102649,0
GLD.US,5,20260303,194500,471.73,471.99,471.15,471.68,148594,0
GLD.US,5,20260303,195000,471.69,472.16,471.605,472.01,45565,0
GLD.US,5,20260303,195500,471.99,472.2192,471.45,472.02,225125,0
GLD.US,5,20260303,200000,472,473.2,471.83,472.36,153569,0
GLD.US,5,20260303,200500,472.39,472.54,471.19,471.24,214308,0
GLD.US,5,20260303,201000,471.19,471.23,469.59,469.75,96569,0
GLD.US,5,20260303,201500,469.83,470.6025,468.81,469.92,98041,0
GLD.US,5,20260303,202000,469.89,470.57,469.79,470.15,55273,0
GLD.US,5,20260303,202500,470.16,470.18,468.9,469.24,75227,0
GLD.US,5,20260303,203000,469.25,469.81,468.72,468.83,63715,0
GLD.US,5,20260303,203500,468.87,469.915,468.57,469.65,95885,0
GLD.US,5,20260303,204000,469.69,470.38,469.35,470.35,71689,0
GLD.US,5,20260303,204500,470.3501,471.25,470.175,470.77,91216,0
GLD.US,5,20260303,205000,470.73,471.02,469.9,470.55,73119,0
GLD.US,5,20260303,205500,470.58,470.58,469.273,469.83,54603,0
GLD.US,5,20260303,210000,469.87,471.065,469.84,470.09,83570,0
GLD.US,5,20260303,210500,470.13,470.44,469.68,469.98,58962,0
GLD.US,5,20260303,211000,470.08,470.75,470.055,470.36,79366,0
GLD.US,5,20260303,211500,470.39,470.605,469.87,470,96545,0
GLD.US,5,20260303,212000,470.04,471.44,470.04,471.34,108739,0
GLD.US,5,20260303,212500,471.3,471.38,470.6721,470.72,87405,0
GLD.US,5,20260303,213000,470.76,471.04,469.51,470.04,127352,0
GLD.US,5,20260303,213500,469.9518,470.64,469.25,469.45,99872,0
GLD.US,5,20260303,214000,469.48,469.88,468.7909,469.7,103358,0
GLD.US,5,20260303,214500,469.68,469.89,468.72,469.025,118745,0
GLD.US,5,20260303,215000,469.05,469.19,467.31,468.1521,292083,0
GLD.US,5,20260303,215500,468.21,468.75,467.98,468.22,670286,0
GLD.US,5,20260304,153000,474.8,476.4,474.405,475.9,156615,0
GLD.US,5,20260304,153500,475.88,476.32,474.85,475.18,99528,0
GLD.US,5,20260304,154000,475.11,476.05,474.78,475.2,124255,0
GLD.US,5,20260304,154500,475.21,475.9463,472.44,473.74,200793,0
GLD.US,5,20260304,155000,473.68,474.19,472.62,473.325,143280,0
GLD.US,5,20260304,155500,473.15,473.26,472.08,472.86,112120,0
GLD.US,5,20260304,160000,472.75,474.37,472.39,474.0699,139781,0
GLD.US,5,20260304,160500,474.1,474.25,472.27,473.355,144376,0
GLD.US,5,20260304,161000,473.33,473.57,471.44,471.73,195750,0
GLD.US,5,20260304,161500,471.72,472.85,471.62,472.47,196746,0
GLD.US,5,20260304,162000,472.42,473.37,472.39,473.11,224342,0
GLD.US,5,20260304,162500,473.15,474.17,473.05,473.86,144755,0
GLD.US,5,20260304,163000,473.86,474.35,473.8,474.17,61019,0
GLD.US,5,20260304,163500,474.235,474.8,473.435,473.49,95079,0
GLD.US,5,20260304,164000,473.47,473.69,472.0501,472.65,112267,0
GLD.US,5,20260304,164500,472.57,472.63,471.615,472.34,70192,0
GLD.US,5,20260304,165000,472.33,473.43,472.08,473.1316,93490,0
GLD.US,5,20260304,165500,473.08,473.5189,472.9358,473.33,87847,0
GLD.US,5,20260304,170000,473.35,474.41,473.35,473.92,73268,0
GLD.US,5,20260304,170500,474,474.03,473.07,473.08,99364,0
GLD.US,5,20260304,171000,473.1,473.5,472.62,473.0962,86647,0
GLD.US,5,20260304,171500,473.1099,473.16,472.55,472.96,69890,0
GLD.US,5,20260304,172000,473,473.73,472.14,472.41,95589,0
GLD.US,5,20260304,172500,472.36,473.48,472.34,472.93,86996,0
GLD.US,5,20260304,173000,472.9,473.72,472.68,473.51,56414,0
GLD.US,5,20260304,173500,473.53,473.77,473.05,473.26,120929,0
GLD.US,5,20260304,174000,473.245,474.08,472.835,472.855,197245,0
GLD.US,5,20260304,174500,472.825,473.42,472.49,472.955,238169,0
GLD.US,5,20260304,175000,472.955,473.29,472.5801,473,121321,0
GLD.US,5,20260304,175500,472.97,473.1899,472.72,473.09,48624,0
GLD.US,5,20260304,180000,473.09,473.39,472.72,473.19,55479,0
GLD.US,5,20260304,180500,473.21,473.5,472.86,472.95,41516,0
GLD.US,5,20260304,181000,472.9,473.15,472.5,472.83,60502,0
GLD.US,5,20260304,181500,472.855,473.17,472.78,472.85,41596,0
GLD.US,5,20260304,182000,472.8,472.9299,470.4,471.19,273679,0
GLD.US,5,20260304,182500,471.18,472.27,471.18,471.63,105805,0
GLD.US,5,20260304,183000,471.66,472.15,471,471.89,68551,0
GLD.US,5,20260304,183500,471.975,472.0999,471.55,471.7288,31385,0
GLD.US,5,20260304,184000,471.68,472.2,471.5254,471.98,70753,0
GLD.US,5,20260304,184500,472.05,472.37,471.83,472.35,35312,0
GLD.US,5,20260304,185000,472.29,472.775,472.1867,472.54,50032,0
GLD.US,5,20260304,185500,472.66,472.95,472.19,472.41,55225,0
GLD.US,5,20260304,190000,472.4,472.58,471.5,471.6101,81545,0
GLD.US,5,20260304,190500,471.665,471.99,471.27,471.47,50365,0
GLD.US,5,20260304,191000,471.45,471.45,470.05,470.84,140033,0
GLD.US,5,20260304,191500,470.905,470.905,470.13,470.2876,70339,0
GLD.US,5,20260304,192000,470.32,471.15,469.55,470.86,85574,0
GLD.US,5,20260304,192500,470.81,471.12,470.49,470.71,53295,0
GLD.US,5,20260304,193000,470.7,471.285,470.43,470.97,55583,0
GLD.US,5,20260304,193500,470.98,471.3,470.12,470.22,58001,0
GLD.US,5,20260304,194000,470.21,471.035,469.39,470.96,67598,0
GLD.US,5,20260304,194500,470.97,471.61,470.8,471.61,28867,0
GLD.US,5,20260304,195000,471.65,471.75,471.37,471.4,33074,0
GLD.US,5,20260304,195500,471.45,471.82,471.29,471.72,17658,0
GLD.US,5,20260304,200000,471.76,472,471.21,471.43,42833,0
GLD.US,5,20260304,200500,471.38,471.72,471.35,471.6457,14584,0
GLD.US,5,20260304,201000,471.635,471.7159,471.0013,471.5,25756,0
GLD.US,5,20260304,201500,471.55,471.68,471.11,471.1683,39335,0
GLD.US,5,20260304,202000,471.115,471.3,470.97,471.11,39765,0
GLD.US,5,20260304,202500,471.06,471.19,470.85,470.85,54382,0
GLD.US,5,20260304,203000,470.84,471.37,470.74,471.11,32275,0
GLD.US,5,20260304,203500,471.07,471.32,470.95,471.095,26285,0
GLD.US,5,20260304,204000,471.06,471.5746,471.05,471.44,32879,0
GLD.US,5,20260304,204500,471.46,471.89,471.34,471.6787,32922,0
GLD.US,5,20260304,205000,471.7,471.95,471.54,471.89,25045,0
GLD.US,5,20260304,205500,471.88,472.28,471.84,472.04,87839,0
GLD.US,5,20260304,210000,472.09,472.21,471.73,471.77,29603,0
GLD.US,5,20260304,210500,471.775,471.83,471.37,471.43,39050,0
GLD.US,5,20260304,211000,471.44,471.51,471.12,471.34,24673,0
GLD.US,5,20260304,211500,471.35,471.35,470.77,471.16,98407,0
GLD.US,5,20260304,212000,471.165,471.59,471.12,471.52,31223,0
GLD.US,5,20260304,212500,471.55,472.155,471.53,472,88935,0
GLD.US,5,20260304,213000,472.16,472.31,472.03,472.06,71706,0
GLD.US,5,20260304,213500,472.04,472.5,471.98,472.37,42034,0
GLD.US,5,20260304,214000,472.38,472.9,472.33,472.6288,35544,0
GLD.US,5,20260304,214500,472.65,472.6899,471.8,472.2,204368,0
GLD.US,5,20260304,215000,472.2,472.205,471.62,471.8,121999,0
GLD.US,5,20260304,215500,471.79,472.11,471.56,471.76,214528,0
GLD.US,5,20260305,153000,470.45,470.6294,468.9,470.6,144684,0
GLD.US,5,20260305,153500,470.5,470.67,467.63,468.17,169027,0
GLD.US,5,20260305,154000,468.3,469.3,467.61,468.2,163253,0
GLD.US,5,20260305,154500,468.1808,469.15,467.65,468.24,104647,0
GLD.US,5,20260305,155000,468.24,469.07,467.96,468.66,62718,0
GLD.US,5,20260305,155500,468.71,469.5,468.24,468.6,113018,0
GLD.US,5,20260305,160000,468.62,470.3,468.03,468.07,599124,0
GLD.US,5,20260305,160500,468.07,468.98,464.78,465.67,578329,0
GLD.US,5,20260305,161000,465.77,467.5,465.1001,467.05,451273,0
GLD.US,5,20260305,161500,467.045,467.89,466.785,467.29,294254,0
GLD.US,5,20260305,162000,467.23,467.39,466.45,466.48,177216,0
GLD.US,5,20260305,162500,466.48,467.23,465.82,467.19,118082,0
GLD.US,5,20260305,163000,467.2,467.818,466.79,467.818,88521,0
GLD.US,5,20260305,163500,467.82,467.86,466.63,466.8332,90042,0
GLD.US,5,20260305,164000,466.9,467.43,466.36,466.62,71289,0
GLD.US,5,20260305,164500,466.65,467.735,466.59,467.335,66365,0
GLD.US,5,20260305,165000,467.35,468.29,467.215,468.19,111414,0
GLD.US,5,20260305,165500,468.2,468.72,467.685,468.71,92715,0
GLD.US,5,20260305,170000,468.68,468.82,467.87,467.8934,85018,0
GLD.US,5,20260305,170500,467.85,467.93,466.26,466.31,98825,0
GLD.US,5,20260305,171000,466.305,466.98,466.06,466.9038,64627,0
GLD.US,5,20260305,171500,466.835,467.14,465.86,466.48,72143,0
GLD.US,5,20260305,172000,466.47,466.5,465.1,465.22,75627,0
GLD.US,5,20260305,172500,465.18,466.03,464.73,465.105,115405,0
GLD.US,5,20260305,173000,465.17,465.56,464.24,465.14,150132,0
GLD.US,5,20260305,173500,465.13,465.74,464.54,465.39,199237,0
GLD.US,5,20260305,174000,465.4,465.95,465,465.785,107534,0
GLD.US,5,20260305,174500,465.76,466.55,465.76,466.52,45599,0
GLD.US,5,20260305,175000,466.57,466.73,465.7425,466.475,107652,0
GLD.US,5,20260305,175500,466.475,466.66,466.08,466.365,41030,0
GLD.US,5,20260305,180000,466.45,467.17,466.05,467.17,29025,0
GLD.US,5,20260305,180500,467.1101,467.32,466.7626,467.27,51682,0
GLD.US,5,20260305,181000,467.21,467.47,466.85,467.1999,35614,0
GLD.US,5,20260305,181500,467.25,467.41,466.78,467.0513,39793,0
GLD.US,5,20260305,182000,467.07,467.17,466.56,467.03,47738,0
GLD.US,5,20260305,182500,467.06,467.21,466.16,466.39,50504,0
GLD.US,5,20260305,183000,466.12,466.3291,465.42,465.58,66686,0
GLD.US,5,20260305,183500,465.58,465.58,464.3,465.48,107890,0
GLD.US,5,20260305,184000,465.5,465.72,464.62,465.088,134393,0
GLD.US,5,20260305,184500,465.13,465.61,464.76,465.39,77215,0
GLD.US,5,20260305,185000,465.42,465.53,464.6,464.675,49472,0
GLD.US,5,20260305,185500,464.7,465.29,464.3601,465.03,47798,0
GLD.US,5,20260305,190000,464.98,465.27,463.91,465.26,74599,0
GLD.US,5,20260305,190500,465.255,465.88,465.1,465.61,78339,0
GLD.US,5,20260305,191000,465.61,466.05,465.55,465.89,39846,0
GLD.US,5,20260305,191500,465.92,466.24,465.73,465.74,58350,0
GLD.US,5,20260305,192000,465.7977,466.24,465.1775,465.31,98529,0
GLD.US,5,20260305,192500,465.34,465.89,464.88,465.8,80940,0
GLD.US,5,20260305,193000,465.74,466.55,465.71,466.04,87949,0
GLD.US,5,20260305,193500,466.1,466.7132,465.7601,466.65,45026,0
GLD.US,5,20260305,194000,466.77,467.07,466.63,466.87,42742,0
GLD.US,5,20260305,194500,466.9,466.9,466.32,466.49,30949,0
GLD.US,5,20260305,195000,466.44,466.48,465.45,465.9582,76051,0
GLD.US,5,20260305,195500,465.96,466.08,465.5,465.63,30057,0
GLD.US,5,20260305,200000,465.61,466.5,465.47,466.455,38474,0
GLD.US,5,20260305,200500,466.5,466.74,466.16,466.23,28306,0
GLD.US,5,20260305,201000,466.32,466.3899,465.95,466.03,40251,0
GLD.US,5,20260305,201500,465.94,465.97,464.94,465.7,80969,0
GLD.US,5,20260305,202000,465.72,465.91,465.09,465.7,129047,0
GLD.US,5,20260305,202500,465.66,465.74,465.12,465.4,34572,0
GLD.US,5,20260305,203000,465.38,465.385,464.5901,464.87,103852,0
GLD.US,5,20260305,203500,464.87,465.19,464.41,464.84,57478,0
GLD.US,5,20260305,204000,464.88,465.5,464.83,465.35,43610,0
GLD.US,5,20260305,204500,465.365,465.67,465.14,465.48,45699,0
GLD.US,5,20260305,205000,465.48,465.74,465.15,465.31,45071,0
GLD.US,5,20260305,205500,465.33,465.51,465,465.33,24606,0
GLD.US,5,20260305,210000,465.35,465.67,465.15,465.46,103598,0
GLD.US,5,20260305,210500,465.41,465.76,464.98,465.45,41662,0
GLD.US,5,20260305,211000,465.46,466.61,465.46,466.58,109366,0
GLD.US,5,20260305,211500,466.56,467.96,466.56,467.6,130649,0
GLD.US,5,20260305,212000,467.61,467.71,466.45,466.65,81450,0
GLD.US,5,20260305,212500,466.64,467.2,466.22,466.6225,171857,0
GLD.US,5,20260305,213000,466.66,466.81,466.2,466.24,147723,0
GLD.US,5,20260305,213500,466.2795,466.75,466.05,466.49,86899,0
GLD.US,5,20260305,214000,466.43,466.79,466.16,466.65,79382,0
GLD.US,5,20260305,214500,466.66,466.74,465.92,466.54,95252,0
GLD.US,5,20260305,215000,466.54,466.69,465.98,466.3,215637,0
GLD.US,5,20260305,215500,466.28,466.72,466.13,466.22,371383,0
GLD.US,5,20260306,153000,469.04,470.04,468.51,469.12,171904,0
GLD.US,5,20260306,153500,469.2,469.3,467.33,467.67,218111,0
GLD.US,5,20260306,154000,467.51,468.16,467.08,467.51,115638,0
GLD.US,5,20260306,154500,467.625,468.55,467.36,467.675,108135,0
GLD.US,5,20260306,155000,467.72,469.11,467.6951,468.89,74127,0
GLD.US,5,20260306,155500,468.86,471.63,468.85,471.38,237245,0
GLD.US,5,20260306,160000,471.48,473.98,471.17,472.6901,439452,0
GLD.US,5,20260306,160500,472.68,474.06,472.67,473.37,227156,0
GLD.US,5,20260306,161000,473.33,473.88,472.0509,473.12,259699,0
GLD.US,5,20260306,161500,473.13,473.51,472.66,473.24,154247,0
GLD.US,5,20260306,162000,473.23,474.86,473.23,474.68,180113,0
GLD.US,5,20260306,162500,474.73,475.14,473.79,474.26,267199,0
GLD.US,5,20260306,163000,474.25,474.64,473.51,473.66,150219,0
GLD.US,5,20260306,163500,473.68,474.33,473.46,473.8,91322,0
GLD.US,5,20260306,164000,473.82,474.1,473.13,473.45,111080,0
GLD.US,5,20260306,164500,473.51,473.87,472.6173,472.82,99260,0
GLD.US,5,20260306,165000,472.83,472.86,471.73,472.4,73451,0
GLD.US,5,20260306,165500,472.38,473,472.1,472.43,59966,0
GLD.US,5,20260306,170000,472.5,473.21,472.27,473.0501,46090,0
GLD.US,5,20260306,170500,473,473.1,472.45,472.72,51024,0
GLD.US,5,20260306,171000,472.62,472.72,471.85,472.56,46469,0
GLD.US,5,20260306,171500,472.57,473.4481,472.55,473.06,62275,0
GLD.US,5,20260306,172000,473.16,473.27,472.14,472.29,33752,0
GLD.US,5,20260306,172500,472.285,472.5,471.9,472.445,93166,0
GLD.US,5,20260306,173000,472.5,472.83,471.58,472.03,98310,0
GLD.US,5,20260306,173500,472.02,472.32,471.2876,471.36,106204,0
GLD.US,5,20260306,174000,471.42,472.4699,470.93,472.36,84422,0
GLD.US,5,20260306,174500,472.37,472.99,472.33,472.47,67740,0
GLD.US,5,20260306,175000,472.41,472.96,472.28,472.28,46087,0
GLD.US,5,20260306,175500,472.32,472.58,471.275,472.25,274699,0
GLD.US,5,20260306,180000,472.34,472.53,471.63,471.63,86275,0
GLD.US,5,20260306,180500,471.63,472.04,471.25,471.9206,100540,0
GLD.US,5,20260306,181000,471.97,472.25,471.72,471.95,81844,0
GLD.US,5,20260306,181500,471.97,472.59,471.63,472.555,76843,0
GLD.US,5,20260306,182000,472.59,472.76,472.18,472.66,54367,0
GLD.US,5,20260306,182500,472.67,472.71,472.02,472.465,34234,0
GLD.US,5,20260306,183000,472.51,473.33,472.35,473.26,76035,0
GLD.US,5,20260306,183500,473.29,473.4,472.58,472.7,103494,0
GLD.US,5,20260306,184000,472.69,472.75,471.9412,472.01,74913,0
GLD.US,5,20260306,184500,472.05,472.33,471.76,472.16,56816,0
GLD.US,5,20260306,185000,472.16,472.36,471.61,471.78,52681,0
GLD.US,5,20260306,185500,471.774,472.37,471.6,472.34,49504,0
GLD.US,5,20260306,190000,472.28,472.76,472.18,472.44,34128,0
GLD.US,5,20260306,190500,472.45,472.95,472.27,472.7,22536,0
GLD.US,5,20260306,191000,472.76,472.92,472.41,472.7,35909,0
GLD.US,5,20260306,191500,472.725,472.77,472.55,472.605,32175,0
GLD.US,5,20260306,192000,472.605,473.12,472.605,472.95,37598,0
GLD.US,5,20260306,192500,473,473.31,472.92,473.23,50902,0
GLD.US,5,20260306,193000,473.19,473.42,473.07,473.3656,29361,0
GLD.US,5,20260306,193500,473.39,473.9199,473.13,473.74,46459,0
GLD.US,5,20260306,194000,473.74,474.58,473.54,474.57,67701,0
GLD.US,5,20260306,194500,474.58,474.7434,474.16,474.23,42449,0
GLD.US,5,20260306,195000,474.23,474.28,473.7801,473.87,37347,0
GLD.US,5,20260306,195500,473.87,474.47,473.84,474.195,38172,0
GLD.US,5,20260306,200000,474.21,474.62,474.13,474.48,41997,0
GLD.US,5,20260306,200500,474.49,474.89,474.13,474.825,62706,0
GLD.US,5,20260306,201000,474.78,475.148,474.69,475.148,83080,0
GLD.US,5,20260306,201500,475.13,475.46,475.02,475.42,57955,0
GLD.US,5,20260306,202000,475.435,475.46,474.625,474.86,64751,0
GLD.US,5,20260306,202500,474.865,475,474.54,474.6,46069,0
GLD.US,5,20260306,203000,474.57,474.835,474.42,474.59,42947,0
GLD.US,5,20260306,203500,474.6,474.67,473.9,474.13,33764,0
GLD.US,5,20260306,204000,473.99,474.34,473.8701,473.91,45372,0
GLD.US,5,20260306,204500,473.95,474.18,473.785,474.11,49291,0
GLD.US,5,20260306,205000,474.08,474.45,474.06,474.31,87352,0
GLD.US,5,20260306,205500,474.325,474.35,474.02,474.09,30221,0
GLD.US,5,20260306,210000,474.06,474.32,473.728,473.81,34431,0
GLD.US,5,20260306,210500,473.865,474.24,473.78,474.02,25595,0
GLD.US,5,20260306,211000,473.98,474.03,473.53,473.69,68072,0
GLD.US,5,20260306,211500,473.61,473.9205,473.6,473.62,36144,0
GLD.US,5,20260306,212000,473.62,474.03,473.41,473.91,72503,0
GLD.US,5,20260306,212500,473.9536,474.17,473.4301,473.52,60239,0
GLD.US,5,20260306,213000,473.51,473.76,473.26,473.26,43750,0
GLD.US,5,20260306,213500,473.27,473.71,473.11,473.65,62837,0
GLD.US,5,20260306,214000,473.66,474.26,473.43,473.88,94805,0
GLD.US,5,20260306,214500,473.91,474.06,473.76,474.035,67001,0
GLD.US,5,20260306,215000,474.09,474.17,473.5,473.74,204978,0
GLD.US,5,20260306,215500,473.72,473.75,473.235,473.52,241731,0
GLD.US,5,20260309,143000,468.08,469.39,467.8,469.3801,193812,0
GLD.US,5,20260309,143500,469.34,469.57,468.19,468.2808,148705,0
GLD.US,5,20260309,144000,468.3,468.39,466.15,466.32,161257,0
GLD.US,5,20260309,144500,466.29,467.11,465.68,466.82,128554,0
GLD.US,5,20260309,145000,466.82,466.96,465.83,466.19,126779,0
GLD.US,5,20260309,145500,466.2,466.8,465.545,466.14,146412,0
GLD.US,5,20260309,150000,466.13,467.5,466.09,467.23,104274,0
GLD.US,5,20260309,150500,467.27,467.42,465.64,466.3,185737,0
GLD.US,5,20260309,151000,466.27,466.35,464.79,465.9,159502,0
GLD.US,5,20260309,151500,465.9,466.61,465.285,466.32,122976,0
GLD.US,5,20260309,152000,466.28,466.75,465.84,466.75,79006,0
GLD.US,5,20260309,152500,466.64,467.07,466.43,466.89,74845,0
GLD.US,5,20260309,153000,466.83,467.75,466.73,467.49,90258,0
GLD.US,5,20260309,153500,467.48,468.27,467.35,468.02,72186,0
GLD.US,5,20260309,154000,468.04,469.89,468.02,469.71,98851,0
GLD.US,5,20260309,154500,469.72,470.0437,468.45,468.52,96150,0
GLD.US,5,20260309,155000,468.475,468.9,467.62,467.8793,87710,0
GLD.US,5,20260309,155500,467.81,468.2,467.245,467.98,59947,0
GLD.US,5,20260309,160000,467.965,468.03,467.15,467.39,103577,0
GLD.US,5,20260309,160500,467.245,467.48,466.63,466.84,68638,0
GLD.US,5,20260309,161000,466.8347,467.83,466.7,467.8,80845,0
GLD.US,5,20260309,161500,467.8,468.03,466.9,467.02,48679,0
GLD.US,5,20260309,162000,467,468.35,467,468.3201,44752,0
GLD.US,5,20260309,162500,468.34,468.56,468.16,468.5,54736,0
GLD.US,5,20260309,163000,468.47,468.765,468.21,468.5,47129,0
GLD.US,5,20260309,163500,468.43,468.62,467.95,468.0092,58828,0
GLD.US,5,20260309,164000,467.95,468.46,467.95,468.05,33440,0
GLD.US,5,20260309,164500,468.1,468.39,468.03,468.21,34295,0
GLD.US,5,20260309,165000,468.23,468.84,468.21,468.6,43018,0
GLD.US,5,20260309,165500,468.615,468.88,468.55,468.56,26033,0
GLD.US,5,20260309,170000,468.55,469.22,468.29,469.21,41406,0
GLD.US,5,20260309,170500,469.17,469.25,468.81,469.1,91943,0
GLD.US,5,20260309,171000,469.12,469.42,468.81,468.83,64256,0
GLD.US,5,20260309,171500,468.87,468.92,468.12,468.17,58016,0
GLD.US,5,20260309,172000,468.15,468.42,468.025,468.41,54127,0
GLD.US,5,20260309,172500,468.41,469.03,468.41,468.98,38077,0
GLD.US,5,20260309,173000,468.93,469.33,468.88,468.9,42343,0
GLD.US,5,20260309,173500,468.87,469.14,468.77,469.14,39920,0
GLD.US,5,20260309,174000,469.17,469.52,469.1,469.19,37107,0
GLD.US,5,20260309,174500,469.22,469.35,468.97,469.0354,69244,0
GLD.US,5,20260309,175000,469.04,469.26,468.87,469,45680,0
GLD.US,5,20260309,175500,468.94,469.14,468.8,468.965,38977,0
GLD.US,5,20260309,180000,468.97,469.16,468.79,469,27270,0
GLD.US,5,20260309,180500,468.8815,468.925,468.54,468.7799,43311,0
GLD.US,5,20260309,181000,468.76,468.85,468.38,468.56,37945,0
GLD.US,5,20260309,181500,468.495,468.75,468.3,468.31,37175,0
GLD.US,5,20260309,182000,468.29,468.35,467.7,467.93,51298,0
GLD.US,5,20260309,182500,467.92,468.3,467.77,468.08,66236,0
GLD.US,5,20260309,183000,468.11,468.3799,467.59,467.96,69518,0
GLD.US,5,20260309,183500,468,468.245,467.93,468,45514,0
GLD.US,5,20260309,184000,468.005,468.005,467.59,467.78,27827,0
GLD.US,5,20260309,184500,467.78,468.2437,467.78,467.96,48899,0
GLD.US,5,20260309,185000,467.945,468.5,467.85,468.47,18021,0
GLD.US,5,20260309,185500,468.4672,468.52,468.11,468.18,45831,0
GLD.US,5,20260309,190000,468.17,468.36,467.87,467.89,43674,0
GLD.US,5,20260309,190500,467.925,468.1386,467.85,467.935,28988,0
GLD.US,5,20260309,191000,467.89,468.37,467.87,468.36,41034,0
GLD.US,5,20260309,191500,468.34,468.92,468.26,468.91,35865,0
GLD.US,5,20260309,192000,468.91,469.2,468.74,469.145,37851,0
GLD.US,5,20260309,192500,469.115,469.21,468.95,469.03,46266,0
GLD.US,5,20260309,193000,469.01,469.5,468.95,469.5,33131,0
GLD.US,5,20260309,193500,469.47,470.11,469.4373,469.925,82947,0
GLD.US,5,20260309,194000,469.98,470.485,469.96,470.27,63285,0
GLD.US,5,20260309,194500,470.2417,470.3,469.97,470.05,42457,0
GLD.US,5,20260309,195000,470.18,470.92,470.18,470.9,53354,0
GLD.US,5,20260309,195500,470.8799,471.04,470.62,470.74,78945,0
GLD.US,5,20260309,200000,470.76,471.42,470.76,471.025,80663,0
GLD.US,5,20260309,200500,471.02,471.06,470.29,470.58,84043,0
GLD.US,5,20260309,201000,470.58,470.87,470.55,470.6699,72667,0
GLD.US,5,20260309,201500,470.65,471.42,470.25,471.3883,110640,0
GLD.US,5,20260309,202000,471.38,472.63,471.37,472.03,101145,0
GLD.US,5,20260309,202500,472.03,472.4,471.895,472.2501,116210,0
GLD.US,5,20260309,203000,472.26,472.26,471.22,471.5,107327,0
GLD.US,5,20260309,203500,471.455,471.67,470.93,471.37,106057,0
GLD.US,5,20260309,204000,471.335,472.03,471.23,471.81,90918,0
GLD.US,5,20260309,204500,471.8,471.9499,471.25,471.69,56105,0
GLD.US,5,20260309,205000,471.71,472,471.56,471.91,97984,0
GLD.US,5,20260309,205500,471.92,472.68,471.7,472.53,372402,0
GLD.US,5,20260310,143000,479.74,479.77,478.6112,478.97,241192,0
GLD.US,5,20260310,143500,478.92,479.115,478.42,478.95,140596,0
GLD.US,5,20260310,144000,478.91,479.22,478.61,478.615,126251,0
GLD.US,5,20260310,144500,478.5474,478.6132,477.37,478.25,118584,0
GLD.US,5,20260310,145000,478.25,478.73,478.02,478.51,69374,0
GLD.US,5,20260310,145500,478.62,479.23,478.03,478.29,135540,0
GLD.US,5,20260310,150000,478.4,478.56,477.85,477.93,119328,0
GLD.US,5,20260310,150500,477.95,478.283,476.675,477.14,109245,0
GLD.US,5,20260310,151000,477.24,477.5099,476.42,477.36,125899,0
GLD.US,5,20260310,151500,477.325,478.95,477.26,478.915,167643,0
GLD.US,5,20260310,152000,478.94,479.129,478.63,478.83,113990,0
GLD.US,5,20260310,152500,478.81,478.85,478.46,478.6,67003,0
GLD.US,5,20260310,153000,478.65,479,478.39,478.49,76549,0
GLD.US,5,20260310,153500,478.46,478.97,478.05,478.78,72601,0
GLD.US,5,20260310,154000,478.79,478.82,478.06,478.31,111782,0
GLD.US,5,20260310,154500,478.335,478.74,478.16,478.4,166567,0
GLD.US,5,20260310,155000,478.435,478.91,478.275,478.86,170514,0
GLD.US,5,20260310,155500,478.845,478.939,478.37,478.4,68927,0
GLD.US,5,20260310,160000,478.46,479.26,478.1,479.0399,59822,0
GLD.US,5,20260310,160500,479.08,479.4,478.7101,479.33,39721,0
GLD.US,5,20260310,161000,479.33,480.2,479.3097,479.945,148445,0
GLD.US,5,20260310,161500,479.94,480.2,479.765,480.18,54967,0
GLD.US,5,20260310,162000,480.1611,480.39,480.06,480.12,52549,0
GLD.US,5,20260310,162500,480.15,480.28,479.91,480.119,29792,0
GLD.US,5,20260310,163000,480.14,481.1,480.08,480.87,89134,0
GLD.US,5,20260310,163500,480.91,481.1,480.4,480.92,83421,0
GLD.US,5,20260310,164000,480.89,481.0607,480.4,481.0058,90800,0
GLD.US,5,20260310,164500,481.04,481.31,480.593,480.74,98547,0
GLD.US,5,20260310,165000,480.79,480.9799,480.24,480.34,97005,0
GLD.US,5,20260310,165500,480.33,480.63,480.28,480.38,36351,0
GLD.US,5,20260310,170000,480.4,480.54,479.95,480.24,62465,0
GLD.US,5,20260310,170500,480.24,480.39,480.04,480.25,33956,0
GLD.US,5,20260310,171000,480.25,480.41,479.9,479.91,27775,0
GLD.US,5,20260310,171500,479.95,480.58,479.9,480.4,124895,0
GLD.US,5,20260310,172000,480.39,480.85,480.32,480.79,57792,0
GLD.US,5,20260310,172500,480.825,481.065,480.68,480.74,82722,0
GLD.US,5,20260310,173000,480.765,480.9021,480.57,480.88,37943,0
GLD.US,5,20260310,173500,480.86,480.99,480.59,480.775,74017,0
GLD.US,5,20260310,174000,480.74,480.81,480.3,480.4001,45544,0
GLD.US,5,20260310,174500,480.42,480.75,480.39,480.45,68371,0
GLD.US,5,20260310,175000,480.37,480.53,480.19,480.35,43477,0
GLD.US,5,20260310,175500,480.37,480.51,480.1901,480.31,23810,0
GLD.US,5,20260310,180000,480.325,480.57,480.27,480.5,55760,0
GLD.US,5,20260310,180500,480.5199,480.93,480.48,480.8599,91054,0
GLD.US,5,20260310,181000,480.83,481.05,480.62,480.97,89582,0
GLD.US,5,20260310,181500,480.95,481.02,479.9675,480.25,84550,0
GLD.US,5,20260310,182000,480.1998,480.52,480.06,480.46,42361,0
GLD.US,5,20260310,182500,480.465,480.94,480.3,480.86,53102,0
GLD.US,5,20260310,183000,480.88,481.01,480.4863,480.63,75431,0
GLD.US,5,20260310,183500,480.66,480.765,480.3701,480.54,49809,0
GLD.US,5,20260310,184000,480.54,480.7193,480.3407,480.4199,32447,0
GLD.US,5,20260310,184500,480.35,480.66,480.23,480.51,28673,0
GLD.US,5,20260310,185000,480.49,480.81,480.41,480.605,39397,0
GLD.US,5,20260310,185500,480.605,480.605,480.3111,480.38,20810,0
GLD.US,5,20260310,190000,480.4,480.4,479.45,479.7501,69767,0
GLD.US,5,20260310,190500,479.79,480.12,479.51,479.8,50646,0
GLD.US,5,20260310,191000,479.76,480.3149,479.72,479.87,57644,0
GLD.US,5,20260310,191500,479.81,479.81,474.21,474.39,359595,0
GLD.US,5,20260310,192000,474.43,477.42,474.26,477.2,251231,0
GLD.US,5,20260310,192500,477.13,478.4286,477.06,478.1499,170554,0
GLD.US,5,20260310,193000,478.125,478.5599,477.48,478.02,72798,0
GLD.US,5,20260310,193500,478.05,478.11,476.89,476.97,57730,0
GLD.US,5,20260310,194000,476.98,477.6,476.96,477.4606,29044,0
GLD.US,5,20260310,194500,477.3901,478.32,477.24,478,36630,0
GLD.US,5,20260310,195000,477.975,478.28,477.76,477.99,29142,0
GLD.US,5,20260310,195500,478.01,478.1,477.03,477.075,59164,0
GLD.US,5,20260310,200000,477.01,477.58,476.3622,477.414,52305,0
GLD.US,5,20260310,200500,477.37,477.7499,477.2,477.58,49303,0
GLD.US,5,20260310,201000,477.58,477.78,477.17,477.74,28179,0
GLD.US,5,20260310,201500,477.74,478.25,477.66,478.22,30172,0
GLD.US,5,20260310,202000,478.25,478.53,478.01,478.36,70992,0
GLD.US,5,20260310,202500,478.35,478.36,477.86,477.87,37631,0
GLD.US,5,20260310,203000,477.895,477.9,476.18,476.59,71574,0
GLD.US,5,20260310,203500,476.65,477.33,475.96,477.21,77824,0
GLD.US,5,20260310,204000,477.1,477.29,476.34,476.695,109090,0
GLD.US,5,20260310,204500,476.76,477.18,476.7,476.85,102952,0
GLD.US,5,20260310,205000,476.84,477.55,476.75,477.55,142749,0
GLD.US,5,20260310,205500,477.54,477.86,477.41,477.86,636074,0
GLD.US,5,20260311,143000,476.13,476.15,474.9,475.565,120198,0
GLD.US,5,20260311,143500,475.53,475.7,474.82,475.2019,94238,0
GLD.US,5,20260311,144000,475.27,475.56,474.6,474.61,48274,0
GLD.US,5,20260311,144500,474.6499,474.83,473.95,474.115,209945,0
GLD.US,5,20260311,145000,474.09,474.97,473.13,474.87,165147,0
GLD.US,5,20260311,145500,474.9,475.69,474.79,475.635,114514,0
GLD.US,5,20260311,150000,475.62,476.58,475.47,476.3297,97983,0
GLD.US,5,20260311,150500,476.32,476.82,475.815,476.53,86664,0
GLD.US,5,20260311,151000,476.4925,476.8985,476,476.88,110844,0
GLD.US,5,20260311,151500,476.885,477.01,476.53,476.725,85885,0
GLD.US,5,20260311,152000,476.7,476.81,476.51,476.75,85189,0
GLD.US,5,20260311,152500,476.74,477.39,476.16,477.28,106300,0
GLD.US,5,20260311,153000,477.27,477.45,476.33,476.51,87464,0
GLD.US,5,20260311,153500,476.44,476.85,476.15,476.47,86985,0
GLD.US,5,20260311,154000,476.41,476.41,475.42,476.24,99756,0
GLD.US,5,20260311,154500,476.21,476.84,476.01,476.73,61438,0
GLD.US,5,20260311,155000,476.78,477.2,476.5,476.85,45872,0
GLD.US,5,20260311,155500,476.91,476.96,476.1509,476.24,105726,0
GLD.US,5,20260311,160000,476.3,476.49,475.81,476.01,139889,0
GLD.US,5,20260311,160500,476.01,476.11,475.4,476.07,104661,0
GLD.US,5,20260311,161000,476.06,476.08,475.07,475.08,88885,0
GLD.US,5,20260311,161500,475.06,475.5499,474.88,475.485,242902,0
GLD.US,5,20260311,162000,475.49,475.86,475.44,475.81,66956,0
GLD.US,5,20260311,162500,475.9,475.93,475.23,475.23,76416,0
GLD.US,5,20260311,163000,475.18,475.27,474.8,474.96,62213,0
GLD.US,5,20260311,163500,474.94,475.39,474.83,475.06,88838,0
GLD.US,5,20260311,164000,475.04,475.4299,474.74,474.975,86411,0
GLD.US,5,20260311,164500,475.01,475.17,474.48,475.08,83810,0
GLD.US,5,20260311,165000,475.04,475.54,474.89,475.24,35964,0
GLD.US,5,20260311,165500,475.28,475.3,474.71,474.71,43876,0
GLD.US,5,20260311,170000,474.71,475.2,474.55,474.72,51538,0
GLD.US,5,20260311,170500,474.6501,474.93,474.49,474.69,54556,0
GLD.US,5,20260311,171000,474.64,475.29,474.64,475.285,37174,0
GLD.US,5,20260311,171500,475.265,475.265,474.64,474.8262,37150,0
GLD.US,5,20260311,172000,474.85,475.07,474.68,475,39616,0
GLD.US,5,20260311,172500,474.955,475.1017,474.57,474.78,35715,0
GLD.US,5,20260311,173000,474.77,475.31,474.69,475.2,74906,0
GLD.US,5,20260311,173500,475.24,475.54,475.08,475.52,75200,0
GLD.US,5,20260311,174000,475.58,475.7,475.35,475.44,72707,0
GLD.US,5,20260311,174500,475.48,475.809,475.19,475.21,45727,0
GLD.US,5,20260311,175000,475.24,475.41,475.1,475.38,26413,0
GLD.US,5,20260311,175500,475.37,475.66,475.17,475.585,20271,0
GLD.US,5,20260311,180000,475.57,475.92,475.47,475.785,26080,0
GLD.US,5,20260311,180500,475.83,476.06,475.77,476.01,39086,0
GLD.US,5,20260311,181000,476.01,476.01,475.47,475.58,50828,0
GLD.US,5,20260311,181500,475.57,475.79,475.0603,475.18,63453,0
GLD.US,5,20260311,182000,475.1387,475.44,475.0512,475.28,55472,0
GLD.US,5,20260311,182500,475.29,475.425,475.03,475.22,41722,0
GLD.US,5,20260311,183000,475.23,475.295,474.66,474.8709,43556,0
GLD.US,5,20260311,183500,474.8501,474.91,473.81,474.011,172011,0
GLD.US,5,20260311,184000,474.05,474.41,473.48,474.32,134177,0
GLD.US,5,20260311,184500,474.42,474.7,474.27,474.7,27937,0
GLD.US,5,20260311,185000,474.75,474.88,474.6595,474.81,24956,0
GLD.US,5,20260311,185500,474.8,475.045,474.56,475.045,53665,0
GLD.US,5,20260311,190000,475.02,475.18,474.96,475.1676,36224,0
GLD.US,5,20260311,190500,475.1775,475.53,475.045,475.2656,41159,0
GLD.US,5,20260311,191000,475.27,475.37,475.1,475.26,16457,0
GLD.US,5,20260311,191500,475.27,475.74,475.24,475.68,38377,0
GLD.US,5,20260311,192000,475.69,475.76,475.48,475.74,55613,0
GLD.US,5,20260311,192500,475.75,475.81,475.657,475.75,65279,0
GLD.US,5,20260311,193000,475.75,475.83,475.64,475.67,45606,0
GLD.US,5,20260311,193500,475.7,475.79,475.65,475.725,46813,0
GLD.US,5,20260311,194000,475.73,475.81,475.61,475.6997,27329,0
GLD.US,5,20260311,194500,475.71,475.78,475.55,475.57,41194,0
GLD.US,5,20260311,195000,475.57,475.73,475.41,475.435,25460,0
GLD.US,5,20260311,195500,475.435,475.5,475.03,475.22,50512,0
GLD.US,5,20260311,200000,475.25,475.28,474.96,475.17,20874,0
GLD.US,5,20260311,200500,475.2,475.39,475.13,475.35,23619,0
GLD.US,5,20260311,201000,475.34,475.43,475.23,475.25,34510,0
GLD.US,5,20260311,201500,475.24,475.575,475.18,475.575,24055,0
GLD.US,5,20260311,202000,475.59,475.68,475.3194,475.509,30317,0
GLD.US,5,20260311,202500,475.48,475.76,475.48,475.71,39867,0
GLD.US,5,20260311,203000,475.72,475.81,475.6,475.79,94536,0
GLD.US,5,20260311,203500,475.78,475.83,475.6572,475.77,64407,0
GLD.US,5,20260311,204000,475.765,475.94,475.71,475.9,83946,0
GLD.US,5,20260311,204500,475.9,475.9,475.65,475.75,64856,0
GLD.US,5,20260311,205000,475.76,476.1769,475.73,476.09,81865,0
GLD.US,5,20260311,205500,476.06,476.3,475.88,476.24,296838,0
GLD.US,5,20260312,143000,474.945,474.97,473.96,474.55,86651,0
GLD.US,5,20260312,143500,474.52,474.7,473.79,474.12,90926,0
GLD.US,5,20260312,144000,474.1,474.14,473.6001,474.005,84091,0
GLD.US,5,20260312,144500,473.93,473.93,473.25,473.29,103699,0
GLD.US,5,20260312,145000,473.25,474,472.88,473.165,121562,0
GLD.US,5,20260312,145500,473.165,473.42,472.725,473.16,131731,0
GLD.US,5,20260312,150000,473.18,474.31,473.1,474.22,108161,0
GLD.US,5,20260312,150500,474.21,474.27,473.61,473.73,70857,0
GLD.US,5,20260312,151000,473.72,474.11,473.53,474.06,59474,0
GLD.US,5,20260312,151500,474.13,474.3,473.26,473.4827,97492,0
GLD.US,5,20260312,152000,473.48,473.74,473.06,473.38,75993,0
GLD.US,5,20260312,152500,473.35,473.54,473.09,473.305,61152,0
GLD.US,5,20260312,153000,473.3,473.4,472.45,472.69,106986,0
GLD.US,5,20260312,153500,472.73,473.23,472.09,472.655,185589,0
GLD.US,5,20260312,154000,472.56,472.96,472.15,472.96,71160,0
GLD.US,5,20260312,154500,472.98,473.43,471.95,472.345,76272,0
GLD.US,5,20260312,155000,472.31,472.53,472.1,472.29,48398,0
GLD.US,5,20260312,155500,472.35,472.59,472.11,472.43,66526,0
GLD.US,5,20260312,160000,472.39,472.58,471.25,471.38,282427,0
GLD.US,5,20260312,160500,471.33,471.82,470.97,471.26,133285,0
GLD.US,5,20260312,161000,471.21,471.31,469.35,470.74,331479,0
GLD.US,5,20260312,161500,470.71,471,470.12,470.81,111853,0
GLD.US,5,20260312,162000,470.82,471.2699,470.79,471.14,86375,0
GLD.US,5,20260312,162500,471.17,471.45,470.99,471.11,121078,0
GLD.US,5,20260312,163000,471.115,471.13,470.5425,470.7383,65771,0
GLD.US,5,20260312,163500,470.7317,471.27,470.11,471.24,71850,0
GLD.US,5,20260312,164000,471.29,471.63,470.77,471.26,95676,0
GLD.US,5,20260312,164500,471.31,471.34,470.78,471.28,58536,0
GLD.US,5,20260312,165000,471.2,471.68,470.96,471.53,43124,0
GLD.US,5,20260312,165500,471.54,471.6,471.1,471.43,35427,0
GLD.US,5,20260312,170000,471.42,471.69,471.3025,471.59,34030,0
GLD.US,5,20260312,170500,471.56,471.69,470.51,470.71,47224,0
GLD.US,5,20260312,171000,470.72,471.11,470.43,471.03,56826,0
GLD.US,5,20260312,171500,471.055,471.34,470.99,471.27,57487,0
GLD.US,5,20260312,172000,471.34,471.94,471.33,471.55,56980,0
GLD.US,5,20260312,172500,471.49,471.68,471.33,471.36,58538,0
GLD.US,5,20260312,173000,471.35,471.36,470.73,471.08,120522,0
GLD.US,5,20260312,173500,471.08,471.54,471.02,471.325,54110,0
GLD.US,5,20260312,174000,471.34,471.8799,471.29,471.66,236490,0
GLD.US,5,20260312,174500,471.62,471.66,471.02,471.5001,156144,0
GLD.US,5,20260312,175000,471.52,471.525,470.6867,470.72,108486,0
GLD.US,5,20260312,175500,470.73,470.84,470.41,470.63,86723,0
GLD.US,5,20260312,180000,470.57,470.94,470.55,470.9,60242,0
GLD.US,5,20260312,180500,470.89,471.17,470.6364,470.76,54951,0
GLD.US,5,20260312,181000,470.73,470.81,470.34,470.42,53467,0
GLD.US,5,20260312,181500,470.4,470.4308,469.68,470.11,81150,0
GLD.US,5,20260312,182000,470.11,470.5399,470.04,470.28,78851,0
GLD.US,5,20260312,182500,470.32,470.46,470.06,470.19,126484,0
GLD.US,5,20260312,183000,470.19,470.295,469.48,469.53,113375,0
GLD.US,5,20260312,183500,469.54,469.88,469.2515,469.58,64172,0
GLD.US,5,20260312,184000,469.615,469.67,468.91,469.34,113327,0
GLD.US,5,20260312,184500,469.39,469.59,469.01,469.2,56421,0
GLD.US,5,20260312,185000,469.16,469.31,468.97,469.095,62035,0
GLD.US,5,20260312,185500,469.11,469.19,468.69,468.8901,84714,0
GLD.US,5,20260312,190000,468.91,469.6,468.88,469.2,82204,0
GLD.US,5,20260312,190500,469.2,469.58,468.9415,469.1,63352,0
GLD.US,5,20260312,191000,469.09,469.32,468.93,469.11,52305,0
GLD.US,5,20260312,191500,469.15,469.41,469.02,469.05,41565,0
GLD.US,5,20260312,192000,469.035,469.06,468.52,468.71,93581,0
GLD.US,5,20260312,192500,468.72,468.97,468.64,468.89,75346,0
GLD.US,5,20260312,193000,468.85,468.88,468.38,468.4736,60940,0
GLD.US,5,20260312,193500,468.49,468.73,468.21,468.45,130491,0
GLD.US,5,20260312,194000,468.47,468.49,468.29,468.3201,71347,0
GLD.US,5,20260312,194500,468.31,468.35,467.67,467.7184,153516,0
GLD.US,5,20260312,195000,467.72,468.41,467.56,468.31,124030,0
GLD.US,5,20260312,195500,468.3,468.42,467.87,467.905,103581,0
GLD.US,5,20260312,200000,467.85,468.01,466.6,467.295,260593,0
GLD.US,5,20260312,200500,467.32,467.9,467.31,467.76,169431,0
GLD.US,5,20260312,201000,467.76,467.76,466.91,467.02,162003,0
GLD.US,5,20260312,201500,467.05,467.37,466.72,467.22,109299,0
GLD.US,5,20260312,202000,467.19,467.83,467.03,467.76,98686,0
GLD.US,5,20260312,202500,467.75,468.06,467.43,467.84,78734,0
GLD.US,5,20260312,203000,467.845,468.13,467.78,467.92,110116,0
GLD.US,5,20260312,203500,467.95,468.07,467.7,467.93,90159,0
GLD.US,5,20260312,204000,467.94,468.02,467.54,467.69,96078,0
GLD.US,5,20260312,204500,467.68,468.04,467.47,467.95,124199,0
GLD.US,5,20260312,205000,467.93,468.08,467.69,467.87,204825,0
GLD.US,5,20260312,205500,467.8697,467.87,466.66,466.96,665584,0
GLD.US,5,20260313,143000,469.31,469.404,468.5503,468.755,119488,0
GLD.US,5,20260313,143500,468.7,469.34,468.19,469.225,51650,0
GLD.US,5,20260313,144000,469.1825,469.7,468.83,469.685,45295,0
GLD.US,5,20260313,144500,469.74,470.102,469.43,469.59,71021,0
GLD.US,5,20260313,145000,469.53,469.6,469.0805,469.325,69197,0
GLD.US,5,20260313,145500,469.325,469.325,468.45,468.65,87196,0
GLD.US,5,20260313,150000,468.6,469.1288,468.08,469.08,145798,0
GLD.US,5,20260313,150500,469.07,469.29,468.5,468.61,97404,0
GLD.US,5,20260313,151000,468.61,468.66,467.67,467.6738,107817,0
GLD.US,5,20260313,151500,467.64,468.02,466.92,467.51,148707,0
GLD.US,5,20260313,152000,467.58,467.84,467.37,467.665,75356,0
GLD.US,5,20260313,152500,467.72,467.87,467.2,467.48,42274,0
GLD.US,5,20260313,153000,467.4701,467.8,467.06,467.635,71342,0
GLD.US,5,20260313,153500,467.65,467.67,466.94,467,43496,0
GLD.US,5,20260313,154000,466.99,466.99,466.2,466.625,100138,0
GLD.US,5,20260313,154500,466.6,466.65,465.93,466.52,142769,0
GLD.US,5,20260313,155000,466.47,466.52,464.632,465.24,169901,0
GLD.US,5,20260313,155500,465.1601,465.21,462.6044,463.24,371430,0
GLD.US,5,20260313,160000,463.17,464.02,462.95,463.93,206244,0
GLD.US,5,20260313,160500,463.91,465.2923,463.91,465.2923,102742,0
GLD.US,5,20260313,161000,465.3,465.89,464.8237,465.68,133811,0
GLD.US,5,20260313,161500,465.68,465.93,465.06,465.09,88877,0
GLD.US,5,20260313,162000,465.08,465.695,464.71,464.8,98224,0
GLD.US,5,20260313,162500,464.76,465.52,464.5201,465.15,107366,0
GLD.US,5,20260313,163000,465.12,465.6,464.8,465.245,89607,0
GLD.US,5,20260313,163500,465.27,465.375,464.495,464.52,142222,0
GLD.US,5,20260313,164000,464.52,464.71,463.21,463.645,297156,0
GLD.US,5,20260313,164500,463.61,464.665,463.28,463.82,136537,0
GLD.US,5,20260313,165000,463.84,464.28,462.67,462.74,118764,0
GLD.US,5,20260313,165500,462.77,463.48,462.1,462.47,155672,0
GLD.US,5,20260313,170000,462.52,462.82,461.66,461.92,172059,0
GLD.US,5,20260313,170500,461.92,462.78,461.11,462.78,182480,0
GLD.US,5,20260313,171000,462.8,463.09,461.63,462.31,87757,0
GLD.US,5,20260313,171500,462.31,462.81,462.1,462.2,91702,0
GLD.US,5,20260313,172000,462.15,463,462.15,462.99,121415,0
GLD.US,5,20260313,172500,463.0031,463.18,462.47,463.12,330956,0
GLD.US,5,20260313,173000,463.12,463.9,463.08,463.44,131106,0
GLD.US,5,20260313,173500,463.47,464.2199,463.47,463.5195,96733,0
GLD.US,5,20260313,174000,463.51,463.9,463.25,463.4,80273,0
GLD.US,5,20260313,174500,463.44,463.47,463.14,463.35,47026,0
GLD.US,5,20260313,175000,463.26,464.08,463.23,463.84,73353,0
GLD.US,5,20260313,175500,463.86,464.03,463.41,463.53,97779,0
GLD.US,5,20260313,180000,463.52,463.94,463.31,463.46,89376,0
GLD.US,5,20260313,180500,463.47,463.96,463.36,463.82,62738,0
GLD.US,5,20260313,181000,463.79,464.555,463.62,464.555,71722,0
GLD.US,5,20260313,181500,464.57,465.05,464.46,464.95,185313,0
GLD.US,5,20260313,182000,464.94,464.95,464.36,464.39,56219,0
GLD.US,5,20260313,182500,464.39,464.7885,464.11,464.46,61273,0
GLD.US,5,20260313,183000,464.53,464.77,464.25,464.71,42160,0
GLD.US,5,20260313,183500,464.72,465.2,464.64,464.8,61297,0
GLD.US,5,20260313,184000,464.8,464.8,464.02,464.24,75503,0
GLD.US,5,20260313,184500,464.23,464.4,463.54,463.57,71846,0
GLD.US,5,20260313,185000,463.55,463.8,463.44,463.5501,32482,0
GLD.US,5,20260313,185500,463.47,463.71,463.3,463.5651,103856,0
GLD.US,5,20260313,190000,463.57,463.88,463.45,463.8105,29903,0
GLD.US,5,20260313,190500,463.81,464.1,463.63,463.7,37125,0
GLD.US,5,20260313,191000,463.72,463.79,463.07,463.21,61647,0
GLD.US,5,20260313,191500,463.28,463.57,463.08,463.3183,27947,0
GLD.US,5,20260313,192000,463.32,463.46,462.73,463.04,85152,0
GLD.US,5,20260313,192500,463.07,463.27,462.7,463.18,86143,0
GLD.US,5,20260313,193000,463.09,463.91,463.081,463.54,31612,0
GLD.US,5,20260313,193500,463.525,463.7799,463.21,463.21,51929,0
GLD.US,5,20260313,194000,463.24,463.64,463.19,463.4,40250,0
GLD.US,5,20260313,194500,463.42,463.54,463.15,463.23,31559,0
GLD.US,5,20260313,195000,463.22,463.5,463.15,463.45,45809,0
GLD.US,5,20260313,195500,463.415,463.63,463.3,463.61,66420,0
GLD.US,5,20260313,200000,463.63,463.9083,463.6,463.69,28468,0
GLD.US,5,20260313,200500,463.6701,463.73,463,463.325,95712,0
GLD.US,5,20260313,201000,463.3075,463.39,462.48,463.04,97482,0
GLD.US,5,20260313,201500,463.06,463.0899,462.385,462.685,54120,0
GLD.US,5,20260313,202000,462.66,463.02,462.57,463.02,45805,0
GLD.US,5,20260313,202500,463.025,463.025,462.31,462.56,57497,0
GLD.US,5,20260313,203000,462.54,462.7499,462.25,462.3,59700,0
GLD.US,5,20260313,203500,462.3,462.47,462,462.035,78480,0
GLD.US,5,20260313,204000,462.02,462.075,461.46,461.64,89273,0
GLD.US,5,20260313,204500,461.7,461.7,460.47,460.73,333140,0
GLD.US,5,20260313,205000,460.74,460.91,460.22,460.77,268708,0
GLD.US,5,20260313,205500,460.8,461.4594,460.5701,460.84,708617,0
GLD.US,5,20260316,143000,461.265,462.05,460.95,461.95,154452,0
GLD.US,5,20260316,143500,461.92,462.56,461.79,461.95,163640,0
GLD.US,5,20260316,144000,461.93,462.4,461.38,462.21,169714,0
GLD.US,5,20260316,144500,462.2,462.44,461.5,461.94,213803,0
GLD.US,5,20260316,145000,461.9481,462.015,461.5,461.95,75309,0
GLD.US,5,20260316,145500,461.96,462.13,461.4249,462.04,81522,0
GLD.US,5,20260316,150000,462.03,462.49,461.8,462.15,110389,0
GLD.US,5,20260316,150500,462.16,462.8,462.05,462.3137,127650,0
GLD.US,5,20260316,151000,462.3371,462.76,461.88,461.91,65417,0
GLD.US,5,20260316,151500,461.95,462.06,461.53,461.54,72105,0
GLD.US,5,20260316,152000,461.54,461.88,461.1,461.31,114496,0
GLD.US,5,20260316,152500,461.295,461.31,460.62,460.64,155013,0
GLD.US,5,20260316,153000,460.62,460.67,459.93,460.31,226916,0
GLD.US,5,20260316,153500,460.29,460.5227,459.88,459.89,96175,0
GLD.US,5,20260316,154000,459.87,460.1637,459.34,459.37,85445,0
GLD.US,5,20260316,154500,459.37,459.51,458.2,459.25,213228,0
GLD.US,5,20260316,155000,459.15,459.25,458.51,458.975,138420,0
GLD.US,5,20260316,155500,458.96,459.52,458.6,459.045,84934,0
GLD.US,5,20260316,160000,458.93,459.59,458.66,459.26,124463,0
GLD.US,5,20260316,160500,459.24,459.28,458.71,459.07,70998,0
GLD.US,5,20260316,161000,459.03,459.2,458.42,459.185,60781,0
GLD.US,5,20260316,161500,459.16,459.76,459.14,459.76,59691,0
GLD.US,5,20260316,162000,459.76,459.87,459.43,459.47,65057,0
GLD.US,5,20260316,162500,459.46,459.46,457.91,458.55,161428,0
GLD.US,5,20260316,163000,458.56,458.9051,458.45,458.84,42991,0
GLD.US,5,20260316,163500,458.87,459.51,458.87,459.345,83382,0
GLD.US,5,20260316,164000,459.3,459.63,458.97,458.99,51766,0
GLD.US,5,20260316,164500,458.97,459.25,458.68,458.86,34663,0
GLD.US,5,20260316,165000,458.83,458.88,458.03,458.3,43853,0
GLD.US,5,20260316,165500,458.3,458.43,457.8,458.07,74773,0
GLD.US,5,20260316,170000,458.065,458.62,457.96,458.23,60231,0
GLD.US,5,20260316,170500,458.21,459.02,458.1901,458.62,53270,0
GLD.US,5,20260316,171000,458.775,459.18,458.69,458.98,23746,0
GLD.US,5,20260316,171500,458.95,459.15,458.64,458.705,63223,0
GLD.US,5,20260316,172000,458.72,458.78,458.18,458.205,55722,0
GLD.US,5,20260316,172500,458.22,458.28,457.28,457.5,149095,0
GLD.US,5,20260316,173000,457.4393,457.68,457.03,457.16,78655,0
GLD.US,5,20260316,173500,457.14,457.93,456.905,457.88,135711,0
GLD.US,5,20260316,174000,457.88,458.4,457.815,458.19,74478,0
GLD.US,5,20260316,174500,458.18,458.46,457.83,458.36,38983,0
GLD.US,5,20260316,175000,458.39,458.67,458.36,458.605,21502,0
GLD.US,5,20260316,175500,458.63,458.68,458.32,458.45,26826,0
GLD.US,5,20260316,180000,458.455,459.07,458.455,458.74,62691,0
GLD.US,5,20260316,180500,458.75,459.1,458.75,459,41122,0
GLD.US,5,20260316,181000,459.01,459.7,458.984,459.53,59743,0
GLD.US,5,20260316,181500,459.5276,459.59,459.3,459.39,29400,0
GLD.US,5,20260316,182000,459.4,459.47,459.02,459.08,51940,0
GLD.US,5,20260316,182500,459.14,459.478,458.84,458.92,30584,0
GLD.US,5,20260316,183000,458.94,458.99,458.285,458.38,28606,0
GLD.US,5,20260316,183500,458.37,458.4241,458.04,458.05,37495,0
GLD.US,5,20260316,184000,458.12,458.28,458.01,458.17,26601,0
GLD.US,5,20260316,184500,458.16,458.66,457.96,458.05,27778,0
GLD.US,5,20260316,185000,458.05,458.38,457.87,458.23,26608,0
GLD.US,5,20260316,185500,458.23,458.55,458.17,458.525,24601,0
GLD.US,5,20260316,190000,458.54,458.955,458.54,458.64,43689,0
GLD.US,5,20260316,190500,458.67,459.32,458.4,459.32,71197,0
GLD.US,5,20260316,191000,459.315,459.43,459.13,459.24,31273,0
GLD.US,5,20260316,191500,459.26,459.38,459.09,459.09,54051,0
GLD.US,5,20260316,192000,459.1,459.4,459.07,459.25,38816,0
GLD.US,5,20260316,192500,459.2855,460.0599,459.2306,459.87,55122,0
GLD.US,5,20260316,193000,459.88,460.4,459.79,460.32,48602,0
GLD.US,5,20260316,193500,460.38,460.64,460.1203,460.6163,63747,0
GLD.US,5,20260316,194000,460.59,460.77,460.4,460.6644,82730,0
GLD.US,5,20260316,194500,460.68,460.96,460.58,460.725,36946,0
GLD.US,5,20260316,195000,460.69,460.97,460.55,460.65,24673,0
GLD.US,5,20260316,195500,460.632,460.6469,460.39,460.49,22711,0
GLD.US,5,20260316,200000,460.49,460.88,460.31,460.42,37595,0
GLD.US,5,20260316,200500,460.41,460.86,460.13,460.83,37070,0
GLD.US,5,20260316,201000,460.87,461.17,460.29,460.39,72077,0
GLD.US,5,20260316,201500,460.36,460.76,460.335,460.4526,19934,0
GLD.US,5,20260316,202000,460.45,460.63,460.32,460.46,44581,0
GLD.US,5,20260316,202500,460.42,460.49,460.22,460.25,27341,0
GLD.US,5,20260316,203000,460.26,460.37,460.07,460.18,40682,0
GLD.US,5,20260316,203500,460.17,460.61,460.12,460.5101,37659,0
GLD.US,5,20260316,204000,460.48,460.6538,460.2,460.24,46077,0
GLD.US,5,20260316,204500,460.26,460.38,460.08,460.3,70219,0
GLD.US,5,20260316,205000,460.31,460.83,460.2,460.5506,84747,0
GLD.US,5,20260316,205500,460.58,460.75,460.3701,460.43,405022,0
GLD.US,5,20260317,143000,460.51,461.78,460.33,461.57,194867,0
GLD.US,5,20260317,143500,461.58,461.63,460.95,461.63,109152,0
GLD.US,5,20260317,144000,461.68,462.21,461.35,461.7595,93258,0
GLD.US,5,20260317,144500,461.79,461.87,461.384,461.57,195175,0
GLD.US,5,20260317,145000,461.58,461.58,459.8,460.51,178205,0
GLD.US,5,20260317,145500,460.49,460.96,460.43,460.79,111833,0
GLD.US,5,20260317,150000,460.97,460.97,460,460.26,263654,0
GLD.US,5,20260317,150500,460.29,461.18,460.13,460.87,320064,0
GLD.US,5,20260317,151000,460.8536,461.14,460.6401,460.97,74111,0
GLD.US,5,20260317,151500,460.92,460.92,460.34,460.46,142199,0
GLD.US,5,20260317,152000,460.46,460.64,460.17,460.27,75073,0
GLD.US,5,20260317,152500,460.18,460.39,459.94,460.12,70497,0
GLD.US,5,20260317,153000,460.06,460.2001,459.57,460.1107,74435,0
GLD.US,5,20260317,153500,460.15,460.51,459.96,460.16,45518,0
GLD.US,5,20260317,154000,460.18,460.67,460.05,460.58,51398,0
GLD.US,5,20260317,154500,460.56,461.0999,460.51,461.06,45724,0
GLD.US,5,20260317,155000,461.02,461.12,460.09,460.21,46339,0
GLD.US,5,20260317,155500,460.29,460.37,459.95,459.97,40355,0
GLD.US,5,20260317,160000,459.97,460.87,459.88,460.71,97751,0
GLD.US,5,20260317,160500,460.71,460.9,459.97,460.2,62115,0
GLD.US,5,20260317,161000,460.215,460.37,459.96,460.02,35581,0
GLD.US,5,20260317,161500,460.04,460.7,460.04,460.34,33454,0
GLD.US,5,20260317,162000,460.38,460.62,459.79,460,48747,0
GLD.US,5,20260317,162500,460,460.19,458.72,458.85,125893,0
GLD.US,5,20260317,163000,458.81,459.3385,458.57,458.73,87532,0
GLD.US,5,20260317,163500,458.71,458.87,457.59,457.69,148324,0
GLD.US,5,20260317,164000,457.69,457.98,456.87,457.91,124747,0
GLD.US,5,20260317,164500,457.91,458.82,457.89,458.515,70742,0
GLD.US,5,20260317,165000,458.58,459.12,458.53,458.92,46050,0
GLD.US,5,20260317,165500,458.92,459.24,458.82,459.14,30635,0
GLD.US,5,20260317,170000,459.21,459.25,458.6,458.77,73662,0
GLD.US,5,20260317,170500,458.73,459.15,458.55,458.74,30145,0
GLD.US,5,20260317,171000,458.7,459.18,458.69,458.84,36726,0
GLD.US,5,20260317,171500,458.82,459.555,458.66,459.35,90069,0
GLD.US,5,20260317,172000,459.32,459.53,459.15,459.5,60191,0
GLD.US,5,20260317,172500,459.51,459.84,459.5,459.72,28548,0
GLD.US,5,20260317,173000,459.72,459.91,459.5,459.65,41285,0
GLD.US,5,20260317,173500,459.64,459.81,459.35,459.42,34971,0
GLD.US,5,20260317,174000,459.43,459.5599,459.285,459.55,20638,0
GLD.US,5,20260317,174500,459.55,459.65,459.22,459.24,29761,0
GLD.US,5,20260317,175000,459.28,459.49,459.09,459.36,21700,0
GLD.US,5,20260317,175500,459.33,459.65,459.31,459.5,18547,0
GLD.US,5,20260317,180000,459.47,459.9387,459.45,459.775,41062,0
GLD.US,5,20260317,180500,459.79,459.92,459.6201,459.85,13218,0
GLD.US,5,20260317,181000,459.83,459.87,459.58,459.62,26573,0
GLD.US,5,20260317,181500,459.63,459.696,459.51,459.696,22855,0
GLD.US,5,20260317,182000,459.72,460.115,459.65,459.86,31290,0
GLD.US,5,20260317,182500,459.9,460.08,459.47,459.55,21553,0
GLD.US,5,20260317,183000,459.57,459.755,459.48,459.66,17087,0
GLD.US,5,20260317,183500,459.6725,459.88,459.59,459.62,32169,0
GLD.US,5,20260317,184000,459.565,459.66,459.07,459.08,19473,0
GLD.US,5,20260317,184500,459.095,459.27,458.955,459.27,53420,0
GLD.US,5,20260317,185000,459.275,459.56,459.25,459.5,24584,0
GLD.US,5,20260317,185500,459.5,459.669,459.45,459.585,21223,0
GLD.US,5,20260317,190000,459.58,459.92,459.43,459.91,23873,0
GLD.US,5,20260317,190500,459.91,460.01,459.83,459.87,37817,0
GLD.US,5,20260317,191000,459.84,460.045,459.7801,459.925,22090,0
GLD.US,5,20260317,191500,459.94,460.11,459.89,460.06,20968,0
GLD.US,5,20260317,192000,460.02,460.2,459.91,459.91,25393,0
GLD.US,5,20260317,192500,459.9,459.98,459.6832,459.6832,29217,0
GLD.US,5,20260317,193000,459.69,459.69,459.33,459.62,25704,0
GLD.US,5,20260317,193500,459.59,459.76,459.5,459.5,16337,0
GLD.US,5,20260317,194000,459.51,459.681,459.4605,459.65,34700,0
GLD.US,5,20260317,194500,459.66,460.07,459.61,460.0136,69920,0
GLD.US,5,20260317,195000,460.01,460.14,459.91,460.01,82427,0
GLD.US,5,20260317,195500,460.01,460.01,459.66,459.69,60667,0
GLD.US,5,20260317,200000,459.68,459.845,459.43,459.83,25713,0
GLD.US,5,20260317,200500,459.82,459.82,459.52,459.66,19934,0
GLD.US,5,20260317,201000,459.66,459.69,459.37,459.48,23863,0
GLD.US,5,20260317,201500,459.47,459.57,459.35,459.395,28319,0
GLD.US,5,20260317,202000,459.39,459.43,459.24,459.38,20029,0
GLD.US,5,20260317,202500,459.39,459.42,459.15,459.298,88618,0
GLD.US,5,20260317,203000,459.31,459.3899,458.99,459.235,44706,0
GLD.US,5,20260317,203500,459.24,459.48,459.24,459.35,73368,0
GLD.US,5,20260317,204000,459.36,459.65,459.3,459.49,55443,0
GLD.US,5,20260317,204500,459.4899,459.6,459.19,459.42,116083,0
GLD.US,5,20260317,205000,459.45,459.49,459.24,459.47,148627,0
GLD.US,5,20260317,205500,459.46,459.46,459.09,459.31,410835,0
GLD.US,5,20260318,143000,446.66,446.73,445.55,446.2999,392035,0
GLD.US,5,20260318,143500,446.195,447.39,445.97,447.21,259772,0
GLD.US,5,20260318,144000,447.24,448.8,446.98,447.67,388316,0
GLD.US,5,20260318,144500,447.74,448.31,447.17,447.51,147734,0
GLD.US,5,20260318,145000,447.515,447.58,446.5,447.53,242275,0
GLD.US,5,20260318,145500,447.58,448.31,447.0841,448.04,151848,0
GLD.US,5,20260318,150000,448.045,448.91,447.5635,448.67,333199,0
GLD.US,5,20260318,150500,448.68,449.63,448.66,449.47,332401,0
GLD.US,5,20260318,151000,449.49,449.53,448.3,448.3892,131343,0
GLD.US,5,20260318,151500,448.37,448.62,447.6,447.612,165441,0
GLD.US,5,20260318,152000,447.62,447.68,446.8,447.12,194774,0
GLD.US,5,20260318,152500,447.06,447.08,446.4,446.51,186221,0
GLD.US,5,20260318,153000,446.5,446.9388,446.17,446.63,184505,0
GLD.US,5,20260318,153500,446.61,446.91,446.1,446.495,100974,0
GLD.US,5,20260318,154000,446.46,446.81,446.19,446.53,264574,0
GLD.US,5,20260318,154500,446.51,447.44,446.47,446.99,122846,0
GLD.US,5,20260318,155000,447.04,447.3334,446.54,446.81,103576,0
GLD.US,5,20260318,155500,446.81,447.62,446.77,447.35,66611,0
GLD.US,5,20260318,160000,447.33,447.87,446.995,447.26,152909,0
GLD.US,5,20260318,160500,447.3,448.12,447.3,448.08,63203,0
GLD.US,5,20260318,161000,448.08,448.08,447.36,447.81,99651,0
GLD.US,5,20260318,161500,447.87,448.28,447.71,447.9,65983,0
GLD.US,5,20260318,162000,447.9,448.02,447.115,447.7682,91319,0
GLD.US,5,20260318,162500,447.77,447.77,447.22,447.5206,67279,0
GLD.US,5,20260318,163000,447.51,447.78,447.425,447.6655,42158,0
GLD.US,5,20260318,163500,447.655,447.86,447.5671,447.64,60163,0
GLD.US,5,20260318,164000,447.63,447.78,446.84,446.87,177519,0
GLD.US,5,20260318,164500,446.87,447.06,446.53,446.7,91007,0
GLD.US,5,20260318,165000,446.705,446.99,446.59,446.865,82398,0
GLD.US,5,20260318,165500,446.84,447.02,446.59,446.645,82149,0
GLD.US,5,20260318,170000,446.64,447.32,446.48,446.96,102994,0
GLD.US,5,20260318,170500,446.935,447.41,446.935,447.245,121593,0
GLD.US,5,20260318,171000,447.25,448.19,447.24,448.0763,128414,0
GLD.US,5,20260318,171500,448.05,448.105,447.6874,447.99,94125,0
GLD.US,5,20260318,172000,447.975,448.21,447.81,448.065,53411,0
GLD.US,5,20260318,172500,448.08,448.5399,447.93,448.4899,195695,0
GLD.US,5,20260318,173000,448.47,448.5291,447.88,448.13,175493,0
GLD.US,5,20260318,173500,448.125,448.27,447.66,448.27,61832,0
GLD.US,5,20260318,174000,448.25,448.5,447.99,448.5,41122,0
GLD.US,5,20260318,174500,448.52,448.75,448.33,448.48,67002,0
GLD.US,5,20260318,175000,448.45,449.09,448.251,448.96,74276,0
GLD.US,5,20260318,175500,448.92,449.215,448.78,448.9651,67586,0
GLD.US,5,20260318,180000,448.92,449.17,448.67,449.1,35997,0
GLD.US,5,20260318,180500,449.07,449.22,448.84,448.97,39907,0
GLD.US,5,20260318,181000,448.95,449.01,448.63,448.92,30670,0
GLD.US,5,20260318,181500,448.94,449.21,448.79,449.17,37648,0
GLD.US,5,20260318,182000,449.1863,449.86,449.0045,449.83,52282,0
GLD.US,5,20260318,182500,449.85,449.95,449.275,449.31,94415,0
GLD.US,5,20260318,183000,449.3,449.61,448.95,449.61,75968,0
GLD.US,5,20260318,183500,449.6399,450.03,449.61,449.93,140526,0
GLD.US,5,20260318,184000,449.92,449.97,449.225,449.6,81779,0
GLD.US,5,20260318,184500,449.62,449.75,449.22,449.3226,29357,0
GLD.US,5,20260318,185000,449.31,449.57,449.08,449.232,64521,0
GLD.US,5,20260318,185500,449.26,449.46,449.16,449.21,31561,0
GLD.US,5,20260318,190000,449.26,450.06,448.58,449.12,149629,0
GLD.US,5,20260318,190500,449.13,449.13,448.4,448.5701,122425,0
GLD.US,5,20260318,191000,448.58,449.25,448.4,449.03,46876,0
GLD.US,5,20260318,191500,449,449.23,448.2,448.73,132041,0
GLD.US,5,20260318,192000,448.76,449,448.3,448.38,52025,0
GLD.US,5,20260318,192500,448.39,448.905,448.06,448.89,41780,0
GLD.US,5,20260318,193000,448.81,449.08,447.6,448.01,84005,0
GLD.US,5,20260318,193500,448.005,449,447.78,447.85,96750,0
GLD.US,5,20260318,194000,447.89,448.555,447.85,448.11,76772,0
GLD.US,5,20260318,194500,448.09,448.13,447.11,447.19,164499,0
GLD.US,5,20260318,195000,447.19,447.38,446.63,446.8305,150382,0
GLD.US,5,20260318,195500,446.83,446.98,445.731,445.8,211293,0
GLD.US,5,20260318,200000,445.75,446.19,444.9,446.12,326267,0
GLD.US,5,20260318,200500,446.17,446.34,445.73,446.1701,131206,0
GLD.US,5,20260318,201000,446.18,446.58,445.54,446.16,120293,0
GLD.US,5,20260318,201500,446.15,446.9,446.12,446.6,120128,0
GLD.US,5,20260318,202000,446.6,446.71,445.04,445.24,172322,0
GLD.US,5,20260318,202500,445.23,445.58,444.95,445.41,121257,0
GLD.US,5,20260318,203000,445.42,446.16,445.362,446.1575,129259,0
GLD.US,5,20260318,203500,446.12,446.48,445.94,446.115,82307,0
GLD.US,5,20260318,204000,446.1,446.28,445.24,445.57,92743,0
GLD.US,5,20260318,204500,445.56,445.65,444.86,444.97,193192,0
GLD.US,5,20260318,205000,445.02,445.16,444.39,444.9345,253851,0
GLD.US,5,20260318,205500,444.94,445.12,444.575,444.74,769382,0
GLD.US,5,20260319,143000,420.36,420.89,418.54,420.7,783276,0
GLD.US,5,20260319,143500,420.705,420.78,418.11,419.076,528714,0
GLD.US,5,20260319,144000,419.14,420,417.44,418.71,612858,0
GLD.US,5,20260319,144500,418.66,419.73,416.8,418.88,353762,0
GLD.US,5,20260319,145000,418.9,422.35,418.82,422.26,570357,0
GLD.US,5,20260319,145500,422.2925,424.42,422.23,424.39,600081,0
GLD.US,5,20260319,150000,424.385,426.44,424.26,424.9,661086,0
GLD.US,5,20260319,150500,424.905,426.16,424.16,424.825,296878,0
GLD.US,5,20260319,151000,424.79,426.96,424.48,425.26,304328,0
GLD.US,5,20260319,151500,425.26,425.74,422.82,423.77,313747,0
GLD.US,5,20260319,152000,423.75,423.94,422.4701,423.57,265727,0
GLD.US,5,20260319,152500,423.66,423.98,421.04,421.13,351027,0
GLD.US,5,20260319,153000,421.13,423.07,420.7513,423.05,433595,0
GLD.US,5,20260319,153500,423.04,424.42,423.015,424.15,323608,0
GLD.US,5,20260319,154000,424.16,424.51,423.32,423.73,161563,0
GLD.US,5,20260319,154500,423.705,424.08,422.73,423.83,198071,0
GLD.US,5,20260319,155000,423.865,425.02,423.453,424.56,208405,0
GLD.US,5,20260319,155500,424.63,424.63,422.34,422.65,193264,0
GLD.US,5,20260319,160000,422.63,423.9897,421.9,423.935,193943,0
GLD.US,5,20260319,160500,423.8805,426.02,423.865,424.1066,239474,0
GLD.US,5,20260319,161000,424.1,425.14,423.451,425,132589,0
GLD.US,5,20260319,161500,424.98,425.09,422.84,423.35,274814,0
GLD.US,5,20260319,162000,423.355,423.8124,422.8,423.13,149642,0
GLD.US,5,20260319,162500,423.13,423.5051,422.17,422.7698,133396,0
GLD.US,5,20260319,163000,422.68,422.7,420.03,420.56,303200,0
GLD.US,5,20260319,163500,420.56,421.02,419.7,420.43,245942,0
GLD.US,5,20260319,164000,420.37,420.8,419.7,419.87,275394,0
GLD.US,5,20260319,164500,419.8799,421.14,419.3,420.97,199887,0
GLD.US,5,20260319,165000,420.97,422,420.8,421.675,175816,0
GLD.US,5,20260319,165500,421.67,423.465,421.18,422.13,196259,0
GLD.US,5,20260319,170000,422.09,424.21,421.8,423.705,143228,0
GLD.US,5,20260319,170500,423.73,424.85,423.46,424.0096,149430,0
GLD.US,5,20260319,171000,424.03,424.14,422.7,422.96,130603,0
GLD.US,5,20260319,171500,422.92,423.265,421.88,423.19,130831,0
GLD.US,5,20260319,172000,423.22,424.0066,423,423.24,122996,0
GLD.US,5,20260319,172500,423.275,423.58,422.37,422.4,204852,0
GLD.US,5,20260319,173000,422.425,422.68,421.37,421.92,265965,0
GLD.US,5,20260319,173500,421.84,422.01,420.96,421.83,101139,0
GLD.US,5,20260319,174000,421.89,423.21,421.77,421.815,207932,0
GLD.US,5,20260319,174500,421.8149,422.254,421.605,421.68,99346,0
GLD.US,5,20260319,175000,421.71,422.1,420.3399,421.23,148084,0
GLD.US,5,20260319,175500,421.26,421.74,420.76,421.02,132832,0
GLD.US,5,20260319,180000,421,421.93,420.7248,421.64,166605,0
GLD.US,5,20260319,180500,421.63,422.07,420.32,420.43,94377,0
GLD.US,5,20260319,181000,420.43,421.2,420.095,420.6,166531,0
GLD.US,5,20260319,181500,420.605,422.315,420.06,422.14,135510,0
GLD.US,5,20260319,182000,422.15,423.48,422.12,423.42,228670,0
GLD.US,5,20260319,182500,423.47,423.75,422.4,422.75,207911,0
GLD.US,5,20260319,183000,422.8,424.18,422.75,423.08,161161,0
GLD.US,5,20260319,183500,422.99,423.17,422.43,422.985,87612,0
GLD.US,5,20260319,184000,422.95,423.345,422.6681,422.88,113694,0
GLD.US,5,20260319,184500,422.94,423.6894,422.93,423.42,161145,0
GLD.US,5,20260319,185000,423.41,425.16,423.31,424.73,151375,0
GLD.US,5,20260319,185500,424.69,424.718,423.7508,423.91,122691,0
GLD.US,5,20260319,190000,423.91,424.18,422.84,423.48,248364,0
GLD.US,5,20260319,190500,423.34,423.63,422.54,423.48,94835,0
GLD.US,5,20260319,191000,423.4085,424.01,423.35,423.78,133871,0
GLD.US,5,20260319,191500,423.78,424.05,423.07,423.27,88402,0
GLD.US,5,20260319,192000,423.3,423.5,422.845,423.11,76163,0
GLD.US,5,20260319,192500,423.13,423.79,423.12,423.335,93935,0
GLD.US,5,20260319,193000,423.28,423.5,422.655,422.75,143641,0
GLD.US,5,20260319,193500,422.785,423.06,422.11,423.035,129123,0
GLD.US,5,20260319,194000,423.04,423.42,422.92,423.3,54116,0
GLD.US,5,20260319,194500,423.26,423.8,423.1101,423.165,94571,0
GLD.US,5,20260319,195000,423.18,423.28,422.87,423.12,72850,0
GLD.US,5,20260319,195500,423.1399,424.62,422.92,424.6,217976,0
GLD.US,5,20260319,200000,424.63,426.96,424.62,425.64,349524,0
GLD.US,5,20260319,200500,425.66,427.8,425.48,427.19,397133,0
GLD.US,5,20260319,201000,427.0901,428.2677,426.31,427.71,219994,0
GLD.US,5,20260319,201500,427.71,428.1394,426.79,427.84,184753,0
GLD.US,5,20260319,202000,427.79,427.82,426.38,426.44,303157,0
GLD.US,5,20260319,202500,426.452,426.685,425.5,426.52,176166,0
GLD.US,5,20260319,203000,426.51,426.99,425.85,426.725,199237,0
GLD.US,5,20260319,203500,426.7,426.79,425.46,426.22,119568,0
GLD.US,5,20260319,204000,426.23,426.455,425.845,425.99,94941,0
GLD.US,5,20260319,204500,426.01,426.15,425.6,425.72,156771,0
GLD.US,5,20260319,205000,425.7,426.31,425.4,426.16,251600,0
GLD.US,5,20260319,205500,426.18,427.07,426.07,426.41,902476,0
GLD.US,5,20260320,143000,428.04,428.59,426.41,426.75,192590,0
GLD.US,5,20260320,143500,426.4,428.1437,425.8901,427.6299,132536,0
GLD.US,5,20260320,144000,427.61,428.53,426.88,428.32,130679,0
GLD.US,5,20260320,144500,428.34,428.5859,427.27,427.34,130140,0
GLD.US,5,20260320,145000,427.21,427.45,424.37,424.575,293536,0
GLD.US,5,20260320,145500,424.6,425.05,423.7,423.985,313490,0
GLD.US,5,20260320,150000,423.9838,424.5,423.15,424.0192,272674,0
GLD.US,5,20260320,150500,423.9506,424.66,422.615,423.3508,171644,0
GLD.US,5,20260320,151000,423.37,424.195,421.25,421.36,260244,0
GLD.US,5,20260320,151500,421.32,421.48,419.09,420.255,570198,0
GLD.US,5,20260320,152000,420.2725,420.64,418.88,419.6896,355675,0
GLD.US,5,20260320,152500,419.64,419.74,418.02,418.69,271624,0
GLD.US,5,20260320,153000,418.68,420.73,418.58,420.69,261772,0
GLD.US,5,20260320,153500,420.68,421.16,420.02,420.25,401155,0
GLD.US,5,20260320,154000,420.15,420.59,419.78,420.32,155895,0
GLD.US,5,20260320,154500,420.24,420.94,419.11,419.28,179436,0
GLD.US,5,20260320,155000,419.345,419.97,418.15,418.365,155777,0
GLD.US,5,20260320,155500,418.3,419.77,417.69,419.19,237271,0
GLD.US,5,20260320,160000,419.185,420.71,419.13,420.01,312942,0
GLD.US,5,20260320,160500,419.95,420.35,418.81,419.24,130342,0
GLD.US,5,20260320,161000,419.21,420.52,419.12,420.31,145023,0
GLD.US,5,20260320,161500,420.34,420.38,418.67,419.04,153181,0
GLD.US,5,20260320,162000,419.02,420.23,418.66,419.265,178692,0
GLD.US,5,20260320,162500,419.26,419.26,417.05,419.105,248073,0
GLD.US,5,20260320,163000,419.07,420.3,418.625,419.58,148675,0
GLD.US,5,20260320,163500,419.53,419.55,418.85,418.93,74746,0
GLD.US,5,20260320,164000,418.98,419.43,418.55,419.08,112568,0
GLD.US,5,20260320,164500,419.08,419.1,417.3901,417.85,127832,0
GLD.US,5,20260320,165000,417.79,418.8466,417.44,418.67,128727,0
GLD.US,5,20260320,165500,418.66,418.66,418.09,418.26,113858,0
GLD.US,5,20260320,170000,418.18,420.37,418.09,420.15,181599,0
GLD.US,5,20260320,170500,420.09,420.76,419.74,419.91,213264,0
GLD.US,5,20260320,171000,419.89,421.46,419.6562,421.44,156414,0
GLD.US,5,20260320,171500,421.46,422.68,421.025,422.65,359605,0
GLD.US,5,20260320,172000,422.67,423.81,422.09,422.21,285480,0
GLD.US,5,20260320,172500,422.19,422.19,421.06,421.16,120992,0
GLD.US,5,20260320,173000,421.17,421.235,419.85,420.85,181714,0
GLD.US,5,20260320,173500,420.87,421.85,420.87,421.6,154896,0
GLD.US,5,20260320,174000,421.61,421.82,420.61,420.79,104074,0
GLD.US,5,20260320,174500,420.75,420.88,419.55,420.3701,118234,0
GLD.US,5,20260320,175000,420.42,420.82,419.96,420.79,153533,0
GLD.US,5,20260320,175500,420.81,421.4793,420.76,420.99,75324,0
GLD.US,5,20260320,180000,420.965,421.78,420.74,421.53,134728,0
GLD.US,5,20260320,180500,421.54,422.52,420.03,421.71,202591,0
GLD.US,5,20260320,181000,421.68,421.89,420.81,420.87,131907,0
GLD.US,5,20260320,181500,420.84,420.95,420.05,420.2,227254,0
GLD.US,5,20260320,182000,420.22,420.65,419.65,419.75,216608,0
GLD.US,5,20260320,182500,419.73,420.34,419.7,419.95,131696,0
GLD.US,5,20260320,183000,419.98,420.15,418.73,418.99,217378,0
GLD.US,5,20260320,183500,418.99,419.35,418.29,419.04,169402,0
GLD.US,5,20260320,184000,418.995,419.41,418.76,419.41,111365,0
GLD.US,5,20260320,184500,419.37,419.68,419.08,419.2189,117102,0
GLD.US,5,20260320,185000,419.21,420.37,419.1,420.36,110809,0
GLD.US,5,20260320,185500,420.37,420.42,419.9,420.0788,92534,0
GLD.US,5,20260320,190000,420.15,420.52,419.73,419.78,136996,0
GLD.US,5,20260320,190500,419.79,420.34,419.5184,419.555,78691,0
GLD.US,5,20260320,191000,419.53,420.26,418.98,419.2,104622,0
GLD.US,5,20260320,191500,419.24,419.4399,418.83,419.41,79262,0
GLD.US,5,20260320,192000,419.42,419.6291,416.7127,417.62,326495,0
GLD.US,5,20260320,192500,417.62,418.76,417.61,418.36,72494,0
GLD.US,5,20260320,193000,418.32,418.56,417.49,417.57,94061,0
GLD.US,5,20260320,193500,417.58,417.78,416.86,417.4,125799,0
GLD.US,5,20260320,194000,417.385,417.58,415.58,415.75,254222,0
GLD.US,5,20260320,194500,415.78,416.08,414.24,414.35,401427,0
GLD.US,5,20260320,195000,414.34,415,413.38,413.61,362343,0
GLD.US,5,20260320,195500,413.6009,413.66,411.24,413.36,722433,0
GLD.US,5,20260320,200000,413.365,414.83,413.25,413.35,349802,0
GLD.US,5,20260320,200500,413.315,413.66,412.06,413.55,285550,0
GLD.US,5,20260320,201000,413.53,413.91,412.25,413.37,263851,0
GLD.US,5,20260320,201500,413.3451,414.07,412.7,413.415,379268,0
GLD.US,5,20260320,202000,413.38,413.38,412.02,412.22,290397,0
GLD.US,5,20260320,202500,412.19,413.2695,411.98,413.2,275154,0
GLD.US,5,20260320,203000,413.18,414.215,413.04,413.14,295548,0
GLD.US,5,20260320,203500,413.15,414.27,412.63,414.17,266330,0
GLD.US,5,20260320,204000,414.18,414.86,413.6801,414.64,254100,0
GLD.US,5,20260320,204500,414.64,414.67,413.9901,414.08,248071,0
GLD.US,5,20260320,205000,414.14,414.85,413.87,414.8,352537,0
GLD.US,5,20260320,205500,414.8069,414.81,413.07,413.38,1276934,0
