<TICKER>,<PER>,<DATE>,<TIME>,<OPEN>,<HIGH>,<LOW>,<CLOSE>,<VOL>,<OPENINT>
LQD.US,5,20251027,143000,112.71,112.715,112.64,112.66,136787,0
LQD.US,5,20251027,143500,112.66,112.66,112.61,112.625,264185,0
LQD.US,5,20251027,144000,112.625,112.625,112.555,112.58,550170,0
LQD.US,5,20251027,144500,112.57,112.585,112.56,112.58,494979,0
LQD.US,5,20251027,145000,112.58,112.61,112.555,112.555,522590,0
LQD.US,5,20251027,145500,112.56,112.6,112.55,112.58,255965,0
LQD.US,5,20251027,150000,112.59,112.615,112.5699,112.605,530338,0
LQD.US,5,20251027,150500,112.61,112.62,112.59,112.5951,643890,0
LQD.US,5,20251027,151000,112.595,112.6499,112.59,112.64,490182,0
LQD.US,5,20251027,151500,112.6486,112.665,112.64,112.65,308713,0
LQD.US,5,20251027,152000,112.66,112.685,112.655,112.68,219861,0
LQD.US,5,20251027,152500,112.68,112.72,112.675,112.715,168776,0
LQD.US,5,20251027,153000,112.715,112.715,112.65,112.67,303869,0
LQD.US,5,20251027,153500,112.675,112.68,112.66,112.66,464995,0
LQD.US,5,20251027,154000,112.665,112.685,112.655,112.679,527578,0
LQD.US,5,20251027,154500,112.68,112.69,112.655,112.676,268856,0
LQD.US,5,20251027,155000,112.67,112.695,112.655,112.66,136217,0
LQD.US,5,20251027,155500,112.67,112.695,112.655,112.655,226375,0
LQD.US,5,20251027,160000,112.6501,112.67,112.625,112.635,475057,0
LQD.US,5,20251027,160500,112.635,112.65,112.6,112.605,395751,0
LQD.US,5,20251027,161000,112.605,112.635,112.6,112.635,407771,0
LQD.US,5,20251027,161500,112.635,112.6397,112.615,112.6397,100044,0
LQD.US,5,20251027,162000,112.635,112.65,112.62,112.625,190701,0
LQD.US,5,20251027,162500,112.625,112.6655,112.62,112.66,166607,0
LQD.US,5,20251027,163000,112.66,112.7,112.655,112.69,127342,0
LQD.US,5,20251027,163500,112.69,112.705,112.6699,112.69,92403,0
LQD.US,5,20251027,164000,112.685,112.695,112.66,112.69,452607,0
LQD.US,5,20251027,164500,112.68,112.725,112.67,112.725,255813,0
LQD.US,5,20251027,165000,112.725,112.76,112.7117,112.745,190831,0
LQD.US,5,20251027,165500,112.74,112.745,112.72,112.725,294431,0
LQD.US,5,20251027,170000,112.725,112.805,112.725,112.785,223983,0
LQD.US,5,20251027,170500,112.79,112.805,112.78,112.795,80681,0
LQD.US,5,20251027,171000,112.795,112.815,112.79,112.7942,139505,0
LQD.US,5,20251027,171500,112.79,112.8,112.765,112.785,193096,0
LQD.US,5,20251027,172000,112.79,112.83,112.79,112.825,138349,0
LQD.US,5,20251027,172500,112.8253,112.83,112.81,112.815,83560,0
LQD.US,5,20251027,173000,112.815,112.83,112.8,112.815,100621,0
LQD.US,5,20251027,173500,112.81,112.825,112.805,112.825,108037,0
LQD.US,5,20251027,174000,112.82,112.83,112.81,112.83,193062,0
LQD.US,5,20251027,174500,112.825,112.86,112.82,112.86,188519,0
LQD.US,5,20251027,175000,112.855,112.895,112.855,112.8665,201943,0
LQD.US,5,20251027,175500,112.865,112.875,112.84,112.85,177328,0
LQD.US,5,20251027,180000,112.8418,112.9,112.835,112.885,163520,0
LQD.US,5,20251027,180500,112.885,112.895,112.865,112.895,272688,0
LQD.US,5,20251027,181000,112.89,112.9,112.88,112.885,329284,0
LQD.US,5,20251027,181500,112.885,112.885,112.855,112.8632,94995,0
LQD.US,5,20251027,182000,112.87,112.87,112.845,112.845,377081,0
LQD.US,5,20251027,182500,112.845,112.88,112.845,112.86,54267,0
LQD.US,5,20251027,183000,112.86,112.88,112.855,112.8702,76373,0
LQD.US,5,20251027,183500,112.87,112.885,112.865,112.8794,275063,0
LQD.US,5,20251027,184000,112.875,112.88,112.87,112.87,212552,0
LQD.US,5,20251027,184500,112.8689,112.875,112.85,112.8633,78712,0
LQD.US,5,20251027,185000,112.87,112.8852,112.8654,112.885,382716,0
LQD.US,5,20251027,185500,112.885,112.885,112.85,112.855,483990,0
LQD.US,5,20251027,190000,112.86,112.865,112.85,112.8512,174013,0
LQD.US,5,20251027,190500,112.85,112.86,112.84,112.845,233625,0
LQD.US,5,20251027,191000,112.85,112.85,112.84,112.845,99339,0
LQD.US,5,20251027,191500,112.845,112.85,112.835,112.845,239471,0
LQD.US,5,20251027,192000,112.845,112.85,112.83,112.83,262615,0
LQD.US,5,20251027,192500,112.83,112.84,112.81,112.82,128363,0
LQD.US,5,20251027,193000,112.82,112.86,112.815,112.855,142910,0
LQD.US,5,20251027,193500,112.855,112.86,112.83,112.845,375565,0
LQD.US,5,20251027,194000,112.845,112.8658,112.845,112.865,277475,0
LQD.US,5,20251027,194500,112.86,112.87,112.85,112.86,130568,0
LQD.US,5,20251027,195000,112.86,112.875,112.85,112.875,311942,0
LQD.US,5,20251027,195500,112.875,112.905,112.875,112.89,774353,0
LQD.US,5,20251027,200000,112.89,112.895,112.875,112.885,139164,0
LQD.US,5,20251027,200500,112.885,112.89,112.87,112.875,230689,0
LQD.US,5,20251027,201000,112.875,112.93,112.875,112.925,470639,0
LQD.US,5,20251027,201500,112.925,112.93,112.89,112.895,194018,0
LQD.US,5,20251027,202000,112.895,112.91,112.87,112.88,791356,0
LQD.US,5,20251027,202500,112.8759,112.88,112.8687,112.875,206655,0
LQD.US,5,20251027,203000,112.875,112.89,112.86,112.865,338789,0
LQD.US,5,20251027,203500,112.865,112.895,112.865,112.885,188025,0
LQD.US,5,20251027,204000,112.8844,112.915,112.88,112.885,209679,0
LQD.US,5,20251027,204500,112.885,112.905,112.88,112.89,794538,0
LQD.US,5,20251027,205000,112.89,112.91,112.88,112.905,1009225,0
LQD.US,5,20251027,205500,112.905,112.91,112.89,112.91,1041241,0
LQD.US,5,20251028,143000,112.86,112.865,112.8435,112.86,493580,0
LQD.US,5,20251028,143500,112.855,112.885,112.81,112.81,582770,0
LQD.US,5,20251028,144000,112.81,112.82,112.765,112.765,426789,0
LQD.US,5,20251028,144500,112.765,112.8,112.745,112.765,314711,0
LQD.US,5,20251028,145000,112.77,112.79,112.77,112.775,1363540,0
LQD.US,5,20251028,145500,112.775,112.8,112.775,112.795,641895,0
LQD.US,5,20251028,150000,112.79,112.795,112.735,112.755,371765,0
LQD.US,5,20251028,150500,112.755,112.76,112.7,112.705,676665,0
LQD.US,5,20251028,151000,112.71,112.74,112.705,112.715,487782,0
LQD.US,5,20251028,151500,112.715,112.73,112.7,112.71,400894,0
LQD.US,5,20251028,152000,112.71,112.785,112.705,112.775,1027478,0
LQD.US,5,20251028,152500,112.7792,112.79,112.77,112.7892,260678,0
LQD.US,5,20251028,153000,112.785,112.82,112.785,112.805,637338,0
LQD.US,5,20251028,153500,112.805,112.81,112.79,112.8,375423,0
LQD.US,5,20251028,154000,112.805,112.835,112.8,112.805,522953,0
LQD.US,5,20251028,154500,112.805,112.81,112.7901,112.805,274471,0
LQD.US,5,20251028,155000,112.8,112.805,112.79,112.795,437923,0
LQD.US,5,20251028,155500,112.795,112.83,112.793,112.825,284275,0
LQD.US,5,20251028,160000,112.825,112.87,112.825,112.85,123607,0
LQD.US,5,20251028,160500,112.85,112.86,112.835,112.84,128429,0
LQD.US,5,20251028,161000,112.85,112.86,112.83,112.8394,272993,0
LQD.US,5,20251028,161500,112.84,112.845,112.815,112.825,184604,0
LQD.US,5,20251028,162000,112.825,112.84,112.82,112.835,134953,0
LQD.US,5,20251028,162500,112.835,112.85,112.835,112.84,41763,0
LQD.US,5,20251028,163000,112.84,112.87,112.84,112.87,160870,0
LQD.US,5,20251028,163500,112.87,112.8901,112.8624,112.88,91561,0
LQD.US,5,20251028,164000,112.89,112.92,112.88,112.9,104704,0
LQD.US,5,20251028,164500,112.8996,112.91,112.8898,112.905,233244,0
LQD.US,5,20251028,165000,112.9,112.91,112.87,112.885,293598,0
LQD.US,5,20251028,165500,112.88,112.9,112.8744,112.89,190836,0
LQD.US,5,20251028,170000,112.9,112.91,112.8623,112.8699,55163,0
LQD.US,5,20251028,170500,112.87,112.9,112.87,112.87,146655,0
LQD.US,5,20251028,171000,112.87,112.88,112.865,112.865,83490,0
LQD.US,5,20251028,171500,112.86,112.87,112.795,112.8,570402,0
LQD.US,5,20251028,172000,112.8,112.8,112.78,112.785,721877,0
LQD.US,5,20251028,172500,112.785,112.785,112.77,112.785,950696,0
LQD.US,5,20251028,173000,112.785,112.795,112.74,112.79,792049,0
LQD.US,5,20251028,173500,112.79,112.797,112.74,112.755,368449,0
LQD.US,5,20251028,174000,112.76,112.825,112.76,112.82,310312,0
LQD.US,5,20251028,174500,112.82,112.86,112.82,112.8477,592215,0
LQD.US,5,20251028,175000,112.845,112.865,112.84,112.85,414663,0
LQD.US,5,20251028,175500,112.86,112.89,112.855,112.885,630885,0
LQD.US,5,20251028,180000,112.885,112.89,112.84,112.85,562359,0
LQD.US,5,20251028,180500,112.85,112.86,112.825,112.825,301742,0
LQD.US,5,20251028,181000,112.825,112.83,112.81,112.82,199101,0
LQD.US,5,20251028,181500,112.82,112.84,112.82,112.825,384556,0
LQD.US,5,20251028,182000,112.825,112.85,112.82,112.8492,1176815,0
LQD.US,5,20251028,182500,112.845,112.8799,112.84,112.865,502331,0
LQD.US,5,20251028,183000,112.87,112.89,112.87,112.885,134486,0
LQD.US,5,20251028,183500,112.89,112.9,112.87,112.87,365587,0
LQD.US,5,20251028,184000,112.875,112.89,112.87,112.885,249758,0
LQD.US,5,20251028,184500,112.885,112.89,112.88,112.885,104377,0
LQD.US,5,20251028,185000,112.88,112.8866,112.87,112.885,210667,0
LQD.US,5,20251028,185500,112.888,112.89,112.88,112.885,120073,0
LQD.US,5,20251028,190000,112.885,112.89,112.87,112.885,37621,0
LQD.US,5,20251028,190500,112.885,112.8955,112.88,112.885,154675,0
LQD.US,5,20251028,191000,112.88,112.89,112.88,112.885,102202,0
LQD.US,5,20251028,191500,112.885,112.9,112.885,112.9,431913,0
LQD.US,5,20251028,192000,112.9,112.91,112.89,112.905,402850,0
LQD.US,5,20251028,192500,112.905,112.92,112.9,112.915,276383,0
LQD.US,5,20251028,193000,112.915,112.92,112.9,112.915,499430,0
LQD.US,5,20251028,193500,112.92,112.92,112.87,112.895,891198,0
LQD.US,5,20251028,194000,112.895,112.9,112.89,112.895,237848,0
LQD.US,5,20251028,194500,112.895,112.91,112.8801,112.895,495171,0
LQD.US,5,20251028,195000,112.895,112.9,112.88,112.885,528780,0
LQD.US,5,20251028,195500,112.8825,112.915,112.88,112.91,355384,0
LQD.US,5,20251028,200000,112.91,112.93,112.895,112.9,574926,0
LQD.US,5,20251028,200500,112.895,112.9,112.88,112.895,219020,0
LQD.US,5,20251028,201000,112.89,112.9,112.88,112.885,121587,0
LQD.US,5,20251028,201500,112.88,112.89,112.875,112.875,147244,0
LQD.US,5,20251028,202000,112.875,112.9,112.8701,112.895,400287,0
LQD.US,5,20251028,202500,112.895,112.9,112.89,112.895,221560,0
LQD.US,5,20251028,203000,112.8973,112.9,112.89,112.895,308395,0
LQD.US,5,20251028,203500,112.9,112.9,112.88,112.89,352316,0
LQD.US,5,20251028,204000,112.89,112.9,112.88,112.885,271560,0
LQD.US,5,20251028,204500,112.885,112.89,112.88,112.885,557389,0
LQD.US,5,20251028,205000,112.885,112.9,112.88,112.885,263890,0
LQD.US,5,20251028,205500,112.885,112.92,112.8832,112.92,1047451,0
LQD.US,5,20251029,143000,112.86,112.88,112.795,112.795,549361,0
LQD.US,5,20251029,143500,112.795,112.86,112.795,112.86,198508,0
LQD.US,5,20251029,144000,112.86,112.86,112.8288,112.845,132885,0
LQD.US,5,20251029,144500,112.845,112.87,112.84,112.85,331151,0
LQD.US,5,20251029,145000,112.845,112.86,112.805,112.86,601403,0
LQD.US,5,20251029,145500,112.855,112.875,112.85,112.86,278278,0
LQD.US,5,20251029,150000,112.86,112.89,112.85,112.855,228428,0
LQD.US,5,20251029,150500,112.855,112.856,112.82,112.825,203007,0
LQD.US,5,20251029,151000,112.825,112.86,112.825,112.855,123171,0
LQD.US,5,20251029,151500,112.855,112.87,112.85,112.865,161963,0
LQD.US,5,20251029,152000,112.865,112.87,112.84,112.845,490335,0
LQD.US,5,20251029,152500,112.845,112.85,112.81,112.815,219517,0
LQD.US,5,20251029,153000,112.8164,112.82,112.79,112.7907,135100,0
LQD.US,5,20251029,153500,112.79,112.8,112.78,112.7901,181794,0
LQD.US,5,20251029,154000,112.79,112.805,112.78,112.795,134301,0
LQD.US,5,20251029,154500,112.795,112.795,112.7845,112.795,244506,0
LQD.US,5,20251029,155000,112.795,112.8,112.78,112.79,267437,0
LQD.US,5,20251029,155500,112.785,112.8,112.775,112.79,469542,0
LQD.US,5,20251029,160000,112.785,112.84,112.785,112.8299,197825,0
LQD.US,5,20251029,160500,112.825,112.86,112.81,112.85,605636,0
LQD.US,5,20251029,161000,112.84,112.845,112.82,112.825,151488,0
LQD.US,5,20251029,161500,112.825,112.84,112.8,112.8201,839496,0
LQD.US,5,20251029,162000,112.8269,112.84,112.8235,112.8296,45670,0
LQD.US,5,20251029,162500,112.8223,112.83,112.815,112.83,71575,0
LQD.US,5,20251029,163000,112.825,112.84,112.825,112.8399,184072,0
LQD.US,5,20251029,163500,112.83,112.83,112.8,112.805,343046,0
LQD.US,5,20251029,164000,112.81,112.81,112.78,112.78,149027,0
LQD.US,5,20251029,164500,112.78,112.8,112.78,112.8,90495,0
LQD.US,5,20251029,165000,112.795,112.81,112.78,112.8,147127,0
LQD.US,5,20251029,165500,112.795,112.82,112.785,112.81,153774,0
LQD.US,5,20251029,170000,112.80649,112.82,112.8,112.815,88275,0
LQD.US,5,20251029,170500,112.8111,112.82,112.8,112.81,130346,0
LQD.US,5,20251029,171000,112.815,112.84,112.8001,112.8359,72871,0
LQD.US,5,20251029,171500,112.83,112.85,112.83,112.85,58771,0
LQD.US,5,20251029,172000,112.845,112.845,112.82,112.825,387744,0
LQD.US,5,20251029,172500,112.825,112.83,112.8187,112.825,291961,0
LQD.US,5,20251029,173000,112.82,112.825,112.7965,112.805,184398,0
LQD.US,5,20251029,173500,112.81,112.825,112.808,112.815,174595,0
LQD.US,5,20251029,174000,112.815,112.84,112.815,112.8301,78170,0
LQD.US,5,20251029,174500,112.835,112.835,112.82,112.83,178964,0
LQD.US,5,20251029,175000,112.83,112.835,112.8,112.8001,62995,0
LQD.US,5,20251029,175500,112.805,112.8099,112.7928,112.8001,43249,0
LQD.US,5,20251029,180000,112.805,112.805,112.79,112.79,13326,0
LQD.US,5,20251029,180500,112.79,112.82,112.79,112.815,100175,0
LQD.US,5,20251029,181000,112.815,112.83,112.81,112.815,135152,0
LQD.US,5,20251029,181500,112.815,112.82,112.795,112.8,91023,0
LQD.US,5,20251029,182000,112.795,112.8,112.7535,112.755,46626,0
LQD.US,5,20251029,182500,112.75,112.7599,112.71,112.7295,236002,0
LQD.US,5,20251029,183000,112.72,112.72,112.69,112.6906,250127,0
LQD.US,5,20251029,183500,112.6999,112.7099,112.665,112.67,163261,0
LQD.US,5,20251029,184000,112.67,112.675,112.66,112.665,75924,0
LQD.US,5,20251029,184500,112.665,112.695,112.645,112.695,212717,0
LQD.US,5,20251029,185000,112.695,112.7,112.685,112.7,175194,0
LQD.US,5,20251029,185500,112.695,112.715,112.67,112.68,140833,0
LQD.US,5,20251029,190000,112.67,112.71,112.55,112.615,485807,0
LQD.US,5,20251029,190500,112.6115,112.65,112.6,112.62,200794,0
LQD.US,5,20251029,191000,112.625,112.63,112.58,112.58,106561,0
LQD.US,5,20251029,191500,112.585,112.62,112.5619,112.62,326252,0
LQD.US,5,20251029,192000,112.61,112.62,112.58,112.585,138491,0
LQD.US,5,20251029,192500,112.585,112.61,112.56,112.59,447022,0
LQD.US,5,20251029,193000,112.59,112.655,112.545,112.645,304428,0
LQD.US,5,20251029,193500,112.645,112.645,112.36,112.38,375728,0
LQD.US,5,20251029,194000,112.39,112.39,112.25,112.315,922398,0
LQD.US,5,20251029,194500,112.315,112.35,112.26,112.295,1872692,0
LQD.US,5,20251029,195000,112.3,112.38,112.29,112.33,796822,0
LQD.US,5,20251029,195500,112.34,112.39,112.325,112.34,490362,0
LQD.US,5,20251029,200000,112.34,112.4,112.27,112.285,308873,0
LQD.US,5,20251029,200500,112.29,112.355,112.29,112.345,1290808,0
LQD.US,5,20251029,201000,112.34,112.34,112.295,112.335,485791,0
LQD.US,5,20251029,201500,112.335,112.3682,112.305,112.34,247465,0
LQD.US,5,20251029,202000,112.345,112.345,112.28,112.295,684072,0
LQD.US,5,20251029,202500,112.295,112.335,112.27,112.27,313022,0
LQD.US,5,20251029,203000,112.27,112.28,112.2001,112.2298,210425,0
LQD.US,5,20251029,203500,112.23,112.23,112.185,112.21,823367,0
LQD.US,5,20251029,204000,112.215,112.23,112.19,112.2,836940,0
LQD.US,5,20251029,204500,112.195,112.28,112.195,112.255,785564,0
LQD.US,5,20251029,205000,112.255,112.29,112.255,112.26,781367,0
LQD.US,5,20251029,205500,112.26,112.28,112.22,112.28,3696773,0
LQD.US,5,20251030,143000,111.62,111.63,111.52,111.615,1344865,0
LQD.US,5,20251030,143500,111.615,111.62,111.53,111.535,684632,0
LQD.US,5,20251030,144000,111.535,111.65,111.535,111.645,710680,0
LQD.US,5,20251030,144500,111.65,111.66,111.595,111.635,817700,0
LQD.US,5,20251030,145000,111.64,111.715,111.635,111.69,1071836,0
LQD.US,5,20251030,145500,111.695,111.7397,111.67,111.72,565817,0
LQD.US,5,20251030,150000,111.73,111.75,111.7,111.745,1223809,0
LQD.US,5,20251030,150500,111.74,111.795,111.73,111.77,1401264,0
LQD.US,5,20251030,151000,111.77,111.81,111.76,111.8,1041785,0
LQD.US,5,20251030,151500,111.8,111.86,111.79,111.86,868775,0
LQD.US,5,20251030,152000,111.855,111.87,111.84,111.87,603573,0
LQD.US,5,20251030,152500,111.87,111.89,111.835,111.855,558876,0
LQD.US,5,20251030,153000,111.855,111.855,111.8,111.805,261849,0
LQD.US,5,20251030,153500,111.805,111.87,111.8,111.865,858165,0
LQD.US,5,20251030,154000,111.87,111.92,111.845,111.905,1098864,0
LQD.US,5,20251030,154500,111.905,111.915,111.87,111.895,848640,0
LQD.US,5,20251030,155000,111.895,111.9,111.86,111.875,556593,0
LQD.US,5,20251030,155500,111.875,111.9,111.875,111.88,344239,0
LQD.US,5,20251030,160000,111.875,111.91,111.87,111.9,481877,0
LQD.US,5,20251030,160500,111.905,111.92,111.885,111.92,137529,0
LQD.US,5,20251030,161000,111.915,111.95,111.91,111.9435,156897,0
LQD.US,5,20251030,161500,111.9499,111.965,111.935,111.95,1125024,0
LQD.US,5,20251030,162000,111.95,111.97,111.93,111.955,182855,0
LQD.US,5,20251030,162500,111.955,111.98,111.945,111.95,171324,0
LQD.US,5,20251030,163000,111.955,111.9599,111.93,111.935,79295,0
LQD.US,5,20251030,163500,111.93,111.94,111.9101,111.9289,433794,0
LQD.US,5,20251030,164000,111.93,111.97,111.915,111.96,491713,0
LQD.US,5,20251030,164500,111.965,111.995,111.94,111.975,1009907,0
LQD.US,5,20251030,165000,111.98,111.985,111.935,111.98,368132,0
LQD.US,5,20251030,165500,111.98,112.01,111.92,111.925,424005,0
LQD.US,5,20251030,170000,111.93,111.9359,111.895,111.91,530537,0
LQD.US,5,20251030,170500,111.9,111.91,111.89,111.895,329579,0
LQD.US,5,20251030,171000,111.9,111.92,111.89,111.91,275481,0
LQD.US,5,20251030,171500,111.91,111.9199,111.8849,111.9,219588,0
LQD.US,5,20251030,172000,111.895,111.895,111.845,111.89,187827,0
LQD.US,5,20251030,172500,111.89,111.92,111.875,111.905,92593,0
LQD.US,5,20251030,173000,111.9099,111.91,111.855,111.86,412918,0
LQD.US,5,20251030,173500,111.8556,111.8585,111.83,111.84,151199,0
LQD.US,5,20251030,174000,111.83,111.84,111.82,111.84,266973,0
LQD.US,5,20251030,174500,111.8377,111.865,111.835,111.86,409232,0
LQD.US,5,20251030,175000,111.865,111.87,111.84,111.845,1245259,0
LQD.US,5,20251030,175500,111.845,111.85,111.805,111.815,760433,0
LQD.US,5,20251030,180000,111.815,111.84,111.81,111.835,425778,0
LQD.US,5,20251030,180500,111.83,111.83,111.8,111.815,280252,0
LQD.US,5,20251030,181000,111.815,111.825,111.8,111.805,94544,0
LQD.US,5,20251030,181500,111.81,111.82,111.78,111.81,456970,0
LQD.US,5,20251030,182000,111.81,111.82,111.8,111.805,56086,0
LQD.US,5,20251030,182500,111.81,111.82,111.8,111.805,168989,0
LQD.US,5,20251030,183000,111.805,111.8399,111.8,111.83,443616,0
LQD.US,5,20251030,183500,111.835,111.835,111.785,111.79,210612,0
LQD.US,5,20251030,184000,111.79,111.7999,111.78,111.785,85133,0
LQD.US,5,20251030,184500,111.79,111.7995,111.78,111.785,300267,0
LQD.US,5,20251030,185000,111.79,111.83,111.79,111.825,159924,0
LQD.US,5,20251030,185500,111.8278,111.83,111.81,111.815,428100,0
LQD.US,5,20251030,190000,111.815,111.815,111.78,111.795,180511,0
LQD.US,5,20251030,190500,111.79,111.795,111.75,111.755,171539,0
LQD.US,5,20251030,191000,111.75,111.76,111.73,111.7599,158077,0
LQD.US,5,20251030,191500,111.755,111.76,111.72,111.755,165250,0
LQD.US,5,20251030,192000,111.75,111.75,111.71,111.7415,65860,0
LQD.US,5,20251030,192500,111.74,111.7499,111.72,111.735,170750,0
LQD.US,5,20251030,193000,111.735,111.7888,111.735,111.785,367659,0
LQD.US,5,20251030,193500,111.785,111.795,111.77,111.78,510039,0
LQD.US,5,20251030,194000,111.78,111.8,111.77,111.7852,261464,0
LQD.US,5,20251030,194500,111.78,111.81,111.77,111.81,220361,0
LQD.US,5,20251030,195000,111.805,111.805,111.78,111.795,283278,0
LQD.US,5,20251030,195500,111.79,111.8,111.77,111.775,112547,0
LQD.US,5,20251030,200000,111.775,111.78,111.74,111.775,746972,0
LQD.US,5,20251030,200500,111.775,111.78,111.74,111.75,1273970,0
LQD.US,5,20251030,201000,111.755,111.755,111.7,111.705,997855,0
LQD.US,5,20251030,201500,111.705,111.715,111.69,111.69,626571,0
LQD.US,5,20251030,202000,111.695,111.705,111.65,111.675,296242,0
LQD.US,5,20251030,202500,111.675,111.74,111.675,111.715,491610,0
LQD.US,5,20251030,203000,111.715,111.755,111.71,111.7503,488283,0
LQD.US,5,20251030,203500,111.7559,111.77,111.73,111.75,781189,0
LQD.US,5,20251030,204000,111.75,111.77,111.7309,111.755,910789,0
LQD.US,5,20251030,204500,111.7556,111.7556,111.715,111.735,432721,0
LQD.US,5,20251030,205000,111.735,111.77,111.73,111.735,586725,0
LQD.US,5,20251030,205500,111.73,111.735,111.68,111.68,1743478,0
LQD.US,5,20251031,143000,111.775,111.78,111.72,111.74,328511,0
LQD.US,5,20251031,143500,111.745,111.78,111.735,111.765,428353,0
LQD.US,5,20251031,144000,111.77,111.775,111.65,111.655,735834,0
LQD.US,5,20251031,144500,111.66,111.7,111.645,111.7,410158,0
LQD.US,5,20251031,145000,111.7,111.71,111.67,111.695,466857,0
LQD.US,5,20251031,145500,111.7,111.725,111.695,111.72,423663,0
LQD.US,5,20251031,150000,111.72,111.76,111.715,111.75,334899,0
LQD.US,5,20251031,150500,111.75,111.75,111.675,111.69,370343,0
LQD.US,5,20251031,151000,111.69,111.715,111.6724,111.68,145246,0
LQD.US,5,20251031,151500,111.685,111.6865,111.66,111.675,563884,0
LQD.US,5,20251031,152000,111.675,111.715,111.67,111.685,243051,0
LQD.US,5,20251031,152500,111.69,111.715,111.69,111.715,257014,0
LQD.US,5,20251031,153000,111.72,111.735,111.7199,111.7199,278343,0
LQD.US,5,20251031,153500,111.72,111.73,111.7,111.7199,317733,0
LQD.US,5,20251031,154000,111.715,111.715,111.675,111.675,556093,0
LQD.US,5,20251031,154500,111.675,111.68,111.64,111.64,422264,0
LQD.US,5,20251031,155000,111.64,111.645,111.57,111.64,669355,0
LQD.US,5,20251031,155500,111.64,111.64,111.62,111.63,81046,0
LQD.US,5,20251031,160000,111.63,111.63,111.55,111.555,313420,0
LQD.US,5,20251031,160500,111.555,111.56,111.52,111.525,551320,0
LQD.US,5,20251031,161000,111.525,111.56,111.52,111.56,271946,0
LQD.US,5,20251031,161500,111.55,111.585,111.54,111.555,171238,0
LQD.US,5,20251031,162000,111.56,111.58,111.545,111.575,365810,0
LQD.US,5,20251031,162500,111.575,111.59,111.56,111.56,436846,0
LQD.US,5,20251031,163000,111.56,111.56,111.44,111.445,793915,0
LQD.US,5,20251031,163500,111.4465,111.45,111.43,111.435,1028938,0
LQD.US,5,20251031,164000,111.435,111.45,111.34,111.345,1090664,0
LQD.US,5,20251031,164500,111.345,111.41,111.345,111.4,526184,0
LQD.US,5,20251031,165000,111.395,111.41,111.37,111.375,749279,0
LQD.US,5,20251031,165500,111.375,111.375,111.33,111.345,289333,0
LQD.US,5,20251031,170000,111.345,111.37,111.31,111.31,1006174,0
LQD.US,5,20251031,170500,111.31,111.4,111.305,111.385,1240583,0
LQD.US,5,20251031,171000,111.385,111.4,111.3244,111.34,380832,0
LQD.US,5,20251031,171500,111.335,111.35,111.3,111.33,1016980,0
LQD.US,5,20251031,172000,111.335,111.37,111.33,111.345,674242,0
LQD.US,5,20251031,172500,111.345,111.36,111.34,111.36,347877,0
LQD.US,5,20251031,173000,111.365,111.4,111.365,111.391,2459537,0
LQD.US,5,20251031,173500,111.395,111.41,111.365,111.375,1114042,0
LQD.US,5,20251031,174000,111.37,111.405,111.355,111.355,596726,0
LQD.US,5,20251031,174500,111.355,111.38,111.34,111.3608,558161,0
LQD.US,5,20251031,175000,111.365,111.365,111.33,111.3301,414921,0
LQD.US,5,20251031,175500,111.33,111.34,111.29,111.3082,717967,0
LQD.US,5,20251031,180000,111.31,111.335,111.31,111.315,453998,0
LQD.US,5,20251031,180500,111.31,111.32,111.295,111.315,405124,0
LQD.US,5,20251031,181000,111.3117,111.315,111.27,111.275,924369,0
LQD.US,5,20251031,181500,111.275,111.2899,111.22,111.23,219146,0
LQD.US,5,20251031,182000,111.225,111.23,111.1942,111.225,528128,0
LQD.US,5,20251031,182500,111.23,111.26,111.21,111.245,2130888,0
LQD.US,5,20251031,183000,111.245,111.28,111.245,111.27,1010429,0
LQD.US,5,20251031,183500,111.275,111.28,111.26,111.265,957941,0
LQD.US,5,20251031,184000,111.27,111.28,111.26,111.275,743091,0
LQD.US,5,20251031,184500,111.275,111.28,111.26,111.265,320059,0
LQD.US,5,20251031,185000,111.265,111.31,111.265,111.305,2084048,0
LQD.US,5,20251031,185500,111.305,111.305,111.27,111.275,801469,0
LQD.US,5,20251031,190000,111.275,111.28,111.255,111.27,466281,0
LQD.US,5,20251031,190500,111.265,111.28,111.25,111.27,849959,0
LQD.US,5,20251031,191000,111.265,111.28,111.265,111.2799,333018,0
LQD.US,5,20251031,191500,111.275,111.3,111.27,111.295,497309,0
LQD.US,5,20251031,192000,111.295,111.33,111.29,111.325,740370,0
LQD.US,5,20251031,192500,111.325,111.325,111.29,111.305,832258,0
LQD.US,5,20251031,193000,111.305,111.33,111.2901,111.33,872808,0
LQD.US,5,20251031,193500,111.325,111.33,111.3,111.305,661869,0
LQD.US,5,20251031,194000,111.3,111.3065,111.27,111.285,447671,0
LQD.US,5,20251031,194500,111.285,111.29,111.27,111.275,264796,0
LQD.US,5,20251031,195000,111.275,111.28,111.26,111.275,274453,0
LQD.US,5,20251031,195500,111.275,111.29,111.26,111.27,593868,0
LQD.US,5,20251031,200000,111.265,111.34,111.265,111.325,1720942,0
LQD.US,5,20251031,200500,111.325,111.37,111.32,111.365,440698,0
LQD.US,5,20251031,201000,111.365,111.37,111.32,111.32,397774,0
LQD.US,5,20251031,201500,111.325,111.34,111.3,111.305,1300634,0
LQD.US,5,20251031,202000,111.305,111.32,111.3,111.315,281550,0
LQD.US,5,20251031,202500,111.315,111.35,111.315,111.345,359315,0
LQD.US,5,20251031,203000,111.345,111.35,111.33,111.345,627634,0
LQD.US,5,20251031,203500,111.345,111.35,111.31,111.3199,824745,0
LQD.US,5,20251031,204000,111.32,111.33,111.31,111.315,589817,0
LQD.US,5,20251031,204500,111.315,111.33,111.31,111.315,278810,0
LQD.US,5,20251031,205000,111.32,111.35,111.31,111.325,523876,0
LQD.US,5,20251031,205500,111.32,111.33,111.22,111.24,2237253,0
LQD.US,5,20251103,153000,110.605,110.605,110.455,110.515,1175088,0
LQD.US,5,20251103,153500,110.515,110.58,110.51,110.535,1818192,0
LQD.US,5,20251103,154000,110.535,110.58,110.53,110.57,523036,0
LQD.US,5,20251103,154500,110.56,110.585,110.54,110.54,214919,0
LQD.US,5,20251103,155000,110.55,110.56,110.52,110.545,581670,0
LQD.US,5,20251103,155500,110.54,110.56,110.53,110.555,436642,0
LQD.US,5,20251103,160000,110.555,110.615,110.55,110.565,713419,0
LQD.US,5,20251103,160500,110.565,110.59,110.52,110.555,686231,0
LQD.US,5,20251103,161000,110.56,110.57,110.515,110.55,322760,0
LQD.US,5,20251103,161500,110.55,110.555,110.515,110.545,352133,0
LQD.US,5,20251103,162000,110.55,110.565,110.49,110.49,768864,0
LQD.US,5,20251103,162500,110.49,110.51,110.475,110.485,612322,0
LQD.US,5,20251103,163000,110.49,110.49,110.4601,110.4788,489158,0
LQD.US,5,20251103,163500,110.475,110.48,110.44,110.46,1298576,0
LQD.US,5,20251103,164000,110.45,110.48,110.45,110.465,888825,0
LQD.US,5,20251103,164500,110.46,110.48,110.46,110.475,1277648,0
LQD.US,5,20251103,165000,110.47,110.49,110.46,110.485,782244,0
LQD.US,5,20251103,165500,110.48,110.5,110.475,110.49,862145,0
LQD.US,5,20251103,170000,110.49,110.495,110.46,110.475,649765,0
LQD.US,5,20251103,170500,110.48,110.48,110.4642,110.475,508096,0
LQD.US,5,20251103,171000,110.48,110.48,110.45,110.455,352106,0
LQD.US,5,20251103,171500,110.455,110.455,110.395,110.425,945208,0
LQD.US,5,20251103,172000,110.42,110.475,110.41,110.465,837623,0
LQD.US,5,20251103,172500,110.47,110.48,110.45,110.455,296279,0
LQD.US,5,20251103,173000,110.455,110.49,110.44,110.48,714494,0
LQD.US,5,20251103,173500,110.47,110.48,110.445,110.4685,490759,0
LQD.US,5,20251103,174000,110.47,110.48,110.4501,110.455,310918,0
LQD.US,5,20251103,174500,110.46,110.47,110.43,110.435,592639,0
LQD.US,5,20251103,175000,110.435,110.47,110.4345,110.46,432203,0
LQD.US,5,20251103,175500,110.465,110.48,110.45,110.475,615314,0
LQD.US,5,20251103,180000,110.475,110.475,110.45,110.455,722541,0
LQD.US,5,20251103,180500,110.4505,110.47,110.45,110.455,246122,0
LQD.US,5,20251103,181000,110.455,110.46,110.44,110.445,543745,0
LQD.US,5,20251103,181500,110.45,110.47,110.444,110.47,973105,0
LQD.US,5,20251103,182000,110.46,110.47,110.45,110.455,839258,0
LQD.US,5,20251103,182500,110.45,110.48,110.4421,110.475,263038,0
LQD.US,5,20251103,183000,110.475,110.49,110.47,110.4899,501778,0
LQD.US,5,20251103,183500,110.485,110.5358,110.4815,110.5358,743392,0
LQD.US,5,20251103,184000,110.535,110.58,110.535,110.57,372402,0
LQD.US,5,20251103,184500,110.57,110.585,110.565,110.58,419949,0
LQD.US,5,20251103,185000,110.58,110.585,110.55,110.565,442840,0
LQD.US,5,20251103,185500,110.565,110.59,110.565,110.575,224071,0
LQD.US,5,20251103,190000,110.58,110.61,110.56,110.56,873906,0
LQD.US,5,20251103,190500,110.565,110.57,110.55,110.565,450475,0
LQD.US,5,20251103,191000,110.56,110.56,110.48,110.485,863335,0
LQD.US,5,20251103,191500,110.48,110.525,110.47,110.525,1153159,0
LQD.US,5,20251103,192000,110.525,110.525,110.5,110.505,502282,0
LQD.US,5,20251103,192500,110.505,110.52,110.5,110.51,477422,0
LQD.US,5,20251103,193000,110.51,110.535,110.495,110.52,238730,0
LQD.US,5,20251103,193500,110.52,110.53,110.52,110.52,75203,0
LQD.US,5,20251103,194000,110.52,110.5399,110.52,110.5201,104535,0
LQD.US,5,20251103,194500,110.525,110.528,110.5,110.505,153670,0
LQD.US,5,20251103,195000,110.505,110.525,110.505,110.525,348330,0
LQD.US,5,20251103,195500,110.525,110.525,110.5101,110.515,84308,0
LQD.US,5,20251103,200000,110.515,110.54,110.5,110.5,388981,0
LQD.US,5,20251103,200500,110.5,110.5,110.48,110.485,838503,0
LQD.US,5,20251103,201000,110.485,110.5,110.47,110.495,499040,0
LQD.US,5,20251103,201500,110.495,110.51,110.49,110.495,928366,0
LQD.US,5,20251103,202000,110.495,110.515,110.49,110.51,367263,0
LQD.US,5,20251103,202500,110.505,110.51,110.49,110.495,484134,0
LQD.US,5,20251103,203000,110.49,110.51,110.48,110.49,700641,0
LQD.US,5,20251103,203500,110.495,110.5,110.48,110.495,415125,0
LQD.US,5,20251103,204000,110.495,110.51,110.4901,110.505,171937,0
LQD.US,5,20251103,204500,110.505,110.53,110.49,110.525,557447,0
LQD.US,5,20251103,205000,110.525,110.54,110.51,110.54,181485,0
LQD.US,5,20251103,205500,110.535,110.54,110.51,110.53,883312,0
LQD.US,5,20251103,210000,110.53,110.55,110.52,110.545,1939790,0
LQD.US,5,20251103,210500,110.545,110.57,110.54,110.565,362169,0
LQD.US,5,20251103,211000,110.565,110.57,110.555,110.56,664407,0
LQD.US,5,20251103,211500,110.565,110.5699,110.54,110.545,450725,0
LQD.US,5,20251103,212000,110.545,110.55,110.535,110.535,355253,0
LQD.US,5,20251103,212500,110.535,110.5397,110.52,110.5297,345763,0
LQD.US,5,20251103,213000,110.525,110.53,110.51,110.52,988087,0
LQD.US,5,20251103,213500,110.515,110.53,110.51,110.515,871098,0
LQD.US,5,20251103,214000,110.515,110.52,110.51,110.515,507667,0
LQD.US,5,20251103,214500,110.515,110.53,110.51,110.5101,766644,0
LQD.US,5,20251103,215000,110.515,110.52,110.5,110.52,955845,0
LQD.US,5,20251103,215500,110.515,110.535,110.505,110.53,2562702,0
LQD.US,5,20251104,153000,110.47,110.57,110.45,110.555,2478002,0
LQD.US,5,20251104,153500,110.555,110.575,110.54,110.57,1046417,0
LQD.US,5,20251104,154000,110.565,110.65,110.55,110.645,1385848,0
LQD.US,5,20251104,154500,110.65,110.66,110.6,110.66,1017225,0
LQD.US,5,20251104,155000,110.66,110.72,110.64,110.695,1466171,0
LQD.US,5,20251104,155500,110.695,110.74,110.685,110.735,2133868,0
LQD.US,5,20251104,160000,110.74,110.75,110.72,110.74,2343214,0
LQD.US,5,20251104,160500,110.745,110.76,110.7,110.715,916895,0
LQD.US,5,20251104,161000,110.72,110.77,110.705,110.76,1473035,0
LQD.US,5,20251104,161500,110.765,110.8,110.75,110.78,1667742,0
LQD.US,5,20251104,162000,110.78,110.835,110.78,110.82,744830,0
LQD.US,5,20251104,162500,110.82,110.88,110.82,110.875,1587027,0
LQD.US,5,20251104,163000,110.88,110.885,110.85,110.885,684292,0
LQD.US,5,20251104,163500,110.885,110.95,110.885,110.9485,1089424,0
LQD.US,5,20251104,164000,110.95,110.96,110.925,110.925,606075,0
LQD.US,5,20251104,164500,110.925,110.9447,110.91,110.94,574471,0
LQD.US,5,20251104,165000,110.94,110.94,110.91,110.91,763768,0
LQD.US,5,20251104,165500,110.9199,110.9265,110.895,110.9199,183320,0
LQD.US,5,20251104,170000,110.915,110.945,110.91,110.925,1053916,0
LQD.US,5,20251104,170500,110.93,110.95,110.9,110.905,528860,0
LQD.US,5,20251104,171000,110.91,110.94,110.91,110.935,421241,0
LQD.US,5,20251104,171500,110.935,110.94,110.88,110.895,1726064,0
LQD.US,5,20251104,172000,110.895,110.8958,110.87,110.885,622046,0
LQD.US,5,20251104,172500,110.8885,110.905,110.87,110.905,706285,0
LQD.US,5,20251104,173000,110.9,110.905,110.88,110.885,239939,0
LQD.US,5,20251104,173500,110.885,110.92,110.885,110.905,697395,0
LQD.US,5,20251104,174000,110.9099,110.91,110.875,110.91,327976,0
LQD.US,5,20251104,174500,110.905,110.92,110.89,110.92,635282,0
LQD.US,5,20251104,175000,110.9148,110.92,110.89,110.895,534939,0
LQD.US,5,20251104,175500,110.895,110.908,110.89,110.8975,297435,0
LQD.US,5,20251104,180000,110.89,110.89,110.84,110.85,903902,0
LQD.US,5,20251104,180500,110.845,110.86,110.83,110.835,1032265,0
LQD.US,5,20251104,181000,110.835,110.84,110.83,110.835,449217,0
LQD.US,5,20251104,181500,110.835,110.845,110.82,110.845,339564,0
LQD.US,5,20251104,182000,110.845,110.855,110.83,110.855,908148,0
LQD.US,5,20251104,182500,110.855,110.88,110.85,110.865,231973,0
LQD.US,5,20251104,183000,110.865,110.88,110.86,110.875,97585,0
LQD.US,5,20251104,183500,110.875,110.885,110.87,110.875,727674,0
LQD.US,5,20251104,184000,110.875,110.88,110.835,110.835,568821,0
LQD.US,5,20251104,184500,110.835,110.86,110.835,110.855,857373,0
LQD.US,5,20251104,185000,110.855,110.855,110.8217,110.835,895970,0
LQD.US,5,20251104,185500,110.835,110.835,110.81,110.815,261859,0
LQD.US,5,20251104,190000,110.815,110.82,110.805,110.815,611840,0
LQD.US,5,20251104,190500,110.815,110.83,110.8,110.825,596950,0
LQD.US,5,20251104,191000,110.825,110.83,110.8,110.805,137489,0
LQD.US,5,20251104,191500,110.805,110.82,110.78,110.785,467803,0
LQD.US,5,20251104,192000,110.78,110.83,110.78,110.81,298324,0
LQD.US,5,20251104,192500,110.81,110.81,110.79,110.795,197606,0
LQD.US,5,20251104,193000,110.795,110.8,110.765,110.765,699482,0
LQD.US,5,20251104,193500,110.765,110.78,110.75,110.755,405362,0
LQD.US,5,20251104,194000,110.755,110.78,110.75,110.77,821604,0
LQD.US,5,20251104,194500,110.765,110.77,110.7545,110.765,210228,0
LQD.US,5,20251104,195000,110.765,110.77,110.755,110.765,192459,0
LQD.US,5,20251104,195500,110.765,110.8,110.765,110.775,590195,0
LQD.US,5,20251104,200000,110.775,110.78,110.765,110.775,325006,0
LQD.US,5,20251104,200500,110.775,110.78,110.76,110.76,102639,0
LQD.US,5,20251104,201000,110.765,110.78,110.76,110.78,63642,0
LQD.US,5,20251104,201500,110.775,110.775,110.745,110.765,358911,0
LQD.US,5,20251104,202000,110.755,110.77,110.75,110.755,176261,0
LQD.US,5,20251104,202500,110.755,110.76,110.745,110.755,309513,0
LQD.US,5,20251104,203000,110.755,110.76,110.75,110.75,120528,0
LQD.US,5,20251104,203500,110.755,110.77,110.75,110.7504,208887,0
LQD.US,5,20251104,204000,110.755,110.76,110.75,110.755,147511,0
LQD.US,5,20251104,204500,110.755,110.758,110.73,110.745,283165,0
LQD.US,5,20251104,205000,110.75,110.76,110.74,110.745,95904,0
LQD.US,5,20251104,205500,110.74,110.745,110.72,110.72,1071407,0
LQD.US,5,20251104,210000,110.725,110.735,110.71,110.71,657128,0
LQD.US,5,20251104,210500,110.71,110.74,110.71,110.74,163605,0
LQD.US,5,20251104,211000,110.73,110.73,110.72,110.725,93078,0
LQD.US,5,20251104,211500,110.725,110.745,110.725,110.735,335139,0
LQD.US,5,20251104,212000,110.735,110.735,110.71,110.72,153310,0
LQD.US,5,20251104,212500,110.715,110.73,110.71,110.725,341694,0
LQD.US,5,20251104,213000,110.725,110.75,110.72,110.745,381318,0
LQD.US,5,20251104,213500,110.74,110.75,110.73,110.735,139960,0
LQD.US,5,20251104,214000,110.73,110.75,110.72,110.745,394700,0
LQD.US,5,20251104,214500,110.745,110.75,110.72,110.725,256048,0
LQD.US,5,20251104,215000,110.725,110.7277,110.66,110.665,1878621,0
LQD.US,5,20251104,215500,110.665,110.715,110.62,110.69,4294207,0
LQD.US,5,20251105,153000,110.62,110.69,110.615,110.655,905646,0
LQD.US,5,20251105,153500,110.655,110.675,110.605,110.61,588177,0
LQD.US,5,20251105,154000,110.61,110.615,110.585,110.595,258429,0
LQD.US,5,20251105,154500,110.595,110.62,110.58,110.61,869874,0
LQD.US,5,20251105,155000,110.615,110.66,110.6,110.65,1764665,0
LQD.US,5,20251105,155500,110.6599,110.72,110.645,110.6899,1056292,0
LQD.US,5,20251105,160000,110.67,110.68,110.45,110.57,975562,0
LQD.US,5,20251105,160500,110.565,110.58,110.5,110.535,682981,0
LQD.US,5,20251105,161000,110.535,110.57,110.5,110.545,811989,0
LQD.US,5,20251105,161500,110.54,110.58,110.54,110.575,198648,0
LQD.US,5,20251105,162000,110.57,110.615,110.56,110.58,306219,0
LQD.US,5,20251105,162500,110.58,110.59,110.565,110.585,425356,0
LQD.US,5,20251105,163000,110.59,110.6,110.535,110.5501,166890,0
LQD.US,5,20251105,163500,110.55,110.5599,110.505,110.51,176318,0
LQD.US,5,20251105,164000,110.51,110.54,110.505,110.535,137420,0
LQD.US,5,20251105,164500,110.53,110.5399,110.505,110.525,112349,0
LQD.US,5,20251105,165000,110.52,110.555,110.51,110.535,384880,0
LQD.US,5,20251105,165500,110.495,110.505,110.465,110.465,310628,0
LQD.US,5,20251105,170000,110.47,110.48,110.42,110.43,611371,0
LQD.US,5,20251105,170500,110.43,110.43,110.37,110.395,390539,0
LQD.US,5,20251105,171000,110.395,110.42,110.385,110.415,237117,0
LQD.US,5,20251105,171500,110.415,110.455,110.4101,110.435,344836,0
LQD.US,5,20251105,172000,110.435,110.44,110.395,110.44,361065,0
LQD.US,5,20251105,172500,110.4391,110.47,110.435,110.465,139782,0
LQD.US,5,20251105,173000,110.465,110.4699,110.43,110.46,553293,0
LQD.US,5,20251105,173500,110.46,110.465,110.4,110.405,627446,0
LQD.US,5,20251105,174000,110.405,110.41,110.395,110.3998,181261,0
LQD.US,5,20251105,174500,110.4,110.4,110.36,110.4,419651,0
LQD.US,5,20251105,175000,110.405,110.43,110.3915,110.4001,285798,0
LQD.US,5,20251105,175500,110.405,110.42,110.39,110.405,464999,0
LQD.US,5,20251105,180000,110.41,110.43,110.39,110.4015,451055,0
LQD.US,5,20251105,180500,110.4,110.4,110.375,110.38,104642,0
LQD.US,5,20251105,181000,110.375,110.405,110.37,110.385,185581,0
LQD.US,5,20251105,181500,110.38,110.385,110.33,110.335,372819,0
LQD.US,5,20251105,182000,110.335,110.365,110.335,110.36,153712,0
LQD.US,5,20251105,182500,110.36,110.42,110.36,110.41,482819,0
LQD.US,5,20251105,183000,110.41,110.42,110.395,110.395,246294,0
LQD.US,5,20251105,183500,110.3951,110.435,110.39,110.4245,333240,0
LQD.US,5,20251105,184000,110.425,110.435,110.415,110.42,74599,0
LQD.US,5,20251105,184500,110.42,110.42322,110.38,110.405,390629,0
LQD.US,5,20251105,185000,110.405,110.4382,110.4,110.435,234875,0
LQD.US,5,20251105,185500,110.43,110.44,110.42,110.44,71688,0
LQD.US,5,20251105,190000,110.44,110.4655,110.43,110.46,697743,0
LQD.US,5,20251105,190500,110.455,110.47,110.44,110.455,714503,0
LQD.US,5,20251105,191000,110.455,110.4563,110.44,110.445,144354,0
LQD.US,5,20251105,191500,110.445,110.475,110.445,110.455,142523,0
LQD.US,5,20251105,192000,110.455,110.47,110.4531,110.455,608726,0
LQD.US,5,20251105,192500,110.465,110.47,110.445,110.455,617486,0
LQD.US,5,20251105,193000,110.45,110.47,110.44,110.465,444161,0
LQD.US,5,20251105,193500,110.465,110.48,110.45,110.475,237961,0
LQD.US,5,20251105,194000,110.47,110.48,110.46,110.46,118497,0
LQD.US,5,20251105,194500,110.465,110.475,110.45,110.46,248579,0
LQD.US,5,20251105,195000,110.46,110.47,110.43,110.435,151836,0
LQD.US,5,20251105,195500,110.44,110.46,110.43,110.45,284889,0
LQD.US,5,20251105,200000,110.45,110.455,110.42,110.435,291536,0
LQD.US,5,20251105,200500,110.435,110.435,110.39,110.39,1257188,0
LQD.US,5,20251105,201000,110.385,110.4,110.37,110.4,506055,0
LQD.US,5,20251105,201500,110.395,110.41,110.39,110.405,339511,0
LQD.US,5,20251105,202000,110.405,110.405,110.375,110.395,800903,0
LQD.US,5,20251105,202500,110.395,110.4,110.36,110.38,783846,0
LQD.US,5,20251105,203000,110.375,110.38,110.36,110.375,586567,0
LQD.US,5,20251105,203500,110.375,110.38,110.36,110.375,630052,0
LQD.US,5,20251105,204000,110.375,110.38,110.35,110.35,314973,0
LQD.US,5,20251105,204500,110.355,110.37,110.35,110.365,400804,0
LQD.US,5,20251105,205000,110.365,110.38,110.36,110.365,320930,0
LQD.US,5,20251105,205500,110.365,110.37,110.36,110.365,774978,0
LQD.US,5,20251105,210000,110.37,110.38,110.365,110.375,456199,0
LQD.US,5,20251105,210500,110.375,110.4,110.375,110.385,381303,0
LQD.US,5,20251105,211000,110.3858,110.39,110.35,110.355,979780,0
LQD.US,5,20251105,211500,110.355,110.36,110.34,110.35,284085,0
LQD.US,5,20251105,212000,110.3536,110.4,110.35,110.4,470481,0
LQD.US,5,20251105,212500,110.39,110.3978,110.3601,110.395,648549,0
LQD.US,5,20251105,213000,110.395,110.4,110.39,110.39,290583,0
LQD.US,5,20251105,213500,110.395,110.41,110.39,110.395,1334061,0
LQD.US,5,20251105,214000,110.395,110.4,110.39,110.395,435749,0
LQD.US,5,20251105,214500,110.395,110.4,110.39,110.395,1038260,0
LQD.US,5,20251105,215000,110.39,110.41,110.39,110.395,917045,0
LQD.US,5,20251105,215500,110.395,110.41,110.35,110.35,2827392,0
LQD.US,5,20251106,153000,110.81,110.81,110.75,110.805,302533,0
LQD.US,5,20251106,153500,110.805,110.81,110.74,110.74,629606,0
LQD.US,5,20251106,154000,110.745,110.815,110.74,110.8,497472,0
LQD.US,5,20251106,154500,110.8,110.82,110.79,110.795,334662,0
LQD.US,5,20251106,155000,110.8,110.81,110.785,110.79,383293,0
LQD.US,5,20251106,155500,110.79,110.805,110.76,110.76,872486,0
LQD.US,5,20251106,160000,110.76,110.82,110.76,110.815,545264,0
LQD.US,5,20251106,160500,110.815,110.85,110.8,110.83,776486,0
LQD.US,5,20251106,161000,110.825,110.83,110.8,110.83,304839,0
LQD.US,5,20251106,161500,110.825,110.87,110.82,110.87,350337,0
LQD.US,5,20251106,162000,110.865,110.865,110.8003,110.805,587835,0
LQD.US,5,20251106,162500,110.8,110.8089,110.79,110.805,288657,0
LQD.US,5,20251106,163000,110.805,110.81,110.78,110.785,195083,0
LQD.US,5,20251106,163500,110.785,110.79,110.765,110.765,225461,0
LQD.US,5,20251106,164000,110.765,110.775,110.74,110.775,947623,0
LQD.US,5,20251106,164500,110.77,110.79,110.76,110.78,327084,0
LQD.US,5,20251106,165000,110.77,110.8,110.75,110.785,1073566,0
LQD.US,5,20251106,165500,110.785,110.79,110.75,110.785,376205,0
LQD.US,5,20251106,170000,110.785,110.79,110.735,110.75,587847,0
LQD.US,5,20251106,170500,110.74,110.77,110.73,110.745,1073531,0
LQD.US,5,20251106,171000,110.745,110.7987,110.745,110.785,244560,0
LQD.US,5,20251106,171500,110.785,110.795,110.7618,110.79,220006,0
LQD.US,5,20251106,172000,110.78,110.81,110.78,110.795,137956,0
LQD.US,5,20251106,172500,110.8,110.83,110.79,110.8041,381088,0
LQD.US,5,20251106,173000,110.805,110.8242,110.79,110.8242,177170,0
LQD.US,5,20251106,173500,110.82,110.855,110.82,110.855,173687,0
LQD.US,5,20251106,174000,110.855,110.8599,110.83,110.83,193778,0
LQD.US,5,20251106,174500,110.835,110.84,110.82,110.825,117916,0
LQD.US,5,20251106,175000,110.83,110.84,110.81,110.82,340502,0
LQD.US,5,20251106,175500,110.82,110.825,110.81,110.81,147215,0
LQD.US,5,20251106,180000,110.81,110.81,110.785,110.8098,201832,0
LQD.US,5,20251106,180500,110.805,110.82,110.8,110.8001,967933,0
LQD.US,5,20251106,181000,110.805,110.82,110.795,110.82,1165553,0
LQD.US,5,20251106,181500,110.81,110.85,110.81,110.825,727231,0
LQD.US,5,20251106,182000,110.83,110.83,110.8,110.8172,99643,0
LQD.US,5,20251106,182500,110.815,110.8164,110.79,110.805,227889,0
LQD.US,5,20251106,183000,110.81,110.81,110.775,110.78,129600,0
LQD.US,5,20251106,183500,110.775,110.785,110.77,110.775,63586,0
LQD.US,5,20251106,184000,110.775,110.83,110.77,110.825,609327,0
LQD.US,5,20251106,184500,110.825,110.85,110.805,110.81,763320,0
LQD.US,5,20251106,185000,110.82,110.84,110.818,110.83,567542,0
LQD.US,5,20251106,185500,110.83,110.84,110.82,110.8295,257314,0
LQD.US,5,20251106,190000,110.83,110.835,110.815,110.825,303021,0
LQD.US,5,20251106,190500,110.825,110.85,110.82,110.845,415637,0
LQD.US,5,20251106,191000,110.85,110.86,110.835,110.84,145950,0
LQD.US,5,20251106,191500,110.83,110.84,110.825,110.84,91627,0
LQD.US,5,20251106,192000,110.835,110.87,110.83,110.865,400304,0
LQD.US,5,20251106,192500,110.865,110.87,110.84,110.855,274368,0
LQD.US,5,20251106,193000,110.8542,110.8598,110.845,110.855,124274,0
LQD.US,5,20251106,193500,110.8591,110.8591,110.83,110.845,332097,0
LQD.US,5,20251106,194000,110.845,110.86,110.84,110.855,1765860,0
LQD.US,5,20251106,194500,110.855,110.87,110.8507,110.87,748253,0
LQD.US,5,20251106,195000,110.87,110.89,110.8601,110.88,727245,0
LQD.US,5,20251106,195500,110.885,110.89,110.87,110.875,426026,0
LQD.US,5,20251106,200000,110.875,110.88,110.86,110.875,665796,0
LQD.US,5,20251106,200500,110.88,110.9,110.88,110.885,319434,0
LQD.US,5,20251106,201000,110.885,110.89,110.865,110.875,230174,0
LQD.US,5,20251106,201500,110.875,110.88,110.86,110.87,247321,0
LQD.US,5,20251106,202000,110.875,110.8898,110.87,110.8894,151486,0
LQD.US,5,20251106,202500,110.885,110.89,110.86,110.885,250735,0
LQD.US,5,20251106,203000,110.885,110.9,110.88,110.885,380035,0
LQD.US,5,20251106,203500,110.885,110.895,110.865,110.87,403209,0
LQD.US,5,20251106,204000,110.87,110.905,110.87,110.895,524608,0
LQD.US,5,20251106,204500,110.895,110.91,110.885,110.9076,360283,0
LQD.US,5,20251106,205000,110.9099,110.92,110.89,110.89,351617,0
LQD.US,5,20251106,205500,110.89,110.89,110.87,110.88,417693,0
LQD.US,5,20251106,210000,110.875,110.89,110.87,110.88,963400,0
LQD.US,5,20251106,210500,110.88,110.9,110.86,110.885,1295661,0
LQD.US,5,20251106,211000,110.88,110.9,110.88,110.895,131616,0
LQD.US,5,20251106,211500,110.895,110.9,110.88,110.885,194086,0
LQD.US,5,20251106,212000,110.885,110.89,110.87,110.88,277464,0
LQD.US,5,20251106,212500,110.885,110.89,110.875,110.8758,290513,0
LQD.US,5,20251106,213000,110.875,110.89,110.86,110.875,555238,0
LQD.US,5,20251106,213500,110.875,110.9,110.8701,110.895,351872,0
LQD.US,5,20251106,214000,110.895,110.91,110.885,110.905,280071,0
LQD.US,5,20251106,214500,110.91,110.91,110.88,110.89,849679,0
LQD.US,5,20251106,215000,110.895,110.92,110.87,110.92,969173,0
LQD.US,5,20251106,215500,110.92,110.93,110.9,110.92,1365895,0
LQD.US,5,20251107,153000,110.65,110.675,110.64,110.655,271255,0
LQD.US,5,20251107,153500,110.655,110.72,110.65,110.695,582745,0
LQD.US,5,20251107,154000,110.7,110.715,110.655,110.67,242216,0
LQD.US,5,20251107,154500,110.66,110.69,110.645,110.66,452703,0
LQD.US,5,20251107,155000,110.665,110.67,110.61,110.635,1177822,0
LQD.US,5,20251107,155500,110.635,110.65,110.59,110.595,527678,0
LQD.US,5,20251107,160000,110.6,110.67,110.6,110.665,369982,0
LQD.US,5,20251107,160500,110.665,110.7199,110.65,110.705,1442603,0
LQD.US,5,20251107,161000,110.705,110.71,110.67,110.68,572877,0
LQD.US,5,20251107,161500,110.685,110.685,110.64,110.645,552460,0
LQD.US,5,20251107,162000,110.65,110.695,110.645,110.685,322174,0
LQD.US,5,20251107,162500,110.685,110.705,110.68,110.685,782704,0
LQD.US,5,20251107,163000,110.685,110.69,110.67,110.685,492343,0
LQD.US,5,20251107,163500,110.6801,110.695,110.67,110.685,602408,0
LQD.US,5,20251107,164000,110.685,110.6865,110.67,110.67,107942,0
LQD.US,5,20251107,164500,110.67,110.7199,110.67,110.7199,131372,0
LQD.US,5,20251107,165000,110.715,110.73,110.7,110.705,114167,0
LQD.US,5,20251107,165500,110.705,110.74,110.7,110.72,712757,0
LQD.US,5,20251107,170000,110.715,110.72576,110.7,110.705,139033,0
LQD.US,5,20251107,170500,110.71,110.78,110.71,110.765,601244,0
LQD.US,5,20251107,171000,110.77,110.8175,110.765,110.815,357439,0
LQD.US,5,20251107,171500,110.81,110.82,110.785,110.79,346796,0
LQD.US,5,20251107,172000,110.79,110.8,110.765,110.775,569761,0
LQD.US,5,20251107,172500,110.78,110.79,110.775,110.79,317060,0
LQD.US,5,20251107,173000,110.79,110.8,110.78,110.78,700040,0
LQD.US,5,20251107,173500,110.785,110.79,110.78,110.785,164822,0
LQD.US,5,20251107,174000,110.79,110.8,110.78,110.795,441220,0
LQD.US,5,20251107,174500,110.8,110.805,110.79,110.795,174437,0
LQD.US,5,20251107,175000,110.795,110.7974,110.77,110.775,342534,0
LQD.US,5,20251107,175500,110.77,110.815,110.77,110.805,298604,0
LQD.US,5,20251107,180000,110.805,110.805,110.78,110.795,256661,0
LQD.US,5,20251107,180500,110.795,110.8,110.785,110.795,534709,0
LQD.US,5,20251107,181000,110.795,110.815,110.795,110.805,477185,0
LQD.US,5,20251107,181500,110.8,110.81,110.77,110.775,286964,0
LQD.US,5,20251107,182000,110.775,110.795,110.765,110.78,425116,0
LQD.US,5,20251107,182500,110.78,110.78,110.76,110.76,410103,0
LQD.US,5,20251107,183000,110.76,110.765,110.75,110.755,597807,0
LQD.US,5,20251107,183500,110.76,110.76,110.735,110.735,298986,0
LQD.US,5,20251107,184000,110.735,110.755,110.73,110.755,132331,0
LQD.US,5,20251107,184500,110.75,110.76,110.74,110.76,402363,0
LQD.US,5,20251107,185000,110.76,110.77,110.75,110.7501,359329,0
LQD.US,5,20251107,185500,110.7516,110.77,110.75,110.76,207017,0
LQD.US,5,20251107,190000,110.76,110.775,110.76,110.765,75140,0
LQD.US,5,20251107,190500,110.7605,110.7799,110.76,110.765,241054,0
LQD.US,5,20251107,191000,110.765,110.77,110.76,110.765,114990,0
LQD.US,5,20251107,191500,110.765,110.77,110.7603,110.77,191070,0
LQD.US,5,20251107,192000,110.765,110.795,110.7633,110.795,253638,0
LQD.US,5,20251107,192500,110.795,110.817,110.79,110.8101,432565,0
LQD.US,5,20251107,193000,110.815,110.82,110.795,110.8,588538,0
LQD.US,5,20251107,193500,110.8,110.81,110.8,110.81,184334,0
LQD.US,5,20251107,194000,110.805,110.84,110.795,110.835,512031,0
LQD.US,5,20251107,194500,110.835,110.84,110.81,110.81,324212,0
LQD.US,5,20251107,195000,110.81,110.82,110.78,110.785,542798,0
LQD.US,5,20251107,195500,110.785,110.79,110.77,110.77,299309,0
LQD.US,5,20251107,200000,110.77,110.77,110.76,110.765,160197,0
LQD.US,5,20251107,200500,110.765,110.78,110.7647,110.77,425353,0
LQD.US,5,20251107,201000,110.77,110.8,110.76,110.8,282832,0
LQD.US,5,20251107,201500,110.795,110.8,110.78,110.78,101612,0
LQD.US,5,20251107,202000,110.78,110.78,110.77,110.775,62008,0
LQD.US,5,20251107,202500,110.775,110.78,110.76,110.765,290730,0
LQD.US,5,20251107,203000,110.76,110.76,110.7,110.705,766643,0
LQD.US,5,20251107,203500,110.705,110.72,110.68,110.72,479756,0
LQD.US,5,20251107,204000,110.72,110.72,110.7,110.72,853049,0
LQD.US,5,20251107,204500,110.71,110.72,110.68,110.7,1154477,0
LQD.US,5,20251107,205000,110.695,110.72,110.695,110.705,326845,0
LQD.US,5,20251107,205500,110.7,110.74,110.68,110.715,2283105,0
LQD.US,5,20251107,210000,110.715,110.72,110.6801,110.69,320153,0
LQD.US,5,20251107,210500,110.69,110.73,110.68,110.685,636023,0
LQD.US,5,20251107,211000,110.685,110.7,110.68,110.695,445488,0
LQD.US,5,20251107,211500,110.695,110.6958,110.67,110.68,476478,0
LQD.US,5,20251107,212000,110.675,110.69,110.6747,110.685,223782,0
LQD.US,5,20251107,212500,110.685,110.69,110.67,110.685,1351633,0
LQD.US,5,20251107,213000,110.685,110.69,110.68,110.685,332596,0
LQD.US,5,20251107,213500,110.685,110.72,110.68,110.72,749873,0
LQD.US,5,20251107,214000,110.72,110.73,110.71,110.715,573217,0
LQD.US,5,20251107,214500,110.715,110.72,110.7,110.705,590593,0
LQD.US,5,20251107,215000,110.705,110.71,110.69,110.695,1068693,0
LQD.US,5,20251107,215500,110.695,110.75,110.69,110.71,3878087,0
LQD.US,5,20251110,153000,110.755,110.8,110.74,110.795,580681,0
LQD.US,5,20251110,153500,110.795,110.895,110.795,110.875,565753,0
LQD.US,5,20251110,154000,110.875,110.89,110.85,110.865,233779,0
LQD.US,5,20251110,154500,110.865,110.865,110.78,110.79,604462,0
LQD.US,5,20251110,155000,110.785,110.8,110.775,110.78,1828664,0
LQD.US,5,20251110,155500,110.775,110.83,110.77,110.83,531890,0
LQD.US,5,20251110,160000,110.83,110.835,110.79,110.8,1627148,0
LQD.US,5,20251110,160500,110.8,110.84,110.795,110.82,529664,0
LQD.US,5,20251110,161000,110.82,110.88,110.82,110.875,708185,0
LQD.US,5,20251110,161500,110.875,110.88,110.84,110.845,443392,0
LQD.US,5,20251110,162000,110.84,110.86,110.83,110.835,1627702,0
LQD.US,5,20251110,162500,110.835,110.85,110.825,110.825,1304661,0
LQD.US,5,20251110,163000,110.825,110.83,110.7986,110.8001,287246,0
LQD.US,5,20251110,163500,110.8042,110.81,110.76,110.775,2047118,0
LQD.US,5,20251110,164000,110.77,110.79,110.76,110.775,718915,0
LQD.US,5,20251110,164500,110.775,110.78,110.75,110.76,1249854,0
LQD.US,5,20251110,165000,110.76,110.8,110.76,110.785,756412,0
LQD.US,5,20251110,165500,110.785,110.79,110.75,110.76,730283,0
LQD.US,5,20251110,170000,110.76,110.77,110.71,110.715,363079,0
LQD.US,5,20251110,170500,110.715,110.74,110.7125,110.7221,851134,0
LQD.US,5,20251110,171000,110.73,110.765,110.72,110.765,679570,0
LQD.US,5,20251110,171500,110.76,110.76,110.73,110.75,1198800,0
LQD.US,5,20251110,172000,110.7545,110.77,110.75,110.77,227811,0
LQD.US,5,20251110,172500,110.765,110.79,110.76,110.765,305199,0
LQD.US,5,20251110,173000,110.765,110.765,110.72,110.72,375465,0
LQD.US,5,20251110,173500,110.725,110.74,110.72,110.735,281714,0
LQD.US,5,20251110,174000,110.74,110.75,110.725,110.74,424207,0
LQD.US,5,20251110,174500,110.735,110.74,110.71,110.71,289889,0
LQD.US,5,20251110,175000,110.715,110.73,110.71,110.72,223222,0
LQD.US,5,20251110,175500,110.72,110.73,110.71,110.7299,322424,0
LQD.US,5,20251110,180000,110.7244,110.74,110.72,110.735,183012,0
LQD.US,5,20251110,180500,110.735,110.74,110.72,110.73,243052,0
LQD.US,5,20251110,181000,110.725,110.745,110.72,110.725,347508,0
LQD.US,5,20251110,181500,110.73,110.73,110.72,110.72,228867,0
LQD.US,5,20251110,182000,110.72,110.74,110.72,110.735,57251,0
LQD.US,5,20251110,182500,110.7355,110.7358,110.72,110.725,85912,0
LQD.US,5,20251110,183000,110.725,110.73,110.72,110.72,175946,0
LQD.US,5,20251110,183500,110.72,110.73,110.72,110.72,357120,0
LQD.US,5,20251110,184000,110.725,110.735,110.715,110.7232,186070,0
LQD.US,5,20251110,184500,110.723,110.74,110.71,110.7353,90931,0
LQD.US,5,20251110,185000,110.74,110.76,110.735,110.745,237099,0
LQD.US,5,20251110,185500,110.745,110.76,110.74,110.75,300578,0
LQD.US,5,20251110,190000,110.75,110.8,110.74,110.78,229485,0
LQD.US,5,20251110,190500,110.78,110.8,110.775,110.785,98306,0
LQD.US,5,20251110,191000,110.785,110.8,110.78,110.785,162695,0
LQD.US,5,20251110,191500,110.785,110.82,110.78,110.8,312196,0
LQD.US,5,20251110,192000,110.8,110.8,110.78,110.785,118081,0
LQD.US,5,20251110,192500,110.78,110.785,110.77,110.775,162239,0
LQD.US,5,20251110,193000,110.77,110.79,110.77,110.79,553849,0
LQD.US,5,20251110,193500,110.79,110.79,110.78,110.7801,431570,0
LQD.US,5,20251110,194000,110.785,110.785,110.78,110.78,230042,0
LQD.US,5,20251110,194500,110.785,110.79,110.76,110.79,230232,0
LQD.US,5,20251110,195000,110.785,110.79,110.76,110.77,313849,0
LQD.US,5,20251110,195500,110.775,110.775,110.76,110.765,148298,0
LQD.US,5,20251110,200000,110.765,110.77,110.75,110.765,593862,0
LQD.US,5,20251110,200500,110.765,110.7657,110.74,110.7401,565454,0
LQD.US,5,20251110,201000,110.745,110.76,110.74,110.755,228343,0
LQD.US,5,20251110,201500,110.755,110.79,110.75,110.785,812201,0
LQD.US,5,20251110,202000,110.7863,110.8,110.78,110.785,847502,0
LQD.US,5,20251110,202500,110.785,110.79,110.7703,110.785,221263,0
LQD.US,5,20251110,203000,110.78,110.8,110.78,110.7855,1775240,0
LQD.US,5,20251110,203500,110.78,110.79,110.77,110.775,226508,0
LQD.US,5,20251110,204000,110.775,110.805,110.77,110.795,274524,0
LQD.US,5,20251110,204500,110.795,110.7975,110.78,110.785,710373,0
LQD.US,5,20251110,205000,110.785,110.81,110.785,110.795,1439040,0
LQD.US,5,20251110,205500,110.795,110.82,110.79,110.815,406101,0
LQD.US,5,20251110,210000,110.815,110.815,110.76,110.7796,1595337,0
LQD.US,5,20251110,210500,110.7721,110.79,110.77,110.785,94822,0
LQD.US,5,20251110,211000,110.785,110.795,110.78,110.79,387618,0
LQD.US,5,20251110,211500,110.785,110.8,110.765,110.785,806810,0
LQD.US,5,20251110,212000,110.78,110.78,110.76,110.76,461622,0
LQD.US,5,20251110,212500,110.765,110.77,110.75,110.755,368513,0
LQD.US,5,20251110,213000,110.755,110.77,110.75,110.755,133688,0
LQD.US,5,20251110,213500,110.755,110.78,110.75,110.78,929425,0
LQD.US,5,20251110,214000,110.78,110.79,110.7727,110.79,294204,0
LQD.US,5,20251110,214500,110.785,110.79,110.77,110.775,280250,0
LQD.US,5,20251110,215000,110.77,110.775,110.75,110.76,567934,0
LQD.US,5,20251110,215500,110.76,110.77,110.73,110.77,2103485,0
LQD.US,5,20251111,153000,111.045,111.045,111,111.015,74478,0
LQD.US,5,20251111,153500,111.01,111.01,110.98,110.99,119246,0
LQD.US,5,20251111,154000,110.9987,111.02,110.99,111.015,197083,0
LQD.US,5,20251111,154500,111.02,111.035,111.0122,111.0201,90026,0
LQD.US,5,20251111,155000,111.025,111.035,111.015,111.025,45239,0
LQD.US,5,20251111,155500,111.0201,111.0599,111.01,111.055,90939,0
LQD.US,5,20251111,160000,111.055,111.055,110.995,111.025,158639,0
LQD.US,5,20251111,160500,111.03,111.05,111.03,111.035,171688,0
LQD.US,5,20251111,161000,111.04,111.04,111.01,111.015,35585,0
LQD.US,5,20251111,161500,111.015,111.04,111.01,111.035,62194,0
LQD.US,5,20251111,162000,111.04,111.075,111.035,111.075,66266,0
LQD.US,5,20251111,162500,111.075,111.125,111.07,111.12,195825,0
LQD.US,5,20251111,163000,111.12,111.1201,111.09,111.1,114138,0
LQD.US,5,20251111,163500,111.105,111.11,111.075,111.075,119927,0
LQD.US,5,20251111,164000,111.08,111.09,111.035,111.045,378136,0
LQD.US,5,20251111,164500,111.045,111.09,111.04,111.0799,108788,0
LQD.US,5,20251111,165000,111.075,111.09,111.07,111.085,51333,0
LQD.US,5,20251111,165500,111.085,111.11,111.08,111.1,45745,0
LQD.US,5,20251111,170000,111.1012,111.12,111.09,111.115,215532,0
LQD.US,5,20251111,170500,111.115,111.12,111.11,111.115,37646,0
LQD.US,5,20251111,171000,111.115,111.155,111.11,111.145,218918,0
LQD.US,5,20251111,171500,111.15,111.15,111.1245,111.135,125482,0
LQD.US,5,20251111,172000,111.14,111.16,111.125,111.145,177737,0
LQD.US,5,20251111,172500,111.14,111.14,111.11,111.115,28375,0
LQD.US,5,20251111,173000,111.11,111.125,111.11,111.115,60721,0
LQD.US,5,20251111,173500,111.115,111.16,111.1128,111.135,75845,0
LQD.US,5,20251111,174000,111.1399,111.155,111.125,111.155,31865,0
LQD.US,5,20251111,174500,111.16,111.16,111.14,111.15,37603,0
LQD.US,5,20251111,175000,111.15,111.16,111.145,111.155,33733,0
LQD.US,5,20251111,175500,111.155,111.1577,111.12,111.125,80725,0
LQD.US,5,20251111,180000,111.125,111.16,111.125,111.155,50361,0
LQD.US,5,20251111,180500,111.15,111.16,111.145,111.145,27884,0
LQD.US,5,20251111,181000,111.145,111.15,111.14,111.145,11874,0
LQD.US,5,20251111,181500,111.145,111.18,111.145,111.175,107284,0
LQD.US,5,20251111,182000,111.17,111.24,111.17,111.2335,215259,0
LQD.US,5,20251111,182500,111.24,111.24,111.19,111.19,192339,0
LQD.US,5,20251111,183000,111.195,111.215,111.19,111.1999,303267,0
LQD.US,5,20251111,183500,111.2,111.24,111.1941,111.23,135982,0
LQD.US,5,20251111,184000,111.225,111.24,111.2201,111.235,51007,0
LQD.US,5,20251111,184500,111.235,111.24,111.22,111.2299,59059,0
LQD.US,5,20251111,185000,111.225,111.2399,111.225,111.2302,45008,0
LQD.US,5,20251111,185500,111.235,111.2399,111.2,111.205,224034,0
LQD.US,5,20251111,190000,111.21,111.23,111.21,111.22,61653,0
LQD.US,5,20251111,190500,111.225,111.2299,111.21,111.2168,32170,0
LQD.US,5,20251111,191000,111.2101,111.23,111.21,111.225,56775,0
LQD.US,5,20251111,191500,111.22,111.27,111.2122,111.27,144388,0
LQD.US,5,20251111,192000,111.265,111.29,111.26,111.26,67468,0
LQD.US,5,20251111,192500,111.265,111.27,111.24,111.24,92331,0
LQD.US,5,20251111,193000,111.24,111.245,111.22,111.22,36622,0
LQD.US,5,20251111,193500,111.22,111.23,111.21,111.2296,67726,0
LQD.US,5,20251111,194000,111.23,111.24,111.21,111.21,59884,0
LQD.US,5,20251111,194500,111.22,111.245,111.215,111.245,100431,0
LQD.US,5,20251111,195000,111.245,111.25,111.23,111.23,21776,0
LQD.US,5,20251111,195500,111.235,111.25,111.22,111.225,357631,0
LQD.US,5,20251111,200000,111.225,111.225,111.2101,111.215,21731,0
LQD.US,5,20251111,200500,111.215,111.22,111.21,111.21,33155,0
LQD.US,5,20251111,201000,111.215,111.22,111.21,111.21,77145,0
LQD.US,5,20251111,201500,111.21,111.225,111.21,111.225,139852,0
LQD.US,5,20251111,202000,111.225,111.225,111.2101,111.215,30255,0
LQD.US,5,20251111,202500,111.21,111.22,111.21,111.21,25304,0
LQD.US,5,20251111,203000,111.215,111.2193,111.2,111.215,108075,0
LQD.US,5,20251111,203500,111.215,111.2196,111.21,111.2101,24174,0
LQD.US,5,20251111,204000,111.215,111.22,111.2,111.205,72238,0
LQD.US,5,20251111,204500,111.205,111.23,111.2,111.225,93822,0
LQD.US,5,20251111,205000,111.225,111.225,111.21,111.21,116808,0
LQD.US,5,20251111,205500,111.2104,111.22,111.2,111.205,124875,0
LQD.US,5,20251111,210000,111.2,111.205,111.19,111.2,96183,0
LQD.US,5,20251111,210500,111.195,111.21,111.19,111.205,238275,0
LQD.US,5,20251111,211000,111.205,111.24,111.205,111.235,237194,0
LQD.US,5,20251111,211500,111.235,111.2399,111.22,111.22,88394,0
LQD.US,5,20251111,212000,111.225,111.24,111.225,111.2358,87252,0
LQD.US,5,20251111,212500,111.2399,111.24,111.22,111.22,95953,0
LQD.US,5,20251111,213000,111.225,111.24,111.21,111.24,120783,0
LQD.US,5,20251111,213500,111.235,111.24,111.23,111.2335,24365,0
LQD.US,5,20251111,214000,111.23,111.275,111.225,111.235,346121,0
LQD.US,5,20251111,214500,111.23,111.24,111.225,111.235,146498,0
LQD.US,5,20251111,215000,111.23,111.25,111.22,111.245,275429,0
LQD.US,5,20251111,215500,111.245,111.246,111.21,111.21,1187321,0
LQD.US,5,20251112,153000,111.17,111.17,111.06,111.135,986538,0
LQD.US,5,20251112,153500,111.135,111.14,111.07,111.095,462338,0
LQD.US,5,20251112,154000,111.095,111.1,111.065,111.1,185297,0
LQD.US,5,20251112,154500,111.1,111.13,111.1,111.13,188434,0
LQD.US,5,20251112,155000,111.12,111.1374,111.085,111.0891,1319383,0
LQD.US,5,20251112,155500,111.09,111.11,111.08,111.095,614105,0
LQD.US,5,20251112,160000,111.095,111.095,111.02,111.02,220297,0
LQD.US,5,20251112,160500,111.02,111.06,111.015,111.05,399321,0
LQD.US,5,20251112,161000,111.05,111.06,111.03,111.035,184722,0
LQD.US,5,20251112,161500,111.035,111.055,111.03,111.03,852176,0
LQD.US,5,20251112,162000,111.035,111.035,111.01,111.02,372335,0
LQD.US,5,20251112,162500,111.019,111.04,111,111.025,644549,0
LQD.US,5,20251112,163000,111.02,111.06,111.0185,111.055,491451,0
LQD.US,5,20251112,163500,111.06,111.085,111.05,111.065,605453,0
LQD.US,5,20251112,164000,111.06,111.08,111.04,111.075,314186,0
LQD.US,5,20251112,164500,111.075,111.12,111.075,111.1,192756,0
LQD.US,5,20251112,165000,111.095,111.12,111.09,111.11,416459,0
LQD.US,5,20251112,165500,111.11,111.1112,111.085,111.085,218252,0
LQD.US,5,20251112,170000,111.09,111.1,111.06,111.065,238871,0
LQD.US,5,20251112,170500,111.065,111.09,111.05,111.085,231488,0
LQD.US,5,20251112,171000,111.085,111.09,111.055,111.085,144822,0
LQD.US,5,20251112,171500,111.085,111.085,111.04,111.045,211135,0
LQD.US,5,20251112,172000,111.05,111.09,111.045,111.085,126544,0
LQD.US,5,20251112,172500,111.085,111.1,111.07,111.075,263648,0
LQD.US,5,20251112,173000,111.075,111.11,111.075,111.105,294709,0
LQD.US,5,20251112,173500,111.105,111.15,111.105,111.145,538334,0
LQD.US,5,20251112,174000,111.145,111.19,111.14,111.18,284588,0
LQD.US,5,20251112,174500,111.18,111.19,111.155,111.16,502991,0
LQD.US,5,20251112,175000,111.155,111.16,111.14,111.145,144108,0
LQD.US,5,20251112,175500,111.145,111.15,111.13,111.145,398751,0
LQD.US,5,20251112,180000,111.145,111.18,111.14,111.175,241460,0
LQD.US,5,20251112,180500,111.175,111.18,111.16,111.165,480321,0
LQD.US,5,20251112,181000,111.165,111.17,111.1402,111.145,149104,0
LQD.US,5,20251112,181500,111.145,111.16,111.13,111.145,1455483,0
LQD.US,5,20251112,182000,111.145,111.18,111.14,111.175,880086,0
LQD.US,5,20251112,182500,111.175,111.18,111.1601,111.175,342879,0
LQD.US,5,20251112,183000,111.175,111.18,111.15,111.155,307237,0
LQD.US,5,20251112,183500,111.155,111.18,111.15,111.175,1015938,0
LQD.US,5,20251112,184000,111.175,111.19,111.155,111.165,391285,0
LQD.US,5,20251112,184500,111.165,111.165,111.1401,111.15,66641,0
LQD.US,5,20251112,185000,111.15,111.1556,111.1342,111.145,220572,0
LQD.US,5,20251112,185500,111.145,111.18,111.14,111.165,583325,0
LQD.US,5,20251112,190000,111.165,111.1837,111.08,111.125,446572,0
LQD.US,5,20251112,190500,111.125,111.13,111.1,111.1299,411630,0
LQD.US,5,20251112,191000,111.125,111.13,111.1,111.11,195625,0
LQD.US,5,20251112,191500,111.11,111.11,111.075,111.0845,85607,0
LQD.US,5,20251112,192000,111.08,111.0815,111.06,111.065,505159,0
LQD.US,5,20251112,192500,111.065,111.07,111.06,111.065,111162,0
LQD.US,5,20251112,193000,111.07,111.07,111.06,111.0612,502369,0
LQD.US,5,20251112,193500,111.065,111.08,111.06,111.0638,212417,0
LQD.US,5,20251112,194000,111.06,111.065,111.04,111.04,163716,0
LQD.US,5,20251112,194500,111.045,111.05,111.03,111.035,180235,0
LQD.US,5,20251112,195000,111.035,111.06,111.035,111.055,291706,0
LQD.US,5,20251112,195500,111.055,111.07,111.05,111.055,209694,0
LQD.US,5,20251112,200000,111.055,111.06,111.05,111.055,158973,0
LQD.US,5,20251112,200500,111.055,111.06,111.05,111.05,48025,0
LQD.US,5,20251112,201000,111.05,111.07,111.05,111.07,519972,0
LQD.US,5,20251112,201500,111.065,111.08,111.02,111.065,664779,0
LQD.US,5,20251112,202000,111.065,111.08,111.065,111.075,149967,0
LQD.US,5,20251112,202500,111.075,111.09,111.065,111.08,217541,0
LQD.US,5,20251112,203000,111.085,111.11,111.085,111.105,427189,0
LQD.US,5,20251112,203500,111.105,111.12,111.1,111.115,92717,0
LQD.US,5,20251112,204000,111.11,111.125,111.105,111.115,197176,0
LQD.US,5,20251112,204500,111.11,111.115,111.07,111.075,499852,0
LQD.US,5,20251112,205000,111.075,111.09,111.07,111.075,213069,0
LQD.US,5,20251112,205500,111.075,111.08,111.0407,111.07,648984,0
LQD.US,5,20251112,210000,111.07,111.07,111.05,111.055,297120,0
LQD.US,5,20251112,210500,111.05,111.06,111.03,111.05,271769,0
LQD.US,5,20251112,211000,111.04,111.06,111.04,111.045,96290,0
LQD.US,5,20251112,211500,111.045,111.06,111.04,111.055,57406,0
LQD.US,5,20251112,212000,111.0533,111.0652,111.04,111.045,111422,0
LQD.US,5,20251112,212500,111.045,111.05,111.04,111.045,98952,0
LQD.US,5,20251112,213000,111.045,111.06,111.04,111.06,160697,0
LQD.US,5,20251112,213500,111.055,111.055,111.005,111.03,1619975,0
LQD.US,5,20251112,214000,111.025,111.065,111.0216,111.065,215764,0
LQD.US,5,20251112,214500,111.065,111.08,111.055,111.055,217303,0
LQD.US,5,20251112,215000,111.055,111.09,111.05,111.09,402488,0
LQD.US,5,20251112,215500,111.0854,111.1,111.07,111.1,3740432,0
LQD.US,5,20251113,153000,110.755,110.77,110.69,110.715,198716,0
LQD.US,5,20251113,153500,110.72,110.74,110.7,110.7,614163,0
LQD.US,5,20251113,154000,110.7001,110.705,110.6503,110.6585,495086,0
LQD.US,5,20251113,154500,110.6502,110.705,110.645,110.695,824066,0
LQD.US,5,20251113,155000,110.69,110.73,110.69,110.72,499762,0
LQD.US,5,20251113,155500,110.715,110.75,110.71,110.7226,1189759,0
LQD.US,5,20251113,160000,110.7298,110.7298,110.69,110.7025,123939,0
LQD.US,5,20251113,160500,110.705,110.72,110.675,110.68,266962,0
LQD.US,5,20251113,161000,110.68,110.69,110.66,110.66,221362,0
LQD.US,5,20251113,161500,110.66,110.66,110.635,110.655,356201,0
LQD.US,5,20251113,162000,110.65,110.665,110.63,110.655,789353,0
LQD.US,5,20251113,162500,110.66,110.66,110.64,110.655,418120,0
LQD.US,5,20251113,163000,110.655,110.6699,110.64,110.655,275103,0
LQD.US,5,20251113,163500,110.655,110.655,110.61,110.63,370173,0
LQD.US,5,20251113,164000,110.625,110.65,110.62,110.635,181640,0
LQD.US,5,20251113,164500,110.64,110.67,110.63,110.665,214178,0
LQD.US,5,20251113,165000,110.665,110.705,110.66,110.705,296824,0
LQD.US,5,20251113,165500,110.705,110.7099,110.67,110.675,714329,0
LQD.US,5,20251113,170000,110.675,110.7,110.66,110.6998,351501,0
LQD.US,5,20251113,170500,110.7,110.71,110.665,110.675,117065,0
LQD.US,5,20251113,171000,110.675,110.7,110.67,110.675,291446,0
LQD.US,5,20251113,171500,110.675,110.69,110.66,110.67,74074,0
LQD.US,5,20251113,172000,110.67,110.705,110.67,110.685,173165,0
LQD.US,5,20251113,172500,110.685,110.7,110.66,110.695,212393,0
LQD.US,5,20251113,173000,110.695,110.72,110.69,110.71,306272,0
LQD.US,5,20251113,173500,110.715,110.73,110.69,110.7,330593,0
LQD.US,5,20251113,174000,110.6998,110.6998,110.65,110.655,123382,0
LQD.US,5,20251113,174500,110.66,110.705,110.655,110.7,366766,0
LQD.US,5,20251113,175000,110.7,110.71,110.68,110.69,238097,0
LQD.US,5,20251113,175500,110.69,110.705,110.69,110.705,32758,0
LQD.US,5,20251113,180000,110.705,110.7355,110.7,110.735,460050,0
LQD.US,5,20251113,180500,110.735,110.77,110.735,110.75,1163041,0
LQD.US,5,20251113,181000,110.75,110.76,110.75,110.755,273292,0
LQD.US,5,20251113,181500,110.755,110.795,110.7501,110.795,788942,0
LQD.US,5,20251113,182000,110.795,110.825,110.79,110.82,335300,0
LQD.US,5,20251113,182500,110.82,110.86,110.81,110.855,919171,0
LQD.US,5,20251113,183000,110.86,110.8891,110.855,110.8891,299649,0
LQD.US,5,20251113,183500,110.885,110.91,110.85,110.85,533716,0
LQD.US,5,20251113,184000,110.85,110.86,110.83,110.8475,340423,0
LQD.US,5,20251113,184500,110.84,110.85,110.83,110.845,158923,0
LQD.US,5,20251113,185000,110.84,110.84,110.8,110.805,207707,0
LQD.US,5,20251113,185500,110.805,110.805,110.77,110.78,516874,0
LQD.US,5,20251113,190000,110.78,110.805,110.69,110.725,709621,0
LQD.US,5,20251113,190500,110.725,110.725,110.685,110.685,261982,0
LQD.US,5,20251113,191000,110.68,110.68,110.64,110.66,971546,0
LQD.US,5,20251113,191500,110.665,110.68,110.635,110.665,152035,0
LQD.US,5,20251113,192000,110.66,110.68,110.65,110.655,49834,0
LQD.US,5,20251113,192500,110.655,110.67,110.65,110.67,158851,0
LQD.US,5,20251113,193000,110.67,110.69,110.66,110.665,168425,0
LQD.US,5,20251113,193500,110.665,110.675,110.64,110.675,799907,0
LQD.US,5,20251113,194000,110.675,110.68,110.64,110.655,495438,0
LQD.US,5,20251113,194500,110.66,110.69758,110.66,110.66,254882,0
LQD.US,5,20251113,195000,110.6699,110.6699,110.65,110.665,60124,0
LQD.US,5,20251113,195500,110.665,110.665,110.63,110.6496,67118,0
LQD.US,5,20251113,200000,110.645,110.6468,110.6201,110.63,72863,0
LQD.US,5,20251113,200500,110.63,110.6499,110.6,110.6,175232,0
LQD.US,5,20251113,201000,110.6,110.635,110.6,110.61,383628,0
LQD.US,5,20251113,201500,110.61,110.615,110.59,110.595,121754,0
LQD.US,5,20251113,202000,110.595,110.6,110.58,110.585,346306,0
LQD.US,5,20251113,202500,110.585,110.61,110.5845,110.61,246580,0
LQD.US,5,20251113,203000,110.605,110.62,110.605,110.62,350990,0
LQD.US,5,20251113,203500,110.615,110.63,110.6101,110.615,431386,0
LQD.US,5,20251113,204000,110.615,110.63,110.61,110.6222,278199,0
LQD.US,5,20251113,204500,110.63,110.63,110.61,110.615,64984,0
LQD.US,5,20251113,205000,110.62,110.655,110.615,110.655,731955,0
LQD.US,5,20251113,205500,110.655,110.655,110.6246,110.63,524480,0
LQD.US,5,20251113,210000,110.625,110.625,110.595,110.595,298982,0
LQD.US,5,20251113,210500,110.595,110.6,110.585,110.595,68232,0
LQD.US,5,20251113,211000,110.6,110.61,110.5833,110.585,202838,0
LQD.US,5,20251113,211500,110.585,110.59,110.55,110.555,234920,0
LQD.US,5,20251113,212000,110.555,110.58,110.55,110.575,298704,0
LQD.US,5,20251113,212500,110.58,110.61,110.57,110.605,691807,0
LQD.US,5,20251113,213000,110.6,110.6,110.58,110.5855,255375,0
LQD.US,5,20251113,213500,110.59,110.61,110.58,110.605,256068,0
LQD.US,5,20251113,214000,110.605,110.61,110.58,110.58,141093,0
LQD.US,5,20251113,214500,110.575,110.6,110.5635,110.595,897217,0
LQD.US,5,20251113,215000,110.595,110.61,110.59,110.5979,385694,0
LQD.US,5,20251113,215500,110.595,110.595,110.55,110.55,2307723,0
LQD.US,5,20251114,153000,110.725,110.725,110.645,110.675,762984,0
LQD.US,5,20251114,153500,110.67,110.67,110.59,110.6,1089101,0
LQD.US,5,20251114,154000,110.605,110.61,110.585,110.59,591010,0
LQD.US,5,20251114,154500,110.595,110.605,110.56,110.585,419924,0
LQD.US,5,20251114,155000,110.585,110.585,110.52,110.525,646788,0
LQD.US,5,20251114,155500,110.52,110.56,110.515,110.5474,1119631,0
LQD.US,5,20251114,160000,110.54,110.55,110.51,110.515,493046,0
LQD.US,5,20251114,160500,110.515,110.515,110.49,110.495,238990,0
LQD.US,5,20251114,161000,110.495,110.5099,110.4738,110.495,627973,0
LQD.US,5,20251114,161500,110.49,110.52,110.475,110.4772,319606,0
LQD.US,5,20251114,162000,110.475,110.495,110.4601,110.47,213970,0
LQD.US,5,20251114,162500,110.465,110.4773,110.455,110.475,227942,0
LQD.US,5,20251114,163000,110.475,110.525,110.465,110.5215,1012908,0
LQD.US,5,20251114,163500,110.5201,110.55,110.5,110.545,1309416,0
LQD.US,5,20251114,164000,110.5474,110.56,110.54,110.545,347867,0
LQD.US,5,20251114,164500,110.545,110.65,110.545,110.63,1309881,0
LQD.US,5,20251114,165000,110.63,110.635,110.61,110.6299,329360,0
LQD.US,5,20251114,165500,110.625,110.6299,110.585,110.595,412817,0
LQD.US,5,20251114,170000,110.595,110.6,110.58,110.585,207104,0
LQD.US,5,20251114,170500,110.585,110.595,110.57,110.59,197916,0
LQD.US,5,20251114,171000,110.5999,110.5999,110.565,110.575,378886,0
LQD.US,5,20251114,171500,110.575,110.5799,110.55,110.5699,197979,0
LQD.US,5,20251114,172000,110.57,110.5799,110.535,110.545,218760,0
LQD.US,5,20251114,172500,110.545,110.565,110.535,110.555,721938,0
LQD.US,5,20251114,173000,110.55,110.57,110.54,110.565,158759,0
LQD.US,5,20251114,173500,110.5601,110.58,110.555,110.575,178315,0
LQD.US,5,20251114,174000,110.57,110.58,110.56,110.575,175159,0
LQD.US,5,20251114,174500,110.575,110.575,110.54,110.565,1132916,0
LQD.US,5,20251114,175000,110.56,110.575,110.555,110.575,215368,0
LQD.US,5,20251114,175500,110.575,110.58,110.5435,110.5699,458327,0
LQD.US,5,20251114,180000,110.56,110.56,110.54,110.54,109377,0
LQD.US,5,20251114,180500,110.54,110.545,110.51,110.52,348261,0
LQD.US,5,20251114,181000,110.52,110.53,110.5,110.5,470379,0
LQD.US,5,20251114,181500,110.505,110.51,110.475,110.475,351872,0
LQD.US,5,20251114,182000,110.475,110.48,110.46,110.465,110828,0
LQD.US,5,20251114,182500,110.465,110.48,110.465,110.475,325945,0
LQD.US,5,20251114,183000,110.47,110.47,110.43,110.435,269034,0
LQD.US,5,20251114,183500,110.43,110.435,110.4,110.425,446940,0
LQD.US,5,20251114,184000,110.42,110.425,110.38,110.415,626972,0
LQD.US,5,20251114,184500,110.4128,110.43,110.39,110.395,67733,0
LQD.US,5,20251114,185000,110.39,110.445,110.38,110.4399,329778,0
LQD.US,5,20251114,185500,110.44,110.45,110.435,110.44,87796,0
LQD.US,5,20251114,190000,110.44,110.44,110.415,110.415,545809,0
LQD.US,5,20251114,190500,110.415,110.425,110.41,110.415,416882,0
LQD.US,5,20251114,191000,110.42,110.43,110.405,110.425,271174,0
LQD.US,5,20251114,191500,110.425,110.4379,110.405,110.405,197249,0
LQD.US,5,20251114,192000,110.405,110.42,110.405,110.405,46850,0
LQD.US,5,20251114,192500,110.41,110.42,110.4,110.415,134629,0
LQD.US,5,20251114,193000,110.415,110.43,110.415,110.425,36823,0
LQD.US,5,20251114,193500,110.42,110.425,110.4045,110.415,129842,0
LQD.US,5,20251114,194000,110.41,110.415,110.38,110.385,1069400,0
LQD.US,5,20251114,194500,110.385,110.3953,110.38,110.385,612881,0
LQD.US,5,20251114,195000,110.385,110.4,110.37,110.395,130646,0
LQD.US,5,20251114,195500,110.395,110.4,110.385,110.385,111245,0
LQD.US,5,20251114,200000,110.385,110.41,110.385,110.4099,56792,0
LQD.US,5,20251114,200500,110.405,110.4094,110.3845,110.385,87793,0
LQD.US,5,20251114,201000,110.385,110.3999,110.3801,110.39,45183,0
LQD.US,5,20251114,201500,110.39,110.42,110.39,110.42,419411,0
LQD.US,5,20251114,202000,110.42,110.44,110.41,110.42,257752,0
LQD.US,5,20251114,202500,110.425,110.43,110.41,110.41,103724,0
LQD.US,5,20251114,203000,110.415,110.42,110.4,110.405,72352,0
LQD.US,5,20251114,203500,110.4,110.405,110.39,110.395,22899,0
LQD.US,5,20251114,204000,110.39,110.395,110.38,110.395,737500,0
LQD.US,5,20251114,204500,110.395,110.4,110.39,110.39,99827,0
LQD.US,5,20251114,205000,110.395,110.3965,110.37,110.375,171948,0
LQD.US,5,20251114,205500,110.375,110.38,110.36,110.37,226214,0
LQD.US,5,20251114,210000,110.375,110.3782,110.345,110.375,257442,0
LQD.US,5,20251114,210500,110.375,110.375,110.35,110.35,43298,0
LQD.US,5,20251114,211000,110.355,110.375,110.35,110.355,241885,0
LQD.US,5,20251114,211500,110.355,110.355,110.33,110.335,104005,0
LQD.US,5,20251114,212000,110.335,110.34,110.33,110.335,124957,0
LQD.US,5,20251114,212500,110.335,110.34,110.32,110.325,74977,0
LQD.US,5,20251114,213000,110.325,110.325,110.31,110.315,67211,0
LQD.US,5,20251114,213500,110.315,110.3281,110.31,110.315,127150,0
LQD.US,5,20251114,214000,110.315,110.32,110.29,110.3,635116,0
LQD.US,5,20251114,214500,110.305,110.32,110.295,110.305,449631,0
LQD.US,5,20251114,215000,110.31,110.32,110.29,110.295,635663,0
LQD.US,5,20251114,215500,110.295,110.2999,110.24,110.25,2898061,0
LQD.US,5,20251117,153000,110.295,110.33,110.25,110.325,393888,0
LQD.US,5,20251117,153500,110.325,110.325,110.285,110.29,364911,0
LQD.US,5,20251117,154000,110.285,110.33,110.27,110.315,641655,0
LQD.US,5,20251117,154500,110.31,110.34,110.31,110.33,163661,0
LQD.US,5,20251117,155000,110.335,110.36,110.33,110.345,530286,0
LQD.US,5,20251117,155500,110.34,110.415,110.34,110.375,316999,0
LQD.US,5,20251117,160000,110.375,110.4,110.345,110.345,656563,0
LQD.US,5,20251117,160500,110.345,110.3599,110.33,110.335,263649,0
LQD.US,5,20251117,161000,110.335,110.37,110.33,110.365,363078,0
LQD.US,5,20251117,161500,110.36,110.4,110.36,110.3903,305030,0
LQD.US,5,20251117,162000,110.395,110.4,110.37,110.385,298761,0
LQD.US,5,20251117,162500,110.3891,110.4,110.37,110.3901,173161,0
LQD.US,5,20251117,163000,110.395,110.425,110.39,110.4099,241227,0
LQD.US,5,20251117,163500,110.4099,110.45,110.405,110.45,168689,0
LQD.US,5,20251117,164000,110.45,110.45,110.415,110.415,338213,0
LQD.US,5,20251117,164500,110.415,110.44,110.4101,110.4201,237619,0
LQD.US,5,20251117,165000,110.4285,110.45,110.4101,110.425,140917,0
LQD.US,5,20251117,165500,110.425,110.43,110.42,110.4299,346353,0
LQD.US,5,20251117,170000,110.425,110.45,110.42,110.425,1740374,0
LQD.US,5,20251117,170500,110.425,110.4691,110.425,110.4691,363844,0
LQD.US,5,20251117,171000,110.46,110.465,110.42,110.44,1371714,0
LQD.US,5,20251117,171500,110.44,110.465,110.42,110.46,645144,0
LQD.US,5,20251117,172000,110.46,110.47,110.445,110.465,287686,0
LQD.US,5,20251117,172500,110.47,110.5,110.46,110.495,952233,0
LQD.US,5,20251117,173000,110.495,110.52,110.49,110.515,327523,0
LQD.US,5,20251117,173500,110.52,110.55,110.515,110.535,747518,0
LQD.US,5,20251117,174000,110.535,110.56,110.525,110.555,213856,0
LQD.US,5,20251117,174500,110.55,110.565,110.54,110.56,149924,0
LQD.US,5,20251117,175000,110.565,110.575,110.55,110.57,156681,0
LQD.US,5,20251117,175500,110.57,110.575,110.56,110.575,197471,0
LQD.US,5,20251117,180000,110.57,110.57,110.55,110.5593,255189,0
LQD.US,5,20251117,180500,110.55,110.56,110.545,110.5499,110453,0
LQD.US,5,20251117,181000,110.55,110.58,110.55,110.575,441266,0
LQD.US,5,20251117,181500,110.575,110.575,110.56,110.57,193493,0
LQD.US,5,20251117,182000,110.57,110.57,110.5,110.505,475760,0
LQD.US,5,20251117,182500,110.505,110.515,110.485,110.485,345102,0
LQD.US,5,20251117,183000,110.485,110.505,110.4848,110.4887,176659,0
LQD.US,5,20251117,183500,110.485,110.5,110.48,110.48,509650,0
LQD.US,5,20251117,184000,110.485,110.49,110.48,110.485,183065,0
LQD.US,5,20251117,184500,110.485,110.49,110.465,110.465,311835,0
LQD.US,5,20251117,185000,110.465,110.47,110.435,110.435,153020,0
LQD.US,5,20251117,185500,110.435,110.465,110.43,110.465,415551,0
LQD.US,5,20251117,190000,110.465,110.465,110.45,110.45,186573,0
LQD.US,5,20251117,190500,110.45,110.46,110.43,110.45,494916,0
LQD.US,5,20251117,191000,110.445,110.47,110.445,110.465,409536,0
LQD.US,5,20251117,191500,110.465,110.4661,110.46,110.465,74394,0
LQD.US,5,20251117,192000,110.465,110.465,110.423,110.445,238584,0
LQD.US,5,20251117,192500,110.445,110.465,110.4445,110.465,50171,0
LQD.US,5,20251117,193000,110.465,110.465,110.43,110.435,465734,0
LQD.US,5,20251117,193500,110.435,110.44,110.43,110.435,24644,0
LQD.US,5,20251117,194000,110.435,110.4377,110.415,110.4288,114966,0
LQD.US,5,20251117,194500,110.43,110.45,110.43,110.445,194809,0
LQD.US,5,20251117,195000,110.445,110.45,110.43,110.43,54511,0
LQD.US,5,20251117,195500,110.435,110.435,110.405,110.405,592283,0
LQD.US,5,20251117,200000,110.405,110.405,110.34,110.34,91148,0
LQD.US,5,20251117,200500,110.34,110.37,110.33,110.365,325296,0
LQD.US,5,20251117,201000,110.365,110.37,110.34,110.37,414981,0
LQD.US,5,20251117,201500,110.37,110.39,110.37,110.375,135009,0
LQD.US,5,20251117,202000,110.375,110.395,110.37,110.385,209675,0
LQD.US,5,20251117,202500,110.385,110.385,110.365,110.37,86381,0
LQD.US,5,20251117,203000,110.365,110.37,110.35,110.355,99471,0
LQD.US,5,20251117,203500,110.36,110.38,110.3523,110.38,627487,0
LQD.US,5,20251117,204000,110.375,110.41,110.3745,110.41,605761,0
LQD.US,5,20251117,204500,110.405,110.44,110.4,110.425,538314,0
LQD.US,5,20251117,205000,110.43,110.4355,110.41,110.43,402324,0
LQD.US,5,20251117,205500,110.42,110.4383,110.41,110.41,1612681,0
LQD.US,5,20251117,210000,110.4,110.4,110.35,110.3615,439745,0
LQD.US,5,20251117,210500,110.365,110.3853,110.35,110.36,168970,0
LQD.US,5,20251117,211000,110.3693,110.385,110.35,110.35,439815,0
LQD.US,5,20251117,211500,110.355,110.385,110.35,110.375,239182,0
LQD.US,5,20251117,212000,110.375,110.375,110.355,110.36,184288,0
LQD.US,5,20251117,212500,110.365,110.395,110.345,110.395,693859,0
LQD.US,5,20251117,213000,110.395,110.41,110.345,110.365,957434,0
LQD.US,5,20251117,213500,110.365,110.385,110.345,110.345,148720,0
LQD.US,5,20251117,214000,110.345,110.355,110.325,110.335,483539,0
LQD.US,5,20251117,214500,110.34,110.355,110.32,110.325,524960,0
LQD.US,5,20251117,215000,110.325,110.35,110.32,110.325,394075,0
LQD.US,5,20251117,215500,110.325,110.34,110.3,110.32,1092848,0
LQD.US,5,20251118,153000,110.492,110.5298,110.46,110.515,517166,0
LQD.US,5,20251118,153500,110.515,110.53,110.49,110.5284,503411,0
LQD.US,5,20251118,154000,110.525,110.55,110.4901,110.5375,279899,0
LQD.US,5,20251118,154500,110.539,110.547,110.5,110.5,126956,0
LQD.US,5,20251118,155000,110.5,110.56,110.5,110.555,333436,0
LQD.US,5,20251118,155500,110.55,110.56,110.495,110.509,446253,0
LQD.US,5,20251118,160000,110.5,110.575,110.5,110.56,239688,0
LQD.US,5,20251118,160500,110.565,110.575,110.5,110.5299,604753,0
LQD.US,5,20251118,161000,110.5201,110.535,110.5,110.52,413108,0
LQD.US,5,20251118,161500,110.525,110.55,110.51,110.54,126567,0
LQD.US,5,20251118,162000,110.54,110.545,110.455,110.475,232795,0
LQD.US,5,20251118,162500,110.48,110.49,110.465,110.47,310436,0
LQD.US,5,20251118,163000,110.475,110.4991,110.45,110.455,327561,0
LQD.US,5,20251118,163500,110.455,110.47,110.44,110.4617,400951,0
LQD.US,5,20251118,164000,110.46,110.4716,110.44,110.46,66172,0
LQD.US,5,20251118,164500,110.47,110.47,110.45,110.455,47608,0
LQD.US,5,20251118,165000,110.455,110.465,110.41,110.4199,168322,0
LQD.US,5,20251118,165500,110.415,110.4162,110.38,110.41,513097,0
LQD.US,5,20251118,170000,110.42,110.42,110.4,110.405,888266,0
LQD.US,5,20251118,170500,110.405,110.41,110.38,110.385,511212,0
LQD.US,5,20251118,171000,110.385,110.385,110.345,110.355,280421,0
LQD.US,5,20251118,171500,110.36,110.39,110.335,110.3401,244679,0
LQD.US,5,20251118,172000,110.345,110.35,110.32,110.34,299375,0
LQD.US,5,20251118,172500,110.3308,110.37,110.33,110.36,1055155,0
LQD.US,5,20251118,173000,110.36,110.36,110.31,110.32,231196,0
LQD.US,5,20251118,173500,110.32,110.32,110.3,110.315,194079,0
LQD.US,5,20251118,174000,110.3197,110.34,110.305,110.34,193083,0
LQD.US,5,20251118,174500,110.335,110.36,110.33,110.355,215480,0
LQD.US,5,20251118,175000,110.355,110.375,110.35,110.365,153416,0
LQD.US,5,20251118,175500,110.36,110.375,110.35,110.365,384406,0
LQD.US,5,20251118,180000,110.365,110.3865,110.3601,110.37,167139,0
LQD.US,5,20251118,180500,110.375,110.385,110.35,110.36,249846,0
LQD.US,5,20251118,181000,110.355,110.365,110.34,110.355,296009,0
LQD.US,5,20251118,181500,110.36,110.37,110.3376,110.345,176654,0
LQD.US,5,20251118,182000,110.345,110.345,110.3,110.3081,297248,0
LQD.US,5,20251118,182500,110.3,110.305,110.28,110.285,387006,0
LQD.US,5,20251118,183000,110.285,110.29,110.26,110.29,785070,0
LQD.US,5,20251118,183500,110.29,110.3,110.27,110.285,356250,0
LQD.US,5,20251118,184000,110.285,110.31,110.28,110.3003,249941,0
LQD.US,5,20251118,184500,110.3,110.31,110.29,110.3,842401,0
LQD.US,5,20251118,185000,110.305,110.315,110.295,110.315,396795,0
LQD.US,5,20251118,185500,110.315,110.33,110.305,110.305,1600732,0
LQD.US,5,20251118,190000,110.305,110.31,110.29,110.295,301875,0
LQD.US,5,20251118,190500,110.295,110.3,110.265,110.275,527789,0
LQD.US,5,20251118,191000,110.2707,110.29,110.2706,110.275,50220,0
LQD.US,5,20251118,191500,110.275,110.3096,110.27,110.3,57908,0
LQD.US,5,20251118,192000,110.3,110.33,110.292,110.32,570184,0
LQD.US,5,20251118,192500,110.315,110.339,110.31,110.335,526522,0
LQD.US,5,20251118,193000,110.335,110.355,110.325,110.355,387331,0
LQD.US,5,20251118,193500,110.35,110.385,110.345,110.385,67164,0
LQD.US,5,20251118,194000,110.38,110.38,110.36,110.375,229464,0
LQD.US,5,20251118,194500,110.37,110.39,110.35,110.3875,485409,0
LQD.US,5,20251118,195000,110.3854,110.4,110.38,110.4,33358,0
LQD.US,5,20251118,195500,110.39,110.4,110.37,110.375,323678,0
LQD.US,5,20251118,200000,110.375,110.39,110.365,110.39,269833,0
LQD.US,5,20251118,200500,110.39,110.405,110.39,110.405,93072,0
LQD.US,5,20251118,201000,110.41,110.42,110.395,110.42,63572,0
LQD.US,5,20251118,201500,110.42,110.44,110.42,110.439,263181,0
LQD.US,5,20251118,202000,110.4327,110.45,110.43,110.43,259071,0
LQD.US,5,20251118,202500,110.43,110.45,110.43,110.435,100292,0
LQD.US,5,20251118,203000,110.435,110.47,110.435,110.4688,199134,0
LQD.US,5,20251118,203500,110.47,110.48,110.46,110.465,570251,0
LQD.US,5,20251118,204000,110.465,110.47,110.45,110.455,323798,0
LQD.US,5,20251118,204500,110.455,110.4728,110.455,110.465,104914,0
LQD.US,5,20251118,205000,110.465,110.4751,110.465,110.465,432835,0
LQD.US,5,20251118,205500,110.465,110.47,110.4503,110.47,342104,0
LQD.US,5,20251118,210000,110.477,110.477,110.42,110.428,92981,0
LQD.US,5,20251118,210500,110.425,110.4254,110.41,110.415,520528,0
LQD.US,5,20251118,211000,110.42,110.42,110.39,110.3944,303666,0
LQD.US,5,20251118,211500,110.395,110.42,110.395,110.415,647446,0
LQD.US,5,20251118,212000,110.415,110.44,110.4102,110.425,599274,0
LQD.US,5,20251118,212500,110.425,110.43,110.405,110.415,289782,0
LQD.US,5,20251118,213000,110.415,110.42,110.3947,110.395,275477,0
LQD.US,5,20251118,213500,110.395,110.41,110.3906,110.405,438622,0
LQD.US,5,20251118,214000,110.405,110.42,110.4,110.405,492830,0
LQD.US,5,20251118,214500,110.405,110.41,110.39,110.395,477108,0
LQD.US,5,20251118,215000,110.395,110.41,110.3801,110.4,712967,0
LQD.US,5,20251118,215500,110.4,110.42,110.385,110.385,797752,0
LQD.US,5,20251119,153000,110.59,110.64,110.542,110.625,113173,0
LQD.US,5,20251119,153500,110.625,110.63,110.58,110.585,193754,0
LQD.US,5,20251119,154000,110.585,110.615,110.585,110.615,207485,0
LQD.US,5,20251119,154500,110.61,110.61,110.56,110.56,329621,0
LQD.US,5,20251119,155000,110.565,110.57,110.54,110.545,809807,0
LQD.US,5,20251119,155500,110.545,110.555,110.53,110.535,321935,0
LQD.US,5,20251119,160000,110.535,110.55,110.51,110.52,402712,0
LQD.US,5,20251119,160500,110.52,110.5278,110.475,110.48,129012,0
LQD.US,5,20251119,161000,110.475,110.5,110.45,110.5,502819,0
LQD.US,5,20251119,161500,110.49,110.53,110.485,110.515,310830,0
LQD.US,5,20251119,162000,110.51,110.51,110.4745,110.485,807420,0
LQD.US,5,20251119,162500,110.485,110.4894,110.4601,110.475,519308,0
LQD.US,5,20251119,163000,110.475,110.49,110.4564,110.4701,701808,0
LQD.US,5,20251119,163500,110.475,110.5,110.475,110.495,270030,0
LQD.US,5,20251119,164000,110.495,110.4953,110.47,110.485,385413,0
LQD.US,5,20251119,164500,110.485,110.5,110.47,110.49,243749,0
LQD.US,5,20251119,165000,110.495,110.515,110.48,110.515,458320,0
LQD.US,5,20251119,165500,110.51,110.54,110.51,110.54,177061,0
LQD.US,5,20251119,170000,110.54,110.55,110.52,110.54,490952,0
LQD.US,5,20251119,170500,110.545,110.55,110.53,110.5475,221515,0
LQD.US,5,20251119,171000,110.5475,110.55,110.52,110.545,191043,0
LQD.US,5,20251119,171500,110.545,110.55,110.535,110.545,106272,0
LQD.US,5,20251119,172000,110.54,110.58,110.54,110.57,560906,0
LQD.US,5,20251119,172500,110.57,110.59,110.56,110.585,138356,0
LQD.US,5,20251119,173000,110.585,110.6023,110.575,110.585,132892,0
LQD.US,5,20251119,173500,110.585,110.61,110.585,110.61,57018,0
LQD.US,5,20251119,174000,110.61,110.67,110.61,110.665,362434,0
LQD.US,5,20251119,174500,110.665,110.665,110.63,110.635,470135,0
LQD.US,5,20251119,175000,110.635,110.66,110.61,110.65,449870,0
LQD.US,5,20251119,175500,110.65,110.655,110.61,110.63263,408771,0
LQD.US,5,20251119,180000,110.635,110.66,110.635,110.65,62436,0
LQD.US,5,20251119,180500,110.645,110.65,110.63,110.65,825107,0
LQD.US,5,20251119,181000,110.645,110.65,110.63,110.63,88399,0
LQD.US,5,20251119,181500,110.635,110.64,110.63,110.635,38425,0
LQD.US,5,20251119,182000,110.63,110.63,110.575,110.605,122319,0
LQD.US,5,20251119,182500,110.61,110.61,110.59,110.605,352425,0
LQD.US,5,20251119,183000,110.6,110.605,110.585,110.595,232143,0
LQD.US,5,20251119,183500,110.6,110.6074,110.54,110.5491,506508,0
LQD.US,5,20251119,184000,110.54,110.56,110.52,110.54,914744,0
LQD.US,5,20251119,184500,110.545,110.545,110.5,110.505,108503,0
LQD.US,5,20251119,185000,110.5099,110.52,110.5,110.515,365640,0
LQD.US,5,20251119,185500,110.515,110.5359,110.505,110.5201,636666,0
LQD.US,5,20251119,190000,110.53,110.55,110.52,110.55,160621,0
LQD.US,5,20251119,190500,110.55,110.56,110.5425,110.555,347001,0
LQD.US,5,20251119,191000,110.5525,110.56,110.54,110.555,357914,0
LQD.US,5,20251119,191500,110.55,110.56,110.535,110.535,266676,0
LQD.US,5,20251119,192000,110.535,110.55,110.53,110.535,237629,0
LQD.US,5,20251119,192500,110.54,110.55,110.53,110.53,276580,0
LQD.US,5,20251119,193000,110.535,110.57,110.53,110.56,240312,0
LQD.US,5,20251119,193500,110.56,110.57,110.55,110.57,142168,0
LQD.US,5,20251119,194000,110.565,110.59,110.565,110.57,163494,0
LQD.US,5,20251119,194500,110.5799,110.59,110.56,110.58,113236,0
LQD.US,5,20251119,195000,110.58,110.59,110.57,110.58,80375,0
LQD.US,5,20251119,195500,110.5781,110.5793,110.55,110.56,27301,0
LQD.US,5,20251119,200000,110.555,110.555,110.465,110.5386,264140,0
LQD.US,5,20251119,200500,110.54,110.57,110.54,110.555,539705,0
LQD.US,5,20251119,201000,110.555,110.56,110.54,110.545,110518,0
LQD.US,5,20251119,201500,110.545,110.549,110.51,110.515,90055,0
LQD.US,5,20251119,202000,110.515,110.52,110.47,110.48,81264,0
LQD.US,5,20251119,202500,110.475,110.48,110.43,110.435,107418,0
LQD.US,5,20251119,203000,110.4342,110.45,110.43,110.4395,212912,0
LQD.US,5,20251119,203500,110.4301,110.4399,110.39,110.39,258988,0
LQD.US,5,20251119,204000,110.39,110.395,110.355,110.355,279408,0
LQD.US,5,20251119,204500,110.355,110.3599,110.33,110.3525,198720,0
LQD.US,5,20251119,205000,110.355,110.4,110.35,110.38,725656,0
LQD.US,5,20251119,205500,110.38,110.38,110.35,110.355,242401,0
LQD.US,5,20251119,210000,110.35,110.36,110.32,110.36,540869,0
LQD.US,5,20251119,210500,110.355,110.37,110.35,110.36,300046,0
LQD.US,5,20251119,211000,110.36,110.4,110.36,110.39,208692,0
LQD.US,5,20251119,211500,110.3901,110.4199,110.39,110.415,330729,0
LQD.US,5,20251119,212000,110.415,110.415,110.38,110.38,338472,0
LQD.US,5,20251119,212500,110.38,110.4,110.37,110.4,356424,0
LQD.US,5,20251119,213000,110.395,110.4,110.37,110.37,253194,0
LQD.US,5,20251119,213500,110.37,110.38,110.36,110.36,590208,0
LQD.US,5,20251119,214000,110.36,110.37,110.35,110.365,276579,0
LQD.US,5,20251119,214500,110.365,110.37,110.335,110.335,299570,0
LQD.US,5,20251119,215000,110.33,110.39,110.33,110.375,1938616,0
LQD.US,5,20251119,215500,110.375,110.4,110.37,110.38,1505872,0
LQD.US,5,20251120,153000,110.67,110.755,110.67,110.715,510064,0
LQD.US,5,20251120,153500,110.715,110.74,110.645,110.655,2130344,0
LQD.US,5,20251120,154000,110.655,110.6899,110.635,110.675,1068003,0
LQD.US,5,20251120,154500,110.675,110.745,110.6629,110.74,896532,0
LQD.US,5,20251120,155000,110.7301,110.75,110.7,110.75,755005,0
LQD.US,5,20251120,155500,110.745,110.76,110.74,110.755,855070,0
LQD.US,5,20251120,160000,110.755,110.77,110.75,110.755,760052,0
LQD.US,5,20251120,160500,110.75,110.78,110.73,110.745,605858,0
LQD.US,5,20251120,161000,110.75,110.75,110.72,110.725,535746,0
LQD.US,5,20251120,161500,110.73,110.76,110.73,110.745,395941,0
LQD.US,5,20251120,162000,110.7499,110.77,110.74,110.755,290760,0
LQD.US,5,20251120,162500,110.76,110.79,110.76,110.785,272272,0
LQD.US,5,20251120,163000,110.785,110.785,110.7069,110.7069,466502,0
LQD.US,5,20251120,163500,110.705,110.74,110.7,110.735,349682,0
LQD.US,5,20251120,164000,110.735,110.75,110.71,110.73,182437,0
LQD.US,5,20251120,164500,110.735,110.74,110.655,110.69,659367,0
LQD.US,5,20251120,165000,110.685,110.7,110.68,110.685,396062,0
LQD.US,5,20251120,165500,110.685,110.725,110.68,110.725,479683,0
LQD.US,5,20251120,170000,110.73,110.78,110.73,110.77,436335,0
LQD.US,5,20251120,170500,110.765,110.785,110.74,110.76,427075,0
LQD.US,5,20251120,171000,110.7501,110.77,110.745,110.765,388500,0
LQD.US,5,20251120,171500,110.765,110.805,110.765,110.775,623837,0
LQD.US,5,20251120,172000,110.775,110.81,110.765,110.775,428837,0
LQD.US,5,20251120,172500,110.775,110.79,110.745,110.755,462892,0
LQD.US,5,20251120,173000,110.75,110.755,110.7215,110.735,115351,0
LQD.US,5,20251120,173500,110.74,110.755,110.6808,110.685,218459,0
LQD.US,5,20251120,174000,110.685,110.7,110.66,110.665,496069,0
LQD.US,5,20251120,174500,110.66,110.67,110.64,110.645,308328,0
LQD.US,5,20251120,175000,110.65,110.66,110.62,110.625,371990,0
LQD.US,5,20251120,175500,110.625,110.626,110.58,110.595,525306,0
LQD.US,5,20251120,180000,110.595,110.6,110.56,110.595,1321874,0
LQD.US,5,20251120,180500,110.595,110.6,110.565,110.57,965395,0
LQD.US,5,20251120,181000,110.575,110.62,110.56,110.61,206803,0
LQD.US,5,20251120,181500,110.62,110.625,110.575,110.5997,296774,0
LQD.US,5,20251120,182000,110.6,110.63,110.6,110.63,476818,0
LQD.US,5,20251120,182500,110.625,110.6299,110.61,110.615,502807,0
LQD.US,5,20251120,183000,110.6161,110.6378,110.615,110.615,527889,0
LQD.US,5,20251120,183500,110.61,110.63,110.595,110.625,561520,0
LQD.US,5,20251120,184000,110.625,110.625,110.58,110.5807,522234,0
LQD.US,5,20251120,184500,110.585,110.585,110.53,110.53,1415922,0
LQD.US,5,20251120,185000,110.535,110.545,110.52,110.5342,411463,0
LQD.US,5,20251120,185500,110.53,110.54,110.51,110.515,209236,0
LQD.US,5,20251120,190000,110.52,110.53,110.505,110.53,416135,0
LQD.US,5,20251120,190500,110.525,110.58,110.515,110.55,794882,0
LQD.US,5,20251120,191000,110.545,110.55,110.52,110.54,358288,0
LQD.US,5,20251120,191500,110.54,110.54,110.52,110.535,310580,0
LQD.US,5,20251120,192000,110.53,110.54,110.5125,110.535,358548,0
LQD.US,5,20251120,192500,110.53,110.55,110.53,110.545,337821,0
LQD.US,5,20251120,193000,110.545,110.5561,110.52,110.535,336848,0
LQD.US,5,20251120,193500,110.5376,110.55,110.53,110.55,248087,0
LQD.US,5,20251120,194000,110.55,110.57,110.55,110.57,462308,0
LQD.US,5,20251120,194500,110.57,110.575,110.55,110.555,576950,0
LQD.US,5,20251120,195000,110.555,110.565,110.54,110.54,1476603,0
LQD.US,5,20251120,195500,110.54,110.58,110.54,110.575,310237,0
LQD.US,5,20251120,200000,110.575,110.59,110.55,110.55,305572,0
LQD.US,5,20251120,200500,110.555,110.56,110.505,110.525,633912,0
LQD.US,5,20251120,201000,110.53,110.55,110.52,110.535,363042,0
LQD.US,5,20251120,201500,110.535,110.54,110.515,110.515,220405,0
LQD.US,5,20251120,202000,110.515,110.52,110.5,110.515,212270,0
LQD.US,5,20251120,202500,110.515,110.54,110.51,110.52,281099,0
LQD.US,5,20251120,203000,110.52,110.52,110.5,110.505,169969,0
LQD.US,5,20251120,203500,110.505,110.505,110.43,110.455,1966619,0
LQD.US,5,20251120,204000,110.4598,110.52,110.45,110.51,602329,0
LQD.US,5,20251120,204500,110.505,110.52,110.49,110.49,509264,0
LQD.US,5,20251120,205000,110.49,110.5,110.48,110.495,286255,0
LQD.US,5,20251120,205500,110.49,110.51,110.48,110.505,565779,0
LQD.US,5,20251120,210000,110.51,110.53,110.48,110.48,380153,0
LQD.US,5,20251120,210500,110.485,110.5,110.485,110.49,281361,0
LQD.US,5,20251120,211000,110.4899,110.495,110.48,110.485,358116,0
LQD.US,5,20251120,211500,110.49,110.51,110.4845,110.5042,221513,0
LQD.US,5,20251120,212000,110.5,110.53,110.5,110.515,579177,0
LQD.US,5,20251120,212500,110.51,110.52,110.495,110.515,941676,0
LQD.US,5,20251120,213000,110.51,110.5399,110.505,110.525,666771,0
LQD.US,5,20251120,213500,110.52,110.54,110.51,110.535,532437,0
LQD.US,5,20251120,214000,110.535,110.555,110.53,110.53,420082,0
LQD.US,5,20251120,214500,110.535,110.55,110.525,110.535,820227,0
LQD.US,5,20251120,215000,110.535,110.57,110.53,110.57,704334,0
LQD.US,5,20251120,215500,110.565,110.58,110.51,110.53,3441080,0
LQD.US,5,20251121,153000,110.96,110.96,110.82,110.83,1015880,0
LQD.US,5,20251121,153500,110.84,110.86,110.8,110.825,1089350,0
LQD.US,5,20251121,154000,110.825,110.825,110.78,110.795,1823041,0
LQD.US,5,20251121,154500,110.79,110.85,110.77,110.85,718735,0
LQD.US,5,20251121,155000,110.845,110.85,110.815,110.825,883487,0
LQD.US,5,20251121,155500,110.83,110.8399,110.775,110.79,374691,0
LQD.US,5,20251121,160000,110.8,110.825,110.8,110.815,406550,0
LQD.US,5,20251121,160500,110.815,110.84,110.79,110.805,458121,0
LQD.US,5,20251121,161000,110.805,110.81,110.785,110.8,187772,0
LQD.US,5,20251121,161500,110.805,110.83,110.79,110.82,566360,0
LQD.US,5,20251121,162000,110.82,110.84,110.8,110.81,370952,0
LQD.US,5,20251121,162500,110.805,110.82,110.79,110.795,483383,0
LQD.US,5,20251121,163000,110.795,110.8,110.76,110.765,711396,0
LQD.US,5,20251121,163500,110.765,110.78,110.76,110.77,967783,0
LQD.US,5,20251121,164000,110.77,110.8,110.755,110.765,442804,0
LQD.US,5,20251121,164500,110.765,110.785,110.71,110.71,427233,0
LQD.US,5,20251121,165000,110.72,110.73,110.705,110.71,487586,0
LQD.US,5,20251121,165500,110.705,110.715,110.69,110.6944,297615,0
LQD.US,5,20251121,170000,110.699,110.73,110.69,110.725,360819,0
LQD.US,5,20251121,170500,110.725,110.74,110.71,110.73,326954,0
LQD.US,5,20251121,171000,110.72,110.72,110.685,110.69,117947,0
LQD.US,5,20251121,171500,110.69,110.7,110.68,110.695,128649,0
LQD.US,5,20251121,172000,110.695,110.72,110.67,110.675,217210,0
LQD.US,5,20251121,172500,110.675,110.68,110.66,110.68,282485,0
LQD.US,5,20251121,173000,110.685,110.72,110.685,110.705,706964,0
LQD.US,5,20251121,173500,110.705,110.71,110.67,110.675,414160,0
LQD.US,5,20251121,174000,110.675,110.71,110.67,110.67,445533,0
LQD.US,5,20251121,174500,110.675,110.71,110.67,110.695,511216,0
LQD.US,5,20251121,175000,110.695,110.72,110.69,110.705,215804,0
LQD.US,5,20251121,175500,110.705,110.73,110.695,110.715,812336,0
LQD.US,5,20251121,180000,110.715,110.715,110.67,110.67,441996,0
LQD.US,5,20251121,180500,110.67,110.6995,110.66,110.695,1262904,0
LQD.US,5,20251121,181000,110.695,110.7,110.66,110.675,483079,0
LQD.US,5,20251121,181500,110.675,110.68,110.66,110.66,339093,0
LQD.US,5,20251121,182000,110.655,110.665,110.64,110.65,118103,0
LQD.US,5,20251121,182500,110.65,110.655,110.61,110.615,134593,0
LQD.US,5,20251121,183000,110.62,110.63,110.61,110.63,773738,0
LQD.US,5,20251121,183500,110.63,110.64,110.62,110.625,470588,0
LQD.US,5,20251121,184000,110.625,110.63,110.62,110.63,176106,0
LQD.US,5,20251121,184500,110.625,110.645,110.62,110.635,405330,0
LQD.US,5,20251121,185000,110.635,110.66,110.62,110.655,293165,0
LQD.US,5,20251121,185500,110.655,110.66,110.64,110.645,54532,0
LQD.US,5,20251121,190000,110.645,110.65,110.635,110.64,124658,0
LQD.US,5,20251121,190500,110.64,110.64,110.625,110.625,352621,0
LQD.US,5,20251121,191000,110.625,110.63,110.615,110.63,51821,0
LQD.US,5,20251121,191500,110.625,110.645,110.615,110.635,233845,0
LQD.US,5,20251121,192000,110.635,110.67,110.63,110.665,297403,0
LQD.US,5,20251121,192500,110.67,110.725,110.67,110.725,376194,0
LQD.US,5,20251121,193000,110.72,110.73,110.72,110.725,175634,0
LQD.US,5,20251121,193500,110.7299,110.73,110.72,110.73,311453,0
LQD.US,5,20251121,194000,110.725,110.73,110.71,110.715,283859,0
LQD.US,5,20251121,194500,110.715,110.75,110.71,110.73,640906,0
LQD.US,5,20251121,195000,110.72,110.755,110.72,110.725,265802,0
LQD.US,5,20251121,195500,110.72,110.73,110.71,110.725,707892,0
LQD.US,5,20251121,200000,110.725,110.7356,110.71,110.725,525447,0
LQD.US,5,20251121,200500,110.725,110.74,110.72,110.725,148886,0
LQD.US,5,20251121,201000,110.725,110.76,110.72,110.745,310506,0
LQD.US,5,20251121,201500,110.745,110.775,110.745,110.775,143821,0
LQD.US,5,20251121,202000,110.775,110.815,110.7715,110.815,60951,0
LQD.US,5,20251121,202500,110.815,110.825,110.805,110.815,438478,0
LQD.US,5,20251121,203000,110.815,110.85,110.815,110.845,174166,0
LQD.US,5,20251121,203500,110.845,110.875,110.8337,110.86,441134,0
LQD.US,5,20251121,204000,110.865,110.88,110.855,110.8641,130288,0
LQD.US,5,20251121,204500,110.865,110.88,110.86,110.865,285147,0
LQD.US,5,20251121,205000,110.865,110.87,110.84,110.855,186146,0
LQD.US,5,20251121,205500,110.855,110.86,110.8345,110.86,799575,0
LQD.US,5,20251121,210000,110.865,110.88,110.84,110.85,513154,0
LQD.US,5,20251121,210500,110.845,110.85,110.84,110.845,166433,0
LQD.US,5,20251121,211000,110.845,110.87,110.8414,110.87,234984,0
LQD.US,5,20251121,211500,110.87,110.89,110.85,110.875,525705,0
LQD.US,5,20251121,212000,110.875,110.88,110.861,110.875,126864,0
LQD.US,5,20251121,212500,110.875,110.875,110.855,110.855,102435,0
LQD.US,5,20251121,213000,110.855,110.87,110.85,110.86,155829,0
LQD.US,5,20251121,213500,110.86,110.885,110.855,110.885,342864,0
LQD.US,5,20251121,214000,110.89,110.89,110.8601,110.875,230109,0
LQD.US,5,20251121,214500,110.875,110.89,110.87,110.885,180488,0
LQD.US,5,20251121,215000,110.885,110.9,110.87,110.895,611114,0
LQD.US,5,20251121,215500,110.895,110.925,110.885,110.92,2051933,0
LQD.US,5,20251124,153000,111.2,111.2,111.155,111.18,509964,0
LQD.US,5,20251124,153500,111.18,111.18,111.15,111.155,269748,0
LQD.US,5,20251124,154000,111.155,111.17,111.14,111.155,614933,0
LQD.US,5,20251124,154500,111.155,111.17,111.13,111.155,209479,0
LQD.US,5,20251124,155000,111.155,111.16,111.14,111.15,437558,0
LQD.US,5,20251124,155500,111.15,111.19,111.145,111.184,440753,0
LQD.US,5,20251124,160000,111.19,111.19,111.085,111.105,330302,0
LQD.US,5,20251124,160500,111.105,111.12,111.095,111.12,222785,0
LQD.US,5,20251124,161000,111.12,111.12,111.09,111.12,128995,0
LQD.US,5,20251124,161500,111.1195,111.12,111.1,111.11,319807,0
LQD.US,5,20251124,162000,111.11,111.12,111.1,111.1169,146236,0
LQD.US,5,20251124,162500,111.1158,111.1277,111.1,111.12,76510,0
LQD.US,5,20251124,163000,111.125,111.13,111.115,111.125,391609,0
LQD.US,5,20251124,163500,111.125,111.1282,111.1,111.115,387377,0
LQD.US,5,20251124,164000,111.1199,111.12,111.1,111.105,52873,0
LQD.US,5,20251124,164500,111.105,111.12,111.09,111.115,108826,0
LQD.US,5,20251124,165000,111.12,111.13,111.1124,111.125,74666,0
LQD.US,5,20251124,165500,111.12,111.145,111.1006,111.105,202679,0
LQD.US,5,20251124,170000,111.1,111.12,111.09,111.105,356440,0
LQD.US,5,20251124,170500,111.105,111.12,111.1,111.115,164851,0
LQD.US,5,20251124,171000,111.115,111.135,111.11,111.13,1600174,0
LQD.US,5,20251124,171500,111.13,111.15,111.122,111.145,45109,0
LQD.US,5,20251124,172000,111.15,111.15,111.13,111.135,37654,0
LQD.US,5,20251124,172500,111.13,111.15,111.125,111.15,282647,0
LQD.US,5,20251124,173000,111.15,111.1571,111.14,111.14,126741,0
LQD.US,5,20251124,173500,111.145,111.16,111.14,111.1424,196085,0
LQD.US,5,20251124,174000,111.1411,111.155,111.135,111.14,389378,0
LQD.US,5,20251124,174500,111.145,111.16,111.135,111.155,379419,0
LQD.US,5,20251124,175000,111.16,111.16,111.14,111.145,347684,0
LQD.US,5,20251124,175500,111.145,111.16,111.13,111.16,562580,0
LQD.US,5,20251124,180000,111.16,111.18,111.155,111.175,66421,0
LQD.US,5,20251124,180500,111.175,111.19,111.17,111.1729,148807,0
LQD.US,5,20251124,181000,111.17,111.18,111.15,111.165,278658,0
LQD.US,5,20251124,181500,111.17,111.17,111.16,111.165,86714,0
LQD.US,5,20251124,182000,111.165,111.19,111.16,111.19,202141,0
LQD.US,5,20251124,182500,111.19,111.25,111.1899,111.25,240902,0
LQD.US,5,20251124,183000,111.25,111.25,111.23,111.235,385413,0
LQD.US,5,20251124,183500,111.24,111.275,111.2397,111.275,103533,0
LQD.US,5,20251124,184000,111.27,111.275,111.24,111.2699,444450,0
LQD.US,5,20251124,184500,111.265,111.3,111.2601,111.2985,181224,0
LQD.US,5,20251124,185000,111.295,111.31,111.2801,111.292,106823,0
LQD.US,5,20251124,185500,111.2994,111.2994,111.2701,111.28,128009,0
LQD.US,5,20251124,190000,111.2736,111.3,111.26,111.27,425491,0
LQD.US,5,20251124,190500,111.27,111.275,111.26,111.27,337966,0
LQD.US,5,20251124,191000,111.265,111.28,111.26,111.275,192509,0
LQD.US,5,20251124,191500,111.2776,111.29,111.27,111.29,246029,0
LQD.US,5,20251124,192000,111.285,111.3,111.265,111.295,176719,0
LQD.US,5,20251124,192500,111.3,111.31,111.2806,111.285,126629,0
LQD.US,5,20251124,193000,111.285,111.3,111.27,111.295,248497,0
LQD.US,5,20251124,193500,111.295,111.305,111.28,111.285,147218,0
LQD.US,5,20251124,194000,111.29,111.32,111.29,111.3031,440978,0
LQD.US,5,20251124,194500,111.3,111.32,111.29,111.315,206628,0
LQD.US,5,20251124,195000,111.315,111.3174,111.3,111.305,113545,0
LQD.US,5,20251124,195500,111.31,111.3399,111.3097,111.325,167896,0
LQD.US,5,20251124,200000,111.325,111.33,111.3,111.315,187705,0
LQD.US,5,20251124,200500,111.315,111.36,111.31,111.36,395577,0
LQD.US,5,20251124,201000,111.36,111.36,111.335,111.345,181543,0
LQD.US,5,20251124,201500,111.345,111.355,111.31,111.315,673406,0
LQD.US,5,20251124,202000,111.315,111.335,111.305,111.3207,77504,0
LQD.US,5,20251124,202500,111.325,111.3299,111.32,111.3278,165458,0
LQD.US,5,20251124,203000,111.325,111.325,111.305,111.315,149281,0
LQD.US,5,20251124,203500,111.315,111.325,111.3,111.325,102424,0
LQD.US,5,20251124,204000,111.32,111.32,111.295,111.305,252152,0
LQD.US,5,20251124,204500,111.305,111.305,111.28,111.295,114587,0
LQD.US,5,20251124,205000,111.295,111.3055,111.285,111.295,205328,0
LQD.US,5,20251124,205500,111.295,111.3299,111.285,111.315,427648,0
LQD.US,5,20251124,210000,111.31,111.3299,111.295,111.3,139021,0
LQD.US,5,20251124,210500,111.3,111.3079,111.285,111.285,685409,0
LQD.US,5,20251124,211000,111.285,111.305,111.275,111.275,534752,0
LQD.US,5,20251124,211500,111.275,111.285,111.2701,111.275,145225,0
LQD.US,5,20251124,212000,111.275,111.275,111.2526,111.2601,148227,0
LQD.US,5,20251124,212500,111.265,111.28,111.2643,111.28,217426,0
LQD.US,5,20251124,213000,111.28,111.295,111.275,111.295,273387,0
LQD.US,5,20251124,213500,111.295,111.3,111.29,111.295,304983,0
LQD.US,5,20251124,214000,111.295,111.31,111.29,111.295,405705,0
LQD.US,5,20251124,214500,111.295,111.33,111.295,111.325,687172,0
LQD.US,5,20251124,215000,111.325,111.35,111.32,111.35,454766,0
LQD.US,5,20251124,215500,111.35,111.36,111.335,111.34,1309949,0
LQD.US,5,20251125,153000,111.4001,111.4605,111.4001,111.46,269208,0
LQD.US,5,20251125,153500,111.46,111.5,111.44,111.46,327664,0
LQD.US,5,20251125,154000,111.46,111.505,111.46,111.485,1089627,0
LQD.US,5,20251125,154500,111.49,111.55,111.475,111.535,463184,0
LQD.US,5,20251125,155000,111.53,111.57,111.53,111.56,494436,0
LQD.US,5,20251125,155500,111.567,111.58,111.55,111.58,433351,0
LQD.US,5,20251125,160000,111.58,111.63,111.57,111.58,251826,0
LQD.US,5,20251125,160500,111.575,111.63,111.575,111.625,161651,0
LQD.US,5,20251125,161000,111.62,111.62,111.59,111.6138,242948,0
LQD.US,5,20251125,161500,111.62,111.62,111.5716,111.595,337255,0
LQD.US,5,20251125,162000,111.595,111.63,111.595,111.625,534086,0
LQD.US,5,20251125,162500,111.625,111.625,111.59,111.605,451621,0
LQD.US,5,20251125,163000,111.605,111.64,111.6,111.605,178713,0
LQD.US,5,20251125,163500,111.605,111.66,111.605,111.66,885057,0
LQD.US,5,20251125,164000,111.66,111.67,111.64,111.66,396015,0
LQD.US,5,20251125,164500,111.6699,111.695,111.63,111.635,745170,0
LQD.US,5,20251125,165000,111.625,111.635,111.615,111.62,939074,0
LQD.US,5,20251125,165500,111.61,111.62,111.58,111.59,325156,0
LQD.US,5,20251125,170000,111.59,111.595,111.56,111.585,378794,0
LQD.US,5,20251125,170500,111.59,111.65,111.57,111.635,742590,0
LQD.US,5,20251125,171000,111.635,111.67,111.635,111.67,244892,0
LQD.US,5,20251125,171500,111.67,111.69,111.67,111.675,316540,0
LQD.US,5,20251125,172000,111.68,111.7,111.675,111.695,93114,0
LQD.US,5,20251125,172500,111.69,111.695,111.67,111.67,625073,0
LQD.US,5,20251125,173000,111.675,111.71,111.67,111.7085,470979,0
LQD.US,5,20251125,173500,111.705,111.71,111.69,111.695,118579,0
LQD.US,5,20251125,174000,111.695,111.72,111.69,111.705,214287,0
LQD.US,5,20251125,174500,111.705,111.7373,111.7,111.735,559344,0
LQD.US,5,20251125,175000,111.74,111.78,111.73,111.775,413142,0
LQD.US,5,20251125,175500,111.775,111.79,111.77,111.785,378890,0
LQD.US,5,20251125,180000,111.78,111.79,111.66,111.745,645919,0
LQD.US,5,20251125,180500,111.75,111.78,111.735,111.765,646756,0
LQD.US,5,20251125,181000,111.765,111.79,111.73,111.73,330254,0
LQD.US,5,20251125,181500,111.73,111.81,111.7282,111.805,611174,0
LQD.US,5,20251125,182000,111.81,111.85,111.8,111.845,694318,0
LQD.US,5,20251125,182500,111.84,111.88,111.805,111.82,2943839,0
LQD.US,5,20251125,183000,111.82,111.85,111.815,111.845,376234,0
LQD.US,5,20251125,183500,111.845,111.85,111.81,111.81,179763,0
LQD.US,5,20251125,184000,111.81,111.85,111.8,111.82,430021,0
LQD.US,5,20251125,184500,111.82,111.83,111.795,111.8142,1658589,0
LQD.US,5,20251125,185000,111.82,111.83,111.81,111.83,1058427,0
LQD.US,5,20251125,185500,111.83,111.865,111.8299,111.85,237656,0
LQD.US,5,20251125,190000,111.855,111.895,111.85,111.8858,326160,0
LQD.US,5,20251125,190500,111.88,111.895,111.87,111.8898,148309,0
LQD.US,5,20251125,191000,111.89,111.89,111.83,111.85,271261,0
LQD.US,5,20251125,191500,111.86,111.86,111.8205,111.84,155537,0
LQD.US,5,20251125,192000,111.84,111.855,111.84,111.8473,90995,0
LQD.US,5,20251125,192500,111.845,111.845,111.8,111.82,74644,0
LQD.US,5,20251125,193000,111.82,111.825,111.8,111.81,61977,0
LQD.US,5,20251125,193500,111.815,111.82,111.77,111.775,293016,0
LQD.US,5,20251125,194000,111.78,111.78,111.755,111.76,183841,0
LQD.US,5,20251125,194500,111.76,111.7858,111.76,111.7729,240033,0
LQD.US,5,20251125,195000,111.775,111.785,111.77,111.785,149129,0
LQD.US,5,20251125,195500,111.785,111.8,111.7801,111.795,65421,0
LQD.US,5,20251125,200000,111.795,111.82,111.79,111.82,172452,0
LQD.US,5,20251125,200500,111.815,111.82,111.78,111.815,489427,0
LQD.US,5,20251125,201000,111.815,111.82,111.8,111.8,222529,0
LQD.US,5,20251125,201500,111.8,111.8,111.76,111.765,155718,0
LQD.US,5,20251125,202000,111.76,111.77,111.75,111.755,654990,0
LQD.US,5,20251125,202500,111.755,111.755,111.74,111.745,245813,0
LQD.US,5,20251125,203000,111.745,111.765,111.74,111.745,186057,0
LQD.US,5,20251125,203500,111.755,111.755,111.72,111.725,185303,0
LQD.US,5,20251125,204000,111.725,111.735,111.72,111.735,88703,0
LQD.US,5,20251125,204500,111.735,111.75,111.73,111.735,484767,0
LQD.US,5,20251125,205000,111.735,111.735,111.71,111.715,119113,0
LQD.US,5,20251125,205500,111.72,111.74,111.7101,111.74,131442,0
LQD.US,5,20251125,210000,111.74,111.742,111.73,111.735,140774,0
LQD.US,5,20251125,210500,111.735,111.75,111.725,111.725,81927,0
LQD.US,5,20251125,211000,111.72,111.72,111.7,111.7,141245,0
LQD.US,5,20251125,211500,111.7,111.7073,111.68,111.695,291019,0
LQD.US,5,20251125,212000,111.685,111.69,111.67,111.6813,908236,0
LQD.US,5,20251125,212500,111.686,111.69,111.68,111.685,298632,0
LQD.US,5,20251125,213000,111.68,111.7,111.68,111.68,181038,0
LQD.US,5,20251125,213500,111.685,111.685,111.66,111.665,432254,0
LQD.US,5,20251125,214000,111.665,111.685,111.66,111.665,479503,0
LQD.US,5,20251125,214500,111.665,111.67,111.66,111.67,525303,0
LQD.US,5,20251125,215000,111.665,111.71,111.66,111.705,1121790,0
LQD.US,5,20251125,215500,111.705,111.71,111.66,111.67,4758491,0
LQD.US,5,20251126,153000,111.67,111.69,111.635,111.665,233113,0
LQD.US,5,20251126,153500,111.66,111.68,111.63,111.655,515309,0
LQD.US,5,20251126,154000,111.655,111.66,111.62,111.64,575317,0
LQD.US,5,20251126,154500,111.64,111.685,111.64,111.68,355210,0
LQD.US,5,20251126,155000,111.67,111.6799,111.6,111.61,465905,0
LQD.US,5,20251126,155500,111.615,111.62,111.5801,111.595,345498,0
LQD.US,5,20251126,160000,111.595,111.6198,111.55,111.5672,836115,0
LQD.US,5,20251126,160500,111.56,111.6069,111.54,111.6,235217,0
LQD.US,5,20251126,161000,111.6,111.66,111.58,111.6586,306140,0
LQD.US,5,20251126,161500,111.6527,111.7099,111.6527,111.7099,270204,0
LQD.US,5,20251126,162000,111.7002,111.7264,111.69,111.7,289930,0
LQD.US,5,20251126,162500,111.695,111.74,111.68,111.7303,141823,0
LQD.US,5,20251126,163000,111.73,111.78,111.73,111.76,496699,0
LQD.US,5,20251126,163500,111.755,111.78,111.74,111.775,1601563,0
LQD.US,5,20251126,164000,111.775,111.81,111.75,111.755,364338,0
LQD.US,5,20251126,164500,111.755,111.78,111.755,111.771,470733,0
LQD.US,5,20251126,165000,111.77,111.81,111.76,111.7773,139187,0
LQD.US,5,20251126,165500,111.775,111.785,111.745,111.785,172393,0
LQD.US,5,20251126,170000,111.78,111.805,111.78,111.8,80913,0
LQD.US,5,20251126,170500,111.79557,111.81,111.77,111.785,86020,0
LQD.US,5,20251126,171000,111.79,111.83,111.79,111.83,192054,0
LQD.US,5,20251126,171500,111.825,111.87,111.82,111.855,170992,0
LQD.US,5,20251126,172000,111.855,111.88,111.85,111.8575,149866,0
LQD.US,5,20251126,172500,111.855,111.8575,111.82,111.82,322048,0
LQD.US,5,20251126,173000,111.825,111.85,111.81,111.835,380896,0
LQD.US,5,20251126,173500,111.835,111.87,111.835,111.855,107316,0
LQD.US,5,20251126,174000,111.855,111.8903,111.855,111.875,96307,0
LQD.US,5,20251126,174500,111.875,111.89,111.85,111.87,97379,0
LQD.US,5,20251126,175000,111.865,111.87,111.85,111.855,79973,0
LQD.US,5,20251126,175500,111.86,111.89,111.85,111.875,251720,0
LQD.US,5,20251126,180000,111.875,111.92,111.875,111.88,245012,0
LQD.US,5,20251126,180500,111.88,111.9,111.86,111.86,206130,0
LQD.US,5,20251126,181000,111.86,111.88,111.85,111.88,144091,0
LQD.US,5,20251126,181500,111.88,111.9,111.87,111.895,554404,0
LQD.US,5,20251126,182000,111.9,111.92,111.89,111.905,218693,0
LQD.US,5,20251126,182500,111.9,111.92,111.89,111.915,159496,0
LQD.US,5,20251126,183000,111.92,111.936,111.91,111.925,158522,0
LQD.US,5,20251126,183500,111.925,111.93,111.89,111.895,486403,0
LQD.US,5,20251126,184000,111.89,111.915,111.89,111.914,121782,0
LQD.US,5,20251126,184500,111.91,111.955,111.91,111.955,48617,0
LQD.US,5,20251126,185000,111.955,111.97,111.955,111.965,32584,0
LQD.US,5,20251126,185500,111.96,111.98,111.95,111.9799,228976,0
LQD.US,5,20251126,190000,111.98,111.99,111.9736,111.9747,61533,0
LQD.US,5,20251126,190500,111.98,111.985,111.955,111.975,202191,0
LQD.US,5,20251126,191000,111.975,111.99,111.9624,111.9875,189230,0
LQD.US,5,20251126,191500,111.985,111.99,111.97,111.975,134784,0
LQD.US,5,20251126,192000,111.975,111.98,111.97,111.975,207048,0
LQD.US,5,20251126,192500,111.97,111.975,111.95,111.955,125976,0
LQD.US,5,20251126,193000,111.955,111.96,111.93,111.93,109419,0
LQD.US,5,20251126,193500,111.93,111.94,111.92,111.93,165927,0
LQD.US,5,20251126,194000,111.93,111.935,111.9121,111.9121,310635,0
LQD.US,5,20251126,194500,111.915,111.96,111.915,111.955,620938,0
LQD.US,5,20251126,195000,111.955,111.98,111.9544,111.965,87634,0
LQD.US,5,20251126,195500,111.97,112,111.965,111.9874,56997,0
LQD.US,5,20251126,200000,111.985,112,111.985,111.99,73493,0
LQD.US,5,20251126,200500,111.9875,112,111.97,112,147379,0
LQD.US,5,20251126,201000,111.99,112.01,111.975,111.98,1029998,0
LQD.US,5,20251126,201500,111.98,111.98,111.96,111.965,59455,0
LQD.US,5,20251126,202000,111.965,111.98,111.96,111.98,131327,0
LQD.US,5,20251126,202500,111.98,112,111.97,111.99,95240,0
LQD.US,5,20251126,203000,111.99,112,111.99,111.995,47878,0
LQD.US,5,20251126,203500,112,112.005,111.99,112,84450,0
LQD.US,5,20251126,204000,112,112.0064,111.98,111.981,79921,0
LQD.US,5,20251126,204500,111.9802,112.005,111.98,112.005,112053,0
LQD.US,5,20251126,205000,112,112,111.985,111.995,32414,0
LQD.US,5,20251126,205500,111.995,112.015,111.995,112.0085,121526,0
LQD.US,5,20251126,210000,112.01,112.03,112.005,112.02,104765,0
LQD.US,5,20251126,210500,112.01,112.02,112.005,112.005,34086,0
LQD.US,5,20251126,211000,112.005,112.02,112.002,112.02,67770,0
LQD.US,5,20251126,211500,112.02,112.03,112.01,112.01,800743,0
LQD.US,5,20251126,212000,112.01,112.015,111.99,111.995,67331,0
LQD.US,5,20251126,212500,112,112.01,111.98,112.005,224732,0
LQD.US,5,20251126,213000,112.005,112.02,112,112.02,68136,0
LQD.US,5,20251126,213500,112.02,112.04,112.015,112.04,165516,0
LQD.US,5,20251126,214000,112.035,112.04,112.02,112.02,262832,0
LQD.US,5,20251126,214500,112.025,112.03,112.01,112.025,431101,0
LQD.US,5,20251126,215000,112.02,112.03,112.02,112.025,214956,0
LQD.US,5,20251126,215500,112.025,112.06,112.02,112.05,2163962,0
LQD.US,5,20251128,153000,112.0036,112.015,111.96,111.985,91620,0
LQD.US,5,20251128,153500,111.98,111.985,111.965,111.985,197118,0
LQD.US,5,20251128,154000,111.985,112.02,111.98,112.005,773391,0
LQD.US,5,20251128,154500,112.005,112.02,111.98,112.015,675823,0
LQD.US,5,20251128,155000,112.01,112.015,111.99,112.005,2157538,0
LQD.US,5,20251128,155500,112.005,112.005,111.96,111.965,1721155,0
LQD.US,5,20251128,160000,111.965,111.98,111.91,111.91,406310,0
LQD.US,5,20251128,160500,111.91,111.93,111.9,111.925,362422,0
LQD.US,5,20251128,161000,111.925,111.935,111.89,111.9,498051,0
LQD.US,5,20251128,161500,111.905,111.915,111.89,111.895,220657,0
LQD.US,5,20251128,162000,111.895,111.91,111.875,111.895,578771,0
LQD.US,5,20251128,162500,111.895,111.9,111.87,111.875,212220,0
LQD.US,5,20251128,163000,111.87,111.87,111.785,111.8,475210,0
LQD.US,5,20251128,163500,111.8,111.8,111.71,111.725,807879,0
LQD.US,5,20251128,164000,111.725,111.745,111.715,111.74,201067,0
LQD.US,5,20251128,164500,111.74,111.74,111.68,111.725,793118,0
LQD.US,5,20251128,165000,111.72,111.735,111.68,111.715,642114,0
LQD.US,5,20251128,165500,111.715,111.725,111.685,111.685,405608,0
LQD.US,5,20251128,170000,111.685,111.77,111.68,111.77,180002,0
LQD.US,5,20251128,170500,111.775,111.81,111.74,111.805,465368,0
LQD.US,5,20251128,171000,111.805,111.805,111.75,111.79,637302,0
LQD.US,5,20251128,171500,111.785,111.79,111.74,111.75,280849,0
LQD.US,5,20251128,172000,111.745,111.77,111.73,111.745,312669,0
LQD.US,5,20251128,172500,111.745,111.76,111.73,111.755,317549,0
LQD.US,5,20251128,173000,111.75,111.8,111.75,111.795,234317,0
LQD.US,5,20251128,173500,111.795,111.81,111.77,111.785,367417,0
LQD.US,5,20251128,174000,111.785,111.82,111.76,111.82,319778,0
LQD.US,5,20251128,174500,111.825,111.845,111.81,111.81,136943,0
LQD.US,5,20251128,175000,111.81,111.81,111.77,111.785,160329,0
LQD.US,5,20251128,175500,111.79,111.83,111.785,111.825,344676,0
LQD.US,5,20251128,180000,111.83,111.885,111.82,111.885,383066,0
LQD.US,5,20251128,180500,111.88,111.88,111.83,111.83,294476,0
LQD.US,5,20251128,181000,111.825,111.86,111.78,111.785,755582,0
LQD.US,5,20251128,181500,111.785,111.83,111.785,111.795,432490,0
LQD.US,5,20251128,182000,111.795,111.82,111.785,111.815,320982,0
LQD.US,5,20251128,182500,111.815,111.845,111.81,111.835,293962,0
LQD.US,5,20251128,183000,111.83,111.855,111.81,111.84,195938,0
LQD.US,5,20251128,183500,111.845,111.9074,111.84,111.905,188249,0
LQD.US,5,20251128,184000,111.9,111.9,111.86,111.87,352110,0
LQD.US,5,20251128,184500,111.865,111.885,111.81,111.84,514764,0
LQD.US,5,20251128,185000,111.85,111.92,111.85,111.92,572250,0
LQD.US,5,20251128,185500,111.92,111.93,111.83,111.83,1698729,0
LQD.US,5,20251128,190000,111.84,111.87,111.84,111.86,244591,0
LQD.US,5,20251201,153000,110.79,110.79,110.75,110.76,299778,0
LQD.US,5,20251201,153500,110.765,110.7672,110.72,110.73,414803,0
LQD.US,5,20251201,154000,110.735,110.735,110.66,110.715,1851410,0
LQD.US,5,20251201,154500,110.72,110.75,110.68,110.695,734320,0
LQD.US,5,20251201,155000,110.7,110.74,110.69,110.735,368259,0
LQD.US,5,20251201,155500,110.74,110.78,110.74,110.765,422154,0
LQD.US,5,20251201,160000,110.77,110.84,110.77,110.815,586510,0
LQD.US,5,20251201,160500,110.815,110.88,110.81,110.85,617584,0
LQD.US,5,20251201,161000,110.85,110.86,110.81,110.8419,303909,0
LQD.US,5,20251201,161500,110.84,110.845,110.79,110.795,247172,0
LQD.US,5,20251201,162000,110.79,110.8,110.76,110.8,474437,0
LQD.US,5,20251201,162500,110.8,110.81,110.77,110.805,292137,0
LQD.US,5,20251201,163000,110.805,110.815,110.77,110.7716,150876,0
LQD.US,5,20251201,163500,110.77,110.7774,110.74,110.745,330116,0
LQD.US,5,20251201,164000,110.75,110.78,110.74,110.74,125994,0
LQD.US,5,20251201,164500,110.7441,110.75,110.725,110.745,194090,0
LQD.US,5,20251201,165000,110.75,110.77,110.74,110.7626,107647,0
LQD.US,5,20251201,165500,110.7699,110.79,110.76,110.78,465608,0
LQD.US,5,20251201,170000,110.78,110.78,110.75,110.77,133735,0
LQD.US,5,20251201,170500,110.7644,110.78,110.74,110.75,348575,0
LQD.US,5,20251201,171000,110.755,110.755,110.72,110.735,211265,0
LQD.US,5,20251201,171500,110.7345,110.74,110.715,110.735,301067,0
LQD.US,5,20251201,172000,110.74,110.76,110.73,110.74,123669,0
LQD.US,5,20251201,172500,110.745,110.75,110.73,110.75,150467,0
LQD.US,5,20251201,173000,110.75,110.76,110.74,110.745,134567,0
LQD.US,5,20251201,173500,110.75,110.76,110.73,110.735,118033,0
LQD.US,5,20251201,174000,110.735,110.76,110.73,110.76,158233,0
LQD.US,5,20251201,174500,110.76,110.77,110.75,110.77,190178,0
LQD.US,5,20251201,175000,110.77,110.7775,110.76,110.765,324166,0
LQD.US,5,20251201,175500,110.77,110.77,110.76,110.765,258571,0
LQD.US,5,20251201,180000,110.765,110.79,110.76,110.7845,198820,0
LQD.US,5,20251201,180500,110.785,110.83,110.785,110.815,452819,0
LQD.US,5,20251201,181000,110.815,110.8299,110.8,110.815,175017,0
LQD.US,5,20251201,181500,110.815,110.82,110.8,110.81,348155,0
LQD.US,5,20251201,182000,110.81,110.8198,110.8,110.815,130418,0
LQD.US,5,20251201,182500,110.815,110.83,110.81,110.82,262962,0
LQD.US,5,20251201,183000,110.82,110.82,110.8,110.805,161601,0
LQD.US,5,20251201,183500,110.805,110.8054,110.79,110.8,133929,0
LQD.US,5,20251201,184000,110.79,110.8,110.78,110.79,370538,0
LQD.US,5,20251201,184500,110.795,110.795,110.77,110.785,151170,0
LQD.US,5,20251201,185000,110.785,110.81,110.78,110.805,106603,0
LQD.US,5,20251201,185500,110.805,110.82,110.795,110.815,138276,0
LQD.US,5,20251201,190000,110.82,110.8595,110.82,110.855,103020,0
LQD.US,5,20251201,190500,110.85,110.86,110.8401,110.845,160890,0
LQD.US,5,20251201,191000,110.84,110.86,110.84,110.855,118835,0
LQD.US,5,20251201,191500,110.86,110.87,110.855,110.865,46465,0
LQD.US,5,20251201,192000,110.86,110.875,110.85,110.875,72399,0
LQD.US,5,20251201,192500,110.87,110.88,110.87,110.87,427748,0
LQD.US,5,20251201,193000,110.87,110.88,110.84,110.865,578491,0
LQD.US,5,20251201,193500,110.865,110.88,110.86,110.8798,352240,0
LQD.US,5,20251201,194000,110.88,110.89,110.87,110.89,287477,0
LQD.US,5,20251201,194500,110.89,110.89,110.87,110.87,183637,0
LQD.US,5,20251201,195000,110.875,110.89,110.87,110.885,56824,0
LQD.US,5,20251201,195500,110.8826,110.8861,110.87,110.875,262417,0
LQD.US,5,20251201,200000,110.875,110.88,110.87,110.875,91947,0
LQD.US,5,20251201,200500,110.875,110.89,110.87,110.87,92279,0
LQD.US,5,20251201,201000,110.875,110.8899,110.86,110.8899,522594,0
LQD.US,5,20251201,201500,110.885,110.885,110.86,110.8714,208663,0
LQD.US,5,20251201,202000,110.875,110.88,110.86,110.865,85151,0
LQD.US,5,20251201,202500,110.865,110.87,110.86,110.865,298829,0
LQD.US,5,20251201,203000,110.86,110.865,110.83,110.845,363668,0
LQD.US,5,20251201,203500,110.845,110.86,110.845,110.86,63627,0
LQD.US,5,20251201,204000,110.86,110.87,110.85,110.855,524055,0
LQD.US,5,20251201,204500,110.855,110.875,110.855,110.875,352274,0
LQD.US,5,20251201,205000,110.875,110.875,110.845,110.855,166209,0
LQD.US,5,20251201,205500,110.8503,110.8599,110.84,110.85,442966,0
LQD.US,5,20251201,210000,110.85,110.875,110.84,110.875,306911,0
LQD.US,5,20251201,210500,110.875,110.88,110.86,110.86,175480,0
LQD.US,5,20251201,211000,110.86,110.87,110.85,110.865,161237,0
LQD.US,5,20251201,211500,110.865,110.87,110.85,110.8582,299137,0
LQD.US,5,20251201,212000,110.855,110.87,110.85,110.865,199055,0
LQD.US,5,20251201,212500,110.87,110.89,110.865,110.875,299931,0
LQD.US,5,20251201,213000,110.875,110.8799,110.8511,110.8574,205311,0
LQD.US,5,20251201,213500,110.86,110.88,110.855,110.875,109946,0
LQD.US,5,20251201,214000,110.875,110.88,110.86,110.865,228178,0
LQD.US,5,20251201,214500,110.865,110.87,110.855,110.865,505673,0
LQD.US,5,20251201,215000,110.87,110.87,110.86,110.865,522467,0
LQD.US,5,20251201,215500,110.865,110.87,110.845,110.86,777693,0
LQD.US,5,20251202,153000,110.805,110.815,110.805,110.815,21526,0
LQD.US,5,20251202,153500,110.815,110.83,110.8,110.815,290247,0
LQD.US,5,20251202,160500,110.76,110.8,110.76,110.785,73128,0
LQD.US,5,20251202,161000,110.78,110.81,110.77,110.805,216621,0
LQD.US,5,20251202,161500,110.81,110.82,110.8,110.815,503529,0
LQD.US,5,20251202,162000,110.815,110.85,110.815,110.83,732888,0
LQD.US,5,20251202,162500,110.83,110.84,110.81,110.83,227227,0
LQD.US,5,20251202,163000,110.84,110.8995,110.835,110.89,745510,0
LQD.US,5,20251202,163500,110.88,110.9217,110.88,110.885,366260,0
LQD.US,5,20251202,164000,110.89,110.94,110.8701,110.915,511088,0
LQD.US,5,20251202,164500,110.92,110.925,110.895,110.905,165629,0
LQD.US,5,20251202,165000,110.905,110.91,110.875,110.885,111924,0
LQD.US,5,20251202,165500,110.885,110.89,110.8701,110.875,194328,0
LQD.US,5,20251202,170000,110.875,110.88,110.83,110.84,351456,0
LQD.US,5,20251202,170500,110.835,110.86,110.83,110.84,497111,0
LQD.US,5,20251202,171000,110.84,110.87,110.83,110.855,489587,0
LQD.US,5,20251202,171500,110.8558,110.88,110.845,110.845,306744,0
LQD.US,5,20251202,172000,110.845,110.86,110.83,110.855,180137,0
LQD.US,5,20251202,172500,110.855,110.88,110.855,110.865,68669,0
LQD.US,5,20251202,173000,110.865,110.88,110.86,110.875,556012,0
LQD.US,5,20251202,173500,110.88,110.89,110.86,110.8798,135213,0
LQD.US,5,20251202,174000,110.88,110.9,110.8708,110.8871,500447,0
LQD.US,5,20251202,174500,110.8802,110.91,110.87,110.905,105212,0
LQD.US,5,20251202,175000,110.885,110.89,110.88,110.88,149476,0
LQD.US,5,20251202,175500,110.88,110.9,110.855,110.865,461386,0
LQD.US,5,20251202,180000,110.865,110.88,110.84,110.865,1115344,0
LQD.US,5,20251202,180500,110.865,110.9,110.865,110.895,379512,0
LQD.US,5,20251202,181000,110.895,110.8993,110.88,110.895,244755,0
LQD.US,5,20251202,181500,110.915,110.94,110.91,110.915,1998492,0
LQD.US,5,20251202,182000,110.915,110.94,110.9,110.935,1279759,0
LQD.US,5,20251202,182500,110.935,110.94,110.92,110.94,602310,0
LQD.US,5,20251202,183000,110.9318,110.95,110.93,110.935,1883365,0
LQD.US,5,20251202,183500,110.94,110.96,110.93,110.955,618707,0
LQD.US,5,20251202,184000,110.95,110.97,110.93,110.955,353155,0
LQD.US,5,20251202,184500,110.955,110.98,110.955,110.975,101987,0
LQD.US,5,20251202,185000,110.975,110.98,110.935,110.935,481709,0
LQD.US,5,20251202,185500,110.93,110.94,110.92,110.92,180709,0
LQD.US,5,20251202,190000,110.92,110.94,110.92,110.935,80325,0
LQD.US,5,20251202,190500,110.935,110.9493,110.925,110.9301,104935,0
LQD.US,5,20251202,191000,110.93,110.93,110.92,110.92,49111,0
LQD.US,5,20251202,191500,110.92,110.94,110.91,110.9301,67424,0
LQD.US,5,20251202,192000,110.93,110.95,110.93,110.945,48703,0
LQD.US,5,20251202,192500,110.945,110.945,110.915,110.92,175390,0
LQD.US,5,20251202,193000,110.915,110.93,110.91,110.925,391242,0
LQD.US,5,20251202,193500,110.925,110.94,110.91,110.935,307194,0
LQD.US,5,20251202,194000,110.94,110.94,110.92,110.925,55037,0
LQD.US,5,20251202,194500,110.92,110.95,110.92,110.95,49965,0
LQD.US,5,20251202,195000,110.9458,110.96,110.93,110.955,179513,0
LQD.US,5,20251202,195500,110.95,110.97,110.94,110.945,199988,0
LQD.US,5,20251202,200000,110.9464,110.99,110.9425,110.985,58871,0
LQD.US,5,20251202,200500,110.985,111,110.98,110.995,251815,0
LQD.US,5,20251202,201000,111,111.01,110.99,111,168618,0
LQD.US,5,20251202,201500,110.995,111.01,110.99,111.01,155011,0
LQD.US,5,20251202,202000,111.005,111.015,110.99,110.995,153019,0
LQD.US,5,20251202,202500,110.995,111.025,110.995,111.015,194893,0
LQD.US,5,20251202,203000,111.015,111.02,110.99,110.99,267460,0
LQD.US,5,20251202,203500,110.99,111.01,110.99,110.99,148671,0
LQD.US,5,20251202,204000,110.995,111,110.99,110.9914,45174,0
LQD.US,5,20251202,204500,110.995,111.01,110.98,111.005,104909,0
LQD.US,5,20251202,205000,111.005,111.02,111.0025,111.015,63387,0
LQD.US,5,20251202,205500,111.015,111.05,111,111,348102,0
LQD.US,5,20251202,210000,110.995,111.02,110.985,111.015,609101,0
LQD.US,5,20251202,210500,111.015,111.03,111.01,111.01,684903,0
LQD.US,5,20251202,211000,111.01,111.04,111,111.03,369639,0
LQD.US,5,20251202,211500,111.025,111.03,111.01,111.01,150695,0
LQD.US,5,20251202,212000,111.01,111.015,111,111.005,251441,0
LQD.US,5,20251202,212500,111.005,111.0099,110.97,110.975,630368,0
LQD.US,5,20251202,213000,110.975,110.9799,110.95,110.965,490522,0
LQD.US,5,20251202,213500,110.965,110.97,110.95,110.955,277510,0
LQD.US,5,20251202,214000,110.955,110.96,110.93,110.935,464657,0
LQD.US,5,20251202,214500,110.935,110.95,110.9301,110.935,214680,0
LQD.US,5,20251202,215000,110.935,110.94,110.925,110.935,1101955,0
LQD.US,5,20251202,215500,110.935,110.94,110.91,110.92,1361912,0
LQD.US,5,20251203,153000,111.01,111.02,110.97,111.015,213432,0
LQD.US,5,20251203,153500,111.015,111.04,111,111.04,383179,0
LQD.US,5,20251203,154000,111.04,111.06,111.0123,111.06,499923,0
LQD.US,5,20251203,154500,111.06,111.1,111.055,111.095,364793,0
LQD.US,5,20251203,155000,111.1,111.125,111.09,111.125,494006,0
LQD.US,5,20251203,155500,111.125,111.13,111.11,111.115,150789,0
LQD.US,5,20251203,160000,111.115,111.115,111.03,111.055,395557,0
LQD.US,5,20251203,160500,111.055,111.12,111.05,111.115,279002,0
LQD.US,5,20251203,161000,111.12,111.165,111.095,111.11,513748,0
LQD.US,5,20251203,161500,111.11,111.13,111.105,111.1275,286264,0
LQD.US,5,20251203,162000,111.125,111.125,111.1,111.105,427189,0
LQD.US,5,20251203,162500,111.1,111.125,111.07,111.07,228905,0
LQD.US,5,20251203,163000,111.08,111.1,111.0601,111.095,360800,0
LQD.US,5,20251203,163500,111.09,111.09,110.95,110.97,727408,0
LQD.US,5,20251203,164000,110.97,110.99,110.9601,110.98,274857,0
LQD.US,5,20251203,164500,110.98,110.995,110.97,110.97,137224,0
LQD.US,5,20251203,165000,110.9645,110.985,110.96,110.975,113281,0
LQD.US,5,20251203,165500,110.975,110.995,110.97,110.98,805559,0
LQD.US,5,20251203,170000,110.985,111.01,110.98,110.995,297086,0
LQD.US,5,20251203,170500,110.995,111.018,110.995,111.01,190069,0
LQD.US,5,20251203,171000,111.01,111.0299,111,111.005,385271,0
LQD.US,5,20251203,171500,111,111.01,110.97,111.01,142089,0
LQD.US,5,20251203,172000,111.01,111.02,111,111.005,225591,0
LQD.US,5,20251203,172500,111.0001,111.029,111,111.025,120648,0
LQD.US,5,20251203,173000,111.02,111.02,111,111.0089,362904,0
LQD.US,5,20251203,173500,111.0092,111.03,111.0081,111.03,107179,0
LQD.US,5,20251203,174000,111.035,111.04,111.02,111.035,109824,0
LQD.US,5,20251203,174500,111.04,111.06,111.04,111.0547,44947,0
LQD.US,5,20251203,175000,111.057,111.057,111.03,111.035,111097,0
LQD.US,5,20251203,175500,111.035,111.05,111.03,111.035,770402,0
LQD.US,5,20251203,180000,111.04,111.07,111.035,111.07,533757,0
LQD.US,5,20251203,180500,111.0629,111.07,111.04,111.045,192102,0
LQD.US,5,20251203,181000,111.04,111.0801,111.03,111.0801,231780,0
LQD.US,5,20251203,181500,111.081,111.1,111.081,111.095,48156,0
LQD.US,5,20251203,182000,111.1,111.105,111.08,111.08,84797,0
LQD.US,5,20251203,182500,111.085,111.11,111.08,111.105,80945,0
LQD.US,5,20251203,183000,111.1,111.12,111.1,111.105,67116,0
LQD.US,5,20251203,183500,111.105,111.13,111.1,111.125,341392,0
LQD.US,5,20251203,184000,111.125,111.125,111.095,111.1,65373,0
LQD.US,5,20251203,184500,111.1,111.12,111.1,111.11,53193,0
LQD.US,5,20251203,185000,111.1038,111.1401,111.1038,111.14,333792,0
LQD.US,5,20251203,185500,111.145,111.155,111.135,111.14,113799,0
LQD.US,5,20251203,190000,111.14,111.17,111.135,111.165,541122,0
LQD.US,5,20251203,190500,111.165,111.18,111.16,111.17,149687,0
LQD.US,5,20251203,191000,111.17,111.1795,111.16,111.175,203689,0
LQD.US,5,20251203,191500,111.175,111.18,111.15,111.15,78196,0
LQD.US,5,20251203,192000,111.15,111.16,111.12,111.15,134171,0
LQD.US,5,20251203,192500,111.16,111.165,111.15,111.15,137299,0
LQD.US,5,20251203,193000,111.15,111.16,111.14,111.1545,74552,0
LQD.US,5,20251203,193500,111.15,111.1652,111.15,111.165,70024,0
LQD.US,5,20251203,194000,111.16,111.21,111.16,111.2001,189909,0
LQD.US,5,20251203,194500,111.2,111.235,111.195,111.215,186113,0
LQD.US,5,20251203,195000,111.21,111.2196,111.193,111.2099,77694,0
LQD.US,5,20251203,195500,111.205,111.21,111.2,111.205,184740,0
LQD.US,5,20251203,200000,111.205,111.24,111.2,111.2283,116461,0
LQD.US,5,20251203,200500,111.22,111.23,111.205,111.225,178788,0
LQD.US,5,20251203,201000,111.225,111.2599,111.225,111.2599,93267,0
LQD.US,5,20251203,201500,111.255,111.26,111.245,111.255,111080,0
LQD.US,5,20251203,202000,111.26,111.265,111.25,111.255,146987,0
LQD.US,5,20251203,202500,111.26,111.26,111.24,111.245,68936,0
LQD.US,5,20251203,203000,111.245,111.2493,111.23,111.23,121124,0
LQD.US,5,20251203,203500,111.235,111.25,111.23,111.24,208596,0
LQD.US,5,20251203,204000,111.235,111.24,111.23,111.23,83523,0
LQD.US,5,20251203,204500,111.23,111.255,111.23,111.245,128663,0
LQD.US,5,20251203,205000,111.249,111.25575,111.235,111.235,67939,0
LQD.US,5,20251203,205500,111.24,111.26,111.23,111.24,114087,0
LQD.US,5,20251203,210000,111.24,111.2499,111.22,111.23,259076,0
LQD.US,5,20251203,210500,111.235,111.2375,111.22,111.235,62040,0
LQD.US,5,20251203,211000,111.23,111.25,111.23,111.2453,100022,0
LQD.US,5,20251203,211500,111.245,111.245,111.22,111.225,267984,0
LQD.US,5,20251203,212000,111.22,111.228,111.21,111.21,128109,0
LQD.US,5,20251203,212500,111.215,111.215,111.2,111.205,342344,0
LQD.US,5,20251203,213000,111.205,111.21,111.18,111.185,590544,0
LQD.US,5,20251203,213500,111.185,111.19,111.18,111.185,317515,0
LQD.US,5,20251203,214000,111.185,111.2,111.17,111.195,340871,0
LQD.US,5,20251203,214500,111.195,111.2,111.18,111.2,846281,0
LQD.US,5,20251203,215000,111.195,111.21,111.18,111.195,839273,0
LQD.US,5,20251203,215500,111.19,111.195,111.16,111.17,1294561,0
LQD.US,5,20251204,153000,111.05,111.06,110.99,110.995,163423,0
LQD.US,5,20251204,153500,110.99,111.04,110.99,111.015,284136,0
LQD.US,5,20251204,154000,111.015,111.02,111,111.015,687309,0
LQD.US,5,20251204,154500,111.015,111.015,110.98,110.99,742795,0
LQD.US,5,20251204,155000,110.985,110.99,110.95,110.98,533125,0
LQD.US,5,20251204,155500,110.98,111.01,110.975,110.995,193009,0
LQD.US,5,20251204,160000,110.995,111.01,110.97,110.975,182380,0
LQD.US,5,20251204,160500,110.975,110.98,110.93,110.935,150772,0
LQD.US,5,20251204,161000,110.93,110.96,110.93,110.945,278411,0
LQD.US,5,20251204,161500,110.94,110.96,110.93,110.955,444059,0
LQD.US,5,20251204,162000,110.955,110.97,110.94,110.945,381917,0
LQD.US,5,20251204,162500,110.95,110.98,110.92,110.975,448507,0
LQD.US,5,20251204,163000,110.975,110.975,110.94,110.95,1543305,0
LQD.US,5,20251204,163500,110.95,110.99,110.945,110.96,590120,0
LQD.US,5,20251204,164000,110.96,110.96,110.94,110.945,302391,0
LQD.US,5,20251204,164500,110.945,110.95,110.89,110.895,205779,0
LQD.US,5,20251204,165000,110.895,110.895,110.86,110.875,224642,0
LQD.US,5,20251204,165500,110.875,110.9,110.87,110.895,535978,0
LQD.US,5,20251204,170000,110.895,110.91,110.88,110.88,557042,0
LQD.US,5,20251204,170500,110.885,110.8968,110.86,110.895,607436,0
LQD.US,5,20251204,171000,110.89,110.93,110.8804,110.925,306096,0
LQD.US,5,20251204,171500,110.93,110.955,110.93,110.95,144496,0
LQD.US,5,20251204,172000,110.95,110.965,110.94,110.94,441292,0
LQD.US,5,20251204,172500,110.94,110.965,110.94,110.96,574158,0
LQD.US,5,20251204,173000,110.955,110.955,110.92,110.935,259987,0
LQD.US,5,20251204,173500,110.935,110.97,110.93,110.945,117762,0
LQD.US,5,20251204,174000,110.945,110.95,110.91,110.92,327319,0
LQD.US,5,20251204,174500,110.915,110.94,110.915,110.935,508960,0
LQD.US,5,20251204,175000,110.935,110.97,110.93,110.965,482613,0
LQD.US,5,20251204,175500,110.965,111.005,110.95,111.005,332602,0
LQD.US,5,20251204,180000,111,111.02,110.99,111.005,446892,0
LQD.US,5,20251204,180500,111.01,111.03,110.99,110.995,460596,0
LQD.US,5,20251204,181000,110.99,111.01,110.98,110.985,177926,0
LQD.US,5,20251204,181500,110.985,110.99,110.97,110.97,171538,0
LQD.US,5,20251204,182000,110.975,110.98,110.96,110.975,454710,0
LQD.US,5,20251204,182500,110.98,111.005,110.97,110.995,225935,0
LQD.US,5,20251204,183000,110.995,111.005,110.985,110.995,693778,0
LQD.US,5,20251204,183500,111,111,110.99,110.995,144197,0
LQD.US,5,20251204,184000,110.995,110.9999,110.96,110.96,158438,0
LQD.US,5,20251204,184500,110.965,110.9878,110.96,110.985,114046,0
LQD.US,5,20251204,185000,110.985,111.005,110.97,110.9999,131246,0
LQD.US,5,20251204,185500,111,111.02,110.995,111.02,43201,0
LQD.US,5,20251204,190000,111.02,111.02,110.99,111.005,205410,0
LQD.US,5,20251204,190500,111.005,111.0073,110.97,110.97,109934,0
LQD.US,5,20251204,191000,110.97,110.98,110.97,110.975,31927,0
LQD.US,5,20251204,191500,110.975,110.9999,110.97,110.9835,98395,0
LQD.US,5,20251204,192000,110.98,111.005,110.98,111.005,33564,0
LQD.US,5,20251204,192500,111.01,111.01,110.98,110.9906,275447,0
LQD.US,5,20251204,193000,110.995,111,110.97,110.975,90662,0
LQD.US,5,20251204,193500,110.975,111,110.975,110.975,124805,0
LQD.US,5,20251204,194000,110.975,110.99,110.97,110.985,48127,0
LQD.US,5,20251204,194500,110.985,110.99,110.96,110.96,73992,0
LQD.US,5,20251204,195000,110.96,110.98,110.96,110.975,552875,0
LQD.US,5,20251204,195500,110.975,110.99,110.97,110.985,709786,0
LQD.US,5,20251204,200000,110.985,111,110.98,110.985,55205,0
LQD.US,5,20251204,200500,110.985,110.985,110.96,110.96,229939,0
LQD.US,5,20251204,201000,110.96,110.96,110.94,110.945,162700,0
LQD.US,5,20251204,201500,110.945,110.945,110.91,110.9189,92010,0
LQD.US,5,20251204,202000,110.91,110.92,110.89,110.905,406985,0
LQD.US,5,20251204,202500,110.91,110.915,110.88,110.885,98073,0
LQD.US,5,20251204,203000,110.88,110.9,110.88,110.895,85739,0
LQD.US,5,20251204,203500,110.895,110.94,110.895,110.925,320105,0
LQD.US,5,20251204,204000,110.9299,110.93,110.92,110.925,197477,0
LQD.US,5,20251204,204500,110.925,110.925,110.91,110.915,205073,0
LQD.US,5,20251204,205000,110.915,110.925,110.91,110.9101,189492,0
LQD.US,5,20251204,205500,110.915,110.93,110.91,110.925,258964,0
LQD.US,5,20251204,210000,110.925,110.925,110.89,110.89,172384,0
LQD.US,5,20251204,210500,110.89,110.89,110.87,110.885,524520,0
LQD.US,5,20251204,211000,110.885,110.89,110.88,110.885,187789,0
LQD.US,5,20251204,211500,110.885,110.89,110.87,110.8745,324048,0
LQD.US,5,20251204,212000,110.875,110.88,110.865,110.875,246670,0
LQD.US,5,20251204,212500,110.875,110.88,110.87,110.875,234121,0
LQD.US,5,20251204,213000,110.875,110.9,110.87,110.875,501840,0
LQD.US,5,20251204,213500,110.875,110.9,110.87,110.885,617745,0
LQD.US,5,20251204,214000,110.885,110.9,110.885,110.895,226868,0
LQD.US,5,20251204,214500,110.895,110.92,110.895,110.905,452043,0
LQD.US,5,20251204,215000,110.91,110.92,110.9011,110.915,477438,0
LQD.US,5,20251204,215500,110.915,110.99,110.91,110.97,3730866,0
LQD.US,5,20251205,153000,111.002,111.01,110.93,110.935,545361,0
LQD.US,5,20251205,153500,110.94,110.965,110.935,110.96,352649,0
LQD.US,5,20251205,154000,110.96,110.985,110.96,110.965,224141,0
LQD.US,5,20251205,154500,110.965,110.98,110.95,110.975,320626,0
LQD.US,5,20251205,155000,110.975,110.995,110.965,110.99,176104,0
LQD.US,5,20251205,155500,110.985,110.995,110.97,110.995,134553,0
LQD.US,5,20251205,160000,111,111.01,110.945,110.945,185755,0
LQD.US,5,20251205,160500,110.945,110.995,110.92,110.965,717361,0
LQD.US,5,20251205,161000,110.965,111,110.95,110.995,213268,0
LQD.US,5,20251205,161500,110.995,111.01,110.98,110.99,336300,0
LQD.US,5,20251205,162000,111,111.03,110.98,110.99,882477,0
LQD.US,5,20251205,162500,110.989,110.989,110.95,110.98,463160,0
LQD.US,5,20251205,163000,110.985,110.985,110.94,110.945,109376,0
LQD.US,5,20251205,163500,110.945,110.95,110.9101,110.925,519775,0
LQD.US,5,20251205,164000,110.92,110.9296,110.89,110.9,295476,0
LQD.US,5,20251205,164500,110.895,110.91,110.825,110.835,327024,0
LQD.US,5,20251205,165000,110.83,110.84,110.8,110.815,231145,0
LQD.US,5,20251205,165500,110.815,110.825,110.8,110.8231,224120,0
LQD.US,5,20251205,170000,110.825,110.825,110.8,110.815,352173,0
LQD.US,5,20251205,170500,110.815,110.83,110.795,110.795,267643,0
LQD.US,5,20251205,171000,110.795,110.8,110.775,110.7789,207432,0
LQD.US,5,20251205,171500,110.775,110.775,110.745,110.765,299348,0
LQD.US,5,20251205,172000,110.765,110.7654,110.72,110.745,143481,0
LQD.US,5,20251205,172500,110.745,110.7589,110.71,110.72,132416,0
LQD.US,5,20251205,173000,110.715,110.735,110.7125,110.7254,215175,0
LQD.US,5,20251205,173500,110.73,110.735,110.72,110.73,84873,0
LQD.US,5,20251205,174000,110.73,110.77,110.72,110.755,299556,0
LQD.US,5,20251205,174500,110.755,110.795,110.755,110.785,83272,0
LQD.US,5,20251205,175000,110.78,110.785,110.7731,110.785,49375,0
LQD.US,5,20251205,175500,110.785,110.81,110.78,110.795,205296,0
LQD.US,5,20251205,180000,110.795,110.795,110.78,110.7899,174252,0
LQD.US,5,20251205,180500,110.79,110.815,110.7811,110.805,53665,0
LQD.US,5,20251205,181000,110.805,110.825,110.8,110.825,373205,0
LQD.US,5,20251205,181500,110.825,110.83,110.805,110.81,204308,0
LQD.US,5,20251205,182000,110.815,110.815,110.795,110.795,113150,0
LQD.US,5,20251205,182500,110.8,110.805,110.76,110.765,308285,0
LQD.US,5,20251205,183000,110.765,110.775,110.73,110.745,296856,0
LQD.US,5,20251205,183500,110.745,110.755,110.73,110.73,250265,0
LQD.US,5,20251205,184000,110.735,110.735,110.715,110.725,97630,0
LQD.US,5,20251205,184500,110.725,110.73,110.7023,110.71,269498,0
LQD.US,5,20251205,185000,110.715,110.745,110.71,110.74,394325,0
LQD.US,5,20251205,185500,110.735,110.735,110.715,110.725,596290,0
LQD.US,5,20251205,190000,110.725,110.74,110.72,110.73,91645,0
LQD.US,5,20251205,190500,110.74,110.755,110.74,110.755,184136,0
LQD.US,5,20251205,191000,110.755,110.76,110.745,110.76,727830,0
LQD.US,5,20251205,191500,110.755,110.785,110.75,110.765,406032,0
LQD.US,5,20251205,192000,110.77,110.79,110.75,110.785,204611,0
LQD.US,5,20251205,192500,110.78,110.8,110.78,110.795,52902,0
LQD.US,5,20251205,193000,110.8,110.81,110.78,110.8001,210275,0
LQD.US,5,20251205,193500,110.805,110.82,110.79,110.815,342154,0
LQD.US,5,20251205,194000,110.81,110.82,110.78,110.785,401603,0
LQD.US,5,20251205,194500,110.78,110.81,110.78,110.795,242817,0
LQD.US,5,20251205,195000,110.795,110.8,110.77,110.785,266083,0
LQD.US,5,20251205,195500,110.79,110.79,110.77,110.78,237636,0
LQD.US,5,20251205,200000,110.78,110.79,110.775,110.79,147550,0
LQD.US,5,20251205,200500,110.785,110.8,110.785,110.795,164312,0
LQD.US,5,20251205,201000,110.795,110.81,110.79,110.795,194041,0
LQD.US,5,20251205,201500,110.8,110.8,110.78,110.785,116301,0
LQD.US,5,20251205,202000,110.785,110.79,110.775,110.785,109529,0
LQD.US,5,20251205,202500,110.785,110.79,110.78,110.785,85251,0
LQD.US,5,20251205,203000,110.785,110.79,110.775,110.785,208494,0
LQD.US,5,20251205,203500,110.785,110.8,110.78,110.7928,130070,0
LQD.US,5,20251205,204000,110.795,110.82,110.795,110.8124,114789,0
LQD.US,5,20251205,204500,110.815,110.82,110.8,110.8058,192770,0
LQD.US,5,20251205,205000,110.8099,110.82,110.78,110.8,231879,0
LQD.US,5,20251205,205500,110.8,110.81,110.785,110.795,375755,0
LQD.US,5,20251205,210000,110.795,110.8,110.78,110.79,243967,0
LQD.US,5,20251205,210500,110.795,110.8,110.79,110.79,210634,0
LQD.US,5,20251205,211000,110.79,110.81,110.79,110.805,366366,0
LQD.US,5,20251205,211500,110.8,110.81,110.795,110.81,149618,0
LQD.US,5,20251205,212000,110.81,110.81,110.8,110.805,147994,0
LQD.US,5,20251205,212500,110.805,110.82,110.804,110.815,154554,0
LQD.US,5,20251205,213000,110.815,110.82,110.81,110.82,57659,0
LQD.US,5,20251205,213500,110.82,110.82,110.805,110.81,196575,0
LQD.US,5,20251205,214000,110.805,110.84,110.8,110.835,377209,0
LQD.US,5,20251205,214500,110.835,110.8399,110.82,110.825,166832,0
LQD.US,5,20251205,215000,110.825,110.8499,110.82,110.8299,463109,0
LQD.US,5,20251205,215500,110.825,110.87,110.82,110.86,2821597,0
LQD.US,5,20251208,153000,110.87,110.885,110.81,110.81,472179,0
LQD.US,5,20251208,153500,110.81,110.81,110.77,110.775,1524762,0
LQD.US,5,20251208,154000,110.775,110.78,110.73,110.75,280352,0
LQD.US,5,20251208,154500,110.755,110.77,110.65,110.6506,995263,0
LQD.US,5,20251208,155000,110.65,110.66,110.56,110.59,787521,0
LQD.US,5,20251208,155500,110.59,110.61,110.57,110.595,536947,0
LQD.US,5,20251208,160000,110.6,110.6,110.545,110.555,371591,0
LQD.US,5,20251208,160500,110.55,110.55,110.5,110.5,494545,0
LQD.US,5,20251208,161000,110.5,110.53,110.495,110.51,280372,0
LQD.US,5,20251208,161500,110.51,110.51,110.44,110.455,620959,0
LQD.US,5,20251208,162000,110.45,110.485,110.435,110.4651,138082,0
LQD.US,5,20251208,162500,110.4645,110.5,110.46,110.47,171476,0
LQD.US,5,20251208,163000,110.47,110.475,110.43,110.45,240222,0
LQD.US,5,20251208,163500,110.45,110.4754,110.44,110.44,261478,0
LQD.US,5,20251208,164000,110.44,110.445,110.41,110.4277,259605,0
LQD.US,5,20251208,164500,110.4266,110.46,110.425,110.45,283610,0
LQD.US,5,20251208,165000,110.45,110.46,110.43,110.455,218899,0
LQD.US,5,20251208,165500,110.455,110.475,110.435,110.435,333732,0
LQD.US,5,20251208,170000,110.43,110.48,110.42,110.4699,241522,0
LQD.US,5,20251208,170500,110.47,110.49,110.47,110.485,75014,0
LQD.US,5,20251208,171000,110.485,110.5,110.48,110.4853,59168,0
LQD.US,5,20251208,171500,110.48,110.53,110.48,110.525,289225,0
LQD.US,5,20251208,172000,110.52,110.53,110.4835,110.4846,574625,0
LQD.US,5,20251208,172500,110.485,110.4999,110.47,110.49,335272,0
LQD.US,5,20251208,173000,110.4899,110.51,110.46,110.505,297546,0
LQD.US,5,20251208,173500,110.505,110.51,110.48,110.485,273036,0
LQD.US,5,20251208,174000,110.485,110.5194,110.4845,110.505,159884,0
LQD.US,5,20251208,174500,110.5001,110.51,110.5,110.505,31329,0
LQD.US,5,20251208,175000,110.505,110.5191,110.49,110.49,136910,0
LQD.US,5,20251208,175500,110.49,110.5,110.48,110.495,311774,0
LQD.US,5,20251208,180000,110.495,110.5074,110.4917,110.4925,111561,0
LQD.US,5,20251208,180500,110.4986,110.5,110.4701,110.475,1481357,0
LQD.US,5,20251208,181000,110.475,110.48,110.46,110.465,421034,0
LQD.US,5,20251208,181500,110.465,110.47,110.455,110.46,288088,0
LQD.US,5,20251208,182000,110.465,110.48,110.46,110.4653,162705,0
LQD.US,5,20251208,182500,110.46,110.48,110.46,110.465,175685,0
LQD.US,5,20251208,183000,110.46,110.47,110.46,110.465,426633,0
LQD.US,5,20251208,183500,110.465,110.47,110.42,110.4378,542831,0
LQD.US,5,20251208,184000,110.43,110.46,110.42,110.45,195129,0
LQD.US,5,20251208,184500,110.455,110.46,110.45,110.45,86450,0
LQD.US,5,20251208,185000,110.45,110.46,110.45,110.455,178387,0
LQD.US,5,20251208,185500,110.455,110.47,110.45,110.4601,176912,0
LQD.US,5,20251208,190000,110.46,110.49,110.445,110.4839,206770,0
LQD.US,5,20251208,190500,110.48,110.5,110.48,110.5,119325,0
LQD.US,5,20251208,191000,110.5,110.52,110.495,110.52,289586,0
LQD.US,5,20251208,191500,110.51,110.54,110.51,110.535,158694,0
LQD.US,5,20251208,192000,110.535,110.54,110.53,110.535,75941,0
LQD.US,5,20251208,192500,110.535,110.535,110.52,110.525,170818,0
LQD.US,5,20251208,193000,110.525,110.56,110.5204,110.56,132301,0
LQD.US,5,20251208,193500,110.56,110.575,110.555,110.57,63494,0
LQD.US,5,20251208,194000,110.565,110.58,110.56,110.58,60135,0
LQD.US,5,20251208,194500,110.58,110.6,110.5701,110.5701,137178,0
LQD.US,5,20251208,195000,110.58,110.58,110.55,110.555,72499,0
LQD.US,5,20251208,195500,110.555,110.575,110.55,110.5714,142337,0
LQD.US,5,20251208,200000,110.575,110.5757,110.5501,110.565,119529,0
LQD.US,5,20251208,200500,110.57,110.585,110.565,110.585,132327,0
LQD.US,5,20251208,201000,110.585,110.59,110.57,110.5799,96846,0
LQD.US,5,20251208,201500,110.575,110.59,110.5713,110.59,60422,0
LQD.US,5,20251208,202000,110.59,110.61,110.59,110.6,608001,0
LQD.US,5,20251208,202500,110.6,110.6255,110.6,110.625,316871,0
LQD.US,5,20251208,203000,110.63,110.63,110.61,110.615,191577,0
LQD.US,5,20251208,203500,110.62,110.62,110.6,110.605,140408,0
LQD.US,5,20251208,204000,110.605,110.62,110.605,110.615,100702,0
LQD.US,5,20251208,204500,110.61,110.61,110.6,110.605,51315,0
LQD.US,5,20251208,205000,110.605,110.62,110.605,110.615,62335,0
LQD.US,5,20251208,205500,110.615,110.615,110.57,110.57,240457,0
LQD.US,5,20251208,210000,110.575,110.61,110.57,110.5802,436346,0
LQD.US,5,20251208,210500,110.58,110.59,110.57,110.58,261180,0
LQD.US,5,20251208,211000,110.58,110.5859,110.57,110.57,57917,0
LQD.US,5,20251208,211500,110.58,110.59,110.57,110.59,115140,0
LQD.US,5,20251208,212000,110.585,110.59,110.57,110.575,281382,0
LQD.US,5,20251208,212500,110.575,110.6,110.575,110.5955,179136,0
LQD.US,5,20251208,213000,110.6,110.61,110.59,110.595,82441,0
LQD.US,5,20251208,213500,110.595,110.6,110.57,110.5801,786938,0
LQD.US,5,20251208,214000,110.585,110.59,110.58,110.585,98910,0
LQD.US,5,20251208,214500,110.585,110.6,110.58,110.595,152955,0
LQD.US,5,20251208,215000,110.6,110.66,110.595,110.645,771297,0
LQD.US,5,20251208,215500,110.645,110.65,110.625,110.63,3415699,0
LQD.US,5,20251209,153000,110.85,110.88,110.78,110.795,659703,0
LQD.US,5,20251209,153500,110.795,110.8,110.72,110.72,546061,0
LQD.US,5,20251209,154000,110.72,110.785,110.705,110.785,550657,0
LQD.US,5,20251209,154500,110.785,110.79,110.735,110.77,512757,0
LQD.US,5,20251209,155000,110.77,110.79,110.74,110.75,543770,0
LQD.US,5,20251209,155500,110.75,110.7599,110.7,110.71,1200064,0
LQD.US,5,20251209,160000,110.71,110.73,110.48,110.48,919287,0
LQD.US,5,20251209,160500,110.475,110.5,110.415,110.47,798621,0
LQD.US,5,20251209,161000,110.465,110.51,110.4401,110.465,1138407,0
LQD.US,5,20251209,161500,110.465,110.5599,110.46,110.5201,954217,0
LQD.US,5,20251209,162000,110.52,110.56,110.5,110.5515,275871,0
LQD.US,5,20251209,162500,110.56,110.57,110.545,110.5501,350138,0
LQD.US,5,20251209,163000,110.555,110.59,110.5501,110.5701,630483,0
LQD.US,5,20251209,163500,110.575,110.58,110.5,110.5,505527,0
LQD.US,5,20251209,164000,110.5,110.52,110.49,110.515,245614,0
LQD.US,5,20251209,164500,110.5123,110.53,110.48,110.485,303471,0
LQD.US,5,20251209,165000,110.485,110.495,110.46,110.47,182966,0
LQD.US,5,20251209,165500,110.475,110.475,110.4401,110.46,158517,0
LQD.US,5,20251209,170000,110.47,110.48,110.45,110.47,132467,0
LQD.US,5,20251209,170500,110.475,110.52,110.475,110.52,242693,0
LQD.US,5,20251209,171000,110.515,110.52,110.5,110.505,177504,0
LQD.US,5,20251209,171500,110.505,110.51,110.49,110.51,194259,0
LQD.US,5,20251209,172000,110.5097,110.53,110.505,110.515,258078,0
LQD.US,5,20251209,172500,110.515,110.535,110.51,110.515,85999,0
LQD.US,5,20251209,173000,110.515,110.5175,110.49,110.51,183718,0
LQD.US,5,20251209,173500,110.51,110.52,110.4801,110.4801,158487,0
LQD.US,5,20251209,174000,110.48,110.51,110.475,110.505,183761,0
LQD.US,5,20251209,174500,110.505,110.535,110.5,110.535,243540,0
LQD.US,5,20251209,175000,110.535,110.59,110.535,110.565,164446,0
LQD.US,5,20251209,175500,110.565,110.565,110.535,110.56,77591,0
LQD.US,5,20251209,180000,110.56,110.59,110.56,110.585,58524,0
LQD.US,5,20251209,180500,110.585,110.59,110.58,110.585,81580,0
LQD.US,5,20251209,181000,110.5877,110.59,110.5701,110.59,146777,0
LQD.US,5,20251209,181500,110.59,110.6,110.57,110.575,176773,0
LQD.US,5,20251209,182000,110.575,110.58,110.57,110.575,189325,0
LQD.US,5,20251209,182500,110.575,110.58,110.56,110.575,336911,0
LQD.US,5,20251209,183000,110.58,110.58,110.555,110.555,199231,0
LQD.US,5,20251209,183500,110.555,110.58,110.555,110.57,406657,0
LQD.US,5,20251209,184000,110.57,110.58,110.56,110.565,113427,0
LQD.US,5,20251209,184500,110.5699,110.5699,110.54,110.5497,317607,0
LQD.US,5,20251209,185000,110.545,110.56,110.545,110.555,160056,0
LQD.US,5,20251209,185500,110.5506,110.56,110.54,110.545,103200,0
LQD.US,5,20251209,190000,110.54,110.55,110.5003,110.5301,283743,0
LQD.US,5,20251209,190500,110.535,110.5615,110.52,110.56,115112,0
LQD.US,5,20251209,191000,110.565,110.565,110.535,110.545,89265,0
LQD.US,5,20251209,191500,110.545,110.5499,110.5201,110.5201,125063,0
LQD.US,5,20251209,192000,110.525,110.54,110.52,110.5301,57903,0
LQD.US,5,20251209,192500,110.535,110.54,110.52,110.525,75451,0
LQD.US,5,20251209,193000,110.5232,110.53,110.48,110.485,113123,0
LQD.US,5,20251209,193500,110.48,110.5,110.45,110.4598,278184,0
LQD.US,5,20251209,194000,110.4525,110.4798,110.45,110.465,103927,0
LQD.US,5,20251209,194500,110.4675,110.48,110.44,110.47,62634,0
LQD.US,5,20251209,195000,110.475,110.475,110.44,110.44,61837,0
LQD.US,5,20251209,195500,110.435,110.45,110.4,110.445,346842,0
LQD.US,5,20251209,200000,110.445,110.45,110.44,110.445,24306,0
LQD.US,5,20251209,200500,110.445,110.455,110.43,110.435,85746,0
LQD.US,5,20251209,201000,110.435,110.4499,110.425,110.435,251299,0
LQD.US,5,20251209,201500,110.435,110.45,110.43,110.44,61088,0
LQD.US,5,20251209,202000,110.44,110.45,110.435,110.445,65902,0
LQD.US,5,20251209,202500,110.4435,110.47,110.44,110.465,47433,0
LQD.US,5,20251209,203000,110.47,110.485,110.46,110.465,116638,0
LQD.US,5,20251209,203500,110.465,110.49,110.46,110.4799,69269,0
LQD.US,5,20251209,204000,110.48,110.49,110.475,110.48,123027,0
LQD.US,5,20251209,204500,110.475,110.48,110.46,110.48,160717,0
LQD.US,5,20251209,205000,110.48,110.4886,110.475,110.475,301505,0
LQD.US,5,20251209,205500,110.48,110.5,110.47,110.475,111918,0
LQD.US,5,20251209,210000,110.47,110.4858,110.465,110.475,320508,0
LQD.US,5,20251209,210500,110.475,110.49,110.4727,110.485,111232,0
LQD.US,5,20251209,211000,110.49,110.51,110.485,110.51,323057,0
LQD.US,5,20251209,211500,110.51,110.53,110.5,110.52,240626,0
LQD.US,5,20251209,212000,110.52,110.53,110.51,110.525,68698,0
LQD.US,5,20251209,212500,110.525,110.53,110.52,110.525,231136,0
LQD.US,5,20251209,213000,110.525,110.53,110.52,110.525,85688,0
LQD.US,5,20251209,213500,110.5292,110.53,110.51,110.515,251930,0
LQD.US,5,20251209,214000,110.515,110.53,110.5,110.5,325152,0
LQD.US,5,20251209,214500,110.5,110.53,110.5,110.505,452202,0
LQD.US,5,20251209,215000,110.505,110.51,110.49,110.4929,662101,0
LQD.US,5,20251209,215500,110.495,110.51,110.48,110.49,1273815,0
LQD.US,5,20251210,153000,110.47,110.54,110.425,110.505,1302854,0
LQD.US,5,20251210,153500,110.505,110.52,110.5,110.515,180136,0
LQD.US,5,20251210,154000,110.515,110.55,110.51,110.525,424148,0
LQD.US,5,20251210,154500,110.53,110.66,110.53,110.6,1849700,0
LQD.US,5,20251210,155000,110.595,110.62,110.58,110.58,860080,0
LQD.US,5,20251210,155500,110.585,110.595,110.58,110.585,168860,0
LQD.US,5,20251210,160000,110.585,110.65,110.585,110.645,246826,0
LQD.US,5,20251210,160500,110.645,110.69,110.645,110.675,511142,0
LQD.US,5,20251210,161000,110.68,110.71,110.675,110.695,585875,0
LQD.US,5,20251210,161500,110.69,110.69,110.66,110.675,158274,0
LQD.US,5,20251210,162000,110.675,110.695,110.67,110.69,740697,0
LQD.US,5,20251210,162500,110.685,110.71,110.675,110.675,734961,0
LQD.US,5,20251210,163000,110.675,110.7,110.66,110.675,507476,0
LQD.US,5,20251210,163500,110.675,110.68,110.66,110.665,382539,0
LQD.US,5,20251210,164000,110.665,110.675,110.66,110.67,234464,0
LQD.US,5,20251210,164500,110.675,110.685,110.66,110.67,236728,0
LQD.US,5,20251210,165000,110.67,110.6799,110.655,110.655,81343,0
LQD.US,5,20251210,165500,110.655,110.675,110.64,110.6699,297981,0
LQD.US,5,20251210,170000,110.665,110.69,110.66,110.675,422553,0
LQD.US,5,20251210,170500,110.675,110.68,110.67,110.675,139894,0
LQD.US,5,20251210,171000,110.675,110.695,110.675,110.695,126220,0
LQD.US,5,20251210,171500,110.69,110.705,110.68,110.705,268019,0
LQD.US,5,20251210,172000,110.705,110.74,110.7009,110.735,47643,0
LQD.US,5,20251210,172500,110.735,110.7766,110.735,110.765,715705,0
LQD.US,5,20251210,173000,110.7696,110.78,110.76,110.78,46633,0
LQD.US,5,20251210,173500,110.78,110.785,110.77,110.77578,588021,0
LQD.US,5,20251210,174000,110.775,110.775,110.755,110.7585,354831,0
LQD.US,5,20251210,174500,110.755,110.76,110.73,110.755,349722,0
LQD.US,5,20251210,175000,110.76,110.765,110.74,110.7548,312930,0
LQD.US,5,20251210,175500,110.755,110.79,110.75,110.79,283426,0
LQD.US,5,20251210,180000,110.79,110.795,110.765,110.785,338487,0
LQD.US,5,20251210,180500,110.7899,110.79,110.77,110.7899,328995,0
LQD.US,5,20251210,181000,110.7899,110.8,110.7801,110.8,78076,0
LQD.US,5,20251210,181500,110.7955,110.82,110.795,110.805,275758,0
LQD.US,5,20251210,182000,110.805,110.83,110.8021,110.82,124140,0
LQD.US,5,20251210,182500,110.81,110.81,110.79,110.79383,328435,0
LQD.US,5,20251210,183000,110.795,110.8,110.77,110.785,327433,0
LQD.US,5,20251210,183500,110.79,110.795,110.7625,110.765,85457,0
LQD.US,5,20251210,184000,110.76,110.78,110.76,110.765,165130,0
LQD.US,5,20251210,184500,110.77,110.78,110.765,110.765,27884,0
LQD.US,5,20251210,185000,110.765,110.8,110.765,110.79,171158,0
LQD.US,5,20251210,185500,110.785,110.795,110.78,110.785,33357,0
LQD.US,5,20251210,190000,110.78,110.79,110.765,110.765,72500,0
LQD.US,5,20251210,190500,110.765,110.79,110.7638,110.785,133970,0
LQD.US,5,20251210,191000,110.785,110.8,110.785,110.795,190499,0
LQD.US,5,20251210,191500,110.8,110.8,110.785,110.79,633903,0
LQD.US,5,20251210,192000,110.785,110.79,110.775,110.78,49050,0
LQD.US,5,20251210,192500,110.78,110.8,110.78,110.795,111401,0
LQD.US,5,20251210,193000,110.795,110.81,110.7622,110.765,161517,0
LQD.US,5,20251210,193500,110.765,110.7678,110.705,110.725,207411,0
LQD.US,5,20251210,194000,110.7201,110.735,110.71,110.725,91429,0
LQD.US,5,20251210,194500,110.725,110.75,110.72,110.7403,327472,0
LQD.US,5,20251210,195000,110.745,110.77,110.74,110.745,423964,0
LQD.US,5,20251210,195500,110.745,110.78,110.735,110.77,376881,0
LQD.US,5,20251210,200000,110.76,110.985,110.74,110.86,600173,0
LQD.US,5,20251210,200500,110.865,110.915,110.81,110.83,442073,0
LQD.US,5,20251210,201000,110.83,110.865,110.745,110.76,394064,0
LQD.US,5,20251210,201500,110.77,110.84,110.77,110.825,239062,0
LQD.US,5,20251210,202000,110.825,110.825,110.72,110.735,186910,0
LQD.US,5,20251210,202500,110.74,110.76,110.65,110.685,611254,0
LQD.US,5,20251210,203000,110.69,110.87,110.67,110.835,439164,0
LQD.US,5,20251210,203500,110.83,110.95,110.71,110.825,853456,0
LQD.US,5,20251210,204000,110.83,110.85,110.575,110.605,722384,0
LQD.US,5,20251210,204500,110.605,110.715,110.6,110.67,553281,0
LQD.US,5,20251210,205000,110.665,110.83,110.62,110.81,383999,0
LQD.US,5,20251210,205500,110.805,110.9,110.8,110.87,514385,0
LQD.US,5,20251210,210000,110.87,110.92,110.79,110.905,360810,0
LQD.US,5,20251210,210500,110.905,111.005,110.9,110.985,597265,0
LQD.US,5,20251210,211000,110.99,111.045,110.95,111.03,237134,0
LQD.US,5,20251210,211500,111.03,111.06,111.0045,111.01,285455,0
LQD.US,5,20251210,212000,111.01,111.04,110.96,110.98,603263,0
LQD.US,5,20251210,212500,110.975,111.025,110.965,111.02,431618,0
LQD.US,5,20251210,213000,111.025,111.035,111,111.025,298628,0
LQD.US,5,20251210,213500,111.025,111.03,110.98,110.98,646692,0
LQD.US,5,20251210,214000,110.98,111,110.955,110.99,325608,0
LQD.US,5,20251210,214500,110.985,110.9999,110.97,110.975,202898,0
LQD.US,5,20251210,215000,110.98,110.99,110.95,110.96,263441,0
LQD.US,5,20251210,215500,110.97,111.025,110.96,111,1233307,0
LQD.US,5,20251211,153000,111.235,111.305,111.175,111.275,400649,0
LQD.US,5,20251211,153500,111.275,111.3,111.23,111.235,2042007,0
LQD.US,5,20251211,154000,111.235,111.25,111.21,111.225,662752,0
LQD.US,5,20251211,154500,111.225,111.23,111.175,111.18,394952,0
LQD.US,5,20251211,155000,111.175,111.2,111.17,111.18,690756,0
LQD.US,5,20251211,155500,111.17,111.22,111.17,111.2145,784907,0
LQD.US,5,20251211,160000,111.215,111.22,111.145,111.155,717594,0
LQD.US,5,20251211,160500,111.155,111.18,111.12,111.15,656677,0
LQD.US,5,20251211,161000,111.15,111.17,111.125,111.125,313792,0
LQD.US,5,20251211,161500,111.125,111.13,111.095,111.115,414976,0
LQD.US,5,20251211,162000,111.11,111.16,111.0867,111.1499,2521059,0
LQD.US,5,20251211,162500,111.145,111.16,111.13,111.13,246869,0
LQD.US,5,20251211,163000,111.13,111.17,111.12,111.145,331041,0
LQD.US,5,20251211,163500,111.145,111.15,111.08,111.09,716922,0
LQD.US,5,20251211,164000,111.09,111.105,111.08,111.105,441249,0
LQD.US,5,20251211,164500,111.105,111.13,111.1046,111.115,98985,0
LQD.US,5,20251211,165000,111.115,111.13,111.075,111.075,129246,0
LQD.US,5,20251211,165500,111.075,111.085,111.065,111.0707,268431,0
LQD.US,5,20251211,170000,111.07,111.08,111.05,111.0713,652989,0
LQD.US,5,20251211,170500,111.07,111.08,111.05,111.05,273020,0
LQD.US,5,20251211,171000,111.05,111.07,111.05,111.05,185380,0
LQD.US,5,20251211,171500,111.05,111.0599,111.02,111.035,174814,0
LQD.US,5,20251211,172000,111.03,111.06,111.03,111.0455,705295,0
LQD.US,5,20251211,172500,111.045,111.045,111.0001,111.015,330676,0
LQD.US,5,20251211,173000,111.015,111.04,111.01,111.03,533574,0
LQD.US,5,20251211,173500,111.025,111.025,111.0001,111.005,310491,0
LQD.US,5,20251211,174000,111.005,111.045,110.9901,111.035,197820,0
LQD.US,5,20251211,174500,111.03,111.06,111.03,111.055,207760,0
LQD.US,5,20251211,175000,111.06,111.07,111.05,111.0642,71557,0
LQD.US,5,20251211,175500,111.06,111.06,111.05,111.055,102162,0
LQD.US,5,20251211,180000,111.055,111.095,111.04,111.095,201465,0
LQD.US,5,20251211,180500,111.0956,111.11,111.08,111.08,715415,0
LQD.US,5,20251211,181000,111.07,111.08,111.05,111.075,2711615,0
LQD.US,5,20251211,181500,111.075,111.1,111.07,111.085,575712,0
LQD.US,5,20251211,182000,111.085,111.09,111.075,111.075,463452,0
LQD.US,5,20251211,182500,111.08,111.09,111.0575,111.065,514179,0
LQD.US,5,20251211,183000,111.065,111.065,111.05,111.055,100843,0
LQD.US,5,20251211,183500,111.055,111.055,111.03,111.03,404171,0
LQD.US,5,20251211,184000,111.025,111.03,110.985,110.985,121657,0
LQD.US,5,20251211,184500,110.98,111.01,110.98,111,286646,0
LQD.US,5,20251211,185000,111.01,111.035,111.01,111.035,209839,0
LQD.US,5,20251211,185500,111.035,111.04,111.02,111.025,243251,0
LQD.US,5,20251211,190000,111.03,111.035,111,111.01,324080,0
LQD.US,5,20251211,190500,111.0101,111.0499,111.01,111.045,240718,0
LQD.US,5,20251211,191000,111.045,111.055,111.035,111.045,165179,0
LQD.US,5,20251211,191500,111.0494,111.06,111.04,111.055,481253,0
LQD.US,5,20251211,192000,111.05,111.07,111.02,111.025,315552,0
LQD.US,5,20251211,192500,111.02,111.03,111,111.026,53930,0
LQD.US,5,20251211,193000,111.025,111.05,111.0101,111.04,198631,0
LQD.US,5,20251211,193500,111.0401,111.0458,111.02,111.025,44992,0
LQD.US,5,20251211,194000,111.02,111.04,111.02,111.0241,208184,0
LQD.US,5,20251211,194500,111.025,111.03,111.01,111.015,259126,0
LQD.US,5,20251211,195000,111.015,111.0299,111.015,111.02,206722,0
LQD.US,5,20251211,195500,111.02,111.025,110.99,110.995,97884,0
LQD.US,5,20251211,200000,110.995,110.995,110.885,110.895,596710,0
LQD.US,5,20251211,200500,110.895,110.91,110.8645,110.875,159890,0
LQD.US,5,20251211,201000,110.87,110.87,110.82,110.84,295919,0
LQD.US,5,20251211,201500,110.84,110.86,110.83,110.83,330542,0
LQD.US,5,20251211,202000,110.84,110.86,110.83,110.855,236859,0
LQD.US,5,20251211,202500,110.855,110.88,110.85,110.87,255462,0
LQD.US,5,20251211,203000,110.8701,110.8783,110.86,110.875,137361,0
LQD.US,5,20251211,203500,110.875,110.885,110.8635,110.875,167497,0
LQD.US,5,20251211,204000,110.88,110.88,110.86,110.865,67390,0
LQD.US,5,20251211,204500,110.87,110.9,110.86,110.9,128035,0
LQD.US,5,20251211,205000,110.9,110.94,110.895,110.915,546148,0
LQD.US,5,20251211,205500,110.915,110.925,110.8801,110.8831,1382661,0
LQD.US,5,20251211,210000,110.88,110.885,110.86,110.865,193732,0
LQD.US,5,20251211,210500,110.86,110.865,110.84,110.855,165361,0
LQD.US,5,20251211,211000,110.85,110.8501,110.83,110.83,222233,0
LQD.US,5,20251211,211500,110.83,110.83,110.8,110.805,975917,0
LQD.US,5,20251211,212000,110.805,110.8178,110.79,110.79,301144,0
LQD.US,5,20251211,212500,110.795,110.815,110.79,110.8,274019,0
LQD.US,5,20251211,213000,110.805,110.825,110.79,110.825,337277,0
LQD.US,5,20251211,213500,110.825,110.825,110.81,110.82,223747,0
LQD.US,5,20251211,214000,110.82,110.84,110.82,110.83,144885,0
LQD.US,5,20251211,214500,110.835,110.85,110.82,110.835,416145,0
LQD.US,5,20251211,215000,110.83,110.85,110.83,110.835,1168056,0
LQD.US,5,20251211,215500,110.835,110.87,110.825,110.84,3498704,0
LQD.US,5,20251212,153000,110.3,110.3898,110.3,110.385,182734,0
LQD.US,5,20251212,153500,110.39,110.41,110.375,110.375,196221,0
LQD.US,5,20251212,154000,110.375,110.4095,110.35,110.375,186281,0
LQD.US,5,20251212,154500,110.375,110.39,110.35,110.375,430547,0
LQD.US,5,20251212,155000,110.375,110.39,110.35,110.36,1267240,0
LQD.US,5,20251212,155500,110.36,110.36,110.34,110.35,152768,0
LQD.US,5,20251212,160000,110.35,110.37,110.34,110.37,297546,0
LQD.US,5,20251212,160500,110.37,110.37,110.325,110.33,251590,0
LQD.US,5,20251212,161000,110.335,110.335,110.25,110.275,351124,0
LQD.US,5,20251212,161500,110.275,110.3,110.255,110.29,317550,0
LQD.US,5,20251212,162000,110.285,110.305,110.27,110.285,206651,0
LQD.US,5,20251212,162500,110.285,110.305,110.275,110.305,570003,0
LQD.US,5,20251212,163000,110.305,110.345,110.3,110.33,686832,0
LQD.US,5,20251212,163500,110.33,110.35,110.32,110.335,345668,0
LQD.US,5,20251212,164000,110.335,110.35,110.2622,110.265,264082,0
LQD.US,5,20251212,164500,110.265,110.27,110.23,110.245,467539,0
LQD.US,5,20251212,165000,110.24,110.25,110.22,110.22,377517,0
LQD.US,5,20251212,165500,110.22,110.25,110.21,110.225,199776,0
LQD.US,5,20251212,170000,110.23,110.24,110.21,110.235,243401,0
LQD.US,5,20251212,170500,110.23,110.2351,110.18,110.19,478300,0
LQD.US,5,20251212,171000,110.19,110.245,110.19,110.22,143754,0
LQD.US,5,20251212,171500,110.23,110.24,110.21,110.225,431926,0
LQD.US,5,20251212,172000,110.22,110.22,110.195,110.2,488770,0
LQD.US,5,20251212,172500,110.19,110.22,110.17,110.185,248431,0
LQD.US,5,20251212,173000,110.18,110.19,110.1,110.115,383965,0
LQD.US,5,20251212,173500,110.115,110.12,110.1,110.12,647364,0
LQD.US,5,20251212,174000,110.115,110.16,110.11,110.15,529143,0
LQD.US,5,20251212,174500,110.15,110.19,110.15,110.1629,327964,0
LQD.US,5,20251212,175000,110.16,110.1799,110.15,110.155,390101,0
LQD.US,5,20251212,175500,110.155,110.155,110.13,110.145,95420,0
LQD.US,5,20251212,180000,110.145,110.17,110.14,110.155,572656,0
LQD.US,5,20251212,180500,110.155,110.17,110.135,110.135,703733,0
LQD.US,5,20251212,181000,110.1399,110.18,110.1399,110.175,168172,0
LQD.US,5,20251212,181500,110.175,110.185,110.16,110.165,571389,0
LQD.US,5,20251212,182000,110.165,110.18,110.155,110.165,596197,0
LQD.US,5,20251212,182500,110.165,110.17,110.14,110.165,355404,0
LQD.US,5,20251212,183000,110.165,110.175,110.15,110.165,348238,0
LQD.US,5,20251212,183500,110.16,110.17,110.13,110.1602,299566,0
LQD.US,5,20251212,184000,110.165,110.185,110.15,110.155,228667,0
LQD.US,5,20251212,184500,110.155,110.16,110.14,110.155,196480,0
LQD.US,5,20251212,185000,110.15,110.156,110.145,110.15,123653,0
LQD.US,5,20251212,185500,110.145,110.16,110.14,110.14,113255,0
LQD.US,5,20251212,190000,110.145,110.15,110.115,110.115,196088,0
LQD.US,5,20251212,190500,110.12,110.15,110.115,110.125,365989,0
LQD.US,5,20251212,191000,110.125,110.16,110.12,110.14,378647,0
LQD.US,5,20251212,191500,110.14,110.14,110.13,110.135,292591,0
LQD.US,5,20251212,192000,110.135,110.14,110.12,110.135,543512,0
LQD.US,5,20251212,192500,110.135,110.165,110.13,110.155,526581,0
LQD.US,5,20251212,193000,110.155,110.16,110.13,110.155,232476,0
LQD.US,5,20251212,193500,110.155,110.17,110.14,110.16,515746,0
LQD.US,5,20251212,194000,110.16,110.18,110.15,110.165,443270,0
LQD.US,5,20251212,194500,110.165,110.18,110.15,110.175,174835,0
LQD.US,5,20251212,195000,110.175,110.18,110.165,110.175,376737,0
LQD.US,5,20251212,195500,110.175,110.19,110.16,110.19,800255,0
LQD.US,5,20251212,200000,110.185,110.185,110.165,110.175,155004,0
LQD.US,5,20251212,200500,110.18,110.18,110.15,110.155,492327,0
LQD.US,5,20251212,201000,110.15,110.16,110.125,110.13,193202,0
LQD.US,5,20251212,201500,110.13,110.16,110.13,110.15,134228,0
LQD.US,5,20251212,202000,110.159,110.159,110.15,110.155,19940,0
LQD.US,5,20251212,202500,110.155,110.16,110.14,110.155,194837,0
LQD.US,5,20251212,203000,110.155,110.185,110.155,110.1801,174064,0
LQD.US,5,20251212,203500,110.18,110.19,110.18,110.185,364724,0
LQD.US,5,20251212,204000,110.185,110.195,110.173,110.195,456977,0
LQD.US,5,20251212,204500,110.195,110.2,110.18,110.195,101385,0
LQD.US,5,20251212,205000,110.195,110.21,110.19,110.195,172355,0
LQD.US,5,20251212,205500,110.195,110.2,110.18,110.195,172723,0
LQD.US,5,20251212,210000,110.195,110.22,110.19,110.215,490310,0
LQD.US,5,20251212,210500,110.2186,110.23,110.21,110.225,322617,0
LQD.US,5,20251212,211000,110.23,110.23,110.195,110.205,147360,0
LQD.US,5,20251212,211500,110.205,110.22,110.2,110.205,911880,0
LQD.US,5,20251212,212000,110.205,110.21,110.19,110.195,646097,0
LQD.US,5,20251212,212500,110.195,110.2,110.175,110.185,196828,0
LQD.US,5,20251212,213000,110.1815,110.19,110.152,110.19,1392262,0
LQD.US,5,20251212,213500,110.1882,110.2,110.18,110.19,256479,0
LQD.US,5,20251212,214000,110.195,110.21,110.185,110.195,1510748,0
LQD.US,5,20251212,214500,110.195,110.2199,110.18,110.195,544634,0
LQD.US,5,20251212,215000,110.2,110.225,110.19,110.225,929138,0
LQD.US,5,20251212,215500,110.225,110.235,110.16,110.17,3250242,0
LQD.US,5,20251215,153000,110.51,110.57,110.5,110.55,197019,0
LQD.US,5,20251215,153500,110.555,110.56,110.515,110.555,826271,0
LQD.US,5,20251215,154000,110.56,110.585,110.545,110.58,552060,0
LQD.US,5,20251215,154500,110.58,110.59,110.555,110.585,372260,0
LQD.US,5,20251215,155000,110.59,110.605,110.57,110.585,635917,0
LQD.US,5,20251215,155500,110.585,110.595,110.56,110.565,222814,0
LQD.US,5,20251215,160000,110.56,110.585,110.55,110.575,373058,0
LQD.US,5,20251215,160500,110.58,110.58,110.535,110.54,120811,0
LQD.US,5,20251215,161000,110.54,110.54,110.5,110.515,185873,0
LQD.US,5,20251215,161500,110.515,110.53,110.5,110.5,138113,0
LQD.US,5,20251215,162000,110.49,110.51,110.46,110.495,241807,0
LQD.US,5,20251215,162500,110.495,110.51,110.485,110.4912,161898,0
LQD.US,5,20251215,163000,110.495,110.52,110.48,110.5099,228102,0
LQD.US,5,20251215,163500,110.51,110.51,110.49,110.49,303300,0
LQD.US,5,20251215,164000,110.495,110.52,110.495,110.505,433734,0
LQD.US,5,20251215,164500,110.505,110.51,110.48,110.5,273548,0
LQD.US,5,20251215,165000,110.5,110.505,110.49,110.495,60700,0
LQD.US,5,20251215,165500,110.495,110.5161,110.48,110.485,647076,0
LQD.US,5,20251215,170000,110.485,110.49,110.47,110.485,165665,0
LQD.US,5,20251215,170500,110.48,110.5,110.4629,110.47,86198,0
LQD.US,5,20251215,171000,110.47,110.475,110.45,110.475,73822,0
LQD.US,5,20251215,171500,110.475,110.48,110.47,110.475,394154,0
LQD.US,5,20251215,172000,110.475,110.48,110.45,110.455,439247,0
LQD.US,5,20251215,172500,110.455,110.46,110.41,110.41,261942,0
LQD.US,5,20251215,173000,110.41,110.415,110.35,110.355,240824,0
LQD.US,5,20251215,173500,110.355,110.355,110.3,110.335,439845,0
LQD.US,5,20251215,174000,110.335,110.335,110.295,110.305,146231,0
LQD.US,5,20251215,174500,110.3,110.305,110.27,110.29,495651,0
LQD.US,5,20251215,175000,110.295,110.32,110.29,110.31,279207,0
LQD.US,5,20251215,175500,110.315,110.315,110.29,110.295,137116,0
LQD.US,5,20251215,180000,110.29,110.29,110.23,110.245,284245,0
LQD.US,5,20251215,180500,110.245,110.265,110.24,110.26,313756,0
LQD.US,5,20251215,181000,110.255,110.27,110.25,110.255,101357,0
LQD.US,5,20251215,181500,110.255,110.255,110.2301,110.235,54020,0
LQD.US,5,20251215,182000,110.235,110.2599,110.2346,110.245,190252,0
LQD.US,5,20251215,182500,110.2444,110.245,110.2299,110.235,46376,0
LQD.US,5,20251215,183000,110.23,110.25,110.23,110.24,140460,0
LQD.US,5,20251215,183500,110.24,110.27,110.24,110.265,80609,0
LQD.US,5,20251215,184000,110.265,110.28,110.265,110.275,89860,0
LQD.US,5,20251215,184500,110.2733,110.28,110.26,110.265,145473,0
LQD.US,5,20251215,185000,110.27,110.3,110.27,110.2895,89597,0
LQD.US,5,20251215,185500,110.29,110.31,110.28,110.3,66254,0
LQD.US,5,20251215,190000,110.3,110.3058,110.275,110.29,144750,0
LQD.US,5,20251215,190500,110.285,110.29,110.285,110.29,16877,0
LQD.US,5,20251215,191000,110.285,110.29,110.2801,110.29,26444,0
LQD.US,5,20251215,191500,110.285,110.29,110.26,110.2619,172785,0
LQD.US,5,20251215,192000,110.265,110.27,110.24,110.245,41248,0
LQD.US,5,20251215,192500,110.245,110.25,110.24,110.25,11037,0
LQD.US,5,20251215,193000,110.245,110.25,110.22,110.2308,186575,0
LQD.US,5,20251215,193500,110.23,110.25,110.23,110.245,134814,0
LQD.US,5,20251215,194000,110.245,110.28,110.2425,110.275,170221,0
LQD.US,5,20251215,194500,110.2703,110.28,110.27,110.275,465926,0
LQD.US,5,20251215,195000,110.2677,110.28,110.2601,110.27,31865,0
LQD.US,5,20251215,195500,110.2622,110.28,110.26,110.275,72311,0
LQD.US,5,20251215,200000,110.275,110.275,110.26,110.265,163528,0
LQD.US,5,20251215,200500,110.265,110.27,110.2501,110.255,52070,0
LQD.US,5,20251215,201000,110.26,110.2655,110.24,110.24,84003,0
LQD.US,5,20251215,201500,110.245,110.25,110.2313,110.2497,75180,0
LQD.US,5,20251215,202000,110.25,110.255,110.2416,110.245,31019,0
LQD.US,5,20251215,202500,110.245,110.25,110.24,110.245,9882,0
LQD.US,5,20251215,203000,110.245,110.26,110.24,110.255,46631,0
LQD.US,5,20251215,203500,110.2558,110.2582,110.25,110.255,56006,0
LQD.US,5,20251215,204000,110.255,110.26,110.25,110.255,63335,0
LQD.US,5,20251215,204500,110.26,110.27,110.25,110.2573,88751,0
LQD.US,5,20251215,205000,110.255,110.275,110.255,110.275,77627,0
LQD.US,5,20251215,205500,110.275,110.285,110.26,110.281,98408,0
LQD.US,5,20251215,210000,110.28,110.28,110.26,110.275,142124,0
LQD.US,5,20251215,210500,110.275,110.28,110.27,110.28,68109,0
LQD.US,5,20251215,211000,110.275,110.29,110.27,110.28,290739,0
LQD.US,5,20251215,211500,110.275,110.315,110.275,110.315,105465,0
LQD.US,5,20251215,212000,110.32,110.32,110.31,110.315,129413,0
LQD.US,5,20251215,212500,110.315,110.335,110.31,110.33,300816,0
LQD.US,5,20251215,213000,110.335,110.34,110.3,110.305,179110,0
LQD.US,5,20251215,213500,110.305,110.32,110.305,110.32,371021,0
LQD.US,5,20251215,214000,110.32,110.325,110.3024,110.305,282947,0
LQD.US,5,20251215,214500,110.31,110.335,110.305,110.32,633156,0
LQD.US,5,20251215,215000,110.325,110.34,110.32,110.33,311437,0
LQD.US,5,20251215,215500,110.335,110.34,110.3,110.3,1534480,0
LQD.US,5,20251216,153000,110.18,110.22,110.115,110.195,232843,0
LQD.US,5,20251216,153500,110.195,110.24,110.195,110.22,255767,0
LQD.US,5,20251216,154000,110.21,110.255,110.185,110.25,349934,0
LQD.US,5,20251216,154500,110.245,110.31,110.22,110.24,402653,0
LQD.US,5,20251216,155000,110.25,110.2856,110.23,110.2856,272933,0
LQD.US,5,20251216,155500,110.2802,110.335,110.28,110.335,979817,0
LQD.US,5,20251216,160000,110.335,110.395,110.3342,110.365,681841,0
LQD.US,5,20251216,160500,110.365,110.425,110.36,110.385,596242,0
LQD.US,5,20251216,161000,110.385,110.395,110.33329,110.355,863729,0
LQD.US,5,20251216,161500,110.355,110.4,110.355,110.385,237004,0
LQD.US,5,20251216,162000,110.39,110.41,110.37,110.4072,1407248,0
LQD.US,5,20251216,162500,110.405,110.445,110.405,110.415,815768,0
LQD.US,5,20251216,163000,110.415,110.4176,110.3845,110.385,438208,0
LQD.US,5,20251216,163500,110.385,110.385,110.3,110.335,714511,0
LQD.US,5,20251216,164000,110.335,110.355,110.31,110.31,281576,0
LQD.US,5,20251216,164500,110.315,110.32,110.29,110.3,352074,0
LQD.US,5,20251216,165000,110.295,110.33,110.295,110.315,431369,0
LQD.US,5,20251216,165500,110.315,110.3199,110.255,110.2595,897074,0
LQD.US,5,20251216,170000,110.26,110.265,110.2235,110.255,326816,0
LQD.US,5,20251216,170500,110.255,110.29,110.245,110.26,402585,0
LQD.US,5,20251216,171000,110.26,110.325,110.255,110.31,155440,0
LQD.US,5,20251216,171500,110.31,110.345,110.3,110.32,700392,0
LQD.US,5,20251216,172000,110.325,110.34,110.3199,110.325,131350,0
LQD.US,5,20251216,172500,110.325,110.34,110.32,110.32,109507,0
LQD.US,5,20251216,173000,110.325,110.35,110.29,110.3101,1070746,0
LQD.US,5,20251216,173500,110.31,110.38,110.305,110.37,629195,0
LQD.US,5,20251216,174000,110.375,110.4,110.355,110.37,254821,0
LQD.US,5,20251216,174500,110.37,110.38,110.365,110.365,483119,0
LQD.US,5,20251216,175000,110.37,110.3962,110.36,110.3683,527969,0
LQD.US,5,20251216,175500,110.365,110.375,110.35,110.355,244342,0
LQD.US,5,20251216,180000,110.355,110.36,110.335,110.3481,613312,0
LQD.US,5,20251216,180500,110.35,110.36,110.3414,110.35,221769,0
LQD.US,5,20251216,181000,110.355,110.38,110.35,110.3685,232754,0
LQD.US,5,20251216,181500,110.365,110.39,110.3602,110.375,158187,0
LQD.US,5,20251216,182000,110.375,110.4157,110.375,110.405,200222,0
LQD.US,5,20251216,182500,110.405,110.42,110.4,110.41,325473,0
LQD.US,5,20251216,183000,110.41,110.465,110.41,110.4555,233917,0
LQD.US,5,20251216,183500,110.46,110.47,110.44,110.445,706544,0
LQD.US,5,20251216,184000,110.45,110.45,110.425,110.4385,120592,0
LQD.US,5,20251216,184500,110.4399,110.45,110.4121,110.425,106023,0
LQD.US,5,20251216,185000,110.425,110.425,110.395,110.415,155905,0
LQD.US,5,20251216,185500,110.415,110.42,110.39,110.3929,332851,0
LQD.US,5,20251216,190000,110.3997,110.4078,110.39,110.4,118453,0
LQD.US,5,20251216,190500,110.395,110.398,110.37,110.375,526937,0
LQD.US,5,20251216,191000,110.375,110.38,110.3601,110.3777,254432,0
LQD.US,5,20251216,191500,110.375,110.395,110.37,110.385,177179,0
LQD.US,5,20251216,192000,110.385,110.3999,110.38,110.3999,243161,0
LQD.US,5,20251216,192500,110.39,110.41,110.39,110.39341,131979,0
LQD.US,5,20251216,193000,110.4,110.4,110.3691,110.37,123392,0
LQD.US,5,20251216,193500,110.37,110.385,110.365,110.375,92004,0
LQD.US,5,20251216,194000,110.38,110.4,110.38,110.395,217723,0
LQD.US,5,20251216,194500,110.395,110.4147,110.39,110.405,97368,0
LQD.US,5,20251216,195000,110.405,110.42,110.4,110.4,324941,0
LQD.US,5,20251216,195500,110.4,110.405,110.38,110.4,264300,0
LQD.US,5,20251216,200000,110.4,110.4089,110.39,110.39,124658,0
LQD.US,5,20251216,200500,110.395,110.415,110.385,110.4,276870,0
LQD.US,5,20251216,201000,110.4,110.425,110.39,110.41,250524,0
LQD.US,5,20251216,201500,110.415,110.425,110.4,110.415,190626,0
LQD.US,5,20251216,202000,110.416,110.435,110.415,110.435,91536,0
LQD.US,5,20251216,202500,110.43,110.435,110.365,110.425,228789,0
LQD.US,5,20251216,203000,110.425,110.47,110.425,110.465,113837,0
LQD.US,5,20251216,203500,110.465,110.48,110.455,110.46,72732,0
LQD.US,5,20251216,204000,110.451,110.5,110.45,110.495,320101,0
LQD.US,5,20251216,204500,110.4999,110.55,110.48,110.525,383483,0
LQD.US,5,20251216,205000,110.525,110.56,110.5213,110.56,172051,0
LQD.US,5,20251216,205500,110.5575,110.56,110.53,110.535,848445,0
LQD.US,5,20251216,210000,110.54,110.585,110.535,110.575,628195,0
LQD.US,5,20251216,210500,110.57,110.585,110.55,110.565,283570,0
LQD.US,5,20251216,211000,110.565,110.565,110.545,110.555,115014,0
LQD.US,5,20251216,211500,110.555,110.565,110.54,110.565,464633,0
LQD.US,5,20251216,212000,110.565,110.57,110.55,110.555,574462,0
LQD.US,5,20251216,212500,110.555,110.56,110.53,110.535,339008,0
LQD.US,5,20251216,213000,110.535,110.535,110.5122,110.525,356060,0
LQD.US,5,20251216,213500,110.5255,110.55,110.525,110.535,230588,0
LQD.US,5,20251216,214000,110.535,110.55,110.525,110.535,270006,0
LQD.US,5,20251216,214500,110.5391,110.54,110.525,110.535,163406,0
LQD.US,5,20251216,215000,110.54,110.58,110.535,110.575,1027405,0
LQD.US,5,20251216,215500,110.575,110.58,110.53,110.55,1973764,0
LQD.US,5,20251217,153000,110.435,110.47,110.4,110.44,599421,0
LQD.US,5,20251217,153500,110.45,110.48,110.445,110.455,1050708,0
LQD.US,5,20251217,154000,110.46,110.505,110.46,110.48,186482,0
LQD.US,5,20251217,154500,110.4705,110.4865,110.44,110.445,282975,0
LQD.US,5,20251217,155000,110.445,110.495,110.43,110.49,247945,0
LQD.US,5,20251217,155500,110.4987,110.545,110.495,110.535,262479,0
LQD.US,5,20251217,160000,110.54,110.54,110.51,110.51,177534,0
LQD.US,5,20251217,160500,110.5101,110.52,110.49,110.495,167786,0
LQD.US,5,20251217,161000,110.495,110.51,110.47,110.495,507138,0
LQD.US,5,20251217,161500,110.495,110.51,110.49,110.5,249115,0
LQD.US,5,20251217,162000,110.505,110.51,110.475,110.495,95388,0
LQD.US,5,20251217,162500,110.495,110.52,110.48,110.52,256851,0
LQD.US,5,20251217,163000,110.52,110.55,110.5,110.535,664174,0
LQD.US,5,20251217,163500,110.535,110.575,110.525,110.575,195276,0
LQD.US,5,20251217,164000,110.575,110.575,110.53,110.53,442203,0
LQD.US,5,20251217,164500,110.525,110.5399,110.505,110.5159,464726,0
LQD.US,5,20251217,165000,110.5175,110.5175,110.485,110.495,527389,0
LQD.US,5,20251217,165500,110.4976,110.5099,110.475,110.5099,95320,0
LQD.US,5,20251217,170000,110.5,110.5,110.425,110.445,574903,0
LQD.US,5,20251217,170500,110.445,110.45,110.42,110.43,585831,0
LQD.US,5,20251217,171000,110.437,110.44,110.3901,110.395,82200,0
LQD.US,5,20251217,171500,110.395,110.4197,110.38,110.4197,180287,0
LQD.US,5,20251217,172000,110.41,110.42,110.39,110.39,139023,0
LQD.US,5,20251217,172500,110.38,110.39,110.355,110.37,597690,0
LQD.US,5,20251217,173000,110.37,110.405,110.37,110.405,109673,0
LQD.US,5,20251217,173500,110.4,110.405,110.38,110.385,198296,0
LQD.US,5,20251217,174000,110.385,110.4,110.37,110.39,627957,0
LQD.US,5,20251217,174500,110.39,110.395,110.3642,110.38,100642,0
LQD.US,5,20251217,175000,110.375,110.38,110.35,110.36,47535,0
LQD.US,5,20251217,175500,110.36,110.3676,110.355,110.365,78973,0
LQD.US,5,20251217,180000,110.36,110.38,110.36,110.38,240118,0
LQD.US,5,20251217,180500,110.38,110.38,110.36,110.3655,138043,0
LQD.US,5,20251217,181000,110.36,110.37,110.35,110.37,53433,0
LQD.US,5,20251217,181500,110.37,110.4,110.37,110.4,146814,0
LQD.US,5,20251217,182000,110.395,110.4,110.39,110.395,109209,0
LQD.US,5,20251217,182500,110.4,110.4,110.39,110.4,65567,0
LQD.US,5,20251217,183000,110.4,110.435,110.395,110.415,121839,0
LQD.US,5,20251217,183500,110.415,110.42,110.4,110.41,51790,0
LQD.US,5,20251217,184000,110.41,110.41,110.4,110.41,202552,0
LQD.US,5,20251217,184500,110.4016,110.43,110.395,110.41,319449,0
LQD.US,5,20251217,185000,110.41,110.42,110.38,110.4,100535,0
LQD.US,5,20251217,185500,110.4,110.42,110.395,110.41,82872,0
LQD.US,5,20251217,190000,110.415,110.455,110.41,110.455,91405,0
LQD.US,5,20251217,190500,110.45,110.465,110.43,110.46,74069,0
LQD.US,5,20251217,191000,110.46,110.465,110.435,110.435,65440,0
LQD.US,5,20251217,191500,110.435,110.46,110.43,110.435,106579,0
LQD.US,5,20251217,192000,110.4306,110.44,110.425,110.4301,47122,0
LQD.US,5,20251217,192500,110.43,110.43,110.4,110.405,118778,0
LQD.US,5,20251217,193000,110.405,110.42,110.4,110.41,208430,0
LQD.US,5,20251217,193500,110.4156,110.42,110.405,110.415,120339,0
LQD.US,5,20251217,194000,110.415,110.42,110.3811,110.385,292315,0
LQD.US,5,20251217,194500,110.385,110.39,110.38,110.385,51310,0
LQD.US,5,20251217,195000,110.385,110.3981,110.38,110.395,100689,0
LQD.US,5,20251217,195500,110.4,110.4,110.39,110.395,62745,0
LQD.US,5,20251217,200000,110.39,110.4,110.39,110.395,106430,0
LQD.US,5,20251217,200500,110.395,110.4156,110.39,110.405,94211,0
LQD.US,5,20251217,201000,110.405,110.435,110.4,110.43,108216,0
LQD.US,5,20251217,201500,110.435,110.45,110.43,110.44,289383,0
LQD.US,5,20251217,202000,110.44,110.455,110.43,110.4412,77827,0
LQD.US,5,20251217,202500,110.4455,110.46,110.435,110.46,281176,0
LQD.US,5,20251217,203000,110.46,110.47,110.4501,110.455,213445,0
LQD.US,5,20251217,203500,110.455,110.46,110.45,110.46,332710,0
LQD.US,5,20251217,204000,110.46,110.475,110.45,110.475,442535,0
LQD.US,5,20251217,204500,110.475,110.475,110.47,110.475,185653,0
LQD.US,5,20251217,205000,110.475,110.485,110.47,110.475,216334,0
LQD.US,5,20251217,205500,110.47,110.47,110.455,110.455,218325,0
LQD.US,5,20251217,210000,110.4572,110.47,110.455,110.455,42112,0
LQD.US,5,20251217,210500,110.455,110.46,110.44,110.45,1388797,0
LQD.US,5,20251217,211000,110.44,110.455,110.435,110.445,228664,0
LQD.US,5,20251217,211500,110.45,110.469,110.445,110.469,199745,0
LQD.US,5,20251217,212000,110.46,110.465,110.45,110.455,150177,0
LQD.US,5,20251217,212500,110.455,110.455,110.4312,110.44,98398,0
LQD.US,5,20251217,213000,110.435,110.44,110.42,110.43,121183,0
LQD.US,5,20251217,213500,110.435,110.445,110.43,110.445,74256,0
LQD.US,5,20251217,214000,110.445,110.47,110.43,110.44,769745,0
LQD.US,5,20251217,214500,110.44,110.45,110.44,110.445,88441,0
LQD.US,5,20251217,215000,110.44,110.44,110.43,110.435,448042,0
LQD.US,5,20251217,215500,110.435,110.455,110.42,110.435,1134410,0
LQD.US,5,20251218,153000,110.91,110.91,110.815,110.85,283963,0
LQD.US,5,20251218,153500,110.86,110.885,110.825,110.885,739357,0
LQD.US,5,20251218,154000,110.885,110.9,110.815,110.825,1058395,0
LQD.US,5,20251218,154500,110.825,110.87,110.82,110.86,446716,0
LQD.US,5,20251218,155000,110.87,110.88,110.855,110.875,368329,0
LQD.US,5,20251218,155500,110.885,110.89,110.82,110.835,542068,0
LQD.US,5,20251218,160000,110.84,110.855,110.8,110.82,1780722,0
LQD.US,5,20251218,160500,110.82,110.84,110.81,110.82,1167345,0
LQD.US,5,20251218,161000,110.83,110.835,110.815,110.815,252803,0
LQD.US,5,20251218,161500,110.815,110.835,110.815,110.835,394674,0
LQD.US,5,20251218,162000,110.8332,110.84,110.82,110.835,722520,0
LQD.US,5,20251218,162500,110.84,110.8401,110.81,110.82,534095,0
LQD.US,5,20251218,163000,110.825,110.86,110.82,110.86,276525,0
LQD.US,5,20251218,163500,110.855,110.89,110.85,110.87,279995,0
LQD.US,5,20251218,164000,110.875,110.91,110.87,110.905,382093,0
LQD.US,5,20251218,164500,110.91,110.925,110.87,110.9,936797,0
LQD.US,5,20251218,165000,110.895,110.935,110.8925,110.915,280496,0
LQD.US,5,20251218,165500,110.915,110.92,110.89,110.89,264717,0
LQD.US,5,20251218,170000,110.89,110.89,110.85,110.87,216498,0
LQD.US,5,20251218,170500,110.86,110.87,110.83,110.865,125173,0
LQD.US,5,20251218,171000,110.865,110.895,110.86,110.885,288240,0
LQD.US,5,20251218,171500,110.885,110.92,110.88,110.9,218993,0
LQD.US,5,20251218,172000,110.905,110.91,110.88,110.895,166093,0
LQD.US,5,20251218,172500,110.895,110.9,110.86,110.8783,370325,0
LQD.US,5,20251218,173000,110.875,110.895,110.85,110.855,291747,0
LQD.US,5,20251218,173500,110.85,110.88,110.84,110.86,121503,0
LQD.US,5,20251218,174000,110.87,110.87,110.83,110.83,157214,0
LQD.US,5,20251218,174500,110.835,110.835,110.78,110.78,172593,0
LQD.US,5,20251218,175000,110.78,110.785,110.76,110.76,100836,0
LQD.US,5,20251218,175500,110.765,110.7801,110.75,110.765,248658,0
LQD.US,5,20251218,180000,110.76,110.77,110.74,110.74,370970,0
LQD.US,5,20251218,180500,110.745,110.76,110.725,110.725,164868,0
LQD.US,5,20251218,181000,110.725,110.73,110.67,110.69,1448500,0
LQD.US,5,20251218,181500,110.695,110.705,110.635,110.67,200221,0
LQD.US,5,20251218,182000,110.6725,110.7,110.665,110.67,176150,0
LQD.US,5,20251218,182500,110.675,110.685,110.6582,110.675,201315,0
LQD.US,5,20251218,183000,110.67,110.695,110.67,110.69,325092,0
LQD.US,5,20251218,183500,110.69,110.705,110.67,110.705,193769,0
LQD.US,5,20251218,184000,110.7,110.73,110.7,110.72,123758,0
LQD.US,5,20251218,184500,110.725,110.7493,110.72,110.725,171460,0
LQD.US,5,20251218,185000,110.72,110.725,110.71,110.715,110738,0
LQD.US,5,20251218,185500,110.71,110.735,110.71,110.735,186484,0
LQD.US,5,20251218,190000,110.735,110.75,110.68,110.695,473585,0
LQD.US,5,20251218,190500,110.695,110.74,110.695,110.725,191187,0
LQD.US,5,20251218,191000,110.73,110.735,110.715,110.7295,89510,0
LQD.US,5,20251218,191500,110.72,110.725,110.7,110.7,432706,0
LQD.US,5,20251218,192000,110.7,110.72,110.7,110.715,86044,0
LQD.US,5,20251218,192500,110.715,110.725,110.7,110.72,167011,0
LQD.US,5,20251218,193000,110.73,110.75,110.72,110.745,66716,0
LQD.US,5,20251218,193500,110.7429,110.765,110.7422,110.755,188393,0
LQD.US,5,20251218,194000,110.75,110.7599,110.74,110.74,70568,0
LQD.US,5,20251218,194500,110.74,110.75,110.71,110.715,108701,0
LQD.US,5,20251218,195000,110.715,110.72,110.7,110.7025,78489,0
LQD.US,5,20251218,195500,110.7025,110.77,110.7,110.765,489413,0
LQD.US,5,20251218,200000,110.765,110.765,110.72,110.72,353677,0
LQD.US,5,20251218,200500,110.72,110.755,110.71,110.745,201734,0
LQD.US,5,20251218,201000,110.7499,110.76,110.74,110.745,69221,0
LQD.US,5,20251218,201500,110.745,110.755,110.73,110.74,408482,0
LQD.US,5,20251218,202000,110.74,110.75,110.74,110.745,29321,0
LQD.US,5,20251218,202500,110.745,110.76,110.74,110.755,176207,0
LQD.US,5,20251218,203000,110.75,110.77,110.75,110.751,120609,0
LQD.US,5,20251218,203500,110.755,110.77,110.75,110.75,119782,0
LQD.US,5,20251218,204000,110.75,110.76,110.74,110.76,122921,0
LQD.US,5,20251218,204500,110.755,110.76,110.75,110.755,108075,0
LQD.US,5,20251218,205000,110.755,110.765,110.745,110.745,128639,0
LQD.US,5,20251218,205500,110.75,110.775,110.73,110.765,286294,0
LQD.US,5,20251218,210000,110.765,110.78,110.7612,110.775,77297,0
LQD.US,5,20251218,210500,110.775,110.795,110.77,110.7775,119214,0
LQD.US,5,20251218,211000,110.7742,110.7775,110.76252,110.775,657853,0
LQD.US,5,20251218,211500,110.775,110.79,110.765,110.785,313184,0
LQD.US,5,20251218,212000,110.785,110.79,110.775,110.785,59036,0
LQD.US,5,20251218,212500,110.785,110.8,110.7721,110.795,67485,0
LQD.US,5,20251218,213000,110.79,110.8,110.785,110.795,94578,0
LQD.US,5,20251218,213500,110.8,110.8,110.77,110.775,146370,0
LQD.US,5,20251218,214000,110.775,110.815,110.77,110.81,323197,0
LQD.US,5,20251218,214500,110.81,110.83,110.81,110.815,303432,0
LQD.US,5,20251218,215000,110.82,110.835,110.81,110.825,471119,0
LQD.US,5,20251218,215500,110.825,110.87,110.82,110.85,2273862,0
LQD.US,5,20251219,153000,110.242,110.28,110.24,110.26,204457,0
LQD.US,5,20251219,153500,110.26,110.29,110.25,110.255,640459,0
LQD.US,5,20251219,154000,110.255,110.285,110.25,110.265,233656,0
LQD.US,5,20251219,154500,110.27,110.3,110.2601,110.285,175267,0
LQD.US,5,20251219,155000,110.285,110.285,110.255,110.255,410139,0
LQD.US,5,20251219,155500,110.255,110.26,110.21,110.225,729257,0
LQD.US,5,20251219,160000,110.225,110.2464,110.21,110.235,891106,0
LQD.US,5,20251219,160500,110.235,110.24,110.21,110.215,1565270,0
LQD.US,5,20251219,161000,110.215,110.23,110.2,110.215,609634,0
LQD.US,5,20251219,161500,110.215,110.24,110.2,110.215,187133,0
LQD.US,5,20251219,162000,110.215,110.24,110.2,110.22,1259818,0
LQD.US,5,20251219,162500,110.22,110.24,110.205,110.24,399219,0
LQD.US,5,20251219,163000,110.235,110.275,110.235,110.275,517338,0
LQD.US,5,20251219,163500,110.28,110.28,110.24,110.275,528128,0
LQD.US,5,20251219,164000,110.275,110.285,110.27,110.275,334175,0
LQD.US,5,20251219,164500,110.275,110.325,110.27,110.3125,84853,0
LQD.US,5,20251219,165000,110.3171,110.3299,110.305,110.31,888492,0
LQD.US,5,20251219,165500,110.315,110.33,110.305,110.315,75274,0
LQD.US,5,20251219,170000,110.315,110.34,110.31,110.335,752353,0
LQD.US,5,20251219,170500,110.335,110.335,110.31,110.3194,73429,0
LQD.US,5,20251219,171000,110.315,110.33,110.3101,110.325,259987,0
LQD.US,5,20251219,171500,110.32,110.33,110.265,110.275,365601,0
LQD.US,5,20251219,172000,110.28,110.28,110.25,110.26,123033,0
LQD.US,5,20251219,172500,110.255,110.27,110.24,110.265,280473,0
LQD.US,5,20251219,173000,110.265,110.275,110.215,110.215,347672,0
LQD.US,5,20251219,173500,110.215,110.23,110.2034,110.225,105518,0
LQD.US,5,20251219,174000,110.225,110.23,110.21,110.215,70745,0
LQD.US,5,20251219,174500,110.215,110.225,110.205,110.225,182407,0
LQD.US,5,20251219,175000,110.22,110.24,110.21,110.215,178656,0
LQD.US,5,20251219,175500,110.215,110.2199,110.2,110.215,194028,0
LQD.US,5,20251219,180000,110.21,110.22,110.17,110.175,74336,0
LQD.US,5,20251219,180500,110.175,110.185,110.16,110.1675,377643,0
LQD.US,5,20251219,181000,110.1684,110.18,110.145,110.175,148011,0
LQD.US,5,20251219,181500,110.175,110.195,110.175,110.18,174436,0
LQD.US,5,20251219,182000,110.185,110.19,110.14,110.15,182485,0
LQD.US,5,20251219,182500,110.16,110.18,110.15,110.175,206587,0
LQD.US,5,20251219,183000,110.1742,110.2099,110.165,110.175,166146,0
LQD.US,5,20251219,183500,110.17,110.18,110.16,110.17,115831,0
LQD.US,5,20251219,184000,110.175,110.195,110.175,110.185,332666,0
LQD.US,5,20251219,184500,110.185,110.205,110.18,110.2,137433,0
LQD.US,5,20251219,185000,110.195,110.22,110.19,110.215,222293,0
LQD.US,5,20251219,185500,110.215,110.22,110.185,110.195,226057,0
LQD.US,5,20251219,190000,110.195,110.195,110.17,110.195,101638,0
LQD.US,5,20251219,190500,110.1929,110.195,110.18,110.18,100176,0
LQD.US,5,20251219,191000,110.185,110.21,110.18,110.2,158726,0
LQD.US,5,20251219,191500,110.2,110.215,110.2,110.205,147527,0
LQD.US,5,20251219,192000,110.215,110.22,110.21,110.21,10090,0
LQD.US,5,20251219,192500,110.21,110.2168,110.17,110.185,246103,0
LQD.US,5,20251219,193000,110.185,110.1956,110.18,110.195,150103,0
LQD.US,5,20251219,193500,110.19,110.19,110.18,110.185,393261,0
LQD.US,5,20251219,194000,110.1858,110.1889,110.155,110.16,79761,0
LQD.US,5,20251219,194500,110.155,110.16,110.12,110.13,170167,0
LQD.US,5,20251219,195000,110.13,110.135,110.125,110.1315,66092,0
LQD.US,5,20251219,195500,110.13,110.13,110.1,110.105,221395,0
LQD.US,5,20251219,200000,110.105,110.11,110.1,110.105,97124,0
LQD.US,5,20251219,200500,110.105,110.12,110.1015,110.115,80771,0
LQD.US,5,20251219,201000,110.115,110.1376,110.115,110.125,75764,0
LQD.US,5,20251219,201500,110.1216,110.14,110.12,110.13,127557,0
LQD.US,5,20251219,202000,110.135,110.15,110.12,110.1399,201591,0
LQD.US,5,20251219,202500,110.135,110.17,110.135,110.165,56316,0
LQD.US,5,20251219,203000,110.1601,110.165,110.15,110.155,74262,0
LQD.US,5,20251219,203500,110.16,110.16,110.1501,110.155,19960,0
LQD.US,5,20251219,204000,110.155,110.195,110.155,110.1842,247208,0
LQD.US,5,20251219,204500,110.185,110.21,110.1801,110.205,56142,0
LQD.US,5,20251219,205000,110.21,110.21,110.19,110.195,122165,0
LQD.US,5,20251219,205500,110.195,110.2,110.1844,110.19,325668,0
LQD.US,5,20251219,210000,110.19,110.1995,110.18,110.185,74574,0
LQD.US,5,20251219,210500,110.185,110.185,110.17,110.175,37430,0
LQD.US,5,20251219,211000,110.17,110.18,110.16,110.175,770581,0
LQD.US,5,20251219,211500,110.175,110.175,110.16,110.165,73144,0
LQD.US,5,20251219,212000,110.165,110.18,110.165,110.175,51750,0
LQD.US,5,20251219,212500,110.1775,110.185,110.1702,110.175,116757,0
LQD.US,5,20251219,213000,110.1761,110.18,110.175,110.175,38617,0
LQD.US,5,20251219,213500,110.175,110.18,110.1601,110.165,157570,0
LQD.US,5,20251219,214000,110.165,110.17,110.15,110.155,209709,0
LQD.US,5,20251219,214500,110.1501,110.18,110.15,110.165,779624,0
LQD.US,5,20251219,215000,110.17,110.17,110.13,110.14,979183,0
LQD.US,5,20251219,215500,110.145,110.155,110.1,110.155,1924755,0
LQD.US,5,20251222,153000,110.16,110.205,110.115,110.155,381498,0
LQD.US,5,20251222,153500,110.155,110.16,110.12,110.125,179264,0
LQD.US,5,20251222,154000,110.125,110.145,110.12,110.145,59610,0
LQD.US,5,20251222,154500,110.145,110.145,110.11,110.1216,84211,0
LQD.US,5,20251222,155000,110.125,110.13,110.12,110.125,67002,0
LQD.US,5,20251222,155500,110.125,110.125,110.07,110.07,361675,0
LQD.US,5,20251222,160000,110.0742,110.0742,110.055,110.055,194260,0
LQD.US,5,20251222,160500,110.06,110.06,110.03,110.035,141664,0
LQD.US,5,20251222,161000,110.035,110.06,110.02,110.025,259263,0
LQD.US,5,20251222,161500,110.025,110.04,110.015,110.035,176764,0
LQD.US,5,20251222,162000,110.035,110.035,110.01,110.025,264781,0
LQD.US,5,20251222,162500,110.025,110.0286,110.015,110.025,80836,0
LQD.US,5,20251222,163000,110.025,110.04,110.02,110.035,170048,0
LQD.US,5,20251222,163500,110.035,110.0599,110.0309,110.0511,126149,0
LQD.US,5,20251222,164000,110.055,110.0696,110.045,110.055,324044,0
LQD.US,5,20251222,164500,110.055,110.0676,110.0414,110.045,227990,0
LQD.US,5,20251222,165000,110.0476,110.0694,110.04,110.0694,151581,0
LQD.US,5,20251222,165500,110.065,110.08,110.06,110.065,118222,0
LQD.US,5,20251222,170000,110.06,110.07,110.045,110.055,141604,0
LQD.US,5,20251222,170500,110.055,110.07,110.05,110.065,295797,0
LQD.US,5,20251222,171000,110.0693,110.1,110.06,110.095,107349,0
LQD.US,5,20251222,171500,110.0901,110.13,110.0901,110.1199,672312,0
LQD.US,5,20251222,172000,110.1287,110.13,110.12,110.125,113928,0
LQD.US,5,20251222,172500,110.125,110.13,110.105,110.12,605100,0
LQD.US,5,20251222,173000,110.12,110.14,110.1101,110.125,393502,0
LQD.US,5,20251222,173500,110.121,110.14,110.12,110.12,75624,0
LQD.US,5,20251222,174000,110.12,110.1303,110.12,110.13,67351,0
LQD.US,5,20251222,174500,110.13,110.13,110.115,110.12,108962,0
LQD.US,5,20251222,175000,110.12,110.1493,110.115,110.145,137501,0
LQD.US,5,20251222,175500,110.14,110.1489,110.13,110.145,52481,0
LQD.US,5,20251222,180000,110.14,110.1499,110.13,110.13,61492,0
LQD.US,5,20251222,180500,110.135,110.1648,110.13,110.145,118924,0
LQD.US,5,20251222,181000,110.15,110.15,110.14,110.14,18784,0
LQD.US,5,20251222,181500,110.1499,110.15,110.135,110.1422,239690,0
LQD.US,5,20251222,182000,110.1469,110.15,110.13,110.135,119782,0
LQD.US,5,20251222,182500,110.1399,110.1399,110.115,110.1256,231428,0
LQD.US,5,20251222,183000,110.125,110.13,110.12,110.125,68169,0
LQD.US,5,20251222,183500,110.125,110.14,110.125,110.1303,88671,0
LQD.US,5,20251222,184000,110.135,110.14,110.12,110.125,193141,0
LQD.US,5,20251222,184500,110.12,110.12,110.1,110.109,123572,0
LQD.US,5,20251222,185000,110.105,110.12,110.09,110.09,74873,0
LQD.US,5,20251222,185500,110.0964,110.115,110.0801,110.115,74248,0
LQD.US,5,20251222,190000,110.1101,110.115,110.0814,110.09,82336,0
LQD.US,5,20251222,190500,110.085,110.085,110.06,110.08,47067,0
LQD.US,5,20251222,191000,110.075,110.09,110.07,110.085,77692,0
LQD.US,5,20251222,191500,110.0899,110.0963,110.0815,110.0963,67186,0
LQD.US,5,20251222,192000,110.1,110.105,110.08,110.08,98064,0
LQD.US,5,20251222,192500,110.085,110.085,110.07,110.073,96164,0
LQD.US,5,20251222,193000,110.07,110.09,110.07,110.0768,78146,0
LQD.US,5,20251222,193500,110.075,110.09,110.07,110.0898,55503,0
LQD.US,5,20251222,194000,110.09,110.095,110.08,110.0891,112213,0
LQD.US,5,20251222,194500,110.09,110.095,110.085,110.09,14545,0
LQD.US,5,20251222,195000,110.09,110.095,110.075,110.075,46845,0
LQD.US,5,20251222,195500,110.07,110.0799,110.07,110.075,217364,0
LQD.US,5,20251222,200000,110.075,110.08,110.06,110.07,216344,0
LQD.US,5,20251222,200500,110.07,110.075,110.055,110.055,191135,0
LQD.US,5,20251222,201000,110.055,110.055,110.03,110.035,73768,0
LQD.US,5,20251222,201500,110.035,110.04,110.03,110.035,30591,0
LQD.US,5,20251222,202000,110.035,110.04,110.031,110.035,60209,0
LQD.US,5,20251222,202500,110.035,110.0756,110.033,110.065,139352,0
LQD.US,5,20251222,203000,110.065,110.1,110.065,110.095,132289,0
LQD.US,5,20251222,203500,110.095,110.095,110.075,110.075,122119,0
LQD.US,5,20251222,204000,110.075,110.075,110.06,110.065,56523,0
LQD.US,5,20251222,204500,110.06,110.09,110.06,110.085,250702,0
LQD.US,5,20251222,205000,110.085,110.09,110.08,110.085,24768,0
LQD.US,5,20251222,205500,110.08,110.0965,110.07,110.0901,235246,0
LQD.US,5,20251222,210000,110.0931,110.1,110.08,110.08,109122,0
LQD.US,5,20251222,210500,110.085,110.09,110.08,110.085,418070,0
LQD.US,5,20251222,211000,110.085,110.1,110.0836,110.0921,121503,0
LQD.US,5,20251222,211500,110.09,110.1,110.09,110.0981,51568,0
LQD.US,5,20251222,212000,110.095,110.115,110.0915,110.115,109719,0
LQD.US,5,20251222,212500,110.115,110.12,110.11,110.115,150275,0
LQD.US,5,20251222,213000,110.12,110.12,110.1,110.11,205267,0
LQD.US,5,20251222,213500,110.1125,110.12,110.11,110.115,48705,0
LQD.US,5,20251222,214000,110.115,110.13,110.11,110.12,353167,0
LQD.US,5,20251222,214500,110.12,110.1299,110.11,110.12,101070,0
LQD.US,5,20251222,215000,110.12,110.13,110.1142,110.125,211955,0
LQD.US,5,20251222,215500,110.125,110.14,110.11,110.11,2602553,0
LQD.US,5,20251223,153000,109.91,109.93,109.85,109.91,287618,0
LQD.US,5,20251223,153500,109.91,109.925,109.88,109.915,291765,0
LQD.US,5,20251223,154000,109.91,109.915,109.89,109.895,95586,0
LQD.US,5,20251223,154500,109.895,109.925,109.895,109.925,140216,0
LQD.US,5,20251223,155000,109.925,109.925,109.88,109.89,76485,0
LQD.US,5,20251223,155500,109.8976,109.91,109.89,109.905,185971,0
LQD.US,5,20251223,160000,109.9003,109.945,109.885,109.945,291362,0
LQD.US,5,20251223,160500,109.945,110.005,109.935,109.99,517292,0
LQD.US,5,20251223,161000,109.99,110.005,109.985,110.005,298532,0
LQD.US,5,20251223,161500,110.0094,110.02,109.99,109.995,118316,0
LQD.US,5,20251223,162000,110,110.02,110,110.015,385578,0
LQD.US,5,20251223,162500,110.015,110.035,110.01,110.0101,313133,0
LQD.US,5,20251223,163000,110.02,110.05,110.015,110.045,149684,0
LQD.US,5,20251223,163500,110.0427,110.05,109.99,110.0156,429740,0
LQD.US,5,20251223,164000,110.02,110.06,110.02,110.06,58088,0
LQD.US,5,20251223,164500,110.0599,110.09,110.0501,110.0772,262719,0
LQD.US,5,20251223,165000,110.07,110.08,110.0501,110.08,104336,0
LQD.US,5,20251223,165500,110.08,110.1,110.06,110.085,92642,0
LQD.US,5,20251223,170000,110.08,110.1089,110.08,110.085,160187,0
LQD.US,5,20251223,170500,110.0808,110.1,110.08,110.1,87098,0
LQD.US,5,20251223,171000,110.1006,110.115,110.0901,110.095,78245,0
LQD.US,5,20251223,171500,110.095,110.13,110.095,110.129,124672,0
LQD.US,5,20251223,172000,110.1212,110.13,110.11,110.125,63432,0
LQD.US,5,20251223,172500,110.13,110.16,110.12,110.1401,63473,0
LQD.US,5,20251223,173000,110.15,110.17,110.12,110.17,337872,0
LQD.US,5,20251223,173500,110.17,110.18,110.15,110.17,96961,0
LQD.US,5,20251223,174000,110.164,110.18,110.15,110.1775,89636,0
LQD.US,5,20251223,174500,110.17,110.19,110.16,110.18,119973,0
LQD.US,5,20251223,175000,110.18,110.18,110.155,110.1592,54759,0
LQD.US,5,20251223,175500,110.16,110.17,110.1505,110.165,73229,0
LQD.US,5,20251223,180000,110.165,110.19,110.165,110.185,46584,0
LQD.US,5,20251223,180500,110.19,110.217,110.18,110.2,691276,0
LQD.US,5,20251223,181000,110.2,110.225,110.1999,110.205,131963,0
LQD.US,5,20251223,181500,110.205,110.215,110.195,110.21,73506,0
LQD.US,5,20251223,182000,110.21,110.21,110.18,110.1829,135017,0
LQD.US,5,20251223,182500,110.185,110.2073,110.18,110.2,123516,0
LQD.US,5,20251223,183000,110.19,110.21,110.185,110.205,151939,0
LQD.US,5,20251223,183500,110.21,110.23,110.2,110.22,74757,0
LQD.US,5,20251223,184000,110.22,110.22,110.2,110.22,78468,0
LQD.US,5,20251223,184500,110.215,110.215,110.195,110.205,61849,0
LQD.US,5,20251223,185000,110.21,110.215,110.2,110.205,67497,0
LQD.US,5,20251223,185500,110.2,110.2,110.16,110.17,130438,0
LQD.US,5,20251223,190000,110.16,110.195,110.14,110.15,562345,0
LQD.US,5,20251223,190500,110.15,110.195,110.15,110.175,161127,0
LQD.US,5,20251223,191000,110.175,110.195,110.175,110.185,64098,0
LQD.US,5,20251223,191500,110.18,110.19,110.17,110.185,82535,0
LQD.US,5,20251223,192000,110.185,110.205,110.185,110.195,132531,0
LQD.US,5,20251223,192500,110.195,110.215,110.195,110.215,90418,0
LQD.US,5,20251223,193000,110.215,110.22,110.2,110.205,33030,0
LQD.US,5,20251223,193500,110.205,110.215,110.195,110.21,174012,0
LQD.US,5,20251223,194000,110.2158,110.23,110.2,110.21,166834,0
LQD.US,5,20251223,194500,110.21,110.22,110.2,110.215,181211,0
LQD.US,5,20251223,195000,110.2199,110.23,110.2101,110.225,45183,0
LQD.US,5,20251223,195500,110.225,110.23,110.22,110.225,27005,0
LQD.US,5,20251223,200000,110.2219,110.23,110.22,110.23,98201,0
LQD.US,5,20251223,200500,110.23,110.23,110.185,110.195,363230,0
LQD.US,5,20251223,201000,110.195,110.21,110.19,110.195,179577,0
LQD.US,5,20251223,201500,110.195,110.21,110.1843,110.185,132173,0
LQD.US,5,20251223,202000,110.185,110.21,110.185,110.205,174200,0
LQD.US,5,20251223,202500,110.205,110.215,110.2,110.2099,112461,0
LQD.US,5,20251223,203000,110.21,110.22,110.205,110.215,78137,0
LQD.US,5,20251223,203500,110.21,110.21,110.2,110.21,55765,0
LQD.US,5,20251223,204000,110.21,110.21,110.2001,110.21,40262,0
LQD.US,5,20251223,204500,110.21,110.22,110.2,110.22,104971,0
LQD.US,5,20251223,205000,110.215,110.22,110.2101,110.22,35571,0
LQD.US,5,20251223,205500,110.22,110.2378,110.21,110.23,224209,0
LQD.US,5,20251223,210000,110.2212,110.25,110.2212,110.2423,130104,0
LQD.US,5,20251223,210500,110.245,110.25,110.24,110.245,32966,0
LQD.US,5,20251223,211000,110.245,110.25,110.23,110.245,243705,0
LQD.US,5,20251223,211500,110.245,110.26,110.24,110.255,128240,0
LQD.US,5,20251223,212000,110.255,110.26,110.25,110.255,138215,0
LQD.US,5,20251223,212500,110.255,110.255,110.24,110.245,364028,0
LQD.US,5,20251223,213000,110.245,110.26,110.24,110.255,278493,0
LQD.US,5,20251223,213500,110.255,110.2657,110.2512,110.265,127907,0
LQD.US,5,20251223,214000,110.265,110.27,110.2501,110.255,134856,0
LQD.US,5,20251223,214500,110.255,110.26,110.2301,110.24,157851,0
LQD.US,5,20251223,215000,110.24,110.24,110.185,110.205,1219438,0
LQD.US,5,20251223,215500,110.205,110.22,110.18,110.22,1580235,0
LQD.US,5,20251224,153000,110.395,110.44,110.385,110.385,62173,0
LQD.US,5,20251224,153500,110.3827,110.41,110.37,110.405,97250,0
LQD.US,5,20251224,154000,110.4,110.4,110.38,110.38,295817,0
LQD.US,5,20251224,154500,110.375,110.4,110.3702,110.385,122146,0
LQD.US,5,20251224,155000,110.38,110.39,110.37,110.375,110342,0
LQD.US,5,20251224,155500,110.38,110.38,110.345,110.355,104624,0
LQD.US,5,20251224,160000,110.36,110.3882,110.3502,110.355,280398,0
LQD.US,5,20251224,160500,110.355,110.36,110.3419,110.345,132279,0
LQD.US,5,20251224,161000,110.345,110.39,110.34,110.385,107815,0
LQD.US,5,20251224,161500,110.39,110.4,110.38,110.385,108221,0
LQD.US,5,20251224,162000,110.385,110.42,110.385,110.41,151725,0
LQD.US,5,20251224,162500,110.4167,110.42,110.4,110.4,120526,0
LQD.US,5,20251224,163000,110.41,110.42,110.4,110.42,147244,0
LQD.US,5,20251224,163500,110.425,110.43,110.4092,110.43,172275,0
LQD.US,5,20251224,164000,110.43,110.44,110.43,110.435,40649,0
LQD.US,5,20251224,164500,110.44,110.45,110.42,110.425,205128,0
LQD.US,5,20251224,165000,110.4201,110.43,110.42,110.43,8599,0
LQD.US,5,20251224,165500,110.425,110.44,110.41,110.43,63053,0
LQD.US,5,20251224,170000,110.43,110.45,110.43,110.45,62322,0
LQD.US,5,20251224,170500,110.45,110.465,110.44,110.445,145413,0
LQD.US,5,20251224,171000,110.45,110.47,110.445,110.47,128037,0
LQD.US,5,20251224,171500,110.47,110.5,110.46,110.495,25663,0
LQD.US,5,20251224,172000,110.5,110.5,110.47,110.48,198948,0
LQD.US,5,20251224,172500,110.475,110.48,110.4625,110.48,99733,0
LQD.US,5,20251224,173000,110.485,110.545,110.48,110.545,178502,0
LQD.US,5,20251224,173500,110.545,110.6084,110.5423,110.58,122941,0
LQD.US,5,20251224,174000,110.585,110.625,110.575,110.5784,139703,0
LQD.US,5,20251224,174500,110.575,110.59,110.56,110.565,142684,0
LQD.US,5,20251224,175000,110.57,110.605,110.565,110.595,47685,0
LQD.US,5,20251224,175500,110.595,110.61,110.5832,110.6076,39157,0
LQD.US,5,20251224,180000,110.605,110.62,110.585,110.6,248080,0
LQD.US,5,20251224,180500,110.6,110.615,110.5884,110.5884,178656,0
LQD.US,5,20251224,181000,110.59,110.6,110.56,110.565,154197,0
LQD.US,5,20251224,181500,110.56,110.58,110.55,110.57,183606,0
LQD.US,5,20251224,182000,110.575,110.5978,110.57,110.59,76437,0
LQD.US,5,20251224,182500,110.585,110.59,110.575,110.58,222634,0
LQD.US,5,20251224,183000,110.575,110.59,110.5723,110.5799,84957,0
LQD.US,5,20251224,183500,110.575,110.58,110.5714,110.575,47447,0
LQD.US,5,20251224,184000,110.575,110.585,110.565,110.565,93925,0
LQD.US,5,20251224,184500,110.5693,110.6,110.5635,110.59,56570,0
LQD.US,5,20251224,185000,110.59,110.65,110.585,110.65,362019,0
LQD.US,5,20251224,185500,110.645,110.65,110.62,110.64,576731,0
LQD.US,5,20251224,190000,110.64,110.65,110.64,110.65,149058,0
LQD.US,5,20251226,153000,110.745,110.77,110.74,110.765,80816,0
LQD.US,5,20251226,153500,110.76,110.79,110.755,110.79,44881,0
LQD.US,5,20251226,154000,110.785,110.8,110.76,110.76,89153,0
LQD.US,5,20251226,154500,110.765,110.775,110.715,110.72,57524,0
LQD.US,5,20251226,155000,110.72,110.73,110.71,110.71,81511,0
LQD.US,5,20251226,155500,110.72,110.73,110.7132,110.725,183036,0
LQD.US,5,20251226,160000,110.725,110.735,110.7145,110.725,305835,0
LQD.US,5,20251226,160500,110.725,110.73,110.7139,110.7139,127201,0
LQD.US,5,20251226,161000,110.72,110.73,110.715,110.7165,48997,0
LQD.US,5,20251226,161500,110.715,110.73,110.695,110.715,194387,0
LQD.US,5,20251226,162000,110.72,110.73,110.7,110.705,64520,0
LQD.US,5,20251226,162500,110.7,110.705,110.6699,110.6969,54348,0
LQD.US,5,20251226,163000,110.695,110.7,110.6774,110.695,93504,0
LQD.US,5,20251226,163500,110.69,110.7,110.685,110.685,206252,0
LQD.US,5,20251226,164000,110.685,110.6999,110.675,110.6791,112804,0
LQD.US,5,20251226,164500,110.68,110.685,110.67,110.6769,64604,0
LQD.US,5,20251226,165000,110.6777,110.6868,110.67,110.675,31028,0
LQD.US,5,20251226,165500,110.6799,110.72,110.675,110.695,206009,0
LQD.US,5,20251226,170000,110.6901,110.7,110.675,110.695,97691,0
LQD.US,5,20251226,170500,110.695,110.695,110.575,110.58,150776,0
LQD.US,5,20251226,171000,110.585,110.61,110.585,110.5999,89280,0
LQD.US,5,20251226,171500,110.59,110.59,110.5,110.535,260220,0
LQD.US,5,20251226,172000,110.53,110.54,110.47,110.495,174481,0
LQD.US,5,20251226,172500,110.49,110.505,110.48,110.49,138010,0
LQD.US,5,20251226,173000,110.4886,110.5299,110.48,110.51,57849,0
LQD.US,5,20251226,173500,110.5,110.5279,110.5,110.515,58877,0
LQD.US,5,20251226,174000,110.51,110.5196,110.495,110.5196,71323,0
LQD.US,5,20251226,174500,110.515,110.54,110.51,110.54,51404,0
LQD.US,5,20251226,175000,110.54,110.54,110.5,110.515,122492,0
LQD.US,5,20251226,175500,110.51,110.51,110.49,110.505,50248,0
LQD.US,5,20251226,180000,110.505,110.52,110.49,110.4999,55061,0
LQD.US,5,20251226,180500,110.495,110.51,110.495,110.5,54832,0
LQD.US,5,20251226,181000,110.5077,110.5077,110.4801,110.495,52739,0
LQD.US,5,20251226,181500,110.495,110.5096,110.48,110.49,61254,0
LQD.US,5,20251226,182000,110.48,110.4969,110.47,110.495,78795,0
LQD.US,5,20251226,182500,110.495,110.51,110.48,110.485,83902,0
LQD.US,5,20251226,183000,110.485,110.49,110.47,110.475,90918,0
LQD.US,5,20251226,183500,110.475,110.4876,110.47,110.4799,31035,0
LQD.US,5,20251226,184000,110.475,110.5091,110.475,110.5091,81081,0
LQD.US,5,20251226,184500,110.51,110.51,110.49,110.5,56914,0
LQD.US,5,20251226,185000,110.5,110.5075,110.48,110.4894,69853,0
LQD.US,5,20251226,185500,110.49,110.5,110.485,110.5,57526,0
LQD.US,5,20251226,190000,110.51,110.51,110.4901,110.495,22783,0
LQD.US,5,20251226,190500,110.4909,110.51,110.49,110.4994,57859,0
LQD.US,5,20251226,191000,110.4903,110.5,110.485,110.485,7831,0
LQD.US,5,20251226,191500,110.485,110.5,110.48,110.49,31115,0
LQD.US,5,20251226,192000,110.5,110.51,110.49,110.505,77312,0
LQD.US,5,20251226,192500,110.505,110.515,110.4929,110.51,28216,0
LQD.US,5,20251226,193000,110.515,110.5156,110.495,110.4997,29688,0
LQD.US,5,20251226,193500,110.5,110.52,110.4984,110.52,51245,0
LQD.US,5,20251226,194000,110.52,110.53,110.5102,110.52,42189,0
LQD.US,5,20251226,194500,110.515,110.52,110.51,110.5198,9975,0
LQD.US,5,20251226,195000,110.515,110.54,110.515,110.535,20222,0
LQD.US,5,20251226,195500,110.535,110.535,110.515,110.5201,63681,0
LQD.US,5,20251226,200000,110.52,110.52,110.5,110.51,59089,0
LQD.US,5,20251226,200500,110.5,110.51,110.5,110.5,4580,0
LQD.US,5,20251226,201000,110.51,110.52,110.5,110.519,145184,0
LQD.US,5,20251226,201500,110.52,110.53,110.51,110.525,101389,0
LQD.US,5,20251226,202000,110.5299,110.54,110.52,110.535,60882,0
LQD.US,5,20251226,202500,110.54,110.5471,110.535,110.545,169399,0
LQD.US,5,20251226,203000,110.545,110.56,110.5435,110.555,111786,0
LQD.US,5,20251226,203500,110.555,110.57,110.54,110.57,130117,0
LQD.US,5,20251226,204000,110.565,110.57,110.56,110.57,97377,0
LQD.US,5,20251226,204500,110.57,110.59,110.57,110.575,110307,0
LQD.US,5,20251226,205000,110.58,110.61,110.5785,110.6072,38805,0
LQD.US,5,20251226,205500,110.605,110.62,110.595,110.615,115392,0
LQD.US,5,20251226,210000,110.62,110.64,110.61,110.635,70338,0
LQD.US,5,20251226,210500,110.635,110.635,110.6,110.6,43535,0
LQD.US,5,20251226,211000,110.6,110.64,110.6,110.635,50645,0
LQD.US,5,20251226,211500,110.635,110.65,110.6307,110.645,14402,0
LQD.US,5,20251226,212000,110.6401,110.65,110.635,110.65,66598,0
LQD.US,5,20251226,212500,110.65,110.67,110.645,110.655,133997,0
LQD.US,5,20251226,213000,110.655,110.66,110.6526,110.655,26785,0
LQD.US,5,20251226,213500,110.655,110.67,110.65,110.6668,81527,0
LQD.US,5,20251226,214000,110.665,110.67,110.655,110.67,92381,0
LQD.US,5,20251226,214500,110.6687,110.67,110.655,110.6699,149661,0
LQD.US,5,20251226,215000,110.665,110.68,110.66,110.68,217998,0
LQD.US,5,20251226,215500,110.675,110.68,110.63,110.64,3350784,0
LQD.US,5,20251229,153000,110.69,110.725,110.68,110.6939,157444,0
LQD.US,5,20251229,153500,110.695,110.75,110.69,110.735,265064,0
LQD.US,5,20251229,154000,110.735,110.755,110.721,110.73,287870,0
LQD.US,5,20251229,154500,110.725,110.745,110.705,110.71,240653,0
LQD.US,5,20251229,155000,110.7156,110.7156,110.66,110.66,359472,0
LQD.US,5,20251229,155500,110.66,110.67,110.65,110.665,41197,0
LQD.US,5,20251229,160000,110.665,110.68,110.605,110.63,277404,0
LQD.US,5,20251229,160500,110.62,110.665,110.62,110.665,290268,0
LQD.US,5,20251229,161000,110.665,110.685,110.654,110.655,998552,0
LQD.US,5,20251229,161500,110.655,110.66,110.635,110.65,117777,0
LQD.US,5,20251229,162000,110.645,110.66,110.63,110.635,79731,0
LQD.US,5,20251229,162500,110.64,110.6499,110.63,110.635,124031,0
LQD.US,5,20251229,163000,110.6399,110.6599,110.595,110.6,154565,0
LQD.US,5,20251229,163500,110.595,110.615,110.595,110.615,185229,0
LQD.US,5,20251229,164000,110.615,110.625,110.61,110.62,96374,0
LQD.US,5,20251229,164500,110.615,110.64,110.6144,110.625,74448,0
LQD.US,5,20251229,165000,110.62,110.635,110.615,110.63,168993,0
LQD.US,5,20251229,165500,110.63,110.64,110.615,110.615,347978,0
LQD.US,5,20251229,170000,110.615,110.645,110.6,110.63,671626,0
LQD.US,5,20251229,170500,110.625,110.63,110.59,110.595,1005365,0
LQD.US,5,20251229,171000,110.5969,110.63,110.595,110.625,433322,0
LQD.US,5,20251229,171500,110.625,110.63,110.62,110.625,227674,0
LQD.US,5,20251229,172000,110.625,110.64,110.62,110.6364,118934,0
LQD.US,5,20251229,172500,110.635,110.655,110.63,110.6441,76575,0
LQD.US,5,20251229,173000,110.645,110.6716,110.645,110.655,148679,0
LQD.US,5,20251229,173500,110.6599,110.67,110.655,110.665,108176,0
LQD.US,5,20251229,174000,110.665,110.685,110.66,110.665,186982,0
LQD.US,5,20251229,174500,110.67,110.68,110.66,110.6701,146721,0
LQD.US,5,20251229,175000,110.67,110.69,110.67,110.69,95019,0
LQD.US,5,20251229,175500,110.7,110.7,110.675,110.68,109284,0
LQD.US,5,20251229,180000,110.6788,110.685,110.655,110.67,112366,0
LQD.US,5,20251229,180500,110.675,110.68,110.665,110.6701,139632,0
LQD.US,5,20251229,181000,110.674,110.695,110.6701,110.695,141553,0
LQD.US,5,20251229,181500,110.69,110.69,110.675,110.675,285249,0
LQD.US,5,20251229,182000,110.675,110.68,110.675,110.68,42349,0
LQD.US,5,20251229,182500,110.6777,110.6875,110.675,110.685,182297,0
LQD.US,5,20251229,183000,110.69,110.7097,110.675,110.68,424155,0
LQD.US,5,20251229,183500,110.685,110.71,110.685,110.705,401010,0
LQD.US,5,20251229,184000,110.705,110.725,110.705,110.725,111026,0
LQD.US,5,20251229,184500,110.725,110.735,110.71,110.715,122143,0
LQD.US,5,20251229,185000,110.71,110.715,110.685,110.685,130764,0
LQD.US,5,20251229,185500,110.69,110.72,110.69,110.715,523070,0
LQD.US,5,20251229,190000,110.72,110.72,110.71,110.715,180167,0
LQD.US,5,20251229,190500,110.72,110.74,110.7,110.73,595530,0
LQD.US,5,20251229,191000,110.7334,110.7334,110.71,110.725,137377,0
LQD.US,5,20251229,191500,110.72,110.74,110.72,110.735,152892,0
LQD.US,5,20251229,192000,110.735,110.745,110.7207,110.725,175135,0
LQD.US,5,20251229,192500,110.725,110.75,110.725,110.7475,130765,0
LQD.US,5,20251229,193000,110.745,110.76,110.74,110.755,55218,0
LQD.US,5,20251229,193500,110.75,110.7599,110.735,110.735,90758,0
LQD.US,5,20251229,194000,110.735,110.74,110.73,110.735,40884,0
LQD.US,5,20251229,194500,110.74,110.75,110.73,110.745,434064,0
LQD.US,5,20251229,195000,110.74,110.755,110.74,110.755,116722,0
LQD.US,5,20251229,195500,110.755,110.7596,110.74,110.745,36792,0
LQD.US,5,20251229,200000,110.745,110.75,110.72,110.72,90330,0
LQD.US,5,20251229,200500,110.725,110.73,110.72,110.725,288400,0
LQD.US,5,20251229,201000,110.725,110.73,110.72,110.725,31122,0
LQD.US,5,20251229,201500,110.725,110.73,110.71,110.73,109630,0
LQD.US,5,20251229,202000,110.72,110.735,110.72,110.735,23625,0
LQD.US,5,20251229,202500,110.73,110.7393,110.715,110.725,77522,0
LQD.US,5,20251229,203000,110.7299,110.74,110.72,110.73,105563,0
LQD.US,5,20251229,203500,110.735,110.74,110.71,110.71,52364,0
LQD.US,5,20251229,204000,110.71,110.735,110.71,110.725,152578,0
LQD.US,5,20251229,204500,110.7279,110.7279,110.685,110.695,350698,0
LQD.US,5,20251229,205000,110.695,110.71,110.68,110.71,179311,0
LQD.US,5,20251229,205500,110.71,110.74,110.705,110.74,231497,0
LQD.US,5,20251229,210000,110.735,110.749,110.73,110.744,172316,0
LQD.US,5,20251229,210500,110.745,110.75,110.73,110.735,123905,0
LQD.US,5,20251229,211000,110.735,110.77,110.734,110.77,153659,0
LQD.US,5,20251229,211500,110.77,110.77,110.75,110.765,112746,0
LQD.US,5,20251229,212000,110.765,110.77,110.7601,110.765,25959,0
LQD.US,5,20251229,212500,110.765,110.765,110.74,110.745,120169,0
LQD.US,5,20251229,213000,110.75,110.76,110.7446,110.745,149665,0
LQD.US,5,20251229,213500,110.745,110.7499,110.74,110.745,178771,0
LQD.US,5,20251229,214000,110.745,110.7596,110.7335,110.745,154442,0
LQD.US,5,20251229,214500,110.745,110.775,110.74,110.775,269534,0
LQD.US,5,20251229,215000,110.775,110.7899,110.77,110.785,244859,0
LQD.US,5,20251229,215500,110.785,110.79,110.75,110.79,942058,0
LQD.US,5,20251230,153000,110.58,110.61,110.57,110.585,331471,0
LQD.US,5,20251230,153500,110.585,110.6,110.57,110.58,350112,0
LQD.US,5,20251230,154000,110.57,110.58,110.55,110.57,405243,0
LQD.US,5,20251230,154500,110.57,110.57,110.55,110.555,246783,0
LQD.US,5,20251230,155000,110.55,110.56,110.5201,110.535,210867,0
LQD.US,5,20251230,155500,110.53,110.5484,110.53,110.545,149564,0
LQD.US,5,20251230,160000,110.54,110.54,110.52,110.52,89170,0
LQD.US,5,20251230,160500,110.525,110.55,110.52,110.53,348736,0
LQD.US,5,20251230,161000,110.5369,110.56,110.535,110.545,163701,0
LQD.US,5,20251230,161500,110.5479,110.5486,110.51,110.515,334776,0
LQD.US,5,20251230,162000,110.515,110.53,110.51,110.525,43696,0
LQD.US,5,20251230,162500,110.525,110.56,110.525,110.54,592601,0
LQD.US,5,20251230,163000,110.54,110.59,110.54,110.585,646022,0
LQD.US,5,20251230,163500,110.585,110.6,110.54,110.555,758982,0
LQD.US,5,20251230,164000,110.56,110.56,110.475,110.505,519684,0
LQD.US,5,20251230,164500,110.505,110.54,110.5,110.535,408493,0
LQD.US,5,20251230,165000,110.535,110.55,110.525,110.525,440369,0
LQD.US,5,20251230,165500,110.525,110.55,110.52,110.54,571899,0
LQD.US,5,20251230,170000,110.54,110.565,110.54,110.55,502443,0
LQD.US,5,20251230,170500,110.555,110.588,110.555,110.5801,114283,0
LQD.US,5,20251230,171000,110.585,110.605,110.58,110.605,123776,0
LQD.US,5,20251230,171500,110.6065,110.67,110.595,110.665,406401,0
LQD.US,5,20251230,172000,110.67,110.71,110.665,110.695,136071,0
LQD.US,5,20251230,172500,110.7,110.705,110.6823,110.685,65556,0
LQD.US,5,20251230,173000,110.685,110.72,110.685,110.69,148243,0
LQD.US,5,20251230,173500,110.69,110.7,110.65,110.675,498863,0
LQD.US,5,20251230,174000,110.675,110.7,110.67,110.695,75844,0
LQD.US,5,20251230,174500,110.6998,110.74,110.6984,110.73,122641,0
LQD.US,5,20251230,175000,110.73,110.74,110.7,110.7304,97891,0
LQD.US,5,20251230,175500,110.735,110.735,110.7,110.705,50905,0
LQD.US,5,20251230,180000,110.7,110.71,110.6839,110.695,294909,0
LQD.US,5,20251230,180500,110.7,110.7,110.67,110.675,104485,0
LQD.US,5,20251230,181000,110.675,110.68,110.66,110.66,620312,0
LQD.US,5,20251230,181500,110.665,110.67,110.65,110.665,590286,0
LQD.US,5,20251230,182000,110.665,110.665,110.65,110.655,103744,0
LQD.US,5,20251230,182500,110.655,110.66,110.63,110.635,69714,0
LQD.US,5,20251230,183000,110.635,110.661,110.635,110.655,113830,0
LQD.US,5,20251230,183500,110.655,110.675,110.65,110.675,627475,0
LQD.US,5,20251230,184000,110.675,110.68,110.66,110.665,384488,0
LQD.US,5,20251230,184500,110.665,110.7,110.655,110.695,436498,0
LQD.US,5,20251230,185000,110.695,110.73,110.6911,110.725,197493,0
LQD.US,5,20251230,185500,110.725,110.725,110.715,110.725,76894,0
LQD.US,5,20251230,190000,110.725,110.74,110.72,110.73,1104753,0
LQD.US,5,20251230,190500,110.73,110.76,110.725,110.7525,336354,0
LQD.US,5,20251230,191000,110.755,110.76,110.745,110.755,118449,0
LQD.US,5,20251230,191500,110.755,110.755,110.74,110.745,72419,0
LQD.US,5,20251230,192000,110.749,110.75,110.72,110.735,405070,0
LQD.US,5,20251230,192500,110.7388,110.7531,110.735,110.7499,66614,0
LQD.US,5,20251230,193000,110.7401,110.7499,110.73,110.73,122309,0
LQD.US,5,20251230,193500,110.7308,110.74,110.715,110.72,486767,0
LQD.US,5,20251230,194000,110.71,110.7197,110.7019,110.7019,51749,0
LQD.US,5,20251230,194500,110.7025,110.72,110.7017,110.705,336580,0
LQD.US,5,20251230,195000,110.71,110.72,110.6744,110.675,295769,0
LQD.US,5,20251230,195500,110.6799,110.69,110.67,110.68,296312,0
LQD.US,5,20251230,200000,110.689,110.705,110.675,110.68,127173,0
LQD.US,5,20251230,200500,110.68,110.7079,110.68,110.695,43036,0
LQD.US,5,20251230,201000,110.695,110.715,110.69,110.71,29856,0
LQD.US,5,20251230,201500,110.715,110.72,110.7032,110.7039,27253,0
LQD.US,5,20251230,202000,110.71,110.718,110.7,110.705,23282,0
LQD.US,5,20251230,202500,110.705,110.725,110.7,110.725,30571,0
LQD.US,5,20251230,203000,110.725,110.73,110.705,110.705,71254,0
LQD.US,5,20251230,203500,110.7011,110.73,110.695,110.71,81299,0
LQD.US,5,20251230,204000,110.715,110.72,110.705,110.705,22127,0
LQD.US,5,20251230,204500,110.7039,110.7083,110.665,110.665,188737,0
LQD.US,5,20251230,205000,110.665,110.6778,110.6339,110.65,169122,0
LQD.US,5,20251230,205500,110.644,110.675,110.63,110.67,94447,0
LQD.US,5,20251230,210000,110.67,110.68,110.66,110.68,112923,0
LQD.US,5,20251230,210500,110.6703,110.685,110.66,110.665,547390,0
LQD.US,5,20251230,211000,110.665,110.67,110.66,110.6635,25603,0
LQD.US,5,20251230,211500,110.66,110.67,110.65,110.665,100468,0
LQD.US,5,20251230,212000,110.67,110.695,110.665,110.69,79317,0
LQD.US,5,20251230,212500,110.685,110.69,110.67,110.67,413232,0
LQD.US,5,20251230,213000,110.675,110.68,110.67,110.675,390940,0
LQD.US,5,20251230,213500,110.68,110.69,110.6727,110.675,138446,0
LQD.US,5,20251230,214000,110.68,110.6871,110.67,110.675,107258,0
LQD.US,5,20251230,214500,110.675,110.675,110.65,110.655,229356,0
LQD.US,5,20251230,215000,110.655,110.66,110.6401,110.645,453536,0
LQD.US,5,20251230,215500,110.645,110.665,110.62,110.66,1516287,0
LQD.US,5,20251231,153000,110.54,110.54,110.47,110.505,221816,0
LQD.US,5,20251231,153500,110.505,110.53,110.5,110.51,286145,0
LQD.US,5,20251231,154000,110.51,110.586,110.49,110.586,287043,0
LQD.US,5,20251231,154500,110.585,110.625,110.57,110.57,150692,0
LQD.US,5,20251231,155000,110.57,110.58,110.54,110.575,831856,0
LQD.US,5,20251231,155500,110.5772,110.6,110.56,110.595,761613,0
LQD.US,5,20251231,160000,110.595,110.6,110.575,110.595,458636,0
LQD.US,5,20251231,160500,110.595,110.615,110.585,110.595,398598,0
LQD.US,5,20251231,161000,110.595,110.5962,110.57,110.57,122827,0
LQD.US,5,20251231,161500,110.575,110.58,110.545,110.555,1048274,0
LQD.US,5,20251231,162000,110.555,110.57,110.5408,110.55,468136,0
LQD.US,5,20251231,162500,110.55,110.56,110.54,110.5476,85291,0
LQD.US,5,20251231,163000,110.55,110.58,110.545,110.575,451239,0
LQD.US,5,20251231,163500,110.57589,110.6,110.57,110.575,101133,0
LQD.US,5,20251231,164000,110.58,110.615,110.58,110.6099,155871,0
LQD.US,5,20251231,164500,110.605,110.625,110.58,110.58,800472,0
LQD.US,5,20251231,165000,110.59,110.595,110.58,110.59,165689,0
LQD.US,5,20251231,165500,110.59,110.6,110.58,110.595,214637,0
LQD.US,5,20251231,170000,110.59,110.6,110.53,110.545,875996,0
LQD.US,5,20251231,170500,110.54,110.545,110.48,110.515,156014,0
LQD.US,5,20251231,171000,110.51,110.54,110.5,110.535,563364,0
LQD.US,5,20251231,171500,110.535,110.5397,110.53,110.5383,150436,0
LQD.US,5,20251231,172000,110.535,110.535,110.5,110.505,80147,0
LQD.US,5,20251231,172500,110.505,110.55,110.5001,110.55,55347,0
LQD.US,5,20251231,173000,110.545,110.5468,110.525,110.535,40105,0
LQD.US,5,20251231,173500,110.535,110.55,110.51,110.545,111876,0
LQD.US,5,20251231,174000,110.545,110.575,110.545,110.565,128135,0
LQD.US,5,20251231,174500,110.565,110.57,110.56,110.57,50966,0
LQD.US,5,20251231,175000,110.565,110.58,110.564,110.58,42171,0
LQD.US,5,20251231,175500,110.5798,110.595,110.5798,110.595,44121,0
LQD.US,5,20251231,180000,110.59,110.6,110.575,110.585,290666,0
LQD.US,5,20251231,180500,110.585,110.59,110.57,110.579,75229,0
LQD.US,5,20251231,181000,110.575,110.58,110.57,110.575,546760,0
LQD.US,5,20251231,181500,110.575,110.59,110.57,110.575,67235,0
LQD.US,5,20251231,182000,110.575,110.5888,110.57,110.575,53319,0
LQD.US,5,20251231,182500,110.575,110.58,110.55,110.555,40596,0
LQD.US,5,20251231,183000,110.55,110.575,110.55,110.57,137125,0
LQD.US,5,20251231,183500,110.565,110.585,110.565,110.575,49885,0
LQD.US,5,20251231,184000,110.575,110.58,110.5601,110.5709,285120,0
LQD.US,5,20251231,184500,110.5701,110.605,110.55,110.55,253532,0
LQD.US,5,20251231,185000,110.55,110.565,110.52,110.53,388606,0
LQD.US,5,20251231,185500,110.53,110.53,110.42,110.435,579552,0
LQD.US,5,20251231,190000,110.43,110.47,110.355,110.37,581698,0
LQD.US,5,20251231,190500,110.37,110.41,110.36,110.4,232602,0
LQD.US,5,20251231,191000,110.39,110.4299,110.385,110.415,153795,0
LQD.US,5,20251231,191500,110.415,110.4299,110.4,110.41,67912,0
LQD.US,5,20251231,192000,110.41,110.4115,110.35,110.365,180344,0
LQD.US,5,20251231,192500,110.36,110.375,110.3542,110.37,113964,0
LQD.US,5,20251231,193000,110.365,110.405,110.36,110.4,51610,0
LQD.US,5,20251231,193500,110.405,110.42,110.39,110.415,65375,0
LQD.US,5,20251231,194000,110.415,110.42,110.37,110.38,137471,0
LQD.US,5,20251231,194500,110.3799,110.38,110.34,110.36,262181,0
LQD.US,5,20251231,195000,110.365,110.37,110.33,110.34,85470,0
LQD.US,5,20251231,195500,110.34,110.35,110.325,110.335,80963,0
LQD.US,5,20251231,200000,110.3392,110.37,110.33,110.3463,151631,0
LQD.US,5,20251231,200500,110.3409,110.3451,110.32,110.33,74165,0
LQD.US,5,20251231,201000,110.325,110.33,110.31,110.315,90083,0
LQD.US,5,20251231,201500,110.315,110.325,110.29,110.325,228239,0
LQD.US,5,20251231,202000,110.325,110.34,110.315,110.335,123284,0
LQD.US,5,20251231,202500,110.335,110.335,110.3221,110.325,34580,0
LQD.US,5,20251231,203000,110.325,110.335,110.285,110.285,111372,0
LQD.US,5,20251231,203500,110.28,110.315,110.28,110.295,125015,0
LQD.US,5,20251231,204000,110.3,110.305,110.295,110.3,69312,0
LQD.US,5,20251231,204500,110.294,110.3,110.285,110.295,63120,0
LQD.US,5,20251231,205000,110.295,110.3,110.2717,110.275,69117,0
LQD.US,5,20251231,205500,110.28,110.29,110.255,110.26,246153,0
LQD.US,5,20251231,210000,110.26,110.28,110.255,110.275,190074,0
LQD.US,5,20251231,210500,110.2706,110.28,110.26,110.265,111345,0
LQD.US,5,20251231,211000,110.26,110.265,110.255,110.26,98222,0
LQD.US,5,20251231,211500,110.26,110.275,110.255,110.269,64915,0
LQD.US,5,20251231,212000,110.265,110.27,110.26,110.265,40585,0
LQD.US,5,20251231,212500,110.265,110.2699,110.26,110.26,58989,0
LQD.US,5,20251231,213000,110.256,110.27,110.25,110.26,372528,0
LQD.US,5,20251231,213500,110.255,110.27,110.25,110.265,88092,0
LQD.US,5,20251231,214000,110.265,110.27,110.26,110.26,24459,0
LQD.US,5,20251231,214500,110.265,110.27,110.255,110.255,246540,0
LQD.US,5,20251231,215000,110.255,110.26,110.23,110.245,337516,0
LQD.US,5,20251231,215500,110.245,110.25,110.19,110.19,934590,0
LQD.US,5,20260102,153000,110.32,110.395,110.24,110.24,656232,0
LQD.US,5,20260102,153500,110.245,110.28,110.225,110.27,703275,0
LQD.US,5,20260102,154000,110.265,110.27,110.24,110.245,414827,0
LQD.US,5,20260102,154500,110.245,110.265,110.225,110.255,445991,0
LQD.US,5,20260102,155000,110.255,110.255,110.225,110.225,225808,0
LQD.US,5,20260102,155500,110.225,110.255,110.22,110.235,197421,0
LQD.US,5,20260102,160000,110.23,110.235,110.205,110.215,293253,0
LQD.US,5,20260102,160500,110.22,110.23,110.21,110.225,140229,0
LQD.US,5,20260102,161000,110.225,110.2299,110.19,110.195,220882,0
LQD.US,5,20260102,161500,110.195,110.2,110.175,110.19,239348,0
LQD.US,5,20260102,162000,110.195,110.21,110.17,110.195,251714,0
LQD.US,5,20260102,162500,110.195,110.22,110.19,110.21,320913,0
LQD.US,5,20260102,163000,110.205,110.21,110.18,110.18,153383,0
LQD.US,5,20260102,163500,110.185,110.19,110.175,110.185,124640,0
LQD.US,5,20260102,164000,110.185,110.185,110.16,110.17,132073,0
LQD.US,5,20260102,164500,110.165,110.2,110.165,110.1932,131278,0
LQD.US,5,20260102,165000,110.19,110.215,110.19,110.215,147760,0
LQD.US,5,20260102,165500,110.215,110.215,110.17,110.175,391802,0
LQD.US,5,20260102,170000,110.17,110.175,110.15,110.15,165386,0
LQD.US,5,20260102,170500,110.155,110.16,110.135,110.135,749905,0
LQD.US,5,20260102,171000,110.13,110.145,110.11,110.1205,394470,0
LQD.US,5,20260102,171500,110.125,110.125,110.09,110.115,129054,0
LQD.US,5,20260102,172000,110.117,110.13,110.111,110.115,118767,0
LQD.US,5,20260102,172500,110.115,110.155,110.11,110.145,280809,0
LQD.US,5,20260102,173000,110.14,110.15,110.125,110.135,153670,0
LQD.US,5,20260102,173500,110.1301,110.1394,110.11,110.115,68566,0
LQD.US,5,20260102,174000,110.115,110.12,110.105,110.115,217044,0
LQD.US,5,20260102,174500,110.11,110.115,110.06,110.0801,248532,0
LQD.US,5,20260102,175000,110.085,110.1,110.07,110.075,385389,0
LQD.US,5,20260102,175500,110.08,110.09,110.0729,110.085,144129,0
LQD.US,5,20260102,180000,110.085,110.11,110.08,110.11,167365,0
LQD.US,5,20260102,180500,110.105,110.12,110.1,110.115,558269,0
LQD.US,5,20260102,181000,110.115,110.135,110.11,110.13,112842,0
LQD.US,5,20260102,181500,110.135,110.16,110.12,110.16,181383,0
LQD.US,5,20260102,182000,110.16,110.16,110.14,110.15,42284,0
LQD.US,5,20260102,182500,110.155,110.17,110.155,110.165,71155,0
LQD.US,5,20260102,183000,110.165,110.18,110.16,110.16,106094,0
LQD.US,5,20260102,183500,110.16,110.1797,110.16,110.17,54308,0
LQD.US,5,20260102,184000,110.17,110.18,110.1612,110.175,492354,0
LQD.US,5,20260102,184500,110.175,110.18,110.17,110.17,165799,0
LQD.US,5,20260102,185000,110.175,110.175,110.145,110.165,86074,0
LQD.US,5,20260102,185500,110.17,110.195,110.165,110.185,155419,0
LQD.US,5,20260102,190000,110.185,110.19,110.18,110.185,26300,0
LQD.US,5,20260102,190500,110.185,110.185,110.165,110.165,386945,0
LQD.US,5,20260102,191000,110.165,110.17,110.14,110.14,298855,0
LQD.US,5,20260102,191500,110.14,110.15,110.13,110.145,57191,0
LQD.US,5,20260102,192000,110.145,110.15,110.13,110.14,29473,0
LQD.US,5,20260102,192500,110.135,110.135,110.11,110.115,51468,0
LQD.US,5,20260102,193000,110.115,110.115,110.07,110.0796,115847,0
LQD.US,5,20260102,193500,110.075,110.085,110.05,110.06,294318,0
LQD.US,5,20260102,194000,110.0558,110.07,110.05,110.05,110621,0
LQD.US,5,20260102,194500,110.055,110.06,110.035,110.035,95869,0
LQD.US,5,20260102,195000,110.035,110.07,110.035,110.07,60008,0
LQD.US,5,20260102,195500,110.07,110.075,110.05,110.05,111709,0
LQD.US,5,20260102,200000,110.06,110.08,110.05,110.075,142127,0
LQD.US,5,20260102,200500,110.0799,110.0889,110.07,110.085,83132,0
LQD.US,5,20260102,201000,110.09,110.09,110.06,110.07,138202,0
LQD.US,5,20260102,201500,110.08,110.08,110.065,110.07,66695,0
LQD.US,5,20260102,202000,110.075,110.075,110.0532,110.07,66784,0
LQD.US,5,20260102,202500,110.065,110.11,110.065,110.105,113255,0
LQD.US,5,20260102,203000,110.1095,110.11,110.095,110.095,59563,0
LQD.US,5,20260102,203500,110.1,110.13,110.1,110.125,257171,0
LQD.US,5,20260102,204000,110.125,110.125,110.1,110.105,381900,0
LQD.US,5,20260102,204500,110.105,110.14,110.1,110.14,201629,0
LQD.US,5,20260102,205000,110.14,110.165,110.14,110.165,365688,0
LQD.US,5,20260102,205500,110.17,110.19,110.155,110.16,568647,0
LQD.US,5,20260102,210000,110.1599,110.17,110.145,110.165,96520,0
LQD.US,5,20260102,210500,110.165,110.18,110.16,110.175,195327,0
LQD.US,5,20260102,211000,110.18,110.19,110.17,110.185,961901,0
LQD.US,5,20260102,211500,110.185,110.2,110.18,110.195,600612,0
LQD.US,5,20260102,212000,110.2,110.205,110.18,110.185,420380,0
LQD.US,5,20260102,212500,110.19,110.2,110.18,110.195,497336,0
LQD.US,5,20260102,213000,110.2,110.2,110.18,110.185,303712,0
LQD.US,5,20260102,213500,110.18,110.2,110.175,110.2,346053,0
LQD.US,5,20260102,214000,110.195,110.2,110.18,110.181,544837,0
LQD.US,5,20260102,214500,110.185,110.19,110.17,110.175,358421,0
LQD.US,5,20260102,215000,110.175,110.19,110.16,110.165,1516768,0
LQD.US,5,20260102,215500,110.165,110.19,110.16,110.16,1662817,0
LQD.US,5,20260105,153000,110.29,110.29,110.2214,110.26,477082,0
LQD.US,5,20260105,153500,110.26,110.28,110.245,110.265,338936,0
LQD.US,5,20260105,154000,110.27,110.27,110.22,110.23,567470,0
LQD.US,5,20260105,154500,110.22,110.26,110.22,110.255,349805,0
LQD.US,5,20260105,155000,110.255,110.26,110.215,110.215,101607,0
LQD.US,5,20260105,155500,110.215,110.225,110.17,110.19,293151,0
LQD.US,5,20260105,160000,110.19,110.31,110.18,110.29,645260,0
LQD.US,5,20260105,160500,110.285,110.3,110.27,110.285,221705,0
LQD.US,5,20260105,161000,110.29,110.3,110.27,110.3,565242,0
LQD.US,5,20260105,161500,110.295,110.3,110.255,110.27,331753,0
LQD.US,5,20260105,162000,110.265,110.29,110.245,110.28,377041,0
LQD.US,5,20260105,162500,110.275,110.29,110.26,110.275,158464,0
LQD.US,5,20260105,163000,110.275,110.325,110.255,110.3135,217844,0
LQD.US,5,20260105,163500,110.315,110.3162,110.27,110.27,252029,0
LQD.US,5,20260105,164000,110.275,110.29,110.26,110.26,171228,0
LQD.US,5,20260105,164500,110.26,110.285,110.24,110.2599,432579,0
LQD.US,5,20260105,165000,110.255,110.2565,110.2,110.205,153369,0
LQD.US,5,20260105,165500,110.205,110.235,110.195,110.225,179809,0
LQD.US,5,20260105,170000,110.22,110.26,110.22,110.2503,141143,0
LQD.US,5,20260105,170500,110.255,110.285,110.2401,110.285,323442,0
LQD.US,5,20260105,171000,110.28,110.29,110.27,110.285,149266,0
LQD.US,5,20260105,171500,110.29,110.31,110.285,110.295,125025,0
LQD.US,5,20260105,172000,110.295,110.315,110.295,110.31,195796,0
LQD.US,5,20260105,172500,110.31,110.345,110.31,110.335,245654,0
LQD.US,5,20260105,173000,110.335,110.36,110.33,110.355,205679,0
LQD.US,5,20260105,173500,110.35,110.39,110.34,110.365,126755,0
LQD.US,5,20260105,174000,110.37,110.415,110.365,110.415,383384,0
LQD.US,5,20260105,174500,110.415,110.43,110.41,110.43,200517,0
LQD.US,5,20260105,175000,110.43,110.48,110.43,110.435,232654,0
LQD.US,5,20260105,175500,110.44,110.45,110.42,110.445,106658,0
LQD.US,5,20260105,180000,110.445,110.4599,110.44,110.445,130254,0
LQD.US,5,20260105,180500,110.44,110.47,110.44,110.445,142261,0
LQD.US,5,20260105,181000,110.445,110.46,110.44,110.46,634934,0
LQD.US,5,20260105,181500,110.46,110.47,110.44,110.44,295984,0
LQD.US,5,20260105,182000,110.445,110.485,110.44,110.4589,1363414,0
LQD.US,5,20260105,182500,110.46,110.465,110.44,110.465,339359,0
LQD.US,5,20260105,183000,110.465,110.485,110.46,110.485,240859,0
LQD.US,5,20260105,183500,110.485,110.505,110.475,110.495,391865,0
LQD.US,5,20260105,184000,110.495,110.51,110.49,110.495,169164,0
LQD.US,5,20260105,184500,110.5,110.5,110.48,110.485,147183,0
LQD.US,5,20260105,185000,110.485,110.5,110.475,110.495,177638,0
LQD.US,5,20260105,185500,110.495,110.5,110.47,110.495,167023,0
LQD.US,5,20260105,190000,110.495,110.4999,110.48,110.485,274121,0
LQD.US,5,20260105,190500,110.485,110.495,110.47,110.485,763455,0
LQD.US,5,20260105,191000,110.485,110.506,110.48,110.4855,421603,0
LQD.US,5,20260105,191500,110.485,110.495,110.47,110.47,212379,0
LQD.US,5,20260105,192000,110.485,110.485,110.45,110.455,172107,0
LQD.US,5,20260105,192500,110.455,110.46,110.43,110.43,77094,0
LQD.US,5,20260105,193000,110.435,110.44,110.43,110.435,135708,0
LQD.US,5,20260105,193500,110.43,110.46,110.43,110.455,315004,0
LQD.US,5,20260105,194000,110.46,110.48,110.455,110.465,127908,0
LQD.US,5,20260105,194500,110.465,110.47,110.455,110.455,78988,0
LQD.US,5,20260105,195000,110.455,110.48,110.45,110.475,157681,0
LQD.US,5,20260105,195500,110.47,110.48,110.46,110.475,279351,0
LQD.US,5,20260105,200000,110.47,110.49,110.47,110.475,128984,0
LQD.US,5,20260105,200500,110.475,110.475,110.445,110.45,246131,0
LQD.US,5,20260105,201000,110.445,110.46,110.44,110.4599,80479,0
LQD.US,5,20260105,201500,110.455,110.46,110.44,110.445,113769,0
LQD.US,5,20260105,202000,110.445,110.45,110.4325,110.435,66063,0
LQD.US,5,20260105,202500,110.435,110.44,110.42,110.425,106492,0
LQD.US,5,20260105,203000,110.425,110.43,110.42,110.425,101615,0
LQD.US,5,20260105,203500,110.425,110.425,110.39,110.395,205213,0
LQD.US,5,20260105,204000,110.395,110.395,110.37,110.375,286873,0
LQD.US,5,20260105,204500,110.37,110.39,110.37,110.385,353406,0
LQD.US,5,20260105,205000,110.385,110.39,110.36,110.365,208715,0
LQD.US,5,20260105,205500,110.365,110.38,110.35,110.35,474268,0
LQD.US,5,20260105,210000,110.355,110.38,110.355,110.375,312151,0
LQD.US,5,20260105,210500,110.375,110.38,110.37,110.375,99969,0
LQD.US,5,20260105,211000,110.375,110.39,110.37,110.385,112949,0
LQD.US,5,20260105,211500,110.385,110.3984,110.36,110.365,220927,0
LQD.US,5,20260105,212000,110.365,110.39,110.365,110.39,485232,0
LQD.US,5,20260105,212500,110.39,110.4,110.38,110.395,193626,0
LQD.US,5,20260105,213000,110.395,110.4,110.39,110.4,103735,0
LQD.US,5,20260105,213500,110.395,110.42,110.39,110.415,168744,0
LQD.US,5,20260105,214000,110.42,110.42,110.405,110.41,1039479,0
LQD.US,5,20260105,214500,110.415,110.42,110.41,110.42,139764,0
LQD.US,5,20260105,215000,110.42,110.45,110.4121,110.445,478620,0
LQD.US,5,20260105,215500,110.445,110.47,110.43,110.47,1603524,0
LQD.US,5,20260106,153000,110.3,110.32,110.25,110.295,1418182,0
LQD.US,5,20260106,153500,110.295,110.32,110.29,110.295,438406,0
LQD.US,5,20260106,154000,110.29,110.3,110.27,110.3,543016,0
LQD.US,5,20260106,154500,110.295,110.355,110.295,110.315,300488,0
LQD.US,5,20260106,155000,110.32,110.375,110.31,110.375,273493,0
LQD.US,5,20260106,155500,110.375,110.415,110.36,110.4,477770,0
LQD.US,5,20260106,160000,110.4,110.405,110.37,110.385,395235,0
LQD.US,5,20260106,160500,110.3881,110.41,110.36,110.36,422321,0
LQD.US,5,20260106,161000,110.36,110.36,110.31,110.315,466287,0
LQD.US,5,20260106,161500,110.315,110.32,110.28,110.28,652810,0
LQD.US,5,20260106,162000,110.285,110.2954,110.28,110.285,172223,0
LQD.US,5,20260106,162500,110.28,110.28,110.225,110.225,182058,0
LQD.US,5,20260106,163000,110.23,110.265,110.2,110.205,282177,0
LQD.US,5,20260106,163500,110.205,110.235,110.19,110.2273,321210,0
LQD.US,5,20260106,164000,110.2292,110.25,110.2127,110.23,367447,0
LQD.US,5,20260106,164500,110.23,110.26,110.23,110.235,1129877,0
LQD.US,5,20260106,165000,110.235,110.2694,110.22,110.245,289992,0
LQD.US,5,20260106,165500,110.245,110.25,110.2101,110.235,223453,0
LQD.US,5,20260106,170000,110.235,110.235,110.18,110.185,549648,0
LQD.US,5,20260106,170500,110.185,110.2,110.125,110.1299,356811,0
LQD.US,5,20260106,171000,110.1299,110.185,110.125,110.165,147244,0
LQD.US,5,20260106,171500,110.16,110.18,110.15,110.1777,325569,0
LQD.US,5,20260106,172000,110.18,110.19,110.17,110.185,182685,0
LQD.US,5,20260106,172500,110.185,110.185,110.15,110.175,656739,0
LQD.US,5,20260106,173000,110.18,110.215,110.1799,110.19,273622,0
LQD.US,5,20260106,173500,110.19,110.2254,110.19,110.2254,133499,0
LQD.US,5,20260106,174000,110.2219,110.235,110.2,110.2,269037,0
LQD.US,5,20260106,174500,110.2,110.229,110.2,110.215,143259,0
LQD.US,5,20260106,175000,110.22,110.24,110.215,110.235,677682,0
LQD.US,5,20260106,175500,110.235,110.2567,110.23,110.255,287572,0
LQD.US,5,20260106,180000,110.255,110.2885,110.25,110.275,265128,0
LQD.US,5,20260106,180500,110.274,110.28,110.27,110.275,871578,0
LQD.US,5,20260106,181000,110.27,110.3,110.27,110.2873,180000,0
LQD.US,5,20260106,181500,110.29,110.3,110.2819,110.29,186670,0
LQD.US,5,20260106,182000,110.295,110.2975,110.265,110.28,118167,0
LQD.US,5,20260106,182500,110.28,110.3,110.28,110.295,133031,0
LQD.US,5,20260106,183000,110.295,110.33,110.295,110.325,129343,0
LQD.US,5,20260106,183500,110.325,110.33,110.285,110.3,960521,0
LQD.US,5,20260106,184000,110.305,110.35,110.305,110.335,138187,0
LQD.US,5,20260106,184500,110.335,110.34,110.33,110.335,48486,0
LQD.US,5,20260106,185000,110.335,110.34,110.33,110.335,42482,0
LQD.US,5,20260106,185500,110.335,110.355,110.33,110.35,28002,0
LQD.US,5,20260106,190000,110.35,110.37,110.335,110.346,231458,0
LQD.US,5,20260106,190500,110.345,110.36,110.33,110.355,673936,0
LQD.US,5,20260106,191000,110.36,110.37,110.335,110.335,333088,0
LQD.US,5,20260106,191500,110.335,110.34,110.315,110.335,713665,0
LQD.US,5,20260106,192000,110.34,110.35,110.3188,110.32,946770,0
LQD.US,5,20260106,192500,110.32,110.33,110.32,110.32,42563,0
LQD.US,5,20260106,193000,110.32,110.325,110.3,110.3099,87742,0
LQD.US,5,20260106,193500,110.31,110.34,110.31,110.335,150926,0
LQD.US,5,20260106,194000,110.335,110.34,110.31,110.33,395147,0
LQD.US,5,20260106,194500,110.325,110.34,110.325,110.335,260876,0
LQD.US,5,20260106,195000,110.335,110.335,110.32,110.335,132736,0
LQD.US,5,20260106,195500,110.335,110.37,110.33,110.37,247680,0
LQD.US,5,20260106,200000,110.37,110.385,110.36,110.365,154291,0
LQD.US,5,20260106,200500,110.365,110.365,110.35,110.355,138681,0
LQD.US,5,20260106,201000,110.36,110.385,110.36,110.375,287123,0
LQD.US,5,20260106,201500,110.375,110.38,110.3601,110.375,116145,0
LQD.US,5,20260106,202000,110.38,110.41,110.375,110.4,101356,0
LQD.US,5,20260106,202500,110.4,110.41,110.3922,110.405,35169,0
LQD.US,5,20260106,203000,110.41,110.415,110.38,110.38,349197,0
LQD.US,5,20260106,203500,110.385,110.39,110.375,110.38,95489,0
LQD.US,5,20260106,204000,110.38,110.3976,110.37,110.375,282153,0
LQD.US,5,20260106,204500,110.37,110.4,110.365,110.385,362990,0
LQD.US,5,20260106,205000,110.385,110.4,110.3846,110.395,42186,0
LQD.US,5,20260106,205500,110.392,110.4,110.38,110.385,298340,0
LQD.US,5,20260106,210000,110.385,110.42,110.385,110.395,404585,0
LQD.US,5,20260106,210500,110.395,110.4,110.38,110.385,121081,0
LQD.US,5,20260106,211000,110.38,110.41,110.38,110.395,223920,0
LQD.US,5,20260106,211500,110.395,110.42,110.395,110.405,538645,0
LQD.US,5,20260106,212000,110.405,110.42,110.39,110.415,383800,0
LQD.US,5,20260106,212500,110.415,110.44,110.4101,110.43,1063950,0
LQD.US,5,20260106,213000,110.425,110.43,110.4,110.415,476900,0
LQD.US,5,20260106,213500,110.415,110.44,110.41,110.44,180404,0
LQD.US,5,20260106,214000,110.445,110.46,110.44,110.445,722182,0
LQD.US,5,20260106,214500,110.445,110.46,110.44,110.46,169746,0
LQD.US,5,20260106,215000,110.455,110.48,110.45,110.475,523526,0
LQD.US,5,20260106,215500,110.475,110.48,110.445,110.47,823731,0
LQD.US,5,20260107,153000,110.76,110.785,110.71,110.76,525003,0
LQD.US,5,20260107,153500,110.755,110.76,110.69,110.7,279667,0
LQD.US,5,20260107,154000,110.7,110.715,110.675,110.695,315969,0
LQD.US,5,20260107,154500,110.7,110.745,110.685,110.69,1020098,0
LQD.US,5,20260107,155000,110.69,110.72,110.68,110.71,468504,0
LQD.US,5,20260107,155500,110.71,110.735,110.705,110.715,494735,0
LQD.US,5,20260107,160000,110.715,110.715,110.54,110.605,988911,0
LQD.US,5,20260107,160500,110.605,110.665,110.59,110.61,832020,0
LQD.US,5,20260107,161000,110.61,110.61,110.5501,110.5501,315795,0
LQD.US,5,20260107,161500,110.56,110.58,110.53,110.545,720479,0
LQD.US,5,20260107,162000,110.545,110.55,110.525,110.54,372687,0
LQD.US,5,20260107,162500,110.54,110.585,110.525,110.575,455947,0
LQD.US,5,20260107,163000,110.575,110.615,110.575,110.6,483319,0
LQD.US,5,20260107,163500,110.61,110.645,110.61,110.63,177014,0
LQD.US,5,20260107,164000,110.6347,110.67,110.6347,110.645,187064,0
LQD.US,5,20260107,164500,110.645,110.65,110.62,110.649,133096,0
LQD.US,5,20260107,165000,110.65,110.65,110.615,110.645,172967,0
LQD.US,5,20260107,165500,110.64,110.68,110.6346,110.67,167770,0
LQD.US,5,20260107,170000,110.675,110.71,110.64,110.695,1261146,0
LQD.US,5,20260107,170500,110.685,110.715,110.685,110.685,266096,0
LQD.US,5,20260107,171000,110.684,110.685,110.645,110.65,160785,0
LQD.US,5,20260107,171500,110.65,110.68,110.645,110.665,171942,0
LQD.US,5,20260107,172000,110.67,110.67,110.645,110.66,148859,0
LQD.US,5,20260107,172500,110.66,110.68,110.65,110.68,261903,0
LQD.US,5,20260107,173000,110.68,110.71,110.66,110.695,455191,0
LQD.US,5,20260107,173500,110.69,110.71,110.69,110.7065,67094,0
LQD.US,5,20260107,174000,110.7,110.72,110.7,110.705,86972,0
LQD.US,5,20260107,174500,110.705,110.71,110.69,110.695,137965,0
LQD.US,5,20260107,175000,110.695,110.7,110.66,110.675,187330,0
LQD.US,5,20260107,175500,110.6799,110.69,110.67,110.685,250364,0
LQD.US,5,20260107,180000,110.685,110.75,110.685,110.745,183589,0
LQD.US,5,20260107,180500,110.74,110.77,110.725,110.765,611241,0
LQD.US,5,20260107,181000,110.765,110.765,110.72,110.73,205291,0
LQD.US,5,20260107,181500,110.73,110.735,110.71,110.725,89392,0
LQD.US,5,20260107,182000,110.725,110.7399,110.72,110.7341,55582,0
LQD.US,5,20260107,182500,110.74,110.785,110.735,110.775,215913,0
LQD.US,5,20260107,183000,110.78,110.7999,110.77,110.775,109372,0
LQD.US,5,20260107,183500,110.775,110.78,110.76,110.765,135052,0
LQD.US,5,20260107,184000,110.76,110.77,110.74,110.75,168494,0
LQD.US,5,20260107,184500,110.75,110.77,110.745,110.765,324120,0
LQD.US,5,20260107,185000,110.76,110.77,110.7485,110.7637,128332,0
LQD.US,5,20260107,185500,110.77,110.775,110.745,110.7499,177925,0
LQD.US,5,20260107,190000,110.7494,110.76,110.73,110.745,73482,0
LQD.US,5,20260107,190500,110.745,110.75,110.73,110.735,649244,0
LQD.US,5,20260107,191000,110.735,110.74,110.715,110.715,238195,0
LQD.US,5,20260107,191500,110.71,110.73,110.695,110.715,134899,0
LQD.US,5,20260107,192000,110.71,110.73,110.71,110.725,160162,0
LQD.US,5,20260107,192500,110.725,110.74,110.72,110.735,81005,0
LQD.US,5,20260107,193000,110.735,110.735,110.715,110.725,323225,0
LQD.US,5,20260107,193500,110.725,110.73,110.715,110.719,90735,0
LQD.US,5,20260107,194000,110.7199,110.73,110.71,110.72,69583,0
LQD.US,5,20260107,194500,110.725,110.74,110.705,110.7303,124682,0
LQD.US,5,20260107,195000,110.73,110.74,110.725,110.7299,57060,0
LQD.US,5,20260107,195500,110.7246,110.725,110.705,110.71,70326,0
LQD.US,5,20260107,200000,110.71,110.715,110.695,110.705,125967,0
LQD.US,5,20260107,200500,110.705,110.72,110.65,110.65,441224,0
LQD.US,5,20260107,201000,110.65,110.66,110.64,110.66,133054,0
LQD.US,5,20260107,201500,110.66,110.67,110.655,110.655,94728,0
LQD.US,5,20260107,202000,110.655,110.66,110.645,110.655,76944,0
LQD.US,5,20260107,202500,110.66,110.66,110.65,110.655,25523,0
LQD.US,5,20260107,203000,110.655,110.66,110.645,110.66,67544,0
LQD.US,5,20260107,203500,110.66,110.67,110.65,110.66,56937,0
LQD.US,5,20260107,204000,110.66,110.67,110.6501,110.67,134224,0
LQD.US,5,20260107,204500,110.6699,110.69,110.66,110.675,280896,0
LQD.US,5,20260107,205000,110.675,110.7,110.67,110.69,450555,0
LQD.US,5,20260107,205500,110.695,110.6976,110.6701,110.685,294115,0
LQD.US,5,20260107,210000,110.685,110.7,110.68,110.6832,144878,0
LQD.US,5,20260107,210500,110.685,110.685,110.64,110.645,366614,0
LQD.US,5,20260107,211000,110.65,110.67,110.64,110.64,397879,0
LQD.US,5,20260107,211500,110.64,110.65,110.6201,110.645,130890,0
LQD.US,5,20260107,212000,110.645,110.6489,110.6201,110.625,222824,0
LQD.US,5,20260107,212500,110.63,110.63,110.61,110.615,222578,0
LQD.US,5,20260107,213000,110.615,110.62,110.61,110.61,433507,0
LQD.US,5,20260107,213500,110.61,110.63,110.605,110.615,954598,0
LQD.US,5,20260107,214000,110.615,110.63,110.61,110.625,212256,0
LQD.US,5,20260107,214500,110.625,110.63,110.6,110.605,317783,0
LQD.US,5,20260107,215000,110.6,110.62,110.6,110.605,300006,0
LQD.US,5,20260107,215500,110.605,110.605,110.55,110.565,1541578,0
LQD.US,5,20260108,153000,110.19,110.255,110.19,110.245,354691,0
LQD.US,5,20260108,153500,110.245,110.25,110.215,110.23,240036,0
LQD.US,5,20260108,154000,110.225,110.25,110.215,110.245,250344,0
LQD.US,5,20260108,154500,110.245,110.26,110.23,110.255,479143,0
LQD.US,5,20260108,155000,110.255,110.31,110.255,110.305,404732,0
LQD.US,5,20260108,155500,110.305,110.36,110.305,110.33,282425,0
LQD.US,5,20260108,160000,110.335,110.34,110.29,110.315,311806,0
LQD.US,5,20260108,160500,110.315,110.33,110.3,110.315,677552,0
LQD.US,5,20260108,161000,110.315,110.3276,110.295,110.305,501971,0
LQD.US,5,20260108,161500,110.3,110.32,110.29,110.305,297857,0
LQD.US,5,20260108,162000,110.305,110.31,110.2901,110.295,201926,0
LQD.US,5,20260108,162500,110.3,110.34,110.29,110.295,798522,0
LQD.US,5,20260108,163000,110.295,110.3,110.28,110.29,145356,0
LQD.US,5,20260108,163500,110.29,110.295,110.27,110.28,217200,0
LQD.US,5,20260108,164000,110.2793,110.31,110.275,110.305,235717,0
LQD.US,5,20260108,164500,110.31,110.35,110.3,110.345,140735,0
LQD.US,5,20260108,165000,110.345,110.355,110.33,110.335,119894,0
LQD.US,5,20260108,165500,110.335,110.35,110.33,110.35,176823,0
LQD.US,5,20260108,170000,110.34,110.35,110.33,110.3499,284024,0
LQD.US,5,20260108,170500,110.345,110.345,110.31,110.335,241134,0
LQD.US,5,20260108,171000,110.33,110.345,110.32,110.335,116542,0
LQD.US,5,20260108,171500,110.335,110.34,110.32,110.325,647430,0
LQD.US,5,20260108,172000,110.325,110.325,110.31,110.31,356504,0
LQD.US,5,20260108,172500,110.315,110.33,110.31,110.325,173647,0
LQD.US,5,20260108,173000,110.325,110.345,110.32,110.345,207216,0
LQD.US,5,20260108,173500,110.34,110.3454,110.33,110.33,168484,0
LQD.US,5,20260108,174000,110.335,110.36,110.33,110.355,777168,0
LQD.US,5,20260108,174500,110.355,110.365,110.34,110.355,470857,0
LQD.US,5,20260108,175000,110.36,110.3694,110.35,110.36,265064,0
LQD.US,5,20260108,175500,110.3601,110.39,110.3601,110.366,106361,0
LQD.US,5,20260108,180000,110.3676,110.3676,110.34,110.34,38273,0
LQD.US,5,20260108,180500,110.3412,110.365,110.34,110.345,86917,0
LQD.US,5,20260108,181000,110.35,110.38,110.35,110.37,293499,0
LQD.US,5,20260108,181500,110.365,110.38,110.36,110.375,141679,0
LQD.US,5,20260108,182000,110.375,110.39,110.35,110.355,397509,0
LQD.US,5,20260108,182500,110.355,110.36,110.32,110.325,123006,0
LQD.US,5,20260108,183000,110.325,110.33,110.3,110.3094,167051,0
LQD.US,5,20260108,183500,110.31,110.31,110.28,110.29,281476,0
LQD.US,5,20260108,184000,110.29,110.315,110.285,110.31,487820,0
LQD.US,5,20260108,184500,110.315,110.34,110.31,110.315,756204,0
LQD.US,5,20260108,185000,110.315,110.325,110.31,110.3125,374262,0
LQD.US,5,20260108,185500,110.32,110.3394,110.315,110.325,116799,0
LQD.US,5,20260108,190000,110.32,110.32,110.29,110.295,79350,0
LQD.US,5,20260108,190500,110.295,110.3099,110.28,110.3099,150858,0
LQD.US,5,20260108,191000,110.3,110.309,110.295,110.3,69271,0
LQD.US,5,20260108,191500,110.305,110.325,110.29,110.325,160800,0
LQD.US,5,20260108,192000,110.322,110.34,110.31,110.325,112237,0
LQD.US,5,20260108,192500,110.325,110.345,110.32,110.33,791383,0
LQD.US,5,20260108,193000,110.335,110.35,110.325,110.34,104978,0
LQD.US,5,20260108,193500,110.345,110.35,110.33,110.33,60402,0
LQD.US,5,20260108,194000,110.33,110.3399,110.32,110.3376,17818,0
LQD.US,5,20260108,194500,110.33,110.335,110.32,110.32,87424,0
LQD.US,5,20260108,195000,110.325,110.33,110.29,110.305,608926,0
LQD.US,5,20260108,195500,110.31,110.31,110.28,110.295,390686,0
LQD.US,5,20260108,200000,110.295,110.31,110.28,110.305,133253,0
LQD.US,5,20260108,200500,110.3075,110.32,110.3,110.305,499414,0
LQD.US,5,20260108,201000,110.305,110.31,110.29,110.295,99038,0
LQD.US,5,20260108,201500,110.295,110.3,110.275,110.285,147626,0
LQD.US,5,20260108,202000,110.285,110.3,110.28,110.28,76305,0
LQD.US,5,20260108,202500,110.28,110.2801,110.26,110.265,49079,0
LQD.US,5,20260108,203000,110.26,110.28,110.25,110.275,241819,0
LQD.US,5,20260108,203500,110.275,110.29,110.27,110.29,116382,0
LQD.US,5,20260108,204000,110.285,110.3,110.27,110.275,143484,0
LQD.US,5,20260108,204500,110.28,110.28,110.25,110.255,187893,0
LQD.US,5,20260108,205000,110.256,110.265,110.25,110.2589,61704,0
LQD.US,5,20260108,205500,110.255,110.28,110.25,110.275,129969,0
LQD.US,5,20260108,210000,110.275,110.28,110.245,110.265,204974,0
LQD.US,5,20260108,210500,110.265,110.265,110.25,110.25,54429,0
LQD.US,5,20260108,211000,110.25,110.28,110.25,110.275,62908,0
LQD.US,5,20260108,211500,110.28,110.28,110.245,110.26,136909,0
LQD.US,5,20260108,212000,110.26,110.285,110.26,110.28,164527,0
LQD.US,5,20260108,212500,110.275,110.29,110.27,110.28,121783,0
LQD.US,5,20260108,213000,110.28,110.3,110.28,110.29,131811,0
LQD.US,5,20260108,213500,110.2899,110.29,110.2741,110.2754,80996,0
LQD.US,5,20260108,214000,110.28,110.29,110.26,110.275,378746,0
LQD.US,5,20260108,214500,110.275,110.29,110.265,110.27,260386,0
LQD.US,5,20260108,215000,110.27,110.28,110.26,110.27,473609,0
LQD.US,5,20260108,215500,110.265,110.29,110.23,110.24,3458485,0
LQD.US,5,20260109,153000,110.32,110.33,110.26,110.32,708879,0
LQD.US,5,20260109,153500,110.32,110.34,110.28,110.295,638631,0
LQD.US,5,20260109,154000,110.3,110.32,110.235,110.235,552957,0
LQD.US,5,20260109,154500,110.24,110.265,110.215,110.235,458480,0
LQD.US,5,20260109,155000,110.235,110.315,110.235,110.305,298764,0
LQD.US,5,20260109,155500,110.31,110.36,110.3,110.3546,404505,0
LQD.US,5,20260109,160000,110.36,110.445,110.335,110.385,708560,0
LQD.US,5,20260109,160500,110.385,110.51,110.385,110.46,876441,0
LQD.US,5,20260109,161000,110.465,110.54,110.455,110.535,424868,0
LQD.US,5,20260109,161500,110.535,110.5406,110.48,110.5299,584301,0
LQD.US,5,20260109,162000,110.53,110.55,110.46,110.49,811202,0
LQD.US,5,20260109,162500,110.495,110.5,110.445,110.4616,589531,0
LQD.US,5,20260109,163000,110.47,110.58,110.47,110.565,775632,0
LQD.US,5,20260109,163500,110.565,110.61,110.555,110.565,735865,0
LQD.US,5,20260109,164000,110.565,110.6101,110.565,110.595,476180,0
LQD.US,5,20260109,164500,110.595,110.6,110.54,110.555,217002,0
LQD.US,5,20260109,165000,110.56,110.6,110.555,110.585,833512,0
LQD.US,5,20260109,165500,110.585,110.59,110.56,110.58,535870,0
LQD.US,5,20260109,170000,110.58,110.62,110.565,110.615,470826,0
LQD.US,5,20260109,170500,110.62,110.665,110.615,110.64,182416,0
LQD.US,5,20260109,171000,110.64,110.67,110.635,110.64,112816,0
LQD.US,5,20260109,171500,110.63,110.64,110.59,110.61,173338,0
LQD.US,5,20260109,172000,110.615,110.615,110.555,110.565,156014,0
LQD.US,5,20260109,172500,110.565,110.58,110.56,110.565,265365,0
LQD.US,5,20260109,173000,110.565,110.565,110.52,110.525,165119,0
LQD.US,5,20260109,173500,110.53,110.59,110.5235,110.585,196282,0
LQD.US,5,20260109,174000,110.59,110.6,110.57,110.585,143317,0
LQD.US,5,20260109,174500,110.58,110.615,110.564,110.615,151796,0
LQD.US,5,20260109,175000,110.6127,110.62,110.585,110.62,141452,0
LQD.US,5,20260109,175500,110.615,110.615,110.575,110.595,92594,0
LQD.US,5,20260109,180000,110.595,110.62,110.57,110.57,295209,0
LQD.US,5,20260109,180500,110.575,110.58,110.55,110.555,322935,0
LQD.US,5,20260109,181000,110.555,110.62,110.555,110.61,333463,0
LQD.US,5,20260109,181500,110.61,110.62,110.585,110.61,334475,0
LQD.US,5,20260109,182000,110.61,110.62,110.595,110.6159,159769,0
LQD.US,5,20260109,182500,110.615,110.63,110.6,110.625,164612,0
LQD.US,5,20260109,183000,110.625,110.66,110.605,110.645,137224,0
LQD.US,5,20260109,183500,110.645,110.66,110.605,110.61,339878,0
LQD.US,5,20260109,184000,110.61,110.61,110.57,110.5801,146184,0
LQD.US,5,20260109,184500,110.585,110.61,110.5741,110.58,105868,0
LQD.US,5,20260109,185000,110.58,110.59,110.565,110.57,101824,0
LQD.US,5,20260109,185500,110.57,110.57,110.525,110.5299,230677,0
LQD.US,5,20260109,190000,110.525,110.55,110.521,110.53,104966,0
LQD.US,5,20260109,190500,110.53,110.575,110.52,110.575,167514,0
LQD.US,5,20260109,191000,110.5712,110.58,110.55,110.565,75105,0
LQD.US,5,20260109,191500,110.565,110.59,110.565,110.58,60445,0
LQD.US,5,20260109,192000,110.575,110.59,110.56,110.565,68304,0
LQD.US,5,20260109,192500,110.565,110.58,110.5546,110.575,153941,0
LQD.US,5,20260109,193000,110.58,110.615,110.58,110.615,128927,0
LQD.US,5,20260109,193500,110.615,110.66,110.615,110.655,134688,0
LQD.US,5,20260109,194000,110.655,110.67,110.635,110.635,383120,0
LQD.US,5,20260109,194500,110.635,110.65,110.615,110.63,450542,0
LQD.US,5,20260109,195000,110.635,110.64,110.615,110.6207,269678,0
LQD.US,5,20260109,195500,110.62,110.62,110.59,110.595,126505,0
LQD.US,5,20260109,200000,110.59,110.6,110.58,110.59,158375,0
LQD.US,5,20260109,200500,110.595,110.6,110.575,110.58,136951,0
LQD.US,5,20260109,201000,110.5861,110.6,110.58,110.595,69919,0
LQD.US,5,20260109,201500,110.59,110.605,110.575,110.595,221563,0
LQD.US,5,20260109,202000,110.595,110.615,110.595,110.615,109729,0
LQD.US,5,20260109,202500,110.615,110.64,110.61,110.635,449060,0
LQD.US,5,20260109,203000,110.635,110.645,110.62,110.635,151448,0
LQD.US,5,20260109,203500,110.635,110.64,110.6,110.6,158219,0
LQD.US,5,20260109,204000,110.6,110.62,110.595,110.615,399315,0
LQD.US,5,20260109,204500,110.615,110.64,110.61,110.635,347194,0
LQD.US,5,20260109,205000,110.635,110.64,110.61,110.615,450642,0
LQD.US,5,20260109,205500,110.615,110.615,110.59,110.6,753171,0
LQD.US,5,20260109,210000,110.6,110.61,110.575,110.575,670701,0
LQD.US,5,20260109,210500,110.575,110.61,110.57,110.605,423777,0
LQD.US,5,20260109,211000,110.605,110.61,110.59,110.6,311502,0
LQD.US,5,20260109,211500,110.6,110.63,110.595,110.625,209954,0
LQD.US,5,20260109,212000,110.62,110.63,110.61,110.625,98772,0
LQD.US,5,20260109,212500,110.625,110.63,110.61,110.625,101552,0
LQD.US,5,20260109,213000,110.63,110.63,110.605,110.61,114270,0
LQD.US,5,20260109,213500,110.61,110.61,110.59,110.605,285184,0
LQD.US,5,20260109,214000,110.605,110.61,110.58,110.5861,301060,0
LQD.US,5,20260109,214500,110.59,110.61,110.585,110.6,331651,0
LQD.US,5,20260109,215000,110.605,110.625,110.593,110.625,743977,0
LQD.US,5,20260109,215500,110.625,110.64,110.62,110.64,1847378,0
LQD.US,5,20260112,153000,110.37,110.39,110.315,110.385,1190330,0
LQD.US,5,20260112,153500,110.385,110.42,110.38,110.415,649516,0
LQD.US,5,20260112,154000,110.415,110.455,110.41,110.4394,470129,0
LQD.US,5,20260112,154500,110.44,110.46,110.43,110.445,681508,0
LQD.US,5,20260112,155000,110.45,110.475,110.44,110.45,499187,0
LQD.US,5,20260112,155500,110.45,110.45,110.425,110.435,90059,0
LQD.US,5,20260112,160000,110.435,110.44,110.39,110.42,179462,0
LQD.US,5,20260112,160500,110.425,110.44,110.41,110.43,106422,0
LQD.US,5,20260112,161000,110.425,110.48,110.425,110.475,225466,0
LQD.US,5,20260112,161500,110.475,110.51,110.465,110.505,163447,0
LQD.US,5,20260112,162000,110.505,110.5184,110.49,110.505,141711,0
LQD.US,5,20260112,162500,110.5,110.515,110.485,110.49,189468,0
LQD.US,5,20260112,163000,110.49,110.515,110.485,110.495,102613,0
LQD.US,5,20260112,163500,110.495,110.5,110.485,110.495,145765,0
LQD.US,5,20260112,164000,110.49,110.51,110.475,110.5099,66733,0
LQD.US,5,20260112,164500,110.5055,110.57,110.5055,110.56,157909,0
LQD.US,5,20260112,165000,110.55,110.58,110.5399,110.5601,136174,0
LQD.US,5,20260112,165500,110.56,110.575,110.5435,110.55,216734,0
LQD.US,5,20260112,170000,110.555,110.57,110.54,110.54,185992,0
LQD.US,5,20260112,170500,110.545,110.545,110.505,110.525,243272,0
LQD.US,5,20260112,171000,110.525,110.54,110.505,110.505,343573,0
LQD.US,5,20260112,171500,110.51,110.55,110.51,110.545,276260,0
LQD.US,5,20260112,172000,110.545,110.56,110.54,110.555,148148,0
LQD.US,5,20260112,172500,110.56,110.565,110.53,110.535,389532,0
LQD.US,5,20260112,173000,110.535,110.5389,110.49,110.495,861077,0
LQD.US,5,20260112,173500,110.495,110.515,110.475,110.5,775877,0
LQD.US,5,20260112,174000,110.5011,110.515,110.48,110.505,252129,0
LQD.US,5,20260112,174500,110.505,110.56,110.505,110.545,269980,0
LQD.US,5,20260112,175000,110.55,110.56,110.53,110.55,195644,0
LQD.US,5,20260112,175500,110.5587,110.57,110.545,110.545,278593,0
LQD.US,5,20260112,180000,110.55,110.635,110.55,110.615,943914,0
LQD.US,5,20260112,180500,110.615,110.64,110.6101,110.64,402015,0
LQD.US,5,20260112,181000,110.635,110.64,110.61,110.615,431802,0
LQD.US,5,20260112,181500,110.615,110.62,110.575,110.575,242102,0
LQD.US,5,20260112,182000,110.57,110.59,110.565,110.585,173882,0
LQD.US,5,20260112,182500,110.585,110.6015,110.57,110.595,371210,0
LQD.US,5,20260112,183000,110.595,110.62,110.59,110.6011,400368,0
LQD.US,5,20260112,183500,110.6,110.61,110.58,110.59,263952,0
LQD.US,5,20260112,184000,110.585,110.6,110.58,110.585,102877,0
LQD.US,5,20260112,184500,110.5819,110.59,110.57,110.585,279697,0
LQD.US,5,20260112,185000,110.585,110.6,110.58,110.585,183752,0
LQD.US,5,20260112,185500,110.59,110.59,110.555,110.555,160044,0
LQD.US,5,20260112,190000,110.56,110.62,110.555,110.59,316305,0
LQD.US,5,20260112,190500,110.595,110.63,110.58,110.615,116160,0
LQD.US,5,20260112,191000,110.615,110.64,110.61,110.6299,217329,0
LQD.US,5,20260112,191500,110.625,110.63,110.6,110.62,431979,0
LQD.US,5,20260112,192000,110.615,110.65,110.61,110.645,255595,0
LQD.US,5,20260112,192500,110.65,110.65,110.6,110.605,435662,0
LQD.US,5,20260112,193000,110.605,110.63,110.59,110.625,185055,0
LQD.US,5,20260112,193500,110.625,110.625,110.605,110.61,123505,0
LQD.US,5,20260112,194000,110.61,110.615,110.6,110.6,69683,0
LQD.US,5,20260112,194500,110.6,110.61,110.595,110.605,79975,0
LQD.US,5,20260112,195000,110.605,110.61,110.59,110.605,146251,0
LQD.US,5,20260112,195500,110.6001,110.61,110.6,110.605,312854,0
LQD.US,5,20260112,200000,110.605,110.6079,110.53,110.535,2357671,0
LQD.US,5,20260112,200500,110.535,110.565,110.535,110.565,99291,0
LQD.US,5,20260112,201000,110.565,110.575,110.54,110.545,202846,0
LQD.US,5,20260112,201500,110.545,110.55,110.53,110.53,167374,0
LQD.US,5,20260112,202000,110.53,110.56,110.525,110.555,253938,0
LQD.US,5,20260112,202500,110.555,110.56,110.52,110.52,275673,0
LQD.US,5,20260112,203000,110.525,110.54,110.515,110.53,288238,0
LQD.US,5,20260112,203500,110.525,110.54,110.51,110.52,252682,0
LQD.US,5,20260112,204000,110.52,110.525,110.485,110.485,200097,0
LQD.US,5,20260112,204500,110.485,110.51,110.48,110.51,187854,0
LQD.US,5,20260112,205000,110.505,110.51,110.48,110.485,92177,0
LQD.US,5,20260112,205500,110.485,110.49,110.4724,110.475,143337,0
LQD.US,5,20260112,210000,110.475,110.49,110.475,110.48,109153,0
LQD.US,5,20260112,210500,110.48,110.49,110.46,110.46,149239,0
LQD.US,5,20260112,211000,110.465,110.48,110.46,110.4701,275056,0
LQD.US,5,20260112,211500,110.475,110.49,110.46,110.48,646152,0
LQD.US,5,20260112,212000,110.48,110.51,110.48,110.505,351820,0
LQD.US,5,20260112,212500,110.5,110.51,110.49,110.505,510056,0
LQD.US,5,20260112,213000,110.505,110.51,110.47,110.475,268683,0
LQD.US,5,20260112,213500,110.475,110.4799,110.46,110.465,69875,0
LQD.US,5,20260112,214000,110.465,110.47,110.46,110.46,117427,0
LQD.US,5,20260112,214500,110.465,110.4699,110.46,110.4699,60954,0
LQD.US,5,20260112,215000,110.46,110.49,110.455,110.485,273990,0
LQD.US,5,20260112,215500,110.485,110.51,110.48,110.51,1938288,0
LQD.US,5,20260113,153000,110.71,110.745,110.66,110.675,908332,0
LQD.US,5,20260113,153500,110.68,110.7,110.615,110.635,416579,0
LQD.US,5,20260113,154000,110.635,110.66,110.6,110.645,337533,0
LQD.US,5,20260113,154500,110.645,110.67,110.645,110.66,397334,0
LQD.US,5,20260113,155000,110.66,110.68,110.63,110.68,397284,0
LQD.US,5,20260113,155500,110.6798,110.7,110.67,110.7,200362,0
LQD.US,5,20260113,160000,110.69,110.73,110.65,110.665,573712,0
LQD.US,5,20260113,160500,110.665,110.665,110.575,110.575,389793,0
LQD.US,5,20260113,161000,110.57,110.585,110.53,110.585,454206,0
LQD.US,5,20260113,161500,110.585,110.6,110.555,110.585,176710,0
LQD.US,5,20260113,162000,110.585,110.64,110.575,110.64,171525,0
LQD.US,5,20260113,162500,110.64,110.64,110.62,110.63,674138,0
LQD.US,5,20260113,163000,110.63,110.67,110.625,110.6301,169522,0
LQD.US,5,20260113,163500,110.635,110.67,110.63,110.665,165150,0
LQD.US,5,20260113,164000,110.66,110.68,110.635,110.665,484099,0
LQD.US,5,20260113,164500,110.66,110.6667,110.64,110.645,541894,0
LQD.US,5,20260113,165000,110.645,110.685,110.645,110.68,259334,0
LQD.US,5,20260113,165500,110.685,110.73,110.59,110.7299,314712,0
LQD.US,5,20260113,170000,110.729,110.75,110.72,110.7244,360495,0
LQD.US,5,20260113,170500,110.72,110.72,110.68,110.715,429782,0
LQD.US,5,20260113,171000,110.715,110.715,110.665,110.675,104076,0
LQD.US,5,20260113,171500,110.675,110.71,110.665,110.665,458518,0
LQD.US,5,20260113,172000,110.665,110.665,110.61,110.625,313018,0
LQD.US,5,20260113,172500,110.625,110.63,110.605,110.625,1113618,0
LQD.US,5,20260113,173000,110.625,110.65,110.62,110.645,479260,0
LQD.US,5,20260113,173500,110.64,110.645,110.62,110.635,455638,0
LQD.US,5,20260113,174000,110.6318,110.66,110.63,110.66,279805,0
LQD.US,5,20260113,174500,110.655,110.66,110.635,110.649,413158,0
LQD.US,5,20260113,175000,110.6497,110.67,110.6301,110.67,1785220,0
LQD.US,5,20260113,175500,110.675,110.715,110.67,110.705,205906,0
LQD.US,5,20260113,180000,110.71,110.73,110.7094,110.72,285446,0
LQD.US,5,20260113,180500,110.725,110.735,110.695,110.705,390110,0
LQD.US,5,20260113,181000,110.705,110.71,110.675,110.675,542652,0
LQD.US,5,20260113,181500,110.67,110.675,110.65,110.6565,240164,0
LQD.US,5,20260113,182000,110.65,110.69,110.65,110.685,183940,0
LQD.US,5,20260113,182500,110.68,110.7,110.6701,110.695,225273,0
LQD.US,5,20260113,183000,110.695,110.74,110.69,110.725,230656,0
LQD.US,5,20260113,183500,110.725,110.755,110.72,110.755,366758,0
LQD.US,5,20260113,184000,110.755,110.77,110.75,110.755,460355,0
LQD.US,5,20260113,184500,110.76,110.775,110.74,110.76,405180,0
LQD.US,5,20260113,185000,110.76,110.77,110.755,110.765,136364,0
LQD.US,5,20260113,185500,110.77,110.775,110.725,110.725,176121,0
LQD.US,5,20260113,190000,110.725,110.77,110.69,110.735,696617,0
LQD.US,5,20260113,190500,110.74,110.745,110.72,110.725,406360,0
LQD.US,5,20260113,191000,110.72,110.745,110.7091,110.745,248825,0
LQD.US,5,20260113,191500,110.745,110.75,110.73,110.745,503731,0
LQD.US,5,20260113,192000,110.745,110.765,110.7416,110.755,185396,0
LQD.US,5,20260113,192500,110.755,110.77,110.745,110.745,160996,0
LQD.US,5,20260113,193000,110.745,110.75,110.725,110.745,64145,0
LQD.US,5,20260113,193500,110.745,110.75,110.74,110.745,38833,0
LQD.US,5,20260113,194000,110.745,110.76,110.73,110.76,103375,0
LQD.US,5,20260113,194500,110.755,110.76,110.74,110.755,101520,0
LQD.US,5,20260113,195000,110.7526,110.77,110.74,110.76,148983,0
LQD.US,5,20260113,195500,110.77,110.77,110.755,110.76,134572,0
LQD.US,5,20260113,200000,110.76,110.765,110.75,110.765,81724,0
LQD.US,5,20260113,200500,110.77,110.77,110.755,110.765,380021,0
LQD.US,5,20260113,201000,110.765,110.78,110.76,110.78,71012,0
LQD.US,5,20260113,201500,110.775,110.79,110.765,110.775,144586,0
LQD.US,5,20260113,202000,110.775,110.79,110.77,110.785,75519,0
LQD.US,5,20260113,202500,110.785,110.79,110.77,110.77,138144,0
LQD.US,5,20260113,203000,110.775,110.775,110.75,110.765,392013,0
LQD.US,5,20260113,203500,110.765,110.77,110.745,110.75,93796,0
LQD.US,5,20260113,204000,110.755,110.78,110.75,110.75,114087,0
LQD.US,5,20260113,204500,110.75,110.7554,110.71,110.735,245225,0
LQD.US,5,20260113,205000,110.74,110.74,110.73,110.74,57817,0
LQD.US,5,20260113,205500,110.735,110.75,110.7201,110.735,162858,0
LQD.US,5,20260113,210000,110.73,110.73,110.695,110.715,1184964,0
LQD.US,5,20260113,210500,110.715,110.73,110.715,110.725,336105,0
LQD.US,5,20260113,211000,110.725,110.74,110.72,110.7399,313949,0
LQD.US,5,20260113,211500,110.735,110.74,110.72,110.725,167807,0
LQD.US,5,20260113,212000,110.7201,110.7378,110.7101,110.725,129310,0
LQD.US,5,20260113,212500,110.725,110.725,110.71,110.715,112485,0
LQD.US,5,20260113,213000,110.72,110.73,110.7025,110.705,371629,0
LQD.US,5,20260113,213500,110.705,110.72,110.69,110.715,574759,0
LQD.US,5,20260113,214000,110.715,110.72,110.7,110.7,802274,0
LQD.US,5,20260113,214500,110.705,110.719,110.69,110.715,520572,0
LQD.US,5,20260113,215000,110.715,110.725,110.71,110.715,570588,0
LQD.US,5,20260113,215500,110.715,110.76,110.71,110.75,1382532,0
LQD.US,5,20260114,153000,110.805,110.84,110.8,110.805,626272,0
LQD.US,5,20260114,153500,110.81,110.85,110.81,110.845,292357,0
LQD.US,5,20260114,154000,110.845,110.92,110.845,110.915,287150,0
LQD.US,5,20260114,154500,110.915,110.93,110.86,110.865,371925,0
LQD.US,5,20260114,155000,110.865,110.87,110.84,110.845,183604,0
LQD.US,5,20260114,155500,110.835,110.87,110.82,110.84,274744,0
LQD.US,5,20260114,160000,110.84,110.84,110.775,110.78,270941,0
LQD.US,5,20260114,160500,110.78,110.8,110.77,110.8,251897,0
LQD.US,5,20260114,161000,110.81,110.92,110.805,110.885,802357,0
LQD.US,5,20260114,161500,110.885,110.92,110.86,110.915,315431,0
LQD.US,5,20260114,162000,110.915,110.945,110.9,110.945,629396,0
LQD.US,5,20260114,162500,110.945,110.95,110.9,110.905,450463,0
LQD.US,5,20260114,163000,110.905,110.9301,110.89,110.9301,222701,0
LQD.US,5,20260114,163500,110.93,110.95,110.925,110.925,80272,0
LQD.US,5,20260114,164000,110.925,110.965,110.915,110.965,88261,0
LQD.US,5,20260114,164500,110.965,110.98,110.955,110.9603,111912,0
LQD.US,5,20260114,165000,110.9601,110.99,110.955,110.99,112693,0
LQD.US,5,20260114,165500,110.9919,111.01,110.99,110.99,313537,0
LQD.US,5,20260114,170000,110.99,110.99,110.95,110.975,199607,0
LQD.US,5,20260114,170500,110.9725,110.99,110.96,110.98,409260,0
LQD.US,5,20260114,171000,110.98,110.99,110.96,110.965,470823,0
LQD.US,5,20260114,171500,110.965,110.98,110.96,110.98,406094,0
LQD.US,5,20260114,172000,110.975,110.99,110.9624,110.965,716565,0
LQD.US,5,20260114,172500,110.965,110.9984,110.965,110.985,314019,0
LQD.US,5,20260114,173000,110.985,110.995,110.97,110.985,445377,0
LQD.US,5,20260114,173500,110.985,111.02,110.98,111.015,435621,0
LQD.US,5,20260114,174000,111.015,111.04,111.0101,111.025,258691,0
LQD.US,5,20260114,174500,111.025,111.03,110.99,111.005,551861,0
LQD.US,5,20260114,175000,111.005,111.02,111,111.01,118825,0
LQD.US,5,20260114,175500,111.01,111.01,110.965,110.97,435304,0
LQD.US,5,20260114,180000,110.975,110.995,110.975,110.985,75143,0
LQD.US,5,20260114,180500,110.985,110.9869,110.965,110.98,119227,0
LQD.US,5,20260114,181000,110.98,110.98,110.96,110.96,240361,0
LQD.US,5,20260114,181500,110.965,110.9651,110.95,110.955,265663,0
LQD.US,5,20260114,182000,110.9508,110.96,110.935,110.945,166550,0
LQD.US,5,20260114,182500,110.945,110.96,110.94,110.95,575567,0
LQD.US,5,20260114,183000,110.955,110.9654,110.94,110.96,136197,0
LQD.US,5,20260114,183500,110.965,110.965,110.95,110.955,72691,0
LQD.US,5,20260114,184000,110.955,110.98,110.95,110.975,78313,0
LQD.US,5,20260114,184500,110.975,110.99,110.96,110.985,127849,0
LQD.US,5,20260114,185000,110.98,110.985,110.97,110.985,83565,0
LQD.US,5,20260114,185500,110.985,110.985,110.95,110.965,264068,0
LQD.US,5,20260114,190000,110.965,110.97,110.94,110.96,79008,0
LQD.US,5,20260114,190500,110.96,110.97,110.93,110.97,428802,0
LQD.US,5,20260114,191000,110.965,110.98,110.9628,110.98,154178,0
LQD.US,5,20260114,191500,110.98,110.98,110.97,110.98,75007,0
LQD.US,5,20260114,192000,110.97,111.005,110.97,111.005,185107,0
LQD.US,5,20260114,192500,111.005,111.005,110.98,110.99,306068,0
LQD.US,5,20260114,193000,110.99,111.02,110.99,111.015,143290,0
LQD.US,5,20260114,193500,111.015,111.03,111.01,111.015,369763,0
LQD.US,5,20260114,194000,111.015,111.02,111.01,111.02,75674,0
LQD.US,5,20260114,194500,111.015,111.025,111.01,111.01,356206,0
LQD.US,5,20260114,195000,111.01,111.02,111.005,111.0188,106467,0
LQD.US,5,20260114,195500,111.01,111.035,111,111.015,113266,0
LQD.US,5,20260114,200000,111.01,111.0299,110.995,111.02,522661,0
LQD.US,5,20260114,200500,111.025,111.035,111,111.005,858887,0
LQD.US,5,20260114,201000,111.005,111.01,110.98,110.995,219209,0
LQD.US,5,20260114,201500,111,111.015,110.99,111.015,129852,0
LQD.US,5,20260114,202000,111.015,111.02,111,111.015,228740,0
LQD.US,5,20260114,202500,111.015,111.02,111,111.005,76483,0
LQD.US,5,20260114,203000,111.01,111.01,110.99,110.995,54920,0
LQD.US,5,20260114,203500,110.995,111,110.98,111,275974,0
LQD.US,5,20260114,204000,110.99,111,110.99,110.995,22713,0
LQD.US,5,20260114,204500,110.995,111.0099,110.99,111.005,123789,0
LQD.US,5,20260114,205000,111.005,111.005,110.98,110.985,98695,0
LQD.US,5,20260114,205500,110.985,110.99,110.96,110.985,167422,0
LQD.US,5,20260114,210000,110.985,111,110.975,110.975,268099,0
LQD.US,5,20260114,210500,110.97,110.9894,110.96,110.965,163572,0
LQD.US,5,20260114,211000,110.97,110.99,110.965,110.985,803518,0
LQD.US,5,20260114,211500,110.985,111.0299,110.98,111.015,622997,0
LQD.US,5,20260114,212000,111.015,111.04,111.0001,111.015,540482,0
LQD.US,5,20260114,212500,111.015,111.04,111.01,111.035,228470,0
LQD.US,5,20260114,213000,111.035,111.04,111.015,111.025,415208,0
LQD.US,5,20260114,213500,111.025,111.03,111.0024,111.01,299082,0
LQD.US,5,20260114,214000,111.015,111.015,110.99,110.995,591240,0
LQD.US,5,20260114,214500,110.995,111.015,110.985,111.005,596526,0
LQD.US,5,20260114,215000,111.005,111.02,110.9926,111.01,374620,0
LQD.US,5,20260114,215500,111.01,111.03,110.98,111.03,2032297,0
LQD.US,5,20260115,153000,111.1791,111.1967,111.1,111.11,1096249,0
LQD.US,5,20260115,153500,111.11,111.135,111.095,111.095,695014,0
LQD.US,5,20260115,154000,111.09,111.145,111.03,111.035,663565,0
LQD.US,5,20260115,154500,111.035,111.055,110.99,111.02,2622569,0
LQD.US,5,20260115,155000,111.015,111.035,111,111.015,585337,0
LQD.US,5,20260115,155500,111.02,111.04,111.01,111.035,629896,0
LQD.US,5,20260115,160000,111.02,111.055,111.01,111.03,775584,0
LQD.US,5,20260115,160500,111.035,111.035,110.99,111,138331,0
LQD.US,5,20260115,161000,110.995,111.04,110.9907,111.02,249845,0
LQD.US,5,20260115,161500,111.02,111.04,110.995,111.035,272383,0
LQD.US,5,20260115,162000,111.035,111.04,111.015,111.03,308345,0
LQD.US,5,20260115,162500,111.025,111.04,111.025,111.04,237360,0
LQD.US,5,20260115,163000,111.04,111.07,111.03,111.065,344763,0
LQD.US,5,20260115,163500,111.065,111.0699,111.01,111.025,127570,0
LQD.US,5,20260115,164000,111.0213,111.03,110.975,110.9754,1559050,0
LQD.US,5,20260115,164500,110.975,110.99,110.95,110.955,193761,0
LQD.US,5,20260115,165000,110.955,110.97,110.93,110.94,266137,0
LQD.US,5,20260115,165500,110.94,110.97,110.93,110.965,1498039,0
LQD.US,5,20260115,170000,110.97,110.97,110.945,110.955,305302,0
LQD.US,5,20260115,170500,110.9545,110.975,110.94,110.975,410079,0
LQD.US,5,20260115,171000,110.975,110.975,110.95,110.955,130438,0
LQD.US,5,20260115,171500,110.955,110.98,110.935,110.975,486133,0
LQD.US,5,20260115,172000,110.975,111.02,110.97,111.005,299427,0
LQD.US,5,20260115,172500,111.005,111.02,110.99,111.005,264729,0
LQD.US,5,20260115,173000,111.005,111.005,110.98,110.995,109260,0
LQD.US,5,20260115,173500,110.995,110.995,110.97,110.975,85650,0
LQD.US,5,20260115,174000,110.975,110.975,110.955,110.97,62492,0
LQD.US,5,20260115,174500,110.975,110.985,110.9637,110.9702,99954,0
LQD.US,5,20260115,175000,110.975,110.995,110.965,110.99,102273,0
LQD.US,5,20260115,175500,110.995,110.995,110.97,110.975,38939,0
LQD.US,5,20260115,180000,110.975,110.99,110.96,110.985,333357,0
LQD.US,5,20260115,180500,110.99,111.01,110.98,111.0099,95781,0
LQD.US,5,20260115,181000,111.0099,111.03,111.00247,111.015,206576,0
LQD.US,5,20260115,181500,111.015,111.015,110.99,111,192132,0
LQD.US,5,20260115,182000,111.005,111.01,110.995,110.995,73393,0
LQD.US,5,20260115,182500,110.995,111.01,110.995,111,49090,0
LQD.US,5,20260115,183000,111.005,111.005,110.97,110.99,349584,0
LQD.US,5,20260115,183500,110.995,111.015,110.995,111.015,61373,0
LQD.US,5,20260115,184000,111.0196,111.04,111.0122,111.0358,19435,0
LQD.US,5,20260115,184500,111.0331,111.0367,111.015,111.02,58988,0
LQD.US,5,20260115,185000,111.02,111.03,111.01,111.0106,192650,0
LQD.US,5,20260115,185500,111.0115,111.02,110.995,111.01,324958,0
LQD.US,5,20260115,190000,111.01,111.06,111.005,111.0563,192178,0
LQD.US,5,20260115,190500,111.05,111.0583,111.035,111.045,70714,0
LQD.US,5,20260115,191000,111.04,111.045,111.005,111.01,442987,0
LQD.US,5,20260115,191500,111.005,111.035,111,111.035,118469,0
LQD.US,5,20260115,192000,111.035,111.045,111.03,111.035,30092,0
LQD.US,5,20260115,192500,111.04,111.06,111.035,111.055,33900,0
LQD.US,5,20260115,193000,111.06,111.08,111.04,111.045,126933,0
LQD.US,5,20260115,193500,111.045,111.05,111.035,111.035,202413,0
LQD.US,5,20260115,194000,111.035,111.04,111.025,111.035,69906,0
LQD.US,5,20260115,194500,111.035,111.04,111.025,111.025,192188,0
LQD.US,5,20260115,195000,111.025,111.04,111.02,111.035,81703,0
LQD.US,5,20260115,195500,111.035,111.035,111,111.005,131069,0
LQD.US,5,20260115,200000,111.005,111.01,110.99,110.995,217635,0
LQD.US,5,20260115,200500,110.995,111.01,110.985,111.005,150786,0
LQD.US,5,20260115,201000,111.0001,111.02,111,111.0191,15418,0
LQD.US,5,20260115,201500,111.015,111.035,111.01,111.025,121170,0
LQD.US,5,20260115,202000,111.0255,111.04,111.02,111.03,33909,0
LQD.US,5,20260115,202500,111.035,111.04,111.015,111.015,104490,0
LQD.US,5,20260115,203000,111.015,111.015,110.985,110.985,306176,0
LQD.US,5,20260115,203500,110.985,111,110.98,110.985,552200,0
LQD.US,5,20260115,204000,110.985,110.99,110.9558,110.97,263093,0
LQD.US,5,20260115,204500,110.975,110.99,110.9702,110.985,82382,0
LQD.US,5,20260115,205000,110.985,110.99,110.985,110.985,75603,0
LQD.US,5,20260115,205500,110.985,110.99,110.9601,110.98,529205,0
LQD.US,5,20260115,210000,110.985,110.985,110.95,110.955,106055,0
LQD.US,5,20260115,210500,110.96,110.965,110.93,110.945,645539,0
LQD.US,5,20260115,211000,110.94,110.9478,110.89,110.89,931296,0
LQD.US,5,20260115,211500,110.895,110.91,110.885,110.895,131439,0
LQD.US,5,20260115,212000,110.8927,110.9,110.885,110.885,790999,0
LQD.US,5,20260115,212500,110.89,110.9099,110.865,110.9081,630504,0
LQD.US,5,20260115,213000,110.905,110.925,110.9,110.9,161530,0
LQD.US,5,20260115,213500,110.905,110.92,110.87,110.895,310513,0
LQD.US,5,20260115,214000,110.895,110.91,110.89,110.89,135269,0
LQD.US,5,20260115,214500,110.895,110.9,110.88,110.895,439177,0
LQD.US,5,20260115,215000,110.895,110.8954,110.87,110.875,434592,0
LQD.US,5,20260115,215500,110.875,110.89,110.84,110.87,1071971,0
LQD.US,5,20260116,153000,110.825,110.84,110.8,110.825,577494,0
LQD.US,5,20260116,153500,110.825,110.84,110.79,110.79,776060,0
LQD.US,5,20260116,154000,110.79,110.8,110.77,110.795,348194,0
LQD.US,5,20260116,154500,110.795,110.83,110.79,110.83,805977,0
LQD.US,5,20260116,155000,110.8294,110.87,110.81,110.82,1409381,0
LQD.US,5,20260116,155500,110.815,110.85,110.81,110.81,427623,0
LQD.US,5,20260116,160000,110.815,110.84,110.81,110.83,535818,0
LQD.US,5,20260116,160500,110.835,110.845,110.82,110.8294,114839,0
LQD.US,5,20260116,161000,110.83,110.84,110.82,110.8383,332058,0
LQD.US,5,20260116,161500,110.8384,110.8384,110.81,110.825,271724,0
LQD.US,5,20260116,162000,110.82,110.84,110.78,110.825,867442,0
LQD.US,5,20260116,162500,110.825,110.86,110.815,110.8377,497213,0
LQD.US,5,20260116,163000,110.835,110.85,110.82,110.825,452882,0
LQD.US,5,20260116,163500,110.825,110.825,110.78,110.795,300189,0
LQD.US,5,20260116,164000,110.79,110.79,110.7,110.725,793603,0
LQD.US,5,20260116,164500,110.72,110.72,110.6401,110.6599,339035,0
LQD.US,5,20260116,165000,110.655,110.67,110.63,110.635,812569,0
LQD.US,5,20260116,165500,110.635,110.655,110.575,110.625,937308,0
LQD.US,5,20260116,170000,110.62,110.67,110.62,110.635,462043,0
LQD.US,5,20260116,170500,110.63,110.675,110.63,110.635,379187,0
LQD.US,5,20260116,171000,110.635,110.65,110.59,110.6,366259,0
LQD.US,5,20260116,171500,110.5985,110.65,110.58,110.6494,469518,0
LQD.US,5,20260116,172000,110.65,110.675,110.645,110.66,186520,0
LQD.US,5,20260116,172500,110.66,110.71,110.66,110.705,314353,0
LQD.US,5,20260116,173000,110.7,110.73,110.69,110.695,388735,0
LQD.US,5,20260116,173500,110.695,110.76,110.695,110.755,498346,0
LQD.US,5,20260116,174000,110.76,110.8056,110.755,110.8,388275,0
LQD.US,5,20260116,174500,110.79,110.825,110.745,110.755,351131,0
LQD.US,5,20260116,175000,110.755,110.7651,110.73,110.74,629114,0
LQD.US,5,20260116,175500,110.735,110.765,110.7239,110.765,103028,0
LQD.US,5,20260116,180000,110.76,110.77,110.745,110.7684,49303,0
LQD.US,5,20260116,180500,110.77,110.8,110.7685,110.775,177049,0
LQD.US,5,20260116,181000,110.78,110.805,110.77,110.805,632759,0
LQD.US,5,20260116,181500,110.805,110.83,110.79,110.795,592438,0
LQD.US,5,20260116,182000,110.795,110.799,110.77,110.78,60639,0
LQD.US,5,20260116,182500,110.78,110.78,110.72,110.745,394599,0
LQD.US,5,20260116,183000,110.745,110.75,110.695,110.705,147536,0
LQD.US,5,20260116,183500,110.7003,110.725,110.695,110.715,375603,0
LQD.US,5,20260116,184000,110.715,110.715,110.69,110.705,203953,0
LQD.US,5,20260116,184500,110.705,110.71,110.66,110.675,422115,0
LQD.US,5,20260116,185000,110.675,110.69,110.67,110.675,292606,0
LQD.US,5,20260116,185500,110.67,110.69,110.655,110.667,106357,0
LQD.US,5,20260116,190000,110.66,110.66,110.64,110.64,424925,0
LQD.US,5,20260116,190500,110.645,110.68,110.64,110.671,424000,0
LQD.US,5,20260116,191000,110.67,110.67,110.64,110.66,423225,0
LQD.US,5,20260116,191500,110.66,110.675,110.655,110.675,30217,0
LQD.US,5,20260116,192000,110.67,110.6744,110.65,110.66,33063,0
LQD.US,5,20260116,192500,110.6588,110.69,110.655,110.69,103641,0
LQD.US,5,20260116,193000,110.685,110.705,110.6701,110.685,422713,0
LQD.US,5,20260116,193500,110.685,110.69,110.655,110.67,495413,0
LQD.US,5,20260116,194000,110.67,110.69,110.67,110.685,76363,0
LQD.US,5,20260116,194500,110.69,110.6946,110.67,110.67,64741,0
LQD.US,5,20260116,195000,110.675,110.675,110.645,110.655,503340,0
LQD.US,5,20260116,195500,110.655,110.67,110.63,110.635,746391,0
LQD.US,5,20260116,200000,110.635,110.635,110.59,110.6,553040,0
LQD.US,5,20260116,200500,110.605,110.605,110.59,110.595,305237,0
LQD.US,5,20260116,201000,110.595,110.61,110.575,110.605,669911,0
LQD.US,5,20260116,201500,110.605,110.605,110.56,110.56,276667,0
LQD.US,5,20260116,202000,110.565,110.59,110.56,110.58,139025,0
LQD.US,5,20260116,202500,110.575,110.58,110.56,110.575,312569,0
LQD.US,5,20260116,203000,110.575,110.59,110.57,110.585,458344,0
LQD.US,5,20260116,203500,110.585,110.6,110.57,110.585,263888,0
LQD.US,5,20260116,204000,110.585,110.585,110.565,110.565,184524,0
LQD.US,5,20260116,204500,110.57,110.59,110.56,110.585,293530,0
LQD.US,5,20260116,205000,110.585,110.6,110.575,110.595,573018,0
LQD.US,5,20260116,205500,110.595,110.6,110.57,110.59,271546,0
LQD.US,5,20260116,210000,110.59,110.63,110.59,110.625,169703,0
LQD.US,5,20260116,210500,110.63,110.65,110.6201,110.635,147432,0
LQD.US,5,20260116,211000,110.635,110.65,110.625,110.645,117475,0
LQD.US,5,20260116,211500,110.645,110.645,110.63,110.635,265976,0
LQD.US,5,20260116,212000,110.63423,110.65,110.62,110.645,365506,0
LQD.US,5,20260116,212500,110.64,110.65,110.64,110.645,198003,0
LQD.US,5,20260116,213000,110.645,110.67,110.64,110.65,376759,0
LQD.US,5,20260116,213500,110.65,110.66,110.64,110.645,233646,0
LQD.US,5,20260116,214000,110.645,110.65,110.62,110.625,324948,0
LQD.US,5,20260116,214500,110.625,110.63,110.61,110.615,822774,0
LQD.US,5,20260116,215000,110.615,110.63,110.59,110.6,2276824,0
LQD.US,5,20260116,215500,110.605,110.62,110.55,110.57,2954411,0
LQD.US,5,20260120,153000,109.86,109.92,109.81,109.905,1362630,0
LQD.US,5,20260120,153500,109.9,109.905,109.8627,109.88,564424,0
LQD.US,5,20260120,154000,109.88,109.915,109.865,109.91,330948,0
LQD.US,5,20260120,154500,109.905,109.92,109.88,109.9,314551,0
LQD.US,5,20260120,155000,109.9,109.92,109.88,109.905,186763,0
LQD.US,5,20260120,155500,109.905,109.965,109.9,109.93,551489,0
LQD.US,5,20260120,160000,109.93,109.9986,109.91,109.9986,827094,0
LQD.US,5,20260120,160500,109.995,110.01,109.9624,109.985,1237158,0
LQD.US,5,20260120,161000,109.985,110.045,109.96,110.045,1086344,0
LQD.US,5,20260120,161500,110.045,110.1,110.035,110.09,605253,0
LQD.US,5,20260120,162000,110.09,110.09,110.06,110.075,676575,0
LQD.US,5,20260120,162500,110.075,110.095,110.05,110.065,604032,0
LQD.US,5,20260120,163000,110.0644,110.1,110.05,110.09,683139,0
LQD.US,5,20260120,163500,110.085,110.0999,110.06,110.07,1149186,0
LQD.US,5,20260120,164000,110.075,110.1,110.05,110.1,345651,0
LQD.US,5,20260120,164500,110.1,110.11,110.08,110.1,181830,0
LQD.US,5,20260120,165000,110.1001,110.12,110.0838,110.09,307484,0
LQD.US,5,20260120,165500,110.0903,110.1,110.065,110.065,274408,0
LQD.US,5,20260120,170000,110.06,110.0682,110.025,110.03,335340,0
LQD.US,5,20260120,170500,110.025,110.06,110.02,110.045,194954,0
LQD.US,5,20260120,171000,110.045,110.07,110.04,110.04,395232,0
LQD.US,5,20260120,171500,110.04,110.05,110.02,110.05,117833,0
LQD.US,5,20260120,172000,110.05,110.065,110.03,110.03,208388,0
LQD.US,5,20260120,172500,110.03,110.059,110,110.055,257422,0
LQD.US,5,20260120,173000,110.055,110.07,110.035,110.055,224767,0
LQD.US,5,20260120,173500,110.06,110.07748,110.05,110.075,134355,0
LQD.US,5,20260120,174000,110.08,110.115,110.0799,110.105,620616,0
LQD.US,5,20260120,174500,110.105,110.15,110.105,110.14,170352,0
LQD.US,5,20260120,175000,110.145,110.15,110.12,110.1295,452324,0
LQD.US,5,20260120,175500,110.125,110.15,110.12,110.135,271429,0
LQD.US,5,20260120,180000,110.135,110.1499,110.13,110.14,164885,0
LQD.US,5,20260120,180500,110.14,110.15,110.12,110.125,183392,0
LQD.US,5,20260120,181000,110.1207,110.13,110.09,110.095,71176,0
LQD.US,5,20260120,181500,110.09,110.1155,110.09,110.11,77845,0
LQD.US,5,20260120,182000,110.1,110.1,110.07,110.07,82756,0
LQD.US,5,20260120,182500,110.075,110.105,110.07,110.095,178733,0
LQD.US,5,20260120,183000,110.1,110.1,110.07,110.07,88755,0
LQD.US,5,20260120,183500,110.07,110.12,110.07,110.12,555223,0
LQD.US,5,20260120,184000,110.12,110.135,110.11,110.115,188582,0
LQD.US,5,20260120,184500,110.115,110.12,110.09,110.095,253309,0
LQD.US,5,20260120,185000,110.095,110.12,110.09,110.105,235375,0
LQD.US,5,20260120,185500,110.105,110.11,110.08,110.08,279828,0
LQD.US,5,20260120,190000,110.085,110.095,110.06,110.06,425966,0
LQD.US,5,20260120,190500,110.06,110.063,110.04,110.04,194128,0
LQD.US,5,20260120,191000,110.04,110.075,110.03,110.07,266857,0
LQD.US,5,20260120,191500,110.065,110.085,110.0616,110.08,113662,0
LQD.US,5,20260120,192000,110.08,110.08,110.05,110.055,97304,0
LQD.US,5,20260120,192500,110.055,110.08,110.05,110.08,205609,0
LQD.US,5,20260120,193000,110.08,110.08,110.04,110.05,355579,0
LQD.US,5,20260120,193500,110.05,110.09,110.045,110.07,456714,0
LQD.US,5,20260120,194000,110.075,110.075,110.03,110.03,392309,0
LQD.US,5,20260120,194500,110.03,110.04,110.02,110.04,181012,0
LQD.US,5,20260120,195000,110.04,110.07,110.03,110.035,363984,0
LQD.US,5,20260120,195500,110.035,110.06,110.035,110.0436,464047,0
LQD.US,5,20260120,200000,110.04,110.05,110.02,110.03,320209,0
LQD.US,5,20260120,200500,110.025,110.045,110.02,110.02,274738,0
LQD.US,5,20260120,201000,110.025,110.04,110.02,110.025,456529,0
LQD.US,5,20260120,201500,110.025,110.04,110.02,110.025,143627,0
LQD.US,5,20260120,202000,110.025,110.025,110.01,110.02,144008,0
LQD.US,5,20260120,202500,110.03,110.03,110.01,110.01,228722,0
LQD.US,5,20260120,203000,110.01,110.03,110,110.025,557768,0
LQD.US,5,20260120,203500,110.028,110.0387,110.01,110.015,229993,0
LQD.US,5,20260120,204000,110.02,110.025,109.985,109.985,245104,0
LQD.US,5,20260120,204500,109.985,110.005,109.98,110.005,162277,0
LQD.US,5,20260120,205000,110.005,110.01,109.99,110.005,278140,0
LQD.US,5,20260120,205500,110.005,110.005,109.9501,109.975,1778123,0
LQD.US,5,20260120,210000,109.97,109.9851,109.95,109.96,398798,0
LQD.US,5,20260120,210500,109.965,109.98,109.95,109.955,301866,0
LQD.US,5,20260120,211000,109.955,109.98,109.95,109.975,676024,0
LQD.US,5,20260120,211500,109.97,109.98,109.9534,109.975,1702449,0
LQD.US,5,20260120,212000,109.975,109.975,109.95,109.95,310009,0
LQD.US,5,20260120,212500,109.955,109.96,109.92,109.955,1755578,0
LQD.US,5,20260120,213000,109.95,109.97,109.95,109.9678,512134,0
LQD.US,5,20260120,213500,109.96,109.97,109.94,109.945,355567,0
LQD.US,5,20260120,214000,109.945,109.95,109.92,109.92,256001,0
LQD.US,5,20260120,214500,109.925,109.95,109.92,109.95,733992,0
LQD.US,5,20260120,215000,109.95,109.965,109.925,109.925,1108604,0
LQD.US,5,20260120,215500,109.925,109.93,109.9,109.925,2171361,0
LQD.US,5,20260121,153000,110.075,110.12,110.03,110.11,606374,0
LQD.US,5,20260121,153500,110.11,110.13,110.06,110.1,487518,0
LQD.US,5,20260121,154000,110.1,110.11,110.045,110.075,375122,0
LQD.US,5,20260121,154500,110.0701,110.085,110.04,110.045,287670,0
LQD.US,5,20260121,155000,110.05,110.12,110.045,110.1,1294266,0
LQD.US,5,20260121,155500,110.105,110.135,110.09,110.13,254602,0
LQD.US,5,20260121,160000,110.13,110.18,110.125,110.13,558658,0
LQD.US,5,20260121,160500,110.13,110.1898,110.13,110.185,302862,0
LQD.US,5,20260121,161000,110.18,110.18,110.13,110.165,365254,0
LQD.US,5,20260121,161500,110.17,110.1998,110.12,110.125,391897,0
LQD.US,5,20260121,162000,110.125,110.185,110.1001,110.175,171690,0
LQD.US,5,20260121,162500,110.175,110.215,110.17,110.205,352753,0
LQD.US,5,20260121,163000,110.2,110.2365,110.19,110.225,323919,0
LQD.US,5,20260121,163500,110.23,110.285,110.225,110.25,265694,0
LQD.US,5,20260121,164000,110.25,110.3,110.23,110.295,400549,0
LQD.US,5,20260121,164500,110.295,110.335,110.295,110.31,296929,0
LQD.US,5,20260121,165000,110.31,110.325,110.285,110.305,168778,0
LQD.US,5,20260121,165500,110.305,110.31,110.28,110.295,298010,0
LQD.US,5,20260121,170000,110.295,110.3599,110.29,110.325,405188,0
LQD.US,5,20260121,170500,110.325,110.33,110.285,110.3,702789,0
LQD.US,5,20260121,171000,110.295,110.36,110.295,110.35,306390,0
LQD.US,5,20260121,171500,110.345,110.37,110.335,110.345,135885,0
LQD.US,5,20260121,172000,110.34,110.345,110.31,110.345,623945,0
LQD.US,5,20260121,172500,110.34,110.375,110.33,110.3709,213710,0
LQD.US,5,20260121,173000,110.3764,110.38,110.315,110.3202,514822,0
LQD.US,5,20260121,173500,110.325,110.33,110.25,110.25,640712,0
LQD.US,5,20260121,174000,110.255,110.27,110.24,110.255,761547,0
LQD.US,5,20260121,174500,110.255,110.28,110.235,110.27,244926,0
LQD.US,5,20260121,175000,110.27,110.2709,110.21,110.22,683354,0
LQD.US,5,20260121,175500,110.22,110.22,110.18,110.205,1139492,0
LQD.US,5,20260121,180000,110.21,110.23,110.185,110.19,631289,0
LQD.US,5,20260121,180500,110.185,110.2155,110.185,110.215,527748,0
LQD.US,5,20260121,181000,110.215,110.22,110.15,110.175,474198,0
LQD.US,5,20260121,181500,110.175,110.215,110.175,110.215,534501,0
LQD.US,5,20260121,182000,110.215,110.27,110.215,110.265,1807206,0
LQD.US,5,20260121,182500,110.269,110.27,110.225,110.225,156987,0
LQD.US,5,20260121,183000,110.225,110.24,110.2,110.205,92984,0
LQD.US,5,20260121,183500,110.205,110.215,110.185,110.21,473546,0
LQD.US,5,20260121,184000,110.215,110.22,110.2,110.205,185987,0
LQD.US,5,20260121,184500,110.2051,110.23,110.2,110.23,213208,0
LQD.US,5,20260121,185000,110.23,110.25,110.23,110.245,196669,0
LQD.US,5,20260121,185500,110.25,110.27,110.24,110.265,210814,0
LQD.US,5,20260121,190000,110.27,110.3,110.235,110.26,411168,0
LQD.US,5,20260121,190500,110.265,110.295,110.265,110.285,223414,0
LQD.US,5,20260121,191000,110.285,110.335,110.285,110.33,156014,0
LQD.US,5,20260121,191500,110.335,110.35,110.32,110.325,309620,0
LQD.US,5,20260121,192000,110.325,110.34,110.31,110.315,211586,0
LQD.US,5,20260121,192500,110.315,110.32,110.3,110.32,110938,0
LQD.US,5,20260121,193000,110.32,110.32,110.305,110.305,103274,0
LQD.US,5,20260121,193500,110.3099,110.32,110.29,110.3,206961,0
LQD.US,5,20260121,194000,110.3,110.32,110.3,110.3064,69128,0
LQD.US,5,20260121,194500,110.31,110.35,110.31,110.345,117205,0
LQD.US,5,20260121,195000,110.345,110.345,110.33,110.335,287755,0
LQD.US,5,20260121,195500,110.335,110.355,110.335,110.355,42996,0
LQD.US,5,20260121,200000,110.36,110.38,110.36,110.375,150750,0
LQD.US,5,20260121,200500,110.375,110.39,110.37,110.38,131585,0
LQD.US,5,20260121,201000,110.385,110.385,110.36,110.365,127739,0
LQD.US,5,20260121,201500,110.365,110.375,110.36,110.375,45173,0
LQD.US,5,20260121,202000,110.375,110.41,110.37,110.4,472061,0
LQD.US,5,20260121,202500,110.395,110.51,110.39,110.505,602302,0
LQD.US,5,20260121,203000,110.5,110.575,110.485,110.565,1034839,0
LQD.US,5,20260121,203500,110.565,110.6155,110.555,110.565,467334,0
LQD.US,5,20260121,204000,110.565,110.615,110.555,110.595,726506,0
LQD.US,5,20260121,204500,110.6,110.659,110.6,110.645,577527,0
LQD.US,5,20260121,205000,110.6401,110.66,110.585,110.585,224768,0
LQD.US,5,20260121,205500,110.585,110.615,110.5706,110.575,373145,0
LQD.US,5,20260121,210000,110.575,110.585,110.515,110.55,719090,0
LQD.US,5,20260121,210500,110.5529,110.5785,110.55,110.575,273696,0
LQD.US,5,20260121,211000,110.58,110.6,110.57,110.575,912121,0
LQD.US,5,20260121,211500,110.57,110.6,110.565,110.575,469340,0
LQD.US,5,20260121,212000,110.575,110.585,110.545,110.545,255026,0
LQD.US,5,20260121,212500,110.545,110.55,110.525,110.525,125976,0
LQD.US,5,20260121,213000,110.52,110.555,110.51,110.555,402535,0
LQD.US,5,20260121,213500,110.555,110.56,110.535,110.54,162793,0
LQD.US,5,20260121,214000,110.54,110.56,110.52,110.54,269500,0
LQD.US,5,20260121,214500,110.535,110.55,110.53,110.545,186080,0
LQD.US,5,20260121,215000,110.55,110.57,110.54,110.555,687125,0
LQD.US,5,20260121,215500,110.555,110.59,110.55,110.56,2227055,0
LQD.US,5,20260122,153000,110.562,110.61,110.54,110.595,450114,0
LQD.US,5,20260122,153500,110.595,110.615,110.55,110.595,1222524,0
LQD.US,5,20260122,154000,110.595,110.605,110.525,110.56,234262,0
LQD.US,5,20260122,154500,110.56,110.56,110.49,110.5,355357,0
LQD.US,5,20260122,155000,110.5,110.545,110.495,110.525,452800,0
LQD.US,5,20260122,155500,110.525,110.525,110.48,110.5,229305,0
LQD.US,5,20260122,160000,110.49,110.53,110.48,110.53,397780,0
LQD.US,5,20260122,160500,110.53,110.54,110.51,110.535,351711,0
LQD.US,5,20260122,161000,110.535,110.565,110.525,110.565,192871,0
LQD.US,5,20260122,161500,110.565,110.585,110.56,110.575,243605,0
LQD.US,5,20260122,162000,110.575,110.63,110.57,110.61,737647,0
LQD.US,5,20260122,162500,110.62,110.65,110.61,110.65,962750,0
LQD.US,5,20260122,163000,110.645,110.65,110.6,110.605,214214,0
LQD.US,5,20260122,163500,110.605,110.605,110.56,110.565,244869,0
LQD.US,5,20260122,164000,110.56,110.6,110.555,110.5901,266184,0
LQD.US,5,20260122,164500,110.59,110.6,110.57,110.575,352360,0
LQD.US,5,20260122,165000,110.575,110.58,110.555,110.56,255409,0
LQD.US,5,20260122,165500,110.56,110.57,110.545,110.555,427207,0
LQD.US,5,20260122,170000,110.555,110.6254,110.555,110.605,565542,0
LQD.US,5,20260122,170500,110.605,110.635,110.59,110.625,441518,0
LQD.US,5,20260122,171000,110.62,110.635,110.605,110.6201,187687,0
LQD.US,5,20260122,171500,110.625,110.68,110.62,110.675,294880,0
LQD.US,5,20260122,172000,110.67,110.69,110.67,110.685,200543,0
LQD.US,5,20260122,172500,110.685,110.69,110.67,110.685,287121,0
LQD.US,5,20260122,173000,110.685,110.7,110.66,110.68,584242,0
LQD.US,5,20260122,173500,110.671,110.68,110.65,110.675,333411,0
LQD.US,5,20260122,174000,110.675,110.71,110.675,110.705,187729,0
LQD.US,5,20260122,174500,110.705,110.73,110.7,110.715,332777,0
LQD.US,5,20260122,175000,110.715,110.73,110.695,110.7,618750,0
LQD.US,5,20260122,175500,110.695,110.695,110.66,110.69,256096,0
LQD.US,5,20260122,180000,110.69,110.75,110.69,110.749,409380,0
LQD.US,5,20260122,180500,110.75,110.7981,110.72,110.73,555798,0
LQD.US,5,20260122,181000,110.73,110.75,110.72,110.735,122094,0
LQD.US,5,20260122,181500,110.74,110.745,110.715,110.73,458997,0
LQD.US,5,20260122,182000,110.73,110.75,110.715,110.75,129523,0
LQD.US,5,20260122,182500,110.75,110.75,110.74,110.75,135405,0
LQD.US,5,20260122,183000,110.75,110.77,110.73,110.765,198630,0
LQD.US,5,20260122,183500,110.77,110.7899,110.7522,110.7899,40443,0
LQD.US,5,20260122,184000,110.7899,110.8,110.7887,110.8,258291,0
LQD.US,5,20260122,184500,110.795,110.82,110.785,110.795,973542,0
LQD.US,5,20260122,185000,110.8,110.8299,110.795,110.8299,43665,0
LQD.US,5,20260122,185500,110.83,110.85,110.8221,110.835,298723,0
LQD.US,5,20260122,190000,110.84,110.84,110.765,110.7809,433537,0
LQD.US,5,20260122,190500,110.785,110.795,110.77,110.79,210563,0
LQD.US,5,20260122,191000,110.79,110.8,110.7732,110.78,434869,0
LQD.US,5,20260122,191500,110.785,110.79,110.77,110.7772,160362,0
LQD.US,5,20260122,192000,110.775,110.82,110.775,110.815,1520106,0
LQD.US,5,20260122,192500,110.813,110.82,110.785,110.785,471765,0
LQD.US,5,20260122,193000,110.785,110.82,110.785,110.815,313930,0
LQD.US,5,20260122,193500,110.815,110.86,110.815,110.86,625418,0
LQD.US,5,20260122,194000,110.855,110.87,110.82,110.825,186397,0
LQD.US,5,20260122,194500,110.825,110.825,110.795,110.81,62530,0
LQD.US,5,20260122,195000,110.8,110.81,110.79,110.79,455451,0
LQD.US,5,20260122,195500,110.795,110.81,110.79,110.795,281944,0
LQD.US,5,20260122,200000,110.795,110.805,110.79,110.795,193605,0
LQD.US,5,20260122,200500,110.795,110.815,110.79,110.815,187836,0
LQD.US,5,20260122,201000,110.815,110.815,110.8,110.805,120453,0
LQD.US,5,20260122,201500,110.8,110.805,110.78,110.78,366424,0
LQD.US,5,20260122,202000,110.78,110.81,110.77,110.805,312649,0
LQD.US,5,20260122,202500,110.805,110.815,110.795,110.795,123221,0
LQD.US,5,20260122,203000,110.8,110.8,110.775,110.785,178618,0
LQD.US,5,20260122,203500,110.785,110.7999,110.771,110.785,594217,0
LQD.US,5,20260122,204000,110.785,110.7998,110.785,110.795,60128,0
LQD.US,5,20260122,204500,110.795,110.795,110.77,110.775,184532,0
LQD.US,5,20260122,205000,110.775,110.78,110.77,110.775,55861,0
LQD.US,5,20260122,205500,110.775,110.78,110.765,110.775,316509,0
LQD.US,5,20260122,210000,110.77,110.78,110.75,110.765,585664,0
LQD.US,5,20260122,210500,110.765,110.77,110.76,110.765,1168882,0
LQD.US,5,20260122,211000,110.765,110.78,110.755,110.755,290286,0
LQD.US,5,20260122,211500,110.755,110.77,110.755,110.765,440726,0
LQD.US,5,20260122,212000,110.76,110.77,110.74,110.76,424196,0
LQD.US,5,20260122,212500,110.761,110.77,110.76,110.76,115218,0
LQD.US,5,20260122,213000,110.76,110.76,110.735,110.74,368123,0
LQD.US,5,20260122,213500,110.745,110.7473,110.73,110.745,410367,0
LQD.US,5,20260122,214000,110.745,110.77,110.7423,110.765,660298,0
LQD.US,5,20260122,214500,110.765,110.77,110.745,110.75,421597,0
LQD.US,5,20260122,215000,110.75,110.77,110.745,110.765,739147,0
LQD.US,5,20260122,215500,110.765,110.78,110.75,110.77,1666880,0
LQD.US,5,20260123,153000,110.76,110.77,110.66,110.67,1165011,0
LQD.US,5,20260123,153500,110.665,110.73,110.665,110.725,452065,0
LQD.US,5,20260123,154000,110.725,110.725,110.685,110.69,302592,0
LQD.US,5,20260123,154500,110.7,110.765,110.695,110.72,470655,0
LQD.US,5,20260123,155000,110.715,110.75,110.715,110.75,192786,0
LQD.US,5,20260123,155500,110.745,110.77,110.735,110.77,165599,0
LQD.US,5,20260123,160000,110.765,110.7799,110.725,110.775,397175,0
LQD.US,5,20260123,160500,110.7706,110.83,110.77,110.8,256350,0
LQD.US,5,20260123,161000,110.805,110.8179,110.8,110.805,151714,0
LQD.US,5,20260123,161500,110.805,110.82,110.75,110.755,268468,0
LQD.US,5,20260123,162000,110.755,110.795,110.755,110.7814,178412,0
LQD.US,5,20260123,162500,110.785,110.79,110.745,110.76,275914,0
LQD.US,5,20260123,163000,110.7594,110.765,110.74,110.7599,92801,0
LQD.US,5,20260123,163500,110.76,110.78,110.755,110.77,83112,0
LQD.US,5,20260123,164000,110.78,110.79,110.775,110.7799,95473,0
LQD.US,5,20260123,164500,110.775,110.8,110.765,110.785,166892,0
LQD.US,5,20260123,165000,110.7899,110.84,110.7835,110.835,292497,0
LQD.US,5,20260123,165500,110.835,110.84,110.815,110.825,253568,0
LQD.US,5,20260123,170000,110.825,110.86,110.82,110.855,534216,0
LQD.US,5,20260123,170500,110.855,110.855,110.815,110.815,359050,0
LQD.US,5,20260123,171000,110.815,110.82,110.76,110.76,814936,0
LQD.US,5,20260123,171500,110.765,110.77,110.735,110.74,194586,0
LQD.US,5,20260123,172000,110.74,110.75,110.72,110.735,115106,0
LQD.US,5,20260123,172500,110.74,110.7554,110.725,110.735,78558,0
LQD.US,5,20260123,173000,110.73,110.74,110.71,110.73,321825,0
LQD.US,5,20260123,173500,110.73,110.75,110.7122,110.745,204337,0
LQD.US,5,20260123,174000,110.745,110.75,110.705,110.705,1019896,0
LQD.US,5,20260123,174500,110.71,110.71,110.66,110.675,440459,0
LQD.US,5,20260123,175000,110.675,110.7094,110.635,110.66,344074,0
LQD.US,5,20260123,175500,110.655,110.655,110.62,110.62,225311,0
LQD.US,5,20260123,180000,110.62,110.655,110.59,110.655,483897,0
LQD.US,5,20260123,180500,110.655,110.6599,110.63,110.65,270301,0
LQD.US,5,20260123,181000,110.655,110.685,110.645,110.685,169059,0
LQD.US,5,20260123,181500,110.685,110.695,110.67,110.695,133396,0
LQD.US,5,20260123,182000,110.69,110.6901,110.665,110.67,159129,0
LQD.US,5,20260123,182500,110.6702,110.68,110.6687,110.675,60616,0
LQD.US,5,20260123,183000,110.675,110.68,110.635,110.645,343501,0
LQD.US,5,20260123,183500,110.645,110.6578,110.64,110.645,136835,0
LQD.US,5,20260123,184000,110.65,110.66,110.61,110.61,509445,0
LQD.US,5,20260123,184500,110.61,110.61,110.55,110.585,397245,0
LQD.US,5,20260123,185000,110.5801,110.585,110.55,110.55,69857,0
LQD.US,5,20260123,185500,110.555,110.555,110.51,110.545,410005,0
LQD.US,5,20260123,190000,110.55,110.57,110.54,110.56,279719,0
LQD.US,5,20260123,190500,110.57,110.58,110.56,110.565,428881,0
LQD.US,5,20260123,191000,110.57,110.58,110.56,110.58,250866,0
LQD.US,5,20260123,191500,110.575,110.6,110.575,110.595,459497,0
LQD.US,5,20260123,192000,110.595,110.6,110.58,110.5956,215229,0
LQD.US,5,20260123,192500,110.6,110.63,110.6,110.625,119001,0
LQD.US,5,20260123,193000,110.63,110.65,110.625,110.625,144284,0
LQD.US,5,20260123,193500,110.625,110.63,110.615,110.625,164633,0
LQD.US,5,20260123,194000,110.625,110.64,110.615,110.625,249905,0
LQD.US,5,20260123,194500,110.625,110.66,110.62,110.645,368379,0
LQD.US,5,20260123,195000,110.645,110.65,110.62,110.63,244711,0
LQD.US,5,20260123,195500,110.625,110.64,110.62,110.64,443869,0
LQD.US,5,20260123,200000,110.64,110.66,110.63,110.66,360028,0
LQD.US,5,20260123,200500,110.66,110.67,110.65,110.655,357968,0
LQD.US,5,20260123,201000,110.655,110.67,110.64,110.665,708166,0
LQD.US,5,20260123,201500,110.665,110.67,110.63,110.64,455636,0
LQD.US,5,20260123,202000,110.64,110.65,110.63,110.64,250045,0
LQD.US,5,20260123,202500,110.6384,110.65,110.62,110.62,165038,0
LQD.US,5,20260123,203000,110.62,110.65,110.62,110.65,131761,0
LQD.US,5,20260123,203500,110.65,110.65,110.63,110.635,107229,0
LQD.US,5,20260123,204000,110.635,110.675,110.63,110.675,170019,0
LQD.US,5,20260123,204500,110.675,110.73,110.675,110.72,154290,0
LQD.US,5,20260123,205000,110.72,110.75,110.711,110.73,145971,0
LQD.US,5,20260123,205500,110.725,110.76,110.725,110.76,366036,0
LQD.US,5,20260123,210000,110.76,110.78,110.75,110.755,282394,0
LQD.US,5,20260123,210500,110.755,110.785,110.75,110.785,494615,0
LQD.US,5,20260123,211000,110.785,110.81,110.775,110.81,413959,0
LQD.US,5,20260123,211500,110.805,110.84,110.805,110.83,268629,0
LQD.US,5,20260123,212000,110.83,110.83,110.79,110.805,189948,0
LQD.US,5,20260123,212500,110.8,110.8069,110.78,110.785,210838,0
LQD.US,5,20260123,213000,110.78,110.79,110.775,110.79,354306,0
LQD.US,5,20260123,213500,110.785,110.82,110.78,110.81,1186650,0
LQD.US,5,20260123,214000,110.805,110.85,110.805,110.83,507352,0
LQD.US,5,20260123,214500,110.83,110.85,110.82,110.825,905478,0
LQD.US,5,20260123,215000,110.825,110.84,110.82,110.835,450359,0
LQD.US,5,20260123,215500,110.835,110.85,110.81,110.835,2744034,0
LQD.US,5,20260126,153000,111.06,111.06,111,111.01,379131,0
LQD.US,5,20260126,153500,111.005,111.005,110.98,111,161205,0
LQD.US,5,20260126,154000,110.995,111.015,110.98,110.99,187391,0
LQD.US,5,20260126,154500,110.985,111.03,110.985,111.01,655556,0
LQD.US,5,20260126,155000,111.01,111.02,110.995,111,628723,0
LQD.US,5,20260126,155500,111.005,111.04,110.995,111.035,123521,0
LQD.US,5,20260126,160000,111.03,111.035,111.005,111.035,452779,0
LQD.US,5,20260126,160500,111.035,111.085,111.015,111.055,208223,0
LQD.US,5,20260126,161000,111.055,111.0899,111.0523,111.08,87074,0
LQD.US,5,20260126,161500,111.085,111.09,111.06,111.08,308029,0
LQD.US,5,20260126,162000,111.085,111.1,111.08,111.1,216283,0
LQD.US,5,20260126,162500,111.095,111.12,111.0648,111.065,373083,0
LQD.US,5,20260126,163000,111.065,111.08,111.055,111.0799,93301,0
LQD.US,5,20260126,163500,111.075,111.08,111.05,111.07,251902,0
LQD.US,5,20260126,164000,111.08,111.08,111.05,111.0554,327239,0
LQD.US,5,20260126,164500,111.055,111.065,111.045,111.045,167549,0
LQD.US,5,20260126,165000,111.045,111.05,111,111,241786,0
LQD.US,5,20260126,165500,111,111,110.98,110.98,81155,0
LQD.US,5,20260126,170000,110.98,111.01,110.98,111.0001,509652,0
LQD.US,5,20260126,170500,111.005,111.02,111.0023,111.005,93475,0
LQD.US,5,20260126,171000,111.005,111.015,110.99,110.995,152485,0
LQD.US,5,20260126,171500,110.99,110.9903,110.96,110.9633,661120,0
LQD.US,5,20260126,172000,110.97,110.97,110.95,110.95,268748,0
LQD.US,5,20260126,172500,110.955,110.955,110.93,110.945,850239,0
LQD.US,5,20260126,173000,110.95,110.96,110.921,110.93,443601,0
LQD.US,5,20260126,173500,110.94,110.9558,110.93,110.93,156065,0
LQD.US,5,20260126,174000,110.935,110.94,110.925,110.935,354367,0
LQD.US,5,20260126,174500,110.93,110.96,110.93,110.945,222619,0
LQD.US,5,20260126,175000,110.94,110.945,110.925,110.935,267224,0
LQD.US,5,20260126,175500,110.935,110.935,110.91,110.915,83485,0
LQD.US,5,20260126,180000,110.91,110.915,110.89,110.91,207635,0
LQD.US,5,20260126,180500,110.915,110.92,110.9,110.915,607853,0
LQD.US,5,20260126,181000,110.91,110.9275,110.895,110.925,195618,0
LQD.US,5,20260126,181500,110.925,110.9399,110.91,110.91,94065,0
LQD.US,5,20260126,182000,110.91,110.92,110.905,110.915,46515,0
LQD.US,5,20260126,182500,110.915,110.94,110.91,110.935,433003,0
LQD.US,5,20260126,183000,110.935,110.9688,110.935,110.96,311345,0
LQD.US,5,20260126,183500,110.965,110.985,110.96,110.985,270191,0
LQD.US,5,20260126,184000,110.985,110.995,110.9722,110.9762,93290,0
LQD.US,5,20260126,184500,110.98,111.005,110.97,111.005,113548,0
LQD.US,5,20260126,185000,111.005,111.005,110.99,110.995,79544,0
LQD.US,5,20260126,185500,110.99,110.995,110.98,110.995,81761,0
LQD.US,5,20260126,190000,110.9911,111.005,110.9625,111,261379,0
LQD.US,5,20260126,190500,111,111.015,110.995,111.005,62496,0
LQD.US,5,20260126,191000,111.005,111.025,110.99,110.995,212934,0
LQD.US,5,20260126,191500,110.995,110.995,110.97,110.975,180955,0
LQD.US,5,20260126,192000,110.975,110.995,110.975,110.99,105062,0
LQD.US,5,20260126,192500,110.995,111,110.98,110.995,90316,0
LQD.US,5,20260126,193000,110.995,111.019,110.995,111.01,169160,0
LQD.US,5,20260126,193500,111.01,111.02,110.97,110.975,566067,0
LQD.US,5,20260126,194000,110.97,110.9799,110.945,110.945,174645,0
LQD.US,5,20260126,194500,110.945,110.95,110.93,110.935,76414,0
LQD.US,5,20260126,195000,110.935,110.9485,110.93,110.945,48641,0
LQD.US,5,20260126,195500,110.945,110.945,110.925,110.925,40261,0
LQD.US,5,20260126,200000,110.93,110.935,110.92,110.93,127105,0
LQD.US,5,20260126,200500,110.93,110.945,110.93,110.945,50078,0
LQD.US,5,20260126,201000,110.94,110.965,110.94,110.965,336463,0
LQD.US,5,20260126,201500,110.965,110.97,110.96,110.965,202307,0
LQD.US,5,20260126,202000,110.965,110.965,110.93,110.955,494924,0
LQD.US,5,20260126,202500,110.955,110.99,110.955,110.955,501647,0
LQD.US,5,20260126,203000,110.955,110.975,110.95,110.97,578798,0
LQD.US,5,20260126,203500,110.97,110.98,110.955,110.97,244456,0
LQD.US,5,20260126,204000,110.97,110.99,110.97,110.98,191716,0
LQD.US,5,20260126,204500,110.98,110.9801,110.96,110.98,189476,0
LQD.US,5,20260126,205000,110.98,110.9899,110.97,110.985,156771,0
LQD.US,5,20260126,205500,110.985,110.985,110.94,110.955,271389,0
LQD.US,5,20260126,210000,110.95,110.96,110.935,110.95,402064,0
LQD.US,5,20260126,210500,110.95,110.9564,110.94,110.94,45629,0
LQD.US,5,20260126,211000,110.945,110.96,110.93,110.96,193313,0
LQD.US,5,20260126,211500,110.96,110.9699,110.95,110.955,60735,0
LQD.US,5,20260126,212000,110.955,110.96,110.94,110.955,147927,0
LQD.US,5,20260126,212500,110.96,110.97,110.955,110.955,288379,0
LQD.US,5,20260126,213000,110.955,110.965,110.945,110.945,117436,0
LQD.US,5,20260126,213500,110.945,110.9478,110.92,110.94,167308,0
LQD.US,5,20260126,214000,110.945,110.945,110.92,110.94,172949,0
LQD.US,5,20260126,214500,110.935,110.95,110.925,110.925,198392,0
LQD.US,5,20260126,215000,110.925,110.93,110.92,110.925,265504,0
LQD.US,5,20260126,215500,110.93,110.94,110.91,110.93,1944120,0
LQD.US,5,20260127,153000,110.855,110.91,110.835,110.875,710145,0
LQD.US,5,20260127,153500,110.875,110.88,110.8401,110.875,224454,0
LQD.US,5,20260127,154000,110.875,110.93,110.875,110.925,774738,0
LQD.US,5,20260127,154500,110.925,110.95,110.865,110.875,346333,0
LQD.US,5,20260127,155000,110.88,110.92,110.875,110.9101,310384,0
LQD.US,5,20260127,155500,110.92,110.925,110.855,110.865,139916,0
LQD.US,5,20260127,160000,110.87,110.95,110.87,110.94,500642,0
LQD.US,5,20260127,160500,110.945,110.97,110.935,110.945,444949,0
LQD.US,5,20260127,161000,110.945,110.9954,110.945,110.985,138184,0
LQD.US,5,20260127,161500,110.985,110.989,110.94,110.945,196290,0
LQD.US,5,20260127,162000,110.95,110.955,110.925,110.9348,132771,0
LQD.US,5,20260127,162500,110.93,110.9421,110.905,110.9106,163384,0
LQD.US,5,20260127,163000,110.915,110.9199,110.88,110.895,159160,0
LQD.US,5,20260127,163500,110.9,110.91,110.89,110.895,167351,0
LQD.US,5,20260127,164000,110.895,110.905,110.85,110.8706,176866,0
LQD.US,5,20260127,164500,110.87,110.89,110.86,110.87,87766,0
LQD.US,5,20260127,165000,110.86,110.875,110.84,110.855,232854,0
LQD.US,5,20260127,165500,110.855,110.885,110.8401,110.86,209981,0
LQD.US,5,20260127,170000,110.86,110.89,110.85,110.875,1128855,0
LQD.US,5,20260127,170500,110.87,110.9,110.86,110.865,605768,0
LQD.US,5,20260127,171000,110.865,110.88,110.82,110.825,204784,0
LQD.US,5,20260127,171500,110.825,110.835,110.81,110.825,142822,0
LQD.US,5,20260127,172000,110.83,110.845,110.81,110.845,87462,0
LQD.US,5,20260127,172500,110.845,110.87,110.8446,110.87,89747,0
LQD.US,5,20260127,173000,110.861,110.875,110.86,110.875,72687,0
LQD.US,5,20260127,173500,110.87,110.885,110.855,110.855,157782,0
LQD.US,5,20260127,174000,110.86,110.86,110.82,110.8221,91794,0
LQD.US,5,20260127,174500,110.83,110.865,110.815,110.86,115289,0
LQD.US,5,20260127,175000,110.86,110.87,110.85,110.865,1048065,0
LQD.US,5,20260127,175500,110.865,110.88,110.85,110.855,325138,0
LQD.US,5,20260127,180000,110.85,110.855,110.8,110.8,101367,0
LQD.US,5,20260127,180500,110.81,110.81,110.755,110.77,189508,0
LQD.US,5,20260127,181000,110.7701,110.805,110.76,110.805,86275,0
LQD.US,5,20260127,181500,110.805,110.81,110.79,110.81,105829,0
LQD.US,5,20260127,182000,110.809,110.8437,110.8043,110.835,208241,0
LQD.US,5,20260127,182500,110.835,110.86,110.82,110.845,123552,0
LQD.US,5,20260127,183000,110.845,110.8451,110.8204,110.83,164424,0
LQD.US,5,20260127,183500,110.8299,110.855,110.8289,110.835,134312,0
LQD.US,5,20260127,184000,110.835,110.855,110.83,110.845,98649,0
LQD.US,5,20260127,184500,110.845,110.875,110.835,110.875,91228,0
LQD.US,5,20260127,185000,110.8701,110.9,110.868,110.885,127349,0
LQD.US,5,20260127,185500,110.885,110.885,110.845,110.85,110716,0
LQD.US,5,20260127,190000,110.85,110.86,110.8,110.8,875322,0
LQD.US,5,20260127,190500,110.8,110.81,110.75,110.775,641122,0
LQD.US,5,20260127,191000,110.775,110.79,110.755,110.785,125334,0
LQD.US,5,20260127,191500,110.785,110.815,110.78,110.815,391816,0
LQD.US,5,20260127,192000,110.815,110.8178,110.785,110.805,165588,0
LQD.US,5,20260127,192500,110.805,110.83,110.785,110.83,286418,0
LQD.US,5,20260127,193000,110.83,110.8408,110.8,110.82,221095,0
LQD.US,5,20260127,193500,110.82,110.83,110.795,110.8,128871,0
LQD.US,5,20260127,194000,110.7902,110.8,110.7725,110.7725,84370,0
LQD.US,5,20260127,194500,110.7725,110.795,110.7625,110.785,60881,0
LQD.US,5,20260127,195000,110.79,110.82,110.7825,110.8,120736,0
LQD.US,5,20260127,195500,110.805,110.8091,110.78,110.78,50002,0
LQD.US,5,20260127,200000,110.78,110.7897,110.77,110.785,137548,0
LQD.US,5,20260127,200500,110.785,110.81,110.78,110.8025,556079,0
LQD.US,5,20260127,201000,110.8025,110.81,110.79,110.8,152996,0
LQD.US,5,20260127,201500,110.8,110.81,110.7825,110.7925,174189,0
LQD.US,5,20260127,202000,110.79,110.799,110.77,110.79,97313,0
LQD.US,5,20260127,202500,110.785,110.8,110.78,110.795,189117,0
LQD.US,5,20260127,203000,110.795,110.805,110.7625,110.77,311131,0
LQD.US,5,20260127,203500,110.77,110.785,110.77,110.78,98316,0
LQD.US,5,20260127,204000,110.78,110.825,110.78,110.81,296825,0
LQD.US,5,20260127,204500,110.815,110.8177,110.7825,110.795,119271,0
LQD.US,5,20260127,205000,110.795,110.81,110.79,110.805,37492,0
LQD.US,5,20260127,205500,110.8025,110.845,110.8,110.845,155350,0
LQD.US,5,20260127,210000,110.84,110.85,110.82,110.8325,186995,0
LQD.US,5,20260127,210500,110.835,110.855,110.83,110.855,433868,0
LQD.US,5,20260127,211000,110.85,110.88,110.85,110.865,343826,0
LQD.US,5,20260127,211500,110.865,110.88,110.85,110.85,519562,0
LQD.US,5,20260127,212000,110.855,110.8555,110.84,110.845,205364,0
LQD.US,5,20260127,212500,110.84,110.85,110.815,110.815,117538,0
LQD.US,5,20260127,213000,110.81,110.825,110.81,110.82,439817,0
LQD.US,5,20260127,213500,110.82,110.84,110.82,110.835,130136,0
LQD.US,5,20260127,214000,110.8325,110.86,110.83,110.8525,1023421,0
LQD.US,5,20260127,214500,110.85,110.86,110.8225,110.845,1397601,0
LQD.US,5,20260127,215000,110.845,110.85,110.77,110.7825,652952,0
LQD.US,5,20260127,215500,110.785,110.81,110.74,110.81,1977092,0
LQD.US,5,20260128,153000,110.7,110.74,110.675,110.7,232750,0
LQD.US,5,20260128,153500,110.71,110.725,110.66,110.675,557108,0
LQD.US,5,20260128,154000,110.68,110.68,110.66,110.67,457069,0
LQD.US,5,20260128,154500,110.67,110.685,110.62,110.62,384022,0
LQD.US,5,20260128,155000,110.62,110.64,110.615,110.635,320669,0
LQD.US,5,20260128,155500,110.63,110.65,110.62,110.635,401779,0
LQD.US,5,20260128,160000,110.635,110.65,110.625,110.635,634428,0
LQD.US,5,20260128,160500,110.635,110.69,110.59,110.68,702596,0
LQD.US,5,20260128,161000,110.685,110.735,110.675,110.6913,514038,0
LQD.US,5,20260128,161500,110.69,110.701,110.64,110.68,487416,0
LQD.US,5,20260128,162000,110.67,110.685,110.6599,110.67,300218,0
LQD.US,5,20260128,162500,110.67,110.67,110.645,110.668,99369,0
LQD.US,5,20260128,163000,110.66,110.68,110.65,110.65,113534,0
LQD.US,5,20260128,163500,110.6497,110.65,110.61,110.615,356905,0
LQD.US,5,20260128,164000,110.61,110.625,110.585,110.605,177386,0
LQD.US,5,20260128,164500,110.605,110.665,110.605,110.64,88622,0
LQD.US,5,20260128,165000,110.645,110.68,110.645,110.68,95221,0
LQD.US,5,20260128,165500,110.675,110.675,110.63,110.66,250614,0
LQD.US,5,20260128,170000,110.66,110.6777,110.645,110.645,298702,0
LQD.US,5,20260128,170500,110.65,110.68,110.65,110.655,80598,0
LQD.US,5,20260128,171000,110.655,110.675,110.64,110.67,248158,0
LQD.US,5,20260128,171500,110.6799,110.68,110.66,110.675,130364,0
LQD.US,5,20260128,172000,110.675,110.685,110.66,110.665,101857,0
LQD.US,5,20260128,172500,110.665,110.695,110.665,110.675,443034,0
LQD.US,5,20260128,173000,110.67,110.695,110.65,110.655,422168,0
LQD.US,5,20260128,173500,110.66,110.66,110.615,110.63,138836,0
LQD.US,5,20260128,174000,110.625,110.63,110.61,110.63,260239,0
LQD.US,5,20260128,174500,110.63,110.65,110.6,110.65,270155,0
LQD.US,5,20260128,175000,110.645,110.65,110.62,110.635,245798,0
LQD.US,5,20260128,175500,110.64,110.67,110.64,110.655,1125769,0
LQD.US,5,20260128,180000,110.655,110.66,110.63,110.635,641222,0
LQD.US,5,20260128,180500,110.635,110.6399,110.615,110.615,138215,0
LQD.US,5,20260128,181000,110.615,110.63,110.61,110.63,371920,0
LQD.US,5,20260128,181500,110.63,110.63,110.6,110.605,124750,0
LQD.US,5,20260128,182000,110.605,110.62,110.6,110.62,195376,0
LQD.US,5,20260128,182500,110.61,110.625,110.6,110.605,243572,0
LQD.US,5,20260128,183000,110.605,110.61,110.6,110.6,214986,0
LQD.US,5,20260128,183500,110.61,110.61,110.59,110.595,128053,0
LQD.US,5,20260128,184000,110.59,110.6,110.58,110.585,344411,0
LQD.US,5,20260128,184500,110.58,110.615,110.58,110.61,267890,0
LQD.US,5,20260128,185000,110.605,110.62,110.605,110.62,103124,0
LQD.US,5,20260128,185500,110.615,110.62,110.6,110.605,52269,0
LQD.US,5,20260128,190000,110.605,110.605,110.581,110.585,42661,0
LQD.US,5,20260128,190500,110.585,110.62,110.5801,110.605,215335,0
LQD.US,5,20260128,191000,110.605,110.625,110.5985,110.625,150366,0
LQD.US,5,20260128,191500,110.625,110.63,110.595,110.605,295948,0
LQD.US,5,20260128,192000,110.61,110.62,110.59,110.6,128022,0
LQD.US,5,20260128,192500,110.591,110.61,110.59,110.595,1116660,0
LQD.US,5,20260128,193000,110.595,110.6,110.58,110.58,102514,0
LQD.US,5,20260128,193500,110.58,110.5999,110.57,110.585,426405,0
LQD.US,5,20260128,194000,110.575,110.59,110.57,110.5899,99076,0
LQD.US,5,20260128,194500,110.5876,110.59,110.575,110.58,1535199,0
LQD.US,5,20260128,195000,110.57,110.58,110.555,110.555,172502,0
LQD.US,5,20260128,195500,110.555,110.56,110.54,110.55,141526,0
LQD.US,5,20260128,200000,110.58,110.62,110.4891,110.515,216738,0
LQD.US,5,20260128,200500,110.53,110.545,110.51,110.54,238907,0
LQD.US,5,20260128,201000,110.545,110.55,110.505,110.505,91296,0
LQD.US,5,20260128,201500,110.51,110.56,110.51,110.5499,43705,0
LQD.US,5,20260128,202000,110.54,110.555,110.5035,110.52,116239,0
LQD.US,5,20260128,202500,110.51,110.53,110.47,110.47,259457,0
LQD.US,5,20260128,203000,110.47,110.55,110.46,110.53574,227259,0
LQD.US,5,20260128,203500,110.54,110.61,110.52,110.6,143364,0
LQD.US,5,20260128,204000,110.6,110.61,110.54,110.57,1124125,0
LQD.US,5,20260128,204500,110.565,110.625,110.55,110.59,278592,0
LQD.US,5,20260128,205000,110.585,110.61,110.57,110.605,1109367,0
LQD.US,5,20260128,205500,110.605,110.65,110.585,110.62,684151,0
LQD.US,5,20260128,210000,110.62,110.67,110.62,110.655,1288222,0
LQD.US,5,20260128,210500,110.6599,110.67,110.625,110.64,784055,0
LQD.US,5,20260128,211000,110.645,110.675,110.62,110.63,1312876,0
LQD.US,5,20260128,211500,110.625,110.63,110.6035,110.6035,200834,0
LQD.US,5,20260128,212000,110.605,110.63,110.6,110.63,302681,0
LQD.US,5,20260128,212500,110.62,110.62,110.59,110.605,282943,0
LQD.US,5,20260128,213000,110.605,110.62,110.605,110.615,110592,0
LQD.US,5,20260128,213500,110.615,110.63,110.605,110.63,174385,0
LQD.US,5,20260128,214000,110.63,110.63,110.6,110.625,136643,0
LQD.US,5,20260128,214500,110.63,110.63,110.61,110.615,194426,0
LQD.US,5,20260128,215000,110.615,110.63,110.6121,110.625,290950,0
LQD.US,5,20260128,215500,110.625,110.65,110.61,110.65,1165918,0
LQD.US,5,20260129,153000,110.43,110.445,110.38,110.395,723291,0
LQD.US,5,20260129,153500,110.4,110.415,110.375,110.385,251812,0
LQD.US,5,20260129,154000,110.385,110.405,110.35,110.355,323794,0
LQD.US,5,20260129,154500,110.355,110.435,110.32,110.415,1438487,0
LQD.US,5,20260129,155000,110.415,110.44,110.395,110.43,1778472,0
LQD.US,5,20260129,155500,110.42,110.43,110.385,110.39,386417,0
LQD.US,5,20260129,160000,110.385,110.39,110.36,110.39,342299,0
LQD.US,5,20260129,160500,110.385,110.44,110.38,110.4372,1070724,0
LQD.US,5,20260129,161000,110.43,110.435,110.4,110.43,454006,0
LQD.US,5,20260129,161500,110.435,110.52,110.42,110.445,1639303,0
LQD.US,5,20260129,162000,110.445,110.465,110.435,110.435,175900,0
LQD.US,5,20260129,162500,110.435,110.51,110.43,110.505,437524,0
LQD.US,5,20260129,163000,110.5,110.5295,110.46,110.495,1165076,0
LQD.US,5,20260129,163500,110.495,110.575,110.495,110.57,410575,0
LQD.US,5,20260129,164000,110.57,110.6,110.56,110.5785,1672921,0
LQD.US,5,20260129,164500,110.575,110.585,110.505,110.525,797169,0
LQD.US,5,20260129,165000,110.525,110.525,110.48,110.5084,1196547,0
LQD.US,5,20260129,165500,110.51,110.51,110.42,110.445,918243,0
LQD.US,5,20260129,170000,110.45,110.5,110.44,110.475,556892,0
LQD.US,5,20260129,170500,110.48,110.505,110.44,110.475,288654,0
LQD.US,5,20260129,171000,110.475,110.51,110.465,110.495,2935122,0
LQD.US,5,20260129,171500,110.5,110.53,110.49,110.495,440237,0
LQD.US,5,20260129,172000,110.495,110.5,110.4624,110.49,583526,0
LQD.US,5,20260129,172500,110.49,110.5,110.475,110.5,234290,0
LQD.US,5,20260129,173000,110.5,110.52,110.4894,110.495,318429,0
LQD.US,5,20260129,173500,110.495,110.535,110.49,110.53,601625,0
LQD.US,5,20260129,174000,110.535,110.55,110.52,110.53,202033,0
LQD.US,5,20260129,174500,110.5247,110.555,110.52,110.545,259299,0
LQD.US,5,20260129,175000,110.545,110.555,110.515,110.545,446307,0
LQD.US,5,20260129,175500,110.545,110.5685,110.52,110.52,485907,0
LQD.US,5,20260129,180000,110.52,110.54,110.51,110.51427,356041,0
LQD.US,5,20260129,180500,110.515,110.53,110.49,110.525,476120,0
LQD.US,5,20260129,181000,110.525,110.54,110.52,110.525,373638,0
LQD.US,5,20260129,181500,110.525,110.53,110.505,110.515,184193,0
LQD.US,5,20260129,182000,110.515,110.565,110.515,110.555,253835,0
LQD.US,5,20260129,182500,110.555,110.58,110.55,110.565,1223006,0
LQD.US,5,20260129,183000,110.565,110.605,110.565,110.5999,479138,0
LQD.US,5,20260129,183500,110.6,110.63,110.59,110.615,790858,0
LQD.US,5,20260129,184000,110.615,110.66,110.61,110.645,392287,0
LQD.US,5,20260129,184500,110.64,110.655,110.63,110.6514,139815,0
LQD.US,5,20260129,185000,110.65,110.665,110.64,110.645,407989,0
LQD.US,5,20260129,185500,110.64,110.66,110.635,110.6458,289771,0
LQD.US,5,20260129,190000,110.64,110.65,110.6,110.6,198729,0
LQD.US,5,20260129,190500,110.605,110.615,110.575,110.6,331508,0
LQD.US,5,20260129,191000,110.59,110.62,110.58,110.605,230081,0
LQD.US,5,20260129,191500,110.61,110.645,110.6084,110.635,202995,0
LQD.US,5,20260129,192000,110.635,110.6417,110.62,110.625,179565,0
LQD.US,5,20260129,192500,110.6292,110.66,110.62,110.66,98561,0
LQD.US,5,20260129,193000,110.665,110.665,110.62,110.65,125965,0
LQD.US,5,20260129,193500,110.65,110.67,110.63,110.66,460675,0
LQD.US,5,20260129,194000,110.655,110.6777,110.64,110.67,719452,0
LQD.US,5,20260129,194500,110.67,110.68,110.66,110.665,90350,0
LQD.US,5,20260129,195000,110.66,110.68,110.655,110.655,255726,0
LQD.US,5,20260129,195500,110.655,110.665,110.645,110.645,317531,0
LQD.US,5,20260129,200000,110.64,110.68,110.64,110.675,428662,0
LQD.US,5,20260129,200500,110.675,110.7,110.67,110.675,384083,0
LQD.US,5,20260129,201000,110.675,110.7,110.675,110.68,160039,0
LQD.US,5,20260129,201500,110.685,110.685,110.665,110.675,190512,0
LQD.US,5,20260129,202000,110.675,110.69,110.65,110.68,411366,0
LQD.US,5,20260129,202500,110.675,110.6897,110.67,110.6801,55934,0
LQD.US,5,20260129,203000,110.69,110.7,110.665,110.685,484026,0
LQD.US,5,20260129,203500,110.685,110.69,110.67,110.67,634548,0
LQD.US,5,20260129,204000,110.675,110.6852,110.665,110.6816,355606,0
LQD.US,5,20260129,204500,110.68,110.685,110.6428,110.66,133915,0
LQD.US,5,20260129,205000,110.661,110.67,110.651,110.66,71971,0
LQD.US,5,20260129,205500,110.66,110.6677,110.645,110.645,96449,0
LQD.US,5,20260129,210000,110.645,110.655,110.64,110.645,71835,0
LQD.US,5,20260129,210500,110.65,110.655,110.63,110.655,681413,0
LQD.US,5,20260129,211000,110.655,110.685,110.651,110.6801,807953,0
LQD.US,5,20260129,211500,110.685,110.685,110.665,110.67,164060,0
LQD.US,5,20260129,212000,110.675,110.675,110.65,110.66,155054,0
LQD.US,5,20260129,212500,110.665,110.68,110.66,110.665,142473,0
LQD.US,5,20260129,213000,110.665,110.675,110.66,110.665,108200,0
LQD.US,5,20260129,213500,110.665,110.68,110.65,110.675,173142,0
LQD.US,5,20260129,214000,110.675,110.68,110.67,110.675,696785,0
LQD.US,5,20260129,214500,110.67,110.67,110.615,110.615,649229,0
LQD.US,5,20260129,215000,110.61,110.66,110.61,110.66,1070903,0
LQD.US,5,20260129,215500,110.655,110.705,110.65,110.67,1271140,0
LQD.US,5,20260130,153000,110.6,110.6281,110.555,110.61,1108653,0
LQD.US,5,20260130,153500,110.605,110.615,110.58,110.6,155363,0
LQD.US,5,20260130,154000,110.61,110.62,110.565,110.565,341410,0
LQD.US,5,20260130,154500,110.565,110.575,110.52,110.56,135358,0
LQD.US,5,20260130,155000,110.56,110.57,110.525,110.54,493280,0
LQD.US,5,20260130,155500,110.54,110.58,110.53,110.57,565685,0
LQD.US,5,20260130,160000,110.57,110.61,110.565,110.595,324457,0
LQD.US,5,20260130,160500,110.6,110.66,110.6,110.6,488076,0
LQD.US,5,20260130,161000,110.595,110.6,110.55,110.6,301285,0
LQD.US,5,20260130,161500,110.6,110.61,110.57,110.575,219520,0
LQD.US,5,20260130,162000,110.575,110.63,110.575,110.61,156044,0
LQD.US,5,20260130,162500,110.61,110.64,110.61,110.625,419174,0
LQD.US,5,20260130,163000,110.62,110.63,110.6,110.6201,428510,0
LQD.US,5,20260130,163500,110.62,110.64,110.61,110.625,945451,0
LQD.US,5,20260130,164000,110.625,110.65,110.61,110.629,527986,0
LQD.US,5,20260130,164500,110.625,110.625,110.595,110.6,167219,0
LQD.US,5,20260130,165000,110.6085,110.625,110.605,110.615,209354,0
LQD.US,5,20260130,165500,110.62,110.63,110.605,110.625,387848,0
LQD.US,5,20260130,170000,110.62,110.62,110.59,110.605,355931,0
LQD.US,5,20260130,170500,110.605,110.6066,110.5784,110.58,235174,0
LQD.US,5,20260130,171000,110.575,110.575,110.55,110.555,606807,0
LQD.US,5,20260130,171500,110.56,110.575,110.55,110.555,417207,0
LQD.US,5,20260130,172000,110.555,110.57,110.54,110.545,822862,0
LQD.US,5,20260130,172500,110.545,110.57,110.545,110.555,433107,0
LQD.US,5,20260130,173000,110.56,110.5695,110.55,110.56,238583,0
LQD.US,5,20260130,173500,110.565,110.58,110.56,110.575,182528,0
LQD.US,5,20260130,174000,110.58,110.6,110.57,110.58,127160,0
LQD.US,5,20260130,174500,110.59,110.63,110.585,110.615,122778,0
LQD.US,5,20260130,175000,110.615,110.63,110.6,110.6099,119255,0
LQD.US,5,20260130,175500,110.605,110.62,110.6015,110.615,155379,0
LQD.US,5,20260130,180000,110.615,110.62,110.595,110.6,171211,0
LQD.US,5,20260130,180500,110.6,110.605,110.585,110.595,720649,0
LQD.US,5,20260130,181000,110.59,110.62,110.58,110.59,832391,0
LQD.US,5,20260130,181500,110.585,110.6,110.57,110.6,774697,0
LQD.US,5,20260130,182000,110.59,110.61,110.58,110.58,814979,0
LQD.US,5,20260130,182500,110.58,110.59,110.54,110.565,716830,0
LQD.US,5,20260130,183000,110.565,110.59,110.5415,110.5415,382829,0
LQD.US,5,20260130,183500,110.545,110.58,110.535,110.5763,264330,0
LQD.US,5,20260130,184000,110.575,110.61,110.5639,110.61,178014,0
LQD.US,5,20260130,184500,110.61,110.625,110.595,110.61,604204,0
LQD.US,5,20260130,185000,110.61,110.64,110.605,110.63,262435,0
LQD.US,5,20260130,185500,110.63,110.64,110.61,110.63,139381,0
LQD.US,5,20260130,190000,110.63,110.65,110.625,110.64,409280,0
LQD.US,5,20260130,190500,110.64,110.67,110.64,110.67,166658,0
LQD.US,5,20260130,191000,110.67,110.68,110.66,110.675,220776,0
LQD.US,5,20260130,191500,110.68,110.7056,110.67,110.695,469619,0
LQD.US,5,20260130,192000,110.695,110.71,110.67,110.705,240512,0
LQD.US,5,20260130,192500,110.705,110.72,110.68,110.705,793177,0
LQD.US,5,20260130,193000,110.705,110.72,110.675,110.68,769222,0
LQD.US,5,20260130,193500,110.68,110.68,110.66,110.6624,251023,0
LQD.US,5,20260130,194000,110.67,110.69,110.66,110.6615,289577,0
LQD.US,5,20260130,194500,110.665,110.68,110.645,110.68,341725,0
LQD.US,5,20260130,195000,110.675,110.735,110.675,110.715,548999,0
LQD.US,5,20260130,195500,110.715,110.72,110.67,110.675,1008437,0
LQD.US,5,20260130,200000,110.67,110.7099,110.67,110.7,188267,0
LQD.US,5,20260130,200500,110.695,110.725,110.695,110.715,179565,0
LQD.US,5,20260130,201000,110.72,110.735,110.7,110.71,641187,0
LQD.US,5,20260130,201500,110.71,110.7221,110.7002,110.715,353640,0
LQD.US,5,20260130,202000,110.715,110.72,110.705,110.705,104556,0
LQD.US,5,20260130,202500,110.705,110.72,110.695,110.695,135904,0
LQD.US,5,20260130,203000,110.695,110.6999,110.67,110.685,389693,0
LQD.US,5,20260130,203500,110.685,110.695,110.67,110.695,318105,0
LQD.US,5,20260130,204000,110.6901,110.71,110.671,110.675,291352,0
LQD.US,5,20260130,204500,110.675,110.675,110.655,110.6662,207999,0
LQD.US,5,20260130,205000,110.665,110.67,110.65,110.665,506737,0
LQD.US,5,20260130,205500,110.665,110.675,110.64,110.645,116500,0
LQD.US,5,20260130,210000,110.64,110.65,110.62,110.635,391557,0
LQD.US,5,20260130,210500,110.635,110.65,110.625,110.63,183214,0
LQD.US,5,20260130,211000,110.63,110.635,110.6,110.605,176018,0
LQD.US,5,20260130,211500,110.61,110.63,110.601,110.63,137549,0
LQD.US,5,20260130,212000,110.625,110.64,110.6023,110.63441,214007,0
LQD.US,5,20260130,212500,110.635,110.65,110.6244,110.625,238599,0
LQD.US,5,20260130,213000,110.625,110.63,110.61,110.625,776319,0
LQD.US,5,20260130,213500,110.625,110.67,110.6201,110.67,1153236,0
LQD.US,5,20260130,214000,110.67,110.67,110.64,110.67,279369,0
LQD.US,5,20260130,214500,110.665,110.67,110.63,110.66,730794,0
LQD.US,5,20260130,215000,110.665,110.685,110.64,110.685,832276,0
LQD.US,5,20260130,215500,110.685,110.695,110.57,110.57,1830942,0
LQD.US,5,20260202,153000,110.27,110.28,110.18,110.28,361183,0
LQD.US,5,20260202,153500,110.285,110.315,110.265,110.3,154229,0
LQD.US,5,20260202,154000,110.305,110.31,110.275,110.31,362507,0
LQD.US,5,20260202,154500,110.315,110.32,110.26,110.28,269885,0
LQD.US,5,20260202,155000,110.285,110.29,110.24,110.25,343753,0
LQD.US,5,20260202,155500,110.26,110.275,110.255,110.27,100460,0
LQD.US,5,20260202,160000,110.26,110.27,110.11,110.135,461029,0
LQD.US,5,20260202,160500,110.14,110.17,110.1245,110.15,408559,0
LQD.US,5,20260202,161000,110.145,110.145,110.06,110.07,332292,0
LQD.US,5,20260202,161500,110.07,110.105,110.035,110.06,881259,0
LQD.US,5,20260202,162000,110.065,110.1076,110.06,110.1056,298879,0
LQD.US,5,20260202,162500,110.1,110.12,110.09,110.115,497021,0
LQD.US,5,20260202,163000,110.11,110.145,110.1,110.1099,479411,0
LQD.US,5,20260202,163500,110.105,110.1178,110.08,110.1,322482,0
LQD.US,5,20260202,164000,110.1,110.14,110.095,110.125,331984,0
LQD.US,5,20260202,164500,110.125,110.1379,110.1,110.1,297776,0
LQD.US,5,20260202,165000,110.105,110.15,110.1,110.145,246889,0
LQD.US,5,20260202,165500,110.145,110.15,110.11,110.13,446035,0
LQD.US,5,20260202,170000,110.13,110.15,110.125,110.13,515245,0
LQD.US,5,20260202,170500,110.13,110.15,110.12,110.1301,159132,0
LQD.US,5,20260202,171000,110.13,110.1395,110.12,110.125,82824,0
LQD.US,5,20260202,171500,110.1276,110.17,110.125,110.1391,141315,0
LQD.US,5,20260202,172000,110.135,110.16,110.13,110.14,476032,0
LQD.US,5,20260202,172500,110.14,110.15,110.14,110.145,90529,0
LQD.US,5,20260202,173000,110.141,110.19,110.14,110.17,107099,0
LQD.US,5,20260202,173500,110.1703,110.175,110.15,110.155,649966,0
LQD.US,5,20260202,174000,110.155,110.17,110.145,110.16,343650,0
LQD.US,5,20260202,174500,110.165,110.17,110.15,110.165,264109,0
LQD.US,5,20260202,175000,110.16,110.17,110.142,110.165,803592,0
LQD.US,5,20260202,175500,110.165,110.17,110.15,110.165,130746,0
LQD.US,5,20260202,180000,110.165,110.195,110.1619,110.195,152660,0
LQD.US,5,20260202,180500,110.195,110.22,110.19,110.215,176112,0
LQD.US,5,20260202,181000,110.215,110.23,110.2128,110.2223,166601,0
LQD.US,5,20260202,181500,110.23,110.27,110.23,110.26,128363,0
LQD.US,5,20260202,182000,110.26,110.27,110.25,110.26,80673,0
LQD.US,5,20260202,182500,110.26,110.29,110.26,110.285,91088,0
LQD.US,5,20260202,183000,110.285,110.32,110.28,110.32,124710,0
LQD.US,5,20260202,183500,110.315,110.32,110.26,110.28,364739,0
LQD.US,5,20260202,184000,110.28,110.31,110.28,110.3,124789,0
LQD.US,5,20260202,184500,110.305,110.31,110.28,110.285,253822,0
LQD.US,5,20260202,185000,110.285,110.285,110.245,110.27,165130,0
LQD.US,5,20260202,185500,110.265,110.27,110.24,110.25,126859,0
LQD.US,5,20260202,190000,110.255,110.265,110.24,110.245,236357,0
LQD.US,5,20260202,190500,110.245,110.25,110.22,110.225,114339,0
LQD.US,5,20260202,191000,110.225,110.23,110.215,110.22,239800,0
LQD.US,5,20260202,191500,110.22,110.22,110.2015,110.205,367911,0
LQD.US,5,20260202,192000,110.205,110.215,110.2,110.205,408530,0
LQD.US,5,20260202,192500,110.205,110.21,110.19,110.195,207545,0
LQD.US,5,20260202,193000,110.19,110.2,110.175,110.195,54762,0
LQD.US,5,20260202,193500,110.2,110.22,110.1999,110.205,205106,0
LQD.US,5,20260202,194000,110.205,110.21,110.2,110.205,35346,0
LQD.US,5,20260202,194500,110.205,110.21,110.2,110.205,29187,0
LQD.US,5,20260202,195000,110.205,110.22,110.2,110.2,217019,0
LQD.US,5,20260202,195500,110.2,110.205,110.18,110.18,47674,0
LQD.US,5,20260202,200000,110.18,110.195,110.17,110.175,195690,0
LQD.US,5,20260202,200500,110.18,110.18,110.155,110.155,182940,0
LQD.US,5,20260202,201000,110.155,110.17,110.155,110.17,137201,0
LQD.US,5,20260202,201500,110.165,110.17,110.145,110.1599,173580,0
LQD.US,5,20260202,202000,110.155,110.16,110.14,110.14,323279,0
LQD.US,5,20260202,202500,110.145,110.15,110.12,110.13,156601,0
LQD.US,5,20260202,203000,110.13,110.15,110.12,110.145,135870,0
LQD.US,5,20260202,203500,110.1499,110.16,110.145,110.1579,28028,0
LQD.US,5,20260202,204000,110.15,110.18,110.15,110.1799,60308,0
LQD.US,5,20260202,204500,110.18,110.19,110.17,110.1801,159794,0
LQD.US,5,20260202,205000,110.185,110.19,110.18,110.185,71623,0
LQD.US,5,20260202,205500,110.19,110.2,110.145,110.15,515717,0
LQD.US,5,20260202,210000,110.14,110.18,110.115,110.18,180319,0
LQD.US,5,20260202,210500,110.1799,110.19,110.16,110.185,644089,0
LQD.US,5,20260202,211000,110.19,110.2,110.17,110.17,169765,0
LQD.US,5,20260202,211500,110.175,110.1777,110.16,110.165,585515,0
LQD.US,5,20260202,212000,110.16,110.17,110.16,110.165,446844,0
LQD.US,5,20260202,212500,110.165,110.17,110.13,110.14,281986,0
LQD.US,5,20260202,213000,110.13,110.14,110.105,110.11,671941,0
LQD.US,5,20260202,213500,110.115,110.115,110.08,110.085,657532,0
LQD.US,5,20260202,214000,110.085,110.1,110.07,110.08,651371,0
LQD.US,5,20260202,214500,110.08,110.11,110.07,110.095,1075223,0
LQD.US,5,20260202,215000,110.09,110.11,110.08,110.085,1513474,0
LQD.US,5,20260202,215500,110.08,110.1,110.03,110.06,3694326,0
LQD.US,5,20260203,153000,110.02,110.06,110,110.055,722860,0
LQD.US,5,20260203,153500,110.055,110.055,110.01,110.035,230558,0
LQD.US,5,20260203,154000,110.035,110.06,110.03,110.055,316268,0
LQD.US,5,20260203,154500,110.055,110.09,110.035,110.045,310389,0
LQD.US,5,20260203,155000,110.045,110.055,110.03,110.035,145126,0
LQD.US,5,20260203,155500,110.03,110.065,110.03,110.045,172065,0
LQD.US,5,20260203,160000,110.045,110.06,110.035,110.045,779892,0
LQD.US,5,20260203,160500,110.05,110.065,110.03,110.04,258950,0
LQD.US,5,20260203,161000,110.05,110.06,110.04,110.04,171402,0
LQD.US,5,20260203,161500,110.045,110.05,110.01,110.015,380737,0
LQD.US,5,20260203,162000,110.015,110.015,109.985,110.01,167603,0
LQD.US,5,20260203,162500,110.0095,110.02,109.99,110.005,181492,0
LQD.US,5,20260203,163000,110.005,110.01,109.97,109.985,423866,0
LQD.US,5,20260203,163500,109.985,110.0282,109.98,110,284515,0
LQD.US,5,20260203,164000,110,110.02,109.98,110.005,280752,0
LQD.US,5,20260203,164500,110.005,110.015,109.99,109.995,324516,0
LQD.US,5,20260203,165000,109.995,110.01,109.9701,109.9815,388779,0
LQD.US,5,20260203,165500,109.9872,109.99,109.955,109.965,95678,0
LQD.US,5,20260203,170000,109.965,109.965,109.925,109.93,503989,0
LQD.US,5,20260203,170500,109.9396,109.945,109.925,109.935,180396,0
LQD.US,5,20260203,171000,109.935,109.96,109.93,109.95,391881,0
LQD.US,5,20260203,171500,109.945,109.955,109.94,109.945,111888,0
LQD.US,5,20260203,172000,109.95,109.95,109.935,109.935,109304,0
LQD.US,5,20260203,172500,109.935,109.96,109.92,109.95,281750,0
LQD.US,5,20260203,173000,109.95,109.96,109.945,109.9599,126834,0
LQD.US,5,20260203,173500,109.955,109.97,109.95,109.97,388729,0
LQD.US,5,20260203,174000,109.97,109.995,109.965,109.99,208742,0
LQD.US,5,20260203,174500,109.985,110,109.98,109.985,142540,0
LQD.US,5,20260203,175000,109.985,109.99,109.97,109.979,111580,0
LQD.US,5,20260203,175500,109.98,109.985,109.9577,109.9601,92693,0
LQD.US,5,20260203,180000,109.96,109.97,109.94,109.945,310203,0
LQD.US,5,20260203,180500,109.945,109.965,109.9423,109.965,424072,0
LQD.US,5,20260203,181000,109.96,109.9695,109.93,109.945,491128,0
LQD.US,5,20260203,181500,109.945,110.05,109.945,109.9775,462674,0
LQD.US,5,20260203,182000,109.9701,109.9978,109.965,109.97,152340,0
LQD.US,5,20260203,182500,109.975,109.98,109.935,109.935,252218,0
LQD.US,5,20260203,183000,109.935,109.94,109.915,109.925,619547,0
LQD.US,5,20260203,183500,109.925,109.945,109.925,109.94,324480,0
LQD.US,5,20260203,184000,109.9399,109.94,109.91,109.935,107090,0
LQD.US,5,20260203,184500,109.93,109.95,109.915,109.94,55414,0
LQD.US,5,20260203,185000,109.9324,109.94,109.9,109.93,250235,0
LQD.US,5,20260203,185500,109.93,109.955,109.925,109.925,183982,0
LQD.US,5,20260203,190000,109.9266,109.95,109.9266,109.93,86793,0
LQD.US,5,20260203,190500,109.93,109.935,109.91,109.93,465652,0
LQD.US,5,20260203,191000,109.93,109.94,109.92,109.925,175847,0
LQD.US,5,20260203,191500,109.925,109.94,109.915,109.93,32881,0
LQD.US,5,20260203,192000,109.94,109.97,109.9314,109.95,165767,0
LQD.US,5,20260203,192500,109.95,109.96,109.94,109.96,125120,0
LQD.US,5,20260203,193000,109.96,109.9865,109.955,109.98,495637,0
LQD.US,5,20260203,193500,109.98,110.015,109.973,110.015,304447,0
LQD.US,5,20260203,194000,110.015,110.04,110.015,110.037,285802,0
LQD.US,5,20260203,194500,110.035,110.05,110.025,110.035,166816,0
LQD.US,5,20260203,195000,110.035,110.1,110.03,110.095,384980,0
LQD.US,5,20260203,195500,110.095,110.11,110.05,110.06,457153,0
LQD.US,5,20260203,200000,110.06,110.08,110.05,110.08,207875,0
LQD.US,5,20260203,200500,110.075,110.0777,110.04,110.045,205871,0
LQD.US,5,20260203,201000,110.05,110.06,110.005,110.005,365521,0
LQD.US,5,20260203,201500,110.01,110.04,110.0094,110.04,183982,0
LQD.US,5,20260203,202000,110.045,110.06,110.035,110.06,157913,0
LQD.US,5,20260203,202500,110.055,110.07,110.045,110.07,54370,0
LQD.US,5,20260203,203000,110.07,110.075,110.055,110.065,105936,0
LQD.US,5,20260203,203500,110.07,110.075,110.06,110.065,161344,0
LQD.US,5,20260203,204000,110.07,110.08,110.06,110.065,275338,0
LQD.US,5,20260203,204500,110.065,110.0651,110.05,110.0501,192179,0
LQD.US,5,20260203,205000,110.05,110.05,110.02,110.02,741479,0
LQD.US,5,20260203,205500,110.02,110.025,110,110.005,351224,0
LQD.US,5,20260203,210000,110.005,110.03,110.0001,110.025,369052,0
LQD.US,5,20260203,210500,110.025,110.06,110.02,110.055,673476,0
LQD.US,5,20260203,211000,110.055,110.065,110.05,110.055,387970,0
LQD.US,5,20260203,211500,110.06,110.09,110.05,110.065,128518,0
LQD.US,5,20260203,212000,110.065,110.08,110.0617,110.075,888772,0
LQD.US,5,20260203,212500,110.075,110.12,110.07,110.12,317425,0
LQD.US,5,20260203,213000,110.119,110.14,110.115,110.125,498172,0
LQD.US,5,20260203,213500,110.125,110.13,110.12,110.125,212615,0
LQD.US,5,20260203,214000,110.125,110.13,110.11,110.125,123422,0
LQD.US,5,20260203,214500,110.125,110.13,110.11,110.115,1985082,0
LQD.US,5,20260203,215000,110.11,110.115,110.08,110.105,889030,0
LQD.US,5,20260203,215500,110.105,110.11,110.08,110.1,1088864,0
LQD.US,5,20260204,153000,110,110,109.92,109.955,868228,0
LQD.US,5,20260204,153500,109.955,109.97,109.92,109.925,485133,0
LQD.US,5,20260204,154000,109.925,109.93,109.9109,109.925,216889,0
LQD.US,5,20260204,154500,109.92,109.929,109.885,109.885,506579,0
LQD.US,5,20260204,155000,109.885,109.895,109.86,109.895,392938,0
LQD.US,5,20260204,155500,109.895,109.935,109.89,109.89,470994,0
LQD.US,5,20260204,160000,109.88,109.98,109.85,109.96,259792,0
LQD.US,5,20260204,160500,109.955,109.98,109.92,109.9399,361981,0
LQD.US,5,20260204,161000,109.93,109.9585,109.895,109.915,352535,0
LQD.US,5,20260204,161500,109.92,109.97,109.89,109.9694,219565,0
LQD.US,5,20260204,162000,109.97,109.975,109.92,109.92,106987,0
LQD.US,5,20260204,162500,109.92,109.925,109.884,109.885,115416,0
LQD.US,5,20260204,163000,109.89,109.91,109.865,109.875,343295,0
LQD.US,5,20260204,163500,109.875,109.91,109.865,109.88,580861,0
LQD.US,5,20260204,164000,109.8872,109.895,109.865,109.865,178062,0
LQD.US,5,20260204,164500,109.87,109.895,109.87,109.89,95721,0
LQD.US,5,20260204,165000,109.895,109.91,109.87,109.895,558685,0
LQD.US,5,20260204,165500,109.895,109.9,109.84,109.865,218514,0
LQD.US,5,20260204,170000,109.86,109.9099,109.825,109.9,147913,0
LQD.US,5,20260204,170500,109.9,109.945,109.9,109.93,341857,0
LQD.US,5,20260204,171000,109.935,109.95,109.89,109.9196,338357,0
LQD.US,5,20260204,171500,109.92,109.9401,109.92,109.9392,191513,0
LQD.US,5,20260204,172000,109.94,109.94,109.91,109.915,458556,0
LQD.US,5,20260204,172500,109.915,109.925,109.89,109.905,425066,0
LQD.US,5,20260204,173000,109.905,109.93,109.89,109.92,647204,0
LQD.US,5,20260204,173500,109.92,109.92,109.88,109.915,123762,0
LQD.US,5,20260204,174000,109.915,109.9195,109.89,109.9,509557,0
LQD.US,5,20260204,174500,109.9,109.96,109.9,109.95,360090,0
LQD.US,5,20260204,175000,109.955,109.97,109.94,109.9599,85468,0
LQD.US,5,20260204,175500,109.95,109.95,109.915,109.929,226393,0
LQD.US,5,20260204,180000,109.925,109.965,109.925,109.965,118558,0
LQD.US,5,20260204,180500,109.965,109.97,109.955,109.965,160761,0
LQD.US,5,20260204,181000,109.965,109.99,109.96,109.985,118532,0
LQD.US,5,20260204,181500,109.99,110.02,109.98,110.015,2562303,0
LQD.US,5,20260204,182000,110.02,110.03,109.995,109.995,1039021,0
LQD.US,5,20260204,182500,109.995,110.0299,109.98,110.0194,702313,0
LQD.US,5,20260204,183000,110.015,110.045,109.99,109.995,870614,0
LQD.US,5,20260204,183500,109.995,110.01,109.94,109.955,571921,0
LQD.US,5,20260204,184000,109.95,109.99,109.95,109.955,404459,0
LQD.US,5,20260204,184500,109.955,109.985,109.95,109.985,187689,0
LQD.US,5,20260204,185000,109.98,109.99,109.96,109.97,412106,0
LQD.US,5,20260204,185500,109.965,109.985,109.955,109.965,660760,0
LQD.US,5,20260204,190000,109.965,109.978,109.94,109.945,136645,0
LQD.US,5,20260204,190500,109.94,109.9583,109.935,109.955,92184,0
LQD.US,5,20260204,191000,109.955,109.96,109.938,109.945,61923,0
LQD.US,5,20260204,191500,109.945,109.95,109.93,109.945,114627,0
LQD.US,5,20260204,192000,109.95,109.9677,109.94,109.9499,104041,0
LQD.US,5,20260204,192500,109.955,109.96,109.94,109.95,257159,0
LQD.US,5,20260204,193000,109.95,109.955,109.935,109.945,136418,0
LQD.US,5,20260204,193500,109.945,109.945,109.92,109.925,142056,0
LQD.US,5,20260204,194000,109.925,109.945,109.92,109.94,264891,0
LQD.US,5,20260204,194500,109.945,109.965,109.94,109.9577,57536,0
LQD.US,5,20260204,195000,109.96,109.9617,109.94,109.95,78335,0
LQD.US,5,20260204,195500,109.945,109.97,109.94,109.955,93108,0
LQD.US,5,20260204,200000,109.95,109.9501,109.9,109.905,107355,0
LQD.US,5,20260204,200500,109.905,109.91,109.88,109.89,424188,0
LQD.US,5,20260204,201000,109.895,109.91,109.89,109.89,212486,0
LQD.US,5,20260204,201500,109.89,109.9,109.88,109.895,169385,0
LQD.US,5,20260204,202000,109.895,109.9,109.89,109.9,58167,0
LQD.US,5,20260204,202500,109.9,109.925,109.8905,109.925,199856,0
LQD.US,5,20260204,203000,109.925,109.97,109.92,109.955,190233,0
LQD.US,5,20260204,203500,109.96,109.97,109.95,109.97,53690,0
LQD.US,5,20260204,204000,109.97,109.99,109.96,109.9623,216985,0
LQD.US,5,20260204,204500,109.97,110,109.97,109.995,152246,0
LQD.US,5,20260204,205000,110,110.017,109.99,109.995,377940,0
LQD.US,5,20260204,205500,109.995,110.01,109.99,109.995,91226,0
LQD.US,5,20260204,210000,109.995,110,109.97,109.985,102017,0
LQD.US,5,20260204,210500,109.98,110,109.98,110,58473,0
LQD.US,5,20260204,211000,110,110.01,109.98,109.995,266888,0
LQD.US,5,20260204,211500,109.995,110,109.98,109.99,136837,0
LQD.US,5,20260204,212000,109.99,110,109.9706,109.99,176411,0
LQD.US,5,20260204,212500,109.985,109.99,109.98,109.98,266329,0
LQD.US,5,20260204,213000,109.98,109.99,109.97,109.99,155955,0
LQD.US,5,20260204,213500,109.99,110.01,109.98,110.0001,157594,0
LQD.US,5,20260204,214000,110.005,110.01,109.99,109.99,63366,0
LQD.US,5,20260204,214500,109.995,110.01,109.9922,110.005,220549,0
LQD.US,5,20260204,215000,110.005,110.01,109.98,109.985,252019,0
LQD.US,5,20260204,215500,109.98,110.025,109.97,109.98,1620583,0
LQD.US,5,20260205,153000,110.18,110.195,110.13,110.165,468306,0
LQD.US,5,20260205,153500,110.17,110.19,110.14,110.14,377528,0
LQD.US,5,20260205,154000,110.145,110.16,110.12,110.12,226669,0
LQD.US,5,20260205,154500,110.115,110.15,110.115,110.14,140357,0
LQD.US,5,20260205,155000,110.14,110.165,110.13,110.14,292576,0
LQD.US,5,20260205,155500,110.14,110.15,110.125,110.135,513301,0
LQD.US,5,20260205,160000,110.17,110.28,110.14,110.235,621335,0
LQD.US,5,20260205,160500,110.23,110.235,110.18,110.23,369318,0
LQD.US,5,20260205,161000,110.225,110.3,110.225,110.295,471755,0
LQD.US,5,20260205,161500,110.29,110.3165,110.255,110.31,222289,0
LQD.US,5,20260205,162000,110.305,110.355,110.3,110.345,305954,0
LQD.US,5,20260205,162500,110.345,110.375,110.34,110.355,268684,0
LQD.US,5,20260205,163000,110.355,110.39,110.34,110.39,230269,0
LQD.US,5,20260205,163500,110.39,110.405,110.38,110.39,579495,0
LQD.US,5,20260205,164000,110.39,110.395,110.33,110.33,293073,0
LQD.US,5,20260205,164500,110.335,110.36,110.32,110.345,505508,0
LQD.US,5,20260205,165000,110.34,110.37,110.325,110.345,419284,0
LQD.US,5,20260205,165500,110.345,110.35,110.31,110.33,212814,0
LQD.US,5,20260205,170000,110.335,110.35,110.3221,110.34,386623,0
LQD.US,5,20260205,170500,110.34,110.38,110.34,110.365,311943,0
LQD.US,5,20260205,171000,110.365,110.38,110.355,110.375,85696,0
LQD.US,5,20260205,171500,110.375,110.41,110.375,110.3977,59425,0
LQD.US,5,20260205,172000,110.4,110.4,110.36,110.365,115789,0
LQD.US,5,20260205,172500,110.365,110.375,110.35,110.35,158948,0
LQD.US,5,20260205,173000,110.345,110.368,110.34,110.355,192814,0
LQD.US,5,20260205,173500,110.355,110.36,110.33,110.3399,129505,0
LQD.US,5,20260205,174000,110.335,110.375,110.335,110.3615,157028,0
LQD.US,5,20260205,174500,110.365,110.405,110.355,110.4,112953,0
LQD.US,5,20260205,175000,110.405,110.43,110.39,110.4,539744,0
LQD.US,5,20260205,175500,110.4,110.42,110.39,110.41,338808,0
LQD.US,5,20260205,180000,110.405,110.43,110.4,110.415,416579,0
LQD.US,5,20260205,180500,110.42,110.425,110.4,110.425,189809,0
LQD.US,5,20260205,181000,110.43,110.435,110.41,110.435,158712,0
LQD.US,5,20260205,181500,110.43,110.46,110.42,110.46,166408,0
LQD.US,5,20260205,182000,110.455,110.465,110.445,110.455,440879,0
LQD.US,5,20260205,182500,110.455,110.47,110.45,110.455,198127,0
LQD.US,5,20260205,183000,110.455,110.46,110.44,110.45,318024,0
LQD.US,5,20260205,183500,110.45,110.45,110.43,110.45,181474,0
LQD.US,5,20260205,184000,110.445,110.45,110.44,110.445,94639,0
LQD.US,5,20260205,184500,110.445,110.46,110.44,110.46,186107,0
LQD.US,5,20260205,185000,110.455,110.46,110.43,110.435,678517,0
LQD.US,5,20260205,185500,110.435,110.46,110.435,110.46,195587,0
LQD.US,5,20260205,190000,110.46,110.485,110.4523,110.475,140475,0
LQD.US,5,20260205,190500,110.475,110.48,110.465,110.465,55440,0
LQD.US,5,20260205,191000,110.465,110.4699,110.45,110.455,22876,0
LQD.US,5,20260205,191500,110.455,110.46,110.435,110.435,37812,0
LQD.US,5,20260205,192000,110.435,110.45,110.435,110.445,145616,0
LQD.US,5,20260205,192500,110.445,110.465,110.44,110.46,265908,0
LQD.US,5,20260205,193000,110.46,110.48,110.4599,110.4601,87787,0
LQD.US,5,20260205,193500,110.465,110.48,110.45,110.475,127377,0
LQD.US,5,20260205,194000,110.4701,110.48,110.47,110.48,89355,0
LQD.US,5,20260205,194500,110.48,110.48,110.4417,110.455,190091,0
LQD.US,5,20260205,195000,110.455,110.47,110.4545,110.465,374746,0
LQD.US,5,20260205,195500,110.46,110.485,110.455,110.48,152636,0
LQD.US,5,20260205,200000,110.4706,110.48,110.45,110.455,47823,0
LQD.US,5,20260205,200500,110.455,110.46,110.45,110.455,17159,0
LQD.US,5,20260205,201000,110.46,110.48,110.46,110.465,132439,0
LQD.US,5,20260205,201500,110.47,110.485,110.461,110.475,91544,0
LQD.US,5,20260205,202000,110.475,110.5,110.471,110.49,75649,0
LQD.US,5,20260205,202500,110.49,110.49,110.455,110.455,360210,0
LQD.US,5,20260205,203000,110.455,110.4708,110.4503,110.465,154872,0
LQD.US,5,20260205,203500,110.47,110.48,110.46,110.47,130185,0
LQD.US,5,20260205,204000,110.48,110.48,110.4701,110.475,61771,0
LQD.US,5,20260205,204500,110.48,110.485,110.47,110.48,161595,0
LQD.US,5,20260205,205000,110.475,110.48,110.455,110.455,127768,0
LQD.US,5,20260205,205500,110.455,110.455,110.4335,110.435,145605,0
LQD.US,5,20260205,210000,110.435,110.435,110.41,110.42,234837,0
LQD.US,5,20260205,210500,110.415,110.435,110.41,110.435,131369,0
LQD.US,5,20260205,211000,110.44,110.48,110.43,110.46,490937,0
LQD.US,5,20260205,211500,110.46,110.48,110.45,110.455,245455,0
LQD.US,5,20260205,212000,110.455,110.5,110.45,110.495,344612,0
LQD.US,5,20260205,212500,110.495,110.51,110.48,110.4901,373290,0
LQD.US,5,20260205,213000,110.495,110.51,110.49,110.51,416441,0
LQD.US,5,20260205,213500,110.51,110.51,110.48,110.485,222443,0
LQD.US,5,20260205,214000,110.485,110.495,110.47,110.475,191671,0
LQD.US,5,20260205,214500,110.475,110.52,110.475,110.515,747687,0
LQD.US,5,20260205,215000,110.515,110.53,110.5,110.53,1084589,0
LQD.US,5,20260205,215500,110.53,110.54,110.51,110.52,872852,0
LQD.US,5,20260206,153000,110.48,110.51,110.4299,110.4299,1185168,0
LQD.US,5,20260206,153500,110.43,110.45,110.4242,110.445,506294,0
LQD.US,5,20260206,154000,110.445,110.45,110.395,110.43,461621,0
LQD.US,5,20260206,154500,110.43,110.43,110.375,110.405,605889,0
LQD.US,5,20260206,155000,110.4,110.41,110.38,110.39,295286,0
LQD.US,5,20260206,155500,110.39,110.42,110.385,110.415,510334,0
LQD.US,5,20260206,160000,110.41,110.41,110.365,110.385,449369,0
LQD.US,5,20260206,160500,110.385,110.4,110.38,110.39,490134,0
LQD.US,5,20260206,161000,110.38,110.385,110.355,110.375,374198,0
LQD.US,5,20260206,161500,110.375,110.38,110.35,110.355,768337,0
LQD.US,5,20260206,162000,110.355,110.37,110.325,110.355,443124,0
LQD.US,5,20260206,162500,110.355,110.36,110.33,110.34,1097664,0
LQD.US,5,20260206,163000,110.335,110.35,110.315,110.325,307436,0
LQD.US,5,20260206,163500,110.325,110.335,110.31,110.335,227407,0
LQD.US,5,20260206,164000,110.335,110.3595,110.3316,110.3595,168702,0
LQD.US,5,20260206,164500,110.355,110.405,110.35,110.38,515338,0
LQD.US,5,20260206,165000,110.38,110.4,110.37,110.399,335346,0
LQD.US,5,20260206,165500,110.3987,110.4097,110.39,110.4,288466,0
LQD.US,5,20260206,170000,110.4,110.4,110.38,110.385,284808,0
LQD.US,5,20260206,170500,110.385,110.39,110.355,110.355,314988,0
LQD.US,5,20260206,171000,110.355,110.37,110.355,110.36,95536,0
LQD.US,5,20260206,171500,110.365,110.375,110.36,110.375,257782,0
LQD.US,5,20260206,172000,110.37,110.395,110.37,110.395,383172,0
LQD.US,5,20260206,172500,110.39,110.3977,110.37,110.385,187831,0
LQD.US,5,20260206,173000,110.385,110.3982,110.375,110.385,313922,0
LQD.US,5,20260206,173500,110.38,110.39,110.37,110.37,252302,0
LQD.US,5,20260206,174000,110.37,110.385,110.37,110.381,208389,0
LQD.US,5,20260206,174500,110.385,110.4197,110.385,110.4197,188890,0
LQD.US,5,20260206,175000,110.415,110.415,110.38,110.385,273687,0
LQD.US,5,20260206,175500,110.385,110.4,110.38,110.4,123901,0
LQD.US,5,20260206,180000,110.395,110.3964,110.38,110.39,190412,0
LQD.US,5,20260206,180500,110.3855,110.4,110.385,110.4,194101,0
LQD.US,5,20260206,181000,110.4,110.41,110.39,110.4,243565,0
LQD.US,5,20260206,181500,110.405,110.4151,110.4,110.405,159468,0
LQD.US,5,20260206,182000,110.4038,110.4038,110.39,110.4,77435,0
LQD.US,5,20260206,182500,110.395,110.4,110.39,110.395,71971,0
LQD.US,5,20260206,183000,110.395,110.395,110.38,110.38,85974,0
LQD.US,5,20260206,183500,110.385,110.42,110.38,110.415,197478,0
LQD.US,5,20260206,184000,110.415,110.4199,110.405,110.4115,202829,0
LQD.US,5,20260206,184500,110.415,110.415,110.4,110.4066,304936,0
LQD.US,5,20260206,185000,110.405,110.41,110.4,110.405,162739,0
LQD.US,5,20260206,185500,110.405,110.43,110.4,110.425,221351,0
LQD.US,5,20260206,190000,110.42,110.42,110.4,110.405,73997,0
LQD.US,5,20260206,190500,110.405,110.41,110.4,110.405,28444,0
LQD.US,5,20260206,191000,110.405,110.41,110.4,110.405,57067,0
LQD.US,5,20260206,191500,110.405,110.42,110.4,110.4,104582,0
LQD.US,5,20260206,192000,110.4,110.4309,110.4,110.4301,93238,0
LQD.US,5,20260206,192500,110.43,110.435,110.4,110.41,84002,0
LQD.US,5,20260206,193000,110.41,110.43,110.41,110.43,80879,0
LQD.US,5,20260206,193500,110.42,110.43,110.42,110.425,46582,0
LQD.US,5,20260206,194000,110.425,110.43,110.422,110.425,47803,0
LQD.US,5,20260206,194500,110.4296,110.43,110.42,110.42,46893,0
LQD.US,5,20260206,195000,110.425,110.43,110.42,110.425,199581,0
LQD.US,5,20260206,195500,110.425,110.435,110.42,110.425,230280,0
LQD.US,5,20260206,200000,110.42,110.445,110.42,110.4398,94578,0
LQD.US,5,20260206,200500,110.435,110.44,110.42,110.425,80219,0
LQD.US,5,20260206,201000,110.425,110.43,110.41,110.4298,145198,0
LQD.US,5,20260206,201500,110.425,110.44,110.425,110.425,184543,0
LQD.US,5,20260206,202000,110.43,110.445,110.43,110.445,69971,0
LQD.US,5,20260206,202500,110.445,110.45,110.435,110.44,139954,0
LQD.US,5,20260206,203000,110.4381,110.45,110.4381,110.4401,144101,0
LQD.US,5,20260206,203500,110.4496,110.45,110.44,110.445,29555,0
LQD.US,5,20260206,204000,110.445,110.455,110.44,110.445,357911,0
LQD.US,5,20260206,204500,110.45,110.45,110.435,110.435,68965,0
LQD.US,5,20260206,205000,110.435,110.445,110.43,110.445,90911,0
LQD.US,5,20260206,205500,110.44,110.465,110.43,110.45,517756,0
LQD.US,5,20260206,210000,110.455,110.475,110.4501,110.465,184294,0
LQD.US,5,20260206,210500,110.465,110.485,110.465,110.475,84482,0
LQD.US,5,20260206,211000,110.48,110.4999,110.475,110.475,1180944,0
LQD.US,5,20260206,211500,110.475,110.48,110.46,110.465,143485,0
LQD.US,5,20260206,212000,110.465,110.475,110.455,110.475,448017,0
LQD.US,5,20260206,212500,110.475,110.4777,110.46,110.465,140981,0
LQD.US,5,20260206,213000,110.465,110.48,110.465,110.48,90767,0
LQD.US,5,20260206,213500,110.475,110.48,110.4716,110.48,51234,0
LQD.US,5,20260206,214000,110.475,110.5,110.4701,110.495,167498,0
LQD.US,5,20260206,214500,110.495,110.5,110.49,110.495,341047,0
LQD.US,5,20260206,215000,110.495,110.52,110.491,110.515,392230,0
LQD.US,5,20260206,215500,110.52,110.59,110.505,110.555,1850065,0
LQD.US,5,20260209,153000,110.39,110.4,110.36,110.3775,912178,0
LQD.US,5,20260209,153500,110.375,110.38,110.295,110.295,532885,0
LQD.US,5,20260209,154000,110.295,110.335,110.2935,110.33,557859,0
LQD.US,5,20260209,154500,110.325,110.34,110.3,110.3,152388,0
LQD.US,5,20260209,155000,110.3,110.35,110.29,110.345,758442,0
LQD.US,5,20260209,155500,110.345,110.36,110.33,110.36,156518,0
LQD.US,5,20260209,160000,110.36,110.365,110.34,110.355,199782,0
LQD.US,5,20260209,160500,110.36,110.38,110.35,110.365,293136,0
LQD.US,5,20260209,161000,110.365,110.41,110.365,110.39,262312,0
LQD.US,5,20260209,161500,110.395,110.43,110.3901,110.415,562520,0
LQD.US,5,20260209,162000,110.415,110.43,110.41,110.4291,777714,0
LQD.US,5,20260209,162500,110.425,110.44,110.425,110.43,125225,0
LQD.US,5,20260209,163000,110.44,110.44,110.41,110.425,506116,0
LQD.US,5,20260209,163500,110.425,110.445,110.415,110.435,347532,0
LQD.US,5,20260209,164000,110.435,110.44,110.42,110.425,245514,0
LQD.US,5,20260209,164500,110.425,110.45,110.4206,110.445,127168,0
LQD.US,5,20260209,165000,110.445,110.45,110.425,110.445,129586,0
LQD.US,5,20260209,165500,110.445,110.475,110.43,110.475,202987,0
LQD.US,5,20260209,170000,110.475,110.515,110.475,110.505,147890,0
LQD.US,5,20260209,170500,110.505,110.535,110.5,110.535,107302,0
LQD.US,5,20260209,171000,110.535,110.55,110.51,110.515,533108,0
LQD.US,5,20260209,171500,110.5196,110.53,110.505,110.515,201490,0
LQD.US,5,20260209,172000,110.52,110.525,110.5,110.5,72689,0
LQD.US,5,20260209,172500,110.5,110.5099,110.485,110.5,246854,0
LQD.US,5,20260209,173000,110.5,110.51,110.485,110.485,44380,0
LQD.US,5,20260209,173500,110.48,110.48,110.445,110.455,114357,0
LQD.US,5,20260209,174000,110.455,110.48,110.455,110.475,102710,0
LQD.US,5,20260209,174500,110.47,110.475,110.4506,110.455,826992,0
LQD.US,5,20260209,175000,110.46,110.48,110.455,110.48,312238,0
LQD.US,5,20260209,175500,110.485,110.51,110.48,110.505,90612,0
LQD.US,5,20260209,180000,110.505,110.53,110.49,110.515,384040,0
LQD.US,5,20260209,180500,110.515,110.535,110.51,110.535,1102744,0
LQD.US,5,20260209,181000,110.535,110.56,110.53,110.55,296616,0
LQD.US,5,20260209,181500,110.545,110.565,110.5415,110.565,166391,0
LQD.US,5,20260209,182000,110.565,110.58,110.565,110.575,338648,0
LQD.US,5,20260209,182500,110.575,110.6,110.575,110.59,321985,0
LQD.US,5,20260209,183000,110.595,110.595,110.565,110.5685,168929,0
LQD.US,5,20260209,183500,110.57,110.57,110.55,110.555,131792,0
LQD.US,5,20260209,184000,110.555,110.56,110.5546,110.555,46938,0
LQD.US,5,20260209,184500,110.555,110.5654,110.54,110.55,334349,0
LQD.US,5,20260209,185000,110.545,110.58,110.5401,110.575,244196,0
LQD.US,5,20260209,185500,110.5765,110.5799,110.56,110.56,87468,0
LQD.US,5,20260209,190000,110.5651,110.57,110.545,110.56,59703,0
LQD.US,5,20260209,190500,110.55,110.565,110.535,110.55,60550,0
LQD.US,5,20260209,191000,110.545,110.55,110.53,110.535,125463,0
LQD.US,5,20260209,191500,110.5396,110.55,110.53,110.535,144385,0
LQD.US,5,20260209,192000,110.54,110.55,110.53,110.54,595512,0
LQD.US,5,20260209,192500,110.54,110.56,110.535,110.535,123265,0
LQD.US,5,20260209,193000,110.535,110.55,110.525,110.545,23368,0
LQD.US,5,20260209,193500,110.5499,110.5599,110.545,110.5599,22646,0
LQD.US,5,20260209,194000,110.555,110.57,110.555,110.57,42852,0
LQD.US,5,20260209,194500,110.565,110.57,110.54,110.55,280786,0
LQD.US,5,20260209,195000,110.545,110.545,110.5203,110.539,121612,0
LQD.US,5,20260209,195500,110.54,110.56,110.535,110.555,148869,0
LQD.US,5,20260209,200000,110.55,110.56,110.535,110.55,288430,0
LQD.US,5,20260209,200500,110.55,110.56,110.55,110.555,101538,0
LQD.US,5,20260209,201000,110.5585,110.56,110.5501,110.56,9100,0
LQD.US,5,20260209,201500,110.56,110.595,110.55,110.58,367341,0
LQD.US,5,20260209,202000,110.58,110.59,110.57,110.58,83189,0
LQD.US,5,20260209,202500,110.575,110.59,110.57,110.585,186123,0
LQD.US,5,20260209,203000,110.585,110.6,110.5846,110.6,109245,0
LQD.US,5,20260209,203500,110.595,110.6,110.59,110.59,59244,0
LQD.US,5,20260209,204000,110.595,110.605,110.57,110.57,180234,0
LQD.US,5,20260209,204500,110.57,110.58,110.555,110.575,134224,0
LQD.US,5,20260209,205000,110.575,110.575,110.545,110.565,183388,0
LQD.US,5,20260209,205500,110.565,110.59,110.565,110.575,168471,0
LQD.US,5,20260209,210000,110.575,110.59,110.57,110.575,206646,0
LQD.US,5,20260209,210500,110.575,110.59,110.5717,110.5801,314839,0
LQD.US,5,20260209,211000,110.585,110.5875,110.57,110.575,94943,0
LQD.US,5,20260209,211500,110.575,110.575,110.53,110.535,361981,0
LQD.US,5,20260209,212000,110.535,110.535,110.525,110.535,201583,0
LQD.US,5,20260209,212500,110.53,110.54,110.53,110.535,97980,0
LQD.US,5,20260209,213000,110.535,110.535,110.51,110.525,125260,0
LQD.US,5,20260209,213500,110.525,110.5299,110.5,110.51,240723,0
LQD.US,5,20260209,214000,110.51,110.52,110.5,110.51,700300,0
LQD.US,5,20260209,214500,110.51,110.53,110.5,110.53,448234,0
LQD.US,5,20260209,215000,110.53,110.54,110.515,110.53,347669,0
LQD.US,5,20260209,215500,110.53,110.57,110.52,110.56,3294521,0
LQD.US,5,20260210,153000,110.915,110.95,110.9,110.945,838843,0
LQD.US,5,20260210,153500,110.945,110.96,110.92,110.945,961004,0
LQD.US,5,20260210,154000,110.94,110.98,110.94,110.96,290909,0
LQD.US,5,20260210,154500,110.96,111.005,110.955,110.995,402103,0
LQD.US,5,20260210,155000,110.995,111.01,110.9551,110.985,327810,0
LQD.US,5,20260210,155500,110.99,111.005,110.98,110.985,168127,0
LQD.US,5,20260210,160000,110.985,111,110.97,111,476367,0
LQD.US,5,20260210,160500,110.995,111.01,110.98,111.01,303356,0
LQD.US,5,20260210,161000,111.005,111.01,110.97,110.97,242484,0
LQD.US,5,20260210,161500,110.975,110.995,110.97,110.995,387683,0
LQD.US,5,20260210,162000,110.995,111,110.98,110.985,163874,0
LQD.US,5,20260210,162500,110.985,110.99,110.97,110.97,256136,0
LQD.US,5,20260210,163000,110.97,110.975,110.945,110.945,269819,0
LQD.US,5,20260210,163500,110.95,110.96,110.94,110.955,1408677,0
LQD.US,5,20260210,164000,110.955,110.98,110.95,110.97,289800,0
LQD.US,5,20260210,164500,110.97,110.975,110.96,110.97,1575146,0
LQD.US,5,20260210,165000,110.97,110.99,110.965,110.965,189973,0
LQD.US,5,20260210,165500,110.97,110.97,110.95,110.97,1360261,0
LQD.US,5,20260210,170000,110.965,111.02,110.965,111.015,1142918,0
LQD.US,5,20260210,170500,111.015,111.02,111,111.005,145656,0
LQD.US,5,20260210,171000,111,111.02,111,111.015,220018,0
LQD.US,5,20260210,171500,111.015,111.035,111,111,217795,0
LQD.US,5,20260210,172000,111.005,111.01,110.9901,111.001,340287,0
LQD.US,5,20260210,172500,111,111.01,110.98,110.985,441085,0
LQD.US,5,20260210,173000,110.985,110.985,110.95,110.965,362859,0
LQD.US,5,20260210,173500,110.97,110.98,110.96,110.965,637163,0
LQD.US,5,20260210,174000,110.96,110.97,110.92,110.925,519592,0
LQD.US,5,20260210,174500,110.92,110.92,110.9,110.91,135444,0
LQD.US,5,20260210,175000,110.91,110.915,110.865,110.87582,1045225,0
LQD.US,5,20260210,175500,110.875,110.89,110.875,110.875,211672,0
LQD.US,5,20260210,180000,110.875,110.885,110.86,110.86,383144,0
LQD.US,5,20260210,180500,110.865,110.8689,110.82,110.84,469549,0
LQD.US,5,20260210,181000,110.84,110.88,110.835,110.88,165346,0
LQD.US,5,20260210,181500,110.88,110.9,110.87,110.895,126210,0
LQD.US,5,20260210,182000,110.895,110.905,110.875,110.895,300337,0
LQD.US,5,20260210,182500,110.895,110.915,110.8901,110.9,90335,0
LQD.US,5,20260210,183000,110.9,110.905,110.87,110.875,111288,0
LQD.US,5,20260210,183500,110.875,110.88,110.86,110.865,537925,0
LQD.US,5,20260210,184000,110.865,110.89,110.865,110.865,436520,0
LQD.US,5,20260210,184500,110.865,110.87,110.86,110.865,240367,0
LQD.US,5,20260210,185000,110.86,110.87,110.84,110.85,212875,0
LQD.US,5,20260210,185500,110.86,110.86,110.84,110.845,399367,0
LQD.US,5,20260210,190000,110.845,110.8495,110.82,110.835,259611,0
LQD.US,5,20260210,190500,110.835,110.84,110.82,110.835,183319,0
LQD.US,5,20260210,191000,110.835,110.84,110.815,110.835,399450,0
LQD.US,5,20260210,191500,110.835,110.845,110.83,110.835,222895,0
LQD.US,5,20260210,192000,110.83,110.84,110.825,110.83,83482,0
LQD.US,5,20260210,192500,110.835,110.835,110.79,110.795,710741,0
LQD.US,5,20260210,193000,110.795,110.795,110.77,110.78,494646,0
LQD.US,5,20260210,193500,110.785,110.795,110.77,110.795,133061,0
LQD.US,5,20260210,194000,110.795,110.81,110.795,110.795,197772,0
LQD.US,5,20260210,194500,110.795,110.8,110.78,110.785,300218,0
LQD.US,5,20260210,195000,110.785,110.79,110.78,110.78,291248,0
LQD.US,5,20260210,195500,110.785,110.81,110.78,110.805,339181,0
LQD.US,5,20260210,200000,110.805,110.805,110.785,110.79,99976,0
LQD.US,5,20260210,200500,110.79,110.79,110.77,110.78,171103,0
LQD.US,5,20260210,201000,110.785,110.7982,110.78,110.79,238534,0
LQD.US,5,20260210,201500,110.785,110.79,110.77,110.785,150391,0
LQD.US,5,20260210,202000,110.79,110.81,110.78,110.795,303210,0
LQD.US,5,20260210,202500,110.795,110.81,110.794,110.805,78200,0
LQD.US,5,20260210,203000,110.805,110.82,110.795,110.82,228007,0
LQD.US,5,20260210,203500,110.815,110.83,110.795,110.815,1044168,0
LQD.US,5,20260210,204000,110.815,110.82,110.805,110.815,85128,0
LQD.US,5,20260210,204500,110.8191,110.835,110.81,110.81,131423,0
LQD.US,5,20260210,205000,110.8199,110.8199,110.7946,110.7946,55339,0
LQD.US,5,20260210,205500,110.8,110.83,110.8,110.825,708114,0
LQD.US,5,20260210,210000,110.82,110.84,110.82,110.84,479810,0
LQD.US,5,20260210,210500,110.835,110.84,110.83,110.84,54757,0
LQD.US,5,20260210,211000,110.835,110.84,110.83,110.835,98463,0
LQD.US,5,20260210,211500,110.835,110.84,110.83,110.84,55727,0
LQD.US,5,20260210,212000,110.83,110.84,110.83,110.84,41183,0
LQD.US,5,20260210,212500,110.835,110.84,110.82,110.82,169915,0
LQD.US,5,20260210,213000,110.825,110.84,110.82,110.82,67873,0
LQD.US,5,20260210,213500,110.825,110.85,110.815,110.835,562326,0
LQD.US,5,20260210,214000,110.835,110.8576,110.835,110.84,568429,0
LQD.US,5,20260210,214500,110.84,110.85,110.83,110.835,413232,0
LQD.US,5,20260210,215000,110.835,110.84,110.82,110.82,448814,0
LQD.US,5,20260210,215500,110.82,110.85,110.81,110.82,1673493,0
LQD.US,5,20260211,153000,110.61,110.725,110.6,110.705,1701211,0
LQD.US,5,20260211,153500,110.7,110.71,110.655,110.655,735925,0
LQD.US,5,20260211,154000,110.655,110.66,110.63,110.63,543818,0
LQD.US,5,20260211,154500,110.63,110.64,110.6,110.615,828638,0
LQD.US,5,20260211,155000,110.615,110.635,110.595,110.62,267028,0
LQD.US,5,20260211,155500,110.625,110.64,110.61,110.615,870099,0
LQD.US,5,20260211,160000,110.615,110.65,110.61,110.64,643493,0
LQD.US,5,20260211,160500,110.63,110.68,110.63,110.68,313875,0
LQD.US,5,20260211,161000,110.675,110.69,110.66,110.675,1770910,0
LQD.US,5,20260211,161500,110.675,110.695,110.67,110.67,538274,0
LQD.US,5,20260211,162000,110.675,110.7,110.645,110.645,195092,0
LQD.US,5,20260211,162500,110.65,110.7,110.645,110.695,508137,0
LQD.US,5,20260211,163000,110.695,110.71,110.66,110.6799,417837,0
LQD.US,5,20260211,163500,110.67,110.675,110.64,110.645,593507,0
LQD.US,5,20260211,164000,110.645,110.6555,110.63,110.655,237683,0
LQD.US,5,20260211,164500,110.65,110.66,110.64,110.66,149411,0
LQD.US,5,20260211,165000,110.65,110.65,110.625,110.6345,339543,0
LQD.US,5,20260211,165500,110.635,110.66,110.63,110.635,608568,0
LQD.US,5,20260211,170000,110.635,110.65,110.63,110.64,502122,0
LQD.US,5,20260211,170500,110.645,110.67,110.63,110.64,359009,0
LQD.US,5,20260211,171000,110.65,110.66,110.64,110.655,306340,0
LQD.US,5,20260211,171500,110.65,110.67,110.645,110.665,90931,0
LQD.US,5,20260211,172000,110.665,110.6999,110.66,110.695,208448,0
LQD.US,5,20260211,172500,110.695,110.73,110.69,110.73,969110,0
LQD.US,5,20260211,173000,110.73,110.765,110.72,110.7606,667387,0
LQD.US,5,20260211,173500,110.7665,110.775,110.755,110.755,113852,0
LQD.US,5,20260211,174000,110.76,110.8,110.76,110.79,150839,0
LQD.US,5,20260211,174500,110.79,110.83,110.785,110.825,1456181,0
LQD.US,5,20260211,175000,110.825,110.87,110.82,110.835,636071,0
LQD.US,5,20260211,175500,110.835,110.855,110.825,110.845,308633,0
LQD.US,5,20260211,180000,110.845,110.89,110.845,110.875,440101,0
LQD.US,5,20260211,180500,110.875,110.88,110.86,110.865,173946,0
LQD.US,5,20260211,181000,110.86,110.88,110.86,110.86,276795,0
LQD.US,5,20260211,181500,110.86,110.8883,110.85,110.87,383898,0
LQD.US,5,20260211,182000,110.87,110.895,110.86,110.86,351627,0
LQD.US,5,20260211,182500,110.86,110.875,110.845,110.8497,271339,0
LQD.US,5,20260211,183000,110.85,110.855,110.835,110.84,238637,0
LQD.US,5,20260211,183500,110.845,110.87,110.845,110.865,81322,0
LQD.US,5,20260211,184000,110.865,110.895,110.865,110.885,173584,0
LQD.US,5,20260211,184500,110.885,110.91,110.88,110.91,334213,0
LQD.US,5,20260211,185000,110.91,110.91,110.87,110.88,364598,0
LQD.US,5,20260211,185500,110.875,110.875,110.855,110.865,125552,0
LQD.US,5,20260211,190000,110.87,110.875,110.72,110.77,603036,0
LQD.US,5,20260211,190500,110.775,110.775,110.725,110.7388,89840,0
LQD.US,5,20260211,191000,110.735,110.735,110.68,110.6899,93369,0
LQD.US,5,20260211,191500,110.69,110.71,110.6801,110.685,514652,0
LQD.US,5,20260211,192000,110.685,110.69,110.66,110.685,201729,0
LQD.US,5,20260211,192500,110.685,110.7077,110.68,110.68,88591,0
LQD.US,5,20260211,193000,110.69,110.73,110.69,110.72,109066,0
LQD.US,5,20260211,193500,110.71,110.74,110.7,110.74,82031,0
LQD.US,5,20260211,194000,110.74,110.755,110.705,110.705,102101,0
LQD.US,5,20260211,194500,110.705,110.705,110.68,110.69,38031,0
LQD.US,5,20260211,195000,110.6893,110.7,110.67,110.68,87810,0
LQD.US,5,20260211,195500,110.68,110.68,110.62,110.635,337313,0
LQD.US,5,20260211,200000,110.635,110.65,110.62,110.645,177946,0
LQD.US,5,20260211,200500,110.64,110.665,110.635,110.65,157338,0
LQD.US,5,20260211,201000,110.655,110.69,110.65,110.6898,93756,0
LQD.US,5,20260211,201500,110.69,110.715,110.68,110.71,296999,0
LQD.US,5,20260211,202000,110.71,110.73,110.71,110.715,91451,0
LQD.US,5,20260211,202500,110.715,110.725,110.7,110.715,81172,0
LQD.US,5,20260211,203000,110.715,110.72,110.6746,110.6906,105777,0
LQD.US,5,20260211,203500,110.695,110.705,110.68,110.695,104628,0
LQD.US,5,20260211,204000,110.69,110.695,110.68,110.685,21631,0
LQD.US,5,20260211,204500,110.69,110.695,110.67,110.6931,222387,0
LQD.US,5,20260211,205000,110.69,110.71,110.68,110.705,642937,0
LQD.US,5,20260211,205500,110.71,110.74,110.69,110.71,338668,0
LQD.US,5,20260211,210000,110.7,110.715,110.67,110.68,326378,0
LQD.US,5,20260211,210500,110.675,110.7,110.66,110.665,192203,0
LQD.US,5,20260211,211000,110.67,110.675,110.66,110.665,44397,0
LQD.US,5,20260211,211500,110.66,110.66,110.64,110.66,58275,0
LQD.US,5,20260211,212000,110.65,110.66,110.65,110.655,66405,0
LQD.US,5,20260211,212500,110.655,110.68,110.655,110.675,337845,0
LQD.US,5,20260211,213000,110.6799,110.68,110.66,110.665,242903,0
LQD.US,5,20260211,213500,110.665,110.685,110.6618,110.685,151843,0
LQD.US,5,20260211,214000,110.685,110.69,110.67,110.685,212701,0
LQD.US,5,20260211,214500,110.685,110.7,110.68,110.69,107970,0
LQD.US,5,20260211,215000,110.69,110.705,110.68,110.695,374572,0
LQD.US,5,20260211,215500,110.695,110.74,110.69,110.7,1409364,0
LQD.US,5,20260212,153000,110.98,111.005,110.97,111,1184404,0
LQD.US,5,20260212,153500,111,111.06,110.995,111.035,953014,0
LQD.US,5,20260212,154000,111.035,111.04,110.995,111.005,1117249,0
LQD.US,5,20260212,154500,111.005,111.03,111,111.01,1074091,0
LQD.US,5,20260212,155000,111.01,111.05,111.01,111.025,218222,0
LQD.US,5,20260212,155500,111.0275,111.06,111.02,111.045,412237,0
LQD.US,5,20260212,160000,111.04,111.07,111.04,111.045,515551,0
LQD.US,5,20260212,160500,111.045,111.06,111.035,111.0575,337513,0
LQD.US,5,20260212,161000,111.055,111.09,111.05,111.085,388247,0
LQD.US,5,20260212,161500,111.085,111.1,111.08,111.085,452728,0
LQD.US,5,20260212,162000,111.09,111.09,111.07,111.08,259797,0
LQD.US,5,20260212,162500,111.085,111.105,111.0748,111.08,152625,0
LQD.US,5,20260212,163000,111.08,111.115,111.08,111.085,247728,0
LQD.US,5,20260212,163500,111.085,111.1,111.08,111.08,190699,0
LQD.US,5,20260212,164000,111.085,111.1,111.07,111.07,814117,0
LQD.US,5,20260212,164500,111.07,111.08,111.055,111.075,172365,0
LQD.US,5,20260212,165000,111.075,111.075,111.05,111.06,322506,0
LQD.US,5,20260212,165500,111.055,111.07,111.05,111.065,552975,0
LQD.US,5,20260212,170000,111.065,111.095,111.045,111.085,543458,0
LQD.US,5,20260212,170500,111.08,111.095,111.065,111.085,387405,0
LQD.US,5,20260212,171000,111.09,111.09,111.035,111.055,262799,0
LQD.US,5,20260212,171500,111.06,111.11,111.06,111.105,340815,0
LQD.US,5,20260212,172000,111.105,111.18,111.105,111.17,941049,0
LQD.US,5,20260212,172500,111.17,111.175,111.13,111.145,371009,0
LQD.US,5,20260212,173000,111.145,111.1484,111.09,111.105,359104,0
LQD.US,5,20260212,173500,111.105,111.11,111.08,111.1,275949,0
LQD.US,5,20260212,174000,111.1,111.12,111.08,111.09,258888,0
LQD.US,5,20260212,174500,111.0901,111.1136,111.085,111.11,113203,0
LQD.US,5,20260212,175000,111.1075,111.1075,111.085,111.1,114259,0
LQD.US,5,20260212,175500,111.105,111.11,111.095,111.095,65941,0
LQD.US,5,20260212,180000,111.09,111.11,111.0801,111.11,141494,0
LQD.US,5,20260212,180500,111.1,111.1,111.06,111.075,478441,0
LQD.US,5,20260212,181000,111.0797,111.0951,111.0797,111.08,448807,0
LQD.US,5,20260212,181500,111.08,111.09,111.0748,111.09,124519,0
LQD.US,5,20260212,182000,111.08,111.095,111.05,111.0779,203336,0
LQD.US,5,20260212,182500,111.075,111.08,111.035,111.0365,204927,0
LQD.US,5,20260212,183000,111.035,111.035,111.005,111.0196,212255,0
LQD.US,5,20260212,183500,111.02,111.05,111.015,111.045,265815,0
LQD.US,5,20260212,184000,111.04,111.0698,111.035,111.045,350446,0
LQD.US,5,20260212,184500,111.04,111.0499,111.025,111.025,266170,0
LQD.US,5,20260212,185000,111.025,111.05,111.025,111.03,265314,0
LQD.US,5,20260212,185500,111.0392,111.04,110.995,111,187889,0
LQD.US,5,20260212,190000,111,111.145,110.985,111.135,1309715,0
LQD.US,5,20260212,190500,111.13,111.18,111.13,111.165,448762,0
LQD.US,5,20260212,191000,111.17,111.24,111.17,111.2219,1618570,0
LQD.US,5,20260212,191500,111.2228,111.245,111.2,111.235,611795,0
LQD.US,5,20260212,192000,111.235,111.26,111.225,111.225,502282,0
LQD.US,5,20260212,192500,111.225,111.25,111.215,111.24,317366,0
LQD.US,5,20260212,193000,111.24,111.24,111.2,111.205,225497,0
LQD.US,5,20260212,193500,111.2,111.23,111.2,111.22,521290,0
LQD.US,5,20260212,194000,111.23,111.25,111.205,111.225,283307,0
LQD.US,5,20260212,194500,111.225,111.26,111.215,111.245,456277,0
LQD.US,5,20260212,195000,111.245,111.26,111.23,111.24,414016,0
LQD.US,5,20260212,195500,111.24,111.27,111.24,111.255,248078,0
LQD.US,5,20260212,200000,111.26,111.2899,111.26,111.275,392908,0
LQD.US,5,20260212,200500,111.275,111.28,111.2501,111.27,333546,0
LQD.US,5,20260212,201000,111.27,111.28,111.255,111.255,452238,0
LQD.US,5,20260212,201500,111.255,111.28,111.25,111.275,285732,0
LQD.US,5,20260212,202000,111.275,111.275,111.25,111.25276,149769,0
LQD.US,5,20260212,202500,111.2515,111.28,111.245,111.275,633562,0
LQD.US,5,20260212,203000,111.27,111.29,111.26,111.28,344571,0
LQD.US,5,20260212,203500,111.2835,111.29,111.265,111.27,231939,0
LQD.US,5,20260212,204000,111.275,111.275,111.255,111.255,116295,0
LQD.US,5,20260212,204500,111.26,111.28,111.25,111.265,317550,0
LQD.US,5,20260212,205000,111.2678,111.29,111.265,111.275,516260,0
LQD.US,5,20260212,205500,111.28,111.29,111.27,111.27,420405,0
LQD.US,5,20260212,210000,111.27,111.27,111.25,111.255,998202,0
LQD.US,5,20260212,210500,111.255,111.27,111.25,111.265,321052,0
LQD.US,5,20260212,211000,111.265,111.2799,111.26,111.2658,274211,0
LQD.US,5,20260212,211500,111.265,111.28,111.26,111.275,179311,0
LQD.US,5,20260212,212000,111.275,111.28,111.252,111.275,756243,0
LQD.US,5,20260212,212500,111.27,111.28,111.27,111.275,148048,0
LQD.US,5,20260212,213000,111.275,111.28,111.27,111.275,213873,0
LQD.US,5,20260212,213500,111.275,111.275,111.25,111.25,1428488,0
LQD.US,5,20260212,214000,111.25,111.25,111.22,111.235,378060,0
LQD.US,5,20260212,214500,111.235,111.25,111.21,111.215,949703,0
LQD.US,5,20260212,215000,111.215,111.225,111.205,111.215,735806,0
LQD.US,5,20260212,215500,111.215,111.24,111.215,111.22,1929162,0
LQD.US,5,20260213,153000,111.565,111.57,111.5,111.535,1040783,0
LQD.US,5,20260213,153500,111.535,111.555,111.5,111.55,404710,0
LQD.US,5,20260213,154000,111.55,111.58,111.52,111.53,921644,0
LQD.US,5,20260213,154500,111.535,111.535,111.42,111.45,746997,0
LQD.US,5,20260213,155000,111.45,111.49,111.445,111.45,240254,0
LQD.US,5,20260213,155500,111.45,111.5,111.44,111.49,253286,0
LQD.US,5,20260213,160000,111.485,111.51,111.445,111.495,275115,0
LQD.US,5,20260213,160500,111.51,111.51,111.455,111.47,479990,0
LQD.US,5,20260213,161000,111.4701,111.485,111.445,111.475,995917,0
LQD.US,5,20260213,161500,111.47,111.48,111.445,111.47,1164508,0
LQD.US,5,20260213,162000,111.465,111.49,111.455,111.48,638138,0
LQD.US,5,20260213,162500,111.475,111.49,111.46,111.465,209809,0
LQD.US,5,20260213,163000,111.47,111.49,111.44,111.485,653881,0
LQD.US,5,20260213,163500,111.48,111.53,111.48,111.525,1185380,0
LQD.US,5,20260213,164000,111.525,111.535,111.495,111.51,522006,0
LQD.US,5,20260213,164500,111.505,111.52,111.49,111.5198,233139,0
LQD.US,5,20260213,165000,111.51,111.52,111.475,111.495,120657,0
LQD.US,5,20260213,165500,111.495,111.51,111.485,111.495,63343,0
LQD.US,5,20260213,170000,111.495,111.5,111.485,111.5,234503,0
LQD.US,5,20260213,170500,111.495,111.51,111.4948,111.505,226918,0
LQD.US,5,20260213,171000,111.505,111.541,111.505,111.535,278451,0
LQD.US,5,20260213,171500,111.54,111.55,111.48,111.48,229692,0
LQD.US,5,20260213,172000,111.48,111.52,111.475,111.5099,127578,0
LQD.US,5,20260213,172500,111.505,111.535,111.505,111.525,135057,0
LQD.US,5,20260213,173000,111.525,111.56,111.515,111.52,679563,0
LQD.US,5,20260213,173500,111.515,111.555,111.515,111.555,444389,0
LQD.US,5,20260213,174000,111.555,111.6,111.555,111.565,342170,0
LQD.US,5,20260213,174500,111.565,111.6,111.565,111.595,264019,0
LQD.US,5,20260213,175000,111.59,111.59,111.575,111.59,168905,0
LQD.US,5,20260213,175500,111.59,111.595,111.57,111.575,370381,0
LQD.US,5,20260213,180000,111.575,111.585,111.55,111.585,163654,0
LQD.US,5,20260213,180500,111.5877,111.59,111.56,111.565,661588,0
LQD.US,5,20260213,181000,111.565,111.59,111.565,111.575,235182,0
LQD.US,5,20260213,181500,111.575,111.59,111.56,111.565,346621,0
LQD.US,5,20260213,182000,111.565,111.57,111.53,111.555,369850,0
LQD.US,5,20260213,182500,111.555,111.56,111.535,111.545,114779,0
LQD.US,5,20260213,183000,111.545,111.545,111.51,111.525,155158,0
LQD.US,5,20260213,183500,111.525,111.53,111.5133,111.525,407953,0
LQD.US,5,20260213,184000,111.52,111.525,111.5,111.505,162153,0
LQD.US,5,20260213,184500,111.505,111.53,111.505,111.53,125360,0
LQD.US,5,20260213,185000,111.525,111.53,111.49,111.495,898493,0
LQD.US,5,20260213,185500,111.4903,111.51,111.45,111.49,641181,0
LQD.US,5,20260213,190000,111.49,111.51,111.484,111.505,338511,0
LQD.US,5,20260213,190500,111.505,111.52,111.505,111.5197,109165,0
LQD.US,5,20260213,191000,111.515,111.53,111.51,111.515,750516,0
LQD.US,5,20260213,191500,111.515,111.53,111.51,111.525,162895,0
LQD.US,5,20260213,192000,111.525,111.53,111.51,111.52,149201,0
LQD.US,5,20260213,192500,111.515,111.535,111.5101,111.525,88602,0
LQD.US,5,20260213,193000,111.525,111.53,111.51,111.51,100837,0
LQD.US,5,20260213,193500,111.515,111.52,111.51,111.515,43161,0
LQD.US,5,20260213,194000,111.52,111.52,111.5,111.505,221883,0
LQD.US,5,20260213,194500,111.505,111.52,111.5045,111.515,39280,0
LQD.US,5,20260213,195000,111.515,111.515,111.49,111.495,211910,0
LQD.US,5,20260213,195500,111.495,111.52,111.49,111.515,92340,0
LQD.US,5,20260213,200000,111.51,111.53,111.51,111.525,105283,0
LQD.US,5,20260213,200500,111.525,111.55,111.52,111.545,58308,0
LQD.US,5,20260213,201000,111.545,111.55,111.53,111.54,46354,0
LQD.US,5,20260213,201500,111.545,111.55,111.53,111.5345,159977,0
LQD.US,5,20260213,202000,111.535,111.59,111.53,111.565,232162,0
LQD.US,5,20260213,202500,111.57,111.58,111.56,111.575,308031,0
LQD.US,5,20260213,203000,111.57,111.59,111.565,111.575,756978,0
LQD.US,5,20260213,203500,111.575,111.58,111.56,111.56,492704,0
LQD.US,5,20260213,204000,111.56,111.56,111.525,111.535,241826,0
LQD.US,5,20260213,204500,111.54,111.555,111.535,111.545,143660,0
LQD.US,5,20260213,205000,111.545,111.55,111.54,111.5423,305436,0
LQD.US,5,20260213,205500,111.55,111.57,111.535,111.535,410010,0
LQD.US,5,20260213,210000,111.505,111.52,111.49,111.52,112163,0
LQD.US,5,20260213,210500,111.52,111.52,111.5101,111.5101,25294,0
LQD.US,5,20260213,211000,111.515,111.53,111.51,111.525,60962,0
LQD.US,5,20260213,211500,111.5234,111.54,111.505,111.53,113120,0
LQD.US,5,20260213,212000,111.535,111.535,111.5105,111.525,686747,0
LQD.US,5,20260213,212500,111.525,111.54,111.52,111.525,441775,0
LQD.US,5,20260213,213000,111.525,111.54,111.525,111.535,205840,0
LQD.US,5,20260213,213500,111.535,111.535,111.51,111.53,278432,0
LQD.US,5,20260213,214000,111.53,111.54,111.525,111.54,315588,0
LQD.US,5,20260213,214500,111.54,111.56,111.54,111.555,259550,0
LQD.US,5,20260213,215000,111.555,111.56,111.54,111.56,714454,0
LQD.US,5,20260213,215500,111.555,111.58,111.55,111.575,1606855,0
LQD.US,5,20260217,153000,111.565,111.57,111.51,111.53,509721,0
LQD.US,5,20260217,153500,111.54,111.61,111.54,111.575,1589909,0
LQD.US,5,20260217,154000,111.575,111.615,111.575,111.6,771816,0
LQD.US,5,20260217,154500,111.595,111.6,111.565,111.585,485942,0
LQD.US,5,20260217,155000,111.585,111.6,111.55,111.57,524778,0
LQD.US,5,20260217,155500,111.575,111.6,111.56,111.6,371238,0
LQD.US,5,20260217,160000,111.605,111.61,111.56,111.575,526400,0
LQD.US,5,20260217,160500,111.575,111.6,111.565,111.59,483436,0
LQD.US,5,20260217,161000,111.5899,111.61,111.58,111.605,518177,0
LQD.US,5,20260217,161500,111.605,111.615,111.5523,111.555,388602,0
LQD.US,5,20260217,162000,111.5595,111.58,111.55,111.58,335925,0
LQD.US,5,20260217,162500,111.575,111.58,111.54,111.54,216398,0
LQD.US,5,20260217,163000,111.545,111.58,111.545,111.575,201076,0
LQD.US,5,20260217,163500,111.575,111.6,111.561,111.591,282568,0
LQD.US,5,20260217,164000,111.59,111.605,111.58,111.595,325786,0
LQD.US,5,20260217,164500,111.595,111.6,111.57,111.595,692499,0
LQD.US,5,20260217,165000,111.595,111.635,111.595,111.635,746473,0
LQD.US,5,20260217,165500,111.64,111.6599,111.63,111.655,489037,0
LQD.US,5,20260217,170000,111.65,111.6599,111.62,111.625,470295,0
LQD.US,5,20260217,170500,111.625,111.63,111.61,111.61,367789,0
LQD.US,5,20260217,171000,111.615,111.62,111.56,111.575,1609518,0
LQD.US,5,20260217,171500,111.575,111.6,111.575,111.595,956073,0
LQD.US,5,20260217,172000,111.595,111.62,111.59,111.61,737392,0
LQD.US,5,20260217,172500,111.605,111.62,111.6,111.605,804953,0
LQD.US,5,20260217,173000,111.6,111.61,111.59,111.5978,284335,0
LQD.US,5,20260217,173500,111.595,111.6,111.58,111.595,677339,0
LQD.US,5,20260217,174000,111.5995,111.6,111.5802,111.595,236173,0
LQD.US,5,20260217,174500,111.6,111.6,111.58,111.595,51697,0
LQD.US,5,20260217,175000,111.59,111.6099,111.58,111.58,166910,0
LQD.US,5,20260217,175500,111.585,111.5899,111.57,111.575,180396,0
LQD.US,5,20260217,180000,111.58,111.5907,111.58,111.585,57197,0
LQD.US,5,20260217,180500,111.58,111.615,111.58,111.615,122345,0
LQD.US,5,20260217,181000,111.615,111.62,111.61,111.615,34401,0
LQD.US,5,20260217,181500,111.61,111.625,111.6,111.625,90745,0
LQD.US,5,20260217,182000,111.625,111.635,111.6,111.6,76124,0
LQD.US,5,20260217,182500,111.61,111.615,111.6,111.615,188298,0
LQD.US,5,20260217,183000,111.61,111.635,111.61,111.61,116085,0
LQD.US,5,20260217,183500,111.6,111.6,111.585,111.585,52731,0
LQD.US,5,20260217,184000,111.585,111.59,111.56,111.565,104619,0
LQD.US,5,20260217,184500,111.56,111.56,111.525,111.535,137859,0
LQD.US,5,20260217,185000,111.53,111.54,111.52,111.535,212329,0
LQD.US,5,20260217,185500,111.53,111.53,111.505,111.5199,369203,0
LQD.US,5,20260217,190000,111.5199,111.5269,111.5,111.525,205532,0
LQD.US,5,20260217,190500,111.5275,111.5275,111.51,111.515,88481,0
LQD.US,5,20260217,191000,111.515,111.525,111.49,111.505,203701,0
LQD.US,5,20260217,191500,111.505,111.535,111.5,111.535,744162,0
LQD.US,5,20260217,192000,111.535,111.56,111.52,111.54,613369,0
LQD.US,5,20260217,192500,111.53,111.55,111.525,111.5497,134045,0
LQD.US,5,20260217,193000,111.545,111.5599,111.545,111.555,82237,0
LQD.US,5,20260217,193500,111.555,111.5699,111.55,111.565,94598,0
LQD.US,5,20260217,194000,111.565,111.59,111.56,111.585,126169,0
LQD.US,5,20260217,194500,111.585,111.6,111.58,111.595,196519,0
LQD.US,5,20260217,195000,111.595,111.61,111.59,111.59,153707,0
LQD.US,5,20260217,195500,111.595,111.61,111.595,111.595,121505,0
LQD.US,5,20260217,200000,111.595,111.615,111.595,111.605,205079,0
LQD.US,5,20260217,200500,111.605,111.64,111.605,111.64,405304,0
LQD.US,5,20260217,201000,111.635,111.65,111.6319,111.645,146094,0
LQD.US,5,20260217,201500,111.65,111.66,111.635,111.635,238290,0
LQD.US,5,20260217,202000,111.635,111.67,111.635,111.665,189882,0
LQD.US,5,20260217,202500,111.665,111.68,111.66,111.675,356310,0
LQD.US,5,20260217,203000,111.675,111.7,111.67,111.7,278856,0
LQD.US,5,20260217,203500,111.7,111.72,111.7,111.71,278171,0
LQD.US,5,20260217,204000,111.705,111.725,111.705,111.715,133267,0
LQD.US,5,20260217,204500,111.715,111.72,111.69,111.705,757481,0
LQD.US,5,20260217,205000,111.705,111.71,111.69,111.695,132244,0
LQD.US,5,20260217,205500,111.695,111.725,111.695,111.71,302168,0
LQD.US,5,20260217,210000,111.71,111.72,111.7,111.715,320283,0
LQD.US,5,20260217,210500,111.715,111.725,111.69,111.695,601116,0
LQD.US,5,20260217,211000,111.695,111.72,111.695,111.715,242116,0
LQD.US,5,20260217,211500,111.715,111.72,111.7,111.705,263576,0
LQD.US,5,20260217,212000,111.705,111.72,111.69,111.715,725375,0
LQD.US,5,20260217,212500,111.715,111.72,111.71,111.715,483441,0
LQD.US,5,20260217,213000,111.715,111.74,111.71,111.715,487654,0
LQD.US,5,20260217,213500,111.715,111.715,111.7,111.705,199276,0
LQD.US,5,20260217,214000,111.7,111.71,111.685,111.71,800952,0
LQD.US,5,20260217,214500,111.71,111.71,111.685,111.685,151445,0
LQD.US,5,20260217,215000,111.685,111.7,111.68,111.685,234572,0
LQD.US,5,20260217,215500,111.685,111.7,111.66,111.67,866784,0
LQD.US,5,20260218,153000,111.58,111.6,111.56,111.59,1428905,0
LQD.US,5,20260218,153500,111.59,111.61,111.55,111.5552,845595,0
LQD.US,5,20260218,154000,111.555,111.58,111.53,111.5651,434673,0
LQD.US,5,20260218,154500,111.565,111.59,111.56,111.585,255906,0
LQD.US,5,20260218,155000,111.585,111.59,111.56,111.575,1495974,0
LQD.US,5,20260218,155500,111.575,111.575,111.54,111.56,488547,0
LQD.US,5,20260218,160000,111.56,111.58,111.55,111.56,335177,0
LQD.US,5,20260218,160500,111.56,111.59,111.555,111.5873,252624,0
LQD.US,5,20260218,161000,111.58,111.59,111.555,111.565,252242,0
LQD.US,5,20260218,161500,111.565,111.58,111.56,111.575,337048,0
LQD.US,5,20260218,162000,111.575,111.6,111.57,111.575,188556,0
LQD.US,5,20260218,162500,111.575,111.5779,111.56,111.565,238597,0
LQD.US,5,20260218,163000,111.57,111.58,111.55,111.5625,199794,0
LQD.US,5,20260218,163500,111.57,111.585,111.56,111.575,135289,0
LQD.US,5,20260218,164000,111.575,111.58,111.56,111.57,245951,0
LQD.US,5,20260218,164500,111.57,111.59,111.57,111.585,106364,0
LQD.US,5,20260218,165000,111.585,111.6,111.58,111.58,38062,0
LQD.US,5,20260218,165500,111.585,111.62,111.575,111.62,215371,0
LQD.US,5,20260218,170000,111.63,111.65,111.62,111.64,686092,0
LQD.US,5,20260218,170500,111.645,111.68,111.64,111.675,458602,0
LQD.US,5,20260218,171000,111.675,111.69,111.67,111.6896,279770,0
LQD.US,5,20260218,171500,111.68,111.69,111.65,111.655,153561,0
LQD.US,5,20260218,172000,111.655,111.66,111.64,111.645,341501,0
LQD.US,5,20260218,172500,111.645,111.67,111.64,111.66,1003486,0
LQD.US,5,20260218,173000,111.665,111.69,111.64,111.645,1185821,0
LQD.US,5,20260218,173500,111.64,111.66,111.635,111.645,212505,0
LQD.US,5,20260218,174000,111.645,111.66,111.64,111.655,162595,0
LQD.US,5,20260218,174500,111.655,111.67,111.645,111.665,462570,0
LQD.US,5,20260218,175000,111.665,111.67,111.64,111.665,441094,0
LQD.US,5,20260218,175500,111.665,111.68,111.655,111.655,185295,0
LQD.US,5,20260218,180000,111.655,111.69,111.655,111.685,121484,0
LQD.US,5,20260218,180500,111.69,111.7,111.69,111.695,88410,0
LQD.US,5,20260218,181000,111.7,111.7,111.6923,111.7,58854,0
LQD.US,5,20260218,181500,111.7,111.705,111.68,111.7001,806653,0
LQD.US,5,20260218,182000,111.705,111.72,111.705,111.72,337955,0
LQD.US,5,20260218,182500,111.72,111.73,111.71,111.725,243614,0
LQD.US,5,20260218,183000,111.73,111.73,111.71,111.71,342716,0
LQD.US,5,20260218,183500,111.715,111.72,111.69,111.695,746931,0
LQD.US,5,20260218,184000,111.695,111.695,111.66,111.66,371642,0
LQD.US,5,20260218,184500,111.665,111.67,111.65,111.665,82137,0
LQD.US,5,20260218,185000,111.665,111.675,111.66,111.675,56835,0
LQD.US,5,20260218,185500,111.68,111.685,111.675,111.685,52775,0
LQD.US,5,20260218,190000,111.69,111.695,111.55,111.61,393698,0
LQD.US,5,20260218,190500,111.615,111.63,111.585,111.595,824508,0
LQD.US,5,20260218,191000,111.59,111.6,111.575,111.6,402892,0
LQD.US,5,20260218,191500,111.595,111.61,111.59,111.6,51118,0
LQD.US,5,20260218,192000,111.6,111.62,111.595,111.61,216979,0
LQD.US,5,20260218,192500,111.605,111.61,111.6,111.605,31870,0
LQD.US,5,20260218,193000,111.605,111.61,111.595,111.595,202570,0
LQD.US,5,20260218,193500,111.595,111.6,111.58,111.59,155786,0
LQD.US,5,20260218,194000,111.59,111.59,111.5701,111.575,385494,0
LQD.US,5,20260218,194500,111.575,111.58,111.56,111.56,338208,0
LQD.US,5,20260218,195000,111.56,111.56,111.54,111.555,464013,0
LQD.US,5,20260218,195500,111.555,111.57,111.555,111.57,189926,0
LQD.US,5,20260218,200000,111.56,111.58,111.525,111.58,377311,0
LQD.US,5,20260218,200500,111.585,111.61,111.57,111.61,199989,0
LQD.US,5,20260218,201000,111.615,111.62,111.599,111.61,281883,0
LQD.US,5,20260218,201500,111.61,111.64,111.6,111.635,182412,0
LQD.US,5,20260218,202000,111.635,111.635,111.6101,111.6101,160164,0
LQD.US,5,20260218,202500,111.615,111.62,111.59,111.595,56790,0
LQD.US,5,20260218,203000,111.59,111.6,111.58,111.5981,455536,0
LQD.US,5,20260218,203500,111.592,111.6,111.58,111.585,103535,0
LQD.US,5,20260218,204000,111.585,111.59,111.56,111.565,230550,0
LQD.US,5,20260218,204500,111.565,111.59,111.56,111.585,313509,0
LQD.US,5,20260218,205000,111.585,111.59,111.58,111.585,376487,0
LQD.US,5,20260218,205500,111.585,111.585,111.56,111.56,220185,0
LQD.US,5,20260218,210000,111.56,111.56,111.54,111.55,331480,0
LQD.US,5,20260218,210500,111.55,111.56,111.5401,111.5401,246531,0
LQD.US,5,20260218,211000,111.545,111.5499,111.53,111.54,213672,0
LQD.US,5,20260218,211500,111.54,111.54,111.505,111.52,113299,0
LQD.US,5,20260218,212000,111.52,111.54,111.5183,111.535,267323,0
LQD.US,5,20260218,212500,111.54,111.55,111.54,111.55,472988,0
LQD.US,5,20260218,213000,111.545,111.555,111.54,111.545,510546,0
LQD.US,5,20260218,213500,111.545,111.55,111.54,111.55,279370,0
LQD.US,5,20260218,214000,111.545,111.56,111.54,111.545,374481,0
LQD.US,5,20260218,214500,111.545,111.55,111.54,111.545,508232,0
LQD.US,5,20260218,215000,111.545,111.58,111.54,111.565,1894198,0
LQD.US,5,20260218,215500,111.565,111.59,111.55,111.59,6669913,0
LQD.US,5,20260219,153000,111.41,111.465,111.4,111.465,884099,0
LQD.US,5,20260219,153500,111.47,111.48,111.44,111.445,980934,0
LQD.US,5,20260219,154000,111.445,111.485,111.445,111.465,639750,0
LQD.US,5,20260219,154500,111.465,111.465,111.44,111.455,173343,0
LQD.US,5,20260219,155000,111.45,111.46,111.435,111.455,167220,0
LQD.US,5,20260219,155500,111.455,111.455,111.43,111.45,381309,0
LQD.US,5,20260219,160000,111.45,111.505,111.45,111.455,271497,0
LQD.US,5,20260219,160500,111.465,111.48,111.45,111.48,169863,0
LQD.US,5,20260219,161000,111.475,111.475,111.44,111.445,259763,0
LQD.US,5,20260219,161500,111.43,111.4799,111.43,111.46,441666,0
LQD.US,5,20260219,162000,111.46,111.4899,111.46,111.475,584284,0
LQD.US,5,20260219,162500,111.475,111.49,111.45,111.45,130470,0
LQD.US,5,20260219,163000,111.45,111.465,111.44,111.465,340794,0
LQD.US,5,20260219,163500,111.465,111.4665,111.445,111.455,107868,0
LQD.US,5,20260219,164000,111.46,111.46,111.44,111.44,30325,0
LQD.US,5,20260219,164500,111.44,111.46,111.435,111.46,122502,0
LQD.US,5,20260219,165000,111.46,111.47,111.455,111.465,163585,0
LQD.US,5,20260219,165500,111.465,111.49,111.46,111.485,213497,0
LQD.US,5,20260219,170000,111.49,111.51,111.48,111.485,421293,0
LQD.US,5,20260219,170500,111.485,111.525,111.485,111.515,269443,0
LQD.US,5,20260219,171000,111.52,111.545,111.515,111.535,342229,0
LQD.US,5,20260219,171500,111.53,111.56,111.53,111.555,164585,0
LQD.US,5,20260219,172000,111.55,111.57,111.55,111.555,357570,0
LQD.US,5,20260219,172500,111.555,111.56,111.52,111.53,270777,0
LQD.US,5,20260219,173000,111.535,111.56,111.53,111.53,234390,0
LQD.US,5,20260219,173500,111.535,111.55,111.53,111.55,115899,0
LQD.US,5,20260219,174000,111.54,111.54,111.51,111.51,291735,0
LQD.US,5,20260219,174500,111.515,111.52,111.51,111.515,257909,0
LQD.US,5,20260219,175000,111.515,111.53,111.49,111.5299,114603,0
LQD.US,5,20260219,175500,111.53,111.535,111.52,111.535,214349,0
LQD.US,5,20260219,180000,111.535,111.5555,111.53,111.545,440138,0
LQD.US,5,20260219,180500,111.545,111.55,111.54,111.545,278280,0
LQD.US,5,20260219,181000,111.545,111.555,111.54,111.545,333818,0
LQD.US,5,20260219,181500,111.545,111.555,111.54,111.55,307220,0
LQD.US,5,20260219,182000,111.55337,111.57,111.55,111.555,194195,0
LQD.US,5,20260219,182500,111.555,111.555,111.54,111.545,68305,0
LQD.US,5,20260219,183000,111.545,111.545,111.52,111.52,108277,0
LQD.US,5,20260219,183500,111.52,111.545,111.52,111.535,308601,0
LQD.US,5,20260219,184000,111.535,111.54,111.53,111.535,94775,0
LQD.US,5,20260219,184500,111.535,111.535,111.52,111.525,98137,0
LQD.US,5,20260219,185000,111.525,111.53,111.505,111.53,478318,0
LQD.US,5,20260219,185500,111.53,111.53,111.505,111.505,200107,0
LQD.US,5,20260219,190000,111.5064,111.55,111.5,111.5499,290204,0
LQD.US,5,20260219,190500,111.55,111.565,111.54,111.565,127945,0
LQD.US,5,20260219,191000,111.565,111.59,111.56,111.575,221766,0
LQD.US,5,20260219,191500,111.575,111.59,111.56,111.58,141770,0
LQD.US,5,20260219,192000,111.58,111.595,111.57,111.595,146768,0
LQD.US,5,20260219,192500,111.595,111.605,111.59,111.595,216061,0
LQD.US,5,20260219,193000,111.595,111.61,111.58,111.61,233972,0
LQD.US,5,20260219,193500,111.605,111.63,111.605,111.63,198784,0
LQD.US,5,20260219,194000,111.63,111.645,111.625,111.645,463694,0
LQD.US,5,20260219,194500,111.645,111.645,111.615,111.625,440927,0
LQD.US,5,20260219,195000,111.62,111.6499,111.62,111.645,180217,0
LQD.US,5,20260219,195500,111.645,111.66,111.63,111.635,495114,0
LQD.US,5,20260219,200000,111.635,111.655,111.6324,111.655,2116743,0
LQD.US,5,20260219,200500,111.655,111.67,111.6502,111.67,96573,0
LQD.US,5,20260219,201000,111.67,111.68,111.665,111.665,116304,0
LQD.US,5,20260219,201500,111.665,111.67,111.6422,111.655,60626,0
LQD.US,5,20260219,202000,111.653,111.66,111.64,111.64,249804,0
LQD.US,5,20260219,202500,111.65,111.66,111.65,111.655,84242,0
LQD.US,5,20260219,203000,111.655,111.66,111.635,111.635,171493,0
LQD.US,5,20260219,203500,111.63,111.63,111.56,111.565,130703,0
LQD.US,5,20260219,204000,111.565,111.595,111.56,111.585,201869,0
LQD.US,5,20260219,204500,111.585,111.61,111.57,111.605,231933,0
LQD.US,5,20260219,205000,111.605,111.61,111.595,111.6,164334,0
LQD.US,5,20260219,205500,111.605,111.62,111.6,111.6198,167003,0
LQD.US,5,20260219,210000,111.6199,111.635,111.615,111.635,526146,0
LQD.US,5,20260219,210500,111.635,111.65,111.63,111.635,283708,0
LQD.US,5,20260219,211000,111.64,111.65,111.6301,111.6399,189395,0
LQD.US,5,20260219,211500,111.635,111.635,111.62,111.62,177022,0
LQD.US,5,20260219,212000,111.625,111.63,111.62,111.626,167391,0
LQD.US,5,20260219,212500,111.625,111.63,111.62,111.625,169391,0
LQD.US,5,20260219,213000,111.625,111.635,111.625,111.635,67386,0
LQD.US,5,20260219,213500,111.635,111.635,111.63,111.6301,50092,0
LQD.US,5,20260219,214000,111.63,111.64,111.62,111.62,363304,0
LQD.US,5,20260219,214500,111.625,111.66,111.62,111.655,1229440,0
LQD.US,5,20260219,215000,111.66,111.675,111.6545,111.675,704252,0
LQD.US,5,20260219,215500,111.675,111.68,111.64,111.68,2310070,0
LQD.US,5,20260220,153000,111.64,111.64,111.6,111.605,170187,0
LQD.US,5,20260220,153500,111.605,111.65,111.605,111.64,542434,0
LQD.US,5,20260220,154000,111.6374,111.65,111.625,111.63,252103,0
LQD.US,5,20260220,154500,111.63,111.66,111.6,111.63,312774,0
LQD.US,5,20260220,155000,111.63,111.63,111.6,111.605,106996,0
LQD.US,5,20260220,155500,111.6,111.635,111.6,111.63,363923,0
LQD.US,5,20260220,160000,111.64,111.64,111.395,111.515,942603,0
LQD.US,5,20260220,160500,111.515,111.59,111.5,111.535,1898121,0
LQD.US,5,20260220,161000,111.535,111.535,111.44,111.455,1118868,0
LQD.US,5,20260220,161500,111.4501,111.469,111.395,111.469,625424,0
LQD.US,5,20260220,162000,111.465,111.54,111.46,111.5099,680415,0
LQD.US,5,20260220,162500,111.5,111.57,111.5,111.56,390974,0
LQD.US,5,20260220,163000,111.565,111.565,111.505,111.505,1801501,0
LQD.US,5,20260220,163500,111.505,111.558,111.475,111.545,885985,0
LQD.US,5,20260220,164000,111.545,111.595,111.525,111.59,626862,0
LQD.US,5,20260220,164500,111.585,111.585,111.525,111.525,359553,0
LQD.US,5,20260220,165000,111.525,111.525,111.4917,111.495,210998,0
LQD.US,5,20260220,165500,111.495,111.53,111.485,111.495,279112,0
LQD.US,5,20260220,170000,111.5,111.5,111.455,111.485,236843,0
LQD.US,5,20260220,170500,111.49,111.505,111.475,111.5,418336,0
LQD.US,5,20260220,171000,111.5,111.5274,111.5,111.52,215054,0
LQD.US,5,20260220,171500,111.52,111.57,111.515,111.565,406006,0
LQD.US,5,20260220,172000,111.57,111.595,111.5633,111.585,779504,0
LQD.US,5,20260220,172500,111.585,111.5866,111.545,111.555,988531,0
LQD.US,5,20260220,173000,111.555,111.575,111.54,111.5707,269370,0
LQD.US,5,20260220,173500,111.57,111.57,111.5326,111.545,236484,0
LQD.US,5,20260220,174000,111.545,111.56,111.535,111.5439,467446,0
LQD.US,5,20260220,174500,111.545,111.5464,111.53,111.535,106381,0
LQD.US,5,20260220,175000,111.535,111.54,111.5201,111.53,249172,0
LQD.US,5,20260220,175500,111.535,111.535,111.52,111.525,32778,0
LQD.US,5,20260220,180000,111.525,111.53,111.51,111.53,304053,0
LQD.US,5,20260220,180500,111.525,111.53,111.52,111.525,155610,0
LQD.US,5,20260220,181000,111.5201,111.56,111.515,111.53,446896,0
LQD.US,5,20260220,181500,111.53,111.53654,111.515,111.535,858750,0
LQD.US,5,20260220,182000,111.535,111.545,111.53,111.53,410666,0
LQD.US,5,20260220,182500,111.53,111.555,111.53,111.555,323106,0
LQD.US,5,20260220,183000,111.55,111.55,111.53,111.535,73328,0
LQD.US,5,20260220,183500,111.535,111.54,111.53,111.535,51445,0
LQD.US,5,20260220,184000,111.535,111.555,111.53,111.545,254513,0
LQD.US,5,20260220,184500,111.55,111.555,111.525,111.525,106516,0
LQD.US,5,20260220,185000,111.525,111.545,111.525,111.535,60407,0
LQD.US,5,20260220,185500,111.5327,111.535,111.515,111.535,123555,0
LQD.US,5,20260220,190000,111.5305,111.535,111.505,111.51,370431,0
LQD.US,5,20260220,190500,111.51,111.515,111.49,111.495,67671,0
LQD.US,5,20260220,191000,111.495,111.495,111.47,111.475,573793,0
LQD.US,5,20260220,191500,111.475,111.51,111.4703,111.51,134833,0
LQD.US,5,20260220,192000,111.51,111.525,111.5,111.52,110776,0
LQD.US,5,20260220,192500,111.5299,111.545,111.52,111.53,93916,0
LQD.US,5,20260220,193000,111.535,111.585,111.53,111.585,231923,0
LQD.US,5,20260220,193500,111.59,111.645,111.58,111.58,342452,0
LQD.US,5,20260220,194000,111.58,111.62,111.58,111.59,927709,0
LQD.US,5,20260220,194500,111.59,111.64,111.59,111.635,369547,0
LQD.US,5,20260220,195000,111.63,111.655,111.625,111.655,117897,0
LQD.US,5,20260220,195500,111.66,111.68,111.65,111.66,281224,0
LQD.US,5,20260220,200000,111.6401,111.6401,111.62,111.625,317936,0
LQD.US,5,20260220,200500,111.625,111.63,111.603,111.615,165272,0
LQD.US,5,20260220,201000,111.62,111.655,111.62,111.64,342470,0
LQD.US,5,20260220,201500,111.65,111.685,111.63,111.685,1563446,0
LQD.US,5,20260220,202000,111.685,111.685,111.655,111.665,112704,0
LQD.US,5,20260220,202500,111.66,111.66,111.64,111.65,109161,0
LQD.US,5,20260220,203000,111.65,111.67,111.645,111.66,260498,0
LQD.US,5,20260220,203500,111.665,111.6682,111.63,111.635,83229,0
LQD.US,5,20260220,204000,111.635,111.635,111.6,111.615,273369,0
LQD.US,5,20260220,204500,111.615,111.62,111.6035,111.615,97802,0
LQD.US,5,20260220,205000,111.615,111.64,111.615,111.635,324063,0
LQD.US,5,20260220,205500,111.635,111.635,111.6,111.61,1803188,0
LQD.US,5,20260220,210000,111.61,111.63,111.61,111.63,1606905,0
LQD.US,5,20260220,210500,111.6269,111.67,111.6269,111.655,243982,0
LQD.US,5,20260220,211000,111.655,111.67,111.65,111.665,295519,0
LQD.US,5,20260220,211500,111.665,111.665,111.64,111.645,211092,0
LQD.US,5,20260220,212000,111.645,111.655,111.63,111.635,175395,0
LQD.US,5,20260220,212500,111.6301,111.6379,111.615,111.6245,111278,0
LQD.US,5,20260220,213000,111.625,111.625,111.6,111.615,1287671,0
LQD.US,5,20260220,213500,111.615,111.63,111.6115,111.625,821652,0
LQD.US,5,20260220,214000,111.63,111.64,111.62,111.64,597022,0
LQD.US,5,20260220,214500,111.64,111.64,111.62,111.635,534279,0
LQD.US,5,20260220,215000,111.635,111.6379,111.6,111.6,683964,0
LQD.US,5,20260220,215500,111.6,111.61,111.59,111.6,4380934,0
LQD.US,5,20260223,153000,111.66,111.68,111.615,111.655,181310,0
LQD.US,5,20260223,153500,111.655,111.67,111.645,111.66,242926,0
LQD.US,5,20260223,154000,111.66,111.66,111.595,111.625,869626,0
LQD.US,5,20260223,154500,111.62,111.63,111.605,111.615,832165,0
LQD.US,5,20260223,155000,111.615,111.625,111.58,111.61,749245,0
LQD.US,5,20260223,155500,111.62,111.625,111.61,111.615,295537,0
LQD.US,5,20260223,160000,111.62,111.65,111.615,111.6497,402965,0
LQD.US,5,20260223,160500,111.6499,111.6599,111.63,111.645,309271,0
LQD.US,5,20260223,161000,111.6406,111.655,111.63,111.6336,311553,0
LQD.US,5,20260223,161500,111.64,111.65,111.6245,111.64,162685,0
LQD.US,5,20260223,162000,111.6399,111.6399,111.6,111.615,1543841,0
LQD.US,5,20260223,162500,111.615,111.64,111.6,111.635,529922,0
LQD.US,5,20260223,163000,111.635,111.66,111.625,111.625,233331,0
LQD.US,5,20260223,163500,111.63,111.64,111.62,111.63,645289,0
LQD.US,5,20260223,164000,111.63,111.665,111.625,111.665,346310,0
LQD.US,5,20260223,164500,111.665,111.67,111.64,111.645,104579,0
LQD.US,5,20260223,165000,111.645,111.67,111.64,111.67,98314,0
LQD.US,5,20260223,165500,111.66,111.7,111.66,111.695,59945,0
LQD.US,5,20260223,170000,111.695,111.74,111.69,111.715,564941,0
LQD.US,5,20260223,170500,111.715,111.745,111.715,111.74,989073,0
LQD.US,5,20260223,171000,111.745,111.755,111.715,111.725,335739,0
LQD.US,5,20260223,171500,111.725,111.74,111.71,111.7265,497738,0
LQD.US,5,20260223,172000,111.725,111.76,111.72,111.75,693432,0
LQD.US,5,20260223,172500,111.755,111.765,111.74,111.75,388095,0
LQD.US,5,20260223,173000,111.745,111.75,111.715,111.715,270231,0
LQD.US,5,20260223,173500,111.7195,111.74,111.7135,111.725,578624,0
LQD.US,5,20260223,174000,111.73,111.73,111.7,111.7,375406,0
LQD.US,5,20260223,174500,111.705,111.73,111.7,111.7,629348,0
LQD.US,5,20260223,175000,111.71,111.72,111.7,111.72,477485,0
LQD.US,5,20260223,175500,111.715,111.73,111.69,111.715,663709,0
LQD.US,5,20260223,180000,111.715,111.75,111.71,111.745,800201,0
LQD.US,5,20260223,180500,111.75,111.75,111.72,111.725,188497,0
LQD.US,5,20260223,181000,111.726,111.74,111.72,111.725,241758,0
LQD.US,5,20260223,181500,111.725,111.725,111.695,111.71,215138,0
LQD.US,5,20260223,182000,111.705,111.72,111.7015,111.705,186642,0
LQD.US,5,20260223,182500,111.705,111.7382,111.705,111.735,1050011,0
LQD.US,5,20260223,183000,111.735,111.74,111.7205,111.725,300814,0
LQD.US,5,20260223,183500,111.725,111.77,111.72,111.755,439258,0
LQD.US,5,20260223,184000,111.75,111.785,111.75,111.785,89430,0
LQD.US,5,20260223,184500,111.785,111.8,111.78,111.79,329229,0
LQD.US,5,20260223,185000,111.7996,111.81,111.79,111.795,335955,0
LQD.US,5,20260223,185500,111.7999,111.8,111.77,111.785,396908,0
LQD.US,5,20260223,190000,111.7899,111.8,111.7735,111.78,330786,0
LQD.US,5,20260223,190500,111.78,111.81,111.78,111.795,210299,0
LQD.US,5,20260223,191000,111.795,111.795,111.78,111.79,81985,0
LQD.US,5,20260223,191500,111.79,111.81,111.785,111.805,46959,0
LQD.US,5,20260223,192000,111.8,111.8,111.78,111.8,466839,0
LQD.US,5,20260223,192500,111.795,111.81,111.785,111.81,134867,0
LQD.US,5,20260223,193000,111.805,111.81,111.785,111.805,82730,0
LQD.US,5,20260223,193500,111.805,111.83,111.805,111.83,140557,0
LQD.US,5,20260223,194000,111.825,111.83,111.8,111.805,438020,0
LQD.US,5,20260223,194500,111.805,111.81,111.795,111.805,65519,0
LQD.US,5,20260223,195000,111.8099,111.81,111.8,111.805,31795,0
LQD.US,5,20260223,195500,111.805,111.83,111.79,111.815,305189,0
LQD.US,5,20260223,200000,111.81,111.8151,111.805,111.805,117198,0
LQD.US,5,20260223,200500,111.805,111.82,111.8,111.805,147152,0
LQD.US,5,20260223,201000,111.81,111.82,111.785,111.805,184836,0
LQD.US,5,20260223,201500,111.805,111.805,111.785,111.785,79630,0
LQD.US,5,20260223,202000,111.78,111.785,111.7701,111.775,82481,0
LQD.US,5,20260223,202500,111.7705,111.78,111.745,111.745,78384,0
LQD.US,5,20260223,203000,111.745,111.76,111.74,111.74,157493,0
LQD.US,5,20260223,203500,111.74,111.75,111.73,111.73,641078,0
LQD.US,5,20260223,204000,111.73,111.75,111.71,111.745,658352,0
LQD.US,5,20260223,204500,111.745,111.76,111.72,111.755,334681,0
LQD.US,5,20260223,205000,111.76,111.77,111.75,111.755,250098,0
LQD.US,5,20260223,205500,111.755,111.76,111.72,111.725,298212,0
LQD.US,5,20260223,210000,111.725,111.735,111.715,111.715,744255,0
LQD.US,5,20260223,210500,111.72,111.72,111.69,111.705,487155,0
LQD.US,5,20260223,211000,111.705,111.7299,111.69,111.725,532236,0
LQD.US,5,20260223,211500,111.725,111.7299,111.71,111.715,228353,0
LQD.US,5,20260223,212000,111.71,111.715,111.685,111.685,249391,0
LQD.US,5,20260223,212500,111.685,111.7,111.68,111.685,848202,0
LQD.US,5,20260223,213000,111.685,111.69,111.67,111.685,183922,0
LQD.US,5,20260223,213500,111.685,111.685,111.66,111.66,145718,0
LQD.US,5,20260223,214000,111.665,111.68,111.66,111.665,539468,0
LQD.US,5,20260223,214500,111.665,111.69,111.6635,111.685,272241,0
LQD.US,5,20260223,215000,111.695,111.705,111.66,111.665,371533,0
LQD.US,5,20260223,215500,111.665,111.74,111.65,111.7,1526236,0
LQD.US,5,20260224,153000,111.625,111.625,111.575,111.59,727874,0
LQD.US,5,20260224,153500,111.59,111.63,111.575,111.6,1917081,0
LQD.US,5,20260224,154000,111.6,111.6,111.55,111.555,1697039,0
LQD.US,5,20260224,154500,111.56,111.57,111.54,111.56,433843,0
LQD.US,5,20260224,155000,111.56,111.57,111.545,111.565,297891,0
LQD.US,5,20260224,155500,111.565,111.565,111.5,111.525,507221,0
LQD.US,5,20260224,160000,111.525,111.525,111.47,111.5,305360,0
LQD.US,5,20260224,160500,111.505,111.525,111.48,111.525,408742,0
LQD.US,5,20260224,161000,111.525,111.56,111.525,111.555,493037,0
LQD.US,5,20260224,161500,111.555,111.5799,111.53,111.55,977338,0
LQD.US,5,20260224,162000,111.55,111.55,111.52,111.525,988263,0
LQD.US,5,20260224,162500,111.525,111.55,111.515,111.545,1503882,0
LQD.US,5,20260224,163000,111.545,111.59,111.53,111.59,171618,0
LQD.US,5,20260224,163500,111.585,111.59,111.55,111.555,337986,0
LQD.US,5,20260224,164000,111.56,111.585,111.5599,111.56,313554,0
LQD.US,5,20260224,164500,111.565,111.605,111.565,111.605,1043547,0
LQD.US,5,20260224,165000,111.6,111.63,111.6,111.6116,559164,0
LQD.US,5,20260224,165500,111.615,111.625,111.6045,111.61,206548,0
LQD.US,5,20260224,170000,111.615,111.6677,111.615,111.665,123422,0
LQD.US,5,20260224,170500,111.66,111.685,111.65,111.665,398077,0
LQD.US,5,20260224,171000,111.665,111.685,111.63,111.63,108693,0
LQD.US,5,20260224,171500,111.63,111.65,111.62,111.645,114179,0
LQD.US,5,20260224,172000,111.65,111.655,111.64,111.645,338584,0
LQD.US,5,20260224,172500,111.6405,111.6599,111.63,111.655,245287,0
LQD.US,5,20260224,173000,111.66,111.66,111.63,111.645,874618,0
LQD.US,5,20260224,173500,111.64,111.65,111.625,111.6399,369668,0
LQD.US,5,20260224,174000,111.635,111.66,111.63,111.645,976106,0
LQD.US,5,20260224,174500,111.645,111.66,111.64,111.645,134205,0
LQD.US,5,20260224,175000,111.645,111.665,111.64,111.6501,284788,0
LQD.US,5,20260224,175500,111.65,111.675,111.65,111.675,67563,0
LQD.US,5,20260224,180000,111.6703,111.675,111.66,111.665,112161,0
LQD.US,5,20260224,180500,111.665,111.675,111.65,111.665,274814,0
LQD.US,5,20260224,181000,111.67,111.675,111.64,111.645,323234,0
LQD.US,5,20260224,181500,111.64,111.68,111.63,111.64,569313,0
LQD.US,5,20260224,182000,111.645,111.65,111.64,111.645,229550,0
LQD.US,5,20260224,182500,111.645,111.65,111.645,111.65,11418,0
LQD.US,5,20260224,183000,111.645,111.645,111.645,111.645,29984,0
LQD.US,5,20260224,183500,111.6316,111.645,111.63,111.645,13891,0
LQD.US,5,20260224,184000,111.655,111.67,111.65,111.67,12445,0
LQD.US,5,20260224,184500,111.68,111.685,111.67,111.685,39946,0
LQD.US,5,20260224,185000,111.69,111.69,111.665,111.665,3700,0
LQD.US,5,20260224,185500,111.655,111.66,111.655,111.655,13633,0
LQD.US,5,20260224,190000,111.66,111.67,111.65,111.655,29130,0
LQD.US,5,20260224,190500,111.645,111.66,111.645,111.66,2564,0
LQD.US,5,20260224,191000,111.645,111.655,111.645,111.655,200,0
LQD.US,5,20260224,191500,111.635,111.6378,111.635,111.635,1795,0
LQD.US,5,20260224,192000,111.625,111.645,111.6221,111.645,94188,0
LQD.US,5,20260224,192500,111.645,111.66,111.64,111.65,162272,0
LQD.US,5,20260224,193000,111.65,111.675,111.64,111.65,138595,0
LQD.US,5,20260224,193500,111.65,111.655,111.635,111.635,121497,0
LQD.US,5,20260224,194000,111.635,111.66,111.63,111.6573,58670,0
LQD.US,5,20260224,194500,111.655,111.68,111.655,111.675,94719,0
LQD.US,5,20260224,195000,111.6722,111.695,111.67,111.675,503795,0
LQD.US,5,20260224,195500,111.675,111.705,111.675,111.7,277191,0
LQD.US,5,20260224,200000,111.705,111.705,111.69,111.69,351124,0
LQD.US,5,20260224,200500,111.69,111.69,111.68,111.685,120686,0
LQD.US,5,20260224,201000,111.685,111.69,111.68,111.68,176245,0
LQD.US,5,20260224,201500,111.69,111.7,111.685,111.695,244227,0
LQD.US,5,20260224,202000,111.695,111.7,111.68,111.685,230512,0
LQD.US,5,20260224,202500,111.685,111.7299,111.68,111.72,573127,0
LQD.US,5,20260224,203000,111.72,111.74,111.72,111.72,329022,0
LQD.US,5,20260224,203500,111.725,111.725,111.705,111.71,69035,0
LQD.US,5,20260224,204000,111.715,111.725,111.715,111.725,231970,0
LQD.US,5,20260224,204500,111.725,111.73,111.71,111.7106,890268,0
LQD.US,5,20260224,205000,111.71,111.715,111.69,111.7,812255,0
LQD.US,5,20260224,205500,111.7,111.7194,111.7,111.715,287934,0
LQD.US,5,20260224,210000,111.72,111.73,111.72,111.73,34720,0
LQD.US,5,20260224,210500,111.73,111.735,111.71,111.715,540698,0
LQD.US,5,20260224,211000,111.715,111.715,111.67,111.67,1182082,0
LQD.US,5,20260224,211500,111.675,111.675,111.64,111.65,1598488,0
LQD.US,5,20260224,212000,111.655,111.655,111.61,111.61,418313,0
LQD.US,5,20260224,212500,111.61,111.615,111.59,111.59,625823,0
LQD.US,5,20260224,213000,111.59,111.63,111.59,111.625,519856,0
LQD.US,5,20260224,213500,111.625,111.63,111.6,111.61,84709,0
LQD.US,5,20260224,214000,111.605,111.61,111.59,111.605,151304,0
LQD.US,5,20260224,214500,111.61,111.645,111.605,111.645,505566,0
LQD.US,5,20260224,215000,111.645,111.66,111.63,111.655,584878,0
LQD.US,5,20260224,215500,111.655,111.7,111.65,111.68,2203313,0
LQD.US,5,20260225,153000,111.6,111.66,111.565,111.655,263797,0
LQD.US,5,20260225,153500,111.655,111.67,111.65,111.665,77973,0
LQD.US,5,20260225,154000,111.66,111.7,111.66,111.7,143670,0
LQD.US,5,20260225,154500,111.7,111.7,111.67,111.69,466979,0
LQD.US,5,20260225,155000,111.685,111.69,111.65,111.655,222584,0
LQD.US,5,20260225,155500,111.65,111.6799,111.65,111.67,537489,0
LQD.US,5,20260225,160000,111.67,111.69,111.67,111.675,141483,0
LQD.US,5,20260225,160500,111.675,111.68,111.65,111.675,947214,0
LQD.US,5,20260225,161000,111.67,111.68,111.66,111.675,633609,0
LQD.US,5,20260225,161500,111.6701,111.685,111.66,111.685,934524,0
LQD.US,5,20260225,162000,111.68,111.688,111.65,111.65,209095,0
LQD.US,5,20260225,162500,111.655,111.665,111.64,111.66,222087,0
LQD.US,5,20260225,163000,111.665,111.695,111.66,111.685,226983,0
LQD.US,5,20260225,163500,111.685,111.7095,111.68,111.7,585417,0
LQD.US,5,20260225,164000,111.7,111.7,111.69,111.69,143578,0
LQD.US,5,20260225,164500,111.695,111.695,111.66,111.665,59601,0
LQD.US,5,20260225,165000,111.66,111.67,111.64,111.645,124678,0
LQD.US,5,20260225,165500,111.645,111.66,111.64,111.66,240775,0
LQD.US,5,20260225,170000,111.66,111.68,111.66,111.675,304390,0
LQD.US,5,20260225,170500,111.675,111.68,111.66,111.665,69913,0
LQD.US,5,20260225,171000,111.66,111.665,111.64,111.665,369648,0
LQD.US,5,20260225,171500,111.665,111.68,111.65,111.655,148831,0
LQD.US,5,20260225,172000,111.655,111.68,111.655,111.675,121764,0
LQD.US,5,20260225,172500,111.67,111.69,111.67,111.69,79642,0
LQD.US,5,20260225,173000,111.69,111.71,111.68,111.705,1239780,0
LQD.US,5,20260225,173500,111.705,111.71,111.69,111.7,247275,0
LQD.US,5,20260225,174000,111.7,111.7365,111.7,111.73,1325449,0
LQD.US,5,20260225,174500,111.73,111.74,111.72,111.735,521127,0
LQD.US,5,20260225,175000,111.73,111.735,111.7,111.7,585918,0
LQD.US,5,20260225,175500,111.705,111.71,111.7,111.705,15296,0
LQD.US,5,20260225,180000,111.7028,111.74,111.7,111.74,533043,0
LQD.US,5,20260225,180500,111.74,111.7699,111.725,111.755,315249,0
LQD.US,5,20260225,181000,111.755,111.77,111.75,111.755,116628,0
LQD.US,5,20260225,181500,111.755,111.76,111.75,111.755,237549,0
LQD.US,5,20260225,182000,111.755,111.77,111.755,111.765,715151,0
LQD.US,5,20260225,182500,111.77,111.77,111.755,111.755,220184,0
LQD.US,5,20260225,183000,111.755,111.755,111.74,111.745,269568,0
LQD.US,5,20260225,183500,111.745,111.745,111.7301,111.7321,149219,0
LQD.US,5,20260225,184000,111.735,111.74,111.72,111.73,515971,0
LQD.US,5,20260225,184500,111.725,111.755,111.725,111.74,328520,0
LQD.US,5,20260225,185000,111.74,111.74,111.705,111.705,501600,0
LQD.US,5,20260225,185500,111.705,111.72,111.705,111.715,309450,0
LQD.US,5,20260225,190000,111.715,111.74,111.66,111.705,710875,0
LQD.US,5,20260225,190500,111.7,111.71,111.68,111.685,141706,0
LQD.US,5,20260225,191000,111.685,111.7,111.68,111.695,134360,0
LQD.US,5,20260225,191500,111.695,111.695,111.68,111.694,70154,0
LQD.US,5,20260225,192000,111.69,111.7,111.685,111.685,181536,0
LQD.US,5,20260225,192500,111.685,111.7,111.68,111.695,122755,0
LQD.US,5,20260225,193000,111.695,111.695,111.675,111.685,100639,0
LQD.US,5,20260225,193500,111.685,111.69,111.68,111.69,227990,0
LQD.US,5,20260225,194000,111.69,111.7,111.68,111.695,133387,0
LQD.US,5,20260225,194500,111.695,111.695,111.675,111.685,100681,0
LQD.US,5,20260225,195000,111.685,111.7,111.66,111.665,382873,0
LQD.US,5,20260225,195500,111.66,111.665,111.64,111.64,93730,0
LQD.US,5,20260225,200000,111.64,111.66,111.625,111.655,279898,0
LQD.US,5,20260225,200500,111.655,111.66,111.645,111.6499,222161,0
LQD.US,5,20260225,201000,111.645,111.65,111.635,111.635,96332,0
LQD.US,5,20260225,201500,111.64,111.645,111.61,111.6103,213496,0
LQD.US,5,20260225,202000,111.61,111.62,111.6,111.615,119089,0
LQD.US,5,20260225,202500,111.615,111.625,111.61,111.6106,122594,0
LQD.US,5,20260225,203000,111.615,111.62,111.6,111.6192,181081,0
LQD.US,5,20260225,203500,111.61,111.615,111.6,111.605,95146,0
LQD.US,5,20260225,204000,111.605,111.63,111.605,111.625,590241,0
LQD.US,5,20260225,204500,111.63,111.63,111.6,111.605,304392,0
LQD.US,5,20260225,205000,111.6052,111.615,111.6,111.61,153027,0
LQD.US,5,20260225,205500,111.61,111.6199,111.605,111.615,81584,0
LQD.US,5,20260225,210000,111.615,111.615,111.6,111.61,138881,0
LQD.US,5,20260225,210500,111.605,111.615,111.6,111.605,173574,0
LQD.US,5,20260225,211000,111.605,111.605,111.5934,111.595,79669,0
LQD.US,5,20260225,211500,111.595,111.6,111.57,111.595,377563,0
LQD.US,5,20260225,212000,111.595,111.6095,111.58,111.595,173005,0
LQD.US,5,20260225,212500,111.5901,111.6,111.58,111.58,210603,0
LQD.US,5,20260225,213000,111.59,111.59,111.57,111.58,561996,0
LQD.US,5,20260225,213500,111.58,111.605,111.57,111.605,1200793,0
LQD.US,5,20260225,214000,111.605,111.61,111.59,111.59,240844,0
LQD.US,5,20260225,214500,111.59,111.605,111.58,111.605,530153,0
LQD.US,5,20260225,215000,111.605,111.61,111.59,111.605,541722,0
LQD.US,5,20260225,215500,111.605,111.65,111.575,111.65,4229388,0
LQD.US,5,20260226,154500,111.68,111.695,111.67,111.69,112339,0
LQD.US,5,20260226,155000,111.68,111.69,111.67,111.68,85509,0
LQD.US,5,20260226,155500,111.68,111.685,111.65,111.655,440283,0
LQD.US,5,20260226,160000,111.655,111.68,111.65,111.65,263051,0
LQD.US,5,20260226,160500,111.655,111.67,111.63,111.655,370464,0
LQD.US,5,20260226,161000,111.655,111.67,111.64,111.67,215545,0
LQD.US,5,20260226,161500,111.675,111.675,111.65,111.655,749006,0
LQD.US,5,20260226,162000,111.655,111.655,111.59,111.595,535493,0
LQD.US,5,20260226,162500,111.595,111.6,111.545,111.58,1251675,0
LQD.US,5,20260226,163000,111.58,111.63,111.575,111.63,700291,0
LQD.US,5,20260226,163500,111.625,111.64,111.59,111.6,547532,0
LQD.US,5,20260226,164000,111.605,111.61,111.57,111.585,588193,0
LQD.US,5,20260226,164500,111.585,111.61,111.575,111.58,543010,0
LQD.US,5,20260226,165000,111.585,111.585,111.56,111.565,149565,0
LQD.US,5,20260226,165500,111.565,111.585,111.555,111.5801,639953,0
LQD.US,5,20260226,170000,111.59,111.61,111.575,111.595,2887620,0
LQD.US,5,20260226,170500,111.59437,111.63,111.585,111.625,327610,0
LQD.US,5,20260226,171000,111.625,111.65,111.62,111.625,294425,0
LQD.US,5,20260226,171500,111.625,111.6399,111.61,111.615,682719,0
LQD.US,5,20260226,172000,111.615,111.625,111.585,111.5951,328240,0
LQD.US,5,20260226,172500,111.595,111.61,111.59,111.606,68509,0
LQD.US,5,20260226,173000,111.605,111.62,111.59,111.61,124782,0
LQD.US,5,20260226,173500,111.61,111.625,111.6011,111.61,179644,0
LQD.US,5,20260226,174000,111.61,111.62,111.6,111.605,338165,0
LQD.US,5,20260226,174500,111.6099,111.62,111.605,111.615,145319,0
LQD.US,5,20260226,175000,111.6101,111.6263,111.6,111.605,231027,0
LQD.US,5,20260226,175500,111.6092,111.61,111.58,111.595,207706,0
LQD.US,5,20260226,180000,111.595,111.595,111.57,111.575,247169,0
LQD.US,5,20260226,180500,111.575,111.59,111.575,111.575,117068,0
LQD.US,5,20260226,181000,111.58,111.6,111.5799,111.595,131640,0
LQD.US,5,20260226,181500,111.595,111.605,111.59,111.605,93121,0
LQD.US,5,20260226,182000,111.605,111.6063,111.58,111.58,100140,0
LQD.US,5,20260226,182500,111.58,111.6,111.58,111.585,386070,0
LQD.US,5,20260226,183000,111.58,111.59,111.57,111.585,110574,0
LQD.US,5,20260226,183500,111.585,111.585,111.545,111.55,532141,0
LQD.US,5,20260226,184000,111.5494,111.56,111.545,111.555,133934,0
LQD.US,5,20260226,184500,111.555,111.58,111.55,111.575,64338,0
LQD.US,5,20260226,185000,111.57,111.57,111.55,111.56,193361,0
LQD.US,5,20260226,185500,111.56,111.565,111.54,111.54,45884,0
LQD.US,5,20260226,190000,111.54,111.58,111.54,111.575,339437,0
LQD.US,5,20260226,190500,111.575,111.6,111.57,111.595,256276,0
LQD.US,5,20260226,191000,111.595,111.6,111.57,111.595,503914,0
LQD.US,5,20260226,191500,111.59,111.595,111.57,111.585,130369,0
LQD.US,5,20260226,192000,111.585,111.6,111.58,111.585,640181,0
LQD.US,5,20260226,192500,111.585,111.585,111.564,111.57,103698,0
LQD.US,5,20260226,193000,111.57,111.59,111.55,111.58,68972,0
LQD.US,5,20260226,193500,111.58,111.585,111.57,111.58,786696,0
LQD.US,5,20260226,194000,111.565,111.5677,111.56,111.565,9879,0
LQD.US,5,20260226,194500,111.57,111.5758,111.57,111.57,69911,0
LQD.US,5,20260226,200500,111.625,111.625,111.62,111.625,46337,0
LQD.US,5,20260226,201000,111.625,111.625,111.61,111.615,183187,0
LQD.US,5,20260226,201500,111.61,111.65,111.61,111.645,303398,0
LQD.US,5,20260226,202000,111.645,111.66,111.635,111.64,314388,0
LQD.US,5,20260226,202500,111.635,111.635,111.6,111.605,308853,0
LQD.US,5,20260226,203000,111.61,111.625,111.585,111.5998,440410,0
LQD.US,5,20260226,203500,111.6,111.6078,111.595,111.6,146480,0
LQD.US,5,20260226,204000,111.6,111.635,111.6,111.635,152887,0
LQD.US,5,20260226,204500,111.635,111.655,111.635,111.655,259336,0
LQD.US,5,20260226,205000,111.66,111.67,111.65,111.665,187784,0
LQD.US,5,20260226,205500,111.67,111.67,111.65,111.655,175202,0
LQD.US,5,20260226,210000,111.655,111.68,111.655,111.675,250771,0
LQD.US,5,20260226,210500,111.675,111.69,111.665,111.67,381210,0
LQD.US,5,20260226,211000,111.67,111.68,111.6604,111.6641,67860,0
LQD.US,5,20260226,211500,111.67,111.685,111.67,111.68,559164,0
LQD.US,5,20260226,212000,111.685,111.695,111.685,111.695,133638,0
LQD.US,5,20260226,212500,111.695,111.6999,111.67,111.675,180049,0
LQD.US,5,20260226,213000,111.675,111.68,111.67,111.68,81489,0
LQD.US,5,20260226,213500,111.675,111.71,111.675,111.7099,157721,0
LQD.US,5,20260226,214000,111.71,111.72,111.705,111.715,165079,0
LQD.US,5,20260226,214500,111.715,111.73,111.71,111.73,263072,0
LQD.US,5,20260226,215000,111.73,111.735,111.68,111.6888,822814,0
LQD.US,5,20260226,215500,111.685,111.73,111.6801,111.72,2946291,0
LQD.US,5,20260227,153000,111.73,111.74,111.66,111.69,1128704,0
LQD.US,5,20260227,153500,111.69,111.73,111.69,111.71,384965,0
LQD.US,5,20260227,154000,111.71,111.74,111.7,111.735,98701,0
LQD.US,5,20260227,154500,111.74,111.74,111.7,111.71,155303,0
LQD.US,5,20260227,155000,111.71,111.74,111.71,111.735,252190,0
LQD.US,5,20260227,155500,111.735,111.735,111.72,111.725,137545,0
LQD.US,5,20260227,160000,111.725,111.74,111.71,111.735,430312,0
LQD.US,5,20260227,160500,111.735,111.77,111.735,111.755,1443608,0
LQD.US,5,20260227,161000,111.755,111.76,111.73,111.755,698054,0
LQD.US,5,20260227,161500,111.755,111.76,111.73,111.745,1005930,0
LQD.US,5,20260227,162000,111.745,111.75,111.73,111.735,344979,0
LQD.US,5,20260227,162500,111.735,111.76,111.73,111.755,324292,0
LQD.US,5,20260227,163000,111.755,111.8,111.75,111.795,201968,0
LQD.US,5,20260227,163500,111.795,111.8,111.77,111.78,392742,0
LQD.US,5,20260227,164000,111.785,111.79,111.755,111.76,775746,0
LQD.US,5,20260227,164500,111.76,111.78,111.7501,111.775,451238,0
LQD.US,5,20260227,165000,111.78,111.82,111.78,111.815,327171,0
LQD.US,5,20260227,165500,111.815,111.82,111.8,111.805,590261,0
LQD.US,5,20260227,170000,111.81,111.83,111.8,111.82,230329,0
LQD.US,5,20260227,170500,111.82,111.84,111.795,111.805,697156,0
LQD.US,5,20260227,171000,111.81,111.84,111.81,111.835,139345,0
LQD.US,5,20260227,171500,111.835,111.86,111.8301,111.845,749624,0
LQD.US,5,20260227,172000,111.84,111.86,111.83,111.86,1047658,0
LQD.US,5,20260227,172500,111.855,111.9,111.85,111.895,157236,0
LQD.US,5,20260227,173000,111.895,111.91,111.875,111.88,565366,0
LQD.US,5,20260227,173500,111.88,111.89,111.86,111.89,535322,0
LQD.US,5,20260227,174000,111.885,111.91,111.8701,111.8701,272600,0
LQD.US,5,20260227,174500,111.875,111.88,111.85,111.87,288987,0
LQD.US,5,20260227,175000,111.87,111.9,111.86,111.9,470112,0
LQD.US,5,20260227,175500,111.9,111.915,111.89,111.89,128425,0
LQD.US,5,20260227,180000,111.89,111.895,111.87,111.89,192298,0
LQD.US,5,20260227,180500,111.895,111.93,111.89,111.915,751253,0
LQD.US,5,20260227,181000,111.92,111.92,111.89,111.905,185154,0
LQD.US,5,20260227,181500,111.9,111.905,111.865,111.8699,111596,0
LQD.US,5,20260227,182000,111.865,111.885,111.85,111.885,703158,0
LQD.US,5,20260227,182500,111.885,111.92,111.88,111.8858,206902,0
LQD.US,5,20260227,183000,111.885,111.915,111.885,111.915,276523,0
LQD.US,5,20260227,183500,111.92,111.925,111.91,111.92,258220,0
LQD.US,5,20260227,184000,111.925,111.925,111.88,111.885,137868,0
LQD.US,5,20260227,184500,111.88,111.885,111.85,111.8599,98594,0
LQD.US,5,20260227,185000,111.855,111.87,111.83,111.835,127549,0
LQD.US,5,20260227,185500,111.84,111.86,111.83,111.8581,391023,0
LQD.US,5,20260227,190000,111.86,111.865,111.85,111.855,98598,0
LQD.US,5,20260227,190500,111.855,111.8599,111.84,111.845,19748,0
LQD.US,5,20260227,191000,111.84,111.86,111.835,111.85,256136,0
LQD.US,5,20260227,191500,111.85,111.86,111.84,111.8499,327514,0
LQD.US,5,20260227,192000,111.85,111.87,111.84,111.865,398416,0
LQD.US,5,20260227,192500,111.865,111.865,111.82,111.825,339967,0
LQD.US,5,20260227,193000,111.825,111.835,111.81,111.835,106422,0
LQD.US,5,20260227,193500,111.835,111.835,111.78,111.8,466239,0
LQD.US,5,20260227,194000,111.8,111.81,111.79,111.795,123608,0
LQD.US,5,20260227,194500,111.795,111.82,111.795,111.81,397988,0
LQD.US,5,20260227,195000,111.81,111.83,111.8,111.825,515702,0
LQD.US,5,20260227,195500,111.825,111.84,111.82,111.835,119383,0
LQD.US,5,20260227,200000,111.83,111.85,111.82,111.84,554320,0
LQD.US,5,20260227,200500,111.84,111.845,111.82,111.825,143976,0
LQD.US,5,20260227,201000,111.825,111.86,111.82,111.86,730911,0
LQD.US,5,20260227,201500,111.86,111.885,111.855,111.885,369532,0
LQD.US,5,20260227,202000,111.88,111.905,111.86,111.885,358241,0
LQD.US,5,20260227,202500,111.885,111.885,111.85,111.855,111160,0
LQD.US,5,20260227,203000,111.855,111.855,111.82,111.825,139471,0
LQD.US,5,20260227,203500,111.825,111.835,111.8,111.805,210361,0
LQD.US,5,20260227,204000,111.805,111.8299,111.8,111.825,556322,0
LQD.US,5,20260227,204500,111.825,111.83,111.81,111.815,408881,0
LQD.US,5,20260227,205000,111.815,111.825,111.79,111.795,334474,0
LQD.US,5,20260227,205500,111.795,111.8,111.77,111.775,334595,0
LQD.US,5,20260227,210000,111.775,111.785,111.77,111.78,1080912,0
LQD.US,5,20260227,210500,111.78,111.78,111.735,111.735,994367,0
LQD.US,5,20260227,211000,111.735,111.75,111.72,111.72,1213889,0
LQD.US,5,20260227,211500,111.725,111.73,111.705,111.73,1470469,0
LQD.US,5,20260227,212000,111.725,111.73,111.71,111.725,373100,0
LQD.US,5,20260227,212500,111.725,111.75,111.7218,111.745,487062,0
LQD.US,5,20260227,213000,111.745,111.76,111.74,111.75,537114,0
LQD.US,5,20260227,213500,111.745,111.75,111.71,111.715,378764,0
LQD.US,5,20260227,214000,111.715,111.72,111.71,111.715,162298,0
LQD.US,5,20260227,214500,111.715,111.745,111.71,111.745,434758,0
LQD.US,5,20260227,215000,111.745,111.755,111.7,111.715,1462461,0
LQD.US,5,20260227,215500,111.715,111.76,111.67,111.7,3576125,0
LQD.US,5,20260302,153000,110.78,110.84,110.71,110.715,284228,0
LQD.US,5,20260302,153500,110.71,110.795,110.7,110.775,1272379,0
LQD.US,5,20260302,154000,110.775,110.81,110.755,110.805,427400,0
LQD.US,5,20260302,154500,110.8,110.84,110.8,110.805,824816,0
LQD.US,5,20260302,155000,110.805,110.835,110.79,110.819,776960,0
LQD.US,5,20260302,155500,110.82,110.8599,110.805,110.85,452111,0
LQD.US,5,20260302,160000,110.845,110.845,110.69,110.795,1299975,0
LQD.US,5,20260302,160500,110.795,110.85,110.79,110.825,764412,0
LQD.US,5,20260302,161000,110.825,110.84,110.785,110.79,624895,0
LQD.US,5,20260302,161500,110.79,110.85,110.75,110.85,607765,0
LQD.US,5,20260302,162000,110.845,110.86,110.79,110.8401,1188256,0
LQD.US,5,20260302,162500,110.84,110.86,110.82,110.835,605325,0
LQD.US,5,20260302,163000,110.8319,110.85,110.785,110.795,408847,0
LQD.US,5,20260302,163500,110.795,110.8,110.76,110.775,492616,0
LQD.US,5,20260302,164000,110.775,110.78,110.74,110.7499,1122481,0
LQD.US,5,20260302,164500,110.745,110.76,110.715,110.73,1660595,0
LQD.US,5,20260302,165000,110.735,110.77,110.69,110.69,610081,0
LQD.US,5,20260302,165500,110.695,110.72,110.68,110.715,467388,0
LQD.US,5,20260302,170000,110.715,110.73,110.695,110.715,352110,0
LQD.US,5,20260302,170500,110.72,110.75,110.69,110.745,642707,0
LQD.US,5,20260302,171000,110.745,110.76,110.705,110.75,378282,0
LQD.US,5,20260302,171500,110.745,110.76,110.7002,110.71,505262,0
LQD.US,5,20260302,172000,110.705,110.75,110.7,110.73,500396,0
LQD.US,5,20260302,172500,110.73,110.8,110.725,110.79,741541,0
LQD.US,5,20260302,173000,110.8,110.83,110.7801,110.81,598739,0
LQD.US,5,20260302,173500,110.81,110.8299,110.8,110.8211,154902,0
LQD.US,5,20260302,174000,110.825,110.87,110.82,110.845,559443,0
LQD.US,5,20260302,174500,110.845,110.91,110.84,110.895,341809,0
LQD.US,5,20260302,175000,110.895,110.9,110.8303,110.835,814425,0
LQD.US,5,20260302,175500,110.835,110.845,110.78,110.785,825715,0
LQD.US,5,20260302,180000,110.785,110.82,110.775,110.82,150082,0
LQD.US,5,20260302,180500,110.815,110.83,110.79,110.795,1265916,0
LQD.US,5,20260302,181000,110.8,110.81,110.78,110.8,244371,0
LQD.US,5,20260302,181500,110.805,110.81,110.78,110.795,657275,0
LQD.US,5,20260302,182000,110.8,110.8,110.77,110.775,298475,0
LQD.US,5,20260302,182500,110.775,110.79,110.755,110.77,1534788,0
LQD.US,5,20260302,183000,110.77,110.8,110.76,110.795,516315,0
LQD.US,5,20260302,183500,110.8,110.84,110.795,110.835,313602,0
LQD.US,5,20260302,184000,110.84,110.875,110.83,110.865,464701,0
LQD.US,5,20260302,184500,110.865,110.91,110.86,110.905,287202,0
LQD.US,5,20260302,185000,110.905,110.92,110.89,110.895,304645,0
LQD.US,5,20260302,185500,110.89,110.91,110.88,110.905,257915,0
LQD.US,5,20260302,190000,110.905,110.92,110.895,110.915,259994,0
LQD.US,5,20260302,190500,110.915,110.94,110.915,110.93,618454,0
LQD.US,5,20260302,191000,110.9303,110.935,110.91,110.925,169994,0
LQD.US,5,20260302,191500,110.925,110.93,110.905,110.905,267420,0
LQD.US,5,20260302,192000,110.905,110.905,110.885,110.885,212785,0
LQD.US,5,20260302,192500,110.8842,110.89,110.8601,110.875,419661,0
LQD.US,5,20260302,193000,110.875,110.89,110.86,110.875,803343,0
LQD.US,5,20260302,193500,110.8701,110.875,110.83,110.835,818934,0
LQD.US,5,20260302,194000,110.835,110.8364,110.8,110.825,674302,0
LQD.US,5,20260302,194500,110.825,110.84,110.815,110.815,436444,0
LQD.US,5,20260302,195000,110.82,110.82,110.79,110.805,411340,0
LQD.US,5,20260302,195500,110.805,110.83,110.795,110.83,336841,0
LQD.US,5,20260302,200000,110.825,110.86,110.825,110.86,258494,0
LQD.US,5,20260302,200500,110.855,110.87,110.85,110.865,237368,0
LQD.US,5,20260302,201000,110.87,110.89,110.865,110.87,726589,0
LQD.US,5,20260302,201500,110.87,110.89,110.87,110.885,216474,0
LQD.US,5,20260302,202000,110.885,110.91,110.88,110.905,370193,0
LQD.US,5,20260302,202500,110.9023,110.91,110.8801,110.895,561474,0
LQD.US,5,20260302,203000,110.895,110.9168,110.885,110.91,410255,0
LQD.US,5,20260302,203500,110.91,110.9399,110.91,110.935,85625,0
LQD.US,5,20260302,204000,110.935,110.95,110.92,110.94,389550,0
LQD.US,5,20260302,204500,110.945,110.96,110.93,110.955,678712,0
LQD.US,5,20260302,205000,110.955,110.955,110.92,110.935,544355,0
LQD.US,5,20260302,205500,110.94,110.96,110.9318,110.935,616501,0
LQD.US,5,20260302,210000,110.93,110.98,110.925,110.98,317583,0
LQD.US,5,20260302,210500,110.975,110.98,110.91,110.915,463435,0
LQD.US,5,20260302,211000,110.915,110.92,110.89,110.895,301079,0
LQD.US,5,20260302,211500,110.895,110.93,110.895,110.9,219110,0
LQD.US,5,20260302,212000,110.9096,110.91,110.865,110.865,358531,0
LQD.US,5,20260302,212500,110.865,110.91,110.84,110.89,1422686,0
LQD.US,5,20260302,213000,110.89,110.92,110.8801,110.9199,316720,0
LQD.US,5,20260302,213500,110.92,110.93,110.91,110.925,489430,0
LQD.US,5,20260302,214000,110.925,110.945,110.92,110.945,822879,0
LQD.US,5,20260302,214500,110.945,110.95,110.925,110.925,751799,0
LQD.US,5,20260302,215000,110.925,110.95,110.91,110.945,1041533,0
LQD.US,5,20260302,215500,110.945,110.97,110.91,110.92,4375427,0
LQD.US,5,20260303,153000,110.172,110.34,110.17,110.34,1604007,0
LQD.US,5,20260303,153500,110.3373,110.39,110.335,110.375,1188102,0
LQD.US,5,20260303,154000,110.375,110.385,110.32,110.35,1025321,0
LQD.US,5,20260303,154500,110.35,110.395,110.34,110.34,1294334,0
LQD.US,5,20260303,155000,110.345,110.445,110.34,110.42,657712,0
LQD.US,5,20260303,155500,110.415,110.47,110.41,110.46,540701,0
LQD.US,5,20260303,160000,110.46,110.465,110.425,110.44,693577,0
LQD.US,5,20260303,160500,110.435,110.51,110.425,110.495,1267376,0
LQD.US,5,20260303,161000,110.495,110.51,110.455,110.51,1063244,0
LQD.US,5,20260303,161500,110.5099,110.62,110.49,110.595,1676000,0
LQD.US,5,20260303,162000,110.595,110.64,110.59,110.595,1297529,0
LQD.US,5,20260303,162500,110.595,110.65,110.59,110.59,2723288,0
LQD.US,5,20260303,163000,110.595,110.65,110.58,110.6,802869,0
LQD.US,5,20260303,163500,110.59,110.595,110.56,110.58,325929,0
LQD.US,5,20260303,164000,110.575,110.6,110.56,110.6,273763,0
LQD.US,5,20260303,164500,110.595,110.61,110.53,110.565,2431993,0
LQD.US,5,20260303,165000,110.57,110.61,110.5605,110.59,1204634,0
LQD.US,5,20260303,165500,110.59,110.63,110.56,110.565,373807,0
LQD.US,5,20260303,170000,110.565,110.595,110.54,110.595,163999,0
LQD.US,5,20260303,170500,110.5899,110.63,110.58,110.62,479883,0
LQD.US,5,20260303,171000,110.615,110.68,110.615,110.675,606463,0
LQD.US,5,20260303,171500,110.675,110.73,110.665,110.72,495896,0
LQD.US,5,20260303,172000,110.72,110.7368,110.66,110.685,466136,0
LQD.US,5,20260303,172500,110.69,110.725,110.69,110.71,874311,0
LQD.US,5,20260303,173000,110.7,110.745,110.68,110.695,928924,0
LQD.US,5,20260303,173500,110.695,110.785,110.69,110.73,808874,0
LQD.US,5,20260303,174000,110.73,110.775,110.715,110.755,2851631,0
LQD.US,5,20260303,174500,110.75,110.87,110.75,110.82,1002708,0
LQD.US,5,20260303,175000,110.83,110.835,110.725,110.76,1832459,0
LQD.US,5,20260303,175500,110.765,110.805,110.75,110.775,520661,0
LQD.US,5,20260303,180000,110.77,110.82,110.77,110.77,400535,0
LQD.US,5,20260303,180500,110.77,110.81,110.77,110.8,419321,0
LQD.US,5,20260303,181000,110.805,110.83,110.78,110.79,1141766,0
LQD.US,5,20260303,181500,110.795,110.86,110.78,110.845,505100,0
LQD.US,5,20260303,182000,110.845,110.885,110.84,110.865,664226,0
LQD.US,5,20260303,182500,110.86,110.8677,110.84,110.84,354683,0
LQD.US,5,20260303,183000,110.84,110.845,110.815,110.84,307445,0
LQD.US,5,20260303,183500,110.84,110.88,110.83,110.865,221067,0
LQD.US,5,20260303,184000,110.865,110.87,110.835,110.835,304143,0
LQD.US,5,20260303,184500,110.835,110.865,110.83,110.855,427206,0
LQD.US,5,20260303,185000,110.855,110.88,110.84,110.88,875177,0
LQD.US,5,20260303,185500,110.88,110.89,110.82,110.82,362518,0
LQD.US,5,20260303,190000,110.825,110.855,110.81,110.835,179384,0
LQD.US,5,20260303,190500,110.835,110.875,110.82,110.875,363971,0
LQD.US,5,20260303,191000,110.875,110.88,110.83,110.845,927694,0
LQD.US,5,20260303,191500,110.845,110.87,110.83,110.835,346655,0
LQD.US,5,20260303,192000,110.835,110.85,110.82,110.845,265397,0
LQD.US,5,20260303,192500,110.845,110.87,110.83,110.865,244613,0
LQD.US,5,20260303,193000,110.865,110.98,110.865,110.97,595055,0
LQD.US,5,20260303,193500,110.965,111.035,110.945,111.02,868463,0
LQD.US,5,20260303,194000,111.02,111.08,111.01,111.03,744029,0
LQD.US,5,20260303,194500,111.03,111.08,111,111.055,1984520,0
LQD.US,5,20260303,195000,111.055,111.09,111.05,111.07,348155,0
LQD.US,5,20260303,195500,111.065,111.09,111.005,111.005,588511,0
LQD.US,5,20260303,200000,111.005,111.04,111,111.04,122292,0
LQD.US,5,20260303,200500,111.04,111.05,111.005,111.005,299538,0
LQD.US,5,20260303,201000,111.005,111.005,110.965,110.97,401041,0
LQD.US,5,20260303,201500,110.97,110.98,110.96,110.975,147495,0
LQD.US,5,20260303,202000,110.975,110.995,110.97,110.995,258230,0
LQD.US,5,20260303,202500,110.995,111,110.96,110.965,134462,0
LQD.US,5,20260303,203000,110.96,110.98,110.94,110.97,252780,0
LQD.US,5,20260303,203500,110.96,111.08,110.95,111.07,1028209,0
LQD.US,5,20260303,204000,111.07,111.13,111.06,111.065,352584,0
LQD.US,5,20260303,204500,111.065,111.07,110.97,110.99,487945,0
LQD.US,5,20260303,205000,110.995,111,110.97,110.985,178107,0
LQD.US,5,20260303,205500,110.985,111.05,110.965,110.97,1010750,0
LQD.US,5,20260303,210000,110.97,110.99,110.96,110.975,280006,0
LQD.US,5,20260303,210500,110.98,111.03,110.975,111.02,767515,0
LQD.US,5,20260303,211000,111.025,111.035,111.01,111.02,252070,0
LQD.US,5,20260303,211500,111.015,111.015,110.98,110.99,1404210,0
LQD.US,5,20260303,212000,110.99,111.02,110.99,111,237865,0
LQD.US,5,20260303,212500,111.005,111.005,110.98,110.995,1591785,0
LQD.US,5,20260303,213000,110.995,111,110.97,110.975,1009832,0
LQD.US,5,20260303,213500,110.975,110.99,110.905,110.915,808755,0
LQD.US,5,20260303,214000,110.915,110.93,110.855,110.875,1678886,0
LQD.US,5,20260303,214500,110.875,110.91,110.86,110.91,501403,0
LQD.US,5,20260303,215000,110.905,110.905,110.855,110.895,355764,0
LQD.US,5,20260303,215500,110.89,110.92,110.86,110.885,1859879,0
LQD.US,5,20260304,153000,110.91,110.965,110.89,110.965,1290465,0
LQD.US,5,20260304,153500,110.965,110.98,110.885,110.89,627970,0
LQD.US,5,20260304,154000,110.885,110.9,110.83,110.885,535874,0
LQD.US,5,20260304,154500,110.88,110.94,110.87,110.925,393115,0
LQD.US,5,20260304,155000,110.93,110.955,110.91,110.95,348844,0
LQD.US,5,20260304,155500,110.94,110.945,110.91,110.935,231530,0
LQD.US,5,20260304,160000,110.93,110.965,110.84,110.93,1206921,0
LQD.US,5,20260304,160500,110.93,110.995,110.915,110.95,544666,0
LQD.US,5,20260304,161000,110.95,111,110.93,110.97,407008,0
LQD.US,5,20260304,161500,110.975,111.015,110.95,111.015,365304,0
LQD.US,5,20260304,162000,111.015,111.09,110.99,111.055,1879486,0
LQD.US,5,20260304,162500,111.055,111.06,111.025,111.05,860457,0
LQD.US,5,20260304,163000,111.05,111.08,111.01,111.02,746896,0
LQD.US,5,20260304,163500,111.025,111.045,110.945,110.955,881784,0
LQD.US,5,20260304,164000,110.96,110.99,110.945,110.99,2298090,0
LQD.US,5,20260304,164500,110.985,111.025,110.985,111.015,609217,0
LQD.US,5,20260304,165000,111.015,111.045,110.99,111.005,376793,0
LQD.US,5,20260304,165500,111,111.02,110.96,111.015,685900,0
LQD.US,5,20260304,170000,111.015,111.045,110.98,111.01,682617,0
LQD.US,5,20260304,170500,111.005,111.04,110.9801,111.03,495388,0
LQD.US,5,20260304,171000,111.025,111.05,111.005,111.045,953306,0
LQD.US,5,20260304,171500,111.05,111.075,111.035,111.05,1014028,0
LQD.US,5,20260304,172000,111.055,111.07,111.04,111.065,200087,0
LQD.US,5,20260304,172500,111.07,111.1,111.065,111.09,538496,0
LQD.US,5,20260304,173000,111.09,111.1,111.035,111.035,1101900,0
LQD.US,5,20260304,173500,111.035,111.04,111.005,111.015,660653,0
LQD.US,5,20260304,174000,111.015,111.06,110.99,111.055,438075,0
LQD.US,5,20260304,174500,111.06,111.09,111.05,111.09,195644,0
LQD.US,5,20260304,175000,111.08,111.11,111.07,111.105,217119,0
LQD.US,5,20260304,175500,111.105,111.12,111.095,111.105,409455,0
LQD.US,5,20260304,180000,111.11,111.15,111.105,111.135,69585,0
LQD.US,5,20260304,180500,111.135,111.155,111.115,111.135,196607,0
LQD.US,5,20260304,181000,111.135,111.145,111.1101,111.14,288412,0
LQD.US,5,20260304,181500,111.14,111.17,111.13,111.1472,134067,0
LQD.US,5,20260304,182000,111.145,111.15,111.115,111.125,242099,0
LQD.US,5,20260304,182500,111.125,111.14,111.1,111.105,731900,0
LQD.US,5,20260304,183000,111.105,111.105,111.055,111.085,534265,0
LQD.US,5,20260304,183500,111.085,111.105,111.06,111.105,434148,0
LQD.US,5,20260304,184000,111.105,111.11,111.07,111.075,319212,0
LQD.US,5,20260304,184500,111.075,111.14,111.075,111.125,332831,0
LQD.US,5,20260304,185000,111.125,111.14,111.11,111.135,380967,0
LQD.US,5,20260304,185500,111.135,111.14,111.115,111.135,181153,0
LQD.US,5,20260304,190000,111.135,111.15,111.105,111.1072,252047,0
LQD.US,5,20260304,190500,111.1,111.115,111.09,111.11,61667,0
LQD.US,5,20260304,191000,111.1162,111.1162,111.09,111.095,210551,0
LQD.US,5,20260304,191500,111.095,111.095,111.07,111.085,174047,0
LQD.US,5,20260304,192000,111.085,111.085,111.06,111.065,676428,0
LQD.US,5,20260304,192500,111.065,111.085,111.05,111.085,423028,0
LQD.US,5,20260304,193000,111.085,111.115,111.085,111.105,809253,0
LQD.US,5,20260304,193500,111.105,111.135,111.1,111.135,242529,0
LQD.US,5,20260304,194000,111.135,111.155,111.135,111.145,176707,0
LQD.US,5,20260304,194500,111.145,111.1486,111.12,111.145,186424,0
LQD.US,5,20260304,195000,111.145,111.15,111.14,111.145,74670,0
LQD.US,5,20260304,195500,111.145,111.1481,111.11,111.125,411665,0
LQD.US,5,20260304,200000,111.125,111.15,111.1219,111.125,235945,0
LQD.US,5,20260304,200500,111.125,111.13,111.1,111.11,154643,0
LQD.US,5,20260304,201000,111.105,111.125,111.1,111.115,164902,0
LQD.US,5,20260304,201500,111.115,111.1173,111.095,111.115,184565,0
LQD.US,5,20260304,202000,111.11,111.115,111.085,111.095,237273,0
LQD.US,5,20260304,202500,111.1,111.135,111.0902,111.13,249398,0
LQD.US,5,20260304,203000,111.13,111.15,111.13,111.135,659637,0
LQD.US,5,20260304,203500,111.135,111.15,111.13,111.135,199058,0
LQD.US,5,20260304,204000,111.135,111.1399,111.1,111.105,248989,0
LQD.US,5,20260304,204500,111.1,111.105,111.075,111.1001,333765,0
LQD.US,5,20260304,205000,111.105,111.11,111.08,111.105,208604,0
LQD.US,5,20260304,205500,111.105,111.115,111.06,111.06,600412,0
LQD.US,5,20260304,210000,111.065,111.07,111.035,111.035,558816,0
LQD.US,5,20260304,210500,111.04,111.045,111.02,111.02,688355,0
LQD.US,5,20260304,211000,111.025,111.04574,111.0101,111.03,1977449,0
LQD.US,5,20260304,211500,111.03,111.03,110.975,110.985,512645,0
LQD.US,5,20260304,212000,110.985,110.99,110.945,110.965,905786,0
LQD.US,5,20260304,212500,110.965,110.98,110.96,110.965,933666,0
LQD.US,5,20260304,213000,110.965,110.965,110.945,110.945,325537,0
LQD.US,5,20260304,213500,110.945,110.945,110.905,110.905,738895,0
LQD.US,5,20260304,214000,110.905,110.94,110.905,110.9158,620524,0
LQD.US,5,20260304,214500,110.915,110.94,110.91,110.93,401589,0
LQD.US,5,20260304,215000,110.93,110.95,110.91,110.95,977902,0
LQD.US,5,20260304,215500,110.945,110.99,110.91,110.97,3609600,0
LQD.US,5,20260305,153000,110.445,110.5,110.37,110.425,255052,0
LQD.US,5,20260305,153500,110.43,110.455,110.405,110.435,948594,0
LQD.US,5,20260305,154000,110.435,110.48,110.43,110.445,632746,0
LQD.US,5,20260305,154500,110.45,110.455,110.4175,110.425,268075,0
LQD.US,5,20260305,155000,110.42,110.44,110.405,110.405,299992,0
LQD.US,5,20260305,155500,110.4055,110.53,110.405,110.515,1016314,0
LQD.US,5,20260305,160000,110.5173,110.595,110.5173,110.585,524929,0
LQD.US,5,20260305,160500,110.585,110.595,110.495,110.545,1440185,0
LQD.US,5,20260305,161000,110.545,110.575,110.52,110.57,435067,0
LQD.US,5,20260305,161500,110.57,110.595,110.56,110.585,183098,0
LQD.US,5,20260305,162000,110.5899,110.595,110.49,110.505,408745,0
LQD.US,5,20260305,162500,110.505,110.5055,110.43,110.44,378882,0
LQD.US,5,20260305,163000,110.445,110.455,110.415,110.445,446287,0
LQD.US,5,20260305,163500,110.445,110.4899,110.44,110.4897,616213,0
LQD.US,5,20260305,164000,110.49,110.51,110.4816,110.4816,308468,0
LQD.US,5,20260305,164500,110.485,110.515,110.475,110.48,228439,0
LQD.US,5,20260305,165000,110.48,110.555,110.4776,110.555,453749,0
LQD.US,5,20260305,165500,110.555,110.565,110.505,110.55,322369,0
LQD.US,5,20260305,170000,110.555,110.58,110.49,110.495,373686,0
LQD.US,5,20260305,170500,110.49,110.495,110.43,110.44,664020,0
LQD.US,5,20260305,171000,110.44,110.465,110.41,110.46,722590,0
LQD.US,5,20260305,171500,110.465,110.465,110.41,110.415,199601,0
LQD.US,5,20260305,172000,110.41,110.415,110.365,110.38,169422,0
LQD.US,5,20260305,172500,110.38,110.4077,110.375,110.38,458794,0
LQD.US,5,20260305,173000,110.37,110.41,110.35,110.385,300941,0
LQD.US,5,20260305,173500,110.39,110.44,110.39,110.4222,643849,0
LQD.US,5,20260305,174000,110.43,110.465,110.42,110.435,138785,0
LQD.US,5,20260305,174500,110.44,110.46,110.425,110.445,490265,0
LQD.US,5,20260305,175000,110.445,110.4895,110.4405,110.485,305498,0
LQD.US,5,20260305,175500,110.48,110.5,110.47,110.48,304526,0
LQD.US,5,20260305,180000,110.48,110.54,110.48,110.535,336088,0
LQD.US,5,20260305,180500,110.54,110.56,110.5,110.5,437769,0
LQD.US,5,20260305,181000,110.5003,110.505,110.4679,110.4901,218051,0
LQD.US,5,20260305,181500,110.49,110.505,110.47,110.49,268913,0
LQD.US,5,20260305,182000,110.495,110.52,110.49,110.51,273656,0
LQD.US,5,20260305,182500,110.51,110.51,110.45,110.465,247863,0
LQD.US,5,20260305,183000,110.4627,110.465,110.4,110.415,859678,0
LQD.US,5,20260305,183500,110.41,110.45,110.3803,110.4301,435591,0
LQD.US,5,20260305,184000,110.43,110.445,110.38,110.395,269181,0
LQD.US,5,20260305,184500,110.395,110.4,110.375,110.38,197378,0
LQD.US,5,20260305,185000,110.385,110.415,110.38,110.38,810939,0
LQD.US,5,20260305,185500,110.385,110.4299,110.375,110.405,512862,0
LQD.US,5,20260305,190000,110.4,110.475,110.39,110.475,211616,0
LQD.US,5,20260305,190500,110.475,110.51,110.465,110.495,369205,0
LQD.US,5,20260305,191000,110.495,110.515,110.48,110.505,206325,0
LQD.US,5,20260305,191500,110.5,110.505,110.435,110.435,190035,0
LQD.US,5,20260305,192000,110.435,110.45,110.43,110.435,784348,0
LQD.US,5,20260305,192500,110.4399,110.445,110.405,110.435,184957,0
LQD.US,5,20260305,193000,110.435,110.465,110.425,110.455,240574,0
LQD.US,5,20260305,193500,110.455,110.465,110.41,110.415,434408,0
LQD.US,5,20260305,194000,110.42,110.4976,110.42,110.495,446086,0
LQD.US,5,20260305,194500,110.5,110.5,110.44,110.455,426075,0
LQD.US,5,20260305,195000,110.455,110.46,110.42,110.42,516759,0
LQD.US,5,20260305,195500,110.425,110.47,110.425,110.465,841358,0
LQD.US,5,20260305,200000,110.465,110.495,110.45,110.475,758729,0
LQD.US,5,20260305,200500,110.475,110.5299,110.47,110.52,376131,0
LQD.US,5,20260305,201000,110.525,110.5299,110.485,110.4899,271039,0
LQD.US,5,20260305,201500,110.48,110.51,110.465,110.51,983921,0
LQD.US,5,20260305,202000,110.51,110.52,110.485,110.485,928910,0
LQD.US,5,20260305,202500,110.489,110.5,110.45,110.455,648204,0
LQD.US,5,20260305,203000,110.455,110.4559,110.39,110.395,549309,0
LQD.US,5,20260305,203500,110.395,110.405,110.35,110.3599,645779,0
LQD.US,5,20260305,204000,110.355,110.365,110.315,110.34,681617,0
LQD.US,5,20260305,204500,110.34,110.3451,110.3,110.315,757138,0
LQD.US,5,20260305,205000,110.3194,110.36,110.305,110.345,871855,0
LQD.US,5,20260305,205500,110.345,110.35,110.305,110.305,363403,0
LQD.US,5,20260305,210000,110.305,110.365,110.29,110.365,1503840,0
LQD.US,5,20260305,210500,110.365,110.415,110.335,110.41,728833,0
LQD.US,5,20260305,211000,110.415,110.4799,110.41,110.445,1156423,0
LQD.US,5,20260305,211500,110.445,110.485,110.44,110.475,738530,0
LQD.US,5,20260305,212000,110.47,110.515,110.465,110.505,330364,0
LQD.US,5,20260305,212500,110.51,110.545,110.5,110.505,1093319,0
LQD.US,5,20260305,213000,110.5,110.5362,110.49,110.535,403194,0
LQD.US,5,20260305,213500,110.535,110.545,110.495,110.505,1168617,0
LQD.US,5,20260305,214000,110.505,110.51,110.49,110.505,693902,0
LQD.US,5,20260305,214500,110.505,110.525,110.49,110.515,882523,0
LQD.US,5,20260305,215000,110.515,110.555,110.49,110.55,1600592,0
LQD.US,5,20260305,215500,110.55,110.57,110.54,110.55,2358228,0
LQD.US,5,20260306,153000,110,110.01,109.815,109.86,579767,0
LQD.US,5,20260306,153500,109.86,109.88,109.78,109.83,784676,0
LQD.US,5,20260306,154000,109.835,109.895,109.81,109.845,502647,0
LQD.US,5,20260306,154500,109.855,109.855,109.77,109.84,655658,0
LQD.US,5,20260306,155000,109.84,109.965,109.84,109.9391,834565,0
LQD.US,5,20260306,155500,109.935,109.97,109.91,109.945,1227284,0
LQD.US,5,20260306,160000,109.94,109.97,109.855,109.855,2469542,0
LQD.US,5,20260306,160500,109.855,109.88,109.805,109.855,1662562,0
LQD.US,5,20260306,161000,109.855,109.915,109.855,109.885,841090,0
LQD.US,5,20260306,161500,109.885,109.97,109.87,109.955,1012310,0
LQD.US,5,20260306,162000,109.9599,110.015,109.95,109.995,868988,0
LQD.US,5,20260306,162500,109.995,110.015,109.955,109.985,510213,0
LQD.US,5,20260306,163000,109.985,110.0299,109.96,109.99,1453996,0
LQD.US,5,20260306,163500,109.995,110.125,109.99,110.12,956940,0
LQD.US,5,20260306,164000,110.125,110.145,110.105,110.145,814607,0
LQD.US,5,20260306,164500,110.145,110.165,110.11,110.165,1243125,0
LQD.US,5,20260306,165000,110.165,110.2,110.12,110.155,801725,0
LQD.US,5,20260306,165500,110.16,110.19,110.14,110.185,499072,0
LQD.US,5,20260306,170000,110.19,110.2699,110.19,110.255,1023096,0
LQD.US,5,20260306,170500,110.255,110.2561,110.2,110.225,945229,0
LQD.US,5,20260306,171000,110.225,110.23,110.165,110.18,756727,0
LQD.US,5,20260306,171500,110.175,110.185,110.1501,110.175,548189,0
LQD.US,5,20260306,172000,110.18,110.19,110.115,110.145,891021,0
LQD.US,5,20260306,172500,110.145,110.17,110.12,110.1697,801223,0
LQD.US,5,20260306,173000,110.17,110.205,110.13,110.195,376069,0
LQD.US,5,20260306,173500,110.195,110.235,110.175,110.19,459697,0
LQD.US,5,20260306,174000,110.19,110.25,110.18,110.235,569559,0
LQD.US,5,20260306,174500,110.235,110.325,110.235,110.315,701582,0
LQD.US,5,20260306,175000,110.315,110.34,110.285,110.29,412135,0
LQD.US,5,20260306,175500,110.295,110.315,110.27,110.285,474027,0
LQD.US,5,20260306,180000,110.285,110.315,110.25,110.305,378180,0
LQD.US,5,20260306,180500,110.3039,110.32,110.27,110.315,240427,0
LQD.US,5,20260306,181000,110.315,110.35,110.3,110.33,236853,0
LQD.US,5,20260306,181500,110.335,110.37,110.32,110.355,529117,0
LQD.US,5,20260306,182000,110.355,110.38,110.33,110.36,931054,0
LQD.US,5,20260306,182500,110.36,110.36,110.305,110.335,968963,0
LQD.US,5,20260306,183000,110.335,110.335,110.275,110.285,496322,0
LQD.US,5,20260306,183500,110.285,110.3013,110.225,110.235,314502,0
LQD.US,5,20260306,184000,110.235,110.235,110.19,110.225,522817,0
LQD.US,5,20260306,184500,110.23,110.355,110.225,110.355,587876,0
LQD.US,5,20260306,185000,110.35,110.365,110.32,110.335,510991,0
LQD.US,5,20260306,185500,110.335,110.385,110.33,110.34,445804,0
LQD.US,5,20260306,190000,110.3401,110.445,110.34,110.3974,194805,0
LQD.US,5,20260306,190500,110.395,110.47,110.395,110.455,289976,0
LQD.US,5,20260306,191000,110.455,110.52,110.455,110.495,277027,0
LQD.US,5,20260306,191500,110.495,110.51,110.465,110.475,414974,0
LQD.US,5,20260306,192000,110.475,110.495,110.465,110.4787,216674,0
LQD.US,5,20260306,192500,110.47,110.4721,110.41,110.4201,385366,0
LQD.US,5,20260306,193000,110.425,110.465,110.4184,110.455,131084,0
LQD.US,5,20260306,193500,110.455,110.46,110.4101,110.435,109726,0
LQD.US,5,20260306,194000,110.435,110.455,110.425,110.435,315652,0
LQD.US,5,20260306,194500,110.435,110.45,110.4,110.405,321233,0
LQD.US,5,20260306,195000,110.405,110.425,110.365,110.365,210008,0
LQD.US,5,20260306,195500,110.37,110.41,110.365,110.405,152891,0
LQD.US,5,20260306,200000,110.405,110.41,110.39,110.405,210218,0
LQD.US,5,20260306,200500,110.405,110.415,110.38,110.415,387279,0
LQD.US,5,20260306,201000,110.42,110.45,110.405,110.445,380544,0
LQD.US,5,20260306,201500,110.445,110.46,110.43,110.435,163442,0
LQD.US,5,20260306,202000,110.43,110.45,110.39,110.39,723901,0
LQD.US,5,20260306,202500,110.39,110.41,110.355,110.405,984803,0
LQD.US,5,20260306,203000,110.405,110.42,110.39,110.42,755622,0
LQD.US,5,20260306,203500,110.415,110.435,110.395,110.42,973204,0
LQD.US,5,20260306,204000,110.42,110.44,110.41,110.425,125808,0
LQD.US,5,20260306,204500,110.43,110.46,110.41,110.4532,499282,0
LQD.US,5,20260306,205000,110.4523,110.485,110.4501,110.48,208594,0
LQD.US,5,20260306,205500,110.485,110.4999,110.365,110.37,464575,0
LQD.US,5,20260306,210000,110.37,110.385,110.32,110.33,683890,0
LQD.US,5,20260306,210500,110.3284,110.35,110.31,110.3422,345986,0
LQD.US,5,20260306,211000,110.34,110.37,110.295,110.315,304421,0
LQD.US,5,20260306,211500,110.315,110.315,110.29,110.3075,409097,0
LQD.US,5,20260306,212000,110.305,110.31,110.275,110.275,798550,0
LQD.US,5,20260306,212500,110.275,110.2899,110.22,110.225,564135,0
LQD.US,5,20260306,213000,110.225,110.24,110.21,110.22,643471,0
LQD.US,5,20260306,213500,110.225,110.2298,110.2,110.225,227462,0
LQD.US,5,20260306,214000,110.23,110.265,110.2239,110.235,698700,0
LQD.US,5,20260306,214500,110.235,110.265,110.22,110.225,281464,0
LQD.US,5,20260306,215000,110.225,110.225,110.185,110.185,511541,0
LQD.US,5,20260306,215500,110.185,110.21,110.12,110.165,2796230,0
LQD.US,5,20260309,143000,109.93,110.1,109.93,110.085,703801,0
LQD.US,5,20260309,143500,110.09,110.13,110.05,110.05,1218997,0
LQD.US,5,20260309,144000,110.05,110.05,109.975,110.03,738782,0
LQD.US,5,20260309,144500,110.02,110.11,110,110.075,355000,0
LQD.US,5,20260309,145000,110.08,110.1,110.015,110.05,2095974,0
LQD.US,5,20260309,145500,110.045,110.1355,110.025,110.12,1198835,0
LQD.US,5,20260309,150000,110.125,110.14,110.085,110.13,499765,0
LQD.US,5,20260309,150500,110.135,110.14,109.975,109.98,991115,0
LQD.US,5,20260309,151000,109.98,110.035,109.945,110.03,502701,0
LQD.US,5,20260309,151500,110.035,110.09,110.025,110.065,575829,0
LQD.US,5,20260309,152000,110.06,110.16,110.05,110.12,276167,0
LQD.US,5,20260309,152500,110.12,110.125,110.035,110.085,1068255,0
LQD.US,5,20260309,153000,110.08,110.13,110.07,110.095,152363,0
LQD.US,5,20260309,153500,110.09,110.14,110.065,110.12,211859,0
LQD.US,5,20260309,154000,110.12,110.165,110.105,110.165,465997,0
LQD.US,5,20260309,154500,110.165,110.17,110.11,110.115,119512,0
LQD.US,5,20260309,155000,110.115,110.18,110.095,110.17,188492,0
LQD.US,5,20260309,155500,110.17,110.19,110.125,110.135,262313,0
LQD.US,5,20260309,160000,110.14,110.26,110.14,110.26,228708,0
LQD.US,5,20260309,160500,110.26,110.27,110.245,110.265,132113,0
LQD.US,5,20260309,161000,110.265,110.305,110.26,110.2789,985428,0
LQD.US,5,20260309,161500,110.28,110.325,110.28,110.32,397503,0
LQD.US,5,20260309,162000,110.32,110.39,110.32,110.38,721441,0
LQD.US,5,20260309,162500,110.375,110.4,110.355,110.395,744438,0
LQD.US,5,20260309,163000,110.395,110.45,110.385,110.41,724558,0
LQD.US,5,20260309,163500,110.415,110.45,110.405,110.425,724530,0
LQD.US,5,20260309,164000,110.425,110.44,110.38,110.395,534100,0
LQD.US,5,20260309,164500,110.395,110.44,110.395,110.44,304011,0
LQD.US,5,20260309,165000,110.44,110.45,110.42,110.43,604895,0
LQD.US,5,20260309,165500,110.425,110.43,110.405,110.405,460577,0
LQD.US,5,20260309,170000,110.405,110.43,110.385,110.385,748156,0
LQD.US,5,20260309,170500,110.385,110.44,110.385,110.425,391858,0
LQD.US,5,20260309,171000,110.425,110.46,110.41,110.415,296746,0
LQD.US,5,20260309,171500,110.415,110.44,110.41,110.415,498246,0
LQD.US,5,20260309,172000,110.415,110.45,110.395,110.445,188498,0
LQD.US,5,20260309,172500,110.45,110.4899,110.44,110.455,472684,0
LQD.US,5,20260309,173000,110.46,110.46,110.42,110.45,542151,0
LQD.US,5,20260309,173500,110.46,110.53,110.4599,110.52,281824,0
LQD.US,5,20260309,174000,110.52,110.57,110.52,110.57,210620,0
LQD.US,5,20260309,174500,110.57,110.6,110.565,110.59,372847,0
LQD.US,5,20260309,175000,110.59,110.61,110.545,110.5503,607137,0
LQD.US,5,20260309,175500,110.55,110.55,110.495,110.5,144760,0
LQD.US,5,20260309,180000,110.495,110.5,110.4699,110.49,201083,0
LQD.US,5,20260309,180500,110.49,110.49,110.435,110.45,165959,0
LQD.US,5,20260309,181000,110.46,110.48,110.425,110.46,363919,0
LQD.US,5,20260309,181500,110.46,110.47,110.42438,110.43,162675,0
LQD.US,5,20260309,182000,110.425,110.45,110.425,110.44,284605,0
LQD.US,5,20260309,182500,110.435,110.455,110.43,110.445,192529,0
LQD.US,5,20260309,183000,110.445,110.46,110.43,110.4399,232530,0
LQD.US,5,20260309,183500,110.43,110.44,110.42,110.42,181659,0
LQD.US,5,20260309,184000,110.42,110.43,110.38,110.385,140025,0
LQD.US,5,20260309,184500,110.385,110.395,110.37,110.3799,279073,0
LQD.US,5,20260309,185000,110.375,110.415,110.37,110.405,93504,0
LQD.US,5,20260309,185500,110.4,110.41,110.395,110.395,35019,0
LQD.US,5,20260309,190000,110.39,110.43,110.39,110.425,71343,0
LQD.US,5,20260309,190500,110.42,110.455,110.42,110.425,572949,0
LQD.US,5,20260309,191000,110.425,110.46,110.415,110.415,327831,0
LQD.US,5,20260309,191500,110.415,110.43,110.38,110.385,719878,0
LQD.US,5,20260309,192000,110.38,110.4099,110.36,110.3987,346888,0
LQD.US,5,20260309,192500,110.3987,110.41,110.39,110.41,160405,0
LQD.US,5,20260309,193000,110.405,110.425,110.405,110.425,214636,0
LQD.US,5,20260309,193500,110.42,110.42,110.385,110.395,65973,0
LQD.US,5,20260309,194000,110.39,110.4099,110.385,110.4099,57084,0
LQD.US,5,20260309,194500,110.405,110.41,110.38,110.39,45137,0
LQD.US,5,20260309,195000,110.3899,110.41,110.3887,110.4,104748,0
LQD.US,5,20260309,195500,110.4,110.4,110.355,110.365,330654,0
LQD.US,5,20260309,200000,110.365,110.38,110.35,110.375,478226,0
LQD.US,5,20260309,200500,110.37,110.395,110.365,110.39,355478,0
LQD.US,5,20260309,201000,110.39,110.415,110.39,110.405,59632,0
LQD.US,5,20260309,201500,110.405,110.485,110.385,110.485,285268,0
LQD.US,5,20260309,202000,110.485,110.655,110.48,110.645,903172,0
LQD.US,5,20260309,202500,110.65,110.705,110.61,110.695,500494,0
LQD.US,5,20260309,203000,110.695,110.74,110.63,110.725,631024,0
LQD.US,5,20260309,203500,110.725,110.84,110.705,110.84,1041765,0
LQD.US,5,20260309,204000,110.84,110.84,110.76,110.785,992027,0
LQD.US,5,20260309,204500,110.785,110.82,110.755,110.805,703266,0
LQD.US,5,20260309,205000,110.805,110.87,110.8,110.845,2576430,0
LQD.US,5,20260309,205500,110.845,110.85,110.79,110.82,2021567,0
LQD.US,5,20260310,143000,110.55,110.64,110.475,110.485,1151394,0
LQD.US,5,20260310,143500,110.49,110.51,110.425,110.445,1715399,0
LQD.US,5,20260310,144000,110.45,110.485,110.415,110.485,1324502,0
LQD.US,5,20260310,144500,110.485,110.5,110.425,110.48,965603,0
LQD.US,5,20260310,145000,110.48,110.485,110.42,110.47,416741,0
LQD.US,5,20260310,145500,110.47,110.49,110.455,110.455,509782,0
LQD.US,5,20260310,150000,110.46,110.49,110.415,110.475,560370,0
LQD.US,5,20260310,150500,110.475,110.505,110.44,110.45,1522344,0
LQD.US,5,20260310,151000,110.455,110.56,110.45,110.525,2948366,0
LQD.US,5,20260310,151500,110.53,110.545,110.48,110.525,1480343,0
LQD.US,5,20260310,152000,110.525,110.555,110.515,110.52,1999073,0
LQD.US,5,20260310,152500,110.525,110.535,110.4816,110.505,1686307,0
LQD.US,5,20260310,153000,110.51,110.555,110.49,110.535,596315,0
LQD.US,5,20260310,153500,110.53,110.57,110.5,110.57,1027691,0
LQD.US,5,20260310,154000,110.57,110.64,110.55,110.625,1674964,0
LQD.US,5,20260310,154500,110.625,110.635,110.58,110.585,902366,0
LQD.US,5,20260310,155000,110.585,110.6,110.56,110.595,520205,0
LQD.US,5,20260310,155500,110.595,110.605,110.52,110.55,1573423,0
LQD.US,5,20260310,160000,110.555,110.6299,110.555,110.625,1110842,0
LQD.US,5,20260310,160500,110.625,110.635,110.59,110.598,1014249,0
LQD.US,5,20260310,161000,110.6,110.63,110.58,110.61,1284994,0
LQD.US,5,20260310,161500,110.61,110.64,110.59,110.64,743487,0
LQD.US,5,20260310,162000,110.64,110.65,110.615,110.6278,264014,0
LQD.US,5,20260310,162500,110.625,110.63,110.59,110.6,532597,0
LQD.US,5,20260310,163000,110.6,110.605,110.56,110.575,718646,0
LQD.US,5,20260310,163500,110.575,110.66,110.575,110.655,353197,0
LQD.US,5,20260310,164000,110.655,110.695,110.655,110.675,545830,0
LQD.US,5,20260310,164500,110.68,110.68,110.62,110.625,558852,0
LQD.US,5,20260310,165000,110.625,110.65,110.62,110.635,351352,0
LQD.US,5,20260310,165500,110.635,110.645,110.62,110.635,349968,0
LQD.US,5,20260310,170000,110.635,110.64,110.61,110.615,594659,0
LQD.US,5,20260310,170500,110.62,110.62,110.56,110.57,624347,0
LQD.US,5,20260310,171000,110.57,110.58,110.535,110.575,177465,0
LQD.US,5,20260310,171500,110.575,110.605,110.57,110.595,405298,0
LQD.US,5,20260310,172000,110.595,110.6,110.575,110.585,227482,0
LQD.US,5,20260310,172500,110.58,110.605,110.545,110.555,173725,0
LQD.US,5,20260310,173000,110.555,110.61,110.555,110.61,406416,0
LQD.US,5,20260310,173500,110.61,110.63,110.5923,110.605,188866,0
LQD.US,5,20260310,174000,110.605,110.605,110.56,110.57,536814,0
LQD.US,5,20260310,174500,110.56,110.565,110.51,110.5291,399267,0
LQD.US,5,20260310,175000,110.52,110.585,110.52,110.5609,205016,0
LQD.US,5,20260310,175500,110.56,110.5705,110.53,110.5398,472700,0
LQD.US,5,20260310,180000,110.53,110.575,110.49,110.525,848172,0
LQD.US,5,20260310,180500,110.525,110.58,110.525,110.58,330262,0
LQD.US,5,20260310,181000,110.58,110.585,110.54,110.545,302422,0
LQD.US,5,20260310,181500,110.545,110.625,110.545,110.625,281933,0
LQD.US,5,20260310,182000,110.62,110.635,110.6,110.625,1302518,0
LQD.US,5,20260310,182500,110.625,110.655,110.62,110.645,1339417,0
LQD.US,5,20260310,183000,110.645,110.665,110.54,110.545,823658,0
LQD.US,5,20260310,183500,110.54,110.55,110.44,110.47,1016961,0
LQD.US,5,20260310,184000,110.47,110.49,110.455,110.46,846544,0
LQD.US,5,20260310,184500,110.46,110.495,110.45,110.46,720612,0
LQD.US,5,20260310,185000,110.46,110.48,110.4505,110.465,254449,0
LQD.US,5,20260310,185500,110.465,110.47,110.44,110.45,530018,0
LQD.US,5,20260310,190000,110.45,110.465,110.43,110.465,459574,0
LQD.US,5,20260310,190500,110.465,110.465,110.37,110.38,1314220,0
LQD.US,5,20260310,191000,110.38,110.4,110.295,110.3,1006219,0
LQD.US,5,20260310,191500,110.295,110.295,110.1883,110.21,2909623,0
LQD.US,5,20260310,192000,110.21,110.2899,110.17,110.2401,2046307,0
LQD.US,5,20260310,192500,110.24,110.37,110.24,110.34,772101,0
LQD.US,5,20260310,193000,110.345,110.38,110.315,110.36,535617,0
LQD.US,5,20260310,193500,110.365,110.385,110.305,110.32,474574,0
LQD.US,5,20260310,194000,110.315,110.32,110.26,110.265,1159550,0
LQD.US,5,20260310,194500,110.26,110.285,110.2301,110.245,1019169,0
LQD.US,5,20260310,195000,110.245,110.285,110.24,110.28,464823,0
LQD.US,5,20260310,195500,110.28,110.29,110.245,110.275,376043,0
LQD.US,5,20260310,200000,110.27,110.275,110.225,110.255,269546,0
LQD.US,5,20260310,200500,110.255,110.26,110.23,110.26,468473,0
LQD.US,5,20260310,201000,110.25,110.27,110.24,110.27,1219517,0
LQD.US,5,20260310,201500,110.265,110.275,110.245,110.245,340605,0
LQD.US,5,20260310,202000,110.245,110.25,110.215,110.235,355880,0
LQD.US,5,20260310,202500,110.235,110.235,110.19,110.19,1044793,0
LQD.US,5,20260310,203000,110.19,110.19,110.12,110.145,870111,0
LQD.US,5,20260310,203500,110.145,110.15,110.11,110.11,663766,0
LQD.US,5,20260310,204000,110.115,110.16,110.085,110.115,1090363,0
LQD.US,5,20260310,204500,110.115,110.135,110.045,110.11,1049937,0
LQD.US,5,20260310,205000,110.11,110.12,110.06,110.08,763769,0
LQD.US,5,20260310,205500,110.075,110.105,110.06,110.06,1409385,0
LQD.US,5,20260311,143000,109.73,109.745,109.595,109.595,998829,0
LQD.US,5,20260311,143500,109.595,109.66,109.595,109.645,1781023,0
LQD.US,5,20260311,144000,109.64,109.65,109.6,109.605,2235433,0
LQD.US,5,20260311,144500,109.6,109.6,109.54,109.595,1167980,0
LQD.US,5,20260311,145000,109.595,109.63,109.575,109.595,671370,0
LQD.US,5,20260311,145500,109.59,109.63,109.565,109.595,1656156,0
LQD.US,5,20260311,150000,109.595,109.71,109.58,109.62,600632,0
LQD.US,5,20260311,150500,109.615,109.63,109.555,109.559,315773,0
LQD.US,5,20260311,151000,109.5501,109.59,109.545,109.59,838716,0
LQD.US,5,20260311,151500,109.585,109.62,109.56,109.605,1206064,0
LQD.US,5,20260311,152000,109.61,109.61,109.535,109.555,406646,0
LQD.US,5,20260311,152500,109.55,109.555,109.5,109.515,296748,0
LQD.US,5,20260311,153000,109.515,109.54,109.43,109.44,493630,0
LQD.US,5,20260311,153500,109.445,109.475,109.415,109.435,823781,0
LQD.US,5,20260311,154000,109.435,109.46,109.425,109.4412,926312,0
LQD.US,5,20260311,154500,109.44,109.47,109.435,109.455,673005,0
LQD.US,5,20260311,155000,109.455,109.46,109.415,109.415,788534,0
LQD.US,5,20260311,155500,109.415,109.47,109.4139,109.4606,1046329,0
LQD.US,5,20260311,160000,109.46,109.48,109.405,109.44,863149,0
LQD.US,5,20260311,160500,109.44,109.45,109.41,109.44,371787,0
LQD.US,5,20260311,161000,109.44,109.45,109.38,109.39,591767,0
LQD.US,5,20260311,161500,109.39,109.39,109.35,109.365,392744,0
LQD.US,5,20260311,162000,109.37,109.4,109.355,109.38,620703,0
LQD.US,5,20260311,162500,109.385,109.39,109.3,109.3,874995,0
LQD.US,5,20260311,163000,109.3,109.31,109.25,109.255,653871,0
LQD.US,5,20260311,163500,109.255,109.315,109.25,109.285,467996,0
LQD.US,5,20260311,164000,109.285,109.3,109.23,109.235,967784,0
LQD.US,5,20260311,164500,109.23,109.2381,109.21,109.22,374616,0
LQD.US,5,20260311,165000,109.21349,109.246,109.21,109.24,447962,0
LQD.US,5,20260311,165500,109.24,109.2413,109.16,109.16,349737,0
LQD.US,5,20260311,170000,109.16,109.19,109.14,109.16,357681,0
LQD.US,5,20260311,170500,109.16,109.185,109.15,109.155,850423,0
LQD.US,5,20260311,171000,109.155,109.24,109.155,109.235,410275,0
LQD.US,5,20260311,171500,109.2351,109.245,109.205,109.205,536644,0
LQD.US,5,20260311,172000,109.21,109.23,109.19,109.225,148127,0
LQD.US,5,20260311,172500,109.225,109.23,109.21,109.215,504708,0
LQD.US,5,20260311,173000,109.215,109.27,109.2,109.265,710904,0
LQD.US,5,20260311,173500,109.265,109.335,109.265,109.285,935785,0
LQD.US,5,20260311,174000,109.285,109.325,109.27,109.2706,561069,0
LQD.US,5,20260311,174500,109.275,109.28,109.215,109.2299,446747,0
LQD.US,5,20260311,175000,109.22,109.25,109.21,109.22,422544,0
LQD.US,5,20260311,175500,109.23,109.23,109.175,109.205,729338,0
LQD.US,5,20260311,180000,109.205,109.23,109.14,109.19,566435,0
LQD.US,5,20260311,180500,109.195,109.225,109.175,109.18,261512,0
LQD.US,5,20260311,181000,109.17,109.17,109.115,109.13,391035,0
LQD.US,5,20260311,181500,109.13,109.165,109.09,109.095,1572905,0
LQD.US,5,20260311,182000,109.1,109.13,109.09,109.13,458079,0
LQD.US,5,20260311,182500,109.125,109.135,109.1001,109.13,798002,0
LQD.US,5,20260311,183000,109.13,109.16,109.125,109.135,712197,0
LQD.US,5,20260311,183500,109.135,109.15,109.035,109.0575,655740,0
LQD.US,5,20260311,184000,109.059,109.08,109.01,109.035,670265,0
LQD.US,5,20260311,184500,109.035,109.12,109.02,109.105,1382345,0
LQD.US,5,20260311,185000,109.11,109.175,109.1,109.155,1314085,0
LQD.US,5,20260311,185500,109.155,109.185,109.12,109.175,734089,0
LQD.US,5,20260311,190000,109.175,109.185,109.15,109.18,266458,0
LQD.US,5,20260311,190500,109.18,109.19,109.17,109.175,250975,0
LQD.US,5,20260311,191000,109.175,109.18,109.15,109.165,238263,0
LQD.US,5,20260311,191500,109.165,109.18,109.15,109.175,236609,0
LQD.US,5,20260311,192000,109.175,109.2,109.145,109.15,224660,0
LQD.US,5,20260311,192500,109.16,109.19,109.155,109.165,231690,0
LQD.US,5,20260311,193000,109.165,109.2,109.16,109.19,341806,0
LQD.US,5,20260311,193500,109.19,109.2,109.1646,109.1646,199972,0
LQD.US,5,20260311,194000,109.165,109.17,109.155,109.165,143569,0
LQD.US,5,20260311,194500,109.17,109.19,109.155,109.18,307650,0
LQD.US,5,20260311,195000,109.18,109.225,109.17,109.22,1013163,0
LQD.US,5,20260311,195500,109.2199,109.225,109.135,109.14,900036,0
LQD.US,5,20260311,200000,109.14,109.16,109.1,109.12,1109137,0
LQD.US,5,20260311,200500,109.125,109.125,109.095,109.1,384827,0
LQD.US,5,20260311,201000,109.105,109.13,109.08,109.085,507991,0
LQD.US,5,20260311,201500,109.085,109.15,109.08,109.15,567336,0
LQD.US,5,20260311,202000,109.15,109.17,109.135,109.155,1416808,0
LQD.US,5,20260311,202500,109.155,109.17,109.145,109.1537,424713,0
LQD.US,5,20260311,203000,109.155,109.2,109.15,109.19,1018446,0
LQD.US,5,20260311,203500,109.195,109.235,109.19,109.23,992351,0
LQD.US,5,20260311,204000,109.235,109.26,109.23,109.255,861808,0
LQD.US,5,20260311,204500,109.255,109.29,109.24,109.2413,1501090,0
LQD.US,5,20260311,205000,109.245,109.245,109.2,109.215,2009017,0
LQD.US,5,20260311,205500,109.215,109.23,109.16,109.16,3363319,0
LQD.US,5,20260312,143000,108.92,108.95,108.835,108.93,1500436,0
LQD.US,5,20260312,143500,108.93,108.98,108.88,108.935,2225099,0
LQD.US,5,20260312,144000,108.935,108.935,108.85,108.86,2883356,0
LQD.US,5,20260312,144500,108.86,108.88,108.845,108.88,833378,0
LQD.US,5,20260312,145000,108.875,108.92,108.875,108.88,1729189,0
LQD.US,5,20260312,145500,108.88,108.9,108.845,108.89,1656772,0
LQD.US,5,20260312,150000,108.89,108.92,108.88,108.905,2622908,0
LQD.US,5,20260312,150500,108.905,108.93,108.9,108.91,2265455,0
LQD.US,5,20260312,151000,108.915,108.93,108.885,108.905,2214079,0
LQD.US,5,20260312,151500,108.905,108.915,108.861,108.865,1807865,0
LQD.US,5,20260312,152000,108.865,108.88,108.84,108.86,404992,0
LQD.US,5,20260312,152500,108.86,108.89,108.815,108.825,325306,0
LQD.US,5,20260312,153000,108.8201,108.83,108.7725,108.795,223355,0
LQD.US,5,20260312,153500,108.7997,108.82,108.76,108.775,608009,0
LQD.US,5,20260312,154000,108.78,108.84,108.7788,108.83,678807,0
LQD.US,5,20260312,154500,108.83,108.89,108.77,108.785,2809858,0
LQD.US,5,20260312,155000,108.785,108.83,108.78,108.815,1240323,0
LQD.US,5,20260312,155500,108.815,108.83,108.755,108.765,270384,0
LQD.US,5,20260312,160000,108.77,108.78,108.615,108.63,1444610,0
LQD.US,5,20260312,160500,108.635,108.6555,108.59,108.595,633869,0
LQD.US,5,20260312,161000,108.595,108.625,108.555,108.625,547584,0
LQD.US,5,20260312,161500,108.625,108.63,108.595,108.6,195461,0
LQD.US,5,20260312,162000,108.595,108.61,108.564,108.59,241620,0
LQD.US,5,20260312,162500,108.59,108.62,108.58,108.605,345029,0
LQD.US,5,20260312,163000,108.605,108.61,108.58,108.6,508930,0
LQD.US,5,20260312,163500,108.605,108.718,108.605,108.71,245540,0
LQD.US,5,20260312,164000,108.71,108.765,108.675,108.74,548629,0
LQD.US,5,20260312,164500,108.735,108.745,108.675,108.675,335224,0
LQD.US,5,20260312,165000,108.675,108.72,108.67,108.685,378355,0
LQD.US,5,20260312,165500,108.685,108.695,108.65,108.67,179837,0
LQD.US,5,20260312,170000,108.67,108.7,108.66,108.675,801356,0
LQD.US,5,20260312,170500,108.675,108.71,108.64,108.65,1174665,0
LQD.US,5,20260312,171000,108.65,108.695,108.65,108.69,258638,0
LQD.US,5,20260312,171500,108.69,108.7022,108.675,108.695,218373,0
LQD.US,5,20260312,172000,108.6997,108.775,108.6987,108.715,309024,0
LQD.US,5,20260312,172500,108.715,108.72,108.65,108.67,469113,0
LQD.US,5,20260312,173000,108.67,108.7,108.625,108.685,285741,0
LQD.US,5,20260312,173500,108.685,108.745,108.675,108.73,288868,0
LQD.US,5,20260312,174000,108.73,108.745,108.71,108.74,691240,0
LQD.US,5,20260312,174500,108.73,108.76,108.72,108.76,577004,0
LQD.US,5,20260312,175000,108.755,108.7657,108.705,108.705,161379,0
LQD.US,5,20260312,175500,108.71,108.72,108.68,108.6901,247530,0
LQD.US,5,20260312,180000,108.69,108.79,108.685,108.78,432667,0
LQD.US,5,20260312,180500,108.785,108.83,108.7401,108.745,1885885,0
LQD.US,5,20260312,181000,108.745,108.76,108.73,108.735,627498,0
LQD.US,5,20260312,181500,108.735,108.74,108.7053,108.7053,302889,0
LQD.US,5,20260312,182000,108.7,108.74,108.69,108.705,223118,0
LQD.US,5,20260312,182500,108.705,108.74,108.685,108.695,243641,0
LQD.US,5,20260312,183000,108.7,108.73,108.695,108.715,118903,0
LQD.US,5,20260312,183500,108.715,108.755,108.715,108.73,927174,0
LQD.US,5,20260312,184000,108.73,108.74,108.6616,108.6616,263571,0
LQD.US,5,20260312,184500,108.6601,108.67,108.62,108.645,237842,0
LQD.US,5,20260312,185000,108.65,108.66,108.605,108.625,456543,0
LQD.US,5,20260312,185500,108.62,108.635,108.6,108.625,316858,0
LQD.US,5,20260312,190000,108.625,108.66,108.615,108.635,326747,0
LQD.US,5,20260312,190500,108.635,108.67,108.615,108.66,757627,0
LQD.US,5,20260312,191000,108.66,108.685,108.65,108.67,479920,0
LQD.US,5,20260312,191500,108.67,108.6867,108.6404,108.655,498411,0
LQD.US,5,20260312,192000,108.65,108.66,108.6,108.605,860763,0
LQD.US,5,20260312,192500,108.61,108.64,108.6,108.61,237074,0
LQD.US,5,20260312,193000,108.61,108.62,108.59,108.595,296044,0
LQD.US,5,20260312,193500,108.595,108.6,108.57,108.575,126718,0
LQD.US,5,20260312,194000,108.575,108.58,108.54,108.56,276028,0
LQD.US,5,20260312,194500,108.565,108.565,108.505,108.515,191571,0
LQD.US,5,20260312,195000,108.515,108.545,108.5,108.505,206454,0
LQD.US,5,20260312,195500,108.5,108.5,108.38,108.39,362789,0
LQD.US,5,20260312,200000,108.385,108.41,108.345,108.37,941058,0
LQD.US,5,20260312,200500,108.37,108.41,108.365,108.405,495428,0
LQD.US,5,20260312,201000,108.405,108.42,108.35,108.355,501279,0
LQD.US,5,20260312,201500,108.355,108.39,108.3543,108.385,443528,0
LQD.US,5,20260312,202000,108.38,108.4199,108.38,108.405,511945,0
LQD.US,5,20260312,202500,108.4,108.42,108.3782,108.405,255098,0
LQD.US,5,20260312,203000,108.4072,108.5,108.3938,108.5,1248659,0
LQD.US,5,20260312,203500,108.5,108.515,108.48,108.495,303177,0
LQD.US,5,20260312,204000,108.495,108.52,108.4801,108.495,232848,0
LQD.US,5,20260312,204500,108.5,108.545,108.48,108.54,1301609,0
LQD.US,5,20260312,205000,108.545,108.56,108.525,108.555,1682900,0
LQD.US,5,20260312,205500,108.555,108.58,108.52,108.56,3133231,0
LQD.US,5,20260313,143000,108.75,108.87,108.7284,108.86,1835385,0
LQD.US,5,20260313,143500,108.855,108.96,108.85,108.955,1172630,0
LQD.US,5,20260313,144000,108.955,108.96,108.905,108.9301,836033,0
LQD.US,5,20260313,144500,108.935,108.945,108.91,108.93,772624,0
LQD.US,5,20260313,145000,108.925,108.99,108.92,108.975,465435,0
LQD.US,5,20260313,145500,108.98,108.98,108.92,108.925,2769188,0
LQD.US,5,20260313,150000,108.925,108.94,108.835,108.885,1086862,0
LQD.US,5,20260313,150500,108.885,108.91,108.865,108.865,1240998,0
LQD.US,5,20260313,151000,108.865,108.89,108.855,108.8601,988747,0
LQD.US,5,20260313,151500,108.86,108.865,108.81,108.845,736678,0
LQD.US,5,20260313,152000,108.845,108.885,108.83,108.845,786741,0
LQD.US,5,20260313,152500,108.845,108.855,108.805,108.81,783242,0
LQD.US,5,20260313,153000,108.805,108.9,108.805,108.87,522362,0
LQD.US,5,20260313,153500,108.865,108.87,108.785,108.785,343032,0
LQD.US,5,20260313,154000,108.78,108.78,108.695,108.695,448392,0
LQD.US,5,20260313,154500,108.695,108.72,108.68,108.7075,988322,0
LQD.US,5,20260313,155000,108.705,108.735,108.675,108.675,521039,0
LQD.US,5,20260313,155500,108.675,108.685,108.585,108.585,1626750,0
LQD.US,5,20260313,160000,108.585,108.6,108.42,108.47,1266785,0
LQD.US,5,20260313,160500,108.47,108.5,108.45,108.49,892806,0
LQD.US,5,20260313,161000,108.48,108.48,108.4239,108.445,744188,0
LQD.US,5,20260313,161500,108.445,108.45,108.375,108.385,1182213,0
LQD.US,5,20260313,162000,108.385,108.415,108.33,108.34,384890,0
LQD.US,5,20260313,162500,108.335,108.36,108.31,108.3399,385329,0
LQD.US,5,20260313,163000,108.34,108.39,108.335,108.385,399643,0
LQD.US,5,20260313,163500,108.385,108.385,108.31,108.34,433348,0
LQD.US,5,20260313,164000,108.34,108.345,108.275,108.28,1857490,0
LQD.US,5,20260313,164500,108.28,108.345,108.235,108.285,380531,0
LQD.US,5,20260313,165000,108.285,108.305,108.2301,108.2566,347195,0
LQD.US,5,20260313,165500,108.255,108.255,108.21,108.21,421265,0
LQD.US,5,20260313,170000,108.205,108.245,108.195,108.23,938806,0
LQD.US,5,20260313,170500,108.23,108.245,108.19,108.215,604954,0
LQD.US,5,20260313,171000,108.21,108.22,108.18,108.205,374301,0
LQD.US,5,20260313,171500,108.2,108.225,108.175,108.205,526063,0
LQD.US,5,20260313,172000,108.21,108.25,108.2,108.225,998110,0
LQD.US,5,20260313,172500,108.225,108.24,108.19,108.19,660911,0
LQD.US,5,20260313,173000,108.195,108.205,108.165,108.18,1501163,0
LQD.US,5,20260313,173500,108.185,108.22,108.17,108.1815,456261,0
LQD.US,5,20260313,174000,108.18,108.19,108.13,108.135,468768,0
LQD.US,5,20260313,174500,108.135,108.16,108.13,108.155,364482,0
LQD.US,5,20260313,175000,108.155,108.185,108.155,108.185,246671,0
LQD.US,5,20260313,175500,108.18,108.185,108.135,108.15,333522,0
LQD.US,5,20260313,180000,108.155,108.175,108.12,108.12,376129,0
LQD.US,5,20260313,180500,108.125,108.14,108.1,108.11,420413,0
LQD.US,5,20260313,181000,108.115,108.145,108.09,108.14,108634,0
LQD.US,5,20260313,181500,108.15,108.18,108.15,108.175,301334,0
LQD.US,5,20260313,182000,108.17,108.18,108.14,108.18,243544,0
LQD.US,5,20260313,182500,108.18,108.18,108.155,108.1601,366733,0
LQD.US,5,20260313,183000,108.165,108.1998,108.14,108.17,400444,0
LQD.US,5,20260313,183500,108.1687,108.195,108.165,108.195,183147,0
LQD.US,5,20260313,184000,108.195,108.205,108.17,108.205,362877,0
LQD.US,5,20260313,184500,108.21,108.225,108.135,108.135,516588,0
LQD.US,5,20260313,185000,108.135,108.16,108.105,108.105,389081,0
LQD.US,5,20260313,185500,108.1,108.125,108.095,108.095,150912,0
LQD.US,5,20260313,190000,108.095,108.105,108.08,108.095,265834,0
LQD.US,5,20260313,190500,108.09,108.095,108.07,108.085,265898,0
LQD.US,5,20260313,191000,108.09,108.1,108.06,108.065,221334,0
LQD.US,5,20260313,191500,108.065,108.07,108.02,108.025,234980,0
LQD.US,5,20260313,192000,108.025,108.0561,108.02,108.055,160086,0
LQD.US,5,20260313,192500,108.055,108.065,108.035,108.055,225634,0
LQD.US,5,20260313,193000,108.055,108.105,108.0501,108.105,158500,0
LQD.US,5,20260313,193500,108.105,108.12,108.09,108.0997,240592,0
LQD.US,5,20260313,194000,108.1,108.15,108.09,108.15,200957,0
LQD.US,5,20260313,194500,108.14,108.1793,108.13,108.1715,204451,0
LQD.US,5,20260313,195000,108.17,108.195,108.15,108.1716,511116,0
LQD.US,5,20260313,195500,108.17,108.195,108.155,108.16,316803,0
LQD.US,5,20260313,200000,108.16,108.19,108.16,108.185,248696,0
LQD.US,5,20260313,200500,108.18,108.2,108.17,108.195,302148,0
LQD.US,5,20260313,201000,108.195,108.2169,108.1937,108.2,269883,0
LQD.US,5,20260313,201500,108.2,108.23,108.195,108.22,616508,0
LQD.US,5,20260313,202000,108.22,108.22,108.18,108.185,411120,0
LQD.US,5,20260313,202500,108.185,108.185,108.14,108.165,625548,0
LQD.US,5,20260313,203000,108.16,108.18,108.15,108.175,318108,0
LQD.US,5,20260313,203500,108.175,108.1899,108.16,108.165,193763,0
LQD.US,5,20260313,204000,108.165,108.17,108.13,108.16,727323,0
LQD.US,5,20260313,204500,108.165,108.17,108.13,108.155,381605,0
LQD.US,5,20260313,205000,108.16,108.175,108.1401,108.155,558050,0
LQD.US,5,20260313,205500,108.15,108.19,108.14,108.17,2691322,0
LQD.US,5,20260316,143000,108.74,108.865,108.74,108.785,560020,0
LQD.US,5,20260316,143500,108.78,108.825,108.775,108.82,1076048,0
LQD.US,5,20260316,144000,108.815,108.925,108.815,108.92,1162088,0
LQD.US,5,20260316,144500,108.92,108.96,108.92,108.94,1247755,0
LQD.US,5,20260316,145000,108.94,108.965,108.905,108.905,702133,0
LQD.US,5,20260316,145500,108.905,108.98,108.905,108.955,437089,0
LQD.US,5,20260316,150000,108.955,108.96,108.915,108.92,555734,0
LQD.US,5,20260316,150500,108.915,108.97,108.9,108.955,308004,0
LQD.US,5,20260316,151000,108.955,108.98,108.94,108.97,643733,0
LQD.US,5,20260316,151500,108.965,108.98,108.915,108.955,1103449,0
LQD.US,5,20260316,152000,108.95,109.01,108.95,108.995,626677,0
LQD.US,5,20260316,152500,109,109.03,108.995,109.015,451397,0
LQD.US,5,20260316,153000,109.015,109.015,108.89,108.9,989044,0
LQD.US,5,20260316,153500,108.89,108.895,108.82,108.84,908177,0
LQD.US,5,20260316,154000,108.845,108.86,108.81,108.82,815292,0
LQD.US,5,20260316,154500,108.82,108.845,108.775,108.805,274999,0
LQD.US,5,20260316,155000,108.8044,108.84,108.785,108.835,613068,0
LQD.US,5,20260316,155500,108.83,108.855,108.82,108.845,300891,0
LQD.US,5,20260316,160000,108.85,108.855,108.82,108.825,175000,0
LQD.US,5,20260316,160500,108.825,108.825,108.784,108.81,297119,0
LQD.US,5,20260316,161000,108.81,108.81,108.77,108.785,369833,0
LQD.US,5,20260316,161500,108.785,108.8,108.755,108.79,118333,0
LQD.US,5,20260316,162000,108.795,108.8,108.775,108.79,175256,0
LQD.US,5,20260316,162500,108.7955,108.845,108.78,108.845,895314,0
LQD.US,5,20260316,163000,108.845,108.87,108.835,108.865,365488,0
LQD.US,5,20260316,163500,108.865,108.89,108.86,108.865,160568,0
LQD.US,5,20260316,164000,108.865,108.88,108.85,108.865,174791,0
LQD.US,5,20260316,164500,108.87,108.9,108.86,108.8901,345481,0
LQD.US,5,20260316,165000,108.89,108.9,108.81,108.815,1680101,0
LQD.US,5,20260316,165500,108.815,108.815,108.72,108.745,1667719,0
LQD.US,5,20260316,170000,108.74,108.77,108.63,108.665,2624788,0
LQD.US,5,20260316,170500,108.67,108.71,108.665,108.6699,1121116,0
LQD.US,5,20260316,171000,108.67,108.69,108.6501,108.66,1602301,0
LQD.US,5,20260316,171500,108.66,108.69,108.65,108.675,2332483,0
LQD.US,5,20260316,172000,108.675,108.675,108.58,108.585,1766954,0
LQD.US,5,20260316,172500,108.58,108.64,108.56,108.6,951930,0
LQD.US,5,20260316,173000,108.6,108.615,108.56,108.595,1130544,0
LQD.US,5,20260316,173500,108.595,108.655,108.59,108.655,1626524,0
LQD.US,5,20260316,174000,108.65,108.705,108.65,108.665,291830,0
LQD.US,5,20260316,174500,108.665,108.675,108.63,108.661,228296,0
LQD.US,5,20260316,175000,108.665,108.665,108.63,108.635,321870,0
LQD.US,5,20260316,175500,108.635,108.635,108.6,108.6116,96816,0
LQD.US,5,20260316,180000,108.615,108.68,108.6,108.615,586632,0
LQD.US,5,20260316,180500,108.615,108.635,108.605,108.62,894000,0
LQD.US,5,20260316,181000,108.615,108.66,108.615,108.65,232493,0
LQD.US,5,20260316,181500,108.65,108.67,108.62,108.645,260846,0
LQD.US,5,20260316,182000,108.645,108.685,108.64,108.65,391177,0
LQD.US,5,20260316,182500,108.645,108.67,108.64,108.655,465016,0
LQD.US,5,20260316,183000,108.65,108.665,108.645,108.655,313857,0
LQD.US,5,20260316,183500,108.65,108.67,108.63,108.64,331032,0
LQD.US,5,20260316,184000,108.64,108.68,108.635,108.64,339936,0
LQD.US,5,20260316,184500,108.65,108.695,108.65,108.66,130638,0
LQD.US,5,20260316,185000,108.655,108.655,108.64,108.645,474789,0
LQD.US,5,20260316,185500,108.64,108.65,108.63,108.635,466660,0
LQD.US,5,20260316,190000,108.635,108.66,108.63,108.645,628600,0
LQD.US,5,20260316,190500,108.65,108.665,108.63,108.645,1178161,0
LQD.US,5,20260316,191000,108.65,108.66,108.61,108.6283,1517300,0
LQD.US,5,20260316,191500,108.63,108.68,108.63,108.65,415211,0
LQD.US,5,20260316,192000,108.645,108.665,108.63,108.66,155838,0
LQD.US,5,20260316,192500,108.66,108.695,108.65,108.695,282977,0
LQD.US,5,20260316,193000,108.695,108.71,108.6694,108.705,1030977,0
LQD.US,5,20260316,193500,108.705,108.765,108.695,108.75,763992,0
LQD.US,5,20260316,194000,108.745,108.77,108.745,108.765,1514808,0
LQD.US,5,20260316,194500,108.765,108.78,108.75,108.75,393815,0
LQD.US,5,20260316,195000,108.7511,108.775,108.75,108.765,726214,0
LQD.US,5,20260316,195500,108.765,108.82,108.76,108.7997,612659,0
LQD.US,5,20260316,200000,108.79,108.81,108.775,108.8034,575788,0
LQD.US,5,20260316,200500,108.81,108.835,108.79,108.835,1321724,0
LQD.US,5,20260316,201000,108.835,108.855,108.79,108.79,1127307,0
LQD.US,5,20260316,201500,108.79,108.8,108.745,108.755,2342497,0
LQD.US,5,20260316,202000,108.755,108.79,108.73,108.77,532004,0
LQD.US,5,20260316,202500,108.77,108.78,108.75,108.765,352761,0
LQD.US,5,20260316,203000,108.76,108.78,108.74,108.74,683452,0
LQD.US,5,20260316,203500,108.745,108.75,108.74,108.745,383250,0
LQD.US,5,20260316,204000,108.7401,108.76,108.73,108.73,1284361,0
LQD.US,5,20260316,204500,108.74,108.74,108.7,108.715,766562,0
LQD.US,5,20260316,205000,108.715,108.72,108.675,108.685,1528660,0
LQD.US,5,20260316,205500,108.685,108.73,108.66,108.69,3994965,0
LQD.US,5,20260317,143000,108.99,109.14,108.99,109.135,1958980,0
LQD.US,5,20260317,143500,109.13,109.15,109.11,109.145,1170836,0
LQD.US,5,20260317,144000,109.145,109.15,109.11,109.115,848692,0
LQD.US,5,20260317,144500,109.115,109.12,109.1,109.105,729153,0
LQD.US,5,20260317,145000,109.105,109.12,109.065,109.12,1107029,0
LQD.US,5,20260317,145500,109.115,109.17,109.11,109.16,545325,0
LQD.US,5,20260317,150000,109.16,109.17,109.13,109.145,748456,0
LQD.US,5,20260317,150500,109.145,109.22,109.14,109.205,439754,0
LQD.US,5,20260317,151000,109.2,109.2099,109.14,109.165,1496546,0
LQD.US,5,20260317,151500,109.165,109.18,109.105,109.125,863585,0
LQD.US,5,20260317,152000,109.125,109.17,109.12,109.17,368029,0
LQD.US,5,20260317,152500,109.165,109.166,109.085,109.0999,922224,0
LQD.US,5,20260317,153000,109.1,109.12,109.07,109.12,577383,0
LQD.US,5,20260317,153500,109.12,109.145,109.11,109.125,1684306,0
LQD.US,5,20260317,154000,109.13,109.175,109.12,109.165,179372,0
LQD.US,5,20260317,154500,109.165,109.235,109.165,109.225,512564,0
LQD.US,5,20260317,155000,109.225,109.245,109.2,109.205,564046,0
LQD.US,5,20260317,155500,109.205,109.235,109.2003,109.215,1084030,0
LQD.US,5,20260317,160000,109.215,109.2299,109.2,109.205,326597,0
LQD.US,5,20260317,160500,109.21,109.22,109.18,109.185,452467,0
LQD.US,5,20260317,161000,109.19,109.21,109.175,109.185,131841,0
LQD.US,5,20260317,161500,109.185,109.245,109.185,109.235,372723,0
LQD.US,5,20260317,162000,109.235,109.27,109.225,109.245,163267,0
LQD.US,5,20260317,162500,109.25,109.275,109.225,109.228,318291,0
LQD.US,5,20260317,163000,109.23,109.245,109.16,109.165,836950,0
LQD.US,5,20260317,163500,109.165,109.17,109.145,109.145,918420,0
LQD.US,5,20260317,164000,109.145,109.175,109.14,109.175,1262142,0
LQD.US,5,20260317,164500,109.175,109.19,109.14,109.16,446634,0
LQD.US,5,20260317,165000,109.165,109.19,109.16,109.175,835040,0
LQD.US,5,20260317,165500,109.175,109.18,109.16,109.175,776371,0
LQD.US,5,20260317,170000,109.17,109.175,109.12,109.125,651974,0
LQD.US,5,20260317,170500,109.12,109.16,109.095,109.12,374542,0
LQD.US,5,20260317,171000,109.13,109.18,109.125,109.145,282225,0
LQD.US,5,20260317,171500,109.145,109.205,109.135,109.2,212177,0
LQD.US,5,20260317,172000,109.1999,109.2299,109.185,109.215,238126,0
LQD.US,5,20260317,172500,109.22,109.2351,109.19,109.23,421974,0
LQD.US,5,20260317,173000,109.22,109.245,109.2,109.225,208252,0
LQD.US,5,20260317,173500,109.225,109.235,109.175,109.175,130075,0
LQD.US,5,20260317,174000,109.175,109.21,109.155,109.205,827838,0
LQD.US,5,20260317,174500,109.205,109.22,109.19,109.20428,344934,0
LQD.US,5,20260317,175000,109.2099,109.22,109.2,109.205,171308,0
LQD.US,5,20260317,175500,109.205,109.205,109.19,109.205,119232,0
LQD.US,5,20260317,180000,109.2,109.265,109.2,109.255,401440,0
LQD.US,5,20260317,180500,109.255,109.265,109.24,109.26,189048,0
LQD.US,5,20260317,181000,109.265,109.265,109.23,109.24,129447,0
LQD.US,5,20260317,181500,109.24,109.255,109.22,109.235,827107,0
LQD.US,5,20260317,182000,109.235,109.26,109.225,109.245,262836,0
LQD.US,5,20260317,182500,109.24,109.26,109.22,109.25,76812,0
LQD.US,5,20260317,183000,109.25,109.275,109.24,109.265,226917,0
LQD.US,5,20260317,183500,109.27,109.285,109.26,109.275,209131,0
LQD.US,5,20260317,184000,109.2713,109.2723,109.22,109.225,359477,0
LQD.US,5,20260317,184500,109.225,109.24,109.22,109.23,108256,0
LQD.US,5,20260317,185000,109.22,109.24,109.22,109.24,61639,0
LQD.US,5,20260317,185500,109.235,109.255,109.23,109.245,127940,0
LQD.US,5,20260317,190000,109.25,109.265,109.21,109.265,1511085,0
LQD.US,5,20260317,190500,109.26,109.32,109.26,109.295,3151555,0
LQD.US,5,20260317,191000,109.29,109.295,109.275,109.275,221457,0
LQD.US,5,20260317,191500,109.275,109.28,109.255,109.27,331731,0
LQD.US,5,20260317,192000,109.27,109.28,109.24,109.245,242568,0
LQD.US,5,20260317,192500,109.24,109.25,109.22,109.22,239619,0
LQD.US,5,20260317,193000,109.22,109.24,109.21,109.235,576099,0
LQD.US,5,20260317,193500,109.235,109.235,109.22,109.225,429126,0
LQD.US,5,20260317,194000,109.225,109.2279,109.215,109.225,119712,0
LQD.US,5,20260317,194500,109.225,109.265,109.22,109.255,222545,0
LQD.US,5,20260317,195000,109.255,109.29,109.254,109.29,464286,0
LQD.US,5,20260317,195500,109.29,109.32,109.28,109.285,1030630,0
LQD.US,5,20260317,200000,109.28,109.29,109.265,109.285,327429,0
LQD.US,5,20260317,200500,109.285,109.29,109.28,109.285,416539,0
LQD.US,5,20260317,201000,109.29,109.31,109.29,109.295,515100,0
LQD.US,5,20260317,201500,109.295,109.33,109.295,109.325,801314,0
LQD.US,5,20260317,202000,109.325,109.33,109.295,109.295,279117,0
LQD.US,5,20260317,202500,109.295,109.295,109.28,109.285,2056134,0
LQD.US,5,20260317,203000,109.285,109.3,109.275,109.275,421318,0
LQD.US,5,20260317,203500,109.275,109.285,109.27,109.275,434426,0
LQD.US,5,20260317,204000,109.27,109.29,109.265,109.285,871951,0
LQD.US,5,20260317,204500,109.285,109.3,109.28,109.295,1173798,0
LQD.US,5,20260317,205000,109.295,109.33,109.28,109.3194,1763527,0
LQD.US,5,20260317,205500,109.3195,109.33,109.3,109.3,2049545,0
LQD.US,5,20260318,143000,109.14,109.15,109.075,109.105,918862,0
LQD.US,5,20260318,143500,109.105,109.145,109.08,109.135,1062780,0
LQD.US,5,20260318,144000,109.135,109.17,109.105,109.105,432187,0
LQD.US,5,20260318,144500,109.105,109.16,109.09,109.125,819846,0
LQD.US,5,20260318,145000,109.125,109.125,109.08,109.095,499354,0
LQD.US,5,20260318,145500,109.1,109.13,109.08,109.12,451749,0
LQD.US,5,20260318,150000,109.12,109.21,109.11,109.19,1574556,0
LQD.US,5,20260318,150500,109.19,109.2265,109.17,109.2201,6213376,0
LQD.US,5,20260318,151000,109.23,109.23,109.095,109.105,501692,0
LQD.US,5,20260318,151500,109.105,109.12,109.08,109.11,1143305,0
LQD.US,5,20260318,152000,109.11,109.13,109.095,109.11,342506,0
LQD.US,5,20260318,152500,109.11,109.12,109.06,109.08,1098639,0
LQD.US,5,20260318,153000,109.07,109.1,109.055,109.055,1785508,0
LQD.US,5,20260318,153500,109.055,109.1,109.055,109.09,305085,0
LQD.US,5,20260318,154000,109.09,109.09,109.02,109.05,414919,0
LQD.US,5,20260318,154500,109.05,109.08,109.0499,109.065,818322,0
LQD.US,5,20260318,155000,109.065,109.12,109.065,109.105,566822,0
LQD.US,5,20260318,155500,109.109,109.15,109.1,109.145,235022,0
LQD.US,5,20260318,160000,109.145,109.185,109.12,109.125,554184,0
LQD.US,5,20260318,160500,109.125,109.21,109.11,109.205,769832,0
LQD.US,5,20260318,161000,109.205,109.22,109.18,109.19,802185,0
LQD.US,5,20260318,161500,109.2,109.2,109.17,109.175,964143,0
LQD.US,5,20260318,162000,109.175,109.18,109.145,109.165,1098536,0
LQD.US,5,20260318,162500,109.165,109.18,109.16,109.165,833644,0
LQD.US,5,20260318,163000,109.16,109.19,109.16,109.175,383017,0
LQD.US,5,20260318,163500,109.175,109.205,109.155,109.19,267468,0
LQD.US,5,20260318,164000,109.19,109.21,109.175,109.18,1581809,0
LQD.US,5,20260318,164500,109.175,109.175,109.14,109.145,902367,0
LQD.US,5,20260318,165000,109.145,109.19,109.13,109.185,218527,0
LQD.US,5,20260318,165500,109.185,109.215,109.185,109.2,283767,0
LQD.US,5,20260318,170000,109.199,109.205,109.17,109.2,67732,0
LQD.US,5,20260318,170500,109.2,109.205,109.17,109.17,128841,0
LQD.US,5,20260318,171000,109.17,109.19,109.15,109.1817,639129,0
LQD.US,5,20260318,171500,109.18,109.2,109.16,109.19,318658,0
LQD.US,5,20260318,172000,109.195,109.25,109.195,109.2484,55038,0
LQD.US,5,20260318,172500,109.2401,109.25,109.23,109.235,97987,0
LQD.US,5,20260318,173000,109.235,109.245,109.185,109.2,257222,0
LQD.US,5,20260318,173500,109.2,109.22,109.16,109.2,845135,0
LQD.US,5,20260318,174000,109.205,109.22,109.19,109.195,175275,0
LQD.US,5,20260318,174500,109.195,109.2,109.185,109.2,93332,0
LQD.US,5,20260318,175000,109.2,109.22,109.19,109.2002,214549,0
LQD.US,5,20260318,175500,109.2001,109.225,109.1923,109.215,127844,0
LQD.US,5,20260318,180000,109.215,109.215,109.18,109.185,191127,0
LQD.US,5,20260318,180500,109.185,109.19,109.145,109.145,131968,0
LQD.US,5,20260318,181000,109.145,109.15,109.12,109.13,126299,0
LQD.US,5,20260318,181500,109.13,109.155,109.11,109.145,232233,0
LQD.US,5,20260318,182000,109.145,109.1599,109.14,109.15,61093,0
LQD.US,5,20260318,182500,109.15,109.15,109.11,109.12,206347,0
LQD.US,5,20260318,183000,109.13,109.18,109.13,109.18,296135,0
LQD.US,5,20260318,183500,109.185,109.1925,109.175,109.175,272448,0
LQD.US,5,20260318,184000,109.175,109.18,109.16,109.165,214141,0
LQD.US,5,20260318,184500,109.165,109.205,109.165,109.18,149076,0
LQD.US,5,20260318,185000,109.175,109.215,109.175,109.215,82811,0
LQD.US,5,20260318,185500,109.215,109.23,109.185,109.21,171356,0
LQD.US,5,20260318,190000,109.21,109.315,109.2,109.305,290618,0
LQD.US,5,20260318,190500,109.3,109.32,109.25,109.275,411725,0
LQD.US,5,20260318,191000,109.275,109.305,109.25,109.305,544147,0
LQD.US,5,20260318,191500,109.31,109.31,109.22,109.245,456996,0
LQD.US,5,20260318,192000,109.25,109.275,109.25,109.27,71045,0
LQD.US,5,20260318,192500,109.27,109.31,109.265,109.3,220769,0
LQD.US,5,20260318,193000,109.295,109.315,109.19,109.205,362993,0
LQD.US,5,20260318,193500,109.21,109.23,109.09,109.09,470004,0
LQD.US,5,20260318,194000,109.09,109.12,109.055,109.06,443928,0
LQD.US,5,20260318,194500,109.06,109.07,109.02,109.035,566879,0
LQD.US,5,20260318,195000,109.03,109.03,108.895,108.92,676939,0
LQD.US,5,20260318,195500,108.91,108.925,108.82,108.84,1551130,0
LQD.US,5,20260318,200000,108.835,108.93,108.81,108.915,1765930,0
LQD.US,5,20260318,200500,108.915,108.97,108.915,108.97,303217,0
LQD.US,5,20260318,201000,108.96,108.96,108.88,108.905,795666,0
LQD.US,5,20260318,201500,108.905,108.92,108.865,108.865,177692,0
LQD.US,5,20260318,202000,108.865,108.89,108.835,108.855,324277,0
LQD.US,5,20260318,202500,108.855,108.855,108.81,108.835,1675860,0
LQD.US,5,20260318,203000,108.835,108.88,108.83,108.88,1006191,0
LQD.US,5,20260318,203500,108.87,108.9,108.835,108.855,1391094,0
LQD.US,5,20260318,204000,108.85,108.855,108.79,108.8,310670,0
LQD.US,5,20260318,204500,108.8,108.82,108.78,108.815,1146152,0
LQD.US,5,20260318,205000,108.82,108.825,108.765,108.765,2225844,0
LQD.US,5,20260318,205500,108.765,108.77,108.705,108.71,4085948,0
LQD.US,5,20260319,143000,108.35,108.4,108.335,108.395,1577749,0
LQD.US,5,20260319,143500,108.395,108.42,108.355,108.375,2752840,0
LQD.US,5,20260319,144000,108.375,108.525,108.37,108.485,1501471,0
LQD.US,5,20260319,144500,108.485,108.485,108.4,108.45,534316,0
LQD.US,5,20260319,145000,108.44,108.61,108.44,108.59,908983,0
LQD.US,5,20260319,145500,108.595,108.65,108.57,108.645,705406,0
LQD.US,5,20260319,150000,108.65,108.735,108.65,108.675,723491,0
LQD.US,5,20260319,150500,108.67,108.76,108.66,108.755,988581,0
LQD.US,5,20260319,151000,108.755,108.8,108.725,108.735,1054194,0
LQD.US,5,20260319,151500,108.74,108.74,108.64,108.675,816974,0
LQD.US,5,20260319,152000,108.675,108.7,108.605,108.63,743266,0
LQD.US,5,20260319,152500,108.625,108.645,108.565,108.6099,795748,0
LQD.US,5,20260319,153000,108.605,108.715,108.585,108.715,891069,0
LQD.US,5,20260319,153500,108.71,108.75,108.7,108.7499,916688,0
LQD.US,5,20260319,154000,108.74,108.785,108.73,108.756,747612,0
LQD.US,5,20260319,154500,108.76,108.8097,108.735,108.785,498892,0
LQD.US,5,20260319,155000,108.785,108.8,108.755,108.76,215220,0
LQD.US,5,20260319,155500,108.755,108.79,108.715,108.78,950740,0
LQD.US,5,20260319,160000,108.78,108.87,108.77,108.87,726826,0
LQD.US,5,20260319,160500,108.8687,108.91,108.845,108.88,1210349,0
LQD.US,5,20260319,161000,108.88,108.905,108.85,108.9,721016,0
LQD.US,5,20260319,161500,108.905,108.905,108.82,108.82,479262,0
LQD.US,5,20260319,162000,108.825,108.84,108.8,108.805,598025,0
LQD.US,5,20260319,162500,108.805,108.83,108.785,108.815,438673,0
LQD.US,5,20260319,163000,108.81,108.82,108.755,108.765,571218,0
LQD.US,5,20260319,163500,108.765,108.8,108.75,108.785,347562,0
LQD.US,5,20260319,164000,108.79,108.81,108.775,108.775,537777,0
LQD.US,5,20260319,164500,108.775,108.84,108.75,108.83,220152,0
LQD.US,5,20260319,165000,108.83,108.86,108.81,108.835,268881,0
LQD.US,5,20260319,165500,108.835,108.905,108.835,108.9,347153,0
LQD.US,5,20260319,170000,108.91,108.985,108.88,108.975,249222,0
LQD.US,5,20260319,170500,108.975,109.02,108.97,109,736716,0
LQD.US,5,20260319,171000,108.995,109.005,108.86,108.92,485538,0
LQD.US,5,20260319,171500,108.925,108.94583,108.875,108.915,490668,0
LQD.US,5,20260319,172000,108.915,108.925,108.865,108.885,208628,0
LQD.US,5,20260319,172500,108.88,108.95,108.88,108.94,673660,0
LQD.US,5,20260319,173000,108.94,108.965,108.9,108.915,226011,0
LQD.US,5,20260319,173500,108.915,108.97,108.9,108.96,547464,0
LQD.US,5,20260319,174000,108.965,108.985,108.905,108.935,562182,0
LQD.US,5,20260319,174500,108.93,108.94,108.9,108.919,349978,0
LQD.US,5,20260319,175000,108.92,108.925,108.875,108.925,530324,0
LQD.US,5,20260319,175500,108.925,108.93,108.895,108.93,415440,0
LQD.US,5,20260319,180000,108.9201,108.9206,108.805,108.805,535961,0
LQD.US,5,20260319,180500,108.805,108.81,108.745,108.76,1208466,0
LQD.US,5,20260319,181000,108.755,108.795,108.745,108.775,316216,0
LQD.US,5,20260319,181500,108.775,108.83,108.77,108.815,478931,0
LQD.US,5,20260319,182000,108.815,108.85,108.785,108.83,519023,0
LQD.US,5,20260319,182500,108.83,108.885,108.8,108.855,330001,0
LQD.US,5,20260319,183000,108.855,108.89,108.835,108.845,621155,0
LQD.US,5,20260319,183500,108.845,108.865,108.82,108.825,604994,0
LQD.US,5,20260319,184000,108.825,108.865,108.81,108.845,425020,0
LQD.US,5,20260319,184500,108.845,108.87,108.84,108.86,262481,0
LQD.US,5,20260319,185000,108.865,108.93,108.865,108.91,87471,0
LQD.US,5,20260319,185500,108.91,108.93,108.885,108.885,657616,0
LQD.US,5,20260319,190000,108.88,108.885,108.81,108.825,515135,0
LQD.US,5,20260319,190500,108.825,108.85,108.815,108.845,321481,0
LQD.US,5,20260319,191000,108.8499,108.89,108.845,108.8703,130507,0
LQD.US,5,20260319,191500,108.875,108.9,108.85,108.87,162116,0
LQD.US,5,20260319,192000,108.87,108.9157,108.85,108.905,196053,0
LQD.US,5,20260319,192500,108.905,108.92,108.86,108.865,439279,0
LQD.US,5,20260319,193000,108.865,108.87,108.84,108.86,248601,0
LQD.US,5,20260319,193500,108.865,108.87,108.825,108.83,108062,0
LQD.US,5,20260319,194000,108.84,108.845,108.825,108.835,68299,0
LQD.US,5,20260319,194500,108.835,108.885,108.835,108.875,356090,0
LQD.US,5,20260319,195000,108.875,108.91,108.875,108.895,392917,0
LQD.US,5,20260319,195500,108.895,108.94,108.875,108.925,621982,0
LQD.US,5,20260319,200000,108.92,109.12,108.915,109.105,1322653,0
LQD.US,5,20260319,200500,109.11,109.3244,109.11,109.27,2547004,0
LQD.US,5,20260319,201000,109.275,109.345,109.24,109.3,1032384,0
LQD.US,5,20260319,201500,109.3,109.345,109.28,109.33,659391,0
LQD.US,5,20260319,202000,109.32,109.32,109.205,109.215,1120731,0
LQD.US,5,20260319,202500,109.215,109.215,109.14,109.185,614862,0
LQD.US,5,20260319,203000,109.185,109.2201,109.16,109.185,359008,0
LQD.US,5,20260319,203500,109.19,109.19,109.14,109.185,857652,0
LQD.US,5,20260319,204000,109.185,109.2099,109.16,109.185,279287,0
LQD.US,5,20260319,204500,109.185,109.22,109.165,109.185,648375,0
LQD.US,5,20260319,205000,109.18,109.2,109.17,109.195,1445957,0
LQD.US,5,20260319,205500,109.195,109.24,109.185,109.21,1988421,0
LQD.US,5,20260320,143000,108.69,108.75,108.67,108.735,571600,0
LQD.US,5,20260320,143500,108.735,108.785,108.72,108.735,946789,0
LQD.US,5,20260320,144000,108.735,108.795,108.735,108.78,910687,0
LQD.US,5,20260320,144500,108.79,108.79,108.72,108.725,759574,0
LQD.US,5,20260320,145000,108.72,108.725,108.64,108.645,594722,0
LQD.US,5,20260320,145500,108.645,108.655,108.49,108.49,958667,0
LQD.US,5,20260320,150000,108.49,108.51,108.42,108.43,1070510,0
LQD.US,5,20260320,150500,108.43,108.485,108.39,108.4,763027,0
LQD.US,5,20260320,151000,108.4,108.415,108.32,108.32,818473,0
LQD.US,5,20260320,151500,108.325,108.36,108.3,108.345,1262180,0
LQD.US,5,20260320,152000,108.345,108.365,108.275,108.2948,969401,0
LQD.US,5,20260320,152500,108.29,108.315,108.24,108.25,421171,0
LQD.US,5,20260320,153000,108.25,108.265,108.2,108.21,1298433,0
LQD.US,5,20260320,153500,108.215,108.25,108.14,108.145,390500,0
LQD.US,5,20260320,154000,108.145,108.1462,108.07,108.075,1040540,0
LQD.US,5,20260320,154500,108.075,108.12,108.055,108.07,742692,0
LQD.US,5,20260320,155000,108.065,108.065,108,108,585479,0
LQD.US,5,20260320,155500,108.005,108.0651,107.985,108.04,714569,0
LQD.US,5,20260320,160000,108.055,108.11,108.025,108.055,943774,0
LQD.US,5,20260320,160500,108.055,108.1,108.04,108.065,1230248,0
LQD.US,5,20260320,161000,108.06,108.13,108.05,108.1225,652004,0
LQD.US,5,20260320,161500,108.125,108.14,108.01,108.015,1023976,0
LQD.US,5,20260320,162000,108.015,108.115,107.985,108.05,1238809,0
LQD.US,5,20260320,162500,108.055,108.055,107.955,107.98,1789421,0
LQD.US,5,20260320,163000,107.9899,108.0699,107.975,108.055,555944,0
LQD.US,5,20260320,163500,108.055,108.085,108.0101,108.049,461624,0
LQD.US,5,20260320,164000,108.04,108.08,108.025,108.06,617262,0
LQD.US,5,20260320,164500,108.07,108.1099,108.025,108.095,217345,0
LQD.US,5,20260320,165000,108.095,108.12,108.0511,108.115,337336,0
LQD.US,5,20260320,165500,108.115,108.21,108.11,108.195,916803,0
LQD.US,5,20260320,170000,108.195,108.275,108.195,108.275,726150,0
LQD.US,5,20260320,170500,108.275,108.275,108.195,108.23,459180,0
LQD.US,5,20260320,171000,108.23,108.275,108.215,108.265,238326,0
LQD.US,5,20260320,171500,108.265,108.265,108.205,108.265,984239,0
LQD.US,5,20260320,172000,108.265,108.29,108.23,108.24,274725,0
LQD.US,5,20260320,172500,108.245,108.245,108.16,108.17,337657,0
LQD.US,5,20260320,173000,108.17,108.17,108.11,108.14,286002,0
LQD.US,5,20260320,173500,108.145,108.1801,108.115,108.14,304857,0
LQD.US,5,20260320,174000,108.1399,108.16,108.11,108.16,147198,0
LQD.US,5,20260320,174500,108.16,108.16,108.085,108.1001,247288,0
LQD.US,5,20260320,175000,108.1,108.15,108.08,108.135,204670,0
LQD.US,5,20260320,175500,108.135,108.19,108.135,108.1759,498783,0
LQD.US,5,20260320,180000,108.18,108.185,108.145,108.165,179453,0
LQD.US,5,20260320,180500,108.16,108.195,108.075,108.19,902878,0
LQD.US,5,20260320,181000,108.19,108.21,108.15,108.165,468911,0
LQD.US,5,20260320,181500,108.165,108.205,108.155,108.2,488745,0
LQD.US,5,20260320,182000,108.205,108.255,108.19,108.225,165269,0
LQD.US,5,20260320,182500,108.225,108.23,108.195,108.219,596815,0
LQD.US,5,20260320,183000,108.22,108.2355,108.155,108.17,243624,0
LQD.US,5,20260320,183500,108.175,108.19,108.1298,108.175,377757,0
LQD.US,5,20260320,184000,108.175,108.195,108.17,108.17,194779,0
LQD.US,5,20260320,184500,108.175,108.175,108.12,108.145,430393,0
LQD.US,5,20260320,185000,108.14,108.18,108.14,108.15,862425,0
LQD.US,5,20260320,185500,108.145,108.17,108.135,108.15,369851,0
LQD.US,5,20260320,190000,108.15,108.215,108.15,108.17,397297,0
LQD.US,5,20260320,190500,108.17,108.2,108.165,108.18,404293,0
LQD.US,5,20260320,191000,108.185,108.185,108.15,108.15,450195,0
LQD.US,5,20260320,191500,108.15,108.15,108.095,108.115,1196942,0
LQD.US,5,20260320,192000,108.12,108.1399,107.975,107.98,1350473,0
LQD.US,5,20260320,192500,107.99,108.005,107.95,107.965,626420,0
LQD.US,5,20260320,193000,107.965,107.995,107.935,107.94,307045,0
LQD.US,5,20260320,193500,107.945,107.955,107.9,107.935,970596,0
LQD.US,5,20260320,194000,107.935,107.935,107.87,107.89,648544,0
LQD.US,5,20260320,194500,107.89,107.94,107.87,107.925,696003,0
LQD.US,5,20260320,195000,107.925,107.95,107.89,107.91,474134,0
LQD.US,5,20260320,195500,107.91,107.93,107.89,107.925,819401,0
LQD.US,5,20260320,200000,107.93,107.98,107.93,107.9351,1099119,0
LQD.US,5,20260320,200500,107.935,107.935,107.89,107.905,301731,0
LQD.US,5,20260320,201000,107.905,107.93,107.88,107.895,1152798,0
LQD.US,5,20260320,201500,107.895,107.91,107.85,107.8599,513391,0
LQD.US,5,20260320,202000,107.855,107.88,107.795,107.795,2337790,0
LQD.US,5,20260320,202500,107.8,107.815,107.76,107.795,1081293,0
LQD.US,5,20260320,203000,107.795,107.855,107.79,107.845,794556,0
LQD.US,5,20260320,203500,107.845,107.845,107.75,107.785,1107935,0
LQD.US,5,20260320,204000,107.785,107.915,107.785,107.905,859743,0
LQD.US,5,20260320,204500,107.905,107.92,107.87,107.8715,946630,0
LQD.US,5,20260320,205000,107.87,107.8999,107.85,107.865,1566499,0
LQD.US,5,20260320,205500,107.865,107.885,107.78,107.84,2846628,0
