<TICKER>,<PER>,<DATE>,<TIME>,<OPEN>,<HIGH>,<LOW>,<CLOSE>,<VOL>,<OPENINT>
QQQ.US,5,20251027,143000,624.52,625.53,624.48,624.689,1426832,0
QQQ.US,5,20251027,143500,624.69,625.17,624.03,625.06,976765,0
QQQ.US,5,20251027,144000,625.0616,625.2601,624.425,625.06,565162,0
QQQ.US,5,20251027,144500,625.05,625.27,624.71,624.905,520119,0
QQQ.US,5,20251027,145000,624.92,625.16,624.36,625.115,519434,0
QQQ.US,5,20251027,145500,625.115,625.44,624.96,625.3,469109,0
QQQ.US,5,20251027,150000,625.3,625.94,625.155,625.71,780498,0
QQQ.US,5,20251027,150500,625.71,625.91,625.62,625.76,454251,0
QQQ.US,5,20251027,151000,625.73,625.74,625.28,625.565,451455,0
QQQ.US,5,20251027,151500,625.57,625.695,624.89,624.95,426421,0
QQQ.US,5,20251027,152000,624.94,625.21,624.7,625.01,362951,0
QQQ.US,5,20251027,152500,625.01,625.8,624.89,625.79,415421,0
QQQ.US,5,20251027,153000,625.795,626.065,625.53,625.92,511225,0
QQQ.US,5,20251027,153500,625.9,626.23,625.855,626.095,506178,0
QQQ.US,5,20251027,154000,626.09,626.29,626.035,626.27,275365,0
QQQ.US,5,20251027,154500,626.28,626.34,625.7802,625.96,501597,0
QQQ.US,5,20251027,155000,625.96,625.97,625.58,625.77,326464,0
QQQ.US,5,20251027,155500,625.765,626.01,625.39,625.54,281227,0
QQQ.US,5,20251027,160000,625.54,626.26,625.48,626.045,343139,0
QQQ.US,5,20251027,160500,626.04,626.275,625.91,626.01,388568,0
QQQ.US,5,20251027,161000,626,626.43,625.99,626.39,310685,0
QQQ.US,5,20251027,161500,626.39,626.44,626.16,626.195,400861,0
QQQ.US,5,20251027,162000,626.2,626.37,625.95,626.37,381862,0
QQQ.US,5,20251027,162500,626.37,626.58,626.3,626.5,350625,0
QQQ.US,5,20251027,163000,626.51,626.6399,626.4432,626.535,274051,0
QQQ.US,5,20251027,163500,626.54,626.65,626.385,626.495,238963,0
QQQ.US,5,20251027,164000,626.485,626.75,626.48,626.745,350858,0
QQQ.US,5,20251027,164500,626.74,626.74,626.49,626.66,288302,0
QQQ.US,5,20251027,165000,626.67,626.68,626.31,626.36,379174,0
QQQ.US,5,20251027,165500,626.355,626.55,626.29,626.39,237648,0
QQQ.US,5,20251027,170000,626.41,626.72,626.31,626.71,382327,0
QQQ.US,5,20251027,170500,626.72,626.81,626.54,626.745,427984,0
QQQ.US,5,20251027,171000,626.75,626.83,626.6601,626.74,215360,0
QQQ.US,5,20251027,171500,626.74,626.765,626.565,626.57,224260,0
QQQ.US,5,20251027,172000,626.58,626.75,626.5,626.68,331970,0
QQQ.US,5,20251027,172500,626.69,626.695,626.6001,626.6246,234136,0
QQQ.US,5,20251027,173000,626.64,626.795,626.64,626.77,296284,0
QQQ.US,5,20251027,173500,626.77,626.91,626.635,626.65,250811,0
QQQ.US,5,20251027,174000,626.67,626.795,626.6,626.7099,178811,0
QQQ.US,5,20251027,174500,626.705,626.755,626.58,626.695,172024,0
QQQ.US,5,20251027,175000,626.695,626.975,626.695,626.9588,306247,0
QQQ.US,5,20251027,175500,626.96,626.98,626.815,626.9,241441,0
QQQ.US,5,20251027,180000,626.9,626.95,626.78,626.9099,259452,0
QQQ.US,5,20251027,180500,626.9,626.94,626.69,626.72,306489,0
QQQ.US,5,20251027,181000,626.725,626.81,626.55,626.785,244677,0
QQQ.US,5,20251027,181500,626.78,626.84,626.625,626.625,176720,0
QQQ.US,5,20251027,182000,626.625,626.64,626.42,626.44,369730,0
QQQ.US,5,20251027,182500,626.44,626.66,626.3815,626.59,298948,0
QQQ.US,5,20251027,183000,626.6,626.81,626.48,626.76,224530,0
QQQ.US,5,20251027,183500,626.7585,626.96,626.67,626.9115,317146,0
QQQ.US,5,20251027,184000,626.91,627.24,626.89,627.135,709364,0
QQQ.US,5,20251027,184500,627.13,627.26,627.09,627.1959,239689,0
QQQ.US,5,20251027,185000,627.19,627.19,627.07,627.135,167044,0
QQQ.US,5,20251027,185500,627.13,627.255,627.12,627.22,282005,0
QQQ.US,5,20251027,190000,627.2,627.29,627.035,627.245,381493,0
QQQ.US,5,20251027,190500,627.245,627.275,627.11,627.275,141800,0
QQQ.US,5,20251027,191000,627.28,627.3,627.17,627.275,177183,0
QQQ.US,5,20251027,191500,627.275,627.36,627.24,627.33,246834,0
QQQ.US,5,20251027,192000,627.335,627.395,627.2901,627.319,199355,0
QQQ.US,5,20251027,192500,627.3195,627.35,627.25,627.3,126111,0
QQQ.US,5,20251027,193000,627.29,627.315,627.16,627.18,203843,0
QQQ.US,5,20251027,193500,627.185,627.29,627.13,627.28,197476,0
QQQ.US,5,20251027,194000,627.28,627.49,627.245,627.425,365547,0
QQQ.US,5,20251027,194500,627.435,627.53,627.25,627.355,399250,0
QQQ.US,5,20251027,195000,627.3501,627.45,627.27,627.43,260884,0
QQQ.US,5,20251027,195500,627.43,627.685,627.415,627.575,389301,0
QQQ.US,5,20251027,200000,627.57,627.61,627.31,627.345,354752,0
QQQ.US,5,20251027,200500,627.342,627.59,627.3,627.525,315873,0
QQQ.US,5,20251027,201000,627.52,627.6,627.35,627.3646,286008,0
QQQ.US,5,20251027,201500,627.36,627.36,627.13,627.18,641223,0
QQQ.US,5,20251027,202000,627.1701,627.27,627.07,627.21,350661,0
QQQ.US,5,20251027,202500,627.21,627.25,627.12,627.22,361791,0
QQQ.US,5,20251027,203000,627.22,627.3399,627.1601,627.295,457263,0
QQQ.US,5,20251027,203500,627.31,627.67,627.215,627.6,851552,0
QQQ.US,5,20251027,204000,627.6,627.62,627.44,627.4601,602613,0
QQQ.US,5,20251027,204500,627.47,627.875,627.45,627.81,1246302,0
QQQ.US,5,20251027,205000,627.81,628.54,627.81,628.49,1664335,0
QQQ.US,5,20251027,205500,628.49,628.55,628.06,628.09,2862088,0
QQQ.US,5,20251028,143000,630.36,631.36,630.285,630.77,1198546,0
QQQ.US,5,20251028,143500,630.78,630.87,630.1,630.57,940074,0
QQQ.US,5,20251028,144000,630.57,631.07,630.41,630.96,636872,0
QQQ.US,5,20251028,144500,630.97,631.035,630,630.505,702993,0
QQQ.US,5,20251028,145000,630.51,630.57,629.77,629.87,702627,0
QQQ.US,5,20251028,145500,629.87,631.2086,629.82,630.585,695138,0
QQQ.US,5,20251028,150000,630.66,630.88,630.44,630.75,434161,0
QQQ.US,5,20251028,150500,630.73,630.9084,630.39,630.7,585478,0
QQQ.US,5,20251028,151000,630.7,630.89,630.48,630.81,377476,0
QQQ.US,5,20251028,151500,630.81,630.88,630.43,630.49,375454,0
QQQ.US,5,20251028,152000,630.49,630.67,630.21,630.26,439188,0
QQQ.US,5,20251028,152500,630.29,630.565,629.8999,630.19,425968,0
QQQ.US,5,20251028,153000,630.19,630.2494,629.66,629.94,405980,0
QQQ.US,5,20251028,153500,629.93,630.321,629.685,629.71,385677,0
QQQ.US,5,20251028,154000,629.73,629.7801,629.43,629.66,431617,0
QQQ.US,5,20251028,154500,629.65,630.08,629.28,629.96,325319,0
QQQ.US,5,20251028,155000,629.96,630.09,629.58,630.03,177718,0
QQQ.US,5,20251028,155500,630.03,630.19,629.81,629.9071,189191,0
QQQ.US,5,20251028,160000,629.91,630.35,629.83,629.96,269702,0
QQQ.US,5,20251028,160500,629.93,630.4,629.87,630.3513,205943,0
QQQ.US,5,20251028,161000,630.35,630.37,629.905,630.08,166251,0
QQQ.US,5,20251028,161500,630.09,630.27,629.9,630.19,126485,0
QQQ.US,5,20251028,162000,630.2,630.215,629.9499,630.1,128118,0
QQQ.US,5,20251028,162500,630.1001,630.31,630.02,630.155,188941,0
QQQ.US,5,20251028,163000,630.15,630.165,629.66,629.79,230328,0
QQQ.US,5,20251028,163500,629.8,630.385,629.25,630.3,443591,0
QQQ.US,5,20251028,164000,630.31,630.34,629.83,629.94,254631,0
QQQ.US,5,20251028,164500,629.93,630.31,629.86,630.16,249210,0
QQQ.US,5,20251028,165000,630.16,630.31,630.08,630.27,166961,0
QQQ.US,5,20251028,165500,630.26,630.535,630.18,630.52,117075,0
QQQ.US,5,20251028,170000,630.5299,630.985,630.5299,630.72,509165,0
QQQ.US,5,20251028,170500,630.715,631.12,630.69,631.12,299040,0
QQQ.US,5,20251028,171000,631.12,631.165,630.825,630.8599,242724,0
QQQ.US,5,20251028,171500,630.8599,631.04,630.75,630.875,176305,0
QQQ.US,5,20251028,172000,630.8707,631.06,630.72,631.0287,284484,0
QQQ.US,5,20251028,172500,631.03,631.36,631,631.295,400671,0
QQQ.US,5,20251028,173000,631.295,632.58,630.97,631.69,1175771,0
QQQ.US,5,20251028,173500,631.7,631.78,631.26,631.525,485393,0
QQQ.US,5,20251028,174000,631.53,631.88,631.37,631.88,377633,0
QQQ.US,5,20251028,174500,631.88,632.26,631.84,632.0212,410062,0
QQQ.US,5,20251028,175000,632.0217,632.23,631.905,631.92,309929,0
QQQ.US,5,20251028,175500,631.93,631.94,631.61,631.665,226694,0
QQQ.US,5,20251028,180000,631.66,632.13,631.64,631.96,348081,0
QQQ.US,5,20251028,180500,631.965,632.04,631.73,631.76,265528,0
QQQ.US,5,20251028,181000,631.7614,632.38,631.55,632.205,583944,0
QQQ.US,5,20251028,181500,632.21,632.43,631.86,632.155,454917,0
QQQ.US,5,20251028,182000,632.16,632.38,632.06,632.3,228772,0
QQQ.US,5,20251028,182500,632.3,632.3,632.065,632.135,210989,0
QQQ.US,5,20251028,183000,632.14,632.45,632.065,632.41,220110,0
QQQ.US,5,20251028,183500,632.41,632.68,632.38,632.495,398665,0
QQQ.US,5,20251028,184000,632.485,632.69,632.46,632.53,485126,0
QQQ.US,5,20251028,184500,632.53,632.66,632.3,632.6,362302,0
QQQ.US,5,20251028,185000,632.59,632.84,632.57,632.77,435198,0
QQQ.US,5,20251028,185500,632.77,632.87,632.45,632.75,364909,0
QQQ.US,5,20251028,190000,632.76,632.82,632.61,632.8,326830,0
QQQ.US,5,20251028,190500,632.8199,632.93,632.7,632.77,343085,0
QQQ.US,5,20251028,191000,632.78,632.9,632.742,632.87,177259,0
QQQ.US,5,20251028,191500,632.86,633.36,632.8152,633.36,441946,0
QQQ.US,5,20251028,192000,633.35,633.51,633.29,633.4001,426164,0
QQQ.US,5,20251028,192500,633.4025,633.56,633.29,633.45,308459,0
QQQ.US,5,20251028,193000,633.45,633.665,633.42,633.5399,253128,0
QQQ.US,5,20251028,193500,633.5428,633.565,633.39,633.43,156579,0
QQQ.US,5,20251028,194000,633.431,633.57,633.3398,633.5352,380360,0
QQQ.US,5,20251028,194500,633.53,633.6,633.4,633.51,240360,0
QQQ.US,5,20251028,195000,633.51,633.78,633.51,633.6,237377,0
QQQ.US,5,20251028,195500,633.59,633.79,633.4401,633.78,256190,0
QQQ.US,5,20251028,200000,633.775,633.81,633.42,633.62,338074,0
QQQ.US,5,20251028,200500,633.62,634.17,633.6,634.13,540199,0
QQQ.US,5,20251028,201000,634.13,634.2,633.975,634.1001,319769,0
QQQ.US,5,20251028,201500,634.1,634.1,633.79,634.055,420048,0
QQQ.US,5,20251028,202000,634.0555,634.2,634.005,634.17,288364,0
QQQ.US,5,20251028,202500,634.16,634.67,634.075,634.55,527224,0
QQQ.US,5,20251028,203000,634.55,634.68,634.36,634.5347,447680,0
QQQ.US,5,20251028,203500,634.54,634.5699,634.08,634.1303,419257,0
QQQ.US,5,20251028,204000,634.14,634.14,633.5193,633.74,862149,0
QQQ.US,5,20251028,204500,633.74,633.95,633.5,633.53,569160,0
QQQ.US,5,20251028,205000,633.53,633.57,632.98,633.31,1202482,0
QQQ.US,5,20251028,205500,633.32,633.44,632.86,632.92,2466899,0
QQQ.US,5,20251029,143000,635.59,636.22,635.55,635.875,1156766,0
QQQ.US,5,20251029,143500,635.88,635.97,635.31,635.74,719045,0
QQQ.US,5,20251029,144000,635.74,635.88,635.46,635.805,699051,0
QQQ.US,5,20251029,144500,635.81,636.15,635.57,635.96,849795,0
QQQ.US,5,20251029,145000,635.97,636.34,635.61,636.17,725956,0
QQQ.US,5,20251029,145500,636.17,636.835,636.12,636.835,608870,0
QQQ.US,5,20251029,150000,636.85,637.01,635.99,636.08,574143,0
QQQ.US,5,20251029,150500,636.08,636.21,635.64,635.88,651538,0
QQQ.US,5,20251029,151000,635.875,636.38,635.54,636.05,684588,0
QQQ.US,5,20251029,151500,636.04,636.25,635.82,636.13,397285,0
QQQ.US,5,20251029,152000,636.12,636.39,635.96,636.12,553519,0
QQQ.US,5,20251029,152500,636.11,636.34,635.75,636.32,543137,0
QQQ.US,5,20251029,153000,636.32,636.48,636.14,636.47,333934,0
QQQ.US,5,20251029,153500,636.48,636.58,636.34,636.4318,279400,0
QQQ.US,5,20251029,154000,636.4385,636.44,635.71,635.82,468333,0
QQQ.US,5,20251029,154500,635.855,636.1156,635.41,635.44,348341,0
QQQ.US,5,20251029,155000,635.435,635.95,635.03,635.7,522790,0
QQQ.US,5,20251029,155500,635.7,635.765,635.305,635.392,290524,0
QQQ.US,5,20251029,160000,635.42,635.84,635.275,635.2898,257416,0
QQQ.US,5,20251029,160500,635.29,635.61,635.28,635.36,239918,0
QQQ.US,5,20251029,161000,635.38,635.45,634.88,635.3,402129,0
QQQ.US,5,20251029,161500,635.285,635.5825,634.92,635.575,321060,0
QQQ.US,5,20251029,162000,635.57,635.83,635.47,635.69,281410,0
QQQ.US,5,20251029,162500,635.7,635.77,635.265,635.265,234182,0
QQQ.US,5,20251029,163000,635.265,635.39,634.88,634.93,295516,0
QQQ.US,5,20251029,163500,634.94,635.14,634.68,635.03,370119,0
QQQ.US,5,20251029,164000,635.03,635.12,634.72,634.77,251959,0
QQQ.US,5,20251029,164500,634.76,635.11,634.4101,635.0601,551510,0
QQQ.US,5,20251029,165000,635.07,635.14,634.7,635.07,287072,0
QQQ.US,5,20251029,165500,635.07,635.08,634.61,634.88,264365,0
QQQ.US,5,20251029,170000,634.87,634.94,634.26,634.275,469538,0
QQQ.US,5,20251029,170500,634.275,634.68,634.14,634.25,483840,0
QQQ.US,5,20251029,171000,634.25,634.62,634.03,634.53,331844,0
QQQ.US,5,20251029,171500,634.53,634.71,634.46,634.5802,220283,0
QQQ.US,5,20251029,172000,634.59,635.11,634.55,635.0901,298106,0
QQQ.US,5,20251029,172500,635.07,635.285,634.98,635.15,279324,0
QQQ.US,5,20251029,173000,635.15,635.31,635.045,635.06,187672,0
QQQ.US,5,20251029,173500,635.06,635.16,634.92,635.08,192684,0
QQQ.US,5,20251029,174000,635.09,635.37,635.07,635.27,248103,0
QQQ.US,5,20251029,174500,635.27,635.55,635.03,635.045,351808,0
QQQ.US,5,20251029,175000,635.05,635.44,634.92,635.3399,201028,0
QQQ.US,5,20251029,175500,635.33,635.51,635.2,635.27,174268,0
QQQ.US,5,20251029,180000,635.27,635.51,635.21,635.51,167498,0
QQQ.US,5,20251029,180500,635.51,635.54,635.31,635.32,118414,0
QQQ.US,5,20251029,181000,635.33,635.4828,635.22,635.4,125428,0
QQQ.US,5,20251029,181500,635.4,635.59,635.145,635.1907,182634,0
QQQ.US,5,20251029,182000,635.2,635.2045,634.89,634.99,116030,0
QQQ.US,5,20251029,182500,634.96,634.96,634.43,634.66,273283,0
QQQ.US,5,20251029,183000,634.63,634.76,634.5176,634.73,247615,0
QQQ.US,5,20251029,183500,634.73,635,634.7,634.93,240591,0
QQQ.US,5,20251029,184000,634.93,635.335,634.88,635.3,272801,0
QQQ.US,5,20251029,184500,635.295,635.41,635.04,635.28,181493,0
QQQ.US,5,20251029,185000,635.3,635.555,635.21,635.2499,176309,0
QQQ.US,5,20251029,185500,635.24,635.34,634.94,635.3,155160,0
QQQ.US,5,20251029,190000,635.3,636.05,634.42,634.9,716624,0
QQQ.US,5,20251029,190500,634.9,635.36,634.06,634.98,550048,0
QQQ.US,5,20251029,191000,634.985,635.21,634.44,634.5,332360,0
QQQ.US,5,20251029,191500,634.52,635.29,634.26,635.0707,407594,0
QQQ.US,5,20251029,192000,635.09,635.091,634.425,634.81,369266,0
QQQ.US,5,20251029,192500,634.8256,635.12,634.53,635.09,299628,0
QQQ.US,5,20251029,193000,635.1,635.94,634.81,635.59,615150,0
QQQ.US,5,20251029,193500,635.5952,635.68,630.99,631.41,1540732,0
QQQ.US,5,20251029,194000,631.3743,632.4,630.25,630.97,1446302,0
QQQ.US,5,20251029,194500,630.96,632.52,630.56,632.26,1146851,0
QQQ.US,5,20251029,195000,632.28,634.23,632.14,633.76,1044282,0
QQQ.US,5,20251029,195500,633.75,634.57,633.13,633.56,738563,0
QQQ.US,5,20251029,200000,633.58,634.29,631.84,632.12,993425,0
QQQ.US,5,20251029,200500,632.07,634.33,631.99,633.76,675260,0
QQQ.US,5,20251029,201000,633.7454,634.48,633.45,633.83,529359,0
QQQ.US,5,20251029,201500,633.85,634.11,632.83,633.87,551538,0
QQQ.US,5,20251029,202000,633.84,634.73,633.35,633.92,432569,0
QQQ.US,5,20251029,202500,633.9,634.91,633.65,633.74,425533,0
QQQ.US,5,20251029,203000,633.75,634.14,633.04,633.5,407540,0
QQQ.US,5,20251029,203500,633.49,634.25,632.69,634.18,668072,0
QQQ.US,5,20251029,204000,634.18,634.38,633.17,633.82,599335,0
QQQ.US,5,20251029,204500,633.77,634.83,633.74,634.53,643190,0
QQQ.US,5,20251029,205000,634.495,635.9,634.495,635.165,1122950,0
QQQ.US,5,20251029,205500,635.19,635.97,634.9,635.77,1565523,0
QQQ.US,5,20251030,143000,632.17,632.19,630.18,630.185,1358286,0
QQQ.US,5,20251030,143500,630.18,630.18,627.92,628.19,1620992,0
QQQ.US,5,20251030,144000,628.22,629.06,627.76,628.56,1367897,0
QQQ.US,5,20251030,144500,628.56,631.06,628.32,630.5503,1085818,0
QQQ.US,5,20251030,145000,630.53,632.74,630.5,632.37,1096115,0
QQQ.US,5,20251030,145500,632.37,632.61,631.86,632.22,807872,0
QQQ.US,5,20251030,150000,632.185,633.5,631.43,631.6,911759,0
QQQ.US,5,20251030,150500,631.5925,632.94,631.09,631.36,574270,0
QQQ.US,5,20251030,151000,631.41,632,630.62,631.77,786515,0
QQQ.US,5,20251030,151500,631.78,631.85,630.09,630.3409,481928,0
QQQ.US,5,20251030,152000,630.32,631.03,629.32,629.84,550107,0
QQQ.US,5,20251030,152500,629.81,630.319,629.39,629.63,607615,0
QQQ.US,5,20251030,153000,629.62,630.8,629.56,630.35,419443,0
QQQ.US,5,20251030,153500,630.39,630.97,629.54,630.14,435696,0
QQQ.US,5,20251030,154000,630.15,631.52,630.15,631.13,462472,0
QQQ.US,5,20251030,154500,631.121,631.28,630.16,630.53,421383,0
QQQ.US,5,20251030,155000,630.56,630.65,628.88,629.17,468637,0
QQQ.US,5,20251030,155500,629.14,629.78,628.66,629.5614,510215,0
QQQ.US,5,20251030,160000,629.57,630.53,629.56,630.35,359158,0
QQQ.US,5,20251030,160500,630.36,630.63,629.79,630.56,367841,0
QQQ.US,5,20251030,161000,630.5615,630.97,630.4501,630.86,214035,0
QQQ.US,5,20251030,161500,630.88,630.9,630.24,630.61,229921,0
QQQ.US,5,20251030,162000,630.62,631.01,630.44,630.74,275371,0
QQQ.US,5,20251030,162500,630.77,630.825,630.25,630.56,215101,0
QQQ.US,5,20251030,163000,630.55,630.67,629.77,629.92,249379,0
QQQ.US,5,20251030,163500,629.9,630.13,628.96,629.19,290410,0
QQQ.US,5,20251030,164000,629.18,629.19,628.52,629.15,495275,0
QQQ.US,5,20251030,164500,629.13,629.424,628.37,628.63,385786,0
QQQ.US,5,20251030,165000,628.63,629.05,628.548,628.95,196208,0
QQQ.US,5,20251030,165500,628.97,629.5,628.84,628.96,284719,0
QQQ.US,5,20251030,170000,628.98,630.0201,628.83,629.93,260558,0
QQQ.US,5,20251030,170500,629.9101,630.86,629.7299,630.78,365180,0
QQQ.US,5,20251030,171000,630.8,631.48,630.651,631.4,257805,0
QQQ.US,5,20251030,171500,631.41,631.4944,631.13,631.3101,214060,0
QQQ.US,5,20251030,172000,631.34,631.5,630.73,631.34,189592,0
QQQ.US,5,20251030,172500,631.36,631.455,631.0395,631.16,137892,0
QQQ.US,5,20251030,173000,631.19,631.19,630.41,630.4201,285385,0
QQQ.US,5,20251030,173500,630.44,630.54,630.09,630.42,360646,0
QQQ.US,5,20251030,174000,630.44,630.74,630.1,630.68,229852,0
QQQ.US,5,20251030,174500,630.67,630.94,630.5,630.875,183832,0
QQQ.US,5,20251030,175000,630.91,631.07,630.3,630.69,178289,0
QQQ.US,5,20251030,175500,630.69,631.095,630.6601,630.96,200718,0
QQQ.US,5,20251030,180000,630.96,630.96,630.07,630.26,286150,0
QQQ.US,5,20251030,180500,630.24,630.2499,629.39,629.82,309100,0
QQQ.US,5,20251030,181000,629.81,629.81,629.17,629.413,212572,0
QQQ.US,5,20251030,181500,629.4,629.8,629.35,629.68,170408,0
QQQ.US,5,20251030,182000,629.66,630.44,629.38,630.42,266707,0
QQQ.US,5,20251030,182500,630.445,630.9656,630.43,630.65,253667,0
QQQ.US,5,20251030,183000,630.66,630.66,630.05,630.25,169728,0
QQQ.US,5,20251030,183500,630.25,630.2999,629.9,630.2199,131048,0
QQQ.US,5,20251030,184000,630.22,630.38,629.93,630.33,110313,0
QQQ.US,5,20251030,184500,630.34,630.8999,630.32,630.8999,183833,0
QQQ.US,5,20251030,185000,630.9,631,630.38,630.875,140211,0
QQQ.US,5,20251030,185500,630.85,630.98,630.56,630.8185,111809,0
QQQ.US,5,20251030,190000,630.8,630.8,630.47,630.52,118911,0
QQQ.US,5,20251030,190500,630.51,630.5799,629.67,630.06,238072,0
QQQ.US,5,20251030,191000,630.04,630.04,629.25,629.34,142347,0
QQQ.US,5,20251030,191500,629.33,629.48,628.87,629.22,345520,0
QQQ.US,5,20251030,192000,629.2299,629.5299,628.87,629.07,207577,0
QQQ.US,5,20251030,192500,629.06,629.24,628.8001,629.12,189338,0
QQQ.US,5,20251030,193000,629.18,629.7556,629.15,629.3,173412,0
QQQ.US,5,20251030,193500,629.3,629.39,628.65,628.75,257069,0
QQQ.US,5,20251030,194000,628.7643,628.96,628.6,628.83,206893,0
QQQ.US,5,20251030,194500,628.81,629.57,628.7266,629.28,225053,0
QQQ.US,5,20251030,195000,629.28,629.44,629,629.38,178009,0
QQQ.US,5,20251030,195500,629.3653,629.5,628.7301,628.89,386353,0
QQQ.US,5,20251030,200000,628.88,629.0001,628.4,628.5401,341753,0
QQQ.US,5,20251030,200500,628.52,628.52,628.09,628.365,340609,0
QQQ.US,5,20251030,201000,628.32,628.32,627.91,627.96,316203,0
QQQ.US,5,20251030,201500,627.97,628.09,627.2,627.73,567370,0
QQQ.US,5,20251030,202000,627.72,627.72,626.3268,626.95,545219,0
QQQ.US,5,20251030,202500,626.96,627.52,626.96,627.4,289362,0
QQQ.US,5,20251030,203000,627.43,628.245,627.4,627.65,413181,0
QQQ.US,5,20251030,203500,627.67,627.7,626.96,627.08,338712,0
QQQ.US,5,20251030,204000,627.1,627.47,626.76,626.97,379302,0
QQQ.US,5,20251030,204500,626.98,627.425,626.5,627.28,535206,0
QQQ.US,5,20251030,205000,627.27,627.88,626.87,626.94,754940,0
QQQ.US,5,20251030,205500,626.92,626.95,625.94,626.03,2035971,0
QQQ.US,5,20251031,143000,634.17,634.2,632.89,633.22,1206812,0
QQQ.US,5,20251031,143500,633.24,633.56,632.7896,632.88,745221,0
QQQ.US,5,20251031,144000,632.89,633.052,631.9,632.25,771721,0
QQQ.US,5,20251031,144500,632.22,632.585,631.54,632.02,749059,0
QQQ.US,5,20251031,145000,632.02,632.48,631.5,632.0728,655776,0
QQQ.US,5,20251031,145500,632.075,632.27,631.35,631.86,641634,0
QQQ.US,5,20251031,150000,631.8701,632.11,630.9,630.97,775445,0
QQQ.US,5,20251031,150500,630.99,632.17,630.95,631.66,587273,0
QQQ.US,5,20251031,151000,631.64,632.14,631.21,631.4,440943,0
QQQ.US,5,20251031,151500,631.41,632.1,631.285,632.03,519902,0
QQQ.US,5,20251031,152000,632.04,632.17,630.85,631.8,712042,0
QQQ.US,5,20251031,152500,631.8,632.11,631.68,631.97,416979,0
QQQ.US,5,20251031,153000,631.93,632.57,631.78,632.31,528561,0
QQQ.US,5,20251031,153500,632.35,632.99,632.3,632.93,334423,0
QQQ.US,5,20251031,154000,632.94,633.41,632.7301,633.29,433697,0
QQQ.US,5,20251031,154500,633.31,633.73,633.22,633.46,478111,0
QQQ.US,5,20251031,155000,633.44,633.52,633.06,633.23,282422,0
QQQ.US,5,20251031,155500,633.23,633.445,632.93,633.34,296627,0
QQQ.US,5,20251031,160000,633.34,633.5,633.14,633.245,325278,0
QQQ.US,5,20251031,160500,633.25,633.32,632.98,633.2101,384486,0
QQQ.US,5,20251031,161000,633.21,633.57,632.96,633.4352,327577,0
QQQ.US,5,20251031,161500,633.445,633.75,633.42,633.66,381698,0
QQQ.US,5,20251031,162000,633.679,633.695,633.12117,633.17,286742,0
QQQ.US,5,20251031,162500,633.175,633.175,632.52,632.65,399700,0
QQQ.US,5,20251031,163000,632.65,633.075,632.43,632.77,321710,0
QQQ.US,5,20251031,163500,632.75,632.76,631.58,631.74,449825,0
QQQ.US,5,20251031,164000,631.74,631.98,631.13,631.86,584597,0
QQQ.US,5,20251031,164500,631.86,633.13,630.88,631.1,912306,0
QQQ.US,5,20251031,165000,631.12,631.82,630.78,631.32,495215,0
QQQ.US,5,20251031,165500,631.28,631.3,630.55,630.59,433544,0
QQQ.US,5,20251031,170000,630.58,630.61,629.67,630.17,727808,0
QQQ.US,5,20251031,170500,630.17,630.63,629.54,629.58,447846,0
QQQ.US,5,20251031,171000,629.56,629.79,628.97,629.5409,488723,0
QQQ.US,5,20251031,171500,629.53,629.57,628.435,628.44,469922,0
QQQ.US,5,20251031,172000,628.45,629.28,628.28,629.26,550525,0
QQQ.US,5,20251031,172500,629.25,629.9,629.23,629.48,395508,0
QQQ.US,5,20251031,173000,629.48,630.26,629.41,629.84,379484,0
QQQ.US,5,20251031,173500,629.85,630.21,629.65,629.78,263408,0
QQQ.US,5,20251031,174000,629.77,629.83,628.725,628.955,388488,0
QQQ.US,5,20251031,174500,628.95,629.37,628.5,629.2,375850,0
QQQ.US,5,20251031,175000,629.15,629.2,628.215,628.29,297885,0
QQQ.US,5,20251031,175500,628.27,628.72,627.71,628.13,539928,0
QQQ.US,5,20251031,180000,628.12,628.37,627.35,627.46,603891,0
QQQ.US,5,20251031,180500,627.45,628.07,627.08,627.98,656261,0
QQQ.US,5,20251031,181000,627.97,628.16,627.03,627.33,586711,0
QQQ.US,5,20251031,181500,627.31,627.64,626.81,626.98,536380,0
QQQ.US,5,20251031,182000,626.96,627.3,626.7914,627.2,436316,0
QQQ.US,5,20251031,182500,627.21,627.6,626.95,627.19,448860,0
QQQ.US,5,20251031,183000,627.2,628.24,627.14,627.42,452014,0
QQQ.US,5,20251031,183500,627.4101,627.77,626.69,627.38,329139,0
QQQ.US,5,20251031,184000,627.42,628.09,627.08,627.97,419621,0
QQQ.US,5,20251031,184500,627.99,628.6,627.98,628.5,470242,0
QQQ.US,5,20251031,185000,628.49,628.9,628.42,628.49,237536,0
QQQ.US,5,20251031,185500,628.4877,628.4877,627.9801,628.0759,272969,0
QQQ.US,5,20251031,190000,628.11,629.02,628.04,628.87,372910,0
QQQ.US,5,20251031,190500,628.86,629.24,628.55,628.95,351088,0
QQQ.US,5,20251031,191000,628.97,629.35,628.83,629.23,302851,0
QQQ.US,5,20251031,191500,629.24,629.37,628.88,629.07,269522,0
QQQ.US,5,20251031,192000,629.05,629.74,628.98,629.66,229989,0
QQQ.US,5,20251031,192500,629.6651,629.75,629.365,629.61,223145,0
QQQ.US,5,20251031,193000,629.62,629.76,629.3,629.4,270448,0
QQQ.US,5,20251031,193500,629.39,629.68,629.12,629.68,284917,0
QQQ.US,5,20251031,194000,629.68,629.85,629.42,629.63,220120,0
QQQ.US,5,20251031,194500,629.63,629.64,629.24,629.335,270084,0
QQQ.US,5,20251031,195000,629.34,629.39,628.96,629.01,313209,0
QQQ.US,5,20251031,195500,629.03,629.91,628.69,629.71,506789,0
QQQ.US,5,20251031,200000,629.71,630.01,629.31,629.6,415370,0
QQQ.US,5,20251031,200500,629.6,630.17,629.56,629.9,273573,0
QQQ.US,5,20251031,201000,629.9,630.32,629.89,630.16,268138,0
QQQ.US,5,20251031,201500,630.1424,630.5,630,630.49,317840,0
QQQ.US,5,20251031,202000,630.4852,631.125,630.45,631.1,498369,0
QQQ.US,5,20251031,202500,631.11,631.68,630.99,631.45,573454,0
QQQ.US,5,20251031,203000,631.455,632.22,631.22,632.19,566888,0
QQQ.US,5,20251031,203500,632.19,632.24,631.385,631.405,504440,0
QQQ.US,5,20251031,204000,631.4301,631.81,631.36,631.66,391082,0
QQQ.US,5,20251031,204500,631.65,631.68,630.64,630.74,757099,0
QQQ.US,5,20251031,205000,630.74,631.67,630.08,630.12,1099519,0
QQQ.US,5,20251031,205500,630.12,630.28,629.05,629.06,2423280,0
QQQ.US,5,20251103,153000,635.11,635.82,634.88,635.06,1568522,0
QQQ.US,5,20251103,153500,635.07,635.13,633.65,633.68,837085,0
QQQ.US,5,20251103,154000,633.67,633.96,633.175,633.45,621285,0
QQQ.US,5,20251103,154500,633.4,633.8,633.13,633.14,492939,0
QQQ.US,5,20251103,155000,633.14,633.24,632.33,632.75,599704,0
QQQ.US,5,20251103,155500,632.74,632.96,632.42,632.76,372736,0
QQQ.US,5,20251103,160000,632.82,632.95,631.88,632.147,508304,0
QQQ.US,5,20251103,160500,632.13,632.71,631.57,632.43,642908,0
QQQ.US,5,20251103,161000,632.45,633.2,632.385,632.495,465372,0
QQQ.US,5,20251103,161500,632.4901,632.5301,631.44,632.1,496668,0
QQQ.US,5,20251103,162000,632.1,632.13,631.45,631.61,431385,0
QQQ.US,5,20251103,162500,631.59,631.59,630.28,630.54,575104,0
QQQ.US,5,20251103,163000,630.54,630.55,629.88,630.195,600194,0
QQQ.US,5,20251103,163500,630.195,631.33,629.85,631.29,584979,0
QQQ.US,5,20251103,164000,631.28,631.94,631.16,631.64,488818,0
QQQ.US,5,20251103,164500,631.66,631.9,630.77,630.84,392321,0
QQQ.US,5,20251103,165000,630.845,631.8056,630.83,631.22,269640,0
QQQ.US,5,20251103,165500,631.225,632.18,631.17,631.61,372996,0
QQQ.US,5,20251103,170000,631.61,631.76,630.89,631.29,298327,0
QQQ.US,5,20251103,170500,631.3,631.51,631.02,631.32,218072,0
QQQ.US,5,20251103,171000,631.32,631.68,630.98,631.42,320080,0
QQQ.US,5,20251103,171500,631.42,631.84,631.03,631.79,265987,0
QQQ.US,5,20251103,172000,631.795,631.95,631.38,631.48,236686,0
QQQ.US,5,20251103,172500,631.49,631.63,630.56,630.695,323290,0
QQQ.US,5,20251103,173000,630.69,631.57,630.505,631.31,350477,0
QQQ.US,5,20251103,173500,631.31,631.66,630.83,631.46,343228,0
QQQ.US,5,20251103,174000,631.46,631.85,631.23,631.35,246561,0
QQQ.US,5,20251103,174500,631.35,631.68,630.92,630.98,233124,0
QQQ.US,5,20251103,175000,630.95,631.76,630.77,631.625,308009,0
QQQ.US,5,20251103,175500,631.62,632.51,631.55,632.305,418292,0
QQQ.US,5,20251103,180000,632.305,632.37,631.47,631.54,277961,0
QQQ.US,5,20251103,180500,631.56,632.38,631.55,632.35,206670,0
QQQ.US,5,20251103,181000,632.3699,632.65,632.16,632.65,298312,0
QQQ.US,5,20251103,181500,632.655,632.92,632.335,632.52,377497,0
QQQ.US,5,20251103,182000,632.5301,632.88,632.4,632.4838,218696,0
QQQ.US,5,20251103,182500,632.495,632.5,631.6,631.9,378927,0
QQQ.US,5,20251103,183000,631.91,632.7599,631.875,632.685,305251,0
QQQ.US,5,20251103,183500,632.68,633.05,632.53,632.72,304682,0
QQQ.US,5,20251103,184000,632.72,633.03,632.6199,632.79,221047,0
QQQ.US,5,20251103,184500,632.8,633.1,632.72,633.01,210995,0
QQQ.US,5,20251103,185000,633.01,633.21,632.825,632.96,165086,0
QQQ.US,5,20251103,185500,632.965,633.29,632.93,633.07,177072,0
QQQ.US,5,20251103,190000,633.065,633.16,632.865,633.0351,187254,0
QQQ.US,5,20251103,190500,633.035,633.23,632.89,633.11,167052,0
QQQ.US,5,20251103,191000,633.1199,633.31,632.9999,633.19,170969,0
QQQ.US,5,20251103,191500,633.19,633.24,632.97,633.14,164640,0
QQQ.US,5,20251103,192000,633.13,633.17,632.745,632.995,142568,0
QQQ.US,5,20251103,192500,633,633.165,632.75,632.83,148300,0
QQQ.US,5,20251103,193000,632.83,633.39,632.825,633.18,190092,0
QQQ.US,5,20251103,193500,633.165,633.42,633.02,633.27,182651,0
QQQ.US,5,20251103,194000,633.26,633.39,633.12,633.25,143056,0
QQQ.US,5,20251103,194500,633.26,633.28,632.9,632.97,240125,0
QQQ.US,5,20251103,195000,632.97,633.0401,632.46,632.74,271306,0
QQQ.US,5,20251103,195500,632.75,632.895,632.55,632.555,190519,0
QQQ.US,5,20251103,200000,632.565,632.81,631.93,632.0599,486231,0
QQQ.US,5,20251103,200500,632.03,632.5,631.95,632.3699,209218,0
QQQ.US,5,20251103,201000,632.36,632.56,632.05,632.18,156807,0
QQQ.US,5,20251103,201500,632.16,632.39,631.74,631.77,196277,0
QQQ.US,5,20251103,202000,631.79,631.98,631.63,631.78,180171,0
QQQ.US,5,20251103,202500,631.78,632.02,631.56,631.75,141195,0
QQQ.US,5,20251103,203000,631.74,632.18,631.7116,631.94,255761,0
QQQ.US,5,20251103,203500,631.96,632.1,631.8,631.8,130279,0
QQQ.US,5,20251103,204000,631.79,631.83,631.0356,631.62,329425,0
QQQ.US,5,20251103,204500,631.63,631.93,631.6,631.8056,228408,0
QQQ.US,5,20251103,205000,631.81,632.33,631.78,632.28,227126,0
QQQ.US,5,20251103,205500,632.265,632.48,632.2,632.2635,199754,0
QQQ.US,5,20251103,210000,632.27,632.46,632.13,632.285,222376,0
QQQ.US,5,20251103,210500,632.28,632.4,631.89,632.06,170336,0
QQQ.US,5,20251103,211000,632.03,632.15,631.74,632.0101,190635,0
QQQ.US,5,20251103,211500,632.01,632.1751,631.74,632.0251,197253,0
QQQ.US,5,20251103,212000,632,632.13,631.68,631.69,152747,0
QQQ.US,5,20251103,212500,631.6901,632.025,631.58,631.84,188733,0
QQQ.US,5,20251103,213000,631.87,631.87,631.36,631.425,329755,0
QQQ.US,5,20251103,213500,631.43,631.82,631.1885,631.82,289651,0
QQQ.US,5,20251103,214000,631.81,632.01,631.66,632.01,236964,0
QQQ.US,5,20251103,214500,632.01,632.08,631.38,631.62,310498,0
QQQ.US,5,20251103,215000,631.62,631.75,631.2,631.67,595390,0
QQQ.US,5,20251103,215500,631.67,632.14,631.45,632.09,1012767,0
QQQ.US,5,20251104,153000,623.28,623.6199,621.3687,621.69,2225320,0
QQQ.US,5,20251104,153500,621.69,622.775,621.38,621.99,1386524,0
QQQ.US,5,20251104,154000,621.98,624.23,621.78,624.0893,1240333,0
QQQ.US,5,20251104,154500,624.08,624.31,623.13,624.14,1023188,0
QQQ.US,5,20251104,155000,624.13,626.0335,623.893,625.96,583784,0
QQQ.US,5,20251104,155500,625.97,626.67,625.86,626.515,928361,0
QQQ.US,5,20251104,160000,626.5,626.7598,626.23,626.495,653267,0
QQQ.US,5,20251104,160500,626.485,626.58,625.44,625.92,939254,0
QQQ.US,5,20251104,161000,625.91,626.32,625.34,625.925,718368,0
QQQ.US,5,20251104,161500,625.92,626.58,625.76,626.39,673834,0
QQQ.US,5,20251104,162000,626.38,626.5,626.04,626.4197,447649,0
QQQ.US,5,20251104,162500,626.42,626.95,626.23,626.23,533144,0
QQQ.US,5,20251104,163000,626.22,626.415,625.705,626.26,493884,0
QQQ.US,5,20251104,163500,626.26,626.56,625.86,626.48,408882,0
QQQ.US,5,20251104,164000,626.47,626.85,626.29,626.4,520845,0
QQQ.US,5,20251104,164500,626.39,626.39,625.35,625.46,492987,0
QQQ.US,5,20251104,165000,625.46,625.65,624.77,624.8245,532129,0
QQQ.US,5,20251104,165500,624.82,624.82,623.81,624.41,544724,0
QQQ.US,5,20251104,170000,624.41,625.21,624.19,624.6,479530,0
QQQ.US,5,20251104,170500,624.61,624.7,624.135,624.22,331214,0
QQQ.US,5,20251104,171000,624.21,624.35,623.7,624.26,383528,0
QQQ.US,5,20251104,171500,624.26,624.4001,623.68,623.73,354835,0
QQQ.US,5,20251104,172000,623.75,623.84,623.28,623.595,481588,0
QQQ.US,5,20251104,172500,623.58,624.135,623.19,623.978,354711,0
QQQ.US,5,20251104,173000,623.99,624.217,623.54,623.9,341384,0
QQQ.US,5,20251104,173500,623.89,624.53,623.695,624.34,329624,0
QQQ.US,5,20251104,174000,624.33,624.58,623.62,624.02,308886,0
QQQ.US,5,20251104,174500,624.03,624.215,623.27,623.4,346324,0
QQQ.US,5,20251104,175000,623.4,623.85,623.04,623.8,444366,0
QQQ.US,5,20251104,175500,623.81,623.89,622.83,623.6001,389941,0
QQQ.US,5,20251104,180000,623.6,623.635,622.87,623.03,334672,0
QQQ.US,5,20251104,180500,623.04,623.06,622.345,622.61,465696,0
QQQ.US,5,20251104,181000,622.61,622.73,622.255,622.37,355763,0
QQQ.US,5,20251104,181500,622.38,622.66,621.17,621.18,662632,0
QQQ.US,5,20251104,182000,621.17,622.4156,620.8899,622.3793,856285,0
QQQ.US,5,20251104,182500,622.35,623.08,622.21,622.53,465754,0
QQQ.US,5,20251104,183000,622.535,622.71,622.1,622.24,362959,0
QQQ.US,5,20251104,183500,622.2389,622.46,621.93,622,206359,0
QQQ.US,5,20251104,184000,622,622.02,621.36,621.765,326862,0
QQQ.US,5,20251104,184500,621.77,622.54,621.77,622.28,325862,0
QQQ.US,5,20251104,185000,622.28,622.95,621.82,621.86,333240,0
QQQ.US,5,20251104,185500,621.86,621.91,621.36,621.79,326658,0
QQQ.US,5,20251104,190000,621.769,621.84,621.23,621.3457,306687,0
QQQ.US,5,20251104,190500,621.33,621.52,620.93,621.13,377017,0
QQQ.US,5,20251104,191000,621.13,621.39,620.86,621.29,406364,0
QQQ.US,5,20251104,191500,621.28,621.5378,620.39,620.41,433912,0
QQQ.US,5,20251104,192000,620.39,621.4399,620.31,620.88,538541,0
QQQ.US,5,20251104,192500,620.88,621.01,620.15,620.4827,333764,0
QQQ.US,5,20251104,193000,620.48,621.01,620.23,620.445,372297,0
QQQ.US,5,20251104,193500,620.42,620.54,620.03,620.04,351619,0
QQQ.US,5,20251104,194000,620.04,621.105,619.91,621.09,547236,0
QQQ.US,5,20251104,194500,621.08,621.17,620.55,620.7,336707,0
QQQ.US,5,20251104,195000,620.7,621.9,620.69,621.815,348804,0
QQQ.US,5,20251104,195500,621.785,621.785,621.15,621.53,225207,0
QQQ.US,5,20251104,200000,621.5,621.97,621.37,621.81,222274,0
QQQ.US,5,20251104,200500,621.81,621.81,620.82,620.99,339394,0
QQQ.US,5,20251104,201000,620.97,621.47,620.82,621.13,258453,0
QQQ.US,5,20251104,201500,621.11,621.46,620.98,621.15,164098,0
QQQ.US,5,20251104,202000,621.06,621.52,620.83,621.45,276516,0
QQQ.US,5,20251104,202500,621.45,621.74,621.18,621.3,253622,0
QQQ.US,5,20251104,203000,621.3,621.42,620.42,620.98,475361,0
QQQ.US,5,20251104,203500,621,621.01,619.57,619.79,476426,0
QQQ.US,5,20251104,204000,619.79,620.15,619.23,619.65,504379,0
QQQ.US,5,20251104,204500,619.65,619.96,619.33,619.4,409236,0
QQQ.US,5,20251104,205000,619.4,619.87,619.26,619.47,389850,0
QQQ.US,5,20251104,205500,619.485,620.06,619.47,619.94,349057,0
QQQ.US,5,20251104,210000,619.96,620.19,619.56,619.74,412936,0
QQQ.US,5,20251104,210500,619.74,620.26,619.71,619.99,323593,0
QQQ.US,5,20251104,211000,619.97,620.48,619.76,620.4,316391,0
QQQ.US,5,20251104,211500,620.4,620.78,620.18,620.35,371832,0
QQQ.US,5,20251104,212000,620.33,620.38,619.38,619.6399,458526,0
QQQ.US,5,20251104,212500,619.66,620.325,619.58,620.3,280899,0
QQQ.US,5,20251104,213000,620.3,620.4,619.65,619.92,370263,0
QQQ.US,5,20251104,213500,619.94,620.555,619.792,620.11,351233,0
QQQ.US,5,20251104,214000,620.12,620.64,620.02,620.52,359558,0
QQQ.US,5,20251104,214500,620.5155,620.83,619.55,619.6,501983,0
QQQ.US,5,20251104,215000,619.61,619.73,618.69,618.8,1175234,0
QQQ.US,5,20251104,215500,618.805,619.3,618.455,619.27,3579984,0
QQQ.US,5,20251105,153000,618.49,619.33,617.51,617.52,1484189,0
QQQ.US,5,20251105,153500,617.54,619.28,617.21,618.81,1134142,0
QQQ.US,5,20251105,154000,618.81,619.02,617.71,618.15,674942,0
QQQ.US,5,20251105,154500,618.1301,620.41,618.06,620.16,899364,0
QQQ.US,5,20251105,155000,620.12,621.66,619.93,621.55,950338,0
QQQ.US,5,20251105,155500,621.565,622.1,621.15,622.07,821677,0
QQQ.US,5,20251105,160000,622.04,622.13,620.94,621.23,1283567,0
QQQ.US,5,20251105,160500,621.21,622.74,621.06,621.84,852865,0
QQQ.US,5,20251105,161000,621.84,621.86,620.9635,621.06,635701,0
QQQ.US,5,20251105,161500,621.07,621.68,620.81,621.09,586116,0
QQQ.US,5,20251105,162000,621.09,622.03,620.34,621.92,843857,0
QQQ.US,5,20251105,162500,621.94,622.74,621.54,622.055,571255,0
QQQ.US,5,20251105,163000,622.04,622.71,621.7,622.225,405921,0
QQQ.US,5,20251105,163500,622.22,622.61,621.99,622.42,345972,0
QQQ.US,5,20251105,164000,622.42,623.05,622.29,622.38,646193,0
QQQ.US,5,20251105,164500,622.42,623.19,622.28,622.435,475827,0
QQQ.US,5,20251105,165000,622.43,622.795,622.11,622.28,288469,0
QQQ.US,5,20251105,165500,622.2,622.9,621.81,622.81,460311,0
QQQ.US,5,20251105,170000,622.82,623.11,621.82,622.595,523192,0
QQQ.US,5,20251105,170500,622.59,623.1,622.18,622.6,336843,0
QQQ.US,5,20251105,171000,622.62,622.675,621.55,621.815,389451,0
QQQ.US,5,20251105,171500,621.8287,622.19,621.33,621.66,409564,0
QQQ.US,5,20251105,172000,621.6465,622.65,621.37,622.59,419497,0
QQQ.US,5,20251105,172500,622.6,623.46,622.54,623.325,599743,0
QQQ.US,5,20251105,173000,623.35,623.52,623.05,623.42,277975,0
QQQ.US,5,20251105,173500,623.4348,623.46,623,623.33,286801,0
QQQ.US,5,20251105,174000,623.33,623.97,623.19,623.92,383542,0
QQQ.US,5,20251105,174500,623.92,624.38,623.75,624.21,421810,0
QQQ.US,5,20251105,175000,624.21,624.33,624.07,624.31,340621,0
QQQ.US,5,20251105,175500,624.31,624.43,624.03,624.1,341323,0
QQQ.US,5,20251105,180000,624.09,624.33,623.7414,623.79,293648,0
QQQ.US,5,20251105,180500,623.8,624.12,623.51,623.5855,264928,0
QQQ.US,5,20251105,181000,623.57,624.05,623.29,623.92,241031,0
QQQ.US,5,20251105,181500,623.91,624.13,623.63,624.02,158562,0
QQQ.US,5,20251105,182000,624.01,624.3,623.95,624.04,194920,0
QQQ.US,5,20251105,182500,624.03,624.64,624.03,624.45,301675,0
QQQ.US,5,20251105,183000,624.45,624.82,624.36,624.7902,314295,0
QQQ.US,5,20251105,183500,624.78,625.29,624.73,625.17,403181,0
QQQ.US,5,20251105,184000,625.17,625.3535,624.99,625.3518,226203,0
QQQ.US,5,20251105,184500,625.3545,625.41,625.03,625.03,227386,0
QQQ.US,5,20251105,185000,625.03,625.17,624.88,625.03,167846,0
QQQ.US,5,20251105,185500,625.03,625.06,624.755,625.0101,142473,0
QQQ.US,5,20251105,190000,625.02,625.24,624.91,625.1,184028,0
QQQ.US,5,20251105,190500,625.11,625.1793,624.87,624.995,104703,0
QQQ.US,5,20251105,191000,624.9917,625.185,624.84,625.1702,139167,0
QQQ.US,5,20251105,191500,625.16,625.545,625.16,625.25,251551,0
QQQ.US,5,20251105,192000,625.25,625.4299,625.155,625.18,182810,0
QQQ.US,5,20251105,192500,625.1751,625.4501,624.9658,625.43,195763,0
QQQ.US,5,20251105,193000,625.42,625.64,625.315,625.55,212481,0
QQQ.US,5,20251105,193500,625.55,626.15,625.522,626.0912,324079,0
QQQ.US,5,20251105,194000,626.09,626.21,625.97,626.11,247505,0
QQQ.US,5,20251105,194500,626.12,626.27,626.01,626.09,170561,0
QQQ.US,5,20251105,195000,626.1,626.48,626.1,626.38,252194,0
QQQ.US,5,20251105,195500,626.38,626.438,626.21,626.3,184034,0
QQQ.US,5,20251105,200000,626.29,626.29,625.7,625.81,349956,0
QQQ.US,5,20251105,200500,625.81,625.9,625.29,625.54862,309160,0
QQQ.US,5,20251105,201000,625.55,626.11,625.55,625.9224,373784,0
QQQ.US,5,20251105,201500,625.92,626.18,625.86,626.04,205674,0
QQQ.US,5,20251105,202000,626.03,626.38,625.94,626.375,167491,0
QQQ.US,5,20251105,202500,626.37,626.39,625.945,626.01,323352,0
QQQ.US,5,20251105,203000,626.015,626.34,625.95,626.31,197549,0
QQQ.US,5,20251105,203500,626.29,626.475,626.24,626.415,152824,0
QQQ.US,5,20251105,204000,626.41,626.46,626.1602,626.185,171371,0
QQQ.US,5,20251105,204500,626.17,626.2399,626.0101,626.0453,181323,0
QQQ.US,5,20251105,205000,626.03,626.45,626.01,626.43,336659,0
QQQ.US,5,20251105,205500,626.43,626.57,626.24,626.25,411944,0
QQQ.US,5,20251105,210000,626.26,626.6,626.13,626.19,327096,0
QQQ.US,5,20251105,210500,626.18,626.27,625.9,626.1015,322011,0
QQQ.US,5,20251105,211000,626.11,626.25,626.045,626.225,210677,0
QQQ.US,5,20251105,211500,626.227,626.33,625.95,625.97,236654,0
QQQ.US,5,20251105,212000,625.96,626.115,625.655,625.71,270829,0
QQQ.US,5,20251105,212500,625.72,625.76,625.41,625.5448,338645,0
QQQ.US,5,20251105,213000,625.545,625.55,625.09,625.17,381767,0
QQQ.US,5,20251105,213500,625.17,625.4145,624.975,625.1,429063,0
QQQ.US,5,20251105,214000,625.09,625.5,624.81,624.95,555173,0
QQQ.US,5,20251105,214500,624.95,625.12,624.48,624.6,669326,0
QQQ.US,5,20251105,215000,624.59,624.8,624.13,624.26,960423,0
QQQ.US,5,20251105,215500,624.25,624.47,623.06,623.28,1733983,0
QQQ.US,5,20251106,153000,621.79,622.04,620.78,621.13,1234908,0
QQQ.US,5,20251106,153500,621.14,621.6358,620.5,621.12,1007056,0
QQQ.US,5,20251106,154000,621.07,621.23,619.71,620.18,1155788,0
QQQ.US,5,20251106,154500,620.2,621.78,620.1,620.7299,994450,0
QQQ.US,5,20251106,155000,620.72,621.26,618.91,618.91,1099574,0
QQQ.US,5,20251106,155500,618.92,619.17,617.81,617.92,1249186,0
QQQ.US,5,20251106,160000,617.9,617.905,615.5,615.56,1998646,0
QQQ.US,5,20251106,160500,615.57,616.955,615.51,616.17,1352671,0
QQQ.US,5,20251106,161000,616.17,617.35,615.67,615.73,1058910,0
QQQ.US,5,20251106,161500,615.76,617.7001,615.3,617.27,960716,0
QQQ.US,5,20251106,162000,617.26,618.68,617.26,618.3,863635,0
QQQ.US,5,20251106,162500,618.28,618.65,617.65,617.72,729376,0
QQQ.US,5,20251106,163000,617.73,617.92,616.05,616.315,739058,0
QQQ.US,5,20251106,163500,616.28,616.31,613.92,614.23,1180558,0
QQQ.US,5,20251106,164000,614.23,614.51,613.23,613.35,1099457,0
QQQ.US,5,20251106,164500,613.34,614.29,613.06,613.7,938270,0
QQQ.US,5,20251106,165000,613.7,614.27,612.8,613.6999,1060260,0
QQQ.US,5,20251106,165500,613.691,614.14,612.53,612.79,1057351,0
QQQ.US,5,20251106,170000,612.82,614.04,612.72,614,753434,0
QQQ.US,5,20251106,170500,614,614.46,613.2,613.5,631928,0
QQQ.US,5,20251106,171000,613.49,613.91,612.96,613.72,574895,0
QQQ.US,5,20251106,171500,613.69,614.24,612.62,613.11,586769,0
QQQ.US,5,20251106,172000,613.12,613.81,612.47,612.7,597359,0
QQQ.US,5,20251106,172500,612.68,613.72,612.21,613.57,621301,0
QQQ.US,5,20251106,173000,613.54,613.55,612.7,612.8255,458262,0
QQQ.US,5,20251106,173500,612.8,612.82,611.38,611.68,878455,0
QQQ.US,5,20251106,174000,611.66,611.99,610.91,611.76,837195,0
QQQ.US,5,20251106,174500,611.75,611.77,611.01,611.17,519567,0
QQQ.US,5,20251106,175000,611.18,612.38,610.97,612.11,1021995,0
QQQ.US,5,20251106,175500,612.08,612.08,610.37,610.84,1122070,0
QQQ.US,5,20251106,180000,610.84,612.11,610.84,611.94,542995,0
QQQ.US,5,20251106,180500,611.935,612.3,611.14,612.21,634640,0
QQQ.US,5,20251106,181000,612.215,612.97,611.71,611.755,735845,0
QQQ.US,5,20251106,181500,611.75,612.21,611.24,611.82,534397,0
QQQ.US,5,20251106,182000,611.8,611.8,610.71,610.84,502692,0
QQQ.US,5,20251106,182500,610.81,611.49,610.3,611.45,553158,0
QQQ.US,5,20251106,183000,611.42,612.3087,611.08,611.55,589185,0
QQQ.US,5,20251106,183500,611.52,612.37,611.52,611.5682,498829,0
QQQ.US,5,20251106,184000,611.55,612.76,611.49,612.56,525009,0
QQQ.US,5,20251106,184500,612.55,613.5,612.49,613.26,636202,0
QQQ.US,5,20251106,185000,613.29,614.04,613.24,613.93,557303,0
QQQ.US,5,20251106,185500,613.94,614.15,613.41,613.69,442870,0
QQQ.US,5,20251106,190000,613.69,613.96,612.52,612.56,530959,0
QQQ.US,5,20251106,190500,612.55,612.62,611.23,611.3,582255,0
QQQ.US,5,20251106,191000,611.26,611.81,610.99,611.56,490425,0
QQQ.US,5,20251106,191500,611.55,611.96,611.27,611.68,377777,0
QQQ.US,5,20251106,192000,611.7,612.86,611.57,612.81,380653,0
QQQ.US,5,20251106,192500,612.83,613.71,612.76,613.36,381603,0
QQQ.US,5,20251106,193000,613.34,613.9672,613.3,613.7067,398870,0
QQQ.US,5,20251106,193500,613.7,614.48,613.55,614.21,383126,0
QQQ.US,5,20251106,194000,614.22,614.49,614,614.29,291707,0
QQQ.US,5,20251106,194500,614.3,614.36,613.43,614.06,469518,0
QQQ.US,5,20251106,195000,614.09,614.31,613.69,614.133,236658,0
QQQ.US,5,20251106,195500,614.1399,614.19,612.97,613.48,361025,0
QQQ.US,5,20251106,200000,613.47,614.4,613.28,614.35,587481,0
QQQ.US,5,20251106,200500,614.36,615.45,614.3,614.56,632386,0
QQQ.US,5,20251106,201000,614.5501,615.23,614.5501,615.0796,307473,0
QQQ.US,5,20251106,201500,615.08,615.22,614.3,614.75,448170,0
QQQ.US,5,20251106,202000,614.755,615.11,614.54,615,300414,0
QQQ.US,5,20251106,202500,615.015,616.1,615.0118,615.9501,693794,0
QQQ.US,5,20251106,203000,615.95,615.99,615.43,615.74,435128,0
QQQ.US,5,20251106,203500,615.75,616.13,615.64,615.65,308034,0
QQQ.US,5,20251106,204000,615.67,615.68,614.55,615.26,535880,0
QQQ.US,5,20251106,204500,615.2861,615.33,614.38,614.74,254942,0
QQQ.US,5,20251106,205000,614.73,614.98,614.11,614.69,301260,0
QQQ.US,5,20251106,205500,614.67,615.8,614.56,615.285,367291,0
QQQ.US,5,20251106,210000,615.31,615.5,614.68,615.1,323770,0
QQQ.US,5,20251106,210500,615.14,615.46,614.87,615.15,217938,0
QQQ.US,5,20251106,211000,615.13,615.54,614.7001,614.98,267791,0
QQQ.US,5,20251106,211500,614.99,615.17,614.22,614.99,308146,0
QQQ.US,5,20251106,212000,615,615.18,614.65,615.05,231998,0
QQQ.US,5,20251106,212500,615.03,615.26,613.97,614.07,340262,0
QQQ.US,5,20251106,213000,614.07,614.44,613.22,614.3,666355,0
QQQ.US,5,20251106,213500,614.3,614.48,613.46,613.48,367484,0
QQQ.US,5,20251106,214000,613.48,613.78,612.82,612.85,665305,0
QQQ.US,5,20251106,214500,612.87,613.07,611.78,611.8,891812,0
QQQ.US,5,20251106,215000,611.82,612.49,611.4,611.475,1198199,0
QQQ.US,5,20251106,215500,611.475,611.95,610.9488,611.67,2820667,0
QQQ.US,5,20251107,153000,608.31,608.33,606.79,607.125,1860694,0
QQQ.US,5,20251107,153500,607.12,607.185,603.72,603.84,2258952,0
QQQ.US,5,20251107,154000,603.85,605.57,603.68,605.1,1722614,0
QQQ.US,5,20251107,154500,605.115,605.62,604.07,604.1701,1157639,0
QQQ.US,5,20251107,155000,604.16,606.04,604.01,605.61,1228255,0
QQQ.US,5,20251107,155500,605.65,606.8,605.28,606.0077,900602,0
QQQ.US,5,20251107,160000,606,606.25,604.15,604.25,955649,0
QQQ.US,5,20251107,160500,604.26,605.09,602.85,604.985,1186583,0
QQQ.US,5,20251107,161000,604.98,606.23,604.8,606.031,877313,0
QQQ.US,5,20251107,161500,606.03,606.79,605.36,605.88,908475,0
QQQ.US,5,20251107,162000,605.85,606.64,604.5685,604.67,793549,0
QQQ.US,5,20251107,162500,604.69,606.32,604.65,604.94,840735,0
QQQ.US,5,20251107,163000,604.93,605.24,603.69,603.73,895878,0
QQQ.US,5,20251107,163500,603.74,604.8,602.98,603.08,986984,0
QQQ.US,5,20251107,164000,603.0899,603.61,602.43,602.54,809284,0
QQQ.US,5,20251107,164500,602.55,602.96,601.92,602.315,899902,0
QQQ.US,5,20251107,165000,602.31,603.23,601.8,602.17,857755,0
QQQ.US,5,20251107,165500,602.17,602.18,601.41,601.43,850109,0
QQQ.US,5,20251107,170000,601.42,602.34,601.315,601.94,842786,0
QQQ.US,5,20251107,170500,601.92,602.21,601.08,601.16,742236,0
QQQ.US,5,20251107,171000,601.17,601.49,600.34,600.579,1157474,0
QQQ.US,5,20251107,171500,600.58,601.43,600.16,601.35,872275,0
QQQ.US,5,20251107,172000,601.36,601.95,601.1,601.2,729991,0
QQQ.US,5,20251107,172500,601.21,601.4,600.6,600.75,590806,0
QQQ.US,5,20251107,173000,600.75,601.4,600.5,601.29,529118,0
QQQ.US,5,20251107,173500,601.29,601.38,600.03,600.19,597983,0
QQQ.US,5,20251107,174000,600.2,600.96,599.79,600.89,809633,0
QQQ.US,5,20251107,174500,600.91,601.03,599.92,600.11,474865,0
QQQ.US,5,20251107,175000,600.1,601.11,600.04,600.145,627692,0
QQQ.US,5,20251107,175500,600.14,600.29,598.89,599.58,888358,0
QQQ.US,5,20251107,180000,599.57,599.84,599.08,599.11,577695,0
QQQ.US,5,20251107,180500,599.1006,599.58,598.67,599.35,756124,0
QQQ.US,5,20251107,181000,599.36,600.345,598.88,600.16,590564,0
QQQ.US,5,20251107,181500,600.16,600.94,600.095,600.69,616199,0
QQQ.US,5,20251107,182000,600.66,602.16,600.36,601.8,1040262,0
QQQ.US,5,20251107,182500,601.81,602.41,601.33,601.65,676117,0
QQQ.US,5,20251107,183000,601.605,602.29,601.51,601.96,642095,0
QQQ.US,5,20251107,183500,601.95,602.2601,601.03,601.43,513528,0
QQQ.US,5,20251107,184000,601.4399,601.59,600.75,601.13,431373,0
QQQ.US,5,20251107,184500,601.12,601.52,600.1,600.22,495922,0
QQQ.US,5,20251107,185000,600.25,601.02,599.86,600.98,502039,0
QQQ.US,5,20251107,185500,600.97,602.01,600.92,601.92,579227,0
QQQ.US,5,20251107,190000,601.91,602.33,601.73,601.955,582958,0
QQQ.US,5,20251107,190500,601.95,602.55,601.445,602.24,611534,0
QQQ.US,5,20251107,191000,602.2407,602.77,602.16,602.7,609976,0
QQQ.US,5,20251107,191500,602.7,602.88,602.1,602.76,485894,0
QQQ.US,5,20251107,192000,602.78,603.4,602.51,603.39,609107,0
QQQ.US,5,20251107,192500,603.39,603.855,603.39,603.79,561241,0
QQQ.US,5,20251107,193000,603.79,604.17,603.685,603.74,583676,0
QQQ.US,5,20251107,193500,603.74,604.51,603.19,604.4748,548928,0
QQQ.US,5,20251107,194000,604.48,604.63,603.95,604.05,542635,0
QQQ.US,5,20251107,194500,604.05,604.3,602.93,602.99,453100,0
QQQ.US,5,20251107,195000,603.02,603.03,602.27,602.91,458861,0
QQQ.US,5,20251107,195500,602.91,604.365,602.86,603.87,732177,0
QQQ.US,5,20251107,200000,603.88,604.545,603.36,604.125,519021,0
QQQ.US,5,20251107,200500,604.1325,604.585,603.84,604.25,428359,0
QQQ.US,5,20251107,201000,604.28,604.62,603.93,604.53,314095,0
QQQ.US,5,20251107,201500,604.51,604.69,603.89,603.99,335921,0
QQQ.US,5,20251107,202000,604,604.88,604,604.775,351790,0
QQQ.US,5,20251107,202500,604.77,604.77,604.2001,604.59,326799,0
QQQ.US,5,20251107,203000,604.59,605.93,604.59,605.85,739885,0
QQQ.US,5,20251107,203500,605.86,606.87,605.65,606.625,975817,0
QQQ.US,5,20251107,204000,606.635,608.23,606.625,608.03,1114228,0
QQQ.US,5,20251107,204500,608.03,608.06,606.87,607.54,996826,0
QQQ.US,5,20251107,205000,607.54,608.19,607.24,608.14,752560,0
QQQ.US,5,20251107,205500,608.16,608.58,607.41,608.53,709693,0
QQQ.US,5,20251107,210000,608.52,608.81,607.87,608.3,1068882,0
QQQ.US,5,20251107,210500,608.305,608.44,607.27,608.37,1094859,0
QQQ.US,5,20251107,211000,608.38,608.73,608.11,608.3101,460693,0
QQQ.US,5,20251107,211500,608.31,608.4199,607.05,607.51,713327,0
QQQ.US,5,20251107,212000,607.51,607.61,606.66,606.805,560813,0
QQQ.US,5,20251107,212500,606.79,607.65,606.34,607.085,635245,0
QQQ.US,5,20251107,213000,607.09,608.13,607.07,607.67,484089,0
QQQ.US,5,20251107,213500,607.68,608.33,607.65,608.27,441174,0
QQQ.US,5,20251107,214000,608.28,609.06,607.73,608.94,597842,0
QQQ.US,5,20251107,214500,608.93,608.96,607.35,607.35,769986,0
QQQ.US,5,20251107,215000,607.37,608.83,607.37,608.33,1336354,0
QQQ.US,5,20251107,215500,608.32,609.95,608.11,609.74,2894337,0
QQQ.US,5,20251110,153000,618.92,620.17,618.58,619.675,2328560,0
QQQ.US,5,20251110,153500,619.67,620.81,619.67,620.67,1104516,0
QQQ.US,5,20251110,154000,620.67,621.36,620.61,621.12,1213076,0
QQQ.US,5,20251110,154500,621.11,621.51,620.66,620.79,1015469,0
QQQ.US,5,20251110,155000,620.7799,620.84,620.11,620.72,794481,0
QQQ.US,5,20251110,155500,620.72,621.77,620.55,621.29,755249,0
QQQ.US,5,20251110,160000,621.28,621.5465,620.91,621.36,695871,0
QQQ.US,5,20251110,160500,621.38,621.64,621.15,621.415,545381,0
QQQ.US,5,20251110,161000,621.415,621.9,620.9,620.99,731652,0
QQQ.US,5,20251110,161500,621.02,621.52,620.69,621.03,677978,0
QQQ.US,5,20251110,162000,621.02,621.78,620.9,621.77,575484,0
QQQ.US,5,20251110,162500,621.77,622.04,621.38,621.46,583999,0
QQQ.US,5,20251110,163000,621.48,621.86,621.32,621.73,432379,0
QQQ.US,5,20251110,163500,621.73,621.98,621.09,621.18,457741,0
QQQ.US,5,20251110,164000,621.2,621.31,620.79,620.83,516810,0
QQQ.US,5,20251110,164500,620.82,621.17,620.39,620.56,584067,0
QQQ.US,5,20251110,165000,620.57,620.59,618.99,619.4,1042334,0
QQQ.US,5,20251110,165500,619.35,619.37,618.43,618.57,748175,0
QQQ.US,5,20251110,170000,618.59,618.63,617.85,618.16,775007,0
QQQ.US,5,20251110,170500,618.16,618.75,617.37,618.31,763015,0
QQQ.US,5,20251110,171000,618.31,618.94,618.06,618.305,530265,0
QQQ.US,5,20251110,171500,618.29,618.69,617.9,618.47,317290,0
QQQ.US,5,20251110,172000,618.46,618.6651,617.48,617.81,411683,0
QQQ.US,5,20251110,172500,617.81,618.1751,617.6,617.65,324039,0
QQQ.US,5,20251110,173000,617.61,618.45,617.61,617.95,446340,0
QQQ.US,5,20251110,173500,617.96,618.08,617.46,617.58,311539,0
QQQ.US,5,20251110,174000,617.58,617.8,616.89,617.65,411013,0
QQQ.US,5,20251110,174500,617.65,617.82,617.12,617.7,347988,0
QQQ.US,5,20251110,175000,617.67,618.02,617.18,617.3,367437,0
QQQ.US,5,20251110,175500,617.29,618.63,617.21,618.5602,382868,0
QQQ.US,5,20251110,180000,618.57,619.57,618.32,619.455,492098,0
QQQ.US,5,20251110,180500,619.4293,619.87,619.09,619.195,422116,0
QQQ.US,5,20251110,181000,619.205,619.28,618.43,618.49,387916,0
QQQ.US,5,20251110,181500,618.5,619.06,618.24,618.93,291395,0
QQQ.US,5,20251110,182000,618.9101,619.34,618.7,618.97,213976,0
QQQ.US,5,20251110,182500,618.96,619.65,618.96,619.2401,191976,0
QQQ.US,5,20251110,183000,619.28,619.88,619.28,619.735,276951,0
QQQ.US,5,20251110,183500,619.74,620.21,619.68,620.11,290675,0
QQQ.US,5,20251110,184000,620.11,620.78,620.065,620.2387,460655,0
QQQ.US,5,20251110,184500,620.29,620.9,620.2833,620.705,205487,0
QQQ.US,5,20251110,185000,620.71,621.29,620.7,621.225,451570,0
QQQ.US,5,20251110,185500,621.23,621.55,621.13,621.262,377958,0
QQQ.US,5,20251110,190000,621.28,621.67,621.25,621.4001,384413,0
QQQ.US,5,20251110,190500,621.42,621.69,621.34,621.5001,339997,0
QQQ.US,5,20251110,191000,621.52,621.72,621.48,621.56,211731,0
QQQ.US,5,20251110,191500,621.57,621.81,621.49,621.6388,244351,0
QQQ.US,5,20251110,192000,621.63,621.7285,621.36,621.709,222926,0
QQQ.US,5,20251110,192500,621.7,621.75,621.1123,621.192,287536,0
QQQ.US,5,20251110,193000,621.2,621.945,621.2,621.73,410907,0
QQQ.US,5,20251110,193500,621.73,622.18,621.729,622.08,431322,0
QQQ.US,5,20251110,194000,622.09,622.2,621.87,622.0998,280683,0
QQQ.US,5,20251110,194500,622.1,622.39,622.02,622.38,266514,0
QQQ.US,5,20251110,195000,622.37,622.4156,622.06,622.1,229870,0
QQQ.US,5,20251110,195500,622.12,622.12,621.5,621.55,287777,0
QQQ.US,5,20251110,200000,621.56,621.97,621.44,621.94,327851,0
QQQ.US,5,20251110,200500,621.94,622.26,621.88,622.19,289156,0
QQQ.US,5,20251110,201000,622.185,622.235,621.65,621.93,343721,0
QQQ.US,5,20251110,201500,621.935,622.29,621.81,622.2,224974,0
QQQ.US,5,20251110,202000,622.2,622.265,622.065,622.2336,154630,0
QQQ.US,5,20251110,202500,622.22,622.76,622.22,622.52,381036,0
QQQ.US,5,20251110,203000,622.53,622.6301,622.33,622.34,257532,0
QQQ.US,5,20251110,203500,622.3399,622.71,622.28,622.69,187391,0
QQQ.US,5,20251110,204000,622.66,622.88,622.56,622.81,229583,0
QQQ.US,5,20251110,204500,622.81,622.98,622.71,622.8244,285429,0
QQQ.US,5,20251110,205000,622.835,623.24,622.7502,623.12,362886,0
QQQ.US,5,20251110,205500,623.12,623.25,622.825,622.897,293533,0
QQQ.US,5,20251110,210000,622.9,623.18,622.8793,623.1499,340699,0
QQQ.US,5,20251110,210500,623.15,623.335,622.97,623.225,408958,0
QQQ.US,5,20251110,211000,623.22,623.55,623.18,623.465,405291,0
QQQ.US,5,20251110,211500,623.46,623.4645,622.92,623.175,409182,0
QQQ.US,5,20251110,212000,623.175,623.23,622.77,623.05,384020,0
QQQ.US,5,20251110,212500,623.04,623.37,622.98,623.085,320226,0
QQQ.US,5,20251110,213000,623.08,623.14,622.81,623.07,325637,0
QQQ.US,5,20251110,213500,623.065,623.75,622.94,623.615,486533,0
QQQ.US,5,20251110,214000,623.61,623.76,623.37,623.72,466811,0
QQQ.US,5,20251110,214500,623.71,624.22,623.53,624.18,733460,0
QQQ.US,5,20251110,215000,624.175,624.31,623.59,624,950080,0
QQQ.US,5,20251110,215500,624.01,624.08,623.1174,623.21,1965184,0
QQQ.US,5,20251111,153000,620.57,621.31,620.35,620.86,1261723,0
QQQ.US,5,20251111,153500,620.88,621.57,620.59,620.93,969103,0
QQQ.US,5,20251111,154000,620.93,621.05,620.15,620.67,643939,0
QQQ.US,5,20251111,154500,620.67,621.0355,619.92,620.01,618103,0
QQQ.US,5,20251111,155000,620.04,620.11,619.48,619.8507,588345,0
QQQ.US,5,20251111,155500,619.85,621.2512,619.512,621.0909,752080,0
QQQ.US,5,20251111,160000,621.09,621.12,620.32,620.37,460619,0
QQQ.US,5,20251111,160500,620.36,620.58,619.1,619.97,797485,0
QQQ.US,5,20251111,161000,619.99,620.4,619.41,619.7199,414640,0
QQQ.US,5,20251111,161500,619.717,619.72,618.88,619.01,437086,0
QQQ.US,5,20251111,162000,619.01,619.76,618.82,619.56,391736,0
QQQ.US,5,20251111,162500,619.55,619.94,618.84,619.12,317374,0
QQQ.US,5,20251111,163000,619.14,619.29,618.16,618.4,535842,0
QQQ.US,5,20251111,163500,618.4051,618.61,618.03,618.56,484769,0
QQQ.US,5,20251111,164000,618.57,619.25,618.33,618.98,472756,0
QQQ.US,5,20251111,164500,618.95,619.16,618.11,618.52,347728,0
QQQ.US,5,20251111,165000,618.52,618.52,617.81,618.0299,418854,0
QQQ.US,5,20251111,165500,618.03,618.48,617.69,618.33,465759,0
QQQ.US,5,20251111,170000,618.33,619.01,618.24,618.45,353346,0
QQQ.US,5,20251111,170500,618.47,618.83,618.19,618.27,224848,0
QQQ.US,5,20251111,171000,618.25,619.03,618.24,618.51,205279,0
QQQ.US,5,20251111,171500,618.52,619.475,618.38,619.4401,347043,0
QQQ.US,5,20251111,172000,619.44,620.23,619.2,620.02,549029,0
QQQ.US,5,20251111,172500,620.03,620.1,618.23,618.31,404432,0
QQQ.US,5,20251111,173000,618.33,618.66,617.52,618.54,598597,0
QQQ.US,5,20251111,173500,618.53,618.92,618.24,618.41,271310,0
QQQ.US,5,20251111,174000,618.41,618.88,618.08,618.43,263964,0
QQQ.US,5,20251111,174500,618.43,618.8899,618.3,618.768,268236,0
QQQ.US,5,20251111,175000,618.76,618.96,618.24,618.78,300566,0
QQQ.US,5,20251111,175500,618.77,618.8299,618.12,618.26,271167,0
QQQ.US,5,20251111,180000,618.26,618.9297,618.19,618.8956,236203,0
QQQ.US,5,20251111,180500,618.93,619.83,618.93,619.43,396785,0
QQQ.US,5,20251111,181000,619.47,619.6299,619.045,619.53,270043,0
QQQ.US,5,20251111,181500,619.54,620.07,619.51,620.03,432910,0
QQQ.US,5,20251111,182000,620.025,620.35,619.81,620.02,349742,0
QQQ.US,5,20251111,182500,620.04,620.07,619.195,619.55,366203,0
QQQ.US,5,20251111,183000,619.58,619.84,619.5302,619.76,195565,0
QQQ.US,5,20251111,183500,619.725,619.95,619.5,619.6701,154967,0
QQQ.US,5,20251111,184000,619.68,620.07,619.53,620.05,152321,0
QQQ.US,5,20251111,184500,620.05,620.36,619.82,620.25,199020,0
QQQ.US,5,20251111,185000,620.25,621.01,620.11,620.73,467420,0
QQQ.US,5,20251111,185500,620.73,621.18,620.7,620.87,309267,0
QQQ.US,5,20251111,190000,620.85,621.4,620.68,621.1099,369931,0
QQQ.US,5,20251111,190500,621.11,621.46,620.99,621.0099,307304,0
QQQ.US,5,20251111,191000,621.02,621.39,621.015,621.16,252052,0
QQQ.US,5,20251111,191500,621.17,621.82,621.01,621.81,332884,0
QQQ.US,5,20251111,192000,621.8145,622.16,621.28,621.538,431285,0
QQQ.US,5,20251111,192500,621.55,621.68,621,621.45,377515,0
QQQ.US,5,20251111,193000,621.4499,621.75,621.17,621.3,232030,0
QQQ.US,5,20251111,193500,621.3,621.33,620.6,621.11,398206,0
QQQ.US,5,20251111,194000,621.15,621.89,621.1092,621.74,443385,0
QQQ.US,5,20251111,194500,621.74,622.18,621.69,622.095,350103,0
QQQ.US,5,20251111,195000,622.09,622.4,621.88,622.21,416320,0
QQQ.US,5,20251111,195500,622.21,622.72,622.1624,622.59,521668,0
QQQ.US,5,20251111,200000,622.59,622.6,621.69,622.17,390642,0
QQQ.US,5,20251111,200500,622.18,622.3,621.4,621.56,312598,0
QQQ.US,5,20251111,201000,621.54,622.1201,621.45,621.955,288093,0
QQQ.US,5,20251111,201500,621.99,622.36,621.74,621.8,259056,0
QQQ.US,5,20251111,202000,621.81,622.005,621.65,621.9303,215866,0
QQQ.US,5,20251111,202500,621.93,622.13,621.77,621.93,359154,0
QQQ.US,5,20251111,203000,621.93,622.22,621.9,621.911,250716,0
QQQ.US,5,20251111,203500,621.91,622.08,621.68,621.84,244324,0
QQQ.US,5,20251111,204000,621.83,621.965,621.66,621.7,188702,0
QQQ.US,5,20251111,204500,621.7,622.24,621.52,622.05,292791,0
QQQ.US,5,20251111,205000,622.06,622.16,621.9,622.11,209287,0
QQQ.US,5,20251111,205500,622.1145,622.29,621.8,621.94,265850,0
QQQ.US,5,20251111,210000,621.955,622.1518,621.9,622.14,213888,0
QQQ.US,5,20251111,210500,622.14,622.28,621.98,621.9925,237944,0
QQQ.US,5,20251111,211000,621.99,622.3897,621.94,622.23,240654,0
QQQ.US,5,20251111,211500,622.235,622.27,621.88,621.97,219632,0
QQQ.US,5,20251111,212000,621.98,622.09,621.58,621.86,322283,0
QQQ.US,5,20251111,212500,621.8501,622.08,621.68,621.85,388968,0
QQQ.US,5,20251111,213000,621.84,622.07,621.45,621.87,455212,0
QQQ.US,5,20251111,213500,621.85,621.92,621.62,621.6818,255416,0
QQQ.US,5,20251111,214000,621.68,621.94,621.52,621.92,372461,0
QQQ.US,5,20251111,214500,621.92,621.98,621.66,621.77,468021,0
QQQ.US,5,20251111,215000,621.76,622.6,621.67,622.08,900498,0
QQQ.US,5,20251111,215500,622.07,622.08,620.89,621.51,2422232,0
QQQ.US,5,20251112,153000,624.84,624.86,622.33,622.4213,1538905,0
QQQ.US,5,20251112,153500,622.43,623.06,622.2,622.51,863109,0
QQQ.US,5,20251112,154000,622.51,622.68,621.4,621.59,897130,0
QQQ.US,5,20251112,154500,621.59,621.8863,619.82,619.95,1042380,0
QQQ.US,5,20251112,155000,619.97,620.91,619.72,620.37,896846,0
QQQ.US,5,20251112,155500,620.36,620.49,619.6,620.35,761389,0
QQQ.US,5,20251112,160000,620.36,621.36,620.09,621.1149,891287,0
QQQ.US,5,20251112,160500,621.11,621.86,620.4,621.7999,601227,0
QQQ.US,5,20251112,161000,621.78,621.96,620.16,620.36,751602,0
QQQ.US,5,20251112,161500,620.36,620.8256,620.05,620.125,522544,0
QQQ.US,5,20251112,162000,620.14,620.95,619.89,620.49,456384,0
QQQ.US,5,20251112,162500,620.49,621.17,620.25,620.81,385686,0
QQQ.US,5,20251112,163000,620.82,621.03,619.89,619.925,479900,0
QQQ.US,5,20251112,163500,619.94,620.2,618.84,620.12,1112600,0
QQQ.US,5,20251112,164000,620.13,620.64,619.99,620.4,532925,0
QQQ.US,5,20251112,164500,620.4099,620.72,619.54,619.7601,429972,0
QQQ.US,5,20251112,165000,619.76,619.94,618.93,619.25,528072,0
QQQ.US,5,20251112,165500,619.25,619.98,618.95,619.41,462494,0
QQQ.US,5,20251112,170000,619.44,619.71,619,619.05,426255,0
QQQ.US,5,20251112,170500,619.06,619.53,618.82,619.0099,373833,0
QQQ.US,5,20251112,171000,619.03,619.09,617.98,618.325,711450,0
QQQ.US,5,20251112,171500,618.325,619.2,618.325,619.06,524210,0
QQQ.US,5,20251112,172000,619.06,619.3,618.75,618.88,406310,0
QQQ.US,5,20251112,172500,618.8885,620.2,618.84,620.03,495350,0
QQQ.US,5,20251112,173000,620.04,620.66,619.67,619.89,598617,0
QQQ.US,5,20251112,173500,619.91,620.555,619.77,619.79,352335,0
QQQ.US,5,20251112,174000,619.79,619.98,619.1886,619.2499,345711,0
QQQ.US,5,20251112,174500,619.26,619.67,617.81,618.24,618605,0
QQQ.US,5,20251112,175000,618.2501,619.2,618.25,618.491,513289,0
QQQ.US,5,20251112,175500,618.51,619.5,618.47,618.85,329063,0
QQQ.US,5,20251112,180000,618.84,619.09,618.57,619.01,242123,0
QQQ.US,5,20251112,180500,619.02,619.6501,618.96,619.01,383759,0
QQQ.US,5,20251112,181000,619.02,619.4699,618.56,619.4,344763,0
QQQ.US,5,20251112,181500,619.4,619.9,618.6,618.75,383648,0
QQQ.US,5,20251112,182000,618.7899,619.67,618.715,619.4,290992,0
QQQ.US,5,20251112,182500,619.41,619.7,619.14,619.43,178725,0
QQQ.US,5,20251112,183000,619.41,619.8,619.34,619.74,192008,0
QQQ.US,5,20251112,183500,619.75,620.88,619.7047,620.72,377573,0
QQQ.US,5,20251112,184000,620.705,621.16,620.34,620.38,451403,0
QQQ.US,5,20251112,184500,620.4,620.765,619.75,619.835,344302,0
QQQ.US,5,20251112,185000,619.84,620.07,619.312,619.9,356301,0
QQQ.US,5,20251112,185500,619.88,620.91,619.7,620.71,316905,0
QQQ.US,5,20251112,190000,620.71,620.88,620.48,620.8222,384524,0
QQQ.US,5,20251112,190500,620.8,620.86,620.12,620.15,319503,0
QQQ.US,5,20251112,191000,620.185,620.83,620.1,620.795,296846,0
QQQ.US,5,20251112,191500,620.78,621.18,620.71,621.07,298536,0
QQQ.US,5,20251112,192000,621.06,621.06,620.53,620.72,347147,0
QQQ.US,5,20251112,192500,620.73,621.01,620.3167,620.745,314130,0
QQQ.US,5,20251112,193000,620.7301,621.09,620.5803,620.8,386651,0
QQQ.US,5,20251112,193500,620.8,621.125,620.62,621.1083,238225,0
QQQ.US,5,20251112,194000,621.11,621.405,620.72,620.75,347064,0
QQQ.US,5,20251112,194500,620.76,621.15,620.2,620.345,364417,0
QQQ.US,5,20251112,195000,620.35,620.9435,620.35,620.75,257284,0
QQQ.US,5,20251112,195500,620.74,621.02,620.71,620.8101,221798,0
QQQ.US,5,20251112,200000,620.82,621.0915,620.61,620.77,270250,0
QQQ.US,5,20251112,200500,620.75,620.91,620.32,620.885,285163,0
QQQ.US,5,20251112,201000,620.88,620.89,620.26,620.31,228606,0
QQQ.US,5,20251112,201500,620.31,620.41,620.01,620.29,295225,0
QQQ.US,5,20251112,202000,620.2801,620.621,620.0789,620.17,227545,0
QQQ.US,5,20251112,202500,620.18,620.62,619.715,620.01,261852,0
QQQ.US,5,20251112,203000,620.02,620.115,619.36,619.92,404956,0
QQQ.US,5,20251112,203500,619.92,620.33,619.78,620.19,237140,0
QQQ.US,5,20251112,204000,620.19,620.44,619.88,620.07,256316,0
QQQ.US,5,20251112,204500,620.0799,620.43,619.95,620.02,224891,0
QQQ.US,5,20251112,205000,620.02,620.445,619.83,620.42,260192,0
QQQ.US,5,20251112,205500,620.41,620.54,619.68,620.04,296258,0
QQQ.US,5,20251112,210000,620.01,620.09,619.45,619.82,320330,0
QQQ.US,5,20251112,210500,619.81,619.81,619.16,619.55,407809,0
QQQ.US,5,20251112,211000,619.54,619.65,619.35,619.59,229513,0
QQQ.US,5,20251112,211500,619.59,620.04,619.31,620.04,346108,0
QQQ.US,5,20251112,212000,620.03,620.15,619.73,620.11,196047,0
QQQ.US,5,20251112,212500,620.1,620.61,620.035,620.54,327570,0
QQQ.US,5,20251112,213000,620.55,621.42,620.38,621.29,436764,0
QQQ.US,5,20251112,213500,621.3,621.415,620.4793,620.72,403841,0
QQQ.US,5,20251112,214000,620.75,621.12,620.74,621.05,327639,0
QQQ.US,5,20251112,214500,621.055,621.085,620.6,620.87,353728,0
QQQ.US,5,20251112,215000,620.87,621.7,620.79,620.92,860041,0
QQQ.US,5,20251112,215500,620.92,621.13,620.29,621.07,1350366,0
QQQ.US,5,20251113,153000,617.54,618.12,616.34,616.52,1293654,0
QQQ.US,5,20251113,153500,616.51,616.7687,614.58,614.75,1114689,0
QQQ.US,5,20251113,154000,614.72,615.1,612.99,613.11,1081126,0
QQQ.US,5,20251113,154500,613.1001,614.37,612.84,613.74,1061033,0
QQQ.US,5,20251113,155000,613.7,615.42,613.68,614.64,785130,0
QQQ.US,5,20251113,155500,614.67,616.13,614.52,615.25,786964,0
QQQ.US,5,20251113,160000,615.27,616.03,613.87,614.13,889999,0
QQQ.US,5,20251113,160500,614.14,616.7303,614.09,616.65,841620,0
QQQ.US,5,20251113,161000,616.68,617.53,616.0815,617.36,617357,0
QQQ.US,5,20251113,161500,617.33,618.04,616.52,616.58,758440,0
QQQ.US,5,20251113,162000,616.59,616.85,615.33,615.96,617378,0
QQQ.US,5,20251113,162500,615.97,616.12,614.995,615.31,505492,0
QQQ.US,5,20251113,163000,615.32,615.35,613.66,613.7,616122,0
QQQ.US,5,20251113,163500,613.68,614.24,613.02,613.76,884169,0
QQQ.US,5,20251113,164000,613.7523,614.14,612.98,613.13,461082,0
QQQ.US,5,20251113,164500,613.13,613.21,611.52,611.84,843063,0
QQQ.US,5,20251113,165000,611.86,612.03,610.98,611.13,762943,0
QQQ.US,5,20251113,165500,611.145,612.37,610.8,612.31,1066336,0
QQQ.US,5,20251113,170000,612.2901,612.77,611.285,611.35,661700,0
QQQ.US,5,20251113,170500,611.37,611.75,610.69,611.64,665240,0
QQQ.US,5,20251113,171000,611.64,611.64,610.95,611.57,484043,0
QQQ.US,5,20251113,171500,611.57,612.2,610.42,611.15,705362,0
QQQ.US,5,20251113,172000,611.145,611.98,610.7,610.7,571795,0
QQQ.US,5,20251113,172500,610.73,611.72,610.55,611.46,504155,0
QQQ.US,5,20251113,173000,611.45,612.27,611.2,612.08,466289,0
QQQ.US,5,20251113,173500,612.06,612.41,610.31,610.36,898785,0
QQQ.US,5,20251113,174000,610.36,610.62,609.88,610.29,775401,0
QQQ.US,5,20251113,174500,610.29,611.125,610.06,610.92,574114,0
QQQ.US,5,20251113,175000,610.92,611.38,610.17,610.42,674354,0
QQQ.US,5,20251113,175500,610.44,610.94,609.96,610.68,526563,0
QQQ.US,5,20251113,180000,610.68,611.28,610.22,611.22,692643,0
QQQ.US,5,20251113,180500,611.26,611.69,610.18,610.24,739460,0
QQQ.US,5,20251113,181000,610.24,610.66,609.68,610.21,649384,0
QQQ.US,5,20251113,181500,610.22,611.42,610.19,610.76,773845,0
QQQ.US,5,20251113,182000,610.76,611.77,610.69,611.5199,598555,0
QQQ.US,5,20251113,182500,611.53,612.01,611.03,611.67,535220,0
QQQ.US,5,20251113,183000,611.67,612.18,611.62,611.89,373702,0
QQQ.US,5,20251113,183500,611.91,611.94,610.98,611.83,494459,0
QQQ.US,5,20251113,184000,611.81,611.87,610.56,610.6099,342132,0
QQQ.US,5,20251113,184500,610.59,610.66,609.54,610.2,561763,0
QQQ.US,5,20251113,185000,610.18,610.31,609.57,609.92,493428,0
QQQ.US,5,20251113,185500,609.9212,609.95,609.05,609.32,465281,0
QQQ.US,5,20251113,190000,609.37,609.76,609.2,609.37,498489,0
QQQ.US,5,20251113,190500,609.38,610,609.08,609.18,502103,0
QQQ.US,5,20251113,191000,609.1602,609.9201,608.81,609.73,574117,0
QQQ.US,5,20251113,191500,609.72,609.9,608.61,608.72,487190,0
QQQ.US,5,20251113,192000,608.73,609.14,608.31,608.5499,510602,0
QQQ.US,5,20251113,192500,608.52,608.56,607.51,607.81,674527,0
QQQ.US,5,20251113,193000,607.8,607.81,607.23,607.2801,690378,0
QQQ.US,5,20251113,193500,607.3,607.48,606.38,606.6713,773061,0
QQQ.US,5,20251113,194000,606.67,607.5,606.32,607.5,582661,0
QQQ.US,5,20251113,194500,607.5,607.95,606.91,607.2299,555324,0
QQQ.US,5,20251113,195000,607.24,607.68,606.96,607.13,394323,0
QQQ.US,5,20251113,195500,607.1195,607.88,607.0579,607.7399,355605,0
QQQ.US,5,20251113,200000,607.74,608,606.58,606.96,507087,0
QQQ.US,5,20251113,200500,607,607.4201,606.59,607.13,444369,0
QQQ.US,5,20251113,201000,607.11,607.45,606.47,606.68,421748,0
QQQ.US,5,20251113,201500,606.68,607.38,606.46,606.845,383407,0
QQQ.US,5,20251113,202000,606.87,608.08,606.79,607.9,477565,0
QQQ.US,5,20251113,202500,607.89,609.07,607.86,609.02,653098,0
QQQ.US,5,20251113,203000,608.995,609.11,608.18,608.91,477049,0
QQQ.US,5,20251113,203500,608.88,609.25,607.99,608.553,454771,0
QQQ.US,5,20251113,204000,608.57,608.57,607.56,608.23,444777,0
QQQ.US,5,20251113,204500,608.23,608.53,607.16,607.4482,461795,0
QQQ.US,5,20251113,205000,607.48,608.16,607,607.03,334006,0
QQQ.US,5,20251113,205500,607.0253,607.6242,606.08,607.33,628061,0
QQQ.US,5,20251113,210000,607.32,607.82,607.07,607.145,555873,0
QQQ.US,5,20251113,210500,607.15,607.79,606.66,607.68,462054,0
QQQ.US,5,20251113,211000,607.6899,607.96,607.15,607.58,390115,0
QQQ.US,5,20251113,211500,607.6,607.98,606.975,607.14,531283,0
QQQ.US,5,20251113,212000,607.13,607.275,606.4,607.18,532867,0
QQQ.US,5,20251113,212500,607.23,607.83,606.75,607.77,726878,0
QQQ.US,5,20251113,213000,607.78,608.34,607.59,608.27,749086,0
QQQ.US,5,20251113,213500,608.27,609.32,608.19,609.07,951501,0
QQQ.US,5,20251113,214000,609.09,609.53,608.45,608.86,925978,0
QQQ.US,5,20251113,214500,608.86,609.3,608.05,608.07,856306,0
QQQ.US,5,20251113,215000,608.07,609.06,606.83,606.97,1484496,0
QQQ.US,5,20251113,215500,606.97,608.47,606.96,608.45,2877429,0
QQQ.US,5,20251114,153000,599.55,600.43,597.17,597.64,2659652,0
QQQ.US,5,20251114,153500,597.6125,601.86,597.605,601.45,2278179,0
QQQ.US,5,20251114,154000,601.42,602.5,600.79,602.27,1822793,0
QQQ.US,5,20251114,154500,602.275,604.26,601.9,603.75,1833497,0
QQQ.US,5,20251114,155000,603.75,605.19,602.87,604.62,1610496,0
QQQ.US,5,20251114,155500,604.535,605.55,604.42,605.16,1488521,0
QQQ.US,5,20251114,160000,605.14,605.33,603.889,604.11,1182561,0
QQQ.US,5,20251114,160500,604.11,605.87,603.77,604.80668,1024425,0
QQQ.US,5,20251114,161000,604.78,605.59,602.93,603.72,1130928,0
QQQ.US,5,20251114,161500,603.7,605.94,603.57,604.61,1188438,0
QQQ.US,5,20251114,162000,604.61,605.3199,604.05,604.52,845041,0
QQQ.US,5,20251114,162500,604.52,606.93,603.89,606.49,1158129,0
QQQ.US,5,20251114,163000,606.48,606.91,605.72,606.52,878848,0
QQQ.US,5,20251114,163500,606.49,608.21,606.24,608.11,1063780,0
QQQ.US,5,20251114,164000,608.11,608.67,607.68,608.56,1060433,0
QQQ.US,5,20251114,164500,608.5599,610.57,608.3,609.9299,1330736,0
QQQ.US,5,20251114,165000,609.92,610.37,609.22,609.7,721304,0
QQQ.US,5,20251114,165500,609.68,609.82,608.625,609.73,790304,0
QQQ.US,5,20251114,170000,609.73,610.16,608.4,608.658,618105,0
QQQ.US,5,20251114,170500,608.63,608.96,607.43,608.94,638830,0
QQQ.US,5,20251114,171000,608.97,609.72,608.785,609.1,484527,0
QQQ.US,5,20251114,171500,609.09,610.56,609.09,610.41,525105,0
QQQ.US,5,20251114,172000,610.4,611.61,609.94,611.6,802316,0
QQQ.US,5,20251114,172500,611.6,612.74,611.555,612.08,782286,0
QQQ.US,5,20251114,173000,612.12,612.23,611.28,611.49,717643,0
QQQ.US,5,20251114,173500,611.48,612.56,611.33,612.27,491442,0
QQQ.US,5,20251114,174000,612.27,612.71,611.16,611.43,631103,0
QQQ.US,5,20251114,174500,611.41,611.7,610.55,611.65,561391,0
QQQ.US,5,20251114,175000,611.63,612.26,611.61,612.12,411675,0
QQQ.US,5,20251114,175500,612.15,612.515,611.77,612.27,407085,0
QQQ.US,5,20251114,180000,612.23,612.33,611.63,612.25,374937,0
QQQ.US,5,20251114,180500,612.23,612.65,611.85,612.5699,422707,0
QQQ.US,5,20251114,181000,612.55,613.35,612.55,613.02,641806,0
QQQ.US,5,20251114,181500,613.02,613.14,612.36,612.75,506057,0
QQQ.US,5,20251114,182000,612.77,613.01,612.39,612.58,327912,0
QQQ.US,5,20251114,182500,612.56,612.8,611.86,612.62,606159,0
QQQ.US,5,20251114,183000,612.63,612.67,611.69,612.14,453390,0
QQQ.US,5,20251114,183500,612.14,613.13,612.08,612.97,503430,0
QQQ.US,5,20251114,184000,612.96,613.01,611.96,612.2,531293,0
QQQ.US,5,20251114,184500,612.18,612.66,611.05,611.11,442212,0
QQQ.US,5,20251114,185000,611.12,611.58,610.14,611.35,640820,0
QQQ.US,5,20251114,185500,611.33,611.54,610.7315,611.175,332280,0
QQQ.US,5,20251114,190000,611.15,611.21,609.54,609.64,724563,0
QQQ.US,5,20251114,190500,609.65,610.38,609.19,610.38,657625,0
QQQ.US,5,20251114,191000,610.37,611.68,609.98,611.57,656413,0
QQQ.US,5,20251114,191500,611.57,611.58,609.96,610.24,533676,0
QQQ.US,5,20251114,192000,610.26,610.36,609.21,609.75,549535,0
QQQ.US,5,20251114,192500,609.79,610.32,609.43,610.27,369429,0
QQQ.US,5,20251114,193000,610.27,610.82,609.87,610.53,474287,0
QQQ.US,5,20251114,193500,610.5,610.6118,608.98,609.18,468370,0
QQQ.US,5,20251114,194000,609.175,609.29,608.38,608.57,761609,0
QQQ.US,5,20251114,194500,608.55,609.01,608.42,608.87,468461,0
QQQ.US,5,20251114,195000,608.89,610.84,608.89,610.76,564641,0
QQQ.US,5,20251114,195500,610.75,611.02,610.05,610.41,471440,0
QQQ.US,5,20251114,200000,610.42,610.69,609.852,609.97,420304,0
QQQ.US,5,20251114,200500,610,610.33,609.26,609.66,482246,0
QQQ.US,5,20251114,201000,609.65,610.07,609.27,609.93,347721,0
QQQ.US,5,20251114,201500,609.94,610.5,609.9,610.17,329002,0
QQQ.US,5,20251114,202000,610.16,611.605,610.155,611.448,525436,0
QQQ.US,5,20251114,202500,611.45,611.5,610.66,611.175,340649,0
QQQ.US,5,20251114,203000,611.17,611.54,610.69,610.97,329987,0
QQQ.US,5,20251114,203500,610.99,611.5,610.78,611.355,240788,0
QQQ.US,5,20251114,204000,611.36,611.4,610.95,611.16,311786,0
QQQ.US,5,20251114,204500,611.2,612.11,611.15,611.45,450109,0
QQQ.US,5,20251114,205000,611.38,612.07,611.28,611.63,290438,0
QQQ.US,5,20251114,205500,611.6236,611.93,611.29,611.782,345465,0
QQQ.US,5,20251114,210000,611.8,612.34,611.59,611.93,511194,0
QQQ.US,5,20251114,210500,611.94,612,610.9,611.1,458468,0
QQQ.US,5,20251114,211000,611.12,611.6,610.66,610.8,386229,0
QQQ.US,5,20251114,211500,610.81,610.97,609.885,610.03,515005,0
QQQ.US,5,20251114,212000,610.02,610.16,609.25,609.77,631202,0
QQQ.US,5,20251114,212500,609.76,609.95,609.32,609.68,394294,0
QQQ.US,5,20251114,213000,609.67,610.21,609.3,609.92,494198,0
QQQ.US,5,20251114,213500,609.9244,610.165,609.28,609.47,574081,0
QQQ.US,5,20251114,214000,609.47,609.49,608.78,608.88,677431,0
QQQ.US,5,20251114,214500,608.88,609.38,607.98,608.0193,761874,0
QQQ.US,5,20251114,215000,608,609.025,607.99,608.34,1245902,0
QQQ.US,5,20251114,215500,608.34,608.88,608.13,608.86,2522307,0
QQQ.US,5,20251117,153000,606.3,608.72,605.24,608.6113,1617590,0
QQQ.US,5,20251117,153500,608.62,610.62,608.32,610.4885,1277148,0
QQQ.US,5,20251117,154000,610.47,611.17,609.74,610.17,1046433,0
QQQ.US,5,20251117,154500,610.19,611.86,610.03,611.64,899201,0
QQQ.US,5,20251117,155000,611.63,612.46,611.53,612.08,822992,0
QQQ.US,5,20251117,155500,612.07,612.48,610.93,611.15,826211,0
QQQ.US,5,20251117,160000,611.15,611.58,608.83,609.2,936326,0
QQQ.US,5,20251117,160500,609.18,610.19,607.82,608.295,974622,0
QQQ.US,5,20251117,161000,608.32,609.83,608.25,609.3901,782227,0
QQQ.US,5,20251117,161500,609.41,609.77,607.68,607.95,585831,0
QQQ.US,5,20251117,162000,607.92,609.43,607.75,608.6493,737100,0
QQQ.US,5,20251117,162500,608.67,610.13,608.04,609.68,604328,0
QQQ.US,5,20251117,163000,609.65,610.11,607.76,608.48,850782,0
QQQ.US,5,20251117,163500,608.46,609.11,607.99,608.22,636321,0
QQQ.US,5,20251117,164000,608.21,609.66,607.82,609.6355,680595,0
QQQ.US,5,20251117,164500,609.63,609.97,608.59,608.93,553411,0
QQQ.US,5,20251117,165000,608.96,609.28,608.24,608.77,372985,0
QQQ.US,5,20251117,165500,608.79,609.13,607.8,608.31,517002,0
QQQ.US,5,20251117,170000,608.32,608.68,607.07,607.68,579319,0
QQQ.US,5,20251117,170500,607.71,607.79,606.17,606.495,577656,0
QQQ.US,5,20251117,171000,606.51,606.95,605.82,606.07,585006,0
QQQ.US,5,20251117,171500,606.07,606.07,605.08,605.41,685553,0
QQQ.US,5,20251117,172000,605.42,606.19,605.04,606.07,649170,0
QQQ.US,5,20251117,172500,606.07,608.1,605.62,608.046,768525,0
QQQ.US,5,20251117,173000,608.06,609.01,607.93,608.7,806204,0
QQQ.US,5,20251117,173500,608.73,609.34,608.24,609.12,550087,0
QQQ.US,5,20251117,174000,609.11,610.1,609.08,609.73,458047,0
QQQ.US,5,20251117,174500,609.74,610.26,609.52,609.91,378250,0
QQQ.US,5,20251117,175000,609.97,610.83,609.97,610.575,456084,0
QQQ.US,5,20251117,175500,610.54,611.18,609.98,611.08,445455,0
QQQ.US,5,20251117,180000,611.09,611.14,610.37,610.5793,521530,0
QQQ.US,5,20251117,180500,610.57,610.83,610.2,610.69,395150,0
QQQ.US,5,20251117,181000,610.7,610.78,609.89,610.27,374040,0
QQQ.US,5,20251117,181500,610.28,610.35,609.31,609.8,404757,0
QQQ.US,5,20251117,182000,609.8,610.24,609.42,609.94,322832,0
QQQ.US,5,20251117,182500,609.95,610.14,609.39,609.95,282732,0
QQQ.US,5,20251117,183000,609.96,610.16,609.49,610,303949,0
QQQ.US,5,20251117,183500,609.99,610.31,608.84,609.01,378883,0
QQQ.US,5,20251117,184000,609.02,609.03,608,608.18,460628,0
QQQ.US,5,20251117,184500,608.18,608.24,607.28,608.015,598023,0
QQQ.US,5,20251117,185000,608.01,608.12,606.78,606.87,433154,0
QQQ.US,5,20251117,185500,606.87,607.13,606.2899,606.37,318744,0
QQQ.US,5,20251117,190000,606.37,606.4,605.44,605.68,735946,0
QQQ.US,5,20251117,190500,605.71,606.09,605.26,605.69,653445,0
QQQ.US,5,20251117,191000,605.68,606.645,605.52,606.03,730288,0
QQQ.US,5,20251117,191500,606.06,606.57,605.55,606.34,409201,0
QQQ.US,5,20251117,192000,606.38,606.7188,605.799,605.981,387521,0
QQQ.US,5,20251117,192500,605.99,606.26,605.6025,605.94,285254,0
QQQ.US,5,20251117,193000,605.92,605.98,605.34,605.56,411759,0
QQQ.US,5,20251117,193500,605.56,606.12,605.37,605.76,343788,0
QQQ.US,5,20251117,194000,605.81,606.42,605.45,606.33,332505,0
QQQ.US,5,20251117,194500,606.32,607.6,606.29,606.65,556885,0
QQQ.US,5,20251117,195000,606.64,606.98,605.47,605.54,489605,0
QQQ.US,5,20251117,195500,605.53,605.53,603.62,603.81,794080,0
QQQ.US,5,20251117,200000,603.83,604.19,602.74,603.32,783300,0
QQQ.US,5,20251117,200500,603.3,604,602.96,603.8,814110,0
QQQ.US,5,20251117,201000,603.8,604.23,603.23,603.43,460046,0
QQQ.US,5,20251117,201500,603.47,603.56,602.66,603.025,347567,0
QQQ.US,5,20251117,202000,603.05,603.28,602.62,603.02,354775,0
QQQ.US,5,20251117,202500,603.01,603.218,602.11,603.13,615698,0
QQQ.US,5,20251117,203000,603.13,603.555,601.93,602.24,647151,0
QQQ.US,5,20251117,203500,602.235,602.64,601.28,601.3101,467144,0
QQQ.US,5,20251117,204000,601.32,602.11,600.99,601.96,531962,0
QQQ.US,5,20251117,204500,601.96,602.06,600.81,601.55,571979,0
QQQ.US,5,20251117,205000,601.56,601.92,601.1862,601.35,415929,0
QQQ.US,5,20251117,205500,601.36,601.41,600.4013,600.4591,625234,0
QQQ.US,5,20251117,210000,600.44,600.66,599.87,600.42,850021,0
QQQ.US,5,20251117,210500,600.43,601.2695,600.28,600.61,687584,0
QQQ.US,5,20251117,211000,600.59,601.44,600.29,600.35,756887,0
QQQ.US,5,20251117,211500,600.38,601.8,600.15,600.77,730903,0
QQQ.US,5,20251117,212000,600.75,601.64,600.61,601.4,568611,0
QQQ.US,5,20251117,212500,601.41,601.69,600.85,601.18,568495,0
QQQ.US,5,20251117,213000,601.21,601.84,600.56,600.81,684427,0
QQQ.US,5,20251117,213500,600.802,601.64,600.63,600.661,577291,0
QQQ.US,5,20251117,214000,600.65,601.44,600.58,601.43,598599,0
QQQ.US,5,20251117,214500,601.41,602.74,601.36,602.6107,979212,0
QQQ.US,5,20251117,215000,602.64,603.5808,602.06,602.45,1327339,0
QQQ.US,5,20251117,215500,602.45,603.74,602.36,603.68,2022901,0
QQQ.US,5,20251118,153000,599.62,602.31,598.29,600.205,2563566,0
QQQ.US,5,20251118,153500,600.205,601.24,599.57,600.05,1819779,0
QQQ.US,5,20251118,154000,600.07,600.7,597.85,598.06,1719066,0
QQQ.US,5,20251118,154500,598.06,600.07,597.09,597.27,1861913,0
QQQ.US,5,20251118,155000,597.29,597.76,595.94,596.1301,1697784,0
QQQ.US,5,20251118,155500,596.14,596.44,594.8,594.86,1622329,0
QQQ.US,5,20251118,160000,594.83,595.64,592.69,592.9105,1973823,0
QQQ.US,5,20251118,160500,592.91,595.74,592.59,595.34,1777318,0
QQQ.US,5,20251118,161000,595.31,596,593.28,594.99,1334185,0
QQQ.US,5,20251118,161500,594.97,595.0921,592.73,594.21,1153433,0
QQQ.US,5,20251118,162000,594.18,596.92,594.04,595.62,1554363,0
QQQ.US,5,20251118,162500,595.62,596.92,595.22,595.38,1145078,0
QQQ.US,5,20251118,163000,595.38,596.49,594.27,594.74,1111415,0
QQQ.US,5,20251118,163500,594.73,594.79,593.1,594.26,1093040,0
QQQ.US,5,20251118,164000,594.28,595.24,593.43,594.2599,857908,0
QQQ.US,5,20251118,164500,594.21,594.34,593.57,593.8699,640322,0
QQQ.US,5,20251118,165000,593.86,594.6,592.795,594.14,848645,0
QQQ.US,5,20251118,165500,594.16,595,593.22,593.27,657246,0
QQQ.US,5,20251118,170000,593.28,593.63,591.34,592.26,1311549,0
QQQ.US,5,20251118,170500,592.25,594.6,591.91,594.51,891599,0
QQQ.US,5,20251118,171000,594.49,595.92,594.23,595.05,1050422,0
QQQ.US,5,20251118,171500,595.03,595.86,593.96,595.5,735881,0
QQQ.US,5,20251118,172000,595.5,596.84,595.4,596.5,749935,0
QQQ.US,5,20251118,172500,596.51,598.3251,596.42,597.875,1264790,0
QQQ.US,5,20251118,173000,597.87,598.61,597.64,597.84,934427,0
QQQ.US,5,20251118,173500,597.85,599,597.58,597.71,733708,0
QQQ.US,5,20251118,174000,597.7,598.76,597.4,598.6,583107,0
QQQ.US,5,20251118,174500,598.54,599.15,597.15,597.78,800888,0
QQQ.US,5,20251118,175000,597.81,598.41,597.18,597.98,443276,0
QQQ.US,5,20251118,175500,598,598.75,597.5,597.98,471535,0
QQQ.US,5,20251118,180000,597.97,598.94,597.8,598.06,547653,0
QQQ.US,5,20251118,180500,598.02,598.15,596.98,597.31,597784,0
QQQ.US,5,20251118,181000,597.32,597.79,596.46,596.55,456224,0
QQQ.US,5,20251118,181500,596.53,597.36,596.06,596.39,572852,0
QQQ.US,5,20251118,182000,596.4,597.59,596.0601,596.23,421683,0
QQQ.US,5,20251118,182500,596.24,596.85,594.963,595.1292,680637,0
QQQ.US,5,20251118,183000,595.08,595.41,594.1,595.32,659113,0
QQQ.US,5,20251118,183500,595.33,597.73,595.13,597.655,733706,0
QQQ.US,5,20251118,184000,597.655,599.93,597.655,599.61,886390,0
QQQ.US,5,20251118,184500,599.62,599.9,598.24,599.68,756505,0
QQQ.US,5,20251118,185000,599.66,600.2,598.69,600.1,607171,0
QQQ.US,5,20251118,185500,600.03,601.13,598.25,600.4,671061,0
QQQ.US,5,20251118,190000,600.415,601.03,599.99,600.45,463484,0
QQQ.US,5,20251118,190500,600.46,601.18,600.23,600.68,463691,0
QQQ.US,5,20251118,191000,600.6501,601.35,600.37,600.54,359869,0
QQQ.US,5,20251118,191500,600.56,600.8,599.88,600.69,432379,0
QQQ.US,5,20251118,192000,600.74,600.97,599.67,600.74,336326,0
QQQ.US,5,20251118,192500,600.75,601.01,599.7201,599.8,429380,0
QQQ.US,5,20251118,193000,599.8,601.23,599.8,600.98,312811,0
QQQ.US,5,20251118,193500,600.98,601.22,599.48,600.4,425061,0
QQQ.US,5,20251118,194000,600.3801,601.57,599.85,600.33,483088,0
QQQ.US,5,20251118,194500,600.33,600.94,600.02,600.8,345303,0
QQQ.US,5,20251118,195000,600.81,601.63,600.51,601,340654,0
QQQ.US,5,20251118,195500,600.99,601.02,598.94,599.3501,632660,0
QQQ.US,5,20251118,200000,599.38,600.72,599.18,599.4,474436,0
QQQ.US,5,20251118,200500,599.4,600.5,599.355,600.31,361197,0
QQQ.US,5,20251118,201000,600.31,600.92,599.78,600.525,440724,0
QQQ.US,5,20251118,201500,600.54,600.64,599.28,600.52,342454,0
QQQ.US,5,20251118,202000,600.52,600.8,599.18,599.59,356367,0
QQQ.US,5,20251118,202500,599.6,600.01,598.969,599.4,282945,0
QQQ.US,5,20251118,203000,599.43,599.71,598.79,599.14,329484,0
QQQ.US,5,20251118,203500,599.14,601.5,599.05,601.423,517642,0
QQQ.US,5,20251118,204000,601.41,601.79,599.78,600.03,533786,0
QQQ.US,5,20251118,204500,600.05,601.59,600,600.8983,393491,0
QQQ.US,5,20251118,205000,600.85,601.02,599.62,599.7299,338443,0
QQQ.US,5,20251118,205500,599.68,601.04,599.31,600.96,361389,0
QQQ.US,5,20251118,210000,600.97,601.44,600.04,600.09,487465,0
QQQ.US,5,20251118,210500,600.09,600.18,599.36,599.65,389996,0
QQQ.US,5,20251118,211000,599.68,599.87,599.12,599.581,325796,0
QQQ.US,5,20251118,211500,599.57,600.24,599.21,599.3431,393644,0
QQQ.US,5,20251118,212000,599.34,600.05,598.75,598.97,355208,0
QQQ.US,5,20251118,212500,598.96,599.04,597.84,598.99,607830,0
QQQ.US,5,20251118,213000,598.99,599.35,598.03,598.14,483454,0
QQQ.US,5,20251118,213500,598.27,599.145,598.03,598.72,454270,0
QQQ.US,5,20251118,214000,598.73,598.95,598.01,598.0935,391491,0
QQQ.US,5,20251118,214500,598.09,598.41,597.28,597.31,653451,0
QQQ.US,5,20251118,215000,597.35,598.84,597.34,597.5,1177093,0
QQQ.US,5,20251118,215500,597.5,597.95,596.19,596.34,2431562,0
QQQ.US,5,20251119,153000,597.07,598.05,596.14,597.52,1703519,0
QQQ.US,5,20251119,153500,597.56,599.0413,597.44,598.6898,1017697,0
QQQ.US,5,20251119,154000,598.67,600.6199,598.27,600.27,929845,0
QQQ.US,5,20251119,154500,600.26,601.1245,599.78,600.89,896696,0
QQQ.US,5,20251119,155000,600.9,602.7,600.26,602.62,915995,0
QQQ.US,5,20251119,155500,602.6,604.08,602.29,603.89,1152538,0
QQQ.US,5,20251119,160000,603.9,604.795,603.57,604.6281,1391157,0
QQQ.US,5,20251119,160500,604.63,605.05,604.31,604.55,1078285,0
QQQ.US,5,20251119,161000,604.555,605.31,603.89,605.08,1536416,0
QQQ.US,5,20251119,161500,605.07,606.16,605.05,605.42,1402268,0
QQQ.US,5,20251119,162000,605.42,605.99,604.7913,605.61,1052422,0
QQQ.US,5,20251119,162500,605.6,605.7,604.92,605.3599,715393,0
QQQ.US,5,20251119,163000,605.36,605.72,604.64,604.84,838335,0
QQQ.US,5,20251119,163500,604.86,605.15,604.195,604.34,661842,0
QQQ.US,5,20251119,164000,604.41,604.56,603.79,604.36,685883,0
QQQ.US,5,20251119,164500,604.36,604.36,603.16,603.19,578350,0
QQQ.US,5,20251119,165000,603.18,603.19,601.76,602.11,1157167,0
QQQ.US,5,20251119,165500,602.13,602.13,600.38,600.91,1148114,0
QQQ.US,5,20251119,170000,600.91,601.31,600.585,600.78,957058,0
QQQ.US,5,20251119,170500,600.79,601.23,599.56,600.11,855264,0
QQQ.US,5,20251119,171000,600.05,600.15,599.05,599.6,884279,0
QQQ.US,5,20251119,171500,599.59,600.21,599.23,599.74,878393,0
QQQ.US,5,20251119,172000,599.73,600.61,598.79,598.89,948752,0
QQQ.US,5,20251119,172500,598.84,599.827,598.27,599.41,747273,0
QQQ.US,5,20251119,173000,599.41,599.81,598.9,599.3591,384434,0
QQQ.US,5,20251119,173500,599.32,599.35,598.08,598.61,536459,0
QQQ.US,5,20251119,174000,598.58,599.28,598.02,598.8,561754,0
QQQ.US,5,20251119,174500,598.78,599.3799,597.99,598.475,591775,0
QQQ.US,5,20251119,175000,598.43,599.23,598.03,599.01,489015,0
QQQ.US,5,20251119,175500,599.02,599.7,598.35,599.6,405467,0
QQQ.US,5,20251119,180000,599.6,599.74,597.27,597.34,636058,0
QQQ.US,5,20251119,180500,597.32,598.1,596.82,597.48,544906,0
QQQ.US,5,20251119,181000,597.46,597.6676,596.83,597.05,424080,0
QQQ.US,5,20251119,181500,597.15,597.9,596.91,597.22,469608,0
QQQ.US,5,20251119,182000,597.25,597.95,597,597.29,479825,0
QQQ.US,5,20251119,182500,597.2901,597.96,596.35,597.57,662172,0
QQQ.US,5,20251119,183000,597.53,597.6,595.92,596.1,582940,0
QQQ.US,5,20251119,183500,596.12,596.14,594.61,594.912,772280,0
QQQ.US,5,20251119,184000,594.86,597.83,594.59,597.17,931029,0
QQQ.US,5,20251119,184500,597.16,597.49,595.97,596.78,480449,0
QQQ.US,5,20251119,185000,596.77,598.06,596.66,597.62,432525,0
QQQ.US,5,20251119,185500,597.7,598.19,597.23,597.64,376741,0
QQQ.US,5,20251119,190000,597.62,598.37,597.26,598.23,347023,0
QQQ.US,5,20251119,190500,598.25,598.43,597.04,598.11,447304,0
QQQ.US,5,20251119,191000,598.11,598.91,597.59,598.4,545123,0
QQQ.US,5,20251119,191500,598.43,598.6546,597.11,597.53,463658,0
QQQ.US,5,20251119,192000,597.49,598.51,597.48,598.05,436285,0
QQQ.US,5,20251119,192500,598.04,598.38,596.68,596.775,468321,0
QQQ.US,5,20251119,193000,596.74,597.67,596.4909,597.565,427255,0
QQQ.US,5,20251119,193500,597.58,599.63,597.38,598.75,673095,0
QQQ.US,5,20251119,194000,598.74,598.883,597.28,597.635,387242,0
QQQ.US,5,20251119,194500,597.63,597.665,596.83,597.05,282140,0
QQQ.US,5,20251119,195000,597.13,598.66,597.09,598.49,418268,0
QQQ.US,5,20251119,195500,598.495,599.35,598.32,598.93,305683,0
QQQ.US,5,20251119,200000,598.87,599.22,597.87,598.2,507674,0
QQQ.US,5,20251119,200500,598.21,598.58,597.5785,598.09,428657,0
QQQ.US,5,20251119,201000,598.09,598.52,597.57,598.485,516314,0
QQQ.US,5,20251119,201500,598.48,598.73,597.585,598.08,381820,0
QQQ.US,5,20251119,202000,598.06,598.28,597.49,597.708,234565,0
QQQ.US,5,20251119,202500,597.67,597.68,596.26,596.64,455370,0
QQQ.US,5,20251119,203000,596.64,597.2,596.23,596.61,371583,0
QQQ.US,5,20251119,203500,596.64,597.0395,596.15,596.22,273334,0
QQQ.US,5,20251119,204000,596.25,596.85,596.1,596.6974,265600,0
QQQ.US,5,20251119,204500,596.6741,597.005,596.32,596.96,321055,0
QQQ.US,5,20251119,205000,596.935,598.76,596.91,598.62,523734,0
QQQ.US,5,20251119,205500,598.615,599.215,597.68,598.21,588148,0
QQQ.US,5,20251119,210000,598.2,598.74,597.88,598.5,342306,0
QQQ.US,5,20251119,210500,598.47,598.81,598.33,598.64,261615,0
QQQ.US,5,20251119,211000,598.65,599.42,598.57,599.327,476218,0
QQQ.US,5,20251119,211500,599.35,601.53,599.345,601.31,792192,0
QQQ.US,5,20251119,212000,601.31,601.75,600.09,600.69,871534,0
QQQ.US,5,20251119,212500,600.67,601.2,600.2601,600.92,453238,0
QQQ.US,5,20251119,213000,600.935,601.23,600.4,600.9244,539524,0
QQQ.US,5,20251119,213500,600.94,602.3399,600.82,601.345,744040,0
QQQ.US,5,20251119,214000,601.36,601.46,600.33,600.84,627498,0
QQQ.US,5,20251119,214500,600.85,600.91,599.26,599.28,623244,0
QQQ.US,5,20251119,215000,599.26,600.37,598.9001,599.995,972774,0
QQQ.US,5,20251119,215500,599.99,600.6499,599.4,599.9,1387645,0
QQQ.US,5,20251120,153000,611.62,612.38,610.21,611.13,3150190,0
QQQ.US,5,20251120,153500,611.15,612.04,610.73,611.58,1529952,0
QQQ.US,5,20251120,154000,611.58,612.24,610.03,611.63,1467725,0
QQQ.US,5,20251120,154500,611.64,612.98,610.6499,611.68,1079181,0
QQQ.US,5,20251120,155000,611.67,612.86,611.67,612.52,1049324,0
QQQ.US,5,20251120,155500,612.52,613.5601,612.3699,613.119,1078487,0
QQQ.US,5,20251120,160000,613.16,613.79,612.666,613.27,1306442,0
QQQ.US,5,20251120,160500,613.28,613.31,611.02,611.33,1192391,0
QQQ.US,5,20251120,161000,611.31,611.85,610.41,611,868051,0
QQQ.US,5,20251120,161500,610.9947,612.25,610.34,611.82,726548,0
QQQ.US,5,20251120,162000,611.86,612.84,611.24,612.58,647069,0
QQQ.US,5,20251120,162500,612.58,613.03,612.06,612.78,728471,0
QQQ.US,5,20251120,163000,612.79,613.35,612.35,612.88,1312601,0
QQQ.US,5,20251120,163500,612.88,614.03,612.82,613.62,1116530,0
QQQ.US,5,20251120,164000,613.59,613.93,612.99,613.72,470919,0
QQQ.US,5,20251120,164500,613.72,613.8,612.0999,612.15,764009,0
QQQ.US,5,20251120,165000,612.14,612.31,611.21,611.23,558340,0
QQQ.US,5,20251120,165500,611.24,611.52,610.35,610.46,806838,0
QQQ.US,5,20251120,170000,610.48,610.53,608.86,608.932,1084349,0
QQQ.US,5,20251120,170500,608.9331,609.28,608.06,608.15,927457,0
QQQ.US,5,20251120,171000,608.15,608.24,606.7,606.77,1149966,0
QQQ.US,5,20251120,171500,606.79,606.86,604.62,605.11,1950118,0
QQQ.US,5,20251120,172000,605.1,605.94,603.97,604.51,1615483,0
QQQ.US,5,20251120,172500,604.51,606.04,603.83,604.29,1872471,0
QQQ.US,5,20251120,173000,604.3,604.83,603.04,603.41,1039809,0
QQQ.US,5,20251120,173500,603.42,603.58,600.94,602.05,1537886,0
QQQ.US,5,20251120,174000,602.08,602.08,600.02,600.36,1680316,0
QQQ.US,5,20251120,174500,600.33,601.48,599.32,600.48,1922111,0
QQQ.US,5,20251120,175000,600.48,601.8,597.74,597.78,1768340,0
QQQ.US,5,20251120,175500,597.78,598.3,594.74,595.66,2237527,0
QQQ.US,5,20251120,180000,595.64,597.91,594.92,596.9799,2019175,0
QQQ.US,5,20251120,180500,596.98,597.06,593.72,595.28,1535703,0
QQQ.US,5,20251120,181000,595.25,595.37,592.7,594.7,1416382,0
QQQ.US,5,20251120,181500,594.73,594.8,591.7,592.63,1416140,0
QQQ.US,5,20251120,182000,592.64,594.1,590.93,592.86,1457463,0
QQQ.US,5,20251120,182500,592.85,594.33,591.56,593.295,1255665,0
QQQ.US,5,20251120,183000,593.23,594.5,591.7,592.04,1232775,0
QQQ.US,5,20251120,183500,592,593.16,589.83,592.89,1691981,0
QQQ.US,5,20251120,184000,592.95,593.42,590.92,590.96,1239005,0
QQQ.US,5,20251120,184500,590.96,591.35,589.83,590.41,1218450,0
QQQ.US,5,20251120,185000,590.42,592.5677,590.05,590.55,1563724,0
QQQ.US,5,20251120,185500,590.49,592.71,590.31,591.92,1315641,0
QQQ.US,5,20251120,190000,591.9344,593.59,591.21,593.05,1809300,0
QQQ.US,5,20251120,190500,593.07,594.91,592,594.805,1497805,0
QQQ.US,5,20251120,191000,594.8,596.75,594.08,596.74,1383597,0
QQQ.US,5,20251120,191500,596.73,596.8901,593.68,594.74,1462338,0
QQQ.US,5,20251120,192000,594.71,595.75,593.8,593.91,887228,0
QQQ.US,5,20251120,192500,593.9,594.97,593.61,594.49,738918,0
QQQ.US,5,20251120,193000,594.46,595.03,592.18,593.4998,804744,0
QQQ.US,5,20251120,193500,593.44,593.6,591.04,591.43,740398,0
QQQ.US,5,20251120,194000,591.39,591.67,590.49,590.62,565219,0
QQQ.US,5,20251120,194500,590.62,590.8,589.74,589.97,829952,0
QQQ.US,5,20251120,195000,589.91,589.99,588.39,588.61,995088,0
QQQ.US,5,20251120,195500,588.51,590.11,588.1,589.16,997874,0
QQQ.US,5,20251120,200000,589.13,589.61,587.82,588.08,843438,0
QQQ.US,5,20251120,200500,588.07,588.99,587.34,588.84,1112018,0
QQQ.US,5,20251120,201000,588.83,589.55,587.83,588.92,797300,0
QQQ.US,5,20251120,201500,588.95,590.33,588.27,589.38,940830,0
QQQ.US,5,20251120,202000,589.3601,590.28,588.68,588.8,568360,0
QQQ.US,5,20251120,202500,588.81,591.38,588.69,590.79,691186,0
QQQ.US,5,20251120,203000,590.78,590.78,588.68,589.28,939318,0
QQQ.US,5,20251120,203500,589.29,590.17,588.89,589.2,570726,0
QQQ.US,5,20251120,204000,589.23,590.43,588.74,590.26,734343,0
QQQ.US,5,20251120,204500,590.22,590.45,588.81,589.21,413000,0
QQQ.US,5,20251120,205000,589.2,590.92,589.17,590.68,465410,0
QQQ.US,5,20251120,205500,590.6601,592.1,590.27,591.98,868819,0
QQQ.US,5,20251120,210000,591.96,591.96,589.31,589.48,946302,0
QQQ.US,5,20251120,210500,589.45,590.7,589.32,589.61,611585,0
QQQ.US,5,20251120,211000,589.64,589.81,588.86,589.58,667895,0
QQQ.US,5,20251120,211500,589.56,590.41,589.22,589.78,576257,0
QQQ.US,5,20251120,212000,589.77,590.79,588.82,588.89,559499,0
QQQ.US,5,20251120,212500,588.87,589.57,588.22,589.39,593446,0
QQQ.US,5,20251120,213000,589.43,589.9,588.37,588.4,634861,0
QQQ.US,5,20251120,213500,588.4,588.62,586.61,586.77,900790,0
QQQ.US,5,20251120,214000,586.78,587.24,585.83,586.235,1135583,0
QQQ.US,5,20251120,214500,586.23,586.55,584.76,584.84,1250908,0
QQQ.US,5,20251120,215000,584.81,586.74,584.75,585.7,1257015,0
QQQ.US,5,20251120,215500,585.69,586.92,584.98,585.66,1899036,0
QQQ.US,5,20251121,153000,587.47,589.35,586.44,588.11,2405057,0
QQQ.US,5,20251121,153500,588.1,589.1,586.71,586.81,1816713,0
QQQ.US,5,20251121,154000,586.81,589.03,586.27,587.055,1500604,0
QQQ.US,5,20251121,154500,587.15,588.05,585.02,587.25,1559777,0
QQQ.US,5,20251121,155000,587.28,589.77,586.86,589.3745,1159520,0
QQQ.US,5,20251121,155500,589.37,589.43,586.68,586.892,1040300,0
QQQ.US,5,20251121,160000,586.91,588.1,584.36,585.91,1651973,0
QQQ.US,5,20251121,160500,585.91,587.97,585.35,586.34,1323663,0
QQQ.US,5,20251121,161000,586.37,586.59,584.51,585.03,1288235,0
QQQ.US,5,20251121,161500,585.02,586.09,583.64,585.73,1528600,0
QQQ.US,5,20251121,162000,585.6759,587,583.17,585.7801,1640185,0
QQQ.US,5,20251121,162500,585.79,587.52,583.22,583.65,1361765,0
QQQ.US,5,20251121,163000,583.65,584.63,582.75,582.9,1424935,0
QQQ.US,5,20251121,163500,582.92,583.09,580.74,581.25,1934616,0
QQQ.US,5,20251121,164000,581.24,583.86,580.82,583.2,1295508,0
QQQ.US,5,20251121,164500,583.23,585.1,582.53,584.77,1013386,0
QQQ.US,5,20251121,165000,584.75,584.92,582.75,584.62,1004641,0
QQQ.US,5,20251121,165500,584.61,584.89,582.95,583.06,844674,0
QQQ.US,5,20251121,170000,583.05,583.72,581.54,582.07,791274,0
QQQ.US,5,20251121,170500,582.07,583.47,580.95,583.455,920441,0
QQQ.US,5,20251121,171000,583.48,584.65,583.04,584.02,567261,0
QQQ.US,5,20251121,171500,584.02,584.82,582.32,582.56,678542,0
QQQ.US,5,20251121,172000,582.57,585.7675,582.3537,585.56,766125,0
QQQ.US,5,20251121,172500,585.58,586.845,585.22,586.78,752855,0
QQQ.US,5,20251121,173000,586.77,587.435,585.94,586.55,953282,0
QQQ.US,5,20251121,173500,586.58,588.19,586.46,587.52,872356,0
QQQ.US,5,20251121,174000,587.53,588.29,587.5,587.94,648586,0
QQQ.US,5,20251121,174500,587.94,588.92,587.02,588.01,725061,0
QQQ.US,5,20251121,175000,588.05,589.7,587.67,589.22,930227,0
QQQ.US,5,20251121,175500,589.2064,591.6156,589.2,591.59,1568921,0
QQQ.US,5,20251121,180000,591.59,591.85,590.13,591.22,882175,0
QQQ.US,5,20251121,180500,591.23,592.055,590.58,591.67,747265,0
QQQ.US,5,20251121,181000,591.68,591.855,590.82,591.24,657733,0
QQQ.US,5,20251121,181500,591.25,591.44,590.35,590.45,557583,0
QQQ.US,5,20251121,182000,590.45,591.9,589.96,591.74,613026,0
QQQ.US,5,20251121,182500,591.72,592.05,590.61,591.24,587070,0
QQQ.US,5,20251121,183000,591.24,592.26,591.12,591.93,430566,0
QQQ.US,5,20251121,183500,591.935,592.61,591.28,591.58,647326,0
QQQ.US,5,20251121,184000,591.55,592.07,590.81,592.03,597096,0
QQQ.US,5,20251121,184500,592.02,592.4,591.17,592.01,403710,0
QQQ.US,5,20251121,185000,592.01,592.04,590.6,591.39,548123,0
QQQ.US,5,20251121,185500,591.37,591.98,590.62,591.01,480270,0
QQQ.US,5,20251121,190000,591.04,591.28,589.03,589.13,674715,0
QQQ.US,5,20251121,190500,589.1,589.57,588.52,589.1,649665,0
QQQ.US,5,20251121,191000,589.1,589.1,588.11,588.2,531168,0
QQQ.US,5,20251121,191500,588.2,588.44,587.46,588.08,672249,0
QQQ.US,5,20251121,192000,588.07,589.24,587.96,588.18,659452,0
QQQ.US,5,20251121,192500,588.19,589.04,587.93,588.94,355309,0
QQQ.US,5,20251121,193000,588.94,590.74,588.56,590.25,712139,0
QQQ.US,5,20251121,193500,590.25,591.65,590.13,591.51,618687,0
QQQ.US,5,20251121,194000,591.51,591.99,590.875,591.86,556793,0
QQQ.US,5,20251121,194500,591.87,595.39,591.44,594.61,1177185,0
QQQ.US,5,20251121,195000,594.61,596.03,593.68,594.004,1267284,0
QQQ.US,5,20251121,195500,594.01,594.94,593.39,594.05,606521,0
QQQ.US,5,20251121,200000,594.05,595.31,593.92,595.1601,595310,0
QQQ.US,5,20251121,200500,595.16,596.14,594.76,595.81,803819,0
QQQ.US,5,20251121,201000,595.82,596.24,595.12,595.41,618823,0
QQQ.US,5,20251121,201500,595.4,596.205,595.03,595.89,558314,0
QQQ.US,5,20251121,202000,595.8975,596.94,595.69,596.58,753163,0
QQQ.US,5,20251121,202500,596.6,596.98,596.2,596.58,492692,0
QQQ.US,5,20251121,203000,596.58,596.9,595.09,595.25,844999,0
QQQ.US,5,20251121,203500,595.2501,596.38,595.24,596.22,612990,0
QQQ.US,5,20251121,204000,596.21,596.63,594.52,594.82,908553,0
QQQ.US,5,20251121,204500,594.82,595.2,593.96,594.39,675149,0
QQQ.US,5,20251121,205000,594.4,594.88,592.86,593.52,682993,0
QQQ.US,5,20251121,205500,593.5,593.93,592.95,593.64,472027,0
QQQ.US,5,20251121,210000,593.63,594.12,593.38,593.64,463516,0
QQQ.US,5,20251121,210500,593.63,593.97,593.23,593.94,481773,0
QQQ.US,5,20251121,211000,593.95,594.56,593.4945,594.11,496717,0
QQQ.US,5,20251121,211500,594.1,594.51,593.75,594.3,472435,0
QQQ.US,5,20251121,212000,594.31,594.5,592.9,593.27,614909,0
QQQ.US,5,20251121,212500,593.24,593.64,591.95,591.97,543785,0
QQQ.US,5,20251121,213000,591.93,592.27,591.09,592.01,987707,0
QQQ.US,5,20251121,213500,591.99,593.525,591.94,592.54,785841,0
QQQ.US,5,20251121,214000,592.55,592.72,591.64,591.94,859112,0
QQQ.US,5,20251121,214500,591.95,593.19,591.85,592.46,910340,0
QQQ.US,5,20251121,215000,592.46,592.85,590.315,590.4,1442617,0
QQQ.US,5,20251121,215500,590.4,590.65,589.44,590.12,3219665,0
QQQ.US,5,20251124,153000,595.28,599.18,595.16,599.12,1975091,0
QQQ.US,5,20251124,153500,599.12,600.06,598.25,598.44,1556302,0
QQQ.US,5,20251124,154000,598.45,599.3,597.3601,597.72,1319879,0
QQQ.US,5,20251124,154500,597.7,599.28,597.42,597.57,1070109,0
QQQ.US,5,20251124,155000,597.55,599.1,596.64,598.07,1179643,0
QQQ.US,5,20251124,155500,598.08,598.99,597.75,598.96,683264,0
QQQ.US,5,20251124,160000,598.98,600.74,598.96,600.39,1230072,0
QQQ.US,5,20251124,160500,600.43,601.26,599.69,599.8,1103276,0
QQQ.US,5,20251124,161000,599.81,600.585,598.69,600.45,893937,0
QQQ.US,5,20251124,161500,600.42,600.81,599.46,599.6799,608331,0
QQQ.US,5,20251124,162000,599.67,600.75,599.4,599.73,623629,0
QQQ.US,5,20251124,162500,599.73,600.83,599.12,600.54,682976,0
QQQ.US,5,20251124,163000,600.54,601.03,599.82,601,724680,0
QQQ.US,5,20251124,163500,601,601.89,600.69,601.79,810652,0
QQQ.US,5,20251124,164000,601.7999,602.13,601.43,601.92,538244,0
QQQ.US,5,20251124,164500,601.92,602.3798,601.82,602.16,521161,0
QQQ.US,5,20251124,165000,602.175,602.32,601.48,601.65,441017,0
QQQ.US,5,20251124,165500,601.64,601.76,601.03,601.47,426202,0
QQQ.US,5,20251124,170000,601.484,602.77,601.475,602.74,583191,0
QQQ.US,5,20251124,170500,602.74,603.44,602.5418,603.3799,722419,0
QQQ.US,5,20251124,171000,603.38,603.71,602.97,603.57,646181,0
QQQ.US,5,20251124,171500,603.56,603.79,603.13,603.62,503870,0
QQQ.US,5,20251124,172000,603.61,603.86,603.49,603.78,481200,0
QQQ.US,5,20251124,172500,603.78,603.9593,603.41,603.55,460264,0
QQQ.US,5,20251124,173000,603.52,603.77,602.95,603.49,517453,0
QQQ.US,5,20251124,173500,603.52,603.52,603.07,603.37,397693,0
QQQ.US,5,20251124,174000,603.3793,603.91,603.13,603.74,381218,0
QQQ.US,5,20251124,174500,603.73,604.15,603.67,603.7705,350005,0
QQQ.US,5,20251124,175000,603.77,603.94,603.42,603.7,283371,0
QQQ.US,5,20251124,175500,603.71,603.71,602.8,603.1,411174,0
QQQ.US,5,20251124,180000,603.1,603.5682,602.74,603.055,454156,0
QQQ.US,5,20251124,180500,603.06,603.34,602.77,602.81,326630,0
QQQ.US,5,20251124,181000,602.79,603.1,602.68,602.96,340740,0
QQQ.US,5,20251124,181500,602.97,603.9,602.845,603.81,294088,0
QQQ.US,5,20251124,182000,603.8,604.18,603.67,603.9,268458,0
QQQ.US,5,20251124,182500,603.89,604.21,603.65,604.02,224753,0
QQQ.US,5,20251124,183000,604.01,604.3,603.96,604.12,297862,0
QQQ.US,5,20251124,183500,604.17,604.74,604.02,604.68,406298,0
QQQ.US,5,20251124,184000,604.69,605.25,604.65,604.9,748300,0
QQQ.US,5,20251124,184500,604.905,605.26,604.81,605.16,407161,0
QQQ.US,5,20251124,185000,605.16,605.37,604.86,605.145,318423,0
QQQ.US,5,20251124,185500,605.15,605.15,604.72,604.9,281851,0
QQQ.US,5,20251124,190000,604.9,605.24,604.9,605.1,345083,0
QQQ.US,5,20251124,190500,605.08,605.32,605.04,605.18,267195,0
QQQ.US,5,20251124,191000,605.2,605.7,605.125,605.5106,441300,0
QQQ.US,5,20251124,191500,605.51,605.615,605.02,605.36,415889,0
QQQ.US,5,20251124,192000,605.36,605.5894,605.18,605.55,321676,0
QQQ.US,5,20251124,192500,605.55,605.55,605.08,605.16,242959,0
QQQ.US,5,20251124,193000,605.15,605.36,604.74,605.045,430049,0
QQQ.US,5,20251124,193500,605.05,605.35,604.87,605.25,260254,0
QQQ.US,5,20251124,194000,605.25,605.26,604.835,605.15,331171,0
QQQ.US,5,20251124,194500,605.14,605.405,604.91,605.2,252711,0
QQQ.US,5,20251124,195000,605.2,605.34,605.07,605.325,243552,0
QQQ.US,5,20251124,195500,605.33,605.34,605.02,605.04,265331,0
QQQ.US,5,20251124,200000,605.01,605.64,604.98,605.44,247465,0
QQQ.US,5,20251124,200500,605.4401,605.89,605.41,605.715,298654,0
QQQ.US,5,20251124,201000,605.72,605.83,605.51,605.64,244106,0
QQQ.US,5,20251124,201500,605.65,605.77,605.3501,605.66,242421,0
QQQ.US,5,20251124,202000,605.64,605.64,605.36,605.42,187350,0
QQQ.US,5,20251124,202500,605.4,605.55,605.11,605.205,282003,0
QQQ.US,5,20251124,203000,605.23,605.31,604.56,604.77,517365,0
QQQ.US,5,20251124,203500,604.77,605.3,604.47,605.17,393500,0
QQQ.US,5,20251124,204000,605.165,605.33,604.76,604.78,289529,0
QQQ.US,5,20251124,204500,604.79,604.88,604.55,604.63,251642,0
QQQ.US,5,20251124,205000,604.64,605,604.24,604.64,308249,0
QQQ.US,5,20251124,205500,604.63,605.07,604.5049,604.73,456168,0
QQQ.US,5,20251124,210000,604.73,605.565,604.72,605.555,486955,0
QQQ.US,5,20251124,210500,605.55,605.64,605.37,605.4,413038,0
QQQ.US,5,20251124,211000,605.39,605.67,605.15,605.3726,419069,0
QQQ.US,5,20251124,211500,605.37,605.91,605.24,605.63,344265,0
QQQ.US,5,20251124,212000,605.63,605.7799,605.41,605.45,358851,0
QQQ.US,5,20251124,212500,605.43,605.4609,605.02,605.29,412149,0
QQQ.US,5,20251124,213000,605.27,605.649,605.06,605.49,447765,0
QQQ.US,5,20251124,213500,605.48,605.76,605.4,605.68,402538,0
QQQ.US,5,20251124,214000,605.67,605.905,605.41,605.82,530604,0
QQQ.US,5,20251124,214500,605.82,606.07,605.495,605.76,1105169,0
QQQ.US,5,20251124,215000,605.77,606.53,605.11,606.42,1857617,0
QQQ.US,5,20251124,215500,606.42,606.68,605.18,605.2,2373319,0
QQQ.US,5,20251125,153000,603.51,604.07,602.55,603.42,1792741,0
QQQ.US,5,20251125,153500,603.405,604,602.97,603.01,1205717,0
QQQ.US,5,20251125,154000,602.98,603.01,600.16,600.4,1604469,0
QQQ.US,5,20251125,154500,600.38,600.38,597.8802,598.04,1914843,0
QQQ.US,5,20251125,155000,598.03,600.93,597.32,600.855,1877084,0
QQQ.US,5,20251125,155500,600.8398,602.76,600.57,602.5899,1152381,0
QQQ.US,5,20251125,160000,602.5,602.69,598.6,599.38,1437618,0
QQQ.US,5,20251125,160500,599.38,601.96,598.82,601.43,1010428,0
QQQ.US,5,20251125,161000,601.429,601.955,599.91,600.65,1025983,0
QQQ.US,5,20251125,161500,600.75,601.66,600.21,601.3,792433,0
QQQ.US,5,20251125,162000,601.3,601.69,599.74,600.04,815339,0
QQQ.US,5,20251125,162500,600.02,601.77,599.96,601.6606,743662,0
QQQ.US,5,20251125,163000,601.66,602.81,601.57,602.35,831913,0
QQQ.US,5,20251125,163500,602.31,602.38,601.22,602.0349,559308,0
QQQ.US,5,20251125,164000,602.04,603.21,601.6499,603.21,614615,0
QQQ.US,5,20251125,164500,603.23,603.9,601.98,602.3517,794402,0
QQQ.US,5,20251125,165000,602.32,602.39,601.2101,601.98,566351,0
QQQ.US,5,20251125,165500,602,603.08,601.45,602.57,486080,0
QQQ.US,5,20251125,170000,602.56,602.68,601.59,602.4383,443183,0
QQQ.US,5,20251125,170500,602.44,602.63,601.54,601.69,522793,0
QQQ.US,5,20251125,171000,601.7,602.36,601.5,601.7,408837,0
QQQ.US,5,20251125,171500,601.72,603.1153,601.5,602.84,384880,0
QQQ.US,5,20251125,172000,602.88,604.11,602.82,603.408,520245,0
QQQ.US,5,20251125,172500,603.32,603.61,602.77,603.42,395168,0
QQQ.US,5,20251125,173000,603.41,603.88,603.25,603.59,272900,0
QQQ.US,5,20251125,173500,603.57,603.85,603.1801,603.8101,352060,0
QQQ.US,5,20251125,174000,603.83,604.26,603.78,603.86,404276,0
QQQ.US,5,20251125,174500,603.86,603.9,603.1,603.33,410148,0
QQQ.US,5,20251125,175000,603.34,604.66,603.34,604.47,442695,0
QQQ.US,5,20251125,175500,604.48,604.85,604.28,604.52,319642,0
QQQ.US,5,20251125,180000,604.51,605.21,604.4,605.15,755088,0
QQQ.US,5,20251125,180500,605.16,605.56,605.14,605.51,404475,0
QQQ.US,5,20251125,181000,605.5102,605.8,605.3,605.76,309004,0
QQQ.US,5,20251125,181500,605.79,606.17,605.3601,606.1394,462516,0
QQQ.US,5,20251125,182000,606.1101,607.27,606.11,607.23,589147,0
QQQ.US,5,20251125,182500,607.23,607.37,606.5701,606.74,655971,0
QQQ.US,5,20251125,183000,606.74,607.9899,606.7,607.93,618214,0
QQQ.US,5,20251125,183500,607.9217,608.42,607.71,607.98,819711,0
QQQ.US,5,20251125,184000,607.97,608.17,607.59,607.74,415974,0
QQQ.US,5,20251125,184500,607.74,608.06,607.11,607.54,469778,0
QQQ.US,5,20251125,185000,607.56,607.76,607.1,607.37,260014,0
QQQ.US,5,20251125,185500,607.38,607.52,606.38,606.61,381384,0
QQQ.US,5,20251125,190000,606.63,607.27,606.54,607.05,359154,0
QQQ.US,5,20251125,190500,607.07,607.22,606.75,607.2,280185,0
QQQ.US,5,20251125,191000,607.195,607.37,606.78,606.97,242002,0
QQQ.US,5,20251125,191500,606.975,607.2,606.68,607.0099,338379,0
QQQ.US,5,20251125,192000,606.98,607.435,606.69,607.39,403669,0
QQQ.US,5,20251125,192500,607.38,607.525,607.18,607.52,244691,0
QQQ.US,5,20251125,193000,607.53,607.65,607.33,607.52,201492,0
QQQ.US,5,20251125,193500,607.51,607.55,607.01,607.26,250207,0
QQQ.US,5,20251125,194000,607.22,607.4613,606.99,607.26,174555,0
QQQ.US,5,20251125,194500,607.27,608.17,607.27,607.89,289112,0
QQQ.US,5,20251125,195000,607.87,608.06,607.77,607.9299,209593,0
QQQ.US,5,20251125,195500,607.9299,607.9299,607.49,607.54,241758,0
QQQ.US,5,20251125,200000,607.54,607.78,607.13,607.3,251373,0
QQQ.US,5,20251125,200500,607.3,607.625,607.1,607.22,219822,0
QQQ.US,5,20251125,201000,607.215,607.4,607.04,607.165,241524,0
QQQ.US,5,20251125,201500,607.17,607.26,605.87,606.33,508462,0
QQQ.US,5,20251125,202000,606.34,606.725,606.05,606.53,388969,0
QQQ.US,5,20251125,202500,606.52,606.73,606.24,606.5201,279467,0
QQQ.US,5,20251125,203000,606.56,606.67,606.21,606.47,212578,0
QQQ.US,5,20251125,203500,606.27,606.3081,605.8,606.01,347793,0
QQQ.US,5,20251125,204000,605.52,606.13,605.5,606.0899,169192,0
QQQ.US,5,20251125,204500,606.12,606.33,605.82,606.02,223320,0
QQQ.US,5,20251125,205000,606.04,607,605.9941,606.93,365750,0
QQQ.US,5,20251125,205500,606.91,607.45,606.76,607.3,380064,0
QQQ.US,5,20251125,210000,607.31,607.97,607.28,607.8474,448250,0
QQQ.US,5,20251125,210500,607.85,608.07,607.73,607.8101,293242,0
QQQ.US,5,20251125,211000,607.8101,607.8681,607.535,607.695,290115,0
QQQ.US,5,20251125,211500,607.7001,607.86,607.57,607.83,192016,0
QQQ.US,5,20251125,212000,607.9045,608.125,607.86,608.035,218873,0
QQQ.US,5,20251125,212500,608.03,608.25,607.8,608.125,490381,0
QQQ.US,5,20251125,213000,608.13,608.92,608.1087,608.75,575657,0
QQQ.US,5,20251125,213500,608.74,609.01,608.7,608.95,673480,0
QQQ.US,5,20251125,214000,608.96,609.05,608.67,608.87,478228,0
QQQ.US,5,20251125,214500,608.88,609.43,608.67,609.2501,731449,0
QQQ.US,5,20251125,215000,609.26,610.2601,609.24,609.715,1176407,0
QQQ.US,5,20251125,215500,609.7147,609.93,608.88,608.891,2517364,0
QQQ.US,5,20251126,153000,612.51,613.66,612.17,612.93,1458391,0
QQQ.US,5,20251126,153500,612.95,613.42,611.69,612.54,988224,0
QQQ.US,5,20251126,154000,612.55,612.88,611.8,612.76,549509,0
QQQ.US,5,20251126,154500,612.77,613.529,612.76,613.45,820250,0
QQQ.US,5,20251126,155000,613.48,613.9,612.56,612.71,613463,0
QQQ.US,5,20251126,155500,612.71,612.72,610.88,611.19,719800,0
QQQ.US,5,20251126,160000,611.17,611.97,610.39,611.43,896704,0
QQQ.US,5,20251126,160500,611.44,612.52,610.78,612.2422,560705,0
QQQ.US,5,20251126,161000,612.25,612.36,611.17,611.4,489501,0
QQQ.US,5,20251126,161500,611.3634,611.92,610.99,611.6,414732,0
QQQ.US,5,20251126,162000,611.64,611.92,610.68,610.74,562142,0
QQQ.US,5,20251126,162500,610.7,612.2,610.57,611.72,602816,0
QQQ.US,5,20251126,163000,611.79,612.58,611.78,612.5,379199,0
QQQ.US,5,20251126,163500,612.49,613.135,612.4187,613.06,411502,0
QQQ.US,5,20251126,164000,613.07,613.21,612.26,612.57,363794,0
QQQ.US,5,20251126,164500,612.59,612.6,611.94,612.5301,170714,0
QQQ.US,5,20251126,165000,612.4956,613.09,612.2,613.04,344901,0
QQQ.US,5,20251126,165500,613.045,613.68,612.6,613.61,377697,0
QQQ.US,5,20251126,170000,613.61,614.22,613.5,614.17,664351,0
QQQ.US,5,20251126,170500,614.23,614.54,614.14,614.335,462888,0
QQQ.US,5,20251126,171000,614.34,614.4783,614.08,614.2,355171,0
QQQ.US,5,20251126,171500,614.22,614.67,614.1401,614.58,353821,0
QQQ.US,5,20251126,172000,614.6,615.17,614.58,615.12,561201,0
QQQ.US,5,20251126,172500,615.11,615.31,614.8601,614.9301,380920,0
QQQ.US,5,20251126,173000,614.97,615.24,614.59,615.22,462458,0
QQQ.US,5,20251126,173500,615.205,615.67,615.2,615.62,358597,0
QQQ.US,5,20251126,174000,615.64,616.19,615.63,615.92,536273,0
QQQ.US,5,20251126,174500,615.92,615.99,615.36,615.49,311399,0
QQQ.US,5,20251126,175000,615.51,615.75,615.21,615.58,287015,0
QQQ.US,5,20251126,175500,615.585,615.905,615.515,615.68,253222,0
QQQ.US,5,20251126,180000,615.69,615.8382,615.08,615.25,294018,0
QQQ.US,5,20251126,180500,615.2518,615.6,614.73,614.9601,511981,0
QQQ.US,5,20251126,181000,614.97,615.36,614.89,614.995,337994,0
QQQ.US,5,20251126,181500,614.99,615.22,614.69,614.78,321571,0
QQQ.US,5,20251126,182000,614.77,615.5,614.68,615.4,309733,0
QQQ.US,5,20251126,182500,615.4,615.4,615.08,615.305,150650,0
QQQ.US,5,20251126,183000,615.31,615.6,615.28,615.545,223468,0
QQQ.US,5,20251126,183500,615.5465,615.64,615.245,615.41,204494,0
QQQ.US,5,20251126,184000,615.41,616.04,615.39,615.9799,283807,0
QQQ.US,5,20251126,184500,615.98,616.06,615.4856,615.51,317987,0
QQQ.US,5,20251126,185000,615.5,615.63,615.27,615.35,183386,0
QQQ.US,5,20251126,185500,615.34,615.6201,615.17,615.3101,225252,0
QQQ.US,5,20251126,190000,615.32,615.75,615.27,615.58,191730,0
QQQ.US,5,20251126,190500,615.5799,615.68,613.95,614.14,493902,0
QQQ.US,5,20251126,191000,614.12,615.29,614.11,615.09,536501,0
QQQ.US,5,20251126,191500,615.14,615.3401,614.67,614.81,255351,0
QQQ.US,5,20251126,192000,614.85,615.66,614.4759,615.35,386063,0
QQQ.US,5,20251126,192500,615.36,615.83,615.24,615.52,222847,0
QQQ.US,5,20251126,193000,615.525,615.55,614.565,614.58,264745,0
QQQ.US,5,20251126,193500,614.56,614.9,614.31,614.7446,267714,0
QQQ.US,5,20251126,194000,614.73,614.82,614.1719,614.21,222855,0
QQQ.US,5,20251126,194500,614.18,614.9428,614.05,614.92,236138,0
QQQ.US,5,20251126,195000,614.9,615.11,614.46,614.6,235973,0
QQQ.US,5,20251126,195500,614.59,614.9,614.25,614.77,163792,0
QQQ.US,5,20251126,200000,614.77,615.31,614.5649,614.5649,294694,0
QQQ.US,5,20251126,200500,614.58,614.81,614.39,614.63,239667,0
QQQ.US,5,20251126,201000,614.63,615.16,614.32,615.07,187246,0
QQQ.US,5,20251126,201500,615.05,615.34,614.93,615.2,183311,0
QQQ.US,5,20251126,202000,615.2,615.45,614.99,615.36,177238,0
QQQ.US,5,20251126,202500,615.35,615.52,615.2702,615.485,206476,0
QQQ.US,5,20251126,203000,615.47,615.72,615.35,615.35,252461,0
QQQ.US,5,20251126,203500,615.34,615.342,614.75,614.95,313945,0
QQQ.US,5,20251126,204000,614.94,615.5,614.67,614.88,318717,0
QQQ.US,5,20251126,204500,614.89,615.23,614.705,614.715,212514,0
QQQ.US,5,20251126,205000,614.71,615.17,614.59,615.035,170878,0
QQQ.US,5,20251126,205500,615.04,615.22,614.8299,615.16,161187,0
QQQ.US,5,20251126,210000,615.17,615.42,615.03,615.31,233162,0
QQQ.US,5,20251126,210500,615.32,615.32,614.84,615.23,213506,0
QQQ.US,5,20251126,211000,615.235,615.73,615.2,615.70392,278074,0
QQQ.US,5,20251126,211500,615.725,615.85,615.48,615.51,414230,0
QQQ.US,5,20251126,212000,615.4999,615.79,615.4913,615.62,222472,0
QQQ.US,5,20251126,212500,615.635,615.75,615.5,615.5,194530,0
QQQ.US,5,20251126,213000,615.5101,615.63,615.21,615.37,271093,0
QQQ.US,5,20251126,213500,615.36,615.445,615.14,615.24,333610,0
QQQ.US,5,20251126,214000,615.23,615.49,615.08,615.2901,469292,0
QQQ.US,5,20251126,214500,615.31,615.5,614.93,614.95,512667,0
QQQ.US,5,20251126,215000,614.94,615.1799,614.45,614.56,1208463,0
QQQ.US,5,20251126,215500,614.57,614.86,614.27,614.27,2016353,0
QQQ.US,5,20251128,153000,616.12,617.01,615.95,617,913817,0
QQQ.US,5,20251128,153500,617.01,617.58,616,616.46,725145,0
QQQ.US,5,20251128,154000,616.45,616.65,615.4174,616.0485,673475,0
QQQ.US,5,20251128,154500,616.06,616.915,615.67,616.9,513736,0
QQQ.US,5,20251128,155000,616.905,617.04,616.15,616.6613,433511,0
QQQ.US,5,20251128,155500,616.66,616.85,616.17,616.31,292233,0
QQQ.US,5,20251128,160000,616.31,616.82,616.2,616.225,418155,0
QQQ.US,5,20251128,160500,616.23,616.58,615.91,616.51,404276,0
QQQ.US,5,20251128,161000,616.5,616.77,616.13,616.62,341777,0
QQQ.US,5,20251128,161500,616.63,616.98,616.63,616.92,368038,0
QQQ.US,5,20251128,162000,616.9,617.14,616.5,616.63,247932,0
QQQ.US,5,20251128,162500,616.64,616.8,616.06,616.31,332426,0
QQQ.US,5,20251128,163000,616.31,616.88,616.085,616.67,341046,0
QQQ.US,5,20251128,163500,616.66,616.87,616.33,616.61,302363,0
QQQ.US,5,20251128,164000,616.62,616.95,616.51,616.8,203762,0
QQQ.US,5,20251128,164500,616.79,617.0975,616.55,617.08,275028,0
QQQ.US,5,20251128,165000,617.07,617.57,617.06,617.48,280520,0
QQQ.US,5,20251128,165500,617.48,617.48,616.9501,617.295,242218,0
QQQ.US,5,20251128,170000,617.3,617.5,617.03,617.42,208363,0
QQQ.US,5,20251128,170500,617.42,617.91,617.34,617.9,360844,0
QQQ.US,5,20251128,171000,617.9092,617.93,617.5901,617.7641,285770,0
QQQ.US,5,20251128,171500,617.75,617.94,617.64,617.73,248764,0
QQQ.US,5,20251128,172000,617.75,617.75,616.97,617.16,363979,0
QQQ.US,5,20251128,172500,617.18,617.2188,616.28,616.77,460012,0
QQQ.US,5,20251128,173000,616.78,617.2172,616.42,617.11,260898,0
QQQ.US,5,20251128,173500,617.12,617.52,616.99,617.32,353920,0
QQQ.US,5,20251128,174000,617.31,617.4236,616.6,617.18,350632,0
QQQ.US,5,20251128,174500,617.19,617.51,617.0534,617.3397,250966,0
QQQ.US,5,20251128,175000,617.335,617.83,617.18,617.61,321579,0
QQQ.US,5,20251128,175500,617.62,617.8,617.41,617.68,281392,0
QQQ.US,5,20251128,180000,617.67,617.7,617.165,617.5867,293675,0
QQQ.US,5,20251128,180500,617.6,617.95,617.53,617.86,346864,0
QQQ.US,5,20251128,181000,617.85,618,617.63,617.78,233902,0
QQQ.US,5,20251128,181500,617.765,617.84,617.45,617.45,280593,0
QQQ.US,5,20251128,182000,617.45,617.75,617.36,617.52,229329,0
QQQ.US,5,20251128,182500,617.53,617.88,617.5,617.52,332353,0
QQQ.US,5,20251128,183000,617.52,617.52,617.23,617.4,351139,0
QQQ.US,5,20251128,183500,617.4,617.64,617.06,617.07,338529,0
QQQ.US,5,20251128,184000,617.065,617.37,616.92,616.93,406263,0
QQQ.US,5,20251128,184500,616.9301,617.26,616.91,617.17,381691,0
QQQ.US,5,20251128,185000,617.18,617.99,617.15,617.91,780071,0
QQQ.US,5,20251128,185500,617.9,619.15,617.89,619.05,1515736,0
QQQ.US,5,20251128,190000,619.09,619.32,619.05,619.25,634946,0
QQQ.US,5,20251201,153000,613.63,614.68,613.13,614.68,1591904,0
QQQ.US,5,20251201,153500,614.69,615.18,613.78,613.79,1193586,0
QQQ.US,5,20251201,154000,613.77,614.3323,612.52,613.42,939797,0
QQQ.US,5,20251201,154500,613.4,615.44,613.2,614.64,983172,0
QQQ.US,5,20251201,155000,614.61,615.85,614.54,615.8495,732836,0
QQQ.US,5,20251201,155500,615.83,616.63,615.59,616.28,851369,0
QQQ.US,5,20251201,160000,616.28,616.63,615.7,615.91,755689,0
QQQ.US,5,20251201,160500,615.9013,616.6,615.5,616.26,689460,0
QQQ.US,5,20251201,161000,616.24,616.8513,615.94,616.0306,508112,0
QQQ.US,5,20251201,161500,616.05,616.5,615.61,616.2571,397032,0
QQQ.US,5,20251201,162000,616.26,616.33,615.41,615.5587,409103,0
QQQ.US,5,20251201,162500,615.57,615.82,614.93,615.29,467717,0
QQQ.US,5,20251201,163000,615.31,615.47,614.25,614.41,503999,0
QQQ.US,5,20251201,163500,614.41,615.837,613.9487,615.78,567293,0
QQQ.US,5,20251201,164000,615.79,616.1565,615.13,615.5407,300670,0
QQQ.US,5,20251201,164500,615.56,615.88,615.22,615.73,488398,0
QQQ.US,5,20251201,165000,615.76,617.53,615.66,617.36,514636,0
QQQ.US,5,20251201,165500,617.37,617.6087,617.0301,617.4382,362733,0
QQQ.US,5,20251201,170000,617.43,617.57,617.19,617.38,255271,0
QQQ.US,5,20251201,170500,617.4,617.49,615.9,616.41,476330,0
QQQ.US,5,20251201,171000,616.44,616.64,615.78,615.92,342306,0
QQQ.US,5,20251201,171500,615.91,616.27,615.28,615.98,459183,0
QQQ.US,5,20251201,172000,615.99,616.6702,615.99,616.4,243670,0
QQQ.US,5,20251201,172500,616.43,616.8899,616.33,616.68,181038,0
QQQ.US,5,20251201,173000,616.68,617.2,616.66,617.03,223967,0
QQQ.US,5,20251201,173500,617.02,617.387,616.91,617.09,204703,0
QQQ.US,5,20251201,174000,617.09,617.96,616.86,617.7,383031,0
QQQ.US,5,20251201,174500,617.7,618.27,617.62,618.1599,305406,0
QQQ.US,5,20251201,175000,618.16,618.36,617.92,617.96,269117,0
QQQ.US,5,20251201,175500,617.931,618.21,617.74,617.96,226998,0
QQQ.US,5,20251201,180000,617.99,618.48,617.92,618.47,273309,0
QQQ.US,5,20251201,180500,618.48,618.75,618.27,618.35,272362,0
QQQ.US,5,20251201,181000,618.35,618.63,618.1442,618.17,210659,0
QQQ.US,5,20251201,181500,618.175,618.23,617.48,617.99,395422,0
QQQ.US,5,20251201,182000,617.97,618.34,617.83,618.21,158643,0
QQQ.US,5,20251201,182500,618.23,618.597,618.01,618.42328,185654,0
QQQ.US,5,20251201,183000,618.42,618.57,618.13,618.44,189956,0
QQQ.US,5,20251201,183500,618.44,618.79,618.33,618.432,204636,0
QQQ.US,5,20251201,184000,618.43,619.11,618.39,619.11,252113,0
QQQ.US,5,20251201,184500,619.11,619.4401,619.07,619.17,313730,0
QQQ.US,5,20251201,185000,619.1701,619.18,618.6071,618.65,277684,0
QQQ.US,5,20251201,185500,618.7,618.75,618.33,618.35,158584,0
QQQ.US,5,20251201,190000,618.35,618.88,618.27,618.7199,202249,0
QQQ.US,5,20251201,190500,618.72,618.921,618.55,618.8,141113,0
QQQ.US,5,20251201,191000,618.77,619.16,618.74,618.97,218475,0
QQQ.US,5,20251201,191500,618.95,619.0701,618.63,618.7718,168369,0
QQQ.US,5,20251201,192000,618.79,618.8026,618.45,618.7244,142024,0
QQQ.US,5,20251201,192500,618.74,618.902,618.59,618.6499,148918,0
QQQ.US,5,20251201,193000,618.68,618.898,618.67,618.855,136886,0
QQQ.US,5,20251201,193500,618.83,618.99,618.77,618.835,181943,0
QQQ.US,5,20251201,194000,618.84,618.928,618.6,618.84,142380,0
QQQ.US,5,20251201,194500,618.83,619.01,618.68,618.76,198784,0
QQQ.US,5,20251201,195000,618.76,619.2,618.76,619.1238,245470,0
QQQ.US,5,20251201,195500,619.125,619.36,619.07,619.215,270517,0
QQQ.US,5,20251201,200000,619.21,619.245,618.53,618.565,315810,0
QQQ.US,5,20251201,200500,618.5601,618.5601,618.13,618.26,313676,0
QQQ.US,5,20251201,201000,618.2401,618.3694,617.91,618.305,274970,0
QQQ.US,5,20251201,201500,618.31,618.31,617.55,617.83,263450,0
QQQ.US,5,20251201,202000,617.8305,617.99,617.05,617.27,367500,0
QQQ.US,5,20251201,202500,617.27,617.5,616.9198,617.02,371150,0
QQQ.US,5,20251201,203000,617.03,617.04,616.062,616.78,761945,0
QQQ.US,5,20251201,203500,616.78,617.5,616.7748,617.4148,425236,0
QQQ.US,5,20251201,204000,617.43,617.47,616.65,616.6899,242151,0
QQQ.US,5,20251201,204500,616.7,616.94,616.47,616.5993,213221,0
QQQ.US,5,20251201,205000,616.59,617.02,616.35,616.8101,278284,0
QQQ.US,5,20251201,205500,616.8,616.89,616.41,616.52,192319,0
QQQ.US,5,20251201,210000,616.51,616.88,616.34,616.72,275046,0
QQQ.US,5,20251201,210500,616.72,617.015,616.63,616.96,230465,0
QQQ.US,5,20251201,211000,616.94,617.47,616.94,617.39,311362,0
QQQ.US,5,20251201,211500,617.3675,617.43,616.757,617,204971,0
QQQ.US,5,20251201,212000,616.98,617.1987,616.82,616.99,219454,0
QQQ.US,5,20251201,212500,616.98,617.23,616.88,617.1481,173913,0
QQQ.US,5,20251201,213000,617.17,617.31,616.81,617.034,251867,0
QQQ.US,5,20251201,213500,617.04,617.57,617.04,617.55,314545,0
QQQ.US,5,20251201,214000,617.55,617.63,617.14,617.58,334409,0
QQQ.US,5,20251201,214500,617.58,617.66,617.04,617.23,362042,0
QQQ.US,5,20251201,215000,617.29,617.58,616.76,616.86,722889,0
QQQ.US,5,20251201,215500,616.85,617.28,616.3,617.17,2258819,0
QQQ.US,5,20251202,153000,619.46,619.66,618.98,619.61,834034,0
QQQ.US,5,20251202,160500,623.29,623.3,622.9447,622.96,122467,0
QQQ.US,5,20251202,161000,622.96,622.9997,622.13,622.86,763062,0
QQQ.US,5,20251202,161500,622.875,623.1,622.45,622.71,562409,0
QQQ.US,5,20251202,162000,622.71,623,622.18,622.975,606171,0
QQQ.US,5,20251202,162500,622.97,623.175,621.24,621.39,728842,0
QQQ.US,5,20251202,163000,621.3963,621.56,620.4,620.84,1154179,0
QQQ.US,5,20251202,163500,620.86,621.38,620.56,621.05,620980,0
QQQ.US,5,20251202,164000,621.06,622.72,620.97,622.6,783995,0
QQQ.US,5,20251202,164500,622.6,623.26,622.42,623.26,605629,0
QQQ.US,5,20251202,165000,623.26,623.75,623.17,623.31,545256,0
QQQ.US,5,20251202,165500,623.31,623.51,622.98,623.2,370303,0
QQQ.US,5,20251202,170000,623.22,623.58,622.54,623.19,988242,0
QQQ.US,5,20251202,170500,623.18,623.21,621.69,621.87,1139165,0
QQQ.US,5,20251202,171000,621.88,622.15,620.34,620.65,1036679,0
QQQ.US,5,20251202,171500,620.62,620.94,620.01,620.39,1000839,0
QQQ.US,5,20251202,172000,620.375,620.68,618.64,618.71,979634,0
QQQ.US,5,20251202,172500,618.72,619.26,618.27,618.68,905523,0
QQQ.US,5,20251202,173000,618.66,619.19,617.59,618.17,1572870,0
QQQ.US,5,20251202,173500,618.98,619.73,618.98,619.71,521452,0
QQQ.US,5,20251202,174000,619.715,620.27,619.38,619.38,734537,0
QQQ.US,5,20251202,174500,619.37,619.91,619.23,619.48,291516,0
QQQ.US,5,20251202,175000,619.46,620.15,619.42,620.07,368984,0
QQQ.US,5,20251202,175500,620.07,620.49,619.705,619.86,459304,0
QQQ.US,5,20251202,180000,619.87,620.96,619.75,620.525,456990,0
QQQ.US,5,20251202,180500,620.535,620.7601,620.05,620.09,330126,0
QQQ.US,5,20251202,181000,620.09,620.5299,620.01,620.5299,154358,0
QQQ.US,5,20251202,181500,620.85,622.06,620.78,621.95,556862,0
QQQ.US,5,20251202,182000,621.94,622.24,621.57,621.69,728376,0
QQQ.US,5,20251202,182500,621.68,622.405,621.5803,622.19,317489,0
QQQ.US,5,20251202,183000,622.19,622.63,622.19,622.34,303200,0
QQQ.US,5,20251202,183500,622.35,622.36,621.7418,621.9701,353280,0
QQQ.US,5,20251202,184000,621.98,622.13,621.7,622.01,232372,0
QQQ.US,5,20251202,184500,622,622.25,621.8635,622.1155,193375,0
QQQ.US,5,20251202,185000,622.1193,622.19,620.93,621.15,436208,0
QQQ.US,5,20251202,185500,621.14,621.22,619.79,619.79,612731,0
QQQ.US,5,20251202,190000,619.7855,620.8215,619.575,620.51,568020,0
QQQ.US,5,20251202,190500,620.51,621.5437,620.44,621.06,337666,0
QQQ.US,5,20251202,191000,621.05,621.16,620.6,620.93,333932,0
QQQ.US,5,20251202,191500,620.91,621.29,620.64,621.22,290721,0
QQQ.US,5,20251202,192000,621.21,621.73,621.1,621.36,323028,0
QQQ.US,5,20251202,192500,621.3629,621.4145,620.71,621.18,352515,0
QQQ.US,5,20251202,193000,621.18,621.5,620.77,620.9501,298425,0
QQQ.US,5,20251202,193500,620.94,620.985,620.43,620.53,339007,0
QQQ.US,5,20251202,194000,620.54,621.18,620.38,621.05,304281,0
QQQ.US,5,20251202,194500,621.05,621.28,620.68,621.18,270581,0
QQQ.US,5,20251202,195000,621.155,621.75,620.93,621.73,325362,0
QQQ.US,5,20251202,195500,621.73,621.7599,621.06,621.52,340046,0
QQQ.US,5,20251202,200000,621.49,622.08,621.22,621.97,350997,0
QQQ.US,5,20251202,200500,621.95,622.3,621.86,621.965,306019,0
QQQ.US,5,20251202,201000,621.97,622.3,621.7999,622.1618,447029,0
QQQ.US,5,20251202,201500,622.16,622.32,621.95,622,216683,0
QQQ.US,5,20251202,202000,621.99,622.05,621.2,621.39,374998,0
QQQ.US,5,20251202,202500,621.4,621.75,621.2445,621.72,356370,0
QQQ.US,5,20251202,203000,621.71,622.24,621.61,622.19,420325,0
QQQ.US,5,20251202,203500,622.18,622.33,621.97,622.1526,316035,0
QQQ.US,5,20251202,204000,622.15,622.24,621.57,621.77,282153,0
QQQ.US,5,20251202,204500,621.78,622.36,621.66,622.15,270816,0
QQQ.US,5,20251202,205000,622.15,622.92,622.06,622.67,441007,0
QQQ.US,5,20251202,205500,622.67,623.11,622.6007,622.87,345426,0
QQQ.US,5,20251202,210000,622.875,623.01,622.425,622.6,379829,0
QQQ.US,5,20251202,210500,622.61,622.76,622.4838,622.74,221463,0
QQQ.US,5,20251202,211000,622.74,622.98,622.49,622.78,213947,0
QQQ.US,5,20251202,211500,622.79,622.83,622.5778,622.75,168626,0
QQQ.US,5,20251202,212000,622.75,622.97,622.71,622.8,190067,0
QQQ.US,5,20251202,212500,622.795,623.01,622.7,622.885,226414,0
QQQ.US,5,20251202,213000,622.89,623.22,622.815,622.94,337291,0
QQQ.US,5,20251202,213500,622.95,622.97,622.37,622.41,401658,0
QQQ.US,5,20251202,214000,622.42,622.64,622.23,622.58,433515,0
QQQ.US,5,20251202,214500,622.58,622.95,622.49,622.66,542916,0
QQQ.US,5,20251202,215000,622.65,622.875,621.86,621.89,1145868,0
QQQ.US,5,20251202,215500,621.9,622.38,621.9,622.0534,1910146,0
QQQ.US,5,20251203,153000,619.62,620.65,618.71,619.1,1860668,0
QQQ.US,5,20251203,153500,619.09,620.19,618.563,618.8048,884356,0
QQQ.US,5,20251203,154000,618.79,620.12,618.7,619.13,631728,0
QQQ.US,5,20251203,154500,619.11,619.83,618.81,618.91,716348,0
QQQ.US,5,20251203,155000,618.89,619.55,618.03,619.47,893018,0
QQQ.US,5,20251203,155500,619.43,619.77,619.14,619.72,446723,0
QQQ.US,5,20251203,160000,619.73,621.5,619.38,621.4501,890252,0
QQQ.US,5,20251203,160500,621.47,621.53,620.07,620.095,698620,0
QQQ.US,5,20251203,161000,620.09,620.69,619.69,620.08,576589,0
QQQ.US,5,20251203,161500,620.1,621.24,619.98,620.58,565694,0
QQQ.US,5,20251203,162000,620.59,620.99,619.73,620.91,671480,0
QQQ.US,5,20251203,162500,620.92,621.05,620.3,620.42,474700,0
QQQ.US,5,20251203,163000,620.41,621.68,619.75,621.62,1380172,0
QQQ.US,5,20251203,163500,621.62,622.21,621.08,621.44,1148123,0
QQQ.US,5,20251203,164000,621.45,622.15,621.34,622.05,806199,0
QQQ.US,5,20251203,164500,622.05,622.28,621.705,621.87,578748,0
QQQ.US,5,20251203,165000,621.83,622.07,621.19,621.19,442577,0
QQQ.US,5,20251203,165500,621.2,621.6,620.98,621.2699,449349,0
QQQ.US,5,20251203,170000,621.265,622.14,621.23,622.08,491870,0
QQQ.US,5,20251203,170500,622.08,622.09,621.01,621.04,356901,0
QQQ.US,5,20251203,171000,621.03,621.12,620.26,620.72,599089,0
QQQ.US,5,20251203,171500,620.71,621.68,620.56,621.68,398093,0
QQQ.US,5,20251203,172000,621.68,621.8144,620.63,621,479094,0
QQQ.US,5,20251203,172500,620.98,621.37,620.82,621.34,302098,0
QQQ.US,5,20251203,173000,621.36,622.49,621.21,622.45,687833,0
QQQ.US,5,20251203,173500,622.45,622.655,622.0756,622.41,439390,0
QQQ.US,5,20251203,174000,622.41,622.53,622.2,622.46,268862,0
QQQ.US,5,20251203,174500,622.46,622.5401,622.01,622.1,326221,0
QQQ.US,5,20251203,175000,622.0938,622.0938,621.38,621.39,421219,0
QQQ.US,5,20251203,175500,621.4,621.4245,620.47,621.2,569318,0
QQQ.US,5,20251203,180000,621.21,622,621.14,621.95,495085,0
QQQ.US,5,20251203,180500,621.96,622.1,621.08,621.34,413875,0
QQQ.US,5,20251203,181000,621.34,622.18,621.17,622.0899,287535,0
QQQ.US,5,20251203,181500,622.11,622.285,621.8,622.245,349684,0
QQQ.US,5,20251203,182000,622.23,622.92,622.22,622.725,515930,0
QQQ.US,5,20251203,182500,622.73,622.8,622.45,622.63,292210,0
QQQ.US,5,20251203,183000,622.63,622.8,622.29,622.29,266471,0
QQQ.US,5,20251203,183500,622.31,622.6,622.11,622.57,206400,0
QQQ.US,5,20251203,184000,622.57,622.65,622.35,622.62,161279,0
QQQ.US,5,20251203,184500,622.63,622.85,622.42,622.76,210167,0
QQQ.US,5,20251203,185000,622.76,622.785,622.32,622.66,227967,0
QQQ.US,5,20251203,185500,622.64,623.04,622.57,622.77,267121,0
QQQ.US,5,20251203,190000,622.76,623.08,622.73,622.85,298559,0
QQQ.US,5,20251203,190500,622.85,622.9501,622.62,622.67,170109,0
QQQ.US,5,20251203,191000,622.66,622.97,622.6,622.96,467357,0
QQQ.US,5,20251203,191500,622.965,623.01,622.65,622.66,182831,0
QQQ.US,5,20251203,192000,622.67,622.8,622.35,622.5801,267761,0
QQQ.US,5,20251203,192500,622.59,622.83,622.58,622.81,170680,0
QQQ.US,5,20251203,193000,622.82,623.1,622.82,622.97,306271,0
QQQ.US,5,20251203,193500,622.97,623.16,622.95,623.104,193667,0
QQQ.US,5,20251203,194000,623.1,623.46,623.07,623.42,330109,0
QQQ.US,5,20251203,194500,623.43,623.47,623.18,623.34,373562,0
QQQ.US,5,20251203,195000,623.33,623.45,623.08,623.29,211326,0
QQQ.US,5,20251203,195500,623.3,623.32,622.71,622.87,305565,0
QQQ.US,5,20251203,200000,622.85,623.35,622.785,623.19,384114,0
QQQ.US,5,20251203,200500,623.2,623.38,623.06,623.25,238601,0
QQQ.US,5,20251203,201000,623.25,623.41,623.06,623.36,212718,0
QQQ.US,5,20251203,201500,623.3678,623.4,623.11,623.23,206483,0
QQQ.US,5,20251203,202000,623.23,623.41,623.125,623.38,163723,0
QQQ.US,5,20251203,202500,623.38,623.54,623.29,623.35,190890,0
QQQ.US,5,20251203,203000,623.35,623.41,623.16,623.28,303479,0
QQQ.US,5,20251203,203500,623.285,623.45,623.19,623.39,231919,0
QQQ.US,5,20251203,204000,623.39,623.6,623.33,623.575,234001,0
QQQ.US,5,20251203,204500,623.575,623.58,623.37,623.53,193712,0
QQQ.US,5,20251203,205000,623.53,623.84,623.52,623.7501,265605,0
QQQ.US,5,20251203,205500,623.75,623.91,623.74,623.85,234632,0
QQQ.US,5,20251203,210000,623.85,623.99,623.725,623.74,304599,0
QQQ.US,5,20251203,210500,623.74,623.88,623.605,623.8133,239609,0
QQQ.US,5,20251203,211000,623.82,624.14,623.8,624.06,337382,0
QQQ.US,5,20251203,211500,624.06,624.22,623.98,624.02,257826,0
QQQ.US,5,20251203,212000,624.02,624.1299,623.92,624.0415,296069,0
QQQ.US,5,20251203,212500,624.05,624.22,623.82,624.16,379914,0
QQQ.US,5,20251203,213000,624.1529,624.1529,623.83,623.84,264287,0
QQQ.US,5,20251203,213500,623.83,624.025,623.78,623.94,267858,0
QQQ.US,5,20251203,214000,623.94,624.06,623.83,624.03,332434,0
QQQ.US,5,20251203,214500,624.02,624.16,623.8918,623.98,436447,0
QQQ.US,5,20251203,215000,623.95,624.02,623.24,623.325,993721,0
QQQ.US,5,20251203,215500,623.33,623.66,623.11,623.52,2295530,0
QQQ.US,5,20251204,153000,624.93,624.94,621.28,621.46,1909758,0
QQQ.US,5,20251204,153500,621.45,623.14,621.05,622.62,1589483,0
QQQ.US,5,20251204,154000,622.67,623.26,621.7001,622.01,1062784,0
QQQ.US,5,20251204,154500,622.02,622.44,621.52,621.89,703252,0
QQQ.US,5,20251204,155000,621.88,622.3599,621.32,621.87,885208,0
QQQ.US,5,20251204,155500,621.87,622.31,620.79,621.21,637590,0
QQQ.US,5,20251204,160000,621.16,621.67,621.02,621.46,545251,0
QQQ.US,5,20251204,160500,621.42,622.0451,621.2,621.65,897107,0
QQQ.US,5,20251204,161000,621.63,621.74,620.92,621.45,584789,0
QQQ.US,5,20251204,161500,621.45,621.97,621.03,621.52,604275,0
QQQ.US,5,20251204,162000,621.5,622.1744,621.21,621.3,604987,0
QQQ.US,5,20251204,162500,621.27,622.0899,620.32,622,1132329,0
QQQ.US,5,20251204,163000,622.02,622.3555,621.76,622.15,506491,0
QQQ.US,5,20251204,163500,622.16,623.01,622.088,622.93,536916,0
QQQ.US,5,20251204,164000,622.93,623.19,622.605,622.96,460349,0
QQQ.US,5,20251204,164500,622.9703,623.1,621.82,622.18,532127,0
QQQ.US,5,20251204,165000,622.19,622.21,621.4344,621.92,567793,0
QQQ.US,5,20251204,165500,621.93,622.09,621.46,621.5,338402,0
QQQ.US,5,20251204,170000,621.5,621.84,620.5,620.64,651309,0
QQQ.US,5,20251204,170500,620.63,621.01,619.96,621.01,885170,0
QQQ.US,5,20251204,171000,621.01,621.31,620.37,621.05,497384,0
QQQ.US,5,20251204,171500,621.06,621.63,620.7599,621.58,451221,0
QQQ.US,5,20251204,172000,621.58,622.1747,621.45,622.07,453896,0
QQQ.US,5,20251204,172500,622.08,622.09,621.39,621.82,449688,0
QQQ.US,5,20251204,173000,621.81,622.24,621.51,621.66,472711,0
QQQ.US,5,20251204,173500,621.69,622.2,621.5,621.76,372223,0
QQQ.US,5,20251204,174000,621.7682,621.8,621.38,621.5,378927,0
QQQ.US,5,20251204,174500,621.51,622.7,621.485,622.65,399930,0
QQQ.US,5,20251204,175000,622.67,623.1,622.51,622.96,464003,0
QQQ.US,5,20251204,175500,622.9401,623.435,622.81,623.25,403927,0
QQQ.US,5,20251204,180000,623.24,623.47,623.06,623.17,333857,0
QQQ.US,5,20251204,180500,623.17,623.17,622.35,622.61,455633,0
QQQ.US,5,20251204,181000,622.6,623.04,622.225,623,397674,0
QQQ.US,5,20251204,181500,623.01,623.07,622.5701,622.77,229056,0
QQQ.US,5,20251204,182000,622.755,622.84,622.18,622.26,266461,0
QQQ.US,5,20251204,182500,622.28,622.65,622.2,622.2699,250486,0
QQQ.US,5,20251204,183000,622.27,622.35,621.91,622.25,327531,0
QQQ.US,5,20251204,183500,622.2404,622.835,622.23,622.31,258432,0
QQQ.US,5,20251204,184000,622.29,622.59,622.05,622.56,246906,0
QQQ.US,5,20251204,184500,622.56,622.64,622.215,622.25,182113,0
QQQ.US,5,20251204,185000,622.25,622.68,622.22,622.67,221893,0
QQQ.US,5,20251204,185500,622.67,622.7799,622.46,622.67,201936,0
QQQ.US,5,20251204,190000,622.66,622.74,622.39,622.505,166387,0
QQQ.US,5,20251204,190500,622.49,622.49,621.63,622.03,357135,0
QQQ.US,5,20251204,191000,622.04,622.375,621.73,622.315,283842,0
QQQ.US,5,20251204,191500,622.315,622.7,622.19,622.2844,267165,0
QQQ.US,5,20251204,192000,622.28,622.61,622.26,622.6,181769,0
QQQ.US,5,20251204,192500,622.59,622.88,622.45,622.765,223539,0
QQQ.US,5,20251204,193000,622.76,623.02,622.68,622.76,229346,0
QQQ.US,5,20251204,193500,622.78,622.78,622.4601,622.64,204522,0
QQQ.US,5,20251204,194000,622.64,622.7199,622.13,622.2413,269270,0
QQQ.US,5,20251204,194500,622.2482,622.445,622.07,622.2,214055,0
QQQ.US,5,20251204,195000,622.175,622.5182,622.13,622.42,219861,0
QQQ.US,5,20251204,195500,622.415,622.51,622.19,622.34,163871,0
QQQ.US,5,20251204,200000,622.33,622.42,622.13,622.2399,187992,0
QQQ.US,5,20251204,200500,622.22,622.5299,622.07,622.31,294478,0
QQQ.US,5,20251204,201000,622.31,622.34,621.83,622.05,272417,0
QQQ.US,5,20251204,201500,622.04,622.04,620.85,620.91,533892,0
QQQ.US,5,20251204,202000,620.9,620.99,619.54,620.11,1046455,0
QQQ.US,5,20251204,202500,620.12,621.07,620.02,620.5942,755972,0
QQQ.US,5,20251204,203000,620.6,621.58,620.41,621.56,483916,0
QQQ.US,5,20251204,203500,621.57,622.49,621.54,621.97,741029,0
QQQ.US,5,20251204,204000,621.95,622.16,621.64,622.0318,385074,0
QQQ.US,5,20251204,204500,622.04,622.41,621.91,622.22,323712,0
QQQ.US,5,20251204,205000,622.24,622.36,621.935,622.08,429385,0
QQQ.US,5,20251204,205500,622.075,622.35,621.75,621.96,266417,0
QQQ.US,5,20251204,210000,621.95,622.07,621.54,621.54,367915,0
QQQ.US,5,20251204,210500,621.53,621.74,621.04,621.6103,475751,0
QQQ.US,5,20251204,211000,621.61,622.04,621.53,621.91,336885,0
QQQ.US,5,20251204,211500,621.92,621.93,621.39,621.69,313578,0
QQQ.US,5,20251204,212000,621.71,621.75,621.41,621.44,290072,0
QQQ.US,5,20251204,212500,621.44,621.71,621.3,621.32,297350,0
QQQ.US,5,20251204,213000,621.3397,621.8,621.27,621.66,271131,0
QQQ.US,5,20251204,213500,621.67,621.72,621.35,621.68,277940,0
QQQ.US,5,20251204,214000,621.68,621.725,621.32,621.49,243852,0
QQQ.US,5,20251204,214500,621.49,621.84,621.34,621.82,333112,0
QQQ.US,5,20251204,215000,621.83,622.62,621.8167,622.16,1120301,0
QQQ.US,5,20251204,215500,622.155,623.01,622.09,622.94,2286212,0
QQQ.US,5,20251205,153000,624.38,626.67,624.35,626.2667,2153202,0
QQQ.US,5,20251205,153500,626.27,626.71,625.59,625.62,1039390,0
QQQ.US,5,20251205,154000,625.62,625.85,624.24,625.09,1135021,0
QQQ.US,5,20251205,154500,625.09,626.1,625.07,626.1,843363,0
QQQ.US,5,20251205,155000,626.12,627.37,625.87,627.1612,1139706,0
QQQ.US,5,20251205,155500,627.1648,627.27,626.52,627.0799,846143,0
QQQ.US,5,20251205,160000,627.08,627.72,626.51,627.6,843446,0
QQQ.US,5,20251205,160500,627.61,628.19,627.54,628.01,829208,0
QQQ.US,5,20251205,161000,628.04,628.76,628,628.7,713121,0
QQQ.US,5,20251205,161500,628.7,628.92,628.22,628.25,769514,0
QQQ.US,5,20251205,162000,628.26,628.7,627.98,628.64,664127,0
QQQ.US,5,20251205,162500,628.64,628.65,627.95,628.18,699814,0
QQQ.US,5,20251205,163000,628.18,628.765,628.15,628.62,513801,0
QQQ.US,5,20251205,163500,628.63,628.69,627.995,628.2199,490375,0
QQQ.US,5,20251205,164000,628.21,628.29,627.51,627.78,577164,0
QQQ.US,5,20251205,164500,627.75,628.0782,627.14,627.82,664147,0
QQQ.US,5,20251205,165000,627.8101,627.8101,626.25,626.51,1075730,0
QQQ.US,5,20251205,165500,626.525,626.53,625.29,625.93,1257478,0
QQQ.US,5,20251205,170000,625.94,626.53,625.7499,625.92,788381,0
QQQ.US,5,20251205,170500,625.9,626.32,625.47,625.655,525042,0
QQQ.US,5,20251205,171000,625.67,625.81,625.06,625.06,578388,0
QQQ.US,5,20251205,171500,625.06,625.14,624.5,624.79,945447,0
QQQ.US,5,20251205,172000,624.78,625.72,624.5,625.24,725602,0
QQQ.US,5,20251205,172500,625.24,625.88,624.74,624.83,515530,0
QQQ.US,5,20251205,173000,624.8399,624.84,623.71,624.3499,884089,0
QQQ.US,5,20251205,173500,624.35,624.79,624.079,624.52,387794,0
QQQ.US,5,20251205,174000,624.53,625,624.19,624.66,431425,0
QQQ.US,5,20251205,174500,624.63,625.13,624.4,625.029,470366,0
QQQ.US,5,20251205,175000,625.03,625.81,624.86,625.74,434703,0
QQQ.US,5,20251205,175500,625.74,626.36,625.565,625.59,637469,0
QQQ.US,5,20251205,180000,625.58,625.8,624.98,625.33,609723,0
QQQ.US,5,20251205,180500,625.32,625.635,625.14,625.395,394413,0
QQQ.US,5,20251205,181000,625.4,625.42,624.7055,624.805,384622,0
QQQ.US,5,20251205,181500,624.79,625.07,624.69,624.82,276273,0
QQQ.US,5,20251205,182000,624.83,625.0869,624.62,625.02,271110,0
QQQ.US,5,20251205,182500,625.0245,625.14,624.71,624.76,217686,0
QQQ.US,5,20251205,183000,624.77,624.88,624.45,624.4795,351417,0
QQQ.US,5,20251205,183500,624.47,624.82,624.02,624.79,521590,0
QQQ.US,5,20251205,184000,624.79,624.8315,624.4,624.74,278465,0
QQQ.US,5,20251205,184500,624.74,625.16,624.58,624.9,257371,0
QQQ.US,5,20251205,185000,624.86,625.86,624.81,625.75,417310,0
QQQ.US,5,20251205,185500,625.8,625.82,625.34,625.61,359434,0
QQQ.US,5,20251205,190000,625.6,625.7145,625.33,625.59,325982,0
QQQ.US,5,20251205,190500,625.58,625.82,625.46,625.8,283185,0
QQQ.US,5,20251205,191000,625.79,625.82,625.43,625.48,292250,0
QQQ.US,5,20251205,191500,625.485,625.595,625.23,625.43,279618,0
QQQ.US,5,20251205,192000,625.44,625.45,624.87,625.3199,406992,0
QQQ.US,5,20251205,192500,625.31,626.02,625.22,625.96,415355,0
QQQ.US,5,20251205,193000,625.95,626.29,625.84,626.17,517600,0
QQQ.US,5,20251205,193500,626.18,626.2503,625.87,626.135,253580,0
QQQ.US,5,20251205,194000,626.135,626.155,625.4414,625.75,389940,0
QQQ.US,5,20251205,194500,625.74,625.81,625.49,625.7883,180433,0
QQQ.US,5,20251205,195000,625.79,625.855,625.3855,625.72,241227,0
QQQ.US,5,20251205,195500,625.7,625.75,625.49,625.53,175110,0
QQQ.US,5,20251205,200000,625.54,625.61,625.25,625.38,328312,0
QQQ.US,5,20251205,200500,625.3855,625.6,625.23,625.53,235410,0
QQQ.US,5,20251205,201000,625.53,625.87,625.43,625.81,235667,0
QQQ.US,5,20251205,201500,625.825,625.88,625.07,625.3355,375103,0
QQQ.US,5,20251205,202000,625.33,625.54,625.0599,625.195,252746,0
QQQ.US,5,20251205,202500,625.2,625.7,625.1115,625.42,332874,0
QQQ.US,5,20251205,203000,625.43,625.5856,625.1099,625.45,278526,0
QQQ.US,5,20251205,203500,625.44,625.49,625.2,625.49,193722,0
QQQ.US,5,20251205,204000,625.49,625.57,625.02,625.17,292164,0
QQQ.US,5,20251205,204500,625.175,625.19,624.95,625.17,183774,0
QQQ.US,5,20251205,205000,625.16,625.615,625.12,625.565,319043,0
QQQ.US,5,20251205,205500,625.5798,625.94,625.49,625.7818,343631,0
QQQ.US,5,20251205,210000,625.79,625.85,625.45,625.54,247605,0
QQQ.US,5,20251205,210500,625.53,625.64,625.37,625.405,242069,0
QQQ.US,5,20251205,211000,625.41,625.52,625.17,625.4701,258182,0
QQQ.US,5,20251205,211500,625.47,625.85,625.47,625.77,279719,0
QQQ.US,5,20251205,212000,625.78,625.7864,625.38,625.48,234343,0
QQQ.US,5,20251205,212500,625.488,625.51,625.2303,625.5,288251,0
QQQ.US,5,20251205,213000,625.49,625.56,625.2,625.52,350485,0
QQQ.US,5,20251205,213500,625.5,625.52,625.25,625.27,312635,0
QQQ.US,5,20251205,214000,625.27,625.425,625.05,625.4001,308470,0
QQQ.US,5,20251205,214500,625.4,625.415,624.5755,624.69,755769,0
QQQ.US,5,20251205,215000,624.69,625.4,624.43,625.05,916319,0
QQQ.US,5,20251205,215500,625.06,625.835,625.04,625.48,2281256,0
QQQ.US,5,20251208,153000,627.21,628.84,626.87,628.0901,1839390,0
QQQ.US,5,20251208,153500,628.1,628.19,627.43,627.46,966952,0
QQQ.US,5,20251208,154000,627.49,627.74,626.7,627.49,877363,0
QQQ.US,5,20251208,154500,627.52,627.56,625.5,626.39,855388,0
QQQ.US,5,20251208,155000,626.37,626.92,626.07,626.65,534134,0
QQQ.US,5,20251208,155500,626.62,626.74,625.8,626.03,417122,0
QQQ.US,5,20251208,160000,626.02,626.81,625.87,626.59,440902,0
QQQ.US,5,20251208,160500,626.59,626.84,626.085,626.3,302955,0
QQQ.US,5,20251208,161000,626.3,626.3,625.69,625.955,425256,0
QQQ.US,5,20251208,161500,625.955,626.13,625.46,625.73,495152,0
QQQ.US,5,20251208,162000,625.74,625.83,624.928,625.08,691030,0
QQQ.US,5,20251208,162500,625.08,625.1,623.94,624.99,895831,0
QQQ.US,5,20251208,163000,624.99,625.55,624.58,625.36,536294,0
QQQ.US,5,20251208,163500,625.37,625.51,625.04,625.09,356141,0
QQQ.US,5,20251208,164000,625.1,625.18,624.61,624.66,348341,0
QQQ.US,5,20251208,164500,624.65,625.03,624.61,624.83,242015,0
QQQ.US,5,20251208,165000,624.85,624.87,624.14,624.37,369823,0
QQQ.US,5,20251208,165500,624.36,624.58,623.74,624.05,505758,0
QQQ.US,5,20251208,170000,624.04,624.06,623.24,623.61,604941,0
QQQ.US,5,20251208,170500,623.6,623.91,623.22,623.83,490999,0
QQQ.US,5,20251208,171000,623.85,624.14,623.3,623.455,469213,0
QQQ.US,5,20251208,171500,623.46,623.66,623.2,623.58,376634,0
QQQ.US,5,20251208,172000,623.57,624.26,623.5596,624.03,630020,0
QQQ.US,5,20251208,172500,624.04,624.11,623.5,624.07,476088,0
QQQ.US,5,20251208,173000,624.06,624.25,623.48,623.57,396419,0
QQQ.US,5,20251208,173500,623.57,623.89,623.435,623.59,269166,0
QQQ.US,5,20251208,174000,623.61,623.92,623.56,623.82,265288,0
QQQ.US,5,20251208,174500,623.82,623.8901,623.5,623.51,233125,0
QQQ.US,5,20251208,175000,623.5,623.885,623.3,623.61,351597,0
QQQ.US,5,20251208,175500,623.62,623.71,623.4233,623.5,299283,0
QQQ.US,5,20251208,180000,623.5,623.51,622.59,622.87,544987,0
QQQ.US,5,20251208,180500,622.87,623.67,622.83,623.54,290366,0
QQQ.US,5,20251208,181000,623.53,623.6,622.89,623.11,286864,0
QQQ.US,5,20251208,181500,623.125,623.46,623.0343,623.18,227335,0
QQQ.US,5,20251208,182000,623.18,623.23,622.84,622.96,229218,0
QQQ.US,5,20251208,182500,622.97,623,622.37,622.964,337863,0
QQQ.US,5,20251208,183000,622.965,623.32,622.8801,623.06,225051,0
QQQ.US,5,20251208,183500,623.05,623.22,622.97,623.07,135747,0
QQQ.US,5,20251208,184000,623.06,623.52,623.03,623.109,203747,0
QQQ.US,5,20251208,184500,623.1,623.56,622.8382,623.52,231932,0
QQQ.US,5,20251208,185000,623.49,623.77,623.39,623.7,230665,0
QQQ.US,5,20251208,185500,623.695,624.73,623.46,624.49,985518,0
QQQ.US,5,20251208,190000,624.49,624.87,623.93,624.17,500860,0
QQQ.US,5,20251208,190500,624.17,624.695,624.1,624.66,433386,0
QQQ.US,5,20251208,191000,624.66,624.77,624.35,624.41,358105,0
QQQ.US,5,20251208,191500,624.41,624.68,624.15,624.31,312510,0
QQQ.US,5,20251208,192000,624.33,624.58,624.23,624.3752,274297,0
QQQ.US,5,20251208,192500,624.38,624.42,623.23,623.28,486778,0
QQQ.US,5,20251208,193000,623.27,623.35,622.65,622.82,479983,0
QQQ.US,5,20251208,193500,622.8207,623.54,622.6,623.38,380797,0
QQQ.US,5,20251208,194000,623.39,623.4,622.83,623.19,230946,0
QQQ.US,5,20251208,194500,623.1855,623.37,622.95,623,247084,0
QQQ.US,5,20251208,195000,622.98,623.15,622.82,623.02,209161,0
QQQ.US,5,20251208,195500,623,623.02,621.69,622.35,682794,0
QQQ.US,5,20251208,200000,622.36,622.47,621.75,622.17,461055,0
QQQ.US,5,20251208,200500,622.2,622.4,622,622.21,323831,0
QQQ.US,5,20251208,201000,622.24,622.32,621.9,622.05,248887,0
QQQ.US,5,20251208,201500,622.05,622.55,622.04,622.525,351720,0
QQQ.US,5,20251208,202000,622.53,622.76,622.29,622.35,333336,0
QQQ.US,5,20251208,202500,622.35,622.64,622.29,622.4858,222008,0
QQQ.US,5,20251208,203000,622.48,622.795,622.37,622.745,215399,0
QQQ.US,5,20251208,203500,622.75,623,622.67,622.716,218135,0
QQQ.US,5,20251208,204000,622.69,622.83,622.485,622.66,277173,0
QQQ.US,5,20251208,204500,622.66,622.725,622.35,622.7182,241525,0
QQQ.US,5,20251208,205000,622.72,623.06,622.6541,622.835,358927,0
QQQ.US,5,20251208,205500,622.84,622.85,622.19,622.34,303230,0
QQQ.US,5,20251208,210000,622.34,622.5701,622.22,622.24,243971,0
QQQ.US,5,20251208,210500,622.24,622.4499,622.09,622.44,305803,0
QQQ.US,5,20251208,211000,622.43,622.6,622.31,622.595,237658,0
QQQ.US,5,20251208,211500,622.6,622.7699,622.39,622.61,306319,0
QQQ.US,5,20251208,212000,622.61,622.85,622.52,622.635,219073,0
QQQ.US,5,20251208,212500,622.63,622.93,622.45,622.89,292708,0
QQQ.US,5,20251208,213000,622.9,622.92,622.45,622.5,362966,0
QQQ.US,5,20251208,213500,622.5,622.72,622.28,622.5456,353965,0
QQQ.US,5,20251208,214000,622.53,622.905,622.49,622.84,315468,0
QQQ.US,5,20251208,214500,622.84,622.9,622.57,622.63,312736,0
QQQ.US,5,20251208,215000,622.6356,623.21,622.6356,622.835,814941,0
QQQ.US,5,20251208,215500,622.84,624.28,622.83,624.27,1658848,0
QQQ.US,5,20251209,153000,623.01,623.52,621.62,622.125,1388094,0
QQQ.US,5,20251209,153500,622.13,623.7,622.01,623.57,1061341,0
QQQ.US,5,20251209,154000,623.58,623.87,621,622.8904,939449,0
QQQ.US,5,20251209,154500,622.9,623.45,622.51,623.03,592650,0
QQQ.US,5,20251209,155000,623.04,623.3999,622.6,622.89,597969,0
QQQ.US,5,20251209,155500,622.91,623.43,622.63,623.31,488980,0
QQQ.US,5,20251209,160000,623.35,624.28,623,623.53,549154,0
QQQ.US,5,20251209,160500,623.52,623.72,623.05,623.54,375933,0
QQQ.US,5,20251209,161000,623.52,623.8199,623.32,623.49,326793,0
QQQ.US,5,20251209,161500,623.48,623.7895,623.2,623.45,364010,0
QQQ.US,5,20251209,162000,623.47,623.83,623.28,623.77,258523,0
QQQ.US,5,20251209,162500,623.75,624.13,623.29,623.97,453186,0
QQQ.US,5,20251209,163000,624,624.245,623.56,623.96,349794,0
QQQ.US,5,20251209,163500,623.96,623.98,623.59,623.88,258455,0
QQQ.US,5,20251209,164000,623.9,624.555,623.755,624.54,428948,0
QQQ.US,5,20251209,164500,624.54,624.6,623.48,623.87,538787,0
QQQ.US,5,20251209,165000,623.87,624.52,623.79,624.3601,386925,0
QQQ.US,5,20251209,165500,624.37,624.67,624.37,624.6488,387415,0
QQQ.US,5,20251209,170000,624.645,625.1,624.57,624.8,571778,0
QQQ.US,5,20251209,170500,624.82,625.08,624.52,624.69,421155,0
QQQ.US,5,20251209,171000,624.67,624.9199,624.65,624.83,255184,0
QQQ.US,5,20251209,171500,624.82,625.2655,624.8128,625.09,392504,0
QQQ.US,5,20251209,172000,625.07,625.1,624.785,624.99,260327,0
QQQ.US,5,20251209,172500,625.01,625.06,624.74,624.78,300634,0
QQQ.US,5,20251209,173000,624.79,625.215,624.65,625.205,437852,0
QQQ.US,5,20251209,173500,625.2,625.35,624.9,624.99,440990,0
QQQ.US,5,20251209,174000,624.995,625.0399,624.27,624.4,384121,0
QQQ.US,5,20251209,174500,624.4,625.005,624.39,624.89,312318,0
QQQ.US,5,20251209,175000,624.89,625.35,624.88,625.32,486892,0
QQQ.US,5,20251209,175500,625.33,625.385,625.15,625.23,402471,0
QQQ.US,5,20251209,180000,625.225,625.69,625.04,625.62,426056,0
QQQ.US,5,20251209,180500,625.62,625.81,625.4393,625.6,342507,0
QQQ.US,5,20251209,181000,625.595,625.635,625.38,625.51,226107,0
QQQ.US,5,20251209,181500,625.52,625.54,625.1776,625.18,191469,0
QQQ.US,5,20251209,182000,625.17,625.18651,624.78,625.09,353613,0
QQQ.US,5,20251209,182500,625.1,625.35,625.0699,625.21,286343,0
QQQ.US,5,20251209,183000,625.22,625.425,625.05,625.13,263098,0
QQQ.US,5,20251209,183500,625.13,625.375,624.87,625.27,358501,0
QQQ.US,5,20251209,184000,625.275,625.4,624.96,625.1062,337071,0
QQQ.US,5,20251209,184500,625.1,625.13,624.78,624.83,193852,0
QQQ.US,5,20251209,185000,624.83,625.21,624.8,625.21,227544,0
QQQ.US,5,20251209,185500,625.2,625.47,624.975,625.44,402987,0
QQQ.US,5,20251209,190000,625.43,625.7,625.265,625.56,235472,0
QQQ.US,5,20251209,190500,625.56,625.6,625.345,625.36,219008,0
QQQ.US,5,20251209,191000,625.37,625.49,625.12,625.44,227473,0
QQQ.US,5,20251209,191500,625.45,625.78,625.43,625.68,305629,0
QQQ.US,5,20251209,192000,625.69,625.695,625.41,625.58,209977,0
QQQ.US,5,20251209,192500,625.585,625.78,625.42,625.64,161887,0
QQQ.US,5,20251209,193000,625.64,625.73,625.495,625.51,197263,0
QQQ.US,5,20251209,193500,625.5,625.51,625.18,625.34,252771,0
QQQ.US,5,20251209,194000,625.34,625.41,625.09,625.13,269069,0
QQQ.US,5,20251209,194500,625.12,625.4426,624.8099,625.3718,427570,0
QQQ.US,5,20251209,195000,625.365,625.87,625.26,625.7686,444411,0
QQQ.US,5,20251209,195500,625.76,625.855,625.53,625.54,373485,0
QQQ.US,5,20251209,200000,625.55,625.6,625.18,625.31,333072,0
QQQ.US,5,20251209,200500,625.32,625.41,625,625.21,304454,0
QQQ.US,5,20251209,201000,625.21,625.34,624.97,625.14,343277,0
QQQ.US,5,20251209,201500,625.1386,625.43,625.05,625.34,234660,0
QQQ.US,5,20251209,202000,625.33,625.44,625.2,625.28,213574,0
QQQ.US,5,20251209,202500,625.27,625.425,625.23,625.28,151963,0
QQQ.US,5,20251209,203000,625.285,625.43,625.21,625.28,216559,0
QQQ.US,5,20251209,203500,625.27,625.29,625.03,625.11,233628,0
QQQ.US,5,20251209,204000,625.11,625.15,624.63,624.82,319763,0
QQQ.US,5,20251209,204500,624.82,624.9819,624.74,624.93,276228,0
QQQ.US,5,20251209,205000,624.93,625.2,624.93,625.115,246117,0
QQQ.US,5,20251209,205500,625.11,625.225,625,625.09,243155,0
QQQ.US,5,20251209,210000,625.09,625.19,624.92,625.14,223886,0
QQQ.US,5,20251209,210500,625.13,625.36,625.05,625.2,277297,0
QQQ.US,5,20251209,211000,625.2,625.25,625.04,625.06,185688,0
QQQ.US,5,20251209,211500,625.055,625.155,624.96,625.11,224494,0
QQQ.US,5,20251209,212000,625.119,625.26,625.065,625.09,231949,0
QQQ.US,5,20251209,212500,625.08,625.095,624.89,624.98,247574,0
QQQ.US,5,20251209,213000,624.96,625.09,624.76,624.825,283861,0
QQQ.US,5,20251209,213500,624.82,625.12,624.75,625.065,232293,0
QQQ.US,5,20251209,214000,625.06,625.2,624.93,625.1968,291282,0
QQQ.US,5,20251209,214500,625.195,625.28,625.03,625.22,344660,0
QQQ.US,5,20251209,215000,625.23,625.55,624.82,624.9385,962528,0
QQQ.US,5,20251209,215500,624.94,625.33,624.72,625.05,2197452,0
QQQ.US,5,20251210,153000,623.85,624.22,622.92,623.1,1160613,0
QQQ.US,5,20251210,153500,623.1,623.76,621.92,623.21,1215287,0
QQQ.US,5,20251210,154000,623.25,624.09,622.78,623.74,566592,0
QQQ.US,5,20251210,154500,623.72,624.45,623.52,623.55,545701,0
QQQ.US,5,20251210,155000,623.54,624.011,623.02,623.29,447701,0
QQQ.US,5,20251210,155500,623.32,623.65,622.4012,623.5,510393,0
QQQ.US,5,20251210,160000,623.5,623.52,622.84,623.305,408170,0
QQQ.US,5,20251210,160500,623.33,623.94,623.23,623.45,369315,0
QQQ.US,5,20251210,161000,623.42,623.79,623.22,623.31,344883,0
QQQ.US,5,20251210,161500,623.31,623.99,623.14,623.8,290668,0
QQQ.US,5,20251210,162000,623.81,624.06,623.42,623.85,285642,0
QQQ.US,5,20251210,162500,623.8499,623.9,623.24,623.56,411749,0
QQQ.US,5,20251210,163000,623.55,623.72,622.8099,622.9213,350149,0
QQQ.US,5,20251210,163500,622.91,622.96,621.9993,622.38,675032,0
QQQ.US,5,20251210,164000,622.39,622.83,621.85,622.37,532046,0
QQQ.US,5,20251210,164500,622.36,623.33,622.182,623.295,347200,0
QQQ.US,5,20251210,165000,623.293,623.33,622.0399,622.05,407551,0
QQQ.US,5,20251210,165500,622.05,622.17,621.52,621.89,636857,0
QQQ.US,5,20251210,170000,621.9,621.96,620.99,621.53,610957,0
QQQ.US,5,20251210,170500,621.52,622.3,621.34,622.13,460035,0
QQQ.US,5,20251210,171000,622.15,622.95,621.95,622.945,432927,0
QQQ.US,5,20251210,171500,622.95,623.66,622.82,623.59,501380,0
QQQ.US,5,20251210,172000,623.59,623.795,623.32,623.62,326900,0
QQQ.US,5,20251210,172500,623.615,623.9388,623.3355,623.85,355408,0
QQQ.US,5,20251210,173000,623.84,623.98,623.63,623.87,256408,0
QQQ.US,5,20251210,173500,623.87,623.8999,623.58,623.77,222932,0
QQQ.US,5,20251210,174000,623.77,623.77,623.18,623.3052,241406,0
QQQ.US,5,20251210,174500,623.31,623.64,622.94,623.64,375975,0
QQQ.US,5,20251210,175000,623.64,623.985,623.45,623.985,273505,0
QQQ.US,5,20251210,175500,623.97,624.0897,623.83,623.92,330307,0
QQQ.US,5,20251210,180000,623.91,624.04,623.77,623.7998,192571,0
QQQ.US,5,20251210,180500,623.79,623.83,623.53,623.6,163427,0
QQQ.US,5,20251210,181000,623.595,623.63,623.26,623.5,182914,0
QQQ.US,5,20251210,181500,623.5,623.59,623.3,623.33,163728,0
QQQ.US,5,20251210,182000,623.33,623.58,623.08,623.56,196570,0
QQQ.US,5,20251210,182500,623.55,623.68,623.21,623.28,144635,0
QQQ.US,5,20251210,183000,623.25,623.53,623.1283,623.47,149080,0
QQQ.US,5,20251210,183500,623.48,623.91,623.44,623.52,118664,0
QQQ.US,5,20251210,184000,623.52,623.65,623.295,623.46,116487,0
QQQ.US,5,20251210,184500,623.46,623.78,623.42,623.73,124492,0
QQQ.US,5,20251210,185000,623.73,624.38,623.715,624.34,273706,0
QQQ.US,5,20251210,185500,624.35,624.67,624.08,624.26,320403,0
QQQ.US,5,20251210,190000,624.26,624.32,623.84,623.856,243788,0
QQQ.US,5,20251210,190500,623.86,624.22,623.74,624.14,174232,0
QQQ.US,5,20251210,191000,624.13,624.16,623.87,623.9,153264,0
QQQ.US,5,20251210,191500,623.9099,623.99,623.6,623.69,208025,0
QQQ.US,5,20251210,192000,623.6601,623.69,623.22,623.22,217210,0
QQQ.US,5,20251210,192500,623.22,623.24,622.61,622.87,388460,0
QQQ.US,5,20251210,193000,622.8719,623.18,622.59,622.97,338283,0
QQQ.US,5,20251210,193500,622.97,623.46,622.89,623.31,232389,0
QQQ.US,5,20251210,194000,623.3,623.33,622.86,622.9232,352743,0
QQQ.US,5,20251210,194500,622.91,623.47,622.85,623.395,261025,0
QQQ.US,5,20251210,195000,623.38,623.38,622.87,622.96,246980,0
QQQ.US,5,20251210,195500,622.96,623.1899,622.69,623.13,200143,0
QQQ.US,5,20251210,200000,623.115,625.71,622.87,624.007,1523654,0
QQQ.US,5,20251210,200500,624.01,626.02,623.92,625.6199,1160151,0
QQQ.US,5,20251210,201000,625.63,626.11,624.81,624.99,797322,0
QQQ.US,5,20251210,201500,624.96,625.99,624.79,625.36,870756,0
QQQ.US,5,20251210,202000,625.37,625.41,624.055,624.15,585909,0
QQQ.US,5,20251210,202500,624.16,624.635,623.3624,624.34,678585,0
QQQ.US,5,20251210,203000,624.36,626.54,624.04,626.1675,1531374,0
QQQ.US,5,20251210,203500,626.16,627.05,624.92,625.95,1087216,0
QQQ.US,5,20251210,204000,625.93,626.24,623,624.32,1257144,0
QQQ.US,5,20251210,204500,624.31,625.92,624.18,625.38,1014068,0
QQQ.US,5,20251210,205000,625.37,627.67,625,627.2,1287633,0
QQQ.US,5,20251210,205500,627.17,628.37,627.15,628.144,1570813,0
QQQ.US,5,20251210,210000,628.13,628.7,627.23,628.53,864890,0
QQQ.US,5,20251210,210500,628.53,628.72,627.82,628.56,804274,0
QQQ.US,5,20251210,211000,628.53,629.04,628.094,628.95,810970,0
QQQ.US,5,20251210,211500,628.95,629.08,628.41,628.6599,701944,0
QQQ.US,5,20251210,212000,628.66,629.21,628.23,628.38,761683,0
QQQ.US,5,20251210,212500,628.36,629.01,628.196,628.41,521914,0
QQQ.US,5,20251210,213000,628.42,629.06,628.25,628.785,674870,0
QQQ.US,5,20251210,213500,628.79,628.94,628.49,628.73,385641,0
QQQ.US,5,20251210,214000,628.71,628.91,628.31,628.49,519720,0
QQQ.US,5,20251210,214500,628.48,628.82,628.25,628.495,593364,0
QQQ.US,5,20251210,215000,628.49,628.87,627.89,628.3,925421,0
QQQ.US,5,20251210,215500,628.31,628.54,627.355,627.57,2065731,0
QQQ.US,5,20251211,153000,623.82,623.97,621.92,622.15,1674094,0
QQQ.US,5,20251211,153500,622.1601,623.52,621.9513,622.45,1342850,0
QQQ.US,5,20251211,154000,622.44,622.91,621.745,622.47,1121817,0
QQQ.US,5,20251211,154500,622.47,622.57,619.95,620.1,1347992,0
QQQ.US,5,20251211,155000,620.11,620.42,618.7,618.76,1470271,0
QQQ.US,5,20251211,155500,618.75,619.48,617.98,618.28,1253520,0
QQQ.US,5,20251211,160000,618.28,619.5,617.72,619.25,1463796,0
QQQ.US,5,20251211,160500,619.25,621.3365,619.13,621.29,1505904,0
QQQ.US,5,20251211,161000,621.28,622.01,620.63,621.77,1135751,0
QQQ.US,5,20251211,161500,621.76,622.2,621.19,622.11,832842,0
QQQ.US,5,20251211,162000,622.12,623.45,622.03,623.38,1011461,0
QQQ.US,5,20251211,162500,623.38,623.5,622.66,622.77,666472,0
QQQ.US,5,20251211,163000,622.77,623.05,622.15,622.26,838118,0
QQQ.US,5,20251211,163500,622.29,622.44,621.485,622.26,669272,0
QQQ.US,5,20251211,164000,622.24,622.25,620.93,621.38,759891,0
QQQ.US,5,20251211,164500,621.37,621.9,620.13,620.24,883302,0
QQQ.US,5,20251211,165000,620.22,620.5,619.3,620.4145,1094590,0
QQQ.US,5,20251211,165500,620.41,621.27,620.32,621.1178,824500,0
QQQ.US,5,20251211,170000,621.12,621.86,620.49,621.66,892863,0
QQQ.US,5,20251211,170500,621.67,621.71,620.33,620.42,574673,0
QQQ.US,5,20251211,171000,620.42,620.9,620.17,620.65,449614,0
QQQ.US,5,20251211,171500,620.66,620.745,619.95,620.12,607736,0
QQQ.US,5,20251211,172000,620.13,620.92,619.76,620.88,577740,0
QQQ.US,5,20251211,172500,620.9,620.96,619.31,619.57,546144,0
QQQ.US,5,20251211,173000,619.57,620.39,619.49,620.27,445373,0
QQQ.US,5,20251211,173500,620.28,621.125,620.18,621.028,473385,0
QQQ.US,5,20251211,174000,621.01,622.29,620.9,621.92,609916,0
QQQ.US,5,20251211,174500,621.93,622.54,621.4105,621.545,687891,0
QQQ.US,5,20251211,175000,621.555,621.6,620.05,620.18,787448,0
QQQ.US,5,20251211,175500,620.185,620.4501,619.6,620.42,710158,0
QQQ.US,5,20251211,180000,620.42,621.24,620.285,621.1,511540,0
QQQ.US,5,20251211,180500,621.09,621.28,620.83,621.03,325824,0
QQQ.US,5,20251211,181000,621.04,622.38,621.025,622.06,433895,0
QQQ.US,5,20251211,181500,622.07,622.48,621.93,622.43,393813,0
QQQ.US,5,20251211,182000,622.42,623.38,622.42,623.24,571383,0
QQQ.US,5,20251211,182500,623.25,623.6801,622.78,622.89,518079,0
QQQ.US,5,20251211,183000,622.89,623.55,622.89,623.51,411012,0
QQQ.US,5,20251211,183500,623.52,623.81,623.2645,623.57,258667,0
QQQ.US,5,20251211,184000,623.57,623.945,623.54,623.75,359469,0
QQQ.US,5,20251211,184500,623.75,623.9,623.22,623.26,380622,0
QQQ.US,5,20251211,185000,623.25,623.3498,622.92,623.19,387186,0
QQQ.US,5,20251211,185500,623.17,623.19,622.3002,622.65,517916,0
QQQ.US,5,20251211,190000,622.63,623.38,622.39,623.2,357735,0
QQQ.US,5,20251211,190500,623.18,623.5,623.06,623.44,207358,0
QQQ.US,5,20251211,191000,623.44,623.8499,623.39,623.62,267716,0
QQQ.US,5,20251211,191500,623.63,623.65,623.37,623.55,229031,0
QQQ.US,5,20251211,192000,623.54,623.88,623.19,623.63,374343,0
QQQ.US,5,20251211,192500,623.64,623.77,623.01,623.35,398752,0
QQQ.US,5,20251211,193000,623.34,623.45,623.08,623.4,325997,0
QQQ.US,5,20251211,193500,623.42,624.36,623.37,624.33,404631,0
QQQ.US,5,20251211,194000,624.32,624.8163,624.25,624.6976,386255,0
QQQ.US,5,20251211,194500,624.7001,624.88,624.32,624.49,405001,0
QQQ.US,5,20251211,195000,624.5,624.61,623.87,623.91,408987,0
QQQ.US,5,20251211,195500,623.91,624.03,623.545,623.72,439818,0
QQQ.US,5,20251211,200000,623.72,624.445,623.685,624.255,317589,0
QQQ.US,5,20251211,200500,624.24,624.2844,623.94,624.26,182012,0
QQQ.US,5,20251211,201000,624.26,624.52,624.09,624.49,212185,0
QQQ.US,5,20251211,201500,624.48,625.22,624.46,625.09,317592,0
QQQ.US,5,20251211,202000,625.09,625.23,624.83,625.1,335555,0
QQQ.US,5,20251211,202500,625.1,625.27,624.96,625.175,230306,0
QQQ.US,5,20251211,203000,625.18,625.34,625.08,625.229,248663,0
QQQ.US,5,20251211,203500,625.22,625.6,625.22,625.26,299879,0
QQQ.US,5,20251211,204000,625.26,625.57,625.214,625.5486,253338,0
QQQ.US,5,20251211,204500,625.55,625.65,625.37,625.61,232725,0
QQQ.US,5,20251211,205000,625.62,625.78,625.1453,625.19,361548,0
QQQ.US,5,20251211,205500,625.18,625.3,624.95,624.98,403406,0
QQQ.US,5,20251211,210000,624.98,625.42,624.9591,625.2568,278767,0
QQQ.US,5,20251211,210500,625.26,625.31,624.9,625.16,430771,0
QQQ.US,5,20251211,211000,625.16,625.35,624.9901,625.02,298825,0
QQQ.US,5,20251211,211500,625.02,625.28,624.98,625,259662,0
QQQ.US,5,20251211,212000,625,625.2399,624.91,625.12,230108,0
QQQ.US,5,20251211,212500,625.11,625.16,624.63,624.705,311578,0
QQQ.US,5,20251211,213000,624.7,624.77,624.36,624.5,427056,0
QQQ.US,5,20251211,213500,624.5,624.62,624.26,624.4099,309854,0
QQQ.US,5,20251211,214000,624.41,624.79,624.38,624.69,356117,0
QQQ.US,5,20251211,214500,624.68,624.77,624.44,624.67,294965,0
QQQ.US,5,20251211,215000,624.67,625.68,624.65,625.07,1019712,0
QQQ.US,5,20251211,215500,625.07,625.72,624.7949,625.58,2088087,0
QQQ.US,5,20251212,153000,622.08,622.76,621.3,622.45,2138073,0
QQQ.US,5,20251212,153500,622.44,623.54,622.15,623.3,1358383,0
QQQ.US,5,20251212,154000,623.3,623.41,621.72,621.92,1243115,0
QQQ.US,5,20251212,154500,621.92,622.23,620.73,620.77,1717603,0
QQQ.US,5,20251212,155000,620.77,622.275,620.64,622.106,1308385,0
QQQ.US,5,20251212,155500,622.09,622.31,621.56,622.015,566390,0
QQQ.US,5,20251212,160000,622.01,622.06,620.12,620.2401,1131979,0
QQQ.US,5,20251212,160500,620.25,620.57,618.46,618.94,1316845,0
QQQ.US,5,20251212,161000,618.95,619.96,618.8,619.14,915588,0
QQQ.US,5,20251212,161500,619.13,619.529,618.53,619.07,1045345,0
QQQ.US,5,20251212,162000,619.07,619.3,617.53,617.7413,911381,0
QQQ.US,5,20251212,162500,617.72,617.84,616.155,616.27,1552112,0
QQQ.US,5,20251212,163000,616.26,617.5954,615.68,616.97,1481648,0
QQQ.US,5,20251212,163500,616.97,617.7,616.35,617.33,731850,0
QQQ.US,5,20251212,164000,617.3,617.8213,616.67,617.82,650444,0
QQQ.US,5,20251212,164500,617.8064,618.25,617.45,617.92,679059,0
QQQ.US,5,20251212,165000,617.92,618.215,616.525,616.525,772951,0
QQQ.US,5,20251212,165500,616.53,616.66,613.73,614.66,1698880,0
QQQ.US,5,20251212,170000,614.65,615.22,612.73,612.75,1540251,0
QQQ.US,5,20251212,170500,612.74,614.33,612.5125,613.25,1238594,0
QQQ.US,5,20251212,171000,613.265,613.83,612.2,613.2,1011498,0
QQQ.US,5,20251212,171500,613.19,614.04,612.67,613.01,809494,0
QQQ.US,5,20251212,172000,613.01,613.48,611.74,612.67,1281889,0
QQQ.US,5,20251212,172500,612.68,614.015,612.28,613.94,1151094,0
QQQ.US,5,20251212,173000,613.9306,613.96,612.29,612.73,827484,0
QQQ.US,5,20251212,173500,612.72,612.985,611.36,611.94,963275,0
QQQ.US,5,20251212,174000,611.92,613.07,611.37,613,1140452,0
QQQ.US,5,20251212,174500,612.99,613.06,612.18,612.67,609015,0
QQQ.US,5,20251212,175000,612.6,612.63,611.98,612.3,817638,0
QQQ.US,5,20251212,175500,612.26,612.8,611.81,612.76,634676,0
QQQ.US,5,20251212,180000,612.74,614.03,612.44,613.62,852047,0
QQQ.US,5,20251212,180500,613.62,614.82,613.54,614.14,833938,0
QQQ.US,5,20251212,181000,614.12,614.85,614.085,614.54,573114,0
QQQ.US,5,20251212,181500,614.54,615.7,614.53,615.694,700012,0
QQQ.US,5,20251212,182000,615.69,615.78,614.95,615.23,646066,0
QQQ.US,5,20251212,182500,615.23,615.23,613.77,613.9,775373,0
QQQ.US,5,20251212,183000,613.89,614.37,613.18,614.1,558971,0
QQQ.US,5,20251212,183500,614.09,615.2,613.62,615.16,491593,0
QQQ.US,5,20251212,184000,615.16,615.494,614.91,615.08,529168,0
QQQ.US,5,20251212,184500,615.09,616.02,615.02,615.87,514319,0
QQQ.US,5,20251212,185000,615.89,615.94,615.1087,615.41,344812,0
QQQ.US,5,20251212,185500,615.41,615.77,615.07,615.22,369840,0
QQQ.US,5,20251212,190000,615.23,615.62,614.88,615.45,370730,0
QQQ.US,5,20251212,190500,615.47,615.845,615.41,615.557,418293,0
QQQ.US,5,20251212,191000,615.56,617.22,615.49,616.56,909916,0
QQQ.US,5,20251212,191500,616.59,617.47,616.53,616.86,594421,0
QQQ.US,5,20251212,192000,616.86,616.89,615.9608,616.21,549182,0
QQQ.US,5,20251212,192500,616.2,616.7,615.99,616.69,398758,0
QQQ.US,5,20251212,193000,616.74,616.778,616.3187,616.47,260401,0
QQQ.US,5,20251212,193500,616.48,616.71,615.91,616.67,269439,0
QQQ.US,5,20251212,194000,616.66,616.83,615.67,615.88,458062,0
QQQ.US,5,20251212,194500,615.91,616.13,615.6,616.13,353297,0
QQQ.US,5,20251212,195000,616.12,616.38,615.765,616.02,375815,0
QQQ.US,5,20251212,195500,616.02,616.16,615.14,615.23,378053,0
QQQ.US,5,20251212,200000,615.23,615.41,614.68,615.25,576689,0
QQQ.US,5,20251212,200500,615.21,615.395,614.7087,614.74,282079,0
QQQ.US,5,20251212,201000,614.75,615.13,614.18,614.28,518680,0
QQQ.US,5,20251212,201500,614.28,614.66,614.1,614.22,353016,0
QQQ.US,5,20251212,202000,614.21,614.55,613.81,614.15,433930,0
QQQ.US,5,20251212,202500,614.14,614.22,613.69,613.96,306169,0
QQQ.US,5,20251212,203000,613.98,614.675,613.93,614.2301,461303,0
QQQ.US,5,20251212,203500,614.23,614.42,614.02,614.0918,356303,0
QQQ.US,5,20251212,204000,614.1,614.92,614.1,614.33,413701,0
QQQ.US,5,20251212,204500,614.32,614.43,614.01,614.23,321456,0
QQQ.US,5,20251212,205000,614.23,614.61,614.16,614.486,275637,0
QQQ.US,5,20251212,205500,614.48,614.63,613.97,614.4,341695,0
QQQ.US,5,20251212,210000,614.41,614.56,613.91,614.23,450053,0
QQQ.US,5,20251212,210500,614.235,614.72,614.18,614.69,344949,0
QQQ.US,5,20251212,211000,614.68,614.86,613.94,613.94,438421,0
QQQ.US,5,20251212,211500,613.93,614.33,613.86,614.17,408491,0
QQQ.US,5,20251212,212000,614.17,614.3,614.05,614.26,345960,0
QQQ.US,5,20251212,212500,614.28,614.3,613.44,613.57,556398,0
QQQ.US,5,20251212,213000,613.58,613.72,612.52,613.3013,689805,0
QQQ.US,5,20251212,213500,613.31,613.425,612.02,612.28,696504,0
QQQ.US,5,20251212,214000,612.28,613.23,612.255,612.9,757313,0
QQQ.US,5,20251212,214500,612.9,613.88,612.74,613.33,983887,0
QQQ.US,5,20251212,215000,613.34,613.76,612.61,613.265,1221610,0
QQQ.US,5,20251212,215500,613.25,613.75,613.16,613.62,3130697,0
QQQ.US,5,20251215,153000,618.37,618.42,616.14,616.19,1779453,0
QQQ.US,5,20251215,153500,616.2,617.44,615.6,615.605,1157692,0
QQQ.US,5,20251215,154000,615.63,616.63,615.39,615.44,1042182,0
QQQ.US,5,20251215,154500,615.43,615.84,614.69,615.84,1031328,0
QQQ.US,5,20251215,155000,615.83,615.9766,614.27,614.77,707110,0
QQQ.US,5,20251215,155500,614.74,614.87,613.65,613.94,864114,0
QQQ.US,5,20251215,160000,613.93,614.05,612.515,612.74,1302872,0
QQQ.US,5,20251215,160500,612.73,614.17,612.61,613.11,757833,0
QQQ.US,5,20251215,161000,613.1,613.3,612.38,612.69,646618,0
QQQ.US,5,20251215,161500,612.68,612.7552,611.68,611.735,772558,0
QQQ.US,5,20251215,162000,611.74,612.65,610.38,610.3812,1005335,0
QQQ.US,5,20251215,162500,610.3807,610.71,609.32,610.17,1232834,0
QQQ.US,5,20251215,163000,610.14,611.79,609.82,611.29,963274,0
QQQ.US,5,20251215,163500,611.31,611.81,610.44,610.865,511478,0
QQQ.US,5,20251215,164000,610.88,612.77,610.33,612.7514,591433,0
QQQ.US,5,20251215,164500,612.76,613.25,612.5,613.15,538092,0
QQQ.US,5,20251215,165000,613.15,613.21,611.37,611.88,497647,0
QQQ.US,5,20251215,165500,611.89,612.27,611.48,612.16,390824,0
QQQ.US,5,20251215,170000,612.16,612.36,611.43,612.04,327375,0
QQQ.US,5,20251215,170500,612.04,613.1099,612.01,613.09,389098,0
QQQ.US,5,20251215,171000,613.07,613.2,611.93,612.23,289709,0
QQQ.US,5,20251215,171500,612.24,614.3,612.17,614.29,720728,0
QQQ.US,5,20251215,172000,614.29,614.62,613.98,614.4166,419085,0
QQQ.US,5,20251215,172500,614.41,614.91,614.35,614.63,361086,0
QQQ.US,5,20251215,173000,614.635,614.78,612.9378,612.9701,580157,0
QQQ.US,5,20251215,173500,612.9785,613.165,611.95,612.153,655067,0
QQQ.US,5,20251215,174000,612.11,612.6501,611.66,611.81,461946,0
QQQ.US,5,20251215,174500,611.84,612.03,611.38,611.79,416057,0
QQQ.US,5,20251215,175000,611.795,612.92,611.7,612.85,369883,0
QQQ.US,5,20251215,175500,612.84,613.17,611.97,612.42,285915,0
QQQ.US,5,20251215,180000,612.41,612.775,611.99,612.25,246075,0
QQQ.US,5,20251215,180500,612.26,612.71,612.06,612.445,206728,0
QQQ.US,5,20251215,181000,612.47,612.7699,612.22,612.25,213493,0
QQQ.US,5,20251215,181500,612.26,612.36,611.59,611.83,337979,0
QQQ.US,5,20251215,182000,611.835,612.29,611.74,611.93,209099,0
QQQ.US,5,20251215,182500,611.91,612.45,611.86,612.07,194784,0
QQQ.US,5,20251215,183000,612.1,612.4913,611.47,611.74,311210,0
QQQ.US,5,20251215,183500,611.73,612.361,611.73,612.31,207776,0
QQQ.US,5,20251215,184000,612.3162,612.98,612.25,612.5891,195282,0
QQQ.US,5,20251215,184500,612.57,612.82,611.64,611.7104,258293,0
QQQ.US,5,20251215,185000,611.7,611.7,610.51,611.05,417364,0
QQQ.US,5,20251215,185500,611.08,611.71,610.92,611.6601,176960,0
QQQ.US,5,20251215,190000,611.62,611.76,610.92,611.49,233851,0
QQQ.US,5,20251215,190500,611.52,612.19,611.52,611.71,262308,0
QQQ.US,5,20251215,191000,611.74,612.28,611.7114,612.15,145749,0
QQQ.US,5,20251215,191500,612.16,612.4275,611.36,611.5299,224802,0
QQQ.US,5,20251215,192000,611.48,611.72,610.9616,610.9616,174633,0
QQQ.US,5,20251215,192500,610.95,611.15,610.53,610.85,219800,0
QQQ.US,5,20251215,193000,610.84,611.33,610.43,610.8877,234979,0
QQQ.US,5,20251215,193500,610.88,611.28,610.65,610.88,167005,0
QQQ.US,5,20251215,194000,610.81,611.44,610.73,611.27,191183,0
QQQ.US,5,20251215,194500,611.27,611.67,611.17,611.41,252580,0
QQQ.US,5,20251215,195000,611.41,611.9999,611.3,611.88,257747,0
QQQ.US,5,20251215,195500,611.88,612.55,611.83,612.16,280794,0
QQQ.US,5,20251215,200000,612.14,612.838,611.98,612.7,319256,0
QQQ.US,5,20251215,200500,612.68,612.87,612.24,612.27,295088,0
QQQ.US,5,20251215,201000,612.2587,612.42,611.87,611.9,225213,0
QQQ.US,5,20251215,201500,611.86,612.15,611.45,612.14,304761,0
QQQ.US,5,20251215,202000,612.15,612.29,611.55,611.84,180713,0
QQQ.US,5,20251215,202500,611.81,612.09,611.6043,611.75,139954,0
QQQ.US,5,20251215,203000,611.74,611.97,611.33,611.54,239250,0
QQQ.US,5,20251215,203500,611.558,611.81,611.25,611.42,216895,0
QQQ.US,5,20251215,204000,611.46,611.6929,611.12,611.27,295770,0
QQQ.US,5,20251215,204500,611.26,611.37,611.03,611.37,237084,0
QQQ.US,5,20251215,205000,611.37,611.62,611.09,611.56,227603,0
QQQ.US,5,20251215,205500,611.55,612.21,611.54,612.12,261972,0
QQQ.US,5,20251215,210000,612.1,612.11,611.1,611.5582,297862,0
QQQ.US,5,20251215,210500,611.555,612.149,611.535,612.12,252704,0
QQQ.US,5,20251215,211000,612.12,612.23,611.75,611.76,279866,0
QQQ.US,5,20251215,211500,611.76,612.09,611.5,611.61,205639,0
QQQ.US,5,20251215,212000,611.63,611.63,611.02,611.2693,302213,0
QQQ.US,5,20251215,212500,611.28,611.4935,611.0284,611.35,191131,0
QQQ.US,5,20251215,213000,611.36,611.51,610.71,611.06,266111,0
QQQ.US,5,20251215,213500,611.07,611.45,610.89,611.34,259693,0
QQQ.US,5,20251215,214000,611.3358,611.5,610.68,610.895,351744,0
QQQ.US,5,20251215,214500,610.89,611.35,610.79,611.2,487147,0
QQQ.US,5,20251215,215000,611.2,611.41,610.43,610.59,974582,0
QQQ.US,5,20251215,215500,610.61,610.97,610.4,610.53,1451295,0
QQQ.US,5,20251216,153000,608.26,610.3,607.73,609.5234,1642394,0
QQQ.US,5,20251216,153500,609.52,611.0509,608.89,610.05,1034177,0
QQQ.US,5,20251216,154000,610.05,610.34,608.29,609.03,598604,0
QQQ.US,5,20251216,154500,609.07,610.9,607.585,610.39,840242,0
QQQ.US,5,20251216,155000,610.36,612.07,610.26,610.73,885380,0
QQQ.US,5,20251216,155500,610.77,612.25,610.53,612.1,648401,0
QQQ.US,5,20251216,160000,612.1,612.49,610.28,611.2242,691609,0
QQQ.US,5,20251216,160500,611.24,612.355,610.5752,610.61,688614,0
QQQ.US,5,20251216,161000,610.61,610.97,610.005,610.47,607750,0
QQQ.US,5,20251216,161500,610.48,610.69,609,609.29,602831,0
QQQ.US,5,20251216,162000,609.31,609.44,608.1,608.1901,691330,0
QQQ.US,5,20251216,162500,608.19,608.62,606.97,608.5,1076485,0
QQQ.US,5,20251216,163000,608.49,609.64,608.3,609.01,591637,0
QQQ.US,5,20251216,163500,609.02,609.52,607.54,608.4,389741,0
QQQ.US,5,20251216,164000,608.45,608.95,607.37,608.8,519138,0
QQQ.US,5,20251216,164500,608.79,609.95,608.77,609.34,458240,0
QQQ.US,5,20251216,165000,609.32,610.42,608.23,610.13,445760,0
QQQ.US,5,20251216,165500,610.13,610.84,609.76,610.45,420259,0
QQQ.US,5,20251216,170000,610.44,610.945,610.03,610.12,428317,0
QQQ.US,5,20251216,170500,610.13,610.42,609.39,609.6712,467296,0
QQQ.US,5,20251216,171000,609.75,609.87,608.68,608.97,368049,0
QQQ.US,5,20251216,171500,608.9731,609.096,607.87,608.63,523306,0
QQQ.US,5,20251216,172000,608.61,608.89,608.19,608.31,443899,0
QQQ.US,5,20251216,172500,608.28,608.5,607.85,608.3,495550,0
QQQ.US,5,20251216,173000,608.3,608.99,608.03,608.98,409116,0
QQQ.US,5,20251216,173500,608.98,609.25,607.88,608.72,396106,0
QQQ.US,5,20251216,174000,608.69,609,608.01,608.905,259205,0
QQQ.US,5,20251216,174500,608.88,609.95,608.71,609.93,362008,0
QQQ.US,5,20251216,175000,609.93,610.48,609.2853,609.65,475885,0
QQQ.US,5,20251216,175500,609.64,610.85,609.51,610.76,341646,0
QQQ.US,5,20251216,180000,610.76,611.15,610.25,610.91,378405,0
QQQ.US,5,20251216,180500,610.89,611.07,609.98,610.01,462644,0
QQQ.US,5,20251216,181000,609.98,610.92,609.42,610.85,524069,0
QQQ.US,5,20251216,181500,610.85,611.2,610.45,610.66,284036,0
QQQ.US,5,20251216,182000,610.64,610.7799,609.83,609.91,328634,0
QQQ.US,5,20251216,182500,609.93,609.97,608.91,609.28,430187,0
QQQ.US,5,20251216,183000,609.2501,610.1199,609.17,610.0599,311543,0
QQQ.US,5,20251216,183500,610.09,610.4,608.92,609.19,308329,0
QQQ.US,5,20251216,184000,609.16,609.16,608.35,608.685,376262,0
QQQ.US,5,20251216,184500,608.7,609.17,608.52,608.605,358444,0
QQQ.US,5,20251216,185000,608.6,608.61,608.11,608.31,205748,0
QQQ.US,5,20251216,185500,608.31,608.47,607.37,607.569,668601,0
QQQ.US,5,20251216,190000,607.53,607.99,606.9101,607.99,788976,0
QQQ.US,5,20251216,190500,607.99,608.14,607.03,607.83,507006,0
QQQ.US,5,20251216,191000,607.79,608.19,607.27,608.17,345606,0
QQQ.US,5,20251216,191500,608.12,608.23,607.355,607.56,290869,0
QQQ.US,5,20251216,192000,607.5609,608.1711,607.291,608.12,270532,0
QQQ.US,5,20251216,192500,608.13,608.36,607.46,607.63,274629,0
QQQ.US,5,20251216,193000,607.65,608.88,607.58,608.8,432224,0
QQQ.US,5,20251216,193500,608.83,609.71,608.755,609.56,524220,0
QQQ.US,5,20251216,194000,609.59,610.41,609.57,610.34,338864,0
QQQ.US,5,20251216,194500,610.36,610.91,610.18,610.71,511700,0
QQQ.US,5,20251216,195000,610.72,611.13,610.1396,610.32,523214,0
QQQ.US,5,20251216,195500,610.32,610.6201,610.17,610.3,313029,0
QQQ.US,5,20251216,200000,610.28,610.33,608.84,608.93,509660,0
QQQ.US,5,20251216,200500,608.92,609.32,608.68,609.12,447214,0
QQQ.US,5,20251216,201000,609.11,609.27,608.39,608.5001,289738,0
QQQ.US,5,20251216,201500,608.5,608.79,608.22,608.26,321229,0
QQQ.US,5,20251216,202000,608.25,609.11,608.17,608.78,366866,0
QQQ.US,5,20251216,202500,608.78,609.57,608.32,609.535,494657,0
QQQ.US,5,20251216,203000,609.53,610.04,609.34,609.8969,343771,0
QQQ.US,5,20251216,203500,609.93,610.44,609.77,609.94,297409,0
QQQ.US,5,20251216,204000,609.96,610.64,609.66,610.4,362556,0
QQQ.US,5,20251216,204500,610.41,610.64,609.96,610.35,328121,0
QQQ.US,5,20251216,205000,610.37,611.21,610.23,610.76,415978,0
QQQ.US,5,20251216,205500,610.7781,610.8601,610.38,610.47,275757,0
QQQ.US,5,20251216,210000,610.46,611.37,610.26,611.28,359557,0
QQQ.US,5,20251216,210500,611.3,611.65,611.01,611.48,297753,0
QQQ.US,5,20251216,211000,611.47,611.68,610.83,610.879,350651,0
QQQ.US,5,20251216,211500,610.85,611.215,610.75,611.15,360580,0
QQQ.US,5,20251216,212000,611.17,611.86,611.05,611.83,396271,0
QQQ.US,5,20251216,212500,611.83,611.87,611.49,611.79,399932,0
QQQ.US,5,20251216,213000,611.79,612.58,611.7566,612.38,650935,0
QQQ.US,5,20251216,213500,612.3796,613.399,612.36,612.96,637163,0
QQQ.US,5,20251216,214000,612.96,613.24,612.67,612.94,572700,0
QQQ.US,5,20251216,214500,612.92,613.07,612.31,612.65,448391,0
QQQ.US,5,20251216,215000,612.62,613.51,612.61,613,856209,0
QQQ.US,5,20251216,215500,612.99,613.45,611.76,611.76,1702320,0
QQQ.US,5,20251217,153000,613.06,613.65,612.37,612.52,1536229,0
QQQ.US,5,20251217,153500,612.53,612.66,610.86,611.14,1414734,0
QQQ.US,5,20251217,154000,611.04,611.4,610.07,610.59,1006263,0
QQQ.US,5,20251217,154500,610.57,611.06,608.89,610.145,1270646,0
QQQ.US,5,20251217,155000,610.18,610.6025,609.71,609.885,788961,0
QQQ.US,5,20251217,155500,609.93,611.41,609.3361,611.02,903651,0
QQQ.US,5,20251217,160000,611.04,611.22,609.86,610.54,718519,0
QQQ.US,5,20251217,160500,610.53,611.27,610.05,610.07,381260,0
QQQ.US,5,20251217,161000,610.09,610.79,609.74,610.58,440573,0
QQQ.US,5,20251217,161500,610.59,610.85,609.79,610.1001,400194,0
QQQ.US,5,20251217,162000,610.11,611.36,609.9,610.66,535251,0
QQQ.US,5,20251217,162500,610.66,611.1816,609.73,610.71,565822,0
QQQ.US,5,20251217,163000,610.67,611.0298,609.24,609.25,533271,0
QQQ.US,5,20251217,163500,609.21,609.43,607.5004,607.71,1003103,0
QQQ.US,5,20251217,164000,607.69,608.24,606.105,606.5014,962709,0
QQQ.US,5,20251217,164500,606.49,606.94,605.47,606.23,1371178,0
QQQ.US,5,20251217,165000,606.24,606.52,604.47,605.11,1344766,0
QQQ.US,5,20251217,165500,605.1,605.3,603.91,604.51,956150,0
QQQ.US,5,20251217,170000,604.51,605.36,604.2301,605.17,948118,0
QQQ.US,5,20251217,170500,605.19,606.03,605.03,605.59,931244,0
QQQ.US,5,20251217,171000,605.59,606.02,603.67,603.71,744748,0
QQQ.US,5,20251217,171500,603.71,604.81,603.27,604.4462,881520,0
QQQ.US,5,20251217,172000,604.43,605.07,603.8,604.64,643094,0
QQQ.US,5,20251217,172500,604.61,605.48,604.52,604.72,371961,0
QQQ.US,5,20251217,173000,604.72,604.74,603.31,603.5,534875,0
QQQ.US,5,20251217,173500,603.58,604.6969,603.1,603.77,773394,0
QQQ.US,5,20251217,174000,603.77,604.56,603.401,604.1,516148,0
QQQ.US,5,20251217,174500,604.09,604.57,603.23,603.64,439977,0
QQQ.US,5,20251217,175000,603.63,604.04,602.77,603.655,643356,0
QQQ.US,5,20251217,175500,603.61,604.05,602.85,603.99,465276,0
QQQ.US,5,20251217,180000,603.98,604.4,602.72,603.07,595312,0
QQQ.US,5,20251217,180500,603.08,603.99,603,603.2,426606,0
QQQ.US,5,20251217,181000,603.2,604.06,602.92,603.13,732692,0
QQQ.US,5,20251217,181500,603.12,604.4,602.81,603.95,982465,0
QQQ.US,5,20251217,182000,603.95,604.985,603.9101,604.91,733220,0
QQQ.US,5,20251217,182500,604.9197,604.995,603.975,604.15,599587,0
QQQ.US,5,20251217,183000,604.15,605.15,604.11,604.465,457207,0
QQQ.US,5,20251217,183500,604.46,604.81,603.79,603.79,348046,0
QQQ.US,5,20251217,184000,603.79,604.2891,603.225,603.3551,411287,0
QQQ.US,5,20251217,184500,603.36,603.52,602.75,603.36,471552,0
QQQ.US,5,20251217,185000,603.34,604.09,603.23,603.36,415374,0
QQQ.US,5,20251217,185500,603.38,604.11,603.355,603.69,334624,0
QQQ.US,5,20251217,190000,603.68,604.7,603.68,604.4372,355519,0
QQQ.US,5,20251217,190500,604.44,605.01,604.2,604.21,385775,0
QQQ.US,5,20251217,191000,604.22,604.22,603.35,603.4014,381697,0
QQQ.US,5,20251217,191500,603.4,603.43,603.01,603.21,498500,0
QQQ.US,5,20251217,192000,603.2001,603.73,602.9499,603.6,527692,0
QQQ.US,5,20251217,192500,603.6,603.79,603.23,603.4,302148,0
QQQ.US,5,20251217,193000,603.41,603.48,603.02,603.28,343209,0
QQQ.US,5,20251217,193500,603.29,603.565,602.62,602.7,458077,0
QQQ.US,5,20251217,194000,602.69,602.69,601.68,602.3144,741142,0
QQQ.US,5,20251217,194500,602.31,602.63,601.69,601.965,597561,0
QQQ.US,5,20251217,195000,601.965,602.29,601.58,601.82,558297,0
QQQ.US,5,20251217,195500,601.81,602.29,601.6818,602.15,414149,0
QQQ.US,5,20251217,200000,602.14,602.43,601.57,601.84,495522,0
QQQ.US,5,20251217,200500,601.84,602.1844,601.72,601.88,336151,0
QQQ.US,5,20251217,201000,601.86,602.36,601.73,602.055,320247,0
QQQ.US,5,20251217,201500,602.045,602.38,601.84,601.92,390659,0
QQQ.US,5,20251217,202000,601.92,602.35,601.61,602.175,430765,0
QQQ.US,5,20251217,202500,602.17,602.29,601.625,601.75,522950,0
QQQ.US,5,20251217,203000,601.75,602.23,601.3,601.42,559596,0
QQQ.US,5,20251217,203500,601.41,602.11,601.31,602.07,700458,0
QQQ.US,5,20251217,204000,602.0757,602.345,601.87,602.18,423879,0
QQQ.US,5,20251217,204500,602.17,602.43,601.92,602.14,479586,0
QQQ.US,5,20251217,205000,602.14,602.6658,601.92,602.66,524176,0
QQQ.US,5,20251217,205500,602.65,602.83,602.42,602.59,456006,0
QQQ.US,5,20251217,210000,602.59,602.77,601.92,602.02,418746,0
QQQ.US,5,20251217,210500,602.02,602.23,601.78,601.95,417164,0
QQQ.US,5,20251217,211000,601.95,602.24,601.77,602.04,385890,0
QQQ.US,5,20251217,211500,602.04,602.59,601.9856,602.16,349322,0
QQQ.US,5,20251217,212000,602.16,602.45,602.16,602.43,308711,0
QQQ.US,5,20251217,212500,602.43,602.43,601.7,602.045,465046,0
QQQ.US,5,20251217,213000,602.04,602.34,601.53,602.02,622607,0
QQQ.US,5,20251217,213500,602.02,602.06,601.61,601.74,595420,0
QQQ.US,5,20251217,214000,601.74,602.45,601.7,602.34,517694,0
QQQ.US,5,20251217,214500,602.33,602.39,601.92,602.3173,619946,0
QQQ.US,5,20251217,215000,602.31,602.36,600.83,601.045,1156927,0
QQQ.US,5,20251217,215500,601.04,601.04,600.285,600.41,3661445,0
QQQ.US,5,20251218,153000,609.8,610.95,609.25,609.5399,3068485,0
QQQ.US,5,20251218,153500,609.53,609.63,607.5799,608.17,2158015,0
QQQ.US,5,20251218,154000,608.16,608.49,607.19,607.78,1758926,0
QQQ.US,5,20251218,154500,607.77,608.77,606.92,607.57,1551715,0
QQQ.US,5,20251218,155000,607.58,609.3,607.13,609.29,1209651,0
QQQ.US,5,20251218,155500,609.26,609.99,608.85,609.69,1054228,0
QQQ.US,5,20251218,160000,609.68,610.24,609.35,609.52,1049840,0
QQQ.US,5,20251218,160500,609.52,609.7,608.4,608.71,996994,0
QQQ.US,5,20251218,161000,608.701,608.84,607.24,607.77,1002179,0
QQQ.US,5,20251218,161500,607.77,608.23,607.2656,607.745,812264,0
QQQ.US,5,20251218,162000,607.75,609.89,607.3088,609.82,862701,0
QQQ.US,5,20251218,162500,609.81,611.16,609.66,610.82,1318152,0
QQQ.US,5,20251218,163000,610.83,611.78,610.46,611.76,1019720,0
QQQ.US,5,20251218,163500,611.765,612.82,611.23,612.37,1309236,0
QQQ.US,5,20251218,164000,612.38,612.6599,611.9,612.14,1066220,0
QQQ.US,5,20251218,164500,612.145,612.28,611.7599,612.01,831190,0
QQQ.US,5,20251218,165000,612,612.23,611.67,612.1501,688002,0
QQQ.US,5,20251218,165500,612.15,612.28,611.59,611.81,628728,0
QQQ.US,5,20251218,170000,611.81,612.1,611.44,611.99,695052,0
QQQ.US,5,20251218,170500,612.01,612.55,611.93,612.49,550758,0
QQQ.US,5,20251218,171000,612.49,612.93,612.07,612.095,785630,0
QQQ.US,5,20251218,171500,612.095,612.73,612.03,612.42,637491,0
QQQ.US,5,20251218,172000,612.43,612.76,611.995,612.12,531610,0
QQQ.US,5,20251218,172500,612.13,612.4,611.315,611.54,663132,0
QQQ.US,5,20251218,173000,611.54,612.27,611.48,612.15,462022,0
QQQ.US,5,20251218,173500,612.17,612.77,612.15,612.39,548033,0
QQQ.US,5,20251218,174000,612.39,612.73,612.3701,612.495,406703,0
QQQ.US,5,20251218,174500,612.49,612.67,612.32,612.54,586067,0
QQQ.US,5,20251218,175000,612.55,612.92,612.28,612.72,564995,0
QQQ.US,5,20251218,175500,612.72,612.8799,612.11,612.31,548704,0
QQQ.US,5,20251218,180000,612.31,612.31,611.44,611.47,564783,0
QQQ.US,5,20251218,180500,611.47,611.5,609.13,609.15,1210059,0
QQQ.US,5,20251218,181000,609.15,609.43,608.22,608.68,1372869,0
QQQ.US,5,20251218,181500,608.68,608.68,607.51,608.43,1130212,0
QQQ.US,5,20251218,182000,608.44,609.06,607.65,607.86,956635,0
QQQ.US,5,20251218,182500,607.86,608.86,607.6,608.61,791651,0
QQQ.US,5,20251218,183000,608.59,609.89,608.25,609.8,795617,0
QQQ.US,5,20251218,183500,609.8,610.24,609.39,610.215,540770,0
QQQ.US,5,20251218,184000,610.205,611.24,610.19,611.24,898156,0
QQQ.US,5,20251218,184500,611.24,611.75,610.72,610.9,812608,0
QQQ.US,5,20251218,185000,610.91,611.23,610.3,611.01,531176,0
QQQ.US,5,20251218,185500,611,611.57,610.59,611.5599,454768,0
QQQ.US,5,20251218,190000,611.56,611.58,610.67,610.6944,429775,0
QQQ.US,5,20251218,190500,610.7,611.51,610.67,611.51,313439,0
QQQ.US,5,20251218,191000,611.5,611.94,611.17,611.38,411524,0
QQQ.US,5,20251218,191500,611.36,611.8165,611.35,611.65,289631,0
QQQ.US,5,20251218,192000,611.65,612.055,611.51,612.0299,326293,0
QQQ.US,5,20251218,192500,612.03,612.04,611.65,611.73,327516,0
QQQ.US,5,20251218,193000,611.735,612.44,611.73,612.05,526262,0
QQQ.US,5,20251218,193500,612.04,612.7,612,612.4314,361737,0
QQQ.US,5,20251218,194000,612.43,612.59,611.95,611.97,347886,0
QQQ.US,5,20251218,194500,611.96,612.07,611.3902,611.53,408766,0
QQQ.US,5,20251218,195000,611.54,611.88,611.07,611.36,411822,0
QQQ.US,5,20251218,195500,611.36,611.69,611.16,611.215,318183,0
QQQ.US,5,20251218,200000,611.21,611.24,609.43,609.455,689384,0
QQQ.US,5,20251218,200500,609.42,610.715,609.21,610.62,723882,0
QQQ.US,5,20251218,201000,610.63,611.06,610.01,610.2,510296,0
QQQ.US,5,20251218,201500,610.21,610.22,609.56,609.72,322868,0
QQQ.US,5,20251218,202000,609.7,610.03,609.45,609.54,320242,0
QQQ.US,5,20251218,202500,609.54,609.88,609.26,609.78,397814,0
QQQ.US,5,20251218,203000,609.77,609.89,608.87,608.885,473397,0
QQQ.US,5,20251218,203500,608.88,609.37,608.85,609.31,333512,0
QQQ.US,5,20251218,204000,609.27,609.57,608.75,608.8399,358388,0
QQQ.US,5,20251218,204500,608.835,609.5,608.59,609.5,318076,0
QQQ.US,5,20251218,205000,609.51,609.84,608.62,608.79,624175,0
QQQ.US,5,20251218,205500,608.79,608.8,607.75,608.11,905147,0
QQQ.US,5,20251218,210000,608.09,609.2,607.72,609.175,671527,0
QQQ.US,5,20251218,210500,609.18,609.58,609.08,609.3087,487159,0
QQQ.US,5,20251218,211000,609.31,610.06,609.27,610.005,412294,0
QQQ.US,5,20251218,211500,610.01,610.298,609.47,610.1301,455842,0
QQQ.US,5,20251218,212000,610.14,610.44,609.81,610.44,381698,0
QQQ.US,5,20251218,212500,610.42,610.63,610.04,610.44,488966,0
QQQ.US,5,20251218,213000,610.44,610.78,610.16,610.73,371217,0
QQQ.US,5,20251218,213500,610.74,610.93,610.33,610.48,516129,0
QQQ.US,5,20251218,214000,610.49,611.04,610.1799,610.965,470514,0
QQQ.US,5,20251218,214500,610.96,611.28,610.5801,610.99,724704,0
QQQ.US,5,20251218,215000,611,611.27,610.06,610.23,1110123,0
QQQ.US,5,20251218,215500,610.23,610.35,609.06,609.11,3472861,0
QQQ.US,5,20251219,153000,611.95,614.33,611.87,614.15,1994972,0
QQQ.US,5,20251219,153500,614.155,614.37,613.04,614.15,1539661,0
QQQ.US,5,20251219,154000,614.12,616.38,613.5,616.365,2005900,0
QQQ.US,5,20251219,154500,616.37,616.96,615.985,616.36,1801810,0
QQQ.US,5,20251219,155000,616.39,616.77,616.05,616.09,900307,0
QQQ.US,5,20251219,155500,616.0701,616.76,615.79,616.6501,539404,0
QQQ.US,5,20251219,160000,616.65,617.62,616.345,616.82,856544,0
QQQ.US,5,20251219,160500,616.82,616.82,615.97,616.49,536976,0
QQQ.US,5,20251219,161000,616.5144,616.62,615.9,616.09,587869,0
QQQ.US,5,20251219,161500,616.1,616.54,615.7,616.15,638837,0
QQQ.US,5,20251219,162000,616.1562,616.18,615.35,615.42,557195,0
QQQ.US,5,20251219,162500,615.42,615.63,614.38,615.4,821873,0
QQQ.US,5,20251219,163000,615.4,616.13,614.72,615.75,615878,0
QQQ.US,5,20251219,163500,615.73,616.49,615.73,616.24,368162,0
QQQ.US,5,20251219,164000,616.27,616.29,615.22,615.35,395097,0
QQQ.US,5,20251219,164500,615.37,615.48,614.48,614.58,440900,0
QQQ.US,5,20251219,165000,614.55,615.35,614.55,615.01,442178,0
QQQ.US,5,20251219,165500,615,615.12,614.7,614.815,296076,0
QQQ.US,5,20251219,170000,614.8,615.41,614.24,615.3,463751,0
QQQ.US,5,20251219,170500,615.3,616.071,615.18,615.8429,470708,0
QQQ.US,5,20251219,171000,615.86,616.65,615.82,615.86,438713,0
QQQ.US,5,20251219,171500,615.87,616.23,615.62,616.2,245874,0
QQQ.US,5,20251219,172000,616.2,616.25,615.81,616.042,266927,0
QQQ.US,5,20251219,172500,616.05,616.2851,616.02,616.2,225795,0
QQQ.US,5,20251219,173000,616.2,616.59,616.14,616.45,248249,0
QQQ.US,5,20251219,173500,616.45,616.68,616.24,616.29,378965,0
QQQ.US,5,20251219,174000,616.3,616.74,615.95,615.95,290126,0
QQQ.US,5,20251219,174500,615.96,616.1401,615.14,615.21,417651,0
QQQ.US,5,20251219,175000,615.205,616.08,615.09,615.7577,364653,0
QQQ.US,5,20251219,175500,615.758,615.895,615.275,615.34,252136,0
QQQ.US,5,20251219,180000,615.36,616.29,615.28,616.0944,294978,0
QQQ.US,5,20251219,180500,616.09,616.24,616.01,616.19,228217,0
QQQ.US,5,20251219,181000,616.19,616.44,616.075,616.4,274265,0
QQQ.US,5,20251219,181500,616.4,617.04,616.39,616.79,532519,0
QQQ.US,5,20251219,182000,616.79,617.09,616.76,617.01,425359,0
QQQ.US,5,20251219,182500,617.02,617.085,616.83,616.96,380013,0
QQQ.US,5,20251219,183000,616.97,616.97,616.61,616.69,465620,0
QQQ.US,5,20251219,183500,616.69,617.0536,616.56,617.04,232366,0
QQQ.US,5,20251219,184000,617.04,617.1,616.76,616.82,186264,0
QQQ.US,5,20251219,184500,616.82,617.05,616.6818,616.93,203414,0
QQQ.US,5,20251219,185000,616.94,617.31,616.91,617.27,434120,0
QQQ.US,5,20251219,185500,617.28,617.5,617.01,617.04,267044,0
QQQ.US,5,20251219,190000,617.035,617.25,616.865,617.1999,373353,0
QQQ.US,5,20251219,190500,617.2,617.38,617.07,617.13,234501,0
QQQ.US,5,20251219,191000,617.13,617.32,617.06,617.18,154960,0
QQQ.US,5,20251219,191500,617.1899,617.32,617.1356,617.31,134148,0
QQQ.US,5,20251219,192000,617.31,617.32,616.83,616.83,183359,0
QQQ.US,5,20251219,192500,616.83,617.05,616.83,616.98,177522,0
QQQ.US,5,20251219,193000,616.99,617.09,616.71,616.8,177988,0
QQQ.US,5,20251219,193500,616.79,616.925,616.63,616.79,176513,0
QQQ.US,5,20251219,194000,616.78,616.8,616.28,616.53,230420,0
QQQ.US,5,20251219,194500,616.52,616.5699,616.31,616.45,198090,0
QQQ.US,5,20251219,195000,616.45,616.77,616.37,616.65,206724,0
QQQ.US,5,20251219,195500,616.64,616.69,616.4205,616.48,137776,0
QQQ.US,5,20251219,200000,616.47,617.02,616.46,616.915,260577,0
QQQ.US,5,20251219,200500,616.91,617.035,616.775,616.8,157671,0
QQQ.US,5,20251219,201000,616.82,617.06,616.78,616.92,158834,0
QQQ.US,5,20251219,201500,616.92,617.01,616.77,616.98,117348,0
QQQ.US,5,20251219,202000,616.97,617.19,616.942,617.18,169739,0
QQQ.US,5,20251219,202500,617.175,617.24,617.07,617.12,140536,0
QQQ.US,5,20251219,203000,617.105,617.26,616.97,617.1799,174633,0
QQQ.US,5,20251219,203500,617.19,617.3,617.1,617.14,130542,0
QQQ.US,5,20251219,204000,617.14,617.28,616.9936,617.2,170823,0
QQQ.US,5,20251219,204500,617.21,617.39,617.06,617.18,219219,0
QQQ.US,5,20251219,205000,617.19,617.205,616.92,617.09,187328,0
QQQ.US,5,20251219,205500,617.08,617.2564,616.871,616.9,200112,0
QQQ.US,5,20251219,210000,616.89,617.215,616.85,616.97,233926,0
QQQ.US,5,20251219,210500,616.97,617.14,616.96,616.98,277462,0
QQQ.US,5,20251219,211000,616.99,617.18,616.9,617.04,318614,0
QQQ.US,5,20251219,211500,617.05,617.12,616.91,617.06,241228,0
QQQ.US,5,20251219,212000,617.06,617.355,617,617.25,262468,0
QQQ.US,5,20251219,212500,617.25,617.33,617.16,617.24,334726,0
QQQ.US,5,20251219,213000,617.22,617.3,616.975,617.12,284469,0
QQQ.US,5,20251219,213500,617.12,617.19,616.83,616.98,373627,0
QQQ.US,5,20251219,214000,616.97,617.1,616.44,616.72,496271,0
QQQ.US,5,20251219,214500,616.73,617.05,616.659,616.844,640914,0
QQQ.US,5,20251219,215000,616.84,617.48,616.5,617.11,1202375,0
QQQ.US,5,20251219,215500,617.12,617.39,616.61,617.14,1897164,0
QQQ.US,5,20251222,153000,621.35,621.65,619.28,619.575,2050964,0
QQQ.US,5,20251222,153500,619.59,620.06,618.92,619.43,923880,0
QQQ.US,5,20251222,154000,619.43,619.91,618.7525,619.27,942866,0
QQQ.US,5,20251222,154500,619.26,620.24,619.1,619.88,729265,0
QQQ.US,5,20251222,155000,619.87,620.74,619.65,620.64,688105,0
QQQ.US,5,20251222,155500,620.66,620.83,620.38,620.58,509063,0
QQQ.US,5,20251222,160000,620.57,620.74,619.58,619.59,703357,0
QQQ.US,5,20251222,160500,619.6,620.06,619.365,619.5844,541174,0
QQQ.US,5,20251222,161000,619.6,619.68,618.89,618.9012,597940,0
QQQ.US,5,20251222,161500,618.91,619.54,618.8413,619.41,587754,0
QQQ.US,5,20251222,162000,619.42,619.82,619.085,619.52,467981,0
QQQ.US,5,20251222,162500,619.51,619.74,619.12,619.18,349231,0
QQQ.US,5,20251222,163000,619.19,619.39,618.72,618.8101,529836,0
QQQ.US,5,20251222,163500,618.83,618.84,617.77,618.25,848189,0
QQQ.US,5,20251222,164000,618.24,619,618.0899,618.91,483329,0
QQQ.US,5,20251222,164500,618.92,619.165,618.74,618.88,333698,0
QQQ.US,5,20251222,165000,618.85,619.07,618.51,619,363122,0
QQQ.US,5,20251222,165500,619.0107,619.29,618.83,618.8579,379181,0
QQQ.US,5,20251222,170000,618.86,619.13,618.81,618.97,651994,0
QQQ.US,5,20251222,170500,618.965,619.28674,618.9,619.23,589446,0
QQQ.US,5,20251222,171000,619.26,619.61,619.153,619.5999,574306,0
QQQ.US,5,20251222,171500,619.59,619.895,619.51,619.78,464115,0
QQQ.US,5,20251222,172000,619.78,619.94,619.65,619.745,400897,0
QQQ.US,5,20251222,172500,619.75,619.84,619.61,619.74,292287,0
QQQ.US,5,20251222,173000,619.74,619.74,619.27,619.32,484531,0
QQQ.US,5,20251222,173500,619.32,619.5799,619.29,619.36,431830,0
QQQ.US,5,20251222,174000,619.36,619.64,619.22,619.22,273781,0
QQQ.US,5,20251222,174500,619.22,619.49,619.21,619.4,234477,0
QQQ.US,5,20251222,175000,619.4,619.66,619.4,619.6144,252984,0
QQQ.US,5,20251222,175500,619.61,619.81,619.55,619.81,251407,0
QQQ.US,5,20251222,180000,619.82,619.9,619.54,619.65,343060,0
QQQ.US,5,20251222,180500,619.65,619.7,619.36,619.37,271664,0
QQQ.US,5,20251222,181000,619.38,619.57,619.34,619.435,293275,0
QQQ.US,5,20251222,181500,619.435,619.6601,619.41,619.641,300493,0
QQQ.US,5,20251222,182000,619.66,619.705,619.44,619.4999,377376,0
QQQ.US,5,20251222,182500,619.5,619.56,619.35,619.43,311424,0
QQQ.US,5,20251222,183000,619.43,619.53,619.28,619.34,266140,0
QQQ.US,5,20251222,183500,619.34,619.49,619.33,619.4,172316,0
QQQ.US,5,20251222,184000,619.395,619.46,619.195,619.295,361591,0
QQQ.US,5,20251222,184500,619.3096,619.39,619.13,619.29,320500,0
QQQ.US,5,20251222,185000,619.29,619.89,619.26,619.81,383745,0
QQQ.US,5,20251222,185500,619.805,620.08,619.79,619.955,283417,0
QQQ.US,5,20251222,190000,619.94,619.97,619.72,619.73,157784,0
QQQ.US,5,20251222,190500,619.73,619.73,619.4,619.42,349421,0
QQQ.US,5,20251222,191000,619.42,619.5156,619.22,619.23,427480,0
QQQ.US,5,20251222,191500,619.235,619.28,618.97,619.185,510731,0
QQQ.US,5,20251222,192000,619.18,619.22,619.01,619.04,303231,0
QQQ.US,5,20251222,192500,619.04,619.22,618.82,619.18,426605,0
QQQ.US,5,20251222,193000,619.18,619.33,619.1303,619.14,251300,0
QQQ.US,5,20251222,193500,619.13,619.235,619.04,619.23,253522,0
QQQ.US,5,20251222,194000,619.23,619.44,619.165,619.36,287988,0
QQQ.US,5,20251222,194500,619.35,619.42,619.21,619.275,229187,0
QQQ.US,5,20251222,195000,619.2799,619.3,618.94,618.97,275933,0
QQQ.US,5,20251222,195500,618.96,619.27,618.96,619.18,272154,0
QQQ.US,5,20251222,200000,619.18,619.24,619.0205,619.08,231659,0
QQQ.US,5,20251222,200500,619.0858,619.15,618.91,619.06,256550,0
QQQ.US,5,20251222,201000,619.05,619.08,618.86,619.01,283036,0
QQQ.US,5,20251222,201500,619.01,619.16,618.92,619.12,296091,0
QQQ.US,5,20251222,202000,619.11,619.31,619.03,619.24,305579,0
QQQ.US,5,20251222,202500,619.2299,619.44,619.2299,619.4,249010,0
QQQ.US,5,20251222,203000,619.4,619.71,619.39,619.56,388571,0
QQQ.US,5,20251222,203500,619.56,619.69,619.53,619.58,261885,0
QQQ.US,5,20251222,204000,619.58,619.6,619.35,619.3808,308923,0
QQQ.US,5,20251222,204500,619.39,619.51,619.24,619.28,271574,0
QQQ.US,5,20251222,205000,619.28,619.4001,619.2,619.2199,192697,0
QQQ.US,5,20251222,205500,619.22,619.27,619.145,619.19,226733,0
QQQ.US,5,20251222,210000,619.19,619.27,619.14,619.19,259277,0
QQQ.US,5,20251222,210500,619.19,619.23,619.01,619.02,314019,0
QQQ.US,5,20251222,211000,619.02,619.1699,618.9864,618.9864,343911,0
QQQ.US,5,20251222,211500,618.99,619.27,618.93,619.22,395004,0
QQQ.US,5,20251222,212000,619.22,619.27,619.06,619.18,320399,0
QQQ.US,5,20251222,212500,619.18,619.24,619.05,619.13,246187,0
QQQ.US,5,20251222,213000,619.12,619.3225,619.0729,619.3001,292033,0
QQQ.US,5,20251222,213500,619.31,619.395,619.21,619.23,481140,0
QQQ.US,5,20251222,214000,619.24,619.34,619.2,619.2499,299844,0
QQQ.US,5,20251222,214500,619.25,619.295,619.085,619.2,401704,0
QQQ.US,5,20251222,215000,619.19,619.44,618.96,619.425,890834,0
QQQ.US,5,20251222,215500,619.42,619.49,619.1,619.165,1730856,0
QQQ.US,5,20251223,153000,618.2,620.41,618.05,619.65,1360009,0
QQQ.US,5,20251223,153500,619.65,620.26,619.54,619.88,864440,0
QQQ.US,5,20251223,154000,619.87,620.26,619.3264,620.21,1482663,0
QQQ.US,5,20251223,154500,620.21,620.715,620.02,620.31,829601,0
QQQ.US,5,20251223,155000,620.31,620.525,619.51,619.58,552767,0
QQQ.US,5,20251223,155500,619.59,619.7,618.89,619.3101,635388,0
QQQ.US,5,20251223,160000,619.33,619.37,617.78,618,727827,0
QQQ.US,5,20251223,160500,618.01,618.54,617.87,618.49,506842,0
QQQ.US,5,20251223,161000,618.52,618.82,617.85,618.3,507705,0
QQQ.US,5,20251223,161500,618.31,619.06,618.28,618.85,278153,0
QQQ.US,5,20251223,162000,618.955,619.21,618.84,619.14,244253,0
QQQ.US,5,20251223,162500,619.15,619.23,618.57,618.8988,362176,0
QQQ.US,5,20251223,163000,618.89,619.33,618.87,619.297,313895,0
QQQ.US,5,20251223,163500,619.3,619.695,619.23,619.63,364996,0
QQQ.US,5,20251223,164000,619.63,619.92,619.62,619.8,342159,0
QQQ.US,5,20251223,164500,619.81,619.96,619.59,619.79,485180,0
QQQ.US,5,20251223,165000,619.7834,620.115,619.66,620.08,501046,0
QQQ.US,5,20251223,165500,620.08,620.48,619.93,620.23,527128,0
QQQ.US,5,20251223,170000,620.25,620.64,620.14,620.43,491570,0
QQQ.US,5,20251223,170500,620.44,620.67,620.34,620.405,352362,0
QQQ.US,5,20251223,171000,620.4,620.47,620.15,620.29,375438,0
QQQ.US,5,20251223,171500,620.3,620.58,620.21,620.505,258801,0
QQQ.US,5,20251223,172000,620.51,620.61,620.39,620.555,206609,0
QQQ.US,5,20251223,172500,620.55,620.75,620.44,620.52,296794,0
QQQ.US,5,20251223,173000,620.52,620.57,620.38,620.46,220318,0
QQQ.US,5,20251223,173500,620.45,620.505,620.24,620.415,228269,0
QQQ.US,5,20251223,174000,620.42,620.77,620.39,620.7233,249527,0
QQQ.US,5,20251223,174500,620.73,620.93,620.71,620.84,374780,0
QQQ.US,5,20251223,175000,620.85,621.27,620.82,621.2,710007,0
QQQ.US,5,20251223,175500,621.19,621.31,621.11,621.24,319396,0
QQQ.US,5,20251223,180000,621.23,621.3,620.95,621.19,458410,0
QQQ.US,5,20251223,180500,621.19,621.31,621.115,621.27,217496,0
QQQ.US,5,20251223,181000,621.27,621.33,621.13,621.145,243125,0
QQQ.US,5,20251223,181500,621.145,621.2001,621.015,621.135,256296,0
QQQ.US,5,20251223,182000,621.135,621.275,621.08,621.1,196629,0
QQQ.US,5,20251223,182500,621.11,621.14,621.01,621.07,241772,0
QQQ.US,5,20251223,183000,621.07,621.22,620.8,620.91,328463,0
QQQ.US,5,20251223,183500,620.91,621.0799,620.8,621.0258,227746,0
QQQ.US,5,20251223,184000,621.02,621.045,620.86,620.95,165482,0
QQQ.US,5,20251223,184500,620.945,621.04,620.84,620.905,217757,0
QQQ.US,5,20251223,185000,620.905,620.925,620.69,620.81,268675,0
QQQ.US,5,20251223,185500,620.81,620.93,620.75,620.7876,175005,0
QQQ.US,5,20251223,190000,620.78,620.86,620.7287,620.75,167656,0
QQQ.US,5,20251223,190500,620.74,621.16,620.74,621.115,301934,0
QQQ.US,5,20251223,191000,621.12,621.17,620.99,621.14,362839,0
QQQ.US,5,20251223,191500,621.14,621.21,621.04,621.185,201789,0
QQQ.US,5,20251223,192000,621.185,621.405,621.15,621.2664,397745,0
QQQ.US,5,20251223,192500,621.27,621.36,621.13,621.17,251622,0
QQQ.US,5,20251223,193000,621.18,621.3702,621.11,621.36,224564,0
QQQ.US,5,20251223,193500,621.36,621.38,621.24,621.25,270049,0
QQQ.US,5,20251223,194000,621.25,621.35,621.21,621.345,194545,0
QQQ.US,5,20251223,194500,621.35,621.36,621.25,621.295,143675,0
QQQ.US,5,20251223,195000,621.295,621.33,621.16,621.21,177305,0
QQQ.US,5,20251223,195500,621.22,621.345,621.155,621.25,181178,0
QQQ.US,5,20251223,200000,621.25,621.445,621.2182,621.41,246185,0
QQQ.US,5,20251223,200500,621.41,621.56,621.38,621.5301,251481,0
QQQ.US,5,20251223,201000,621.53,621.61,621.47,621.545,278768,0
QQQ.US,5,20251223,201500,621.545,621.64,621.53,621.615,276207,0
QQQ.US,5,20251223,202000,621.62,621.67,621.5,621.545,282058,0
QQQ.US,5,20251223,202500,621.54,621.64,621.4999,621.55,238882,0
QQQ.US,5,20251223,203000,621.55,621.59,621.47,621.515,162864,0
QQQ.US,5,20251223,203500,621.505,621.585,621.46,621.54,238448,0
QQQ.US,5,20251223,204000,621.54,621.55,621.45,621.53,248725,0
QQQ.US,5,20251223,204500,621.53,621.65,621.51,621.65,144918,0
QQQ.US,5,20251223,205000,621.65,621.78,621.59,621.77,294378,0
QQQ.US,5,20251223,205500,621.77,621.88,621.7189,621.7965,279797,0
QQQ.US,5,20251223,210000,621.8,622.01,621.79,621.935,332261,0
QQQ.US,5,20251223,210500,621.94,622.01,621.88,621.92,200634,0
QQQ.US,5,20251223,211000,621.929,621.95,621.805,621.855,244244,0
QQQ.US,5,20251223,211500,621.86,621.91,621.801,621.9,258232,0
QQQ.US,5,20251223,212000,621.9,622.015,621.76,621.79,350059,0
QQQ.US,5,20251223,212500,621.79,621.93,621.7734,621.855,205072,0
QQQ.US,5,20251223,213000,621.85,621.87,621.76,621.85,275386,0
QQQ.US,5,20251223,213500,621.8558,621.99,621.855,621.92,318539,0
QQQ.US,5,20251223,214000,621.92,621.955,621.79,621.82,241103,0
QQQ.US,5,20251223,214500,621.815,622.06,621.795,622.05,424030,0
QQQ.US,5,20251223,215000,622.06,622.19,621.761,622.12,857078,0
QQQ.US,5,20251223,215500,622.12,622.41,622.01,622.11,2405087,0
QQQ.US,5,20251224,153000,621.99,622.78,621.72,622.58,864102,0
QQQ.US,5,20251224,153500,622.58,622.66,621.9,621.92,542523,0
QQQ.US,5,20251224,154000,621.91,622.55,621.83,622,507669,0
QQQ.US,5,20251224,154500,622.02,622.29,621.79,621.96,379709,0
QQQ.US,5,20251224,155000,621.96,622.275,621.84,622.22,304631,0
QQQ.US,5,20251224,155500,622.222,622.3701,622.1175,622.34,238488,0
QQQ.US,5,20251224,160000,622.3232,622.49,622.22,622.45,231371,0
QQQ.US,5,20251224,160500,622.45,622.67,622.381,622.635,295179,0
QQQ.US,5,20251224,161000,622.64,622.88,622.59,622.7548,358649,0
QQQ.US,5,20251224,161500,622.78,623.075,622.74,622.85,400835,0
QQQ.US,5,20251224,162000,622.85,622.92,622.22,622.315,361379,0
QQQ.US,5,20251224,162500,622.315,622.4989,622.19,622.48,328700,0
QQQ.US,5,20251224,163000,622.4813,622.628,622.32,622.5,259186,0
QQQ.US,5,20251224,163500,622.5,622.675,622.475,622.59,219503,0
QQQ.US,5,20251224,164000,622.59,622.73,622.5501,622.69,196797,0
QQQ.US,5,20251224,164500,622.68,622.84,622.625,622.74,267030,0
QQQ.US,5,20251224,165000,622.735,622.87,622.675,622.745,199222,0
QQQ.US,5,20251224,165500,622.745,622.82,622.56,622.792,166184,0
QQQ.US,5,20251224,170000,622.8,622.89,622.78,622.87,250181,0
QQQ.US,5,20251224,170500,622.88,623.11,622.78,623.03,269841,0
QQQ.US,5,20251224,171000,623.03,623.33,623.015,623.305,339739,0
QQQ.US,5,20251224,171500,623.29,623.3,623.03,623.24,252669,0
QQQ.US,5,20251224,172000,623.25,623.43,623.245,623.38,195242,0
QQQ.US,5,20251224,172500,623.381,623.42,623.27,623.36,170155,0
QQQ.US,5,20251224,173000,623.37,623.695,623.29,623.68,314981,0
QQQ.US,5,20251224,173500,623.68,624.075,623.63,623.845,464557,0
QQQ.US,5,20251224,174000,623.84,624.03,623.84,623.99,380627,0
QQQ.US,5,20251224,174500,624,624.08,623.96,624.01,228821,0
QQQ.US,5,20251224,175000,624.02,624.07,623.81,623.89,249494,0
QQQ.US,5,20251224,175500,623.9,623.9898,623.79,623.88,165023,0
QQQ.US,5,20251224,180000,623.89,623.99,623.83,623.88,131598,0
QQQ.US,5,20251224,180500,623.87,623.95,623.81,623.8696,133235,0
QQQ.US,5,20251224,181000,623.87,624.04,623.85,623.99,171479,0
QQQ.US,5,20251224,181500,623.99,624.01,623.611,623.745,298784,0
QQQ.US,5,20251224,182000,623.76,623.9,623.69,623.705,138239,0
QQQ.US,5,20251224,182500,623.71,623.965,623.64,623.87,314856,0
QQQ.US,5,20251224,183000,623.86,624.17,623.845,623.97,265907,0
QQQ.US,5,20251224,183500,623.98,624.05,623.8501,623.91,204727,0
QQQ.US,5,20251224,184000,623.9,623.97,623.65,623.68,268912,0
QQQ.US,5,20251224,184500,623.68,624.12,623.67,623.87,363689,0
QQQ.US,5,20251224,185000,623.88,624.07,623.84,623.95,383117,0
QQQ.US,5,20251224,185500,623.93,624.28,623.8,624.055,871972,0
QQQ.US,5,20251224,190000,624.03,624.03,623.9,623.93,398010,0
QQQ.US,5,20251226,153000,624.66,624.95,623.86,624.71,963197,0
QQQ.US,5,20251226,153500,624.71,625.37,624.59,625.1344,868984,0
QQQ.US,5,20251226,154000,625.13,625.44,624.86,625.39,483282,0
QQQ.US,5,20251226,154500,625.3801,625.515,624.9301,625.0356,437242,0
QQQ.US,5,20251226,155000,625.07,625.07,624.08,624.3601,509865,0
QQQ.US,5,20251226,155500,624.38,624.5,624.04,624.235,367089,0
QQQ.US,5,20251226,160000,624.22,624.32,623.29,623.765,666941,0
QQQ.US,5,20251226,160500,623.77,624.05,623.71,623.94,336438,0
QQQ.US,5,20251226,161000,623.94,623.97,623.19,623.33,452233,0
QQQ.US,5,20251226,161500,623.33,623.93,623.14,623.9,387537,0
QQQ.US,5,20251226,162000,623.91,624.4,623.87,624.27,414403,0
QQQ.US,5,20251226,162500,624.2699,624.39,623.82,624.335,311609,0
QQQ.US,5,20251226,163000,624.34,624.63,624.11,624.5801,353464,0
QQQ.US,5,20251226,163500,624.59,624.68,624.3002,624.36,224842,0
QQQ.US,5,20251226,164000,624.37,624.5,624.23,624.29,271117,0
QQQ.US,5,20251226,164500,624.29,624.59,624.19,624.54,280327,0
QQQ.US,5,20251226,165000,624.5501,624.62,624.27,624.62,312782,0
QQQ.US,5,20251226,165500,624.63,624.87,624.57,624.72,298591,0
QQQ.US,5,20251226,170000,624.7113,624.97,624.69,624.89,228111,0
QQQ.US,5,20251226,170500,624.89,624.99,624.49,624.5068,293030,0
QQQ.US,5,20251226,171000,624.4999,624.58,623.7799,623.815,424021,0
QQQ.US,5,20251226,171500,623.82,624.11,623.7,623.98,330103,0
QQQ.US,5,20251226,172000,623.98,624.39,623.92,624.27,254894,0
QQQ.US,5,20251226,172500,624.25,624.35,624.0765,624.3,163648,0
QQQ.US,5,20251226,173000,624.31,624.35,624.18,624.2698,144891,0
QQQ.US,5,20251226,173500,624.27,624.38,624.19,624.28,142237,0
QQQ.US,5,20251226,174000,624.27,624.49,624.25,624.42,138350,0
QQQ.US,5,20251226,174500,624.44,624.495,624.16,624.18,190400,0
QQQ.US,5,20251226,175000,624.17,624.35,624.08,624.2701,166654,0
QQQ.US,5,20251226,175500,624.29,624.33,624.08,624.11,130866,0
QQQ.US,5,20251226,180000,624.1,624.13,623.77,624,233863,0
QQQ.US,5,20251226,180500,624,624.03,623.8,623.835,156407,0
QQQ.US,5,20251226,181000,623.8299,623.93,623.65,623.665,203303,0
QQQ.US,5,20251226,181500,623.655,623.795,623.5,623.66,255032,0
QQQ.US,5,20251226,182000,623.65,623.76,623.51,623.73,152066,0
QQQ.US,5,20251226,182500,623.73,624.25,623.7202,624.24,203610,0
QQQ.US,5,20251226,183000,624.245,624.2803,624.01,624.01,195238,0
QQQ.US,5,20251226,183500,624.01,624.03,623.78,623.92,184625,0
QQQ.US,5,20251226,184000,623.92,624.0599,623.87,623.91,157310,0
QQQ.US,5,20251226,184500,623.9166,624.11,623.9,624.03,148786,0
QQQ.US,5,20251226,185000,624.03,624.04,623.75,624,124980,0
QQQ.US,5,20251226,185500,624,624.14,624,624.045,113954,0
QQQ.US,5,20251226,190000,624.05,624.18,624.0325,624.145,142565,0
QQQ.US,5,20251226,190500,624.145,624.275,624.1,624.12,191348,0
QQQ.US,5,20251226,191000,624.12,624.22,624.07,624.13,211248,0
QQQ.US,5,20251226,191500,624.13,624.15,623.89,623.98,215241,0
QQQ.US,5,20251226,192000,623.9799,624.01,623.62,623.88,296368,0
QQQ.US,5,20251226,192500,623.885,624.02,623.77,623.99,132805,0
QQQ.US,5,20251226,193000,623.99,624.18,623.97,624.0299,169991,0
QQQ.US,5,20251226,193500,624.04,624.21,624,624.14,146753,0
QQQ.US,5,20251226,194000,624.14,624.28,624.07,624.0863,132140,0
QQQ.US,5,20251226,194500,624.08,624.35,624.02,624.345,165842,0
QQQ.US,5,20251226,195000,624.345,624.465,624.33,624.43,219129,0
QQQ.US,5,20251226,195500,624.431,624.53,624.39,624.5,233522,0
QQQ.US,5,20251226,200000,624.5,624.6,624.325,624.595,155967,0
QQQ.US,5,20251226,200500,624.6,624.65,624.5,624.62,128087,0
QQQ.US,5,20251226,201000,624.61,624.67,624.43,624.48,134723,0
QQQ.US,5,20251226,201500,624.48,624.51,624.33,624.3356,141676,0
QQQ.US,5,20251226,202000,624.33,624.405,624.31,624.32,107484,0
QQQ.US,5,20251226,202500,624.3199,624.34,624.2,624.26,174288,0
QQQ.US,5,20251226,203000,624.26,624.39,624.25,624.3,119112,0
QQQ.US,5,20251226,203500,624.29,624.4,624.16,624.1827,115150,0
QQQ.US,5,20251226,204000,624.18,624.26,624.11,624.17,129626,0
QQQ.US,5,20251226,204500,624.17,624.39,624.085,624.3258,183999,0
QQQ.US,5,20251226,205000,624.34,624.51,624.34,624.4464,239237,0
QQQ.US,5,20251226,205500,624.45,624.6,624.44,624.485,233323,0
QQQ.US,5,20251226,210000,624.47,624.5,624.3,624.3072,183019,0
QQQ.US,5,20251226,210500,624.305,624.305,624.0706,624.14,162863,0
QQQ.US,5,20251226,211000,624.14,624.15,624.02,624.06,268997,0
QQQ.US,5,20251226,211500,624.05,624.11,623.965,624.01,233097,0
QQQ.US,5,20251226,212000,624.01,624.1399,623.92,624.13,248091,0
QQQ.US,5,20251226,212500,624.125,624.18,624.055,624.06,204107,0
QQQ.US,5,20251226,213000,624.06,624.095,623.99,624.06,169915,0
QQQ.US,5,20251226,213500,624.06,624.12,624,624.08,157331,0
QQQ.US,5,20251226,214000,624.075,624.215,624.025,624.185,215927,0
QQQ.US,5,20251226,214500,624.1838,624.195,624.03,624.06,531840,0
QQQ.US,5,20251226,215000,624.07,624.15,623.67,623.77,887589,0
QQQ.US,5,20251226,215500,623.77,623.95,623.675,623.87,2952288,0
QQQ.US,5,20251229,153000,620.1,620.565,619.11,620.435,1576011,0
QQQ.US,5,20251229,153500,620.43,622.78,620.38,622.24,1541316,0
QQQ.US,5,20251229,154000,622.24,622.46,621.85,622.14305,772529,0
QQQ.US,5,20251229,154500,622.165,622.17,620.76,621.06,735148,0
QQQ.US,5,20251229,155000,621.06,621.38,620.21,620.7458,576971,0
QQQ.US,5,20251229,155500,620.73,621,620.21,620.48,387620,0
QQQ.US,5,20251229,160000,620.48,620.91,620.09,620.17,304594,0
QQQ.US,5,20251229,160500,620.16,620.4399,619.55,619.5518,521894,0
QQQ.US,5,20251229,161000,619.56,619.735,619.03,619.4099,556213,0
QQQ.US,5,20251229,161500,619.41,620.35,619.39,620.1,452342,0
QQQ.US,5,20251229,162000,620.08,620.9099,620.075,620.87,331432,0
QQQ.US,5,20251229,162500,620.875,621.15,620.77,621.03,520532,0
QQQ.US,5,20251229,163000,621.02,621.29,620.905,621.26,413390,0
QQQ.US,5,20251229,163500,621.26,621.69,620.8501,621.081,467905,0
QQQ.US,5,20251229,164000,621.11,621.39,620.89,621.26,289043,0
QQQ.US,5,20251229,164500,621.26,621.32,620.15,620.21,317421,0
QQQ.US,5,20251229,165000,620.21,620.26,619.345,619.91,521191,0
QQQ.US,5,20251229,165500,619.9,620.5,619.73,620.02,244946,0
QQQ.US,5,20251229,170000,620.01,620.3,619.6,619.63,231057,0
QQQ.US,5,20251229,170500,619.6399,620.01,619.49,619.72,225866,0
QQQ.US,5,20251229,171000,619.75,620.3634,619.67,620.2157,274158,0
QQQ.US,5,20251229,171500,620.22,620.23,619.56,619.87,256088,0
QQQ.US,5,20251229,172000,619.87,620.06,619.63,620.005,154290,0
QQQ.US,5,20251229,172500,620,620.08,619.635,620.07,168900,0
QQQ.US,5,20251229,173000,620.03,620.38,619.83,619.86,229122,0
QQQ.US,5,20251229,173500,619.855,620.16,619.73,619.775,211897,0
QQQ.US,5,20251229,174000,619.77,619.82,619.485,619.7061,238573,0
QQQ.US,5,20251229,174500,619.715,620.02,619.6899,619.99,239722,0
QQQ.US,5,20251229,175000,619.99,620.1235,619.8,620,213626,0
QQQ.US,5,20251229,175500,620.03,620.22,619.83,619.86,147566,0
QQQ.US,5,20251229,180000,619.86,620.13,619.74,619.88,116578,0
QQQ.US,5,20251229,180500,619.89,619.94,619.55,619.6,113640,0
QQQ.US,5,20251229,181000,619.6,619.69,619.34,619.59,155594,0
QQQ.US,5,20251229,181500,619.58,619.735,619.372,619.53,184386,0
QQQ.US,5,20251229,182000,619.54,619.615,619.3,619.35,164348,0
QQQ.US,5,20251229,182500,619.36,619.365,618.73,618.9761,439751,0
QQQ.US,5,20251229,183000,618.98,619.3672,618.9,619.2,323798,0
QQQ.US,5,20251229,183500,619.2,619.425,619.13,619.19,170694,0
QQQ.US,5,20251229,184000,619.2,619.55,619.14,619.47,201216,0
QQQ.US,5,20251229,184500,619.46,619.665,619.4,619.56,182518,0
QQQ.US,5,20251229,185000,619.555,620.03,619.55,619.97,319095,0
QQQ.US,5,20251229,185500,619.965,620.0899,619.92,619.95,285552,0
QQQ.US,5,20251229,190000,619.94,619.94,619.62,619.82,216507,0
QQQ.US,5,20251229,190500,619.8295,619.945,619.74,619.77,187566,0
QQQ.US,5,20251229,191000,619.77,619.78,619.5,619.58,155994,0
QQQ.US,5,20251229,191500,619.56,619.91,619.525,619.86,171342,0
QQQ.US,5,20251229,192000,619.86,620.21,619.815,620.175,201635,0
QQQ.US,5,20251229,192500,620.1801,620.2,619.86,620.02,180936,0
QQQ.US,5,20251229,193000,620.02,620.33,619.98,620.32,181928,0
QQQ.US,5,20251229,193500,620.34,620.66,620.335,620.43,272679,0
QQQ.US,5,20251229,194000,620.43,620.45,620.1284,620.155,143676,0
QQQ.US,5,20251229,194500,620.16,620.18,619.94,619.97,154866,0
QQQ.US,5,20251229,195000,619.97,620.06,619.88,619.916,100324,0
QQQ.US,5,20251229,195500,619.915,619.925,619.725,619.84,169624,0
QQQ.US,5,20251229,200000,619.83,619.9,619.59,619.7187,205277,0
QQQ.US,5,20251229,200500,619.72,619.82,619.64,619.735,132711,0
QQQ.US,5,20251229,201000,619.74,619.79,619.65,619.69,118340,0
QQQ.US,5,20251229,201500,619.7,619.84,619.645,619.77,120931,0
QQQ.US,5,20251229,202000,619.77,620.22,619.77,620.12,252132,0
QQQ.US,5,20251229,202500,620.12,620.265,620.06,620.225,223308,0
QQQ.US,5,20251229,203000,620.225,620.58,620.18,620.51,308259,0
QQQ.US,5,20251229,203500,620.52,620.65,620.41,620.56,164661,0
QQQ.US,5,20251229,204000,620.56,620.88,620.55,620.7699,191519,0
QQQ.US,5,20251229,204500,620.77,621.3,620.75,621.17,274819,0
QQQ.US,5,20251229,205000,621.17,621.475,621.17,621.41,371639,0
QQQ.US,5,20251229,205500,621.4053,621.695,621.4053,621.49,371497,0
QQQ.US,5,20251229,210000,621.495,621.5,621.14,621.245,246028,0
QQQ.US,5,20251229,210500,621.24,621.28,621.1,621.18,164613,0
QQQ.US,5,20251229,211000,621.18,621.31,621.15,621.29,193194,0
QQQ.US,5,20251229,211500,621.29,621.51,621.22,621.31,184323,0
QQQ.US,5,20251229,212000,621.315,621.42,621.25,621.3701,152147,0
QQQ.US,5,20251229,212500,621.385,621.4068,621.09,621.11,204114,0
QQQ.US,5,20251229,213000,621.115,621.32,621.09,621.16,192628,0
QQQ.US,5,20251229,213500,621.16,621.22,620.99,620.9989,253432,0
QQQ.US,5,20251229,214000,620.995,621.1,620.77,620.9261,248134,0
QQQ.US,5,20251229,214500,620.92,621.075,620.87,620.9926,303531,0
QQQ.US,5,20251229,215000,621.0013,621.25,620.67,620.7325,576808,0
QQQ.US,5,20251229,215500,620.74,621.07,620.61,620.86,1485814,0
QQQ.US,5,20251230,153000,619.84,620.8,619.73,620.51,836767,0
QQQ.US,5,20251230,153500,620.52,620.61,619.7,619.82,626504,0
QQQ.US,5,20251230,154000,619.84,620.13,619.58,619.77,356038,0
QQQ.US,5,20251230,154500,619.77,620.88,619.38,620.85,678564,0
QQQ.US,5,20251230,155000,620.85,621.16,620.59,621.02,479085,0
QQQ.US,5,20251230,155500,621.02,621.75,620.98,621.32,624438,0
QQQ.US,5,20251230,160000,621.3,621.42,620.82,620.84,387225,0
QQQ.US,5,20251230,160500,620.8288,620.91,620.36,620.49,371630,0
QQQ.US,5,20251230,161000,620.48,620.51,619.59,619.89,626756,0
QQQ.US,5,20251230,161500,619.91,620.22,619.69,619.93,349569,0
QQQ.US,5,20251230,162000,619.93,620.5439,619.79,620.07,442336,0
QQQ.US,5,20251230,162500,620.07,620.11,619.82,619.945,233804,0
QQQ.US,5,20251230,163000,619.94,620.015,619.75,619.79,292121,0
QQQ.US,5,20251230,163500,619.8,620.09,619.71,620.01,237320,0
QQQ.US,5,20251230,164000,620.015,620.1,619.58,619.825,241870,0
QQQ.US,5,20251230,164500,619.87,620.28,619.7283,620.27,318325,0
QQQ.US,5,20251230,165000,620.29,620.91,620.18,620.7,505547,0
QQQ.US,5,20251230,165500,620.6901,621.24,620.6901,621.02,417832,0
QQQ.US,5,20251230,170000,621.03,621.48,620.9101,621.412,388420,0
QQQ.US,5,20251230,170500,621.4126,621.52,621.12,621.19,500726,0
QQQ.US,5,20251230,171000,621.1998,621.45,621.16,621.34,229814,0
QQQ.US,5,20251230,171500,621.35,621.57,621.32,621.54,257506,0
QQQ.US,5,20251230,172000,621.55,622.18,621.55,621.915,506218,0
QQQ.US,5,20251230,172500,621.92,621.92,621.6548,621.72,224763,0
QQQ.US,5,20251230,173000,621.71,621.77,621.51,621.54,306629,0
QQQ.US,5,20251230,173500,621.545,621.615,620.875,620.9899,308282,0
QQQ.US,5,20251230,174000,620.98,621.02,620.7,620.91,303618,0
QQQ.US,5,20251230,174500,620.915,620.98,620.725,620.75,205541,0
QQQ.US,5,20251230,175000,620.76,620.815,620.46,620.6,250999,0
QQQ.US,5,20251230,175500,620.61,620.71,620.4,620.48,181978,0
QQQ.US,5,20251230,180000,620.47,620.495,620.2201,620.29,245652,0
QQQ.US,5,20251230,180500,620.3,620.55,620.29,620.4682,221571,0
QQQ.US,5,20251230,181000,620.47,620.555,620.18,620.22,170719,0
QQQ.US,5,20251230,181500,620.22,620.44,620.01,620.41,213279,0
QQQ.US,5,20251230,182000,620.415,620.57,620.32,620.5,270513,0
QQQ.US,5,20251230,182500,620.49,620.59,620.4,620.54,197529,0
QQQ.US,5,20251230,183000,620.54,620.77,620.43,620.72,230897,0
QQQ.US,5,20251230,183500,620.72,620.83,620.72,620.8,286264,0
QQQ.US,5,20251230,184000,620.8,620.92,620.52,620.53,189646,0
QQQ.US,5,20251230,184500,620.54,620.62,620.3,620.56,211472,0
QQQ.US,5,20251230,185000,620.56,620.74,620.51,620.725,161959,0
QQQ.US,5,20251230,185500,620.72,620.8,620.62,620.7,117516,0
QQQ.US,5,20251230,190000,620.7,620.71,620.19,620.495,261925,0
QQQ.US,5,20251230,190500,620.5,620.79,620.5,620.7613,190673,0
QQQ.US,5,20251230,191000,620.77,620.83,620.65,620.73,182739,0
QQQ.US,5,20251230,191500,620.75,620.855,620.68,620.83,131161,0
QQQ.US,5,20251230,192000,620.83,620.855,620.64,620.725,95274,0
QQQ.US,5,20251230,192500,620.724,620.92,620.6901,620.87,166859,0
QQQ.US,5,20251230,193000,620.87,621.03,620.83,620.93,224778,0
QQQ.US,5,20251230,193500,620.915,620.915,620.61,620.665,147260,0
QQQ.US,5,20251230,194000,620.67,620.69,620.44,620.655,202763,0
QQQ.US,5,20251230,194500,620.66,620.8987,620.555,620.868,232974,0
QQQ.US,5,20251230,195000,620.87,620.91,620.67,620.7,140373,0
QQQ.US,5,20251230,195500,620.71,620.83,620.6388,620.75,92426,0
QQQ.US,5,20251230,200000,620.73,620.83,620.4599,620.46,152278,0
QQQ.US,5,20251230,200500,620.45,620.71,620.33,620.595,187249,0
QQQ.US,5,20251230,201000,620.59,620.83,620.43,620.82,173242,0
QQQ.US,5,20251230,201500,620.82,620.9761,620.7,620.96,246849,0
QQQ.US,5,20251230,202000,620.965,620.98,620.855,620.91,164023,0
QQQ.US,5,20251230,202500,620.91,620.98,620.75,620.815,143201,0
QQQ.US,5,20251230,203000,620.82,620.94,620.665,620.74,178411,0
QQQ.US,5,20251230,203500,620.74,620.74,620.54,620.65,151246,0
QQQ.US,5,20251230,204000,620.65,620.76,620.6,620.64,164174,0
QQQ.US,5,20251230,204500,620.64,620.65,620.38,620.405,258198,0
QQQ.US,5,20251230,205000,620.4,620.49,620.15,620.3456,264793,0
QQQ.US,5,20251230,205500,620.35,620.37,620.19,620.3,163023,0
QQQ.US,5,20251230,210000,620.3,620.32,620.22,620.29,132095,0
QQQ.US,5,20251230,210500,620.29,620.31,619.96,620.04,217852,0
QQQ.US,5,20251230,211000,620.04,620.07,619.6,619.87,290557,0
QQQ.US,5,20251230,211500,619.8553,620.16,619.81,620.1,196308,0
QQQ.US,5,20251230,212000,620.1,620.39,620.07,620.36,302723,0
QQQ.US,5,20251230,212500,620.37,620.44,620.125,620.125,231504,0
QQQ.US,5,20251230,213000,620.12,620.28,620.06,620.265,296593,0
QQQ.US,5,20251230,213500,620.27,620.305,620.18,620.255,263348,0
QQQ.US,5,20251230,214000,620.265,620.355,620.17,620.21,250848,0
QQQ.US,5,20251230,214500,620.22,620.23,619.96,620.01,316901,0
QQQ.US,5,20251230,215000,619.99,620.12,619.64,619.6902,621264,0
QQQ.US,5,20251230,215500,619.69,619.83,619.215,619.43,1937031,0
QQQ.US,5,20251231,153000,619.65,619.96,618.978,619.33,958842,0
QQQ.US,5,20251231,153500,619.33,619.73,618.045,618.5,926815,0
QQQ.US,5,20251231,154000,618.5,618.53,617.995,618.23,611490,0
QQQ.US,5,20251231,154500,618.23,618.38,617.3312,617.87,711733,0
QQQ.US,5,20251231,155000,617.87,618.48,617.57,618.45,707726,0
QQQ.US,5,20251231,155500,618.445,618.62,617.74,617.92,547983,0
QQQ.US,5,20251231,160000,617.93,618.13,617.64,618.04,434571,0
QQQ.US,5,20251231,160500,618.04,618.2,617.82,617.93,341999,0
QQQ.US,5,20251231,161000,617.95,618.05,617.38,617.86,477417,0
QQQ.US,5,20251231,161500,617.87,618.0336,617.03,617.3,519433,0
QQQ.US,5,20251231,162000,617.29,617.75,617.22,617.48,387946,0
QQQ.US,5,20251231,162500,617.47,618.025,617.45,617.84,305105,0
QQQ.US,5,20251231,163000,617.83,617.99,617.47,617.66,281734,0
QQQ.US,5,20251231,163500,617.64,617.72,617.28,617.44,369424,0
QQQ.US,5,20251231,164000,617.43,617.5707,617.18,617.51,270530,0
QQQ.US,5,20251231,164500,617.51,617.53,617.245,617.49,240273,0
QQQ.US,5,20251231,165000,617.49,617.49,616.99,617.02,233090,0
QQQ.US,5,20251231,165500,617.01,617.07,616.45,616.745,594101,0
QQQ.US,5,20251231,170000,616.73,617.05,616.69,616.95,355097,0
QQQ.US,5,20251231,170500,616.938,617.065,616.82,616.89,263681,0
QQQ.US,5,20251231,171000,616.89,617,616.76,616.925,281615,0
QQQ.US,5,20251231,171500,616.915,617.2701,616.915,617.27,283945,0
QQQ.US,5,20251231,172000,617.2625,617.42,617.115,617.32,204257,0
QQQ.US,5,20251231,172500,617.33,617.74,617.32,617.72,348978,0
QQQ.US,5,20251231,173000,617.73,617.745,617.225,617.285,246754,0
QQQ.US,5,20251231,173500,617.28,617.56,617.2044,617.515,202652,0
QQQ.US,5,20251231,174000,617.5101,617.52,617.125,617.295,187018,0
QQQ.US,5,20251231,174500,617.29,617.355,617.12,617.27,192618,0
QQQ.US,5,20251231,175000,617.27,617.63,617.19,617.59,229747,0
QQQ.US,5,20251231,175500,617.595,617.97,617.59,617.9154,265356,0
QQQ.US,5,20251231,180000,617.91,617.94,617.72,617.72,237887,0
QQQ.US,5,20251231,180500,617.7265,617.78,617.08,617.1,265495,0
QQQ.US,5,20251231,181000,617.12,617.365,617.04,617.3301,287666,0
QQQ.US,5,20251231,181500,617.35,617.61,617.275,617.546,203309,0
QQQ.US,5,20251231,182000,617.54,617.54,617.25,617.35,178381,0
QQQ.US,5,20251231,182500,617.35,617.575,617.26,617.485,115290,0
QQQ.US,5,20251231,183000,617.49,617.76,617.43,617.74,210104,0
QQQ.US,5,20251231,183500,617.72,617.91,617.56,617.6,264623,0
QQQ.US,5,20251231,184000,617.6,617.69,617.42,617.67,142972,0
QQQ.US,5,20251231,184500,617.675,617.71,617.4399,617.4499,126336,0
QQQ.US,5,20251231,185000,617.43,617.485,617.21,617.41,213697,0
QQQ.US,5,20251231,185500,617.41,617.42,617.13,617.3571,166826,0
QQQ.US,5,20251231,190000,617.35,617.4653,617.2,617.385,131027,0
QQQ.US,5,20251231,190500,617.38,617.6,617.15,617.54,162714,0
QQQ.US,5,20251231,191000,617.54,617.85,617.48,617.85,219896,0
QQQ.US,5,20251231,191500,617.85,617.9,617.43,617.45,208312,0
QQQ.US,5,20251231,192000,617.45,617.558,617.42,617.48,106324,0
QQQ.US,5,20251231,192500,617.49,617.88,617.45,617.85,209158,0
QQQ.US,5,20251231,193000,617.8501,617.9207,617.7001,617.92,169959,0
QQQ.US,5,20251231,193500,617.92,617.98,617.77,617.865,151229,0
QQQ.US,5,20251231,194000,617.88,618.39,617.88,618.19,324391,0
QQQ.US,5,20251231,194500,618.2,618.44,618.13,618.28,289713,0
QQQ.US,5,20251231,195000,618.275,618.44,618.2,618.44,180492,0
QQQ.US,5,20251231,195500,618.43,618.48,618.07,618.13,243552,0
QQQ.US,5,20251231,200000,618.12,618.6,618.12,618.43,206667,0
QQQ.US,5,20251231,200500,618.43,618.46,618.2,618.34,160898,0
QQQ.US,5,20251231,201000,618.34,618.37,618.2,618.26,135889,0
QQQ.US,5,20251231,201500,618.255,618.27,617.76,617.815,219179,0
QQQ.US,5,20251231,202000,617.81,617.8416,617.51,617.781,328697,0
QQQ.US,5,20251231,202500,617.7701,617.7701,617.308,617.34,256406,0
QQQ.US,5,20251231,203000,617.34,617.42,616.255,616.27,502291,0
QQQ.US,5,20251231,203500,616.28,616.927,616.26,616.48,551646,0
QQQ.US,5,20251231,204000,616.47,616.84,616.45,616.6,323133,0
QQQ.US,5,20251231,204500,616.584,616.74,616.45,616.51,239902,0
QQQ.US,5,20251231,205000,616.49,616.59,616.19,616.28,292137,0
QQQ.US,5,20251231,205500,616.29,616.45,616.22,616.29,256158,0
QQQ.US,5,20251231,210000,616.28,616.37,615.56,615.76,707656,0
QQQ.US,5,20251231,210500,615.77,616.05,615.35,615.4856,457339,0
QQQ.US,5,20251231,211000,615.47,615.48,615.04,615.39,524574,0
QQQ.US,5,20251231,211500,615.3999,615.7203,615.32,615.57,452251,0
QQQ.US,5,20251231,212000,615.56,615.56,614.95,615.15,533802,0
QQQ.US,5,20251231,212500,615.16,615.245,614.75,614.88,401794,0
QQQ.US,5,20251231,213000,614.88,615.64,614.72,615.4,601535,0
QQQ.US,5,20251231,213500,615.395,615.74,615.335,615.35,370042,0
QQQ.US,5,20251231,214000,615.35,615.57,615.09,615.55,436339,0
QQQ.US,5,20251231,214500,615.55,615.6261,614.94,614.96,542521,0
QQQ.US,5,20251231,215000,614.95,615.27,614.77,614.91,1012494,0
QQQ.US,5,20251231,215500,614.92,615.335,614.05,614.31,3167707,0
QQQ.US,5,20260102,153000,620.06,621.18,619.305,619.895,2053077,0
QQQ.US,5,20260102,153500,619.9,620.49,619.22,619.25,1374048,0
QQQ.US,5,20260102,154000,619.25,620.33,618.9,620.1799,997957,0
QQQ.US,5,20260102,154500,620.17,622.19,620.15,621.7,1612495,0
QQQ.US,5,20260102,155000,621.72,622.85,621.12,621.458,1013642,0
QQQ.US,5,20260102,155500,621.45,621.72,621.06,621.19,565219,0
QQQ.US,5,20260102,160000,621.18,622.27,621.14,621.3,902781,0
QQQ.US,5,20260102,160500,621.3,621.35,620.26,620.39,660302,0
QQQ.US,5,20260102,161000,620.38,620.53,617.84,618.09,1313679,0
QQQ.US,5,20260102,161500,618.08,618.14,616.83,617.4599,1350554,0
QQQ.US,5,20260102,162000,617.47,617.51,615.12,615.275,1657199,0
QQQ.US,5,20260102,162500,615.27,615.835,614.61,615.41,1329926,0
QQQ.US,5,20260102,163000,615.41,616.78,614.91,616.58,1246645,0
QQQ.US,5,20260102,163500,616.57,617.16,616.09,616.98,736440,0
QQQ.US,5,20260102,164000,616.98,618.12,616.79,617.61,877026,0
QQQ.US,5,20260102,164500,617.61,617.865,616.3,616.31,803797,0
QQQ.US,5,20260102,165000,616.31,616.42,614.25,615.1399,1234059,0
QQQ.US,5,20260102,165500,615.13,615.47,612.31,612.665,1309084,0
QQQ.US,5,20260102,170000,612.68,612.75,611.68,612.1,1337533,0
QQQ.US,5,20260102,170500,612.09,612.42,611.41,612.3768,1262969,0
QQQ.US,5,20260102,171000,612.4,612.82,610.75,612.7799,1432864,0
QQQ.US,5,20260102,171500,612.78,613.43,611.65,612.04,936822,0
QQQ.US,5,20260102,172000,612.02,613.18,611.59,613.01,560631,0
QQQ.US,5,20260102,172500,613,613.453,612.5,612.75,512041,0
QQQ.US,5,20260102,173000,612.76,613.93,612.4792,613.73,482420,0
QQQ.US,5,20260102,173500,613.73,613.92,612.83,612.93,514352,0
QQQ.US,5,20260102,174000,612.92,613.05,612.39,612.49,458202,0
QQQ.US,5,20260102,174500,612.48,612.85,612.14,612.38,358636,0
QQQ.US,5,20260102,175000,612.36,612.55,611,611.31,517774,0
QQQ.US,5,20260102,175500,611.34,612,611.24,611.94,437241,0
QQQ.US,5,20260102,180000,611.95,612.09,611.31,611.6,312773,0
QQQ.US,5,20260102,180500,611.6,612.42,611.58,612.05,330630,0
QQQ.US,5,20260102,181000,612.02,613.39,612.01,613.24,498692,0
QQQ.US,5,20260102,181500,613.24,613.425,612.87,612.9,318803,0
QQQ.US,5,20260102,182000,612.88,613.04,612.5,612.79,289674,0
QQQ.US,5,20260102,182500,612.77,613.0099,612.41,613.0099,275477,0
QQQ.US,5,20260102,183000,613.01,613.3372,612.61,612.77,287765,0
QQQ.US,5,20260102,183500,612.76,612.99,612.4,612.61,248917,0
QQQ.US,5,20260102,184000,612.6,612.97,612.4,612.67,183789,0
QQQ.US,5,20260102,184500,612.69,612.95,611.44,611.69,401646,0
QQQ.US,5,20260102,185000,611.68,611.945,611.4,611.85,363075,0
QQQ.US,5,20260102,185500,611.83,612.14,611.26,611.56,443977,0
QQQ.US,5,20260102,190000,611.52,612.2013,611.45,612,218322,0
QQQ.US,5,20260102,190500,611.98,612.13,611.41,611.69,209597,0
QQQ.US,5,20260102,191000,611.7,611.983,611.3,611.35,278440,0
QQQ.US,5,20260102,191500,611.36,612.2,611.15,612.095,322898,0
QQQ.US,5,20260102,192000,612.095,612.495,611.79,611.85,199362,0
QQQ.US,5,20260102,192500,611.87,612.03,611.51,611.76,196428,0
QQQ.US,5,20260102,193000,611.75,611.82,611.36,611.53,162813,0
QQQ.US,5,20260102,193500,611.55,612.09,611.375,611.8,197087,0
QQQ.US,5,20260102,194000,611.8,611.91,611.48,611.89,173208,0
QQQ.US,5,20260102,194500,611.9,612.19,610.57,610.64,422926,0
QQQ.US,5,20260102,195000,610.63,610.91,610.15,610.8432,567399,0
QQQ.US,5,20260102,195500,610.85,610.86,610.31,610.84,348284,0
QQQ.US,5,20260102,200000,610.8377,611.5,610.71,611.45,358876,0
QQQ.US,5,20260102,200500,611.45,612.44,611.43,612.36,567766,0
QQQ.US,5,20260102,201000,612.35,613.2,612.15,613.01,464473,0
QQQ.US,5,20260102,201500,613.01,613.23,612.625,612.73,423229,0
QQQ.US,5,20260102,202000,612.73,613.6201,612.47,613.54,391794,0
QQQ.US,5,20260102,202500,613.55,613.81,613.22,613.59,321000,0
QQQ.US,5,20260102,203000,613.59,614.4,613.56,614.27,825395,0
QQQ.US,5,20260102,203500,614.29,614.55,613.955,614.31,374245,0
QQQ.US,5,20260102,204000,614.32,614.7,614.13,614.165,371308,0
QQQ.US,5,20260102,204500,614.16,614.385,613.87,614.1554,366757,0
QQQ.US,5,20260102,205000,614.16,614.22,613.5,613.81,379822,0
QQQ.US,5,20260102,205500,613.82,613.86,613.065,613.36,395967,0
QQQ.US,5,20260102,210000,613.36,613.85,613.08,613.6,254256,0
QQQ.US,5,20260102,210500,613.59,613.78,613.37,613.6901,300635,0
QQQ.US,5,20260102,211000,613.71,614.19,613.7,613.85,293662,0
QQQ.US,5,20260102,211500,613.85,614.42,613.74,614.41,265407,0
QQQ.US,5,20260102,212000,614.41,614.55,614.1,614.19,322376,0
QQQ.US,5,20260102,212500,614.2,614.42,613.84,614.11,208459,0
QQQ.US,5,20260102,213000,614.1,614.32,613.71,613.75,282408,0
QQQ.US,5,20260102,213500,613.75,614.16,613.6853,613.715,303674,0
QQQ.US,5,20260102,214000,613.72,613.73,613.165,613.21,437392,0
QQQ.US,5,20260102,214500,613.21,613.39,612.63,612.9,647055,0
QQQ.US,5,20260102,215000,612.89,613.47,612.73,612.88,895154,0
QQQ.US,5,20260102,215500,612.87,613.32,612.5,613.12,2300302,0
QQQ.US,5,20260105,153000,619.32,619.98,617.79,617.98,2726959,0
QQQ.US,5,20260105,153500,617.965,618.3868,617.04,617.47,1473448,0
QQQ.US,5,20260105,154000,617.47,618.545,616.72,618.27,1265876,0
QQQ.US,5,20260105,154500,618.27,619.02,617.28,618.16,1115885,0
QQQ.US,5,20260105,155000,618.14,618.79,617.58,618.38,895057,0
QQQ.US,5,20260105,155500,618.4,618.74,617.46,618.08,827700,0
QQQ.US,5,20260105,160000,618.08,619.1796,617.41,619.065,733665,0
QQQ.US,5,20260105,160500,619.08,619.45,618.64,619.34,646636,0
QQQ.US,5,20260105,161000,619.37,619.46,618.82,619.17,586017,0
QQQ.US,5,20260105,161500,619.22,619.71,618.85,619.7,579328,0
QQQ.US,5,20260105,162000,619.7,619.75,619.16,619.74,445507,0
QQQ.US,5,20260105,162500,619.72,620.23,619.06,619.9801,744381,0
QQQ.US,5,20260105,163000,620,620.39,619.84,620.24,536275,0
QQQ.US,5,20260105,163500,620.23,620.33,619.42,619.53,488960,0
QQQ.US,5,20260105,164000,619.5297,619.96,619.12,619.2,444762,0
QQQ.US,5,20260105,164500,619.2,619.72,619.2,619.56,212203,0
QQQ.US,5,20260105,165000,619.58,619.86,619.27,619.51,395831,0
QQQ.US,5,20260105,165500,619.51,619.93,619.21,619.78,373143,0
QQQ.US,5,20260105,170000,619.78,620.01,619.4601,619.89,352194,0
QQQ.US,5,20260105,170500,619.9,620.44,619.72,620.31,529288,0
QQQ.US,5,20260105,171000,620.3,620.54,619.96,619.97,549470,0
QQQ.US,5,20260105,171500,619.97,620.27,619.87,620.06,381062,0
QQQ.US,5,20260105,172000,620.07,620.355,620,620.28,376677,0
QQQ.US,5,20260105,172500,620.2601,620.395,620.16,620.24,276259,0
QQQ.US,5,20260105,173000,620.24,620.545,620.06,620.09,393615,0
QQQ.US,5,20260105,173500,620.09,620.44,620.01,620.295,371805,0
QQQ.US,5,20260105,174000,620.3,620.325,619.73,620.16,339678,0
QQQ.US,5,20260105,174500,620.16,620.77,620.12,620.66,441202,0
QQQ.US,5,20260105,175000,620.67,620.81,620.0904,620.19,471657,0
QQQ.US,5,20260105,175500,620.19,620.2399,619.61,619.65,415874,0
QQQ.US,5,20260105,180000,619.66,619.99,619.51,619.76,442328,0
QQQ.US,5,20260105,180500,619.8,619.895,619.42,619.55,291648,0
QQQ.US,5,20260105,181000,619.57,619.99,619.29,619.955,289996,0
QQQ.US,5,20260105,181500,619.96,619.99,619.29,619.41,269681,0
QQQ.US,5,20260105,182000,619.38,619.44,618.9,619.0065,334930,0
QQQ.US,5,20260105,182500,619,619.01,618.619,618.92,477777,0
QQQ.US,5,20260105,183000,618.95,618.97,618.425,618.61,345812,0
QQQ.US,5,20260105,183500,618.62,619.03,618.575,618.88,306588,0
QQQ.US,5,20260105,184000,618.88,619.01,618.53,618.59,344809,0
QQQ.US,5,20260105,184500,618.58,619.11,618.52,618.9,288908,0
QQQ.US,5,20260105,185000,618.91,618.945,618.52,618.7399,236340,0
QQQ.US,5,20260105,185500,618.74,618.98,618.63,618.9,149291,0
QQQ.US,5,20260105,190000,618.89,619.03,618.7,618.89,186786,0
QQQ.US,5,20260105,190500,618.89,618.92,618,618.33,379313,0
QQQ.US,5,20260105,191000,618.33,618.45,618.07,618.19,277958,0
QQQ.US,5,20260105,191500,618.2,618.2,617.22,617.735,746200,0
QQQ.US,5,20260105,192000,617.73,618.255,617.45,618.24,457566,0
QQQ.US,5,20260105,192500,618.24,618.43,618.05,618.39,320436,0
QQQ.US,5,20260105,193000,618.39,618.63,618.2844,618.4238,267469,0
QQQ.US,5,20260105,193500,618.43,618.5,618,618.42,264826,0
QQQ.US,5,20260105,194000,618.42,618.74,618.37,618.6901,279235,0
QQQ.US,5,20260105,194500,618.69,618.87,618.67,618.67,349434,0
QQQ.US,5,20260105,195000,618.67,618.68,618.45,618.54,280803,0
QQQ.US,5,20260105,195500,618.53,618.62,618.4044,618.565,222366,0
QQQ.US,5,20260105,200000,618.565,618.7,618.5,618.63,184701,0
QQQ.US,5,20260105,200500,618.65,618.65,618.29,618.42,211099,0
QQQ.US,5,20260105,201000,618.41,618.43,618.07,618.2799,247274,0
QQQ.US,5,20260105,201500,618.28,618.35,618.15,618.25,173210,0
QQQ.US,5,20260105,202000,618.245,618.3138,618.06,618.08,158260,0
QQQ.US,5,20260105,202500,618.08,618.23,617.86,617.9,254671,0
QQQ.US,5,20260105,203000,617.9,618.04,617.8,617.92,220961,0
QQQ.US,5,20260105,203500,617.9251,617.97,617.4,617.57,316580,0
QQQ.US,5,20260105,204000,617.56,617.56,617.04,617.36,467693,0
QQQ.US,5,20260105,204500,617.35,617.87,617.35,617.68,348651,0
QQQ.US,5,20260105,205000,617.68,617.6993,617.43,617.62,222345,0
QQQ.US,5,20260105,205500,617.61,617.95,617.58,617.7001,269531,0
QQQ.US,5,20260105,210000,617.7,617.74,617.45,617.57,279916,0
QQQ.US,5,20260105,210500,617.58,618.1,617.475,618.07,309007,0
QQQ.US,5,20260105,211000,618.07,618.3365,618.03,618.26,355011,0
QQQ.US,5,20260105,211500,618.25,618.38,618.14,618.2,185115,0
QQQ.US,5,20260105,212000,618.18,618.26,618.07,618.239,168818,0
QQQ.US,5,20260105,212500,618.23,618.31,618.12,618.25,205687,0
QQQ.US,5,20260105,213000,618.26,618.37,618.02,618.16,354685,0
QQQ.US,5,20260105,213500,618.18,618.33,618.18,618.28,153389,0
QQQ.US,5,20260105,214000,618.255,618.32,618.1,618.26,230505,0
QQQ.US,5,20260105,214500,618.25,618.57,618.22,618.44,433857,0
QQQ.US,5,20260105,215000,618.43,618.58,617.53,617.58,731892,0
QQQ.US,5,20260105,215500,617.59,618.01,617.45,617.99,1552105,0
QQQ.US,5,20260106,153000,619.23,620.16,619.115,619.49,1705308,0
QQQ.US,5,20260106,153500,619.49,620.16,618.97,619.3,1081938,0
QQQ.US,5,20260106,154000,619.32,619.92,618.54,619.878,786609,0
QQQ.US,5,20260106,154500,619.9,621.19,619.8172,620.97,997105,0
QQQ.US,5,20260106,155000,620.98,621.89,620.88,621.49,739252,0
QQQ.US,5,20260106,155500,621.48,622.19,621.32,621.97,734950,0
QQQ.US,5,20260106,160000,621.9844,622.45,621.665,621.87,871049,0
QQQ.US,5,20260106,160500,621.871,622.31,621.57,621.62,566668,0
QQQ.US,5,20260106,161000,621.62,622.16,621.35,621.99,551773,0
QQQ.US,5,20260106,161500,621.99,622.31,621.72,621.99,371897,0
QQQ.US,5,20260106,162000,621.99,622.33,621.51,622.225,359239,0
QQQ.US,5,20260106,162500,622.23,622.59,622.11,622.43,578331,0
QQQ.US,5,20260106,163000,622.42,622.45,621.87,622.04,435865,0
QQQ.US,5,20260106,163500,622.04,622.15,621.485,621.71,527153,0
QQQ.US,5,20260106,164000,621.71,621.91,621.14,621.29,476709,0
QQQ.US,5,20260106,164500,621.27,621.48,620.99,621.42,542696,0
QQQ.US,5,20260106,165000,621.41,621.56,620.53,620.73,685488,0
QQQ.US,5,20260106,165500,620.74,620.76,620.1,620.4399,777692,0
QQQ.US,5,20260106,170000,620.43,620.435,619.75,619.835,491003,0
QQQ.US,5,20260106,170500,619.83,620.165,619.29,620.15,619676,0
QQQ.US,5,20260106,171000,620.15,620.38,619.971,620.06,505006,0
QQQ.US,5,20260106,171500,620.0506,620.39,619.8,620.32,436862,0
QQQ.US,5,20260106,172000,620.31,620.96,620.0005,620.7044,414458,0
QQQ.US,5,20260106,172500,620.69,620.774,620.1,620.2,367014,0
QQQ.US,5,20260106,173000,620.2,620.78,620.1,620.74,434371,0
QQQ.US,5,20260106,173500,620.74,620.755,620.06,620.61,277654,0
QQQ.US,5,20260106,174000,620.61,620.65,619.76,619.8968,441177,0
QQQ.US,5,20260106,174500,619.91,620.58,619.83,620.51,321850,0
QQQ.US,5,20260106,175000,620.5,620.78,620.485,620.54,245465,0
QQQ.US,5,20260106,175500,620.53,620.7,619.99,620.66,302263,0
QQQ.US,5,20260106,180000,620.65,620.69,620.1499,620.395,202253,0
QQQ.US,5,20260106,180500,620.4,621.12,620.38,620.95,366333,0
QQQ.US,5,20260106,181000,620.97,621.2,620.82,621.095,201063,0
QQQ.US,5,20260106,181500,621.1,621.235,620.92,621.08,239686,0
QQQ.US,5,20260106,182000,621.06,621.76,621.06,621.56,352549,0
QQQ.US,5,20260106,182500,621.57,621.8,621.51,621.5825,335367,0
QQQ.US,5,20260106,183000,621.59,622.19,621.57,622.175,276386,0
QQQ.US,5,20260106,183500,622.18,622.785,622.1,622.45,439570,0
QQQ.US,5,20260106,184000,622.46,622.53,622.18,622.36,382876,0
QQQ.US,5,20260106,184500,622.37,622.465,621.865,622.06,290848,0
QQQ.US,5,20260106,185000,622.07,622.23,621.94,622.16,212421,0
QQQ.US,5,20260106,185500,622.16,622.27,622.09,622.16,140632,0
QQQ.US,5,20260106,190000,622.18,622.24,622.03,622.04,238229,0
QQQ.US,5,20260106,190500,622.05,622.13,621.815,622.0599,286054,0
QQQ.US,5,20260106,191000,622.05,622.25,622.02,622.25,163293,0
QQQ.US,5,20260106,191500,622.24,622.66,622.23,622.56,266534,0
QQQ.US,5,20260106,192000,622.58,622.61,622.42,622.48,173036,0
QQQ.US,5,20260106,192500,622.48,622.49,622.125,622.145,210320,0
QQQ.US,5,20260106,193000,622.1401,622.36,621.92,622.01,251302,0
QQQ.US,5,20260106,193500,622.01,622.36,622.01,622.205,190897,0
QQQ.US,5,20260106,194000,622.21,622.725,622.19,622.72,257919,0
QQQ.US,5,20260106,194500,622.72,623.24,622.68,623.1399,487982,0
QQQ.US,5,20260106,195000,623.14,623.23,623.02,623.07,357144,0
QQQ.US,5,20260106,195500,623.07,623.225,622.95,623.22,314054,0
QQQ.US,5,20260106,200000,623.22,623.35,623.01,623.0799,303748,0
QQQ.US,5,20260106,200500,623.075,623.24,622.965,622.98,191925,0
QQQ.US,5,20260106,201000,622.97,623.34,622.96,623.28,211301,0
QQQ.US,5,20260106,201500,623.28,623.3199,623.15,623.31,184100,0
QQQ.US,5,20260106,202000,623.305,623.44,623.23,623.39,254230,0
QQQ.US,5,20260106,202500,623.39,623.405,623.25,623.31,222911,0
QQQ.US,5,20260106,203000,623.32,623.51,623.27,623.49,208475,0
QQQ.US,5,20260106,203500,623.495,623.58,623.35,623.37,299123,0
QQQ.US,5,20260106,204000,623.37,623.61,623.36,623.485,304675,0
QQQ.US,5,20260106,204500,623.485,623.56,623.455,623.4967,171484,0
QQQ.US,5,20260106,205000,623.495,623.51,623.351,623.36,217463,0
QQQ.US,5,20260106,205500,623.3699,623.42,623.25,623.29,298277,0
QQQ.US,5,20260106,210000,623.29,623.48,623.205,623.33,246165,0
QQQ.US,5,20260106,210500,623.33,623.36,623.15,623.21,205459,0
QQQ.US,5,20260106,211000,623.2271,623.475,623.205,623.38,224580,0
QQQ.US,5,20260106,211500,623.385,623.64,623.3801,623.535,228568,0
QQQ.US,5,20260106,212000,623.55,623.56,623.37,623.38,181289,0
QQQ.US,5,20260106,212500,623.37,623.5,623.3401,623.35,265615,0
QQQ.US,5,20260106,213000,623.35,623.495,623.3,623.445,285190,0
QQQ.US,5,20260106,213500,623.45,623.79,623.3875,623.75,356140,0
QQQ.US,5,20260106,214000,623.75,623.95,623.735,623.82,331254,0
QQQ.US,5,20260106,214500,623.82,623.97,623.7,623.875,357413,0
QQQ.US,5,20260106,215000,623.87,623.95,623.64,623.875,797178,0
QQQ.US,5,20260106,215500,623.875,624.0213,623.38,623.625,2446755,0
QQQ.US,5,20260107,153000,623.04,623.8,622.56,623.8,1656557,0
QQQ.US,5,20260107,153500,623.788,624.12,623.22,624.11,818960,0
QQQ.US,5,20260107,154000,624.1,624.7996,623.82,624.55,1055888,0
QQQ.US,5,20260107,154500,624.55,624.98,624.23,624.62,868895,0
QQQ.US,5,20260107,155000,624.61,625,624.32,624.515,528894,0
QQQ.US,5,20260107,155500,624.52,625.15,624.52,624.57,473663,0
QQQ.US,5,20260107,160000,624.63,624.76,623.53,624.26,717740,0
QQQ.US,5,20260107,160500,624.25,624.82,624.05,624.6,548336,0
QQQ.US,5,20260107,161000,624.58,624.93,624.49,624.67,464416,0
QQQ.US,5,20260107,161500,624.65,624.68,623.76,624.1362,532673,0
QQQ.US,5,20260107,162000,624.13,624.69,623.92,624.64,324463,0
QQQ.US,5,20260107,162500,624.66,625.061,624.15,624.83,395383,0
QQQ.US,5,20260107,163000,624.83,625.35,624.62,625.22,471323,0
QQQ.US,5,20260107,163500,625.22,625.69,623.52,624.28,962222,0
QQQ.US,5,20260107,164000,624.27,625.04,624.145,624.55,654562,0
QQQ.US,5,20260107,164500,624.57,625.79,624.495,625.6,478165,0
QQQ.US,5,20260107,165000,625.6058,625.91,625.481,625.77,394405,0
QQQ.US,5,20260107,165500,625.78,625.85,625.57,625.78,245179,0
QQQ.US,5,20260107,170000,625.79,626.27,625.72,626.1436,412308,0
QQQ.US,5,20260107,170500,626.134,626.23,626.02,626.1,240321,0
QQQ.US,5,20260107,171000,626.115,626.305,625.97,626.2101,295963,0
QQQ.US,5,20260107,171500,626.225,626.31,626.02,626.13,252648,0
QQQ.US,5,20260107,172000,626.11,626.11,625.5968,625.72,405349,0
QQQ.US,5,20260107,172500,625.71,625.74,625.1441,625.54,374492,0
QQQ.US,5,20260107,173000,625.5399,625.88,625.41,625.71,404847,0
QQQ.US,5,20260107,173500,625.73,625.88,625.585,625.8,271204,0
QQQ.US,5,20260107,174000,625.8,626.72,625.78,626.665,486042,0
QQQ.US,5,20260107,174500,626.67,627.16,626.59,626.86,700342,0
QQQ.US,5,20260107,175000,626.86,626.97,626.73,626.94,327453,0
QQQ.US,5,20260107,175500,626.95,627.34,626.94,627.28,472177,0
QQQ.US,5,20260107,180000,627.3,627.43,627.185,627.38,421020,0
QQQ.US,5,20260107,180500,627.38,627.75,627.37,627.645,341921,0
QQQ.US,5,20260107,181000,627.645,627.69,627.34,627.458,258093,0
QQQ.US,5,20260107,181500,627.45,627.59,627.32,627.58,230340,0
QQQ.US,5,20260107,182000,627.59,627.78,627.54,627.7,254276,0
QQQ.US,5,20260107,182500,627.7072,627.8,627.49,627.655,259369,0
QQQ.US,5,20260107,183000,627.66,627.69,627.47,627.5899,279972,0
QQQ.US,5,20260107,183500,627.59,627.6399,627.43,627.59,269135,0
QQQ.US,5,20260107,184000,627.6,627.94,627.53,627.89,238867,0
QQQ.US,5,20260107,184500,627.89,627.94,627.58,627.63,189274,0
QQQ.US,5,20260107,185000,627.62,627.635,627.11,627.32,526360,0
QQQ.US,5,20260107,185500,627.3321,627.55,627.17,627.35,338395,0
QQQ.US,5,20260107,190000,627.33,627.375,627.06,627.13,211682,0
QQQ.US,5,20260107,190500,627.12,627.24,627.02,627.13,237692,0
QQQ.US,5,20260107,191000,627.13,627.15,626.8,627.12,279149,0
QQQ.US,5,20260107,191500,627.13,627.13,626.58,626.7699,343299,0
QQQ.US,5,20260107,192000,626.76,626.77,626.46,626.594,291737,0
QQQ.US,5,20260107,192500,626.61,626.72,626.28,626.36,355537,0
QQQ.US,5,20260107,193000,626.38,626.91,626.37,626.9,447248,0
QQQ.US,5,20260107,193500,626.9,626.94,626.6701,626.92,250911,0
QQQ.US,5,20260107,194000,626.92,627.38,626.92,627.33,344775,0
QQQ.US,5,20260107,194500,627.3342,627.43,627.14,627.43,237605,0
QQQ.US,5,20260107,195000,627.43,627.54,627.36,627.39,215693,0
QQQ.US,5,20260107,195500,627.38,627.435,626.87,626.99,396700,0
QQQ.US,5,20260107,200000,626.99,627.005,626.69,626.95,209453,0
QQQ.US,5,20260107,200500,626.95,626.95,626.34,626.48,312638,0
QQQ.US,5,20260107,201000,626.47,626.5,625.68,626.11,573655,0
QQQ.US,5,20260107,201500,626.12,626.17,625.44,626.03,446149,0
QQQ.US,5,20260107,202000,626.01,626.03,625.62,625.685,348239,0
QQQ.US,5,20260107,202500,625.69,625.745,625.44,625.645,296839,0
QQQ.US,5,20260107,203000,625.65,626.068,625.47,626.01,455830,0
QQQ.US,5,20260107,203500,626.005,626.1699,625.81,626.09,322588,0
QQQ.US,5,20260107,204000,626.08,626.08,625.7793,626.02,221863,0
QQQ.US,5,20260107,204500,626.02,626.08,625.85,625.9956,201632,0
QQQ.US,5,20260107,205000,625.9988,626.08,625.82,626.04,221840,0
QQQ.US,5,20260107,205500,626.04,626.0827,625.69,625.715,235672,0
QQQ.US,5,20260107,210000,625.715,625.89,625.6247,625.85,238526,0
QQQ.US,5,20260107,210500,625.86,625.99,625.64,625.7,289302,0
QQQ.US,5,20260107,211000,625.69,625.72,624.8,624.94,613112,0
QQQ.US,5,20260107,211500,624.94,625.35,624.64,625.31,521061,0
QQQ.US,5,20260107,212000,625.3,625.35,624.79,624.82,380422,0
QQQ.US,5,20260107,212500,624.82,624.93,624.51,624.7,555506,0
QQQ.US,5,20260107,213000,624.71,624.75,624.16,624.185,829928,0
QQQ.US,5,20260107,213500,624.17,624.17,623.67,623.79,609777,0
QQQ.US,5,20260107,214000,623.78,624.23,623.62,624.04,485000,0
QQQ.US,5,20260107,214500,624.05,624.26,623.91,624.12,675454,0
QQQ.US,5,20260107,215000,624.12,624.38,623.97,624.235,830744,0
QQQ.US,5,20260107,215500,624.25,624.25,623.7,624.185,2418703,0
QQQ.US,5,20260108,153000,623.03,623.42,620.77,621.1,1656452,0
QQQ.US,5,20260108,153500,621.09,621.65,620.38,620.43,1370668,0
QQQ.US,5,20260108,154000,620.43,620.94,618.855,619.04,1891728,0
QQQ.US,5,20260108,154500,619.03,620.36,618.468,619.74,1394249,0
QQQ.US,5,20260108,155000,619.68,620.22,618.9803,619.78,893303,0
QQQ.US,5,20260108,155500,619.73,619.94,618.54,618.59,904129,0
QQQ.US,5,20260108,160000,618.56,618.88,617.8,618.7858,1400281,0
QQQ.US,5,20260108,160500,618.76,620.49,618.571,620.4,909392,0
QQQ.US,5,20260108,161000,620.43,620.5,619.82,620.4,631663,0
QQQ.US,5,20260108,161500,620.4,620.92,620.16,620.6101,715661,0
QQQ.US,5,20260108,162000,620.61,621.05,620.29,620.77,453682,0
QQQ.US,5,20260108,162500,620.75,621.25,620.48,620.87,472851,0
QQQ.US,5,20260108,163000,620.86,621.07,620.09,620.15,613898,0
QQQ.US,5,20260108,163500,620.11,620.19,619.12,620.03,770159,0
QQQ.US,5,20260108,164000,620.04,620.9,619.78,620.53,618105,0
QQQ.US,5,20260108,164500,620.54,620.73,619.66,619.83,634616,0
QQQ.US,5,20260108,165000,619.84,620.01,618.84,618.91,721609,0
QQQ.US,5,20260108,165500,618.9,620.58,618.798,620.54,853713,0
QQQ.US,5,20260108,170000,620.55,620.59,620.05,620.34,438138,0
QQQ.US,5,20260108,170500,620.33,620.38,619.34,619.5,440087,0
QQQ.US,5,20260108,171000,619.505,620.06,619.19,619.38,329438,0
QQQ.US,5,20260108,171500,619.37,619.68,618.86,619.54,542322,0
QQQ.US,5,20260108,172000,619.54,620.19,619.28,619.41,473640,0
QQQ.US,5,20260108,172500,619.41,619.79,619.0351,619.1,417114,0
QQQ.US,5,20260108,173000,619.08,619.35,618.74,618.89,386429,0
QQQ.US,5,20260108,173500,618.87,619.34,618.12,619.1,636602,0
QQQ.US,5,20260108,174000,619.09,619.77,619.015,619.67,359258,0
QQQ.US,5,20260108,174500,619.6699,620.385,619.66,620.13,487039,0
QQQ.US,5,20260108,175000,620.13,620.2,619.27,619.54,375932,0
QQQ.US,5,20260108,175500,619.53,620.27,619.35,620.19,303656,0
QQQ.US,5,20260108,180000,620.19,620.28,619.52,619.69,455783,0
QQQ.US,5,20260108,180500,619.69,619.8593,619.39,619.61,232318,0
QQQ.US,5,20260108,181000,619.58,619.79,619.33,619.71,358484,0
QQQ.US,5,20260108,181500,619.71,620.275,619.53,620.27,228423,0
QQQ.US,5,20260108,182000,620.27,620.42,619.8,619.8,300745,0
QQQ.US,5,20260108,182500,619.7981,619.7981,619.13,619.37,355935,0
QQQ.US,5,20260108,183000,619.36,620.13,619.3299,619.99,227797,0
QQQ.US,5,20260108,183500,619.98,620.13,619.87,620.05,294751,0
QQQ.US,5,20260108,184000,620.04,620.44,619.9599,620.27,405770,0
QQQ.US,5,20260108,184500,620.27,620.63,620.26,620.55,196257,0
QQQ.US,5,20260108,185000,620.56,620.99,620.56,620.83,421752,0
QQQ.US,5,20260108,185500,620.84,620.9,620.41,620.45,232616,0
QQQ.US,5,20260108,190000,620.31,620.515,619.96,620.17,407665,0
QQQ.US,5,20260108,190500,620.14,620.14,619.58,619.75,399808,0
QQQ.US,5,20260108,191000,619.76,619.82,618.99,619.13,525537,0
QQQ.US,5,20260108,191500,619.1399,620,618.96,619.995,431439,0
QQQ.US,5,20260108,192000,620.03,620.15,619.46,619.63,304721,0
QQQ.US,5,20260108,192500,619.63,620.03,619.47,619.9,226601,0
QQQ.US,5,20260108,193000,619.9,619.99,619.65,619.68,208846,0
QQQ.US,5,20260108,193500,619.68,620.0899,619.66,619.8532,192348,0
QQQ.US,5,20260108,194000,619.85,620.05,619.76,619.93,177984,0
QQQ.US,5,20260108,194500,619.93,620.32,619.73,620.11,237183,0
QQQ.US,5,20260108,195000,620.11,620.18,619.34,619.34,308160,0
QQQ.US,5,20260108,195500,619.33,619.48,619.08,619.24,403218,0
QQQ.US,5,20260108,200000,619.2345,619.86,619.1113,619.61,442280,0
QQQ.US,5,20260108,200500,619.61,619.84,619.43,619.44,258294,0
QQQ.US,5,20260108,201000,619.42,619.46,618.8199,618.83,344877,0
QQQ.US,5,20260108,201500,618.81,619.26,618.4,619.24,452736,0
QQQ.US,5,20260108,202000,619.24,619.64,618.97,619.12,335785,0
QQQ.US,5,20260108,202500,619.12,619.17,618.96,619.14,205540,0
QQQ.US,5,20260108,203000,619.13,619.57,619.1,619.32,283628,0
QQQ.US,5,20260108,203500,619.33,619.37,618.95,618.99,206618,0
QQQ.US,5,20260108,204000,618.99,619.18,618.79,618.96,224568,0
QQQ.US,5,20260108,204500,618.97,619.17,618.88,619.17,221476,0
QQQ.US,5,20260108,205000,619.17,619.58,619.09,619.31,289750,0
QQQ.US,5,20260108,205500,619.3,619.3,618.88,619.29,242327,0
QQQ.US,5,20260108,210000,619.27,619.5483,619.1208,619.41,204241,0
QQQ.US,5,20260108,210500,619.41,619.45,619.085,619.41,191006,0
QQQ.US,5,20260108,211000,619.41,619.8235,619.4,619.7855,289929,0
QQQ.US,5,20260108,211500,619.79,619.88,619.44,619.52,283988,0
QQQ.US,5,20260108,212000,619.54,619.87,619.4,619.75,234782,0
QQQ.US,5,20260108,212500,619.76,620.46,619.76,620.27,550587,0
QQQ.US,5,20260108,213000,620.29,620.685,620.24,620.67,357780,0
QQQ.US,5,20260108,213500,620.68,620.84,620.4,620.43,453692,0
QQQ.US,5,20260108,214000,620.43,620.56,620.06,620.3699,409798,0
QQQ.US,5,20260108,214500,620.36,620.66,620.27,620.55,390054,0
QQQ.US,5,20260108,215000,620.56,620.8,620.1599,620.6444,712002,0
QQQ.US,5,20260108,215500,620.64,620.85,620.37,620.47,1669353,0
QQQ.US,5,20260109,153000,621.41,621.41,619.84,620.59,1860057,0
QQQ.US,5,20260109,153500,620.58,623.26,620.42,622.44,1581980,0
QQQ.US,5,20260109,154000,622.43,622.935,621.88,622.345,782326,0
QQQ.US,5,20260109,154500,622.32,622.75,620.46,621.21,905726,0
QQQ.US,5,20260109,155000,621.23,622.46,620.72,621.97,541749,0
QQQ.US,5,20260109,155500,621.99,622.13,620.87,621.88,505032,0
QQQ.US,5,20260109,160000,621.9215,622.52,621.14,621.34,909764,0
QQQ.US,5,20260109,160500,621.38,621.53,619.06,619.72,1094407,0
QQQ.US,5,20260109,161000,619.7069,622.32,619.62,622.23,1022188,0
QQQ.US,5,20260109,161500,622.23,622.72,621.86,622.72,746229,0
QQQ.US,5,20260109,162000,622.725,623.81,622.33,623.47,696712,0
QQQ.US,5,20260109,162500,623.47,624.895,623.42,624.7,991204,0
QQQ.US,5,20260109,163000,624.73,625.34,624.19,624.97,836370,0
QQQ.US,5,20260109,163500,625,625.13,624.44,624.47,509609,0
QQQ.US,5,20260109,164000,624.46,624.59,622.985,623.01,629424,0
QQQ.US,5,20260109,164500,623.01,623.45,622.52,622.84,833970,0
QQQ.US,5,20260109,165000,622.835,623.67,622.74,622.91,574428,0
QQQ.US,5,20260109,165500,622.88,623.83,622.61,623.76,500236,0
QQQ.US,5,20260109,170000,623.8,624.77,623.77,624.44,540656,0
QQQ.US,5,20260109,170500,624.44,625.57,624.35,625.5,433941,0
QQQ.US,5,20260109,171000,625.5,625.88,624.95,625.63,582953,0
QQQ.US,5,20260109,171500,625.63,625.72,625.26,625.52,331061,0
QQQ.US,5,20260109,172000,625.54,625.63,625.18,625.41,342820,0
QQQ.US,5,20260109,172500,625.382,625.384,624.86,624.9707,386830,0
QQQ.US,5,20260109,173000,624.97,625.28,624.66,624.8,291721,0
QQQ.US,5,20260109,173500,624.8,625.04,624.53,625.015,251842,0
QQQ.US,5,20260109,174000,625.03,625.27,624.71,625.1,255682,0
QQQ.US,5,20260109,174500,625.08,625.83,625.06,625.75,335063,0
QQQ.US,5,20260109,175000,625.76,626.26,625.75,626.2,633762,0
QQQ.US,5,20260109,175500,626.2,626.33,626.05,626.09,396668,0
QQQ.US,5,20260109,180000,626.09,626.46,625.82,626.39,453446,0
QQQ.US,5,20260109,180500,626.41,626.45,626.1999,626.3199,263436,0
QQQ.US,5,20260109,181000,626.32,626.35,625.92,626.17,280851,0
QQQ.US,5,20260109,181500,626.16,626.17,625.505,625.52,273491,0
QQQ.US,5,20260109,182000,625.52,626.22,625.52,626.15,309921,0
QQQ.US,5,20260109,182500,626.16,626.38,626.07,626.155,243816,0
QQQ.US,5,20260109,183000,626.16,626.46,625.98,626.39,232497,0
QQQ.US,5,20260109,183500,626.4,626.42,626.1299,626.2201,231958,0
QQQ.US,5,20260109,184000,626.21,626.22,625.94,626.09,182182,0
QQQ.US,5,20260109,184500,626.09,626.52,625.985,626.339,381244,0
QQQ.US,5,20260109,185000,626.33,626.63,626.29,626.37,382468,0
QQQ.US,5,20260109,185500,626.36,626.69,626.26,626.4,296967,0
QQQ.US,5,20260109,190000,626.4,626.4,625.98,626.04,406097,0
QQQ.US,5,20260109,190500,626.05,626.325,625.6,625.63,410949,0
QQQ.US,5,20260109,191000,625.64,625.83,625.535,625.66,262005,0
QQQ.US,5,20260109,191500,625.66,625.81,625.54,625.68,190186,0
QQQ.US,5,20260109,192000,625.67,625.79,625.57,625.64,123999,0
QQQ.US,5,20260109,192500,625.65,626.08,625.44,626.06,192487,0
QQQ.US,5,20260109,193000,626.05,626.54,626.04,626.47,291668,0
QQQ.US,5,20260109,193500,626.47,627.1,626.45,627.065,447078,0
QQQ.US,5,20260109,194000,627.07,627.28,626.765,626.7901,363439,0
QQQ.US,5,20260109,194500,626.8,627.11,626.74,627.05,260567,0
QQQ.US,5,20260109,195000,627.06,627.1901,626.92,627.155,298169,0
QQQ.US,5,20260109,195500,627.16,627.46,627.09,627.31,359197,0
QQQ.US,5,20260109,200000,627.31,627.34,627.08,627.21,215756,0
QQQ.US,5,20260109,200500,627.2,627.24,627.005,627.176,190420,0
QQQ.US,5,20260109,201000,627.18,627.3,627.06,627.15,185308,0
QQQ.US,5,20260109,201500,627.14,627.435,627.14,627.36,183759,0
QQQ.US,5,20260109,202000,627.37,627.395,627.24,627.345,136058,0
QQQ.US,5,20260109,202500,627.3401,627.3701,627.21,627.25,156993,0
QQQ.US,5,20260109,203000,627.26,627.305,627.1,627.13,212775,0
QQQ.US,5,20260109,203500,627.13,627.33,627.1,627.27,125611,0
QQQ.US,5,20260109,204000,627.27,627.38,627.19,627.33,172018,0
QQQ.US,5,20260109,204500,627.33,627.53,627.24,627.3999,302602,0
QQQ.US,5,20260109,205000,627.3932,627.58,627.38,627.39,354775,0
QQQ.US,5,20260109,205500,627.4,627.4,627.12,627.14,225766,0
QQQ.US,5,20260109,210000,627.14,627.53,627.03,627.375,307129,0
QQQ.US,5,20260109,210500,627.38,627.62,627.3,627.53,259855,0
QQQ.US,5,20260109,211000,627.53,627.56,627.38,627.43,329791,0
QQQ.US,5,20260109,211500,627.43,627.63,627.38,627.565,300627,0
QQQ.US,5,20260109,212000,627.57,627.86,627.52,627.78,412058,0
QQQ.US,5,20260109,212500,627.78,627.89,627.45,627.465,404752,0
QQQ.US,5,20260109,213000,627.46,627.59,627.38,627.54,337809,0
QQQ.US,5,20260109,213500,627.53,627.535,627.34,627.39,304348,0
QQQ.US,5,20260109,214000,627.39,627.4,627.17,627.33,776630,0
QQQ.US,5,20260109,214500,627.33,627.42,627.22,627.36,750483,0
QQQ.US,5,20260109,215000,627.35,627.36,626.89,627.14,1126136,0
QQQ.US,5,20260109,215500,627.13,627.17,626.62,626.695,2309911,0
QQQ.US,5,20260112,153000,622.31,625.04,622.26,624.9488,1674965,0
QQQ.US,5,20260112,153500,624.93,625.72,624.715,625.56,1288525,0
QQQ.US,5,20260112,154000,625.57,625.8,624.76,624.895,1096864,0
QQQ.US,5,20260112,154500,624.85,625.35,624.4,625.27,891848,0
QQQ.US,5,20260112,155000,625.285,626.54,625.19,625.85,890922,0
QQQ.US,5,20260112,155500,625.84,626.41,625.745,625.97,524834,0
QQQ.US,5,20260112,160000,625.99,626.14,625.32,625.41,687542,0
QQQ.US,5,20260112,160500,625.41,625.75,625.18,625.56,495602,0
QQQ.US,5,20260112,161000,625.53,626.13,625.28,626.09,694143,0
QQQ.US,5,20260112,161500,626.09,626.22,625.6,626.06,648025,0
QQQ.US,5,20260112,162000,626.06,626.73,625.93,626.41,743169,0
QQQ.US,5,20260112,162500,626.41,626.76,626.23,626.48,548500,0
QQQ.US,5,20260112,163000,626.48,626.51,625.41,625.74,683457,0
QQQ.US,5,20260112,163500,625.74,626.15,625.47,625.98,436852,0
QQQ.US,5,20260112,164000,625.98,626.02,625.34,625.64,454144,0
QQQ.US,5,20260112,164500,625.64,625.91,625.09,625.83,412355,0
QQQ.US,5,20260112,165000,625.83,626.23,625.53,626.1499,344356,0
QQQ.US,5,20260112,165500,626.15,626.43,625.99,626.325,350818,0
QQQ.US,5,20260112,170000,626.32,626.515,625.99,626.31,313538,0
QQQ.US,5,20260112,170500,626.3,626.61,626.27,626.56,304571,0
QQQ.US,5,20260112,171000,626.565,627.08,626.565,627.07,532667,0
QQQ.US,5,20260112,171500,627.07,627.39,626.98,627.14,395886,0
QQQ.US,5,20260112,172000,627.13,627.32,626.76,627,301499,0
QQQ.US,5,20260112,172500,627.0199,627.03,626.65,626.93,251466,0
QQQ.US,5,20260112,173000,626.935,627.09,626.75,627.02,143242,0
QQQ.US,5,20260112,173500,627.0099,627.17,626.9129,626.995,185407,0
QQQ.US,5,20260112,174000,627,627.215,626.72,626.735,151315,0
QQQ.US,5,20260112,174500,626.735,627.03,626.48,626.94,324662,0
QQQ.US,5,20260112,175000,626.96,627.46,626.9355,627.4201,308330,0
QQQ.US,5,20260112,175500,627.42,627.61,627.37,627.4,279209,0
QQQ.US,5,20260112,180000,627.4,627.67,627.185,627.5001,209843,0
QQQ.US,5,20260112,180500,627.52,627.575,627.21,627.25,133841,0
QQQ.US,5,20260112,181000,627.25,627.71,627.24,627.61,244491,0
QQQ.US,5,20260112,181500,627.59,627.63,627.225,627.3,213342,0
QQQ.US,5,20260112,182000,627.305,627.65,627.29,627.29,221829,0
QQQ.US,5,20260112,182500,627.27,627.45,627.13,627.4496,153277,0
QQQ.US,5,20260112,183000,627.44,627.445,627.12,627.205,131029,0
QQQ.US,5,20260112,183500,627.19,627.26,626.9,626.9399,195683,0
QQQ.US,5,20260112,184000,626.94,627.42,626.87,627.35,182465,0
QQQ.US,5,20260112,184500,627.36,627.67,627.31,627.61,232561,0
QQQ.US,5,20260112,185000,627.6,627.6551,627.37,627.625,157161,0
QQQ.US,5,20260112,185500,627.625,627.68,627.52,627.585,148043,0
QQQ.US,5,20260112,190000,627.59,627.835,627.51,627.825,222637,0
QQQ.US,5,20260112,190500,627.83,628.15,627.815,628.015,372839,0
QQQ.US,5,20260112,191000,628.02,628.07,627.9,627.99,155945,0
QQQ.US,5,20260112,191500,627.99,627.99,627.75,627.9499,191821,0
QQQ.US,5,20260112,192000,627.945,628.275,627.93,628.195,159161,0
QQQ.US,5,20260112,192500,628.19,628.205,628.02,628.13,123779,0
QQQ.US,5,20260112,193000,628.13,628.18,627.91,627.95,172797,0
QQQ.US,5,20260112,193500,627.96,628.03,627.85,627.97,117482,0
QQQ.US,5,20260112,194000,627.965,628.01,627.84,627.915,159208,0
QQQ.US,5,20260112,194500,627.92,628.12,627.855,628.04,110655,0
QQQ.US,5,20260112,195000,628.04,628.1665,627.765,627.77,148066,0
QQQ.US,5,20260112,195500,627.775,627.86,627.72,627.825,96204,0
QQQ.US,5,20260112,200000,627.82,627.82,627.5099,627.55,209592,0
QQQ.US,5,20260112,200500,627.54,627.8498,627.44,627.84,219218,0
QQQ.US,5,20260112,201000,627.83,627.95,627.78,627.89,175748,0
QQQ.US,5,20260112,201500,627.8941,628.135,627.81,628.13,182772,0
QQQ.US,5,20260112,202000,628.135,628.2354,628.035,628.23,228474,0
QQQ.US,5,20260112,202500,628.24,628.42,628.155,628.26,231811,0
QQQ.US,5,20260112,203000,628.27,628.68,628.25,628.6099,356836,0
QQQ.US,5,20260112,203500,628.61,628.73,628.51,628.56,244410,0
QQQ.US,5,20260112,204000,628.56,628.5931,628.44,628.51,210410,0
QQQ.US,5,20260112,204500,628.51,628.64,628.4889,628.57,161237,0
QQQ.US,5,20260112,205000,628.565,628.625,628.4599,628.5101,154379,0
QQQ.US,5,20260112,205500,628.5,628.74,628.47,628.7,240716,0
QQQ.US,5,20260112,210000,628.7001,628.845,628.45,628.49,261247,0
QQQ.US,5,20260112,210500,628.49,628.59,628.42,628.425,193761,0
QQQ.US,5,20260112,211000,628.4211,628.5499,628.29,628.41,233003,0
QQQ.US,5,20260112,211500,628.41,628.41,628.18,628.2113,237339,0
QQQ.US,5,20260112,212000,628.21,628.29,628.02,628.1,281497,0
QQQ.US,5,20260112,212500,628.09,628.22,628.04,628.15,255720,0
QQQ.US,5,20260112,213000,628.14,628.26,627.95,628.1,302530,0
QQQ.US,5,20260112,213500,628.09,628.11,627.92,627.93,209864,0
QQQ.US,5,20260112,214000,627.92,627.9803,627.735,627.88,311970,0
QQQ.US,5,20260112,214500,627.87,628.13,627.75,627.99,395212,0
QQQ.US,5,20260112,215000,627.96,627.98,627.35,627.74,930503,0
QQQ.US,5,20260112,215500,627.73,627.73,627.17,627.17,1905034,0
QQQ.US,5,20260113,153000,627.26,628.14,626.79,628.07,1348446,0
QQQ.US,5,20260113,153500,628.07,628.72,627.67,628.68,1018698,0
QQQ.US,5,20260113,154000,628.7,629.47,627.53,628.24,1248806,0
QQQ.US,5,20260113,154500,628.2375,628.51,627.44,627.87,868079,0
QQQ.US,5,20260113,155000,627.8508,628.32,627.04,627.41,755420,0
QQQ.US,5,20260113,155500,627.4,627.96,627.18,627.2,385498,0
QQQ.US,5,20260113,160000,627.18,627.7,625.87,626.75,861882,0
QQQ.US,5,20260113,160500,626.77,627.43,626.25,626.35,615663,0
QQQ.US,5,20260113,161000,626.37,626.6,625.95,626.38,451571,0
QQQ.US,5,20260113,161500,626.39,626.39,625.16,625.63,575389,0
QQQ.US,5,20260113,162000,625.63,625.66,624.32,624.55,669626,0
QQQ.US,5,20260113,162500,624.55,624.82,623.94,624.66,648429,0
QQQ.US,5,20260113,163000,624.62,625.14,624.31,624.72,583170,0
QQQ.US,5,20260113,163500,624.71,625.62,624.39,624.57,559870,0
QQQ.US,5,20260113,164000,624.56,624.764,624.13,624.459,386277,0
QQQ.US,5,20260113,164500,624.44,624.87,623.88,623.98,380382,0
QQQ.US,5,20260113,165000,623.96,625.78,623.92,625.75,438509,0
QQQ.US,5,20260113,165500,625.73,626.15,625.495,625.95,463907,0
QQQ.US,5,20260113,170000,625.92,626.17,625.7,625.77,360048,0
QQQ.US,5,20260113,170500,625.78,626.22,625.63,626.09,199080,0
QQQ.US,5,20260113,171000,626.08,626.3403,625.9,626.14,242523,0
QQQ.US,5,20260113,171500,626.135,626.65,626.13,626.42,324786,0
QQQ.US,5,20260113,172000,626.41,626.55,626.12,626.2901,255664,0
QQQ.US,5,20260113,172500,626.29,626.3199,624.8,626.1882,496730,0
QQQ.US,5,20260113,173000,626.13,627.18,625.91,627.16,389784,0
QQQ.US,5,20260113,173500,627.15,627.35,627.07,627.33,318145,0
QQQ.US,5,20260113,174000,627.35,628,627.15,627.81,460291,0
QQQ.US,5,20260113,174500,627.8,628.355,627.74,628.32,613461,0
QQQ.US,5,20260113,175000,628.33,628.81,628.32,628.81,555799,0
QQQ.US,5,20260113,175500,628.81,629.04,628.61,628.625,461903,0
QQQ.US,5,20260113,180000,628.62,628.83,628.45,628.78,343290,0
QQQ.US,5,20260113,180500,628.78,628.84,628.49,628.51,205791,0
QQQ.US,5,20260113,181000,628.5,628.574,628.235,628.26,243690,0
QQQ.US,5,20260113,181500,628.26,628.31,627.09,627.45,621450,0
QQQ.US,5,20260113,182000,627.44,628.07,627.286,627.99,420109,0
QQQ.US,5,20260113,182500,627.98,628,627.34,627.6299,239673,0
QQQ.US,5,20260113,183000,627.63,627.91,626.4,627.698,562097,0
QQQ.US,5,20260113,183500,627.7,627.82,627.195,627.23,224246,0
QQQ.US,5,20260113,184000,627.24,627.33,626.58,626.68,226117,0
QQQ.US,5,20260113,184500,626.66,627.13,626.51,627.09,255223,0
QQQ.US,5,20260113,185000,627.1,627.15,625.81,626.06,541670,0
QQQ.US,5,20260113,185500,626.04,626.06,625.01,625.46,511628,0
QQQ.US,5,20260113,190000,625.44,625.6,624.86,625.16,580966,0
QQQ.US,5,20260113,190500,625.18,625.845,625.07,625.42,332620,0
QQQ.US,5,20260113,191000,625.415,626.12,625.19,626.12,284819,0
QQQ.US,5,20260113,191500,626.125,626.29,625.88,625.9422,221350,0
QQQ.US,5,20260113,192000,625.95,625.99,625.26,625.4,236504,0
QQQ.US,5,20260113,192500,625.4,625.79,625.2,625.42,199269,0
QQQ.US,5,20260113,193000,625.41,625.87,625.26,625.7,206135,0
QQQ.US,5,20260113,193500,625.69,626.12,625.68,625.95,224278,0
QQQ.US,5,20260113,194000,625.95,625.97,625.15,625.2272,290084,0
QQQ.US,5,20260113,194500,625.1991,625.56,625.0302,625.158,291020,0
QQQ.US,5,20260113,195000,625.15,625.15,624.52,624.88,380870,0
QQQ.US,5,20260113,195500,624.89,625,624.43,624.5981,422588,0
QQQ.US,5,20260113,200000,624.61,624.89,624.29,624.395,260721,0
QQQ.US,5,20260113,200500,624.42,624.65,624.19,624.26,219734,0
QQQ.US,5,20260113,201000,624.24,624.61,624.14,624.33,220725,0
QQQ.US,5,20260113,201500,624.34,625.19,624.3,624.89,448154,0
QQQ.US,5,20260113,202000,624.8817,625.32,624.72,624.89,350969,0
QQQ.US,5,20260113,202500,624.91,625.3,624.6,625.24,246573,0
QQQ.US,5,20260113,203000,625.22,625.32,624.89,624.92,239507,0
QQQ.US,5,20260113,203500,624.92,625.2,624.82,625.06,185069,0
QQQ.US,5,20260113,204000,625.09,625.38,624.98,625,245451,0
QQQ.US,5,20260113,204500,625,625.08,624.7,624.92,234619,0
QQQ.US,5,20260113,205000,624.92,625.46,624.88,625.39,122316,0
QQQ.US,5,20260113,205500,625.3999,625.69,625.0899,625.24,222128,0
QQQ.US,5,20260113,210000,625.23,625.25,624.68,624.87,422906,0
QQQ.US,5,20260113,210500,624.8672,625.18,624.84,625.02,283273,0
QQQ.US,5,20260113,211000,625.025,625.025,624.55,624.61,271050,0
QQQ.US,5,20260113,211500,624.62,624.86,624.58,624.83,242508,0
QQQ.US,5,20260113,212000,624.81,624.82,624.46,624.69,238532,0
QQQ.US,5,20260113,212500,624.68,624.7,624.23,624.285,243921,0
QQQ.US,5,20260113,213000,624.28,624.355,623.695,623.95,388293,0
QQQ.US,5,20260113,213500,623.96,624.45,623.785,624.45,394157,0
QQQ.US,5,20260113,214000,624.45,624.74,624.39,624.69,368043,0
QQQ.US,5,20260113,214500,624.7,625.03,624.49,624.88,408136,0
QQQ.US,5,20260113,215000,624.89,625.77,624.7,625.75,837981,0
QQQ.US,5,20260113,215500,625.76,626.28,625.58,626.24,1600791,0
QQQ.US,5,20260114,153000,622.24,623.42,620.53,623.22,2369819,0
QQQ.US,5,20260114,153500,623.21,623.45,621.025,621.2,1499430,0
QQQ.US,5,20260114,154000,621.21,621.59,619.4399,619.65,1523090,0
QQQ.US,5,20260114,154500,619.63,620.5,619.23,620.5,846286,0
QQQ.US,5,20260114,155000,620.48,620.54,619.135,619.79,1498272,0
QQQ.US,5,20260114,155500,619.12,619.61,618.44,618.49,1116247,0
QQQ.US,5,20260114,160000,618.5,618.55,617.25,617.86,2007290,0
QQQ.US,5,20260114,160500,617.84,618.69,617.63,618.6,1060932,0
QQQ.US,5,20260114,161000,618.59,620.69,617.97,620.68,1613909,0
QQQ.US,5,20260114,161500,620.69,621.08,620.19,620.425,1111263,0
QQQ.US,5,20260114,162000,620.41,620.98,619.85,620.33,785844,0
QQQ.US,5,20260114,162500,620.35,620.52,619.06,619.17,574297,0
QQQ.US,5,20260114,163000,619.15,619.2,618.21,618.69,810649,0
QQQ.US,5,20260114,163500,618.71,619.35,618.42,619.31,692862,0
QQQ.US,5,20260114,164000,619.29,619.66,617.64,617.88,738344,0
QQQ.US,5,20260114,164500,617.855,618.15,615.99,616.06,1499367,0
QQQ.US,5,20260114,165000,616.07,616.44,615.75,616.35,1052791,0
QQQ.US,5,20260114,165500,616.36,616.8,616.06,616.26,1708677,0
QQQ.US,5,20260114,170000,616.26,617.18,616.15,617.18,984221,0
QQQ.US,5,20260114,170500,617.19,617.31,616.27,616.53,804505,0
QQQ.US,5,20260114,171000,616.53,616.77,616.24,616.42,636952,0
QQQ.US,5,20260114,171500,616.4198,616.8,616.21,616.72,587426,0
QQQ.US,5,20260114,172000,616.72,618.07,616.7,617.985,808346,0
QQQ.US,5,20260114,172500,617.98,618.575,617.59,618.31,752378,0
QQQ.US,5,20260114,173000,618.31,618.63,617.7,617.9399,630705,0
QQQ.US,5,20260114,173500,617.93,617.93,616.93,617.53,608573,0
QQQ.US,5,20260114,174000,617.53,617.55,616.69,616.77,478433,0
QQQ.US,5,20260114,174500,616.78,616.78,615.82,615.9,971017,0
QQQ.US,5,20260114,175000,615.89,615.9,615.05,615.28,965214,0
QQQ.US,5,20260114,175500,615.28,615.57,615.03,615.51,643870,0
QQQ.US,5,20260114,180000,615.51,616.1,615.1,615.44,592408,0
QQQ.US,5,20260114,180500,615.44,616.54,615.33,616.4743,365761,0
QQQ.US,5,20260114,181000,616.47,616.59,616.09,616.34,371892,0
QQQ.US,5,20260114,181500,616.34,616.35,615.11,615.35,453340,0
QQQ.US,5,20260114,182000,615.37,615.89,615.08,615.855,513269,0
QQQ.US,5,20260114,182500,615.85,616.46,615.71,616.28,382339,0
QQQ.US,5,20260114,183000,616.28,616.29,615.16,615.28,432509,0
QQQ.US,5,20260114,183500,615.29,615.7893,615.27,615.57,372322,0
QQQ.US,5,20260114,184000,615.58,615.97,615.46,615.93,357092,0
QQQ.US,5,20260114,184500,615.92,616.6599,615.89,616.21,439613,0
QQQ.US,5,20260114,185000,616.21,616.21,614.92,615.13,616942,0
QQQ.US,5,20260114,185500,615.13,615.42,614.86,615.25,456758,0
QQQ.US,5,20260114,190000,615.24,616.04,615.13,615.94,405386,0
QQQ.US,5,20260114,190500,615.92,616.12,615.58,615.99,387498,0
QQQ.US,5,20260114,191000,615.98,616.29,615.71,616.15,372781,0
QQQ.US,5,20260114,191500,616.14,616.3,615.65,615.86,358780,0
QQQ.US,5,20260114,192000,615.86,616.24,615.79,615.92,241588,0
QQQ.US,5,20260114,192500,615.925,616.43,615.6,616.375,309010,0
QQQ.US,5,20260114,193000,616.37,616.61,614.98,615.17,593833,0
QQQ.US,5,20260114,193500,615.175,615.36,614.56,614.88,501036,0
QQQ.US,5,20260114,194000,614.86,615.5899,614.8256,615.58,392989,0
QQQ.US,5,20260114,194500,615.58,616.005,615.33,615.68,505083,0
QQQ.US,5,20260114,195000,615.695,616.76,615.66,616.39,723741,0
QQQ.US,5,20260114,195500,616.4,617.05,616.17,616.8,476359,0
QQQ.US,5,20260114,200000,616.8,616.84,616.34,616.52,592793,0
QQQ.US,5,20260114,200500,616.52,616.6,616.11,616.4,452560,0
QQQ.US,5,20260114,201000,616.4,616.64,616.11,616.45,398231,0
QQQ.US,5,20260114,201500,616.46,616.82,616.25,616.7701,314942,0
QQQ.US,5,20260114,202000,616.77,617.02,616.54,616.81,345481,0
QQQ.US,5,20260114,202500,616.81,616.91,616.56,616.76,336495,0
QQQ.US,5,20260114,203000,616.76,617.19,616.59,616.67,317194,0
QQQ.US,5,20260114,203500,616.68,616.94,616.4901,616.885,306976,0
QQQ.US,5,20260114,204000,616.89,617.15,616.6142,616.74,298349,0
QQQ.US,5,20260114,204500,616.735,616.96,616.58,616.84,288043,0
QQQ.US,5,20260114,205000,616.84,617.24,616.6699,616.72,358150,0
QQQ.US,5,20260114,205500,616.735,616.81,616.25,616.45,449793,0
QQQ.US,5,20260114,210000,616.43,617.39,615.52,616.98,1045794,0
QQQ.US,5,20260114,210500,616.98,618.68,616.87,618.09,1002862,0
QQQ.US,5,20260114,211000,618.09,618.46,617.63,617.7,509750,0
QQQ.US,5,20260114,211500,617.7,617.85,616.88,617.37,414127,0
QQQ.US,5,20260114,212000,617.4,617.84,617.08,617.69,374301,0
QQQ.US,5,20260114,212500,617.7,618.015,617.44,617.93,324794,0
QQQ.US,5,20260114,213000,617.94,619.22,617.92,618.9801,698154,0
QQQ.US,5,20260114,213500,618.98,619.5,618.96,619.45,674741,0
QQQ.US,5,20260114,214000,619.445,619.64,618.385,618.43,659508,0
QQQ.US,5,20260114,214500,618.45,618.62,618.04,618.07,679074,0
QQQ.US,5,20260114,215000,618.09,618.88,617.92,618.77,1038788,0
QQQ.US,5,20260114,215500,618.79,619.8,618.78,619.55,2158307,0
QQQ.US,5,20260115,153000,626.6,627.13,625.59,625.76,2071162,0
QQQ.US,5,20260115,153500,625.765,625.91,624.9,625.67,1345956,0
QQQ.US,5,20260115,154000,625.69,626.96,625.09,626.65,1163351,0
QQQ.US,5,20260115,154500,626.66,627.27,625.78,626.08,1029574,0
QQQ.US,5,20260115,155000,626.09,626.19,624.66,626.18,1250391,0
QQQ.US,5,20260115,155500,626.18,626.45,625.17,625.17,819396,0
QQQ.US,5,20260115,160000,625.16,625.72,624.96,625.3306,578400,0
QQQ.US,5,20260115,160500,625.34,625.51,624.61,625.48,642089,0
QQQ.US,5,20260115,161000,625.48,625.85,624.9,625.55,564252,0
QQQ.US,5,20260115,161500,625.55,625.91,625.03,625.48,435737,0
QQQ.US,5,20260115,162000,625.49,626.4,625.16,625.97,522464,0
QQQ.US,5,20260115,162500,625.965,626.02,624.69,625.14,575879,0
QQQ.US,5,20260115,163000,625.16,626.21,625.01,626.19,539831,0
QQQ.US,5,20260115,163500,626.16,626.65,625.84,626.17,571156,0
QQQ.US,5,20260115,164000,626.18,626.3288,624.855,624.91,613517,0
QQQ.US,5,20260115,164500,624.9,625.07,624.06,624.23,1023445,0
QQQ.US,5,20260115,165000,624.23,624.68,623.76,624.39,651249,0
QQQ.US,5,20260115,165500,624.38,630,623.8,625.7,982196,0
QQQ.US,5,20260115,170000,625.69,626.39,625.55,626.37,654399,0
QQQ.US,5,20260115,170500,626.39,626.43,625.95,626.14,404777,0
QQQ.US,5,20260115,171000,626.1496,626.2,625.66,625.9174,302537,0
QQQ.US,5,20260115,171500,625.93,626.45,625.75,626.39,262656,0
QQQ.US,5,20260115,172000,626.4,626.77,626.08,626.57,344751,0
QQQ.US,5,20260115,172500,626.575,626.575,625.88,626.19,312812,0
QQQ.US,5,20260115,173000,626.17,626.46,625.86,625.91,273516,0
QQQ.US,5,20260115,173500,625.87,626.41,625.61,626.34735,247167,0
QQQ.US,5,20260115,174000,626.35,626.49,626.08,626.42,223678,0
QQQ.US,5,20260115,174500,626.42,626.7,626.12,626.6258,212369,0
QQQ.US,5,20260115,175000,626.6,626.98,626.239,626.45,466914,0
QQQ.US,5,20260115,175500,626.42,626.74,626.17,626.64,252911,0
QQQ.US,5,20260115,180000,626.64,626.88,626.37,626.81,297859,0
QQQ.US,5,20260115,180500,626.8,626.96,626.62,626.93,226311,0
QQQ.US,5,20260115,181000,626.91,626.9199,626.195,626.26,221143,0
QQQ.US,5,20260115,181500,626.26,626.32,625.82,626.23,316192,0
QQQ.US,5,20260115,182000,626.21,626.25,625.96,626.1,187416,0
QQQ.US,5,20260115,182500,626.11,626.17,625.51,625.6,385834,0
QQQ.US,5,20260115,183000,625.6033,625.79,625.21,625.3499,431870,0
QQQ.US,5,20260115,183500,625.3521,625.54,625.1,625.41,398365,0
QQQ.US,5,20260115,184000,625.42,625.65,625.29,625.63,175671,0
QQQ.US,5,20260115,184500,625.62,625.94,625.3101,625.39,251181,0
QQQ.US,5,20260115,185000,625.3898,625.62,625.25,625.345,224705,0
QQQ.US,5,20260115,185500,625.35,625.49,624.86,624.96,265775,0
QQQ.US,5,20260115,190000,624.96,625.5551,624.85,625.5101,269829,0
QQQ.US,5,20260115,190500,625.54,625.95,625.32,625.9,271219,0
QQQ.US,5,20260115,191000,625.9,626.01,625.335,625.71,216034,0
QQQ.US,5,20260115,191500,625.7,625.71,625.4,625.64,198803,0
QQQ.US,5,20260115,192000,625.66,626.01,625.65,625.88,172888,0
QQQ.US,5,20260115,192500,625.9,626.03,625.72,626.0001,177209,0
QQQ.US,5,20260115,193000,625.99,626.27,625.91,626.21,237223,0
QQQ.US,5,20260115,193500,626.22,626.32,625.78,625.93,237776,0
QQQ.US,5,20260115,194000,625.92,626.06,625.81,625.97,140383,0
QQQ.US,5,20260115,194500,625.98,626.07,625.8,625.825,121176,0
QQQ.US,5,20260115,195000,625.83,625.93,625.57,625.8501,185069,0
QQQ.US,5,20260115,195500,625.83,625.93,625.73,625.7371,214030,0
QQQ.US,5,20260115,200000,625.71,625.72,624.49,624.7,471956,0
QQQ.US,5,20260115,200500,624.71,624.93,624.2099,624.92,377427,0
QQQ.US,5,20260115,201000,624.93,625.1199,624.46,624.62,334896,0
QQQ.US,5,20260115,201500,624.62,624.8151,624.32,624.57,276462,0
QQQ.US,5,20260115,202000,624.58,624.67,624.11,624.28,242561,0
QQQ.US,5,20260115,202500,624.27,624.3,623.47,623.66,588425,0
QQQ.US,5,20260115,203000,623.65,623.68,622.55,623.0201,756559,0
QQQ.US,5,20260115,203500,623.03,623.49,622.74,623.43,553991,0
QQQ.US,5,20260115,204000,623.42,623.78,623.2,623.37,920247,0
QQQ.US,5,20260115,204500,623.37,623.45,623.07,623.31,591900,0
QQQ.US,5,20260115,205000,623.32,623.61,622.9433,623.03,500418,0
QQQ.US,5,20260115,205500,623,623.02,622.36,622.63,450074,0
QQQ.US,5,20260115,210000,622.62,622.95,622.01,622.77,563863,0
QQQ.US,5,20260115,210500,622.78,622.96,622.57,622.7,274398,0
QQQ.US,5,20260115,211000,622.68,622.92,622.33,622.475,376479,0
QQQ.US,5,20260115,211500,622.47,622.48,621.46,621.47,810065,0
QQQ.US,5,20260115,212000,621.4775,621.91,621.03,621.46,805071,0
QQQ.US,5,20260115,212500,621.45,621.82,621.07,621.71,659086,0
QQQ.US,5,20260115,213000,621.72,621.76,621.125,621.45,481417,0
QQQ.US,5,20260115,213500,621.4499,621.89,620.95,621.415,577137,0
QQQ.US,5,20260115,214000,621.425,621.8,621.39,621.52,505904,0
QQQ.US,5,20260115,214500,621.53,621.818,621.025,621.135,644419,0
QQQ.US,5,20260115,215000,621.14,621.59,620.75,621.58,1037145,0
QQQ.US,5,20260115,215500,621.58,621.78,621,621.78,1841498,0
QQQ.US,5,20260116,153000,625.5,626.08,624.73,625.45,1984574,0
QQQ.US,5,20260116,153500,625.45,625.83,625.04,625.3199,1110122,0
QQQ.US,5,20260116,154000,625.33,625.47,624.3748,624.3797,939967,0
QQQ.US,5,20260116,154500,624.39,624.95,624.07,624.4,786550,0
QQQ.US,5,20260116,155000,624.41,624.62,623.33,623.55,975208,0
QQQ.US,5,20260116,155500,623.55,623.59,622.14,622.18,1271657,0
QQQ.US,5,20260116,160000,622.19,622.71,621.77,622.24,1514263,0
QQQ.US,5,20260116,160500,622.23,623.06,622.23,622.86,725564,0
QQQ.US,5,20260116,161000,622.82,622.88,621.72,621.985,850747,0
QQQ.US,5,20260116,161500,621.99,622.18,620.71,620.885,1037728,0
QQQ.US,5,20260116,162000,620.89,622.19,620.87,622.14,940281,0
QQQ.US,5,20260116,162500,622.14,622.14,620.66,620.75,901330,0
QQQ.US,5,20260116,163000,620.74,620.86,620.2,620.4901,1252710,0
QQQ.US,5,20260116,163500,620.48,620.48,619.71,619.89,1106286,0
QQQ.US,5,20260116,164000,619.89,619.91,618.88,619.63,1319772,0
QQQ.US,5,20260116,164500,619.63,619.87,619.1099,619.818,937695,0
QQQ.US,5,20260116,165000,619.82,620.45,619.33,620.42,847202,0
QQQ.US,5,20260116,165500,620.42,621.06,620.1505,621.0275,679766,0
QQQ.US,5,20260116,170000,621.02,621.3,620.562,620.68,846980,0
QQQ.US,5,20260116,170500,620.69,621.34,620.54,621.31,580647,0
QQQ.US,5,20260116,171000,621.31,621.595,620.9,621.22,539693,0
QQQ.US,5,20260116,171500,621.23,621.47,620.99,621.43,408639,0
QQQ.US,5,20260116,172000,621.42,621.91,621.41,621.51,557794,0
QQQ.US,5,20260116,172500,621.51,621.915,621.27,621.8499,383656,0
QQQ.US,5,20260116,173000,621.86,622.365,621.79,621.79,513196,0
QQQ.US,5,20260116,173500,621.8,622.2601,621.79,622.09,294149,0
QQQ.US,5,20260116,174000,622.09,622.475,622.06,622.35,389856,0
QQQ.US,5,20260116,174500,622.35,622.7,622.19,622.32,520045,0
QQQ.US,5,20260116,175000,622.305,622.66,622.01,622.04,530582,0
QQQ.US,5,20260116,175500,622.03,622.04,621.125,621.84,563948,0
QQQ.US,5,20260116,180000,621.82,621.86,621.5,621.65,396877,0
QQQ.US,5,20260116,180500,621.65,621.94,621.4599,621.6,276869,0
QQQ.US,5,20260116,181000,621.59,621.88,621.52,621.66,230869,0
QQQ.US,5,20260116,181500,621.65,621.73,621.43,621.49,345390,0
QQQ.US,5,20260116,182000,621.46,621.84,621.42,621.52,303254,0
QQQ.US,5,20260116,182500,621.51,621.735,621.3299,621.44,275859,0
QQQ.US,5,20260116,183000,621.44,621.56,620.9,621.52,464301,0
QQQ.US,5,20260116,183500,621.52676,621.76,621.255,621.345,290043,0
QQQ.US,5,20260116,184000,621.33,621.52,621.18,621.4536,194225,0
QQQ.US,5,20260116,184500,621.44,621.44,620.8,620.99,364846,0
QQQ.US,5,20260116,185000,620.98,621.06,620.7184,620.895,292154,0
QQQ.US,5,20260116,185500,620.91,621.148,620.41,620.4602,304692,0
QQQ.US,5,20260116,190000,620.455,621.02,620.31,620.89,411011,0
QQQ.US,5,20260116,190500,620.89,621.47,620.82,621.46,356803,0
QQQ.US,5,20260116,191000,621.45,621.48,621.14,621.27,248264,0
QQQ.US,5,20260116,191500,621.26,621.82,621.25,621.81,371631,0
QQQ.US,5,20260116,192000,621.81,622.04,621.66,622.02,338275,0
QQQ.US,5,20260116,192500,622.02,622.13,621.77,621.88,340494,0
QQQ.US,5,20260116,193000,621.88,622.1801,621.8,622.11,313755,0
QQQ.US,5,20260116,193500,622.09,622.09,621.72,621.7898,283956,0
QQQ.US,5,20260116,194000,621.78,621.9,621.66,621.875,249490,0
QQQ.US,5,20260116,194500,621.88,622.04,621.73,621.805,197741,0
QQQ.US,5,20260116,195000,621.81,621.94,621.66,621.93,216275,0
QQQ.US,5,20260116,195500,621.92,621.98,621.72,621.8,168178,0
QQQ.US,5,20260116,200000,621.795,622.38,621.73,622.35,390516,0
QQQ.US,5,20260116,200500,622.36,622.56,622.2876,622.38,450293,0
QQQ.US,5,20260116,201000,622.39,622.39,621.22,621.3,406229,0
QQQ.US,5,20260116,201500,621.29,621.44,620.76,620.97,595394,0
QQQ.US,5,20260116,202000,620.97,621.35,620.9,621.14,336402,0
QQQ.US,5,20260116,202500,621.01,621.11,620.85,620.985,261420,0
QQQ.US,5,20260116,203000,620.98,621.51,620.92,621.31,360098,0
QQQ.US,5,20260116,203500,621.31,621.78,621.11,621.57,296890,0
QQQ.US,5,20260116,204000,621.57,621.95,621.51,621.62,349403,0
QQQ.US,5,20260116,204500,621.6299,621.895,621.59,621.74,217319,0
QQQ.US,5,20260116,205000,621.76,622.09,621.71,622.065,345743,0
QQQ.US,5,20260116,205500,622.06,622.095,621.6666,621.7963,543533,0
QQQ.US,5,20260116,210000,621.8,622.0099,621.67,621.765,419741,0
QQQ.US,5,20260116,210500,621.77,621.855,621.51,621.825,252117,0
QQQ.US,5,20260116,211000,621.83,622.06,621.76,621.95,281193,0
QQQ.US,5,20260116,211500,621.95,622.02,621.67,621.925,232451,0
QQQ.US,5,20260116,212000,621.92,622.12,621.85,621.975,246685,0
QQQ.US,5,20260116,212500,621.9754,622.07,621.69,621.69,259368,0
QQQ.US,5,20260116,213000,621.68,621.735,621.32,621.53,464546,0
QQQ.US,5,20260116,213500,621.51,621.9599,621.4,621.85,479589,0
QQQ.US,5,20260116,214000,621.85,621.87,621.52,621.63,307129,0
QQQ.US,5,20260116,214500,621.63,621.63,621.14,621.41,613523,0
QQQ.US,5,20260116,215000,621.42,621.87,620.97,621.69,1185246,0
QQQ.US,5,20260116,215500,621.69,621.72,620.97,621.055,2767870,0
QQQ.US,5,20260120,153000,610.53,613.05,610.32,613.04,2502092,0
QQQ.US,5,20260120,153500,613.02,613.3,611.35,611.95,2121700,0
QQQ.US,5,20260120,154000,611.98,612.89,610.6,612.74,1580555,0
QQQ.US,5,20260120,154500,612.77,612.79,611.18,611.905,1545696,0
QQQ.US,5,20260120,155000,611.88,613.595,611.66,612.65,1315211,0
QQQ.US,5,20260120,155500,612.64,613.51,611.89,612.62,1250634,0
QQQ.US,5,20260120,160000,612.62,612.74,611.41,611.98,1113980,0
QQQ.US,5,20260120,160500,611.98,612.54,611.02,611.3399,1330945,0
QQQ.US,5,20260120,161000,611.31,611.96,611.17,611.6,1023922,0
QQQ.US,5,20260120,161500,611.6,612.02,610.92,610.98,1126458,0
QQQ.US,5,20260120,162000,610.97,613.17,610.88,612.54,1499433,0
QQQ.US,5,20260120,162500,612.52,613.48,612.48,613.44,1224636,0
QQQ.US,5,20260120,163000,613.436,614.18,613.12,614,1060800,0
QQQ.US,5,20260120,163500,614.01,614.2,613.38,613.8487,936062,0
QQQ.US,5,20260120,164000,613.85,614.78,613.72,614.12,802533,0
QQQ.US,5,20260120,164500,614.11,614.2,613.08,613.2,916685,0
QQQ.US,5,20260120,165000,613.19,613.21,612.44,612.8,1035527,0
QQQ.US,5,20260120,165500,612.79,613.57,612.31,613.48,846528,0
QQQ.US,5,20260120,170000,613.48,614.52,613.37,613.82,836415,0
QQQ.US,5,20260120,170500,613.82,614.27,613.45,614.18,655473,0
QQQ.US,5,20260120,171000,614.18,615.04,614.16,614.35,707830,0
QQQ.US,5,20260120,171500,614.34,614.37,613.82,614.17,602368,0
QQQ.US,5,20260120,172000,614.17,614.42,613.275,613.3,507655,0
QQQ.US,5,20260120,172500,613.29,614.53,612.77,614.45,771837,0
QQQ.US,5,20260120,173000,614.45,614.5,613.68,614.36,470925,0
QQQ.US,5,20260120,173500,614.37,614.98,614.33,614.9501,465339,0
QQQ.US,5,20260120,174000,614.94,615.055,613.19,613.28,688043,0
QQQ.US,5,20260120,174500,613.26,613.63,613,613.62,668645,0
QQQ.US,5,20260120,175000,613.62,614.29,612.84,613.055,914428,0
QQQ.US,5,20260120,175500,613.04,614.67,612.85,614.32,875152,0
QQQ.US,5,20260120,180000,614.31,614.5,613.9101,614.04,710248,0
QQQ.US,5,20260120,180500,614.05,614.41,613.39,613.42,625003,0
QQQ.US,5,20260120,181000,613.43,613.82,613.02,613.42,523922,0
QQQ.US,5,20260120,181500,613.41,613.65,612.97,613.09,441578,0
QQQ.US,5,20260120,182000,613.098,613.25,612.73,612.79,471707,0
QQQ.US,5,20260120,182500,612.77,613.13,612.59,612.88,474450,0
QQQ.US,5,20260120,183000,612.8807,612.8807,612.02,612.125,625213,0
QQQ.US,5,20260120,183500,612.12,612.57,611.82,612.22,642795,0
QQQ.US,5,20260120,184000,612.22,612.81,611.73,611.75,630129,0
QQQ.US,5,20260120,184500,611.745,611.76,611.103,611.188,751742,0
QQQ.US,5,20260120,185000,611.18,611.75,610.9,611.57,714308,0
QQQ.US,5,20260120,185500,611.54,611.99,611.36,611.77,395168,0
QQQ.US,5,20260120,190000,611.77,612.21,611.6,611.65,462249,0
QQQ.US,5,20260120,190500,611.66,611.87,611.36,611.395,326156,0
QQQ.US,5,20260120,191000,611.4001,611.93,611.32,611.57,291305,0
QQQ.US,5,20260120,191500,611.57,611.63,611.15,611.38,236309,0
QQQ.US,5,20260120,192000,611.375,611.38,610.765,610.87,379616,0
QQQ.US,5,20260120,192500,610.87,611.01,610.61,610.69,366641,0
QQQ.US,5,20260120,193000,610.68,610.87,609.98,610.18,870043,0
QQQ.US,5,20260120,193500,610.17,610.43,609.77,609.81,644322,0
QQQ.US,5,20260120,194000,609.82,610.16,609.57,609.76,651478,0
QQQ.US,5,20260120,194500,609.77,610.02,609.595,609.64,475303,0
QQQ.US,5,20260120,195000,609.63,609.63,608.8205,608.97,859837,0
QQQ.US,5,20260120,195500,608.96,609.95,608.96,609.5255,607589,0
QQQ.US,5,20260120,200000,609.52,610.13,609.49,609.65,601236,0
QQQ.US,5,20260120,200500,609.66,609.97,609.305,609.45,511943,0
QQQ.US,5,20260120,201000,609.45,609.62,609.02,609.36,480944,0
QQQ.US,5,20260120,201500,609.3499,609.36,608.71,608.92,621342,0
QQQ.US,5,20260120,202000,608.93,609.1,608.56,608.8,563330,0
QQQ.US,5,20260120,202500,608.77,608.77,608.3,608.58,499277,0
QQQ.US,5,20260120,203000,608.57,608.6042,607.92,608,864963,0
QQQ.US,5,20260120,203500,608,608.69,607.78,608.615,612920,0
QQQ.US,5,20260120,204000,608.61,609.028,608.21,608.31,570695,0
QQQ.US,5,20260120,204500,608.31,608.62,608.12,608.5,446521,0
QQQ.US,5,20260120,205000,608.5,608.94,608.22,608.865,523685,0
QQQ.US,5,20260120,205500,608.86,608.97,608.41,608.78,377738,0
QQQ.US,5,20260120,210000,608.79,608.79,608.35,608.44,320436,0
QQQ.US,5,20260120,210500,608.44,608.66,608.07,608.115,452887,0
QQQ.US,5,20260120,211000,608.11,608.58,607.56,607.63,676339,0
QQQ.US,5,20260120,211500,607.6299,608.75,607.56,608.21,1046810,0
QQQ.US,5,20260120,212000,608.2,608.21,607.47,607.79,741313,0
QQQ.US,5,20260120,212500,607.79,608.2099,607.63,607.78,737448,0
QQQ.US,5,20260120,213000,607.8,608.13,607.58,607.84,654604,0
QQQ.US,5,20260120,213500,607.83,608.11,607.36,607.49,652237,0
QQQ.US,5,20260120,214000,607.48,607.7035,607.19,607.59,603628,0
QQQ.US,5,20260120,214500,607.59,607.94,607.46,607.66,668212,0
QQQ.US,5,20260120,215000,607.67,607.905,607.05,607.31,1397927,0
QQQ.US,5,20260120,215500,607.3,608.12,607.13,608.08,2738366,0
QQQ.US,5,20260121,153000,609.47,610.14,608.39,608.71,2817296,0
QQQ.US,5,20260121,153500,608.71,610.07,608.21,609.29,1608918,0
QQQ.US,5,20260121,154000,609.28,609.72,607.8635,609.64,1026716,0
QQQ.US,5,20260121,154500,609.64,610.65,609.53,610.48,747803,0
QQQ.US,5,20260121,155000,610.47,611.75,610.3,611.72,902028,0
QQQ.US,5,20260121,155500,611.735,612.93,611.43,612.6399,820608,0
QQQ.US,5,20260121,160000,612.6,613.02,612.36,612.42,721126,0
QQQ.US,5,20260121,160500,612.5,612.92,612.32,612.39,781901,0
QQQ.US,5,20260121,161000,612.38,612.74,611.89,612.66,770713,0
QQQ.US,5,20260121,161500,612.68,613.87,612.615,613.17,1122683,0
QQQ.US,5,20260121,162000,613.17,613.52,612.45,613.44,546997,0
QQQ.US,5,20260121,162500,613.45,614.08,613.17,613.9,596555,0
QQQ.US,5,20260121,163000,613.9045,615.02,613.87,614.68,646925,0
QQQ.US,5,20260121,163500,614.69,615.59,614.6293,615.23,869813,0
QQQ.US,5,20260121,164000,615.23,615.84,615.15,615.63,588782,0
QQQ.US,5,20260121,164500,615.66,616.25,615.66,616.08,621730,0
QQQ.US,5,20260121,165000,616.08,616.48,615.9,616.45,629327,0
QQQ.US,5,20260121,165500,616.4175,616.49,615.85,616.055,602159,0
QQQ.US,5,20260121,170000,616.05,616.24,615.84,615.89,469138,0
QQQ.US,5,20260121,170500,615.885,616.26,615.5,615.68,570799,0
QQQ.US,5,20260121,171000,615.69,616.6199,615.55,615.72,578955,0
QQQ.US,5,20260121,171500,615.71,616.16,615.58,615.69,349513,0
QQQ.US,5,20260121,172000,615.7,615.97,615.44,615.81,439914,0
QQQ.US,5,20260121,172500,615.8,616.23,615.39,615.75,375187,0
QQQ.US,5,20260121,173000,615.75,615.8,614.6,614.8,765373,0
QQQ.US,5,20260121,173500,614.8,614.85,612.8,612.815,1432304,0
QQQ.US,5,20260121,174000,612.81,613.08,611.745,611.82,1288650,0
QQQ.US,5,20260121,174500,611.83,612.23,611.23,611.92,1305270,0
QQQ.US,5,20260121,175000,611.92,612.14,610.78,611.17,876574,0
QQQ.US,5,20260121,175500,611.14,611.3,610.09,610.32,754317,0
QQQ.US,5,20260121,180000,610.302,611.09,610.14,610.175,734227,0
QQQ.US,5,20260121,180500,610.17,610.36,609.41,609.73,716915,0
QQQ.US,5,20260121,181000,609.72,610.07,608.25,608.4999,862216,0
QQQ.US,5,20260121,181500,608.5,609.92,608.22,609.46,972962,0
QQQ.US,5,20260121,182000,609.41,610.14,609.02,610.03,745155,0
QQQ.US,5,20260121,182500,610.04,610.3686,609.39,609.75,509770,0
QQQ.US,5,20260121,183000,609.75,609.78,609.02,609.38,343951,0
QQQ.US,5,20260121,183500,609.4,609.98,608.9201,609.63,480492,0
QQQ.US,5,20260121,184000,609.63,610.04,609.175,609.1851,398102,0
QQQ.US,5,20260121,184500,609.165,609.79,608.85,609.65,506640,0
QQQ.US,5,20260121,185000,609.65,610.6507,609.26,610.53,778935,0
QQQ.US,5,20260121,185500,610.54,611.0501,610.13,610.68,754825,0
QQQ.US,5,20260121,190000,610.69,610.8403,608.41,608.67,632504,0
QQQ.US,5,20260121,190500,608.65,609.4888,608.65,609.35,611254,0
QQQ.US,5,20260121,191000,609.35,610.8,609.31,610.32,604683,0
QQQ.US,5,20260121,191500,610.33,610.5199,609.8401,609.91,388512,0
QQQ.US,5,20260121,192000,609.86,610.05,609.22,609.37,465788,0
QQQ.US,5,20260121,192500,609.39,610.61,609.27,610.45,375723,0
QQQ.US,5,20260121,193000,610.46,610.89,610.2,610.72,376134,0
QQQ.US,5,20260121,193500,610.71,610.965,609.73,610.39,356181,0
QQQ.US,5,20260121,194000,610.4,610.53,609.905,610.02,224561,0
QQQ.US,5,20260121,194500,610.08,611.33,609.7,611.27,463111,0
QQQ.US,5,20260121,195000,611.27,611.86,611.21,611.65,533978,0
QQQ.US,5,20260121,195500,611.66,611.75,610.91,611.57,346234,0
QQQ.US,5,20260121,200000,611.55,611.88,610.95,611.04,277261,0
QQQ.US,5,20260121,200500,611.07,611.14,610.36,610.67,340877,0
QQQ.US,5,20260121,201000,610.69,611.23,610.46,610.6035,364068,0
QQQ.US,5,20260121,201500,610.6,611.0708,610.39,610.85,288712,0
QQQ.US,5,20260121,202000,610.85,611.44,610.48,611.34,363257,0
QQQ.US,5,20260121,202500,611.3401,615.77,610.73,615.12,1467679,0
QQQ.US,5,20260121,203000,615.13,616.41,614.84,616.02,2011451,0
QQQ.US,5,20260121,203500,616.045,617.3,615.83,616.995,1501902,0
QQQ.US,5,20260121,204000,617.02,618.51,616.58,618.15,1358775,0
QQQ.US,5,20260121,204500,618.16,619.7,618.14,619.56,2262708,0
QQQ.US,5,20260121,205000,619.485,620.3,618.42,619.3,1760090,0
QQQ.US,5,20260121,205500,619.31,620.14,619.18,620.09,976772,0
QQQ.US,5,20260121,210000,620.09,620.42,619,619.3953,1081056,0
QQQ.US,5,20260121,210500,619.4,619.56,618.51,619.1,763342,0
QQQ.US,5,20260121,211000,619.09,619.38,618.7167,618.899,545759,0
QQQ.US,5,20260121,211500,618.9,619.02,617.68,617.8342,931773,0
QQQ.US,5,20260121,212000,617.84,618.31,617.36,617.75,837739,0
QQQ.US,5,20260121,212500,617.76,617.76,616.44,616.4601,620112,0
QQQ.US,5,20260121,213000,616.46,616.94,615.52,616.78,1189924,0
QQQ.US,5,20260121,213500,616.78,617.19,616.67,616.72,609937,0
QQQ.US,5,20260121,214000,616.73,617.02,616.25,616.43,567775,0
QQQ.US,5,20260121,214500,616.43,616.64,616.1,616.43,660580,0
QQQ.US,5,20260121,215000,616.44,616.44,615.51,616.09,1207803,0
QQQ.US,5,20260121,215500,616.1,616.44,615.74,616.28,2090661,0
QQQ.US,5,20260122,153000,622.35,622.46,620.815,620.8611,1826591,0
QQQ.US,5,20260122,153500,620.8541,621.53,620.06,621.02,1256503,0
QQQ.US,5,20260122,154000,621.03,621.43,619.51,620.33,1364567,0
QQQ.US,5,20260122,154500,620.36,620.61,618.2,618.65,1172000,0
QQQ.US,5,20260122,155000,618.644,619.9299,618.15,619.79,838113,0
QQQ.US,5,20260122,155500,619.82,619.97,618.3,618.79,610914,0
QQQ.US,5,20260122,160000,618.81,618.94,617.83,618.3,677491,0
QQQ.US,5,20260122,160500,618.32,618.53,617.78,618.035,520988,0
QQQ.US,5,20260122,161000,618.07,618.79,617.97,618.16,630204,0
QQQ.US,5,20260122,161500,618.18,619.07,617.81,618.43,593896,0
QQQ.US,5,20260122,162000,618.42,619.53,618.08,618.1,680582,0
QQQ.US,5,20260122,162500,618.09,619.34,617.91,619.1,443260,0
QQQ.US,5,20260122,163000,619.13,619.86,618.63,619.86,553801,0
QQQ.US,5,20260122,163500,619.85,620.18,619.59,620.1,449290,0
QQQ.US,5,20260122,164000,620.12,620.45,619.67,620.4,362361,0
QQQ.US,5,20260122,164500,620.39,620.71,620.2348,620.2348,441174,0
QQQ.US,5,20260122,165000,620.22,620.22,619.54,619.74,514811,0
QQQ.US,5,20260122,165500,619.68,619.84,619.34,619.43,420958,0
QQQ.US,5,20260122,170000,619.44,620.06,619.38,619.92,516402,0
QQQ.US,5,20260122,170500,619.95,620.32,619.77,620.2392,398211,0
QQQ.US,5,20260122,171000,620.24,620.71,619.92,620.59,308972,0
QQQ.US,5,20260122,171500,620.585,620.835,620.24,620.55,375636,0
QQQ.US,5,20260122,172000,620.56,621.15,620.54,621.01,322472,0
QQQ.US,5,20260122,172500,621.02,621.3299,620.8325,621.02,405108,0
QQQ.US,5,20260122,173000,621.05,621.26,620.79,621.01,287432,0
QQQ.US,5,20260122,173500,620.97,621.1599,620.73,621.07,193677,0
QQQ.US,5,20260122,174000,621.05,621.43,620.96,621.22,243270,0
QQQ.US,5,20260122,174500,621.23,621.52,621.21,621.35,253470,0
QQQ.US,5,20260122,175000,621.37,621.67,621.3,621.46,291967,0
QQQ.US,5,20260122,175500,621.47,621.47,620.79,620.94,291572,0
QQQ.US,5,20260122,180000,620.92,621.23,620.55,621.1775,337088,0
QQQ.US,5,20260122,180500,621.18,621.52,620.96,621.25,317467,0
QQQ.US,5,20260122,181000,621.27,621.54,621.05,621.391,187700,0
QQQ.US,5,20260122,181500,621.41,621.49,620.78,621.08,170788,0
QQQ.US,5,20260122,182000,621.06,621.12,620.65,621.1082,294610,0
QQQ.US,5,20260122,182500,621.13,621.2,620.79,621.18,148414,0
QQQ.US,5,20260122,183000,621.2,621.88,621.2,621.7814,326647,0
QQQ.US,5,20260122,183500,621.8,621.83,621.43,621.51,218075,0
QQQ.US,5,20260122,184000,621.52,621.93,621.52,621.7,188997,0
QQQ.US,5,20260122,184500,621.71,621.95,621.6675,621.88,189390,0
QQQ.US,5,20260122,185000,621.88,622.11,621.82,621.944,225662,0
QQQ.US,5,20260122,185500,621.97,622.2,621.75,621.97,239497,0
QQQ.US,5,20260122,190000,621.97,622.24,621.47,622.0001,562798,0
QQQ.US,5,20260122,190500,622.015,622.1799,621.9042,622.021,147345,0
QQQ.US,5,20260122,191000,622.01,622.06,621.46,621.59,308152,0
QQQ.US,5,20260122,191500,621.58,621.7295,621.28,621.55,192845,0
QQQ.US,5,20260122,192000,621.56,621.8999,621.468,621.83,155330,0
QQQ.US,5,20260122,192500,621.83,621.87,621.6,621.65,179482,0
QQQ.US,5,20260122,193000,621.6545,621.8942,621.57,621.769,184998,0
QQQ.US,5,20260122,193500,621.76,621.85,621.61,621.81,192065,0
QQQ.US,5,20260122,194000,621.8122,621.88,621.45,621.504,182337,0
QQQ.US,5,20260122,194500,621.53,621.92,621.53,621.71,142982,0
QQQ.US,5,20260122,195000,621.7,621.75,621.3,621.37,213580,0
QQQ.US,5,20260122,195500,621.38,621.3827,620.9,621.05,265265,0
QQQ.US,5,20260122,200000,621.06,621.64,621,621.56,259873,0
QQQ.US,5,20260122,200500,621.57,621.7799,621.38,621.62,179437,0
QQQ.US,5,20260122,201000,621.63,621.95,621.45,621.72,255743,0
QQQ.US,5,20260122,201500,621.71,621.84,621.502,621.79,135442,0
QQQ.US,5,20260122,202000,621.8,621.9901,621.69,621.94,138086,0
QQQ.US,5,20260122,202500,621.95,622.03,621.81,621.91,168213,0
QQQ.US,5,20260122,203000,621.92,622,621.625,621.6558,199007,0
QQQ.US,5,20260122,203500,621.64,621.752,621.14,621.25,218974,0
QQQ.US,5,20260122,204000,621.24,621.45,620.99,621.09,296877,0
QQQ.US,5,20260122,204500,621.07,621.0852,620.78,620.8999,259433,0
QQQ.US,5,20260122,205000,620.88,621.23,620.78,620.82,261685,0
QQQ.US,5,20260122,205500,620.82,620.97,620.11,620.35,462627,0
QQQ.US,5,20260122,210000,620.2,620.5599,620.05,620.38,501298,0
QQQ.US,5,20260122,210500,620.37,620.54,620.09,620.17,299434,0
QQQ.US,5,20260122,211000,620.17,620.45,620.14,620.44,212639,0
QQQ.US,5,20260122,211500,620.44,620.825,620.37,620.5932,325348,0
QQQ.US,5,20260122,212000,620.59,620.75,620.26,620.28,233292,0
QQQ.US,5,20260122,212500,620.29,620.29,619.47,619.51,499167,0
QQQ.US,5,20260122,213000,619.48,619.68,619.17,619.31,711278,0
QQQ.US,5,20260122,213500,619.315,619.33,618.91,619.12,630948,0
QQQ.US,5,20260122,214000,619.12,619.79,619.04,619.63,623531,0
QQQ.US,5,20260122,214500,619.63,620.12,619.63,620.1,505583,0
QQQ.US,5,20260122,215000,620.09,620.58,620.04,620.41,754556,0
QQQ.US,5,20260122,215500,620.39,620.83,620.37,620.74,1334177,0
QQQ.US,5,20260123,153000,619.73,620.8,619.19,619.32,1601154,0
QQQ.US,5,20260123,153500,619.34,620.07,618.65,618.98,1290188,0
QQQ.US,5,20260123,154000,619,620.48,618.67,619.87,833869,0
QQQ.US,5,20260123,154500,619.91,620.4,619.04,619.37,609544,0
QQQ.US,5,20260123,155000,619.34,620.31,619.28,620.1028,491492,0
QQQ.US,5,20260123,155500,620.1,621.13,620.0195,621.13,565133,0
QQQ.US,5,20260123,160000,621.09,622.41,621.08,622.2099,805591,0
QQQ.US,5,20260123,160500,622.23,622.29,621.68,622.09,809980,0
QQQ.US,5,20260123,161000,622.08,622.22,621.39,621.695,642572,0
QQQ.US,5,20260123,161500,621.69,622.18,621.33,621.54,561447,0
QQQ.US,5,20260123,162000,621.53,623.295,621.35,623.059,895746,0
QQQ.US,5,20260123,162500,623.07,623.46,622.77,623.05,801729,0
QQQ.US,5,20260123,163000,623.07,623.725,623.0299,623.6701,484737,0
QQQ.US,5,20260123,163500,623.68,623.93,623.59,623.83,441898,0
QQQ.US,5,20260123,164000,623.835,623.975,623.54,623.88,484359,0
QQQ.US,5,20260123,164500,623.89,624.67,623.65,624.58,563155,0
QQQ.US,5,20260123,165000,624.58,624.845,624.26,624.74,543184,0
QQQ.US,5,20260123,165500,624.75,624.97,624.63,624.945,519423,0
QQQ.US,5,20260123,170000,624.95,625.3999,624.92,625.32,628420,0
QQQ.US,5,20260123,170500,625.32,625.375,624.41,624.938,534176,0
QQQ.US,5,20260123,171000,624.9128,625.075,624.68,624.87,389197,0
QQQ.US,5,20260123,171500,624.89,625.01,624.56,624.89,375013,0
QQQ.US,5,20260123,172000,624.89,624.89,624.48,624.6858,403716,0
QQQ.US,5,20260123,172500,624.68,624.75,623.8171,624.1,403578,0
QQQ.US,5,20260123,173000,624.0901,624.37,623.38,623.61,611916,0
QQQ.US,5,20260123,173500,623.61,624.83,623.38,624.695,545795,0
QQQ.US,5,20260123,174000,624.6997,624.92,624.27,624.595,452164,0
QQQ.US,5,20260123,174500,624.6,624.96,624.16,624.82,398600,0
QQQ.US,5,20260123,175000,624.8,624.905,624.21,624.46,390036,0
QQQ.US,5,20260123,175500,624.47,624.49,623.93,624.04,313956,0
QQQ.US,5,20260123,180000,624.05,624.33,623.51,624.16,421289,0
QQQ.US,5,20260123,180500,624.16,624.24,623.76,623.8718,214115,0
QQQ.US,5,20260123,181000,623.8999,624.42,623.7201,624.42,237608,0
QQQ.US,5,20260123,181500,624.42,624.49,623.91,624.12,211203,0
QQQ.US,5,20260123,182000,624.12,624.19,623.82,623.8358,143918,0
QQQ.US,5,20260123,182500,623.86,624.44,623.83,624.26,229073,0
QQQ.US,5,20260123,183000,624.27,624.31,623.68,623.76,254633,0
QQQ.US,5,20260123,183500,623.765,624.0493,623.58,623.72,259874,0
QQQ.US,5,20260123,184000,623.72,623.76,622.45,622.62,604144,0
QQQ.US,5,20260123,184500,622.64,622.93,622.1,622.64,558703,0
QQQ.US,5,20260123,185000,622.61,622.72,621.59,621.795,519787,0
QQQ.US,5,20260123,185500,621.8,622.33,621.535,621.76,479561,0
QQQ.US,5,20260123,190000,621.78,622.53,621.67,622.42,502660,0
QQQ.US,5,20260123,190500,622.425,623.12,622.015,623.05,457062,0
QQQ.US,5,20260123,191000,623.11,623.35,622.57,622.6499,314156,0
QQQ.US,5,20260123,191500,622.66,623.45,622.61,623.1499,329657,0
QQQ.US,5,20260123,192000,623.15,623.35,622.71,623.2,187851,0
QQQ.US,5,20260123,192500,623.17,623.488,623.17,623.205,254162,0
QQQ.US,5,20260123,193000,623.22,623.44,622.55,622.75,298903,0
QQQ.US,5,20260123,193500,622.75,623.36,622.67,623.28,264462,0
QQQ.US,5,20260123,194000,623.3,623.32,622.63,622.71,246646,0
QQQ.US,5,20260123,194500,622.7054,622.84,622.28,622.69,261697,0
QQQ.US,5,20260123,195000,622.67,622.9299,622.36,622.59,202418,0
QQQ.US,5,20260123,195500,622.6,622.89,622.46,622.56,149814,0
QQQ.US,5,20260123,200000,622.57,623.23,622.52,623.1,325011,0
QQQ.US,5,20260123,200500,623.12,623.58,623.0599,623.44,261063,0
QQQ.US,5,20260123,201000,623.45,623.47,622.95,623.075,264183,0
QQQ.US,5,20260123,201500,623.08,623.4,623.01,623.29,180268,0
QQQ.US,5,20260123,202000,623.285,623.74,623.23,623.62,239223,0
QQQ.US,5,20260123,202500,623.63,623.69,623.025,623.035,156975,0
QQQ.US,5,20260123,203000,623.03,623.34,622.87,623.04,187517,0
QQQ.US,5,20260123,203500,623.04,623.24,622.6,622.74,270547,0
QQQ.US,5,20260123,204000,622.73,623.13,622.41,623.05,279900,0
QQQ.US,5,20260123,204500,623.06,623.18,622.745,622.75,235347,0
QQQ.US,5,20260123,205000,622.75,623.16,622.685,622.94,162997,0
QQQ.US,5,20260123,205500,622.9599,623.25,622.89,623.11,189244,0
QQQ.US,5,20260123,210000,623.09,623.18,622.71,622.73,281708,0
QQQ.US,5,20260123,210500,622.75,622.87,622.12,622.12,348173,0
QQQ.US,5,20260123,211000,622.11,622.665,621.7399,622.54,378785,0
QQQ.US,5,20260123,211500,622.55,623.0187,622.49,622.82,300075,0
QQQ.US,5,20260123,212000,622.8,622.86,622.39,622.4,343857,0
QQQ.US,5,20260123,212500,622.4,622.5599,622.16,622.2,282418,0
QQQ.US,5,20260123,213000,622.19,622.21,621.86,622.16,426079,0
QQQ.US,5,20260123,213500,622.16,622.26,621.86,622.19,385397,0
QQQ.US,5,20260123,214000,622.18,622.74,622.17,622.7,328514,0
QQQ.US,5,20260123,214500,622.7,622.94,622.61,622.8533,455900,0
QQQ.US,5,20260123,215000,622.86,622.872,622.2,622.775,1007131,0
QQQ.US,5,20260123,215500,622.775,623.26,622.51,622.72,2256072,0
QQQ.US,5,20260126,153000,623.21,623.84,622.12,623.67,1169692,0
QQQ.US,5,20260126,153500,623.7,624.36,623.65,624.25,867788,0
QQQ.US,5,20260126,154000,624.24,625.0725,623.68,624.815,862434,0
QQQ.US,5,20260126,154500,624.83,625.2234,624.49,624.56,595836,0
QQQ.US,5,20260126,155000,624.6,625.3401,624.52,624.94,596524,0
QQQ.US,5,20260126,155500,624.96,625.69,624.93,625.2949,509145,0
QQQ.US,5,20260126,160000,625.28,625.47,625.04,625.345,420165,0
QQQ.US,5,20260126,160500,625.35,625.58,624.9,624.93,470140,0
QQQ.US,5,20260126,161000,624.94,625.42,624.455,625.32,512197,0
QQQ.US,5,20260126,161500,625.35,626.14,625.1,626.09,478113,0
QQQ.US,5,20260126,162000,626.09,626.456,626.09,626.3,506324,0
QQQ.US,5,20260126,162500,626.305,626.315,625.335,625.48,423887,0
QQQ.US,5,20260126,163000,625.48,626.06,625.32,625.84,395486,0
QQQ.US,5,20260126,163500,625.82,626.26,625.56,625.9,291489,0
QQQ.US,5,20260126,164000,625.91,625.98,625.2,625.33,316298,0
QQQ.US,5,20260126,164500,625.33,626.15,625.33,626.11,396155,0
QQQ.US,5,20260126,165000,626.11,626.67,626.0672,626.485,422410,0
QQQ.US,5,20260126,165500,626.49,626.75,626.18,626.335,350999,0
QQQ.US,5,20260126,170000,626.33,626.67,625.98,626.42,544745,0
QQQ.US,5,20260126,170500,626.42,626.59,626.15,626.5358,266864,0
QQQ.US,5,20260126,171000,626.54,626.7,626.34,626.45,242719,0
QQQ.US,5,20260126,171500,626.43,626.5,625.83,625.95,317056,0
QQQ.US,5,20260126,172000,625.94,626.64,625.62,626.59,412083,0
QQQ.US,5,20260126,172500,626.58,627,626.42,626.9,430892,0
QQQ.US,5,20260126,173000,626.92,627.44,626.84,626.84,495792,0
QQQ.US,5,20260126,173500,626.84,627.23,626.71,626.93,327323,0
QQQ.US,5,20260126,174000,626.94,627.03,626.68,626.72,187608,0
QQQ.US,5,20260126,174500,626.71,626.99,626.49,626.64,311798,0
QQQ.US,5,20260126,175000,626.635,626.955,626.56,626.81,213095,0
QQQ.US,5,20260126,175500,626.82,627.04,626.74,626.93,171577,0
QQQ.US,5,20260126,180000,626.935,627.61,626.85,627.4,389763,0
QQQ.US,5,20260126,180500,627.4,627.48,627.1202,627.14,255107,0
QQQ.US,5,20260126,181000,627.16,627.21,626.98,627.13,220046,0
QQQ.US,5,20260126,181500,627.12,627.24,626.96,627.13,175339,0
QQQ.US,5,20260126,182000,627.13,627.4301,627.09,627.32,218778,0
QQQ.US,5,20260126,182500,627.33,627.42,627.075,627.09,215356,0
QQQ.US,5,20260126,183000,627.09,627.11,626.74,626.96,262962,0
QQQ.US,5,20260126,183500,626.96,627.16,626.8601,627.06,203192,0
QQQ.US,5,20260126,184000,627.07,627.13,626.94,627.01,120867,0
QQQ.US,5,20260126,184500,627,627,626.5,626.6,252161,0
QQQ.US,5,20260126,185000,626.59,626.855,626.36,626.62,244804,0
QQQ.US,5,20260126,185500,626.63,626.77,626.43,626.5699,117925,0
QQQ.US,5,20260126,190000,626.575,626.73,626.27,626.56,192644,0
QQQ.US,5,20260126,190500,626.5611,626.579,626.17,626.3027,205264,0
QQQ.US,5,20260126,191000,626.3036,626.535,626.21,626.36,187799,0
QQQ.US,5,20260126,191500,626.355,626.86,626.22,626.7865,244838,0
QQQ.US,5,20260126,192000,626.79,627.13,626.76,627.02,237072,0
QQQ.US,5,20260126,192500,627.02,627.14,626.84,626.98,182253,0
QQQ.US,5,20260126,193000,626.98,627.55,626.945,627.36,363464,0
QQQ.US,5,20260126,193500,627.36,627.375,626.83,626.88,215505,0
QQQ.US,5,20260126,194000,626.875,626.92,626.62,626.71,220043,0
QQQ.US,5,20260126,194500,626.715,626.74,626.46,626.69,272271,0
QQQ.US,5,20260126,195000,626.7,626.92,626.615,626.855,190066,0
QQQ.US,5,20260126,195500,626.87,626.88,626.71,626.8,154818,0
QQQ.US,5,20260126,200000,626.79,627.03,626.65,626.71,163596,0
QQQ.US,5,20260126,200500,626.72,627.05,626.66,626.98,209397,0
QQQ.US,5,20260126,201000,626.99,627.13,626.97,627.01,151142,0
QQQ.US,5,20260126,201500,627.005,627.11,626.87,626.975,141073,0
QQQ.US,5,20260126,202000,626.975,626.99,626.48,626.54,222956,0
QQQ.US,5,20260126,202500,626.53,626.85,626.46,626.82,147356,0
QQQ.US,5,20260126,203000,626.83,626.91,626.6,626.71,200277,0
QQQ.US,5,20260126,203500,626.71,626.91,626.61,626.8601,185927,0
QQQ.US,5,20260126,204000,626.87,627.11,626.82,626.905,204100,0
QQQ.US,5,20260126,204500,626.91,626.98,626.52,626.62,201974,0
QQQ.US,5,20260126,205000,626.62,626.73,626.38,626.38,230821,0
QQQ.US,5,20260126,205500,626.38,626.595,626.31,626.32,218690,0
QQQ.US,5,20260126,210000,626.33,626.5,626.15,626.49,216703,0
QQQ.US,5,20260126,210500,626.49,626.59,626.4,626.51,182692,0
QQQ.US,5,20260126,211000,626.5158,626.54,626.31,626.39,154312,0
QQQ.US,5,20260126,211500,626.39,626.4,626.05,626.17,207207,0
QQQ.US,5,20260126,212000,626.1701,626.38,626.055,626.28,288712,0
QQQ.US,5,20260126,212500,626.27,626.45,626.1707,626.37,200875,0
QQQ.US,5,20260126,213000,626.38,626.58,626.32,626.465,193250,0
QQQ.US,5,20260126,213500,626.47,626.72,626.41,626.46,258134,0
QQQ.US,5,20260126,214000,626.47,626.55,626.31,626.48,339682,0
QQQ.US,5,20260126,214500,626.48,626.67,626.42,626.52,455842,0
QQQ.US,5,20260126,215000,626.52,626.53,625.66,625.865,1037964,0
QQQ.US,5,20260126,215500,625.87,625.93,625.4001,625.46,2442091,0
QQQ.US,5,20260127,153000,628.91,629.62,628.25,628.3712,1697659,0
QQQ.US,5,20260127,153500,628.43,628.64,627.34,627.61,921974,0
QQQ.US,5,20260127,154000,627.64,628.92,627.62,628.3,887131,0
QQQ.US,5,20260127,154500,628.33,628.985,628.32,628.87,624793,0
QQQ.US,5,20260127,155000,628.88,630.235,628.855,630.205,844085,0
QQQ.US,5,20260127,155500,630.21,630.69,630.18,630.55,697025,0
QQQ.US,5,20260127,160000,630.62,630.86,630.28,630.66,633453,0
QQQ.US,5,20260127,160500,630.65,630.91,629.85,630.89,761712,0
QQQ.US,5,20260127,161000,630.89,631.06,630.54,630.74,621242,0
QQQ.US,5,20260127,161500,630.75,631,630.59,630.85,423598,0
QQQ.US,5,20260127,162000,630.87,631.07,630.43,630.64,410019,0
QQQ.US,5,20260127,162500,630.64,630.68,630.21,630.32,383382,0
QQQ.US,5,20260127,163000,630.33,631.11,630.24,631.0899,441157,0
QQQ.US,5,20260127,163500,631.075,631.46,631.01,631.23,518176,0
QQQ.US,5,20260127,164000,631.2301,631.5725,631.15,631.469,491719,0
QQQ.US,5,20260127,164500,631.46,631.64,631.27,631.42,548278,0
QQQ.US,5,20260127,165000,631.41,631.42,630.82,631.015,384728,0
QQQ.US,5,20260127,165500,631.02,631.19,630.86,631.1703,288135,0
QQQ.US,5,20260127,170000,631.18,631.43,631.035,631.32,399933,0
QQQ.US,5,20260127,170500,631.33,631.62,631.28,631.44,376332,0
QQQ.US,5,20260127,171000,631.405,631.66,631.4,631.64,249882,0
QQQ.US,5,20260127,171500,631.64,631.83,631.53,631.71,284826,0
QQQ.US,5,20260127,172000,631.73,631.81,631.55,631.674,219357,0
QQQ.US,5,20260127,172500,631.67,631.71,631.38,631.435,206156,0
QQQ.US,5,20260127,173000,631.44,631.66,631.36,631.51,236317,0
QQQ.US,5,20260127,173500,631.51,631.59,631.36,631.47,180951,0
QQQ.US,5,20260127,174000,631.48,631.65,631.4301,631.4301,234204,0
QQQ.US,5,20260127,174500,631.432,631.57,631.13,631.5,273921,0
QQQ.US,5,20260127,175000,631.5,631.55,631.19,631.43,235596,0
QQQ.US,5,20260127,175500,631.42,631.54,631.18,631.19,186350,0
QQQ.US,5,20260127,180000,631.18,631.31,631.08,631.14,246053,0
QQQ.US,5,20260127,180500,631.14,631.27,630.95,631.125,302635,0
QQQ.US,5,20260127,181000,631.11,631.135,630.86,630.99,197731,0
QQQ.US,5,20260127,181500,630.98,630.99,630.51,630.76,349074,0
QQQ.US,5,20260127,182000,630.765,630.975,630.59,630.8201,255176,0
QQQ.US,5,20260127,182500,630.85,631.405,630.82,631.2997,325314,0
QQQ.US,5,20260127,183000,631.3,631.415,631.17,631.28,190213,0
QQQ.US,5,20260127,183500,631.27,631.32,630.98,631.14,263723,0
QQQ.US,5,20260127,184000,631.15,631.49,631.045,631.12,240298,0
QQQ.US,5,20260127,184500,631.12,631.15,630.985,631.06,172538,0
QQQ.US,5,20260127,185000,631.05,631.11,630.79,630.845,187805,0
QQQ.US,5,20260127,185500,630.85,630.91,630.69,630.775,175188,0
QQQ.US,5,20260127,190000,630.78,630.835,630.22,630.59,326715,0
QQQ.US,5,20260127,190500,630.56,630.75,630.37,630.69,223678,0
QQQ.US,5,20260127,191000,630.69,631.02,630.5,630.94,241639,0
QQQ.US,5,20260127,191500,630.92,631.16,630.92,631.09,183768,0
QQQ.US,5,20260127,192000,631.1,631.36,631.07,631.335,229227,0
QQQ.US,5,20260127,192500,631.35,631.36,630.985,631.145,175026,0
QQQ.US,5,20260127,193000,631.15,631.51,631.15,631.423,263940,0
QQQ.US,5,20260127,193500,631.42,631.44,631.25,631.3369,230006,0
QQQ.US,5,20260127,194000,631.33,631.375,631.18,631.26,186256,0
QQQ.US,5,20260127,194500,631.26,631.47,631.22,631.435,166800,0
QQQ.US,5,20260127,195000,631.43,631.48,631.34,631.445,169113,0
QQQ.US,5,20260127,195500,631.45,631.62,631.365,631.46,247473,0
QQQ.US,5,20260127,200000,631.46,631.46,631.1548,631.21,268614,0
QQQ.US,5,20260127,200500,631.21,631.31,631.07,631.18,186142,0
QQQ.US,5,20260127,201000,631.18,631.45,631.09,631.38,225341,0
QQQ.US,5,20260127,201500,631.38,631.5,631.3321,631.45,188433,0
QQQ.US,5,20260127,202000,631.44,631.54,631.32,631.5,207597,0
QQQ.US,5,20260127,202500,631.49,631.57,631.4,631.5208,172295,0
QQQ.US,5,20260127,203000,631.53,631.69,631.38,631.39,270028,0
QQQ.US,5,20260127,203500,631.395,631.468,631.33,631.3595,166533,0
QQQ.US,5,20260127,204000,631.3555,631.41,631.19,631.36,213975,0
QQQ.US,5,20260127,204500,631.36,631.43,631.18,631.41,224932,0
QQQ.US,5,20260127,205000,631.4,631.68,631.38,631.61,330566,0
QQQ.US,5,20260127,205500,631.605,631.635,631.4654,631.52,167759,0
QQQ.US,5,20260127,210000,631.51,631.6,631.44,631.51,207092,0
QQQ.US,5,20260127,210500,631.515,631.585,631.31,631.56,260790,0
QQQ.US,5,20260127,211000,631.56,631.9799,631.56,631.95,423460,0
QQQ.US,5,20260127,211500,631.95,632.0427,631.81,631.955,386325,0
QQQ.US,5,20260127,212000,631.96,632.03,631.75,631.75,347654,0
QQQ.US,5,20260127,212500,631.76,631.76,631.5601,631.6177,239109,0
QQQ.US,5,20260127,213000,631.605,631.62,631.33,631.59,387674,0
QQQ.US,5,20260127,213500,631.6,631.635,631.44,631.62,251614,0
QQQ.US,5,20260127,214000,631.62,631.65,631.4,631.51,298112,0
QQQ.US,5,20260127,214500,631.5,631.72,631.3,631.68,437949,0
QQQ.US,5,20260127,215000,631.67,631.68,631.05,631.145,1015108,0
QQQ.US,5,20260127,215500,631.15,631.25,630.92,631.0565,1964860,0
QQQ.US,5,20260128,153000,635.46,636.32,634.93,635.36,1662233,0
QQQ.US,5,20260128,153500,635.36,635.56,634.52,635.26,1130529,0
QQQ.US,5,20260128,154000,635.26,636.41,635.25,636.25,1058561,0
QQQ.US,5,20260128,154500,636.25,636.6,634.925,635.41,940654,0
QQQ.US,5,20260128,155000,635.4,636.3697,635.4,636.34,756876,0
QQQ.US,5,20260128,155500,636.34,636.38,635.4,635.47,785846,0
QQQ.US,5,20260128,160000,635.46,635.75,635.08,635.45,744686,0
QQQ.US,5,20260128,160500,635.47,635.7,634.94,635.2,744233,0
QQQ.US,5,20260128,161000,635.2,635.26,634.5,634.57,619297,0
QQQ.US,5,20260128,161500,634.57,635.4893,634.36,635.06,705702,0
QQQ.US,5,20260128,162000,635.07,635.385,634.83,635.08,523675,0
QQQ.US,5,20260128,162500,635.09,635.1215,634.5867,634.69,442761,0
QQQ.US,5,20260128,163000,634.68,635.06,634.08,634.08,733855,0
QQQ.US,5,20260128,163500,634.1,634.88,633.97,634.76,456663,0
QQQ.US,5,20260128,164000,634.77,634.8,633.76,633.82,478955,0
QQQ.US,5,20260128,164500,633.81,633.9663,633.38,633.91,511201,0
QQQ.US,5,20260128,165000,633.9,633.98,633.61,633.694,344639,0
QQQ.US,5,20260128,165500,633.6898,633.79,633.23,633.3,403678,0
QQQ.US,5,20260128,170000,633.29,633.83,633.29,633.745,413678,0
QQQ.US,5,20260128,170500,633.745,634.1,633.56,633.88,335236,0
QQQ.US,5,20260128,171000,633.87,634.18,633.6,633.7998,291705,0
QQQ.US,5,20260128,171500,633.81,633.9,633.5,633.51,218659,0
QQQ.US,5,20260128,172000,633.5001,633.63,632.985,633.45,376231,0
QQQ.US,5,20260128,172500,633.43,633.8263,633.26,633.79,341814,0
QQQ.US,5,20260128,173000,633.7868,633.7868,632.95,633.01,398247,0
QQQ.US,5,20260128,173500,633.02,633.19,632.81,633.0401,311262,0
QQQ.US,5,20260128,174000,633.055,633.07,632.3,632.325,429460,0
QQQ.US,5,20260128,174500,632.32,632.65,632.26,632.45,368272,0
QQQ.US,5,20260128,175000,632.45,632.53,631.81,632.02,365421,0
QQQ.US,5,20260128,175500,632.03,632.53,632.03,632.1901,324669,0
QQQ.US,5,20260128,180000,632.19,632.82,632.12,632.6,294066,0
QQQ.US,5,20260128,180500,632.61,632.78,632.21,632.57,350360,0
QQQ.US,5,20260128,181000,632.58,633.14,632.5501,633.0378,315560,0
QQQ.US,5,20260128,181500,633.04,633.28,632.82,633.27,248933,0
QQQ.US,5,20260128,182000,633.25,633.33,632.325,632.4,334686,0
QQQ.US,5,20260128,182500,632.41,632.48,632.18,632.43,242238,0
QQQ.US,5,20260128,183000,632.44,632.44,632.04,632.11,221971,0
QQQ.US,5,20260128,183500,632.12,632.45,632.12,632.39,308968,0
QQQ.US,5,20260128,184000,632.36,632.71,632.18,632.55,421751,0
QQQ.US,5,20260128,184500,632.52,632.75,632.2701,632.61,265414,0
QQQ.US,5,20260128,185000,632.595,633.35,632.59,633.3,215519,0
QQQ.US,5,20260128,185500,633.3,633.35,632.755,632.78,224252,0
QQQ.US,5,20260128,190000,632.77,633.01,632.33,632.98,376630,0
QQQ.US,5,20260128,190500,632.98,633.1545,632.925,632.98,182510,0
QQQ.US,5,20260128,191000,632.99,633.235,632.69,633.23,172970,0
QQQ.US,5,20260128,191500,633.23,633.44,633.18,633.32,170410,0
QQQ.US,5,20260128,192000,633.32,633.515,633.2523,633.32,184091,0
QQQ.US,5,20260128,192500,633.32,633.4099,633.0713,633.25,215429,0
QQQ.US,5,20260128,193000,633.27,633.4101,633.05,633.075,281197,0
QQQ.US,5,20260128,193500,633.06,633.33,632.92,632.92,235569,0
QQQ.US,5,20260128,194000,632.905,633.36,632.905,633.15,211897,0
QQQ.US,5,20260128,194500,633.15,633.27,632.97,633.15,228093,0
QQQ.US,5,20260128,195000,633.14,633.6,633.09,633.5,347526,0
QQQ.US,5,20260128,195500,633.49,633.73,633.3301,633.51,286085,0
QQQ.US,5,20260128,200000,633.46,634.09,632.18,633.05,650829,0
QQQ.US,5,20260128,200500,633.03,633.23,632.56,632.9636,249397,0
QQQ.US,5,20260128,201000,632.97,633.37,632.69,632.85,246629,0
QQQ.US,5,20260128,201500,632.85,633.06,632.5,632.94,249573,0
QQQ.US,5,20260128,202000,632.97,633.46,632.49,633.36,307114,0
QQQ.US,5,20260128,202500,633.37,633.5113,632.4,632.5,399128,0
QQQ.US,5,20260128,203000,632.5087,633.56,632.1,633.07,1578768,0
QQQ.US,5,20260128,203500,633.07,633.7,632.86,632.88,772923,0
QQQ.US,5,20260128,204000,632.91,633.35,632.41,632.94,585806,0
QQQ.US,5,20260128,204500,632.95,634.15,632.86,633.84,514701,0
QQQ.US,5,20260128,205000,633.83,634.44,633.73,634.23,382672,0
QQQ.US,5,20260128,205500,634.24,634.285,633.21,633.25,342379,0
QQQ.US,5,20260128,210000,633.252,634.06,633.09,633.79,487666,0
QQQ.US,5,20260128,210500,633.8,634.27,633.74,634.2083,279060,0
QQQ.US,5,20260128,211000,634.19,634.49,634.11,634.1301,384026,0
QQQ.US,5,20260128,211500,634.155,634.26,633.87,634.16,358034,0
QQQ.US,5,20260128,212000,634.18,634.45,633.97,634.29,256230,0
QQQ.US,5,20260128,212500,634.28,634.2937,633.54,633.59,295621,0
QQQ.US,5,20260128,213000,633.59,633.775,633.06,633.0701,481525,0
QQQ.US,5,20260128,213500,633.07,633.665,633.005,633.545,383117,0
QQQ.US,5,20260128,214000,633.56,633.6099,633.11,633.1599,364919,0
QQQ.US,5,20260128,214500,633.15,633.5199,633.0184,633.08,509136,0
QQQ.US,5,20260128,215000,633.04,633.92,632.59,633.5,1005865,0
QQQ.US,5,20260128,215500,633.52,633.765,632.64,633.18,1582462,0
QQQ.US,5,20260129,153000,632.65,633.67,631.48,631.815,1792229,0
QQQ.US,5,20260129,153500,631.82,631.85,629.55,630.16,1894919,0
QQQ.US,5,20260129,154000,630.16,630.3699,628.2102,628.275,1543513,0
QQQ.US,5,20260129,154500,628.295,629.67,627.32,629.17,1371477,0
QQQ.US,5,20260129,155000,629.15,629.18,627.17,628.08,1210276,0
QQQ.US,5,20260129,155500,628.08,628.31,626.06,626.17,933455,0
QQQ.US,5,20260129,160000,626.2,626.28,623.52,624.59,1820382,0
QQQ.US,5,20260129,160500,624.57,625.26,624.07,624.28,1177044,0
QQQ.US,5,20260129,161000,624.29,625.27,622.7,622.73,1343009,0
QQQ.US,5,20260129,161500,622.77,624.32,622.73,623.65,1179178,0
QQQ.US,5,20260129,162000,623.65,625.14,623.34,624.46,891525,0
QQQ.US,5,20260129,162500,624.46,625.17,622.88,623.12,789105,0
QQQ.US,5,20260129,163000,623.09,623.52,621.89,622.21,950468,0
QQQ.US,5,20260129,163500,622.23,622.4,621.17,621.21,934410,0
QQQ.US,5,20260129,164000,621.22,621.3,620.05,620.38,1216462,0
QQQ.US,5,20260129,164500,620.375,620.86,619.67,619.89,1125343,0
QQQ.US,5,20260129,165000,619.9,619.9,618.36,618.5,1152221,0
QQQ.US,5,20260129,165500,618.49,620.3,618.27,619.26,1245797,0
QQQ.US,5,20260129,170000,619.28,619.7588,618.74,618.85,1360782,0
QQQ.US,5,20260129,170500,618.86,619.44,618.34,619.19,981509,0
QQQ.US,5,20260129,171000,619.2,621.46,618.7,621.36,1125936,0
QQQ.US,5,20260129,171500,621.35,622.0184,621.12,621.82,945186,0
QQQ.US,5,20260129,172000,621.8264,622.59,621.29,621.86,1001233,0
QQQ.US,5,20260129,172500,621.85,622.5,621.22,621.89,757741,0
QQQ.US,5,20260129,173000,621.89,622.55,621.69,621.78,654908,0
QQQ.US,5,20260129,173500,621.77,622.55,621.47,622.21,659709,0
QQQ.US,5,20260129,174000,622.2,623.03,622.02,622.49,710545,0
QQQ.US,5,20260129,174500,622.49,623.22,622.29,622.72,793324,0
QQQ.US,5,20260129,175000,622.715,622.99,622.2,622.39,808672,0
QQQ.US,5,20260129,175500,622.39,622.7,621.89,622.53,600367,0
QQQ.US,5,20260129,180000,622.53,623.76,622.47,623.3,689162,0
QQQ.US,5,20260129,180500,623.3,623.68,623.06,623.49,459189,0
QQQ.US,5,20260129,181000,623.49,624.9,623.42,624.655,806476,0
QQQ.US,5,20260129,181500,624.67,625.04,624.47,624.905,568545,0
QQQ.US,5,20260129,182000,624.905,625.93,624.83,625.75,579613,0
QQQ.US,5,20260129,182500,625.76,625.91,625.08,625.62,488989,0
QQQ.US,5,20260129,183000,625.6,626.05,625.49,625.89,387397,0
QQQ.US,5,20260129,183500,625.88,626.57,625.82,625.98,485260,0
QQQ.US,5,20260129,184000,626,626,625.01,625.5577,687379,0
QQQ.US,5,20260129,184500,625.57,625.58,624.405,625.02,597716,0
QQQ.US,5,20260129,185000,625.04,625.09,623.53,623.65,760776,0
QQQ.US,5,20260129,185500,623.65,624.15,623.46,623.72,435217,0
QQQ.US,5,20260129,190000,623.72,625.1699,623.67,624.86,648687,0
QQQ.US,5,20260129,190500,624.87,625.8491,624.76,625.36,490315,0
QQQ.US,5,20260129,191000,625.33,626.14,625.33,625.97,446029,0
QQQ.US,5,20260129,191500,625.955,626.03,625.19,625.38,426887,0
QQQ.US,5,20260129,192000,625.38,625.64,625.02,625.58,465378,0
QQQ.US,5,20260129,192500,625.57,625.97,625.33,625.8,422306,0
QQQ.US,5,20260129,193000,625.8,625.835,625.17,625.74,560790,0
QQQ.US,5,20260129,193500,625.75,626.38,625.58,626.36,545087,0
QQQ.US,5,20260129,194000,626.35,626.84,626.09,626.31,493767,0
QQQ.US,5,20260129,194500,626.32,626.38,625.81,626.36,412471,0
QQQ.US,5,20260129,195000,626.39,626.59,626,626.09,413170,0
QQQ.US,5,20260129,195500,626.09,626.3,625.55,625.57,493985,0
QQQ.US,5,20260129,200000,625.57,625.98,625.18,625.66,510275,0
QQQ.US,5,20260129,200500,625.66,626.61,625.65,626.27,366241,0
QQQ.US,5,20260129,201000,626.26,626.68,626.14,626.5,220119,0
QQQ.US,5,20260129,201500,626.5,627.07,626.33,626.63,339262,0
QQQ.US,5,20260129,202000,626.65,626.76,626.46,626.72,148480,0
QQQ.US,5,20260129,202500,626.74,626.81,626.49,626.58,228937,0
QQQ.US,5,20260129,203000,626.57,626.77,625.75,625.78,703224,0
QQQ.US,5,20260129,203500,625.78,626.26,625.77,625.91,342597,0
QQQ.US,5,20260129,204000,625.93,626.24,625.8605,626.06,243912,0
QQQ.US,5,20260129,204500,626.055,626.25,625.49,625.63,305624,0
QQQ.US,5,20260129,205000,625.65,626.23,625.6,626.2,316456,0
QQQ.US,5,20260129,205500,626.21,626.3906,625.78,625.84,355389,0
QQQ.US,5,20260129,210000,625.84,626.25,625.67,625.95,319580,0
QQQ.US,5,20260129,210500,625.955,626.59,625.85,626.55,356294,0
QQQ.US,5,20260129,211000,626.56,626.62,626.255,626.32,289645,0
QQQ.US,5,20260129,211500,626.3,626.55,626.21,626.45,301584,0
QQQ.US,5,20260129,212000,626.46,626.53,626.21,626.435,297518,0
QQQ.US,5,20260129,212500,626.43,626.6,625.9,625.95,315002,0
QQQ.US,5,20260129,213000,625.95,626.47,625.78,626.47,423095,0
QQQ.US,5,20260129,213500,626.46,627.5899,626.36,627.33,556754,0
QQQ.US,5,20260129,214000,627.33,627.71,627.1225,627.58,553931,0
QQQ.US,5,20260129,214500,627.6,627.74,627.36,627.655,812611,0
QQQ.US,5,20260129,215000,627.66,629.22,627.65,629.13,1476343,0
QQQ.US,5,20260129,215500,629.14,629.98,628.9,629.32,2301736,0
QQQ.US,5,20260130,153000,625.71,627.69,625.2,627.09,1937572,0
QQQ.US,5,20260130,153500,627.08,627.8199,625.77,627.76,1158635,0
QQQ.US,5,20260130,154000,627.75,628.256,626.58,626.64,673214,0
QQQ.US,5,20260130,154500,626.64,627.27,625.81,627.11,979099,0
QQQ.US,5,20260130,155000,627.11,628.01,626.27,626.73,841022,0
QQQ.US,5,20260130,155500,626.76,627.4799,625.03,625.55,906603,0
QQQ.US,5,20260130,160000,625.53,626.65,625.12,625.25,913863,0
QQQ.US,5,20260130,160500,625.24,627.4,625.17,626.95,880496,0
QQQ.US,5,20260130,161000,626.98,627.9,626.26,627.18,770005,0
QQQ.US,5,20260130,161500,627.1799,627.74,626.89,627.07,570302,0
QQQ.US,5,20260130,162000,627.07,627.54,626.03,626.282,641683,0
QQQ.US,5,20260130,162500,626.315,626.37,624.65,624.7599,699430,0
QQQ.US,5,20260130,163000,624.74,625.1,624.19,625.02,863481,0
QQQ.US,5,20260130,163500,625.01,627.06,625.01,626.69,1220583,0
QQQ.US,5,20260130,164000,626.75,627.57,626.6299,627.12,724375,0
QQQ.US,5,20260130,164500,627.11,628.11,626.88,627.47,622081,0
QQQ.US,5,20260130,165000,627.47,627.59,625.89,626.375,563532,0
QQQ.US,5,20260130,165500,626.39,626.62,625.45,625.88,636748,0
QQQ.US,5,20260130,170000,625.8601,626.15,625.55,625.75,443553,0
QQQ.US,5,20260130,170500,625.77,626.53,625.4,625.51,514304,0
QQQ.US,5,20260130,171000,625.54,626.1,625.21,625.65,494419,0
QQQ.US,5,20260130,171500,625.64,625.67,624.38,624.57,546171,0
QQQ.US,5,20260130,172000,624.56,624.7,623.75,624.01,606668,0
QQQ.US,5,20260130,172500,624.02,625.35,623.76,624.84,668251,0
QQQ.US,5,20260130,173000,624.87,625.565,624.49,624.54,661162,0
QQQ.US,5,20260130,173500,624.58,625.768,624.47,625.1,498831,0
QQQ.US,5,20260130,174000,625.08,626.3,625.03,625.741,404145,0
QQQ.US,5,20260130,174500,625.74,625.79,624.68,624.83,410824,0
QQQ.US,5,20260130,175000,624.82,625.06,624.06,624.75,437040,0
QQQ.US,5,20260130,175500,624.73,624.79,623.52,623.8477,365794,0
QQQ.US,5,20260130,180000,623.83,623.95,622.79,622.86,733023,0
QQQ.US,5,20260130,180500,622.83,622.965,622.13,622.44,580498,0
QQQ.US,5,20260130,181000,622.43,623.04,622.28,622.52,468474,0
QQQ.US,5,20260130,181500,622.5499,622.86,622.2,622.71,438799,0
QQQ.US,5,20260130,182000,622.69,624.2,622.6,623.69,626752,0
QQQ.US,5,20260130,182500,623.7,624.61,623.5613,624.46,508639,0
QQQ.US,5,20260130,183000,624.45,624.76,623.25,623.41,637252,0
QQQ.US,5,20260130,183500,623.4,623.97,622.51,623.3,742834,0
QQQ.US,5,20260130,184000,623.29,623.51,622.64,623.47,356102,0
QQQ.US,5,20260130,184500,623.48,624.21,622.92,623.36,508524,0
QQQ.US,5,20260130,185000,623.37,623.69,622.62,622.7,496051,0
QQQ.US,5,20260130,185500,622.7,623.33,621.95,621.99,498116,0
QQQ.US,5,20260130,190000,621.96,622.32,621.63,622.07,536668,0
QQQ.US,5,20260130,190500,622.05,622.79,621.92,622.12,432113,0
QQQ.US,5,20260130,191000,622.11,622.19,621.525,621.79,362792,0
QQQ.US,5,20260130,191500,621.785,621.97,620.43,620.47,688614,0
QQQ.US,5,20260130,192000,620.48,620.73,619.2975,620.5,1155016,0
QQQ.US,5,20260130,192500,620.5,621.84,620.49,621.75,783626,0
QQQ.US,5,20260130,193000,621.76,622.03,620.07,620.165,653777,0
QQQ.US,5,20260130,193500,620.15,621.05,620.0599,620.53,484104,0
QQQ.US,5,20260130,194000,620.53,620.98,620.27,620.63,333177,0
QQQ.US,5,20260130,194500,620.62,621.95,620.55,621.9167,488667,0
QQQ.US,5,20260130,195000,621.93,622.9901,621.73,622.925,631303,0
QQQ.US,5,20260130,195500,622.925,624.18,622.66,623.45,580075,0
QQQ.US,5,20260130,200000,623.45,624.04,623.16,623.67,554610,0
QQQ.US,5,20260130,200500,623.68,624.3999,623.56,623.84,392879,0
QQQ.US,5,20260130,201000,623.83,623.99,623.06,623.51,418884,0
QQQ.US,5,20260130,201500,623.5,623.7,623.04,623.26,328355,0
QQQ.US,5,20260130,202000,623.22,623.91,623.22,623.52,259900,0
QQQ.US,5,20260130,202500,623.53,623.95,622.82,622.83,383524,0
QQQ.US,5,20260130,203000,622.83,623.37,621.81,623.135,622715,0
QQQ.US,5,20260130,203500,623.08,623.33,622.58,622.77,262590,0
QQQ.US,5,20260130,204000,622.75,623.02,622.26,622.27,331328,0
QQQ.US,5,20260130,204500,622.3132,622.36,621.54,621.58,305196,0
QQQ.US,5,20260130,205000,621.62,622.95,621.58,622.67,406567,0
QQQ.US,5,20260130,205500,622.67,623.02,621.281,621.41,412733,0
QQQ.US,5,20260130,210000,621.43,622.02,621.3,621.4,450251,0
QQQ.US,5,20260130,210500,621.41,621.507,620.43,620.97,631480,0
QQQ.US,5,20260130,211000,620.97,621.14,620.36,620.4582,373174,0
QQQ.US,5,20260130,211500,620.4,620.4,619.92,619.93,518669,0
QQQ.US,5,20260130,212000,619.89,620.01,619.33,619.8,680264,0
QQQ.US,5,20260130,212500,619.79,620.3,619.3203,619.9,701380,0
QQQ.US,5,20260130,213000,619.91,620.9,619.79,620.54,686290,0
QQQ.US,5,20260130,213500,620.57,621.16,619.99,620.5,641891,0
QQQ.US,5,20260130,214000,620.51,621.352,620.32,621.22,774909,0
QQQ.US,5,20260130,214500,621.22,622.83,621.165,622.7901,1066030,0
QQQ.US,5,20260130,215000,622.79,623.14,620.975,621.41,1549701,0
QQQ.US,5,20260130,215500,621.37,622.07,620.59,621.87,2474394,0
QQQ.US,5,20260202,153000,618.7,621.77,618.66,621.03,1861679,0
QQQ.US,5,20260202,153500,621.03,623.03,620.58,622.42,1396398,0
QQQ.US,5,20260202,154000,622.49,623.3,622.12,622.975,838963,0
QQQ.US,5,20260202,154500,622.985,623.75,622.49,623.59,749149,0
QQQ.US,5,20260202,155000,623.6,624.91,623.57,624.33,853583,0
QQQ.US,5,20260202,155500,624.35,624.572,623.215,623.75,761453,0
QQQ.US,5,20260202,160000,623.72,624.86,623.3501,624.815,776032,0
QQQ.US,5,20260202,160500,624.85,625.78,624.67,625.66,893304,0
QQQ.US,5,20260202,161000,625.66,626.77,625.32,626.69,807160,0
QQQ.US,5,20260202,161500,626.7,627.435,626.28,627.39,736401,0
QQQ.US,5,20260202,162000,627.39,627.6,626.98,627.1483,703899,0
QQQ.US,5,20260202,162500,627.16,627.43,626.4301,626.48,695760,0
QQQ.US,5,20260202,163000,626.51,626.985,626.15,626.72,604711,0
QQQ.US,5,20260202,163500,626.7299,627.47,626.5,627.4,386802,0
QQQ.US,5,20260202,164000,627.4,627.46,626.42,626.67,479499,0
QQQ.US,5,20260202,164500,626.67,626.7,625.96,625.99,471105,0
QQQ.US,5,20260202,165000,625.99,626.65,625.8199,626.25,503844,0
QQQ.US,5,20260202,165500,626.26,626.3,625.29,625.88,616007,0
QQQ.US,5,20260202,170000,625.87,625.96,625.24,625.41,573365,0
QQQ.US,5,20260202,170500,625.43,626.1,624.99,626.05,558811,0
QQQ.US,5,20260202,171000,626.04,626.26,625.91,626.22,493255,0
QQQ.US,5,20260202,171500,626.23,626.83,626.03,626.663,584796,0
QQQ.US,5,20260202,172000,626.67,627.27,626.6,626.8501,404623,0
QQQ.US,5,20260202,172500,626.86,627.17,626.55,627.15,421837,0
QQQ.US,5,20260202,173000,627.14,627.17,626.78,627.17,309031,0
QQQ.US,5,20260202,173500,627.17,627.305,626.84,626.88,303368,0
QQQ.US,5,20260202,174000,626.87,626.91,626.3,626.54,322792,0
QQQ.US,5,20260202,174500,626.545,626.585,625.78,626.27,467441,0
QQQ.US,5,20260202,175000,626.28,626.84,626.0999,626.765,395415,0
QQQ.US,5,20260202,175500,626.755,627.41,626.74,627.18,348004,0
QQQ.US,5,20260202,180000,627.17,627.815,627.04,627.7981,611129,0
QQQ.US,5,20260202,180500,627.78,627.805,627.405,627.7399,344710,0
QQQ.US,5,20260202,181000,627.75,627.895,627.375,627.435,359778,0
QQQ.US,5,20260202,181500,627.43,627.82,627.25,627.74,298126,0
QQQ.US,5,20260202,182000,627.75,627.78,627.28,627.6,245181,0
QQQ.US,5,20260202,182500,627.6,627.72,627.43,627.69,127983,0
QQQ.US,5,20260202,183000,627.71,627.97,627.55,627.89,233247,0
QQQ.US,5,20260202,183500,627.9,628.11,627.6159,627.785,265308,0
QQQ.US,5,20260202,184000,627.8,627.81,627.36,627.605,186242,0
QQQ.US,5,20260202,184500,627.61,627.74,627.525,627.68,132052,0
QQQ.US,5,20260202,185000,627.696,628.1,627.535,628.05,238138,0
QQQ.US,5,20260202,185500,628.04,628.31,627.85,627.89,336388,0
QQQ.US,5,20260202,190000,627.9,628.21,627.89,628.16,230509,0
QQQ.US,5,20260202,190500,628.15,628.18,627.99,628.12,162603,0
QQQ.US,5,20260202,191000,628.1301,628.2082,627.87,627.945,179410,0
QQQ.US,5,20260202,191500,627.9511,628,627.58,627.63,204767,0
QQQ.US,5,20260202,192000,627.635,627.78,627.27,627.735,323776,0
QQQ.US,5,20260202,192500,627.75,627.89,627.54,627.625,175799,0
QQQ.US,5,20260202,193000,627.61,627.7373,627.58,627.67,151956,0
QQQ.US,5,20260202,193500,627.675,627.94,627.55,627.6,196868,0
QQQ.US,5,20260202,194000,627.6,628.11,627.5,627.95,254766,0
QQQ.US,5,20260202,194500,627.95,628.21,627.925,628.09,248198,0
QQQ.US,5,20260202,195000,628.09,628.13,627.9299,628.07,217762,0
QQQ.US,5,20260202,195500,628.07,628.49,627.99,628.32,303877,0
QQQ.US,5,20260202,200000,628.32,628.405,628.06,628.34,325994,0
QQQ.US,5,20260202,200500,628.31,628.3799,628.165,628.27,135601,0
QQQ.US,5,20260202,201000,628.27,628.31,628.08,628.08,193707,0
QQQ.US,5,20260202,201500,628.08,628.22,628.005,628.14,151737,0
QQQ.US,5,20260202,202000,628.13,628.27,628.04,628.12,172108,0
QQQ.US,5,20260202,202500,628.135,628.14,627.78,627.85,232608,0
QQQ.US,5,20260202,203000,627.84,627.855,627.48,627.63,332371,0
QQQ.US,5,20260202,203500,627.62,627.63,627.3,627.33,310365,0
QQQ.US,5,20260202,204000,627.33,627.5,627.19,627.47,244326,0
QQQ.US,5,20260202,204500,627.4699,627.54,627.07,627.08,240788,0
QQQ.US,5,20260202,205000,627.08,627.1584,626.845,627.055,289725,0
QQQ.US,5,20260202,205500,627.05,627.61,626.31,626.53,561355,0
QQQ.US,5,20260202,210000,626.53,626.86,625.43,626.63,950165,0
QQQ.US,5,20260202,210500,626.61,627.24,626.58,627.1235,385243,0
QQQ.US,5,20260202,211000,627.13,627.33,626.6,626.6,424657,0
QQQ.US,5,20260202,211500,626.61,627.14,626.37,626.835,482551,0
QQQ.US,5,20260202,212000,626.84,627.29,626.8,627.105,265775,0
QQQ.US,5,20260202,212500,627.1,627.1,626.39,626.475,347708,0
QQQ.US,5,20260202,213000,626.47,626.56,626.195,626.36,410328,0
QQQ.US,5,20260202,213500,626.34,626.5,626,626.19,681179,0
QQQ.US,5,20260202,214000,626.18,626.345,625.935,626.0801,503170,0
QQQ.US,5,20260202,214500,626.07,626.46,625.975,626.06,678831,0
QQQ.US,5,20260202,215000,626.06,626.4,625.66,626.04,1013548,0
QQQ.US,5,20260202,215500,626.04,626.36,625.96,626.13,2093104,0
QQQ.US,5,20260203,153000,628.3,628.7,625.96,626.84,1936791,0
QQQ.US,5,20260203,153500,626.86,627.26,625.28,625.51,1230700,0
QQQ.US,5,20260203,154000,625.51,629.98,623.19,623.8899,1618402,0
QQQ.US,5,20260203,154500,623.87,625.3,623.61,625.0007,1138581,0
QQQ.US,5,20260203,155000,625.01,625.01,623.37,623.39,877359,0
QQQ.US,5,20260203,155500,623.3801,623.39,620.7415,620.96,1757676,0
QQQ.US,5,20260203,160000,620.98,621.3,619.35,620.48,1870298,0
QQQ.US,5,20260203,160500,620.47,621.06,618.94,620.29,1466898,0
QQQ.US,5,20260203,161000,620.29,620.45,618.51,619.08,1474235,0
QQQ.US,5,20260203,161500,619.07,620.04,618.82,619.58,1169564,0
QQQ.US,5,20260203,162000,619.57,620.32,617.24,617.28,1643211,0
QQQ.US,5,20260203,162500,617.26,619.43,617.08,618.905,1136259,0
QQQ.US,5,20260203,163000,618.92,619.31,617.77,617.81,1112081,0
QQQ.US,5,20260203,163500,617.79,618.96,617.35,618.919,867080,0
QQQ.US,5,20260203,164000,618.93,619.25,618.359,618.359,740244,0
QQQ.US,5,20260203,164500,618.36,620.05,617.74,620.03,1027105,0
QQQ.US,5,20260203,165000,619.99,620.65,618.97,619.97,1036687,0
QQQ.US,5,20260203,165500,619.9597,620.95,619.94,620.6,769007,0
QQQ.US,5,20260203,170000,620.6,620.66,619.42,619.4701,664823,0
QQQ.US,5,20260203,170500,619.51,619.88,618.98,619.08,587242,0
QQQ.US,5,20260203,171000,619.07,619.91,618.61,619.04,625346,0
QQQ.US,5,20260203,171500,619.04,619.56,618.78,618.9865,508162,0
QQQ.US,5,20260203,172000,618.97,619.1841,617.61,617.88,604828,0
QQQ.US,5,20260203,172500,617.88,618.68,617.6301,617.69,526808,0
QQQ.US,5,20260203,173000,617.68,618.21,617.25,618.13,699541,0
QQQ.US,5,20260203,173500,618.135,618.6,617.61,618.01,547351,0
QQQ.US,5,20260203,174000,618,618.41,617.74,617.89,446239,0
QQQ.US,5,20260203,174500,617.86,618.41,617.45,618.065,515822,0
QQQ.US,5,20260203,175000,618.07,618.14,617.02,617.89,667054,0
QQQ.US,5,20260203,175500,617.88,618.29,617.47,617.56,519579,0
QQQ.US,5,20260203,180000,617.57,617.7,617.25,617.53,596514,0
QQQ.US,5,20260203,180500,617.53,617.69,617.01,617.63,603131,0
QQQ.US,5,20260203,181000,617.61,617.82,615.37,615.82,1373297,0
QQQ.US,5,20260203,181500,615.82,616.68,615.64,615.92,859072,0
QQQ.US,5,20260203,182000,615.93,616.76,615.54,616.59,496046,0
QQQ.US,5,20260203,182500,616.59,616.95,615.71,615.72,468032,0
QQQ.US,5,20260203,183000,615.68,615.87,614.82,614.84,867061,0
QQQ.US,5,20260203,183500,614.84,615.13,614.445,614.73,620007,0
QQQ.US,5,20260203,184000,614.72,614.72,614.01,614.32,654830,0
QQQ.US,5,20260203,184500,614.31,615.42,614.22,615.1,649749,0
QQQ.US,5,20260203,185000,615.14,616,614.725,615.31,542124,0
QQQ.US,5,20260203,185500,615.31,615.53,614.92,615.05,426737,0
QQQ.US,5,20260203,190000,615.03,615.41,614.59,614.65,405899,0
QQQ.US,5,20260203,190500,614.65,615.91,614.51,615.29,927901,0
QQQ.US,5,20260203,191000,615.285,615.285,613.57,613.74,717511,0
QQQ.US,5,20260203,191500,613.73,614.55,613.72,614.53,515990,0
QQQ.US,5,20260203,192000,614.5,614.52,613.79,613.83,350739,0
QQQ.US,5,20260203,192500,613.83,613.87,613.26,613.64,586043,0
QQQ.US,5,20260203,193000,613.7,613.74,612.83,613.14,590441,0
QQQ.US,5,20260203,193500,613.15,613.47,612.7,613.42,486704,0
QQQ.US,5,20260203,194000,613.41,613.41,612.52,612.6968,444973,0
QQQ.US,5,20260203,194500,612.68,612.82,612.26,612.6,418232,0
QQQ.US,5,20260203,195000,612.57,612.57,612.07,612.1376,400110,0
QQQ.US,5,20260203,195500,612.14,612.6699,611.69,611.73,592921,0
QQQ.US,5,20260203,200000,611.74,611.93,611.0788,611.27,710801,0
QQQ.US,5,20260203,200500,611.24,611.63,610.96,611.23,636818,0
QQQ.US,5,20260203,201000,611.21,613.55,611.14,613.49,1163092,0
QQQ.US,5,20260203,201500,613.48,614.06,613.16,613.81,1093675,0
QQQ.US,5,20260203,202000,613.81,614.36,613.4,613.49,745597,0
QQQ.US,5,20260203,202500,613.495,613.66,612.4,612.93,857489,0
QQQ.US,5,20260203,203000,612.91,613.51,612.13,612.25,642854,0
QQQ.US,5,20260203,203500,612.21,613.04,612.13,612.58,416629,0
QQQ.US,5,20260203,204000,612.56,612.92,612.03,612.23,449087,0
QQQ.US,5,20260203,204500,612.198,612.32,611.64,611.75,389985,0
QQQ.US,5,20260203,205000,611.76,612.49,611.35,612.37,669373,0
QQQ.US,5,20260203,205500,612.41,613.65,612.31,613.35,544754,0
QQQ.US,5,20260203,210000,613.35,613.6,612.55,612.63,549433,0
QQQ.US,5,20260203,210500,612.66,613.14,612.45,612.71,424827,0
QQQ.US,5,20260203,211000,612.715,613.2,612.21,613.17,442005,0
QQQ.US,5,20260203,211500,613.15,613.83,612.55,613.36,597160,0
QQQ.US,5,20260203,212000,613.33,613.605,612.75,613.6,571279,0
QQQ.US,5,20260203,212500,613.6,613.9899,613.57,613.685,481130,0
QQQ.US,5,20260203,213000,613.69,615.33,613.66,615.26,792113,0
QQQ.US,5,20260203,213500,615.28,615.89,615.07,615.79,627361,0
QQQ.US,5,20260203,214000,615.8,615.82,614.7,615.16,599916,0
QQQ.US,5,20260203,214500,615.15,615.71,615,615.59,639903,0
QQQ.US,5,20260203,215000,615.58,616.13,615.27,615.94,1268353,0
QQQ.US,5,20260203,215500,615.94,616.77,615.76,616.43,3506733,0
QQQ.US,5,20260204,153000,615.02,615.07,611.29,612.622,1846278,0
QQQ.US,5,20260204,153500,612.62,614.99,612.07,613.97,1374268,0
QQQ.US,5,20260204,154000,613.94,615.1,612.87,613.78,860954,0
QQQ.US,5,20260204,154500,613.78,614.7,612.81,614.06,747018,0
QQQ.US,5,20260204,155000,614.08,614.35,611.5935,613.02,1087832,0
QQQ.US,5,20260204,155500,613.05,613.26,610.2101,610.42,908164,0
QQQ.US,5,20260204,160000,610.33,610.36,608.29,609.335,1827893,0
QQQ.US,5,20260204,160500,609.31,611.77,609.31,611.54,1761695,0
QQQ.US,5,20260204,161000,611.53,612,610.42,610.99,1316703,0
QQQ.US,5,20260204,161500,611.0275,611.49,610.07,610.42,907308,0
QQQ.US,5,20260204,162000,610.43,612.5,610.29,612.06,1299840,0
QQQ.US,5,20260204,162500,612.07,613.14,611.18,611.69,776810,0
QQQ.US,5,20260204,163000,611.72,611.97,609.7,609.93,945862,0
QQQ.US,5,20260204,163500,609.93,611.9,608.61,610.84,1249646,0
QQQ.US,5,20260204,164000,610.79,612.26,610.08,610.81,916027,0
QQQ.US,5,20260204,164500,610.835,611.06,609.43,609.71,557837,0
QQQ.US,5,20260204,165000,609.67,610.51,609.29,609.9401,495748,0
QQQ.US,5,20260204,165500,609.93,610.3999,608.9,609.35,567996,0
QQQ.US,5,20260204,170000,609.34,609.85,607.44,607.47,1129914,0
QQQ.US,5,20260204,170500,607.46,608.3,606.975,607.29,907813,0
QQQ.US,5,20260204,171000,607.29,609.13,606.98,608.4199,1041498,0
QQQ.US,5,20260204,171500,608.42,608.92,606.72,606.995,831481,0
QQQ.US,5,20260204,172000,606.965,608.47,606.85,608.39,727613,0
QQQ.US,5,20260204,172500,608.41,609.06,608.0601,608.86,610679,0
QQQ.US,5,20260204,173000,608.91,609.01,607.23,607.27,568064,0
QQQ.US,5,20260204,173500,607.29,607.66,606.608,606.63,576768,0
QQQ.US,5,20260204,174000,606.6,606.73,605.104,605.1945,741395,0
QQQ.US,5,20260204,174500,605.195,605.32,604.2799,604.5799,902957,0
QQQ.US,5,20260204,175000,604.57,605.27,603.97,605.25,988376,0
QQQ.US,5,20260204,175500,605.27,606.76,605.23,606.59,736156,0
QQQ.US,5,20260204,180000,606.58,607.09,606.045,606.8,753739,0
QQQ.US,5,20260204,180500,606.82,607.01,605.91,606.15,618774,0
QQQ.US,5,20260204,181000,606.15,606.67,605.31,606.44,653076,0
QQQ.US,5,20260204,181500,606.4401,606.73,605.2143,605.26,412041,0
QQQ.US,5,20260204,182000,605.24,605.74,604.8,605.09,469492,0
QQQ.US,5,20260204,182500,605.1,605.3,602.66,603,1043871,0
QQQ.US,5,20260204,183000,603,604.4,602.475,602.88,944014,0
QQQ.US,5,20260204,183500,602.87,602.87,601.24,601.25,669486,0
QQQ.US,5,20260204,184000,601.24,602.19,600.83,602.08,903410,0
QQQ.US,5,20260204,184500,602.06,602.35,600.8,601.12,597066,0
QQQ.US,5,20260204,185000,601.12,602.09,600.47,601.96,943357,0
QQQ.US,5,20260204,185500,601.95,602.89,601.93,602.68,611460,0
QQQ.US,5,20260204,190000,602.69,603.02,601.53,602.39,802390,0
QQQ.US,5,20260204,190500,602.375,603.3,601.41,601.42,805911,0
QQQ.US,5,20260204,191000,601.41,602.405,601.35,602.1,490563,0
QQQ.US,5,20260204,191500,602.07,602.51,601.51,601.64,353475,0
QQQ.US,5,20260204,192000,601.66,602.98,601.5,602.965,529097,0
QQQ.US,5,20260204,192500,602.97,604.53,602.97,604.34,753804,0
QQQ.US,5,20260204,193000,604.31,604.37,602.18,602.675,682217,0
QQQ.US,5,20260204,193500,602.67,603.43,602.48,603.16,404311,0
QQQ.US,5,20260204,194000,603.14,604.25,602.81,603.03,465590,0
QQQ.US,5,20260204,194500,603.01,603.22,602.47,602.47,408021,0
QQQ.US,5,20260204,195000,602.46,603.6,601.71,603.39,511694,0
QQQ.US,5,20260204,195500,603.41,604.72,603.38,603.87,617197,0
QQQ.US,5,20260204,200000,603.85,604.3,603.19,603.72,616884,0
QQQ.US,5,20260204,200500,603.69,603.69,602.44,603.43172,704385,0
QQQ.US,5,20260204,201000,603.46,603.88,603.22,603.43,308229,0
QQQ.US,5,20260204,201500,603.41,604.65,603.37,603.92,586318,0
QQQ.US,5,20260204,202000,603.92,604.41,603.07,604.02,617468,0
QQQ.US,5,20260204,202500,604.01,604.92,603.71,604.83,637443,0
QQQ.US,5,20260204,203000,604.82,605.8312,604.75,605.78,904956,0
QQQ.US,5,20260204,203500,605.8,606.085,605.18,605.5176,603898,0
QQQ.US,5,20260204,204000,605.52,606.81,605.435,606.35,758708,0
QQQ.US,5,20260204,204500,606.35,608.95,606.02,607.315,1303680,0
QQQ.US,5,20260204,205000,607.2966,608.4,606.98,607.62,897068,0
QQQ.US,5,20260204,205500,607.63,608.55,607.35,608.32,732813,0
QQQ.US,5,20260204,210000,608.315,608.63,607.04,607.32,1097692,0
QQQ.US,5,20260204,210500,607.31,607.835,607.19,607.77,388385,0
QQQ.US,5,20260204,211000,607.77,607.94,606.23,606.89,599714,0
QQQ.US,5,20260204,211500,606.9,607.2,606.43,606.95,367928,0
QQQ.US,5,20260204,212000,606.94,607.66,606.5088,607.48,490056,0
QQQ.US,5,20260204,212500,607.49,607.91,607.04,607.2,425230,0
QQQ.US,5,20260204,213000,607.19,607.64,606.7,607.31,478163,0
QQQ.US,5,20260204,213500,607.31,607.92,606.95,607.83,714388,0
QQQ.US,5,20260204,214000,607.83,608.13,607.27,607.34,553390,0
QQQ.US,5,20260204,214500,607.345,607.93,606.87,607.725,685011,0
QQQ.US,5,20260204,215000,607.72,608.02,605.71,605.85,1028803,0
QQQ.US,5,20260204,215500,605.84,606.0735,605.21,605.74,1964289,0
QQQ.US,5,20260205,153000,600.21,600.88,597.35,600.87,2383264,0
QQQ.US,5,20260205,153500,600.85,603.41,599.92,603.03,1718696,0
QQQ.US,5,20260205,154000,603.03,604.215,601.95,603.77,1728666,0
QQQ.US,5,20260205,154500,603.77,604.31,602.72,604.02,1380429,0
QQQ.US,5,20260205,155000,603.94,604.81,601.97,602.37,1030550,0
QQQ.US,5,20260205,155500,602.4,602.77,599.95,600.21,1392599,0
QQQ.US,5,20260205,160000,600.22,601.03,598.04,598.62,1571231,0
QQQ.US,5,20260205,160500,598.67,598.81,597.12,597.9,1299840,0
QQQ.US,5,20260205,161000,597.8935,598.53,595.08,595.12,1567870,0
QQQ.US,5,20260205,161500,595.12,597.46,594.92,597.07,1553026,0
QQQ.US,5,20260205,162000,597.04,597.58,595.61,596.28,1082679,0
QQQ.US,5,20260205,162500,596.24,597.62,595.1,595.59,1057610,0
QQQ.US,5,20260205,163000,595.58,596.75,594.99,595.32,982053,0
QQQ.US,5,20260205,163500,595.35,597.84,595.24,597.74,1112401,0
QQQ.US,5,20260205,164000,597.71,598.54,596.64,598.0203,1131103,0
QQQ.US,5,20260205,164500,598.02,598.34,595.41,595.82,973189,0
QQQ.US,5,20260205,165000,595.82,597.47,595.77,596.12,1095259,0
QQQ.US,5,20260205,165500,596.1,596.99,595.385,596.91,774356,0
QQQ.US,5,20260205,170000,596.9,597.37,595.76,595.78,914478,0
QQQ.US,5,20260205,170500,595.77,596.36,595.06,595.14,751287,0
QQQ.US,5,20260205,171000,595.1,596.39,594.76,594.82,975034,0
QQQ.US,5,20260205,171500,594.84,598.2,594.84,597.98,1286772,0
QQQ.US,5,20260205,172000,597.96,599.51,597.88,599.27,1215286,0
QQQ.US,5,20260205,172500,599.26,600.55,598.79,600.42,1086821,0
QQQ.US,5,20260205,173000,600.41,601.53,600.235,601.33,1304054,0
QQQ.US,5,20260205,173500,601.33,601.485,600.54,600.76,770398,0
QQQ.US,5,20260205,174000,600.76,601.35,600.02,600.54,756271,0
QQQ.US,5,20260205,174500,600.52,600.5665,599.27,600.46,613897,0
QQQ.US,5,20260205,175000,600.46,601.94,600.46,601.7,613863,0
QQQ.US,5,20260205,175500,601.73,602.31,600.71,601.6727,531116,0
QQQ.US,5,20260205,180000,601.66,601.77,599.573,600.03,537513,0
QQQ.US,5,20260205,180500,600.01,600.76,599.76,600.04,282285,0
QQQ.US,5,20260205,181000,600.03,600.54,599.4001,600.285,329926,0
QQQ.US,5,20260205,181500,600.29,600.43,599.76,599.89,276341,0
QQQ.US,5,20260205,182000,599.8,601.62,599.071,601.62,510250,0
QQQ.US,5,20260205,182500,601.62,602.5,601.62,601.86,604240,0
QQQ.US,5,20260205,183000,601.88,602.37,600.98,601.075,481720,0
QQQ.US,5,20260205,183500,601.05,602.05,600.8459,601.73,380974,0
QQQ.US,5,20260205,184000,601.75,602.81,601.57,602.15,409904,0
QQQ.US,5,20260205,184500,602.16,603.05,600.96,601.16,522074,0
QQQ.US,5,20260205,185000,601.2,601.81,600.52,600.96,486421,0
QQQ.US,5,20260205,185500,600.89,601.11,600.17,600.5,398745,0
QQQ.US,5,20260205,190000,600.55,601.75,600.45,600.92,478576,0
QQQ.US,5,20260205,190500,600.89,600.89,599.95,600.13,365944,0
QQQ.US,5,20260205,191000,600.1,600.83,599.62,600.28,652896,0
QQQ.US,5,20260205,191500,600.264,600.59,599.71,599.895,364233,0
QQQ.US,5,20260205,192000,599.9002,600.12,598.76,599.18,494633,0
QQQ.US,5,20260205,192500,599.24,599.85,598.9205,599.31,405717,0
QQQ.US,5,20260205,193000,599.27,600.26,599.2,599.67,340122,0
QQQ.US,5,20260205,193500,599.68,599.68,598.78,598.92,299866,0
QQQ.US,5,20260205,194000,598.87,599.24,598.35,598.84,499610,0
QQQ.US,5,20260205,194500,598.82,599.13,598.14,598.38,342412,0
QQQ.US,5,20260205,195000,598.37,598.37,597.59,597.98,341203,0
QQQ.US,5,20260205,195500,597.99,598.83,597.59,598.52,459779,0
QQQ.US,5,20260205,200000,598.5,599.58,598.16,599.11,730918,0
QQQ.US,5,20260205,200500,599.13,599.96,599.01,599.825,474415,0
QQQ.US,5,20260205,201000,599.83,601.33,599.78,600.97,631454,0
QQQ.US,5,20260205,201500,600.98,601.72,600.78,601.62,503837,0
QQQ.US,5,20260205,202000,601.64,601.86,601.27,601.37,518967,0
QQQ.US,5,20260205,202500,601.41,601.41,599.95,600.07,651602,0
QQQ.US,5,20260205,203000,600.07,600.07,598.09,599.03,777584,0
QQQ.US,5,20260205,203500,599.03,599.55,598.55,598.88,511009,0
QQQ.US,5,20260205,204000,598.89,599,598.2601,598.45,456383,0
QQQ.US,5,20260205,204500,598.45,598.86,598.04,598.34,332846,0
QQQ.US,5,20260205,205000,598.36,598.67,597.85,598.17,401824,0
QQQ.US,5,20260205,205500,598.2,598.91,598.08,598.74,517617,0
QQQ.US,5,20260205,210000,598.8,599.44,598.35,599.42,608434,0
QQQ.US,5,20260205,210500,599.4434,600.88,599.06,600.77,927847,0
QQQ.US,5,20260205,211000,600.74,601.105,599.58,599.64,857516,0
QQQ.US,5,20260205,211500,599.65,599.73,598.31,598.39,869782,0
QQQ.US,5,20260205,212000,598.36,598.47,597.16,597.42,723549,0
QQQ.US,5,20260205,212500,597.4,597.5,596.84,597,597512,0
QQQ.US,5,20260205,213000,597,597.46,596.58,596.77,979603,0
QQQ.US,5,20260205,213500,596.78,597.235,596.48,597.1,858913,0
QQQ.US,5,20260205,214000,597.12,597.89,596.18,596.44,877079,0
QQQ.US,5,20260205,214500,596.44,596.59,595.98,596.41,687321,0
QQQ.US,5,20260205,215000,596.4,596.86,595.29,596.6,1358038,0
QQQ.US,5,20260205,215500,596.6,597.63,596.4,597.07,1607485,0
QQQ.US,5,20260206,153000,600.19,603.24,598.77,602.535,2909458,0
QQQ.US,5,20260206,153500,602.54,604.11,601.62,603.89,1744275,0
QQQ.US,5,20260206,154000,603.87,604.24,602.28,604.21,1412045,0
QQQ.US,5,20260206,154500,604.2,604.78,603.51,604.0484,1433469,0
QQQ.US,5,20260206,155000,604.05,605.61,603.74,603.82,1412166,0
QQQ.US,5,20260206,155500,603.825,603.83,602.35,602.49,1024054,0
QQQ.US,5,20260206,160000,602.46,602.71,600.75,601.17,1100504,0
QQQ.US,5,20260206,160500,601.19,602.33,600.14,600.88,1457963,0
QQQ.US,5,20260206,161000,600.86,602.82,600.31,600.44,1337941,0
QQQ.US,5,20260206,161500,600.43,602.65,599.77,602.33,1403139,0
QQQ.US,5,20260206,162000,602.37,603.68,601.32,601.97,1276214,0
QQQ.US,5,20260206,162500,601.984,603.95,601.77,603.65,901872,0
QQQ.US,5,20260206,163000,603.65,604.37,602.58,604.17,1400413,0
QQQ.US,5,20260206,163500,604.17,604.37,603.62,603.89,620585,0
QQQ.US,5,20260206,164000,603.88,604.69,603.71,604.15,631081,0
QQQ.US,5,20260206,164500,604.18,605.07,603.78,603.85,757236,0
QQQ.US,5,20260206,165000,603.83,603.87,601.64,601.88,1164490,0
QQQ.US,5,20260206,165500,601.86,603.59,601.68,603.465,765051,0
QQQ.US,5,20260206,170000,603.46,605.01,603.1,604.98,686746,0
QQQ.US,5,20260206,170500,604.98,605.85,604.67,605.44,949249,0
QQQ.US,5,20260206,171000,605.45,606.09,605.36,606.0602,626330,0
QQQ.US,5,20260206,171500,606.04,606.23,605.38,605.795,682275,0
QQQ.US,5,20260206,172000,605.81,606.85,605.7,606.24,722585,0
QQQ.US,5,20260206,172500,606.24,606.28,605.46,606.13,717149,0
QQQ.US,5,20260206,173000,606.13,606.9,606.06,606.88,659251,0
QQQ.US,5,20260206,173500,606.88,607.17,606.61,606.81,787302,0
QQQ.US,5,20260206,174000,606.8,607.23,606.21,606.6,698024,0
QQQ.US,5,20260206,174500,606.5901,606.87,606.35,606.71,460543,0
QQQ.US,5,20260206,175000,606.7,606.965,606.585,606.71,403127,0
QQQ.US,5,20260206,175500,606.71,606.71,605.46,606.01,521181,0
QQQ.US,5,20260206,180000,606.01,606.66,605.67,606.66,623992,0
QQQ.US,5,20260206,180500,606.66,607.24,606.66,607.15,441578,0
QQQ.US,5,20260206,181000,607.15,607.35,606.56,607.02,543992,0
QQQ.US,5,20260206,181500,607.01,607.56,606.62,607.14,404850,0
QQQ.US,5,20260206,182000,607.15,607.16,606.77,607.06,407003,0
QQQ.US,5,20260206,182500,607.07,607.79,607.05,607.645,467814,0
QQQ.US,5,20260206,183000,607.66,608.36,607.625,608.13,599713,0
QQQ.US,5,20260206,183500,608.13,608.13,606.91,607.13,775652,0
QQQ.US,5,20260206,184000,607.13,607.78,607.06,607.73,413421,0
QQQ.US,5,20260206,184500,607.74,608.2,607.72,608.06,564309,0
QQQ.US,5,20260206,185000,608.0599,608.62,607.74,608.095,574906,0
QQQ.US,5,20260206,185500,608.1,608.46,608.01,608.235,495041,0
QQQ.US,5,20260206,190000,608.25,608.97,608.24,608.9101,506396,0
QQQ.US,5,20260206,190500,608.9,608.99,608.24,608.42,527916,0
QQQ.US,5,20260206,191000,608.4399,608.74,608.26,608.36,456354,0
QQQ.US,5,20260206,191500,608.37,608.65,607.96,608.61,422396,0
QQQ.US,5,20260206,192000,608.61,608.87,608.27,608.3,557210,0
QQQ.US,5,20260206,192500,608.29,608.34,607.82,608.185,432093,0
QQQ.US,5,20260206,193000,608.18,608.385,607.98,608.02,447555,0
QQQ.US,5,20260206,193500,608.02,608.51,608.015,608.42,414344,0
QQQ.US,5,20260206,194000,608.425,608.5999,608.23,608.33,319967,0
QQQ.US,5,20260206,194500,608.33,608.62,608.28,608.495,326246,0
QQQ.US,5,20260206,195000,608.5,608.67,608.3,608.4,319034,0
QQQ.US,5,20260206,195500,608.4,608.47,608.01,608.07,404753,0
QQQ.US,5,20260206,200000,608.06,608.42,607.97,608.34,375534,0
QQQ.US,5,20260206,200500,608.34,608.48,608.09,608.23,280266,0
QQQ.US,5,20260206,201000,608.22,608.325,607.83,607.84,261988,0
QQQ.US,5,20260206,201500,607.84,608.045,607.61,607.825,420449,0
QQQ.US,5,20260206,202000,607.83,608.56,607.8,608.46,357611,0
QQQ.US,5,20260206,202500,608.45,608.6199,608.32,608.57,219330,0
QQQ.US,5,20260206,203000,608.56,608.64,608.27,608.32,320202,0
QQQ.US,5,20260206,203500,608.33,608.48,608.2,608.27,229255,0
QQQ.US,5,20260206,204000,608.26,608.2601,607.83,607.875,276635,0
QQQ.US,5,20260206,204500,607.88,608.58,607.84,608.42,348636,0
QQQ.US,5,20260206,205000,608.41,608.44,608.18,608.24,261711,0
QQQ.US,5,20260206,205500,608.24,608.29,607.6901,607.71,324912,0
QQQ.US,5,20260206,210000,607.71,608.11,607.36,608.055,567595,0
QQQ.US,5,20260206,210500,608.0517,608.54,608.03,608.38,404244,0
QQQ.US,5,20260206,211000,608.385,608.47,608.24,608.37,371820,0
QQQ.US,5,20260206,211500,608.37,608.87,608.35,608.83,437944,0
QQQ.US,5,20260206,212000,608.82,609.09,608.71,608.86,629599,0
QQQ.US,5,20260206,212500,608.87,608.995,608.64,608.69,351747,0
QQQ.US,5,20260206,213000,608.69,608.88,608.48,608.57,649969,0
QQQ.US,5,20260206,213500,608.56,608.94,608.46,608.92,584778,0
QQQ.US,5,20260206,214000,608.925,609.68,608.9,609.66,1071426,0
QQQ.US,5,20260206,214500,609.66,610.13,609.62,610.01,994871,0
QQQ.US,5,20260206,215000,610.01,611.41,609.89,610.97,2164509,0
QQQ.US,5,20260206,215500,610.97,611.02,609.55,609.63,2688861,0
QQQ.US,5,20260209,153000,607.54,607.92,605.07,607.22,2234258,0
QQQ.US,5,20260209,153500,607.1999,609.17,606.4437,609.15,1544325,0
QQQ.US,5,20260209,154000,609.15,609.81,608.71,609.72,1591117,0
QQQ.US,5,20260209,154500,609.74,610.7,609.08,610.27,1501044,0
QQQ.US,5,20260209,155000,610.295,610.35,608.33,609.05,945101,0
QQQ.US,5,20260209,155500,609.062,609.71,608.68,608.89,752954,0
QQQ.US,5,20260209,160000,608.89,610.08,608.63,610.05,808887,0
QQQ.US,5,20260209,160500,610.05,611.28,609.97,610.91,883652,0
QQQ.US,5,20260209,161000,610.9,611.38,610.34,611.28,791109,0
QQQ.US,5,20260209,161500,611.2892,611.99,611.28,611.99,619187,0
QQQ.US,5,20260209,162000,611.98,612.24,610.91,611.145,676359,0
QQQ.US,5,20260209,162500,611.14,611.25,610.135,610.51,992143,0
QQQ.US,5,20260209,163000,610.525,612.07,610.49,612.01,799665,0
QQQ.US,5,20260209,163500,612.01,612.75,611.94,612.08,628350,0
QQQ.US,5,20260209,164000,612.06,612.53,612.01,612.51,399155,0
QQQ.US,5,20260209,164500,612.51,613.12,612.34,613.1,488080,0
QQQ.US,5,20260209,165000,613.11,613.37,612.815,613.2056,527976,0
QQQ.US,5,20260209,165500,613.21,614.05,613.13,613.65,572347,0
QQQ.US,5,20260209,170000,613.645,614.01,613.57,613.87,613912,0
QQQ.US,5,20260209,170500,613.89,613.97,613.5001,613.76,389211,0
QQQ.US,5,20260209,171000,613.77,614.21,613.62,614.1313,485110,0
QQQ.US,5,20260209,171500,614.13,614.38,613.8,613.84,468833,0
QQQ.US,5,20260209,172000,613.84,614.31,613.71,614.24,391323,0
QQQ.US,5,20260209,172500,614.24,614.75,614.09,614.71,369567,0
QQQ.US,5,20260209,173000,614.7,614.82,614.505,614.62,408543,0
QQQ.US,5,20260209,173500,614.63,614.73,614.33,614.62,304344,0
QQQ.US,5,20260209,174000,614.62,614.9699,614.61,614.935,404276,0
QQQ.US,5,20260209,174500,614.94,615.55,614.93,615.4135,555438,0
QQQ.US,5,20260209,175000,615.42,615.84,615.335,615.6401,437231,0
QQQ.US,5,20260209,175500,615.65,615.89,615.47,615.57,376157,0
QQQ.US,5,20260209,180000,615.55,615.96,615.37,615.835,427848,0
QQQ.US,5,20260209,180500,615.84,615.96,615.6406,615.865,351207,0
QQQ.US,5,20260209,181000,615.87,616.19,615.8101,616,392379,0
QQQ.US,5,20260209,181500,615.99,616.16,615.94,616.04,337015,0
QQQ.US,5,20260209,182000,616.03,616.03,615.57,615.63,358146,0
QQQ.US,5,20260209,182500,615.64,615.725,615.28,615.39,381986,0
QQQ.US,5,20260209,183000,615.4,615.5795,615.23,615.4399,228834,0
QQQ.US,5,20260209,183500,615.415,615.81,615.28,615.36,341156,0
QQQ.US,5,20260209,184000,615.37,615.41,615.14,615.305,297780,0
QQQ.US,5,20260209,184500,615.31,615.46,615.085,615.38,234667,0
QQQ.US,5,20260209,185000,615.39,615.39,615.04,615.14,344497,0
QQQ.US,5,20260209,185500,615.15,615.15,614.6,614.73,405713,0
QQQ.US,5,20260209,190000,614.72,615.28,614.46,615.04,504342,0
QQQ.US,5,20260209,190500,615.03,615.3,614.72,615.205,352523,0
QQQ.US,5,20260209,191000,615.21,615.36,614.87,615.145,292172,0
QQQ.US,5,20260209,191500,615.15,615.34,614.94,615.175,255585,0
QQQ.US,5,20260209,192000,615.17,615.31,613.66,614.8161,1025638,0
QQQ.US,5,20260209,192500,614.83,614.84,614.18,614.41,533388,0
QQQ.US,5,20260209,193000,614.4,615.1,614.11,614.93,538139,0
QQQ.US,5,20260209,193500,614.93,615.21,614.77,615.1,303360,0
QQQ.US,5,20260209,194000,615.1188,615.48,614.97,615.335,402304,0
QQQ.US,5,20260209,194500,615.33,615.52,615.025,615.08,307586,0
QQQ.US,5,20260209,195000,615.08,615.39,614.94,615.18,451586,0
QQQ.US,5,20260209,195500,615.1565,615.3,614.92,615.06,247005,0
QQQ.US,5,20260209,200000,615.06,615.73,614.93,615.6652,467142,0
QQQ.US,5,20260209,200500,615.67,615.68,615.21,615.22,446585,0
QQQ.US,5,20260209,201000,615.22,615.74,615.21,615.7095,431792,0
QQQ.US,5,20260209,201500,615.7,615.94,615.65,615.77,441639,0
QQQ.US,5,20260209,202000,615.7602,616.14,615.63,616.06,389307,0
QQQ.US,5,20260209,202500,616.05,616.36,616.0143,616.255,319925,0
QQQ.US,5,20260209,203000,616.255,616.43,616.11,616.2799,350431,0
QQQ.US,5,20260209,203500,616.29,616.46,616.2,616.41,229678,0
QQQ.US,5,20260209,204000,616.405,616.405,616.115,616.18,198957,0
QQQ.US,5,20260209,204500,616.18,616.28,615.95,616.15,208454,0
QQQ.US,5,20260209,205000,616.15,616.205,615.87,615.995,184729,0
QQQ.US,5,20260209,205500,616,616.09,615.75,615.7701,266444,0
QQQ.US,5,20260209,210000,615.78,616.05,615.64,615.88,304780,0
QQQ.US,5,20260209,210500,615.87,616.11,615.85,615.94,246885,0
QQQ.US,5,20260209,211000,615.95,616.05,615.825,615.825,272774,0
QQQ.US,5,20260209,211500,615.82,615.84,615.47,615.58,555861,0
QQQ.US,5,20260209,212000,615.58,615.63,615.14,615.265,554142,0
QQQ.US,5,20260209,212500,615.27,615.295,614.71,614.95,598391,0
QQQ.US,5,20260209,213000,614.93,615.07,614.6,614.605,635650,0
QQQ.US,5,20260209,213500,614.6,615.01,614.21,614.975,800315,0
QQQ.US,5,20260209,214000,614.97,615.28,614.69,614.9901,756893,0
QQQ.US,5,20260209,214500,614.9812,615.2,614.965,615.18,481427,0
QQQ.US,5,20260209,215000,615.17,615.6199,614.52,614.715,1314722,0
QQQ.US,5,20260209,215500,614.7,615.3,614.26,614.34,1583516,0
QQQ.US,5,20260210,153000,615.305,616.14,614.63,614.99,2559202,0
QQQ.US,5,20260210,153500,614.98,615.38,613.47,614.12,1517782,0
QQQ.US,5,20260210,154000,614.15,614.32,612.63,613.665,1336459,0
QQQ.US,5,20260210,154500,613.69,613.8,612.4,612.93,1078878,0
QQQ.US,5,20260210,155000,612.95,615.11,612.86,615.09,1296066,0
QQQ.US,5,20260210,155500,615.11,616.07,614.89,615.7,1096009,0
QQQ.US,5,20260210,160000,615.69,616,615.415,615.96,833949,0
QQQ.US,5,20260210,160500,615.9297,616.99,615.71,616.74,1048422,0
QQQ.US,5,20260210,161000,616.74,617.02,614.87,615.69,1000427,0
QQQ.US,5,20260210,161500,615.67,616.25,615,616.06,919816,0
QQQ.US,5,20260210,162000,616.09,616.5499,615.26,615.32,735655,0
QQQ.US,5,20260210,162500,615.31,616.28,615.17,615.93,598985,0
QQQ.US,5,20260210,163000,615.91,616.8,615.58,616.035,542839,0
QQQ.US,5,20260210,163500,616.04,616.18,615.48,615.675,484970,0
QQQ.US,5,20260210,164000,615.67,616.25,615.65,616.185,426810,0
QQQ.US,5,20260210,164500,616.2,616.59,615.5,615.79,507969,0
QQQ.US,5,20260210,165000,615.79,615.98,615.19,615.61,501893,0
QQQ.US,5,20260210,165500,615.62,615.7899,614.64,615.27,700520,0
QQQ.US,5,20260210,170000,615.28,615.89,615.1,615.61,343715,0
QQQ.US,5,20260210,170500,615.57,615.67,614.7,614.7,520352,0
QQQ.US,5,20260210,171000,614.71,615.6,614.705,615.29,394237,0
QQQ.US,5,20260210,171500,615.32,615.76,614.64,615.5,503561,0
QQQ.US,5,20260210,172000,615.5,615.56,614.24,614.71,744010,0
QQQ.US,5,20260210,172500,614.7,615.21,614.47,614.69,473527,0
QQQ.US,5,20260210,173000,614.65,614.7,614.17,614.435,596206,0
QQQ.US,5,20260210,173500,614.43,614.96,614.16,614.4,459942,0
QQQ.US,5,20260210,174000,614.37,614.63,614.07,614.19,393081,0
QQQ.US,5,20260210,174500,614.19,615.07,614.18,614.36,423763,0
QQQ.US,5,20260210,175000,614.37,614.51,613.875,614.39,444010,0
QQQ.US,5,20260210,175500,614.405,614.6,613.97,614.14,293563,0
QQQ.US,5,20260210,180000,614.12,614.26,613.61,613.915,428187,0
QQQ.US,5,20260210,180500,613.93,614.67,613.91,614.6,367249,0
QQQ.US,5,20260210,181000,614.62,615.11,614.58,615.02,371876,0
QQQ.US,5,20260210,181500,615.03,615.53,614.92,615.46,421541,0
QQQ.US,5,20260210,182000,615.46,615.49,614.84,615.09,377514,0
QQQ.US,5,20260210,182500,615.085,615.37,615.03,615.09,216226,0
QQQ.US,5,20260210,183000,615.08,615.37,614.88,615.15,238031,0
QQQ.US,5,20260210,183500,615.15,615.23,614.76,614.947,267868,0
QQQ.US,5,20260210,184000,614.96,615.47,614.94,615.32,322775,0
QQQ.US,5,20260210,184500,615.31,615.8,615.31,615.43,320935,0
QQQ.US,5,20260210,185000,615.43,615.83,615.32,615.62,275316,0
QQQ.US,5,20260210,185500,615.625,615.67,615.35,615.49,186244,0
QQQ.US,5,20260210,190000,615.48,615.51,615.03,615.21,152615,0
QQQ.US,5,20260210,190500,615.2,615.2399,614.71,614.94,330349,0
QQQ.US,5,20260210,191000,614.94,615.01,614.52,614.58,240240,0
QQQ.US,5,20260210,191500,614.58,614.65,613.8,614.0973,411602,0
QQQ.US,5,20260210,192000,614.09,614.39,613.51,614.06,484085,0
QQQ.US,5,20260210,192500,614.07,614.1,613.21,613.3,380524,0
QQQ.US,5,20260210,193000,613.29,613.65,612.8,613.06,868497,0
QQQ.US,5,20260210,193500,613.04,613.62,612.86,613.45,671553,0
QQQ.US,5,20260210,194000,613.45,613.675,613.3,613.4499,446669,0
QQQ.US,5,20260210,194500,613.43,613.46,612.9,613.14,379263,0
QQQ.US,5,20260210,195000,613.14,613.43,612.91,612.95,341201,0
QQQ.US,5,20260210,195500,612.95,614.03,612.92,613.79,611082,0
QQQ.US,5,20260210,200000,613.79,614.03,613.49,613.53,564628,0
QQQ.US,5,20260210,200500,613.53,613.65,613.14,613.315,402008,0
QQQ.US,5,20260210,201000,613.32,613.6,613.13,613.49,339478,0
QQQ.US,5,20260210,201500,613.49,613.51,612.89,613.0634,315692,0
QQQ.US,5,20260210,202000,613.08,613.6,613.06,613.555,272720,0
QQQ.US,5,20260210,202500,613.543,613.59,613.19,613.48,198595,0
QQQ.US,5,20260210,203000,613.48,613.79,613.26,613.29,360495,0
QQQ.US,5,20260210,203500,613.28,613.58,613.25,613.36,269933,0
QQQ.US,5,20260210,204000,613.345,613.52,612.87,613.04,342052,0
QQQ.US,5,20260210,204500,613.0499,613.31,612.91,613.25,324999,0
QQQ.US,5,20260210,205000,613.24,613.28,612.9601,613.06,282318,0
QQQ.US,5,20260210,205500,613.06,613.5899,613.03,613.36,353845,0
QQQ.US,5,20260210,210000,613.34,613.4,612.71,612.815,323381,0
QQQ.US,5,20260210,210500,612.82,612.96,612.56,612.75,397205,0
QQQ.US,5,20260210,211000,612.74,612.77,612.14,612.3,503035,0
QQQ.US,5,20260210,211500,612.29,612.81,612.24,612.705,397850,0
QQQ.US,5,20260210,212000,612.705,612.88,612.42,612.42,451939,0
QQQ.US,5,20260210,212500,612.4299,612.6,612.13,612.365,421523,0
QQQ.US,5,20260210,213000,612.36,612.71,612.04,612.1699,411357,0
QQQ.US,5,20260210,213500,612.17,612.19,611.77,611.83,431090,0
QQQ.US,5,20260210,214000,611.84,612.28,611.78,612.23,475656,0
QQQ.US,5,20260210,214500,612.24,612.63,612.12,612.59,570097,0
QQQ.US,5,20260210,215000,612.6,612.62,611.52,611.7,1229435,0
QQQ.US,5,20260210,215500,611.7,611.77,611.01,611.25,1862655,0
QQQ.US,5,20260211,153000,616.38,617.52,615.17,615.6431,1962764,0
QQQ.US,5,20260211,153500,615.62,616.35,614.49,614.785,1050927,0
QQQ.US,5,20260211,154000,614.79,615.92,614.582,615.73,1018633,0
QQQ.US,5,20260211,154500,615.74,616.78,615.12,615.93,1019793,0
QQQ.US,5,20260211,155000,615.94,616.3,614.8,615.38,820463,0
QQQ.US,5,20260211,155500,615.35,615.84,613.3,613.6,940094,0
QQQ.US,5,20260211,160000,613.61,614.5599,612.88,613.16,962504,0
QQQ.US,5,20260211,160500,613.15,613.52,611.98,611.99,786312,0
QQQ.US,5,20260211,161000,611.97,612.24,609.71,610.83,1501264,0
QQQ.US,5,20260211,161500,610.82,610.98,609.4,609.45,1287585,0
QQQ.US,5,20260211,162000,609.49,609.66,607.8701,608.13,1416227,0
QQQ.US,5,20260211,162500,608.13,609.19,607.69,608.12,1319394,0
QQQ.US,5,20260211,163000,608.15,609.6,607.95,609.495,984159,0
QQQ.US,5,20260211,163500,609.5,610.47,608.98,610.36,973877,0
QQQ.US,5,20260211,164000,610.36,610.95,609.96,610.67,882467,0
QQQ.US,5,20260211,164500,610.64,611.23,609.56,609.76,886135,0
QQQ.US,5,20260211,165000,609.77,612.63,609.52,612.58,1013575,0
QQQ.US,5,20260211,165500,612.57,612.85,611.98,612.23,790282,0
QQQ.US,5,20260211,170000,612.22,612.67,611.18,611.36,671709,0
QQQ.US,5,20260211,170500,611.39,611.61,610.69,610.79,544362,0
QQQ.US,5,20260211,171000,610.81,612.62,610.72,612.57,664950,0
QQQ.US,5,20260211,171500,612.54,612.61,611.67,612.32,512047,0
QQQ.US,5,20260211,172000,612.31,612.93,612.07,612.72,416583,0
QQQ.US,5,20260211,172500,612.7158,612.86,610.96,610.96,695885,0
QQQ.US,5,20260211,173000,610.96,611.8,610.53,611.2,558342,0
QQQ.US,5,20260211,173500,611.19,611.75,610.62,611.74,264040,0
QQQ.US,5,20260211,174000,611.74,612.48,611.51,611.84,337446,0
QQQ.US,5,20260211,174500,611.83,612.13,611.01,611.25,374168,0
QQQ.US,5,20260211,175000,611.22,611.65,610.97,611.3431,273101,0
QQQ.US,5,20260211,175500,611.32,611.46,610.6,610.68,332585,0
QQQ.US,5,20260211,180000,610.66,610.74,609.735,609.94,681152,0
QQQ.US,5,20260211,180500,609.935,611.3,609.93,611.29,374788,0
QQQ.US,5,20260211,181000,611.29,611.7,610.91,611.41,371597,0
QQQ.US,5,20260211,181500,611.47,612.22,611.09,611.61,363173,0
QQQ.US,5,20260211,182000,611.605,612.4301,611.17,612.4301,405044,0
QQQ.US,5,20260211,182500,612.44,613.46,612.43,613.27,542497,0
QQQ.US,5,20260211,183000,613.28,613.375,612.86,613.01,499319,0
QQQ.US,5,20260211,183500,613.01,613.1,612.65,612.8,388806,0
QQQ.US,5,20260211,184000,612.81,613.82,612.8,613.63,419946,0
QQQ.US,5,20260211,184500,613.63,613.74,613.14,613.6,342961,0
QQQ.US,5,20260211,185000,613.5966,614.11,613.3362,613.66,429039,0
QQQ.US,5,20260211,185500,613.68,613.68,612.46,612.675,408139,0
QQQ.US,5,20260211,190000,612.6774,612.9799,612.13,612.495,387305,0
QQQ.US,5,20260211,190500,612.5,612.5687,611.86,611.87,441339,0
QQQ.US,5,20260211,191000,611.87,611.87,611.27,611.4099,452641,0
QQQ.US,5,20260211,191500,611.4099,612.49,611.16,612.07,563813,0
QQQ.US,5,20260211,192000,612.08,612.5,611.74,612.269,224118,0
QQQ.US,5,20260211,192500,612.23,613.065,612.015,612.98,350681,0
QQQ.US,5,20260211,193000,612.975,613.23,612.54,612.61,340983,0
QQQ.US,5,20260211,193500,612.6101,613.19,612.45,613.07,264862,0
QQQ.US,5,20260211,194000,613.07,613.07,612.47,612.82,320068,0
QQQ.US,5,20260211,194500,612.83,613.5,612.75,613.5,345416,0
QQQ.US,5,20260211,195000,613.5,613.73,612.45,613.62,677582,0
QQQ.US,5,20260211,195500,613.63,613.84,613.41,613.575,302242,0
QQQ.US,5,20260211,200000,613.57,613.64,613.02,613.31,399436,0
QQQ.US,5,20260211,200500,613.31,613.42,612.54,613.07,506316,0
QQQ.US,5,20260211,201000,613.09,614.16,612.94,613.9399,433082,0
QQQ.US,5,20260211,201500,613.93,614.23,613.93,614.1,417264,0
QQQ.US,5,20260211,202000,614.09,614.66,614.06,614.63,315148,0
QQQ.US,5,20260211,202500,614.64,614.98,614.48,614.69,388762,0
QQQ.US,5,20260211,203000,614.69,614.745,614.2,614.58,458959,0
QQQ.US,5,20260211,203500,614.59,614.88,614.435,614.435,250165,0
QQQ.US,5,20260211,204000,614.42,614.58,614.21,614.53,270343,0
QQQ.US,5,20260211,204500,614.54,614.58,613.09,613.99,645256,0
QQQ.US,5,20260211,205000,614,614.2,613.7704,613.96,356256,0
QQQ.US,5,20260211,205500,613.96,614.05,613.57,613.74,275219,0
QQQ.US,5,20260211,210000,613.74,613.97,613.53,613.91,242025,0
QQQ.US,5,20260211,210500,613.9,614.03,613.55,613.63,289775,0
QQQ.US,5,20260211,211000,613.62,613.85,613.45,613.7,234332,0
QQQ.US,5,20260211,211500,613.71,614.065,613.615,613.75,274876,0
QQQ.US,5,20260211,212000,613.74,613.79,613.209,613.48,292872,0
QQQ.US,5,20260211,212500,613.48,613.56,613.15,613.15,383832,0
QQQ.US,5,20260211,213000,613.15,613.31,612.85,613.005,548130,0
QQQ.US,5,20260211,213500,613.01,613.67,612.91,613.67,356889,0
QQQ.US,5,20260211,214000,613.68,614,613.535,613.65,395612,0
QQQ.US,5,20260211,214500,613.65,614.05,613.6,613.935,327345,0
QQQ.US,5,20260211,215000,613.93,614.045,613.29,613.8,937511,0
QQQ.US,5,20260211,215500,613.79,613.81,612.9,613.15,1401199,0
QQQ.US,5,20260212,153000,614.71,615.4699,614.05,614.97,1354469,0
QQQ.US,5,20260212,153500,614.98,615.81,614.41,615.04,1331734,0
QQQ.US,5,20260212,154000,615.0399,615.73,613.71,613.8,1394930,0
QQQ.US,5,20260212,154500,613.82,614.17,612.38,612.42,1552115,0
QQQ.US,5,20260212,155000,612.47,613.39,612.04,612.96,1325762,0
QQQ.US,5,20260212,155500,612.96,612.97,610.86,611.35,1236442,0
QQQ.US,5,20260212,160000,611.36,612.44,610.7,611.22,1185236,0
QQQ.US,5,20260212,160500,611.21,612.19,610.47,611.04,975226,0
QQQ.US,5,20260212,161000,611.04,612.02,610.69,612,768178,0
QQQ.US,5,20260212,161500,611.98,612.3,611.25,611.25,696447,0
QQQ.US,5,20260212,162000,611.26,612.64,611.06,611.81,694799,0
QQQ.US,5,20260212,162500,611.81,612.3401,611.46,611.98,607079,0
QQQ.US,5,20260212,163000,611.98,612.48,610.63,610.65,726989,0
QQQ.US,5,20260212,163500,610.65,610.9,609.38,609.54,858130,0
QQQ.US,5,20260212,164000,609.58,609.7713,608.32,608.44,1137894,0
QQQ.US,5,20260212,164500,608.43,609.09,608.26,608.7,868960,0
QQQ.US,5,20260212,165000,608.71,609.28,607.65,607.66,749245,0
QQQ.US,5,20260212,165500,607.64,607.85,606.53,606.6,1075475,0
QQQ.US,5,20260212,170000,606.61,607.11,606.07,606.34,1358070,0
QQQ.US,5,20260212,170500,606.33,606.5,605,605.44,1286833,0
QQQ.US,5,20260212,171000,605.45,605.62,604.64,604.91,1067011,0
QQQ.US,5,20260212,171500,604.91,605.14,603.607,604.14,1480592,0
QQQ.US,5,20260212,172000,604.15,604.29,603.02,603.53,1565068,0
QQQ.US,5,20260212,172500,603.51,603.62,601.8,601.95,1407201,0
QQQ.US,5,20260212,173000,601.94,603.18,601.65,602.56,1745910,0
QQQ.US,5,20260212,173500,602.59,604.24,602.45,603.9,1650854,0
QQQ.US,5,20260212,174000,603.915,604.43,603.11,603.35,1514778,0
QQQ.US,5,20260212,174500,603.36,603.99,602.57,603.27,1090289,0
QQQ.US,5,20260212,175000,603.24,603.67,602.58,602.91,810854,0
QQQ.US,5,20260212,175500,602.92,603.5,602.71,603.44,661853,0
QQQ.US,5,20260212,180000,603.41,603.85,602.31,603.49,829770,0
QQQ.US,5,20260212,180500,603.46,604.02,602.59,603.77,648154,0
QQQ.US,5,20260212,181000,603.775,603.775,602.515,602.94,536256,0
QQQ.US,5,20260212,181500,602.91,603.22,602.34,602.39,546952,0
QQQ.US,5,20260212,182000,602.4,603.98,602.34,603.89,843242,0
QQQ.US,5,20260212,182500,603.84,604.52,602.94,603.28,917446,0
QQQ.US,5,20260212,183000,603.21,604,603.03,603.88,518567,0
QQQ.US,5,20260212,183500,603.83,604.92,603.83,603.96,574095,0
QQQ.US,5,20260212,184000,603.96,604.29,603.61,603.89,478420,0
QQQ.US,5,20260212,184500,603.9,604.2931,603.19,603.66,551427,0
QQQ.US,5,20260212,185000,603.65,604.21,602.65,602.71,415337,0
QQQ.US,5,20260212,185500,602.7,603.08,602.09,602.11,607783,0
QQQ.US,5,20260212,190000,602.12,602.76,601.54,602.21,710490,0
QQQ.US,5,20260212,190500,602.24,603.47,602.14,602.83,584585,0
QQQ.US,5,20260212,191000,602.88,603.22,602.48,602.85,478356,0
QQQ.US,5,20260212,191500,602.85,602.8701,601.56,601.78,514197,0
QQQ.US,5,20260212,192000,601.7701,603.01,601.7701,602.78,519122,0
QQQ.US,5,20260212,192500,602.8,602.915,601.65,602.43,599059,0
QQQ.US,5,20260212,193000,602.45,602.88,602.11,602.52,522944,0
QQQ.US,5,20260212,193500,602.51,603.63,602.36,603.44,605615,0
QQQ.US,5,20260212,194000,603.46,604.198,603.12,604.13,422652,0
QQQ.US,5,20260212,194500,604.12,604.27,603.56,603.56,368818,0
QQQ.US,5,20260212,195000,603.53,604.63,603.34,604.4,433663,0
QQQ.US,5,20260212,195500,604.4,604.62,603.68,604.055,790904,0
QQQ.US,5,20260212,200000,604.05,604.47,603.5,603.74,488924,0
QQQ.US,5,20260212,200500,603.73,604.21,603.63,603.65,436216,0
QQQ.US,5,20260212,201000,603.64,603.77,602.61,603.15,629033,0
QQQ.US,5,20260212,201500,603.15,604.22,603.13,604.08,642711,0
QQQ.US,5,20260212,202000,604.1,604.6,603.9,604.3,365027,0
QQQ.US,5,20260212,202500,604.28,604.43,603.1,603.25,635089,0
QQQ.US,5,20260212,203000,603.2,604.3,603.2,603.79,535463,0
QQQ.US,5,20260212,203500,603.81,604.53,603.65,604.49,522442,0
QQQ.US,5,20260212,204000,604.47,604.82,603.99,604.29,623966,0
QQQ.US,5,20260212,204500,604.29,604.8201,604.28,604.71,513105,0
QQQ.US,5,20260212,205000,604.71,604.9629,604.0901,604.21,594828,0
QQQ.US,5,20260212,205500,604.22,604.64,603.52,603.87,786494,0
QQQ.US,5,20260212,210000,603.87,604.21,603.44,603.9,452464,0
QQQ.US,5,20260212,210500,603.91,604.05,603.03,603.09,442365,0
QQQ.US,5,20260212,211000,603.0993,603.3,602.52,603.21,575212,0
QQQ.US,5,20260212,211500,603.21,603.27,602.46,602.48,448316,0
QQQ.US,5,20260212,212000,602.47,602.5,601.85,601.97,687607,0
QQQ.US,5,20260212,212500,601.96,602.05,601.41,601.58,683579,0
QQQ.US,5,20260212,213000,601.58,602.0145,601.08,601.6,802834,0
QQQ.US,5,20260212,213500,601.6,602,601.52,601.8,557850,0
QQQ.US,5,20260212,214000,601.77,602.295,601.38,601.55,555890,0
QQQ.US,5,20260212,214500,601.56,601.67,600.7,600.905,956065,0
QQQ.US,5,20260212,215000,600.93,601.11,599.5699,601.1,1859615,0
QQQ.US,5,20260212,215500,601.12,601.13,600.14,600.66,2684008,0
QQQ.US,5,20260213,153000,600.43,601.77,599.17,599.83,2766474,0
QQQ.US,5,20260213,153500,599.82,600.3,598.685,598.7,1280301,0
QQQ.US,5,20260213,154000,598.71,599.98,596.42,599.86,1777359,0
QQQ.US,5,20260213,154500,599.855,602.96,599.56,601.39,1936710,0
QQQ.US,5,20260213,155000,601.425,601.46,599.08,600.19,1224144,0
QQQ.US,5,20260213,155500,600.2,601.84,598.91,599.195,824047,0
QQQ.US,5,20260213,160000,599.21,601.24,599.17,600.53,730022,0
QQQ.US,5,20260213,160500,600.5,601.94,599.45,601.91,726386,0
QQQ.US,5,20260213,161000,601.91,602.57,600.65,600.894,710941,0
QQQ.US,5,20260213,161500,600.9,601.7,599.77,600.61,698460,0
QQQ.US,5,20260213,162000,600.62,602.03,599.95,601.23,605966,0
QQQ.US,5,20260213,162500,601.19,603.48,601.08,602.95,759470,0
QQQ.US,5,20260213,163000,602.94,604.9,602.91,604.39,868532,0
QQQ.US,5,20260213,163500,604.38,604.83,602.41,602.46,678530,0
QQQ.US,5,20260213,164000,602.42,602.74,600.99,601.13,715930,0
QQQ.US,5,20260213,164500,601.16,601.71,599.84,600.19,571923,0
QQQ.US,5,20260213,165000,600.22,602.25,600.06,602.17,578544,0
QQQ.US,5,20260213,165500,602.22,602.88,601.62,602.03,455566,0
QQQ.US,5,20260213,170000,602.03,602.85,601.83,602.66,380508,0
QQQ.US,5,20260213,170500,602.65,603.88,602.52,603.61,620684,0
QQQ.US,5,20260213,171000,603.61,603.64,601.785,602.41,354393,0
QQQ.US,5,20260213,171500,602.7,603.23,602.06,602.09,383577,0
QQQ.US,5,20260213,172000,602.11,602.49,600.87,601.555,381081,0
QQQ.US,5,20260213,172500,601.56,603.26,601.38,603.05,586120,0
QQQ.US,5,20260213,173000,603.02,603.53,602,603.06,624705,0
QQQ.US,5,20260213,173500,603.07,603.81,602.57,603.81,493527,0
QQQ.US,5,20260213,174000,603.84,603.98,603.09,603.91,429090,0
QQQ.US,5,20260213,174500,603.91,604.45,603.55,603.68,472310,0
QQQ.US,5,20260213,175000,603.7,604.31,603.38,604.29,413465,0
QQQ.US,5,20260213,175500,604.3,605,604.02,604.04,589356,0
QQQ.US,5,20260213,180000,604.01,604.76,603.78,604.48,412265,0
QQQ.US,5,20260213,180500,604.485,604.93,604.33,604.46,396656,0
QQQ.US,5,20260213,181000,604.46,605.59,604.46,605.42,523939,0
QQQ.US,5,20260213,181500,605.42,605.505,604.355,604.66,503333,0
QQQ.US,5,20260213,182000,604.68,605.84,604.59,605.68,561997,0
QQQ.US,5,20260213,182500,605.695,605.76,605.14,605.36,461824,0
QQQ.US,5,20260213,183000,605.38,606.24,605.21,605.93,541168,0
QQQ.US,5,20260213,183500,605.96,606.1399,605.6,606.1,364900,0
QQQ.US,5,20260213,184000,606.09,606.43,605.71,605.77,376130,0
QQQ.US,5,20260213,184500,605.75,606.16,605.42,606.1,411034,0
QQQ.US,5,20260213,185000,606.06,606.08,605.32,605.515,337362,0
QQQ.US,5,20260213,185500,605.52,605.65,604.95,605.1,537035,0
QQQ.US,5,20260213,190000,605.09,605.5,604.4,604.59,622816,0
QQQ.US,5,20260213,190500,604.63,605.1,604.19,604.87,557891,0
QQQ.US,5,20260213,191000,604.85,605.68,604.85,605.22,514463,0
QQQ.US,5,20260213,191500,605.22,605.82,604.97,605.34,511363,0
QQQ.US,5,20260213,192000,605.3,606.38,605.26,605.98,313057,0
QQQ.US,5,20260213,192500,605.975,606.33,605.14,605.44,456327,0
QQQ.US,5,20260213,193000,605.17,606.19,605.17,606.1,461077,0
QQQ.US,5,20260213,193500,606.11,606.48,605.591,606.13,372729,0
QQQ.US,5,20260213,194000,606.11,606.21,605.16,605.35,404583,0
QQQ.US,5,20260213,194500,605.37,606.2,605.3,605.66,353674,0
QQQ.US,5,20260213,195000,605.66,605.67,604.75,605.26,411130,0
QQQ.US,5,20260213,195500,605.25,605.47,604.845,605.16,370291,0
QQQ.US,5,20260213,200000,605.16,605.4,604.69,604.76,410346,0
QQQ.US,5,20260213,200500,604.8,605.55,604.74,605.41,377503,0
QQQ.US,5,20260213,201000,605.42,605.75,604.92,605.31,413167,0
QQQ.US,5,20260213,201500,605.32,605.545,604.89,605.42,319393,0
QQQ.US,5,20260213,202000,605.4299,605.83,605.19,605.7,305737,0
QQQ.US,5,20260213,202500,605.7,605.81,604.4612,604.59,431322,0
QQQ.US,5,20260213,203000,604.6,605.31,604.59,605.14,477398,0
QQQ.US,5,20260213,203500,605.16,605.35,604.3,604.63,317408,0
QQQ.US,5,20260213,204000,604.64,604.93,603.88,604.35,496851,0
QQQ.US,5,20260213,204500,604.35,605.01,604.15,604.54,353636,0
QQQ.US,5,20260213,205000,604.56,604.7,603.87,604.15,468232,0
QQQ.US,5,20260213,205500,604.13,604.4,602.92,603,646873,0
QQQ.US,5,20260213,210000,603.26,603.86,603.21,603.74,512973,0
QQQ.US,5,20260213,210500,603.73,603.92,603.14,603.62,475468,0
QQQ.US,5,20260213,211000,603.64,603.64,602.3,602.33,508421,0
QQQ.US,5,20260213,211500,602.32,603.03,602.1,602.95,569884,0
QQQ.US,5,20260213,212000,602.92,602.98,602.02,602.04,514126,0
QQQ.US,5,20260213,212500,602.03,602.23,600.63,600.8999,912203,0
QQQ.US,5,20260213,213000,600.88,601.41,600.26,600.3,1128666,0
QQQ.US,5,20260213,213500,600.3,600.9,600.09,600.52,851613,0
QQQ.US,5,20260213,214000,600.55,601.09,600.15,600.53,840410,0
QQQ.US,5,20260213,214500,600.52,601.66,600.42,601.44,980796,0
QQQ.US,5,20260213,215000,601.4,601.88,600.54,601.68,1403607,0
QQQ.US,5,20260213,215500,601.69,602,601.03,601.9,1704458,0
QQQ.US,5,20260217,153000,598.375,600.86,597.11,600.8,1672322,0
QQQ.US,5,20260217,153500,600.84,602.2,600.43,601.76,1567544,0
QQQ.US,5,20260217,154000,601.76,602.04,599.04,599.4,1145276,0
QQQ.US,5,20260217,154500,599.44,599.64,597.46,598.4399,1276994,0
QQQ.US,5,20260217,155000,598.44,598.78,595.14,595.31,1327485,0
QQQ.US,5,20260217,155500,595.3,595.67,593.96,594.16,1035030,0
QQQ.US,5,20260217,160000,594.16,596.14,593.69,595.85,996112,0
QQQ.US,5,20260217,160500,595.88,596.28,594.76,594.81,810916,0
QQQ.US,5,20260217,161000,594.83,595.61,594,594.53,741211,0
QQQ.US,5,20260217,161500,594.52,597.95,594.47,597.77,1054301,0
QQQ.US,5,20260217,162000,597.79,597.93,595.31,595.61,798402,0
QQQ.US,5,20260217,162500,595.64,596.07,594.7257,595.2,735859,0
QQQ.US,5,20260217,163000,595.17,595.55,593.34,593.67,996135,0
QQQ.US,5,20260217,163500,593.71,594.76,593.48,593.53,858067,0
QQQ.US,5,20260217,164000,593.52,594.85,593.4901,594.78,704088,0
QQQ.US,5,20260217,164500,594.82,596.635,594.64,596.258,849681,0
QQQ.US,5,20260217,165000,596.22,596.95,595.48,596.36,1037891,0
QQQ.US,5,20260217,165500,596.36,597.06,595.9,596.99,866477,0
QQQ.US,5,20260217,170000,596.95,598.56,596.805,598.2,1029330,0
QQQ.US,5,20260217,170500,598.22,600.17,598.11,600.06,1033194,0
QQQ.US,5,20260217,171000,600.05,601.47,599.99,601.16,1039181,0
QQQ.US,5,20260217,171500,601.14,601.58,600.49,601.32,750811,0
QQQ.US,5,20260217,172000,601.33,601.7,600.75,601.42,773213,0
QQQ.US,5,20260217,172500,601.43,601.55,599.9143,600.06,853937,0
QQQ.US,5,20260217,173000,600.03,600.18,599.22,600,879464,0
QQQ.US,5,20260217,173500,600.01,601.3,599.78,600.85,712517,0
QQQ.US,5,20260217,174000,600.84,601.12,600.18,600.24,616191,0
QQQ.US,5,20260217,174500,600.21,600.72,599.91,600.07,548238,0
QQQ.US,5,20260217,175000,600.09,600.87,600.03,600.82,448329,0
QQQ.US,5,20260217,175500,600.87,601.49,600.28,600.83,492829,0
QQQ.US,5,20260217,180000,600.81,600.96,599.75,600.43,553789,0
QQQ.US,5,20260217,180500,600.41,600.91,600.066,600.09,404193,0
QQQ.US,5,20260217,181000,600.08,600.35,599.045,599.44,536363,0
QQQ.US,5,20260217,181500,599.42,599.9351,599.11,599.64,399878,0
QQQ.US,5,20260217,182000,599.73,599.85,598.65,599.39,388585,0
QQQ.US,5,20260217,182500,599.42,600.72,599.3,600.7,457335,0
QQQ.US,5,20260217,183000,600.71,600.83,599.09,599.86,598143,0
QQQ.US,5,20260217,183500,599.83,600.3,599.59,599.85,321731,0
QQQ.US,5,20260217,184000,599.84,599.855,598.12,598.16,438875,0
QQQ.US,5,20260217,184500,598.14,598.95,597.6,598.52,592878,0
QQQ.US,5,20260217,185000,598.53,599.05,597.19,597.5,571957,0
QQQ.US,5,20260217,185500,597.5,599.52,597.33,599.333,615822,0
QQQ.US,5,20260217,190000,599.34,599.51,598.54,598.97,484848,0
QQQ.US,5,20260217,190500,598.98,599.07,598.27,598.61,515030,0
QQQ.US,5,20260217,191000,598.63,599.32,598.13,598.76,580592,0
QQQ.US,5,20260217,191500,598.7234,599.09,598.22,598.73,445484,0
QQQ.US,5,20260217,192000,598.73,601.445,598.54,600.98,800648,0
QQQ.US,5,20260217,192500,600.97,601.28,600.24,601.0202,499893,0
QQQ.US,5,20260217,193000,601.035,601.83,600.6,601.54,455415,0
QQQ.US,5,20260217,193500,601.54,602.27,600.94,602.265,678688,0
QQQ.US,5,20260217,194000,602.24,603.09,602.18,602.42,663552,0
QQQ.US,5,20260217,194500,602.425,602.73,602.11,602.52,552941,0
QQQ.US,5,20260217,195000,602.51,603.22,602.31,603.175,424327,0
QQQ.US,5,20260217,195500,603.19,603.58,602.63,602.88,456000,0
QQQ.US,5,20260217,200000,602.89,603.31,602.655,603.14,618027,0
QQQ.US,5,20260217,200500,603.14,603.33,602.73,602.935,421124,0
QQQ.US,5,20260217,201000,602.94,603.08,602.42,603.043,417721,0
QQQ.US,5,20260217,201500,603.03,603.265,602.7,602.89,346992,0
QQQ.US,5,20260217,202000,602.905,603.41,602.7,603.28,302333,0
QQQ.US,5,20260217,202500,603.273,603.3299,602.57,602.67,398667,0
QQQ.US,5,20260217,203000,602.68,603.495,602.495,603.49,313530,0
QQQ.US,5,20260217,203500,603.4987,603.875,603.22,603.51,420168,0
QQQ.US,5,20260217,204000,603.52,603.95,603.41,603.58,361999,0
QQQ.US,5,20260217,204500,603.58,603.63,603.11,603.2,304228,0
QQQ.US,5,20260217,205000,603.2,603.23,602.305,602.64,490263,0
QQQ.US,5,20260217,205500,602.63,602.79,601.995,602.17,511389,0
QQQ.US,5,20260217,210000,602.17,602.82,602.07,602.395,510433,0
QQQ.US,5,20260217,210500,602.39,602.48,601.89,602.02,306400,0
QQQ.US,5,20260217,211000,602.05,602.17,601.69,602.11,496635,0
QQQ.US,5,20260217,211500,602.105,602.26,601.53,601.555,752023,0
QQQ.US,5,20260217,212000,601.56,601.93,601.08,601.23,523544,0
QQQ.US,5,20260217,212500,601.23,601.55,600.99,601.1616,427138,0
QQQ.US,5,20260217,213000,601.17,601.22,600.4201,600.75,762679,0
QQQ.US,5,20260217,213500,600.75,600.999,600.25,600.44,617757,0
QQQ.US,5,20260217,214000,600.43,601.7,600.39,601.38,607307,0
QQQ.US,5,20260217,214500,601.3801,601.47,600.78,601.01,499332,0
QQQ.US,5,20260217,215000,600.98,601.48,600.38,600.735,1209168,0
QQQ.US,5,20260217,215500,600.735,601.36,600.34,601.3,1740491,0
QQQ.US,5,20260218,153000,602.11,602.71,600.72,601.13,2253666,0
QQQ.US,5,20260218,153500,601.14,602.82,600.82,601.98,1494795,0
QQQ.US,5,20260218,154000,601.99,603.545,601.58,603.11,1375686,0
QQQ.US,5,20260218,154500,603.11,603.8,601.73,601.95,1096115,0
QQQ.US,5,20260218,155000,601.93,604.15,601.875,603.97,951385,0
QQQ.US,5,20260218,155500,603.968,605.69,603.908,605.35,1234133,0
QQQ.US,5,20260218,160000,605.2999,607.12,605.18,607.1,1535858,0
QQQ.US,5,20260218,160500,607.104,607.87,606.76,607.19,1327006,0
QQQ.US,5,20260218,161000,607.17,607.785,606.615,607.7,1094277,0
QQQ.US,5,20260218,161500,607.71,608.47,607.54,607.98,1195801,0
QQQ.US,5,20260218,162000,607.97,608.37,607.71,607.8699,623668,0
QQQ.US,5,20260218,162500,607.86,608.37,607.57,608.07,704489,0
QQQ.US,5,20260218,163000,608.065,608.11,607.2,607.24,663805,0
QQQ.US,5,20260218,163500,607.23,608.14,607.2,608.0909,551013,0
QQQ.US,5,20260218,164000,608.08,608.64,607.87,608.27,656973,0
QQQ.US,5,20260218,164500,608.27,608.77,607.99,608.43,623470,0
QQQ.US,5,20260218,165000,608.4499,608.7197,607.945,608.715,552699,0
QQQ.US,5,20260218,165500,608.71,609.07,608.61,608.775,617504,0
QQQ.US,5,20260218,170000,608.78,609.13,608.67,609.09,520769,0
QQQ.US,5,20260218,170500,609.09,609.48,608.67,608.78,626678,0
QQQ.US,5,20260218,171000,608.78,609.115,608.77,609.07,415296,0
QQQ.US,5,20260218,171500,609.07,609.33,608.71,608.79,426708,0
QQQ.US,5,20260218,172000,608.79,609.04,608.56,609.04,464203,0
QQQ.US,5,20260218,172500,609.03,609.17,608.765,608.94,357379,0
QQQ.US,5,20260218,173000,608.94,609.5,608.77,609.19,543549,0
QQQ.US,5,20260218,173500,609.19,609.43,609.06,609.33,375669,0
QQQ.US,5,20260218,174000,609.33,609.43,609.07,609.215,368649,0
QQQ.US,5,20260218,174500,609.2,609.35,608.79,608.815,495545,0
QQQ.US,5,20260218,175000,608.82,608.99,608.29,608.46,431729,0
QQQ.US,5,20260218,175500,608.455,608.66,608.09,608.18,444386,0
QQQ.US,5,20260218,180000,608.18,609.0001,608.1,608.9801,409774,0
QQQ.US,5,20260218,180500,608.99,609.771,608.96,609.26,669446,0
QQQ.US,5,20260218,181000,609.26,609.34,608.46,608.71,396678,0
QQQ.US,5,20260218,181500,608.71,609.42,608.62,609.34,373295,0
QQQ.US,5,20260218,182000,609.31,609.44,609.19,609.25,229719,0
QQQ.US,5,20260218,182500,609.25,609.25,608.78,608.86,253668,0
QQQ.US,5,20260218,183000,608.8591,609.16,608.515,608.59,331227,0
QQQ.US,5,20260218,183500,608.6,608.88,608.53,608.795,290147,0
QQQ.US,5,20260218,184000,608.79,608.79,608.37,608.6,254778,0
QQQ.US,5,20260218,184500,608.61,608.96,608.5101,608.8,308345,0
QQQ.US,5,20260218,185000,608.79,609.35,608.79,609.305,417990,0
QQQ.US,5,20260218,185500,609.29,609.44,608.91,609.06,290149,0
QQQ.US,5,20260218,190000,609.04,609.76,609.01,609.35,270307,0
QQQ.US,5,20260218,190500,609.34,609.38,608.84,608.93,251099,0
QQQ.US,5,20260218,191000,608.92,609.07,608.615,608.7201,247144,0
QQQ.US,5,20260218,191500,608.725,608.92,608.62,608.65,213127,0
QQQ.US,5,20260218,192000,608.66,608.75,608.36,608.4,306653,0
QQQ.US,5,20260218,192500,608.41,608.57,607.93,608.22,587937,0
QQQ.US,5,20260218,193000,608.23,608.44,607.82,608.12,426492,0
QQQ.US,5,20260218,193500,608.12,608.52,608.04,608.18,355987,0
QQQ.US,5,20260218,194000,608.17,608.22,606.93,607.42,765405,0
QQQ.US,5,20260218,194500,607.41,607.86,607.27,607.41,476498,0
QQQ.US,5,20260218,195000,607.4,607.49,606.26,607.24,817870,0
QQQ.US,5,20260218,195500,607.23,607.53,607.08,607.32,383209,0
QQQ.US,5,20260218,200000,607.3,607.57,606.86,607.42,471250,0
QQQ.US,5,20260218,200500,607.4531,607.515,607,607.0101,292145,0
QQQ.US,5,20260218,201000,607.03,607.42,606.84,606.9,408477,0
QQQ.US,5,20260218,201500,606.91,607.05,606.57,606.7137,470750,0
QQQ.US,5,20260218,202000,606.71,607.27,606.64,606.9765,510783,0
QQQ.US,5,20260218,202500,606.99,607.1799,606.37,606.52,542446,0
QQQ.US,5,20260218,203000,606.51,606.7,605.63,605.8484,918143,0
QQQ.US,5,20260218,203500,605.86,605.9,604.56,605.02,995450,0
QQQ.US,5,20260218,204000,605.005,605.45,604.69,604.94,698611,0
QQQ.US,5,20260218,204500,604.96,605.54,604.8,604.96,597266,0
QQQ.US,5,20260218,205000,604.95,605.01,604.36,604.465,659812,0
QQQ.US,5,20260218,205500,604.46,604.56,603.405,603.9,978160,0
QQQ.US,5,20260218,210000,603.89,604.82,603.8,604.35,887861,0
QQQ.US,5,20260218,210500,604.36,604.52,603.98,604.025,459544,0
QQQ.US,5,20260218,211000,604.06,604.15,603.49,603.77,621244,0
QQQ.US,5,20260218,211500,603.76,604.05,603.25,603.753,707364,0
QQQ.US,5,20260218,212000,603.76,604.04,603.41,604.03,524007,0
QQQ.US,5,20260218,212500,604,604.13,603.68,603.7325,522398,0
QQQ.US,5,20260218,213000,603.73,604.7299,603.62,604.61,732192,0
QQQ.US,5,20260218,213500,604.6,605.18,604.4701,605.11,547517,0
QQQ.US,5,20260218,214000,605.11,605.56,604.88,605.33,733915,0
QQQ.US,5,20260218,214500,605.34,606.18,605.18,605.95,1090879,0
QQQ.US,5,20260218,215000,605.96,606.675,605.71,606.4401,1126361,0
QQQ.US,5,20260218,215500,606.46,606.61,605.51,605.78,2175970,0
QQQ.US,5,20260219,153000,602.81,603.97,602.37,602.84,1293616,0
QQQ.US,5,20260219,153500,602.8,602.89,601.09,602.34,1458964,0
QQQ.US,5,20260219,154000,602.34,603.36,601.34,603.07,1201158,0
QQQ.US,5,20260219,154500,603.09,603.21,601.42,602.6,913530,0
QQQ.US,5,20260219,155000,602.61,604.1,602.6,603.48,963211,0
QQQ.US,5,20260219,155500,603.47,604.88,603.43,603.9203,801130,0
QQQ.US,5,20260219,160000,603.94,605.62,603.14,604.96,1068002,0
QQQ.US,5,20260219,160500,604.95,605.14,604.1,604.25,675850,0
QQQ.US,5,20260219,161000,604.24,604.745,603.51,603.83,589326,0
QQQ.US,5,20260219,161500,603.83,605.13,603.78,604.425,693856,0
QQQ.US,5,20260219,162000,604.4257,604.87,603.355,604.78,657353,0
QQQ.US,5,20260219,162500,604.76,604.77,603.33,603.4,623240,0
QQQ.US,5,20260219,163000,603.39,605.37,603.19,605.31,831696,0
QQQ.US,5,20260219,163500,605.31,605.4499,604.52,604.88,596239,0
QQQ.US,5,20260219,164000,604.88,605.26,604.62,604.85,386800,0
QQQ.US,5,20260219,164500,604.86,605.15,604.49,604.85,442287,0
QQQ.US,5,20260219,165000,604.88,604.89,603.49,603.76,675147,0
QQQ.US,5,20260219,165500,603.75,605.05,603.72,604.9425,460952,0
QQQ.US,5,20260219,170000,604.96,605.19,604.08,604.2364,560088,0
QQQ.US,5,20260219,170500,604.2,604.37,603.24,604.255,611386,0
QQQ.US,5,20260219,171000,604.27,604.71,603.76,604.53,533251,0
QQQ.US,5,20260219,171500,604.54,605.62,604.45,605.42,524578,0
QQQ.US,5,20260219,172000,605.42,605.815,605.31,605.48,484992,0
QQQ.US,5,20260219,172500,605.49,605.62,603.75,603.75,702071,0
QQQ.US,5,20260219,173000,603.77,604.87,603.745,604.79,533861,0
QQQ.US,5,20260219,173500,604.79,604.83,603.9,604.21,404053,0
QQQ.US,5,20260219,174000,604.2,604.33,603.15,603.16,447600,0
QQQ.US,5,20260219,174500,603.16,603.52,602.41,602.71,717983,0
QQQ.US,5,20260219,175000,602.7,603.7101,602.025,603.65,705151,0
QQQ.US,5,20260219,175500,603.65,603.71,602.8612,603.03,454512,0
QQQ.US,5,20260219,180000,603.04,603.18,602.31,602.54,376359,0
QQQ.US,5,20260219,180500,602.53,603.26,602.23,602.7,570025,0
QQQ.US,5,20260219,181000,602.68,603.21,602.55,603.07,471034,0
QQQ.US,5,20260219,181500,603.075,603.78,602.64,603.69,446169,0
QQQ.US,5,20260219,182000,603.7,604.49,603.47,604.115,420747,0
QQQ.US,5,20260219,182500,604.07,604.19,603.16,603.43,406438,0
QQQ.US,5,20260219,183000,603.43,603.69,603.11,603.285,346256,0
QQQ.US,5,20260219,183500,603.25,603.57,602.84,603.15,324591,0
QQQ.US,5,20260219,184000,603.15,603.55,602.94,602.97,329878,0
QQQ.US,5,20260219,184500,602.98,603.03,601.57,601.93,671658,0
QQQ.US,5,20260219,185000,601.9,602.53,601.27,601.7899,782169,0
QQQ.US,5,20260219,185500,601.78,602.205,601.14,601.49,622453,0
QQQ.US,5,20260219,190000,601.51,601.825,601.19,601.3,425666,0
QQQ.US,5,20260219,190500,601.31,602.1,601.3034,602.06,400440,0
QQQ.US,5,20260219,191000,602,602.92,601.76,602.75,526401,0
QQQ.US,5,20260219,191500,602.73,602.78,601.25,601.32,582063,0
QQQ.US,5,20260219,192000,601.3,601.62,600.75,601.46,691244,0
QQQ.US,5,20260219,192500,601.43,602.03,601.19,601.705,485301,0
QQQ.US,5,20260219,193000,601.69,602.065,601.2325,601.41,464158,0
QQQ.US,5,20260219,193500,601.43,601.73,601.16,601.65,393101,0
QQQ.US,5,20260219,194000,601.66,601.78,601.24,601.6,410132,0
QQQ.US,5,20260219,194500,601.59,602.56,601.57,602.39,498026,0
QQQ.US,5,20260219,195000,602.39,602.52,601.97,602.31,268487,0
QQQ.US,5,20260219,195500,602.305,603.15,602.17,603,329874,0
QQQ.US,5,20260219,200000,602.96,603.05,602.4625,602.67,309711,0
QQQ.US,5,20260219,200500,602.66,603.09,602.59,602.95,253481,0
QQQ.US,5,20260219,201000,602.98,603,602.31,602.545,350707,0
QQQ.US,5,20260219,201500,602.55,602.9399,602.495,602.89,192180,0
QQQ.US,5,20260219,202000,602.88,603.15,602.66,603.06,224271,0
QQQ.US,5,20260219,202500,603.06,603.135,601.83,602.19,410299,0
QQQ.US,5,20260219,203000,602.18,602.58,602.09,602.35,407368,0
QQQ.US,5,20260219,203500,602.34,602.39,601.005,601.03,521794,0
QQQ.US,5,20260219,204000,601.01,601.65,600.89,601.345,579718,0
QQQ.US,5,20260219,204500,601.345,601.62,600.82,601.17,438262,0
QQQ.US,5,20260219,205000,601.18,601.715,601.08,601.4,453174,0
QQQ.US,5,20260219,205500,601.41,601.8,601.3501,601.56,413949,0
QQQ.US,5,20260219,210000,601.54,602.48,601.53,602.25,740080,0
QQQ.US,5,20260219,210500,602.25,602.26,601.71,601.81,339021,0
QQQ.US,5,20260219,211000,601.8101,602.15,601.72,601.87,303220,0
QQQ.US,5,20260219,211500,601.86,602.06,601.43,602.06,375545,0
QQQ.US,5,20260219,212000,602.07,602.21,601.65,601.7,379476,0
QQQ.US,5,20260219,212500,601.7,601.8151,601.51,601.68,272955,0
QQQ.US,5,20260219,213000,601.67,602.39,601.55,602.14,458072,0
QQQ.US,5,20260219,213500,602.1424,602.29,601.94,602.03,258276,0
QQQ.US,5,20260219,214000,602.025,602.305,601.8198,602.17,387211,0
QQQ.US,5,20260219,214500,602.18,602.88,602.09,602.79,674112,0
QQQ.US,5,20260219,215000,602.78,602.975,602.4,602.87,653252,0
QQQ.US,5,20260219,215500,602.86,603.56,602.77,603.47,1654177,0
QQQ.US,5,20260220,153000,600.12,602.64,599.23,602.27,1949401,0
QQQ.US,5,20260220,153500,602.29,604.24,602.02,603.42,880203,0
QQQ.US,5,20260220,154000,603.85,605.738,603.66,605.05,685462,0
QQQ.US,5,20260220,154500,605.2,605.94,604.38,604.51,710751,0
QQQ.US,5,20260220,155000,604.57,604.66,603.42,603.9401,794071,0
QQQ.US,5,20260220,155500,604.01,604.76,603.46,604.41,681284,0
QQQ.US,5,20260220,160000,604.45,608.98,604.265,606.13,1222918,0
QQQ.US,5,20260220,160500,606.11,606.56,603.56,606.5099,1335563,0
QQQ.US,5,20260220,161000,606.5,607.79,605.19,605.26,1172597,0
QQQ.US,5,20260220,161500,605.28,606.97,603.66,606.15,975958,0
QQQ.US,5,20260220,162000,606.17,607.77,606.03,607.13,789253,0
QQQ.US,5,20260220,162500,607.1498,607.9,605.92,606.17,921046,0
QQQ.US,5,20260220,163000,606.21,606.89,604.79,605.53,910402,0
QQQ.US,5,20260220,163500,605.56,607.39,605.17,607.14,751643,0
QQQ.US,5,20260220,164000,607.16,608.61,605.85,608.575,1087857,0
QQQ.US,5,20260220,164500,608.57,609.38,607.62,608.8101,985015,0
QQQ.US,5,20260220,165000,608.84,609.96,608.34,609.75,837323,0
QQQ.US,5,20260220,165500,609.75,610.04,609.32,609.86,643020,0
QQQ.US,5,20260220,170000,609.86,610.35,609.45,609.95,609938,0
QQQ.US,5,20260220,170500,609.98,610.029,609.38,609.56,554356,0
QQQ.US,5,20260220,171000,609.55,609.86,608.7,608.81,654130,0
QQQ.US,5,20260220,171500,608.82,609.06,607.49,607.97,914408,0
QQQ.US,5,20260220,172000,608,608.03,606.92,607.26,789282,0
QQQ.US,5,20260220,172500,607.26,607.42,606.4125,606.48,586024,0
QQQ.US,5,20260220,173000,606.48,608.11,606.22,607.96,720660,0
QQQ.US,5,20260220,173500,607.96,608.79,607.35,608.77,601296,0
QQQ.US,5,20260220,174000,608.8,609.6235,608.42,609.24,549742,0
QQQ.US,5,20260220,174500,609.23,610.05,609.15,610,637358,0
QQQ.US,5,20260220,175000,610.0025,610.12,609.37,609.93,527971,0
QQQ.US,5,20260220,175500,609.93,610.01,609.6,609.86,134909,0
QQQ.US,5,20260220,180000,609.46,609.63,608.57,608.62,360755,0
QQQ.US,5,20260220,180500,608.63,608.73,607.702,607.785,486415,0
QQQ.US,5,20260220,181000,607.8,607.8,606.54,606.5835,654370,0
QQQ.US,5,20260220,181500,606.58,606.59,605.05,605.24,1145299,0
QQQ.US,5,20260220,182000,605.2265,605.57,604.2,604.25,930810,0
QQQ.US,5,20260220,182500,604.25,605.25,604.08,605.24,899246,0
QQQ.US,5,20260220,183000,605.26,606.34,605.06,605.88,655798,0
QQQ.US,5,20260220,183500,605.905,606.215,604.89,606.09,851663,0
QQQ.US,5,20260220,184000,606.0922,606.31,605.32,606.1,614706,0
QQQ.US,5,20260220,184500,606.101,607.21,605.7,607.06,767138,0
QQQ.US,5,20260220,185000,607.06,607.94,606.61,607.64,817132,0
QQQ.US,5,20260220,185500,607.64,608.04,606.21,607.82,872949,0
QQQ.US,5,20260220,190000,607.81,608.09,607.05,607.1101,751333,0
QQQ.US,5,20260220,190500,607.13,608.02,607.04,607.55,433300,0
QQQ.US,5,20260220,191000,607.5606,607.58,606.78,607.05,427336,0
QQQ.US,5,20260220,191500,607.03,607.05,606.1201,606.455,499622,0
QQQ.US,5,20260220,192000,606.49,606.9,605.26,606.59,882673,0
QQQ.US,5,20260220,192500,606.62,606.71,605.62,606.2,614169,0
QQQ.US,5,20260220,193000,606.16,608.54,605.27,607.63,1158462,0
QQQ.US,5,20260220,193500,607.55,608.33,606.13,607.58,1258348,0
QQQ.US,5,20260220,194000,607.57,608.82,607.52,608.66,562970,0
QQQ.US,5,20260220,194500,608.65,609.9,608.64,609.02,777848,0
QQQ.US,5,20260220,195000,609.01,609.59,608.1,609.4,804206,0
QQQ.US,5,20260220,195500,609.41,609.665,609.05,609.29,406932,0
QQQ.US,5,20260220,200000,609.37,609.81,609.28,609.45,378566,0
QQQ.US,5,20260220,200500,609.44,609.49,608.76,608.92,367433,0
QQQ.US,5,20260220,201000,608.95,609.13,608.3901,608.4799,475937,0
QQQ.US,5,20260220,201500,608.49,608.615,608.24,608.43,316522,0
QQQ.US,5,20260220,202000,608.44,609.025,608.25,608.72,343632,0
QQQ.US,5,20260220,202500,608.71,608.77,607.9,608.272,353994,0
QQQ.US,5,20260220,203000,608.25,608.84,608.25,608.46,413208,0
QQQ.US,5,20260220,203500,608.49,608.57,608.01,608.18,301446,0
QQQ.US,5,20260220,204000,608.2,608.41,607.81,607.9,331831,0
QQQ.US,5,20260220,204500,607.92,608.07,607.67,607.92,301615,0
QQQ.US,5,20260220,205000,607.92,608.52,607.78,607.91,365287,0
QQQ.US,5,20260220,205500,607.9101,608.13,607.41,607.5,356088,0
QQQ.US,5,20260220,210000,607.515,608.22,607.36,608.05,501714,0
QQQ.US,5,20260220,210500,608.04,608.83,608.01,608.56,608725,0
QQQ.US,5,20260220,211000,608.57,608.74,608.36,608.602,284899,0
QQQ.US,5,20260220,211500,608.59,608.65,608,608.06,394281,0
QQQ.US,5,20260220,212000,608.08,608.11,607.58,607.68,298448,0
QQQ.US,5,20260220,212500,607.68,607.79,607.32,607.48,489209,0
QQQ.US,5,20260220,213000,607.49,607.915,607.4,607.61,367299,0
QQQ.US,5,20260220,213500,607.62,608.077,607.53,608.0165,302899,0
QQQ.US,5,20260220,214000,608.02,608.44,607.98,608.43,426281,0
QQQ.US,5,20260220,214500,608.42,608.54,608.05,608.07,636175,0
QQQ.US,5,20260220,215000,608.07,608.5,607.8398,608.3,963455,0
QQQ.US,5,20260220,215500,608.3,608.9,608.08,608.81,2477790,0
QQQ.US,5,20260223,153000,606.605,608.01,606.34,607.09,1727873,0
QQQ.US,5,20260223,153500,607.15,607.72,606.19,606.95,1121441,0
QQQ.US,5,20260223,154000,606.96,606.96,604.16,604.19,1273008,0
QQQ.US,5,20260223,154500,604.17,605.19,603.59,604.44,1198673,0
QQQ.US,5,20260223,155000,604.4,606.2,604.35,605.23,1171973,0
QQQ.US,5,20260223,155500,605.18,605.68,604.6588,604.98,636319,0
QQQ.US,5,20260223,160000,604.99,605.88,603.77,603.84,1171880,0
QQQ.US,5,20260223,160500,603.83,604.435,603.225,603.61,1232946,0
QQQ.US,5,20260223,161000,603.5961,604.67,603.5961,604.03,933201,0
QQQ.US,5,20260223,161500,604.05,604.66,603.64,604.66,671006,0
QQQ.US,5,20260223,162000,604.665,605.36,604.13,604.59,812054,0
QQQ.US,5,20260223,162500,604.57,604.73,603.83,603.99,543162,0
QQQ.US,5,20260223,163000,603.98,604.665,603.45,603.475,938745,0
QQQ.US,5,20260223,163500,603.47,603.97,602.99,603.3,828492,0
QQQ.US,5,20260223,164000,603.31,603.55,602.66,602.94,539499,0
QQQ.US,5,20260223,164500,602.93,603.48,602.55,602.80664,508359,0
QQQ.US,5,20260223,165000,602.84,603.18,601.58,601.63,855638,0
QQQ.US,5,20260223,165500,601.635,601.76,600.75,600.85,1057832,0
QQQ.US,5,20260223,170000,600.86,601.17,599.53,600.01,1164034,0
QQQ.US,5,20260223,170500,600.03,600.1,599.12,599.4399,976730,0
QQQ.US,5,20260223,171000,599.44,599.99,599.05,599.37,1059741,0
QQQ.US,5,20260223,171500,599.39,600.39,599.05,600.33,901841,0
QQQ.US,5,20260223,172000,600.32,600.825,600.08,600.4,1026713,0
QQQ.US,5,20260223,172500,600.37,601.74,600.36,601.68,789703,0
QQQ.US,5,20260223,173000,601.66,601.95,601.19,601.38,797681,0
QQQ.US,5,20260223,173500,601.38,601.77,601.02,601.24,547167,0
QQQ.US,5,20260223,174000,601.22,601.79,601.13,601.375,424445,0
QQQ.US,5,20260223,174500,601.37,601.5,600.62,601,616023,0
QQQ.US,5,20260223,175000,601.01,601.48,600.75,600.99,454883,0
QQQ.US,5,20260223,175500,600.99,601.16,600.47,600.655,357835,0
QQQ.US,5,20260223,180000,600.66,601.2,600.5,600.88,446688,0
QQQ.US,5,20260223,180500,600.88,601.33,600.66,600.82,411235,0
QQQ.US,5,20260223,181000,600.8,601.06,600.43,600.61,362063,0
QQQ.US,5,20260223,181500,600.61,601.21,600.59,600.75,330601,0
QQQ.US,5,20260223,182000,600.74,601.29,600.66,601,255159,0
QQQ.US,5,20260223,182500,601.01,601.26,600.8,600.86,247656,0
QQQ.US,5,20260223,183000,600.84,600.92,600.29,600.37,417000,0
QQQ.US,5,20260223,183500,600.37,600.38,599.35,599.37,659524,0
QQQ.US,5,20260223,184000,599.375,600.47,599.28,599.84,730656,0
QQQ.US,5,20260223,184500,599.84,600.27,599.67,599.855,395229,0
QQQ.US,5,20260223,185000,599.85,600.985,599.83,600.77,568184,0
QQQ.US,5,20260223,185500,600.78,601.15,600.58,600.885,464902,0
QQQ.US,5,20260223,190000,600.87,601.33,600.75,601.15,377920,0
QQQ.US,5,20260223,190500,601.15,601.7,601.07,601.6,363398,0
QQQ.US,5,20260223,191000,601.6,601.96,601.2837,601.84,378260,0
QQQ.US,5,20260223,191500,601.84,602.19,601.75,601.88,453016,0
QQQ.US,5,20260223,192000,601.8813,602.7001,601.75,602.62,569312,0
QQQ.US,5,20260223,192500,602.61,602.67,602.3,602.46,528902,0
QQQ.US,5,20260223,193000,602.46,602.47,602.03,602.33,435612,0
QQQ.US,5,20260223,193500,602.34,602.68,602.21,602.26,425911,0
QQQ.US,5,20260223,194000,602.27,602.4,601.655,601.85,430759,0
QQQ.US,5,20260223,194500,601.83,602.24,601.63,602.01,376549,0
QQQ.US,5,20260223,195000,602.03,602.09,601.13,601.16,352626,0
QQQ.US,5,20260223,195500,601.15,601.255,600.29,600.47,544636,0
QQQ.US,5,20260223,200000,600.47,600.895,600.34,600.53,704494,0
QQQ.US,5,20260223,200500,600.55,601.14,600.5,600.84,413153,0
QQQ.US,5,20260223,201000,600.85,601.13,600.61,600.85,288392,0
QQQ.US,5,20260223,201500,600.86653,601.09,600.47,600.62,437783,0
QQQ.US,5,20260223,202000,600.62,600.77,600.47,600.63,277024,0
QQQ.US,5,20260223,202500,600.64,600.81,600.04,600.21,300647,0
QQQ.US,5,20260223,203000,600.19,600.54,600.1,600.17,357475,0
QQQ.US,5,20260223,203500,600.16,600.24,599.9,600.04,514095,0
QQQ.US,5,20260223,204000,600.06,600.07,599.42,599.76,645525,0
QQQ.US,5,20260223,204500,599.76,600.11,599.62,600.03,628868,0
QQQ.US,5,20260223,205000,600.0201,600.14,599.64,599.73,409396,0
QQQ.US,5,20260223,205500,599.72,600.1995,599.43,599.5935,465537,0
QQQ.US,5,20260223,210000,599.6,599.94,599.5,599.805,472418,0
QQQ.US,5,20260223,210500,599.81,599.93,599.42,599.58,404383,0
QQQ.US,5,20260223,211000,599.57,599.64,599.305,599.45,485304,0
QQQ.US,5,20260223,211500,599.45,599.98,599.435,599.7,409191,0
QQQ.US,5,20260223,212000,599.68,599.81,599.44,599.81,312598,0
QQQ.US,5,20260223,212500,599.8001,600.16,599.7104,599.97,434061,0
QQQ.US,5,20260223,213000,599.97,601.05,599.92,600.935,825485,0
QQQ.US,5,20260223,213500,600.93,600.93,600.2792,600.47,445435,0
QQQ.US,5,20260223,214000,600.46,600.63,600.07,600.53,498836,0
QQQ.US,5,20260223,214500,600.535,600.66,600.25,600.615,320661,0
QQQ.US,5,20260223,215000,600.57,600.82,600.17,600.235,783905,0
QQQ.US,5,20260223,215500,600.23,601.5312,600.06,601.45,1947315,0
QQQ.US,5,20260224,153000,602.4,602.87,600.09,600.785,1664776,0
QQQ.US,5,20260224,153500,600.81,602.65,599.73,602.37,1590040,0
QQQ.US,5,20260224,154000,602.37,604.97,602.31,604.89,1574769,0
QQQ.US,5,20260224,154500,604.89,606.22,604.83,605.75,1947454,0
QQQ.US,5,20260224,155000,605.74,605.87,604.725,605.03,1332134,0
QQQ.US,5,20260224,155500,605.02,605.03,603.75,604.115,940520,0
QQQ.US,5,20260224,160000,604.08,604.14,602.74,603.2499,783440,0
QQQ.US,5,20260224,160500,603.24,604.81,603.16,604.6607,885351,0
QQQ.US,5,20260224,161000,604.68,605.22,603.56,603.86,945609,0
QQQ.US,5,20260224,161500,603.84,604.76,603.58,604.55,779040,0
QQQ.US,5,20260224,162000,604.5332,605.93,604.4,605.84,1141508,0
QQQ.US,5,20260224,162500,605.87,607.44,605.54,607.37,1072634,0
QQQ.US,5,20260224,163000,607.38,607.66,607.04,607.32,1153548,0
QQQ.US,5,20260224,163500,607.34,607.38,606.77,607.11,649740,0
QQQ.US,5,20260224,164000,607.1,607.83,606.96,607.5,632933,0
QQQ.US,5,20260224,164500,607.51,607.54,606.98,607.31,437874,0
QQQ.US,5,20260224,165000,607.31,607.31,606.61,606.7,414226,0
QQQ.US,5,20260224,165500,606.72,606.96,606.31,606.525,420319,0
QQQ.US,5,20260224,170000,606.51,607.71,606.475,607.56,615651,0
QQQ.US,5,20260224,170500,607.55,607.87,607.14,607.4,599096,0
QQQ.US,5,20260224,171000,607.38,608.21,607.09,607.9,722996,0
QQQ.US,5,20260224,171500,607.89,608.0599,607.41,607.55,488655,0
QQQ.US,5,20260224,172000,607.54,607.63,606.9601,607.33,410596,0
QQQ.US,5,20260224,172500,607.32,607.59,607.238,607.43,285351,0
QQQ.US,5,20260224,173000,607.42,607.47,606.35,606.42,484456,0
QQQ.US,5,20260224,173500,606.4,607.05,606.37,606.88,376806,0
QQQ.US,5,20260224,174000,606.89,607.25,606.56,606.82,339093,0
QQQ.US,5,20260224,174500,606.82,607.505,606.7699,607.28,374536,0
QQQ.US,5,20260224,175000,607.28,607.91,607.08,607.77,457056,0
QQQ.US,5,20260224,175500,607.77,608.0483,607.59,607.76,405153,0
QQQ.US,5,20260224,180000,607.77,608.05,607.6,607.82,467935,0
QQQ.US,5,20260224,180500,607.83,608.32,607.83,608.31,367849,0
QQQ.US,5,20260224,181000,608.31,608.91,608.27,608.43,681336,0
QQQ.US,5,20260224,181500,608.42,608.72,608.24,608.25,261281,0
QQQ.US,5,20260224,182000,608.33,608.6,608.21,608.565,652553,0
QQQ.US,5,20260224,182500,608.6899,608.72,608.58,608.6701,39322,0
QQQ.US,5,20260224,183000,608.44,608.62,608.44,608.5499,16324,0
QQQ.US,5,20260224,183500,608.61,608.66,608.42,608.47,141797,0
QQQ.US,5,20260224,184000,608.315,608.49,608.2,608.46,39233,0
QQQ.US,5,20260224,184500,607.97,608.53,607.8699,608.48,46646,0
QQQ.US,5,20260224,185000,608.49,608.51,608.2501,608.2501,24526,0
QQQ.US,5,20260224,185500,608.18,608.23,608.14,608.23,10312,0
QQQ.US,5,20260224,190000,608.26,608.86,608.26,608.85,38800,0
QQQ.US,5,20260224,190500,608.68,608.687,608.4,608.4194,16128,0
QQQ.US,5,20260224,191000,608.37,608.39,608.17,608.1799,17488,0
QQQ.US,5,20260224,191500,608.05,608.09,608.02,608.0699,15562,0
QQQ.US,5,20260224,192000,607.69,608.08,607.69,607.73,274872,0
QQQ.US,5,20260224,192500,607.74,607.82,607.4565,607.5597,355225,0
QQQ.US,5,20260224,193000,607.56,607.89,607.38,607.785,475126,0
QQQ.US,5,20260224,193500,607.79,608.31,607.61,608.11,494145,0
QQQ.US,5,20260224,194000,608.125,608.285,607.91,608.01,229336,0
QQQ.US,5,20260224,194500,608.015,608.15,607.6158,607.77,283149,0
QQQ.US,5,20260224,195000,607.7801,608.1,607.73,608.015,297558,0
QQQ.US,5,20260224,195500,608.03,608.13,607.8,607.8,265729,0
QQQ.US,5,20260224,200000,607.81,607.9894,607.67,607.86,360064,0
QQQ.US,5,20260224,200500,607.86,607.96,607.58,607.66,299793,0
QQQ.US,5,20260224,201000,607.67,607.7,607.295,607.46,408672,0
QQQ.US,5,20260224,201500,607.44,607.47,606.81,607.17,362688,0
QQQ.US,5,20260224,202000,607.1665,607.275,607.0005,607.13,329820,0
QQQ.US,5,20260224,202500,607.11,607.46,606.98,607.16,570999,0
QQQ.US,5,20260224,203000,607.16,607.41,607.09,607.2,381218,0
QQQ.US,5,20260224,203500,607.2,607.45,607.16,607.445,326410,0
QQQ.US,5,20260224,204000,607.44,607.82,607.38,607.56,398983,0
QQQ.US,5,20260224,204500,607.57,607.71,607.42,607.59,274640,0
QQQ.US,5,20260224,205000,607.59,608.46,607.46,607.5,663397,0
QQQ.US,5,20260224,205500,607.5,607.84,607.45,607.61,395447,0
QQQ.US,5,20260224,210000,607.61,607.78,607.41,607.52,358557,0
QQQ.US,5,20260224,210500,607.54,607.64,607.195,607.26,389998,0
QQQ.US,5,20260224,211000,607.26,607.38,607.11,607.19,359386,0
QQQ.US,5,20260224,211500,607.195,607.49,607,607.46,532311,0
QQQ.US,5,20260224,212000,607.46,607.69,607.27,607.35,364510,0
QQQ.US,5,20260224,212500,607.35,607.53,607.05,607.07,370288,0
QQQ.US,5,20260224,213000,607.07,607.62,606.97,607.51,498123,0
QQQ.US,5,20260224,213500,607.51,607.58,607.21,607.25,368403,0
QQQ.US,5,20260224,214000,607.24,607.87,607.2,607.83,490619,0
QQQ.US,5,20260224,214500,607.83,608.15,607.78,607.99,521326,0
QQQ.US,5,20260224,215000,607.99,608.82,607.96,608.4,1031957,0
QQQ.US,5,20260224,215500,608.41,608.41,607.65,607.82,1806354,0
QQQ.US,5,20260225,153000,611.07,613.07,611,612.561,1553956,0
QQQ.US,5,20260225,153500,612.55,613.319,612.44,613.13,1314512,0
QQQ.US,5,20260225,154000,613.12,613.915,612.84,613.75,1018808,0
QQQ.US,5,20260225,154500,613.75,615.18,613.73,614.9,1551048,0
QQQ.US,5,20260225,155000,614.91,615.6,614.82,615.28,1162243,0
QQQ.US,5,20260225,155500,615.28,615.6599,614.58,615.47,1163541,0
QQQ.US,5,20260225,160000,615.48,615.89,615.27,615.27,875885,0
QQQ.US,5,20260225,160500,615.28,615.49,614.65,614.8637,911831,0
QQQ.US,5,20260225,161000,614.86,615.03,614.52,614.635,574976,0
QQQ.US,5,20260225,161500,614.63,614.77,614.1,614.39,839962,0
QQQ.US,5,20260225,162000,614.39,614.79,614.06,614.67,717981,0
QQQ.US,5,20260225,162500,614.67,615.41,614.56,615.26,906206,0
QQQ.US,5,20260225,163000,615.26,615.44,614.315,614.4,970786,0
QQQ.US,5,20260225,163500,614.39,614.55,614.095,614.36,723073,0
QQQ.US,5,20260225,164000,614.37,614.795,614.28,614.41,793914,0
QQQ.US,5,20260225,164500,614.41,614.78,614.38,614.49,647682,0
QQQ.US,5,20260225,165000,614.49,614.565,613.89,614.06,787028,0
QQQ.US,5,20260225,165500,614.04,614.41,613.61,614.35,712208,0
QQQ.US,5,20260225,170000,614.335,614.7,614.0799,614.25,634067,0
QQQ.US,5,20260225,170500,614.25,614.585,614.07,614.55,337078,0
QQQ.US,5,20260225,171000,614.56,614.57,614.1799,614.44,387599,0
QQQ.US,5,20260225,171500,614.43,614.47,614.05,614.22,345598,0
QQQ.US,5,20260225,172000,614.225,614.54,614.06,614.35,357082,0
QQQ.US,5,20260225,172500,614.34,614.575,614.22,614.46,387575,0
QQQ.US,5,20260225,173000,614.46,614.81,614.42,614.45,529014,0
QQQ.US,5,20260225,173500,614.43,614.805,614.3101,614.775,421137,0
QQQ.US,5,20260225,174000,614.78,615.12,614.74,614.95,403713,0
QQQ.US,5,20260225,174500,614.96,615.21,614.88,615.02,347320,0
QQQ.US,5,20260225,175000,615.02,615.24,614.92,615.04,256617,0
QQQ.US,5,20260225,175500,615.05,615.05,614.795,614.865,357164,0
QQQ.US,5,20260225,180000,614.86,615.235,614.81,615.15,330273,0
QQQ.US,5,20260225,180500,615.16,615.31,614.73,615.12,446665,0
QQQ.US,5,20260225,181000,615.12,615.46,615.02,615.415,253056,0
QQQ.US,5,20260225,181500,615.41,615.43,615.23,615.33,293704,0
QQQ.US,5,20260225,182000,615.335,615.41,615.2001,615.34,199824,0
QQQ.US,5,20260225,182500,615.34,615.42,614.93,614.97,237956,0
QQQ.US,5,20260225,183000,614.965,615.16,614.82,614.98,270427,0
QQQ.US,5,20260225,183500,614.975,615.3,614.975,615.21,248554,0
QQQ.US,5,20260225,184000,615.21,615.44,615.16,615.28,246448,0
QQQ.US,5,20260225,184500,615.2801,615.55,615.21,615.38,334249,0
QQQ.US,5,20260225,185000,615.37,615.7,615.36,615.61,324388,0
QQQ.US,5,20260225,185500,615.61,615.78,615.5,615.72,224223,0
QQQ.US,5,20260225,190000,615.74,615.83,615.56,615.61,282930,0
QQQ.US,5,20260225,190500,615.62,615.635,615.47,615.61,291210,0
QQQ.US,5,20260225,191000,615.6,615.81,615.55,615.56,265192,0
QQQ.US,5,20260225,191500,615.56,615.58,615.35,615.435,263166,0
QQQ.US,5,20260225,192000,615.44,615.52,615.375,615.4,222013,0
QQQ.US,5,20260225,192500,615.39,615.52,615.37,615.415,194606,0
QQQ.US,5,20260225,193000,615.42,615.47,615.3003,615.4,219567,0
QQQ.US,5,20260225,193500,615.41,615.49,615.325,615.475,221655,0
QQQ.US,5,20260225,194000,615.475,615.79,615.465,615.705,377065,0
QQQ.US,5,20260225,194500,615.71,615.78,615.64,615.77,236988,0
QQQ.US,5,20260225,195000,615.75,615.82,615.67,615.79,167056,0
QQQ.US,5,20260225,195500,615.795,615.8,615.655,615.71,167606,0
QQQ.US,5,20260225,200000,615.7,616.16,615.685,616.01,513634,0
QQQ.US,5,20260225,200500,616.01,616.26,615.94,616.16,296468,0
QQQ.US,5,20260225,201000,616.15,616.2,615.97,616.075,237139,0
QQQ.US,5,20260225,201500,616.07,616.355,616.0299,616.315,266573,0
QQQ.US,5,20260225,202000,616.32,616.34,616.07,616.17,242446,0
QQQ.US,5,20260225,202500,616.17,616.32,616.11,616.185,221658,0
QQQ.US,5,20260225,203000,616.18,616.36,616.17,616.2601,310633,0
QQQ.US,5,20260225,203500,616.26,616.3399,616.19,616.24,283669,0
QQQ.US,5,20260225,204000,616.23,616.32,616.06,616.075,320247,0
QQQ.US,5,20260225,204500,616.09,616.29,616.04,616.23,305266,0
QQQ.US,5,20260225,205000,616.23,616.31,616.13,616.26,196469,0
QQQ.US,5,20260225,205500,616.26,616.29,616.11,616.13,178138,0
QQQ.US,5,20260225,210000,616.13,616.24,616.05,616.13,243778,0
QQQ.US,5,20260225,210500,616.13,616.32,616.05,616.285,293177,0
QQQ.US,5,20260225,211000,616.29,616.29,616.12,616.205,275811,0
QQQ.US,5,20260225,211500,616.205,616.28,616.11,616.24,422777,0
QQQ.US,5,20260225,212000,616.24,616.25,615.935,616.025,421216,0
QQQ.US,5,20260225,212500,616.025,616.28,616,616.11,480559,0
QQQ.US,5,20260225,213000,616.11,616.12,615.75,615.89,780239,0
QQQ.US,5,20260225,213500,615.88,616.33,615.82,616.2705,662917,0
QQQ.US,5,20260225,214000,616.27,616.47,616.205,616.29,647355,0
QQQ.US,5,20260225,214500,616.3,616.62,616.23,616.475,754234,0
QQQ.US,5,20260225,215000,616.47,616.83,616.18,616.61,1449541,0
QQQ.US,5,20260225,215500,616.62,616.64,616.26,616.42,2510381,0
QQQ.US,5,20260226,154500,613.23,613.49,612.72,612.83,368468,0
QQQ.US,5,20260226,155000,612.71,612.8,611.86,612.515,611376,0
QQQ.US,5,20260226,155500,612.53,613.15,611.7307,611.97,1862181,0
QQQ.US,5,20260226,160000,611.97,612.39,610.5,611.51,2072227,0
QQQ.US,5,20260226,160500,611.5101,611.61,610.75,610.84,1637336,0
QQQ.US,5,20260226,161000,610.84,611.5,608.87,608.93,2074008,0
QQQ.US,5,20260226,161500,608.92,608.94,606.01,606.19,2981064,0
QQQ.US,5,20260226,162000,606.21,606.84,604.89,605.29,2423140,0
QQQ.US,5,20260226,162500,605.3,606.63,604.55,605.7,2307369,0
QQQ.US,5,20260226,163000,605.7,605.795,603.98,604.17,1942283,0
QQQ.US,5,20260226,163500,604.19,606.73,604.18,606.72,2195913,0
QQQ.US,5,20260226,164000,606.72,607.31,606.32,607.05,1839958,0
QQQ.US,5,20260226,164500,607.05,607.95,606.81,607.68,1578613,0
QQQ.US,5,20260226,165000,607.67,607.95,606.94,607.54,1524091,0
QQQ.US,5,20260226,165500,607.54,607.89,606.84,607.2951,1143154,0
QQQ.US,5,20260226,170000,607.31,607.93,606.96,607.88,995714,0
QQQ.US,5,20260226,170500,607.85,608.27,607.24,607.88,935884,0
QQQ.US,5,20260226,171000,607.87,608.5293,607.78,608.41,804347,0
QQQ.US,5,20260226,171500,608.42,608.9599,608.05593,608.14,859022,0
QQQ.US,5,20260226,172000,608.13,608.75,607.97,608.48,737618,0
QQQ.US,5,20260226,172500,608.485,609.355,608.485,608.72,1114752,0
QQQ.US,5,20260226,173000,608.72,608.97,608.42,608.86,701114,0
QQQ.US,5,20260226,173500,608.86,608.9301,607.455,607.71,794115,0
QQQ.US,5,20260226,174000,607.71,608.16,607.22,607.33,553117,0
QQQ.US,5,20260226,174500,607.33,607.81,606.68,607.75,783285,0
QQQ.US,5,20260226,175000,607.7699,608,606.75,606.75,754241,0
QQQ.US,5,20260226,175500,606.76,606.88,606.1855,606.41,627680,0
QQQ.US,5,20260226,180000,606.41,607.27,606.33,607.1937,691607,0
QQQ.US,5,20260226,180500,607.19,607.515,606.99,607.03,615715,0
QQQ.US,5,20260226,181000,607.04,607.38,606.48,606.5001,582236,0
QQQ.US,5,20260226,181500,606.51,606.75,606.17,606.48,603645,0
QQQ.US,5,20260226,182000,606.48,606.59,606.2,606.45,622818,0
QQQ.US,5,20260226,182500,606.45,606.67,606.31,606.53,484930,0
QQQ.US,5,20260226,183000,606.52,607.48,606.44,607.11,648175,0
QQQ.US,5,20260226,183500,607.12,607.12,605.96,606.21,803981,0
QQQ.US,5,20260226,184000,606.2101,606.4,605.89,605.94,356358,0
QQQ.US,5,20260226,184500,605.94,606.07,605.27,605.39,596951,0
QQQ.US,5,20260226,185000,605.3937,606.17,605.18,606.13,605956,0
QQQ.US,5,20260226,185500,606.11,606.11,605.525,605.72,398836,0
QQQ.US,5,20260226,190000,605.72,605.83,605.11,605.25,417918,0
QQQ.US,5,20260226,190500,605.25,605.5199,604.54,604.9997,674985,0
QQQ.US,5,20260226,191000,604.9963,605.4,604.9,605.055,522145,0
QQQ.US,5,20260226,191500,605.05,605.6,604.65,605.56,500419,0
QQQ.US,5,20260226,192000,605.57,605.66,605.06,605.65,500643,0
QQQ.US,5,20260226,192500,605.65,605.73,605.27,605.36,408163,0
QQQ.US,5,20260226,193000,605.37,606.82,605.07,606.6934,1019075,0
QQQ.US,5,20260226,193500,606.68,607.45,606.285,607.05,2466830,0
QQQ.US,5,20260226,194000,607.365,607.4,607.16,607.325,52718,0
QQQ.US,5,20260226,194500,607.885,608.03,607.53,607.67,279669,0
QQQ.US,5,20260226,200500,608.38,608.7,608.35,608.63,178761,0
QQQ.US,5,20260226,201000,608.62,609.015,608.46,608.72,729605,0
QQQ.US,5,20260226,201500,608.72,609.26,608.7,608.8,620083,0
QQQ.US,5,20260226,202000,608.83,609.36,608.7,609.17,533572,0
QQQ.US,5,20260226,202500,609.1725,609.18,608.25,608.4493,664285,0
QQQ.US,5,20260226,203000,608.445,609.16,608.23,609.04,513401,0
QQQ.US,5,20260226,203500,609.0499,609.1,608.67,608.8,377815,0
QQQ.US,5,20260226,204000,608.81,608.93,608.63,608.83,413260,0
QQQ.US,5,20260226,204500,608.825,609.54,608.81,609.36,505585,0
QQQ.US,5,20260226,205000,609.35,609.48,608.99,609.48,426859,0
QQQ.US,5,20260226,205500,609.48,609.67,608.73,608.81,779912,0
QQQ.US,5,20260226,210000,608.8,609.4,608.57,609.3,563635,0
QQQ.US,5,20260226,210500,609.3,609.55,608.43,608.45,422772,0
QQQ.US,5,20260226,211000,608.46,608.54,608.15,608.16,411003,0
QQQ.US,5,20260226,211500,608.16,608.56,607.92,608.42,572721,0
QQQ.US,5,20260226,212000,608.43,608.5,607.87,608.08,456710,0
QQQ.US,5,20260226,212500,608.09,608.38,607.9,607.97,423837,0
QQQ.US,5,20260226,213000,607.97,608.9401,607.93,608.94,608084,0
QQQ.US,5,20260226,213500,608.945,609.03,608.639,608.97,402065,0
QQQ.US,5,20260226,214000,608.96,609.01,608.52,608.85,475698,0
QQQ.US,5,20260226,214500,608.85,608.93,608.39,608.645,671139,0
QQQ.US,5,20260226,215000,608.645,608.94,608.25,608.84,1052334,0
QQQ.US,5,20260226,215500,608.85,609.34,608.65,609.28,1554083,0
QQQ.US,5,20260227,153000,602.94,605.14,602.73,604.53,1333410,0
QQQ.US,5,20260227,153500,604.56,605.25,603.63,605.05,1050624,0
QQQ.US,5,20260227,154000,605.07,605.11,602.19,603.67,1123709,0
QQQ.US,5,20260227,154500,603.69,605.955,603.04,605.69,1670454,0
QQQ.US,5,20260227,155000,605.67,605.88,604.34,604.62,1153401,0
QQQ.US,5,20260227,155500,604.62,604.99,603.87,604.57,868488,0
QQQ.US,5,20260227,160000,604.55,606.35,604.23,605.59,1410850,0
QQQ.US,5,20260227,160500,605.6,606.99,605.48,606.42,1427350,0
QQQ.US,5,20260227,161000,606.42,607.33,606.2712,606.36,1482960,0
QQQ.US,5,20260227,161500,606.37,606.77,605.575,606.21,988915,0
QQQ.US,5,20260227,162000,606.21,607.4,606.04,607.03,906693,0
QQQ.US,5,20260227,162500,607.02,607.065,606.15,606.78,875486,0
QQQ.US,5,20260227,163000,606.77,606.91,605.73,606.41,713899,0
QQQ.US,5,20260227,163500,606.38,607.34,606.34,606.82,586910,0
QQQ.US,5,20260227,164000,606.84,607.635,606.4,607.47,524738,0
QQQ.US,5,20260227,164500,607.46,607.9,606.92,607.05,497169,0
QQQ.US,5,20260227,165000,607.04,607.13,605.71,606.08,708658,0
QQQ.US,5,20260227,165500,606.07,607.17,605.63,607.07,695768,0
QQQ.US,5,20260227,170000,607.09,607.97,606.9,607.53,696931,0
QQQ.US,5,20260227,170500,607.52,607.62,606.1001,606.28,729277,0
QQQ.US,5,20260227,171000,606.29,607.3,606.28,607.22,697308,0
QQQ.US,5,20260227,171500,607.18,607.78,606.92,607.24,643295,0
QQQ.US,5,20260227,172000,607.22,607.26,606.38,607.12,677962,0
QQQ.US,5,20260227,172500,607.11,607.41,606.59,606.695,520238,0
QQQ.US,5,20260227,173000,606.695,607.7,606.64,607.62,563322,0
QQQ.US,5,20260227,173500,607.61,607.68,606.81,606.88,402938,0
QQQ.US,5,20260227,174000,606.88,606.88,605.8399,605.92,616124,0
QQQ.US,5,20260227,174500,605.92,606.38,605.82,605.93,535964,0
QQQ.US,5,20260227,175000,605.955,607.18,605.92,607.14,631063,0
QQQ.US,5,20260227,175500,607.14,607.59,606.625,606.71,560341,0
QQQ.US,5,20260227,180000,606.71,607.75,606.68,607.47,616802,0
QQQ.US,5,20260227,180500,607.47,608.32,607.31,608.11,663638,0
QQQ.US,5,20260227,181000,608.12,608.15,606.42,606.52,749694,0
QQQ.US,5,20260227,181500,606.52,606.57,605.93,606.06,510693,0
QQQ.US,5,20260227,182000,606.055,606.15,605.04,605.9834,738328,0
QQQ.US,5,20260227,182500,605.98,606.68,605.87,606.32,686040,0
QQQ.US,5,20260227,183000,606.315,607.19,605.79,607.03,967710,0
QQQ.US,5,20260227,183500,607.03,607.29,606.47,606.5,475662,0
QQQ.US,5,20260227,184000,606.5,606.62,605.66,605.945,340010,0
QQQ.US,5,20260227,184500,605.83,605.85,605.39,605.67,395332,0
QQQ.US,5,20260227,185000,605.69,606.1601,605.42,605.92,432206,0
QQQ.US,5,20260227,185500,605.9226,606.335,605.92,606.13,295018,0
QQQ.US,5,20260227,190000,606.13,606.3699,605.6,605.76,497175,0
QQQ.US,5,20260227,190500,605.75,606.09,605.43,605.59,349685,0
QQQ.US,5,20260227,191000,605.585,605.85,605.33,605.39,292369,0
QQQ.US,5,20260227,191500,605.37,605.535,604.93,605.01,375706,0
QQQ.US,5,20260227,192000,605.01,605.23,604.6,604.85,408203,0
QQQ.US,5,20260227,192500,604.885,605.48,604.44,605.31,489308,0
QQQ.US,5,20260227,193000,605.33,605.47,604.93,605.11,295769,0
QQQ.US,5,20260227,193500,605.11,605.37,604.79,605.23,260886,0
QQQ.US,5,20260227,194000,605.21,605.8,605.19,605.32,378767,0
QQQ.US,5,20260227,194500,605.34,605.62,605.095,605.17,249880,0
QQQ.US,5,20260227,195000,605.16,605.38,604.86,605.04,289200,0
QQQ.US,5,20260227,195500,605.04,605.3,604.7,605.11,298684,0
QQQ.US,5,20260227,200000,605.1,606.16,605.05,606.08,448962,0
QQQ.US,5,20260227,200500,606.09,606.48,605.17,605.32,479762,0
QQQ.US,5,20260227,201000,605.33,605.57,605,605.29,374892,0
QQQ.US,5,20260227,201500,605.29,605.56,605.13,605.275,299975,0
QQQ.US,5,20260227,202000,605.28,605.47,605.02,605.19,227898,0
QQQ.US,5,20260227,202500,605.17,605.585,605.01,605.2,297729,0
QQQ.US,5,20260227,203000,605.21,605.22,604.81,605.0501,283115,0
QQQ.US,5,20260227,203500,605.05,605.49,605.04,605.3,290950,0
QQQ.US,5,20260227,204000,605.3,605.36,604.42,604.7,393154,0
QQQ.US,5,20260227,204500,604.72,604.995,604.55,604.66,287946,0
QQQ.US,5,20260227,205000,604.65,604.91,604.57,604.71,233238,0
QQQ.US,5,20260227,205500,604.7,605.13,604.66,604.93,324730,0
QQQ.US,5,20260227,210000,604.895,605.44,604.87,605.0379,439886,0
QQQ.US,5,20260227,210500,605.035,605.59,604.9813,605.3899,378598,0
QQQ.US,5,20260227,211000,605.39,606.68,605.36,606.68,932343,0
QQQ.US,5,20260227,211500,606.69,607.09,606.59,606.9701,655628,0
QQQ.US,5,20260227,212000,606.98,607.54,606.64,607.298,632080,0
QQQ.US,5,20260227,212500,607.29,607.475,606.865,606.925,622639,0
QQQ.US,5,20260227,213000,606.91,607.08,606.43,606.4601,646083,0
QQQ.US,5,20260227,213500,606.49,606.515,605.575,605.665,743863,0
QQQ.US,5,20260227,214000,605.67,606.47,605.62,605.92,836771,0
QQQ.US,5,20260227,214500,605.91,606.42,605.76,606.32,919628,0
QQQ.US,5,20260227,215000,606.33,607.09,606.04,607.05,1559581,0
QQQ.US,5,20260227,215500,607.05,608.01,606.67,607.38,2809210,0
QQQ.US,5,20260302,153000,598.86,603.87,597.99,603.48,1957386,0
QQQ.US,5,20260302,153500,603.485,604.74,602.58,603.08,1698609,0
QQQ.US,5,20260302,154000,603.04,604.01,602.73,603.6,1112644,0
QQQ.US,5,20260302,154500,603.57,605.04,603.18,604.9,1231709,0
QQQ.US,5,20260302,155000,604.91,605.07,602.94,603.73,1273748,0
QQQ.US,5,20260302,155500,603.73,604.36,603.16,604.1201,698283,0
QQQ.US,5,20260302,160000,604.17,605.27,602.77,604.84,1183043,0
QQQ.US,5,20260302,160500,604.83,605.68,604.43,605.15,984883,0
QQQ.US,5,20260302,161000,605.16,606.26,605.12,605.87,1001419,0
QQQ.US,5,20260302,161500,605.8671,606.23,605.015,605.37,887809,0
QQQ.US,5,20260302,162000,605.415,605.73,604.31,605.44,994169,0
QQQ.US,5,20260302,162500,605.42,605.8,604.07,604.64,784197,0
QQQ.US,5,20260302,163000,604.625,605.11,603.72,604.32,1126570,0
QQQ.US,5,20260302,163500,604.32,605.55,603.72,605.55,1200476,0
QQQ.US,5,20260302,164000,605.54,606.085,604.98,606.04,890151,0
QQQ.US,5,20260302,164500,606.03,606.48,605.37,605.7,968706,0
QQQ.US,5,20260302,165000,605.7,606.235,604.67,604.85,715172,0
QQQ.US,5,20260302,165500,604.84,605.88,604.56,605.685,699204,0
QQQ.US,5,20260302,170000,605.68,605.885,604.94,605.86,725198,0
QQQ.US,5,20260302,170500,605.85,606.99,605.59,606.99,933445,0
QQQ.US,5,20260302,171000,606.9863,607.27,606.59,606.86,722916,0
QQQ.US,5,20260302,171500,606.84,606.91,605.7763,605.87,705717,0
QQQ.US,5,20260302,172000,605.84,605.95,605.49,605.67,547318,0
QQQ.US,5,20260302,172500,605.68,605.73,603.95,604.32,911506,0
QQQ.US,5,20260302,173000,604.31,605.33,604.17,605.21,1004048,0
QQQ.US,5,20260302,173500,605.1998,606.71,604.81,606.7,810957,0
QQQ.US,5,20260302,174000,606.71,607.98,606.65,607.83,801309,0
QQQ.US,5,20260302,174500,607.8313,608.47,607.695,607.91,931751,0
QQQ.US,5,20260302,175000,607.91,608.16,607.405,607.895,724739,0
QQQ.US,5,20260302,175500,607.89,608.5699,607.67,608.302,575135,0
QQQ.US,5,20260302,180000,608.31,608.36,607.73,608.25,577152,0
QQQ.US,5,20260302,180500,608.25,608.485,607.86,608.235,448141,0
QQQ.US,5,20260302,181000,608.23,608.36,607.7,608.24,442519,0
QQQ.US,5,20260302,181500,608.25,609.1,608.21,608.99,628505,0
QQQ.US,5,20260302,182000,608.995,609.36,608.76,609.18,583423,0
QQQ.US,5,20260302,182500,609.171,609.19,608.5,608.605,430090,0
QQQ.US,5,20260302,183000,608.59,608.87,608.195,608.22,405704,0
QQQ.US,5,20260302,183500,608.23,608.835,608.1501,608.32,462352,0
QQQ.US,5,20260302,184000,608.33,608.85,608.15,608.62,451659,0
QQQ.US,5,20260302,184500,608.63,608.96,608.4,608.69,403979,0
QQQ.US,5,20260302,185000,608.71,609.33,608.47,609.04,514065,0
QQQ.US,5,20260302,185500,609.04,609.22,608.55,609.1,382491,0
QQQ.US,5,20260302,190000,609.095,609.3,608.86,609.11,362900,0
QQQ.US,5,20260302,190500,609.11,609.29,608.66,608.66,335065,0
QQQ.US,5,20260302,191000,608.64,608.79,608.41,608.72,347898,0
QQQ.US,5,20260302,191500,608.725,608.75,608.3488,608.38,291195,0
QQQ.US,5,20260302,192000,608.39,608.43,607.92,608.13,385761,0
QQQ.US,5,20260302,192500,608.095,608.63,607.85,608.4,436225,0
QQQ.US,5,20260302,193000,608.4,608.48,607.95,608.115,447487,0
QQQ.US,5,20260302,193500,608.11,608.115,607.54,607.75,471199,0
QQQ.US,5,20260302,194000,607.75,608.13,607.52,608.03,385873,0
QQQ.US,5,20260302,194500,608.04,608.05,607,607.51,627187,0
QQQ.US,5,20260302,195000,607.5,607.69,607.11,607.33,322553,0
QQQ.US,5,20260302,195500,607.33,607.38,606.76,606.85,534906,0
QQQ.US,5,20260302,200000,606.86,607.53,606.73,607.45,650572,0
QQQ.US,5,20260302,200500,607.46,608.27,607.24,608.21,506774,0
QQQ.US,5,20260302,201000,608.2101,608.82,608.18,608.71,593695,0
QQQ.US,5,20260302,201500,608.7334,609.6,608.71,609.3,770713,0
QQQ.US,5,20260302,202000,609.27,609.66,609.0505,609.06,665260,0
QQQ.US,5,20260302,202500,609.063,609.57,608.91,609.425,607619,0
QQQ.US,5,20260302,203000,609.425,609.74,609.23,609.6,662816,0
QQQ.US,5,20260302,203500,609.6,609.87,609.51,609.53,448287,0
QQQ.US,5,20260302,204000,609.53,609.77,609.275,609.36,403489,0
QQQ.US,5,20260302,204500,609.37,609.92,609.37,609.8,449970,0
QQQ.US,5,20260302,205000,609.8,609.86,609.54,609.75,306386,0
QQQ.US,5,20260302,205500,609.73,609.7766,609.42,609.5,413506,0
QQQ.US,5,20260302,210000,609.51,609.65,609.1,609.44,565112,0
QQQ.US,5,20260302,210500,609.45,609.7,607.25,607.5302,1646630,0
QQQ.US,5,20260302,211000,607.54,607.56,606.53,606.76,1663440,0
QQQ.US,5,20260302,211500,606.74,608.02,606.26,607.54,1379041,0
QQQ.US,5,20260302,212000,607.545,607.8,606.88,607.075,962745,0
QQQ.US,5,20260302,212500,607.07,607.45,606.6,606.71,739713,0
QQQ.US,5,20260302,213000,606.71,607.73,606.61,607.64,794870,0
QQQ.US,5,20260302,213500,607.64,607.9,607.07,607.555,718904,0
QQQ.US,5,20260302,214000,607.55,607.81,606.91,607.72,678452,0
QQQ.US,5,20260302,214500,607.71,608.23,607.46,607.845,964522,0
QQQ.US,5,20260302,215000,607.84,608.59,607.7,608.53,1300092,0
QQQ.US,5,20260302,215500,608.54,609.06,608,608.09,2665751,0
QQQ.US,5,20260303,153000,596.33,598.56,595.87,596.58,2301060,0
QQQ.US,5,20260303,153500,596.612,599.39,595.59,598.4,1747933,0
QQQ.US,5,20260303,154000,598.4099,598.45,595.85,596.26,1452646,0
QQQ.US,5,20260303,154500,596.23,598.17,595.31,595.54,1588774,0
QQQ.US,5,20260303,155000,595.55,597.07,595.39,596.54,686820,0
QQQ.US,5,20260303,155500,596.51,596.71,595,595.2,878728,0
QQQ.US,5,20260303,160000,595.21,596.96,594.58,594.94,1004837,0
QQQ.US,5,20260303,160500,595.06,596.48,594.55,595.59,1181640,0
QQQ.US,5,20260303,161000,595.59,596.71,594.99,595.67,1049162,0
QQQ.US,5,20260303,161500,595.63,595.94,593.74,593.92,1161471,0
QQQ.US,5,20260303,162000,593.9,594.0499,592.69,592.98,1525051,0
QQQ.US,5,20260303,162500,592.98,593.085,591.87,592.03,1422120,0
QQQ.US,5,20260303,163000,592.04,593.99,591.96,593.15,1558920,0
QQQ.US,5,20260303,163500,593.16,594.48,592.85,593.98,1229017,0
QQQ.US,5,20260303,164000,593.97,594.77,593.1,593.42,1024117,0
QQQ.US,5,20260303,164500,593.39,594.49,592.9,593.53,1047729,0
QQQ.US,5,20260303,165000,593.54,594,592.401,592.606,986834,0
QQQ.US,5,20260303,165500,592.6,594.34,592.5,594.21,1150463,0
QQQ.US,5,20260303,170000,594.22,596,593.93,595.608,1124293,0
QQQ.US,5,20260303,170500,595.63,597.55,595.63,597.02,1407697,0
QQQ.US,5,20260303,171000,597.04,597.6,596.53,597.24,970910,0
QQQ.US,5,20260303,171500,597.23,598.35,597.21,597.5,1078851,0
QQQ.US,5,20260303,172000,597.5,598.6599,597.17,598.57,1013432,0
QQQ.US,5,20260303,172500,598.57,598.89,598.15,598.33,842461,0
QQQ.US,5,20260303,173000,598.34,598.48,596.99,598.09,1039980,0
QQQ.US,5,20260303,173500,598.09,598.96,597.9101,598.47,987635,0
QQQ.US,5,20260303,174000,598.42,599.14,597.51,598.97,1100244,0
QQQ.US,5,20260303,174500,598.99,600.9,598.96,600.02,1426461,0
QQQ.US,5,20260303,175000,600.05,600.28,599.46,600.13,901600,0
QQQ.US,5,20260303,175500,600.17,600.53,599.37,599.6,982229,0
QQQ.US,5,20260303,180000,599.6,600.08,598.89,599.7,969638,0
QQQ.US,5,20260303,180500,599.705,600.06,598.64,598.79,846293,0
QQQ.US,5,20260303,181000,598.78,599.3,598.37,599.225,708634,0
QQQ.US,5,20260303,181500,599.23,599.77,598.66,599.65,701386,0
QQQ.US,5,20260303,182000,599.65,600.2275,598.84,600.21,573474,0
QQQ.US,5,20260303,182500,600.21,600.57,599.7,600.44,563188,0
QQQ.US,5,20260303,183000,600.43,600.48,598.13,598.34,649824,0
QQQ.US,5,20260303,183500,598.34,599.07,597.93,598.53,874896,0
QQQ.US,5,20260303,184000,598.51,600.21,598.505,600.13,704038,0
QQQ.US,5,20260303,184500,600.12,600.24,599.425,600.005,481630,0
QQQ.US,5,20260303,185000,600,600.05,598.58,598.75,576704,0
QQQ.US,5,20260303,185500,598.755,599.21,598.48,598.84,556961,0
QQQ.US,5,20260303,190000,598.82,600.33,598.82,599.9,771099,0
QQQ.US,5,20260303,190500,599.9,600.35,599.56,600.33,589740,0
QQQ.US,5,20260303,191000,600.32,600.38,599.19,599.79,609978,0
QQQ.US,5,20260303,191500,599.79,600.5,599.71,600.41,599171,0
QQQ.US,5,20260303,192000,600.4,601.85,600.34,601.72,867703,0
QQQ.US,5,20260303,192500,601.73,602.03,601.3192,601.44,727872,0
QQQ.US,5,20260303,193000,601.44,602.45,601.32,602.3,754128,0
QQQ.US,5,20260303,193500,602.3,602.96,601.96,602.89,978254,0
QQQ.US,5,20260303,194000,602.9,603.495,602.525,602.78,957592,0
QQQ.US,5,20260303,194500,602.83,603.01,602.02,602.94,765494,0
QQQ.US,5,20260303,195000,602.93,603.32,602.56,602.78,735394,0
QQQ.US,5,20260303,195500,602.78,603.01,602.25,602.675,580983,0
QQQ.US,5,20260303,200000,602.71,603.04,602.35,602.81,745124,0
QQQ.US,5,20260303,200500,602.81,602.92,601.39,601.48,812896,0
QQQ.US,5,20260303,201000,601.51,602.09,601.04,601.93,636147,0
QQQ.US,5,20260303,201500,601.955,602.5799,601.83,602.13,457247,0
QQQ.US,5,20260303,202000,602.15,602.78,602.14,602.22,477999,0
QQQ.US,5,20260303,202500,602.21,602.335,601.58,601.73,497843,0
QQQ.US,5,20260303,203000,601.74,601.9701,600.69,600.9,641255,0
QQQ.US,5,20260303,203500,600.89,603.3,600.54,602.36,1319747,0
QQQ.US,5,20260303,204000,602.35,603.27,602.13,603.2,1035344,0
QQQ.US,5,20260303,204500,603.205,603.96,603.09,603.33,942231,0
QQQ.US,5,20260303,205000,603.33,603.66,601.97,602.54,735298,0
QQQ.US,5,20260303,205500,602.53,602.68,601.94,602.42,571963,0
QQQ.US,5,20260303,210000,602.45,603.23,602.09,602.57,584272,0
QQQ.US,5,20260303,210500,602.55,603.04,602.18,602.93,546409,0
QQQ.US,5,20260303,211000,602.91,603.16,602.1,602.11,450723,0
QQQ.US,5,20260303,211500,602.11,602.44,601.39,601.68,785998,0
QQQ.US,5,20260303,212000,601.7,602.25,601.5274,601.94,518516,0
QQQ.US,5,20260303,212500,601.95,602.47,601.31,602.29,500877,0
QQQ.US,5,20260303,213000,602.3,602.65,602.09,602.095,672758,0
QQQ.US,5,20260303,213500,602.11,602.92,601.71,601.99,553603,0
QQQ.US,5,20260303,214000,601.99,602.29,601.665,601.96,545496,0
QQQ.US,5,20260303,214500,601.95,602.245,601.395,601.885,584112,0
QQQ.US,5,20260303,215000,601.88,602.06,600.72,601.6549,1385163,0
QQQ.US,5,20260303,215500,601.63,601.89,601.29,601.67,1569074,0
QQQ.US,5,20260304,153000,604.16,606.85,603.72,606.81,1747828,0
QQQ.US,5,20260304,153500,606.84,606.93,604.5,605.02,926163,0
QQQ.US,5,20260304,154000,605.04,605.1,603.81,604.03,897802,0
QQQ.US,5,20260304,154500,604.0576,606.11,603.43,605.115,1010001,0
QQQ.US,5,20260304,155000,605.14,606.27,604.4,605.98,845721,0
QQQ.US,5,20260304,155500,605.99,606.2,605.11,605.6601,520608,0
QQQ.US,5,20260304,160000,605.76,607.21,605.051,605.95,1274445,0
QQQ.US,5,20260304,160500,605.96,607.66,605.77,607.505,1255309,0
QQQ.US,5,20260304,161000,607.505,607.87,606.65,607.13,1162272,0
QQQ.US,5,20260304,161500,607.13,608.5,607.05,608.43,1046161,0
QQQ.US,5,20260304,162000,608.44,609.89,608.17,609.85,1631465,0
QQQ.US,5,20260304,162500,609.85,611.09,609.44,611.01,1644299,0
QQQ.US,5,20260304,163000,611.02,611.18,610.35,610.35,1433704,0
QQQ.US,5,20260304,163500,610.35,610.75,609.525,609.63,1111746,0
QQQ.US,5,20260304,164000,609.62,609.95,609.1,609.125,1001810,0
QQQ.US,5,20260304,164500,609.1193,609.25,608.54,609.1,1212079,0
QQQ.US,5,20260304,165000,609.105,609.71,608.7,609.6,965266,0
QQQ.US,5,20260304,165500,609.59,610.81,609.55,610.705,875364,0
QQQ.US,5,20260304,170000,610.7,611.45,610.69,610.991,1178691,0
QQQ.US,5,20260304,170500,610.9899,611.075,610.17,610.2901,1007474,0
QQQ.US,5,20260304,171000,610.31,610.4,609.0598,609.33,851879,0
QQQ.US,5,20260304,171500,609.34,609.9,608.9,609.24,741232,0
QQQ.US,5,20260304,172000,609.235,609.8,608.9,609.23,739126,0
QQQ.US,5,20260304,172500,609.23,610.55,609.06,610.18,864748,0
QQQ.US,5,20260304,173000,610.17,610.9,609.98,610.58,832122,0
QQQ.US,5,20260304,173500,610.58,611,610.005,610.395,819994,0
QQQ.US,5,20260304,174000,610.42,611.68,610.28,611.47,993329,0
QQQ.US,5,20260304,174500,611.475,611.72,611.2,611.58,752597,0
QQQ.US,5,20260304,175000,611.58,611.74,610.98,611.49,739842,0
QQQ.US,5,20260304,175500,611.51,611.71,611.03,611.14,527506,0
QQQ.US,5,20260304,180000,611.16,611.69,610.87,611.66,497647,0
QQQ.US,5,20260304,180500,611.665,611.825,611.37,611.535,460703,0
QQQ.US,5,20260304,181000,611.54,611.76,611.4,611.42,342923,0
QQQ.US,5,20260304,181500,611.415,611.5299,611.19,611.39,288274,0
QQQ.US,5,20260304,182000,611.39,611.59,610.88,611.32,352758,0
QQQ.US,5,20260304,182500,611.31,611.63,610.8099,610.83,404926,0
QQQ.US,5,20260304,183000,610.85,611.16,610.19,611.02,575854,0
QQQ.US,5,20260304,183500,611.02,611.69,610.85,611.625,521812,0
QQQ.US,5,20260304,184000,611.64,611.81,611.1701,611.33,328367,0
QQQ.US,5,20260304,184500,611.33,611.76,611.31,611.5,394780,0
QQQ.US,5,20260304,185000,611.49,612.01,611.26,611.8201,606034,0
QQQ.US,5,20260304,185500,611.83,611.905,611.37,611.72,326788,0
QQQ.US,5,20260304,190000,611.72,612.05,611.54,611.67,564774,0
QQQ.US,5,20260304,190500,611.65,612.01,611.43,611.78,345895,0
QQQ.US,5,20260304,191000,611.7985,611.92,611.48,611.58,274058,0
QQQ.US,5,20260304,191500,611.565,611.665,611.31,611.33,264506,0
QQQ.US,5,20260304,192000,611.31,611.53,611.03,611.21,310123,0
QQQ.US,5,20260304,192500,611.21,611.85,611.13,611.7817,348678,0
QQQ.US,5,20260304,193000,611.79,612.55,611.76,612.1101,637612,0
QQQ.US,5,20260304,193500,612.11,612.55,612.06,612.33,363919,0
QQQ.US,5,20260304,194000,612.325,612.81,612.2901,612.47,367112,0
QQQ.US,5,20260304,194500,612.48,612.64,612.04,612.59,498129,0
QQQ.US,5,20260304,195000,612.595,612.81,612.49,612.52,267692,0
QQQ.US,5,20260304,195500,612.505,612.52,611.97,612.3,417550,0
QQQ.US,5,20260304,200000,612.295,612.75,612.155,612.69,321496,0
QQQ.US,5,20260304,200500,612.69,612.7301,612.405,612.57,328494,0
QQQ.US,5,20260304,201000,612.565,612.88,612.54,612.69,371307,0
QQQ.US,5,20260304,201500,612.7,612.84,612.545,612.665,326598,0
QQQ.US,5,20260304,202000,612.6662,612.715,612.34,612.6,253220,0
QQQ.US,5,20260304,202500,612.59,612.65,612.215,612.34,328654,0
QQQ.US,5,20260304,203000,612.34,612.5,612.07,612.15,319759,0
QQQ.US,5,20260304,203500,612.15,612.5799,612.12,612.57,291266,0
QQQ.US,5,20260304,204000,612.58,612.625,612.1601,612.27,311916,0
QQQ.US,5,20260304,204500,612.27,612.41,611.99,612.39,352123,0
QQQ.US,5,20260304,205000,612.39,612.51,612.31,612.37,329776,0
QQQ.US,5,20260304,205500,612.37,612.42,612.12,612.22,324269,0
QQQ.US,5,20260304,210000,612.23,612.36,612.01,612.275,339345,0
QQQ.US,5,20260304,210500,612.28,612.36,611.56,611.7,427840,0
QQQ.US,5,20260304,211000,611.71,611.71,611.215,611.28,488288,0
QQQ.US,5,20260304,211500,611.29,611.39,610.92,611.03,478816,0
QQQ.US,5,20260304,212000,611.035,611.19,610.66,610.76,522334,0
QQQ.US,5,20260304,212500,610.76,611.37,610.74,611.325,556451,0
QQQ.US,5,20260304,213000,611.33,611.42,610.95,611.08,423685,0
QQQ.US,5,20260304,213500,611.075,611.496,611.03,611.235,343438,0
QQQ.US,5,20260304,214000,611.24,611.73,611.14,611.6462,507312,0
QQQ.US,5,20260304,214500,611.64,611.6756,611.205,611.28,688344,0
QQQ.US,5,20260304,215000,611.26,611.27,610.42,611.13,1735662,0
QQQ.US,5,20260304,215500,611.12,611.27,610.57,610.72,1892241,0
QQQ.US,5,20260305,153000,607.4,610.03,607.38,609.98,1965212,0
QQQ.US,5,20260305,153500,609.99,610.76,609.36,610.03,1644560,0
QQQ.US,5,20260305,154000,610.05,610.41,608.93,609.1,1016612,0
QQQ.US,5,20260305,154500,609.14,610.88,608.6,609.83,1251406,0
QQQ.US,5,20260305,155000,609.86,611.23,609.67,611.19,1159559,0
QQQ.US,5,20260305,155500,611.2,612.27,610.67,612.25,1285763,0
QQQ.US,5,20260305,160000,612.2397,612.76,611.78,611.885,1244165,0
QQQ.US,5,20260305,160500,611.88,612.09,610.8,611.26,1073188,0
QQQ.US,5,20260305,161000,611.26,612.12,610.89,612.04,1031262,0
QQQ.US,5,20260305,161500,612.03,612.11,610.25,610.35,854283,0
QQQ.US,5,20260305,162000,610.35,610.36,608.32,608.32,1004149,0
QQQ.US,5,20260305,162500,608.3,608.52,607.55,608.015,1208485,0
QQQ.US,5,20260305,163000,608.02,608.06,606.07,607.14,1510254,0
QQQ.US,5,20260305,163500,607.1445,608.8,606.75,608.77,1213982,0
QQQ.US,5,20260305,164000,608.78,609.47,608.19,608.75,1156857,0
QQQ.US,5,20260305,164500,608.76,609.65,608.545,608.71,742474,0
QQQ.US,5,20260305,165000,608.73,610.08,608.625,609.65,805789,0
QQQ.US,5,20260305,165500,609.65,609.82,608.95,609.7199,872674,0
QQQ.US,5,20260305,170000,609.71,609.96,608.41,608.47,999717,0
QQQ.US,5,20260305,170500,608.45,609.0025,607.7,607.73,707895,0
QQQ.US,5,20260305,171000,607.71,608.08,606.7,607.43,1159778,0
QQQ.US,5,20260305,171500,607.41,607.74,606.4,606.41,1258895,0
QQQ.US,5,20260305,172000,606.4,608,606.31,607.42,930601,0
QQQ.US,5,20260305,172500,607.38,607.94,606.91,606.96,621632,0
QQQ.US,5,20260305,173000,606.95,608.48,606.9,607.8,887404,0
QQQ.US,5,20260305,173500,607.795,608.62,607.6,608.21,577843,0
QQQ.US,5,20260305,174000,608.2,608.68,607.49,607.8714,535931,0
QQQ.US,5,20260305,174500,607.9,609.03,607.9,608.37,899069,0
QQQ.US,5,20260305,175000,608.37,608.72,607.97,608.3899,556998,0
QQQ.US,5,20260305,175500,608.37,608.93,608.28,608.78,578489,0
QQQ.US,5,20260305,180000,608.78,610.44,608.57,610.4,829494,0
QQQ.US,5,20260305,180500,610.4,610.69,608.81,608.8297,1042494,0
QQQ.US,5,20260305,181000,608.82,609.07,607.9,608.51,1043944,0
QQQ.US,5,20260305,181500,608.52,608.53,606.66,606.84,729338,0
QQQ.US,5,20260305,182000,606.83,607.41,606.29,607.1103,708937,0
QQQ.US,5,20260305,182500,607.12,607.565,606.18,606.18,864480,0
QQQ.US,5,20260305,183000,606.21,606.36,604.47,604.56,1216348,0
QQQ.US,5,20260305,183500,604.56,605.83,604.135,604.99,1119340,0
QQQ.US,5,20260305,184000,604.97,605.43,603.73,604.0901,855173,0
QQQ.US,5,20260305,184500,604.1,604.12,603.07,603.22,747183,0
QQQ.US,5,20260305,185000,603.22,604.1399,602.7,603.1699,1273881,0
QQQ.US,5,20260305,185500,603.17,603.44,602.6,603.08,1024270,0
QQQ.US,5,20260305,190000,603.06,603.9401,602.88,603.81,925528,0
QQQ.US,5,20260305,190500,603.8,604.75,603.44,604.59,1093052,0
QQQ.US,5,20260305,191000,604.56,605.01,603.99,604.78,700720,0
QQQ.US,5,20260305,191500,604.76,605.05,602.95,603.02,812696,0
QQQ.US,5,20260305,192000,603.04,604.22,602.95,603.74,678744,0
QQQ.US,5,20260305,192500,603.73,603.78,602.46,602.725,693432,0
QQQ.US,5,20260305,193000,602.725,603.46,602.26,602.84,731279,0
QQQ.US,5,20260305,193500,602.82,603.61,602.76,603.22,649272,0
QQQ.US,5,20260305,194000,603.27,604.59,603.17,604.33,677122,0
QQQ.US,5,20260305,194500,604.31,604.4,603.23,603.505,624836,0
QQQ.US,5,20260305,195000,603.52,603.54,602.3,602.46,704174,0
QQQ.US,5,20260305,195500,602.46,603.67,602.45,603.24,575154,0
QQQ.US,5,20260305,200000,603.23,604.01,602.97,603.68,678885,0
QQQ.US,5,20260305,200500,603.67,604.3101,603.62,603.87,580551,0
QQQ.US,5,20260305,201000,603.87,604.32,603.44,604.2,530639,0
QQQ.US,5,20260305,201500,604.21,604.4034,603.6,604.34,627913,0
QQQ.US,5,20260305,202000,604.35,604.83,603.83,604.26,654304,0
QQQ.US,5,20260305,202500,604.25,604.44,603.2401,603.84,646219,0
QQQ.US,5,20260305,203000,603.835,603.835,602.73,603.12,691455,0
QQQ.US,5,20260305,203500,603.13,603.515,602.8,603.44,640205,0
QQQ.US,5,20260305,204000,603.45,604.14,603.39,604.12,662608,0
QQQ.US,5,20260305,204500,604.11,604.67,603.68,604.47,564892,0
QQQ.US,5,20260305,205000,604.46,604.87,603.75,603.7966,604579,0
QQQ.US,5,20260305,205500,603.76,604.47,603.46,604.27,693020,0
QQQ.US,5,20260305,210000,604.29,604.77,603.53,604.74,787518,0
QQQ.US,5,20260305,210500,604.7078,605.63,603.93,605.36,1257880,0
QQQ.US,5,20260305,211000,605.36,606.17,605.27,605.78,1098262,0
QQQ.US,5,20260305,211500,605.8,606.43,605.385,606.08,860003,0
QQQ.US,5,20260305,212000,606.07,606.915,605.85,606.9,947190,0
QQQ.US,5,20260305,212500,606.9,607.6,606.56,606.635,1114684,0
QQQ.US,5,20260305,213000,606.64,607.45,606.29,607.34,835784,0
QQQ.US,5,20260305,213500,607.34,607.72,607.08,607.23,735573,0
QQQ.US,5,20260305,214000,607.23,607.3,606.53,606.95,822599,0
QQQ.US,5,20260305,214500,606.95,607.49,606.4,607.46,885817,0
QQQ.US,5,20260305,215000,607.455,608.52,607.455,608.44,1929433,0
QQQ.US,5,20260305,215500,608.44,609.12,608.16,608.93,2629556,0
QQQ.US,5,20260306,153000,600.31,601.48,599.59,600.82,2094331,0
QQQ.US,5,20260306,153500,600.83,601.1,598.54,600.58,1505314,0
QQQ.US,5,20260306,154000,600.59,601.428,599.95,600.35,986601,0
QQQ.US,5,20260306,154500,600.32,601.07,599.15,600.07,1086472,0
QQQ.US,5,20260306,155000,600.04,601.72,599.87,600.3459,900184,0
QQQ.US,5,20260306,155500,600.345,600.8,599.11,600.46,1004836,0
QQQ.US,5,20260306,160000,600.46,602.56,600.4,602.0101,1215597,0
QQQ.US,5,20260306,160500,602.01,602.48,600.03,600.25,1265759,0
QQQ.US,5,20260306,161000,600.25,603.02,599.84,602.895,1563859,0
QQQ.US,5,20260306,161500,602.89,603.1,602.14,602.72,851206,0
QQQ.US,5,20260306,162000,602.7,603.65,602.49,603.4,1051251,0
QQQ.US,5,20260306,162500,603.4,603.8,602.97,603.6599,1055823,0
QQQ.US,5,20260306,163000,603.65,604.66,603.61,604.33,1037874,0
QQQ.US,5,20260306,163500,604.36,605.34,604.17,604.96,952964,0
QQQ.US,5,20260306,164000,604.95,604.95,603.37,603.98,1055560,0
QQQ.US,5,20260306,164500,603.97,604.23,602.87,603.17,835075,0
QQQ.US,5,20260306,165000,603.18,603.23,601.93,602.86,998922,0
QQQ.US,5,20260306,165500,602.86,605.13,602.8387,604.52,1168300,0
QQQ.US,5,20260306,170000,604.52,605.5,604.27,605.34,801732,0
QQQ.US,5,20260306,170500,605.34,605.46,604.2,604.29,738467,0
QQQ.US,5,20260306,171000,604.31,604.37,603.5,603.69,737296,0
QQQ.US,5,20260306,171500,603.67,604.62,603.45,604.42,719782,0
QQQ.US,5,20260306,172000,604.42,604.55,602.87,603.92,717684,0
QQQ.US,5,20260306,172500,603.93,604.18,603.36,604.15,547654,0
QQQ.US,5,20260306,173000,604.15,604.31,603,603.2,771139,0
QQQ.US,5,20260306,173500,603.21,604.72,603.06,604.49,772206,0
QQQ.US,5,20260306,174000,604.49,604.88,604.05,604.3,558732,0
QQQ.US,5,20260306,174500,604.3,605.56,604.23,605.15,707558,0
QQQ.US,5,20260306,175000,605.14,605.88,604.36,604.49,718931,0
QQQ.US,5,20260306,175500,604.48,605.44,604.14,605.03,659744,0
QQQ.US,5,20260306,180000,605.05,606,604.61,605.43,611525,0
QQQ.US,5,20260306,180500,605.43,605.49,603.765,604.17,662741,0
QQQ.US,5,20260306,181000,604.15,604.51,603.62,603.92,459090,0
QQQ.US,5,20260306,181500,603.93,604.3,603.31,604.26,541454,0
QQQ.US,5,20260306,182000,604.27,604.79,603.77,604.02,544997,0
QQQ.US,5,20260306,182500,604.03,604.12,602.92,603.4,628484,0
QQQ.US,5,20260306,183000,603.4,603.7,603.03,603.62,445004,0
QQQ.US,5,20260306,183500,603.62,603.67,602.16,602.455,695853,0
QQQ.US,5,20260306,184000,602.47,602.69,601.73,602.36,637063,0
QQQ.US,5,20260306,184500,602.33,603.35,602.33,603.16,757840,0
QQQ.US,5,20260306,185000,603.14,603.7,602.69,602.9099,676585,0
QQQ.US,5,20260306,185500,602.91,603.47,602.63,602.7,487277,0
QQQ.US,5,20260306,190000,602.71,603.76,602.58,603,852847,0
QQQ.US,5,20260306,190500,603.01,603.89,602.85,603.5599,466780,0
QQQ.US,5,20260306,191000,603.55,605.4,603.23,605.22,873384,0
QQQ.US,5,20260306,191500,605.23,605.45,604.54,605.1499,569130,0
QQQ.US,5,20260306,192000,605.13,605.24,604.2,604.6,514023,0
QQQ.US,5,20260306,192500,604.6,604.66,603.44,603.82,510166,0
QQQ.US,5,20260306,193000,603.82,604.53,603.69,604.18,588876,0
QQQ.US,5,20260306,193500,604.1799,604.22,603.22,603.79,644282,0
QQQ.US,5,20260306,194000,603.77,604.35,603.53,604.08,500801,0
QQQ.US,5,20260306,194500,604.08,604.23,603.62,604.13,467293,0
QQQ.US,5,20260306,195000,604.16,604.19,602.86,603.11,656386,0
QQQ.US,5,20260306,195500,603.1,603.49,602.925,603.08,476075,0
QQQ.US,5,20260306,200000,603.09,603.44,602.93,602.96,679726,0
QQQ.US,5,20260306,200500,602.96,603.76,602.85,603.55,612317,0
QQQ.US,5,20260306,201000,603.57,604.37,603.51,604.1,670388,0
QQQ.US,5,20260306,201500,604.1,604.23,603.11,603.7,715163,0
QQQ.US,5,20260306,202000,603.7,603.84,602.77,602.92,915790,0
QQQ.US,5,20260306,202500,602.93,603.76,602.67,603.55,811476,0
QQQ.US,5,20260306,203000,603.53,604,603.3501,603.68,661430,0
QQQ.US,5,20260306,203500,603.69,603.915,602.71,603.17,580739,0
QQQ.US,5,20260306,204000,603.18,604.025,603.02,603.03,902393,0
QQQ.US,5,20260306,204500,603.02,603.18,602.53,602.89,584814,0
QQQ.US,5,20260306,205000,602.88,603.26,602.45,603.05,577155,0
QQQ.US,5,20260306,205500,603.06,603.43,603.01,603.27,521298,0
QQQ.US,5,20260306,210000,603.26,604.35,603.23,604.15,954904,0
QQQ.US,5,20260306,210500,604.15,604.23,603.02,603.09,631617,0
QQQ.US,5,20260306,211000,603.07,603.23,601.28,601.89,1259622,0
QQQ.US,5,20260306,211500,601.89,602.44,601.24,601.78,791328,0
QQQ.US,5,20260306,212000,601.76,601.83,600.34,600.42,910799,0
QQQ.US,5,20260306,212500,600.41,600.47,599.3,599.53,935260,0
QQQ.US,5,20260306,213000,599.53,599.81,598.91,599.18,1438022,0
QQQ.US,5,20260306,213500,599.16,599.62,598.33,599.42,1493972,0
QQQ.US,5,20260306,214000,599.44,600.87,598.96,600.18,1326430,0
QQQ.US,5,20260306,214500,600.17,600.6501,600.025,600.46,934833,0
QQQ.US,5,20260306,215000,600.44,600.73,599.59,600.141,1556511,0
QQQ.US,5,20260306,215500,600.14,600.49,599.48,599.83,2209678,0
QQQ.US,5,20260309,143000,594.2,596.47,594.05,595.29,1919963,0
QQQ.US,5,20260309,143500,595.31,595.7,593.27,593.43,1001266,0
QQQ.US,5,20260309,144000,593.42,593.63,592.31,593.04,1335935,0
QQQ.US,5,20260309,144500,593.01,593.88,592.09,592.4,1098120,0
QQQ.US,5,20260309,145000,592.4,592.98,591.51,591.99,1176971,0
QQQ.US,5,20260309,145500,592,593.74,591.33,592.735,1150343,0
QQQ.US,5,20260309,150000,592.73,595.18,592.27,595.08,1187760,0
QQQ.US,5,20260309,150500,595.06,595.27,592.41,593.14,1231205,0
QQQ.US,5,20260309,151000,593.08,593.19,591.56,592.39,1029058,0
QQQ.US,5,20260309,151500,592.37,593.61,592.03,593.26,1015699,0
QQQ.US,5,20260309,152000,593.275,595.03,592.29,594.76,1055272,0
QQQ.US,5,20260309,152500,594.76,595.09,593,593.47,807646,0
QQQ.US,5,20260309,153000,593.44,594.5,593.37,594.16,827629,0
QQQ.US,5,20260309,153500,594.15,596.03,593.96,595.47,871665,0
QQQ.US,5,20260309,154000,595.45,596.7,594.99,596.7,898916,0
QQQ.US,5,20260309,154500,596.71,597.68,596.57,597.57,986053,0
QQQ.US,5,20260309,155000,597.56,597.88,596.99,597.695,829494,0
QQQ.US,5,20260309,155500,597.7,597.72,596.56,597.08,813279,0
QQQ.US,5,20260309,160000,597.05,598,597.03,597.71,670321,0
QQQ.US,5,20260309,160500,597.72,598.24,597.42,597.61,718166,0
QQQ.US,5,20260309,161000,597.615,598.52,597.5,598.3,681048,0
QQQ.US,5,20260309,161500,598.32,598.87,597.83,598.36,737028,0
QQQ.US,5,20260309,162000,598.36,598.94,598.1,598.75,543259,0
QQQ.US,5,20260309,162500,598.73,599.48,598.51,599.32,714717,0
QQQ.US,5,20260309,163000,599.33,599.34,598.29,598.46,645910,0
QQQ.US,5,20260309,163500,598.4678,598.67,598.07,598.38,609829,0
QQQ.US,5,20260309,164000,598.37,598.79,598.1201,598.4401,482852,0
QQQ.US,5,20260309,164500,598.45,599.285,598.25,598.95,682516,0
QQQ.US,5,20260309,165000,598.94,599.65,598.65,599.48,539721,0
QQQ.US,5,20260309,165500,599.47,599.67,599.1325,599.3,555475,0
QQQ.US,5,20260309,170000,599.31,600.23,599.04,599.5,888303,0
QQQ.US,5,20260309,170500,599.49,600.06,599.44,599.77,484081,0
QQQ.US,5,20260309,171000,599.77,600.01,599.32,599.79,458428,0
QQQ.US,5,20260309,171500,599.79,600,599.51,599.81,362932,0
QQQ.US,5,20260309,172000,599.825,600.22,599.08,600.03,560966,0
QQQ.US,5,20260309,172500,600.04,601.35,599.75,600.45,825783,0
QQQ.US,5,20260309,173000,600.46,600.65,599.53,600.53,733159,0
QQQ.US,5,20260309,173500,600.5,601.14,600.45,600.92,478534,0
QQQ.US,5,20260309,174000,600.93,601.78,600.92,601.58,590927,0
QQQ.US,5,20260309,174500,601.57,601.85,601.35,601.545,568547,0
QQQ.US,5,20260309,175000,601.55,601.58,600.99,601.1001,517987,0
QQQ.US,5,20260309,175500,601.1,601.52,600.77,600.88,424857,0
QQQ.US,5,20260309,180000,600.89,600.97,600.08,600.36,879311,0
QQQ.US,5,20260309,180500,600.37,600.51,599.83,600.32,598347,0
QQQ.US,5,20260309,181000,600.34,600.64,599.98,600.2622,432069,0
QQQ.US,5,20260309,181500,600.26,600.37,599.22,599.3,649635,0
QQQ.US,5,20260309,182000,599.28,599.4,598.61,598.69,992603,0
QQQ.US,5,20260309,182500,598.71,598.81,598.38,598.53,574533,0
QQQ.US,5,20260309,183000,598.52,598.79,598.27,598.4,814195,0
QQQ.US,5,20260309,183500,598.41,598.69,598,598.12,583426,0
QQQ.US,5,20260309,184000,598.11,598.3,597.64,597.83,603454,0
QQQ.US,5,20260309,184500,597.84,598.725,597.78,598.25,668272,0
QQQ.US,5,20260309,185000,598.24,598.9,598.06,598.84,529347,0
QQQ.US,5,20260309,185500,598.8,598.97,598.33,598.48,439453,0
QQQ.US,5,20260309,190000,598.5,599.09,598.45,598.755,505706,0
QQQ.US,5,20260309,190500,598.76,599.36,598.53,598.64,716265,0
QQQ.US,5,20260309,191000,598.65,599.43,598.55,599.17,501254,0
QQQ.US,5,20260309,191500,599.17,599.76,598.98,599.68,480662,0
QQQ.US,5,20260309,192000,599.685,600.26,598.98,599.68,746479,0
QQQ.US,5,20260309,192500,599.66,599.73,599.29,599.43,552322,0
QQQ.US,5,20260309,193000,599.43,600.59,599.37,600.55,617869,0
QQQ.US,5,20260309,193500,600.56,600.68,600.17,600.36,813740,0
QQQ.US,5,20260309,194000,600.36,600.59,600.15,600.31,607063,0
QQQ.US,5,20260309,194500,600.33,600.84,600.28,600.53,489707,0
QQQ.US,5,20260309,195000,600.51,600.74,600.25,600.38,513609,0
QQQ.US,5,20260309,195500,600.39,600.39,599.45,599.58,663228,0
QQQ.US,5,20260309,200000,599.57,599.951,599.31,599.59,444127,0
QQQ.US,5,20260309,200500,599.59,599.79,599.23,599.72,432889,0
QQQ.US,5,20260309,201000,599.73,600.2055,599.69,599.88,491387,0
QQQ.US,5,20260309,201500,599.88,601.66,599.72,601.48,1211119,0
QQQ.US,5,20260309,202000,601.48,605.25,601.47,604.57,2766128,0
QQQ.US,5,20260309,202500,604.54,606.95,604.2,606.78,2774193,0
QQQ.US,5,20260309,203000,606.74,607.86,605.36,607.66,2507522,0
QQQ.US,5,20260309,203500,607.66,609.27,606.51,608.95,2735695,0
QQQ.US,5,20260309,204000,608.95,608.96,606.25,607.12,2020167,0
QQQ.US,5,20260309,204500,607.14,607.8,606.54,607.325,1492469,0
QQQ.US,5,20260309,205000,607.32,607.33,606.4,606.75,1854060,0
QQQ.US,5,20260309,205500,606.75,608.355,606.55,607.71,2767874,0
QQQ.US,5,20260310,143000,607.78,609.97,607.78,608.54,1845720,0
QQQ.US,5,20260310,143500,608.635,608.91,607.88,608.44,1024604,0
QQQ.US,5,20260310,144000,608.42,608.94,607.02,608.77,825429,0
QQQ.US,5,20260310,144500,608.72,609.37,607.91,609.1199,657083,0
QQQ.US,5,20260310,145000,609.13,609.21,607.86,607.89,567745,0
QQQ.US,5,20260310,145500,607.8891,608.1,606.75,607.17,598200,0
QQQ.US,5,20260310,150000,607.17,607.47,606.08,607.22,628358,0
QQQ.US,5,20260310,150500,607.22,607.97,605.48,605.64,748426,0
QQQ.US,5,20260310,151000,605.63,606.585,605.57,606.3499,711937,0
QQQ.US,5,20260310,151500,606.35,607.0398,605.42,606.87,748134,0
QQQ.US,5,20260310,152000,606.85,607.9399,606.7,607.54,658366,0
QQQ.US,5,20260310,152500,607.55,608.62,607.55,608.12,603813,0
QQQ.US,5,20260310,153000,608.1,609.4777,608.09,609.32,697607,0
QQQ.US,5,20260310,153500,609.3,610.23,608.93,610.22,651808,0
QQQ.US,5,20260310,154000,610.23,610.83,609.79,610.49,875322,0
QQQ.US,5,20260310,154500,610.49,610.82,610.06,610.79,699651,0
QQQ.US,5,20260310,155000,610.79,611.17,610.64,611.1,602737,0
QQQ.US,5,20260310,155500,611.1,611.67,611.01,611.67,619421,0
QQQ.US,5,20260310,160000,611.67,612.4,611.505,612.075,1033194,0
QQQ.US,5,20260310,160500,612.08,612.1,611.0525,611.17,735732,0
QQQ.US,5,20260310,161000,611.18,611.49,610.86,611.02,562732,0
QQQ.US,5,20260310,161500,611.04,612.17,610.98,612.12,585791,0
QQQ.US,5,20260310,162000,612.09,612.29,611.48,611.67,426304,0
QQQ.US,5,20260310,162500,611.67,611.84,611.35,611.47,350512,0
QQQ.US,5,20260310,163000,611.47,611.54,610.66,610.81,495870,0
QQQ.US,5,20260310,163500,610.8,611.36,610.74,611.23,378098,0
QQQ.US,5,20260310,164000,611.22,612.153,611,611.61,638821,0
QQQ.US,5,20260310,164500,611.64,611.79,610.97,611.32,425083,0
QQQ.US,5,20260310,165000,611.3209,611.94,611.2301,611.28,412416,0
QQQ.US,5,20260310,165500,611.27,611.76,611.1,611.6099,363363,0
QQQ.US,5,20260310,170000,611.6,611.63,610.63,610.8,486938,0
QQQ.US,5,20260310,170500,610.81,610.82,609.94,610.43,541016,0
QQQ.US,5,20260310,171000,610.47,611.13,610.31,610.8,438551,0
QQQ.US,5,20260310,171500,610.79,611.5954,610.6133,611.3,353552,0
QQQ.US,5,20260310,172000,611.31,611.335,610.615,611.21,364180,0
QQQ.US,5,20260310,172500,611.19,611.92,610.93,611.15,631834,0
QQQ.US,5,20260310,173000,611.2,611.83,611.2,611.73,495496,0
QQQ.US,5,20260310,173500,611.71,611.98,611.51,611.88,275844,0
QQQ.US,5,20260310,174000,611.88,611.95,611.52,611.9,241228,0
QQQ.US,5,20260310,174500,611.91,611.93,610.87,611.13,424576,0
QQQ.US,5,20260310,175000,611.11,612.1,610.94,611.87,441488,0
QQQ.US,5,20260310,175500,611.88,612.04,611.63,611.78,332332,0
QQQ.US,5,20260310,180000,611.77,612.29,611.55,612.07,309512,0
QQQ.US,5,20260310,180500,612.08,612.36,611.73,611.96,396677,0
QQQ.US,5,20260310,181000,611.97,612.24,611.57,611.82,421912,0
QQQ.US,5,20260310,181500,611.84,612.85,611.8,612.81,401539,0
QQQ.US,5,20260310,182000,612.79,612.88,612.42,612.77,473415,0
QQQ.US,5,20260310,182500,612.77,613.29,612.6501,613.166,524013,0
QQQ.US,5,20260310,183000,613.16,613.16,611.87,611.94,617748,0
QQQ.US,5,20260310,183500,611.96,612.11,610.5,611.27,842936,0
QQQ.US,5,20260310,184000,611.31,611.89,611.01,611.3117,480702,0
QQQ.US,5,20260310,184500,611.32,612.39,611.13,611.96,519544,0
QQQ.US,5,20260310,185000,611.95,612.578,611.9,612.39,305092,0
QQQ.US,5,20260310,185500,612.36,612.41,611.79,612.16,217092,0
QQQ.US,5,20260310,190000,612.15,612.4,611.9,612.256,306020,0
QQQ.US,5,20260310,190500,612.27,612.29,611.4,611.59,325982,0
QQQ.US,5,20260310,191000,611.61,612.13,609.77,609.81,859094,0
QQQ.US,5,20260310,191500,609.83,610.12,608.05,608.45,1923132,0
QQQ.US,5,20260310,192000,608.45,609.44,607.73,608.8,1285396,0
QQQ.US,5,20260310,192500,608.7666,610.53,608.7,609.68,801299,0
QQQ.US,5,20260310,193000,609.64,610.63,609.2,610.04,626388,0
QQQ.US,5,20260310,193500,610.04,610.4,608.68,609.175,735033,0
QQQ.US,5,20260310,194000,609.19,609.73,608.65,609,456186,0
QQQ.US,5,20260310,194500,608.93,609.61,608.76,609.2,370317,0
QQQ.US,5,20260310,195000,609.23,610.13,608.8,609.26,400329,0
QQQ.US,5,20260310,195500,609.27,609.52,608.66,608.74,364360,0
QQQ.US,5,20260310,200000,608.75,609.12,608.4,608.56,608632,0
QQQ.US,5,20260310,200500,608.57,609.22,608.24,609.01,574621,0
QQQ.US,5,20260310,201000,608.95,609.3,608.35,609.17,474098,0
QQQ.US,5,20260310,201500,609.18,609.79,608.92,609.6,445693,0
QQQ.US,5,20260310,202000,609.57,609.69,608.15,608.962,973961,0
QQQ.US,5,20260310,202500,608.98,608.9822,607.7,607.7591,779538,0
QQQ.US,5,20260310,203000,607.73,607.97,607.2,607.42,807792,0
QQQ.US,5,20260310,203500,607.39,608.07,606.97,607.9,840020,0
QQQ.US,5,20260310,204000,607.875,608.83,607.2575,607.85,807604,0
QQQ.US,5,20260310,204500,607.83,608.16,606.85,607.16,721971,0
QQQ.US,5,20260310,205000,607.17,607.44,606.57,607.2,1192483,0
QQQ.US,5,20260310,205500,607.1961,607.78,606.73,607.73,1726379,0
QQQ.US,5,20260311,143000,608.95,610.51,608.95,609.95,1405292,0
QQQ.US,5,20260311,143500,609.94,610.75,609.8,610.563,988307,0
QQQ.US,5,20260311,144000,610.58,610.87,609.58,609.75,766504,0
QQQ.US,5,20260311,144500,609.78,610.43,608.93,609.2824,826722,0
QQQ.US,5,20260311,145000,609.29,609.95,608.441,609.31,799765,0
QQQ.US,5,20260311,145500,609.33,610.7,608.85,610.5101,755006,0
QQQ.US,5,20260311,150000,610.54,612.43,610.23,611.06,1166728,0
QQQ.US,5,20260311,150500,611.1,611.71,609.8,610.27,776090,0
QQQ.US,5,20260311,151000,610.26,610.8,609.5,610.58,788023,0
QQQ.US,5,20260311,151500,610.55,610.77,609.44,610.31,624644,0
QQQ.US,5,20260311,152000,610.28,610.39,608.52,608.5761,656675,0
QQQ.US,5,20260311,152500,608.58,608.87,607.58,608.75,942376,0
QQQ.US,5,20260311,153000,608.75,609.16,607.09,607.355,673363,0
QQQ.US,5,20260311,153500,607.36,608.89,607.33,608.33,641510,0
QQQ.US,5,20260311,154000,608.3,609.3639,608.14,608.99,553672,0
QQQ.US,5,20260311,154500,608.98,609.465,608.5,609.325,554129,0
QQQ.US,5,20260311,155000,609.311,609.51,609.01,609.275,406441,0
QQQ.US,5,20260311,155500,609.3,610.02,609.0101,609.69,521012,0
QQQ.US,5,20260311,160000,609.69,610.2593,608.77,609.85,671828,0
QQQ.US,5,20260311,160500,609.86,609.93,608.9999,609.11,489576,0
QQQ.US,5,20260311,161000,609.09,609.51,606.985,607.96,1025311,0
QQQ.US,5,20260311,161500,607.96,607.98,606.8432,607.34,826402,0
QQQ.US,5,20260311,162000,607.36,608.26,607.05,608.145,658080,0
QQQ.US,5,20260311,162500,608.15,608.53,606.51,606.55,594575,0
QQQ.US,5,20260311,163000,606.545,607.17,605.96,606.93,976707,0
QQQ.US,5,20260311,163500,606.94,607.21,606.51,606.86,586601,0
QQQ.US,5,20260311,164000,606.86,607.16,606.1,606.1222,538352,0
QQQ.US,5,20260311,164500,606.15,606.3,605.51,605.985,816019,0
QQQ.US,5,20260311,165000,605.99,607.115,605.98,607.08,727531,0
QQQ.US,5,20260311,165500,607.05,607.12,606.45,606.52,517414,0
QQQ.US,5,20260311,170000,606.52,606.65,605.7,605.81,615319,0
QQQ.US,5,20260311,170500,605.81,606.15,605.63,605.85,396757,0
QQQ.US,5,20260311,171000,605.84,606.53,605.68,606.48,516894,0
QQQ.US,5,20260311,171500,606.48,606.6699,605.87,605.93,456379,0
QQQ.US,5,20260311,172000,605.9303,606.83,605.8427,606.48,456993,0
QQQ.US,5,20260311,172500,606.47,606.97,606.205,606.94,423675,0
QQQ.US,5,20260311,173000,606.93,608.22,606.88,608.08,716740,0
QQQ.US,5,20260311,173500,608.1,608.26,607.3,607.4249,498174,0
QQQ.US,5,20260311,174000,607.46,608.15,607.39,607.6,431341,0
QQQ.US,5,20260311,174500,607.59,607.94,607.26,607.45,325563,0
QQQ.US,5,20260311,175000,607.45,608.0999,607.42,608,270817,0
QQQ.US,5,20260311,175500,608,608.37,607.87,608.285,283652,0
QQQ.US,5,20260311,180000,608.28,608.71,608.18,608.29,402441,0
QQQ.US,5,20260311,180500,608.2821,608.7,608.22,608.3722,287495,0
QQQ.US,5,20260311,181000,608.38,608.4,607.74,608,450034,0
QQQ.US,5,20260311,181500,607.97,608.26,607.37,607.595,380082,0
QQQ.US,5,20260311,182000,607.61,608.19,607.569,608.18,289478,0
QQQ.US,5,20260311,182500,608.18,608.6,608.04,608.251,309118,0
QQQ.US,5,20260311,183000,608.26,608.49,607.86,608.04,288339,0
QQQ.US,5,20260311,183500,608.02,608.27,605.03,606.21,1285984,0
QQQ.US,5,20260311,184000,606.22,606.85,605.65,606.52,870817,0
QQQ.US,5,20260311,184500,606.52,606.91,606.07,606.83,526461,0
QQQ.US,5,20260311,185000,606.82,607.7,606.79,606.96,516391,0
QQQ.US,5,20260311,185500,606.95,607.26,606.39,606.92,452794,0
QQQ.US,5,20260311,190000,606.93,607.17,606.725,606.89,313651,0
QQQ.US,5,20260311,190500,606.87,606.9299,606.08,606.15,378456,0
QQQ.US,5,20260311,191000,606.145,606.22,605.44,606.015,615005,0
QQQ.US,5,20260311,191500,606.02,606.5,605.74,606.21,478396,0
QQQ.US,5,20260311,192000,606.22,606.77,605.86,606.36,392287,0
QQQ.US,5,20260311,192500,606.31,607.08,606.21,606.85,396490,0
QQQ.US,5,20260311,193000,606.85,607.25,606.77,607.23,433708,0
QQQ.US,5,20260311,193500,607.22,607.24,606.75,606.85,379964,0
QQQ.US,5,20260311,194000,606.84,607,606.51,606.73,270441,0
QQQ.US,5,20260311,194500,606.74,606.98,606.42,606.4639,394641,0
QQQ.US,5,20260311,195000,606.48,607.44,606.48,607.216,439264,0
QQQ.US,5,20260311,195500,607.205,607.54,606.84,607.0901,382258,0
QQQ.US,5,20260311,200000,607.11,607.27,606.31,606.75,462355,0
QQQ.US,5,20260311,200500,606.75,606.855,606.5,606.69,222583,0
QQQ.US,5,20260311,201000,606.75,606.79,606.08,606.21,416782,0
QQQ.US,5,20260311,201500,606.21,606.64,606.02,606.5499,563157,0
QQQ.US,5,20260311,202000,606.54,606.63,606.06,606.45,304541,0
QQQ.US,5,20260311,202500,606.44,606.7682,606.38,606.53,325175,0
QQQ.US,5,20260311,203000,606.55,607.45,606.4,607.32,404134,0
QQQ.US,5,20260311,203500,607.33,607.6,607.017,607.38,399643,0
QQQ.US,5,20260311,204000,607.38,607.78,607.215,607.52,363871,0
QQQ.US,5,20260311,204500,607.53,607.71,607,607.14,378584,0
QQQ.US,5,20260311,205000,607.14,608.02,607.05,607.96,769439,0
QQQ.US,5,20260311,205500,607.96,608.24,607.65,607.69,1364363,0
QQQ.US,5,20260312,143000,602.76,604.02,601.95,603.64,1668078,0
QQQ.US,5,20260312,143500,603.63,604.14,603.255,603.76,1033532,0
QQQ.US,5,20260312,144000,603.71,604.01,602.39,602.49,969342,0
QQQ.US,5,20260312,144500,602.49,602.49,600.34,601.785,1730657,0
QQQ.US,5,20260312,145000,601.79,602.518,600.05,600.18,1102049,0
QQQ.US,5,20260312,145500,600.175,600.39,599.23,599.87,1361216,0
QQQ.US,5,20260312,150000,599.91,601.995,599.78,601.3813,1372901,0
QQQ.US,5,20260312,150500,601.35,601.56,600.76,601.03,711465,0
QQQ.US,5,20260312,151000,601.03,601.98,600.79,601.79,955519,0
QQQ.US,5,20260312,151500,601.81,602.05,600.39,600.44,900246,0
QQQ.US,5,20260312,152000,600.45,600.54,599.89,600.255,898999,0
QQQ.US,5,20260312,152500,600.26,600.97,598.89,598.89,889278,0
QQQ.US,5,20260312,153000,598.91,599.15,598.27,598.6,1169259,0
QQQ.US,5,20260312,153500,598.6,599.25,597.82,598.63,1087498,0
QQQ.US,5,20260312,154000,598.61,599.67,598.15,599.57,738227,0
QQQ.US,5,20260312,154500,599.56,601.36,598.57,598.84,1401083,0
QQQ.US,5,20260312,155000,598.84,599.32,598.52,599.15,699243,0
QQQ.US,5,20260312,155500,599.14,599.59,598.77,598.97,660643,0
QQQ.US,5,20260312,160000,598.945,599.2699,597.99,598.69,842543,0
QQQ.US,5,20260312,160500,598.675,598.9,598.385,598.5299,464817,0
QQQ.US,5,20260312,161000,598.51,598.52,597.53,598.23,846207,0
QQQ.US,5,20260312,161500,598.23,598.46,597.83,598.08,636495,0
QQQ.US,5,20260312,162000,598.07,598.63,597.7,598.51,642376,0
QQQ.US,5,20260312,162500,598.49,599.43,598.42,599,698733,0
QQQ.US,5,20260312,163000,598.98,599.35,598.46,598.69,679129,0
QQQ.US,5,20260312,163500,598.69,600.43,597.96,600.43,762347,0
QQQ.US,5,20260312,164000,600.41,601.15,599.58,600.61,1702625,0
QQQ.US,5,20260312,164500,600.64,600.84,599.05,599.84,902633,0
QQQ.US,5,20260312,165000,599.86,600.47,599.4,600.32,517206,0
QQQ.US,5,20260312,165500,600.35,600.35,599.51,600.06,410274,0
QQQ.US,5,20260312,170000,600.08,600.74,599.68,600.7,522776,0
QQQ.US,5,20260312,170500,600.68,601.05,598.22,598.43,961687,0
QQQ.US,5,20260312,171000,598.43,599.84,598.32,599.79,618761,0
QQQ.US,5,20260312,171500,599.795,600.8699,599.72,600.28,639166,0
QQQ.US,5,20260312,172000,600.35,601.74,600.27,600.45,1031611,0
QQQ.US,5,20260312,172500,600.46,600.55,599.29,599.47,755736,0
QQQ.US,5,20260312,173000,599.47,600.71,599.24,600.265,707816,0
QQQ.US,5,20260312,173500,600.25,601.27,600.1,601.07,663292,0
QQQ.US,5,20260312,174000,601.08,601.12,600.35,600.6399,527139,0
QQQ.US,5,20260312,174500,600.6,600.81,599.08,599.96,722095,0
QQQ.US,5,20260312,175000,599.94,600.39,599.18,599.52,447665,0
QQQ.US,5,20260312,175500,599.54,600.12,599.4,599.98,448109,0
QQQ.US,5,20260312,180000,599.97,600.88,599.85,600.82,399568,0
QQQ.US,5,20260312,180500,600.77,601.48,600.05,600.21,577504,0
QQQ.US,5,20260312,181000,600.2,600.78,599.91,599.9451,375264,0
QQQ.US,5,20260312,181500,599.91,600.2,599.29,599.37,387011,0
QQQ.US,5,20260312,182000,599.37,600.6,599.21,600.29,518055,0
QQQ.US,5,20260312,182500,600.32,600.52,599.5,599.6978,376522,0
QQQ.US,5,20260312,183000,599.71,600.31,599.67,600,323285,0
QQQ.US,5,20260312,183500,600,600.67,599.99,600.4,434356,0
QQQ.US,5,20260312,184000,600.42,600.7,599.51,599.59,422304,0
QQQ.US,5,20260312,184500,599.6,599.83,598.93,599.135,567744,0
QQQ.US,5,20260312,185000,599.16,599.72,599.02,599.03,265762,0
QQQ.US,5,20260312,185500,599.0206,599.15,598.12,599.0501,495909,0
QQQ.US,5,20260312,190000,599.07,600.01,599.07,599.43,475501,0
QQQ.US,5,20260312,190500,599.44,600.18,599.09,599.73,428849,0
QQQ.US,5,20260312,191000,599.73,599.925,599.42,599.83,319214,0
QQQ.US,5,20260312,191500,599.84,600.14,599.26,599.31,381717,0
QQQ.US,5,20260312,192000,599.36,599.43,598.7687,599.22,448535,0
QQQ.US,5,20260312,192500,599.22,599.39,598.852,599.36,355325,0
QQQ.US,5,20260312,193000,599.36,599.57,598.842,598.91,392214,0
QQQ.US,5,20260312,193500,598.93,599.1937,598.52,598.9961,385358,0
QQQ.US,5,20260312,194000,599.01,599.05,598.64,598.69,241443,0
QQQ.US,5,20260312,194500,598.66,598.87,598.33,598.44,342921,0
QQQ.US,5,20260312,195000,598.435,599.2,598.435,598.83,377393,0
QQQ.US,5,20260312,195500,598.82,598.87,598.33,598.44,451092,0
QQQ.US,5,20260312,200000,598.44,599.18,597.97,598.375,801492,0
QQQ.US,5,20260312,200500,598.36,598.91,598.23,598.4499,671986,0
QQQ.US,5,20260312,201000,598.46,598.64,597.7,598.285,461469,0
QQQ.US,5,20260312,201500,598.2895,598.74,598.05,598.53,433555,0
QQQ.US,5,20260312,202000,598.52,599.16,598.35,598.668,364234,0
QQQ.US,5,20260312,202500,598.68,598.9601,598.54,598.81,369715,0
QQQ.US,5,20260312,203000,598.81,599.48,598.78,599.08,628986,0
QQQ.US,5,20260312,203500,599.07,599.2,598.493,598.67,488218,0
QQQ.US,5,20260312,204000,598.67,598.69,597.81,598.0639,698046,0
QQQ.US,5,20260312,204500,598.06,598.08,597.45,597.75,870142,0
QQQ.US,5,20260312,205000,597.75,597.97,597.11,597.74,1323544,0
QQQ.US,5,20260312,205500,597.74,598.05,597.05,597.24,2103287,0
QQQ.US,5,20260313,143000,599.73,601.1,599.58,600.15,1601938,0
QQQ.US,5,20260313,143500,600.12,600.94,598.93,600.5,870095,0
QQQ.US,5,20260313,144000,600.535,602.82,600.26,602.7501,1004818,0
QQQ.US,5,20260313,144500,602.7699,603.5999,602.38,602.4,1187618,0
QQQ.US,5,20260313,145000,602.41,603.37,601.92,603.19,773167,0
QQQ.US,5,20260313,145500,603.21,603.26,601.56,601.7,973548,0
QQQ.US,5,20260313,150000,601.71,602.6,600.91,601.326,881547,0
QQQ.US,5,20260313,150500,601.335,601.9,600.54,600.71,590593,0
QQQ.US,5,20260313,151000,600.71,600.9099,600.07,600.31,601484,0
QQQ.US,5,20260313,151500,600.28,600.68,599.46,599.97,864872,0
QQQ.US,5,20260313,152000,599.98,600.85,599.93,600.38,611285,0
QQQ.US,5,20260313,152500,600.38,601.13,600,600.4447,505552,0
QQQ.US,5,20260313,153000,600.47,601.7209,600.25,600.8,608851,0
QQQ.US,5,20260313,153500,600.81,600.85,599.59,600.1,661291,0
QQQ.US,5,20260313,154000,600.14,600.14,598.52,598.5401,674462,0
QQQ.US,5,20260313,154500,598.55,598.58,597.34,597.98,902972,0
QQQ.US,5,20260313,155000,597.96,598.56,597.19,597.36,624543,0
QQQ.US,5,20260313,155500,597.36,597.7,595.81,595.86,938365,0
QQQ.US,5,20260313,160000,595.8438,596.375,595.27,595.89,865317,0
QQQ.US,5,20260313,160500,595.87,596.87,595.55,596.8436,734332,0
QQQ.US,5,20260313,161000,596.87,597.88,596.65,597.72,578365,0
QQQ.US,5,20260313,161500,597.72,597.77,596.7,596.71,404511,0
QQQ.US,5,20260313,162000,596.71,597.26,595.68,595.72,466458,0
QQQ.US,5,20260313,162500,595.72,595.81,595.29,595.48,583648,0
QQQ.US,5,20260313,163000,595.46,596.12,595.1306,595.86,659482,0
QQQ.US,5,20260313,163500,595.88,596.07,594.77,595.29,850811,0
QQQ.US,5,20260313,164000,595.28,595.51,593.82,594.12,882607,0
QQQ.US,5,20260313,164500,594.1,595.77,593.68,594.8459,863442,0
QQQ.US,5,20260313,165000,594.87,594.98,593.76,594.36,506360,0
QQQ.US,5,20260313,165500,594.37,594.46,593.58,593.98,431979,0
QQQ.US,5,20260313,170000,593.96,595.01,593.93,594.67,549600,0
QQQ.US,5,20260313,170500,594.69,595.39,594.33,595.14,400399,0
QQQ.US,5,20260313,171000,595.16,595.58,593.954,594.63,529829,0
QQQ.US,5,20260313,171500,594.64,594.97,594.18,594.5,322250,0
QQQ.US,5,20260313,172000,594.51,595.28,594.44,594.79,375223,0
QQQ.US,5,20260313,172500,594.7801,595.16,594.06,594.86,360172,0
QQQ.US,5,20260313,173000,594.85,595.49,594.66,594.79,439939,0
QQQ.US,5,20260313,173500,594.73,595.92,594.73,595.12,395759,0
QQQ.US,5,20260313,174000,595.1,595.47,594.42,594.45,412522,0
QQQ.US,5,20260313,174500,594.461,594.64,593.79,594.53,464390,0
QQQ.US,5,20260313,175000,594.55,595.523,594.45,595.42,377378,0
QQQ.US,5,20260313,175500,595.43,595.55,593.44,593.68,647816,0
QQQ.US,5,20260313,180000,593.6878,594.08,593.56,593.93,392162,0
QQQ.US,5,20260313,180500,593.92,594.63,593.4,594.46,432419,0
QQQ.US,5,20260313,181000,594.44,595.2,593.82,595.2,509572,0
QQQ.US,5,20260313,181500,595.2,595.55,594.64,595.22,469879,0
QQQ.US,5,20260313,182000,595.24,595.25,594.255,595,384566,0
QQQ.US,5,20260313,182500,594.99,595.23,594.48,594.98,310648,0
QQQ.US,5,20260313,183000,594.97,595.16,594.36,594.61,470025,0
QQQ.US,5,20260313,183500,594.59,594.81,594.29,594.66,301571,0
QQQ.US,5,20260313,184000,594.68,594.77,593.94,594.41,458567,0
QQQ.US,5,20260313,184500,594.3871,594.56,592.92,592.99,551874,0
QQQ.US,5,20260313,185000,592.98,593.39,592.62,593.1931,593600,0
QQQ.US,5,20260313,185500,593.18,593.555,592.85,593.13,464033,0
QQQ.US,5,20260313,190000,593.13,593.72,593.06,593.57,616140,0
QQQ.US,5,20260313,190500,593.56,593.77,593.2,593.52,438864,0
QQQ.US,5,20260313,191000,593.5399,593.95,593.47,593.78,380266,0
QQQ.US,5,20260313,191500,593.79,594.16,593.27,593.4,503310,0
QQQ.US,5,20260313,192000,593.41,593.5617,592.98,593.23,346224,0
QQQ.US,5,20260313,192500,593.24,594.1,593.19,594.05,414195,0
QQQ.US,5,20260313,193000,594.045,594.84,593.72,594.58,469967,0
QQQ.US,5,20260313,193500,594.58,594.97,594.45,594.81,401090,0
QQQ.US,5,20260313,194000,594.82,595.27,594.68,595.16,500132,0
QQQ.US,5,20260313,194500,595.15,595.37,594.93,595.23,533344,0
QQQ.US,5,20260313,195000,595.225,595.5,594.85,595.29,569977,0
QQQ.US,5,20260313,195500,595.3,595.3,594.74,594.92,373716,0
QQQ.US,5,20260313,200000,594.92,594.94,594.2,594.2,541855,0
QQQ.US,5,20260313,200500,594.21,594.45,593.9,594.28,513986,0
QQQ.US,5,20260313,201000,594.28,594.58,594.1,594.15,360705,0
QQQ.US,5,20260313,201500,594.16,594.53,594.0701,594.2499,535945,0
QQQ.US,5,20260313,202000,594.23,594.23,593.17,593.44,591645,0
QQQ.US,5,20260313,202500,593.428,593.48,592.982,593.18,467934,0
QQQ.US,5,20260313,203000,593.1887,593.73,593.09,593.23,510410,0
QQQ.US,5,20260313,203500,593.21,593.36,592.76,592.8393,575198,0
QQQ.US,5,20260313,204000,592.84,592.99,592.57,592.98,666210,0
QQQ.US,5,20260313,204500,592.97,593.23,592.715,593.075,708644,0
QQQ.US,5,20260313,205000,593.08,593.54,592.75,593.4,1065587,0
QQQ.US,5,20260313,205500,593.395,593.83,593.215,593.72,2350977,0
QQQ.US,5,20260316,143000,600.04,601.24,599.23,600.87,1460501,0
QQQ.US,5,20260316,143500,600.88,601.4876,600.4941,600.67,804390,0
QQQ.US,5,20260316,144000,600.65,600.91,600.22,600.36,675517,0
QQQ.US,5,20260316,144500,600.36,601.8751,600.305,601.38,924839,0
QQQ.US,5,20260316,145000,601.37,601.41,600.68,601.02,426835,0
QQQ.US,5,20260316,145500,601.02,602.03,600.62,601.91,601167,0
QQQ.US,5,20260316,150000,601.9,601.97,601.03,601.2,572947,0
QQQ.US,5,20260316,150500,601.24,602.2,601.03,601.995,713671,0
QQQ.US,5,20260316,151000,602.01,602.5,601.65,601.9,655361,0
QQQ.US,5,20260316,151500,601.9,602.51,601.7,601.9,454020,0
QQQ.US,5,20260316,152000,601.89,602.6,601.84,602.3,415007,0
QQQ.US,5,20260316,152500,602.28,602.38,601.46,601.475,446895,0
QQQ.US,5,20260316,153000,601.485,601.55,600.23,600.33,829012,0
QQQ.US,5,20260316,153500,600.33,600.99,599.58,599.73,715623,0
QQQ.US,5,20260316,154000,599.71,600.16,599.45,599.71,580881,0
QQQ.US,5,20260316,154500,599.72,600.34,599.38,599.68,659545,0
QQQ.US,5,20260316,155000,599.68,600.55,599.13,600.405,625369,0
QQQ.US,5,20260316,155500,600.42,600.9407,600.1,600.94,444683,0
QQQ.US,5,20260316,160000,600.94,601.03,600.14,600.265,435335,0
QQQ.US,5,20260316,160500,600.25,600.64,599.802,600.64,470695,0
QQQ.US,5,20260316,161000,600.6201,601.24,600.0201,601.1202,486367,0
QQQ.US,5,20260316,161500,601.12,601.32,600.61,601.3,312301,0
QQQ.US,5,20260316,162000,601.3,601.95,601.11,601.78,304287,0
QQQ.US,5,20260316,162500,601.79,601.9,601.14,601.47,338041,0
QQQ.US,5,20260316,163000,601.46,601.99,601.44,601.7901,299613,0
QQQ.US,5,20260316,163500,601.795,601.97,601.56,601.61,243727,0
QQQ.US,5,20260316,164000,601.605,601.7779,601.37,601.5,247299,0
QQQ.US,5,20260316,164500,601.5,601.88,601.49,601.75,208760,0
QQQ.US,5,20260316,165000,601.7703,601.775,600.92,601.232,493966,0
QQQ.US,5,20260316,165500,601.24,601.41,600.31,600.465,520603,0
QQQ.US,5,20260316,170000,600.46,600.87,600.22,600.25,326466,0
QQQ.US,5,20260316,170500,600.25,601.15,600.18,600.6419,272615,0
QQQ.US,5,20260316,171000,600.65,601.0199,600.32,600.62,208569,0
QQQ.US,5,20260316,171500,600.62,600.89,600.19,600.39,288664,0
QQQ.US,5,20260316,172000,600.41,600.43,599.37,599.4,543992,0
QQQ.US,5,20260316,172500,599.39,599.83,599.15,599.48,455740,0
QQQ.US,5,20260316,173000,599.46,599.865,599.11,599.44,471032,0
QQQ.US,5,20260316,173500,599.43,600.17,599.43,600.15,283413,0
QQQ.US,5,20260316,174000,600.15,600.82,599.88,600.63,381233,0
QQQ.US,5,20260316,174500,600.63,600.84,600.24,600.5224,254486,0
QQQ.US,5,20260316,175000,600.52,601.02,600.4099,600.63,203593,0
QQQ.US,5,20260316,175500,600.63,600.85,600.345,600.48,190828,0
QQQ.US,5,20260316,180000,600.48,601.59,600.465,600.78,613614,0
QQQ.US,5,20260316,180500,600.78,601.28,600.65,600.9301,215666,0
QQQ.US,5,20260316,181000,600.94,601.5,600.93,601.27,219246,0
QQQ.US,5,20260316,181500,601.265,601.37,600.88,601.28,195006,0
QQQ.US,5,20260316,182000,601.2999,601.64,601.27,601.43,245794,0
QQQ.US,5,20260316,182500,601.43,601.61,600.92,600.99,255471,0
QQQ.US,5,20260316,183000,601.01,601.37,600.78,600.99,288359,0
QQQ.US,5,20260316,183500,600.96,601.1366,600.675,600.735,225397,0
QQQ.US,5,20260316,184000,600.73,600.91,600.38,600.44,285332,0
QQQ.US,5,20260316,184500,600.4717,600.9799,600.13,600.3,316062,0
QQQ.US,5,20260316,185000,600.32,600.76,599.93,600.475,369417,0
QQQ.US,5,20260316,185500,600.46,600.86,600.34,600.65,189561,0
QQQ.US,5,20260316,190000,600.645,601.045,600.48,601.04,279389,0
QQQ.US,5,20260316,190500,601.05,601.6,600.91,601.35,558242,0
QQQ.US,5,20260316,191000,601.32,601.52,601,601.24,373785,0
QQQ.US,5,20260316,191500,601.25,601.65,601.18,601.45,472296,0
QQQ.US,5,20260316,192000,601.44,601.61,601.27,601.52,255885,0
QQQ.US,5,20260316,192500,601.52,601.73,601.31,601.53,316338,0
QQQ.US,5,20260316,193000,601.54,601.66,601.18,601.37,344107,0
QQQ.US,5,20260316,193500,601.38,601.68,601.24,601.61,237734,0
QQQ.US,5,20260316,194000,601.62,601.85,601.47,601.8,352292,0
QQQ.US,5,20260316,194500,601.805,601.89,601.661,601.69,280793,0
QQQ.US,5,20260316,195000,601.69,601.69,601.32,601.35,392023,0
QQQ.US,5,20260316,195500,601.355,601.4,601.0945,601.15,317877,0
QQQ.US,5,20260316,200000,601.15,601.484,600.91,601.08,374745,0
QQQ.US,5,20260316,200500,601.09,602.51,600.78,602.465,756861,0
QQQ.US,5,20260316,201000,602.46,603.86,601.08,601.33,1957679,0
QQQ.US,5,20260316,201500,601.31,601.8399,600.98,600.981,526454,0
QQQ.US,5,20260316,202000,600.9965,601.14,600.32,600.52,599964,0
QQQ.US,5,20260316,202500,600.51,601,600.07,600.62,680063,0
QQQ.US,5,20260316,203000,600.62,600.885,600.31,600.5,480856,0
QQQ.US,5,20260316,203500,600.51,600.89,600.2987,600.38,414806,0
QQQ.US,5,20260316,204000,600.378,600.56,599.83,600.03,514376,0
QQQ.US,5,20260316,204500,600.03,600.21,599.72,600.015,765081,0
QQQ.US,5,20260316,205000,600.01,600.36,599.53,599.905,1102737,0
QQQ.US,5,20260316,205500,599.89,600.59,599.885,600.31,1963765,0
QQQ.US,5,20260317,143000,603.14,604.92,602.28,604.53,1214866,0
QQQ.US,5,20260317,143500,604.53,604.95,604.25,604.92,832767,0
QQQ.US,5,20260317,144000,604.91,604.9599,604.3,604.665,693463,0
QQQ.US,5,20260317,144500,604.65,605.9,604.53,605.8725,1029783,0
QQQ.US,5,20260317,145000,605.8707,605.88,605.0701,605.63,732922,0
QQQ.US,5,20260317,145500,605.64,605.65,604.93,605.38,534926,0
QQQ.US,5,20260317,150000,605.36,605.47,604.44,604.69,637726,0
QQQ.US,5,20260317,150500,604.7,605.08,604.61,604.68,554645,0
QQQ.US,5,20260317,151000,604.67,604.74,603.78,603.8,846801,0
QQQ.US,5,20260317,151500,603.81,604.46,603.06,604.45,942018,0
QQQ.US,5,20260317,152000,604.44,604.83,604.16,604.63,623904,0
QQQ.US,5,20260317,152500,604.64,605.01,604.2,604.62,538501,0
QQQ.US,5,20260317,153000,604.63,605.01,604.06,604.86,543067,0
QQQ.US,5,20260317,153500,604.87,605.2,604.22,604.3,740236,0
QQQ.US,5,20260317,154000,604.29,605.32,604,605.19,569521,0
QQQ.US,5,20260317,154500,605.19,605.31,604.94,605.1701,488169,0
QQQ.US,5,20260317,155000,605.18,605.23,604.72,605.01,476203,0
QQQ.US,5,20260317,155500,605.01,605.29,604.82,604.95,349749,0
QQQ.US,5,20260317,160000,604.95,605.27,604.43,604.525,402143,0
QQQ.US,5,20260317,160500,604.5,604.6193,603.62,603.63,757642,0
QQQ.US,5,20260317,161000,603.62,604.05,603.43,603.75,625004,0
QQQ.US,5,20260317,161500,603.745,604.49,603.7,604.23,611817,0
QQQ.US,5,20260317,162000,604.22,604.45,603.41,603.82,454608,0
QQQ.US,5,20260317,162500,603.78,604.1998,603.36,603.38,423030,0
QQQ.US,5,20260317,163000,603.37,603.92,602.94,603.05,575835,0
QQQ.US,5,20260317,163500,603.05,603.31,601.97,602.52,965028,0
QQQ.US,5,20260317,164000,602.52,603.08,602.35,603.03,424584,0
QQQ.US,5,20260317,164500,603.01,603.44,602.77,602.79,428542,0
QQQ.US,5,20260317,165000,602.79,603.475,602.79,603.23,353223,0
QQQ.US,5,20260317,165500,603.23,603.4,602.83,602.89,287731,0
QQQ.US,5,20260317,170000,602.91,602.96,602.21,602.455,555376,0
QQQ.US,5,20260317,170500,602.46,602.88,601.87,602.55,842302,0
QQQ.US,5,20260317,171000,602.55,603.37,602.48,602.61,480479,0
QQQ.US,5,20260317,171500,602.63,603.575,602.49,603.575,404327,0
QQQ.US,5,20260317,172000,603.595,603.77,603.11,603.66,321420,0
QQQ.US,5,20260317,172500,603.66,603.66,603.24,603.42,302346,0
QQQ.US,5,20260317,173000,603.43,603.71,603.06,603.39,285928,0
QQQ.US,5,20260317,173500,603.375,603.67,602.87,603.05,241151,0
QQQ.US,5,20260317,174000,603.04,603.75,602.98,603.74,244307,0
QQQ.US,5,20260317,174500,603.74,603.78,603.272,603.41,196508,0
QQQ.US,5,20260317,175000,603.41,603.61,603.21,603.4,208504,0
QQQ.US,5,20260317,175500,603.4051,603.56,603.06,603.09,159006,0
QQQ.US,5,20260317,180000,603.0847,604.045,603.055,603.91,239441,0
QQQ.US,5,20260317,180500,603.91,603.95,603.62,603.86,262328,0
QQQ.US,5,20260317,181000,603.86,603.89,603.23,603.545,318946,0
QQQ.US,5,20260317,181500,603.53,603.56,603.24,603.46,176041,0
QQQ.US,5,20260317,182000,603.455,603.6732,603.23,603.5,253184,0
QQQ.US,5,20260317,182500,603.49,603.7,603.31,603.57,129105,0
QQQ.US,5,20260317,183000,603.53,603.805,603.41,603.5,264438,0
QQQ.US,5,20260317,183500,603.49,604,603.46,603.94,245036,0
QQQ.US,5,20260317,184000,603.9401,603.97,603.32,603.42,251901,0
QQQ.US,5,20260317,184500,603.45,603.615,603.05,603.36,238915,0
QQQ.US,5,20260317,185000,603.35,604.12,603.2,604.07,392093,0
QQQ.US,5,20260317,185500,604.07,604.18,603.85,603.97,234984,0
QQQ.US,5,20260317,190000,603.97,604.25,603.71,604.13,344511,0
QQQ.US,5,20260317,190500,604.14,604.465,603.905,604.4597,345964,0
QQQ.US,5,20260317,191000,604.46,604.53,604.01,604.01,254649,0
QQQ.US,5,20260317,191500,604,604.16,603.95,604.03,220064,0
QQQ.US,5,20260317,192000,604.04,604.09,603.25,603.27,307203,0
QQQ.US,5,20260317,192500,603.25,603.57,603.178,603.21,365716,0
QQQ.US,5,20260317,193000,603.2,603.4,603,603.25,362998,0
QQQ.US,5,20260317,193500,603.25,603.37,603.03,603.13,314474,0
QQQ.US,5,20260317,194000,603.13,603.36,602.92,602.975,307671,0
QQQ.US,5,20260317,194500,602.98,603.31,602.96,603.256,218717,0
QQQ.US,5,20260317,195000,603.25,603.5513,603.03,603.48,282333,0
QQQ.US,5,20260317,195500,603.49,603.49,602.94,603.21,423251,0
QQQ.US,5,20260317,200000,603.22,603.6,603.13,603.2,321484,0
QQQ.US,5,20260317,200500,603.19,603.2,602.685,603.09,431465,0
QQQ.US,5,20260317,201000,603.1,603.32,603.05,603.235,233872,0
QQQ.US,5,20260317,201500,603.23,603.71,603.18,603.45,408877,0
QQQ.US,5,20260317,202000,603.45,603.475,603.12,603.24,261032,0
QQQ.US,5,20260317,202500,603.25,603.39,603.1513,603.31,281886,0
QQQ.US,5,20260317,203000,603.3,603.52,603.145,603.2002,303954,0
QQQ.US,5,20260317,203500,603.21,603.32,603.08,603.165,293696,0
QQQ.US,5,20260317,204000,603.17,603.37,603.02,603.11,276638,0
QQQ.US,5,20260317,204500,603.11,603.51,603.104,603.49,383131,0
QQQ.US,5,20260317,205000,603.49,603.755,603.03,603.755,872405,0
QQQ.US,5,20260317,205500,603.76,603.76,603.17,603.31,1983342,0
QQQ.US,5,20260318,143000,601.49,602.29,600.93,601.84,1367311,0
QQQ.US,5,20260318,143500,601.87,602.633,601.67,602.24,1040046,0
QQQ.US,5,20260318,144000,602.2899,602.94,601.47,602.1,765243,0
QQQ.US,5,20260318,144500,602.09,603.16,601.95,602.4,660250,0
QQQ.US,5,20260318,145000,602.4,602.478,601.63,601.77,515959,0
QQQ.US,5,20260318,145500,601.76,602.5,601.54,602.4699,415029,0
QQQ.US,5,20260318,150000,602.4799,602.57,601.14,601.75,533741,0
QQQ.US,5,20260318,150500,601.75,602.79,601.48,602.38,628745,0
QQQ.US,5,20260318,151000,602.38,602.45,600.649,600.65,653019,0
QQQ.US,5,20260318,151500,600.65,601.402,600.59,600.87,520314,0
QQQ.US,5,20260318,152000,600.86,601.04,600.51,600.62,480488,0
QQQ.US,5,20260318,152500,600.61,600.68,598.71,598.97,982734,0
QQQ.US,5,20260318,153000,598.96,600.14,598.84,599.33,816854,0
QQQ.US,5,20260318,153500,599.33,599.8,599.16,599.3,411871,0
QQQ.US,5,20260318,154000,599.3,599.65,599.03,599.2,547247,0
QQQ.US,5,20260318,154500,599.19,599.7375,598.88,599.14,503820,0
QQQ.US,5,20260318,155000,599.14,599.69,599.11,599.47,341896,0
QQQ.US,5,20260318,155500,599.47,600.42,599.41,600.41,548374,0
QQQ.US,5,20260318,160000,600.405,601.03,599.9378,600.59,798645,0
QQQ.US,5,20260318,160500,600.59,601.55,600.52,601.52,682443,0
QQQ.US,5,20260318,161000,601.52,601.5399,600.74,600.9098,656449,0
QQQ.US,5,20260318,161500,600.91,601.115,600.21,600.29,487256,0
QQQ.US,5,20260318,162000,600.29,600.67,599.87,600.65,493262,0
QQQ.US,5,20260318,162500,600.645,600.87,600.49,600.53,277881,0
QQQ.US,5,20260318,163000,600.53,601.2,600.37,600.89,390646,0
QQQ.US,5,20260318,163500,600.89,601.16,600.585,600.96,319362,0
QQQ.US,5,20260318,164000,600.94,601,600.37,600.71,368441,0
QQQ.US,5,20260318,164500,600.69,600.97,600.25,600.39,344482,0
QQQ.US,5,20260318,165000,600.39,601.0998,600.35,601.0998,504990,0
QQQ.US,5,20260318,165500,601.09,601.2,600.67,600.78,348821,0
QQQ.US,5,20260318,170000,600.77,600.79,600.27,600.6201,363941,0
QQQ.US,5,20260318,170500,600.63,600.63,600.21,600.229,253019,0
QQQ.US,5,20260318,171000,600.24,601.01,599.9901,600.875,428049,0
QQQ.US,5,20260318,171500,600.856,600.87,600.26,600.86,354091,0
QQQ.US,5,20260318,172000,600.87,601.07,600.68,600.8,218004,0
QQQ.US,5,20260318,172500,600.8,600.85,600.45,600.5,193143,0
QQQ.US,5,20260318,173000,600.48,600.67,599.65,599.68,511382,0
QQQ.US,5,20260318,173500,599.67,599.95,599.14,599.814,398750,0
QQQ.US,5,20260318,174000,599.8,599.94,599.5,599.66,264383,0
QQQ.US,5,20260318,174500,599.65,599.7999,599.41,599.72,200943,0
QQQ.US,5,20260318,175000,599.69,600.19,599.52,600.0697,240109,0
QQQ.US,5,20260318,175500,600.07,600.21,599.42,599.48,251131,0
QQQ.US,5,20260318,180000,599.45,599.55,598.61,599.21,433032,0
QQQ.US,5,20260318,180500,599.2,599.31,598.64,598.7177,324481,0
QQQ.US,5,20260318,181000,598.71,598.91,598.3,598.53,315803,0
QQQ.US,5,20260318,181500,598.53,598.94,598.38,598.88,360223,0
QQQ.US,5,20260318,182000,598.89,599.2,598.78,599.18,233715,0
QQQ.US,5,20260318,182500,599.176,599.26,598.92,599.1501,193077,0
QQQ.US,5,20260318,183000,599.17,599.42,598.69,599.41,262303,0
QQQ.US,5,20260318,183500,599.42,600.065,599.4121,599.93,380893,0
QQQ.US,5,20260318,184000,599.93,599.95,599.49,599.59,298178,0
QQQ.US,5,20260318,184500,599.58,600.35,599.52,599.82,365253,0
QQQ.US,5,20260318,185000,599.81,600.17,599.63,600.1,177927,0
QQQ.US,5,20260318,185500,600.11,600.39,599.94,600.26,320176,0
QQQ.US,5,20260318,190000,600.23,601.17,600.2284,600.89,515808,0
QQQ.US,5,20260318,190500,600.91,600.91,600.1,600.15,361686,0
QQQ.US,5,20260318,191000,600.15,600.37,599.75,600.17,272320,0
QQQ.US,5,20260318,191500,600.14,600.16,599,599.39,342937,0
QQQ.US,5,20260318,192000,599.35,599.65,599.03,599.39,171508,0
QQQ.US,5,20260318,192500,599.3901,599.79,599.22,599.73,191199,0
QQQ.US,5,20260318,193000,599.72,599.92,598.2,598.22,485539,0
QQQ.US,5,20260318,193500,598.22,599.77,598.07,598.432,550833,0
QQQ.US,5,20260318,194000,598.455,599.29,598.13,598.71,414484,0
QQQ.US,5,20260318,194500,598.718,598.86,598.33,598.42,229987,0
QQQ.US,5,20260318,195000,598.43,598.46,597.2,597.4,590838,0
QQQ.US,5,20260318,195500,597.4,597.79,597,597.05,624107,0
QQQ.US,5,20260318,200000,597.04,598.16,596.89,598.16,541665,0
QQQ.US,5,20260318,200500,598.16,598.45,597.765,598.1,488531,0
QQQ.US,5,20260318,201000,598.09,598.09,597.29,597.5599,324557,0
QQQ.US,5,20260318,201500,597.54,597.61,596.915,596.915,474827,0
QQQ.US,5,20260318,202000,596.91,597.08,596.25,596.4,717757,0
QQQ.US,5,20260318,202500,596.38,596.79,596.22,596.52,531376,0
QQQ.US,5,20260318,203000,596.51,597.01,596.33,596.85,508586,0
QQQ.US,5,20260318,203500,596.83,596.88,596.11,596.25,525111,0
QQQ.US,5,20260318,204000,596.25,596.39,595.31,595.62,839066,0
QQQ.US,5,20260318,204500,595.63,595.69,595.3,595.41,891133,0
QQQ.US,5,20260318,205000,595.41,595.82,595.24,595.44,1080975,0
QQQ.US,5,20260318,205500,595.45,595.56,594.56,594.9,2709830,0
QQQ.US,5,20260319,143000,589.51,589.54,587.11,587.8101,1712938,0
QQQ.US,5,20260319,143500,587.82,589.02,587.08,588.46,1169425,0
QQQ.US,5,20260319,144000,588.45,590.1,588.23,589.63,997308,0
QQQ.US,5,20260319,144500,589.63,590.26,588.66,590.2285,1106604,0
QQQ.US,5,20260319,145000,590.24,591.7501,590,591.59,1112091,0
QQQ.US,5,20260319,145500,591.6,591.64,590.33,591.306,841669,0
QQQ.US,5,20260319,150000,591.31,591.94,590.86,591.008,1000118,0
QQQ.US,5,20260319,150500,591,591.81,590.64,590.84,832614,0
QQQ.US,5,20260319,151000,590.86,592.36,590.5,591.18,1435165,0
QQQ.US,5,20260319,151500,591.18,591.46,590.31,590.68,881917,0
QQQ.US,5,20260319,152000,590.68,591.15,589.589,589.91,789931,0
QQQ.US,5,20260319,152500,589.91,590.31,589.05,589.51,819759,0
QQQ.US,5,20260319,153000,589.53,591.75,589.425,591.65,872216,0
QQQ.US,5,20260319,153500,591.64,592.21,590.02,590.46,798732,0
QQQ.US,5,20260319,154000,590.44,591.48,590.265,590.5,649542,0
QQQ.US,5,20260319,154500,590.5,591.23,590.13,591.17,385932,0
QQQ.US,5,20260319,155000,591.185,591.83,590.73,591.16,526088,0
QQQ.US,5,20260319,155500,591.16,591.73,590.57,591.0301,504876,0
QQQ.US,5,20260319,160000,591.04,591.86,590.83,591.84,473543,0
QQQ.US,5,20260319,160500,591.85,593.13,591.51,592,858333,0
QQQ.US,5,20260319,161000,591.97,592.62,591.86,592.56,385348,0
QQQ.US,5,20260319,161500,592.56,592.77,590.86,590.94,542431,0
QQQ.US,5,20260319,162000,590.93,591.21,590.23,590.295,706348,0
QQQ.US,5,20260319,162500,590.295,590.68,589.9801,590.37,688764,0
QQQ.US,5,20260319,163000,590.36,590.41,589.26,589.29,598546,0
QQQ.US,5,20260319,163500,589.29,589.75,588.8,589.48,659143,0
QQQ.US,5,20260319,164000,589.4799,589.87,589.055,589.17,636244,0
QQQ.US,5,20260319,164500,589.16,589.87,588.83,589.61,540367,0
QQQ.US,5,20260319,165000,589.61,589.905,589.3,589.335,466520,0
QQQ.US,5,20260319,165500,589.34,590.68,589.34,590.67,764675,0
QQQ.US,5,20260319,170000,590.68,591.68,590.16,591.09,875310,0
QQQ.US,5,20260319,170500,591.09,591.8,590.9,591.23,555590,0
QQQ.US,5,20260319,171000,591.26,591.31,590.33,590.5599,539999,0
QQQ.US,5,20260319,171500,590.57,590.82,590.03,590.2091,382431,0
QQQ.US,5,20260319,172000,590.21,590.57,589.71,590.09,333302,0
QQQ.US,5,20260319,172500,590.1,590.76,589.97,590.54,416009,0
QQQ.US,5,20260319,173000,590.56,590.78,589.96,590.28,366204,0
QQQ.US,5,20260319,173500,590.29,590.69,589.82,590.68,420344,0
QQQ.US,5,20260319,174000,590.66,591.33,590.43,590.8599,399741,0
QQQ.US,5,20260319,174500,590.89,590.99,590.37,590.48,282387,0
QQQ.US,5,20260319,175000,590.47,590.47,589.45,590.01,558882,0
QQQ.US,5,20260319,175500,590.015,590.28,589.69,590.21,326500,0
QQQ.US,5,20260319,180000,590.2,590.4097,589.406,589.415,380826,0
QQQ.US,5,20260319,180500,589.41,589.58,588.43,588.55,763196,0
QQQ.US,5,20260319,181000,588.55,588.99,588.37,588.61,799481,0
QQQ.US,5,20260319,181500,588.61,589.63,588.4,589.63,679505,0
QQQ.US,5,20260319,182000,589.61,590.27,589.3,589.94,487578,0
QQQ.US,5,20260319,182500,589.95,590.3966,589.74,590.05,428620,0
QQQ.US,5,20260319,183000,590.04,590.53,589.68,589.81,445001,0
QQQ.US,5,20260319,183500,589.81,590,589.36,589.37,391826,0
QQQ.US,5,20260319,184000,589.37,589.78,589.14,589.585,343767,0
QQQ.US,5,20260319,184500,589.5801,589.88,589.27,589.63,298671,0
QQQ.US,5,20260319,185000,589.63,590.88,589.565,590.66,551497,0
QQQ.US,5,20260319,185500,590.66,590.66,590.08,590.13,294941,0
QQQ.US,5,20260319,190000,590.13,590.18,589.48,589.635,433818,0
QQQ.US,5,20260319,190500,589.64,590.51,589.57,590.26,500762,0
QQQ.US,5,20260319,191000,590.27,591.76,590.26,591.45,640263,0
QQQ.US,5,20260319,191500,591.46,591.65,590.836,591.398,415756,0
QQQ.US,5,20260319,192000,591.39,591.5202,590.92,591.06,338049,0
QQQ.US,5,20260319,192500,591.05,591.26,590.51,590.52,348436,0
QQQ.US,5,20260319,193000,590.54,590.615,590.135,590.35,464424,0
QQQ.US,5,20260319,193500,590.35,590.55,589.69,589.98,469821,0
QQQ.US,5,20260319,194000,589.98,590.075,589.4,589.56,562258,0
QQQ.US,5,20260319,194500,589.57,589.9,589.425,589.75,459959,0
QQQ.US,5,20260319,195000,589.74,590.04,589.33,589.98,438008,0
QQQ.US,5,20260319,195500,589.97,591.83,589.8,591.46,962105,0
QQQ.US,5,20260319,200000,591.46,593.54,591.41,593.27,1856334,0
QQQ.US,5,20260319,200500,593.27,595.8,593.24,594.64,2141430,0
QQQ.US,5,20260319,201000,594.63,595.79,593.77,594.94,1392966,0
QQQ.US,5,20260319,201500,594.94,595.42,594.33,595.102,889336,0
QQQ.US,5,20260319,202000,595.06,595.1735,593.81,593.95,699700,0
QQQ.US,5,20260319,202500,593.98,594,593,593.54,1017410,0
QQQ.US,5,20260319,203000,593.53,593.953,593.01,593.13,691869,0
QQQ.US,5,20260319,203500,593.14,593.55,592.29,593.49,751374,0
QQQ.US,5,20260319,204000,593.51,593.72,593.04,593.33,673344,0
QQQ.US,5,20260319,204500,593.33,593.64,592.87,593.12,642855,0
QQQ.US,5,20260319,205000,593.12,593.46,592.71,592.88,872656,0
QQQ.US,5,20260319,205500,592.86,593.5,592.86,593.02,2041040,0
QQQ.US,5,20260320,143000,591.06,591.17,588.66,589.07,1763682,0
QQQ.US,5,20260320,143500,588.96,589.6,588.58,588.74,804653,0
QQQ.US,5,20260320,144000,588.76,590.41,588.61,590.37,899797,0
QQQ.US,5,20260320,144500,590.365,590.73,589.21,589.41,895921,0
QQQ.US,5,20260320,145000,589.42,589.47,587.54,588.17,1078737,0
QQQ.US,5,20260320,145500,588.17,588.34,586.16,586.3101,1331872,0
QQQ.US,5,20260320,150000,586.3,586.95,585.69,586.57,1337080,0
QQQ.US,5,20260320,150500,586.55,587.34,585.86,586.5,915289,0
QQQ.US,5,20260320,151000,586.5,586.9,585.235,585.6,1005271,0
QQQ.US,5,20260320,151500,585.59,586.59,585.44,586.19,935484,0
QQQ.US,5,20260320,152000,586.18,586.45,585.52,585.99,759349,0
QQQ.US,5,20260320,152500,585.985,586.23,585.54,585.97,548518,0
QQQ.US,5,20260320,153000,585.95,587.02,585.945,586.99,1064517,0
QQQ.US,5,20260320,153500,586.99,587.28,585.79,586.38,990743,0
QQQ.US,5,20260320,154000,586.37,586.66,586.07,586.26,566575,0
QQQ.US,5,20260320,154500,586.25,586.75,586,586.48,504505,0
QQQ.US,5,20260320,155000,586.48,586.61,584.97,585.08,887775,0
QQQ.US,5,20260320,155500,585.07,586.375,585.06,585.91,798179,0
QQQ.US,5,20260320,160000,585.9,587.04,585.11,585.525,864489,0
QQQ.US,5,20260320,160500,585.52,586.0799,585.1,585.66,497658,0
QQQ.US,5,20260320,161000,585.66,586.88,585.6,586.73,583004,0
QQQ.US,5,20260320,161500,586.72,586.81,585.62,585.7,546341,0
QQQ.US,5,20260320,162000,585.7,587.59,585.42,586.24,819677,0
QQQ.US,5,20260320,162500,586.2168,586.25,585.35,585.75,606598,0
QQQ.US,5,20260320,163000,585.78,586.585,585.54,586.4,517100,0
QQQ.US,5,20260320,163500,586.39,586.67,585.81,586.06,401273,0
QQQ.US,5,20260320,164000,586.06,586.67,585.81,586.53,357428,0
QQQ.US,5,20260320,164500,586.53,586.78,585.94,586.47,330026,0
QQQ.US,5,20260320,165000,586.4799,586.91,585.97,586.8965,312013,0
QQQ.US,5,20260320,165500,586.86,587.14,586.55,586.91,360770,0
QQQ.US,5,20260320,170000,586.91,587.94,586.68,587.72,649553,0
QQQ.US,5,20260320,170500,587.7101,587.7101,586.86,587.19,571964,0
QQQ.US,5,20260320,171000,587.17,587.735,587.1101,587.485,421920,0
QQQ.US,5,20260320,171500,587.5,587.76,586.93,587.74,404431,0
QQQ.US,5,20260320,172000,587.76,587.93,587.35,587.39,535878,0
QQQ.US,5,20260320,172500,587.38,587.42,586.65,586.745,581410,0
QQQ.US,5,20260320,173000,586.75,586.75,585.52,586.065,737812,0
QQQ.US,5,20260320,173500,586.07,586.42,585.61,585.89,379605,0
QQQ.US,5,20260320,174000,585.88,586.01,585.63,585.79,386480,0
QQQ.US,5,20260320,174500,585.79,585.91,585.209,585.5303,411059,0
QQQ.US,5,20260320,175000,585.53,585.86,585.08,585.69,433519,0
QQQ.US,5,20260320,175500,585.68,586.59,585.65,585.94,526515,0
QQQ.US,5,20260320,180000,585.94,586.42,585.921,586.195,237790,0
QQQ.US,5,20260320,180500,586.2,586.355,584.83,585.92,743806,0
QQQ.US,5,20260320,181000,585.93,586.15,585.38,585.49,273423,0
QQQ.US,5,20260320,181500,585.52,585.73,585.09,585.21,330063,0
QQQ.US,5,20260320,182000,585.23,585.72,585.12,585.35,385503,0
QQQ.US,5,20260320,182500,585.36,585.47,584.88,585.04,335976,0
QQQ.US,5,20260320,183000,585.04,585.215,584.19,584.35,484193,0
QQQ.US,5,20260320,183500,584.36,584.58,583.43,584.13,748331,0
QQQ.US,5,20260320,184000,584.13,584.46,583.71,583.86,441778,0
QQQ.US,5,20260320,184500,583.87,584,583.38,583.65,551581,0
QQQ.US,5,20260320,185000,583.65,584.44,583.54,584.3,524233,0
QQQ.US,5,20260320,185500,584.3,584.62,584.26,584.48,375519,0
QQQ.US,5,20260320,190000,584.4801,584.71,583.97,583.98,459802,0
QQQ.US,5,20260320,190500,584.01,584.38,583.7,584.09,490675,0
QQQ.US,5,20260320,191000,584.075,584.115,583.605,583.84,360100,0
QQQ.US,5,20260320,191500,583.845,583.95,583.439,583.77,408980,0
QQQ.US,5,20260320,192000,583.76,583.94,582.11,582.32,1236296,0
QQQ.US,5,20260320,192500,582.33,583.3,582.32,582.87,1032666,0
QQQ.US,5,20260320,193000,582.87,583.055,582.22,582.34,600720,0
QQQ.US,5,20260320,193500,582.345,582.465,581.64,581.79,878617,0
QQQ.US,5,20260320,194000,581.78,582.09,581.46,581.555,654695,0
QQQ.US,5,20260320,194500,581.55,581.87,581.23,581.44,527954,0
QQQ.US,5,20260320,195000,581.43,581.79,581.19,581.4,531914,0
QQQ.US,5,20260320,195500,581.38,581.72,581.06,581.55,574018,0
QQQ.US,5,20260320,200000,581.57,582.15,581.54,581.64,663147,0
QQQ.US,5,20260320,200500,581.64,581.7199,581.055,581.37,559290,0
QQQ.US,5,20260320,201000,581.35,581.48,580.85,581.36,592206,0
QQQ.US,5,20260320,201500,581.36,581.66,581.16,581.62,750422,0
QQQ.US,5,20260320,202000,581.625,581.63,580.47,580.55,1042447,0
QQQ.US,5,20260320,202500,580.53,581.01,580.47,580.7,1081605,0
QQQ.US,5,20260320,203000,580.7,581.06,579.92,580.0298,1381783,0
QQQ.US,5,20260320,203500,580.0368,580.12,578.54,579.34,1572271,0
QQQ.US,5,20260320,204000,579.34,580.5965,579.19,580.495,1156891,0
QQQ.US,5,20260320,204500,580.48,580.59,579.685,579.89,1266528,0
QQQ.US,5,20260320,205000,579.88,581.03,579.69,580.92,2097253,0
QQQ.US,5,20260320,205500,580.93,582.11,580.78,582.08,2767285,0
