<TICKER>,<PER>,<DATE>,<TIME>,<OPEN>,<HIGH>,<LOW>,<CLOSE>,<VOL>,<OPENINT>
TLT.US,5,20251027,143000,91.32,91.38,91.26,91.282,662301,0
TLT.US,5,20251027,143500,91.2899,91.29,91.23,91.2344,229705,0
TLT.US,5,20251027,144000,91.235,91.24,91.11,91.1399,639357,0
TLT.US,5,20251027,144500,91.13,91.16,91.11,91.1356,444550,0
TLT.US,5,20251027,145000,91.13,91.19,91.1,91.12,387089,0
TLT.US,5,20251027,145500,91.115,91.16,91.0944,91.14,406237,0
TLT.US,5,20251027,150000,91.14,91.2,91.12,91.185,279243,0
TLT.US,5,20251027,150500,91.18,91.205,91.16,91.17,383915,0
TLT.US,5,20251027,151000,91.18,91.25,91.1746,91.24,326438,0
TLT.US,5,20251027,151500,91.23,91.27,91.23,91.26,257333,0
TLT.US,5,20251027,152000,91.27,91.3,91.255,91.28,309235,0
TLT.US,5,20251027,152500,91.28,91.38,91.28,91.355,375077,0
TLT.US,5,20251027,153000,91.35,91.355,91.25,91.3,192078,0
TLT.US,5,20251027,153500,91.3,91.31,91.265,91.28,286735,0
TLT.US,5,20251027,154000,91.285,91.315,91.27,91.29,180178,0
TLT.US,5,20251027,154500,91.295,91.33,91.28,91.305,220507,0
TLT.US,5,20251027,155000,91.3,91.3374,91.275,91.29,305829,0
TLT.US,5,20251027,155500,91.29,91.34,91.29,91.29,342889,0
TLT.US,5,20251027,160000,91.29,91.31,91.25,91.25,169648,0
TLT.US,5,20251027,160500,91.26,91.28,91.22,91.23,194782,0
TLT.US,5,20251027,161000,91.23,91.265,91.225,91.265,137210,0
TLT.US,5,20251027,161500,91.26,91.28,91.245,91.2739,152809,0
TLT.US,5,20251027,162000,91.275,91.31,91.27,91.28,214104,0
TLT.US,5,20251027,162500,91.2759,91.325,91.26,91.32,138633,0
TLT.US,5,20251027,163000,91.32,91.39,91.31,91.37,136296,0
TLT.US,5,20251027,163500,91.365,91.41,91.3322,91.3749,173530,0
TLT.US,5,20251027,164000,91.37,91.405,91.36,91.395,199328,0
TLT.US,5,20251027,164500,91.39,91.44,91.375,91.44,262341,0
TLT.US,5,20251027,165000,91.44,91.51,91.43,91.47,329280,0
TLT.US,5,20251027,165500,91.47,91.48,91.44,91.46,224892,0
TLT.US,5,20251027,170000,91.47,91.57,91.455,91.54,345512,0
TLT.US,5,20251027,170500,91.535,91.56,91.52,91.5402,231067,0
TLT.US,5,20251027,171000,91.55,91.58,91.54,91.55,315642,0
TLT.US,5,20251027,171500,91.55,91.55,91.5,91.535,563634,0
TLT.US,5,20251027,172000,91.54,91.5876,91.54,91.5803,351315,0
TLT.US,5,20251027,172500,91.585,91.6,91.575,91.59,160521,0
TLT.US,5,20251027,173000,91.59,91.6,91.5526,91.57,264507,0
TLT.US,5,20251027,173500,91.57,91.59,91.555,91.58,208151,0
TLT.US,5,20251027,174000,91.58,91.59,91.555,91.59,193263,0
TLT.US,5,20251027,174500,91.59,91.635,91.58,91.63,173568,0
TLT.US,5,20251027,175000,91.63,91.7,91.625,91.6714,321653,0
TLT.US,5,20251027,175500,91.67,91.695,91.65,91.67,272562,0
TLT.US,5,20251027,180000,91.67,91.72,91.63,91.695,348087,0
TLT.US,5,20251027,180500,91.69,91.71,91.66,91.71,205932,0
TLT.US,5,20251027,181000,91.71,91.725,91.69,91.71,207130,0
TLT.US,5,20251027,181500,91.705,91.71,91.66,91.67,442643,0
TLT.US,5,20251027,182000,91.67,91.69,91.65,91.66,429246,0
TLT.US,5,20251027,182500,91.6545,91.695,91.6545,91.67,247528,0
TLT.US,5,20251027,183000,91.665,91.6856,91.655,91.685,207344,0
TLT.US,5,20251027,183500,91.685,91.7,91.665,91.665,186008,0
TLT.US,5,20251027,184000,91.665,91.67,91.64,91.64,108563,0
TLT.US,5,20251027,184500,91.64,91.66,91.625,91.66,359065,0
TLT.US,5,20251027,185000,91.66,91.69,91.65,91.6701,245456,0
TLT.US,5,20251027,185500,91.68,91.69,91.635,91.65,269161,0
TLT.US,5,20251027,190000,91.655,91.67,91.65,91.66,134390,0
TLT.US,5,20251027,190500,91.655,91.66,91.63,91.635,163356,0
TLT.US,5,20251027,191000,91.64,91.65,91.62,91.6289,109616,0
TLT.US,5,20251027,191500,91.63,91.665,91.63,91.65,241552,0
TLT.US,5,20251027,192000,91.65,91.6582,91.62,91.625,191451,0
TLT.US,5,20251027,192500,91.625,91.64,91.61,91.6101,182553,0
TLT.US,5,20251027,193000,91.61,91.665,91.6,91.66,336143,0
TLT.US,5,20251027,193500,91.66,91.67,91.65,91.665,131614,0
TLT.US,5,20251027,194000,91.6656,91.69,91.655,91.665,230025,0
TLT.US,5,20251027,194500,91.66,91.67,91.645,91.655,295365,0
TLT.US,5,20251027,195000,91.6599,91.67,91.6545,91.665,120859,0
TLT.US,5,20251027,195500,91.665,91.685,91.665,91.68,376576,0
TLT.US,5,20251027,200000,91.68,91.68,91.66,91.665,156303,0
TLT.US,5,20251027,200500,91.665,91.68,91.65,91.6765,155548,0
TLT.US,5,20251027,201000,91.675,91.72,91.675,91.715,955829,0
TLT.US,5,20251027,201500,91.7198,91.73,91.6845,91.695,166347,0
TLT.US,5,20251027,202000,91.7,91.73,91.6899,91.705,337312,0
TLT.US,5,20251027,202500,91.705,91.7099,91.67,91.69,233672,0
TLT.US,5,20251027,203000,91.6885,91.69,91.6601,91.6699,154826,0
TLT.US,5,20251027,203500,91.665,91.7252,91.66,91.7161,218722,0
TLT.US,5,20251027,204000,91.7157,91.77,91.705,91.73,643015,0
TLT.US,5,20251027,204500,91.72,91.79,91.72,91.775,473067,0
TLT.US,5,20251027,205000,91.77,91.79,91.76,91.77,369681,0
TLT.US,5,20251027,205500,91.775,91.79,91.74,91.78,4943899,0
TLT.US,5,20251028,143000,91.85,91.9,91.81,91.881,451206,0
TLT.US,5,20251028,143500,91.88,91.91,91.835,91.835,538686,0
TLT.US,5,20251028,144000,91.831,91.86,91.825,91.83,395327,0
TLT.US,5,20251028,144500,91.83,91.87,91.82,91.85,317596,0
TLT.US,5,20251028,145000,91.85,91.89,91.85,91.89,176090,0
TLT.US,5,20251028,145500,91.89,91.92,91.875,91.9,239714,0
TLT.US,5,20251028,150000,91.9,91.91,91.845,91.8542,428754,0
TLT.US,5,20251028,150500,91.85,91.89,91.85,91.855,372579,0
TLT.US,5,20251028,151000,91.86,91.9,91.85,91.87,229107,0
TLT.US,5,20251028,151500,91.865,91.87,91.83,91.84,176297,0
TLT.US,5,20251028,152000,91.83,91.88,91.83,91.8755,217793,0
TLT.US,5,20251028,152500,91.8735,91.885,91.86,91.8601,207244,0
TLT.US,5,20251028,153000,91.8699,91.94,91.86,91.89,301929,0
TLT.US,5,20251028,153500,91.89,91.9,91.84,91.87,285216,0
TLT.US,5,20251028,154000,91.87,91.91,91.8645,91.8834,199241,0
TLT.US,5,20251028,154500,91.89,91.9,91.88,91.89,230756,0
TLT.US,5,20251028,155000,91.895,91.92,91.87,91.905,157010,0
TLT.US,5,20251028,155500,91.9001,91.99,91.9001,91.98,228371,0
TLT.US,5,20251028,160000,91.975,92.04,91.97,92.01,301185,0
TLT.US,5,20251028,160500,92.0051,92.015,91.98,92.01,187537,0
TLT.US,5,20251028,161000,92.01,92.01,91.99,92,153475,0
TLT.US,5,20251028,161500,92,92.02,91.97,91.985,224291,0
TLT.US,5,20251028,162000,91.985,92.04,91.985,92.03,119758,0
TLT.US,5,20251028,162500,92.03,92.05,92.03,92.04,215104,0
TLT.US,5,20251028,163000,92.03,92.1,92.03,92.0951,424369,0
TLT.US,5,20251028,163500,92.1,92.135,92.095,92.12,305098,0
TLT.US,5,20251028,164000,92.12,92.175,92.11,92.135,354112,0
TLT.US,5,20251028,164500,92.14,92.15,92.12,92.13,255607,0
TLT.US,5,20251028,165000,92.13,92.13,92.06,92.08,299199,0
TLT.US,5,20251028,165500,92.08,92.095,92.0435,92.085,213044,0
TLT.US,5,20251028,170000,92.09,92.09,92.02,92.02,177884,0
TLT.US,5,20251028,170500,92.025,92.06,92.0101,92.02,156927,0
TLT.US,5,20251028,171000,92.0194,92.0399,92.01,92.0201,81156,0
TLT.US,5,20251028,171500,92.025,92.04,91.96,91.96,263793,0
TLT.US,5,20251028,172000,91.95,91.99,91.95,91.97,290670,0
TLT.US,5,20251028,172500,91.97,91.975,91.95,91.9535,167117,0
TLT.US,5,20251028,173000,91.955,91.955,91.87,91.91,811855,0
TLT.US,5,20251028,173500,91.905,91.91,91.8585,91.885,293274,0
TLT.US,5,20251028,174000,91.89,91.96,91.8876,91.956,266527,0
TLT.US,5,20251028,174500,91.95,91.97,91.9385,91.955,159724,0
TLT.US,5,20251028,175000,91.955,91.99,91.95,91.985,291470,0
TLT.US,5,20251028,175500,91.99,92.015,91.98,92.01,239651,0
TLT.US,5,20251028,180000,92.01,92.02,91.945,91.975,261570,0
TLT.US,5,20251028,180500,91.98,91.9964,91.94,91.94,250713,0
TLT.US,5,20251028,181000,91.945,91.96,91.94,91.95,198208,0
TLT.US,5,20251028,181500,91.955,91.99,91.955,91.98,162599,0
TLT.US,5,20251028,182000,91.98,92.01,91.97,91.99,218251,0
TLT.US,5,20251028,182500,91.99,92.02,91.98,92.01,74679,0
TLT.US,5,20251028,183000,92.02,92.04,92.02,92.04,167263,0
TLT.US,5,20251028,183500,92.039,92.04,92,92.01,116603,0
TLT.US,5,20251028,184000,92.01,92.0352,92,92.0301,152593,0
TLT.US,5,20251028,184500,92.035,92.04,92.02,92.03,82942,0
TLT.US,5,20251028,185000,92.02,92.02,91.99,92.005,115056,0
TLT.US,5,20251028,185500,92,92.015,91.99,92.011,268149,0
TLT.US,5,20251028,190000,92.01,92.0156,91.971,92.0051,255968,0
TLT.US,5,20251028,190500,92.005,92.015,91.99,91.9946,157901,0
TLT.US,5,20251028,191000,92,92.0045,91.99,92,65237,0
TLT.US,5,20251028,191500,92,92.02,91.985,92.005,456341,0
TLT.US,5,20251028,192000,92,92.01,91.98,92,167604,0
TLT.US,5,20251028,192500,92,92.015,91.99,92,138001,0
TLT.US,5,20251028,193000,92,92.005,91.99,91.99,116992,0
TLT.US,5,20251028,193500,92,92,91.96,91.96,262796,0
TLT.US,5,20251028,194000,91.965,91.9677,91.935,91.94,247618,0
TLT.US,5,20251028,194500,91.945,91.96,91.92,91.96,271913,0
TLT.US,5,20251028,195000,91.95,91.9659,91.93,91.96,154459,0
TLT.US,5,20251028,195500,91.965,92.02,91.96,92.0001,296287,0
TLT.US,5,20251028,200000,92.005,92.04,91.99,91.99,186913,0
TLT.US,5,20251028,200500,91.99,91.99,91.9699,91.985,95980,0
TLT.US,5,20251028,201000,91.9893,91.99,91.98,91.98,36012,0
TLT.US,5,20251028,201500,91.98,92.01,91.96,91.96,161399,0
TLT.US,5,20251028,202000,91.9607,92.01,91.96,92.005,63922,0
TLT.US,5,20251028,202500,92.005,92.005,91.985,91.99,162175,0
TLT.US,5,20251028,203000,91.995,92.01,91.98,92,126326,0
TLT.US,5,20251028,203500,92.005,92.01,91.98,92.005,106204,0
TLT.US,5,20251028,204000,92.01,92.02,91.99,92,232924,0
TLT.US,5,20251028,204500,92,92.02,91.99,92.005,335599,0
TLT.US,5,20251028,205000,92.005,92.03,91.99,91.995,231540,0
TLT.US,5,20251028,205500,92,92.025,91.99,92.02,2352203,0
TLT.US,5,20251029,143000,91.88,91.89,91.765,91.765,243711,0
TLT.US,5,20251029,143500,91.765,91.85,91.76,91.845,172717,0
TLT.US,5,20251029,144000,91.845,91.85,91.79,91.81,245959,0
TLT.US,5,20251029,144500,91.81,91.83,91.78,91.8,281103,0
TLT.US,5,20251029,145000,91.8,91.805,91.72,91.805,412826,0
TLT.US,5,20251029,145500,91.8035,91.8351,91.78,91.819,194255,0
TLT.US,5,20251029,150000,91.82,91.85,91.795,91.8199,292446,0
TLT.US,5,20251029,150500,91.8101,91.82,91.7693,91.78,215410,0
TLT.US,5,20251029,151000,91.78,91.83,91.7798,91.8205,415382,0
TLT.US,5,20251029,151500,91.8201,91.86,91.82,91.8451,623655,0
TLT.US,5,20251029,152000,91.84,91.8401,91.798,91.81,138821,0
TLT.US,5,20251029,152500,91.81,91.81,91.765,91.77,103784,0
TLT.US,5,20251029,153000,91.765,91.765,91.73,91.7395,221825,0
TLT.US,5,20251029,153500,91.73,91.74,91.705,91.7302,212077,0
TLT.US,5,20251029,154000,91.73,91.78,91.7103,91.775,239173,0
TLT.US,5,20251029,154500,91.775,91.7799,91.74,91.7662,193169,0
TLT.US,5,20251029,155000,91.7644,91.78,91.7401,91.755,149770,0
TLT.US,5,20251029,155500,91.755,91.76,91.72,91.73,230816,0
TLT.US,5,20251029,160000,91.735,91.82,91.735,91.805,289857,0
TLT.US,5,20251029,160500,91.81,91.84,91.79,91.811,214886,0
TLT.US,5,20251029,161000,91.815,91.8157,91.77,91.78,231054,0
TLT.US,5,20251029,161500,91.775,91.79,91.765,91.78,177561,0
TLT.US,5,20251029,162000,91.775,91.795,91.7685,91.775,144247,0
TLT.US,5,20251029,162500,91.7799,91.78,91.7545,91.765,138434,0
TLT.US,5,20251029,163000,91.77,91.78,91.76,91.765,265548,0
TLT.US,5,20251029,163500,91.76,91.765,91.73,91.735,153535,0
TLT.US,5,20251029,164000,91.735,91.7458,91.69,91.695,281135,0
TLT.US,5,20251029,164500,91.69,91.72,91.685,91.71,177992,0
TLT.US,5,20251029,165000,91.71,91.7199,91.68,91.7095,169111,0
TLT.US,5,20251029,165500,91.7,91.7599,91.69,91.74,216151,0
TLT.US,5,20251029,170000,91.73,91.745,91.72,91.735,98906,0
TLT.US,5,20251029,170500,91.73,91.74,91.71,91.735,238690,0
TLT.US,5,20251029,171000,91.73,91.7499,91.715,91.7455,130058,0
TLT.US,5,20251029,171500,91.74,91.77,91.735,91.76,245492,0
TLT.US,5,20251029,172000,91.755,91.76,91.73,91.74,91153,0
TLT.US,5,20251029,172500,91.745,91.76,91.73,91.75,103346,0
TLT.US,5,20251029,173000,91.75,91.75,91.69,91.72,158707,0
TLT.US,5,20251029,173500,91.715,91.7419,91.71,91.7245,83990,0
TLT.US,5,20251029,174000,91.72,91.75,91.72,91.74,153854,0
TLT.US,5,20251029,174500,91.735,91.75,91.72,91.7459,64218,0
TLT.US,5,20251029,175000,91.745,91.75,91.685,91.69,261418,0
TLT.US,5,20251029,175500,91.69,91.71,91.6797,91.705,163156,0
TLT.US,5,20251029,180000,91.705,91.71,91.7,91.7,140160,0
TLT.US,5,20251029,180500,91.7,91.75,91.7,91.745,218556,0
TLT.US,5,20251029,181000,91.745,91.78,91.73,91.735,223636,0
TLT.US,5,20251029,181500,91.735,91.74,91.72,91.72,270156,0
TLT.US,5,20251029,182000,91.725,91.725,91.6435,91.655,237414,0
TLT.US,5,20251029,182500,91.655,91.66,91.6144,91.625,447625,0
TLT.US,5,20251029,183000,91.62,91.62,91.57,91.585,368711,0
TLT.US,5,20251029,183500,91.585,91.59,91.535,91.5525,284942,0
TLT.US,5,20251029,184000,91.555,91.57,91.54,91.56,242983,0
TLT.US,5,20251029,184500,91.55,91.6,91.52,91.5952,293620,0
TLT.US,5,20251029,185000,91.59,91.625,91.59,91.61,718356,0
TLT.US,5,20251029,185500,91.61,91.66,91.6,91.62,887365,0
TLT.US,5,20251029,190000,91.62,91.64,91.38,91.5,930902,0
TLT.US,5,20251029,190500,91.495,91.56,91.46,91.5,710198,0
TLT.US,5,20251029,191000,91.49,91.495,91.41,91.4252,265063,0
TLT.US,5,20251029,191500,91.42,91.49,91.41,91.455,327792,0
TLT.US,5,20251029,192000,91.45,91.47,91.415,91.43,262563,0
TLT.US,5,20251029,192500,91.42,91.42,91.355,91.4,482831,0
TLT.US,5,20251029,193000,91.41,91.4782,91.355,91.46,250865,0
TLT.US,5,20251029,193500,91.45,91.4635,91.25,91.2701,742745,0
TLT.US,5,20251029,194000,91.27,91.29,91.165,91.28,1274933,0
TLT.US,5,20251029,194500,91.28,91.29,91.19,91.23,721308,0
TLT.US,5,20251029,195000,91.23,91.33,91.215,91.245,737542,0
TLT.US,5,20251029,195500,91.245,91.315,91.22,91.235,479421,0
TLT.US,5,20251029,200000,91.24,91.33,91.18,91.2025,538448,0
TLT.US,5,20251029,200500,91.21,91.277,91.19,91.2748,504269,0
TLT.US,5,20251029,201000,91.27,91.3,91.22,91.3,820349,0
TLT.US,5,20251029,201500,91.295,91.345,91.24,91.3,544722,0
TLT.US,5,20251029,202000,91.29,91.3,91.185,91.205,637646,0
TLT.US,5,20251029,202500,91.21,91.2539,91.14409,91.1567,545297,0
TLT.US,5,20251029,203000,91.1559,91.17,91.05,91.095,1011302,0
TLT.US,5,20251029,203500,91.1,91.1,91.055,91.065,1045697,0
TLT.US,5,20251029,204000,91.06,91.1,91.0324,91.065,1178345,0
TLT.US,5,20251029,204500,91.07,91.145,91.07,91.105,693663,0
TLT.US,5,20251029,205000,91.11,91.125,91.085,91.095,1054532,0
TLT.US,5,20251029,205500,91.095,91.1,91.015,91.08,2386665,0
TLT.US,5,20251030,143000,90.39,90.46,90.3544,90.4476,1165228,0
TLT.US,5,20251030,143500,90.445,90.495,90.42,90.4407,677063,0
TLT.US,5,20251030,144000,90.44,90.53,90.435,90.4793,664773,0
TLT.US,5,20251030,144500,90.478,90.48,90.4,90.41,809614,0
TLT.US,5,20251030,145000,90.42,90.52,90.415,90.515,804385,0
TLT.US,5,20251030,145500,90.515,90.63,90.5,90.6001,703365,0
TLT.US,5,20251030,150000,90.6,90.63,90.55,90.59,556737,0
TLT.US,5,20251030,150500,90.59,90.675,90.55,90.63,527026,0
TLT.US,5,20251030,151000,90.63,90.68,90.6,90.67,495077,0
TLT.US,5,20251030,151500,90.66,90.7999,90.66,90.7798,502086,0
TLT.US,5,20251030,152000,90.78,90.81,90.73,90.81,482824,0
TLT.US,5,20251030,152500,90.81,90.85,90.79,90.825,316601,0
TLT.US,5,20251030,153000,90.82,90.82,90.71,90.72,557856,0
TLT.US,5,20251030,153500,90.7144,90.795,90.7,90.775,522185,0
TLT.US,5,20251030,154000,90.78,90.78,90.715,90.745,246234,0
TLT.US,5,20251030,154500,90.749,90.77,90.7345,90.7394,371281,0
TLT.US,5,20251030,155000,90.74,90.77,90.725,90.755,383555,0
TLT.US,5,20251030,155500,90.76,90.78,90.725,90.73,268675,0
TLT.US,5,20251030,160000,90.735,90.765,90.715,90.76,314597,0
TLT.US,5,20251030,160500,90.7548,90.7833,90.745,90.7833,170195,0
TLT.US,5,20251030,161000,90.78,90.88,90.7746,90.8658,288782,0
TLT.US,5,20251030,161500,90.87,90.88,90.85,90.87,285055,0
TLT.US,5,20251030,162000,90.875,90.905,90.835,90.885,390337,0
TLT.US,5,20251030,162500,90.885,90.93,90.87,90.8976,271127,0
TLT.US,5,20251030,163000,90.895,90.9,90.85,90.86,388710,0
TLT.US,5,20251030,163500,90.86,90.89,90.845,90.8799,292085,0
TLT.US,5,20251030,164000,90.88,90.945,90.87,90.94,385356,0
TLT.US,5,20251030,164500,90.94,90.97,90.88,90.9198,670855,0
TLT.US,5,20251030,165000,90.915,90.93,90.85,90.91,525305,0
TLT.US,5,20251030,165500,90.92,90.97,90.865,90.865,425587,0
TLT.US,5,20251030,170000,90.8665,90.89,90.83,90.8342,306576,0
TLT.US,5,20251030,170500,90.8399,90.85,90.75,90.755,467679,0
TLT.US,5,20251030,171000,90.755,90.78,90.7201,90.75,363768,0
TLT.US,5,20251030,171500,90.75,90.759,90.67,90.6831,470885,0
TLT.US,5,20251030,172000,90.6899,90.71,90.615,90.695,603769,0
TLT.US,5,20251030,172500,90.7,90.77,90.69,90.75,251000,0
TLT.US,5,20251030,173000,90.755,90.77,90.69,90.695,333192,0
TLT.US,5,20251030,173500,90.695,90.71,90.66,90.6701,323748,0
TLT.US,5,20251030,174000,90.67,90.7,90.655,90.69,237779,0
TLT.US,5,20251030,174500,90.69,90.725,90.68,90.705,297968,0
TLT.US,5,20251030,175000,90.705,90.7099,90.63,90.635,205877,0
TLT.US,5,20251030,175500,90.64,90.645,90.54,90.555,468729,0
TLT.US,5,20251030,180000,90.56,90.62,90.555,90.61,278588,0
TLT.US,5,20251030,180500,90.609,90.625,90.58,90.615,275488,0
TLT.US,5,20251030,181000,90.615,90.63,90.575,90.5915,172420,0
TLT.US,5,20251030,181500,90.58,90.5999,90.56,90.575,251429,0
TLT.US,5,20251030,182000,90.5742,90.6,90.57,90.58,109660,0
TLT.US,5,20251030,182500,90.58,90.59,90.565,90.59,179909,0
TLT.US,5,20251030,183000,90.585,90.635,90.584,90.61,153359,0
TLT.US,5,20251030,183500,90.6144,90.6144,90.56,90.5601,173595,0
TLT.US,5,20251030,184000,90.57,90.58,90.56,90.575,120371,0
TLT.US,5,20251030,184500,90.58,90.61,90.58,90.59,138530,0
TLT.US,5,20251030,185000,90.595,90.6352,90.59,90.63,137420,0
TLT.US,5,20251030,185500,90.6201,90.63,90.6001,90.615,91244,0
TLT.US,5,20251030,190000,90.61,90.61,90.535,90.56,208533,0
TLT.US,5,20251030,190500,90.56,90.56,90.49,90.495,345784,0
TLT.US,5,20251030,191000,90.49,90.5056,90.455,90.5,350690,0
TLT.US,5,20251030,191500,90.5,90.5099,90.425,90.48,476671,0
TLT.US,5,20251030,192000,90.475,90.4798,90.41,90.465,407884,0
TLT.US,5,20251030,192500,90.47,90.48,90.43,90.47,339544,0
TLT.US,5,20251030,193000,90.47,90.57,90.46,90.5551,482019,0
TLT.US,5,20251030,193500,90.55,90.585,90.545,90.565,248872,0
TLT.US,5,20251030,194000,90.565,90.6,90.55,90.56,287690,0
TLT.US,5,20251030,194500,90.5644,90.59,90.54,90.59,245429,0
TLT.US,5,20251030,195000,90.595,90.6,90.57,90.585,216314,0
TLT.US,5,20251030,195500,90.585,90.595,90.545,90.545,220675,0
TLT.US,5,20251030,200000,90.54,90.55,90.5,90.5398,390379,0
TLT.US,5,20251030,200500,90.53,90.54,90.5,90.505,322135,0
TLT.US,5,20251030,201000,90.51,90.52,90.49,90.495,139382,0
TLT.US,5,20251030,201500,90.495,90.52,90.48,90.495,415374,0
TLT.US,5,20251030,202000,90.5,90.51,90.41,90.45,767729,0
TLT.US,5,20251030,202500,90.45,90.57,90.45,90.515,637570,0
TLT.US,5,20251030,203000,90.51,90.58,90.495,90.5719,292950,0
TLT.US,5,20251030,203500,90.57,90.645,90.57,90.645,476680,0
TLT.US,5,20251030,204000,90.64,90.67,90.63,90.665,412836,0
TLT.US,5,20251030,204500,90.665,90.665,90.61,90.625,257070,0
TLT.US,5,20251030,205000,90.62,90.68,90.6,90.61,1026449,0
TLT.US,5,20251030,205500,90.61,90.61,90.55,90.57,2352652,0
TLT.US,5,20251031,143000,90.56,90.59,90.5232,90.575,439443,0
TLT.US,5,20251031,143500,90.575,90.64,90.57,90.6058,349425,0
TLT.US,5,20251031,144000,90.61,90.62,90.525,90.5344,175088,0
TLT.US,5,20251031,144500,90.53,90.56,90.5042,90.56,131815,0
TLT.US,5,20251031,145000,90.57,90.59,90.505,90.57,208877,0
TLT.US,5,20251031,145500,90.56,90.605,90.555,90.5799,172996,0
TLT.US,5,20251031,150000,90.58,90.65,90.575,90.65,255506,0
TLT.US,5,20251031,150500,90.65,90.66,90.49,90.52,373474,0
TLT.US,5,20251031,151000,90.515,90.55,90.49,90.51,258265,0
TLT.US,5,20251031,151500,90.52,90.525,90.49,90.51,193140,0
TLT.US,5,20251031,152000,90.515,90.61,90.515,90.565,355111,0
TLT.US,5,20251031,152500,90.57,90.5799,90.54,90.575,141516,0
TLT.US,5,20251031,153000,90.58,90.58721,90.545,90.5507,136677,0
TLT.US,5,20251031,153500,90.555,90.56,90.515,90.5268,224561,0
TLT.US,5,20251031,154000,90.525,90.535,90.4897,90.515,175501,0
TLT.US,5,20251031,154500,90.515,90.515,90.465,90.47,189750,0
TLT.US,5,20251031,155000,90.47,90.4799,90.38,90.44,339636,0
TLT.US,5,20251031,155500,90.44,90.46,90.42,90.435,166032,0
TLT.US,5,20251031,160000,90.43,90.43,90.33,90.3337,307914,0
TLT.US,5,20251031,160500,90.33,90.36,90.315,90.33,327940,0
TLT.US,5,20251031,161000,90.34,90.3951,90.335,90.39,275429,0
TLT.US,5,20251031,161500,90.39,90.42,90.37,90.38,271853,0
TLT.US,5,20251031,162000,90.375,90.41,90.37,90.3901,140150,0
TLT.US,5,20251031,162500,90.39,90.42,90.38,90.3921,228055,0
TLT.US,5,20251031,163000,90.39,90.39,90.28,90.305,217120,0
TLT.US,5,20251031,163500,90.3,90.3359,90.27,90.3359,226215,0
TLT.US,5,20251031,164000,90.33,90.35,90.24,90.26,628701,0
TLT.US,5,20251031,164500,90.26,90.345,90.25,90.33,699676,0
TLT.US,5,20251031,165000,90.325,90.35,90.3245,90.34,200880,0
TLT.US,5,20251031,165500,90.33,90.33,90.275,90.3,127797,0
TLT.US,5,20251031,170000,90.31,90.31,90.22,90.22,362801,0
TLT.US,5,20251031,170500,90.22,90.34,90.22,90.3,270550,0
TLT.US,5,20251031,171000,90.3,90.34,90.23,90.26,519588,0
TLT.US,5,20251031,171500,90.26,90.325,90.235,90.302,646687,0
TLT.US,5,20251031,172000,90.3056,90.31,90.245,90.255,198214,0
TLT.US,5,20251031,172500,90.255,90.28,90.245,90.28,264861,0
TLT.US,5,20251031,173000,90.275,90.3365,90.27,90.335,215875,0
TLT.US,5,20251031,173500,90.335,90.355,90.295,90.33,195439,0
TLT.US,5,20251031,174000,90.335,90.39,90.32,90.33,330948,0
TLT.US,5,20251031,174500,90.3244,90.385,90.31,90.365,300434,0
TLT.US,5,20251031,175000,90.37,90.3704,90.34,90.355,127103,0
TLT.US,5,20251031,175500,90.35,90.37,90.32,90.33,167977,0
TLT.US,5,20251031,180000,90.34,90.39,90.34,90.37,299782,0
TLT.US,5,20251031,180500,90.37,90.38,90.345,90.375,146461,0
TLT.US,5,20251031,181000,90.37,90.385,90.34,90.345,181261,0
TLT.US,5,20251031,181500,90.345,90.36,90.3,90.315,107699,0
TLT.US,5,20251031,182000,90.31,90.3135,90.26,90.265,428010,0
TLT.US,5,20251031,182500,90.2699,90.2699,90.2,90.255,423516,0
TLT.US,5,20251031,183000,90.26,90.29,90.25,90.28,209775,0
TLT.US,5,20251031,183500,90.2855,90.2877,90.23,90.2382,178044,0
TLT.US,5,20251031,184000,90.2353,90.27,90.21,90.26,131022,0
TLT.US,5,20251031,184500,90.255,90.2653,90.23,90.26,230396,0
TLT.US,5,20251031,185000,90.26,90.32,90.26,90.31,206361,0
TLT.US,5,20251031,185500,90.31,90.31,90.28,90.285,371718,0
TLT.US,5,20251031,190000,90.28,90.28,90.2344,90.255,162299,0
TLT.US,5,20251031,190500,90.25,90.27,90.24,90.25,548563,0
TLT.US,5,20251031,191000,90.2599,90.27,90.24,90.265,433320,0
TLT.US,5,20251031,191500,90.265,90.3299,90.265,90.3257,2063875,0
TLT.US,5,20251031,192000,90.33,90.36,90.32,90.35,644506,0
TLT.US,5,20251031,192500,90.345,90.345,90.305,90.31,230784,0
TLT.US,5,20251031,193000,90.3128,90.3128,90.29,90.305,148423,0
TLT.US,5,20251031,193500,90.31,90.3353,90.31,90.325,85165,0
TLT.US,5,20251031,194000,90.32,90.3301,90.28,90.31,165026,0
TLT.US,5,20251031,194500,90.3056,90.31,90.3,90.31,29091,0
TLT.US,5,20251031,195000,90.3,90.3185,90.28,90.305,193197,0
TLT.US,5,20251031,195500,90.3099,90.33,90.22,90.23,567041,0
TLT.US,5,20251031,200000,90.235,90.31,90.225,90.2551,898827,0
TLT.US,5,20251031,200500,90.2551,90.3,90.25,90.2888,685687,0
TLT.US,5,20251031,201000,90.285,90.3,90.26,90.27,637914,0
TLT.US,5,20251031,201500,90.265,90.31,90.26,90.275,516658,0
TLT.US,5,20251031,202000,90.27,90.2899,90.25,90.265,230804,0
TLT.US,5,20251031,202500,90.265,90.29,90.26,90.285,271394,0
TLT.US,5,20251031,203000,90.28,90.29,90.2504,90.275,211055,0
TLT.US,5,20251031,203500,90.28,90.28,90.255,90.265,408984,0
TLT.US,5,20251031,204000,90.26,90.265,90.23,90.23,394219,0
TLT.US,5,20251031,204500,90.235,90.32,90.235,90.3065,684351,0
TLT.US,5,20251031,205000,90.305,90.385,90.29,90.36,1584642,0
TLT.US,5,20251031,205500,90.37,90.39,90.24,90.29,5859679,0
TLT.US,5,20251103,153000,89.62,89.65,89.61,89.625,792215,0
TLT.US,5,20251103,153500,89.63,89.65,89.57,89.585,652361,0
TLT.US,5,20251103,154000,89.585,89.67,89.5801,89.6499,886910,0
TLT.US,5,20251103,154500,89.65,89.68,89.63,89.655,330384,0
TLT.US,5,20251103,155000,89.65,89.71,89.635,89.7097,3336639,0
TLT.US,5,20251103,155500,89.7,89.74,89.695,89.73,317320,0
TLT.US,5,20251103,160000,89.73,89.82,89.72,89.74,1292564,0
TLT.US,5,20251103,160500,89.745,89.81,89.68,89.7399,658602,0
TLT.US,5,20251103,161000,89.7372,89.76,89.6485,89.725,457390,0
TLT.US,5,20251103,161500,89.725,89.77,89.69,89.765,414130,0
TLT.US,5,20251103,162000,89.765,89.8,89.6842,89.689,304311,0
TLT.US,5,20251103,162500,89.69,89.73,89.685,89.72,376614,0
TLT.US,5,20251103,163000,89.71,89.73,89.66,89.67,302846,0
TLT.US,5,20251103,163500,89.6645,89.665,89.585,89.62,541105,0
TLT.US,5,20251103,164000,89.63,89.65,89.61,89.62726,661022,0
TLT.US,5,20251103,164500,89.63,89.65,89.565,89.595,348285,0
TLT.US,5,20251103,165000,89.595,89.65,89.555,89.6435,604046,0
TLT.US,5,20251103,165500,89.64,89.64,89.595,89.61,349898,0
TLT.US,5,20251103,170000,89.6,89.615,89.56,89.61,709449,0
TLT.US,5,20251103,170500,89.6107,89.62,89.57,89.5999,287368,0
TLT.US,5,20251103,171000,89.595,89.6,89.535,89.54,288791,0
TLT.US,5,20251103,171500,89.5344,89.54,89.42,89.4793,927954,0
TLT.US,5,20251103,172000,89.47,89.56,89.4625,89.55,947554,0
TLT.US,5,20251103,172500,89.55,89.595,89.545,89.56,382766,0
TLT.US,5,20251103,173000,89.56,89.585,89.535,89.5799,252080,0
TLT.US,5,20251103,173500,89.58,89.59,89.5235,89.56,353000,0
TLT.US,5,20251103,174000,89.57,89.585,89.54,89.58,259951,0
TLT.US,5,20251103,174500,89.58,89.5899,89.53,89.5363,256595,0
TLT.US,5,20251103,175000,89.54,89.55,89.53,89.54,221848,0
TLT.US,5,20251103,175500,89.535,89.55,89.505,89.5199,234365,0
TLT.US,5,20251103,180000,89.515,89.53,89.48,89.51,249354,0
TLT.US,5,20251103,180500,89.505,89.52,89.49,89.495,151893,0
TLT.US,5,20251103,181000,89.49,89.5199,89.48,89.505,232342,0
TLT.US,5,20251103,181500,89.5099,89.53,89.5,89.51,172462,0
TLT.US,5,20251103,182000,89.515,89.52,89.5,89.515,166964,0
TLT.US,5,20251103,182500,89.515,89.5699,89.515,89.5597,305782,0
TLT.US,5,20251103,183000,89.555,89.58,89.55,89.5735,224391,0
TLT.US,5,20251103,183500,89.57,89.62,89.57,89.6199,315533,0
TLT.US,5,20251103,184000,89.615,89.655,89.61,89.64,190794,0
TLT.US,5,20251103,184500,89.64,89.6452,89.615,89.625,198819,0
TLT.US,5,20251103,185000,89.6299,89.6299,89.575,89.6,181352,0
TLT.US,5,20251103,185500,89.5965,89.65,89.59,89.635,120629,0
TLT.US,5,20251103,190000,89.635,89.6871,89.6263,89.64,385836,0
TLT.US,5,20251103,190500,89.645,89.649,89.61,89.615,140951,0
TLT.US,5,20251103,191000,89.615,89.6199,89.57,89.5702,134375,0
TLT.US,5,20251103,191500,89.575,89.6,89.565,89.595,234186,0
TLT.US,5,20251103,192000,89.5901,89.605,89.585,89.59,203852,0
TLT.US,5,20251103,192500,89.595,89.61,89.59,89.605,177468,0
TLT.US,5,20251103,193000,89.605,89.62,89.575,89.6099,216198,0
TLT.US,5,20251103,193500,89.605,89.62,89.6,89.615,61806,0
TLT.US,5,20251103,194000,89.61,89.64,89.61,89.6342,145982,0
TLT.US,5,20251103,194500,89.635,89.6397,89.5947,89.6159,765788,0
TLT.US,5,20251103,195000,89.6199,89.635,89.6001,89.6299,140231,0
TLT.US,5,20251103,195500,89.6235,89.625,89.605,89.615,61821,0
TLT.US,5,20251103,200000,89.62,89.64,89.6,89.6,439626,0
TLT.US,5,20251103,200500,89.59,89.59,89.55,89.5535,194692,0
TLT.US,5,20251103,201000,89.5579,89.59,89.5515,89.5844,89486,0
TLT.US,5,20251103,201500,89.585,89.59,89.5503,89.555,109833,0
TLT.US,5,20251103,202000,89.56,89.585,89.54,89.575,238493,0
TLT.US,5,20251103,202500,89.575,89.58,89.55,89.565,83536,0
TLT.US,5,20251103,203000,89.56,89.58,89.555,89.58,189655,0
TLT.US,5,20251103,203500,89.58,89.62,89.5701,89.615,326487,0
TLT.US,5,20251103,204000,89.615,89.65,89.61,89.635,143092,0
TLT.US,5,20251103,204500,89.6383,89.67,89.61,89.67,171079,0
TLT.US,5,20251103,205000,89.67,89.69,89.64,89.685,400162,0
TLT.US,5,20251103,205500,89.6855,89.6855,89.64,89.645,390772,0
TLT.US,5,20251103,210000,89.645,89.685,89.64,89.655,391132,0
TLT.US,5,20251103,210500,89.6555,89.67,89.645,89.67,277304,0
TLT.US,5,20251103,211000,89.665,89.6701,89.654,89.66,76327,0
TLT.US,5,20251103,211500,89.655,89.67,89.64,89.66,204469,0
TLT.US,5,20251103,212000,89.65,89.66,89.63,89.635,148623,0
TLT.US,5,20251103,212500,89.63,89.63,89.595,89.6124,189111,0
TLT.US,5,20251103,213000,89.61,89.62,89.5945,89.615,166268,0
TLT.US,5,20251103,213500,89.615,89.63,89.6,89.62,223545,0
TLT.US,5,20251103,214000,89.62,89.66,89.62,89.65,141271,0
TLT.US,5,20251103,214500,89.65,89.6965,89.6499,89.695,485812,0
TLT.US,5,20251103,215000,89.695,89.74,89.69,89.73,500075,0
TLT.US,5,20251103,215500,89.73,89.745,89.72,89.72,1407395,0
TLT.US,5,20251104,153000,89.78,89.8365,89.74,89.8365,373617,0
TLT.US,5,20251104,153500,89.835,89.875,89.79,89.8191,424689,0
TLT.US,5,20251104,154000,89.815,89.825,89.765,89.8101,361189,0
TLT.US,5,20251104,154500,89.82,89.92,89.81,89.89,283758,0
TLT.US,5,20251104,155000,89.9,89.9299,89.86,89.86,133810,0
TLT.US,5,20251104,155500,89.86,89.86,89.8301,89.8445,280750,0
TLT.US,5,20251104,160000,89.85,89.85,89.7901,89.83,248817,0
TLT.US,5,20251104,160500,89.825,89.8635,89.82,89.8635,394112,0
TLT.US,5,20251104,161000,89.87,89.9,89.855,89.9,382309,0
TLT.US,5,20251104,161500,89.9,89.96,89.87,89.94,460502,0
TLT.US,5,20251104,162000,89.9493,90,89.94,89.9709,230800,0
TLT.US,5,20251104,162500,89.975,90.02,89.9656,90.01,282678,0
TLT.US,5,20251104,163000,90.01,90.03,89.98,90.01,209253,0
TLT.US,5,20251104,163500,90.01,90.06,90,90.055,336882,0
TLT.US,5,20251104,164000,90.0541,90.06,90.0101,90.02,332856,0
TLT.US,5,20251104,164500,90.01,90.05,89.99,90.05,376144,0
TLT.US,5,20251104,165000,90.045,90.05,89.995,90.01,286945,0
TLT.US,5,20251104,165500,90.02,90.03,89.97,89.99,369043,0
TLT.US,5,20251104,170000,90,90.01,89.94,89.965,457542,0
TLT.US,5,20251104,170500,89.96,89.9999,89.955,89.975,472590,0
TLT.US,5,20251104,171000,89.9752,90.03,89.97,90.01,367393,0
TLT.US,5,20251104,171500,90.015,90.03,89.9944,89.995,182887,0
TLT.US,5,20251104,172000,89.995,90.005,89.97,89.9999,211936,0
TLT.US,5,20251104,172500,90,90.01,89.97,89.98,144839,0
TLT.US,5,20251104,173000,89.99,89.99,89.945,89.96,160344,0
TLT.US,5,20251104,173500,89.96,89.98,89.945,89.96,121773,0
TLT.US,5,20251104,174000,89.9556,89.965,89.905,89.954,441749,0
TLT.US,5,20251104,174500,89.95,89.985,89.93,89.9793,248013,0
TLT.US,5,20251104,175000,89.98,89.985,89.93,89.935,342379,0
TLT.US,5,20251104,175500,89.935,89.96,89.93,89.935,203420,0
TLT.US,5,20251104,180000,89.935,89.94,89.9,89.91,250590,0
TLT.US,5,20251104,180500,89.91,89.915,89.9,89.9046,78837,0
TLT.US,5,20251104,181000,89.91,89.94,89.9,89.94,244190,0
TLT.US,5,20251104,181500,89.94,89.95,89.92,89.945,223826,0
TLT.US,5,20251104,182000,89.9485,89.96,89.9247,89.945,198081,0
TLT.US,5,20251104,182500,89.945,89.96,89.935,89.955,98718,0
TLT.US,5,20251104,183000,89.9559,89.98,89.94,89.975,133026,0
TLT.US,5,20251104,183500,89.975,90,89.965,89.995,150111,0
TLT.US,5,20251104,184000,89.99,90,89.94,89.9599,126284,0
TLT.US,5,20251104,184500,89.955,89.9699,89.94,89.95,172373,0
TLT.US,5,20251104,185000,89.955,89.96,89.92,89.95,241005,0
TLT.US,5,20251104,185500,89.95,89.95,89.93,89.94,70868,0
TLT.US,5,20251104,190000,89.9499,89.95,89.91,89.915,120085,0
TLT.US,5,20251104,190500,89.9152,89.9599,89.91,89.9583,64228,0
TLT.US,5,20251104,191000,89.955,89.9569,89.93,89.93,129972,0
TLT.US,5,20251104,191500,89.9235,89.95,89.92,89.93,175614,0
TLT.US,5,20251104,192000,89.925,89.94,89.92,89.92,125204,0
TLT.US,5,20251104,192500,89.91,89.93,89.91,89.9203,88971,0
TLT.US,5,20251104,193000,89.925,89.93,89.9,89.9,180622,0
TLT.US,5,20251104,193500,89.91,89.94,89.905,89.94,189142,0
TLT.US,5,20251104,194000,89.935,89.96,89.92,89.95,202685,0
TLT.US,5,20251104,194500,89.95,89.96,89.94,89.955,63689,0
TLT.US,5,20251104,195000,89.955,89.955,89.925,89.9352,158383,0
TLT.US,5,20251104,195500,89.9301,89.945,89.9201,89.935,183559,0
TLT.US,5,20251104,200000,89.9399,89.94,89.925,89.925,28645,0
TLT.US,5,20251104,200500,89.93,89.9586,89.925,89.9335,133525,0
TLT.US,5,20251104,201000,89.93,89.94,89.925,89.93,75603,0
TLT.US,5,20251104,201500,89.935,89.938,89.87,89.88,162214,0
TLT.US,5,20251104,202000,89.875,89.89,89.86,89.8601,91416,0
TLT.US,5,20251104,202500,89.86,89.8752,89.85,89.875,110415,0
TLT.US,5,20251104,203000,89.8786,89.9,89.87343,89.895,50219,0
TLT.US,5,20251104,203500,89.9,89.94,89.8901,89.93,223417,0
TLT.US,5,20251104,204000,89.93,89.945,89.92,89.935,166658,0
TLT.US,5,20251104,204500,89.93,89.94,89.92,89.9303,99711,0
TLT.US,5,20251104,205000,89.9345,89.9585,89.93,89.9556,102883,0
TLT.US,5,20251104,205500,89.95,89.95,89.91,89.91,387908,0
TLT.US,5,20251104,210000,89.91,89.97,89.91,89.925,629735,0
TLT.US,5,20251104,210500,89.925,89.955,89.925,89.95,128314,0
TLT.US,5,20251104,211000,89.95,89.95,89.94,89.945,136841,0
TLT.US,5,20251104,211500,89.945,89.96,89.93409,89.93409,239167,0
TLT.US,5,20251104,212000,89.935,89.965,89.9301,89.965,135955,0
TLT.US,5,20251104,212500,89.965,89.97,89.945,89.945,183093,0
TLT.US,5,20251104,213000,89.95,89.96,89.94,89.955,114777,0
TLT.US,5,20251104,213500,89.955,89.96,89.925,89.935,338384,0
TLT.US,5,20251104,214000,89.9342,89.965,89.92,89.945,279176,0
TLT.US,5,20251104,214500,89.9468,89.96851,89.9415,89.95,206686,0
TLT.US,5,20251104,215000,89.95,89.96,89.93,89.94,502578,0
TLT.US,5,20251104,215500,89.945,89.96,89.92,89.9401,1259293,0
TLT.US,5,20251105,153000,89.51,89.545,89.46,89.51,760897,0
TLT.US,5,20251105,153500,89.5063,89.54,89.4658,89.475,408972,0
TLT.US,5,20251105,154000,89.47,89.485,89.41,89.425,404237,0
TLT.US,5,20251105,154500,89.42,89.4259,89.385,89.395,496646,0
TLT.US,5,20251105,155000,89.39,89.39,89.32,89.345,681039,0
TLT.US,5,20251105,155500,89.34,89.4299,89.34,89.42,713978,0
TLT.US,5,20251105,160000,89.41,89.42,89.12,89.24,1453130,0
TLT.US,5,20251105,160500,89.24,89.277,89.18,89.2,879719,0
TLT.US,5,20251105,161000,89.2,89.26,89.17,89.225,596032,0
TLT.US,5,20251105,161500,89.23,89.28,89.19,89.2398,599923,0
TLT.US,5,20251105,162000,89.235,89.32,89.2251,89.275,662920,0
TLT.US,5,20251105,162500,89.27,89.315,89.26,89.3,670075,0
TLT.US,5,20251105,163000,89.31,89.31,89.21,89.22,706285,0
TLT.US,5,20251105,163500,89.215,89.23,89.16,89.165,305683,0
TLT.US,5,20251105,164000,89.165,89.205,89.16,89.1835,530334,0
TLT.US,5,20251105,164500,89.18,89.2,89.15,89.175,433612,0
TLT.US,5,20251105,165000,89.1701,89.245,89.16,89.24,407705,0
TLT.US,5,20251105,165500,89.19,89.2,89.14,89.155,470029,0
TLT.US,5,20251105,170000,89.15,89.18,89.065,89.08,627187,0
TLT.US,5,20251105,170500,89.0701,89.09,88.99,89.0395,1447590,0
TLT.US,5,20251105,171000,89.03,89.075,89,89.07,632804,0
TLT.US,5,20251105,171500,89.065,89.14,89.06,89.125,677924,0
TLT.US,5,20251105,172000,89.125,89.125,89.065,89.11,357503,0
TLT.US,5,20251105,172500,89.1056,89.1199,89.07,89.08,351600,0
TLT.US,5,20251105,173000,89.085,89.095,89.035,89.06,438780,0
TLT.US,5,20251105,173500,89.0601,89.075,88.985,88.99,594705,0
TLT.US,5,20251105,174000,88.995,88.995,88.945,88.96,699476,0
TLT.US,5,20251105,174500,88.96,88.9756,88.92,88.975,669861,0
TLT.US,5,20251105,175000,88.97,89.015,88.9645,88.98,789609,0
TLT.US,5,20251105,175500,88.985,89.01,88.98,89,623103,0
TLT.US,5,20251105,180000,89,89.03,88.98,88.985,402941,0
TLT.US,5,20251105,180500,88.985,88.985,88.945,88.955,488693,0
TLT.US,5,20251105,181000,88.96,88.99,88.95,88.97,274173,0
TLT.US,5,20251105,181500,88.96,88.9699,88.89,88.8999,375164,0
TLT.US,5,20251105,182000,88.89,88.94,88.88,88.925,459409,0
TLT.US,5,20251105,182500,88.925,88.98,88.92,88.9601,421220,0
TLT.US,5,20251105,183000,88.965,88.97,88.93,88.9301,275697,0
TLT.US,5,20251105,183500,88.935,88.97,88.92,88.96,570484,0
TLT.US,5,20251105,184000,88.96,88.975,88.95,88.96,185974,0
TLT.US,5,20251105,184500,88.955,88.96,88.905,88.93,704367,0
TLT.US,5,20251105,185000,88.93,88.97,88.92,88.9601,296973,0
TLT.US,5,20251105,185500,88.96,88.98,88.95,88.98,224456,0
TLT.US,5,20251105,190000,88.985,89.07,88.98,89.05,403270,0
TLT.US,5,20251105,190500,89.045,89.05,89.02,89.035,289358,0
TLT.US,5,20251105,191000,89.04,89.04,89.02,89.03,194739,0
TLT.US,5,20251105,191500,89.035,89.07,89.03,89.06,265521,0
TLT.US,5,20251105,192000,89.065,89.0799,89.05,89.0643,156293,0
TLT.US,5,20251105,192500,89.06,89.07,89.02,89.035,197794,0
TLT.US,5,20251105,193000,89.035,89.055,89.03,89.0501,122644,0
TLT.US,5,20251105,193500,89.0501,89.055,89.02,89.045,361584,0
TLT.US,5,20251105,194000,89.04,89.04,89.02,89.025,199236,0
TLT.US,5,20251105,194500,89.0297,89.045,89.01,89.025,204042,0
TLT.US,5,20251105,195000,89.02,89.025,88.99,89.02,226061,0
TLT.US,5,20251105,195500,89.01533,89.03,88.995,89.0224,206432,0
TLT.US,5,20251105,200000,89.02,89.025,88.97,89.015,318395,0
TLT.US,5,20251105,200500,89.0154,89.02,88.9701,88.9701,234415,0
TLT.US,5,20251105,201000,88.97,88.98,88.95,88.9703,208915,0
TLT.US,5,20251105,201500,88.9735,89.01,88.965,88.9901,131745,0
TLT.US,5,20251105,202000,88.995,89,88.94,88.9757,250459,0
TLT.US,5,20251105,202500,88.975,88.98,88.95,88.95,141449,0
TLT.US,5,20251105,203000,88.95,88.98,88.945,88.9756,211963,0
TLT.US,5,20251105,203500,88.97,88.985,88.95,88.98,277258,0
TLT.US,5,20251105,204000,88.98,88.98,88.935,88.945,160137,0
TLT.US,5,20251105,204500,88.9445,88.96,88.94,88.94,115050,0
TLT.US,5,20251105,205000,88.945,88.97,88.935,88.965,165571,0
TLT.US,5,20251105,205500,88.96,88.99,88.95,88.985,252883,0
TLT.US,5,20251105,210000,88.99,89,88.975,88.975,137095,0
TLT.US,5,20251105,210500,88.975,88.98,88.955,88.965,245970,0
TLT.US,5,20251105,211000,88.965,88.9799,88.94,88.955,255955,0
TLT.US,5,20251105,211500,88.9525,88.96,88.94,88.945,262086,0
TLT.US,5,20251105,212000,88.945,88.97,88.94,88.965,107270,0
TLT.US,5,20251105,212500,88.97,88.97,88.94,88.9686,383693,0
TLT.US,5,20251105,213000,88.9645,88.98,88.96,88.975,392823,0
TLT.US,5,20251105,213500,88.975,89,88.97,88.985,593591,0
TLT.US,5,20251105,214000,88.98,88.99,88.97,88.975,418541,0
TLT.US,5,20251105,214500,88.975,88.98,88.96,88.97,435241,0
TLT.US,5,20251105,215000,88.97,88.98,88.94,88.945,683096,0
TLT.US,5,20251105,215500,88.95,88.96,88.93,88.94,1614794,0
TLT.US,5,20251106,153000,89.56,89.59,89.53,89.585,966975,0
TLT.US,5,20251106,153500,89.5801,89.6,89.54,89.5502,535019,0
TLT.US,5,20251106,154000,89.5502,89.66,89.54,89.64,603936,0
TLT.US,5,20251106,154500,89.64,89.64,89.58,89.61,425621,0
TLT.US,5,20251106,155000,89.61,89.66,89.5937,89.645,428376,0
TLT.US,5,20251106,155500,89.65,89.67,89.62,89.67,732919,0
TLT.US,5,20251106,160000,89.67,89.78,89.67,89.77,696568,0
TLT.US,5,20251106,160500,89.775,89.79,89.71,89.745,402165,0
TLT.US,5,20251106,161000,89.75,89.755,89.68,89.725,312210,0
TLT.US,5,20251106,161500,89.73,89.75,89.71,89.73,458234,0
TLT.US,5,20251106,162000,89.72,89.73,89.62,89.625,296517,0
TLT.US,5,20251106,162500,89.62,89.64,89.605,89.635,341033,0
TLT.US,5,20251106,163000,89.635,89.65,89.6,89.64,316507,0
TLT.US,5,20251106,163500,89.6375,89.68,89.6375,89.68,258249,0
TLT.US,5,20251106,164000,89.68,89.705,89.6545,89.6944,389089,0
TLT.US,5,20251106,164500,89.695,89.72,89.68,89.6858,387754,0
TLT.US,5,20251106,165000,89.68,89.71,89.66,89.665,491570,0
TLT.US,5,20251106,165500,89.665,89.685,89.64,89.68,285093,0
TLT.US,5,20251106,170000,89.685,89.685,89.625,89.63,218070,0
TLT.US,5,20251106,170500,89.635,89.665,89.5901,89.65,251609,0
TLT.US,5,20251106,171000,89.645,89.74,89.645,89.725,539148,0
TLT.US,5,20251106,171500,89.73,89.745,89.69,89.74,339424,0
TLT.US,5,20251106,172000,89.73,89.7799,89.71,89.755,451231,0
TLT.US,5,20251106,172500,89.755,89.78,89.7227,89.735,337346,0
TLT.US,5,20251106,173000,89.735,89.78,89.72,89.77,250216,0
TLT.US,5,20251106,173500,89.77,89.85,89.77,89.845,397041,0
TLT.US,5,20251106,174000,89.845,89.85,89.805,89.825,367030,0
TLT.US,5,20251106,174500,89.82,89.8499,89.82,89.845,163540,0
TLT.US,5,20251106,175000,89.85,89.85,89.79,89.799,458351,0
TLT.US,5,20251106,175500,89.795,89.835,89.795,89.815,140144,0
TLT.US,5,20251106,180000,89.82,89.82,89.76,89.795,433117,0
TLT.US,5,20251106,180500,89.795,89.8165,89.78,89.78,619241,0
TLT.US,5,20251106,181000,89.7854,89.8,89.77,89.795,470806,0
TLT.US,5,20251106,181500,89.7924,89.82,89.7801,89.7899,218631,0
TLT.US,5,20251106,182000,89.79,89.82,89.79,89.815,145999,0
TLT.US,5,20251106,182500,89.815,89.8158,89.78,89.795,113316,0
TLT.US,5,20251106,183000,89.8,89.805,89.73,89.755,247330,0
TLT.US,5,20251106,183500,89.755,89.755,89.71,89.7475,201145,0
TLT.US,5,20251106,184000,89.745,89.75,89.7242,89.7448,280229,0
TLT.US,5,20251106,184500,89.745,89.75,89.69,89.71,225036,0
TLT.US,5,20251106,185000,89.71,89.72,89.7,89.701,164715,0
TLT.US,5,20251106,185500,89.705,89.71,89.6799,89.705,123456,0
TLT.US,5,20251106,190000,89.705,89.715,89.68,89.715,180595,0
TLT.US,5,20251106,190500,89.715,89.75,89.71,89.74,346588,0
TLT.US,5,20251106,191000,89.75,89.76,89.73,89.735,130176,0
TLT.US,5,20251106,191500,89.73,89.75,89.72,89.745,84721,0
TLT.US,5,20251106,192000,89.745,89.75,89.73,89.735,183879,0
TLT.US,5,20251106,192500,89.735,89.735,89.7,89.715,235956,0
TLT.US,5,20251106,193000,89.715,89.715,89.69,89.7,100738,0
TLT.US,5,20251106,193500,89.705,89.7099,89.66,89.67,139136,0
TLT.US,5,20251106,194000,89.675,89.6899,89.66,89.68,245185,0
TLT.US,5,20251106,194500,89.675,89.71,89.67,89.705,163438,0
TLT.US,5,20251106,195000,89.705,89.71,89.6925,89.705,124727,0
TLT.US,5,20251106,195500,89.71,89.75,89.7,89.72,184810,0
TLT.US,5,20251106,200000,89.725,89.7254,89.69,89.7,132177,0
TLT.US,5,20251106,200500,89.695,89.735,89.69,89.7297,190034,0
TLT.US,5,20251106,201000,89.72,89.7258,89.69231,89.6999,108944,0
TLT.US,5,20251106,201500,89.695,89.7099,89.68,89.695,129066,0
TLT.US,5,20251106,202000,89.69,89.7,89.68,89.6999,87700,0
TLT.US,5,20251106,202500,89.699,89.7,89.66,89.67,97574,0
TLT.US,5,20251106,203000,89.67,89.68,89.66,89.6645,92224,0
TLT.US,5,20251106,203500,89.66,89.68,89.64,89.6454,291537,0
TLT.US,5,20251106,204000,89.6497,89.7,89.64,89.68,174488,0
TLT.US,5,20251106,204500,89.6799,89.71,89.67,89.71,196932,0
TLT.US,5,20251106,205000,89.709,89.7299,89.7,89.7099,163667,0
TLT.US,5,20251106,205500,89.705,89.705,89.66,89.685,235460,0
TLT.US,5,20251106,210000,89.68,89.6956,89.6732,89.685,120649,0
TLT.US,5,20251106,210500,89.69,89.7,89.68,89.7,84025,0
TLT.US,5,20251106,211000,89.695,89.715,89.69,89.7,84028,0
TLT.US,5,20251106,211500,89.705,89.71,89.69,89.69,155375,0
TLT.US,5,20251106,212000,89.7,89.705,89.69,89.695,116746,0
TLT.US,5,20251106,212500,89.695,89.7,89.69,89.695,141438,0
TLT.US,5,20251106,213000,89.7,89.72,89.69,89.71,833628,0
TLT.US,5,20251106,213500,89.71,89.73,89.7,89.715,428363,0
TLT.US,5,20251106,214000,89.715,89.75,89.705,89.745,357091,0
TLT.US,5,20251106,214500,89.7422,89.77,89.735,89.74,557445,0
TLT.US,5,20251106,215000,89.74,89.77,89.72,89.765,588282,0
TLT.US,5,20251106,215500,89.765,89.78,89.75,89.765,1223435,0
TLT.US,5,20251107,153000,89.355,89.4358,89.355,89.415,672552,0
TLT.US,5,20251107,153500,89.415,89.53,89.4,89.525,746395,0
TLT.US,5,20251107,154000,89.53,89.55,89.415,89.455,549266,0
TLT.US,5,20251107,154500,89.45,89.48,89.415,89.47,450879,0
TLT.US,5,20251107,155000,89.48,89.495,89.4,89.425,332191,0
TLT.US,5,20251107,155500,89.43,89.45,89.37,89.41,537213,0
TLT.US,5,20251107,160000,89.4,89.56,89.4,89.555,684009,0
TLT.US,5,20251107,160500,89.55,89.61,89.515,89.54,508240,0
TLT.US,5,20251107,161000,89.55,89.555,89.504,89.51,360120,0
TLT.US,5,20251107,161500,89.51,89.53,89.48,89.515,294015,0
TLT.US,5,20251107,162000,89.5162,89.62,89.515,89.62,279883,0
TLT.US,5,20251107,162500,89.62,89.62,89.55,89.59,291709,0
TLT.US,5,20251107,163000,89.59,89.62,89.565,89.5948,200335,0
TLT.US,5,20251107,163500,89.5952,89.645,89.575,89.6288,234999,0
TLT.US,5,20251107,164000,89.62,89.64,89.6,89.6198,215627,0
TLT.US,5,20251107,164500,89.62,89.68,89.605,89.675,427943,0
TLT.US,5,20251107,165000,89.67,89.69,89.63,89.645,355416,0
TLT.US,5,20251107,165500,89.645,89.68,89.63,89.67,417633,0
TLT.US,5,20251107,170000,89.67,89.69,89.65,89.66,305597,0
TLT.US,5,20251107,170500,89.665,89.745,89.665,89.74,357274,0
TLT.US,5,20251107,171000,89.74,89.83,89.74,89.8097,644243,0
TLT.US,5,20251107,171500,89.8001,89.85,89.78,89.7803,548783,0
TLT.US,5,20251107,172000,89.79,89.79,89.74,89.77,461102,0
TLT.US,5,20251107,172500,89.765,89.83,89.765,89.82,835277,0
TLT.US,5,20251107,173000,89.82,89.84,89.79,89.795,344586,0
TLT.US,5,20251107,173500,89.795,89.84,89.795,89.835,467863,0
TLT.US,5,20251107,174000,89.8342,89.86,89.811,89.83,316306,0
TLT.US,5,20251107,174500,89.835,89.8551,89.8245,89.83,183597,0
TLT.US,5,20251107,175000,89.835,89.84,89.775,89.795,338051,0
TLT.US,5,20251107,175500,89.795,89.86,89.795,89.83,187532,0
TLT.US,5,20251107,180000,89.83,89.845,89.81,89.845,147616,0
TLT.US,5,20251107,180500,89.84,89.87,89.82,89.8475,226645,0
TLT.US,5,20251107,181000,89.85,89.87,89.81,89.81,295460,0
TLT.US,5,20251107,181500,89.815,89.82,89.7851,89.79,207093,0
TLT.US,5,20251107,182000,89.79,89.81,89.77,89.785,143177,0
TLT.US,5,20251107,182500,89.785,89.785,89.755,89.77,142732,0
TLT.US,5,20251107,183000,89.77,89.77,89.74,89.76,272305,0
TLT.US,5,20251107,183500,89.77,89.79,89.75,89.765,429898,0
TLT.US,5,20251107,184000,89.765,89.8,89.755,89.795,242059,0
TLT.US,5,20251107,184500,89.795,89.83,89.785,89.801,170312,0
TLT.US,5,20251107,185000,89.8045,89.83,89.8,89.81,196350,0
TLT.US,5,20251107,185500,89.81,89.84,89.8,89.805,156006,0
TLT.US,5,20251107,190000,89.805,89.81,89.795,89.805,70997,0
TLT.US,5,20251107,190500,89.805,89.82,89.775,89.785,255213,0
TLT.US,5,20251107,191000,89.78,89.7865,89.77,89.775,103667,0
TLT.US,5,20251107,191500,89.7791,89.8069,89.775,89.7852,92318,0
TLT.US,5,20251107,192000,89.7851,89.8151,89.78,89.815,108282,0
TLT.US,5,20251107,192500,89.81,89.815,89.775,89.775,269607,0
TLT.US,5,20251107,193000,89.775,89.78,89.74,89.775,542998,0
TLT.US,5,20251107,193500,89.775,89.79,89.76,89.765,151636,0
TLT.US,5,20251107,194000,89.76,89.7655,89.73,89.755,114480,0
TLT.US,5,20251107,194500,89.76,89.8,89.7534,89.78,173615,0
TLT.US,5,20251107,195000,89.77,89.8,89.77,89.77,120729,0
TLT.US,5,20251107,195500,89.77,89.77,89.695,89.695,199783,0
TLT.US,5,20251107,200000,89.695,89.71,89.69,89.69,112798,0
TLT.US,5,20251107,200500,89.69,89.72,89.69,89.7199,245899,0
TLT.US,5,20251107,201000,89.71,89.74,89.71,89.735,118659,0
TLT.US,5,20251107,201500,89.735,89.75,89.72,89.72,52453,0
TLT.US,5,20251107,202000,89.7255,89.7255,89.7,89.7,56489,0
TLT.US,5,20251107,202500,89.705,89.72,89.7,89.7,68775,0
TLT.US,5,20251107,203000,89.705,89.705,89.6,89.6,310916,0
TLT.US,5,20251107,203500,89.605,89.605,89.56,89.57,366560,0
TLT.US,5,20251107,204000,89.57,89.57,89.525,89.55,420472,0
TLT.US,5,20251107,204500,89.5507,89.585,89.53,89.555,424807,0
TLT.US,5,20251107,205000,89.55,89.59,89.55,89.575,103911,0
TLT.US,5,20251107,205500,89.575,89.58,89.52,89.5303,452003,0
TLT.US,5,20251107,210000,89.53,89.55,89.525,89.5467,214508,0
TLT.US,5,20251107,210500,89.55,89.61,89.55,89.57,1353119,0
TLT.US,5,20251107,211000,89.57,89.6,89.565,89.59,270614,0
TLT.US,5,20251107,211500,89.59,89.605,89.575,89.59,171302,0
TLT.US,5,20251107,212000,89.59,89.6,89.5845,89.5955,95649,0
TLT.US,5,20251107,212500,89.6,89.61,89.57,89.58,203590,0
TLT.US,5,20251107,213000,89.585,89.585,89.55,89.575,184168,0
TLT.US,5,20251107,213500,89.575,89.5999,89.565,89.5845,103705,0
TLT.US,5,20251107,214000,89.585,89.61,89.58,89.6,304276,0
TLT.US,5,20251107,214500,89.5914,89.6,89.58,89.5807,98257,0
TLT.US,5,20251107,215000,89.58,89.6,89.5697,89.58,359859,0
TLT.US,5,20251107,215500,89.585,89.59,89.56,89.57,1907862,0
TLT.US,5,20251110,153000,89.49,89.51,89.45,89.505,553640,0
TLT.US,5,20251110,153500,89.505,89.67,89.505,89.64,412971,0
TLT.US,5,20251110,154000,89.64,89.6658,89.6,89.62,338563,0
TLT.US,5,20251110,154500,89.61,89.61,89.525,89.535,511629,0
TLT.US,5,20251110,155000,89.535,89.55,89.4936,89.5,423039,0
TLT.US,5,20251110,155500,89.505,89.57,89.49,89.56584,419115,0
TLT.US,5,20251110,160000,89.57,89.57,89.515,89.53,371007,0
TLT.US,5,20251110,160500,89.54,89.54,89.5,89.515,268465,0
TLT.US,5,20251110,161000,89.515,89.54,89.495,89.525,298699,0
TLT.US,5,20251110,161500,89.525,89.59,89.515,89.525,283519,0
TLT.US,5,20251110,162000,89.52,89.525,89.48,89.5,182588,0
TLT.US,5,20251110,162500,89.5,89.555,89.495,89.525,241881,0
TLT.US,5,20251110,163000,89.53,89.53,89.485,89.495,216197,0
TLT.US,5,20251110,163500,89.4901,89.495,89.415,89.44,505113,0
TLT.US,5,20251110,164000,89.435,89.47,89.42,89.47,307076,0
TLT.US,5,20251110,164500,89.47,89.4899,89.4421,89.45,189617,0
TLT.US,5,20251110,165000,89.46,89.54,89.4599,89.5058,94910,0
TLT.US,5,20251110,165500,89.51,89.52,89.48,89.49,198430,0
TLT.US,5,20251110,170000,89.49,89.5055,89.41,89.435,439628,0
TLT.US,5,20251110,170500,89.44,89.455,89.3999,89.4181,203813,0
TLT.US,5,20251110,171000,89.41,89.455,89.395,89.455,209996,0
TLT.US,5,20251110,171500,89.455,89.48,89.44,89.475,136093,0
TLT.US,5,20251110,172000,89.4799,89.51,89.47,89.5,276404,0
TLT.US,5,20251110,172500,89.5,89.52,89.4837,89.49,234970,0
TLT.US,5,20251110,173000,89.4958,89.4958,89.385,89.41,265594,0
TLT.US,5,20251110,173500,89.42,89.44,89.4101,89.4241,118328,0
TLT.US,5,20251110,174000,89.4201,89.445,89.405,89.4193,135014,0
TLT.US,5,20251110,174500,89.42,89.43,89.41,89.41,260016,0
TLT.US,5,20251110,175000,89.4199,89.44,89.41,89.42,74725,0
TLT.US,5,20251110,175500,89.421,89.43,89.41,89.41,114384,0
TLT.US,5,20251110,180000,89.4121,89.425,89.405,89.42,109279,0
TLT.US,5,20251110,180500,89.4152,89.43,89.4,89.415,69046,0
TLT.US,5,20251110,181000,89.415,89.47,89.415,89.465,195855,0
TLT.US,5,20251110,181500,89.46,89.4699,89.44,89.445,137980,0
TLT.US,5,20251110,182000,89.44,89.4658,89.43,89.4601,84991,0
TLT.US,5,20251110,182500,89.46,89.4665,89.4244,89.44,119829,0
TLT.US,5,20251110,183000,89.435,89.45,89.435,89.445,128240,0
TLT.US,5,20251110,183500,89.45,89.45,89.435,89.445,92532,0
TLT.US,5,20251110,184000,89.445,89.4499,89.405,89.415,128955,0
TLT.US,5,20251110,184500,89.42,89.44,89.4024,89.435,159316,0
TLT.US,5,20251110,185000,89.44,89.48,89.4399,89.455,143663,0
TLT.US,5,20251110,185500,89.45,89.46,89.425,89.45,228259,0
TLT.US,5,20251110,190000,89.44,89.52,89.435,89.5,381292,0
TLT.US,5,20251110,190500,89.5,89.52,89.5,89.505,50330,0
TLT.US,5,20251110,191000,89.505,89.53,89.5049,89.5154,88328,0
TLT.US,5,20251110,191500,89.515,89.57,89.5137,89.55,246314,0
TLT.US,5,20251110,192000,89.55,89.55,89.53,89.535,114904,0
TLT.US,5,20251110,192500,89.5335,89.54,89.5,89.52,455450,0
TLT.US,5,20251110,193000,89.51,89.54,89.51,89.51,77329,0
TLT.US,5,20251110,193500,89.5198,89.52,89.5,89.52,105974,0
TLT.US,5,20251110,194000,89.52,89.53,89.51,89.525,92607,0
TLT.US,5,20251110,194500,89.525,89.53,89.501,89.5201,79963,0
TLT.US,5,20251110,195000,89.53,89.53,89.485,89.49,57524,0
TLT.US,5,20251110,195500,89.49,89.5,89.4855,89.5,52145,0
TLT.US,5,20251110,200000,89.495,89.505,89.475,89.495,137163,0
TLT.US,5,20251110,200500,89.495,89.5,89.46,89.475,152194,0
TLT.US,5,20251110,201000,89.475,89.5065,89.475,89.495,67267,0
TLT.US,5,20251110,201500,89.5,89.52,89.4945,89.52,26065,0
TLT.US,5,20251110,202000,89.52,89.56,89.5101,89.54,195364,0
TLT.US,5,20251110,202500,89.55,89.57,89.54,89.5454,97176,0
TLT.US,5,20251110,203000,89.54,89.55,89.5335,89.545,78977,0
TLT.US,5,20251110,203500,89.54,89.55,89.53,89.535,95597,0
TLT.US,5,20251110,204000,89.5373,89.57,89.535,89.565,199381,0
TLT.US,5,20251110,204500,89.565,89.5658,89.5201,89.54,176283,0
TLT.US,5,20251110,205000,89.54,89.545,89.51,89.515,178001,0
TLT.US,5,20251110,205500,89.515,89.54,89.51,89.52,207507,0
TLT.US,5,20251110,210000,89.525,89.525,89.435,89.485,371465,0
TLT.US,5,20251110,210500,89.48,89.52,89.48,89.52,115321,0
TLT.US,5,20251110,211000,89.5121,89.5257,89.505,89.5192,153158,0
TLT.US,5,20251110,211500,89.515,89.5353,89.4607,89.485,1408488,0
TLT.US,5,20251110,212000,89.485,89.485,89.445,89.46,144266,0
TLT.US,5,20251110,212500,89.46,89.4699,89.45,89.46,76160,0
TLT.US,5,20251110,213000,89.46,89.47,89.45,89.465,161093,0
TLT.US,5,20251110,213500,89.46,89.49,89.45,89.485,198403,0
TLT.US,5,20251110,214000,89.48,89.5,89.47,89.485,209529,0
TLT.US,5,20251110,214500,89.48,89.495,89.48,89.4858,334585,0
TLT.US,5,20251110,215000,89.485,89.495,89.4739,89.485,279988,0
TLT.US,5,20251110,215500,89.49,89.555,89.4833,89.55,4110514,0
TLT.US,5,20251111,153000,89.95,89.95,89.8801,89.89,417737,0
TLT.US,5,20251111,153500,89.885,89.89,89.84,89.8701,296672,0
TLT.US,5,20251111,154000,89.87,89.92,89.87,89.915,273684,0
TLT.US,5,20251111,154500,89.92,89.9399,89.9025,89.9299,193440,0
TLT.US,5,20251111,155000,89.925,89.96,89.9,89.905,215001,0
TLT.US,5,20251111,155500,89.91,89.9196,89.87,89.91,235444,0
TLT.US,5,20251111,160000,89.9096,89.9096,89.775,89.85,432807,0
TLT.US,5,20251111,160500,89.845,89.9,89.8428,89.885,214977,0
TLT.US,5,20251111,161000,89.8899,89.895,89.845,89.845,235026,0
TLT.US,5,20251111,161500,89.845,89.89,89.84,89.885,197761,0
TLT.US,5,20251111,162000,89.885,89.905,89.86,89.905,124994,0
TLT.US,5,20251111,162500,89.905,89.98,89.89,89.975,172504,0
TLT.US,5,20251111,163000,89.975,89.975,89.93,89.945,144912,0
TLT.US,5,20251111,163500,89.94336,89.965,89.905,89.91,164983,0
TLT.US,5,20251111,164000,89.915,89.94,89.9,89.9101,129651,0
TLT.US,5,20251111,164500,89.915,90,89.91,89.97,250490,0
TLT.US,5,20251111,165000,89.975,89.99,89.945,89.975,225263,0
TLT.US,5,20251111,165500,89.98,90.02,89.9701,90.0048,236199,0
TLT.US,5,20251111,170000,90.005,90.04,90.001,90.03,124335,0
TLT.US,5,20251111,170500,90.0242,90.05,90.0242,90.05,204052,0
TLT.US,5,20251111,171000,90.05,90.065,90,90.035,400225,0
TLT.US,5,20251111,171500,90.03,90.04,89.96,89.965,157859,0
TLT.US,5,20251111,172000,89.965,89.99,89.95,89.95,341465,0
TLT.US,5,20251111,172500,89.955,89.96,89.93,89.9379,182285,0
TLT.US,5,20251111,173000,89.935,89.955,89.93,89.935,161915,0
TLT.US,5,20251111,173500,89.935,89.9701,89.92,89.94,138237,0
TLT.US,5,20251111,174000,89.94,89.97,89.93,89.97,68212,0
TLT.US,5,20251111,174500,89.97,89.97,89.94,89.945,60646,0
TLT.US,5,20251111,175000,89.9455,89.95,89.94,89.945,50335,0
TLT.US,5,20251111,175500,89.945,89.95,89.92,89.925,86583,0
TLT.US,5,20251111,180000,89.9344,89.98,89.93,89.965,114520,0
TLT.US,5,20251111,180500,89.96,89.97,89.9203,89.925,79577,0
TLT.US,5,20251111,181000,89.925,89.95,89.925,89.95,60122,0
TLT.US,5,20251111,181500,89.95,89.96,89.94,89.95,94446,0
TLT.US,5,20251111,182000,89.9421,90,89.94,89.98,128991,0
TLT.US,5,20251111,182500,89.9701,89.99,89.96,89.965,62230,0
TLT.US,5,20251111,183000,89.96,89.9765,89.96,89.9601,51475,0
TLT.US,5,20251111,183500,89.965,90,89.96,89.99,100465,0
TLT.US,5,20251111,184000,89.99,90.01,89.98,89.995,106368,0
TLT.US,5,20251111,184500,90,90,89.96,89.96,99488,0
TLT.US,5,20251111,185000,89.96,89.97,89.94,89.95,124460,0
TLT.US,5,20251111,185500,89.95,89.95,89.93,89.94,117133,0
TLT.US,5,20251111,190000,89.935,89.96,89.9323,89.945,126046,0
TLT.US,5,20251111,190500,89.9499,89.95,89.9301,89.9401,54432,0
TLT.US,5,20251111,191000,89.94,89.95,89.94,89.945,17477,0
TLT.US,5,20251111,191500,89.945,89.97,89.93,89.97,123849,0
TLT.US,5,20251111,192000,89.97,89.99,89.9614,89.975,66886,0
TLT.US,5,20251111,192500,89.975,89.98,89.945,89.95,95240,0
TLT.US,5,20251111,193000,89.95,89.95,89.9,89.91,84104,0
TLT.US,5,20251111,193500,89.91,89.915,89.88,89.915,110573,0
TLT.US,5,20251111,194000,89.91,89.915,89.88,89.885,41449,0
TLT.US,5,20251111,194500,89.885,89.9299,89.88,89.925,104237,0
TLT.US,5,20251111,195000,89.925,89.93,89.91,89.91,104330,0
TLT.US,5,20251111,195500,89.9158,89.925,89.91,89.92,38540,0
TLT.US,5,20251111,200000,89.92,89.93,89.91,89.9101,30285,0
TLT.US,5,20251111,200500,89.915,89.925,89.9,89.905,63950,0
TLT.US,5,20251111,201000,89.905,89.92,89.9035,89.9199,35864,0
TLT.US,5,20251111,201500,89.9101,89.9375,89.91,89.9375,92822,0
TLT.US,5,20251111,202000,89.935,89.94,89.92,89.9201,199507,0
TLT.US,5,20251111,202500,89.92,89.93,89.92,89.9276,43137,0
TLT.US,5,20251111,203000,89.925,89.925,89.9,89.9101,130482,0
TLT.US,5,20251111,203500,89.91,89.92,89.9024,89.905,21139,0
TLT.US,5,20251111,204000,89.905,89.93,89.9,89.905,85213,0
TLT.US,5,20251111,204500,89.9,89.93,89.9,89.915,98436,0
TLT.US,5,20251111,205000,89.91,89.92,89.9,89.9035,40528,0
TLT.US,5,20251111,205500,89.905,89.9375,89.9004,89.925,81993,0
TLT.US,5,20251111,210000,89.925,89.9358,89.88,89.885,97448,0
TLT.US,5,20251111,210500,89.88,89.89,89.87,89.875,54976,0
TLT.US,5,20251111,211000,89.8744,89.935,89.8744,89.935,75352,0
TLT.US,5,20251111,211500,89.94,89.94,89.92,89.925,45972,0
TLT.US,5,20251111,212000,89.93,89.94,89.9216,89.935,68537,0
TLT.US,5,20251111,212500,89.93222,89.95,89.93,89.94,156861,0
TLT.US,5,20251111,213000,89.9398,89.95,89.93,89.95,63106,0
TLT.US,5,20251111,213500,89.945,89.97,89.9401,89.9622,72078,0
TLT.US,5,20251111,214000,89.97,89.99,89.96,89.965,244585,0
TLT.US,5,20251111,214500,89.97,89.97,89.96,89.965,167561,0
TLT.US,5,20251111,215000,89.965,89.99,89.95,89.985,628438,0
TLT.US,5,20251111,215500,89.98,89.98,89.91,89.96,3070944,0
TLT.US,5,20251112,153000,89.95,90,89.945,89.98,384725,0
TLT.US,5,20251112,153500,89.975,89.9864,89.91,89.97,314487,0
TLT.US,5,20251112,154000,89.96,89.98,89.93,89.97593,390683,0
TLT.US,5,20251112,154500,89.97,90.0359,89.9548,90.03,290810,0
TLT.US,5,20251112,155000,90.03,90.05,90.01,90.035,309080,0
TLT.US,5,20251112,155500,90.04,90.07,90,90.005,188386,0
TLT.US,5,20251112,160000,90,90.005,89.88,89.88,263500,0
TLT.US,5,20251112,160500,89.88,89.99,89.88,89.975,366037,0
TLT.US,5,20251112,161000,89.975,90.035,89.965,90.02,145523,0
TLT.US,5,20251112,161500,90.02,90.03,89.99,90.005,140878,0
TLT.US,5,20251112,162000,90.005,90.02,89.97,90.02,174140,0
TLT.US,5,20251112,162500,90.01,90.06,90.005,90.04,279781,0
TLT.US,5,20251112,163000,90.03,90.055,90.02,90.055,212915,0
TLT.US,5,20251112,163500,90.06,90.1,90.0308,90.0381,175366,0
TLT.US,5,20251112,164000,90.035,90.07,90,90.055,499534,0
TLT.US,5,20251112,164500,90.06,90.14,90.055,90.1,212002,0
TLT.US,5,20251112,165000,90.1,90.15,90.081,90.145,126754,0
TLT.US,5,20251112,165500,90.145,90.15,90.08714,90.08714,226498,0
TLT.US,5,20251112,170000,90.09,90.12,90.08,90.08,146270,0
TLT.US,5,20251112,170500,90.085,90.12,90.07,90.115,350011,0
TLT.US,5,20251112,171000,90.12,90.14,90.09,90.135,420084,0
TLT.US,5,20251112,171500,90.14,90.145,90.085,90.115,240723,0
TLT.US,5,20251112,172000,90.115,90.17,90.11,90.165,167085,0
TLT.US,5,20251112,172500,90.17,90.17,90.145,90.16,161496,0
TLT.US,5,20251112,173000,90.155,90.19,90.14,90.185,203175,0
TLT.US,5,20251112,173500,90.185,90.21,90.17,90.21,276818,0
TLT.US,5,20251112,174000,90.205,90.275,90.195,90.27,374274,0
TLT.US,5,20251112,174500,90.27,90.3,90.245,90.27,384542,0
TLT.US,5,20251112,175000,90.26,90.26,90.215,90.225,234311,0
TLT.US,5,20251112,175500,90.225,90.27,90.2225,90.27,200672,0
TLT.US,5,20251112,180000,90.27,90.28,90.25267,90.265,117581,0
TLT.US,5,20251112,180500,90.27,90.27,90.24,90.2501,139678,0
TLT.US,5,20251112,181000,90.26,90.26,90.215,90.225,211928,0
TLT.US,5,20251112,181500,90.225,90.26,90.2,90.25,371808,0
TLT.US,5,20251112,182000,90.255,90.28,90.23,90.27,466146,0
TLT.US,5,20251112,182500,90.265,90.285,90.26,90.285,161637,0
TLT.US,5,20251112,183000,90.29,90.295,90.26,90.275,300233,0
TLT.US,5,20251112,183500,90.275,90.3,90.265,90.2944,170396,0
TLT.US,5,20251112,184000,90.295,90.305,90.26,90.305,297827,0
TLT.US,5,20251112,184500,90.305,90.31,90.26,90.31,150325,0
TLT.US,5,20251112,185000,90.31,90.32,90.29,90.315,147049,0
TLT.US,5,20251112,185500,90.32,90.32,90.2801,90.3,142904,0
TLT.US,5,20251112,190000,90.3,90.31,90.17,90.22,1220653,0
TLT.US,5,20251112,190500,90.215,90.24,90.205,90.23,293175,0
TLT.US,5,20251112,191000,90.24,90.245,90.18,90.18,156211,0
TLT.US,5,20251112,191500,90.185,90.1934,90.1167,90.12,289367,0
TLT.US,5,20251112,192000,90.125,90.165,90.12,90.145,135909,0
TLT.US,5,20251112,192500,90.15,90.16,90.14,90.155,277528,0
TLT.US,5,20251112,193000,90.155,90.1565,90.135,90.135,60971,0
TLT.US,5,20251112,193500,90.135,90.175,90.13,90.15,73203,0
TLT.US,5,20251112,194000,90.15,90.15,90.12,90.1412,257320,0
TLT.US,5,20251112,194500,90.145,90.16,90.12,90.135,120783,0
TLT.US,5,20251112,195000,90.14,90.16,90.135,90.14,243322,0
TLT.US,5,20251112,195500,90.15,90.17,90.1443,90.145,139454,0
TLT.US,5,20251112,200000,90.148,90.165,90.1245,90.14,244580,0
TLT.US,5,20251112,200500,90.14,90.15,90.12,90.12,130971,0
TLT.US,5,20251112,201000,90.12,90.15,90.12,90.14,235722,0
TLT.US,5,20251112,201500,90.14,90.19,90.13,90.185,227058,0
TLT.US,5,20251112,202000,90.18,90.21,90.18,90.2,99108,0
TLT.US,5,20251112,202500,90.2001,90.2358,90.2,90.2299,182306,0
TLT.US,5,20251112,203000,90.2235,90.2355,90.2201,90.23,112741,0
TLT.US,5,20251112,203500,90.22,90.239,90.22,90.235,84222,0
TLT.US,5,20251112,204000,90.235,90.25,90.22,90.23,228859,0
TLT.US,5,20251112,204500,90.225,90.225,90.165,90.175,382547,0
TLT.US,5,20251112,205000,90.17,90.19,90.1624,90.165,66624,0
TLT.US,5,20251112,205500,90.165,90.1699,90.1143,90.14,438045,0
TLT.US,5,20251112,210000,90.14,90.14,90.1,90.105,197930,0
TLT.US,5,20251112,210500,90.109,90.11,90.08,90.095,169915,0
TLT.US,5,20251112,211000,90.09,90.1,90.08,90.08,124135,0
TLT.US,5,20251112,211500,90.085,90.09,90.07,90.085,112733,0
TLT.US,5,20251112,212000,90.0801,90.0993,90.06,90.07,236806,0
TLT.US,5,20251112,212500,90.075,90.08,90.05,90.0518,159487,0
TLT.US,5,20251112,213000,90.06,90.07,90.05,90.05,162555,0
TLT.US,5,20251112,213500,90.055,90.0765,90.015,90.07,402558,0
TLT.US,5,20251112,214000,90.065,90.07,90.05,90.065,411768,0
TLT.US,5,20251112,214500,90.06423,90.08,90.0508,90.055,215230,0
TLT.US,5,20251112,215000,90.06,90.12,90.05,90.12,439211,0
TLT.US,5,20251112,215500,90.12,90.14,90.1,90.12,668649,0
TLT.US,5,20251113,153000,89.8,89.85,89.78,89.8176,336814,0
TLT.US,5,20251113,153500,89.82,89.89,89.82,89.88,340591,0
TLT.US,5,20251113,154000,89.88,89.9,89.845,89.89,373912,0
TLT.US,5,20251113,154500,89.89,89.9,89.82,89.89,825499,0
TLT.US,5,20251113,155000,89.89,89.8965,89.865,89.875,281434,0
TLT.US,5,20251113,155500,89.88,89.885,89.83,89.865,203718,0
TLT.US,5,20251113,160000,89.8654,89.8699,89.82,89.835,221426,0
TLT.US,5,20251113,160500,89.84,89.8561,89.72,89.7355,270148,0
TLT.US,5,20251113,161000,89.73,89.74,89.67,89.6741,341114,0
TLT.US,5,20251113,161500,89.675,89.7,89.65,89.67,331545,0
TLT.US,5,20251113,162000,89.67,89.73,89.65,89.725,211243,0
TLT.US,5,20251113,162500,89.725,89.7772,89.72,89.77,311892,0
TLT.US,5,20251113,163000,89.78,89.795,89.74,89.79,187025,0
TLT.US,5,20251113,163500,89.79,89.79,89.74,89.75,236006,0
TLT.US,5,20251113,164000,89.7501,89.77,89.73,89.765,156821,0
TLT.US,5,20251113,164500,89.765,89.85,89.7645,89.8,409700,0
TLT.US,5,20251113,165000,89.8,89.875,89.79,89.87,286311,0
TLT.US,5,20251113,165500,89.87,89.88,89.81,89.815,268652,0
TLT.US,5,20251113,170000,89.81,89.835,89.76,89.835,323053,0
TLT.US,5,20251113,170500,89.835,89.84,89.76,89.765,120480,0
TLT.US,5,20251113,171000,89.765,89.82,89.755,89.76,290952,0
TLT.US,5,20251113,171500,89.765,89.7965,89.74,89.7655,250153,0
TLT.US,5,20251113,172000,89.76,89.79,89.74,89.77,219180,0
TLT.US,5,20251113,172500,89.77,89.795,89.74,89.795,271449,0
TLT.US,5,20251113,173000,89.7903,89.795,89.765,89.785,260781,0
TLT.US,5,20251113,173500,89.78,89.81,89.78,89.79,210480,0
TLT.US,5,20251113,174000,89.78,89.785,89.735,89.74,163692,0
TLT.US,5,20251113,174500,89.74,89.79,89.74,89.775,135928,0
TLT.US,5,20251113,175000,89.78,89.8,89.74,89.75,82624,0
TLT.US,5,20251113,175500,89.755,89.78,89.75,89.7699,102839,0
TLT.US,5,20251113,180000,89.77,89.79,89.74,89.76,144510,0
TLT.US,5,20251113,180500,89.77,89.8,89.765,89.765,510157,0
TLT.US,5,20251113,181000,89.76,89.7799,89.75,89.7691,52631,0
TLT.US,5,20251113,181500,89.76,89.79,89.755,89.785,153274,0
TLT.US,5,20251113,182000,89.785,89.83,89.785,89.81,293146,0
TLT.US,5,20251113,182500,89.82,89.85,89.8142,89.8499,181638,0
TLT.US,5,20251113,183000,89.845,89.8899,89.845,89.885,199178,0
TLT.US,5,20251113,183500,89.8899,89.94,89.85,89.855,231247,0
TLT.US,5,20251113,184000,89.86,89.8742,89.84,89.86,171999,0
TLT.US,5,20251113,184500,89.85,89.89,89.85,89.87,192460,0
TLT.US,5,20251113,185000,89.87,89.875,89.82,89.825,133633,0
TLT.US,5,20251113,185500,89.82,89.82,89.77,89.775,447080,0
TLT.US,5,20251113,190000,89.78,89.82,89.62,89.655,846894,0
TLT.US,5,20251113,190500,89.66,89.66,89.6,89.6007,199602,0
TLT.US,5,20251113,191000,89.6,89.6052,89.52,89.595,448082,0
TLT.US,5,20251113,191500,89.58,89.62,89.555,89.61,540733,0
TLT.US,5,20251113,192000,89.6,89.635,89.6,89.605,162508,0
TLT.US,5,20251113,192500,89.605,89.6599,89.605,89.655,375794,0
TLT.US,5,20251113,193000,89.65,89.679,89.625,89.625,538333,0
TLT.US,5,20251113,193500,89.625,89.66,89.625,89.655,195137,0
TLT.US,5,20251113,194000,89.655,89.67,89.625,89.635,178145,0
TLT.US,5,20251113,194500,89.635,89.6699,89.63,89.635,188523,0
TLT.US,5,20251113,195000,89.63,89.635,89.6,89.6101,199007,0
TLT.US,5,20251113,195500,89.61,89.61,89.5827,89.605,135012,0
TLT.US,5,20251113,200000,89.6,89.605,89.58,89.58,128477,0
TLT.US,5,20251113,200500,89.58,89.59,89.53,89.54,190118,0
TLT.US,5,20251113,201000,89.5301,89.57,89.5301,89.5523,274068,0
TLT.US,5,20251113,201500,89.555,89.57,89.525,89.54,192833,0
TLT.US,5,20251113,202000,89.545,89.57,89.52,89.535,218072,0
TLT.US,5,20251113,202500,89.53,89.54,89.52,89.535,370820,0
TLT.US,5,20251113,203000,89.54,89.5699,89.525,89.545,205326,0
TLT.US,5,20251113,203500,89.545,89.58,89.54,89.56,122235,0
TLT.US,5,20251113,204000,89.56,89.6,89.56,89.6,266653,0
TLT.US,5,20251113,204500,89.595,89.61,89.59,89.605,476404,0
TLT.US,5,20251113,205000,89.605,89.64,89.6,89.62,460779,0
TLT.US,5,20251113,205500,89.62,89.62,89.54,89.55,636594,0
TLT.US,5,20251113,210000,89.55,89.555,89.51,89.54,666817,0
TLT.US,5,20251113,210500,89.545,89.55,89.53,89.535,206120,0
TLT.US,5,20251113,211000,89.535,89.54,89.51,89.515,687067,0
TLT.US,5,20251113,211500,89.515,89.5155,89.4644,89.465,440604,0
TLT.US,5,20251113,212000,89.465,89.51,89.46,89.51,329636,0
TLT.US,5,20251113,212500,89.505,89.52,89.49,89.4999,438202,0
TLT.US,5,20251113,213000,89.495,89.495,89.47,89.485,268413,0
TLT.US,5,20251113,213500,89.48,89.495,89.47,89.475,291807,0
TLT.US,5,20251113,214000,89.475,89.48,89.45,89.4542,228576,0
TLT.US,5,20251113,214500,89.45,89.465,89.44,89.465,777156,0
TLT.US,5,20251113,215000,89.46,89.48,89.45,89.465,888948,0
TLT.US,5,20251113,215500,89.465,89.47,89.385,89.385,2780474,0
TLT.US,5,20251114,153000,89.79,89.835,89.725,89.7844,722785,0
TLT.US,5,20251114,153500,89.7824,89.7824,89.56,89.585,706049,0
TLT.US,5,20251114,154000,89.5855,89.61,89.54,89.5565,526930,0
TLT.US,5,20251114,154500,89.56,89.575,89.45,89.495,530397,0
TLT.US,5,20251114,155000,89.49,89.49,89.34,89.345,409950,0
TLT.US,5,20251114,155500,89.34,89.385,89.31,89.3199,548136,0
TLT.US,5,20251114,160000,89.3156,89.37,89.2935,89.295,486461,0
TLT.US,5,20251114,160500,89.295,89.32,89.26,89.27,396195,0
TLT.US,5,20251114,161000,89.27,89.31,89.23,89.275,629780,0
TLT.US,5,20251114,161500,89.275,89.305,89.22,89.24,714934,0
TLT.US,5,20251114,162000,89.24,89.255,89.195,89.205,434844,0
TLT.US,5,20251114,162500,89.21,89.22,89.16,89.1701,467243,0
TLT.US,5,20251114,163000,89.175,89.2582,89.155,89.2486,617515,0
TLT.US,5,20251114,163500,89.25,89.26,89.19,89.19,419319,0
TLT.US,5,20251114,164000,89.195,89.235,89.165,89.18,380375,0
TLT.US,5,20251114,164500,89.185,89.24,89.15,89.225,443040,0
TLT.US,5,20251114,165000,89.23,89.235,89.185,89.205,269708,0
TLT.US,5,20251114,165500,89.2,89.23,89.195,89.2,211884,0
TLT.US,5,20251114,170000,89.205,89.2262,89.18,89.22,214142,0
TLT.US,5,20251114,170500,89.22,89.2266,89.165,89.1924,152823,0
TLT.US,5,20251114,171000,89.195,89.195,89.14,89.155,312950,0
TLT.US,5,20251114,171500,89.155,89.16,89.11,89.13,271620,0
TLT.US,5,20251114,172000,89.125,89.14,89.08,89.09,376499,0
TLT.US,5,20251114,172500,89.085,89.115,89.07,89.09,760398,0
TLT.US,5,20251114,173000,89.095,89.1499,89.0807,89.135,408710,0
TLT.US,5,20251114,173500,89.135,89.1353,89.11,89.115,167398,0
TLT.US,5,20251114,174000,89.11,89.12,89.08,89.105,662856,0
TLT.US,5,20251114,174500,89.105,89.14,89.1,89.115,520206,0
TLT.US,5,20251114,175000,89.11,89.1152,89.08,89.0943,214614,0
TLT.US,5,20251114,175500,89.095,89.1,89.04,89.05,290021,0
TLT.US,5,20251114,180000,89.055,89.065,89.005,89.005,177897,0
TLT.US,5,20251114,180500,89.01,89.0155,88.98,88.99,293069,0
TLT.US,5,20251114,181000,88.995,89.01,88.965,88.9856,291701,0
TLT.US,5,20251114,181500,88.985,88.985,88.94,88.945,168044,0
TLT.US,5,20251114,182000,88.94,88.96,88.92,88.955,236692,0
TLT.US,5,20251114,182500,88.95,88.98,88.94,88.96,330907,0
TLT.US,5,20251114,183000,88.955,88.965,88.9041,88.905,470222,0
TLT.US,5,20251114,183500,88.905,88.92,88.8845,88.905,348485,0
TLT.US,5,20251114,184000,88.905,88.91,88.87,88.8975,300949,0
TLT.US,5,20251114,184500,88.895,88.91,88.89,88.895,148071,0
TLT.US,5,20251114,185000,88.891,88.97,88.885,88.9499,521588,0
TLT.US,5,20251114,185500,88.94,88.99,88.94,88.965,398603,0
TLT.US,5,20251114,190000,88.97,89.005,88.96,88.995,396544,0
TLT.US,5,20251114,190500,88.995,89.0051,88.98,88.9901,181791,0
TLT.US,5,20251114,191000,88.995,89.005,88.96,88.965,214867,0
TLT.US,5,20251114,191500,88.965,88.99,88.96,88.975,200290,0
TLT.US,5,20251114,192000,88.975,89.01,88.9699,88.9699,387600,0
TLT.US,5,20251114,192500,88.965,88.98,88.9501,88.955,144772,0
TLT.US,5,20251114,193000,88.9541,88.98,88.95,88.965,191627,0
TLT.US,5,20251114,193500,88.9601,88.97,88.94,88.9558,154807,0
TLT.US,5,20251114,194000,88.95,88.97,88.95,88.965,85887,0
TLT.US,5,20251114,194500,88.965,88.99,88.96,88.985,116825,0
TLT.US,5,20251114,195000,88.98,88.98,88.94,88.9567,342802,0
TLT.US,5,20251114,195500,88.96,88.9763,88.94,88.9704,124138,0
TLT.US,5,20251114,200000,88.975,89,88.97,88.99,229239,0
TLT.US,5,20251114,200500,88.995,89.015,88.98,88.9853,358104,0
TLT.US,5,20251114,201000,88.98,88.99,88.955,88.96,124471,0
TLT.US,5,20251114,201500,88.965,88.975,88.95,88.975,154182,0
TLT.US,5,20251114,202000,88.97,88.98,88.955,88.9599,140779,0
TLT.US,5,20251114,202500,88.955,88.98,88.95,88.965,126599,0
TLT.US,5,20251114,203000,88.96,88.9783,88.95,88.955,214161,0
TLT.US,5,20251114,203500,88.955,88.97,88.94,88.945,126945,0
TLT.US,5,20251114,204000,88.94,88.95,88.93,88.945,121006,0
TLT.US,5,20251114,204500,88.94,88.95,88.935,88.945,340242,0
TLT.US,5,20251114,205000,88.945,88.9599,88.92,88.95,404713,0
TLT.US,5,20251114,205500,88.955,88.96,88.93,88.94,407444,0
TLT.US,5,20251114,210000,88.93,88.94,88.91,88.94,574616,0
TLT.US,5,20251114,210500,88.935,88.95,88.93,88.935,215864,0
TLT.US,5,20251114,211000,88.94,88.96,88.93,88.94,454124,0
TLT.US,5,20251114,211500,88.94,88.94,88.9131,88.935,246042,0
TLT.US,5,20251114,212000,88.935,88.94,88.93,88.94,175166,0
TLT.US,5,20251114,212500,88.94,88.94,88.91,88.915,291439,0
TLT.US,5,20251114,213000,88.915,88.92,88.9,88.905,221585,0
TLT.US,5,20251114,213500,88.9,88.91,88.9,88.905,356533,0
TLT.US,5,20251114,214000,88.905,88.92,88.9,88.915,323295,0
TLT.US,5,20251114,214500,88.92,88.94,88.9,88.94,764204,0
TLT.US,5,20251114,215000,88.93,88.94,88.91,88.92,1013258,0
TLT.US,5,20251114,215500,88.92,88.93,88.87,88.87,6823402,0
TLT.US,5,20251117,153000,89.08,89.105,89,89.055,1072850,0
TLT.US,5,20251117,153500,89.055,89.055,88.98,88.985,674760,0
TLT.US,5,20251117,154000,88.985,89.07,88.98,89.015,352097,0
TLT.US,5,20251117,154500,89.015,89.03,88.994,89.0261,279301,0
TLT.US,5,20251117,155000,89.0201,89.065,89.01,89.0245,252945,0
TLT.US,5,20251117,155500,89.02,89.155,89.02,89.08,490410,0
TLT.US,5,20251117,160000,89.0756,89.115,89.0345,89.05,330824,0
TLT.US,5,20251117,160500,89.05,89.08,89.0244,89.05,249867,0
TLT.US,5,20251117,161000,89.04,89.0572,89.02,89.03,193984,0
TLT.US,5,20251117,161500,89.04,89.12,89.01,89.12,240592,0
TLT.US,5,20251117,162000,89.115,89.12,89.065,89.085,319817,0
TLT.US,5,20251117,162500,89.08,89.095,89.0628,89.0882,232166,0
TLT.US,5,20251117,163000,89.0856,89.175,89.07,89.135,475680,0
TLT.US,5,20251117,163500,89.1328,89.205,89.125,89.2,414938,0
TLT.US,5,20251117,164000,89.2,89.21,89.12,89.12,596471,0
TLT.US,5,20251117,164500,89.1299,89.17,89.12,89.16,570711,0
TLT.US,5,20251117,165000,89.1601,89.2063,89.1428,89.15,264770,0
TLT.US,5,20251117,165500,89.155,89.17,89.14,89.1408,153733,0
TLT.US,5,20251117,170000,89.14,89.165,89.12,89.1435,300793,0
TLT.US,5,20251117,170500,89.145,89.21,89.14,89.21,180835,0
TLT.US,5,20251117,171000,89.21,89.21,89.145,89.175,307393,0
TLT.US,5,20251117,171500,89.175,89.235,89.175,89.215,117953,0
TLT.US,5,20251117,172000,89.215,89.26,89.2,89.2501,163902,0
TLT.US,5,20251117,172500,89.255,89.265,89.19,89.19,138371,0
TLT.US,5,20251117,173000,89.2,89.2499,89.19,89.245,142238,0
TLT.US,5,20251117,173500,89.245,89.2884,89.245,89.275,144261,0
TLT.US,5,20251117,174000,89.275,89.3,89.25,89.26,200087,0
TLT.US,5,20251117,174500,89.265,89.28,89.25,89.28,229227,0
TLT.US,5,20251117,175000,89.28,89.3,89.245,89.28,231690,0
TLT.US,5,20251117,175500,89.2825,89.29,89.27,89.28,105248,0
TLT.US,5,20251117,180000,89.28,89.28,89.25,89.26,124577,0
TLT.US,5,20251117,180500,89.25,89.27,89.2343,89.26,160475,0
TLT.US,5,20251117,181000,89.26,89.29,89.255,89.27,215914,0
TLT.US,5,20251117,181500,89.265,89.29,89.2623,89.2791,129245,0
TLT.US,5,20251117,182000,89.28,89.28,89.195,89.195,182755,0
TLT.US,5,20251117,182500,89.19,89.2,89.16,89.16,99314,0
TLT.US,5,20251117,183000,89.165,89.179,89.13,89.13,233336,0
TLT.US,5,20251117,183500,89.135,89.175,89.12,89.175,230971,0
TLT.US,5,20251117,184000,89.175,89.2,89.17,89.185,107829,0
TLT.US,5,20251117,184500,89.185,89.2,89.145,89.15,133901,0
TLT.US,5,20251117,185000,89.14,89.155,89.13,89.1399,51688,0
TLT.US,5,20251117,185500,89.14,89.16,89.11,89.15,160728,0
TLT.US,5,20251117,190000,89.15,89.17,89.13,89.13,72054,0
TLT.US,5,20251117,190500,89.13,89.15,89.1047,89.14,198923,0
TLT.US,5,20251117,191000,89.14,89.175,89.1201,89.17,72434,0
TLT.US,5,20251117,191500,89.175,89.19,89.17,89.18,41697,0
TLT.US,5,20251117,192000,89.175,89.175,89.1,89.125,287404,0
TLT.US,5,20251117,192500,89.125,89.165,89.1245,89.155,226421,0
TLT.US,5,20251117,193000,89.155,89.1585,89.14,89.1503,163422,0
TLT.US,5,20251117,193500,89.156,89.16,89.14,89.14,68049,0
TLT.US,5,20251117,194000,89.145,89.15,89.12,89.135,264175,0
TLT.US,5,20251117,194500,89.135,89.15,89.135,89.145,40991,0
TLT.US,5,20251117,195000,89.1457,89.17,89.14,89.16,155037,0
TLT.US,5,20251117,195500,89.16,89.1862,89.15,89.15,146774,0
TLT.US,5,20251117,200000,89.145,89.1499,89.065,89.065,182787,0
TLT.US,5,20251117,200500,89.065,89.11,89.06,89.0972,156042,0
TLT.US,5,20251117,201000,89.0923,89.105,89.075,89.105,135627,0
TLT.US,5,20251117,201500,89.1,89.1299,89.09,89.11,76644,0
TLT.US,5,20251117,202000,89.1,89.12,89.085,89.12,90930,0
TLT.US,5,20251117,202500,89.1182,89.12,89.085,89.09,107620,0
TLT.US,5,20251117,203000,89.09,89.1,89.07,89.085,150299,0
TLT.US,5,20251117,203500,89.09,89.09,89.07,89.09,261489,0
TLT.US,5,20251117,204000,89.0855,89.12,89.0835,89.12,118515,0
TLT.US,5,20251117,204500,89.1125,89.15,89.1125,89.145,95741,0
TLT.US,5,20251117,205000,89.1433,89.16,89.14,89.1451,121432,0
TLT.US,5,20251117,205500,89.14,89.14,89.095,89.0985,280315,0
TLT.US,5,20251117,210000,89.1,89.1,89.045,89.055,137353,0
TLT.US,5,20251117,210500,89.06,89.0659,89.0201,89.045,165286,0
TLT.US,5,20251117,211000,89.05,89.06,89.0301,89.055,91052,0
TLT.US,5,20251117,211500,89.05,89.09,89.05,89.08,176627,0
TLT.US,5,20251117,212000,89.08,89.0867,89.065,89.07,106276,0
TLT.US,5,20251117,212500,89.07,89.15,89.055,89.15,415392,0
TLT.US,5,20251117,213000,89.16,89.16,89.12,89.145,444257,0
TLT.US,5,20251117,213500,89.15,89.17,89.135,89.14,186916,0
TLT.US,5,20251117,214000,89.135,89.14,89.09,89.115,605159,0
TLT.US,5,20251117,214500,89.1165,89.135,89.075,89.0855,262649,0
TLT.US,5,20251117,215000,89.08,89.13,89.075,89.12,424044,0
TLT.US,5,20251117,215500,89.125,89.125,89.075,89.105,1126110,0
TLT.US,5,20251118,153000,89.35,89.37,89.225,89.32,750428,0
TLT.US,5,20251118,153500,89.315,89.345,89.28,89.315,453466,0
TLT.US,5,20251118,154000,89.315,89.36,89.27,89.345,270579,0
TLT.US,5,20251118,154500,89.35,89.36,89.29,89.305,510050,0
TLT.US,5,20251118,155000,89.305,89.405,89.305,89.395,327068,0
TLT.US,5,20251118,155500,89.39,89.4254,89.265,89.29,1205339,0
TLT.US,5,20251118,160000,89.29,89.45,89.28,89.44,714990,0
TLT.US,5,20251118,160500,89.445,89.445,89.2301,89.285,1132188,0
TLT.US,5,20251118,161000,89.29,89.34,89.2624,89.3,638864,0
TLT.US,5,20251118,161500,89.295,89.3857,89.295,89.355,264635,0
TLT.US,5,20251118,162000,89.3501,89.3597,89.215,89.2685,1234632,0
TLT.US,5,20251118,162500,89.26,89.3,89.2201,89.28,366938,0
TLT.US,5,20251118,163000,89.275,89.3201,89.25,89.2955,504348,0
TLT.US,5,20251118,163500,89.295,89.34,89.2801,89.3142,249855,0
TLT.US,5,20251118,164000,89.31,89.3455,89.2818,89.33,300488,0
TLT.US,5,20251118,164500,89.3352,89.3475,89.32,89.3261,147197,0
TLT.US,5,20251118,165000,89.33,89.355,89.27,89.275,242128,0
TLT.US,5,20251118,165500,89.2701,89.275,89.21,89.24,230984,0
TLT.US,5,20251118,170000,89.245,89.275,89.2201,89.2548,288340,0
TLT.US,5,20251118,170500,89.255,89.2555,89.15,89.15,378762,0
TLT.US,5,20251118,171000,89.15,89.1509,89.07,89.0983,504663,0
TLT.US,5,20251118,171500,89.095,89.14,89.06,89.06,397536,0
TLT.US,5,20251118,172000,89.065,89.075,89.025,89.045,282481,0
TLT.US,5,20251118,172500,89.05,89.0619,89.025,89.035,184683,0
TLT.US,5,20251118,173000,89.035,89.035,88.94,88.965,363154,0
TLT.US,5,20251118,173500,88.965,88.98,88.93,88.98,261229,0
TLT.US,5,20251118,174000,88.98,89.02,88.96,89.01,437172,0
TLT.US,5,20251118,174500,89.005,89.055,89,89.05,357464,0
TLT.US,5,20251118,175000,89.055,89.07,89.035,89.045,147373,0
TLT.US,5,20251118,175500,89.0499,89.065,89.03,89.04,186792,0
TLT.US,5,20251118,180000,89.035,89.045,89.0203,89.04,150745,0
TLT.US,5,20251118,180500,89.045,89.05,89.03,89.035,143215,0
TLT.US,5,20251118,181000,89.0336,89.05,89.01,89.045,131012,0
TLT.US,5,20251118,181500,89.04,89.05,89.01,89.01,131013,0
TLT.US,5,20251118,182000,89.01,89.0154,88.9356,88.945,246518,0
TLT.US,5,20251118,182500,88.946,88.9858,88.94,88.965,132488,0
TLT.US,5,20251118,183000,88.961,88.97,88.95,88.965,111837,0
TLT.US,5,20251118,183500,88.965,88.965,88.87,88.88,236099,0
TLT.US,5,20251118,184000,88.87,88.88,88.86,88.87,413315,0
TLT.US,5,20251118,184500,88.875,88.915,88.87,88.87,217932,0
TLT.US,5,20251118,185000,88.871,88.8969,88.86,88.87,675549,0
TLT.US,5,20251118,185500,88.87,88.88,88.8542,88.8701,207165,0
TLT.US,5,20251118,190000,88.87,88.8742,88.84,88.865,309210,0
TLT.US,5,20251118,190500,88.86,88.8653,88.8,88.81,920000,0
TLT.US,5,20251118,191000,88.81,88.825,88.8,88.8155,144332,0
TLT.US,5,20251118,191500,88.815,88.85,88.81,88.831,112046,0
TLT.US,5,20251118,192000,88.83,88.85,88.82,88.835,174318,0
TLT.US,5,20251118,192500,88.83,88.86,88.82,88.8599,493603,0
TLT.US,5,20251118,193000,88.86,88.89,88.845,88.875,354755,0
TLT.US,5,20251118,193500,88.8762,88.91,88.86,88.905,151446,0
TLT.US,5,20251118,194000,88.905,88.91,88.86,88.9,155112,0
TLT.US,5,20251118,194500,88.91,88.91,88.88,88.905,152320,0
TLT.US,5,20251118,195000,88.91,88.91,88.89,88.905,109264,0
TLT.US,5,20251118,195500,88.905,88.94,88.905,88.93,227074,0
TLT.US,5,20251118,200000,88.935,88.96,88.92,88.955,252722,0
TLT.US,5,20251118,200500,88.955,88.9599,88.94,88.9401,81976,0
TLT.US,5,20251118,201000,88.94,88.965,88.94,88.9501,145898,0
TLT.US,5,20251118,201500,88.955,88.99,88.955,88.98,96476,0
TLT.US,5,20251118,202000,88.975,89,88.975,88.995,90226,0
TLT.US,5,20251118,202500,88.995,89.015,88.9948,88.995,99499,0
TLT.US,5,20251118,203000,89,89.03,88.995,89.02,91915,0
TLT.US,5,20251118,203500,89.015,89.02,88.99,89.005,130890,0
TLT.US,5,20251118,204000,89,89.02,88.985,89.005,127218,0
TLT.US,5,20251118,204500,89.01,89.03,89.0045,89.0101,75615,0
TLT.US,5,20251118,205000,89.01,89.05,89.01,89.04,93079,0
TLT.US,5,20251118,205500,89.03,89.035,89.005,89.025,341427,0
TLT.US,5,20251118,210000,89.025,89.03,88.95,88.955,444088,0
TLT.US,5,20251118,210500,88.9503,88.99,88.95,88.975,184071,0
TLT.US,5,20251118,211000,88.975,88.99,88.9714,88.982,134764,0
TLT.US,5,20251118,211500,88.985,89,88.975,88.995,133339,0
TLT.US,5,20251118,212000,88.9907,89,88.99,88.9999,76998,0
TLT.US,5,20251118,212500,89,89.0182,88.99,88.995,223147,0
TLT.US,5,20251118,213000,88.995,89.02,88.98,88.98,388469,0
TLT.US,5,20251118,213500,88.98,89,88.98,88.9885,97832,0
TLT.US,5,20251118,214000,88.9826,89.01,88.98,88.995,244412,0
TLT.US,5,20251118,214500,88.99,89.025,88.99,89.02,239420,0
TLT.US,5,20251118,215000,89.025,89.05,88.99,89.03,443919,0
TLT.US,5,20251118,215500,89.035,89.08,89.03,89.06,2250701,0
TLT.US,5,20251119,153000,89.225,89.31,89.21,89.28,368398,0
TLT.US,5,20251119,153500,89.275,89.28,89.2,89.2001,273403,0
TLT.US,5,20251119,154000,89.2,89.23,89.19,89.2007,215490,0
TLT.US,5,20251119,154500,89.2,89.2,89.135,89.14,181792,0
TLT.US,5,20251119,155000,89.145,89.17,89.08,89.095,322814,0
TLT.US,5,20251119,155500,89.1,89.105,89.01,89.03,393881,0
TLT.US,5,20251119,160000,89.03,89.04,88.945,88.955,232108,0
TLT.US,5,20251119,160500,88.96,88.96,88.865,88.88,426857,0
TLT.US,5,20251119,161000,88.88,88.94,88.85,88.94,396232,0
TLT.US,5,20251119,161500,88.93,88.965,88.91,88.9486,219973,0
TLT.US,5,20251119,162000,88.94,88.96,88.91,88.9465,307539,0
TLT.US,5,20251119,162500,88.945,88.97,88.93,88.95,282990,0
TLT.US,5,20251119,163000,88.96,88.9626,88.9,88.915,381445,0
TLT.US,5,20251119,163500,88.91,88.95,88.91,88.93,158990,0
TLT.US,5,20251119,164000,88.931,88.94,88.91,88.92,115089,0
TLT.US,5,20251119,164500,88.915,88.9587,88.905,88.95,286497,0
TLT.US,5,20251119,165000,88.955,89.02,88.95,89.005,321170,0
TLT.US,5,20251119,165500,89.005,89.06,89,89.055,174324,0
TLT.US,5,20251119,170000,89.06,89.0636,89.01,89.04,253851,0
TLT.US,5,20251119,170500,89.03,89.06,89.03,89.05,87145,0
TLT.US,5,20251119,171000,89.05,89.0752,89.0238,89.065,234857,0
TLT.US,5,20251119,171500,89.0655,89.07,89.045,89.0526,198021,0
TLT.US,5,20251119,172000,89.0524,89.1,89.035,89.095,263177,0
TLT.US,5,20251119,172500,89.09,89.13,89.085,89.1152,325280,0
TLT.US,5,20251119,173000,89.115,89.16,89.105,89.125,118438,0
TLT.US,5,20251119,173500,89.13,89.19,89.13,89.185,107779,0
TLT.US,5,20251119,174000,89.185,89.265,89.185,89.255,295418,0
TLT.US,5,20251119,174500,89.26,89.26,89.2,89.235,224735,0
TLT.US,5,20251119,175000,89.2301,89.27,89.23,89.2599,233634,0
TLT.US,5,20251119,175500,89.26,89.26,89.18,89.21,676269,0
TLT.US,5,20251119,180000,89.215,89.27,89.215,89.2685,207948,0
TLT.US,5,20251119,180500,89.26,89.2661,89.23,89.2603,174073,0
TLT.US,5,20251119,181000,89.26,89.27,89.24,89.24,63226,0
TLT.US,5,20251119,181500,89.24,89.25,89.22,89.225,113061,0
TLT.US,5,20251119,182000,89.23,89.23,89.1501,89.2,214695,0
TLT.US,5,20251119,182500,89.2,89.205,89.18,89.195,140603,0
TLT.US,5,20251119,183000,89.195,89.21,89.16,89.2,239575,0
TLT.US,5,20251119,183500,89.195,89.21,89.165,89.1802,183366,0
TLT.US,5,20251119,184000,89.18,89.1952,89.145,89.15,129361,0
TLT.US,5,20251119,184500,89.155,89.155,89.1,89.125,295054,0
TLT.US,5,20251119,185000,89.1208,89.135,89.1,89.125,406335,0
TLT.US,5,20251119,185500,89.13,89.165,89.12,89.145,310916,0
TLT.US,5,20251119,190000,89.15,89.17,89.11,89.16,272416,0
TLT.US,5,20251119,190500,89.16,89.18,89.14,89.155,232376,0
TLT.US,5,20251119,191000,89.15,89.17,89.14,89.145,174581,0
TLT.US,5,20251119,191500,89.14,89.16,89.1344,89.145,163645,0
TLT.US,5,20251119,192000,89.14,89.15,89.12,89.135,192000,0
TLT.US,5,20251119,192500,89.14,89.1799,89.14,89.17,197532,0
TLT.US,5,20251119,193000,89.17,89.22,89.17,89.195,188612,0
TLT.US,5,20251119,193500,89.195,89.1975,89.16,89.19,213789,0
TLT.US,5,20251119,194000,89.19,89.24,89.1849,89.235,201531,0
TLT.US,5,20251119,194500,89.24,89.26,89.22,89.255,191211,0
TLT.US,5,20251119,195000,89.255,89.2553,89.2,89.21,254137,0
TLT.US,5,20251119,195500,89.21,89.215,89.18,89.18,108530,0
TLT.US,5,20251119,200000,89.17,89.195,89.055,89.17,534134,0
TLT.US,5,20251119,200500,89.18,89.21,89.165,89.1943,145712,0
TLT.US,5,20251119,201000,89.2,89.215,89.18,89.185,163376,0
TLT.US,5,20251119,201500,89.185,89.2,89.15,89.1665,71458,0
TLT.US,5,20251119,202000,89.17,89.175,89.105,89.11,126256,0
TLT.US,5,20251119,202500,89.115,89.13,89.0998,89.1,87072,0
TLT.US,5,20251119,203000,89.105,89.1301,89.08,89.11,113032,0
TLT.US,5,20251119,203500,89.11,89.115,89.0301,89.035,93608,0
TLT.US,5,20251119,204000,89.03,89.04,88.96,88.97,166453,0
TLT.US,5,20251119,204500,88.9699,88.97,88.92,88.93,412362,0
TLT.US,5,20251119,205000,88.93,88.95,88.9127,88.9127,210601,0
TLT.US,5,20251119,205500,88.915,88.9155,88.855,88.9,318616,0
TLT.US,5,20251119,210000,88.9,88.9,88.87,88.89,281516,0
TLT.US,5,20251119,210500,88.89,88.9,88.86,88.87,280208,0
TLT.US,5,20251119,211000,88.87,88.9099,88.86,88.8963,137107,0
TLT.US,5,20251119,211500,88.895,88.91,88.89,88.895,133023,0
TLT.US,5,20251119,212000,88.9,88.9,88.87,88.875,199237,0
TLT.US,5,20251119,212500,88.875,88.90739,88.8735,88.9,233312,0
TLT.US,5,20251119,213000,88.9,88.905,88.87,88.875,211197,0
TLT.US,5,20251119,213500,88.875,88.91,88.87,88.905,473311,0
TLT.US,5,20251119,214000,88.9,88.92,88.89,88.915,202021,0
TLT.US,5,20251119,214500,88.915,88.9199,88.8712,88.885,251795,0
TLT.US,5,20251119,215000,88.88,88.9,88.87,88.885,465597,0
TLT.US,5,20251119,215500,88.885,88.92,88.88,88.91,1761014,0
TLT.US,5,20251120,153000,88.99,89.1,88.985,89.057,524497,0
TLT.US,5,20251120,153500,89.055,89.135,89.015,89.02,485630,0
TLT.US,5,20251120,154000,89.0228,89.105,89.02,89.07,599369,0
TLT.US,5,20251120,154500,89.07,89.115,89.035,89.115,465489,0
TLT.US,5,20251120,155000,89.114,89.145,89.0544,89.14,309922,0
TLT.US,5,20251120,155500,89.14,89.15,89.1,89.1303,309841,0
TLT.US,5,20251120,160000,89.13,89.155,89.105,89.105,279936,0
TLT.US,5,20251120,160500,89.11,89.18,89.1002,89.18,329111,0
TLT.US,5,20251120,161000,89.17,89.18,89.07,89.09,405004,0
TLT.US,5,20251120,161500,89.095,89.14,89.085,89.1,311061,0
TLT.US,5,20251120,162000,89.095,89.14,89.07,89.105,289148,0
TLT.US,5,20251120,162500,89.105,89.18,89.105,89.16,202792,0
TLT.US,5,20251120,163000,89.1601,89.1601,89.085,89.09,164246,0
TLT.US,5,20251120,163500,89.085,89.1459,89.0701,89.13,167784,0
TLT.US,5,20251120,164000,89.14,89.17,89.115,89.14,124608,0
TLT.US,5,20251120,164500,89.15,89.1578,89.03,89.1,269123,0
TLT.US,5,20251120,165000,89.09,89.125,89.0745,89.1182,236078,0
TLT.US,5,20251120,165500,89.12,89.2,89.12,89.2,561053,0
TLT.US,5,20251120,170000,89.2,89.295,89.2,89.28,483448,0
TLT.US,5,20251120,170500,89.275,89.34,89.25,89.295,374361,0
TLT.US,5,20251120,171000,89.29,89.36,89.28,89.345,317495,0
TLT.US,5,20251120,171500,89.345,89.41,89.3401,89.36,416778,0
TLT.US,5,20251120,172000,89.36,89.42,89.32,89.36,380902,0
TLT.US,5,20251120,172500,89.35,89.36,89.28,89.305,266211,0
TLT.US,5,20251120,173000,89.31,89.32,89.27,89.31,231469,0
TLT.US,5,20251120,173500,89.32,89.3258,89.24,89.2435,292056,0
TLT.US,5,20251120,174000,89.24,89.28,89.23,89.26,411237,0
TLT.US,5,20251120,174500,89.265,89.2655,89.21,89.23,170820,0
TLT.US,5,20251120,175000,89.23,89.24,89.185,89.23,160984,0
TLT.US,5,20251120,175500,89.2397,89.26,89.2029,89.25,318211,0
TLT.US,5,20251120,180000,89.25,89.26,89.19,89.2165,244774,0
TLT.US,5,20251120,180500,89.21,89.23,89.18,89.23,204202,0
TLT.US,5,20251120,181000,89.23,89.34,89.22,89.326,196256,0
TLT.US,5,20251120,181500,89.32,89.355,89.31,89.35,384129,0
TLT.US,5,20251120,182000,89.3501,89.415,89.35,89.4,360139,0
TLT.US,5,20251120,182500,89.395,89.4,89.355,89.3601,371602,0
TLT.US,5,20251120,183000,89.37,89.382,89.35,89.37,215647,0
TLT.US,5,20251120,183500,89.37,89.385,89.3245,89.3301,196709,0
TLT.US,5,20251120,184000,89.34,89.34,89.265,89.31,266457,0
TLT.US,5,20251120,184500,89.31,89.335,89.2801,89.29,217064,0
TLT.US,5,20251120,185000,89.29,89.3,89.255,89.285,220349,0
TLT.US,5,20251120,185500,89.29,89.29,89.23,89.23,117148,0
TLT.US,5,20251120,190000,89.23,89.24,89.1839,89.19,286386,0
TLT.US,5,20251120,190500,89.2,89.21,89.135,89.145,232473,0
TLT.US,5,20251120,191000,89.14,89.14,89.09,89.09,158647,0
TLT.US,5,20251120,191500,89.09,89.12,89.07,89.1159,388293,0
TLT.US,5,20251120,192000,89.11,89.15,89.1,89.15,301857,0
TLT.US,5,20251120,192500,89.15,89.155,89.12,89.14,132419,0
TLT.US,5,20251120,193000,89.1448,89.16,89.13,89.135,162287,0
TLT.US,5,20251120,193500,89.14,89.1865,89.14,89.18,107426,0
TLT.US,5,20251120,194000,89.19,89.21,89.19,89.21,74190,0
TLT.US,5,20251120,194500,89.21,89.24,89.195,89.235,140275,0
TLT.US,5,20251120,195000,89.23,89.265,89.21,89.2373,297987,0
TLT.US,5,20251120,195500,89.24,89.29,89.2315,89.285,114539,0
TLT.US,5,20251120,200000,89.285,89.3399,89.26,89.2801,442690,0
TLT.US,5,20251120,200500,89.28,89.28,89.2532,89.265,123347,0
TLT.US,5,20251120,201000,89.26,89.29,89.25,89.26,115842,0
TLT.US,5,20251120,201500,89.255,89.275,89.235,89.2435,92425,0
TLT.US,5,20251120,202000,89.245,89.245,89.205,89.24,127138,0
TLT.US,5,20251120,202500,89.24,89.2401,89.19,89.215,123786,0
TLT.US,5,20251120,203000,89.215,89.23,89.2,89.215,84708,0
TLT.US,5,20251120,203500,89.21,89.21,89.185,89.2,114719,0
TLT.US,5,20251120,204000,89.205,89.24,89.2,89.21722,243010,0
TLT.US,5,20251120,204500,89.215,89.26,89.21,89.2309,137661,0
TLT.US,5,20251120,205000,89.23,89.23,89.2,89.2131,137320,0
TLT.US,5,20251120,205500,89.21,89.21,89.175,89.195,258207,0
TLT.US,5,20251120,210000,89.195,89.235,89.19,89.21,319657,0
TLT.US,5,20251120,210500,89.21,89.21,89.18,89.18,123664,0
TLT.US,5,20251120,211000,89.185,89.21,89.18,89.2,134011,0
TLT.US,5,20251120,211500,89.205,89.21,89.18,89.21,104399,0
TLT.US,5,20251120,212000,89.2,89.225,89.2,89.215,129257,0
TLT.US,5,20251120,212500,89.21,89.245,89.21,89.22,183859,0
TLT.US,5,20251120,213000,89.225,89.25,89.21,89.24,183319,0
TLT.US,5,20251120,213500,89.24,89.29,89.2301,89.28,343307,0
TLT.US,5,20251120,214000,89.28,89.32,89.2701,89.285,399038,0
TLT.US,5,20251120,214500,89.285,89.29,89.27,89.285,722861,0
TLT.US,5,20251120,215000,89.28,89.29,89.26,89.28,1212684,0
TLT.US,5,20251120,215500,89.275,89.28,89.23,89.24,2998970,0
TLT.US,5,20251121,153000,89.65,89.67,89.51,89.53,842234,0
TLT.US,5,20251121,153500,89.53,89.545,89.45,89.49,609916,0
TLT.US,5,20251121,154000,89.5,89.5,89.44,89.465,654973,0
TLT.US,5,20251121,154500,89.46,89.58,89.44,89.55,622499,0
TLT.US,5,20251121,155000,89.545,89.56,89.485,89.5001,357338,0
TLT.US,5,20251121,155500,89.505,89.53,89.43,89.455,384049,0
TLT.US,5,20251121,160000,89.45,89.53,89.45,89.525,421994,0
TLT.US,5,20251121,160500,89.52,89.56,89.4743,89.505,596666,0
TLT.US,5,20251121,161000,89.505,89.53,89.485,89.51,407511,0
TLT.US,5,20251121,161500,89.515,89.56,89.4935,89.5085,428847,0
TLT.US,5,20251121,162000,89.505,89.605,89.505,89.541,665908,0
TLT.US,5,20251121,162500,89.54,89.55,89.48,89.535,531104,0
TLT.US,5,20251121,163000,89.54,89.56,89.485,89.5225,457085,0
TLT.US,5,20251121,163500,89.53,89.58,89.52,89.57,249860,0
TLT.US,5,20251121,164000,89.575,89.63,89.52,89.53,600837,0
TLT.US,5,20251121,164500,89.54,89.565,89.38,89.405,654950,0
TLT.US,5,20251121,165000,89.41,89.44,89.365,89.375,712764,0
TLT.US,5,20251121,165500,89.375,89.4051,89.36,89.38,479186,0
TLT.US,5,20251121,170000,89.39,89.495,89.36,89.48,409848,0
TLT.US,5,20251121,170500,89.485,89.52,89.45,89.455,580196,0
TLT.US,5,20251121,171000,89.45,89.45,89.385,89.397,368170,0
TLT.US,5,20251121,171500,89.395,89.4476,89.36,89.435,251699,0
TLT.US,5,20251121,172000,89.4384,89.44,89.335,89.34,485605,0
TLT.US,5,20251121,172500,89.34,89.36,89.33,89.3502,211988,0
TLT.US,5,20251121,173000,89.355,89.38,89.345,89.35,234369,0
TLT.US,5,20251121,173500,89.35,89.355,89.31,89.31,319491,0
TLT.US,5,20251121,174000,89.32,89.34,89.3,89.305,450084,0
TLT.US,5,20251121,174500,89.3,89.375,89.3,89.355,644046,0
TLT.US,5,20251121,175000,89.355,89.3756,89.35,89.355,268110,0
TLT.US,5,20251121,175500,89.35,89.378,89.33,89.34,527172,0
TLT.US,5,20251121,180000,89.34,89.37,89.31,89.31,756192,0
TLT.US,5,20251121,180500,89.31,89.3299,89.29,89.303,200783,0
TLT.US,5,20251121,181000,89.3,89.3199,89.29,89.29,174277,0
TLT.US,5,20251121,181500,89.3,89.31,89.28,89.28,143196,0
TLT.US,5,20251121,182000,89.29,89.315,89.2601,89.285,274142,0
TLT.US,5,20251121,182500,89.2825,89.28767,89.21,89.225,425258,0
TLT.US,5,20251121,183000,89.23,89.245,89.195,89.235,523074,0
TLT.US,5,20251121,183500,89.24,89.24,89.21,89.224,399524,0
TLT.US,5,20251121,184000,89.225,89.24,89.195,89.215,184433,0
TLT.US,5,20251121,184500,89.215,89.28,89.21,89.265,334610,0
TLT.US,5,20251121,185000,89.2623,89.305,89.26,89.29,200197,0
TLT.US,5,20251121,185500,89.29,89.3,89.28,89.285,60256,0
TLT.US,5,20251121,190000,89.285,89.33,89.275,89.33,111478,0
TLT.US,5,20251121,190500,89.335,89.345,89.305,89.3101,178714,0
TLT.US,5,20251121,191000,89.31,89.33,89.3,89.32,138559,0
TLT.US,5,20251121,191500,89.325,89.36,89.32,89.34,277281,0
TLT.US,5,20251121,192000,89.33,89.36,89.32,89.355,232850,0
TLT.US,5,20251121,192500,89.355,89.405,89.351,89.3981,448056,0
TLT.US,5,20251121,193000,89.4,89.405,89.375,89.385,199865,0
TLT.US,5,20251121,193500,89.385,89.385,89.35,89.35,279579,0
TLT.US,5,20251121,194000,89.35,89.37,89.31,89.32,258377,0
TLT.US,5,20251121,194500,89.315,89.36,89.28,89.28,382325,0
TLT.US,5,20251121,195000,89.28,89.305,89.255,89.28,204085,0
TLT.US,5,20251121,195500,89.28,89.31,89.275,89.3099,138400,0
TLT.US,5,20251121,200000,89.305,89.33,89.285,89.3151,198901,0
TLT.US,5,20251121,200500,89.315,89.34,89.3,89.31,93809,0
TLT.US,5,20251121,201000,89.305,89.34,89.3,89.33,164191,0
TLT.US,5,20251121,201500,89.335,89.345,89.31,89.345,366426,0
TLT.US,5,20251121,202000,89.34,89.3757,89.3342,89.37,106677,0
TLT.US,5,20251121,202500,89.3718,89.38,89.35,89.365,135762,0
TLT.US,5,20251121,203000,89.36,89.405,89.3501,89.405,132487,0
TLT.US,5,20251121,203500,89.4,89.44,89.39,89.435,204523,0
TLT.US,5,20251121,204000,89.43,89.46,89.425,89.455,98316,0
TLT.US,5,20251121,204500,89.455,89.48,89.45,89.465,305627,0
TLT.US,5,20251121,205000,89.4675,89.47,89.445,89.465,218826,0
TLT.US,5,20251121,205500,89.47,89.47,89.4248,89.46,290093,0
TLT.US,5,20251121,210000,89.46,89.4798,89.44,89.445,278150,0
TLT.US,5,20251121,210500,89.445,89.45,89.43,89.45,86008,0
TLT.US,5,20251121,211000,89.45,89.46,89.44,89.455,180455,0
TLT.US,5,20251121,211500,89.455,89.46,89.44,89.455,145549,0
TLT.US,5,20251121,212000,89.4501,89.48,89.45,89.4702,125425,0
TLT.US,5,20251121,212500,89.47,89.47,89.44,89.45,189016,0
TLT.US,5,20251121,213000,89.455,89.47,89.43,89.435,337521,0
TLT.US,5,20251121,213500,89.4306,89.47,89.43,89.46,223174,0
TLT.US,5,20251121,214000,89.47,89.4799,89.45,89.465,280020,0
TLT.US,5,20251121,214500,89.465,89.48,89.45,89.4552,200668,0
TLT.US,5,20251121,215000,89.455,89.49,89.455,89.48,673258,0
TLT.US,5,20251121,215500,89.485,89.5,89.47,89.49,3172892,0
TLT.US,5,20251124,153000,89.95,89.955,89.865,89.87,812943,0
TLT.US,5,20251124,153500,89.86,89.9,89.845,89.89,578118,0
TLT.US,5,20251124,154000,89.895,89.94,89.885,89.9399,655707,0
TLT.US,5,20251124,154500,89.93,89.9765,89.905,89.965,476655,0
TLT.US,5,20251124,155000,89.965,89.975,89.91,89.93,528320,0
TLT.US,5,20251124,155500,89.925,89.95,89.92,89.925,364869,0
TLT.US,5,20251124,160000,89.92,89.92,89.79,89.81,963461,0
TLT.US,5,20251124,160500,89.815,89.84,89.79,89.84,571221,0
TLT.US,5,20251124,161000,89.84,89.87,89.81,89.84,425992,0
TLT.US,5,20251124,161500,89.84,89.85,89.785,89.8247,337949,0
TLT.US,5,20251124,162000,89.825,89.855,89.82,89.85,158899,0
TLT.US,5,20251124,162500,89.85,89.87,89.83,89.86,286463,0
TLT.US,5,20251124,163000,89.86,89.875,89.83,89.8414,629818,0
TLT.US,5,20251124,163500,89.845,89.86,89.82,89.845,341038,0
TLT.US,5,20251124,164000,89.84,89.85,89.82,89.835,213529,0
TLT.US,5,20251124,164500,89.8301,89.885,89.82,89.87,184063,0
TLT.US,5,20251124,165000,89.87,89.9,89.87,89.8718,121370,0
TLT.US,5,20251124,165500,89.875,89.8901,89.85,89.855,137731,0
TLT.US,5,20251124,170000,89.85,89.855,89.79,89.795,326534,0
TLT.US,5,20251124,170500,89.795,89.82,89.7801,89.81,375785,0
TLT.US,5,20251124,171000,89.8166,89.8352,89.8,89.835,237622,0
TLT.US,5,20251124,171500,89.83,89.87,89.83,89.855,158952,0
TLT.US,5,20251124,172000,89.855,89.86,89.825,89.84,94782,0
TLT.US,5,20251124,172500,89.835,89.86,89.815,89.86,281291,0
TLT.US,5,20251124,173000,89.855,89.875,89.85,89.86,69321,0
TLT.US,5,20251124,173500,89.86,89.88,89.84,89.85,200973,0
TLT.US,5,20251124,174000,89.855,89.88,89.845,89.88,95776,0
TLT.US,5,20251124,174500,89.8746,89.89,89.86,89.865,125456,0
TLT.US,5,20251124,175000,89.865,89.87,89.845,89.855,183662,0
TLT.US,5,20251124,175500,89.86,89.88,89.86,89.8702,200092,0
TLT.US,5,20251124,180000,89.8745,89.91,89.8745,89.905,127559,0
TLT.US,5,20251124,180500,89.905,89.94,89.905,89.915,210374,0
TLT.US,5,20251124,181000,89.91,89.935,89.89,89.93,254101,0
TLT.US,5,20251124,181500,89.93,89.93,89.895,89.91,186930,0
TLT.US,5,20251124,182000,89.9018,89.935,89.9,89.935,115830,0
TLT.US,5,20251124,182500,89.93,89.9865,89.93,89.985,256964,0
TLT.US,5,20251124,183000,89.98,89.985,89.955,89.97,367521,0
TLT.US,5,20251124,183500,89.97,90,89.96,89.995,279951,0
TLT.US,5,20251124,184000,89.995,90.01,89.97,89.99,393769,0
TLT.US,5,20251124,184500,89.98,90.02,89.98,90.015,192306,0
TLT.US,5,20251124,185000,90.015,90.03,90,90.02,312832,0
TLT.US,5,20251124,185500,90.02,90.02,89.99,89.9999,215990,0
TLT.US,5,20251124,190000,89.995,90.01,89.975,89.99,159391,0
TLT.US,5,20251124,190500,89.99,89.995,89.965,89.985,125312,0
TLT.US,5,20251124,191000,89.9899,89.99,89.965,89.98,142107,0
TLT.US,5,20251124,191500,89.975,89.99,89.97,89.98,70624,0
TLT.US,5,20251124,192000,89.98,90,89.945,89.985,580915,0
TLT.US,5,20251124,192500,89.985,90.005,89.985,89.995,214164,0
TLT.US,5,20251124,193000,89.995,90.02,89.98,90.015,181231,0
TLT.US,5,20251124,193500,90.015,90.02,89.99,90.005,80776,0
TLT.US,5,20251124,194000,90.0099,90.04,90.005,90.0201,174639,0
TLT.US,5,20251124,194500,90.03,90.05,90.01,90.03,195434,0
TLT.US,5,20251124,195000,90.02,90.035,90.02,90.035,71981,0
TLT.US,5,20251124,195500,90.03,90.05,90.03,90.045,498277,0
TLT.US,5,20251124,200000,90.045,90.05,90,90.01,411293,0
TLT.US,5,20251124,200500,90.011,90.06,90.011,90.06,411811,0
TLT.US,5,20251124,201000,90.06,90.06,90.03,90.045,174256,0
TLT.US,5,20251124,201500,90.045,90.0599,90.03,90.03,205234,0
TLT.US,5,20251124,202000,90.03,90.0665,90.0201,90.06,210885,0
TLT.US,5,20251124,202500,90.055,90.06,90.03,90.055,205292,0
TLT.US,5,20251124,203000,90.055,90.06,90.03,90.04,125616,0
TLT.US,5,20251124,203500,90.04,90.04,90.01,90.035,124119,0
TLT.US,5,20251124,204000,90.03,90.03,90,90.015,137597,0
TLT.US,5,20251124,204500,90.01,90.01,89.975,89.995,175564,0
TLT.US,5,20251124,205000,89.99,90.005,89.98,89.98,125016,0
TLT.US,5,20251124,205500,89.98,90.04,89.97,90.02,641434,0
TLT.US,5,20251124,210000,90.02,90.0261,89.98,89.985,308559,0
TLT.US,5,20251124,210500,89.985,89.985,89.965,89.965,165189,0
TLT.US,5,20251124,211000,89.9662,90,89.965,89.97,203290,0
TLT.US,5,20251124,211500,89.97,89.98,89.96,89.96,168501,0
TLT.US,5,20251124,212000,89.96,89.97,89.94,89.955,119518,0
TLT.US,5,20251124,212500,89.955,89.98,89.95,89.97,191888,0
TLT.US,5,20251124,213000,89.965,89.97,89.95,89.965,272356,0
TLT.US,5,20251124,213500,89.965,89.97,89.95,89.97,95482,0
TLT.US,5,20251124,214000,89.965,89.98,89.96,89.97,295966,0
TLT.US,5,20251124,214500,89.9699,89.99,89.96,89.975,495043,0
TLT.US,5,20251124,215000,89.975,89.98,89.96,89.975,362261,0
TLT.US,5,20251124,215500,89.98,90,89.965,89.985,1393696,0
TLT.US,5,20251125,153000,90.31,90.33,90.26,90.3,608168,0
TLT.US,5,20251125,153500,90.305,90.36,90.305,90.35,392391,0
TLT.US,5,20251125,154000,90.35,90.43,90.345,90.425,628782,0
TLT.US,5,20251125,154500,90.43,90.54,90.425,90.505,767894,0
TLT.US,5,20251125,155000,90.505,90.525,90.43,90.47,1139588,0
TLT.US,5,20251125,155500,90.46,90.491,90.44,90.46,411916,0
TLT.US,5,20251125,160000,90.46,90.52,90.45,90.485,428130,0
TLT.US,5,20251125,160500,90.485,90.52,90.45,90.475,499830,0
TLT.US,5,20251125,161000,90.47,90.53,90.45,90.53,966071,0
TLT.US,5,20251125,161500,90.525,90.53,90.425,90.45,567969,0
TLT.US,5,20251125,162000,90.445,90.4999,90.4417,90.49,232250,0
TLT.US,5,20251125,162500,90.49,90.5,90.445,90.46,378352,0
TLT.US,5,20251125,163000,90.46,90.465,90.42,90.44,571491,0
TLT.US,5,20251125,163500,90.44,90.505,90.44,90.4856,277441,0
TLT.US,5,20251125,164000,90.48,90.485,90.43,90.465,236064,0
TLT.US,5,20251125,164500,90.465,90.485,90.42,90.43,253552,0
TLT.US,5,20251125,165000,90.435,90.44,90.405,90.405,261932,0
TLT.US,5,20251125,165500,90.405,90.41,90.31,90.33,436384,0
TLT.US,5,20251125,170000,90.34,90.37,90.33,90.365,127832,0
TLT.US,5,20251125,170500,90.365,90.44,90.365,90.435,394333,0
TLT.US,5,20251125,171000,90.43,90.4999,90.415,90.49,310435,0
TLT.US,5,20251125,171500,90.5,90.53,90.465,90.49,276061,0
TLT.US,5,20251125,172000,90.485,90.51,90.475,90.5,380842,0
TLT.US,5,20251125,172500,90.5,90.51,90.47,90.475,186727,0
TLT.US,5,20251125,173000,90.475,90.521,90.47,90.515,566695,0
TLT.US,5,20251125,173500,90.5163,90.52,90.4742,90.485,221464,0
TLT.US,5,20251125,174000,90.48,90.5017,90.475,90.49,213593,0
TLT.US,5,20251125,174500,90.485,90.54,90.485,90.515,545141,0
TLT.US,5,20251125,175000,90.5148,90.54,90.51,90.5344,198097,0
TLT.US,5,20251125,175500,90.54,90.54,90.515,90.515,139582,0
TLT.US,5,20251125,180000,90.515,90.52,90.26,90.3584,1751086,0
TLT.US,5,20251125,180500,90.36,90.43,90.31,90.4242,667516,0
TLT.US,5,20251125,181000,90.42,90.46,90.39,90.395,235536,0
TLT.US,5,20251125,181500,90.395,90.49,90.38,90.485,483750,0
TLT.US,5,20251125,182000,90.485,90.55,90.47,90.545,1140706,0
TLT.US,5,20251125,182500,90.54,90.59,90.43,90.44,424119,0
TLT.US,5,20251125,183000,90.44,90.47,90.425,90.425,187002,0
TLT.US,5,20251125,183500,90.43,90.45,90.3999,90.405,232685,0
TLT.US,5,20251125,184000,90.4035,90.485,90.4035,90.455,270211,0
TLT.US,5,20251125,184500,90.4501,90.47,90.43,90.47,185568,0
TLT.US,5,20251125,185000,90.48,90.48,90.455,90.48,168393,0
TLT.US,5,20251125,185500,90.48,90.52,90.471,90.4858,333710,0
TLT.US,5,20251125,190000,90.48,90.51,90.445,90.505,388259,0
TLT.US,5,20251125,190500,90.5,90.545,90.495,90.51,300723,0
TLT.US,5,20251125,191000,90.515,90.515,90.415,90.435,278679,0
TLT.US,5,20251125,191500,90.435,90.44,90.41,90.425,162835,0
TLT.US,5,20251125,192000,90.43,90.4599,90.41,90.415,158434,0
TLT.US,5,20251125,192500,90.415,90.418,90.35,90.385,380346,0
TLT.US,5,20251125,193000,90.38,90.395,90.3543,90.37,55188,0
TLT.US,5,20251125,193500,90.37,90.38,90.355,90.365,155384,0
TLT.US,5,20251125,194000,90.37,90.377,90.34,90.345,139881,0
TLT.US,5,20251125,194500,90.35,90.375,90.345,90.365,146973,0
TLT.US,5,20251125,195000,90.365,90.385,90.36,90.36,107166,0
TLT.US,5,20251125,195500,90.36,90.4,90.36,90.4,197866,0
TLT.US,5,20251125,200000,90.395,90.42,90.39,90.4198,252526,0
TLT.US,5,20251125,200500,90.4185,90.42,90.38,90.4058,252784,0
TLT.US,5,20251125,201000,90.4,90.41,90.39,90.39,72662,0
TLT.US,5,20251125,201500,90.39,90.3953,90.36,90.3601,200353,0
TLT.US,5,20251125,202000,90.365,90.39,90.35,90.35,188052,0
TLT.US,5,20251125,202500,90.35,90.36,90.335,90.35,168980,0
TLT.US,5,20251125,203000,90.35,90.375,90.335,90.3401,173704,0
TLT.US,5,20251125,203500,90.3524,90.3553,90.31,90.33,102670,0
TLT.US,5,20251125,204000,90.32,90.34,90.32,90.34,49189,0
TLT.US,5,20251125,204500,90.3351,90.3351,90.29,90.295,341918,0
TLT.US,5,20251125,205000,90.29,90.31,90.27,90.275,526394,0
TLT.US,5,20251125,205500,90.275,90.31,90.26,90.31,442628,0
TLT.US,5,20251125,210000,90.31,90.315,90.285,90.29,257872,0
TLT.US,5,20251125,210500,90.295,90.3,90.27,90.27,183146,0
TLT.US,5,20251125,211000,90.27,90.28,90.235,90.2383,302196,0
TLT.US,5,20251125,211500,90.24,90.2453,90.2,90.2199,85208,0
TLT.US,5,20251125,212000,90.21,90.22,90.16,90.16,610454,0
TLT.US,5,20251125,212500,90.16,90.1651,90.13,90.15,390690,0
TLT.US,5,20251125,213000,90.145,90.18,90.14,90.16,474975,0
TLT.US,5,20251125,213500,90.15,90.18,90.14,90.16,395324,0
TLT.US,5,20251125,214000,90.165,90.18,90.15,90.18,314075,0
TLT.US,5,20251125,214500,90.1865,90.19,90.17,90.18,376565,0
TLT.US,5,20251125,215000,90.18,90.2,90.17,90.195,410673,0
TLT.US,5,20251125,215500,90.195,90.245,90.18,90.24,4736404,0
TLT.US,5,20251126,153000,90.15,90.17,90.1,90.125,431855,0
TLT.US,5,20251126,153500,90.12,90.14,90.075,90.0899,291970,0
TLT.US,5,20251126,154000,90.09,90.095,90.0402,90.08,475205,0
TLT.US,5,20251126,154500,90.08,90.12,90.07,90.11,470689,0
TLT.US,5,20251126,155000,90.105,90.105,89.99,90,900199,0
TLT.US,5,20251126,155500,90.005,90.015,89.95,89.96,670540,0
TLT.US,5,20251126,160000,89.97,89.995,89.855,89.865,1005027,0
TLT.US,5,20251126,160500,89.8644,89.94,89.83,89.91,594304,0
TLT.US,5,20251126,161000,89.91,90.06,89.905,90.055,727083,0
TLT.US,5,20251126,161500,90.055,90.125,90.055,90.12,454048,0
TLT.US,5,20251126,162000,90.1207,90.17,90.1,90.13,734451,0
TLT.US,5,20251126,162500,90.135,90.21,90.11,90.205,470453,0
TLT.US,5,20251126,163000,90.19,90.255,90.19,90.22,286236,0
TLT.US,5,20251126,163500,90.2183,90.235,90.17,90.235,351121,0
TLT.US,5,20251126,164000,90.23,90.3,90.23,90.26,417236,0
TLT.US,5,20251126,164500,90.26,90.295,90.255,90.28,146235,0
TLT.US,5,20251126,165000,90.28,90.325,90.26,90.26,331484,0
TLT.US,5,20251126,165500,90.265,90.2753,90.225,90.27,166820,0
TLT.US,5,20251126,170000,90.27,90.31,90.2643,90.2701,331364,0
TLT.US,5,20251126,170500,90.275,90.3,90.255,90.2717,137429,0
TLT.US,5,20251126,171000,90.28,90.33,90.28,90.325,126752,0
TLT.US,5,20251126,171500,90.325,90.41,90.315,90.3737,609337,0
TLT.US,5,20251126,172000,90.38,90.42,90.3602,90.37,399936,0
TLT.US,5,20251126,172500,90.37,90.37,90.33,90.355,483187,0
TLT.US,5,20251126,173000,90.3536,90.39,90.325,90.36,372960,0
TLT.US,5,20251126,173500,90.36,90.4,90.35,90.38,532621,0
TLT.US,5,20251126,174000,90.385,90.44,90.38,90.41,230430,0
TLT.US,5,20251126,174500,90.405,90.425,90.34,90.355,391202,0
TLT.US,5,20251126,175000,90.36,90.36,90.32,90.335,184575,0
TLT.US,5,20251126,175500,90.33,90.39,90.315,90.38,261983,0
TLT.US,5,20251126,180000,90.3854,90.435,90.38,90.395,281923,0
TLT.US,5,20251126,180500,90.4,90.41,90.37,90.375,226446,0
TLT.US,5,20251126,181000,90.38,90.39,90.3627,90.3799,169982,0
TLT.US,5,20251126,181500,90.38,90.45,90.375,90.445,174187,0
TLT.US,5,20251126,182000,90.445,90.46,90.4035,90.405,89132,0
TLT.US,5,20251126,182500,90.405,90.41,90.395,90.405,169760,0
TLT.US,5,20251126,183000,90.405,90.44,90.3836,90.395,174008,0
TLT.US,5,20251126,183500,90.4,90.4,90.35,90.355,113632,0
TLT.US,5,20251126,184000,90.36,90.37,90.345,90.36,109334,0
TLT.US,5,20251126,184500,90.3598,90.42,90.3536,90.42,79768,0
TLT.US,5,20251126,185000,90.415,90.44,90.415,90.425,99324,0
TLT.US,5,20251126,185500,90.43,90.46,90.415,90.4581,114536,0
TLT.US,5,20251126,190000,90.46,90.46,90.45,90.455,50697,0
TLT.US,5,20251126,190500,90.4555,90.5,90.43,90.495,180655,0
TLT.US,5,20251126,191000,90.5,90.51,90.47,90.485,373663,0
TLT.US,5,20251126,191500,90.485,90.5,90.465,90.49,208434,0
TLT.US,5,20251126,192000,90.49,90.51,90.4701,90.4799,220542,0
TLT.US,5,20251126,192500,90.475,90.479,90.44,90.46,382158,0
TLT.US,5,20251126,193000,90.46,90.47,90.44,90.4507,42504,0
TLT.US,5,20251126,193500,90.4559,90.47,90.45,90.45,102932,0
TLT.US,5,20251126,194000,90.45,90.47,90.44,90.46,224931,0
TLT.US,5,20251126,194500,90.4624,90.485,90.4624,90.48,106807,0
TLT.US,5,20251126,195000,90.475,90.525,90.4701,90.505,178759,0
TLT.US,5,20251126,195500,90.51,90.54,90.505,90.54,293889,0
TLT.US,5,20251126,200000,90.535,90.5379,90.51,90.515,225109,0
TLT.US,5,20251126,200500,90.512,90.53,90.49,90.525,387118,0
TLT.US,5,20251126,201000,90.525,90.55,90.51,90.54,443637,0
TLT.US,5,20251126,201500,90.545,90.55,90.52,90.53,152598,0
TLT.US,5,20251126,202000,90.525,90.535,90.52,90.52,208556,0
TLT.US,5,20251126,202500,90.5299,90.55,90.505,90.5476,314830,0
TLT.US,5,20251126,203000,90.545,90.55,90.54,90.5459,56892,0
TLT.US,5,20251126,203500,90.545,90.56,90.54,90.56,274294,0
TLT.US,5,20251126,204000,90.56,90.56,90.52,90.525,285122,0
TLT.US,5,20251126,204500,90.525,90.545,90.52,90.545,174067,0
TLT.US,5,20251126,205000,90.54,90.54,90.52,90.535,130675,0
TLT.US,5,20251126,205500,90.535,90.57,90.535,90.545,376026,0
TLT.US,5,20251126,210000,90.545,90.57,90.53,90.56,587794,0
TLT.US,5,20251126,210500,90.555,90.56,90.53,90.535,213192,0
TLT.US,5,20251126,211000,90.535,90.56,90.53,90.56,210029,0
TLT.US,5,20251126,211500,90.555,90.57,90.55,90.555,248094,0
TLT.US,5,20251126,212000,90.555,90.555,90.53,90.545,329691,0
TLT.US,5,20251126,212500,90.545,90.55,90.53,90.55,256028,0
TLT.US,5,20251126,213000,90.55,90.575,90.54,90.5701,313668,0
TLT.US,5,20251126,213500,90.57,90.595,90.57,90.595,205618,0
TLT.US,5,20251126,214000,90.595,90.6,90.58,90.59,251205,0
TLT.US,5,20251126,214500,90.585,90.61,90.58,90.605,541976,0
TLT.US,5,20251126,215000,90.61,90.61,90.59,90.595,591250,0
TLT.US,5,20251126,215500,90.6,90.64,90.59,90.63,2790727,0
TLT.US,5,20251128,153000,90.46,90.5299,90.445,90.46,616328,0
TLT.US,5,20251128,153500,90.465,90.48,90.4325,90.465,338412,0
TLT.US,5,20251128,154000,90.4699,90.495,90.4,90.445,1062296,0
TLT.US,5,20251128,154500,90.45,90.48,90.43,90.455,403267,0
TLT.US,5,20251128,155000,90.455,90.52,90.44,90.505,425659,0
TLT.US,5,20251128,155500,90.505,90.515,90.47,90.4746,656235,0
TLT.US,5,20251128,160000,90.475,90.5,90.384,90.4,740110,0
TLT.US,5,20251128,160500,90.4,90.4,90.345,90.375,891783,0
TLT.US,5,20251128,161000,90.375,90.375,90.275,90.3,511802,0
TLT.US,5,20251128,161500,90.295,90.32,90.275,90.2832,566036,0
TLT.US,5,20251128,162000,90.28,90.315,90.28,90.31,660970,0
TLT.US,5,20251128,162500,90.31,90.32,90.275,90.275,723476,0
TLT.US,5,20251128,163000,90.275,90.28,90.145,90.175,899571,0
TLT.US,5,20251128,163500,90.17,90.19,90.1,90.115,1042970,0
TLT.US,5,20251128,164000,90.115,90.14,90.09,90.1199,914006,0
TLT.US,5,20251128,164500,90.119,90.125,90.03,90.08,849700,0
TLT.US,5,20251128,165000,90.075,90.09,89.965,90.025,860572,0
TLT.US,5,20251128,165500,90.025,90.03,89.97,89.98,854273,0
TLT.US,5,20251128,170000,89.98,90.0754,89.95,90.0754,600057,0
TLT.US,5,20251128,170500,90.07,90.1299,90.02,90.1299,704835,0
TLT.US,5,20251128,171000,90.125,90.125,90.03,90.0875,1256736,0
TLT.US,5,20251128,171500,90.085,90.095,90.025,90.04,844084,0
TLT.US,5,20251128,172000,90.04,90.09,90.03,90.07,823575,0
TLT.US,5,20251128,172500,90.0664,90.085,90.03,90.035,838639,0
TLT.US,5,20251128,173000,90.04,90.09,90.0316,90.085,792542,0
TLT.US,5,20251128,173500,90.085,90.11,90.045,90.07,408906,0
TLT.US,5,20251128,174000,90.07,90.12,90.045,90.105,548517,0
TLT.US,5,20251128,174500,90.115,90.16,90.1,90.1,965494,0
TLT.US,5,20251128,175000,90.105,90.11,90.06,90.08,317609,0
TLT.US,5,20251128,175500,90.075,90.165,90.075,90.155,447099,0
TLT.US,5,20251128,180000,90.16,90.24,90.155,90.21,592122,0
TLT.US,5,20251128,180500,90.22,90.22,90.135,90.14,242294,0
TLT.US,5,20251128,181000,90.135,90.16,90.085,90.1,367018,0
TLT.US,5,20251128,181500,90.1,90.185,90.1,90.14,438098,0
TLT.US,5,20251128,182000,90.14,90.205,90.11,90.165,484777,0
TLT.US,5,20251128,182500,90.17,90.18,90.14,90.17,397198,0
TLT.US,5,20251128,183000,90.165,90.215,90.15,90.2,539600,0
TLT.US,5,20251128,183500,90.1955,90.325,90.19,90.31,570664,0
TLT.US,5,20251128,184000,90.31,90.31,90.245,90.2635,432222,0
TLT.US,5,20251128,184500,90.265,90.27,90.14,90.165,589158,0
TLT.US,5,20251128,185000,90.16,90.32,90.16,90.3,1036556,0
TLT.US,5,20251128,185500,90.3,90.31,90.12,90.175,2610231,0
TLT.US,5,20251128,190000,90.17,90.21,90.17,90.21,3873396,0
TLT.US,5,20251201,153000,88.845,88.9,88.83,88.895,2129193,0
TLT.US,5,20251201,153500,88.895,88.91,88.86,88.875,1364819,0
TLT.US,5,20251201,154000,88.87,88.875,88.8,88.8414,1234977,0
TLT.US,5,20251201,154500,88.85,88.86,88.73,88.765,870631,0
TLT.US,5,20251201,155000,88.76,88.8,88.73,88.795,629022,0
TLT.US,5,20251201,155500,88.795,88.8699,88.79,88.83,1009599,0
TLT.US,5,20251201,160000,88.84,88.95,88.835,88.9145,1247289,0
TLT.US,5,20251201,160500,88.91,88.99,88.885,88.96,923993,0
TLT.US,5,20251201,161000,88.96,88.97,88.88,88.94,512564,0
TLT.US,5,20251201,161500,88.945,88.95,88.9,88.9,598846,0
TLT.US,5,20251201,162000,88.9,88.92,88.85,88.915,691612,0
TLT.US,5,20251201,162500,88.915,88.94,88.88,88.93,392130,0
TLT.US,5,20251201,163000,88.935,88.94,88.9,88.9181,392243,0
TLT.US,5,20251201,163500,88.91,88.92,88.82,88.8246,608248,0
TLT.US,5,20251201,164000,88.83,88.9,88.81,88.86,532099,0
TLT.US,5,20251201,164500,88.86,88.87,88.83,88.85,405753,0
TLT.US,5,20251201,165000,88.85,88.89,88.85,88.88,366249,0
TLT.US,5,20251201,165500,88.88,88.89,88.83,88.865,369515,0
TLT.US,5,20251201,170000,88.86,88.86,88.81,88.815,510114,0
TLT.US,5,20251201,170500,88.82,88.835,88.7801,88.79,386462,0
TLT.US,5,20251201,171000,88.79,88.795,88.76,88.77,520979,0
TLT.US,5,20251201,171500,88.775,88.79,88.7342,88.765,519690,0
TLT.US,5,20251201,172000,88.76,88.81,88.76,88.79,213186,0
TLT.US,5,20251201,172500,88.795,88.815,88.775,88.81335,194117,0
TLT.US,5,20251201,173000,88.81,88.81,88.78,88.785,297019,0
TLT.US,5,20251201,173500,88.79,88.81,88.76,88.77,349214,0
TLT.US,5,20251201,174000,88.77,88.785,88.745,88.779,389776,0
TLT.US,5,20251201,174500,88.775,88.78,88.76,88.78,345336,0
TLT.US,5,20251201,175000,88.775,88.78,88.75,88.775,414957,0
TLT.US,5,20251201,175500,88.77,88.78,88.745,88.745,322328,0
TLT.US,5,20251201,180000,88.745,88.78,88.73,88.775,331834,0
TLT.US,5,20251201,180500,88.78,88.81,88.78,88.8,418256,0
TLT.US,5,20251201,181000,88.805,88.82,88.7745,88.807,352795,0
TLT.US,5,20251201,181500,88.805,88.81,88.775,88.79,375362,0
TLT.US,5,20251201,182000,88.79,88.81,88.78,88.81,323034,0
TLT.US,5,20251201,182500,88.805,88.81,88.782,88.7899,234962,0
TLT.US,5,20251201,183000,88.785,88.8,88.75,88.76,667335,0
TLT.US,5,20251201,183500,88.755,88.76,88.73,88.75,357793,0
TLT.US,5,20251201,184000,88.7582,88.76,88.73,88.745,163294,0
TLT.US,5,20251201,184500,88.749,88.75,88.71,88.73,363876,0
TLT.US,5,20251201,185000,88.73,88.76,88.72,88.75,245747,0
TLT.US,5,20251201,185500,88.755,88.79,88.74,88.79,180455,0
TLT.US,5,20251201,190000,88.79,88.84,88.77,88.84,485287,0
TLT.US,5,20251201,190500,88.83,88.8599,88.82,88.83,363174,0
TLT.US,5,20251201,191000,88.83,88.84,88.82,88.825,63077,0
TLT.US,5,20251201,191500,88.82,88.84,88.82,88.835,50823,0
TLT.US,5,20251201,192000,88.835,88.85,88.8201,88.845,204342,0
TLT.US,5,20251201,192500,88.845,88.86,88.825,88.825,119544,0
TLT.US,5,20251201,193000,88.825,88.825,88.77,88.8,375515,0
TLT.US,5,20251201,193500,88.805,88.8199,88.8,88.81,83768,0
TLT.US,5,20251201,194000,88.81,88.81,88.775,88.8,185648,0
TLT.US,5,20251201,194500,88.795,88.81,88.765,88.78,499713,0
TLT.US,5,20251201,195000,88.785,88.79,88.78,88.7801,70650,0
TLT.US,5,20251201,195500,88.785,88.79,88.765,88.7758,187265,0
TLT.US,5,20251201,200000,88.775,88.79,88.765,88.785,190316,0
TLT.US,5,20251201,200500,88.79,88.795,88.765,88.7871,184512,0
TLT.US,5,20251201,201000,88.78,88.785,88.76,88.775,179104,0
TLT.US,5,20251201,201500,88.775,88.78,88.73,88.755,185957,0
TLT.US,5,20251201,202000,88.76,88.76,88.73,88.735,118278,0
TLT.US,5,20251201,202500,88.7363,88.765,88.7363,88.76,367157,0
TLT.US,5,20251201,203000,88.76,88.8,88.755,88.79683,194954,0
TLT.US,5,20251201,203500,88.795,88.805,88.79,88.795,93088,0
TLT.US,5,20251201,204000,88.8,88.81,88.79,88.809,118481,0
TLT.US,5,20251201,204500,88.805,88.83,88.8,88.825,344074,0
TLT.US,5,20251201,205000,88.82,88.825,88.79,88.805,229099,0
TLT.US,5,20251201,205500,88.805,88.815,88.77,88.81,442895,0
TLT.US,5,20251201,210000,88.81,88.82,88.78,88.8,195972,0
TLT.US,5,20251201,210500,88.8,88.81,88.7901,88.8,107771,0
TLT.US,5,20251201,211000,88.795,88.81,88.79,88.8,154121,0
TLT.US,5,20251201,211500,88.805,88.82,88.8,88.815,171419,0
TLT.US,5,20251201,212000,88.81,88.82,88.79,88.805,327326,0
TLT.US,5,20251201,212500,88.81,88.84,88.81,88.825,514821,0
TLT.US,5,20251201,213000,88.825,88.83,88.775,88.785,955949,0
TLT.US,5,20251201,213500,88.78,88.815,88.78,88.795,162146,0
TLT.US,5,20251201,214000,88.795,88.8,88.77,88.78,219702,0
TLT.US,5,20251201,214500,88.775,88.78,88.7501,88.765,423236,0
TLT.US,5,20251201,215000,88.765,88.78,88.75,88.75,1552566,0
TLT.US,5,20251201,215500,88.75,88.78,88.75,88.77,1710060,0
TLT.US,5,20251202,153000,88.575,88.58,88.54,88.555,318763,0
TLT.US,5,20251202,160500,88.475,88.51,88.46,88.49,249865,0
TLT.US,5,20251202,161000,88.5,88.52,88.46,88.5,581027,0
TLT.US,5,20251202,161500,88.505,88.545,88.4818,88.5445,382737,0
TLT.US,5,20251202,162000,88.54,88.59,88.54,88.565,504197,0
TLT.US,5,20251202,162500,88.565,88.59,88.54,88.575,276548,0
TLT.US,5,20251202,163000,88.575,88.66,88.555,88.655,469679,0
TLT.US,5,20251202,163500,88.6586,88.695,88.645,88.65,626249,0
TLT.US,5,20251202,164000,88.6593,88.69,88.63,88.65,317191,0
TLT.US,5,20251202,164500,88.645,88.66,88.625,88.6401,168511,0
TLT.US,5,20251202,165000,88.64,88.65,88.6,88.635,172762,0
TLT.US,5,20251202,165500,88.63,88.635,88.605,88.62,302288,0
TLT.US,5,20251202,170000,88.62,88.625,88.55,88.5601,227584,0
TLT.US,5,20251202,170500,88.56,88.62,88.56,88.61,267281,0
TLT.US,5,20251202,171000,88.61,88.67,88.59,88.6565,304278,0
TLT.US,5,20251202,171500,88.66,88.715,88.65,88.67,277552,0
TLT.US,5,20251202,172000,88.67,88.71,88.65,88.71,295469,0
TLT.US,5,20251202,172500,88.71,88.76,88.7,88.7335,405664,0
TLT.US,5,20251202,173000,88.74,88.765,88.725,88.7482,484756,0
TLT.US,5,20251202,173500,88.76,88.775,88.7201,88.77,94015,0
TLT.US,5,20251202,174000,88.77,88.79,88.765,88.77,132374,0
TLT.US,5,20251202,174500,88.78,88.825,88.75,88.82,209966,0
TLT.US,5,20251202,175000,88.785,88.79,88.765,88.77,154060,0
TLT.US,5,20251202,175500,88.7745,88.8,88.72,88.775,425737,0
TLT.US,5,20251202,180000,88.775,88.775,88.69,88.76,461407,0
TLT.US,5,20251202,180500,88.76,88.8,88.7501,88.755,621164,0
TLT.US,5,20251202,181000,88.7602,88.76712,88.75,88.76,22979,0
TLT.US,5,20251202,181500,88.754,88.77,88.73,88.74,160597,0
TLT.US,5,20251202,182000,88.74,88.8,88.72,88.795,827432,0
TLT.US,5,20251202,182500,88.795,88.815,88.78,88.8018,152834,0
TLT.US,5,20251202,183000,88.8,88.825,88.79,88.805,807756,0
TLT.US,5,20251202,183500,88.8036,88.83,88.795,88.82,210091,0
TLT.US,5,20251202,184000,88.83,88.86,88.81,88.85,213274,0
TLT.US,5,20251202,184500,88.849,88.885,88.84,88.875,303811,0
TLT.US,5,20251202,185000,88.87,88.88,88.8245,88.83,220768,0
TLT.US,5,20251202,185500,88.8301,88.8565,88.82,88.85,60821,0
TLT.US,5,20251202,190000,88.85,88.86,88.84,88.845,281988,0
TLT.US,5,20251202,190500,88.845,88.85,88.805,88.82,91918,0
TLT.US,5,20251202,191000,88.82,88.83,88.805,88.81,208025,0
TLT.US,5,20251202,191500,88.805,88.825,88.79,88.8153,321177,0
TLT.US,5,20251202,192000,88.82,88.83,88.81,88.82,96196,0
TLT.US,5,20251202,192500,88.815,88.825,88.78,88.785,286823,0
TLT.US,5,20251202,193000,88.7848,88.8177,88.78,88.8177,165845,0
TLT.US,5,20251202,193500,88.8101,88.845,88.81,88.83,256598,0
TLT.US,5,20251202,194000,88.84,88.8485,88.815,88.82,94813,0
TLT.US,5,20251202,194500,88.82,88.85,88.815,88.835,82003,0
TLT.US,5,20251202,195000,88.84,88.84,88.8201,88.8344,100483,0
TLT.US,5,20251202,195500,88.8359,88.86,88.8345,88.8453,48073,0
TLT.US,5,20251202,200000,88.8439,88.8899,88.8439,88.875,88451,0
TLT.US,5,20251202,200500,88.88,88.9,88.8729,88.8942,110318,0
TLT.US,5,20251202,201000,88.898,88.9,88.87,88.87,115553,0
TLT.US,5,20251202,201500,88.875,88.9,88.865,88.895,297489,0
TLT.US,5,20251202,202000,88.9,88.91,88.89,88.905,60649,0
TLT.US,5,20251202,202500,88.905,88.93,88.89,88.919,177648,0
TLT.US,5,20251202,203000,88.92,88.92,88.9,88.9055,123542,0
TLT.US,5,20251202,203500,88.9001,88.92,88.9,88.91,29763,0
TLT.US,5,20251202,204000,88.92,88.93,88.91,88.919,57130,0
TLT.US,5,20251202,204500,88.919,88.93,88.91,88.92,96692,0
TLT.US,5,20251202,205000,88.92,88.93,88.91,88.9261,85718,0
TLT.US,5,20251202,205500,88.9299,88.955,88.875,88.88,496265,0
TLT.US,5,20251202,210000,88.87,88.9,88.86,88.89,414173,0
TLT.US,5,20251202,210500,88.895,88.9,88.88,88.89,137878,0
TLT.US,5,20251202,211000,88.8833,88.9,88.8794,88.9,88943,0
TLT.US,5,20251202,211500,88.895,88.9,88.87,88.8703,185472,0
TLT.US,5,20251202,212000,88.875,88.89,88.87,88.89,111115,0
TLT.US,5,20251202,212500,88.89,88.89,88.865,88.87,76251,0
TLT.US,5,20251202,213000,88.87,88.87,88.8044,88.83,762278,0
TLT.US,5,20251202,213500,88.83,88.85,88.82,88.85,182477,0
TLT.US,5,20251202,214000,88.84,88.85,88.83,88.84,288379,0
TLT.US,5,20251202,214500,88.845,88.87,88.84,88.865,203769,0
TLT.US,5,20251202,215000,88.86,88.87,88.84,88.845,380926,0
TLT.US,5,20251202,215500,88.84,88.85,88.805,88.81,2505128,0
TLT.US,5,20251203,153000,88.92,89,88.88,88.9905,1002069,0
TLT.US,5,20251203,153500,89,89.0367,88.96,89.03,369551,0
TLT.US,5,20251203,154000,89.03,89.04,88.995,89.0301,539020,0
TLT.US,5,20251203,154500,89.03,89.08,89.03,89.075,446941,0
TLT.US,5,20251203,155000,89.07,89.1,89.055,89.07,274042,0
TLT.US,5,20251203,155500,89.07,89.09,89.055,89.065,253125,0
TLT.US,5,20251203,160000,89.06,89.0699,88.935,88.955,857438,0
TLT.US,5,20251203,160500,88.97,89.07,88.97,89.07,302914,0
TLT.US,5,20251203,161000,89.07,89.1499,89.035,89.05,849297,0
TLT.US,5,20251203,161500,89.045,89.075,89.03,89.065,186663,0
TLT.US,5,20251203,162000,89.06,89.06,88.985,89.0044,270857,0
TLT.US,5,20251203,162500,89.005,89.025,88.9,88.91,371876,0
TLT.US,5,20251203,163000,88.915,88.955,88.885,88.925,506022,0
TLT.US,5,20251203,163500,88.93,88.93,88.74,88.7832,524186,0
TLT.US,5,20251203,164000,88.785,88.81,88.76,88.78,282887,0
TLT.US,5,20251203,164500,88.785,88.82,88.77,88.78,238779,0
TLT.US,5,20251203,165000,88.78,88.8,88.76,88.79,160277,0
TLT.US,5,20251203,165500,88.79,88.84,88.785,88.785,499175,0
TLT.US,5,20251203,170000,88.78,88.8457,88.775,88.82,255091,0
TLT.US,5,20251203,170500,88.815,88.85,88.81,88.835,153392,0
TLT.US,5,20251203,171000,88.84,88.8655,88.82,88.84,213652,0
TLT.US,5,20251203,171500,88.835,88.835,88.78,88.8145,404067,0
TLT.US,5,20251203,172000,88.8101,88.83,88.8,88.8154,118474,0
TLT.US,5,20251203,172500,88.815,88.85,88.815,88.84,109705,0
TLT.US,5,20251203,173000,88.835,88.835,88.78,88.805,415266,0
TLT.US,5,20251203,173500,88.8,88.835,88.8,88.8318,106240,0
TLT.US,5,20251203,174000,88.84,88.84,88.81,88.835,86882,0
TLT.US,5,20251203,174500,88.84,88.86,88.835,88.855,66138,0
TLT.US,5,20251203,175000,88.8546,88.86,88.815,88.82,247637,0
TLT.US,5,20251203,175500,88.825,88.86,88.82,88.855,142202,0
TLT.US,5,20251203,180000,88.855,88.925,88.855,88.915,237283,0
TLT.US,5,20251203,180500,88.9136,88.93,88.89,88.895,150710,0
TLT.US,5,20251203,181000,88.895,88.926,88.86,88.925,264039,0
TLT.US,5,20251203,181500,88.925,88.95,88.92,88.945,84948,0
TLT.US,5,20251203,182000,88.9445,88.95,88.92,88.925,159070,0
TLT.US,5,20251203,182500,88.925,88.97,88.9235,88.945,131444,0
TLT.US,5,20251203,183000,88.94,88.97,88.94,88.961,37753,0
TLT.US,5,20251203,183500,88.9655,88.98,88.95,88.965,185010,0
TLT.US,5,20251203,184000,88.965,88.97,88.945,88.96,66636,0
TLT.US,5,20251203,184500,88.965,88.9879,88.965,88.975,74626,0
TLT.US,5,20251203,185000,88.975,89.0155,88.97,89.015,134955,0
TLT.US,5,20251203,185500,89.015,89.04,89.01,89.015,159616,0
TLT.US,5,20251203,190000,89.015,89.04,89.01,89.025,131921,0
TLT.US,5,20251203,190500,89.02,89.035,89.01,89.02,176269,0
TLT.US,5,20251203,191000,89.025,89.03,89,89.005,174040,0
TLT.US,5,20251203,191500,89.005,89.03,89,89.01,83327,0
TLT.US,5,20251203,192000,89.005,89.015,88.97,88.995,166608,0
TLT.US,5,20251203,192500,89,89.01,88.98,88.98,137761,0
TLT.US,5,20251203,193000,88.98,88.99,88.9745,88.9803,57516,0
TLT.US,5,20251203,193500,88.985,89,88.975,89,74975,0
TLT.US,5,20251203,194000,88.99,89.04,88.98,89.035,104705,0
TLT.US,5,20251203,194500,89.035,89.1,89.03,89.085,200374,0
TLT.US,5,20251203,195000,89.085,89.095,89.065,89.07,95487,0
TLT.US,5,20251203,195500,89.07,89.09,89.07,89.085,51717,0
TLT.US,5,20251203,200000,89.085,89.125,89.085,89.105,184857,0
TLT.US,5,20251203,200500,89.105,89.105,89.07,89.085,142624,0
TLT.US,5,20251203,201000,89.085,89.145,89.085,89.125,164406,0
TLT.US,5,20251203,201500,89.125,89.14,89.11,89.14,102439,0
TLT.US,5,20251203,202000,89.1355,89.155,89.13,89.135,123382,0
TLT.US,5,20251203,202500,89.135,89.145,89.12,89.125,91302,0
TLT.US,5,20251203,203000,89.125,89.1355,89.1126,89.1126,123145,0
TLT.US,5,20251203,203500,89.11,89.12,89.09,89.115,151737,0
TLT.US,5,20251203,204000,89.114,89.12,89.1,89.105,39901,0
TLT.US,5,20251203,204500,89.106,89.13,89.105,89.115,83921,0
TLT.US,5,20251203,205000,89.115,89.1258,89.095,89.095,152463,0
TLT.US,5,20251203,205500,89.095,89.13,89.085,89.11,157054,0
TLT.US,5,20251203,210000,89.11,89.11,89.1,89.1062,81323,0
TLT.US,5,20251203,210500,89.105,89.1099,89.08,89.095,151380,0
TLT.US,5,20251203,211000,89.095,89.11,89.0901,89.105,97517,0
TLT.US,5,20251203,211500,89.105,89.11,89.09,89.095,118342,0
TLT.US,5,20251203,212000,89.095,89.1,89.08,89.085,98548,0
TLT.US,5,20251203,212500,89.085,89.1,89.08,89.09,195072,0
TLT.US,5,20251203,213000,89.085,89.085,89.06,89.075,249247,0
TLT.US,5,20251203,213500,89.075,89.08,89.06,89.065,111924,0
TLT.US,5,20251203,214000,89.065,89.08,89.06,89.07,156465,0
TLT.US,5,20251203,214500,89.075,89.075,89.06,89.075,317511,0
TLT.US,5,20251203,215000,89.08,89.08,89.05,89.065,663195,0
TLT.US,5,20251203,215500,89.065,89.08,89.01,89.05,1197169,0
TLT.US,5,20251204,153000,88.91,88.93,88.86,88.88,440145,0
TLT.US,5,20251204,153500,88.875,88.9155,88.87,88.875,296778,0
TLT.US,5,20251204,154000,88.8703,88.885,88.8,88.81,422864,0
TLT.US,5,20251204,154500,88.805,88.8269,88.775,88.775,359813,0
TLT.US,5,20251204,155000,88.775,88.8,88.7428,88.78,330043,0
TLT.US,5,20251204,155500,88.775,88.835,88.775,88.815,262800,0
TLT.US,5,20251204,160000,88.814,88.845,88.765,88.77,224057,0
TLT.US,5,20251204,160500,88.775,88.78,88.6799,88.68,205411,0
TLT.US,5,20251204,161000,88.69,88.71,88.68,88.69,282447,0
TLT.US,5,20251204,161500,88.69,88.7259,88.68,88.72,280879,0
TLT.US,5,20251204,162000,88.7261,88.73,88.68,88.6899,180934,0
TLT.US,5,20251204,162500,88.685,88.75,88.685,88.74,314735,0
TLT.US,5,20251204,163000,88.74,88.74,88.68,88.725,211003,0
TLT.US,5,20251204,163500,88.72,88.755,88.7,88.7,225062,0
TLT.US,5,20251204,164000,88.7,88.72,88.6801,88.72,182439,0
TLT.US,5,20251204,164500,88.71,88.7199,88.655,88.66,225705,0
TLT.US,5,20251204,165000,88.655,88.655,88.61,88.64,235279,0
TLT.US,5,20251204,165500,88.635,88.67,88.6333,88.64,193495,0
TLT.US,5,20251204,170000,88.645,88.645,88.61,88.61,161010,0
TLT.US,5,20251204,170500,88.61,88.6266,88.59,88.6201,324145,0
TLT.US,5,20251204,171000,88.625,88.65,88.58,88.645,316883,0
TLT.US,5,20251204,171500,88.6451,88.685,88.64,88.65,237354,0
TLT.US,5,20251204,172000,88.65,88.6585,88.62,88.625,147052,0
TLT.US,5,20251204,172500,88.6244,88.6599,88.615,88.62,321407,0
TLT.US,5,20251204,173000,88.62,88.625,88.57,88.59,310061,0
TLT.US,5,20251204,173500,88.5938,88.64,88.5825,88.615,231005,0
TLT.US,5,20251204,174000,88.62,88.635,88.59,88.61,342904,0
TLT.US,5,20251204,174500,88.62,88.63,88.595,88.6,268268,0
TLT.US,5,20251204,175000,88.61,88.63,88.6,88.6188,418934,0
TLT.US,5,20251204,175500,88.615,88.7,88.59,88.685,424372,0
TLT.US,5,20251204,180000,88.68,88.71,88.655,88.68,359809,0
TLT.US,5,20251204,180500,88.68,88.72,88.6601,88.6601,407249,0
TLT.US,5,20251204,181000,88.665,88.68,88.63,88.63,113273,0
TLT.US,5,20251204,181500,88.635,88.65,88.61,88.62,225071,0
TLT.US,5,20251204,182000,88.62,88.645,88.62,88.64,92943,0
TLT.US,5,20251204,182500,88.635,88.685,88.63,88.6701,204639,0
TLT.US,5,20251204,183000,88.675,88.685,88.66,88.67,154684,0
TLT.US,5,20251204,183500,88.6756,88.68,88.66,88.67,179958,0
TLT.US,5,20251204,184000,88.665,88.67,88.63,88.64,144009,0
TLT.US,5,20251204,184500,88.64,88.66,88.63,88.6556,179030,0
TLT.US,5,20251204,185000,88.655,88.66,88.64,88.65,112071,0
TLT.US,5,20251204,185500,88.649,88.69,88.645,88.69,166625,0
TLT.US,5,20251204,190000,88.685,88.69,88.64,88.67,243607,0
TLT.US,5,20251204,190500,88.6703,88.685,88.6445,88.65,127656,0
TLT.US,5,20251204,191000,88.65,88.6501,88.64,88.645,368620,0
TLT.US,5,20251204,191500,88.65,88.665,88.63,88.65,157801,0
TLT.US,5,20251204,192000,88.645,88.69,88.6401,88.675,266042,0
TLT.US,5,20251204,192500,88.675,88.68,88.645,88.655,433745,0
TLT.US,5,20251204,193000,88.652,88.66,88.62,88.635,84729,0
TLT.US,5,20251204,193500,88.6301,88.6557,88.63,88.645,269584,0
TLT.US,5,20251204,194000,88.6401,88.66,88.63,88.655,202352,0
TLT.US,5,20251204,194500,88.655,88.66,88.62,88.625,146285,0
TLT.US,5,20251204,195000,88.625,88.625,88.59,88.595,333890,0
TLT.US,5,20251204,195500,88.5982,88.65,88.58,88.64,384582,0
TLT.US,5,20251204,200000,88.64,88.65,88.61,88.615,255188,0
TLT.US,5,20251204,200500,88.62,88.62,88.6,88.61,169172,0
TLT.US,5,20251204,201000,88.61,88.61,88.585,88.59,204469,0
TLT.US,5,20251204,201500,88.595,88.6,88.5619,88.565,161233,0
TLT.US,5,20251204,202000,88.565,88.58,88.56,88.57,139743,0
TLT.US,5,20251204,202500,88.575,88.575,88.50357,88.525,393571,0
TLT.US,5,20251204,203000,88.525,88.53,88.5101,88.52,193466,0
TLT.US,5,20251204,203500,88.52,88.57,88.52,88.565,374354,0
TLT.US,5,20251204,204000,88.565,88.57,88.545,88.555,233239,0
TLT.US,5,20251204,204500,88.5564,88.56,88.52,88.525,76254,0
TLT.US,5,20251204,205000,88.53,88.5312,88.51,88.51,178700,0
TLT.US,5,20251204,205500,88.505,88.54,88.505,88.535,175839,0
TLT.US,5,20251204,210000,88.54,88.54,88.48,88.5,300746,0
TLT.US,5,20251204,210500,88.4935,88.53,88.49,88.5245,133344,0
TLT.US,5,20251204,211000,88.53,88.53,88.51,88.52,103888,0
TLT.US,5,20251204,211500,88.52,88.54,88.51,88.535,82664,0
TLT.US,5,20251204,212000,88.53,88.54,88.51,88.535,167068,0
TLT.US,5,20251204,212500,88.535,88.5462,88.53,88.54,101141,0
TLT.US,5,20251204,213000,88.535,88.55,88.515,88.52,441840,0
TLT.US,5,20251204,213500,88.5244,88.53,88.51,88.525,57409,0
TLT.US,5,20251204,214000,88.525,88.55,88.52,88.54,249902,0
TLT.US,5,20251204,214500,88.54,88.569,88.54,88.565,314408,0
TLT.US,5,20251204,215000,88.565,88.57,88.56,88.56,468231,0
TLT.US,5,20251204,215500,88.56,88.61,88.54,88.58,4303560,0
TLT.US,5,20251205,153000,88.55,88.55,88.46,88.4618,454555,0
TLT.US,5,20251205,153500,88.46,88.49,88.435,88.485,635955,0
TLT.US,5,20251205,154000,88.48,88.53,88.47,88.48,520414,0
TLT.US,5,20251205,154500,88.49,88.505,88.44,88.465,592022,0
TLT.US,5,20251205,155000,88.47,88.51,88.47,88.48,232802,0
TLT.US,5,20251205,155500,88.485,88.5,88.46,88.5,335968,0
TLT.US,5,20251205,160000,88.49,88.5156,88.39,88.3962,605455,0
TLT.US,5,20251205,160500,88.395,88.41,88.33,88.38,1134640,0
TLT.US,5,20251205,161000,88.386,88.4101,88.36,88.41,287309,0
TLT.US,5,20251205,161500,88.405,88.435,88.385,88.4,450551,0
TLT.US,5,20251205,162000,88.41,88.4744,88.4,88.415,511865,0
TLT.US,5,20251205,162500,88.42,88.425,88.38,88.4155,233242,0
TLT.US,5,20251205,163000,88.42,88.4265,88.34,88.35,376461,0
TLT.US,5,20251205,163500,88.35,88.3531,88.315,88.345,613628,0
TLT.US,5,20251205,164000,88.34,88.35,88.31,88.325,292052,0
TLT.US,5,20251205,164500,88.3282,88.335,88.22,88.225,599355,0
TLT.US,5,20251205,165000,88.229,88.23,88.17,88.205,791537,0
TLT.US,5,20251205,165500,88.205,88.22,88.19,88.21,393252,0
TLT.US,5,20251205,170000,88.22,88.23,88.19,88.21,282005,0
TLT.US,5,20251205,170500,88.21,88.23,88.18,88.185,449711,0
TLT.US,5,20251205,171000,88.185,88.19,88.15,88.155,390586,0
TLT.US,5,20251205,171500,88.1585,88.16,88.12,88.14,468010,0
TLT.US,5,20251205,172000,88.135,88.135,88.06,88.105,836240,0
TLT.US,5,20251205,172500,88.1,88.1155,88.06,88.091,345520,0
TLT.US,5,20251205,173000,88.09,88.121,88.09,88.1099,499564,0
TLT.US,5,20251205,173500,88.1,88.115,88.08,88.0977,223614,0
TLT.US,5,20251205,174000,88.09,88.14,88.08,88.12,282813,0
TLT.US,5,20251205,174500,88.119,88.2,88.119,88.17,506198,0
TLT.US,5,20251205,175000,88.175,88.19,88.16,88.17,436127,0
TLT.US,5,20251205,175500,88.175,88.2,88.17,88.19,294379,0
TLT.US,5,20251205,180000,88.195,88.195,88.17,88.18,183724,0
TLT.US,5,20251205,180500,88.19,88.23,88.185,88.23,192290,0
TLT.US,5,20251205,181000,88.225,88.26,88.225,88.235,264231,0
TLT.US,5,20251205,181500,88.235,88.24,88.2001,88.23,177061,0
TLT.US,5,20251205,182000,88.23,88.24,88.21,88.2103,380445,0
TLT.US,5,20251205,182500,88.21,88.225,88.17,88.175,439260,0
TLT.US,5,20251205,183000,88.175,88.185,88.13,88.14,407344,0
TLT.US,5,20251205,183500,88.15,88.15,88.11,88.115,121399,0
TLT.US,5,20251205,184000,88.11,88.12,88.09,88.1,272446,0
TLT.US,5,20251205,184500,88.1,88.1079,88.045,88.06,539057,0
TLT.US,5,20251205,185000,88.06,88.1099,88.055,88.1055,113840,0
TLT.US,5,20251205,185500,88.0993,88.11,88.07,88.0899,249430,0
TLT.US,5,20251205,190000,88.085,88.095,88.0733,88.075,143022,0
TLT.US,5,20251205,190500,88.075,88.1,88.075,88.0852,78375,0
TLT.US,5,20251205,191000,88.085,88.11,88.08,88.1,150946,0
TLT.US,5,20251205,191500,88.105,88.12,88.085,88.1099,152016,0
TLT.US,5,20251205,192000,88.1,88.125,88.08,88.115,251864,0
TLT.US,5,20251205,192500,88.115,88.1257,88.1057,88.1199,76339,0
TLT.US,5,20251205,193000,88.115,88.15,88.11,88.125,174930,0
TLT.US,5,20251205,193500,88.13,88.14,88.12,88.131,91038,0
TLT.US,5,20251205,194000,88.13,88.14,88.115,88.1201,144066,0
TLT.US,5,20251205,194500,88.12,88.12,88.09,88.1003,235975,0
TLT.US,5,20251205,195000,88.101,88.1099,88.08,88.1057,189227,0
TLT.US,5,20251205,195500,88.1003,88.11,88.09,88.095,166821,0
TLT.US,5,20251205,200000,88.095,88.12,88.0945,88.11624,116978,0
TLT.US,5,20251205,200500,88.11,88.13,88.11,88.125,89432,0
TLT.US,5,20251205,201000,88.13,88.145,88.125,88.14,141392,0
TLT.US,5,20251205,201500,88.14,88.14,88.12,88.12,187593,0
TLT.US,5,20251205,202000,88.1245,88.14,88.11,88.1241,77356,0
TLT.US,5,20251205,202500,88.1243,88.14,88.12,88.1345,102732,0
TLT.US,5,20251205,203000,88.135,88.155,88.12,88.15,135624,0
TLT.US,5,20251205,203500,88.145,88.17,88.145,88.1535,175085,0
TLT.US,5,20251205,204000,88.16,88.2255,88.155,88.22,308270,0
TLT.US,5,20251205,204500,88.22,88.22,88.2,88.2065,94833,0
TLT.US,5,20251205,205000,88.205,88.225,88.145,88.1699,429038,0
TLT.US,5,20251205,205500,88.17,88.18,88.15,88.17,195116,0
TLT.US,5,20251205,210000,88.17,88.17,88.13,88.135,143994,0
TLT.US,5,20251205,210500,88.14,88.15,88.125,88.13,132454,0
TLT.US,5,20251205,211000,88.14,88.15,88.115,88.145,198256,0
TLT.US,5,20251205,211500,88.15,88.15,88.12,88.135,242784,0
TLT.US,5,20251205,212000,88.13,88.17,88.13,88.165,109811,0
TLT.US,5,20251205,212500,88.1601,88.18,88.15,88.165,365943,0
TLT.US,5,20251205,213000,88.165,88.18,88.1645,88.1765,107527,0
TLT.US,5,20251205,213500,88.175,88.18,88.15,88.155,405382,0
TLT.US,5,20251205,214000,88.155,88.18,88.15,88.175,356801,0
TLT.US,5,20251205,214500,88.18,88.195,88.18,88.185,309633,0
TLT.US,5,20251205,215000,88.1899,88.1899,88.17,88.175,427143,0
TLT.US,5,20251205,215500,88.175,88.1765,88.15,88.17,3938341,0
TLT.US,5,20251208,153000,88.185,88.2,88.13,88.131,455732,0
TLT.US,5,20251208,153500,88.1339,88.15,88.11,88.15,282857,0
TLT.US,5,20251208,154000,88.15,88.15,88.02,88.04,439367,0
TLT.US,5,20251208,154500,88.04,88.04,87.895,87.905,789770,0
TLT.US,5,20251208,155000,87.9012,87.92,87.805,87.84,972513,0
TLT.US,5,20251208,155500,87.84,87.88,87.8236,87.855,619917,0
TLT.US,5,20251208,160000,87.85,87.86,87.805,87.815,398786,0
TLT.US,5,20251208,160500,87.81,87.8302,87.75,87.755,511718,0
TLT.US,5,20251208,161000,87.755,87.78,87.725,87.725,689153,0
TLT.US,5,20251208,161500,87.73,87.74,87.63,87.645,903749,0
TLT.US,5,20251208,162000,87.6455,87.69,87.61,87.67,500834,0
TLT.US,5,20251208,162500,87.67,87.745,87.66,87.69,691923,0
TLT.US,5,20251208,163000,87.69,87.69,87.59,87.625,654671,0
TLT.US,5,20251208,163500,87.625,87.6455,87.595,87.6,496999,0
TLT.US,5,20251208,164000,87.595,87.615,87.57,87.605,424250,0
TLT.US,5,20251208,164500,87.6067,87.6458,87.6,87.6107,251092,0
TLT.US,5,20251208,165000,87.615,87.635,87.58,87.612,490366,0
TLT.US,5,20251208,165500,87.61,87.65,87.57,87.57,814931,0
TLT.US,5,20251208,170000,87.56,87.685,87.56,87.66,792620,0
TLT.US,5,20251208,170500,87.665,87.69,87.645,87.665,352250,0
TLT.US,5,20251208,171000,87.665,87.7,87.6448,87.6645,220249,0
TLT.US,5,20251208,171500,87.665,87.745,87.665,87.74,219725,0
TLT.US,5,20251208,172000,87.7372,87.74,87.6529,87.66,276125,0
TLT.US,5,20251208,172500,87.655,87.695,87.655,87.68,199197,0
TLT.US,5,20251208,173000,87.68,87.72,87.67,87.7103,231347,0
TLT.US,5,20251208,173500,87.715,87.73,87.69,87.715,208498,0
TLT.US,5,20251208,174000,87.71,87.755,87.71,87.73,286380,0
TLT.US,5,20251208,174500,87.73,87.75,87.715,87.75,127964,0
TLT.US,5,20251208,175000,87.75,87.77,87.71,87.715,218459,0
TLT.US,5,20251208,175500,87.72,87.745,87.715,87.74,164925,0
TLT.US,5,20251208,180000,87.735,87.76,87.725,87.7348,206675,0
TLT.US,5,20251208,180500,87.732,87.74,87.72,87.73,103540,0
TLT.US,5,20251208,181000,87.73,87.74,87.7244,87.7399,79122,0
TLT.US,5,20251208,181500,87.74,87.77,87.74,87.755,175964,0
TLT.US,5,20251208,182000,87.755,87.78,87.7536,87.755,188807,0
TLT.US,5,20251208,182500,87.755,87.775,87.7401,87.755,209154,0
TLT.US,5,20251208,183000,87.76,87.77,87.72,87.73,205557,0
TLT.US,5,20251208,183500,87.72,87.72,87.65,87.66,369822,0
TLT.US,5,20251208,184000,87.66,87.695,87.65,87.685,159554,0
TLT.US,5,20251208,184500,87.685,87.7,87.675,87.685,249185,0
TLT.US,5,20251208,185000,87.685,87.69,87.67,87.675,204954,0
TLT.US,5,20251208,185500,87.675,87.68,87.65,87.6665,157742,0
TLT.US,5,20251208,190000,87.665,87.73,87.6641,87.6882,244958,0
TLT.US,5,20251208,190500,87.68,87.71,87.68,87.709,107750,0
TLT.US,5,20251208,191000,87.705,87.74,87.7001,87.739,268677,0
TLT.US,5,20251208,191500,87.735,87.78,87.73,87.76,135016,0
TLT.US,5,20251208,192000,87.7637,87.775,87.76,87.7691,118983,0
TLT.US,5,20251208,192500,87.765,87.77,87.76,87.76,67830,0
TLT.US,5,20251208,193000,87.765,87.82,87.7601,87.8164,322128,0
TLT.US,5,20251208,193500,87.815,87.85,87.815,87.8286,198546,0
TLT.US,5,20251208,194000,87.8296,87.86,87.825,87.86,140203,0
TLT.US,5,20251208,194500,87.8535,87.8799,87.84,87.84,217958,0
TLT.US,5,20251208,195000,87.845,87.85,87.821,87.825,74451,0
TLT.US,5,20251208,195500,87.8299,87.87,87.8202,87.855,129289,0
TLT.US,5,20251208,200000,87.855,87.87,87.815,87.83,236966,0
TLT.US,5,20251208,200500,87.825,87.86,87.825,87.86,109465,0
TLT.US,5,20251208,201000,87.86,87.86,87.83,87.845,133465,0
TLT.US,5,20251208,201500,87.845,87.86,87.83,87.86,136823,0
TLT.US,5,20251208,202000,87.86,87.9,87.86,87.885,298641,0
TLT.US,5,20251208,202500,87.89,87.93,87.88,87.92,410151,0
TLT.US,5,20251208,203000,87.919,87.93,87.88,87.88,456639,0
TLT.US,5,20251208,203500,87.88,87.89,87.8533,87.875,148844,0
TLT.US,5,20251208,204000,87.875,87.88,87.8501,87.855,115328,0
TLT.US,5,20251208,204500,87.855,87.865,87.845,87.855,123059,0
TLT.US,5,20251208,205000,87.8599,87.89,87.85,87.8758,225098,0
TLT.US,5,20251208,205500,87.87,87.87,87.82,87.8284,466119,0
TLT.US,5,20251208,210000,87.829,87.8562,87.81,87.81,531495,0
TLT.US,5,20251208,210500,87.8151,87.82,87.795,87.805,167705,0
TLT.US,5,20251208,211000,87.81,87.82,87.795,87.805,158535,0
TLT.US,5,20251208,211500,87.81,87.82,87.8,87.81,101052,0
TLT.US,5,20251208,212000,87.815,87.84,87.8,87.84,142980,0
TLT.US,5,20251208,212500,87.835,87.88,87.8301,87.88,132969,0
TLT.US,5,20251208,213000,87.88,87.89,87.87,87.8848,128688,0
TLT.US,5,20251208,213500,87.8866,87.91,87.88,87.9,300341,0
TLT.US,5,20251208,214000,87.905,87.91,87.89,87.9,471030,0
TLT.US,5,20251208,214500,87.905,87.91,87.89,87.895,665529,0
TLT.US,5,20251208,215000,87.895,87.93,87.89,87.915,628780,0
TLT.US,5,20251208,215500,87.915,87.93,87.88,87.88,5197741,0
TLT.US,5,20251209,153000,88.34,88.345,88.245,88.2865,766876,0
TLT.US,5,20251209,153500,88.285,88.29,88.22,88.24,525969,0
TLT.US,5,20251209,154000,88.24,88.2901,88.23,88.29,280195,0
TLT.US,5,20251209,154500,88.29,88.2903,88.235,88.255,404604,0
TLT.US,5,20251209,155000,88.255,88.275,88.22,88.225,541706,0
TLT.US,5,20251209,155500,88.23,88.24,88.21,88.22,497632,0
TLT.US,5,20251209,160000,88.23,88.24,87.89,87.9,2491683,0
TLT.US,5,20251209,160500,87.91,88.01,87.84,88,1034182,0
TLT.US,5,20251209,161000,87.9905,88.07,87.97,88.01,1040344,0
TLT.US,5,20251209,161500,88.01,88.09,88,88.055,430883,0
TLT.US,5,20251209,162000,88.055,88.09,88.02,88.09,335997,0
TLT.US,5,20251209,162500,88.09,88.1,88.04,88.055,122728,0
TLT.US,5,20251209,163000,88.05,88.1,88.03,88.04,279901,0
TLT.US,5,20251209,163500,88.03,88.035,87.93,87.93,395672,0
TLT.US,5,20251209,164000,87.935,88,87.925,87.9755,218830,0
TLT.US,5,20251209,164500,87.97,87.9955,87.96,87.98,182727,0
TLT.US,5,20251209,165000,87.9736,87.9899,87.925,87.935,176029,0
TLT.US,5,20251209,165500,87.935,87.935,87.895,87.931,316136,0
TLT.US,5,20251209,170000,87.935,87.97,87.935,87.955,257213,0
TLT.US,5,20251209,170500,87.955,88.02,87.95,88.02,333693,0
TLT.US,5,20251209,171000,88.025,88.04,87.995,88,398907,0
TLT.US,5,20251209,171500,88.005,88.02,87.99,87.9999,169229,0
TLT.US,5,20251209,172000,88,88.03,88,88,117526,0
TLT.US,5,20251209,172500,88,88.035,88,88.01,195075,0
TLT.US,5,20251209,173000,88.01,88.02607,87.99,88.02,149225,0
TLT.US,5,20251209,173500,88.02,88.05,88.01,88.02,119530,0
TLT.US,5,20251209,174000,88.01,88.0399,88,88.035,198938,0
TLT.US,5,20251209,174500,88.035,88.07,88.0231,88.07,93559,0
TLT.US,5,20251209,175000,88.075,88.17,88.06,88.12,433406,0
TLT.US,5,20251209,175500,88.115,88.12,88.0573,88.0928,213277,0
TLT.US,5,20251209,180000,88.1,88.12,88.085,88.1099,73029,0
TLT.US,5,20251209,180500,88.105,88.1201,88.09,88.11,177098,0
TLT.US,5,20251209,181000,88.11,88.12,88.09,88.1,167155,0
TLT.US,5,20251209,181500,88.095,88.1,88.065,88.08,100104,0
TLT.US,5,20251209,182000,88.07,88.095,88.07,88.075,128066,0
TLT.US,5,20251209,182500,88.075,88.0799,88.0338,88.045,69332,0
TLT.US,5,20251209,183000,88.0445,88.05,88.015,88.02,127769,0
TLT.US,5,20251209,183500,88.02,88.0499,88.02,88.045,51184,0
TLT.US,5,20251209,184000,88.04,88.0565,88.04,88.04,90034,0
TLT.US,5,20251209,184500,88.042,88.06,88.0301,88.05,254110,0
TLT.US,5,20251209,185000,88.0499,88.0799,88.0467,88.07,114105,0
TLT.US,5,20251209,185500,88.07,88.07,88.04,88.04,57090,0
TLT.US,5,20251209,190000,88.045,88.07,88,88.05,223586,0
TLT.US,5,20251209,190500,88.05,88.115,88.0436,88.105,112152,0
TLT.US,5,20251209,191000,88.1042,88.1042,88.055,88.06577,150726,0
TLT.US,5,20251209,191500,88.065,88.0799,88.021,88.03,184006,0
TLT.US,5,20251209,192000,88.0299,88.035,88.02,88.025,46158,0
TLT.US,5,20251209,192500,88.025,88.04,88.005,88.015,337640,0
TLT.US,5,20251209,193000,88.02,88.025,87.95,87.95,230552,0
TLT.US,5,20251209,193500,87.95,87.975,87.92,87.93,284371,0
TLT.US,5,20251209,194000,87.935,87.9695,87.93,87.945,104675,0
TLT.US,5,20251209,194500,87.94,87.9561,87.92,87.94,127450,0
TLT.US,5,20251209,195000,87.94,87.95,87.9,87.905,249152,0
TLT.US,5,20251209,195500,87.9,87.9,87.851,87.9,700152,0
TLT.US,5,20251209,200000,87.9,87.91,87.8936,87.90664,120255,0
TLT.US,5,20251209,200500,87.905,87.91,87.895,87.902,61044,0
TLT.US,5,20251209,201000,87.9,87.91,87.88,87.9,319192,0
TLT.US,5,20251209,201500,87.905,87.93,87.9,87.915,72520,0
TLT.US,5,20251209,202000,87.915,87.92,87.9,87.9126,170893,0
TLT.US,5,20251209,202500,87.91,87.9393,87.9,87.935,325424,0
TLT.US,5,20251209,203000,87.94,87.96,87.94,87.94,161150,0
TLT.US,5,20251209,203500,87.94,87.98,87.94,87.96,157861,0
TLT.US,5,20251209,204000,87.9665,87.9699,87.95,87.965,82058,0
TLT.US,5,20251209,204500,87.96,87.96,87.935,87.945,214123,0
TLT.US,5,20251209,205000,87.95,87.95,87.92,87.925,108709,0
TLT.US,5,20251209,205500,87.925,87.96,87.92,87.93,227310,0
TLT.US,5,20251209,210000,87.92,87.945,87.92,87.9297,199088,0
TLT.US,5,20251209,210500,87.93,87.945,87.92,87.935,205086,0
TLT.US,5,20251209,211000,87.94,87.96,87.94,87.95,175191,0
TLT.US,5,20251209,211500,87.955,87.98,87.95,87.965,113603,0
TLT.US,5,20251209,212000,87.96,87.97,87.96,87.969,50790,0
TLT.US,5,20251209,212500,87.9699,87.99,87.96,87.9858,151663,0
TLT.US,5,20251209,213000,87.98,87.99,87.97,87.99,134399,0
TLT.US,5,20251209,213500,87.985,87.99,87.97,87.97,119033,0
TLT.US,5,20251209,214000,87.975,87.99,87.94,87.945,234712,0
TLT.US,5,20251209,214500,87.945,87.975,87.94,87.96,180554,0
TLT.US,5,20251209,215000,87.96,87.99,87.95403,87.985,386975,0
TLT.US,5,20251209,215500,87.9815,87.985,87.95,87.97,2224587,0
TLT.US,5,20251210,153000,88,88.0698,87.99,88.03,378604,0
TLT.US,5,20251210,153500,88.03,88.0662,88.03,88.05,229217,0
TLT.US,5,20251210,154000,88.05,88.08,88.015,88.02,287992,0
TLT.US,5,20251210,154500,88.02,88.205,88.02,88.1201,695102,0
TLT.US,5,20251210,155000,88.125,88.18,88.12,88.145,387562,0
TLT.US,5,20251210,155500,88.145,88.16,88.13,88.14,249165,0
TLT.US,5,20251210,160000,88.145,88.245,88.145,88.24,806190,0
TLT.US,5,20251210,160500,88.24,88.3,88.22,88.285,644758,0
TLT.US,5,20251210,161000,88.285,88.32,88.24,88.27,617800,0
TLT.US,5,20251210,161500,88.265,88.27,88.22,88.235,258028,0
TLT.US,5,20251210,162000,88.24,88.27,88.23,88.26,298801,0
TLT.US,5,20251210,162500,88.26,88.28,88.25,88.265,120037,0
TLT.US,5,20251210,163000,88.2699,88.31,88.25,88.2801,262821,0
TLT.US,5,20251210,163500,88.2809,88.3,88.26,88.265,516536,0
TLT.US,5,20251210,164000,88.2665,88.28,88.25,88.27,205159,0
TLT.US,5,20251210,164500,88.27,88.28,88.23,88.24,308084,0
TLT.US,5,20251210,165000,88.2401,88.25,88.24,88.245,81768,0
TLT.US,5,20251210,165500,88.245,88.3,88.245,88.3,169993,0
TLT.US,5,20251210,170000,88.29,88.34,88.27,88.3299,365537,0
TLT.US,5,20251210,170500,88.32,88.32,88.29,88.2999,282590,0
TLT.US,5,20251210,171000,88.3,88.305,88.28,88.3,215530,0
TLT.US,5,20251210,171500,88.29,88.2978,88.2642,88.275,171396,0
TLT.US,5,20251210,172000,88.275,88.32,88.2726,88.315,155994,0
TLT.US,5,20251210,172500,88.315,88.34,88.31,88.325,348007,0
TLT.US,5,20251210,173000,88.33,88.34,88.32,88.34,41063,0
TLT.US,5,20251210,173500,88.34,88.35,88.32,88.32,135313,0
TLT.US,5,20251210,174000,88.32,88.3244,88.3,88.3,67496,0
TLT.US,5,20251210,174500,88.305,88.34,88.29,88.335,255086,0
TLT.US,5,20251210,175000,88.33,88.34,88.31,88.33,179723,0
TLT.US,5,20251210,175500,88.34,88.415,88.33,88.41,649064,0
TLT.US,5,20251210,180000,88.42,88.42,88.365,88.37,418923,0
TLT.US,5,20251210,180500,88.37,88.38,88.355,88.3744,138642,0
TLT.US,5,20251210,181000,88.375,88.395,88.365,88.375,189646,0
TLT.US,5,20251210,181500,88.375,88.39,88.355,88.375,128159,0
TLT.US,5,20251210,182000,88.375,88.41,88.365,88.385,289427,0
TLT.US,5,20251210,182500,88.385,88.385,88.3637,88.385,104744,0
TLT.US,5,20251210,183000,88.39,88.39,88.365,88.38,114701,0
TLT.US,5,20251210,183500,88.385,88.39,88.3401,88.3401,286959,0
TLT.US,5,20251210,184000,88.345,88.36,88.33,88.345,400643,0
TLT.US,5,20251210,184500,88.34,88.345,88.32,88.325,40282,0
TLT.US,5,20251210,185000,88.325,88.365,88.32,88.3401,460332,0
TLT.US,5,20251210,185500,88.3401,88.365,88.335,88.355,246905,0
TLT.US,5,20251210,190000,88.355,88.355,88.33,88.335,156624,0
TLT.US,5,20251210,190500,88.335,88.36,88.33,88.345,125547,0
TLT.US,5,20251210,191000,88.34,88.365,88.34,88.355,125178,0
TLT.US,5,20251210,191500,88.355,88.36,88.35,88.355,22628,0
TLT.US,5,20251210,192000,88.355,88.36,88.345,88.355,54438,0
TLT.US,5,20251210,192500,88.354,88.38,88.35,88.38,79611,0
TLT.US,5,20251210,193000,88.38,88.39,88.335,88.3399,168501,0
TLT.US,5,20251210,193500,88.34,88.34,88.22,88.2499,593352,0
TLT.US,5,20251210,194000,88.245,88.3,88.24,88.295,325263,0
TLT.US,5,20251210,194500,88.295,88.3,88.28,88.2801,205148,0
TLT.US,5,20251210,195000,88.285,88.3099,88.28,88.285,233197,0
TLT.US,5,20251210,195500,88.285,88.33,88.28,88.32,321866,0
TLT.US,5,20251210,200000,88.32,88.52,88.23,88.33,1544917,0
TLT.US,5,20251210,200500,88.33,88.35,88.19,88.205,830262,0
TLT.US,5,20251210,201000,88.205,88.24,88.03,88.07,933355,0
TLT.US,5,20251210,201500,88.065,88.175,88.065,88.155,586062,0
TLT.US,5,20251210,202000,88.155,88.16,88.035,88.05,461056,0
TLT.US,5,20251210,202500,88.055,88.09,87.95,87.985,856341,0
TLT.US,5,20251210,203000,87.99,88.22,87.96,88.18,838251,0
TLT.US,5,20251210,203500,88.175,88.303,87.995,88.14,1578166,0
TLT.US,5,20251210,204000,88.15,88.16,87.855,87.9017,1112463,0
TLT.US,5,20251210,204500,87.91,88.045,87.91,87.975,624374,0
TLT.US,5,20251210,205000,87.965,88.15,87.9,88.1,361891,0
TLT.US,5,20251210,205500,88.09,88.21,88.085,88.13,590991,0
TLT.US,5,20251210,210000,88.13,88.2,88.05,88.1704,424973,0
TLT.US,5,20251210,210500,88.1701,88.32,88.1622,88.27,696595,0
TLT.US,5,20251210,211000,88.28,88.36,88.24,88.3446,371937,0
TLT.US,5,20251210,211500,88.345,88.375,88.28,88.29,421324,0
TLT.US,5,20251210,212000,88.28,88.34,88.235,88.26,810240,0
TLT.US,5,20251210,212500,88.2614,88.32,88.245,88.32,370844,0
TLT.US,5,20251210,213000,88.32,88.325,88.275,88.305,579951,0
TLT.US,5,20251210,213500,88.31,88.32,88.275,88.275,351589,0
TLT.US,5,20251210,214000,88.275,88.315,88.245,88.295,658028,0
TLT.US,5,20251210,214500,88.295,88.3,88.27,88.2813,352822,0
TLT.US,5,20251210,215000,88.285,88.3,88.25,88.265,1294829,0
TLT.US,5,20251210,215500,88.26,88.31,88.255,88.31,9482841,0
TLT.US,5,20251211,153000,88.7,88.78,88.69,88.7729,607330,0
TLT.US,5,20251211,153500,88.775,88.8292,88.74,88.765,574396,0
TLT.US,5,20251211,154000,88.765,88.82,88.745,88.75,469188,0
TLT.US,5,20251211,154500,88.755,88.76,88.72,88.73,366144,0
TLT.US,5,20251211,155000,88.7399,88.77,88.72,88.745,397431,0
TLT.US,5,20251211,155500,88.745,88.8,88.725,88.75,608583,0
TLT.US,5,20251211,160000,88.75,88.755,88.63,88.63,514028,0
TLT.US,5,20251211,160500,88.635,88.67,88.595,88.64,342359,0
TLT.US,5,20251211,161000,88.64,88.7,88.64,88.64,390858,0
TLT.US,5,20251211,161500,88.64,88.66,88.595,88.625,326301,0
TLT.US,5,20251211,162000,88.63,88.67,88.61,88.655,291701,0
TLT.US,5,20251211,162500,88.6569,88.66,88.64,88.65,165334,0
TLT.US,5,20251211,163000,88.655,88.69,88.64,88.67,181981,0
TLT.US,5,20251211,163500,88.67,88.67,88.605,88.6107,205472,0
TLT.US,5,20251211,164000,88.615,88.64,88.595,88.61,252188,0
TLT.US,5,20251211,164500,88.6101,88.66,88.61,88.64,148063,0
TLT.US,5,20251211,165000,88.64,88.66,88.53,88.545,267500,0
TLT.US,5,20251211,165500,88.545,88.55,88.48,88.48,237474,0
TLT.US,5,20251211,170000,88.49,88.543,88.47,88.531,224177,0
TLT.US,5,20251211,170500,88.53,88.5699,88.515,88.521,232899,0
TLT.US,5,20251211,171000,88.52,88.55,88.505,88.53,155362,0
TLT.US,5,20251211,171500,88.5345,88.54,88.48,88.51,241504,0
TLT.US,5,20251211,172000,88.505,88.53,88.49,88.5,123959,0
TLT.US,5,20251211,172500,88.5002,88.5002,88.47,88.495,157714,0
TLT.US,5,20251211,173000,88.4965,88.555,88.49,88.525,203205,0
TLT.US,5,20251211,173500,88.52,88.53,88.49,88.5,126372,0
TLT.US,5,20251211,174000,88.505,88.525,88.49,88.51,143066,0
TLT.US,5,20251211,174500,88.51,88.5455,88.5,88.53,245288,0
TLT.US,5,20251211,175000,88.53119,88.58,88.53,88.57,158830,0
TLT.US,5,20251211,175500,88.57,88.58,88.55,88.56,104560,0
TLT.US,5,20251211,180000,88.5681,88.625,88.54,88.61,270138,0
TLT.US,5,20251211,180500,88.615,88.64,88.585,88.585,172432,0
TLT.US,5,20251211,181000,88.585,88.62,88.5701,88.605,70315,0
TLT.US,5,20251211,181500,88.605,88.625,88.595,88.6001,83691,0
TLT.US,5,20251211,182000,88.61,88.62,88.575,88.595,185965,0
TLT.US,5,20251211,182500,88.59,88.61,88.5839,88.5839,144181,0
TLT.US,5,20251211,183000,88.5826,88.5826,88.55,88.55,151023,0
TLT.US,5,20251211,183500,88.55,88.565,88.51,88.52,152705,0
TLT.US,5,20251211,184000,88.515,88.515,88.42,88.42,260447,0
TLT.US,5,20251211,184500,88.42,88.46,88.405,88.455,268290,0
TLT.US,5,20251211,185000,88.46,88.4756,88.43,88.465,223458,0
TLT.US,5,20251211,185500,88.46,88.475,88.435,88.465,352500,0
TLT.US,5,20251211,190000,88.4645,88.475,88.405,88.415,333712,0
TLT.US,5,20251211,190500,88.41,88.48,88.39,88.47,357455,0
TLT.US,5,20251211,191000,88.47,88.48,88.445,88.48,106762,0
TLT.US,5,20251211,191500,88.475,88.49,88.46,88.46,119319,0
TLT.US,5,20251211,192000,88.4655,88.48,88.43,88.44,266894,0
TLT.US,5,20251211,192500,88.44,88.465,88.415,88.4574,212093,0
TLT.US,5,20251211,193000,88.455,88.5,88.455,88.4901,200181,0
TLT.US,5,20251211,193500,88.495,88.495,88.4601,88.47,231779,0
TLT.US,5,20251211,194000,88.465,88.4935,88.4538,88.4699,200846,0
TLT.US,5,20251211,194500,88.465,88.4699,88.43,88.44,60093,0
TLT.US,5,20251211,195000,88.44,88.4591,88.43,88.43,64956,0
TLT.US,5,20251211,195500,88.435,88.44,88.4,88.4,282450,0
TLT.US,5,20251211,200000,88.4,88.41,88.25,88.265,810910,0
TLT.US,5,20251211,200500,88.27,88.29,88.24,88.25,240471,0
TLT.US,5,20251211,201000,88.24,88.245,88.185,88.21,568206,0
TLT.US,5,20251211,201500,88.205,88.21,88.185,88.1945,161799,0
TLT.US,5,20251211,202000,88.195,88.23,88.18,88.225,334551,0
TLT.US,5,20251211,202500,88.225,88.26,88.22,88.225,371644,0
TLT.US,5,20251211,203000,88.225,88.24,88.2201,88.235,298322,0
TLT.US,5,20251211,203500,88.235,88.24,88.2,88.235,608321,0
TLT.US,5,20251211,204000,88.235,88.24,88.22,88.225,358518,0
TLT.US,5,20251211,204500,88.2244,88.295,88.22,88.285,501234,0
TLT.US,5,20251211,205000,88.285,88.3,88.26,88.265,171577,0
TLT.US,5,20251211,205500,88.265,88.275,88.235,88.25,625797,0
TLT.US,5,20251211,210000,88.2492,88.25,88.205,88.2145,224776,0
TLT.US,5,20251211,210500,88.21,88.23,88.2,88.22,141479,0
TLT.US,5,20251211,211000,88.225,88.227,88.19,88.19,200545,0
TLT.US,5,20251211,211500,88.195,88.2,88.16,88.195,355402,0
TLT.US,5,20251211,212000,88.19,88.21,88.19,88.21,167262,0
TLT.US,5,20251211,212500,88.2083,88.25,88.205,88.231,148000,0
TLT.US,5,20251211,213000,88.2325,88.26,88.215,88.2535,339092,0
TLT.US,5,20251211,213500,88.255,88.2599,88.22,88.24,206096,0
TLT.US,5,20251211,214000,88.245,88.26,88.23,88.25,218036,0
TLT.US,5,20251211,214500,88.245,88.26,88.23,88.245,305672,0
TLT.US,5,20251211,215000,88.24,88.246,88.205,88.205,455173,0
TLT.US,5,20251211,215500,88.2,88.205,88.16,88.2,3065280,0
TLT.US,5,20251212,153000,87.375,87.44,87.35,87.4366,1295918,0
TLT.US,5,20251212,153500,87.435,87.465,87.41,87.42,906602,0
TLT.US,5,20251212,154000,87.42,87.46,87.3801,87.41,638386,0
TLT.US,5,20251212,154500,87.415,87.45,87.385,87.43,398356,0
TLT.US,5,20251212,155000,87.425,87.465,87.42,87.4592,395871,0
TLT.US,5,20251212,155500,87.45,87.46,87.42,87.445,388450,0
TLT.US,5,20251212,160000,87.4488,87.48,87.4245,87.48,399034,0
TLT.US,5,20251212,160500,87.47,87.4859,87.44,87.4645,233334,0
TLT.US,5,20251212,161000,87.46,87.46,87.35,87.3746,584007,0
TLT.US,5,20251212,161500,87.38,87.41,87.35,87.395,550636,0
TLT.US,5,20251212,162000,87.39,87.41,87.365,87.4,277152,0
TLT.US,5,20251212,162500,87.395,87.435,87.38,87.425,314631,0
TLT.US,5,20251212,163000,87.43,87.49,87.43,87.45,725008,0
TLT.US,5,20251212,163500,87.45068,87.49,87.45,87.485,270464,0
TLT.US,5,20251212,164000,87.4853,87.495,87.37,87.3701,489762,0
TLT.US,5,20251212,164500,87.37,87.38,87.34,87.355,813813,0
TLT.US,5,20251212,165000,87.3563,87.37,87.3331,87.36,249868,0
TLT.US,5,20251212,165500,87.36594,87.4459,87.35,87.43,283923,0
TLT.US,5,20251212,170000,87.4301,87.44,87.35,87.385,843616,0
TLT.US,5,20251212,170500,87.38,87.385,87.3,87.31,621492,0
TLT.US,5,20251212,171000,87.32,87.395,87.32,87.355,511193,0
TLT.US,5,20251212,171500,87.36,87.38,87.3235,87.34,305235,0
TLT.US,5,20251212,172000,87.34,87.375,87.31,87.33,366858,0
TLT.US,5,20251212,172500,87.335,87.35,87.2801,87.305,480634,0
TLT.US,5,20251212,173000,87.31,87.315,87.19,87.21,582679,0
TLT.US,5,20251212,173500,87.215,87.26,87.19,87.244,445309,0
TLT.US,5,20251212,174000,87.245,87.2952,87.235,87.285,431997,0
TLT.US,5,20251212,174500,87.2874,87.35,87.285,87.31,830067,0
TLT.US,5,20251212,175000,87.305,87.35,87.3,87.32,231731,0
TLT.US,5,20251212,175500,87.32,87.32,87.285,87.3099,163057,0
TLT.US,5,20251212,180000,87.305,87.315,87.28,87.31,207327,0
TLT.US,5,20251212,180500,87.315,87.315,87.265,87.28,285830,0
TLT.US,5,20251212,181000,87.285,87.355,87.28,87.355,317824,0
TLT.US,5,20251212,181500,87.355,87.38,87.34,87.36,180291,0
TLT.US,5,20251212,182000,87.36,87.43,87.35,87.41,387431,0
TLT.US,5,20251212,182500,87.41,87.4151,87.38,87.41,291038,0
TLT.US,5,20251212,183000,87.41,87.43,87.36,87.365,217598,0
TLT.US,5,20251212,183500,87.365,87.38,87.33,87.34,163333,0
TLT.US,5,20251212,184000,87.3369,87.37,87.33,87.345,266664,0
TLT.US,5,20251212,184500,87.345,87.3469,87.315,87.3399,223356,0
TLT.US,5,20251212,185000,87.335,87.35,87.33,87.335,88396,0
TLT.US,5,20251212,185500,87.335,87.34,87.32,87.335,64853,0
TLT.US,5,20251212,190000,87.339,87.339,87.2936,87.295,318438,0
TLT.US,5,20251212,190500,87.3,87.325,87.29,87.3,172385,0
TLT.US,5,20251212,191000,87.3,87.33,87.295,87.315,285593,0
TLT.US,5,20251212,191500,87.32,87.32,87.3,87.3099,101990,0
TLT.US,5,20251212,192000,87.305,87.33,87.3,87.325,248661,0
TLT.US,5,20251212,192500,87.3242,87.36,87.32,87.335,303526,0
TLT.US,5,20251212,193000,87.335,87.34,87.31,87.33,209318,0
TLT.US,5,20251212,193500,87.33,87.33,87.3118,87.326,110858,0
TLT.US,5,20251212,194000,87.32,87.33,87.3,87.325,235965,0
TLT.US,5,20251212,194500,87.32,87.34,87.3,87.3113,164812,0
TLT.US,5,20251212,195000,87.315,87.3285,87.3,87.325,180937,0
TLT.US,5,20251212,195500,87.325,87.36,87.31,87.355,201853,0
TLT.US,5,20251212,200000,87.355,87.355,87.32,87.325,1548988,0
TLT.US,5,20251212,200500,87.325,87.34,87.295,87.2997,164788,0
TLT.US,5,20251212,201000,87.3,87.31,87.27,87.275,288152,0
TLT.US,5,20251212,201500,87.275,87.3,87.275,87.295,186493,0
TLT.US,5,20251212,202000,87.295,87.3,87.29,87.29,69380,0
TLT.US,5,20251212,202500,87.2936,87.3,87.28,87.285,119323,0
TLT.US,5,20251212,203000,87.285,87.32,87.28,87.305,201804,0
TLT.US,5,20251212,203500,87.31,87.31,87.295,87.31,158036,0
TLT.US,5,20251212,204000,87.305,87.32,87.285,87.319,455784,0
TLT.US,5,20251212,204500,87.3193,87.32,87.31,87.31,119552,0
TLT.US,5,20251212,205000,87.31,87.33,87.305,87.32,324273,0
TLT.US,5,20251212,205500,87.315,87.3261,87.29,87.315,272739,0
TLT.US,5,20251212,210000,87.31,87.33,87.3,87.3143,365705,0
TLT.US,5,20251212,210500,87.3169,87.325,87.3047,87.3145,104486,0
TLT.US,5,20251212,211000,87.31,87.32,87.2938,87.295,156808,0
TLT.US,5,20251212,211500,87.2943,87.325,87.29,87.31,162055,0
TLT.US,5,20251212,212000,87.315,87.33,87.305,87.325,188115,0
TLT.US,5,20251212,212500,87.325,87.32686,87.3,87.305,209378,0
TLT.US,5,20251212,213000,87.305,87.32,87.3,87.318,173195,0
TLT.US,5,20251212,213500,87.32,87.335,87.3135,87.3259,236205,0
TLT.US,5,20251212,214000,87.325,87.325,87.2901,87.3001,315185,0
TLT.US,5,20251212,214500,87.3026,87.3026,87.28,87.294,939592,0
TLT.US,5,20251212,215000,87.29,87.37,87.29,87.37,858406,0
TLT.US,5,20251212,215500,87.37,87.38,87.33,87.34,11010365,0
TLT.US,5,20251215,153000,87.715,87.7974,87.71,87.78,927177,0
TLT.US,5,20251215,153500,87.7797,87.795,87.735,87.765,461298,0
TLT.US,5,20251215,154000,87.7603,87.83,87.755,87.81,474665,0
TLT.US,5,20251215,154500,87.81,87.82,87.7542,87.795,460913,0
TLT.US,5,20251215,155000,87.795,87.815,87.7718,87.805,661890,0
TLT.US,5,20251215,155500,87.81,87.83,87.79,87.805,314520,0
TLT.US,5,20251215,160000,87.805,87.88,87.7945,87.855,424596,0
TLT.US,5,20251215,160500,87.855,87.86,87.775,87.8,313895,0
TLT.US,5,20251215,161000,87.81,87.81,87.755,87.77,361488,0
TLT.US,5,20251215,161500,87.77,87.8,87.75,87.75,392722,0
TLT.US,5,20251215,162000,87.745,87.81,87.7238,87.8074,810835,0
TLT.US,5,20251215,162500,87.81,87.83,87.78,87.7899,283356,0
TLT.US,5,20251215,163000,87.785,87.795,87.7345,87.765,380752,0
TLT.US,5,20251215,163500,87.76,87.79,87.75,87.765,323239,0
TLT.US,5,20251215,164000,87.77,87.79,87.7443,87.745,207779,0
TLT.US,5,20251215,164500,87.74,87.75,87.71,87.74,311822,0
TLT.US,5,20251215,165000,87.7464,87.79,87.735,87.765,226566,0
TLT.US,5,20251215,165500,87.77,87.789,87.72,87.725,521230,0
TLT.US,5,20251215,170000,87.725,87.74,87.68,87.74,293728,0
TLT.US,5,20251215,170500,87.735,87.755,87.6901,87.7,217535,0
TLT.US,5,20251215,171000,87.7,87.74,87.69,87.735,308729,0
TLT.US,5,20251215,171500,87.735,87.735,87.69,87.69,142478,0
TLT.US,5,20251215,172000,87.695,87.715,87.68,87.695,344752,0
TLT.US,5,20251215,172500,87.6958,87.6958,87.65,87.66,234719,0
TLT.US,5,20251215,173000,87.6543,87.665,87.61,87.62,360183,0
TLT.US,5,20251215,173500,87.62,87.6258,87.56,87.58,460344,0
TLT.US,5,20251215,174000,87.58,87.5899,87.53,87.555,295296,0
TLT.US,5,20251215,174500,87.555,87.555,87.52,87.53,522584,0
TLT.US,5,20251215,175000,87.535,87.5575,87.53,87.5458,306419,0
TLT.US,5,20251215,175500,87.54,87.56,87.535,87.54,165652,0
TLT.US,5,20251215,180000,87.54,87.54,87.45,87.475,279017,0
TLT.US,5,20251215,180500,87.475,87.48,87.46,87.4755,104530,0
TLT.US,5,20251215,181000,87.48,87.5,87.46,87.48,220881,0
TLT.US,5,20251215,181500,87.475,87.48,87.46,87.46,149303,0
TLT.US,5,20251215,182000,87.46,87.4872,87.46,87.48,68292,0
TLT.US,5,20251215,182500,87.475,87.4799,87.4542,87.455,174059,0
TLT.US,5,20251215,183000,87.46,87.49,87.455,87.485,138513,0
TLT.US,5,20251215,183500,87.48,87.505,87.47,87.5,126722,0
TLT.US,5,20251215,184000,87.49,87.5,87.48,87.4838,102703,0
TLT.US,5,20251215,184500,87.4801,87.505,87.4801,87.5,83286,0
TLT.US,5,20251215,185000,87.51,87.54588,87.5,87.53,275333,0
TLT.US,5,20251215,185500,87.53,87.555,87.515,87.52,231250,0
TLT.US,5,20251215,190000,87.52,87.5264,87.49,87.5,127522,0
TLT.US,5,20251215,190500,87.5,87.505,87.48,87.485,58259,0
TLT.US,5,20251215,191000,87.485,87.49,87.4701,87.48,77206,0
TLT.US,5,20251215,191500,87.48,87.48,87.45,87.46,114764,0
TLT.US,5,20251215,192000,87.455,87.47,87.42,87.4368,276635,0
TLT.US,5,20251215,192500,87.43,87.44,87.42,87.4301,58587,0
TLT.US,5,20251215,193000,87.4357,87.4357,87.4,87.405,117004,0
TLT.US,5,20251215,193500,87.4099,87.43,87.4,87.43,160682,0
TLT.US,5,20251215,194000,87.42,87.4899,87.42,87.48,312370,0
TLT.US,5,20251215,194500,87.485,87.485,87.4542,87.46,92291,0
TLT.US,5,20251215,195000,87.46,87.4699,87.4302,87.44,122052,0
TLT.US,5,20251215,195500,87.4337,87.44,87.4101,87.435,59484,0
TLT.US,5,20251215,200000,87.4307,87.445,87.43,87.435,85053,0
TLT.US,5,20251215,200500,87.435,87.44,87.415,87.43,99596,0
TLT.US,5,20251215,201000,87.44,87.445,87.41,87.41,143025,0
TLT.US,5,20251215,201500,87.415,87.4199,87.4,87.415,92171,0
TLT.US,5,20251215,202000,87.415,87.425,87.4,87.415,114916,0
TLT.US,5,20251215,202500,87.4103,87.418,87.4,87.4043,88212,0
TLT.US,5,20251215,203000,87.4099,87.4159,87.4045,87.4159,95842,0
TLT.US,5,20251215,203500,87.415,87.4199,87.4,87.414,150473,0
TLT.US,5,20251215,204000,87.41,87.41,87.4,87.405,54534,0
TLT.US,5,20251215,204500,87.41,87.42,87.4,87.404,108385,0
TLT.US,5,20251215,205000,87.41,87.435,87.405,87.4242,132495,0
TLT.US,5,20251215,205500,87.42,87.4357,87.41,87.42,342331,0
TLT.US,5,20251215,210000,87.42,87.42,87.41,87.42,112964,0
TLT.US,5,20251215,210500,87.425,87.43,87.41,87.4199,76031,0
TLT.US,5,20251215,211000,87.415,87.45,87.415,87.4475,123698,0
TLT.US,5,20251215,211500,87.445,87.505,87.44,87.505,94031,0
TLT.US,5,20251215,212000,87.505,87.51,87.4701,87.475,111207,0
TLT.US,5,20251215,212500,87.4756,87.48,87.455,87.47,389716,0
TLT.US,5,20251215,213000,87.4699,87.48,87.425,87.4255,515877,0
TLT.US,5,20251215,213500,87.425,87.43,87.4126,87.4135,126874,0
TLT.US,5,20251215,214000,87.415,87.43,87.39,87.4,709408,0
TLT.US,5,20251215,214500,87.405,87.425,87.4,87.42,296822,0
TLT.US,5,20251215,215000,87.42,87.44,87.41,87.4301,498278,0
TLT.US,5,20251215,215500,87.43,87.44,87.4,87.415,2109953,0
TLT.US,5,20251216,153000,87.185,87.255,87.17,87.25,967796,0
TLT.US,5,20251216,153500,87.25,87.33,87.245,87.28,630712,0
TLT.US,5,20251216,154000,87.28,87.43,87.275,87.415,848991,0
TLT.US,5,20251216,154500,87.415,87.5,87.3532,87.4,1039511,0
TLT.US,5,20251216,155000,87.4,87.455,87.365,87.445,577013,0
TLT.US,5,20251216,155500,87.445,87.52,87.4301,87.51,556387,0
TLT.US,5,20251216,160000,87.51,87.63,87.505,87.575,1336320,0
TLT.US,5,20251216,160500,87.58,87.65,87.57,87.6041,700954,0
TLT.US,5,20251216,161000,87.61,87.6313,87.54,87.5628,523218,0
TLT.US,5,20251216,161500,87.565,87.645,87.565,87.64,386681,0
TLT.US,5,20251216,162000,87.64,87.69,87.63,87.69,868433,0
TLT.US,5,20251216,162500,87.69,87.765,87.69,87.73,925437,0
TLT.US,5,20251216,163000,87.72,87.73,87.65,87.6698,588635,0
TLT.US,5,20251216,163500,87.6641,87.6656,87.55,87.6152,444348,0
TLT.US,5,20251216,164000,87.62,87.6435,87.565,87.57,313523,0
TLT.US,5,20251216,164500,87.5733,87.58,87.54,87.57,228686,0
TLT.US,5,20251216,165000,87.565,87.62,87.565,87.605,139673,0
TLT.US,5,20251216,165500,87.6,87.6005,87.485,87.495,391192,0
TLT.US,5,20251216,170000,87.5,87.51,87.44,87.5,318282,0
TLT.US,5,20251216,170500,87.495,87.55,87.4799,87.525,282564,0
TLT.US,5,20251216,171000,87.526,87.63,87.505,87.63,416188,0
TLT.US,5,20251216,171500,87.625,87.65,87.595,87.645,569063,0
TLT.US,5,20251216,172000,87.65,87.68,87.63,87.66,362619,0
TLT.US,5,20251216,172500,87.661,87.6856,87.6501,87.665,266616,0
TLT.US,5,20251216,173000,87.67,87.68,87.62,87.645,303208,0
TLT.US,5,20251216,173500,87.65,87.785,87.6497,87.7737,636590,0
TLT.US,5,20251216,174000,87.775,87.82,87.745,87.77,693012,0
TLT.US,5,20251216,174500,87.77,87.7793,87.72377,87.73,370702,0
TLT.US,5,20251216,175000,87.73,87.75,87.725,87.735,325475,0
TLT.US,5,20251216,175500,87.73,87.74,87.69,87.70329,304789,0
TLT.US,5,20251216,180000,87.704,87.705,87.6398,87.685,522163,0
TLT.US,5,20251216,180500,87.69,87.72,87.69,87.71,138781,0
TLT.US,5,20251216,181000,87.705,87.74,87.7,87.71,143281,0
TLT.US,5,20251216,181500,87.705,87.73,87.695,87.7,157813,0
TLT.US,5,20251216,182000,87.71,87.81,87.705,87.79,192616,0
TLT.US,5,20251216,182500,87.79,87.8,87.775,87.78,116209,0
TLT.US,5,20251216,183000,87.78,87.84,87.76,87.805,269522,0
TLT.US,5,20251216,183500,87.81,87.8101,87.775,87.8,151810,0
TLT.US,5,20251216,184000,87.8,87.8084,87.7526,87.77,111340,0
TLT.US,5,20251216,184500,87.7678,87.78,87.73,87.7401,167089,0
TLT.US,5,20251216,185000,87.74573,87.74573,87.7,87.72,155304,0
TLT.US,5,20251216,185500,87.7142,87.72,87.701,87.72,135067,0
TLT.US,5,20251216,190000,87.72,87.735,87.695,87.7,162128,0
TLT.US,5,20251216,190500,87.695,87.725,87.66,87.675,564288,0
TLT.US,5,20251216,191000,87.67,87.685,87.6642,87.665,78421,0
TLT.US,5,20251216,191500,87.665,87.7261,87.665,87.715,209243,0
TLT.US,5,20251216,192000,87.72,87.73,87.71,87.7179,297983,0
TLT.US,5,20251216,192500,87.715,87.725,87.71,87.7199,340454,0
TLT.US,5,20251216,193000,87.715,87.715,87.665,87.665,187827,0
TLT.US,5,20251216,193500,87.665,87.69,87.65,87.6742,145655,0
TLT.US,5,20251216,194000,87.675,87.695,87.67,87.695,160690,0
TLT.US,5,20251216,194500,87.6901,87.71,87.6901,87.695,94216,0
TLT.US,5,20251216,195000,87.695,87.7165,87.69,87.7001,246968,0
TLT.US,5,20251216,195500,87.705,87.705,87.6901,87.691,55078,0
TLT.US,5,20251216,200000,87.695,87.72,87.685,87.6959,233004,0
TLT.US,5,20251216,200500,87.6997,87.7,87.69,87.69,83954,0
TLT.US,5,20251216,201000,87.695,87.725,87.69,87.725,147313,0
TLT.US,5,20251216,201500,87.725,87.75,87.7234,87.7462,99739,0
TLT.US,5,20251216,202000,87.745,87.77,87.74,87.75,123947,0
TLT.US,5,20251216,202500,87.755,87.7964,87.675,87.7845,594362,0
TLT.US,5,20251216,203000,87.79,87.84,87.785,87.81,333775,0
TLT.US,5,20251216,203500,87.815,87.82,87.775,87.775,69691,0
TLT.US,5,20251216,204000,87.78,87.81,87.75,87.7801,280951,0
TLT.US,5,20251216,204500,87.7801,87.87,87.78,87.8367,189612,0
TLT.US,5,20251216,205000,87.835,87.8562,87.83,87.8558,128593,0
TLT.US,5,20251216,205500,87.85,87.86,87.825,87.835,240081,0
TLT.US,5,20251216,210000,87.835,87.89,87.83,87.88,322386,0
TLT.US,5,20251216,210500,87.87,87.89,87.85,87.875,238503,0
TLT.US,5,20251216,211000,87.87,87.89,87.855,87.89,133554,0
TLT.US,5,20251216,211500,87.885,87.9,87.87,87.895,584832,0
TLT.US,5,20251216,212000,87.895,87.92,87.89,87.92,125398,0
TLT.US,5,20251216,212500,87.915,87.92,87.8901,87.8901,165825,0
TLT.US,5,20251216,213000,87.9,87.9,87.87,87.88,211319,0
TLT.US,5,20251216,213500,87.88,87.89,87.87,87.88,208970,0
TLT.US,5,20251216,214000,87.874,87.89,87.86,87.865,332104,0
TLT.US,5,20251216,214500,87.86,87.89,87.86,87.885,206554,0
TLT.US,5,20251216,215000,87.88,87.92,87.88,87.905,1197029,0
TLT.US,5,20251216,215500,87.905,87.92,87.875,87.905,1794855,0
TLT.US,5,20251217,153000,87.625,87.67,87.5801,87.625,407547,0
TLT.US,5,20251217,153500,87.63,87.68,87.62,87.67,211477,0
TLT.US,5,20251217,154000,87.675,87.77,87.675,87.725,279991,0
TLT.US,5,20251217,154500,87.72,87.745,87.685,87.69,213293,0
TLT.US,5,20251217,155000,87.685,87.755,87.68,87.75,129431,0
TLT.US,5,20251217,155500,87.7556,87.79,87.75,87.76,417959,0
TLT.US,5,20251217,160000,87.76,87.77,87.725,87.735,172483,0
TLT.US,5,20251217,160500,87.73,87.77,87.73,87.762,187504,0
TLT.US,5,20251217,161000,87.76,87.79,87.75,87.7818,305431,0
TLT.US,5,20251217,161500,87.785,87.8,87.77,87.79,269821,0
TLT.US,5,20251217,162000,87.796,87.8162,87.75,87.77,269965,0
TLT.US,5,20251217,162500,87.7756,87.85,87.76,87.85,173060,0
TLT.US,5,20251217,163000,87.85,87.91,87.82,87.89,878329,0
TLT.US,5,20251217,163500,87.885,87.985,87.885,87.9799,428721,0
TLT.US,5,20251217,164000,87.98,87.9856,87.94,87.94,464968,0
TLT.US,5,20251217,164500,87.935,87.96,87.9,87.92,723704,0
TLT.US,5,20251217,165000,87.92,87.965,87.92,87.955,270373,0
TLT.US,5,20251217,165500,87.95,87.9674,87.94,87.96,210768,0
TLT.US,5,20251217,170000,87.955,87.955,87.79,87.815,422847,0
TLT.US,5,20251217,170500,87.81,87.82,87.76,87.81,352630,0
TLT.US,5,20251217,171000,87.805,87.82,87.78,87.8,289221,0
TLT.US,5,20251217,171500,87.805,87.82,87.77,87.8,313377,0
TLT.US,5,20251217,172000,87.8,87.815,87.745,87.75,107805,0
TLT.US,5,20251217,172500,87.74,87.745,87.66,87.705,398820,0
TLT.US,5,20251217,173000,87.7,87.77,87.7,87.765,355338,0
TLT.US,5,20251217,173500,87.77,87.77,87.73,87.75,382123,0
TLT.US,5,20251217,174000,87.75,87.76,87.705,87.75,249388,0
TLT.US,5,20251217,174500,87.7503,87.755,87.72,87.745,125017,0
TLT.US,5,20251217,175000,87.74,87.75,87.7,87.715,159273,0
TLT.US,5,20251217,175500,87.71,87.73,87.705,87.71,79146,0
TLT.US,5,20251217,180000,87.71,87.76,87.71,87.75,127138,0
TLT.US,5,20251217,180500,87.74,87.745,87.7062,87.715,271788,0
TLT.US,5,20251217,181000,87.715,87.735,87.7,87.7302,297953,0
TLT.US,5,20251217,181500,87.735,87.745,87.72,87.7301,119838,0
TLT.US,5,20251217,182000,87.73,87.74,87.705,87.7201,139665,0
TLT.US,5,20251217,182500,87.73,87.74,87.72,87.74,87431,0
TLT.US,5,20251217,183000,87.745,87.775,87.74,87.75,126033,0
TLT.US,5,20251217,183500,87.755,87.765,87.735,87.75,185356,0
TLT.US,5,20251217,184000,87.751,87.755,87.72,87.7297,132911,0
TLT.US,5,20251217,184500,87.72,87.75,87.72,87.73,368361,0
TLT.US,5,20251217,185000,87.725,87.7362,87.6684,87.7,177818,0
TLT.US,5,20251217,185500,87.695,87.7067,87.67,87.69,188222,0
TLT.US,5,20251217,190000,87.695,87.75,87.68,87.745,172856,0
TLT.US,5,20251217,190500,87.745,87.78,87.73,87.765,156398,0
TLT.US,5,20251217,191000,87.77,87.78,87.75,87.75,74743,0
TLT.US,5,20251217,191500,87.76,87.78,87.74,87.745,196999,0
TLT.US,5,20251217,192000,87.745,87.75,87.735,87.745,79062,0
TLT.US,5,20251217,192500,87.7419,87.75,87.705,87.71,228470,0
TLT.US,5,20251217,193000,87.71,87.73,87.71,87.71,49346,0
TLT.US,5,20251217,193500,87.7142,87.72,87.71,87.715,45159,0
TLT.US,5,20251217,194000,87.715,87.7362,87.67,87.6799,202459,0
TLT.US,5,20251217,194500,87.6733,87.69,87.665,87.685,135126,0
TLT.US,5,20251217,195000,87.685,87.7062,87.6772,87.6999,122083,0
TLT.US,5,20251217,195500,87.7,87.7099,87.69,87.7,73616,0
TLT.US,5,20251217,200000,87.7,87.705,87.68,87.7,100008,0
TLT.US,5,20251217,200500,87.6951,87.73,87.6946,87.72,78312,0
TLT.US,5,20251217,201000,87.72,87.785,87.705,87.78,456968,0
TLT.US,5,20251217,201500,87.785,87.79,87.755,87.765,152220,0
TLT.US,5,20251217,202000,87.76,87.765,87.7484,87.76,123578,0
TLT.US,5,20251217,202500,87.755,87.78,87.75,87.775,144838,0
TLT.US,5,20251217,203000,87.78,87.8,87.7735,87.8,138980,0
TLT.US,5,20251217,203500,87.795,87.82,87.79,87.8001,145868,0
TLT.US,5,20251217,204000,87.81,87.82,87.81,87.8169,64744,0
TLT.US,5,20251217,204500,87.82,87.82,87.81,87.82,36624,0
TLT.US,5,20251217,205000,87.82,87.835,87.805,87.805,123686,0
TLT.US,5,20251217,205500,87.8,87.8,87.76,87.77,256836,0
TLT.US,5,20251217,210000,87.769,87.79,87.764,87.77,75131,0
TLT.US,5,20251217,210500,87.77,87.78,87.74,87.745,152609,0
TLT.US,5,20251217,211000,87.74,87.75,87.74,87.745,53404,0
TLT.US,5,20251217,211500,87.745,87.755,87.74,87.75,44510,0
TLT.US,5,20251217,212000,87.745,87.77,87.74,87.755,143340,0
TLT.US,5,20251217,212500,87.755,87.76,87.74,87.745,61936,0
TLT.US,5,20251217,213000,87.75,87.76,87.735,87.755,210706,0
TLT.US,5,20251217,213500,87.75,87.77,87.745,87.76,124125,0
TLT.US,5,20251217,214000,87.77,87.77,87.74316,87.75,214577,0
TLT.US,5,20251217,214500,87.745,87.76,87.74,87.74,170620,0
TLT.US,5,20251217,215000,87.74,87.795,87.74,87.785,611928,0
TLT.US,5,20251217,215500,87.785,87.85,87.78,87.825,1678217,0
TLT.US,5,20251218,153000,88.13,88.195,88.11,88.16,740087,0
TLT.US,5,20251218,153500,88.16,88.23,88.1,88.22,759952,0
TLT.US,5,20251218,154000,88.22,88.245,88.16,88.165,913093,0
TLT.US,5,20251218,154500,88.1626,88.21,88.13,88.185,329286,0
TLT.US,5,20251218,155000,88.185,88.22,88.17,88.185,375812,0
TLT.US,5,20251218,155500,88.21,88.21,88.105,88.14,756456,0
TLT.US,5,20251218,160000,88.14,88.16,88.07,88.105,878820,0
TLT.US,5,20251218,160500,88.105,88.1558,88.1,88.155,394982,0
TLT.US,5,20251218,161000,88.15,88.2056,88.15,88.175,422911,0
TLT.US,5,20251218,161500,88.17,88.23,88.1644,88.23,260094,0
TLT.US,5,20251218,162000,88.23,88.235,88.2,88.22,436596,0
TLT.US,5,20251218,162500,88.22,88.24,88.18,88.205,699774,0
TLT.US,5,20251218,163000,88.205,88.225,88.19,88.215,220747,0
TLT.US,5,20251218,163500,88.21,88.255,88.185,88.2099,648565,0
TLT.US,5,20251218,164000,88.21,88.265,88.21,88.26,463550,0
TLT.US,5,20251218,164500,88.27,88.315,88.24,88.295,664947,0
TLT.US,5,20251218,165000,88.3,88.365,88.295,88.35,549009,0
TLT.US,5,20251218,165500,88.35,88.36,88.3099,88.315,649452,0
TLT.US,5,20251218,170000,88.31,88.31,88.23,88.2708,365778,0
TLT.US,5,20251218,170500,88.275,88.275,88.194,88.2346,396892,0
TLT.US,5,20251218,171000,88.24,88.295,88.24,88.29,342496,0
TLT.US,5,20251218,171500,88.285,88.36,88.285,88.325,326202,0
TLT.US,5,20251218,172000,88.325,88.3661,88.31,88.3614,230062,0
TLT.US,5,20251218,172500,88.37,88.38,88.31,88.35,398563,0
TLT.US,5,20251218,173000,88.345,88.38,88.305,88.315,248161,0
TLT.US,5,20251218,173500,88.31,88.35,88.3,88.32,205658,0
TLT.US,5,20251218,174000,88.325,88.33,88.2701,88.28,150520,0
TLT.US,5,20251218,174500,88.27,88.2798,88.23,88.2306,562205,0
TLT.US,5,20251218,175000,88.23,88.2417,88.2001,88.225,203562,0
TLT.US,5,20251218,175500,88.225,88.26,88.22,88.2436,165004,0
TLT.US,5,20251218,180000,88.25,88.26,88.23,88.23,154059,0
TLT.US,5,20251218,180500,88.23,88.26,88.23,88.235,232232,0
TLT.US,5,20251218,181000,88.235,88.25,88.19,88.195,245414,0
TLT.US,5,20251218,181500,88.195,88.205,88.105,88.155,451243,0
TLT.US,5,20251218,182000,88.1534,88.17,88.14,88.165,251309,0
TLT.US,5,20251218,182500,88.165,88.17,88.125,88.155,402737,0
TLT.US,5,20251218,183000,88.155,88.1576,88.13,88.135,156821,0
TLT.US,5,20251218,183500,88.135,88.15,88.11,88.1301,375483,0
TLT.US,5,20251218,184000,88.13,88.1756,88.13,88.175,110311,0
TLT.US,5,20251218,184500,88.175,88.205,88.17,88.175,295165,0
TLT.US,5,20251218,185000,88.175,88.195,88.145,88.1516,226156,0
TLT.US,5,20251218,185500,88.16,88.1655,88.15,88.1619,68681,0
TLT.US,5,20251218,190000,88.165,88.165,88.08,88.095,266624,0
TLT.US,5,20251218,190500,88.0905,88.15,88.0905,88.145,220408,0
TLT.US,5,20251218,191000,88.14,88.145,88.125,88.1362,152688,0
TLT.US,5,20251218,191500,88.135,88.135,88.105,88.105,241064,0
TLT.US,5,20251218,192000,88.11,88.1195,88.1,88.105,203583,0
TLT.US,5,20251218,192500,88.105,88.125,88.09,88.125,640473,0
TLT.US,5,20251218,193000,88.125,88.15,88.1138,88.1499,383423,0
TLT.US,5,20251218,193500,88.1429,88.18,88.14,88.175,284361,0
TLT.US,5,20251218,194000,88.175,88.18,88.16,88.165,300127,0
TLT.US,5,20251218,194500,88.165,88.17,88.13,88.13,254235,0
TLT.US,5,20251218,195000,88.1302,88.14,88.13,88.135,145968,0
TLT.US,5,20251218,195500,88.135,88.19,88.125,88.1855,410194,0
TLT.US,5,20251218,200000,88.18,88.185,88.11,88.12,456611,0
TLT.US,5,20251218,200500,88.11399,88.16,88.11,88.15,599147,0
TLT.US,5,20251218,201000,88.155,88.165,88.14,88.14,136638,0
TLT.US,5,20251218,201500,88.145,88.1661,88.14,88.16,444390,0
TLT.US,5,20251218,202000,88.16,88.17,88.1435,88.165,69852,0
TLT.US,5,20251218,202500,88.165,88.17,88.16,88.165,25387,0
TLT.US,5,20251218,203000,88.165,88.18,88.16,88.175,70533,0
TLT.US,5,20251218,203500,88.18,88.2,88.1438,88.145,211008,0
TLT.US,5,20251218,204000,88.15,88.155,88.1101,88.1538,143141,0
TLT.US,5,20251218,204500,88.15,88.15,88.125,88.135,139529,0
TLT.US,5,20251218,205000,88.1344,88.155,88.1344,88.145,131051,0
TLT.US,5,20251218,205500,88.14,88.2,88.11,88.175,618332,0
TLT.US,5,20251218,210000,88.175,88.2,88.16,88.19,248440,0
TLT.US,5,20251218,210500,88.19,88.21,88.18,88.1955,370362,0
TLT.US,5,20251218,211000,88.19,88.2,88.18,88.185,88958,0
TLT.US,5,20251218,211500,88.185,88.2,88.18,88.195,139392,0
TLT.US,5,20251218,212000,88.19,88.1999,88.17,88.185,146521,0
TLT.US,5,20251218,212500,88.185,88.1999,88.175,88.1956,63978,0
TLT.US,5,20251218,213000,88.1962,88.2,88.19,88.195,72734,0
TLT.US,5,20251218,213500,88.1901,88.2,88.16,88.165,258418,0
TLT.US,5,20251218,214000,88.16,88.22,88.16,88.215,362283,0
TLT.US,5,20251218,214500,88.215,88.22,88.21,88.22,104820,0
TLT.US,5,20251218,215000,88.21,88.23,88.2,88.215,1187092,0
TLT.US,5,20251218,215500,88.215,88.235,88.19,88.2,1648302,0
TLT.US,5,20251219,153000,87.605,87.61,87.525,87.525,721700,0
TLT.US,5,20251219,153500,87.52,87.53,87.49,87.505,362816,0
TLT.US,5,20251219,154000,87.505,87.5401,87.49,87.495,418809,0
TLT.US,5,20251219,154500,87.495,87.55,87.49,87.53,300136,0
TLT.US,5,20251219,155000,87.53,87.54,87.5,87.52,276978,0
TLT.US,5,20251219,155500,87.53,87.53,87.45,87.47,606814,0
TLT.US,5,20251219,160000,87.475,87.54,87.44,87.515,750944,0
TLT.US,5,20251219,160500,87.515,87.58,87.51,87.535,561944,0
TLT.US,5,20251219,161000,87.5302,87.575,87.5301,87.56,375770,0
TLT.US,5,20251219,161500,87.56,87.59,87.545,87.545,486036,0
TLT.US,5,20251219,162000,87.545,87.61,87.545,87.59,456116,0
TLT.US,5,20251219,162500,87.59,87.61,87.58,87.605,203880,0
TLT.US,5,20251219,163000,87.6,87.645,87.6,87.6301,392496,0
TLT.US,5,20251219,163500,87.63,87.68,87.615,87.675,255949,0
TLT.US,5,20251219,164000,87.6799,87.685,87.65,87.675,263640,0
TLT.US,5,20251219,164500,87.68,87.74,87.68,87.7299,251226,0
TLT.US,5,20251219,165000,87.72,87.73,87.705,87.7099,370492,0
TLT.US,5,20251219,165500,87.71,87.73,87.69,87.7137,163939,0
TLT.US,5,20251219,170000,87.7126,87.76,87.71,87.745,318789,0
TLT.US,5,20251219,170500,87.745,87.745,87.7,87.7099,140737,0
TLT.US,5,20251219,171000,87.71,87.73,87.705,87.715,181608,0
TLT.US,5,20251219,171500,87.715,87.73,87.6544,87.665,537570,0
TLT.US,5,20251219,172000,87.67,87.68,87.63,87.66,252615,0
TLT.US,5,20251219,172500,87.66,87.67,87.63,87.665,332527,0
TLT.US,5,20251219,173000,87.6601,87.67,87.57,87.58,461362,0
TLT.US,5,20251219,173500,87.58,87.62,87.57,87.61,168924,0
TLT.US,5,20251219,174000,87.61,87.625,87.6,87.61,216766,0
TLT.US,5,20251219,174500,87.6,87.635,87.6,87.625,115910,0
TLT.US,5,20251219,175000,87.6235,87.63,87.58,87.585,259206,0
TLT.US,5,20251219,175500,87.5844,87.6,87.56,87.575,241657,0
TLT.US,5,20251219,180000,87.575,87.5799,87.505,87.515,264144,0
TLT.US,5,20251219,180500,87.515,87.52,87.475,87.4799,276148,0
TLT.US,5,20251219,181000,87.4799,87.49,87.44,87.49,458127,0
TLT.US,5,20251219,181500,87.495,87.5199,87.485,87.515,248243,0
TLT.US,5,20251219,182000,87.51,87.5106,87.4644,87.48,356544,0
TLT.US,5,20251219,182500,87.475,87.505,87.47,87.505,143788,0
TLT.US,5,20251219,183000,87.505,87.535,87.5,87.515,139249,0
TLT.US,5,20251219,183500,87.515,87.52,87.495,87.505,160790,0
TLT.US,5,20251219,184000,87.51,87.56,87.51,87.555,129912,0
TLT.US,5,20251219,184500,87.55,87.58,87.54,87.555,160941,0
TLT.US,5,20251219,185000,87.555,87.565,87.545,87.55,93632,0
TLT.US,5,20251219,185500,87.555,87.56,87.505,87.53,262428,0
TLT.US,5,20251219,190000,87.53,87.535,87.5,87.52,425599,0
TLT.US,5,20251219,190500,87.52,87.53,87.515,87.525,66816,0
TLT.US,5,20251219,191000,87.525,87.55,87.5224,87.53,130950,0
TLT.US,5,20251219,191500,87.535,87.56,87.53,87.545,109348,0
TLT.US,5,20251219,192000,87.545,87.5599,87.54,87.545,164401,0
TLT.US,5,20251219,192500,87.545,87.55,87.51,87.515,517000,0
TLT.US,5,20251219,193000,87.515,87.53,87.51,87.525,114361,0
TLT.US,5,20251219,193500,87.53,87.53,87.52,87.52,77202,0
TLT.US,5,20251219,194000,87.525,87.5257,87.5,87.5,296408,0
TLT.US,5,20251219,194500,87.505,87.51,87.48,87.48,204476,0
TLT.US,5,20251219,195000,87.4807,87.49,87.45,87.46,425070,0
TLT.US,5,20251219,195500,87.46,87.46,87.41,87.425,463378,0
TLT.US,5,20251219,200000,87.4244,87.43,87.41,87.42,78112,0
TLT.US,5,20251219,200500,87.42,87.44,87.42,87.425,262624,0
TLT.US,5,20251219,201000,87.425,87.45,87.42,87.435,242985,0
TLT.US,5,20251219,201500,87.435,87.45,87.43,87.44,141288,0
TLT.US,5,20251219,202000,87.44,87.45,87.43,87.44,408652,0
TLT.US,5,20251219,202500,87.445,87.49,87.44,87.48,139755,0
TLT.US,5,20251219,203000,87.485,87.49,87.48,87.48,37946,0
TLT.US,5,20251219,203500,87.48,87.485,87.47,87.475,212790,0
TLT.US,5,20251219,204000,87.4756,87.51,87.47,87.48,247735,0
TLT.US,5,20251219,204500,87.48,87.51,87.475,87.508,192567,0
TLT.US,5,20251219,205000,87.51,87.52,87.48,87.49,255742,0
TLT.US,5,20251219,205500,87.4899,87.505,87.48,87.485,319555,0
TLT.US,5,20251219,210000,87.49,87.5,87.48,87.4858,166532,0
TLT.US,5,20251219,210500,87.485,87.49,87.47,87.485,114227,0
TLT.US,5,20251219,211000,87.485,87.49,87.48,87.485,438195,0
TLT.US,5,20251219,211500,87.485,87.4876,87.47,87.475,88570,0
TLT.US,5,20251219,212000,87.47,87.48,87.46,87.475,148696,0
TLT.US,5,20251219,212500,87.475,87.485,87.46,87.475,271243,0
TLT.US,5,20251219,213000,87.47,87.48,87.46,87.46,89458,0
TLT.US,5,20251219,213500,87.47,87.47,87.45,87.46,527255,0
TLT.US,5,20251219,214000,87.4599,87.47,87.455,87.46,138505,0
TLT.US,5,20251219,214500,87.46,87.47,87.46,87.4647,318299,0
TLT.US,5,20251219,215000,87.47,87.48,87.44,87.445,760246,0
TLT.US,5,20251219,215500,87.445,87.48,87.42,87.46,2927473,0
TLT.US,5,20251222,153000,87.415,87.4574,87.39,87.4099,839363,0
TLT.US,5,20251222,153500,87.4,87.42,87.38,87.39,473671,0
TLT.US,5,20251222,154000,87.395,87.425,87.3936,87.42,349266,0
TLT.US,5,20251222,154500,87.41,87.42,87.39,87.405,184811,0
TLT.US,5,20251222,155000,87.4001,87.42,87.38,87.385,268557,0
TLT.US,5,20251222,155500,87.39,87.4,87.31,87.32,444132,0
TLT.US,5,20251222,160000,87.32,87.34,87.295,87.325,226826,0
TLT.US,5,20251222,160500,87.325,87.335,87.29,87.2901,319906,0
TLT.US,5,20251222,161000,87.2901,87.35,87.29,87.32,341085,0
TLT.US,5,20251222,161500,87.325,87.35,87.3,87.33,226802,0
TLT.US,5,20251222,162000,87.33,87.3375,87.3,87.3026,161269,0
TLT.US,5,20251222,162500,87.305,87.315,87.295,87.31,216754,0
TLT.US,5,20251222,163000,87.31,87.325,87.3,87.305,197676,0
TLT.US,5,20251222,163500,87.301,87.3466,87.301,87.335,182986,0
TLT.US,5,20251222,164000,87.335,87.34,87.32,87.34,121543,0
TLT.US,5,20251222,164500,87.335,87.36,87.315,87.3378,415226,0
TLT.US,5,20251222,165000,87.3377,87.35,87.32,87.3209,86561,0
TLT.US,5,20251222,165500,87.325,87.35,87.31,87.325,311783,0
TLT.US,5,20251222,170000,87.32,87.33,87.29,87.305,181020,0
TLT.US,5,20251222,170500,87.31,87.34,87.3,87.335,92253,0
TLT.US,5,20251222,171000,87.335,87.375,87.32,87.375,168187,0
TLT.US,5,20251222,171500,87.375,87.4569,87.3701,87.44,541442,0
TLT.US,5,20251222,172000,87.44,87.45,87.41,87.42,197991,0
TLT.US,5,20251222,172500,87.414,87.42,87.39,87.395,302008,0
TLT.US,5,20251222,173000,87.3968,87.42,87.3827,87.415,277004,0
TLT.US,5,20251222,173500,87.42,87.42,87.395,87.41,137611,0
TLT.US,5,20251222,174000,87.4002,87.41,87.39,87.4,133234,0
TLT.US,5,20251222,174500,87.4,87.405,87.37,87.39,172161,0
TLT.US,5,20251222,175000,87.3832,87.44,87.38,87.43,208443,0
TLT.US,5,20251222,175500,87.42,87.42,87.4,87.405,172025,0
TLT.US,5,20251222,180000,87.41,87.42,87.38,87.395,219550,0
TLT.US,5,20251222,180500,87.3942,87.43,87.39,87.41,186985,0
TLT.US,5,20251222,181000,87.401,87.41,87.4,87.405,57104,0
TLT.US,5,20251222,181500,87.405,87.41,87.4,87.4,123626,0
TLT.US,5,20251222,182000,87.4,87.41,87.4,87.405,156887,0
TLT.US,5,20251222,182500,87.405,87.405,87.37,87.375,393903,0
TLT.US,5,20251222,183000,87.375,87.39,87.37,87.375,168266,0
TLT.US,5,20251222,183500,87.375,87.39,87.37,87.375,66281,0
TLT.US,5,20251222,184000,87.375,87.38,87.35,87.36,105615,0
TLT.US,5,20251222,184500,87.355,87.36,87.34,87.355,128433,0
TLT.US,5,20251222,185000,87.3563,87.36,87.31,87.3155,279047,0
TLT.US,5,20251222,185500,87.31,87.35,87.3,87.345,167865,0
TLT.US,5,20251222,190000,87.345,87.345,87.32,87.3212,204657,0
TLT.US,5,20251222,190500,87.325,87.3289,87.3,87.3,56411,0
TLT.US,5,20251222,191000,87.3,87.32,87.3,87.31,150796,0
TLT.US,5,20251222,191500,87.315,87.33,87.305,87.315,113850,0
TLT.US,5,20251222,192000,87.32,87.3375,87.31,87.31,151975,0
TLT.US,5,20251222,192500,87.31,87.3165,87.29,87.29,94412,0
TLT.US,5,20251222,193000,87.29,87.316,87.28,87.3,195651,0
TLT.US,5,20251222,193500,87.3,87.33,87.3,87.33,99874,0
TLT.US,5,20251222,194000,87.32,87.33,87.31,87.325,139592,0
TLT.US,5,20251222,194500,87.325,87.33,87.32,87.325,47452,0
TLT.US,5,20251222,195000,87.325,87.3297,87.3,87.305,74448,0
TLT.US,5,20251222,195500,87.305,87.31,87.2901,87.31,97139,0
TLT.US,5,20251222,200000,87.3056,87.33,87.3,87.32,72041,0
TLT.US,5,20251222,200500,87.31,87.315,87.285,87.295,157995,0
TLT.US,5,20251222,201000,87.295,87.295,87.2739,87.275,82098,0
TLT.US,5,20251222,201500,87.275,87.28,87.25,87.26,105754,0
TLT.US,5,20251222,202000,87.2593,87.28,87.25,87.275,82417,0
TLT.US,5,20251222,202500,87.275,87.31,87.275,87.305,600486,0
TLT.US,5,20251222,203000,87.3,87.335,87.3,87.3247,747136,0
TLT.US,5,20251222,203500,87.325,87.325,87.31,87.3158,597850,0
TLT.US,5,20251222,204000,87.31,87.31,87.29,87.295,69202,0
TLT.US,5,20251222,204500,87.3,87.32,87.3,87.31,56747,0
TLT.US,5,20251222,205000,87.31,87.3101,87.3,87.3,80155,0
TLT.US,5,20251222,205500,87.3,87.3154,87.29,87.3,333486,0
TLT.US,5,20251222,210000,87.3,87.32,87.3,87.305,253273,0
TLT.US,5,20251222,210500,87.305,87.32,87.3,87.31,181806,0
TLT.US,5,20251222,211000,87.315,87.33,87.3,87.3051,139141,0
TLT.US,5,20251222,211500,87.305,87.31,87.3,87.305,50345,0
TLT.US,5,20251222,212000,87.3,87.3255,87.3,87.32,168067,0
TLT.US,5,20251222,212500,87.32,87.33,87.305,87.325,209257,0
TLT.US,5,20251222,213000,87.32,87.33,87.31,87.315,184531,0
TLT.US,5,20251222,213500,87.315,87.32,87.31,87.315,64674,0
TLT.US,5,20251222,214000,87.315,87.34,87.3125,87.335,247719,0
TLT.US,5,20251222,214500,87.335,87.36,87.33,87.355,240348,0
TLT.US,5,20251222,215000,87.355,87.37,87.35,87.355,385798,0
TLT.US,5,20251222,215500,87.355,87.38,87.34,87.35,4924096,0
TLT.US,5,20251223,153000,87.07,87.09,87.03,87.0672,1083960,0
TLT.US,5,20251223,153500,87.07,87.08,87.03,87.06,433780,0
TLT.US,5,20251223,154000,87.06,87.075,87.04,87.0493,377772,0
TLT.US,5,20251223,154500,87.04,87.1,87.04,87.09,440828,0
TLT.US,5,20251223,155000,87.09,87.09,87.03,87.06,367361,0
TLT.US,5,20251223,155500,87.065,87.08,87.06,87.07,214524,0
TLT.US,5,20251223,160000,87.0765,87.145,87.05,87.141,611086,0
TLT.US,5,20251223,160500,87.14,87.24,87.13,87.205,608728,0
TLT.US,5,20251223,161000,87.2,87.23,87.185,87.21,277054,0
TLT.US,5,20251223,161500,87.215,87.23,87.2,87.2099,152744,0
TLT.US,5,20251223,162000,87.215,87.245,87.215,87.245,243250,0
TLT.US,5,20251223,162500,87.245,87.29,87.2442,87.28,325779,0
TLT.US,5,20251223,163000,87.285,87.32,87.28,87.307,237298,0
TLT.US,5,20251223,163500,87.3022,87.335,87.25,87.285,353717,0
TLT.US,5,20251223,164000,87.2801,87.34,87.2801,87.34,205244,0
TLT.US,5,20251223,164500,87.34,87.39,87.335,87.36,311226,0
TLT.US,5,20251223,165000,87.359,87.365,87.325,87.365,958408,0
TLT.US,5,20251223,165500,87.36,87.38,87.34,87.35,1175142,0
TLT.US,5,20251223,170000,87.35,87.3838,87.34,87.3603,245863,0
TLT.US,5,20251223,170500,87.36,87.39,87.35,87.39,223869,0
TLT.US,5,20251223,171000,87.39,87.41,87.374,87.3903,588296,0
TLT.US,5,20251223,171500,87.39,87.43,87.39,87.4264,170754,0
TLT.US,5,20251223,172000,87.425,87.43,87.4,87.42,89056,0
TLT.US,5,20251223,172500,87.42,87.48,87.41,87.476,220423,0
TLT.US,5,20251223,173000,87.465,87.4899,87.425,87.475,305134,0
TLT.US,5,20251223,173500,87.4701,87.5,87.45,87.49,246042,0
TLT.US,5,20251223,174000,87.485,87.49,87.455,87.475,707440,0
TLT.US,5,20251223,174500,87.475,87.51,87.465,87.48,294939,0
TLT.US,5,20251223,175000,87.48,87.48,87.445,87.4455,155132,0
TLT.US,5,20251223,175500,87.45,87.46,87.44,87.455,270178,0
TLT.US,5,20251223,180000,87.46,87.5,87.4545,87.4981,219511,0
TLT.US,5,20251223,180500,87.5,87.55,87.48,87.53,354708,0
TLT.US,5,20251223,181000,87.53,87.56,87.52,87.525,229679,0
TLT.US,5,20251223,181500,87.525,87.55,87.524,87.54,97779,0
TLT.US,5,20251223,182000,87.535,87.55,87.52,87.53,280089,0
TLT.US,5,20251223,182500,87.53,87.545,87.52,87.53,128614,0
TLT.US,5,20251223,183000,87.535,87.55,87.51,87.55,252409,0
TLT.US,5,20251223,183500,87.545,87.58,87.54,87.58,180207,0
TLT.US,5,20251223,184000,87.58,87.58,87.535,87.56,202178,0
TLT.US,5,20251223,184500,87.555,87.56,87.53,87.545,106824,0
TLT.US,5,20251223,185000,87.55,87.56,87.53,87.53,218352,0
TLT.US,5,20251223,185500,87.52,87.52,87.48,87.4882,211491,0
TLT.US,5,20251223,190000,87.4894,87.495,87.455,87.475,260007,0
TLT.US,5,20251223,190500,87.4791,87.52,87.4701,87.4999,260027,0
TLT.US,5,20251223,191000,87.495,87.51,87.49,87.505,66761,0
TLT.US,5,20251223,191500,87.5,87.5,87.47,87.495,119427,0
TLT.US,5,20251223,192000,87.495,87.51,87.49,87.5,54412,0
TLT.US,5,20251223,192500,87.505,87.52,87.495,87.5064,120024,0
TLT.US,5,20251223,193000,87.5,87.5,87.4806,87.49,53665,0
TLT.US,5,20251223,193500,87.4959,87.51,87.475,87.505,82745,0
TLT.US,5,20251223,194000,87.505,87.51,87.4933,87.495,29738,0
TLT.US,5,20251223,194500,87.4918,87.5,87.47,87.4901,157183,0
TLT.US,5,20251223,195000,87.49,87.5,87.48,87.495,223726,0
TLT.US,5,20251223,195500,87.495,87.5,87.4835,87.495,74503,0
TLT.US,5,20251223,200000,87.49,87.4956,87.47,87.485,107126,0
TLT.US,5,20251223,200500,87.4856,87.49,87.43,87.439,253097,0
TLT.US,5,20251223,201000,87.44,87.45,87.42,87.4267,377644,0
TLT.US,5,20251223,201500,87.425,87.43,87.415,87.415,43832,0
TLT.US,5,20251223,202000,87.415,87.43,87.39,87.425,192567,0
TLT.US,5,20251223,202500,87.425,87.445,87.42,87.44,107325,0
TLT.US,5,20251223,203000,87.435,87.44598,87.43,87.435,48262,0
TLT.US,5,20251223,203500,87.43,87.43,87.41,87.4139,157403,0
TLT.US,5,20251223,204000,87.415,87.42,87.41,87.415,116359,0
TLT.US,5,20251223,204500,87.415,87.43,87.41,87.43,104460,0
TLT.US,5,20251223,205000,87.425,87.445,87.415,87.435,142150,0
TLT.US,5,20251223,205500,87.435,87.475,87.43,87.4713,135666,0
TLT.US,5,20251223,210000,87.47,87.49,87.47,87.4836,96454,0
TLT.US,5,20251223,210500,87.485,87.49,87.47,87.47,170304,0
TLT.US,5,20251223,211000,87.47,87.485,87.46,87.485,101715,0
TLT.US,5,20251223,211500,87.485,87.51,87.475,87.495,169456,0
TLT.US,5,20251223,212000,87.495,87.51,87.49,87.51,73252,0
TLT.US,5,20251223,212500,87.505,87.51,87.495,87.495,85092,0
TLT.US,5,20251223,213000,87.4965,87.51,87.48,87.5044,151145,0
TLT.US,5,20251223,213500,87.51,87.53,87.5001,87.53,236641,0
TLT.US,5,20251223,214000,87.52,87.5458,87.52,87.535,309996,0
TLT.US,5,20251223,214500,87.535,87.5499,87.52,87.52,601132,0
TLT.US,5,20251223,215000,87.52,87.53,87.5,87.505,722095,0
TLT.US,5,20251223,215500,87.505,87.52,87.47,87.5,7904036,0
TLT.US,5,20251224,153000,87.76,87.79,87.72,87.7238,496960,0
TLT.US,5,20251224,153500,87.72,87.75,87.69,87.7406,384624,0
TLT.US,5,20251224,154000,87.745,87.75,87.6903,87.7,284984,0
TLT.US,5,20251224,154500,87.6985,87.74,87.6901,87.7233,736337,0
TLT.US,5,20251224,155000,87.7239,87.73,87.71,87.725,264157,0
TLT.US,5,20251224,155500,87.725,87.725,87.67,87.685,362747,0
TLT.US,5,20251224,160000,87.69,87.71,87.67,87.68,472820,0
TLT.US,5,20251224,160500,87.6701,87.69,87.65,87.67,253407,0
TLT.US,5,20251224,161000,87.67,87.725,87.66,87.725,424128,0
TLT.US,5,20251224,161500,87.7201,87.74,87.71,87.715,215294,0
TLT.US,5,20251224,162000,87.72,87.77,87.705,87.7601,300508,0
TLT.US,5,20251224,162500,87.76,87.7678,87.72,87.735,464546,0
TLT.US,5,20251224,163000,87.735,87.7799,87.7301,87.77,546403,0
TLT.US,5,20251224,163500,87.77,87.78,87.75,87.765,464997,0
TLT.US,5,20251224,164000,87.765,87.79,87.765,87.785,111536,0
TLT.US,5,20251224,164500,87.785,87.8,87.755,87.755,360604,0
TLT.US,5,20251224,165000,87.76,87.77,87.75,87.765,363852,0
TLT.US,5,20251224,165500,87.765,87.785,87.74,87.7655,677251,0
TLT.US,5,20251224,170000,87.77,87.7959,87.755,87.7959,316404,0
TLT.US,5,20251224,170500,87.795,87.83,87.79,87.795,627982,0
TLT.US,5,20251224,171000,87.795,87.8299,87.795,87.805,682529,0
TLT.US,5,20251224,171500,87.805,87.84,87.805,87.84,264328,0
TLT.US,5,20251224,172000,87.84,87.85,87.81,87.82,568700,0
TLT.US,5,20251224,172500,87.82,87.835,87.81,87.8194,399529,0
TLT.US,5,20251224,173000,87.8122,87.92,87.8122,87.91,605316,0
TLT.US,5,20251224,173500,87.915,88.01,87.91,87.975,649869,0
TLT.US,5,20251224,174000,87.98,88.055,87.975,88.01,847284,0
TLT.US,5,20251224,174500,88.005,88.0299,87.945,87.96,822852,0
TLT.US,5,20251224,175000,87.955,88.03,87.955,88.01,349402,0
TLT.US,5,20251224,175500,88.01,88.02,88,88,227342,0
TLT.US,5,20251224,180000,88.005,88.03,87.98,88.0227,367259,0
TLT.US,5,20251224,180500,88.025,88.049,88.005,88.005,364295,0
TLT.US,5,20251224,181000,88.005,88.025,87.95,87.965,559738,0
TLT.US,5,20251224,181500,87.96,87.985,87.94,87.975,376013,0
TLT.US,5,20251224,182000,87.975,88.01,87.96,87.995,279902,0
TLT.US,5,20251224,182500,87.995,88,87.98,87.9925,617223,0
TLT.US,5,20251224,183000,87.99,87.99,87.97,87.98,556977,0
TLT.US,5,20251224,183500,87.98,87.99,87.97,87.985,336314,0
TLT.US,5,20251224,184000,87.985,87.995,87.97,87.98,389183,0
TLT.US,5,20251224,184500,87.975,88.02,87.97,88.015,306666,0
TLT.US,5,20251224,185000,88.01,88.07,88.01,88.065,458077,0
TLT.US,5,20251224,185500,88.065,88.08,88.005,88.02,1957112,0
TLT.US,5,20251224,190000,88.03,88.03,88,88.03,3117669,0
TLT.US,5,20251226,153000,88.1,88.12,88.075,88.12,427505,0
TLT.US,5,20251226,153500,88.115,88.165,88.11,88.1601,239505,0
TLT.US,5,20251226,154000,88.165,88.1699,88.12,88.13,231015,0
TLT.US,5,20251226,154500,88.13,88.14,88.045,88.045,314686,0
TLT.US,5,20251226,155000,88.0499,88.075,88.04,88.05,158665,0
TLT.US,5,20251226,155500,88.05,88.09,88.04,88.0875,210317,0
TLT.US,5,20251226,160000,88.08,88.11,88.08,88.105,284594,0
TLT.US,5,20251226,160500,88.105,88.11,88.08,88.08,149429,0
TLT.US,5,20251226,161000,88.08,88.11,88.08,88.085,106842,0
TLT.US,5,20251226,161500,88.085,88.09,88.06,88.06,254983,0
TLT.US,5,20251226,162000,88.06,88.075,88.04,88.04,213487,0
TLT.US,5,20251226,162500,88.04,88.04,87.97,87.995,229767,0
TLT.US,5,20251226,163000,88,88.01,87.975,87.995,359503,0
TLT.US,5,20251226,163500,88,88.015,87.99,88.005,215055,0
TLT.US,5,20251226,164000,88.0004,88.025,87.99,87.995,164453,0
TLT.US,5,20251226,164500,88,88.005,87.97,87.98,217274,0
TLT.US,5,20251226,165000,87.9806,88.01,87.97,88,341106,0
TLT.US,5,20251226,165500,88,88.07,88,88.02,252081,0
TLT.US,5,20251226,170000,88.025,88.03,87.995,88.02,153108,0
TLT.US,5,20251226,170500,88.02,88.025,87.835,87.845,550167,0
TLT.US,5,20251226,171000,87.845,87.89,87.845,87.86,454406,0
TLT.US,5,20251226,171500,87.865,87.865,87.72,87.7498,1096874,0
TLT.US,5,20251226,172000,87.745,87.7568,87.65,87.7,817606,0
TLT.US,5,20251226,172500,87.69,87.7,87.665,87.67,389789,0
TLT.US,5,20251226,173000,87.67,87.72,87.655,87.71,841555,0
TLT.US,5,20251226,173500,87.7,87.71,87.67,87.68,174081,0
TLT.US,5,20251226,174000,87.68,87.68,87.65,87.655,303081,0
TLT.US,5,20251226,174500,87.6587,87.725,87.655,87.715,309048,0
TLT.US,5,20251226,175000,87.7125,87.72,87.6625,87.67,364643,0
TLT.US,5,20251226,175500,87.67,87.68,87.65,87.665,214182,0
TLT.US,5,20251226,180000,87.665,87.7,87.66,87.67,319826,0
TLT.US,5,20251226,180500,87.67,87.695,87.665,87.67,226948,0
TLT.US,5,20251226,181000,87.67,87.69,87.66,87.67,223779,0
TLT.US,5,20251226,181500,87.665,87.6859,87.65,87.655,245281,0
TLT.US,5,20251226,182000,87.655,87.67,87.62,87.66,283418,0
TLT.US,5,20251226,182500,87.6599,87.67,87.625,87.635,96721,0
TLT.US,5,20251226,183000,87.635,87.645,87.62,87.635,161154,0
TLT.US,5,20251226,183500,87.64,87.645,87.61,87.61,159689,0
TLT.US,5,20251226,184000,87.61,87.67,87.6,87.665,259175,0
TLT.US,5,20251226,184500,87.665,87.67,87.64,87.6498,212352,0
TLT.US,5,20251226,185000,87.645,87.6564,87.6225,87.635,438351,0
TLT.US,5,20251226,185500,87.635,87.655,87.63,87.65,137850,0
TLT.US,5,20251226,190000,87.655,87.67,87.635,87.635,167908,0
TLT.US,5,20251226,190500,87.6399,87.65,87.625,87.64,86690,0
TLT.US,5,20251226,191000,87.6356,87.6361,87.61,87.61,75632,0
TLT.US,5,20251226,191500,87.615,87.64,87.61,87.635,87342,0
TLT.US,5,20251226,192000,87.6399,87.645,87.62,87.645,116006,0
TLT.US,5,20251226,192500,87.64,87.67,87.64,87.65,108952,0
TLT.US,5,20251226,193000,87.65,87.67,87.63419,87.64,208728,0
TLT.US,5,20251226,193500,87.64,87.6656,87.625,87.66,191652,0
TLT.US,5,20251226,194000,87.66,87.67,87.655,87.665,69937,0
TLT.US,5,20251226,194500,87.67,87.67,87.66,87.66,62662,0
TLT.US,5,20251226,195000,87.665,87.68,87.65,87.6601,111253,0
TLT.US,5,20251226,195500,87.66,87.67,87.645,87.65,104610,0
TLT.US,5,20251226,200000,87.65,87.655,87.61,87.61,95385,0
TLT.US,5,20251226,200500,87.62,87.625,87.61,87.61,69661,0
TLT.US,5,20251226,201000,87.61,87.66,87.61,87.66,74044,0
TLT.US,5,20251226,201500,87.655,87.66,87.635,87.655,94235,0
TLT.US,5,20251226,202000,87.655,87.665,87.635,87.65,119834,0
TLT.US,5,20251226,202500,87.65,87.66,87.64,87.65,47671,0
TLT.US,5,20251226,203000,87.65,87.66,87.64,87.645,91371,0
TLT.US,5,20251226,203500,87.645,87.65,87.6201,87.645,157317,0
TLT.US,5,20251226,204000,87.645,87.65,87.625,87.645,60444,0
TLT.US,5,20251226,204500,87.65,87.675,87.6401,87.6649,168714,0
TLT.US,5,20251226,205000,87.665,87.715,87.6639,87.7045,149806,0
TLT.US,5,20251226,205500,87.71,87.72,87.675,87.705,371796,0
TLT.US,5,20251226,210000,87.7,87.7262,87.695,87.715,94885,0
TLT.US,5,20251226,210500,87.72,87.72,87.695,87.7,109953,0
TLT.US,5,20251226,211000,87.7,87.7375,87.69,87.7301,129097,0
TLT.US,5,20251226,211500,87.735,87.75,87.7241,87.725,106603,0
TLT.US,5,20251226,212000,87.726,87.73,87.71,87.715,65226,0
TLT.US,5,20251226,212500,87.715,87.74,87.71,87.72,107386,0
TLT.US,5,20251226,213000,87.72,87.74,87.715,87.725,92040,0
TLT.US,5,20251226,213500,87.73,87.75,87.7201,87.745,90048,0
TLT.US,5,20251226,214000,87.745,87.75,87.715,87.715,195336,0
TLT.US,5,20251226,214500,87.715,87.73,87.71,87.725,334601,0
TLT.US,5,20251226,215000,87.72,87.75,87.71,87.745,557107,0
TLT.US,5,20251226,215500,87.745,87.76,87.73,87.74,4474875,0
TLT.US,5,20251229,153000,87.95,88,87.95,87.985,502769,0
TLT.US,5,20251229,153500,87.9894,88.0551,87.9801,88.0526,348891,0
TLT.US,5,20251229,154000,88.0524,88.0703,88.025,88.025,601098,0
TLT.US,5,20251229,154500,88.03,88.065,88.02,88.035,437411,0
TLT.US,5,20251229,155000,88.035,88.035,87.965,87.97,520079,0
TLT.US,5,20251229,155500,87.97,87.985,87.95,87.96,231008,0
TLT.US,5,20251229,160000,87.96,87.98,87.855,87.89,737948,0
TLT.US,5,20251229,160500,87.89,87.94,87.885,87.925,228505,0
TLT.US,5,20251229,161000,87.93,87.97,87.92,87.925,364129,0
TLT.US,5,20251229,161500,87.925,87.93,87.88,87.905,313562,0
TLT.US,5,20251229,162000,87.9001,87.9172,87.87,87.885,314678,0
TLT.US,5,20251229,162500,87.885,87.895,87.87,87.8756,255350,0
TLT.US,5,20251229,163000,87.88,87.91,87.79,87.81,587908,0
TLT.US,5,20251229,163500,87.81,87.8499,87.8,87.84,311926,0
TLT.US,5,20251229,164000,87.8456,87.8761,87.84,87.87,190185,0
TLT.US,5,20251229,164500,87.865,87.9,87.8629,87.87,166212,0
TLT.US,5,20251229,165000,87.87,87.895,87.8506,87.88,225168,0
TLT.US,5,20251229,165500,87.88,87.89,87.86,87.87,302561,0
TLT.US,5,20251229,170000,87.865,87.925,87.85,87.8846,360981,0
TLT.US,5,20251229,170500,87.885,87.89,87.8401,87.8635,158869,0
TLT.US,5,20251229,171000,87.86,87.93,87.86,87.9,187519,0
TLT.US,5,20251229,171500,87.905,87.91,87.89,87.905,103253,0
TLT.US,5,20251229,172000,87.9054,87.91,87.89,87.8982,78882,0
TLT.US,5,20251229,172500,87.9,87.94,87.89,87.92,125803,0
TLT.US,5,20251229,173000,87.93,87.97,87.925,87.941,200618,0
TLT.US,5,20251229,173500,87.941,87.95,87.93,87.945,174659,0
TLT.US,5,20251229,174000,87.95,88,87.945,87.975,468655,0
TLT.US,5,20251229,174500,87.975,87.985,87.9539,87.9603,255673,0
TLT.US,5,20251229,175000,87.965,87.99,87.9501,87.9899,83985,0
TLT.US,5,20251229,175500,87.99,87.99,87.9501,87.955,147973,0
TLT.US,5,20251229,180000,87.96,87.97,87.925,87.945,285666,0
TLT.US,5,20251229,180500,87.945,87.955,87.94,87.946,123172,0
TLT.US,5,20251229,181000,87.945,87.955,87.94,87.95,157971,0
TLT.US,5,20251229,181500,87.945,87.97,87.93,87.9499,217541,0
TLT.US,5,20251229,182000,87.945,87.95,87.94,87.945,114969,0
TLT.US,5,20251229,182500,87.945,87.955,87.94,87.9497,172018,0
TLT.US,5,20251229,183000,87.95,87.98,87.9401,87.9443,260711,0
TLT.US,5,20251229,183500,87.949,87.97,87.9401,87.96,309411,0
TLT.US,5,20251229,184000,87.96,87.985,87.9514,87.975,138496,0
TLT.US,5,20251229,184500,87.9793,87.99,87.95,87.955,107969,0
TLT.US,5,20251229,185000,87.955,87.96,87.905,87.905,228303,0
TLT.US,5,20251229,185500,87.91,87.94,87.91,87.935,376972,0
TLT.US,5,20251229,190000,87.93,87.94,87.91,87.92,255710,0
TLT.US,5,20251229,190500,87.92,87.94,87.905,87.935,620217,0
TLT.US,5,20251229,191000,87.935,87.935,87.9,87.93,375408,0
TLT.US,5,20251229,191500,87.925,87.94,87.92422,87.94,119485,0
TLT.US,5,20251229,192000,87.935,87.95,87.91,87.92,324297,0
TLT.US,5,20251229,192500,87.92,87.97,87.92,87.955,155625,0
TLT.US,5,20251229,193000,87.96,87.98,87.945,87.965,168959,0
TLT.US,5,20251229,193500,87.965,87.97,87.94,87.96,209599,0
TLT.US,5,20251229,194000,87.96,87.96,87.95,87.95,39881,0
TLT.US,5,20251229,194500,87.955,87.98,87.94,87.97,377163,0
TLT.US,5,20251229,195000,87.9707,87.9799,87.965,87.965,66948,0
TLT.US,5,20251229,195500,87.9691,87.9799,87.95,87.96,145488,0
TLT.US,5,20251229,200000,87.96,87.97,87.94,87.945,203385,0
TLT.US,5,20251229,200500,87.9401,87.96,87.94,87.95,93643,0
TLT.US,5,20251229,201000,87.9444,87.95,87.9401,87.945,36512,0
TLT.US,5,20251229,201500,87.945,87.95,87.93,87.95,182996,0
TLT.US,5,20251229,202000,87.945,87.96,87.94,87.9501,140285,0
TLT.US,5,20251229,202500,87.95,87.9556,87.94,87.9452,42990,0
TLT.US,5,20251229,203000,87.945,87.9656,87.9442,87.9546,106680,0
TLT.US,5,20251229,203500,87.9577,87.9656,87.92,87.92,316856,0
TLT.US,5,20251229,204000,87.925,87.96,87.92,87.935,461266,0
TLT.US,5,20251229,204500,87.935,87.935,87.86,87.88,519402,0
TLT.US,5,20251229,205000,87.8764,87.91,87.8739,87.9,121870,0
TLT.US,5,20251229,205500,87.905,87.94,87.9001,87.94,197189,0
TLT.US,5,20251229,210000,87.94,87.96,87.935,87.945,167198,0
TLT.US,5,20251229,210500,87.945,87.95,87.925,87.925,125908,0
TLT.US,5,20251229,211000,87.93,87.98,87.925,87.97,109334,0
TLT.US,5,20251229,211500,87.97,87.98,87.96,87.97,144746,0
TLT.US,5,20251229,212000,87.9701,87.9754,87.96,87.9693,171504,0
TLT.US,5,20251229,212500,87.965,87.965,87.94,87.945,160726,0
TLT.US,5,20251229,213000,87.95,87.9566,87.94,87.94,127230,0
TLT.US,5,20251229,213500,87.94,87.95,87.94,87.95,62357,0
TLT.US,5,20251229,214000,87.945,87.98,87.94,87.9754,189324,0
TLT.US,5,20251229,214500,87.9702,88.01,87.965,88.0051,463865,0
TLT.US,5,20251229,215000,88.0099,88.05,88,88.04,368686,0
TLT.US,5,20251229,215500,88.04,88.07,88.03,88.03,6185792,0
TLT.US,5,20251230,153000,87.74,87.79,87.73,87.785,404961,0
TLT.US,5,20251230,153500,87.78,87.78,87.71,87.72,275739,0
TLT.US,5,20251230,154000,87.715,87.72,87.69,87.7179,134928,0
TLT.US,5,20251230,154500,87.715,87.7273,87.68,87.69,567862,0
TLT.US,5,20251230,155000,87.685,87.7255,87.685,87.71,416945,0
TLT.US,5,20251230,155500,87.71,87.725,87.7,87.715,192100,0
TLT.US,5,20251230,160000,87.7162,87.7162,87.68,87.69,81825,0
TLT.US,5,20251230,160500,87.69,87.72,87.68,87.6858,324074,0
TLT.US,5,20251230,161000,87.69,87.7499,87.685,87.73,375952,0
TLT.US,5,20251230,161500,87.74,87.74,87.69,87.71,395488,0
TLT.US,5,20251230,162000,87.71,87.72,87.69,87.71,275206,0
TLT.US,5,20251230,162500,87.715,87.765,87.71,87.75,203986,0
TLT.US,5,20251230,163000,87.755,87.81,87.75,87.81,313633,0
TLT.US,5,20251230,163500,87.81,87.85,87.78,87.7846,269106,0
TLT.US,5,20251230,164000,87.7842,87.8,87.6744,87.74,548029,0
TLT.US,5,20251230,164500,87.74,87.81,87.73,87.81,166884,0
TLT.US,5,20251230,165000,87.8,87.8152,87.76,87.765,298997,0
TLT.US,5,20251230,165500,87.7601,87.82,87.7601,87.804,187811,0
TLT.US,5,20251230,170000,87.805,87.8313,87.8,87.82,385473,0
TLT.US,5,20251230,170500,87.825,87.855,87.8241,87.8519,244381,0
TLT.US,5,20251230,171000,87.85,87.88,87.8499,87.875,210438,0
TLT.US,5,20251230,171500,87.87,87.95,87.855,87.95,832459,0
TLT.US,5,20251230,172000,87.95,88,87.93,87.97,357122,0
TLT.US,5,20251230,172500,87.97,87.975,87.955,87.97,108228,0
TLT.US,5,20251230,173000,87.965,88.005,87.9601,87.97,402167,0
TLT.US,5,20251230,173500,87.97,87.975,87.96,87.97,78352,0
TLT.US,5,20251230,174000,87.97,88,87.96,87.98,239535,0
TLT.US,5,20251230,174500,87.975,88.04,87.975,88.02,335002,0
TLT.US,5,20251230,175000,88.01,88.03,87.99,88.025,193384,0
TLT.US,5,20251230,175500,88.025,88.025,87.9801,87.9899,166128,0
TLT.US,5,20251230,180000,87.9837,87.995,87.96,87.97,190365,0
TLT.US,5,20251230,180500,87.97,87.97,87.93,87.9344,175271,0
TLT.US,5,20251230,181000,87.94,87.9499,87.93,87.94,46161,0
TLT.US,5,20251230,181500,87.95,87.95,87.92,87.93,180845,0
TLT.US,5,20251230,182000,87.929,87.93,87.9,87.9041,95335,0
TLT.US,5,20251230,182500,87.9,87.91,87.87,87.875,77812,0
TLT.US,5,20251230,183000,87.88,87.9013,87.87,87.9,166263,0
TLT.US,5,20251230,183500,87.895,87.93,87.8935,87.925,114256,0
TLT.US,5,20251230,184000,87.925,87.93,87.895,87.91,83772,0
TLT.US,5,20251230,184500,87.905,87.925,87.88,87.92,194988,0
TLT.US,5,20251230,185000,87.9199,87.95,87.905,87.9439,106424,0
TLT.US,5,20251230,185500,87.941,87.95,87.925,87.9492,62750,0
TLT.US,5,20251230,190000,87.945,87.965,87.94,87.955,219021,0
TLT.US,5,20251230,190500,87.96,87.97,87.96,87.9625,126892,0
TLT.US,5,20251230,191000,87.97,87.98,87.96,87.975,64810,0
TLT.US,5,20251230,191500,87.97,87.975,87.955,87.97,152629,0
TLT.US,5,20251230,192000,87.97,87.97,87.94,87.955,75059,0
TLT.US,5,20251230,192500,87.96,87.98,87.95,87.975,150304,0
TLT.US,5,20251230,193000,87.9738,87.975,87.95,87.95,132452,0
TLT.US,5,20251230,193500,87.95,87.9568,87.93,87.93,119217,0
TLT.US,5,20251230,194000,87.93,87.94,87.915,87.925,86163,0
TLT.US,5,20251230,194500,87.92,87.9699,87.92,87.95,221520,0
TLT.US,5,20251230,195000,87.955,87.96,87.895,87.895,128192,0
TLT.US,5,20251230,195500,87.9,87.91,87.8801,87.9,172602,0
TLT.US,5,20251230,200000,87.89,87.93,87.8809,87.9,96544,0
TLT.US,5,20251230,200500,87.9044,87.93,87.895,87.92,64974,0
TLT.US,5,20251230,201000,87.915,87.94,87.91,87.935,45070,0
TLT.US,5,20251230,201500,87.93,87.945,87.9235,87.935,113628,0
TLT.US,5,20251230,202000,87.935,87.94,87.904,87.9056,55238,0
TLT.US,5,20251230,202500,87.91,87.93,87.91,87.9245,42905,0
TLT.US,5,20251230,203000,87.93,87.94,87.9001,87.9135,111263,0
TLT.US,5,20251230,203500,87.916,87.925,87.9038,87.9158,89080,0
TLT.US,5,20251230,204000,87.91,87.9155,87.9,87.9099,19060,0
TLT.US,5,20251230,204500,87.9,87.9052,87.82,87.84,428115,0
TLT.US,5,20251230,205000,87.83,87.84,87.7825,87.8,415983,0
TLT.US,5,20251230,205500,87.795,87.84,87.7801,87.84,227870,0
TLT.US,5,20251230,210000,87.84,87.855,87.8201,87.835,211170,0
TLT.US,5,20251230,210500,87.839,87.85,87.82,87.83,108086,0
TLT.US,5,20251230,211000,87.8299,87.84,87.82,87.83,90368,0
TLT.US,5,20251230,211500,87.835,87.835,87.815,87.82,161332,0
TLT.US,5,20251230,212000,87.825,87.86,87.815,87.855,244071,0
TLT.US,5,20251230,212500,87.86,87.86,87.845,87.85,175419,0
TLT.US,5,20251230,213000,87.845,87.88,87.8401,87.875,139920,0
TLT.US,5,20251230,213500,87.88,87.885,87.865,87.875,215710,0
TLT.US,5,20251230,214000,87.875,87.8799,87.8601,87.865,118126,0
TLT.US,5,20251230,214500,87.865,87.87,87.84,87.846,466448,0
TLT.US,5,20251230,215000,87.84,87.85,87.82,87.83,629674,0
TLT.US,5,20251230,215500,87.83,87.9,87.82,87.9,3197495,0
TLT.US,5,20251231,153000,87.68,87.725,87.68,87.72,332393,0
TLT.US,5,20251231,153500,87.715,87.75,87.7,87.7229,240555,0
TLT.US,5,20251231,154000,87.725,87.815,87.705,87.81,410117,0
TLT.US,5,20251231,154500,87.81,87.87,87.7901,87.8,309366,0
TLT.US,5,20251231,155000,87.795,87.795,87.75,87.7666,160747,0
TLT.US,5,20251231,155500,87.765,87.815,87.75,87.8101,173746,0
TLT.US,5,20251231,160000,87.82,87.845,87.795,87.835,348905,0
TLT.US,5,20251231,160500,87.8352,87.86,87.805,87.82,465917,0
TLT.US,5,20251231,161000,87.82,87.82,87.78,87.785,272896,0
TLT.US,5,20251231,161500,87.79,87.795,87.74,87.7862,230561,0
TLT.US,5,20251231,162000,87.78,87.79,87.75,87.76,242232,0
TLT.US,5,20251231,162500,87.76,87.775,87.734,87.74,258595,0
TLT.US,5,20251231,163000,87.74,87.82,87.74,87.81,330287,0
TLT.US,5,20251231,163500,87.81,87.86,87.805,87.825,289057,0
TLT.US,5,20251231,164000,87.82,87.87,87.82,87.8601,349378,0
TLT.US,5,20251231,164500,87.86,87.91,87.8539,87.865,648667,0
TLT.US,5,20251231,165000,87.87,87.885,87.85,87.88,127336,0
TLT.US,5,20251231,165500,87.88,87.91,87.865,87.885,289237,0
TLT.US,5,20251231,170000,87.885,87.89,87.72,87.745,410221,0
TLT.US,5,20251231,170500,87.7452,87.75,87.665,87.715,337624,0
TLT.US,5,20251231,171000,87.71,87.73,87.685,87.715,144809,0
TLT.US,5,20251231,171500,87.72,87.72,87.69,87.7,203860,0
TLT.US,5,20251231,172000,87.6994,87.7,87.67,87.6837,278647,0
TLT.US,5,20251231,172500,87.685,87.755,87.6837,87.75,260502,0
TLT.US,5,20251231,173000,87.7546,87.77,87.71,87.7201,330518,0
TLT.US,5,20251231,173500,87.72,87.74,87.69,87.73,266067,0
TLT.US,5,20251231,174000,87.735,87.79,87.73,87.765,323260,0
TLT.US,5,20251231,174500,87.7641,87.7799,87.75,87.755,155259,0
TLT.US,5,20251231,175000,87.755,87.78,87.75,87.77,72166,0
TLT.US,5,20251231,175500,87.775,87.8,87.77,87.7941,163135,0
TLT.US,5,20251231,180000,87.8,87.8156,87.78,87.801,190826,0
TLT.US,5,20251231,180500,87.81,87.82,87.79,87.8,553519,0
TLT.US,5,20251231,181000,87.8015,87.8055,87.775,87.79,136938,0
TLT.US,5,20251231,181500,87.785,87.81,87.785,87.81,174944,0
TLT.US,5,20251231,182000,87.804,87.825,87.8,87.806,135319,0
TLT.US,5,20251231,182500,87.805,87.82,87.77,87.77,254339,0
TLT.US,5,20251231,183000,87.77,87.8,87.76,87.7952,213374,0
TLT.US,5,20251231,183500,87.7928,87.82,87.79,87.815,194269,0
TLT.US,5,20251231,184000,87.81,87.815,87.79,87.79,149425,0
TLT.US,5,20251231,184500,87.7933,87.845,87.775,87.78,438797,0
TLT.US,5,20251231,185000,87.775,87.82,87.75,87.77,663275,0
TLT.US,5,20251231,185500,87.7701,87.7701,87.605,87.63,2398950,0
TLT.US,5,20251231,190000,87.62,87.685,87.51,87.53,1519701,0
TLT.US,5,20251231,190500,87.5352,87.58,87.52,87.55,708737,0
TLT.US,5,20251231,191000,87.5497,87.5899,87.53,87.58,241387,0
TLT.US,5,20251231,191500,87.575,87.595,87.55,87.5577,132967,0
TLT.US,5,20251231,192000,87.555,87.555,87.45,87.475,689983,0
TLT.US,5,20251231,192500,87.47,87.49,87.45,87.4701,329752,0
TLT.US,5,20251231,193000,87.47,87.53,87.455,87.525,419361,0
TLT.US,5,20251231,193500,87.525,87.525,87.4943,87.515,207041,0
TLT.US,5,20251231,194000,87.515,87.52,87.45,87.46,370053,0
TLT.US,5,20251231,194500,87.46,87.47,87.4,87.43,804574,0
TLT.US,5,20251231,195000,87.425,87.4303,87.4,87.415,426866,0
TLT.US,5,20251231,195500,87.41,87.42,87.385,87.405,392133,0
TLT.US,5,20251231,200000,87.405,87.44,87.39,87.395,371528,0
TLT.US,5,20251231,200500,87.395,87.4061,87.37,87.375,548001,0
TLT.US,5,20251231,201000,87.37,87.38,87.35,87.3599,224770,0
TLT.US,5,20251231,201500,87.355,87.395,87.33,87.385,572057,0
TLT.US,5,20251231,202000,87.385,87.39,87.3601,87.385,272575,0
TLT.US,5,20251231,202500,87.38,87.39,87.37,87.375,99372,0
TLT.US,5,20251231,203000,87.375,87.38,87.35,87.3562,298711,0
TLT.US,5,20251231,203500,87.35,87.37,87.35,87.355,398193,0
TLT.US,5,20251231,204000,87.3575,87.37,87.35,87.365,136091,0
TLT.US,5,20251231,204500,87.365,87.37,87.35,87.35,63486,0
TLT.US,5,20251231,205000,87.35,87.36,87.33,87.335,129065,0
TLT.US,5,20251231,205500,87.33,87.35,87.32,87.32,261674,0
TLT.US,5,20251231,210000,87.325,87.35,87.32,87.335,300361,0
TLT.US,5,20251231,210500,87.3344,87.35,87.33,87.34,155134,0
TLT.US,5,20251231,211000,87.345,87.345,87.32,87.32,330071,0
TLT.US,5,20251231,211500,87.325,87.35,87.32,87.335,249355,0
TLT.US,5,20251231,212000,87.33,87.34,87.33,87.33,146443,0
TLT.US,5,20251231,212500,87.335,87.34,87.33,87.3301,155260,0
TLT.US,5,20251231,213000,87.33,87.34,87.31,87.315,170146,0
TLT.US,5,20251231,213500,87.315,87.34,87.31,87.325,394854,0
TLT.US,5,20251231,214000,87.325,87.33,87.2935,87.295,279908,0
TLT.US,5,20251231,214500,87.3,87.3099,87.2601,87.2633,421690,0
TLT.US,5,20251231,215000,87.26,87.265,87.22,87.2301,946050,0
TLT.US,5,20251231,215500,87.23,87.24,87.13,87.16,6312323,0
TLT.US,5,20260102,153000,87.4,87.41,87.33,87.335,2029761,0
TLT.US,5,20260102,153500,87.335,87.36,87.28,87.325,1055916,0
TLT.US,5,20260102,154000,87.325,87.345,87.29,87.305,892383,0
TLT.US,5,20260102,154500,87.305,87.33,87.26,87.29,1026168,0
TLT.US,5,20260102,155000,87.29,87.29,87.24,87.25,2740286,0
TLT.US,5,20260102,155500,87.255,87.255,87.23,87.24,308533,0
TLT.US,5,20260102,160000,87.23,87.23,87.18,87.21,848742,0
TLT.US,5,20260102,160500,87.215,87.25,87.21,87.24,404577,0
TLT.US,5,20260102,161000,87.23,87.26,87.215,87.245,655123,0
TLT.US,5,20260102,161500,87.245,87.25,87.21,87.245,474963,0
TLT.US,5,20260102,162000,87.25,87.34,87.24,87.315,586483,0
TLT.US,5,20260102,162500,87.315,87.32,87.28,87.29,581078,0
TLT.US,5,20260102,163000,87.295,87.3,87.21,87.215,695761,0
TLT.US,5,20260102,163500,87.22,87.23,87.204,87.225,527071,0
TLT.US,5,20260102,164000,87.225,87.225,87.19,87.215,437410,0
TLT.US,5,20260102,164500,87.215,87.255,87.2,87.235,447104,0
TLT.US,5,20260102,165000,87.24,87.285,87.2301,87.25,364816,0
TLT.US,5,20260102,165500,87.2455,87.26,87.215,87.2194,375037,0
TLT.US,5,20260102,170000,87.22,87.22,87.16,87.1793,323785,0
TLT.US,5,20260102,170500,87.18,87.19,87.1412,87.1445,359317,0
TLT.US,5,20260102,171000,87.14,87.16,87.11,87.12,429934,0
TLT.US,5,20260102,171500,87.115,87.1299,87.07,87.12,572950,0
TLT.US,5,20260102,172000,87.1213,87.13,87.11,87.12,308027,0
TLT.US,5,20260102,172500,87.1206,87.16,87.115,87.145,516647,0
TLT.US,5,20260102,173000,87.14,87.16,87.12,87.125,210721,0
TLT.US,5,20260102,173500,87.1258,87.13,87.11,87.115,172862,0
TLT.US,5,20260102,174000,87.11,87.14,87.1,87.125,187851,0
TLT.US,5,20260102,174500,87.13,87.13,87.055,87.085,424269,0
TLT.US,5,20260102,175000,87.085,87.1,87.07,87.085,216103,0
TLT.US,5,20260102,175500,87.085,87.1,87.08,87.09,97833,0
TLT.US,5,20260102,180000,87.095,87.11,87.08,87.11,183431,0
TLT.US,5,20260102,180500,87.11,87.14,87.1,87.13,167020,0
TLT.US,5,20260102,181000,87.13,87.15,87.12,87.129,280568,0
TLT.US,5,20260102,181500,87.13,87.185,87.12,87.185,320821,0
TLT.US,5,20260102,182000,87.185,87.185,87.1442,87.16,336389,0
TLT.US,5,20260102,182500,87.155,87.2,87.155,87.195,128383,0
TLT.US,5,20260102,183000,87.195,87.21,87.175,87.18,293542,0
TLT.US,5,20260102,183500,87.18,87.215,87.174,87.2,184280,0
TLT.US,5,20260102,184000,87.2,87.2,87.17,87.175,175749,0
TLT.US,5,20260102,184500,87.175,87.19,87.17,87.1728,76794,0
TLT.US,5,20260102,185000,87.1755,87.1755,87.14,87.155,182672,0
TLT.US,5,20260102,185500,87.16,87.2,87.16,87.19,263938,0
TLT.US,5,20260102,190000,87.195,87.2,87.17,87.18,187753,0
TLT.US,5,20260102,190500,87.19,87.19,87.17,87.18,159152,0
TLT.US,5,20260102,191000,87.18,87.19,87.165,87.165,101191,0
TLT.US,5,20260102,191500,87.165,87.17,87.16,87.1673,77192,0
TLT.US,5,20260102,192000,87.17,87.18,87.16,87.175,168714,0
TLT.US,5,20260102,192500,87.175,87.1756,87.14,87.145,351042,0
TLT.US,5,20260102,193000,87.15,87.15,87.081,87.1,292501,0
TLT.US,5,20260102,193500,87.1,87.1,87.05,87.08,231417,0
TLT.US,5,20260102,194000,87.08,87.09,87.06,87.065,248586,0
TLT.US,5,20260102,194500,87.065,87.07,87.05,87.062,210326,0
TLT.US,5,20260102,195000,87.065,87.09,87.06,87.085,194248,0
TLT.US,5,20260102,195500,87.0843,87.09,87.06,87.06,163956,0
TLT.US,5,20260102,200000,87.06,87.07,87.06,87.07,56584,0
TLT.US,5,20260102,200500,87.07,87.07,87.0599,87.0637,130561,0
TLT.US,5,20260102,201000,87.07,87.08,87.035,87.05,266772,0
TLT.US,5,20260102,201500,87.055,87.06,87.0442,87.05,132168,0
TLT.US,5,20260102,202000,87.055,87.06,87.0201,87.04,235291,0
TLT.US,5,20260102,202500,87.04,87.09,87.03,87.09,177040,0
TLT.US,5,20260102,203000,87.09,87.09,87.06,87.07,252755,0
TLT.US,5,20260102,203500,87.075,87.09,87.07,87.09,62717,0
TLT.US,5,20260102,204000,87.085,87.09,87.06356,87.0826,139452,0
TLT.US,5,20260102,204500,87.08,87.13,87.075,87.13,216064,0
TLT.US,5,20260102,205000,87.13,87.19,87.13,87.19,236883,0
TLT.US,5,20260102,205500,87.1845,87.24,87.17,87.18,761824,0
TLT.US,5,20260102,210000,87.18,87.19,87.145,87.1643,400667,0
TLT.US,5,20260102,210500,87.16403,87.18,87.16,87.17,109403,0
TLT.US,5,20260102,211000,87.16,87.19,87.16,87.175,298808,0
TLT.US,5,20260102,211500,87.175,87.19,87.17,87.18,198106,0
TLT.US,5,20260102,212000,87.17,87.19,87.155,87.165,279004,0
TLT.US,5,20260102,212500,87.165,87.18,87.15,87.165,242042,0
TLT.US,5,20260102,213000,87.16,87.165,87.13,87.13,127684,0
TLT.US,5,20260102,213500,87.135,87.15,87.13,87.14,96370,0
TLT.US,5,20260102,214000,87.145,87.15,87.125,87.135,414901,0
TLT.US,5,20260102,214500,87.14,87.14,87.11,87.115,381083,0
TLT.US,5,20260102,215000,87.11,87.12,87.08,87.105,749860,0
TLT.US,5,20260102,215500,87.11,87.13,87.03,87.03,7603254,0
TLT.US,5,20260105,153000,87.18,87.27,87.17,87.255,460693,0
TLT.US,5,20260105,153500,87.255,87.288,87.2346,87.235,398656,0
TLT.US,5,20260105,154000,87.24,87.25,87.14,87.145,696379,0
TLT.US,5,20260105,154500,87.15,87.205,87.13,87.185,301264,0
TLT.US,5,20260105,155000,87.185,87.22,87.17,87.175,330754,0
TLT.US,5,20260105,155500,87.17,87.18,87.11,87.13,463869,0
TLT.US,5,20260105,160000,87.13,87.32,87.13,87.295,1384097,0
TLT.US,5,20260105,160500,87.29,87.305,87.26,87.29,291236,0
TLT.US,5,20260105,161000,87.28,87.3164,87.2593,87.3,463048,0
TLT.US,5,20260105,161500,87.29,87.29,87.24,87.25,328027,0
TLT.US,5,20260105,162000,87.2597,87.2788,87.21,87.2312,252154,0
TLT.US,5,20260105,162500,87.2338,87.26,87.22,87.235,304670,0
TLT.US,5,20260105,163000,87.235,87.31,87.21,87.295,307945,0
TLT.US,5,20260105,163500,87.2901,87.3,87.26,87.29,189555,0
TLT.US,5,20260105,164000,87.29,87.29,87.25,87.251,210842,0
TLT.US,5,20260105,164500,87.2538,87.28,87.23,87.24,300907,0
TLT.US,5,20260105,165000,87.245,87.245,87.14,87.145,445827,0
TLT.US,5,20260105,165500,87.144,87.2,87.13,87.18,324528,0
TLT.US,5,20260105,170000,87.18,87.265,87.1743,87.25,289107,0
TLT.US,5,20260105,170500,87.255,87.28,87.22,87.27,201808,0
TLT.US,5,20260105,171000,87.26,87.28,87.24,87.275,263424,0
TLT.US,5,20260105,171500,87.27,87.305,87.265,87.275,225476,0
TLT.US,5,20260105,172000,87.28,87.29,87.265,87.275,99188,0
TLT.US,5,20260105,172500,87.275,87.32,87.27,87.3,243784,0
TLT.US,5,20260105,173000,87.3,87.34,87.29,87.33,262336,0
TLT.US,5,20260105,173500,87.34,87.385,87.3148,87.35,243327,0
TLT.US,5,20260105,174000,87.35,87.415,87.348,87.41,315446,0
TLT.US,5,20260105,174500,87.415,87.435,87.41,87.42,349542,0
TLT.US,5,20260105,175000,87.42,87.47,87.415,87.425,526804,0
TLT.US,5,20260105,175500,87.4299,87.4499,87.41,87.44,146960,0
TLT.US,5,20260105,180000,87.4415,87.45,87.41,87.42,161783,0
TLT.US,5,20260105,180500,87.415,87.46,87.415,87.445,284400,0
TLT.US,5,20260105,181000,87.4445,87.4775,87.4301,87.47,214028,0
TLT.US,5,20260105,181500,87.465,87.48,87.46,87.47,143223,0
TLT.US,5,20260105,182000,87.47,87.505,87.465,87.488,340385,0
TLT.US,5,20260105,182500,87.48,87.4975,87.46,87.465,126984,0
TLT.US,5,20260105,183000,87.465,87.5,87.46,87.485,146358,0
TLT.US,5,20260105,183500,87.485,87.5,87.48,87.485,115421,0
TLT.US,5,20260105,184000,87.49,87.51,87.48,87.485,177118,0
TLT.US,5,20260105,184500,87.49,87.5,87.47,87.475,128116,0
TLT.US,5,20260105,185000,87.4713,87.48,87.451,87.4669,219913,0
TLT.US,5,20260105,185500,87.47,87.475,87.445,87.465,438490,0
TLT.US,5,20260105,190000,87.465,87.48,87.46,87.46,184042,0
TLT.US,5,20260105,190500,87.465,87.47,87.45,87.47,355618,0
TLT.US,5,20260105,191000,87.465,87.48,87.45,87.455,522479,0
TLT.US,5,20260105,191500,87.46,87.48,87.45,87.475,138436,0
TLT.US,5,20260105,192000,87.47,87.48,87.445,87.45,225065,0
TLT.US,5,20260105,192500,87.4501,87.46,87.42,87.425,194143,0
TLT.US,5,20260105,193000,87.425,87.4386,87.42,87.435,152708,0
TLT.US,5,20260105,193500,87.435,87.4599,87.42,87.45,131675,0
TLT.US,5,20260105,194000,87.45,87.47,87.44,87.455,115178,0
TLT.US,5,20260105,194500,87.455,87.47,87.45,87.455,190480,0
TLT.US,5,20260105,195000,87.451,87.49,87.45,87.485,169693,0
TLT.US,5,20260105,195500,87.485,87.5,87.48,87.4955,95286,0
TLT.US,5,20260105,200000,87.5,87.5,87.47,87.49,146646,0
TLT.US,5,20260105,200500,87.495,87.495,87.44,87.4561,256149,0
TLT.US,5,20260105,201000,87.455,87.47,87.44,87.45,124535,0
TLT.US,5,20260105,201500,87.455,87.46,87.42,87.425,369706,0
TLT.US,5,20260105,202000,87.425,87.43,87.40313,87.4041,112005,0
TLT.US,5,20260105,202500,87.4039,87.42,87.4,87.405,168514,0
TLT.US,5,20260105,203000,87.405,87.415,87.39,87.405,98934,0
TLT.US,5,20260105,203500,87.4,87.4052,87.37,87.375,182550,0
TLT.US,5,20260105,204000,87.3714,87.3855,87.36,87.375,267792,0
TLT.US,5,20260105,204500,87.37,87.386,87.35,87.3725,252112,0
TLT.US,5,20260105,205000,87.375,87.3999,87.35,87.355,170828,0
TLT.US,5,20260105,205500,87.35,87.37,87.34,87.34,316368,0
TLT.US,5,20260105,210000,87.3464,87.3562,87.33,87.3348,373069,0
TLT.US,5,20260105,210500,87.335,87.3561,87.33,87.355,91975,0
TLT.US,5,20260105,211000,87.35,87.3651,87.34437,87.3525,127630,0
TLT.US,5,20260105,211500,87.355,87.37,87.34,87.345,214914,0
TLT.US,5,20260105,212000,87.34,87.375,87.34,87.37,317341,0
TLT.US,5,20260105,212500,87.37,87.38,87.37,87.3741,158512,0
TLT.US,5,20260105,213000,87.375,87.385,87.37,87.385,376452,0
TLT.US,5,20260105,213500,87.385,87.405,87.37,87.395,155855,0
TLT.US,5,20260105,214000,87.39,87.425,87.39,87.405,237120,0
TLT.US,5,20260105,214500,87.4,87.43,87.4,87.43,228855,0
TLT.US,5,20260105,215000,87.43,87.49,87.43,87.4802,619294,0
TLT.US,5,20260105,215500,87.48,87.52,87.44,87.46,5155921,0
TLT.US,5,20260106,153000,87.15,87.21,87.13,87.2,662845,0
TLT.US,5,20260106,153500,87.2,87.24,87.15,87.16,390447,0
TLT.US,5,20260106,154000,87.16,87.18,87.135,87.155,465889,0
TLT.US,5,20260106,154500,87.1501,87.23,87.1501,87.185,419631,0
TLT.US,5,20260106,155000,87.185,87.275,87.175,87.26,341702,0
TLT.US,5,20260106,155500,87.265,87.33,87.25,87.2999,551737,0
TLT.US,5,20260106,160000,87.2945,87.32,87.24,87.2699,443014,0
TLT.US,5,20260106,160500,87.26,87.32,87.2199,87.2199,459185,0
TLT.US,5,20260106,161000,87.215,87.22,87.13,87.14,712164,0
TLT.US,5,20260106,161500,87.15,87.16,87.1,87.11,1319284,0
TLT.US,5,20260106,162000,87.105,87.13,87.0984,87.1073,1572053,0
TLT.US,5,20260106,162500,87.1,87.1065,87.03,87.0307,629683,0
TLT.US,5,20260106,163000,87.035,87.09,87.01,87.02,1004282,0
TLT.US,5,20260106,163500,87.02,87.1,87.01,87.09,546928,0
TLT.US,5,20260106,164000,87.09,87.11,87.06,87.1057,284715,0
TLT.US,5,20260106,164500,87.1,87.12,87.075,87.09,846833,0
TLT.US,5,20260106,165000,87.09,87.16,87.07,87.1455,634614,0
TLT.US,5,20260106,165500,87.14,87.14,87.07,87.105,318526,0
TLT.US,5,20260106,170000,87.11,87.11,87.03,87.0339,723238,0
TLT.US,5,20260106,170500,87.04,87.04,86.9,86.91,866272,0
TLT.US,5,20260106,171000,86.91,87.01,86.9,86.965,686510,0
TLT.US,5,20260106,171500,86.965,87,86.955,86.99,513087,0
TLT.US,5,20260106,172000,86.99,86.99,86.96,86.97,299296,0
TLT.US,5,20260106,172500,86.96,86.98,86.95,86.975,264613,0
TLT.US,5,20260106,173000,86.9756,87.029,86.97,86.995,495442,0
TLT.US,5,20260106,173500,86.995,87.05,86.995,87.049,300103,0
TLT.US,5,20260106,174000,87.045,87.05,87.01,87.015,249028,0
TLT.US,5,20260106,174500,87.01,87.03,87,87.01,237776,0
TLT.US,5,20260106,175000,87.0066,87.0599,87.001,87.05,388458,0
TLT.US,5,20260106,175500,87.06,87.075,87.0494,87.07,320724,0
TLT.US,5,20260106,180000,87.07,87.11,87.065,87.0816,264515,0
TLT.US,5,20260106,180500,87.09,87.09,87.055,87.055,291319,0
TLT.US,5,20260106,181000,87.05,87.09,87.045,87.0797,232969,0
TLT.US,5,20260106,181500,87.08,87.1,87.07,87.0899,272187,0
TLT.US,5,20260106,182000,87.09,87.1,87.0332,87.05,116663,0
TLT.US,5,20260106,182500,87.0401,87.09,87.04,87.065,163564,0
TLT.US,5,20260106,183000,87.065,87.11,87.06,87.1055,112233,0
TLT.US,5,20260106,183500,87.1055,87.11,87.07,87.09,244841,0
TLT.US,5,20260106,184000,87.09,87.16,87.08,87.1199,284392,0
TLT.US,5,20260106,184500,87.116,87.13,87.105,87.125,73352,0
TLT.US,5,20260106,185000,87.13,87.13,87.1,87.105,141128,0
TLT.US,5,20260106,185500,87.1,87.15,87.0999,87.145,126883,0
TLT.US,5,20260106,190000,87.1499,87.17,87.1101,87.13,286830,0
TLT.US,5,20260106,190500,87.13,87.16,87.12,87.16,130433,0
TLT.US,5,20260106,191000,87.16,87.18,87.15,87.1539,91860,0
TLT.US,5,20260106,191500,87.16,87.1754,87.145,87.15,96363,0
TLT.US,5,20260106,192000,87.15,87.16,87.14,87.15,200310,0
TLT.US,5,20260106,192500,87.14,87.16,87.13,87.1422,54298,0
TLT.US,5,20260106,193000,87.1401,87.16,87.1243,87.1399,242292,0
TLT.US,5,20260106,193500,87.14,87.19,87.14,87.15,214172,0
TLT.US,5,20260106,194000,87.14,87.15,87.11,87.15,302185,0
TLT.US,5,20260106,194500,87.15,87.165,87.13,87.1499,384122,0
TLT.US,5,20260106,195000,87.1401,87.15,87.1146,87.14,443324,0
TLT.US,5,20260106,195500,87.135,87.1658,87.12,87.1658,171556,0
TLT.US,5,20260106,200000,87.17,87.175,87.14,87.1466,211016,0
TLT.US,5,20260106,200500,87.145,87.15,87.13,87.1473,254027,0
TLT.US,5,20260106,201000,87.15,87.195,87.145,87.19,182645,0
TLT.US,5,20260106,201500,87.19,87.19,87.16,87.18,353720,0
TLT.US,5,20260106,202000,87.18,87.22,87.1751,87.185,183329,0
TLT.US,5,20260106,202500,87.19,87.21,87.18,87.2,226453,0
TLT.US,5,20260106,203000,87.2056,87.21,87.182,87.182,200898,0
TLT.US,5,20260106,203500,87.185,87.2,87.18,87.186,266222,0
TLT.US,5,20260106,204000,87.19,87.21,87.17,87.17,182853,0
TLT.US,5,20260106,204500,87.17,87.205,87.16,87.165,489592,0
TLT.US,5,20260106,205000,87.17,87.18,87.16,87.165,109486,0
TLT.US,5,20260106,205500,87.17,87.18,87.15,87.17,393338,0
TLT.US,5,20260106,210000,87.16,87.2299,87.16,87.1855,470404,0
TLT.US,5,20260106,210500,87.19,87.2,87.1735,87.185,85501,0
TLT.US,5,20260106,211000,87.19,87.22,87.18,87.22,96987,0
TLT.US,5,20260106,211500,87.215,87.24,87.205,87.2264,221860,0
TLT.US,5,20260106,212000,87.2207,87.23,87.2,87.215,166970,0
TLT.US,5,20260106,212500,87.21,87.22,87.195,87.2,120301,0
TLT.US,5,20260106,213000,87.2,87.21,87.18,87.19,311175,0
TLT.US,5,20260106,213500,87.19,87.26,87.19,87.255,209041,0
TLT.US,5,20260106,214000,87.255,87.3,87.25,87.275,498224,0
TLT.US,5,20260106,214500,87.2755,87.286,87.27,87.2845,161339,0
TLT.US,5,20260106,215000,87.285,87.33,87.28,87.32,620694,0
TLT.US,5,20260106,215500,87.32,87.34,87.28,87.28,6708676,0
TLT.US,5,20260107,153000,87.84,87.87,87.8,87.835,1634583,0
TLT.US,5,20260107,153500,87.84,87.84,87.78,87.81,533456,0
TLT.US,5,20260107,154000,87.815,87.82,87.7317,87.7406,929562,0
TLT.US,5,20260107,154500,87.75,87.755,87.7,87.74,441081,0
TLT.US,5,20260107,155000,87.74,87.755,87.7,87.736,331366,0
TLT.US,5,20260107,155500,87.73,87.77,87.725,87.74,985523,0
TLT.US,5,20260107,160000,87.73,87.745,87.48,87.5754,2119164,0
TLT.US,5,20260107,160500,87.575,87.66,87.55,87.566,623260,0
TLT.US,5,20260107,161000,87.56,87.57,87.51,87.52,531012,0
TLT.US,5,20260107,161500,87.525,87.6,87.51,87.56,502630,0
TLT.US,5,20260107,162000,87.5522,87.57,87.525,87.5446,410351,0
TLT.US,5,20260107,162500,87.55,87.615,87.51,87.6,509647,0
TLT.US,5,20260107,163000,87.6,87.64,87.58,87.6,660826,0
TLT.US,5,20260107,163500,87.6,87.685,87.6,87.65,372766,0
TLT.US,5,20260107,164000,87.65,87.73,87.64,87.71,327568,0
TLT.US,5,20260107,164500,87.705,87.72,87.6742,87.7,368755,0
TLT.US,5,20260107,165000,87.705,87.71,87.6699,87.705,385155,0
TLT.US,5,20260107,165500,87.7002,87.78,87.695,87.7796,312997,0
TLT.US,5,20260107,170000,87.775,87.85,87.77,87.805,740808,0
TLT.US,5,20260107,170500,87.805,87.89,87.7942,87.8594,562935,0
TLT.US,5,20260107,171000,87.85,87.86,87.765,87.775,578897,0
TLT.US,5,20260107,171500,87.775,87.83,87.775,87.81,425783,0
TLT.US,5,20260107,172000,87.81,87.8156,87.78,87.795,262739,0
TLT.US,5,20260107,172500,87.795,87.84,87.79,87.835,270049,0
TLT.US,5,20260107,173000,87.835,87.87,87.8302,87.86,430592,0
TLT.US,5,20260107,173500,87.86,87.87,87.84,87.855,223769,0
TLT.US,5,20260107,174000,87.86,87.86,87.825,87.84,354388,0
TLT.US,5,20260107,174500,87.84,87.84,87.79,87.82,199751,0
TLT.US,5,20260107,175000,87.81,87.83,87.78,87.8,422453,0
TLT.US,5,20260107,175500,87.81,87.81,87.78,87.795,302303,0
TLT.US,5,20260107,180000,87.8,87.88,87.7941,87.88,255481,0
TLT.US,5,20260107,180500,87.87,87.92,87.85,87.905,317539,0
TLT.US,5,20260107,181000,87.91,87.91,87.85,87.8699,120910,0
TLT.US,5,20260107,181500,87.8603,87.87,87.8214,87.85,245897,0
TLT.US,5,20260107,182000,87.845,87.87,87.835,87.87,221534,0
TLT.US,5,20260107,182500,87.8629,87.92,87.8629,87.91,397703,0
TLT.US,5,20260107,183000,87.9035,87.95,87.9035,87.925,200783,0
TLT.US,5,20260107,183500,87.925,87.93,87.9,87.9299,210557,0
TLT.US,5,20260107,184000,87.93,87.93,87.91,87.9151,160600,0
TLT.US,5,20260107,184500,87.91,87.96,87.91,87.95,246775,0
TLT.US,5,20260107,185000,87.95,87.995,87.9499,87.99,256780,0
TLT.US,5,20260107,185500,87.9835,88.005,87.96,87.99,292412,0
TLT.US,5,20260107,190000,87.99,88.005,87.95,87.975,305099,0
TLT.US,5,20260107,190500,87.975,87.98,87.935,87.94,289082,0
TLT.US,5,20260107,191000,87.94,87.94,87.92,87.925,158841,0
TLT.US,5,20260107,191500,87.925,87.94,87.89,87.9299,244735,0
TLT.US,5,20260107,192000,87.93,87.94,87.92,87.93,250469,0
TLT.US,5,20260107,192500,87.929,87.95,87.9201,87.945,185961,0
TLT.US,5,20260107,193000,87.945,87.975,87.94,87.965,411829,0
TLT.US,5,20260107,193500,87.9601,87.98,87.955,87.98,187657,0
TLT.US,5,20260107,194000,87.975,87.989,87.96,87.965,258989,0
TLT.US,5,20260107,194500,87.965,87.97,87.94,87.955,221152,0
TLT.US,5,20260107,195000,87.955,87.965,87.94,87.95,184007,0
TLT.US,5,20260107,195500,87.95,87.955,87.925,87.94,111811,0
TLT.US,5,20260107,200000,87.9378,87.94,87.92,87.9321,131934,0
TLT.US,5,20260107,200500,87.936,87.95,87.875,87.8799,627486,0
TLT.US,5,20260107,201000,87.88,87.9,87.875,87.895,296062,0
TLT.US,5,20260107,201500,87.895,87.9299,87.895,87.91,119087,0
TLT.US,5,20260107,202000,87.905,87.91,87.89,87.9,263627,0
TLT.US,5,20260107,202500,87.9,87.915,87.8943,87.915,117832,0
TLT.US,5,20260107,203000,87.91,87.915,87.88,87.9,235401,0
TLT.US,5,20260107,203500,87.905,87.9299,87.9,87.92,287651,0
TLT.US,5,20260107,204000,87.92,87.93,87.905,87.93,317829,0
TLT.US,5,20260107,204500,87.925,87.93,87.9,87.91,168835,0
TLT.US,5,20260107,205000,87.91,87.935,87.9,87.935,210330,0
TLT.US,5,20260107,205500,87.93,87.93,87.89,87.89,389299,0
TLT.US,5,20260107,210000,87.895,87.929,87.885,87.895,278752,0
TLT.US,5,20260107,210500,87.895,87.8999,87.845,87.855,632847,0
TLT.US,5,20260107,211000,87.86,87.89,87.85,87.87,206637,0
TLT.US,5,20260107,211500,87.865,87.8699,87.84,87.855,343088,0
TLT.US,5,20260107,212000,87.859,87.87,87.84,87.855,198389,0
TLT.US,5,20260107,212500,87.855,87.86,87.83,87.83,249277,0
TLT.US,5,20260107,213000,87.835,87.87,87.83,87.85,220036,0
TLT.US,5,20260107,213500,87.855,87.88,87.85,87.875,162871,0
TLT.US,5,20260107,214000,87.87,87.88,87.86,87.875,468759,0
TLT.US,5,20260107,214500,87.87,87.88,87.83,87.84,597368,0
TLT.US,5,20260107,215000,87.84,87.86,87.83,87.84,801157,0
TLT.US,5,20260107,215500,87.84,87.84,87.78,87.79,5824632,0
TLT.US,5,20260108,153000,87.33,87.3399,87.27,87.284,543528,0
TLT.US,5,20260108,153500,87.2871,87.295,87.245,87.26,624337,0
TLT.US,5,20260108,154000,87.26,87.305,87.25,87.2856,447049,0
TLT.US,5,20260108,154500,87.285,87.31,87.27,87.27,477546,0
TLT.US,5,20260108,155000,87.275,87.3372,87.27,87.3232,436680,0
TLT.US,5,20260108,155500,87.325,87.39,87.325,87.3663,433432,0
TLT.US,5,20260108,160000,87.36,87.39,87.305,87.3437,317367,0
TLT.US,5,20260108,160500,87.35,87.3662,87.31,87.35,322039,0
TLT.US,5,20260108,161000,87.355,87.365,87.32,87.355,244530,0
TLT.US,5,20260108,161500,87.355,87.3799,87.33,87.3544,213722,0
TLT.US,5,20260108,162000,87.355,87.36,87.32,87.32,123558,0
TLT.US,5,20260108,162500,87.33,87.365,87.31271,87.3269,175128,0
TLT.US,5,20260108,163000,87.3299,87.34,87.3,87.3154,356269,0
TLT.US,5,20260108,163500,87.31,87.32,87.29,87.31,366974,0
TLT.US,5,20260108,164000,87.31,87.335,87.29,87.33,159905,0
TLT.US,5,20260108,164500,87.33,87.3578,87.3146,87.3501,189220,0
TLT.US,5,20260108,165000,87.36,87.39,87.34,87.39,211564,0
TLT.US,5,20260108,165500,87.3839,87.39,87.36,87.37,118359,0
TLT.US,5,20260108,170000,87.38,87.38,87.35,87.365,136460,0
TLT.US,5,20260108,170500,87.364,87.37,87.32,87.345,159835,0
TLT.US,5,20260108,171000,87.34,87.37,87.325,87.36,198763,0
TLT.US,5,20260108,171500,87.355,87.39,87.35,87.3616,234015,0
TLT.US,5,20260108,172000,87.36,87.3669,87.32,87.3273,259174,0
TLT.US,5,20260108,172500,87.3277,87.37,87.3241,87.355,183650,0
TLT.US,5,20260108,173000,87.355,87.41,87.354,87.405,327122,0
TLT.US,5,20260108,173500,87.41,87.415,87.385,87.385,143282,0
TLT.US,5,20260108,174000,87.39,87.445,87.39,87.435,202398,0
TLT.US,5,20260108,174500,87.435,87.47,87.42,87.44,253130,0
TLT.US,5,20260108,175000,87.45,87.51,87.45,87.51,240055,0
TLT.US,5,20260108,175500,87.5001,87.5299,87.49,87.5,238991,0
TLT.US,5,20260108,180000,87.4943,87.5,87.47,87.475,241795,0
TLT.US,5,20260108,180500,87.48,87.51,87.475,87.4954,190113,0
TLT.US,5,20260108,181000,87.495,87.545,87.49,87.53,153582,0
TLT.US,5,20260108,181500,87.525,87.55,87.52,87.5401,91049,0
TLT.US,5,20260108,182000,87.545,87.55,87.49,87.5099,259016,0
TLT.US,5,20260108,182500,87.5051,87.5051,87.4342,87.44,235750,0
TLT.US,5,20260108,183000,87.44,87.44,87.405,87.4099,329612,0
TLT.US,5,20260108,183500,87.41,87.41,87.385,87.4,346515,0
TLT.US,5,20260108,184000,87.3955,87.4199,87.39,87.405,190013,0
TLT.US,5,20260108,184500,87.405,87.44,87.4,87.43,315021,0
TLT.US,5,20260108,185000,87.43,87.44,87.405,87.42,199673,0
TLT.US,5,20260108,185500,87.42,87.44,87.4144,87.44,177232,0
TLT.US,5,20260108,190000,87.435,87.44,87.4,87.405,123054,0
TLT.US,5,20260108,190500,87.4068,87.42,87.39,87.415,221467,0
TLT.US,5,20260108,191000,87.415,87.43,87.41,87.425,109875,0
TLT.US,5,20260108,191500,87.425,87.44,87.42,87.44,168698,0
TLT.US,5,20260108,192000,87.4301,87.46,87.4301,87.45,120553,0
TLT.US,5,20260108,192500,87.455,87.48,87.45,87.48,175557,0
TLT.US,5,20260108,193000,87.48,87.49,87.45,87.455,240698,0
TLT.US,5,20260108,193500,87.45,87.46,87.4283,87.435,219649,0
TLT.US,5,20260108,194000,87.435,87.4399,87.415,87.425,241017,0
TLT.US,5,20260108,194500,87.4299,87.4299,87.39,87.4,102990,0
TLT.US,5,20260108,195000,87.405,87.41,87.38,87.39,220780,0
TLT.US,5,20260108,195500,87.386,87.42,87.36,87.4,291241,0
TLT.US,5,20260108,200000,87.4,87.4,87.38,87.385,210864,0
TLT.US,5,20260108,200500,87.38,87.395,87.38,87.3822,305862,0
TLT.US,5,20260108,201000,87.385,87.39,87.37,87.38,152322,0
TLT.US,5,20260108,201500,87.375,87.38,87.35,87.355,222699,0
TLT.US,5,20260108,202000,87.3539,87.37,87.34,87.345,146890,0
TLT.US,5,20260108,202500,87.34,87.345,87.32,87.325,158265,0
TLT.US,5,20260108,203000,87.32,87.33,87.305,87.33,154707,0
TLT.US,5,20260108,203500,87.325,87.356,87.32,87.355,276074,0
TLT.US,5,20260108,204000,87.355,87.36,87.33,87.335,110750,0
TLT.US,5,20260108,204500,87.33,87.34,87.3,87.31,265254,0
TLT.US,5,20260108,205000,87.315,87.32,87.29,87.2999,212556,0
TLT.US,5,20260108,205500,87.2999,87.32,87.29,87.32,275695,0
TLT.US,5,20260108,210000,87.32,87.325,87.29,87.31,456908,0
TLT.US,5,20260108,210500,87.3034,87.31,87.29,87.29,135392,0
TLT.US,5,20260108,211000,87.295,87.31,87.29,87.3001,147075,0
TLT.US,5,20260108,211500,87.305,87.31,87.275,87.29,157122,0
TLT.US,5,20260108,212000,87.29,87.32,87.2801,87.3101,284905,0
TLT.US,5,20260108,212500,87.31,87.32,87.3,87.31,240690,0
TLT.US,5,20260108,213000,87.315,87.33,87.31,87.325,146526,0
TLT.US,5,20260108,213500,87.325,87.33,87.31,87.315,202932,0
TLT.US,5,20260108,214000,87.315,87.33,87.31,87.315,483140,0
TLT.US,5,20260108,214500,87.31,87.33,87.31,87.315,701827,0
TLT.US,5,20260108,215000,87.315,87.34,87.315,87.335,664927,0
TLT.US,5,20260108,215500,87.335,87.35,87.31,87.35,5614683,0
TLT.US,5,20260109,153000,87.3,87.3,87.2001,87.2897,787563,0
TLT.US,5,20260109,153500,87.285,87.32,87.22,87.245,823856,0
TLT.US,5,20260109,154000,87.25,87.27,87.17,87.1777,755219,0
TLT.US,5,20260109,154500,87.175,87.205,87.12,87.17,1355958,0
TLT.US,5,20260109,155000,87.17,87.28,87.16,87.27,933402,0
TLT.US,5,20260109,155500,87.27,87.37,87.27,87.36,955716,0
TLT.US,5,20260109,160000,87.36,87.485,87.34,87.43,3181279,0
TLT.US,5,20260109,160500,87.43,87.63,87.42,87.575,1756530,0
TLT.US,5,20260109,161000,87.57,87.6464,87.54,87.64,1057144,0
TLT.US,5,20260109,161500,87.635,87.64,87.53,87.6,1292796,0
TLT.US,5,20260109,162000,87.605,87.64,87.51,87.5313,1125109,0
TLT.US,5,20260109,162500,87.535,87.545,87.47,87.51,422081,0
TLT.US,5,20260109,163000,87.515,87.76,87.512,87.7328,914216,0
TLT.US,5,20260109,163500,87.735,87.805,87.69,87.7107,1165689,0
TLT.US,5,20260109,164000,87.7106,87.82,87.7106,87.7954,628520,0
TLT.US,5,20260109,164500,87.795,87.8,87.66,87.695,1235921,0
TLT.US,5,20260109,165000,87.6928,87.75,87.675,87.725,422214,0
TLT.US,5,20260109,165500,87.725,87.75,87.705,87.74,553319,0
TLT.US,5,20260109,170000,87.74,87.815,87.71,87.815,551436,0
TLT.US,5,20260109,170500,87.815,87.8717,87.8,87.87,508080,0
TLT.US,5,20260109,171000,87.865,87.905,87.835,87.84,592240,0
TLT.US,5,20260109,171500,87.84,87.84,87.77,87.805,589910,0
TLT.US,5,20260109,172000,87.81,87.82,87.73,87.735,493569,0
TLT.US,5,20260109,172500,87.735,87.7599,87.715,87.75,366319,0
TLT.US,5,20260109,173000,87.745,87.75,87.7,87.7101,360282,0
TLT.US,5,20260109,173500,87.71,87.77,87.7,87.765,372452,0
TLT.US,5,20260109,174000,87.77,87.785,87.755,87.7603,165564,0
TLT.US,5,20260109,174500,87.76,87.805,87.7321,87.805,194547,0
TLT.US,5,20260109,175000,87.805,87.81,87.76,87.7907,304037,0
TLT.US,5,20260109,175500,87.79,87.79,87.73,87.781,355753,0
TLT.US,5,20260109,180000,87.785,87.825,87.7606,87.765,417314,0
TLT.US,5,20260109,180500,87.7699,87.795,87.74,87.765,177915,0
TLT.US,5,20260109,181000,87.76,87.855,87.76,87.85,528575,0
TLT.US,5,20260109,181500,87.85,87.905,87.835,87.9,545552,0
TLT.US,5,20260109,182000,87.9,87.91,87.86,87.895,594555,0
TLT.US,5,20260109,182500,87.9,87.93,87.875,87.92,200295,0
TLT.US,5,20260109,183000,87.925,87.98,87.9,87.975,513530,0
TLT.US,5,20260109,183500,87.97,88,87.915,87.9175,980390,0
TLT.US,5,20260109,184000,87.91,87.91,87.845,87.865,865082,0
TLT.US,5,20260109,184500,87.86,87.9,87.84,87.845,317743,0
TLT.US,5,20260109,185000,87.845,87.87,87.83,87.83,339967,0
TLT.US,5,20260109,185500,87.84,87.84,87.745,87.75,444827,0
TLT.US,5,20260109,190000,87.75,87.7999,87.74,87.76,457736,0
TLT.US,5,20260109,190500,87.76,87.838,87.7516,87.835,328508,0
TLT.US,5,20260109,191000,87.835,87.845,87.8,87.83,165489,0
TLT.US,5,20260109,191500,87.825,87.839,87.82,87.825,89978,0
TLT.US,5,20260109,192000,87.8299,87.84,87.81,87.825,118254,0
TLT.US,5,20260109,192500,87.8258,87.8366,87.8,87.835,289844,0
TLT.US,5,20260109,193000,87.8354,87.91,87.83,87.905,446246,0
TLT.US,5,20260109,193500,87.9,87.975,87.9,87.965,590761,0
TLT.US,5,20260109,194000,87.965,87.99,87.95,87.95,410090,0
TLT.US,5,20260109,194500,87.9499,87.96,87.9242,87.94,113518,0
TLT.US,5,20260109,195000,87.94,87.95,87.9046,87.92,269633,0
TLT.US,5,20260109,195500,87.92,87.92,87.87,87.875,268252,0
TLT.US,5,20260109,200000,87.8733,87.89,87.855,87.88,184744,0
TLT.US,5,20260109,200500,87.89,87.905,87.86364,87.87,332275,0
TLT.US,5,20260109,201000,87.88,87.9,87.87,87.875,131350,0
TLT.US,5,20260109,201500,87.8755,87.88,87.84,87.855,171366,0
TLT.US,5,20260109,202000,87.86,87.885,87.86,87.87,115946,0
TLT.US,5,20260109,202500,87.87,87.905,87.87,87.895,217406,0
TLT.US,5,20260109,203000,87.8999,87.9199,87.885,87.915,237749,0
TLT.US,5,20260109,203500,87.91,87.93,87.86,87.86,296836,0
TLT.US,5,20260109,204000,87.86,87.88,87.85,87.859,187114,0
TLT.US,5,20260109,204500,87.855,87.9,87.85,87.885,335566,0
TLT.US,5,20260109,205000,87.89,87.89,87.85,87.865,420665,0
TLT.US,5,20260109,205500,87.86,87.89,87.84,87.88,377460,0
TLT.US,5,20260109,210000,87.885,87.9,87.835,87.845,591301,0
TLT.US,5,20260109,210500,87.845,87.87,87.84,87.855,221161,0
TLT.US,5,20260109,211000,87.855,87.866,87.84,87.855,252053,0
TLT.US,5,20260109,211500,87.86,87.89,87.855,87.875,273782,0
TLT.US,5,20260109,212000,87.875,87.88,87.86,87.87,114693,0
TLT.US,5,20260109,212500,87.875,87.9,87.86,87.89,501542,0
TLT.US,5,20260109,213000,87.895,87.9,87.86,87.875,303507,0
TLT.US,5,20260109,213500,87.87,87.88,87.85,87.86,384982,0
TLT.US,5,20260109,214000,87.86,87.865,87.82,87.845,414063,0
TLT.US,5,20260109,214500,87.845,87.8799,87.8436,87.86,377223,0
TLT.US,5,20260109,215000,87.86,87.905,87.85,87.905,1449112,0
TLT.US,5,20260109,215500,87.9,87.96,87.9,87.93,8346733,0
TLT.US,5,20260112,153000,87.5,87.5,87.41,87.44,1324176,0
TLT.US,5,20260112,153500,87.44,87.5,87.4301,87.465,522242,0
TLT.US,5,20260112,154000,87.47,87.55,87.45,87.52,616362,0
TLT.US,5,20260112,154500,87.5199,87.57,87.51,87.57,603041,0
TLT.US,5,20260112,155000,87.565,87.59,87.5442,87.545,587648,0
TLT.US,5,20260112,155500,87.55,87.55,87.5,87.52,625382,0
TLT.US,5,20260112,160000,87.525,87.525,87.41,87.455,1077484,0
TLT.US,5,20260112,160500,87.45,87.49,87.435,87.47,662945,0
TLT.US,5,20260112,161000,87.4739,87.56,87.46,87.54,369774,0
TLT.US,5,20260112,161500,87.545,87.5999,87.52,87.585,312434,0
TLT.US,5,20260112,162000,87.585,87.615,87.56,87.57,266404,0
TLT.US,5,20260112,162500,87.565,87.62,87.56,87.5701,565606,0
TLT.US,5,20260112,163000,87.575,87.62,87.5501,87.5836,265760,0
TLT.US,5,20260112,163500,87.59,87.59,87.5481,87.56,339709,0
TLT.US,5,20260112,164000,87.56,87.5899,87.5301,87.583,336975,0
TLT.US,5,20260112,164500,87.585,87.695,87.585,87.67,356221,0
TLT.US,5,20260112,165000,87.665,87.71,87.63,87.68,244520,0
TLT.US,5,20260112,165500,87.6794,87.71,87.645,87.66,392650,0
TLT.US,5,20260112,170000,87.66,87.69,87.63,87.635,296309,0
TLT.US,5,20260112,170500,87.64,87.64,87.56,87.57,294275,0
TLT.US,5,20260112,171000,87.5728,87.625,87.565,87.6,271737,0
TLT.US,5,20260112,171500,87.6,87.69,87.6,87.675,283816,0
TLT.US,5,20260112,172000,87.67,87.7,87.665,87.7,166827,0
TLT.US,5,20260112,172500,87.7055,87.7158,87.67,87.675,441502,0
TLT.US,5,20260112,173000,87.67,87.67,87.595,87.595,378680,0
TLT.US,5,20260112,173500,87.5902,87.64,87.575,87.62,498040,0
TLT.US,5,20260112,174000,87.615,87.6461,87.585,87.64,205844,0
TLT.US,5,20260112,174500,87.64,87.745,87.64,87.74,671374,0
TLT.US,5,20260112,175000,87.74,87.75,87.71,87.74,267097,0
TLT.US,5,20260112,175500,87.735,87.755,87.71,87.73,241185,0
TLT.US,5,20260112,180000,87.73,87.835,87.725,87.8,693364,0
TLT.US,5,20260112,180500,87.805,87.88,87.795,87.865,381871,0
TLT.US,5,20260112,181000,87.865,87.88,87.83,87.87,329179,0
TLT.US,5,20260112,181500,87.865,87.88,87.7727,87.78,335476,0
TLT.US,5,20260112,182000,87.785,87.815,87.765,87.805,391586,0
TLT.US,5,20260112,182500,87.8054,87.84,87.785,87.835,163481,0
TLT.US,5,20260112,183000,87.84,87.865,87.825,87.84,286862,0
TLT.US,5,20260112,183500,87.8301,87.84,87.82,87.82,177676,0
TLT.US,5,20260112,184000,87.8199,87.83,87.8,87.81,107130,0
TLT.US,5,20260112,184500,87.805,87.82,87.79,87.81,418897,0
TLT.US,5,20260112,185000,87.81,87.82,87.795,87.805,269224,0
TLT.US,5,20260112,185500,87.8044,87.81,87.74,87.745,859689,0
TLT.US,5,20260112,190000,87.75,87.86,87.745,87.8,965391,0
TLT.US,5,20260112,190500,87.8,87.85,87.79,87.83,413493,0
TLT.US,5,20260112,191000,87.825,87.8616,87.825,87.8536,176096,0
TLT.US,5,20260112,191500,87.855,87.875,87.845,87.8601,252947,0
TLT.US,5,20260112,192000,87.86,87.895,87.85,87.895,231935,0
TLT.US,5,20260112,192500,87.895,87.91,87.87,87.8734,353911,0
TLT.US,5,20260112,193000,87.8759,87.89,87.85,87.88,588736,0
TLT.US,5,20260112,193500,87.875,87.88,87.85,87.865,161939,0
TLT.US,5,20260112,194000,87.865,87.88,87.845,87.855,225206,0
TLT.US,5,20260112,194500,87.8501,87.87,87.845,87.86,273180,0
TLT.US,5,20260112,195000,87.865,87.87,87.85,87.855,92097,0
TLT.US,5,20260112,195500,87.86,87.87,87.85,87.86,181901,0
TLT.US,5,20260112,200000,87.865,87.865,87.75,87.765,487598,0
TLT.US,5,20260112,200500,87.77,87.82,87.77,87.81,238506,0
TLT.US,5,20260112,201000,87.81,87.83,87.785,87.785,74036,0
TLT.US,5,20260112,201500,87.785,87.7999,87.76,87.76,92003,0
TLT.US,5,20260112,202000,87.77,87.81,87.755,87.8,473587,0
TLT.US,5,20260112,202500,87.81,87.81,87.75,87.755,180201,0
TLT.US,5,20260112,203000,87.745,87.765,87.7301,87.735,304045,0
TLT.US,5,20260112,203500,87.74,87.74,87.72,87.735,182769,0
TLT.US,5,20260112,204000,87.735,87.735,87.665,87.67,148362,0
TLT.US,5,20260112,204500,87.67,87.68,87.63,87.68,537549,0
TLT.US,5,20260112,205000,87.68,87.685,87.64,87.645,263699,0
TLT.US,5,20260112,205500,87.645,87.65,87.6113,87.64,172832,0
TLT.US,5,20260112,210000,87.645,87.66,87.635,87.64,293506,0
TLT.US,5,20260112,210500,87.645,87.655,87.62,87.6201,182831,0
TLT.US,5,20260112,211000,87.62,87.6468,87.61,87.63,224184,0
TLT.US,5,20260112,211500,87.635,87.64,87.62,87.62,78274,0
TLT.US,5,20260112,212000,87.62,87.6564,87.62,87.6564,137167,0
TLT.US,5,20260112,212500,87.655,87.675,87.645,87.65,223662,0
TLT.US,5,20260112,213000,87.65,87.6593,87.61,87.61,311839,0
TLT.US,5,20260112,213500,87.6,87.61,87.59,87.595,183924,0
TLT.US,5,20260112,214000,87.595,87.6099,87.59,87.595,169911,0
TLT.US,5,20260112,214500,87.595,87.605,87.59,87.59,145753,0
TLT.US,5,20260112,215000,87.6,87.64,87.59,87.6301,747588,0
TLT.US,5,20260112,215500,87.635,87.67,87.63,87.67,3552711,0
TLT.US,5,20260113,153000,87.88,87.9054,87.855,87.86,897173,0
TLT.US,5,20260113,153500,87.86,87.885,87.735,87.755,732208,0
TLT.US,5,20260113,154000,87.75,87.77,87.67,87.725,935034,0
TLT.US,5,20260113,154500,87.73,87.78,87.725,87.765,720486,0
TLT.US,5,20260113,155000,87.765,87.79,87.73,87.79,250013,0
TLT.US,5,20260113,155500,87.79,87.83,87.775,87.82,327359,0
TLT.US,5,20260113,160000,87.83,87.87,87.79,87.79,499620,0
TLT.US,5,20260113,160500,87.79,87.7961,87.62,87.63,800176,0
TLT.US,5,20260113,161000,87.63,87.65,87.535,87.635,690301,0
TLT.US,5,20260113,161500,87.635,87.665,87.58,87.6201,474272,0
TLT.US,5,20260113,162000,87.62,87.69,87.61,87.68,470760,0
TLT.US,5,20260113,162500,87.68,87.72,87.68,87.7,415009,0
TLT.US,5,20260113,163000,87.71,87.7568,87.7,87.705,263876,0
TLT.US,5,20260113,163500,87.7099,87.73,87.68,87.72,283118,0
TLT.US,5,20260113,164000,87.71,87.7793,87.705,87.735,256442,0
TLT.US,5,20260113,164500,87.735,87.77,87.735,87.7601,112183,0
TLT.US,5,20260113,165000,87.765,87.79,87.755,87.77,221598,0
TLT.US,5,20260113,165500,87.775,87.84,87.775,87.83,474097,0
TLT.US,5,20260113,170000,87.83,87.87,87.825,87.83,202447,0
TLT.US,5,20260113,170500,87.83,87.83,87.77,87.83,472191,0
TLT.US,5,20260113,171000,87.825,87.83,87.75,87.765,322502,0
TLT.US,5,20260113,171500,87.77,87.805,87.72,87.7416,268506,0
TLT.US,5,20260113,172000,87.74,87.7459,87.635,87.66,358340,0
TLT.US,5,20260113,172500,87.6527,87.66,87.61,87.6399,1062620,0
TLT.US,5,20260113,173000,87.6325,87.66,87.615,87.655,198812,0
TLT.US,5,20260113,173500,87.65,87.67,87.64,87.655,247316,0
TLT.US,5,20260113,174000,87.655,87.6899,87.65,87.68,233549,0
TLT.US,5,20260113,174500,87.68,87.69,87.65,87.65,130990,0
TLT.US,5,20260113,175000,87.655,87.69,87.65,87.685,165819,0
TLT.US,5,20260113,175500,87.69,87.74,87.68,87.735,292894,0
TLT.US,5,20260113,180000,87.74,87.7601,87.73,87.735,125228,0
TLT.US,5,20260113,180500,87.74,87.75,87.71,87.72,377227,0
TLT.US,5,20260113,181000,87.72,87.72,87.69,87.69,80468,0
TLT.US,5,20260113,181500,87.69,87.7,87.665,87.6812,83674,0
TLT.US,5,20260113,182000,87.6844,87.7383,87.6844,87.73,149103,0
TLT.US,5,20260113,182500,87.7301,87.7399,87.71,87.7172,205212,0
TLT.US,5,20260113,183000,87.7199,87.78,87.7125,87.75,439983,0
TLT.US,5,20260113,183500,87.755,87.795,87.74,87.79,246056,0
TLT.US,5,20260113,184000,87.79,87.8199,87.785,87.795,345893,0
TLT.US,5,20260113,184500,87.79391,87.8,87.77,87.775,396368,0
TLT.US,5,20260113,185000,87.775,87.79,87.77,87.775,91994,0
TLT.US,5,20260113,185500,87.78,87.805,87.75,87.7603,367506,0
TLT.US,5,20260113,190000,87.76,87.8878,87.745,87.86,1010945,0
TLT.US,5,20260113,190500,87.8654,87.8654,87.83,87.83,192568,0
TLT.US,5,20260113,191000,87.83,87.8499,87.8049,87.84,265526,0
TLT.US,5,20260113,191500,87.84,87.84,87.81,87.8301,127992,0
TLT.US,5,20260113,192000,87.84,87.86,87.8301,87.845,139558,0
TLT.US,5,20260113,192500,87.845,87.875,87.8407,87.845,187834,0
TLT.US,5,20260113,193000,87.845,87.8497,87.81,87.8299,137749,0
TLT.US,5,20260113,193500,87.8245,87.835,87.81,87.8154,175226,0
TLT.US,5,20260113,194000,87.815,87.85,87.81,87.845,148550,0
TLT.US,5,20260113,194500,87.8484,87.86,87.83,87.86,149696,0
TLT.US,5,20260113,195000,87.86,87.89,87.85,87.885,67728,0
TLT.US,5,20260113,195500,87.8801,87.9,87.88,87.88,99247,0
TLT.US,5,20260113,200000,87.885,87.89,87.865,87.89,70433,0
TLT.US,5,20260113,200500,87.88,87.89,87.86,87.88,177041,0
TLT.US,5,20260113,201000,87.8824,87.9,87.88,87.9,49982,0
TLT.US,5,20260113,201500,87.895,87.91,87.875,87.895,169009,0
TLT.US,5,20260113,202000,87.9,87.91,87.8917,87.9,101089,0
TLT.US,5,20260113,202500,87.9,87.91,87.88,87.885,410536,0
TLT.US,5,20260113,203000,87.885,87.885,87.84,87.875,912662,0
TLT.US,5,20260113,203500,87.875,87.8772,87.84,87.851,230959,0
TLT.US,5,20260113,204000,87.8513,87.87,87.835,87.8399,165357,0
TLT.US,5,20260113,204500,87.8307,87.84,87.78,87.815,601505,0
TLT.US,5,20260113,205000,87.81,87.83,87.81,87.83,64698,0
TLT.US,5,20260113,205500,87.83,87.8457,87.815,87.83,137083,0
TLT.US,5,20260113,210000,87.835,87.845,87.7901,87.835,277997,0
TLT.US,5,20260113,210500,87.8301,87.85,87.83,87.84,56781,0
TLT.US,5,20260113,211000,87.835,87.85,87.83,87.835,65876,0
TLT.US,5,20260113,211500,87.8354,87.84,87.81,87.82,108388,0
TLT.US,5,20260113,212000,87.83,87.84,87.805,87.81,95540,0
TLT.US,5,20260113,212500,87.805,87.8099,87.78,87.79,119193,0
TLT.US,5,20260113,213000,87.79,87.8,87.77,87.7701,137410,0
TLT.US,5,20260113,213500,87.77,87.7754,87.75,87.765,118507,0
TLT.US,5,20260113,214000,87.76,87.77,87.75,87.77,79632,0
TLT.US,5,20260113,214500,87.765,87.77,87.74,87.755,222890,0
TLT.US,5,20260113,215000,87.76,87.79,87.76,87.775,408478,0
TLT.US,5,20260113,215500,87.78,87.83,87.78,87.82,3944587,0
TLT.US,5,20260114,153000,87.91,87.99,87.89,87.95,804388,0
TLT.US,5,20260114,153500,87.9407,88.02,87.94,88.0103,559363,0
TLT.US,5,20260114,154000,88.02,88.135,87.99,88.13,687369,0
TLT.US,5,20260114,154500,88.13,88.135,88.045,88.045,443880,0
TLT.US,5,20260114,155000,88.05,88.08,88.035,88.05,543333,0
TLT.US,5,20260114,155500,88.045,88.06,88.025,88.04,454223,0
TLT.US,5,20260114,160000,88.05,88.05,87.95,87.96,433439,0
TLT.US,5,20260114,160500,87.96,87.98,87.9246,87.98,790015,0
TLT.US,5,20260114,161000,87.99,88.12,87.98,88.09,1871584,0
TLT.US,5,20260114,161500,88.09,88.17,88.0513,88.16,1084556,0
TLT.US,5,20260114,162000,88.16,88.19,88.135,88.18,654744,0
TLT.US,5,20260114,162500,88.19,88.19,88.1427,88.16,436924,0
TLT.US,5,20260114,163000,88.17,88.195,88.13,88.18,636101,0
TLT.US,5,20260114,163500,88.1801,88.2,88.14,88.1478,577022,0
TLT.US,5,20260114,164000,88.15,88.22,88.1399,88.22,313468,0
TLT.US,5,20260114,164500,88.21,88.235,88.2,88.235,1003349,0
TLT.US,5,20260114,165000,88.23,88.28,88.22,88.28,847345,0
TLT.US,5,20260114,165500,88.28,88.29,88.26,88.27,504271,0
TLT.US,5,20260114,170000,88.265,88.265,88.2,88.23,462711,0
TLT.US,5,20260114,170500,88.235,88.28,88.23,88.2797,315391,0
TLT.US,5,20260114,171000,88.28,88.29,88.26,88.27,325527,0
TLT.US,5,20260114,171500,88.27,88.31,88.27,88.3096,302873,0
TLT.US,5,20260114,172000,88.305,88.34,88.28,88.2893,584907,0
TLT.US,5,20260114,172500,88.29,88.34,88.285,88.31,226790,0
TLT.US,5,20260114,173000,88.31,88.335,88.31,88.32,313630,0
TLT.US,5,20260114,173500,88.32,88.39,88.31,88.39,498175,0
TLT.US,5,20260114,174000,88.3801,88.43,88.3739,88.425,599215,0
TLT.US,5,20260114,174500,88.4268,88.4268,88.37,88.38,382885,0
TLT.US,5,20260114,175000,88.38,88.41,88.37,88.3746,258598,0
TLT.US,5,20260114,175500,88.38,88.39,88.33,88.35,556927,0
TLT.US,5,20260114,180000,88.35,88.38,88.345,88.35,227230,0
TLT.US,5,20260114,180500,88.35,88.36,88.3001,88.315,180956,0
TLT.US,5,20260114,181000,88.3199,88.33,88.28,88.32,250784,0
TLT.US,5,20260114,181500,88.32,88.34,88.315,88.3265,174957,0
TLT.US,5,20260114,182000,88.3232,88.345,88.28,88.2848,476119,0
TLT.US,5,20260114,182500,88.28,88.31,88.28,88.3,267521,0
TLT.US,5,20260114,183000,88.3,88.33,88.295,88.32,276441,0
TLT.US,5,20260114,183500,88.3141,88.34,88.305,88.33,153655,0
TLT.US,5,20260114,184000,88.33,88.36,88.3245,88.345,256465,0
TLT.US,5,20260114,184500,88.34,88.36,88.325,88.355,300451,0
TLT.US,5,20260114,185000,88.36,88.36,88.34,88.356,112773,0
TLT.US,5,20260114,185500,88.355,88.36,88.32,88.34,286141,0
TLT.US,5,20260114,190000,88.34,88.34,88.2832,88.3101,215967,0
TLT.US,5,20260114,190500,88.315,88.34,88.31,88.3222,125428,0
TLT.US,5,20260114,191000,88.33,88.34,88.32,88.3255,97405,0
TLT.US,5,20260114,191500,88.325,88.34,88.3201,88.34,121723,0
TLT.US,5,20260114,192000,88.34,88.36,88.33,88.355,134145,0
TLT.US,5,20260114,192500,88.35,88.36,88.32,88.33,126762,0
TLT.US,5,20260114,193000,88.33,88.39,88.3293,88.39,234142,0
TLT.US,5,20260114,193500,88.385,88.41,88.3801,88.39,313283,0
TLT.US,5,20260114,194000,88.4,88.4,88.36,88.37,166692,0
TLT.US,5,20260114,194500,88.375,88.38,88.355,88.365,87023,0
TLT.US,5,20260114,195000,88.365,88.37,88.33,88.33,319453,0
TLT.US,5,20260114,195500,88.335,88.38,88.33,88.35,461939,0
TLT.US,5,20260114,200000,88.345,88.35,88.315,88.34,720290,0
TLT.US,5,20260114,200500,88.34,88.38,88.34,88.345,194793,0
TLT.US,5,20260114,201000,88.345,88.37,88.345,88.36,116659,0
TLT.US,5,20260114,201500,88.36,88.38,88.35,88.38,134033,0
TLT.US,5,20260114,202000,88.3745,88.385,88.37,88.385,76887,0
TLT.US,5,20260114,202500,88.385,88.3899,88.37,88.375,101320,0
TLT.US,5,20260114,203000,88.37,88.375,88.36,88.3675,149815,0
TLT.US,5,20260114,203500,88.365,88.3675,88.33,88.3501,451264,0
TLT.US,5,20260114,204000,88.35,88.36,88.345,88.355,57355,0
TLT.US,5,20260114,204500,88.355,88.36,88.33,88.356,238959,0
TLT.US,5,20260114,205000,88.355,88.36,88.32,88.33,359177,0
TLT.US,5,20260114,205500,88.335,88.34,88.3,88.33,229091,0
TLT.US,5,20260114,210000,88.335,88.37,88.31,88.315,579398,0
TLT.US,5,20260114,210500,88.31,88.3103,88.26,88.28,511374,0
TLT.US,5,20260114,211000,88.29,88.31,88.285,88.31,122652,0
TLT.US,5,20260114,211500,88.305,88.36,88.303,88.335,404680,0
TLT.US,5,20260114,212000,88.33,88.375,88.3228,88.355,482563,0
TLT.US,5,20260114,212500,88.36,88.36,88.34,88.35,98549,0
TLT.US,5,20260114,213000,88.355,88.36,88.33,88.345,210928,0
TLT.US,5,20260114,213500,88.35,88.365,88.33,88.335,255683,0
TLT.US,5,20260114,214000,88.33,88.335,88.315,88.33,242319,0
TLT.US,5,20260114,214500,88.33,88.3699,88.33,88.345,362316,0
TLT.US,5,20260114,215000,88.35,88.36,88.32,88.33,582074,0
TLT.US,5,20260114,215500,88.325,88.36,88.29,88.34,5026311,0
TLT.US,5,20260115,153000,88.635,88.66,88.56,88.615,942779,0
TLT.US,5,20260115,153500,88.615,88.66,88.585,88.5955,749413,0
TLT.US,5,20260115,154000,88.59,88.61,88.475,88.49,910831,0
TLT.US,5,20260115,154500,88.495,88.529,88.46,88.51,708167,0
TLT.US,5,20260115,155000,88.5,88.545,88.48,88.48,386523,0
TLT.US,5,20260115,155500,88.4799,88.53,88.475,88.49,390943,0
TLT.US,5,20260115,160000,88.49,88.515,88.45,88.48,483581,0
TLT.US,5,20260115,160500,88.48,88.48,88.41,88.43,378384,0
TLT.US,5,20260115,161000,88.43,88.5,88.43,88.495,573292,0
TLT.US,5,20260115,161500,88.495,88.53,88.44,88.525,553219,0
TLT.US,5,20260115,162000,88.52,88.535,88.49,88.505,269784,0
TLT.US,5,20260115,162500,88.5039,88.54,88.5039,88.535,266251,0
TLT.US,5,20260115,163000,88.5301,88.58,88.53,88.575,510861,0
TLT.US,5,20260115,163500,88.57,88.575,88.47,88.5,355108,0
TLT.US,5,20260115,164000,88.495,88.495,88.42,88.44,693894,0
TLT.US,5,20260115,164500,88.4399,88.445,88.39,88.4,370316,0
TLT.US,5,20260115,165000,88.4,88.42,88.36,88.375,366846,0
TLT.US,5,20260115,165500,88.37,88.4,88.36,88.395,261632,0
TLT.US,5,20260115,170000,88.4,88.4238,88.385,88.405,308009,0
TLT.US,5,20260115,170500,88.4,88.47,88.4,88.4601,302425,0
TLT.US,5,20260115,171000,88.46,88.475,88.425,88.47,272140,0
TLT.US,5,20260115,171500,88.475,88.4764,88.43,88.46,392657,0
TLT.US,5,20260115,172000,88.46,88.535,88.46,88.515,434114,0
TLT.US,5,20260115,172500,88.52,88.535,88.5,88.5,410134,0
TLT.US,5,20260115,173000,88.4952,88.5,88.46,88.48,395753,0
TLT.US,5,20260115,173500,88.485,88.485,88.435,88.44,259947,0
TLT.US,5,20260115,174000,88.44,88.45,88.4,88.445,161495,0
TLT.US,5,20260115,174500,88.44,88.45,88.4242,88.43,341604,0
TLT.US,5,20260115,175000,88.43,88.445,88.41,88.4331,262418,0
TLT.US,5,20260115,175500,88.44,88.45,88.4075,88.42,313312,0
TLT.US,5,20260115,180000,88.415,88.445,88.4,88.42,633860,0
TLT.US,5,20260115,180500,88.43,88.445,88.42,88.44,165548,0
TLT.US,5,20260115,181000,88.445,88.46,88.44,88.455,127486,0
TLT.US,5,20260115,181500,88.45,88.455,88.41,88.435,259064,0
TLT.US,5,20260115,182000,88.44,88.45,88.425,88.43,351580,0
TLT.US,5,20260115,182500,88.4322,88.44,88.43,88.4399,169773,0
TLT.US,5,20260115,183000,88.4333,88.455,88.4,88.455,313070,0
TLT.US,5,20260115,183500,88.455,88.49,88.43,88.485,153274,0
TLT.US,5,20260115,184000,88.485,88.53,88.48,88.525,1544216,0
TLT.US,5,20260115,184500,88.5273,88.535,88.485,88.495,277904,0
TLT.US,5,20260115,185000,88.4976,88.51,88.47,88.48,207393,0
TLT.US,5,20260115,185500,88.475,88.4799,88.43,88.47,284689,0
TLT.US,5,20260115,190000,88.475,88.575,88.46,88.5599,512679,0
TLT.US,5,20260115,190500,88.555,88.56,88.505,88.512,236701,0
TLT.US,5,20260115,191000,88.51,88.53,88.48,88.4887,386929,0
TLT.US,5,20260115,191500,88.485,88.5068,88.48,88.505,127024,0
TLT.US,5,20260115,192000,88.505,88.53,88.49,88.495,257347,0
TLT.US,5,20260115,192500,88.495,88.53,88.49,88.52,378708,0
TLT.US,5,20260115,193000,88.525,88.56,88.47,88.49,805826,0
TLT.US,5,20260115,193500,88.495,88.51,88.48,88.485,238127,0
TLT.US,5,20260115,194000,88.485,88.5,88.47,88.495,135646,0
TLT.US,5,20260115,194500,88.5,88.505,88.48,88.495,254044,0
TLT.US,5,20260115,195000,88.495,88.51,88.48,88.48,218510,0
TLT.US,5,20260115,195500,88.485,88.485,88.46,88.4685,234744,0
TLT.US,5,20260115,200000,88.47,88.475,88.46,88.4667,124753,0
TLT.US,5,20260115,200500,88.465,88.49,88.45,88.475,324306,0
TLT.US,5,20260115,201000,88.47336,88.5099,88.47,88.5,261966,0
TLT.US,5,20260115,201500,88.5,88.52,88.49,88.505,164997,0
TLT.US,5,20260115,202000,88.505,88.5361,88.5,88.53,221828,0
TLT.US,5,20260115,202500,88.5342,88.56,88.53,88.54,292546,0
TLT.US,5,20260115,203000,88.54,88.56,88.52,88.52,366931,0
TLT.US,5,20260115,203500,88.52,88.53,88.49,88.4963,225998,0
TLT.US,5,20260115,204000,88.495,88.4953,88.47,88.485,250940,0
TLT.US,5,20260115,204500,88.49,88.52,88.49,88.5061,247594,0
TLT.US,5,20260115,205000,88.5056,88.5056,88.49,88.49,126957,0
TLT.US,5,20260115,205500,88.49,88.495,88.45,88.47,557568,0
TLT.US,5,20260115,210000,88.475,88.48,88.42,88.4399,399253,0
TLT.US,5,20260115,210500,88.43,88.44,88.41,88.415,145941,0
TLT.US,5,20260115,211000,88.415,88.42,88.38,88.3803,165961,0
TLT.US,5,20260115,211500,88.38,88.395,88.37,88.38,238355,0
TLT.US,5,20260115,212000,88.37,88.4,88.37,88.385,199567,0
TLT.US,5,20260115,212500,88.385,88.399,88.345,88.385,723337,0
TLT.US,5,20260115,213000,88.385,88.44,88.38,88.405,760088,0
TLT.US,5,20260115,213500,88.4057,88.4057,88.37,88.3801,278327,0
TLT.US,5,20260115,214000,88.385,88.4,88.37,88.385,628078,0
TLT.US,5,20260115,214500,88.38,88.38,88.36,88.365,292583,0
TLT.US,5,20260115,215000,88.37,88.38,88.325,88.34,1028873,0
TLT.US,5,20260115,215500,88.34,88.35,88.31,88.31,4199946,0
TLT.US,5,20260116,153000,88.13,88.16,88.08,88.105,648659,0
TLT.US,5,20260116,153500,88.105,88.115,88.06,88.06,224091,0
TLT.US,5,20260116,154000,88.064,88.0899,88.02,88.085,547371,0
TLT.US,5,20260116,154500,88.0854,88.13,88.075,88.1201,305059,0
TLT.US,5,20260116,155000,88.125,88.2,88.1201,88.15,634981,0
TLT.US,5,20260116,155500,88.155,88.17,88.13,88.15,284395,0
TLT.US,5,20260116,160000,88.145,88.2098,88.14,88.15,383306,0
TLT.US,5,20260116,160500,88.15,88.17,88.1363,88.145,248843,0
TLT.US,5,20260116,161000,88.145,88.16,88.1101,88.13,214153,0
TLT.US,5,20260116,161500,88.135,88.155,88.1241,88.14,736559,0
TLT.US,5,20260116,162000,88.15,88.1954,88.08,88.1954,806444,0
TLT.US,5,20260116,162500,88.19,88.29,88.19,88.2599,912005,0
TLT.US,5,20260116,163000,88.255,88.32,88.24,88.2937,825981,0
TLT.US,5,20260116,163500,88.29,88.31,88.235,88.29,884847,0
TLT.US,5,20260116,164000,88.2901,88.2901,88.21,88.25,1645588,0
TLT.US,5,20260116,164500,88.25,88.255,88.03,88.05,1074142,0
TLT.US,5,20260116,165000,88.05,88.1,88.005,88.04,1008126,0
TLT.US,5,20260116,165500,88.03,88.045,87.9,87.97,1854403,0
TLT.US,5,20260116,170000,87.97,88.01,87.9599,87.99,1186120,0
TLT.US,5,20260116,170500,87.98,88.02,87.94,87.94,540689,0
TLT.US,5,20260116,171000,87.935,87.96,87.88,87.89,663016,0
TLT.US,5,20260116,171500,87.89,87.97,87.86,87.97,1550340,0
TLT.US,5,20260116,172000,87.98,87.985,87.935,87.9699,251220,0
TLT.US,5,20260116,172500,87.965,88.06,87.965,88.05,531353,0
TLT.US,5,20260116,173000,88.055,88.085,88.02,88.05,532589,0
TLT.US,5,20260116,173500,88.05,88.12,88.045,88.12,750349,0
TLT.US,5,20260116,174000,88.12,88.1999,88.12,88.185,558437,0
TLT.US,5,20260116,174500,88.19,88.24,88.13,88.13,866138,0
TLT.US,5,20260116,175000,88.13,88.1552,88.115,88.13,601013,0
TLT.US,5,20260116,175500,88.125,88.15,88.11,88.14,575682,0
TLT.US,5,20260116,180000,88.1451,88.17,88.14,88.17,246716,0
TLT.US,5,20260116,180500,88.17,88.2154,88.17,88.18,479341,0
TLT.US,5,20260116,181000,88.18,88.2099,88.17,88.2099,334496,0
TLT.US,5,20260116,181500,88.2,88.2,88.1601,88.17,140989,0
TLT.US,5,20260116,182000,88.17,88.17,88.145,88.17,202429,0
TLT.US,5,20260116,182500,88.165,88.17,88.09,88.1,333701,0
TLT.US,5,20260116,183000,88.095,88.1,88.01,88.0239,376159,0
TLT.US,5,20260116,183500,88.025,88.04,88.01,88.02,377673,0
TLT.US,5,20260116,184000,88.02,88.0201,87.99,88.005,370047,0
TLT.US,5,20260116,184500,88,88.01,87.95,87.975,658020,0
TLT.US,5,20260116,185000,87.975,88.005,87.97,87.98,256299,0
TLT.US,5,20260116,185500,87.985,87.99,87.954,87.955,159048,0
TLT.US,5,20260116,190000,87.955,87.96,87.91,87.91,112309,0
TLT.US,5,20260116,190500,87.915,87.96,87.9,87.935,375754,0
TLT.US,5,20260116,191000,87.935,87.95,87.925,87.945,233978,0
TLT.US,5,20260116,191500,87.945,87.9599,87.92,87.95,391018,0
TLT.US,5,20260116,192000,87.95,87.95,87.9,87.9001,163005,0
TLT.US,5,20260116,192500,87.9,87.935,87.9,87.935,599690,0
TLT.US,5,20260116,193000,87.935,87.935,87.91,87.91,240712,0
TLT.US,5,20260116,193500,87.91,87.92,87.89,87.9063,277779,0
TLT.US,5,20260116,194000,87.905,87.93,87.9,87.925,199415,0
TLT.US,5,20260116,194500,87.9267,87.94,87.91,87.91,168700,0
TLT.US,5,20260116,195000,87.91,87.92,87.88,87.885,84251,0
TLT.US,5,20260116,195500,87.885,87.885,87.83,87.83,451939,0
TLT.US,5,20260116,200000,87.83,87.83,87.76,87.765,667894,0
TLT.US,5,20260116,200500,87.765,87.8,87.75,87.785,409144,0
TLT.US,5,20260116,201000,87.785,87.8,87.775,87.7851,224759,0
TLT.US,5,20260116,201500,87.78,87.79,87.74,87.745,239950,0
TLT.US,5,20260116,202000,87.745,87.77,87.74,87.76,158189,0
TLT.US,5,20260116,202500,87.765,87.77,87.75,87.76,312648,0
TLT.US,5,20260116,203000,87.76,87.77,87.73,87.7599,312717,0
TLT.US,5,20260116,203500,87.755,87.765,87.735,87.7451,310360,0
TLT.US,5,20260116,204000,87.7401,87.75,87.71,87.72,512530,0
TLT.US,5,20260116,204500,87.725,87.7656,87.725,87.76,755012,0
TLT.US,5,20260116,205000,87.755,87.77,87.74,87.74,128071,0
TLT.US,5,20260116,205500,87.74,87.765,87.73,87.76,391094,0
TLT.US,5,20260116,210000,87.76,87.82,87.755,87.81,578662,0
TLT.US,5,20260116,210500,87.815,87.84,87.8,87.815,224343,0
TLT.US,5,20260116,211000,87.8154,87.82,87.805,87.81,102294,0
TLT.US,5,20260116,211500,87.82,87.82,87.795,87.805,312659,0
TLT.US,5,20260116,212000,87.805,87.82,87.7801,87.81,533784,0
TLT.US,5,20260116,212500,87.81,87.83,87.81,87.81,206056,0
TLT.US,5,20260116,213000,87.815,87.83,87.81,87.815,231328,0
TLT.US,5,20260116,213500,87.815,87.82,87.8,87.81,221120,0
TLT.US,5,20260116,214000,87.815,87.82,87.785,87.79,310812,0
TLT.US,5,20260116,214500,87.79,87.81,87.785,87.81,297535,0
TLT.US,5,20260116,215000,87.805,87.86,87.8,87.855,622223,0
TLT.US,5,20260116,215500,87.86,87.875,87.79,87.8,5052597,0
TLT.US,5,20260120,153000,86.63,86.68,86.585,86.65,2161297,0
TLT.US,5,20260120,153500,86.65,86.66,86.5407,86.5745,925787,0
TLT.US,5,20260120,154000,86.58,86.6387,86.56,86.5903,1016994,0
TLT.US,5,20260120,154500,86.59,86.64,86.56,86.61,842100,0
TLT.US,5,20260120,155000,86.605,86.62,86.5546,86.61,889243,0
TLT.US,5,20260120,155500,86.61,86.69,86.61,86.615,746808,0
TLT.US,5,20260120,160000,86.6151,86.7,86.57,86.69,948907,0
TLT.US,5,20260120,160500,86.6899,86.7706,86.65,86.725,756764,0
TLT.US,5,20260120,161000,86.73,86.83,86.71,86.82,1016865,0
TLT.US,5,20260120,161500,86.825,86.87,86.8,86.835,762838,0
TLT.US,5,20260120,162000,86.83,86.87,86.8,86.83,820915,0
TLT.US,5,20260120,162500,86.83,86.869,86.79,86.8051,647365,0
TLT.US,5,20260120,163000,86.81,86.88,86.7924,86.855,1222556,0
TLT.US,5,20260120,163500,86.86,86.935,86.845,86.9085,704956,0
TLT.US,5,20260120,164000,86.9048,86.93,86.88,86.9299,669998,0
TLT.US,5,20260120,164500,86.9294,86.95,86.89,86.95,844230,0
TLT.US,5,20260120,165000,86.95,86.9654,86.91,86.925,707492,0
TLT.US,5,20260120,165500,86.9203,86.93,86.855,86.855,953207,0
TLT.US,5,20260120,170000,86.855,86.86,86.77,86.775,648084,0
TLT.US,5,20260120,170500,86.775,86.82,86.76,86.815,584643,0
TLT.US,5,20260120,171000,86.815,86.86,86.81,86.8199,624826,0
TLT.US,5,20260120,171500,86.815,86.84,86.78,86.84,681742,0
TLT.US,5,20260120,172000,86.84,86.859,86.81,86.815,551482,0
TLT.US,5,20260120,172500,86.8103,86.875,86.78,86.87,474327,0
TLT.US,5,20260120,173000,86.87,86.91,86.85,86.87,462561,0
TLT.US,5,20260120,173500,86.865,86.905,86.86,86.9,416173,0
TLT.US,5,20260120,174000,86.9,86.945,86.895,86.915,337013,0
TLT.US,5,20260120,174500,86.92,86.99,86.91,86.98,495144,0
TLT.US,5,20260120,175000,86.98,87.0054,86.9632,87.005,424496,0
TLT.US,5,20260120,175500,87,87.03,86.99,86.9901,290268,0
TLT.US,5,20260120,180000,86.99,87.01,86.98,87.005,154157,0
TLT.US,5,20260120,180500,87.005,87.0102,86.985,86.99,238938,0
TLT.US,5,20260120,181000,86.991,87.01,86.945,86.95,125136,0
TLT.US,5,20260120,181500,86.95,86.98,86.93,86.965,300707,0
TLT.US,5,20260120,182000,86.9601,86.9601,86.92,86.92,310070,0
TLT.US,5,20260120,182500,86.9198,86.965,86.9198,86.955,193724,0
TLT.US,5,20260120,183000,86.95,86.96,86.9,86.91,384364,0
TLT.US,5,20260120,183500,86.905,86.94,86.881,86.935,283414,0
TLT.US,5,20260120,184000,86.94,86.94,86.92,86.935,165709,0
TLT.US,5,20260120,184500,86.9345,86.9345,86.88,86.9,293443,0
TLT.US,5,20260120,185000,86.9,86.93,86.885,86.9,217447,0
TLT.US,5,20260120,185500,86.895,86.905,86.87,86.875,1532538,0
TLT.US,5,20260120,190000,86.875,86.875,86.81,86.81,206503,0
TLT.US,5,20260120,190500,86.81,86.82,86.79,86.8,176926,0
TLT.US,5,20260120,191000,86.7933,86.845,86.775,86.82,387772,0
TLT.US,5,20260120,191500,86.83,86.855,86.82,86.825,112835,0
TLT.US,5,20260120,192000,86.825,86.825,86.79,86.8065,200022,0
TLT.US,5,20260120,192500,86.8,86.8299,86.8,86.818,278238,0
TLT.US,5,20260120,193000,86.8199,86.82,86.765,86.79,211207,0
TLT.US,5,20260120,193500,86.79,86.81,86.76,86.77,308314,0
TLT.US,5,20260120,194000,86.77,86.77,86.72,86.7243,302270,0
TLT.US,5,20260120,194500,86.725,86.735,86.69,86.73,336597,0
TLT.US,5,20260120,195000,86.725,86.76,86.715,86.75,244092,0
TLT.US,5,20260120,195500,86.745,86.76,86.73,86.735,127156,0
TLT.US,5,20260120,200000,86.73,86.745,86.69,86.705,230623,0
TLT.US,5,20260120,200500,86.705,86.74,86.705,86.7132,325778,0
TLT.US,5,20260120,201000,86.7199,86.755,86.7199,86.74,401627,0
TLT.US,5,20260120,201500,86.7346,86.76,86.7328,86.74,396950,0
TLT.US,5,20260120,202000,86.74,86.745,86.715,86.72,163354,0
TLT.US,5,20260120,202500,86.7254,86.73,86.7026,86.7051,148755,0
TLT.US,5,20260120,203000,86.7,86.7297,86.7,86.7242,171357,0
TLT.US,5,20260120,203500,86.725,86.745,86.705,86.71,130117,0
TLT.US,5,20260120,204000,86.7085,86.725,86.67,86.675,116970,0
TLT.US,5,20260120,204500,86.6755,86.69,86.67,86.68,280743,0
TLT.US,5,20260120,205000,86.68,86.72,86.68,86.715,137429,0
TLT.US,5,20260120,205500,86.71,86.7102,86.63,86.645,788364,0
TLT.US,5,20260120,210000,86.64,86.68,86.635,86.655,576420,0
TLT.US,5,20260120,210500,86.66,86.67,86.64,86.65,244838,0
TLT.US,5,20260120,211000,86.6481,86.665,86.64,86.655,577620,0
TLT.US,5,20260120,211500,86.65,86.66,86.6,86.655,661628,0
TLT.US,5,20260120,212000,86.655,86.66,86.64,86.64603,329666,0
TLT.US,5,20260120,212500,86.645,86.69,86.64,86.685,479143,0
TLT.US,5,20260120,213000,86.685,86.73,86.6847,86.71,637718,0
TLT.US,5,20260120,213500,86.72,86.7355,86.7,86.715,851179,0
TLT.US,5,20260120,214000,86.719,86.719,86.68,86.6999,437434,0
TLT.US,5,20260120,214500,86.695,86.73,86.69,86.73,422615,0
TLT.US,5,20260120,215000,86.725,86.74,86.71,86.715,910352,0
TLT.US,5,20260120,215500,86.71,86.72,86.65,86.65,11935914,0
TLT.US,5,20260121,153000,86.8,86.849,86.73,86.849,915436,0
TLT.US,5,20260121,153500,86.845,86.875,86.74,86.775,757691,0
TLT.US,5,20260121,154000,86.775,86.795,86.67,86.7055,777742,0
TLT.US,5,20260121,154500,86.71,86.7222,86.62,86.625,610228,0
TLT.US,5,20260121,155000,86.63,86.7,86.625,86.68,833344,0
TLT.US,5,20260121,155500,86.685,86.685,86.63,86.67,307684,0
TLT.US,5,20260121,160000,86.67,86.74,86.665,86.685,776542,0
TLT.US,5,20260121,160500,86.685,86.785,86.68,86.78,491650,0
TLT.US,5,20260121,161000,86.7705,86.78,86.695,86.71,536375,0
TLT.US,5,20260121,161500,86.7054,86.77,86.66,86.6706,634597,0
TLT.US,5,20260121,162000,86.675,86.78,86.65,86.769,350043,0
TLT.US,5,20260121,162500,86.765,86.84,86.765,86.81,516580,0
TLT.US,5,20260121,163000,86.81,86.86,86.7981,86.86,352290,0
TLT.US,5,20260121,163500,86.8605,86.95,86.86,86.91,981211,0
TLT.US,5,20260121,164000,86.91,86.98,86.89,86.97,666439,0
TLT.US,5,20260121,164500,86.97,87.019,86.9611,86.99,756543,0
TLT.US,5,20260121,165000,86.99,87.0001,86.945,86.9754,1301108,0
TLT.US,5,20260121,165500,86.98,86.98,86.945,86.96,407845,0
TLT.US,5,20260121,170000,86.9607,87.1,86.955,87.045,1083820,0
TLT.US,5,20260121,170500,87.041,87.065,86.995,87.01,884122,0
TLT.US,5,20260121,171000,87.015,87.12,87.015,87.08,362336,0
TLT.US,5,20260121,171500,87.085,87.105,87.07,87.0706,348173,0
TLT.US,5,20260121,172000,87.08,87.105,87.045,87.0859,373074,0
TLT.US,5,20260121,172500,87.0879,87.1,87.0549,87.0893,283841,0
TLT.US,5,20260121,173000,87.085,87.09,87.005,87.02,342309,0
TLT.US,5,20260121,173500,87.02,87.02,86.885,86.89,455126,0
TLT.US,5,20260121,174000,86.895,86.905,86.865,86.89,680294,0
TLT.US,5,20260121,174500,86.885,86.915,86.865,86.8908,402169,0
TLT.US,5,20260121,175000,86.895,86.905,86.8398,86.84,645567,0
TLT.US,5,20260121,175500,86.84,86.875,86.825,86.86,189962,0
TLT.US,5,20260121,180000,86.86,86.88,86.835,86.85,396262,0
TLT.US,5,20260121,180500,86.85,86.89,86.84,86.87,343123,0
TLT.US,5,20260121,181000,86.875,86.8877,86.835,86.865,319520,0
TLT.US,5,20260121,181500,86.87,86.88,86.82,86.86,286347,0
TLT.US,5,20260121,182000,86.86,86.89,86.85412,86.8701,301920,0
TLT.US,5,20260121,182500,86.88,86.9,86.82,86.83,299379,0
TLT.US,5,20260121,183000,86.82,86.85,86.79,86.795,191376,0
TLT.US,5,20260121,183500,86.7955,86.83,86.761,86.82,252350,0
TLT.US,5,20260121,184000,86.82,86.84,86.8,86.835,246353,0
TLT.US,5,20260121,184500,86.84,86.905,86.82,86.8942,237619,0
TLT.US,5,20260121,185000,86.9,86.93,86.895,86.93,227929,0
TLT.US,5,20260121,185500,86.93,86.95,86.91,86.935,332560,0
TLT.US,5,20260121,190000,86.9303,87.04,86.9,86.97,873044,0
TLT.US,5,20260121,190500,86.96,87.0201,86.96,86.985,268950,0
TLT.US,5,20260121,191000,86.985,87.06,86.985,87.055,179040,0
TLT.US,5,20260121,191500,87.055,87.06,87.031,87.04,341992,0
TLT.US,5,20260121,192000,87.045,87.045,87.015,87.025,408928,0
TLT.US,5,20260121,192500,87.0299,87.0378,87.01,87.02567,414874,0
TLT.US,5,20260121,193000,87.025,87.025,86.9901,86.9924,418656,0
TLT.US,5,20260121,193500,86.995,87,86.971,86.985,131490,0
TLT.US,5,20260121,194000,86.985,87,86.97,86.995,143891,0
TLT.US,5,20260121,194500,87,87.035,86.995,87.025,298287,0
TLT.US,5,20260121,195000,87.0201,87.0299,87,87.0026,138762,0
TLT.US,5,20260121,195500,87.01,87.015,86.99,87,114553,0
TLT.US,5,20260121,200000,87.005,87.04,87.0025,87.025,251714,0
TLT.US,5,20260121,200500,87.02,87.0551,87.01,87.02,140073,0
TLT.US,5,20260121,201000,87.021,87.03,87,87.02,112121,0
TLT.US,5,20260121,201500,87.015,87.02,87.00334,87.015,44836,0
TLT.US,5,20260121,202000,87.0161,87.07,87.005,87.065,192366,0
TLT.US,5,20260121,202500,87.065,87.245,87.04,87.235,1231749,0
TLT.US,5,20260121,203000,87.235,87.3313,87.21,87.29,1289854,0
TLT.US,5,20260121,203500,87.29,87.37,87.275,87.31,800602,0
TLT.US,5,20260121,204000,87.31,87.365,87.29,87.335,457966,0
TLT.US,5,20260121,204500,87.3387,87.47,87.331,87.445,658405,0
TLT.US,5,20260121,205000,87.445,87.48,87.35,87.355,842284,0
TLT.US,5,20260121,205500,87.355,87.39,87.32,87.35,1475393,0
TLT.US,5,20260121,210000,87.35,87.3503,87.26,87.315,539056,0
TLT.US,5,20260121,210500,87.315,87.37,87.31,87.36,645628,0
TLT.US,5,20260121,211000,87.365,87.385,87.35,87.36,335496,0
TLT.US,5,20260121,211500,87.36,87.39,87.305,87.33,370654,0
TLT.US,5,20260121,212000,87.325,87.345,87.285,87.285,604516,0
TLT.US,5,20260121,212500,87.285,87.2971,87.26,87.27,534477,0
TLT.US,5,20260121,213000,87.265,87.285,87.2501,87.27,322705,0
TLT.US,5,20260121,213500,87.275,87.29,87.24,87.255,523216,0
TLT.US,5,20260121,214000,87.255,87.28,87.245,87.265,552657,0
TLT.US,5,20260121,214500,87.265,87.29,87.26,87.27,894855,0
TLT.US,5,20260121,215000,87.27,87.29,87.26,87.285,1051794,0
TLT.US,5,20260121,215500,87.285,87.36,87.28,87.335,3439005,0
TLT.US,5,20260122,153000,87.27,87.355,87.24,87.33,681645,0
TLT.US,5,20260122,153500,87.33,87.3873,87.3,87.365,885350,0
TLT.US,5,20260122,154000,87.3651,87.38,87.275,87.32,754677,0
TLT.US,5,20260122,154500,87.32,87.325,87.2,87.2146,941888,0
TLT.US,5,20260122,155000,87.215,87.24,87.1827,87.205,581283,0
TLT.US,5,20260122,155500,87.21,87.21,87.16,87.2,652113,0
TLT.US,5,20260122,160000,87.19,87.2673,87.185,87.26,547996,0
TLT.US,5,20260122,160500,87.26,87.31,87.215,87.3,341389,0
TLT.US,5,20260122,161000,87.3,87.335,87.281,87.325,311713,0
TLT.US,5,20260122,161500,87.33,87.34,87.295,87.31,269109,0
TLT.US,5,20260122,162000,87.31,87.35,87.295,87.31,721845,0
TLT.US,5,20260122,162500,87.315,87.35,87.305,87.345,391901,0
TLT.US,5,20260122,163000,87.345,87.36,87.28,87.2955,321183,0
TLT.US,5,20260122,163500,87.29,87.29,87.1629,87.1629,498594,0
TLT.US,5,20260122,164000,87.165,87.2206,87.14,87.22,305075,0
TLT.US,5,20260122,164500,87.22,87.245,87.22,87.235,214589,0
TLT.US,5,20260122,165000,87.235,87.24,87.2,87.21,215733,0
TLT.US,5,20260122,165500,87.2103,87.225,87.17,87.22,703212,0
TLT.US,5,20260122,170000,87.23,87.34,87.23,87.2894,990910,0
TLT.US,5,20260122,170500,87.2837,87.345,87.265,87.315,768934,0
TLT.US,5,20260122,171000,87.31,87.315,87.2742,87.295,300244,0
TLT.US,5,20260122,171500,87.295,87.36,87.285,87.35,318608,0
TLT.US,5,20260122,172000,87.345,87.37,87.3301,87.3503,299664,0
TLT.US,5,20260122,172500,87.355,87.36,87.32,87.3399,167065,0
TLT.US,5,20260122,173000,87.335,87.395,87.3197,87.37,411569,0
TLT.US,5,20260122,173500,87.36,87.37,87.315,87.345,515961,0
TLT.US,5,20260122,174000,87.345,87.41,87.335,87.4,236150,0
TLT.US,5,20260122,174500,87.40418,87.45,87.4,87.44,275359,0
TLT.US,5,20260122,175000,87.44,87.46,87.42,87.43,351059,0
TLT.US,5,20260122,175500,87.43,87.43,87.381,87.4028,254588,0
TLT.US,5,20260122,180000,87.41,87.52,87.41,87.51,471468,0
TLT.US,5,20260122,180500,87.515,87.63,87.42,87.465,2043616,0
TLT.US,5,20260122,181000,87.465,87.495,87.45,87.48,365956,0
TLT.US,5,20260122,181500,87.485,87.51,87.455,87.495,261420,0
TLT.US,5,20260122,182000,87.5,87.54,87.465,87.53,753431,0
TLT.US,5,20260122,182500,87.53,87.55,87.51,87.52,326850,0
TLT.US,5,20260122,183000,87.53,87.555,87.49,87.55,365240,0
TLT.US,5,20260122,183500,87.55,87.595,87.53,87.5901,288014,0
TLT.US,5,20260122,184000,87.6,87.66,87.5945,87.64,561133,0
TLT.US,5,20260122,184500,87.645,87.67,87.634,87.645,382598,0
TLT.US,5,20260122,185000,87.645,87.7,87.6328,87.6913,525137,0
TLT.US,5,20260122,185500,87.695,87.74,87.685,87.7,379523,0
TLT.US,5,20260122,190000,87.7,87.71,87.58,87.625,439910,0
TLT.US,5,20260122,190500,87.63,87.6554,87.61,87.65,202499,0
TLT.US,5,20260122,191000,87.647,87.69,87.63,87.68,307124,0
TLT.US,5,20260122,191500,87.675,87.69,87.645,87.6584,273118,0
TLT.US,5,20260122,192000,87.65,87.68,87.65,87.67,131543,0
TLT.US,5,20260122,192500,87.675,87.68,87.635,87.64,361740,0
TLT.US,5,20260122,193000,87.64,87.68,87.6394,87.68,217903,0
TLT.US,5,20260122,193500,87.6824,87.7459,87.6801,87.745,287541,0
TLT.US,5,20260122,194000,87.74277,87.755,87.7,87.705,330780,0
TLT.US,5,20260122,194500,87.7,87.71,87.6525,87.665,243311,0
TLT.US,5,20260122,195000,87.6636,87.67,87.6406,87.67,178249,0
TLT.US,5,20260122,195500,87.675,87.7,87.67,87.7,287116,0
TLT.US,5,20260122,200000,87.7,87.7,87.66418,87.66418,345786,0
TLT.US,5,20260122,200500,87.665,87.705,87.66,87.685,448103,0
TLT.US,5,20260122,201000,87.685,87.685,87.645,87.66,234127,0
TLT.US,5,20260122,201500,87.65,87.66,87.62,87.625,196747,0
TLT.US,5,20260122,202000,87.625,87.66,87.625,87.65,78256,0
TLT.US,5,20260122,202500,87.65407,87.68,87.65,87.66,122669,0
TLT.US,5,20260122,203000,87.665,87.67,87.64,87.655,77781,0
TLT.US,5,20260122,203500,87.655,87.6751,87.625,87.6599,829340,0
TLT.US,5,20260122,204000,87.655,87.675,87.65,87.66,170992,0
TLT.US,5,20260122,204500,87.667,87.667,87.63,87.64,1725251,0
TLT.US,5,20260122,205000,87.635,87.655,87.63,87.655,119563,0
TLT.US,5,20260122,205500,87.66,87.675,87.65,87.6619,276031,0
TLT.US,5,20260122,210000,87.66,87.6752,87.641,87.645,149837,0
TLT.US,5,20260122,210500,87.6401,87.65,87.63,87.64,119964,0
TLT.US,5,20260122,211000,87.64,87.66,87.63,87.645,228787,0
TLT.US,5,20260122,211500,87.645,87.66,87.63,87.66,217910,0
TLT.US,5,20260122,212000,87.655,87.675,87.655,87.6718,142358,0
TLT.US,5,20260122,212500,87.675,87.69,87.67,87.675,269566,0
TLT.US,5,20260122,213000,87.67,87.68,87.655,87.67,184673,0
TLT.US,5,20260122,213500,87.6601,87.67,87.66,87.665,75405,0
TLT.US,5,20260122,214000,87.6627,87.72,87.66,87.715,300313,0
TLT.US,5,20260122,214500,87.715,87.715,87.67,87.695,434112,0
TLT.US,5,20260122,215000,87.6901,87.71,87.67,87.705,410972,0
TLT.US,5,20260122,215500,87.705,87.72,87.69,87.7,2518045,0
TLT.US,5,20260123,153000,87.83,87.84,87.74,87.78,1022215,0
TLT.US,5,20260123,153500,87.78,87.8268,87.76,87.78,420526,0
TLT.US,5,20260123,154000,87.77,87.7712,87.72,87.75,359263,0
TLT.US,5,20260123,154500,87.75,87.84,87.74,87.77,585077,0
TLT.US,5,20260123,155000,87.78,87.805,87.76,87.805,488244,0
TLT.US,5,20260123,155500,87.8,87.835,87.785,87.8051,218776,0
TLT.US,5,20260123,160000,87.8,87.8255,87.76,87.82,502861,0
TLT.US,5,20260123,160500,87.82,87.925,87.82,87.875,570394,0
TLT.US,5,20260123,161000,87.875,87.9478,87.875,87.92,622888,0
TLT.US,5,20260123,161500,87.92,87.94,87.8446,87.86,287095,0
TLT.US,5,20260123,162000,87.8601,87.905,87.84,87.895,506974,0
TLT.US,5,20260123,162500,87.895,87.895,87.83,87.855,401113,0
TLT.US,5,20260123,163000,87.86,87.8651,87.83,87.85,460893,0
TLT.US,5,20260123,163500,87.86,87.895,87.85,87.895,242157,0
TLT.US,5,20260123,164000,87.895,87.9,87.87,87.875,292911,0
TLT.US,5,20260123,164500,87.87,87.89,87.83,87.839,461972,0
TLT.US,5,20260123,165000,87.835,87.91,87.835,87.9,259365,0
TLT.US,5,20260123,165500,87.905,87.91,87.86,87.8801,368661,0
TLT.US,5,20260123,170000,87.89,87.96,87.89,87.9499,379923,0
TLT.US,5,20260123,170500,87.945,87.945,87.895,87.9,413229,0
TLT.US,5,20260123,171000,87.9,87.9151,87.855,87.855,643114,0
TLT.US,5,20260123,171500,87.855,87.86,87.771,87.7757,525739,0
TLT.US,5,20260123,172000,87.78,87.805,87.755,87.777,516371,0
TLT.US,5,20260123,172500,87.78,87.805,87.765,87.785,426896,0
TLT.US,5,20260123,173000,87.78,87.795,87.7633,87.77,211628,0
TLT.US,5,20260123,173500,87.78,87.795,87.74,87.785,443680,0
TLT.US,5,20260123,174000,87.78,87.805,87.75,87.75,320654,0
TLT.US,5,20260123,174500,87.755,87.76,87.66,87.6701,497217,0
TLT.US,5,20260123,175000,87.675,87.71,87.6,87.64,635626,0
TLT.US,5,20260123,175500,87.64,87.64,87.58,87.595,302281,0
TLT.US,5,20260123,180000,87.59,87.64,87.54,87.63,392776,0
TLT.US,5,20260123,180500,87.63,87.65,87.61,87.64,347410,0
TLT.US,5,20260123,181000,87.64,87.7,87.63,87.6906,336651,0
TLT.US,5,20260123,181500,87.69,87.7057,87.67,87.7,196338,0
TLT.US,5,20260123,182000,87.6901,87.7,87.65,87.6606,190864,0
TLT.US,5,20260123,182500,87.66,87.6762,87.65,87.675,115341,0
TLT.US,5,20260123,183000,87.6703,87.675,87.615,87.65,383708,0
TLT.US,5,20260123,183500,87.65,87.66,87.64,87.65,212186,0
TLT.US,5,20260123,184000,87.6483,87.66,87.615,87.615,275780,0
TLT.US,5,20260123,184500,87.62,87.62,87.525,87.595,380164,0
TLT.US,5,20260123,185000,87.59,87.609,87.55,87.565,324556,0
TLT.US,5,20260123,185500,87.565,87.565,87.495,87.545,878753,0
TLT.US,5,20260123,190000,87.545,87.5803,87.54,87.5803,498215,0
TLT.US,5,20260123,190500,87.585,87.6163,87.575,87.595,212028,0
TLT.US,5,20260123,191000,87.5901,87.615,87.585,87.6,201755,0
TLT.US,5,20260123,191500,87.605,87.6288,87.6,87.62,305475,0
TLT.US,5,20260123,192000,87.62,87.635,87.6,87.635,183858,0
TLT.US,5,20260123,192500,87.63,87.69,87.63,87.67,196202,0
TLT.US,5,20260123,193000,87.68,87.71,87.661,87.7006,207795,0
TLT.US,5,20260123,193500,87.705,87.705,87.68,87.685,235851,0
TLT.US,5,20260123,194000,87.6875,87.705,87.68,87.7,180423,0
TLT.US,5,20260123,194500,87.7,87.755,87.7,87.745,247888,0
TLT.US,5,20260123,195000,87.74,87.75,87.7,87.7,205214,0
TLT.US,5,20260123,195500,87.7033,87.73,87.685,87.6946,338272,0
TLT.US,5,20260123,200000,87.7,87.735,87.7,87.7299,220102,0
TLT.US,5,20260123,200500,87.72,87.73,87.71,87.721,197563,0
TLT.US,5,20260123,201000,87.725,87.745,87.715,87.745,276501,0
TLT.US,5,20260123,201500,87.745,87.745,87.71,87.7201,193026,0
TLT.US,5,20260123,202000,87.72,87.73,87.69,87.7,230072,0
TLT.US,5,20260123,202500,87.7054,87.72,87.67,87.68,247234,0
TLT.US,5,20260123,203000,87.68,87.73,87.67,87.725,167469,0
TLT.US,5,20260123,203500,87.725,87.73,87.701,87.705,182486,0
TLT.US,5,20260123,204000,87.705,87.755,87.7,87.75,237614,0
TLT.US,5,20260123,204500,87.755,87.85,87.75,87.845,327075,0
TLT.US,5,20260123,205000,87.845,87.88,87.835,87.855,325739,0
TLT.US,5,20260123,205500,87.855,87.89,87.85,87.89,300812,0
TLT.US,5,20260123,210000,87.895,87.92,87.88,87.905,369839,0
TLT.US,5,20260123,210500,87.905,87.945,87.89,87.945,280469,0
TLT.US,5,20260123,211000,87.94,87.99,87.94,87.99,383967,0
TLT.US,5,20260123,211500,87.985,88.0284,87.98,88.005,434118,0
TLT.US,5,20260123,212000,88.005,88.005,87.96,87.985,402238,0
TLT.US,5,20260123,212500,87.985,87.985,87.9439,87.955,336785,0
TLT.US,5,20260123,213000,87.9592,87.9599,87.93,87.945,243325,0
TLT.US,5,20260123,213500,87.9401,87.95,87.9202,87.945,355361,0
TLT.US,5,20260123,214000,87.945,87.96,87.92,87.925,392397,0
TLT.US,5,20260123,214500,87.93,87.94,87.92,87.925,532415,0
TLT.US,5,20260123,215000,87.925,87.97,87.925,87.965,607880,0
TLT.US,5,20260123,215500,87.97,87.97,87.91,87.93,4632119,0
TLT.US,5,20260126,153000,88.395,88.44,88.32,88.32,1090446,0
TLT.US,5,20260126,153500,88.3225,88.33,88.275,88.3094,553757,0
TLT.US,5,20260126,154000,88.31,88.35,88.3,88.32,512353,0
TLT.US,5,20260126,154500,88.32,88.38,88.32,88.365,291080,0
TLT.US,5,20260126,155000,88.37,88.37,88.31,88.325,811507,0
TLT.US,5,20260126,155500,88.33,88.4,88.33,88.385,518590,0
TLT.US,5,20260126,160000,88.385,88.39,88.34,88.39,260525,0
TLT.US,5,20260126,160500,88.385,88.47,88.365,88.435,926088,0
TLT.US,5,20260126,161000,88.435,88.48,88.43,88.47,549537,0
TLT.US,5,20260126,161500,88.47,88.485,88.435,88.45,375389,0
TLT.US,5,20260126,162000,88.45,88.47,88.43,88.4614,477398,0
TLT.US,5,20260126,162500,88.47,88.49,88.42,88.435,405313,0
TLT.US,5,20260126,163000,88.435,88.45,88.41,88.45,512605,0
TLT.US,5,20260126,163500,88.445,88.4465,88.37,88.415,395917,0
TLT.US,5,20260126,164000,88.4101,88.44,88.39,88.4201,370861,0
TLT.US,5,20260126,164500,88.4225,88.429,88.38,88.385,501035,0
TLT.US,5,20260126,165000,88.385,88.385,88.3118,88.315,347116,0
TLT.US,5,20260126,165500,88.315,88.32,88.29,88.29,244635,0
TLT.US,5,20260126,170000,88.295,88.34,88.295,88.3301,428287,0
TLT.US,5,20260126,170500,88.335,88.355,88.325,88.3303,208860,0
TLT.US,5,20260126,171000,88.3313,88.35,88.305,88.305,281729,0
TLT.US,5,20260126,171500,88.31,88.31,88.25,88.295,342556,0
TLT.US,5,20260126,172000,88.295,88.3,88.255,88.27,316851,0
TLT.US,5,20260126,172500,88.27,88.28,88.235,88.2495,367683,0
TLT.US,5,20260126,173000,88.25,88.26,88.205,88.24,621786,0
TLT.US,5,20260126,173500,88.235,88.265,88.22,88.23,266746,0
TLT.US,5,20260126,174000,88.2268,88.26,88.22,88.25,327917,0
TLT.US,5,20260126,174500,88.25,88.31,88.24,88.28,228081,0
TLT.US,5,20260126,175000,88.27,88.275,88.25,88.255,430917,0
TLT.US,5,20260126,175500,88.25,88.265,88.23,88.2525,410991,0
TLT.US,5,20260126,180000,88.2571,88.2571,88.21,88.24,360372,0
TLT.US,5,20260126,180500,88.235,88.24,88.215,88.225,227513,0
TLT.US,5,20260126,181000,88.22,88.245,88.2,88.23,247857,0
TLT.US,5,20260126,181500,88.23,88.26,88.22,88.225,285256,0
TLT.US,5,20260126,182000,88.225,88.23,88.21,88.215,213205,0
TLT.US,5,20260126,182500,88.215,88.265,88.21,88.26,121359,0
TLT.US,5,20260126,183000,88.26,88.315,88.25,88.315,227932,0
TLT.US,5,20260126,183500,88.32,88.37,88.302,88.361,709400,0
TLT.US,5,20260126,184000,88.3679,88.38,88.34,88.345,425077,0
TLT.US,5,20260126,184500,88.3458,88.385,88.3301,88.38,221566,0
TLT.US,5,20260126,185000,88.385,88.385,88.345,88.35,246814,0
TLT.US,5,20260126,185500,88.345,88.36,88.33,88.3515,166030,0
TLT.US,5,20260126,190000,88.35,88.38,88.33,88.355,328299,0
TLT.US,5,20260126,190500,88.355,88.379,88.355,88.361,140908,0
TLT.US,5,20260126,191000,88.37,88.39,88.35,88.35,319250,0
TLT.US,5,20260126,191500,88.35,88.355,88.315,88.32,125600,0
TLT.US,5,20260126,192000,88.325,88.345,88.32,88.335,199881,0
TLT.US,5,20260126,192500,88.33,88.35,88.32,88.345,386368,0
TLT.US,5,20260126,193000,88.345,88.36,88.345,88.355,151253,0
TLT.US,5,20260126,193500,88.35,88.355,88.32,88.3262,350282,0
TLT.US,5,20260126,194000,88.325,88.325,88.29,88.3,143356,0
TLT.US,5,20260126,194500,88.2979,88.3,88.25,88.255,195661,0
TLT.US,5,20260126,195000,88.2561,88.28,88.24,88.275,170770,0
TLT.US,5,20260126,195500,88.2701,88.275,88.23,88.235,226673,0
TLT.US,5,20260126,200000,88.24,88.245,88.225,88.235,193947,0
TLT.US,5,20260126,200500,88.235,88.2716,88.235,88.2625,102437,0
TLT.US,5,20260126,201000,88.265,88.2776,88.255,88.2725,71958,0
TLT.US,5,20260126,201500,88.28,88.29,88.24,88.245,1292501,0
TLT.US,5,20260126,202000,88.245,88.25,88.22,88.24,1390352,0
TLT.US,5,20260126,202500,88.24,88.26,88.22,88.225,119621,0
TLT.US,5,20260126,203000,88.23,88.25,88.23,88.25,91408,0
TLT.US,5,20260126,203500,88.2445,88.285,88.2401,88.275,127699,0
TLT.US,5,20260126,204000,88.27758,88.301,88.27,88.295,232228,0
TLT.US,5,20260126,204500,88.295,88.32,88.28,88.3199,96948,0
TLT.US,5,20260126,205000,88.315,88.3399,88.3,88.325,310097,0
TLT.US,5,20260126,205500,88.325,88.34,88.3,88.31,1071839,0
TLT.US,5,20260126,210000,88.31,88.31,88.27,88.295,305572,0
TLT.US,5,20260126,210500,88.3,88.31,88.29,88.3,117523,0
TLT.US,5,20260126,211000,88.305,88.33,88.29,88.33,122911,0
TLT.US,5,20260126,211500,88.325,88.34,88.32,88.339,213602,0
TLT.US,5,20260126,212000,88.33,88.34,88.3,88.33,345761,0
TLT.US,5,20260126,212500,88.33,88.34,88.32,88.33,170780,0
TLT.US,5,20260126,213000,88.325,88.34,88.31,88.33,163821,0
TLT.US,5,20260126,213500,88.32,88.33,88.28,88.3,474326,0
TLT.US,5,20260126,214000,88.3,88.33,88.28,88.32,240658,0
TLT.US,5,20260126,214500,88.325,88.335,88.31,88.315,481545,0
TLT.US,5,20260126,215000,88.32,88.33,88.31,88.3252,500340,0
TLT.US,5,20260126,215500,88.325,88.35,88.31,88.35,7433793,0
TLT.US,5,20260127,153000,88.11,88.2,88.1,88.1507,898976,0
TLT.US,5,20260127,153500,88.15,88.155,88.09,88.145,398440,0
TLT.US,5,20260127,154000,88.1401,88.17,88.13,88.1419,411737,0
TLT.US,5,20260127,154500,88.145,88.15,88.02,88.035,642636,0
TLT.US,5,20260127,155000,88.03,88.14,88.03,88.14,511281,0
TLT.US,5,20260127,155500,88.14,88.15,88.05,88.08,408239,0
TLT.US,5,20260127,160000,88.08,88.2154,88.075,88.205,656430,0
TLT.US,5,20260127,160500,88.205,88.245,88.1701,88.18,585117,0
TLT.US,5,20260127,161000,88.19,88.25,88.18,88.235,501802,0
TLT.US,5,20260127,161500,88.23,88.24,88.175,88.185,806404,0
TLT.US,5,20260127,162000,88.19,88.2,88.155,88.1699,461694,0
TLT.US,5,20260127,162500,88.17,88.19,88.135,88.1401,337963,0
TLT.US,5,20260127,163000,88.14,88.15,88.11,88.116,301756,0
TLT.US,5,20260127,163500,88.1199,88.145,88.1144,88.125,171787,0
TLT.US,5,20260127,164000,88.1244,88.1599,88.075,88.1001,414922,0
TLT.US,5,20260127,164500,88.1,88.12,88.08,88.085,389150,0
TLT.US,5,20260127,165000,88.08,88.1161,88.0487,88.06,207453,0
TLT.US,5,20260127,165500,88.06,88.11,88.04,88.0503,389181,0
TLT.US,5,20260127,170000,88.05,88.09,88.045,88.07,203585,0
TLT.US,5,20260127,170500,88.07,88.085,88.045,88.05,392606,0
TLT.US,5,20260127,171000,88.05,88.075,87.99,87.99,290365,0
TLT.US,5,20260127,171500,87.99,88.00534,87.96,87.985,373917,0
TLT.US,5,20260127,172000,87.99,88,87.96,87.995,215285,0
TLT.US,5,20260127,172500,87.995,88.07,87.99,88.06,272622,0
TLT.US,5,20260127,173000,88.0501,88.08,88.045,88.075,648128,0
TLT.US,5,20260127,173500,88.074,88.08,88.04,88.0419,296225,0
TLT.US,5,20260127,174000,88.04,88.045,87.98,87.99,330459,0
TLT.US,5,20260127,174500,87.99,88.0387,87.975,88.035,285798,0
TLT.US,5,20260127,175000,88.035,88.035,88.01,88.015,206619,0
TLT.US,5,20260127,175500,88.015,88.05,87.99,87.995,280640,0
TLT.US,5,20260127,180000,87.9946,88,87.91,87.91,344142,0
TLT.US,5,20260127,180500,87.91,87.91,87.815,87.85,725745,0
TLT.US,5,20260127,181000,87.855,87.936,87.84,87.92,392323,0
TLT.US,5,20260127,181500,87.925,87.9301,87.9,87.93,274853,0
TLT.US,5,20260127,182000,87.93,87.97,87.93,87.96,475520,0
TLT.US,5,20260127,182500,87.96,87.985,87.94,87.955,353163,0
TLT.US,5,20260127,183000,87.955,87.965,87.94,87.955,213145,0
TLT.US,5,20260127,183500,87.95592,87.975,87.93,87.935,380170,0
TLT.US,5,20260127,184000,87.931,87.98,87.931,87.965,170567,0
TLT.US,5,20260127,184500,87.965,88,87.95,87.9922,122535,0
TLT.US,5,20260127,185000,87.99,88.04,87.98,88.0214,184736,0
TLT.US,5,20260127,185500,88.03,88.03,87.965,87.9697,158195,0
TLT.US,5,20260127,190000,87.965,87.97,87.875,87.8835,255661,0
TLT.US,5,20260127,190500,87.88,87.89,87.8,87.84,598765,0
TLT.US,5,20260127,191000,87.84,87.865,87.815,87.855,282164,0
TLT.US,5,20260127,191500,87.855,87.91,87.8402,87.905,145887,0
TLT.US,5,20260127,192000,87.905,87.91,87.87,87.9,206780,0
TLT.US,5,20260127,192500,87.8921,87.9499,87.875,87.9455,676275,0
TLT.US,5,20260127,193000,87.95,87.97,87.91,87.93,480575,0
TLT.US,5,20260127,193500,87.93,87.945,87.88,87.885,1732352,0
TLT.US,5,20260127,194000,87.885,87.885,87.84,87.85,113451,0
TLT.US,5,20260127,194500,87.84,87.875,87.825,87.865,252904,0
TLT.US,5,20260127,195000,87.8658,87.915,87.865,87.8899,449100,0
TLT.US,5,20260127,195500,87.89,87.8952,87.87,87.87,179077,0
TLT.US,5,20260127,200000,87.87,87.88,87.85,87.88,190062,0
TLT.US,5,20260127,200500,87.8899,87.9,87.885,87.895,111742,0
TLT.US,5,20260127,201000,87.89,87.9,87.87,87.879,97335,0
TLT.US,5,20260127,201500,87.88,87.88,87.8502,87.865,113348,0
TLT.US,5,20260127,202000,87.8699,87.87,87.84,87.86,175535,0
TLT.US,5,20260127,202500,87.86,87.8658,87.85,87.855,62670,0
TLT.US,5,20260127,203000,87.86,87.8798,87.821,87.825,207730,0
TLT.US,5,20260127,203500,87.82,87.845,87.815,87.84,240500,0
TLT.US,5,20260127,204000,87.835,87.8899,87.83,87.86,120820,0
TLT.US,5,20260127,204500,87.87,87.87,87.835,87.8533,94616,0
TLT.US,5,20260127,205000,87.86,87.89,87.86,87.885,123182,0
TLT.US,5,20260127,205500,87.88,87.945,87.88,87.925,165744,0
TLT.US,5,20260127,210000,87.925,87.94,87.9,87.9151,451563,0
TLT.US,5,20260127,210500,87.9101,87.9387,87.9,87.9318,97424,0
TLT.US,5,20260127,211000,87.93,87.97,87.93,87.935,171069,0
TLT.US,5,20260127,211500,87.935,87.94,87.9,87.9066,319926,0
TLT.US,5,20260127,212000,87.905,87.905,87.88,87.89,135872,0
TLT.US,5,20260127,212500,87.895,87.91,87.86,87.865,90834,0
TLT.US,5,20260127,213000,87.87,87.895,87.86,87.895,125073,0
TLT.US,5,20260127,213500,87.895,87.919,87.88,87.9,120678,0
TLT.US,5,20260127,214000,87.91,87.92,87.895,87.915,282871,0
TLT.US,5,20260127,214500,87.91,87.9162,87.85,87.85,561028,0
TLT.US,5,20260127,215000,87.855,87.86,87.76,87.78,897601,0
TLT.US,5,20260127,215500,87.78,87.8,87.68,87.8,5631415,0
TLT.US,5,20260128,153000,87.505,87.5369,87.5,87.5351,541365,0
TLT.US,5,20260128,153500,87.535,87.56,87.44,87.475,434638,0
TLT.US,5,20260128,154000,87.47,87.51,87.46,87.49,185804,0
TLT.US,5,20260128,154500,87.48,87.51,87.3817,87.385,535842,0
TLT.US,5,20260128,155000,87.38,87.449,87.375,87.425,749495,0
TLT.US,5,20260128,155500,87.42,87.45,87.4025,87.44,455431,0
TLT.US,5,20260128,160000,87.445,87.455,87.41,87.41,861619,0
TLT.US,5,20260128,160500,87.415,87.57,87.365,87.57,1411676,0
TLT.US,5,20260128,161000,87.57,87.7,87.56,87.605,1178822,0
TLT.US,5,20260128,161500,87.6,87.64,87.51,87.58,673277,0
TLT.US,5,20260128,162000,87.58,87.59,87.54,87.551,431429,0
TLT.US,5,20260128,162500,87.55,87.58,87.52,87.56,260256,0
TLT.US,5,20260128,163000,87.555,87.57,87.52,87.5286,234649,0
TLT.US,5,20260128,163500,87.52,87.525,87.43,87.43,365778,0
TLT.US,5,20260128,164000,87.43,87.46,87.39,87.44,524625,0
TLT.US,5,20260128,164500,87.441,87.54,87.44,87.5,306058,0
TLT.US,5,20260128,165000,87.5001,87.57,87.5,87.545,308208,0
TLT.US,5,20260128,165500,87.545,87.545,87.47,87.525,360501,0
TLT.US,5,20260128,170000,87.525,87.55,87.49,87.49,533443,0
TLT.US,5,20260128,170500,87.49,87.56,87.49,87.505,262523,0
TLT.US,5,20260128,171000,87.51,87.54,87.47,87.5351,287934,0
TLT.US,5,20260128,171500,87.54,87.56,87.515,87.55,180795,0
TLT.US,5,20260128,172000,87.55,87.57,87.53,87.545,212060,0
TLT.US,5,20260128,172500,87.545,87.58,87.52,87.525,231562,0
TLT.US,5,20260128,173000,87.53,87.5879,87.52,87.53,394219,0
TLT.US,5,20260128,173500,87.525,87.53,87.455,87.465,217876,0
TLT.US,5,20260128,174000,87.465,87.48,87.4477,87.46,226171,0
TLT.US,5,20260128,174500,87.46,87.46,87.39,87.435,342698,0
TLT.US,5,20260128,175000,87.43,87.43,87.39,87.425,231831,0
TLT.US,5,20260128,175500,87.425,87.47,87.42,87.45,282699,0
TLT.US,5,20260128,180000,87.445,87.45,87.41,87.415,336628,0
TLT.US,5,20260128,180500,87.415,87.42,87.39,87.41,172515,0
TLT.US,5,20260128,181000,87.41,87.45,87.4,87.445,183255,0
TLT.US,5,20260128,181500,87.445,87.46,87.4,87.41,257943,0
TLT.US,5,20260128,182000,87.41,87.45,87.4,87.43,286822,0
TLT.US,5,20260128,182500,87.435,87.45,87.412,87.435,221860,0
TLT.US,5,20260128,183000,87.43,87.45,87.42,87.42,173413,0
TLT.US,5,20260128,183500,87.425,87.43,87.3956,87.3956,138252,0
TLT.US,5,20260128,184000,87.4,87.405,87.38,87.385,151845,0
TLT.US,5,20260128,184500,87.39,87.43,87.375,87.42,364279,0
TLT.US,5,20260128,185000,87.4254,87.4371,87.41,87.43,154824,0
TLT.US,5,20260128,185500,87.43,87.43,87.41,87.4201,179895,0
TLT.US,5,20260128,190000,87.42,87.43,87.39,87.395,53361,0
TLT.US,5,20260128,190500,87.39,87.43,87.39,87.415,307148,0
TLT.US,5,20260128,191000,87.41,87.47,87.41,87.465,124648,0
TLT.US,5,20260128,191500,87.465,87.47,87.42,87.4285,178351,0
TLT.US,5,20260128,192000,87.425,87.44,87.41,87.4351,111474,0
TLT.US,5,20260128,192500,87.435,87.45,87.425,87.435,162089,0
TLT.US,5,20260128,193000,87.435,87.44,87.411,87.415,97427,0
TLT.US,5,20260128,193500,87.41,87.44,87.4,87.405,282091,0
TLT.US,5,20260128,194000,87.4,87.42,87.4,87.41,35623,0
TLT.US,5,20260128,194500,87.415,87.43,87.405,87.41,307115,0
TLT.US,5,20260128,195000,87.41,87.42,87.355,87.36,377253,0
TLT.US,5,20260128,195500,87.365,87.38,87.3401,87.365,609379,0
TLT.US,5,20260128,200000,87.37,87.43,87.29,87.34,1319617,0
TLT.US,5,20260128,200500,87.34,87.365,87.325,87.365,166818,0
TLT.US,5,20260128,201000,87.3621,87.37,87.3205,87.33,176166,0
TLT.US,5,20260128,201500,87.33,87.4,87.33,87.37,309289,0
TLT.US,5,20260128,202000,87.37,87.39,87.32,87.3455,358803,0
TLT.US,5,20260128,202500,87.34,87.37,87.301,87.3274,206325,0
TLT.US,5,20260128,203000,87.32,87.42,87.315,87.415,466757,0
TLT.US,5,20260128,203500,87.42,87.55,87.385,87.515,569098,0
TLT.US,5,20260128,204000,87.515,87.54,87.43,87.485,564093,0
TLT.US,5,20260128,204500,87.485,87.58,87.46,87.52,429640,0
TLT.US,5,20260128,205000,87.52,87.545,87.4521,87.545,443868,0
TLT.US,5,20260128,205500,87.54,87.6054,87.53,87.565,297653,0
TLT.US,5,20260128,210000,87.57,87.66,87.57,87.6218,458100,0
TLT.US,5,20260128,210500,87.6201,87.6401,87.56,87.565,269164,0
TLT.US,5,20260128,211000,87.57,87.62,87.55,87.575,298732,0
TLT.US,5,20260128,211500,87.57,87.57,87.535,87.5544,353332,0
TLT.US,5,20260128,212000,87.56,87.61,87.56,87.5701,205928,0
TLT.US,5,20260128,212500,87.57,87.58,87.5437,87.57,173331,0
TLT.US,5,20260128,213000,87.5651,87.59,87.565,87.575,307927,0
TLT.US,5,20260128,213500,87.575,87.58,87.5434,87.57,249489,0
TLT.US,5,20260128,214000,87.57,87.57,87.53,87.545,367227,0
TLT.US,5,20260128,214500,87.545,87.56,87.515,87.535,489898,0
TLT.US,5,20260128,215000,87.535,87.55,87.53,87.545,520611,0
TLT.US,5,20260128,215500,87.545,87.62,87.52,87.6,1594604,0
TLT.US,5,20260129,153000,87.15,87.19,87.14,87.15,620467,0
TLT.US,5,20260129,153500,87.1588,87.175,87.0901,87.1201,720884,0
TLT.US,5,20260129,154000,87.125,87.145,87.08,87.125,1237114,0
TLT.US,5,20260129,154500,87.13,87.235,87.1118,87.23,1284386,0
TLT.US,5,20260129,155000,87.23,87.325,87.185,87.27,1265610,0
TLT.US,5,20260129,155500,87.27,87.27,87.18,87.18,727469,0
TLT.US,5,20260129,160000,87.18,87.2,87.15,87.18,808673,0
TLT.US,5,20260129,160500,87.18,87.285,87.165,87.27,671492,0
TLT.US,5,20260129,161000,87.27,87.33,87.221,87.33,630027,0
TLT.US,5,20260129,161500,87.33,87.44,87.29,87.345,1473287,0
TLT.US,5,20260129,162000,87.345,87.375,87.315,87.37,623541,0
TLT.US,5,20260129,162500,87.37,87.51,87.3501,87.51,1003205,0
TLT.US,5,20260129,163000,87.51,87.53,87.4349,87.5,664975,0
TLT.US,5,20260129,163500,87.5,87.62,87.5,87.6,1262022,0
TLT.US,5,20260129,164000,87.595,87.68,87.595,87.66,612469,0
TLT.US,5,20260129,164500,87.67,87.68,87.54,87.57,1101855,0
TLT.US,5,20260129,165000,87.57,87.6,87.52,87.595,611972,0
TLT.US,5,20260129,165500,87.6,87.6,87.44,87.46,773414,0
TLT.US,5,20260129,170000,87.465,87.52,87.45,87.5,516705,0
TLT.US,5,20260129,170500,87.5,87.55,87.43,87.5,515296,0
TLT.US,5,20260129,171000,87.505,87.52,87.45,87.475,324653,0
TLT.US,5,20260129,171500,87.48,87.52,87.46,87.46,483506,0
TLT.US,5,20260129,172000,87.46,87.46,87.38,87.46,687227,0
TLT.US,5,20260129,172500,87.46,87.4699,87.43,87.46,279042,0
TLT.US,5,20260129,173000,87.46,87.485,87.44,87.45,286769,0
TLT.US,5,20260129,173500,87.45,87.49,87.42,87.48,262079,0
TLT.US,5,20260129,174000,87.49,87.49,87.4525,87.47,338354,0
TLT.US,5,20260129,174500,87.47,87.495,87.46,87.465,339749,0
TLT.US,5,20260129,175000,87.46,87.4621,87.4144,87.435,354220,0
TLT.US,5,20260129,175500,87.4301,87.4563,87.4,87.4,287913,0
TLT.US,5,20260129,180000,87.395,87.42,87.34,87.345,471682,0
TLT.US,5,20260129,180500,87.35,87.3707,87.31,87.37,308595,0
TLT.US,5,20260129,181000,87.375,87.4,87.37,87.39,322829,0
TLT.US,5,20260129,181500,87.4,87.415,87.35,87.38,276860,0
TLT.US,5,20260129,182000,87.38,87.47,87.38,87.45,289966,0
TLT.US,5,20260129,182500,87.45,87.47,87.415,87.42,194515,0
TLT.US,5,20260129,183000,87.425,87.5051,87.425,87.505,262429,0
TLT.US,5,20260129,183500,87.51,87.5375,87.49,87.515,144594,0
TLT.US,5,20260129,184000,87.511,87.585,87.51,87.57,258706,0
TLT.US,5,20260129,184500,87.57,87.6,87.55,87.586,213868,0
TLT.US,5,20260129,185000,87.585,87.64,87.585,87.64,404156,0
TLT.US,5,20260129,185500,87.645,87.655,87.61,87.62,296645,0
TLT.US,5,20260129,190000,87.62,87.6299,87.55,87.55,376354,0
TLT.US,5,20260129,190500,87.555,87.569,87.5,87.52,429137,0
TLT.US,5,20260129,191000,87.51,87.58,87.495,87.5676,175141,0
TLT.US,5,20260129,191500,87.5603,87.6065,87.555,87.5801,188019,0
TLT.US,5,20260129,192000,87.585,87.6,87.5544,87.6,144676,0
TLT.US,5,20260129,192500,87.5901,87.64,87.585,87.64,398131,0
TLT.US,5,20260129,193000,87.645,87.65,87.57,87.625,657725,0
TLT.US,5,20260129,193500,87.62,87.63,87.6,87.6031,298610,0
TLT.US,5,20260129,194000,87.6023,87.64,87.57,87.635,499992,0
TLT.US,5,20260129,194500,87.639,87.66,87.6049,87.615,323186,0
TLT.US,5,20260129,195000,87.61,87.64,87.6,87.63,165868,0
TLT.US,5,20260129,195500,87.63,87.645,87.62,87.645,208346,0
TLT.US,5,20260129,200000,87.64,87.69,87.625,87.68,423405,0
TLT.US,5,20260129,200500,87.67,87.69,87.66,87.6801,472451,0
TLT.US,5,20260129,201000,87.685,87.71,87.685,87.685,271094,0
TLT.US,5,20260129,201500,87.69,87.7,87.67,87.7,321050,0
TLT.US,5,20260129,202000,87.7051,87.74,87.69,87.725,163747,0
TLT.US,5,20260129,202500,87.72,87.73,87.69,87.705,221853,0
TLT.US,5,20260129,203000,87.7,87.7361,87.69,87.73,291274,0
TLT.US,5,20260129,203500,87.73,87.73,87.685,87.7,120781,0
TLT.US,5,20260129,204000,87.705,87.725,87.69,87.705,168058,0
TLT.US,5,20260129,204500,87.705,87.705,87.645,87.695,426463,0
TLT.US,5,20260129,205000,87.695,87.7,87.675,87.675,160517,0
TLT.US,5,20260129,205500,87.68,87.685,87.64,87.65,241040,0
TLT.US,5,20260129,210000,87.65,87.66,87.64,87.6433,90941,0
TLT.US,5,20260129,210500,87.649,87.66,87.63,87.645,194614,0
TLT.US,5,20260129,211000,87.645,87.6575,87.63,87.651,129308,0
TLT.US,5,20260129,211500,87.65,87.659,87.63,87.65,194572,0
TLT.US,5,20260129,212000,87.65,87.655,87.635,87.65,236696,0
TLT.US,5,20260129,212500,87.645,87.675,87.64,87.67,275204,0
TLT.US,5,20260129,213000,87.67,87.69,87.66,87.675,225497,0
TLT.US,5,20260129,213500,87.675,87.685,87.655,87.6712,146621,0
TLT.US,5,20260129,214000,87.6722,87.7,87.671,87.7,73812,0
TLT.US,5,20260129,214500,87.695,87.695,87.605,87.61,661088,0
TLT.US,5,20260129,215000,87.605,87.64,87.58,87.635,1018832,0
TLT.US,5,20260129,215500,87.63,87.665,87.6,87.63,1774568,0
TLT.US,5,20260130,153000,87.375,87.4,87.31,87.3894,1120880,0
TLT.US,5,20260130,153500,87.385,87.4,87.36,87.375,504554,0
TLT.US,5,20260130,154000,87.375,87.42,87.3388,87.34,330063,0
TLT.US,5,20260130,154500,87.34,87.37,87.3,87.36,461095,0
TLT.US,5,20260130,155000,87.36,87.375,87.32,87.3589,581812,0
TLT.US,5,20260130,155500,87.35,87.4,87.341,87.3999,335192,0
TLT.US,5,20260130,160000,87.39,87.425,87.37,87.415,289664,0
TLT.US,5,20260130,160500,87.41,87.47,87.325,87.33,694635,0
TLT.US,5,20260130,161000,87.325,87.355,87.27,87.3455,471250,0
TLT.US,5,20260130,161500,87.345,87.355,87.3,87.315,665930,0
TLT.US,5,20260130,162000,87.315,87.37,87.315,87.35,551323,0
TLT.US,5,20260130,162500,87.35,87.41,87.35,87.39,444185,0
TLT.US,5,20260130,163000,87.39,87.39,87.35,87.36,364642,0
TLT.US,5,20260130,163500,87.35,87.3799,87.33,87.3684,220279,0
TLT.US,5,20260130,164000,87.37,87.4,87.36,87.375,172305,0
TLT.US,5,20260130,164500,87.375,87.38,87.3299,87.3599,269445,0
TLT.US,5,20260130,165000,87.355,87.385,87.35,87.3748,255410,0
TLT.US,5,20260130,165500,87.38,87.4012,87.35,87.36,334912,0
TLT.US,5,20260130,170000,87.36,87.36,87.309,87.34,244057,0
TLT.US,5,20260130,170500,87.345,87.35,87.315,87.3355,206722,0
TLT.US,5,20260130,171000,87.33,87.33,87.275,87.29,367041,0
TLT.US,5,20260130,171500,87.3,87.305,87.27,87.27,229298,0
TLT.US,5,20260130,172000,87.27,87.32,87.27,87.29,378383,0
TLT.US,5,20260130,172500,87.291,87.31,87.29,87.2924,286658,0
TLT.US,5,20260130,173000,87.29,87.305,87.27,87.285,238021,0
TLT.US,5,20260130,173500,87.287,87.33,87.28,87.32,433545,0
TLT.US,5,20260130,174000,87.32,87.37,87.29,87.31,382262,0
TLT.US,5,20260130,174500,87.3101,87.375,87.3101,87.36,167319,0
TLT.US,5,20260130,175000,87.36,87.37,87.31,87.32,348705,0
TLT.US,5,20260130,175500,87.3206,87.355,87.31,87.325,381996,0
TLT.US,5,20260130,180000,87.325,87.335,87.28,87.305,279722,0
TLT.US,5,20260130,180500,87.305,87.33,87.3,87.33,239817,0
TLT.US,5,20260130,181000,87.325,87.38,87.315,87.32,476099,0
TLT.US,5,20260130,181500,87.325,87.355,87.29,87.345,500808,0
TLT.US,5,20260130,182000,87.345,87.36,87.3,87.305,317288,0
TLT.US,5,20260130,182500,87.305,87.30665,87.25,87.29,269236,0
TLT.US,5,20260130,183000,87.299,87.32,87.25,87.25,459201,0
TLT.US,5,20260130,183500,87.245,87.32,87.2437,87.315,286664,0
TLT.US,5,20260130,184000,87.32,87.3705,87.3,87.365,342014,0
TLT.US,5,20260130,184500,87.365,87.385,87.35,87.37,295607,0
TLT.US,5,20260130,185000,87.37,87.425,87.365,87.415,327383,0
TLT.US,5,20260130,185500,87.41,87.43,87.38,87.4142,495254,0
TLT.US,5,20260130,190000,87.415,87.43,87.4,87.4102,534709,0
TLT.US,5,20260130,190500,87.41,87.456,87.41,87.45,204116,0
TLT.US,5,20260130,191000,87.45,87.48,87.435,87.47,157327,0
TLT.US,5,20260130,191500,87.47,87.56,87.47,87.55,581166,0
TLT.US,5,20260130,192000,87.545,87.56,87.49,87.52,672664,0
TLT.US,5,20260130,192500,87.5211,87.5478,87.51,87.525,251832,0
TLT.US,5,20260130,193000,87.525,87.55,87.52,87.5301,500465,0
TLT.US,5,20260130,193500,87.535,87.535,87.48,87.509,361223,0
TLT.US,5,20260130,194000,87.505,87.515,87.45,87.45,248720,0
TLT.US,5,20260130,194500,87.45,87.47,87.405,87.4515,449986,0
TLT.US,5,20260130,195000,87.45,87.475,87.43,87.455,610538,0
TLT.US,5,20260130,195500,87.455,87.46,87.41,87.41,333533,0
TLT.US,5,20260130,200000,87.41,87.45,87.405,87.445,436484,0
TLT.US,5,20260130,200500,87.445,87.48,87.44,87.455,469661,0
TLT.US,5,20260130,201000,87.455,87.515,87.455,87.495,746427,0
TLT.US,5,20260130,201500,87.49,87.52,87.49,87.515,586935,0
TLT.US,5,20260130,202000,87.51,87.52,87.5,87.5,448630,0
TLT.US,5,20260130,202500,87.5,87.51,87.48,87.4819,434533,0
TLT.US,5,20260130,203000,87.485,87.485,87.46,87.465,175999,0
TLT.US,5,20260130,203500,87.465,87.475,87.45,87.475,212502,0
TLT.US,5,20260130,204000,87.48,87.49,87.45,87.465,199488,0
TLT.US,5,20260130,204500,87.465,87.47,87.44,87.46,242551,0
TLT.US,5,20260130,205000,87.465,87.47,87.45,87.455,329582,0
TLT.US,5,20260130,205500,87.46,87.475,87.44,87.44,411688,0
TLT.US,5,20260130,210000,87.4425,87.469,87.405,87.435,816856,0
TLT.US,5,20260130,210500,87.4363,87.45,87.42,87.425,531672,0
TLT.US,5,20260130,211000,87.4201,87.4264,87.4,87.41,271247,0
TLT.US,5,20260130,211500,87.405,87.435,87.4047,87.415,211006,0
TLT.US,5,20260130,212000,87.41,87.42,87.38,87.402,486799,0
TLT.US,5,20260130,212500,87.4,87.42,87.39,87.39,195133,0
TLT.US,5,20260130,213000,87.39,87.3982,87.365,87.365,543133,0
TLT.US,5,20260130,213500,87.365,87.385,87.36,87.385,348669,0
TLT.US,5,20260130,214000,87.385,87.385,87.35,87.3537,528651,0
TLT.US,5,20260130,214500,87.355,87.365,87.28,87.3099,915440,0
TLT.US,5,20260130,215000,87.3,87.365,87.26,87.345,905415,0
TLT.US,5,20260130,215500,87.345,87.36,87.13,87.155,3912143,0
TLT.US,5,20260202,153000,87.02,87.04,86.99,87.04,1486386,0
TLT.US,5,20260202,153500,87.035,87.055,87.015,87.03,781335,0
TLT.US,5,20260202,154000,87.025,87.04,87.01,87.0201,675252,0
TLT.US,5,20260202,154500,87.0233,87.04,86.965,86.995,716190,0
TLT.US,5,20260202,155000,87,87,86.925,86.95,396463,0
TLT.US,5,20260202,155500,86.945,87,86.9426,86.99,460180,0
TLT.US,5,20260202,160000,86.985,86.985,86.713,86.755,2529752,0
TLT.US,5,20260202,160500,86.76,86.81,86.735,86.76,777878,0
TLT.US,5,20260202,161000,86.76,86.76,86.635,86.635,764592,0
TLT.US,5,20260202,161500,86.64,86.66,86.58,86.6186,786498,0
TLT.US,5,20260202,162000,86.615,86.695,86.615,86.69,601009,0
TLT.US,5,20260202,162500,86.695,86.74,86.675,86.72,770872,0
TLT.US,5,20260202,163000,86.73,86.7755,86.71,86.72,660787,0
TLT.US,5,20260202,163500,86.72,86.74,86.69,86.705,499196,0
TLT.US,5,20260202,164000,86.7,86.75,86.69,86.7329,411488,0
TLT.US,5,20260202,164500,86.73,86.745,86.68,86.7,461610,0
TLT.US,5,20260202,165000,86.7,86.75,86.695,86.736,354545,0
TLT.US,5,20260202,165500,86.735,86.75,86.71,86.725,301472,0
TLT.US,5,20260202,170000,86.725,86.76,86.7,86.71,480734,0
TLT.US,5,20260202,170500,86.7,86.75,86.7,86.7,274357,0
TLT.US,5,20260202,171000,86.7,86.71,86.6735,86.7,238403,0
TLT.US,5,20260202,171500,86.705,86.74,86.6935,86.71,260657,0
TLT.US,5,20260202,172000,86.705,86.72,86.66,86.685,301390,0
TLT.US,5,20260202,172500,86.69,86.7,86.67,86.695,131828,0
TLT.US,5,20260202,173000,86.69,86.77,86.68,86.72,241369,0
TLT.US,5,20260202,173500,86.725,86.725,86.69,86.72,147244,0
TLT.US,5,20260202,174000,86.7131,86.7361,86.71,86.7189,102629,0
TLT.US,5,20260202,174500,86.71,86.74,86.7,86.7363,204314,0
TLT.US,5,20260202,175000,86.735,86.74,86.7021,86.7184,366978,0
TLT.US,5,20260202,175500,86.72,86.725,86.69,86.7199,292702,0
TLT.US,5,20260202,180000,86.71,86.75,86.7045,86.731,240288,0
TLT.US,5,20260202,180500,86.7303,86.78,86.73,86.77,177292,0
TLT.US,5,20260202,181000,86.77,86.8,86.76,86.795,202478,0
TLT.US,5,20260202,181500,86.8,86.858,86.795,86.8399,292077,0
TLT.US,5,20260202,182000,86.835,86.84,86.8133,86.8197,131556,0
TLT.US,5,20260202,182500,86.8199,86.86,86.8141,86.845,287258,0
TLT.US,5,20260202,183000,86.845,86.89,86.84,86.87,280287,0
TLT.US,5,20260202,183500,86.875,86.88,86.81,86.82,230902,0
TLT.US,5,20260202,184000,86.82,86.85,86.815,86.84,209627,0
TLT.US,5,20260202,184500,86.84,86.849,86.795,86.81,236807,0
TLT.US,5,20260202,185000,86.81,86.81,86.755,86.775,171483,0
TLT.US,5,20260202,185500,86.775,86.775,86.73,86.755,153249,0
TLT.US,5,20260202,190000,86.76,86.76,86.71,86.7311,191463,0
TLT.US,5,20260202,190500,86.74,86.74,86.7,86.7,155672,0
TLT.US,5,20260202,191000,86.705,86.73,86.695,86.7176,173301,0
TLT.US,5,20260202,191500,86.72,86.725,86.7035,86.7187,174038,0
TLT.US,5,20260202,192000,86.715,86.735,86.71,86.715,131009,0
TLT.US,5,20260202,192500,86.715,86.725,86.68,86.685,257932,0
TLT.US,5,20260202,193000,86.69,86.7,86.66,86.695,239059,0
TLT.US,5,20260202,193500,86.695,86.75,86.695,86.7399,247029,0
TLT.US,5,20260202,194000,86.73,86.74,86.72,86.72,91161,0
TLT.US,5,20260202,194500,86.725,86.73,86.695,86.705,168248,0
TLT.US,5,20260202,195000,86.705,86.72,86.69,86.69,102431,0
TLT.US,5,20260202,195500,86.7,86.7,86.65,86.655,133237,0
TLT.US,5,20260202,200000,86.6501,86.665,86.63,86.63,206833,0
TLT.US,5,20260202,200500,86.635,86.64,86.62,86.625,139325,0
TLT.US,5,20260202,201000,86.625,86.635,86.61,86.61,209016,0
TLT.US,5,20260202,201500,86.615,86.63,86.575,86.605,390190,0
TLT.US,5,20260202,202000,86.605,86.605,86.575,86.585,168834,0
TLT.US,5,20260202,202500,86.585,86.6,86.57,86.57,122743,0
TLT.US,5,20260202,203000,86.57,86.62,86.57,86.615,121478,0
TLT.US,5,20260202,203500,86.61,86.6159,86.5946,86.6,147536,0
TLT.US,5,20260202,204000,86.6,86.6399,86.59276,86.6399,147495,0
TLT.US,5,20260202,204500,86.635,86.6699,86.625,86.65,150030,0
TLT.US,5,20260202,205000,86.655,86.67,86.65,86.67,87336,0
TLT.US,5,20260202,205500,86.67,86.716,86.64,86.64,483513,0
TLT.US,5,20260202,210000,86.63,86.69,86.62,86.69,245902,0
TLT.US,5,20260202,210500,86.68,86.7,86.66,86.695,271629,0
TLT.US,5,20260202,211000,86.6955,86.7115,86.68,86.685,255683,0
TLT.US,5,20260202,211500,86.69,86.71,86.67,86.68,258330,0
TLT.US,5,20260202,212000,86.68,86.69,86.67,86.675,172370,0
TLT.US,5,20260202,212500,86.675,86.68,86.63,86.66,340041,0
TLT.US,5,20260202,213000,86.6499,86.65,86.58,86.625,747117,0
TLT.US,5,20260202,213500,86.625,86.64,86.605,86.615,211397,0
TLT.US,5,20260202,214000,86.615,86.63,86.585,86.6,371277,0
TLT.US,5,20260202,214500,86.605,86.62,86.59,86.6,737766,0
TLT.US,5,20260202,215000,86.595,86.62,86.58,86.6056,740081,0
TLT.US,5,20260202,215500,86.6,86.6099,86.55,86.57,5518603,0
TLT.US,5,20260203,153000,86.485,86.51,86.45,86.4594,511888,0
TLT.US,5,20260203,153500,86.46,86.47,86.44,86.46,380225,0
TLT.US,5,20260203,154000,86.465,86.54,86.46,86.5199,414632,0
TLT.US,5,20260203,154500,86.515,86.56,86.485,86.485,493007,0
TLT.US,5,20260203,155000,86.4884,86.505,86.46,86.47,571875,0
TLT.US,5,20260203,155500,86.47,86.535,86.47,86.52,236419,0
TLT.US,5,20260203,160000,86.525,86.55,86.5,86.52,473799,0
TLT.US,5,20260203,160500,86.5255,86.545,86.51,86.525,272993,0
TLT.US,5,20260203,161000,86.525,86.57,86.51,86.55,268768,0
TLT.US,5,20260203,161500,86.545,86.55,86.52,86.535,196296,0
TLT.US,5,20260203,162000,86.5302,86.55,86.5,86.55,416644,0
TLT.US,5,20260203,162500,86.555,86.56,86.5,86.53,239907,0
TLT.US,5,20260203,163000,86.53,86.53,86.4747,86.505,876345,0
TLT.US,5,20260203,163500,86.505,86.56,86.5,86.53,319942,0
TLT.US,5,20260203,164000,86.525,86.535,86.4994,86.53,272051,0
TLT.US,5,20260203,164500,86.53,86.54,86.47,86.47,397185,0
TLT.US,5,20260203,165000,86.4701,86.4906,86.45,86.47,307141,0
TLT.US,5,20260203,165500,86.475,86.49,86.44,86.465,336698,0
TLT.US,5,20260203,170000,86.465,86.465,86.4284,86.44,256609,0
TLT.US,5,20260203,170500,86.445,86.4821,86.44,86.47,225411,0
TLT.US,5,20260203,171000,86.47,86.49,86.46,86.49,239822,0
TLT.US,5,20260203,171500,86.4865,86.53,86.48,86.515,332729,0
TLT.US,5,20260203,172000,86.51,86.535,86.5021,86.51,226735,0
TLT.US,5,20260203,172500,86.515,86.53,86.49,86.515,258996,0
TLT.US,5,20260203,173000,86.51,86.5201,86.495,86.495,298521,0
TLT.US,5,20260203,173500,86.495,86.54,86.4901,86.535,128249,0
TLT.US,5,20260203,174000,86.535,86.58,86.53,86.57,227982,0
TLT.US,5,20260203,174500,86.57,86.59,86.555,86.555,202963,0
TLT.US,5,20260203,175000,86.555,86.565,86.535,86.55,292682,0
TLT.US,5,20260203,175500,86.5557,86.56,86.52,86.535,186785,0
TLT.US,5,20260203,180000,86.54,86.5551,86.49,86.49,187475,0
TLT.US,5,20260203,180500,86.49,86.5,86.465,86.485,168687,0
TLT.US,5,20260203,181000,86.485,86.485,86.445,86.46,438544,0
TLT.US,5,20260203,181500,86.465,86.625,86.465,86.54,1391060,0
TLT.US,5,20260203,182000,86.53,86.57,86.52,86.54,265855,0
TLT.US,5,20260203,182500,86.535,86.54,86.465,86.475,150556,0
TLT.US,5,20260203,183000,86.47,86.485,86.44,86.45,589698,0
TLT.US,5,20260203,183500,86.45,86.47,86.44,86.455,211399,0
TLT.US,5,20260203,184000,86.455,86.48,86.43,86.48,335289,0
TLT.US,5,20260203,184500,86.475,86.505,86.45,86.471,247115,0
TLT.US,5,20260203,185000,86.475,86.475,86.4347,86.465,163220,0
TLT.US,5,20260203,185500,86.465,86.505,86.46,86.4903,89835,0
TLT.US,5,20260203,190000,86.495,86.52,86.49,86.495,183043,0
TLT.US,5,20260203,190500,86.4972,86.51,86.46,86.47,270930,0
TLT.US,5,20260203,191000,86.475,86.49,86.465,86.485,172269,0
TLT.US,5,20260203,191500,86.485,86.5001,86.48,86.5,150023,0
TLT.US,5,20260203,192000,86.5,86.54,86.5,86.535,155586,0
TLT.US,5,20260203,192500,86.53,86.54,86.52,86.54,239209,0
TLT.US,5,20260203,193000,86.545,86.6,86.54,86.5826,316431,0
TLT.US,5,20260203,193500,86.585,86.62,86.575,86.615,249797,0
TLT.US,5,20260203,194000,86.6199,86.655,86.61,86.645,198421,0
TLT.US,5,20260203,194500,86.65,86.68,86.645,86.665,297224,0
TLT.US,5,20260203,195000,86.665,86.765,86.66,86.735,596361,0
TLT.US,5,20260203,195500,86.7301,86.74,86.7,86.72,300451,0
TLT.US,5,20260203,200000,86.72,86.75,86.72,86.74,201516,0
TLT.US,5,20260203,200500,86.74,86.74,86.7077,86.73,289250,0
TLT.US,5,20260203,201000,86.7291,86.74,86.62,86.625,394854,0
TLT.US,5,20260203,201500,86.63,86.68,86.62,86.675,274583,0
TLT.US,5,20260203,202000,86.67,86.7,86.66,86.7,122029,0
TLT.US,5,20260203,202500,86.7,86.715,86.68,86.7101,174416,0
TLT.US,5,20260203,203000,86.71,86.73,86.69,86.71,110912,0
TLT.US,5,20260203,203500,86.72,86.73,86.71,86.725,317669,0
TLT.US,5,20260203,204000,86.73,86.74,86.725,86.735,123642,0
TLT.US,5,20260203,204500,86.73,86.76,86.73,86.74,168812,0
TLT.US,5,20260203,205000,86.73,86.7365,86.71,86.715,116423,0
TLT.US,5,20260203,205500,86.715,86.715,86.66,86.67,318890,0
TLT.US,5,20260203,210000,86.67,86.685,86.66,86.68,237989,0
TLT.US,5,20260203,210500,86.685,86.6901,86.6701,86.6901,61622,0
TLT.US,5,20260203,211000,86.6901,86.6951,86.67,86.67,45445,0
TLT.US,5,20260203,211500,86.67,86.72,86.67,86.695,213565,0
TLT.US,5,20260203,212000,86.7,86.72,86.7,86.7061,127452,0
TLT.US,5,20260203,212500,86.70605,86.73,86.7,86.715,107991,0
TLT.US,5,20260203,213000,86.72,86.75,86.715,86.735,249805,0
TLT.US,5,20260203,213500,86.74,86.75,86.73,86.737,126680,0
TLT.US,5,20260203,214000,86.735,86.76,86.73,86.755,184893,0
TLT.US,5,20260203,214500,86.7501,86.76,86.74,86.745,187019,0
TLT.US,5,20260203,215000,86.75,86.76,86.73,86.755,492939,0
TLT.US,5,20260203,215500,86.755,86.78,86.75,86.765,1226640,0
TLT.US,5,20260204,153000,86.63,86.665,86.6,86.635,599928,0
TLT.US,5,20260204,153500,86.63,86.6577,86.6,86.6088,378728,0
TLT.US,5,20260204,154000,86.6,86.62,86.57,86.58,224372,0
TLT.US,5,20260204,154500,86.585,86.61,86.53,86.545,221676,0
TLT.US,5,20260204,155000,86.54,86.58,86.51,86.56,546342,0
TLT.US,5,20260204,155500,86.57,86.62,86.57,86.5799,484171,0
TLT.US,5,20260204,160000,86.57,86.7775,86.53,86.715,973510,0
TLT.US,5,20260204,160500,86.715,86.715,86.6301,86.6301,1002055,0
TLT.US,5,20260204,161000,86.6377,86.65,86.56,86.59,451395,0
TLT.US,5,20260204,161500,86.5995,86.68,86.56,86.68,467771,0
TLT.US,5,20260204,162000,86.675,86.68,86.58,86.585,463037,0
TLT.US,5,20260204,162500,86.585,86.585,86.52,86.521,385282,0
TLT.US,5,20260204,163000,86.53,86.59,86.515,86.5399,598507,0
TLT.US,5,20260204,163500,86.54,86.61,86.51,86.55,676512,0
TLT.US,5,20260204,164000,86.55,86.5855,86.505,86.525,371335,0
TLT.US,5,20260204,164500,86.53,86.58,86.525,86.575,426227,0
TLT.US,5,20260204,165000,86.58,86.62,86.55,86.5566,372869,0
TLT.US,5,20260204,165500,86.56,86.56,86.475,86.5201,413759,0
TLT.US,5,20260204,170000,86.52,86.62,86.46,86.615,535808,0
TLT.US,5,20260204,170500,86.61866,86.66,86.59,86.64,438223,0
TLT.US,5,20260204,171000,86.64,86.675,86.5884,86.6094,313977,0
TLT.US,5,20260204,171500,86.61,86.655,86.605,86.6399,313837,0
TLT.US,5,20260204,172000,86.63,86.635,86.52,86.525,619207,0
TLT.US,5,20260204,172500,86.53,86.56,86.4901,86.52,394777,0
TLT.US,5,20260204,173000,86.52,86.59,86.52,86.5889,216115,0
TLT.US,5,20260204,173500,86.58,86.6,86.49,86.55,718964,0
TLT.US,5,20260204,174000,86.5499,86.56,86.53,86.555,298516,0
TLT.US,5,20260204,174500,86.56,86.64,86.56,86.63,242409,0
TLT.US,5,20260204,175000,86.64,86.66,86.61,86.63,351544,0
TLT.US,5,20260204,175500,86.62,86.62,86.55,86.56,450803,0
TLT.US,5,20260204,180000,86.56,86.64,86.56,86.6202,491535,0
TLT.US,5,20260204,180500,86.63,86.66,86.615,86.625,211051,0
TLT.US,5,20260204,181000,86.63,86.66,86.63,86.655,238393,0
TLT.US,5,20260204,181500,86.65,86.71,86.63,86.7,298138,0
TLT.US,5,20260204,182000,86.7,86.73,86.67,86.67,299407,0
TLT.US,5,20260204,182500,86.66,86.695,86.63,86.665,703678,0
TLT.US,5,20260204,183000,86.665,86.7,86.61,86.6213,924131,0
TLT.US,5,20260204,183500,86.63,86.66,86.59,86.63,512397,0
TLT.US,5,20260204,184000,86.62,86.6516,86.5926,86.595,639935,0
TLT.US,5,20260204,184500,86.6,86.635,86.58,86.63,306296,0
TLT.US,5,20260204,185000,86.62,86.63,86.5435,86.55,268484,0
TLT.US,5,20260204,185500,86.55,86.55,86.52,86.54,309540,0
TLT.US,5,20260204,190000,86.55,86.5664,86.5101,86.515,348963,0
TLT.US,5,20260204,190500,86.51,86.55,86.51,86.55,254035,0
TLT.US,5,20260204,191000,86.55,86.56,86.51,86.515,212658,0
TLT.US,5,20260204,191500,86.51,86.55,86.51,86.55,199991,0
TLT.US,5,20260204,192000,86.555,86.58,86.53,86.53,301765,0
TLT.US,5,20260204,192500,86.53,86.54,86.51,86.52,239835,0
TLT.US,5,20260204,193000,86.53,86.57,86.515,86.56,400952,0
TLT.US,5,20260204,193500,86.56,86.57,86.54,86.555,116873,0
TLT.US,5,20260204,194000,86.55,86.6,86.544,86.595,515479,0
TLT.US,5,20260204,194500,86.59,86.625,86.585,86.6201,224287,0
TLT.US,5,20260204,195000,86.6201,86.635,86.58,86.585,194949,0
TLT.US,5,20260204,195500,86.59,86.61,86.575,86.6001,390235,0
TLT.US,5,20260204,200000,86.61,86.61,86.5287,86.54,487032,0
TLT.US,5,20260204,200500,86.53,86.5462,86.515,86.5201,263306,0
TLT.US,5,20260204,201000,86.52,86.54,86.51,86.515,268465,0
TLT.US,5,20260204,201500,86.515,86.515,86.4821,86.5,414574,0
TLT.US,5,20260204,202000,86.494,86.51,86.49,86.505,69477,0
TLT.US,5,20260204,202500,86.505,86.52,86.5,86.515,132653,0
TLT.US,5,20260204,203000,86.51,86.565,86.5,86.55,291151,0
TLT.US,5,20260204,203500,86.55,86.5623,86.55,86.557,81006,0
TLT.US,5,20260204,204000,86.555,86.56,86.5301,86.5301,164347,0
TLT.US,5,20260204,204500,86.535,86.57,86.535,86.56,387444,0
TLT.US,5,20260204,205000,86.565,86.59,86.55,86.57,329322,0
TLT.US,5,20260204,205500,86.57,86.58,86.54,86.55,240616,0
TLT.US,5,20260204,210000,86.55,86.55,86.52,86.54,204639,0
TLT.US,5,20260204,210500,86.54,86.565,86.54,86.565,106476,0
TLT.US,5,20260204,211000,86.5654,86.58,86.56,86.5701,66081,0
TLT.US,5,20260204,211500,86.57,86.58,86.56,86.5738,99988,0
TLT.US,5,20260204,212000,86.575,86.59,86.55,86.56,293164,0
TLT.US,5,20260204,212500,86.5596,86.57,86.53,86.53,148942,0
TLT.US,5,20260204,213000,86.535,86.5599,86.53,86.545,307022,0
TLT.US,5,20260204,213500,86.54,86.56,86.54,86.55,246464,0
TLT.US,5,20260204,214000,86.55,86.555,86.54,86.545,141229,0
TLT.US,5,20260204,214500,86.545,86.56,86.54,86.555,258295,0
TLT.US,5,20260204,215000,86.55,86.56,86.53,86.5304,687097,0
TLT.US,5,20260204,215500,86.53,86.56,86.52,86.545,1547294,0
TLT.US,5,20260205,153000,86.93,86.9701,86.89,86.91,522868,0
TLT.US,5,20260205,153500,86.91,86.93,86.85,86.862,577846,0
TLT.US,5,20260205,154000,86.86,86.88,86.78,86.785,345064,0
TLT.US,5,20260205,154500,86.79,86.82,86.775,86.785,290469,0
TLT.US,5,20260205,155000,86.79,86.84,86.75,86.81,417088,0
TLT.US,5,20260205,155500,86.82,86.88,86.79,86.86,587995,0
TLT.US,5,20260205,160000,86.85,87.02,86.845,86.99,1445807,0
TLT.US,5,20260205,160500,86.995,87.015,86.93,86.9892,645920,0
TLT.US,5,20260205,161000,86.99,87.12,86.99,87.115,2112710,0
TLT.US,5,20260205,161500,87.115,87.14,87.03,87.1203,972902,0
TLT.US,5,20260205,162000,87.13,87.245,87.13,87.23,963762,0
TLT.US,5,20260205,162500,87.23,87.28,87.2,87.245,973444,0
TLT.US,5,20260205,163000,87.24,87.29,87.22,87.285,616005,0
TLT.US,5,20260205,163500,87.29,87.3,87.24,87.265,1029231,0
TLT.US,5,20260205,164000,87.26,87.27,87.19,87.22,734288,0
TLT.US,5,20260205,164500,87.22,87.27,87.205,87.23,712302,0
TLT.US,5,20260205,165000,87.23,87.2755,87.2,87.265,773079,0
TLT.US,5,20260205,165500,87.27,87.27,87.2,87.235,3048508,0
TLT.US,5,20260205,170000,87.235,87.29,87.215,87.255,448891,0
TLT.US,5,20260205,170500,87.255,87.33,87.253,87.32,521144,0
TLT.US,5,20260205,171000,87.325,87.3533,87.29,87.345,579202,0
TLT.US,5,20260205,171500,87.35,87.37,87.325,87.325,558118,0
TLT.US,5,20260205,172000,87.33,87.33,87.28,87.31,438013,0
TLT.US,5,20260205,172500,87.3035,87.32,87.25,87.25,423970,0
TLT.US,5,20260205,173000,87.25,87.26,87.235,87.25,616131,0
TLT.US,5,20260205,173500,87.24,87.27,87.22,87.24,816551,0
TLT.US,5,20260205,174000,87.245,87.28,87.2399,87.26,419589,0
TLT.US,5,20260205,174500,87.26,87.35,87.25,87.335,432264,0
TLT.US,5,20260205,175000,87.33,87.3365,87.3,87.31,318096,0
TLT.US,5,20260205,175500,87.31,87.335,87.3,87.31,319950,0
TLT.US,5,20260205,180000,87.31,87.335,87.2914,87.31,416268,0
TLT.US,5,20260205,180500,87.315,87.33,87.275,87.3184,197232,0
TLT.US,5,20260205,181000,87.31,87.34,87.31,87.325,283398,0
TLT.US,5,20260205,181500,87.33,87.35,87.3,87.345,267156,0
TLT.US,5,20260205,182000,87.345,87.36,87.33,87.3335,310250,0
TLT.US,5,20260205,182500,87.335,87.345,87.29,87.3,391305,0
TLT.US,5,20260205,183000,87.3,87.32,87.275,87.3,183744,0
TLT.US,5,20260205,183500,87.3001,87.31,87.28,87.2902,190115,0
TLT.US,5,20260205,184000,87.29,87.3,87.2632,87.28,121461,0
TLT.US,5,20260205,184500,87.28,87.3,87.25,87.29,252973,0
TLT.US,5,20260205,185000,87.2901,87.3,87.275,87.3,78584,0
TLT.US,5,20260205,185500,87.3,87.33,87.295,87.33,204647,0
TLT.US,5,20260205,190000,87.33,87.36,87.32,87.355,187346,0
TLT.US,5,20260205,190500,87.36,87.365,87.34,87.35,163778,0
TLT.US,5,20260205,191000,87.355,87.37,87.33,87.3331,332997,0
TLT.US,5,20260205,191500,87.335,87.34,87.315,87.325,288204,0
TLT.US,5,20260205,192000,87.32,87.34,87.315,87.335,543879,0
TLT.US,5,20260205,192500,87.335,87.36,87.33,87.36,311846,0
TLT.US,5,20260205,193000,87.36,87.37,87.34,87.345,174042,0
TLT.US,5,20260205,193500,87.345,87.37,87.32,87.345,391689,0
TLT.US,5,20260205,194000,87.35,87.36,87.325,87.34,114015,0
TLT.US,5,20260205,194500,87.3499,87.35,87.285,87.315,244016,0
TLT.US,5,20260205,195000,87.32,87.335,87.31,87.33,226113,0
TLT.US,5,20260205,195500,87.325,87.35,87.32,87.3299,143297,0
TLT.US,5,20260205,200000,87.325,87.33,87.2801,87.2999,196359,0
TLT.US,5,20260205,200500,87.2901,87.31,87.27,87.305,198119,0
TLT.US,5,20260205,201000,87.31,87.33,87.2933,87.305,331772,0
TLT.US,5,20260205,201500,87.3,87.32,87.29,87.3099,107125,0
TLT.US,5,20260205,202000,87.305,87.33,87.2901,87.325,197539,0
TLT.US,5,20260205,202500,87.325,87.33,87.3,87.305,120158,0
TLT.US,5,20260205,203000,87.31,87.33,87.3,87.3,391784,0
TLT.US,5,20260205,203500,87.3003,87.325,87.29,87.325,155768,0
TLT.US,5,20260205,204000,87.325,87.34,87.32,87.34,55820,0
TLT.US,5,20260205,204500,87.335,87.3599,87.33,87.355,108772,0
TLT.US,5,20260205,205000,87.355,87.36,87.31,87.315,282362,0
TLT.US,5,20260205,205500,87.31,87.32,87.275,87.28,211029,0
TLT.US,5,20260205,210000,87.285,87.29,87.25,87.26,172083,0
TLT.US,5,20260205,210500,87.26,87.27,87.25,87.27,173958,0
TLT.US,5,20260205,211000,87.2601,87.3,87.26,87.295,419138,0
TLT.US,5,20260205,211500,87.295,87.315,87.29,87.305,444042,0
TLT.US,5,20260205,212000,87.305,87.37,87.3,87.3685,313674,0
TLT.US,5,20260205,212500,87.365,87.4,87.35,87.4,447835,0
TLT.US,5,20260205,213000,87.395,87.415,87.39,87.41,450230,0
TLT.US,5,20260205,213500,87.41,87.42,87.39,87.395,804817,0
TLT.US,5,20260205,214000,87.3901,87.4,87.37,87.395,444498,0
TLT.US,5,20260205,214500,87.395,87.43,87.39,87.4188,738996,0
TLT.US,5,20260205,215000,87.42,87.47,87.4108,87.45,1507839,0
TLT.US,5,20260205,215500,87.455,87.47,87.44,87.45,2132640,0
TLT.US,5,20260206,153000,87.45,87.52,87.39,87.4013,1098935,0
TLT.US,5,20260206,153500,87.4004,87.44,87.38,87.39,601056,0
TLT.US,5,20260206,154000,87.39,87.41,87.3303,87.37,682040,0
TLT.US,5,20260206,154500,87.37,87.375,87.295,87.335,968893,0
TLT.US,5,20260206,155000,87.335,87.34,87.27,87.31,763629,0
TLT.US,5,20260206,155500,87.32,87.34,87.3,87.33,271883,0
TLT.US,5,20260206,160000,87.32,87.32,87.2521,87.3024,782246,0
TLT.US,5,20260206,160500,87.3,87.335,87.29,87.305,493788,0
TLT.US,5,20260206,161000,87.3,87.3099,87.235,87.285,1132040,0
TLT.US,5,20260206,161500,87.2812,87.3,87.255,87.27,423988,0
TLT.US,5,20260206,162000,87.27,87.29,87.23,87.285,413262,0
TLT.US,5,20260206,162500,87.285,87.29,87.22,87.24,454904,0
TLT.US,5,20260206,163000,87.23,87.255,87.205,87.21,364199,0
TLT.US,5,20260206,163500,87.2,87.23,87.2,87.2266,367163,0
TLT.US,5,20260206,164000,87.22,87.2445,87.21,87.2445,188201,0
TLT.US,5,20260206,164500,87.2477,87.3,87.235,87.27,520266,0
TLT.US,5,20260206,165000,87.27,87.32,87.26,87.32,329084,0
TLT.US,5,20260206,165500,87.3266,87.345,87.305,87.34,319360,0
TLT.US,5,20260206,170000,87.34,87.3464,87.29,87.3,509547,0
TLT.US,5,20260206,170500,87.3,87.31,87.26,87.26,257942,0
TLT.US,5,20260206,171000,87.2654,87.28,87.255,87.27,119697,0
TLT.US,5,20260206,171500,87.2655,87.28,87.26,87.28,107308,0
TLT.US,5,20260206,172000,87.27343,87.3,87.25,87.3,243258,0
TLT.US,5,20260206,172500,87.2971,87.3,87.27,87.29,268359,0
TLT.US,5,20260206,173000,87.29,87.31,87.275,87.275,105824,0
TLT.US,5,20260206,173500,87.2729,87.277,87.25,87.255,128567,0
TLT.US,5,20260206,174000,87.25,87.28,87.25,87.275,136753,0
TLT.US,5,20260206,174500,87.28,87.3299,87.275,87.32,147173,0
TLT.US,5,20260206,175000,87.32,87.32,87.26,87.265,231435,0
TLT.US,5,20260206,175500,87.265,87.31,87.26,87.3,148944,0
TLT.US,5,20260206,180000,87.3,87.3,87.28,87.295,187549,0
TLT.US,5,20260206,180500,87.295,87.305,87.29,87.295,74475,0
TLT.US,5,20260206,181000,87.29,87.31,87.28,87.305,318706,0
TLT.US,5,20260206,181500,87.3099,87.33,87.28,87.28,205571,0
TLT.US,5,20260206,182000,87.29,87.29,87.26,87.2855,92329,0
TLT.US,5,20260206,182500,87.2826,87.3,87.28,87.28,173407,0
TLT.US,5,20260206,183000,87.28,87.286,87.25,87.265,126249,0
TLT.US,5,20260206,183500,87.26,87.31,87.26,87.305,56694,0
TLT.US,5,20260206,184000,87.305,87.31,87.28,87.28,75343,0
TLT.US,5,20260206,184500,87.28,87.29,87.27,87.28,99556,0
TLT.US,5,20260206,185000,87.28,87.295,87.265,87.29,192414,0
TLT.US,5,20260206,185500,87.295,87.3574,87.295,87.34406,105643,0
TLT.US,5,20260206,190000,87.35,87.35,87.305,87.3135,70056,0
TLT.US,5,20260206,190500,87.315,87.32,87.3,87.315,57492,0
TLT.US,5,20260206,191000,87.31,87.32,87.3,87.32,43304,0
TLT.US,5,20260206,191500,87.31,87.35,87.31,87.325,220811,0
TLT.US,5,20260206,192000,87.3265,87.375,87.32,87.37,212416,0
TLT.US,5,20260206,192500,87.37,87.37,87.325,87.34,359179,0
TLT.US,5,20260206,193000,87.335,87.375,87.33,87.365,193743,0
TLT.US,5,20260206,193500,87.365,87.38,87.35,87.36,369284,0
TLT.US,5,20260206,194000,87.36,87.37,87.35,87.36,87808,0
TLT.US,5,20260206,194500,87.36,87.37,87.35,87.355,93246,0
TLT.US,5,20260206,195000,87.36,87.3699,87.35,87.355,61985,0
TLT.US,5,20260206,195500,87.35,87.3699,87.35,87.3616,64626,0
TLT.US,5,20260206,200000,87.36,87.385,87.36,87.375,95928,0
TLT.US,5,20260206,200500,87.37,87.38,87.355,87.355,100036,0
TLT.US,5,20260206,201000,87.36,87.37,87.35,87.36,53974,0
TLT.US,5,20260206,201500,87.355,87.36,87.35,87.36,23471,0
TLT.US,5,20260206,202000,87.355,87.38,87.35,87.375,92153,0
TLT.US,5,20260206,202500,87.375,87.38,87.36,87.365,148476,0
TLT.US,5,20260206,203000,87.3699,87.38,87.36,87.37,42016,0
TLT.US,5,20260206,203500,87.37,87.385,87.365,87.37,74388,0
TLT.US,5,20260206,204000,87.3701,87.39,87.37,87.3883,64874,0
TLT.US,5,20260206,204500,87.385,87.39,87.365,87.385,83150,0
TLT.US,5,20260206,205000,87.385,87.41,87.38,87.41,125324,0
TLT.US,5,20260206,205500,87.405,87.445,87.39,87.44,210324,0
TLT.US,5,20260206,210000,87.435,87.46,87.42,87.4301,265354,0
TLT.US,5,20260206,210500,87.44,87.46,87.435,87.45,124542,0
TLT.US,5,20260206,211000,87.45,87.47,87.4497,87.4687,144257,0
TLT.US,5,20260206,211500,87.465,87.47,87.44,87.4401,167924,0
TLT.US,5,20260206,212000,87.45,87.45,87.42,87.425,100777,0
TLT.US,5,20260206,212500,87.425,87.44,87.42,87.435,85005,0
TLT.US,5,20260206,213000,87.435,87.46,87.43,87.445,406261,0
TLT.US,5,20260206,213500,87.44,87.46,87.44,87.453,71570,0
TLT.US,5,20260206,214000,87.455,87.475,87.44,87.46,239296,0
TLT.US,5,20260206,214500,87.46,87.47,87.44,87.445,614348,0
TLT.US,5,20260206,215000,87.45,87.475,87.44,87.465,732948,0
TLT.US,5,20260206,215500,87.465,87.54,87.46,87.54,7925984,0
TLT.US,5,20260209,153000,87.2,87.24,87.13,87.14,1013458,0
TLT.US,5,20260209,153500,87.145,87.15,87.03,87.04,665130,0
TLT.US,5,20260209,154000,87.0435,87.09,87.035,87.09,565514,0
TLT.US,5,20260209,154500,87.085,87.12,87.05,87.06,395900,0
TLT.US,5,20260209,155000,87.065,87.12,87.06,87.105,404666,0
TLT.US,5,20260209,155500,87.105,87.15,87.1,87.1401,282219,0
TLT.US,5,20260209,160000,87.15,87.16,87.13,87.1427,347205,0
TLT.US,5,20260209,160500,87.15,87.1699,87.12,87.16,273942,0
TLT.US,5,20260209,161000,87.16,87.2,87.155,87.155,357747,0
TLT.US,5,20260209,161500,87.1599,87.2,87.155,87.17,171741,0
TLT.US,5,20260209,162000,87.175,87.24,87.17,87.23,212221,0
TLT.US,5,20260209,162500,87.2251,87.255,87.22,87.235,306471,0
TLT.US,5,20260209,163000,87.2399,87.24,87.17,87.19,227951,0
TLT.US,5,20260209,163500,87.19,87.2199,87.17,87.215,293026,0
TLT.US,5,20260209,164000,87.22,87.22,87.1689,87.2,187014,0
TLT.US,5,20260209,164500,87.2016,87.2399,87.1999,87.225,182359,0
TLT.US,5,20260209,165000,87.2299,87.235,87.2,87.235,123116,0
TLT.US,5,20260209,165500,87.23,87.28,87.21,87.27,351822,0
TLT.US,5,20260209,170000,87.27,87.32,87.2699,87.29,295221,0
TLT.US,5,20260209,170500,87.285,87.35,87.28,87.34,137882,0
TLT.US,5,20260209,171000,87.34,87.37,87.313,87.355,219709,0
TLT.US,5,20260209,171500,87.355,87.4,87.355,87.37,282601,0
TLT.US,5,20260209,172000,87.38,87.4,87.34,87.34,315343,0
TLT.US,5,20260209,172500,87.335,87.3475,87.3,87.325,182655,0
TLT.US,5,20260209,173000,87.32,87.34,87.2831,87.29,254166,0
TLT.US,5,20260209,173500,87.295,87.295,87.235,87.278,574161,0
TLT.US,5,20260209,174000,87.2797,87.32,87.279,87.301,261849,0
TLT.US,5,20260209,174500,87.305,87.31,87.2728,87.2728,160724,0
TLT.US,5,20260209,175000,87.28,87.32,87.2701,87.32,159594,0
TLT.US,5,20260209,175500,87.32,87.3499,87.3,87.345,90296,0
TLT.US,5,20260209,180000,87.35,87.37,87.32,87.35,147351,0
TLT.US,5,20260209,180500,87.355,87.38,87.35,87.37,261973,0
TLT.US,5,20260209,181000,87.37,87.405,87.355,87.365,215619,0
TLT.US,5,20260209,181500,87.365,87.41,87.365,87.41,190726,0
TLT.US,5,20260209,182000,87.41,87.435,87.41,87.435,197577,0
TLT.US,5,20260209,182500,87.435,87.47,87.43,87.4498,318971,0
TLT.US,5,20260209,183000,87.45,87.45,87.405,87.41,155835,0
TLT.US,5,20260209,183500,87.41,87.415,87.385,87.39,140157,0
TLT.US,5,20260209,184000,87.39,87.41,87.385,87.41,58834,0
TLT.US,5,20260209,184500,87.4,87.41,87.38,87.39,189917,0
TLT.US,5,20260209,185000,87.3835,87.44,87.38,87.435,182582,0
TLT.US,5,20260209,185500,87.4359,87.4359,87.41,87.415,94370,0
TLT.US,5,20260209,190000,87.42,87.43,87.39,87.4,98404,0
TLT.US,5,20260209,190500,87.3918,87.4216,87.375,87.376,98531,0
TLT.US,5,20260209,191000,87.38,87.3903,87.3746,87.385,45783,0
TLT.US,5,20260209,191500,87.39,87.43,87.3898,87.425,261375,0
TLT.US,5,20260209,192000,87.4279,87.4699,87.42,87.4394,360102,0
TLT.US,5,20260209,192500,87.435,87.455,87.4201,87.4202,220473,0
TLT.US,5,20260209,193000,87.425,87.455,87.4,87.45,136595,0
TLT.US,5,20260209,193500,87.45,87.4665,87.435,87.46,149757,0
TLT.US,5,20260209,194000,87.46,87.47,87.46,87.465,19196,0
TLT.US,5,20260209,194500,87.47,87.47,87.42,87.4375,191547,0
TLT.US,5,20260209,195000,87.435,87.44,87.41,87.43,147856,0
TLT.US,5,20260209,195500,87.435,87.46,87.43317,87.46,92590,0
TLT.US,5,20260209,200000,87.46,87.4699,87.445,87.45,101660,0
TLT.US,5,20260209,200500,87.45,87.48,87.45,87.47,42220,0
TLT.US,5,20260209,201000,87.475,87.48,87.46,87.47,55161,0
TLT.US,5,20260209,201500,87.465,87.52,87.445,87.505,292358,0
TLT.US,5,20260209,202000,87.5,87.53,87.495,87.52,147478,0
TLT.US,5,20260209,202500,87.52,87.5467,87.51,87.54,121012,0
TLT.US,5,20260209,203000,87.535,87.56,87.5335,87.545,169594,0
TLT.US,5,20260209,203500,87.54,87.5651,87.54,87.561,54058,0
TLT.US,5,20260209,204000,87.56,87.57,87.515,87.52,181140,0
TLT.US,5,20260209,204500,87.52,87.5351,87.4801,87.5351,215334,0
TLT.US,5,20260209,205000,87.535,87.54,87.51,87.53,201046,0
TLT.US,5,20260209,205500,87.5299,87.56,87.529,87.535,209689,0
TLT.US,5,20260209,210000,87.54,87.55,87.53,87.54,193551,0
TLT.US,5,20260209,210500,87.55,87.58,87.54,87.555,163843,0
TLT.US,5,20260209,211000,87.56,87.58,87.54,87.54,172863,0
TLT.US,5,20260209,211500,87.535,87.57,87.51,87.515,1253065,0
TLT.US,5,20260209,212000,87.515,87.5152,87.49,87.505,152632,0
TLT.US,5,20260209,212500,87.505,87.52,87.5001,87.52,172820,0
TLT.US,5,20260209,213000,87.515,87.52,87.48,87.5003,183270,0
TLT.US,5,20260209,213500,87.5,87.51,87.47,87.49,299494,0
TLT.US,5,20260209,214000,87.48,87.51,87.48,87.5,272402,0
TLT.US,5,20260209,214500,87.4936,87.53,87.49,87.525,388237,0
TLT.US,5,20260209,215000,87.525,87.54,87.51,87.525,623843,0
TLT.US,5,20260209,215500,87.53,87.53,87.49,87.51,1313063,0
TLT.US,5,20260210,153000,88.24,88.28,88.22,88.2621,793837,0
TLT.US,5,20260210,153500,88.27,88.3184,88.26,88.31,689483,0
TLT.US,5,20260210,154000,88.31,88.35,88.29,88.335,690126,0
TLT.US,5,20260210,154500,88.34,88.42,88.3248,88.41,903668,0
TLT.US,5,20260210,155000,88.41,88.43,88.335,88.365,781179,0
TLT.US,5,20260210,155500,88.37,88.38,88.325,88.325,567193,0
TLT.US,5,20260210,160000,88.325,88.35,88.305,88.35,777716,0
TLT.US,5,20260210,160500,88.34,88.38,88.32,88.37,598327,0
TLT.US,5,20260210,161000,88.36,88.3899,88.33,88.334,209326,0
TLT.US,5,20260210,161500,88.34,88.37,88.335,88.35,474902,0
TLT.US,5,20260210,162000,88.35,88.41,88.335,88.37,676412,0
TLT.US,5,20260210,162500,88.37,88.4,88.35,88.38,393270,0
TLT.US,5,20260210,163000,88.38,88.38,88.34,88.35,443692,0
TLT.US,5,20260210,163500,88.3431,88.38,88.3429,88.37,301534,0
TLT.US,5,20260210,164000,88.37,88.41,88.37,88.4027,371319,0
TLT.US,5,20260210,164500,88.4,88.41,88.375,88.4,347814,0
TLT.US,5,20260210,165000,88.39,88.425,88.39,88.395,389849,0
TLT.US,5,20260210,165500,88.395,88.42,88.365,88.415,327726,0
TLT.US,5,20260210,170000,88.42,88.5,88.42,88.5,788550,0
TLT.US,5,20260210,170500,88.5,88.515,88.475,88.49,475853,0
TLT.US,5,20260210,171000,88.485,88.51,88.48,88.505,189852,0
TLT.US,5,20260210,171500,88.505,88.53,88.47,88.4899,412731,0
TLT.US,5,20260210,172000,88.4888,88.5,88.47,88.49,339983,0
TLT.US,5,20260210,172500,88.49,88.4978,88.465,88.4968,250363,0
TLT.US,5,20260210,173000,88.5,88.5,88.4401,88.48,330085,0
TLT.US,5,20260210,173500,88.475,88.5,88.465,88.475,177993,0
TLT.US,5,20260210,174000,88.475,88.515,88.45,88.455,598166,0
TLT.US,5,20260210,174500,88.46,88.46,88.42,88.46,415165,0
TLT.US,5,20260210,175000,88.4593,88.46,88.405,88.435,530126,0
TLT.US,5,20260210,175500,88.435,88.45,88.42,88.43,208120,0
TLT.US,5,20260210,180000,88.43,88.45,88.405,88.4176,235746,0
TLT.US,5,20260210,180500,88.41,88.4175,88.335,88.365,556661,0
TLT.US,5,20260210,181000,88.36,88.41,88.36,88.405,277293,0
TLT.US,5,20260210,181500,88.4,88.42,88.385,88.42,165379,0
TLT.US,5,20260210,182000,88.415,88.4472,88.41,88.445,204824,0
TLT.US,5,20260210,182500,88.445,88.47,88.44,88.4499,174126,0
TLT.US,5,20260210,183000,88.45,88.4603,88.43,88.445,173048,0
TLT.US,5,20260210,183500,88.44,88.4477,88.4,88.4075,390697,0
TLT.US,5,20260210,184000,88.405,88.43,88.4,88.42,186846,0
TLT.US,5,20260210,184500,88.415,88.4175,88.385,88.395,158348,0
TLT.US,5,20260210,185000,88.3973,88.4,88.365,88.375,232272,0
TLT.US,5,20260210,185500,88.375,88.385,88.35,88.375,367369,0
TLT.US,5,20260210,190000,88.375,88.375,88.35,88.35,140282,0
TLT.US,5,20260210,190500,88.35,88.38,88.345,88.38,278962,0
TLT.US,5,20260210,191000,88.38,88.3999,88.35,88.39,564685,0
TLT.US,5,20260210,191500,88.385,88.39,88.37,88.38,113377,0
TLT.US,5,20260210,192000,88.38,88.39,88.365,88.37,169891,0
TLT.US,5,20260210,192500,88.365,88.37,88.32,88.33,261308,0
TLT.US,5,20260210,193000,88.3299,88.33,88.29,88.325,156695,0
TLT.US,5,20260210,193500,88.325,88.3269,88.28,88.315,171465,0
TLT.US,5,20260210,194000,88.325,88.35,88.315,88.33,118092,0
TLT.US,5,20260210,194500,88.33,88.355,88.33,88.345,145467,0
TLT.US,5,20260210,195000,88.345,88.355,88.32,88.335,155360,0
TLT.US,5,20260210,195500,88.335,88.37,88.32,88.36,131504,0
TLT.US,5,20260210,200000,88.355,88.3599,88.325,88.335,120685,0
TLT.US,5,20260210,200500,88.335,88.3399,88.305,88.31,140543,0
TLT.US,5,20260210,201000,88.31,88.3399,88.31,88.32,170222,0
TLT.US,5,20260210,201500,88.325,88.335,88.31,88.33,89083,0
TLT.US,5,20260210,202000,88.3355,88.355,88.32,88.35,240673,0
TLT.US,5,20260210,202500,88.345,88.37,88.33,88.365,489089,0
TLT.US,5,20260210,203000,88.365,88.39,88.35,88.3806,151459,0
TLT.US,5,20260210,203500,88.3802,88.39,88.355,88.37145,256364,0
TLT.US,5,20260210,204000,88.375,88.4,88.37,88.3978,109214,0
TLT.US,5,20260210,204500,88.39,88.415,88.375,88.375,283899,0
TLT.US,5,20260210,205000,88.375,88.38,88.35,88.365,169397,0
TLT.US,5,20260210,205500,88.365,88.405,88.365,88.4,118652,0
TLT.US,5,20260210,210000,88.4,88.44,88.39,88.44,169263,0
TLT.US,5,20260210,210500,88.44,88.45,88.43,88.435,226170,0
TLT.US,5,20260210,211000,88.44,88.45,88.42,88.445,131291,0
TLT.US,5,20260210,211500,88.445,88.45,88.42,88.425,334649,0
TLT.US,5,20260210,212000,88.425,88.44,88.42,88.435,175868,0
TLT.US,5,20260210,212500,88.43,88.45,88.43,88.435,244727,0
TLT.US,5,20260210,213000,88.435,88.45,88.43,88.45,262424,0
TLT.US,5,20260210,213500,88.45,88.46,88.44,88.4442,236619,0
TLT.US,5,20260210,214000,88.45,88.46,88.44,88.4455,394540,0
TLT.US,5,20260210,214500,88.45,88.45,88.44,88.45,415725,0
TLT.US,5,20260210,215000,88.44,88.46,88.44,88.455,881704,0
TLT.US,5,20260210,215500,88.455,88.525,88.45,88.515,2912647,0
TLT.US,5,20260211,153000,88.04,88.15,88.02,88.11,942115,0
TLT.US,5,20260211,153500,88.115,88.14,88.09,88.1,616320,0
TLT.US,5,20260211,154000,88.09,88.12,88.055,88.0859,422263,0
TLT.US,5,20260211,154500,88.09,88.09,87.995,88.03,435651,0
TLT.US,5,20260211,155000,88.0297,88.0399,87.99,88.02,396437,0
TLT.US,5,20260211,155500,88.025,88.06,88,88.055,324090,0
TLT.US,5,20260211,160000,88.05,88.13,88.04,88.12,689452,0
TLT.US,5,20260211,160500,88.12,88.17,88.09,88.16,566651,0
TLT.US,5,20260211,161000,88.16,88.23,88.16,88.17,949208,0
TLT.US,5,20260211,161500,88.17,88.22,88.17,88.21,594603,0
TLT.US,5,20260211,162000,88.2,88.25,88.13,88.13,684589,0
TLT.US,5,20260211,162500,88.14,88.24,88.125,88.24,563512,0
TLT.US,5,20260211,163000,88.24,88.255,88.1751,88.2,462449,0
TLT.US,5,20260211,163500,88.19,88.205,88.13,88.135,362173,0
TLT.US,5,20260211,164000,88.1345,88.18,88.12,88.1503,380020,0
TLT.US,5,20260211,164500,88.15,88.18,88.14,88.1799,437490,0
TLT.US,5,20260211,165000,88.17,88.17,88.085,88.085,240372,0
TLT.US,5,20260211,165500,88.08,88.1299,88.08,88.1101,169631,0
TLT.US,5,20260211,170000,88.12,88.145,88.095,88.135,168479,0
TLT.US,5,20260211,170500,88.135,88.18,88.1,88.105,346674,0
TLT.US,5,20260211,171000,88.11,88.125,88.09,88.1101,316576,0
TLT.US,5,20260211,171500,88.105,88.13,88.1,88.121,127142,0
TLT.US,5,20260211,172000,88.12,88.165,88.1101,88.165,110357,0
TLT.US,5,20260211,172500,88.165,88.22,88.16,88.215,573590,0
TLT.US,5,20260211,173000,88.215,88.255,88.19,88.25,239270,0
TLT.US,5,20260211,173500,88.26,88.27,88.2223,88.25,371376,0
TLT.US,5,20260211,174000,88.25,88.3,88.24,88.2845,188428,0
TLT.US,5,20260211,174500,88.285,88.31,88.28,88.31,180229,0
TLT.US,5,20260211,175000,88.30145,88.365,88.3,88.345,421669,0
TLT.US,5,20260211,175500,88.3401,88.38,88.33,88.38,236660,0
TLT.US,5,20260211,180000,88.38,88.415,88.38,88.41,518447,0
TLT.US,5,20260211,180500,88.4106,88.42,88.37,88.37,195373,0
TLT.US,5,20260211,181000,88.365,88.41,88.36,88.41,118511,0
TLT.US,5,20260211,181500,88.41,88.44,88.4001,88.435,455092,0
TLT.US,5,20260211,182000,88.435,88.475,88.39,88.395,399771,0
TLT.US,5,20260211,182500,88.4,88.41,88.36,88.375,398737,0
TLT.US,5,20260211,183000,88.37,88.38,88.345,88.355,102456,0
TLT.US,5,20260211,183500,88.351,88.39,88.3501,88.385,111464,0
TLT.US,5,20260211,184000,88.385,88.42,88.385,88.41,259981,0
TLT.US,5,20260211,184500,88.41,88.45,88.4041,88.44,161001,0
TLT.US,5,20260211,185000,88.44,88.445,88.39,88.405,244095,0
TLT.US,5,20260211,185500,88.4021,88.41,88.37,88.375,65413,0
TLT.US,5,20260211,190000,88.375,88.4,88.165,88.21,873390,0
TLT.US,5,20260211,190500,88.21,88.21,88.14,88.17,229463,0
TLT.US,5,20260211,191000,88.16,88.16,88.0699,88.07,465528,0
TLT.US,5,20260211,191500,88.075,88.13,88.07,88.0992,114777,0
TLT.US,5,20260211,192000,88.1,88.1099,88.05,88.065,140447,0
TLT.US,5,20260211,192500,88.065,88.1,88.055,88.07,240481,0
TLT.US,5,20260211,193000,88.065,88.14,88.065,88.12,169330,0
TLT.US,5,20260211,193500,88.12,88.17,88.1,88.165,528399,0
TLT.US,5,20260211,194000,88.17,88.19,88.12,88.125,411900,0
TLT.US,5,20260211,194500,88.125,88.125,88.065,88.08,405689,0
TLT.US,5,20260211,195000,88.075,88.08,88.04,88.05,915929,0
TLT.US,5,20260211,195500,88.05,88.05,87.955,87.98,981542,0
TLT.US,5,20260211,200000,87.975,88.015,87.96,88.015,148625,0
TLT.US,5,20260211,200500,88.01,88.0499,87.99,88.035,284902,0
TLT.US,5,20260211,201000,88.035,88.0999,88.02,88.085,357539,0
TLT.US,5,20260211,201500,88.085,88.1177,88.075,88.115,106455,0
TLT.US,5,20260211,202000,88.115,88.125,88.095,88.1,121790,0
TLT.US,5,20260211,202500,88.095,88.1065,88.08,88.0901,100919,0
TLT.US,5,20260211,203000,88.09,88.092,88.01,88.04,265955,0
TLT.US,5,20260211,203500,88.05,88.0799,88.05,88.065,235903,0
TLT.US,5,20260211,204000,88.067,88.067,88.04,88.047,96708,0
TLT.US,5,20260211,204500,88.045,88.07,88.04,88.06,64162,0
TLT.US,5,20260211,205000,88.06,88.07,88.045,88.055,89949,0
TLT.US,5,20260211,205500,88.05,88.105,88.04,88.0501,311239,0
TLT.US,5,20260211,210000,88.05,88.07,87.9801,87.99,236506,0
TLT.US,5,20260211,210500,87.985,88.02,87.975,87.98,275108,0
TLT.US,5,20260211,211000,87.98,87.99,87.96,87.965,165270,0
TLT.US,5,20260211,211500,87.965,87.967,87.935,87.9501,238281,0
TLT.US,5,20260211,212000,87.955,87.97,87.945,87.965,185877,0
TLT.US,5,20260211,212500,87.965,87.99,87.96,87.98,403981,0
TLT.US,5,20260211,213000,87.985,87.995,87.965,87.98,357646,0
TLT.US,5,20260211,213500,87.98,87.99,87.97,87.99,97228,0
TLT.US,5,20260211,214000,87.98,87.99,87.965,87.98,229174,0
TLT.US,5,20260211,214500,87.98,87.99,87.97,87.97,403706,0
TLT.US,5,20260211,215000,87.97,88,87.97,87.99,611281,0
TLT.US,5,20260211,215500,88,88.075,87.99,88.035,1497501,0
TLT.US,5,20260212,153000,88.355,88.42,88.35,88.385,412959,0
TLT.US,5,20260212,153500,88.38,88.47,88.375,88.45,450406,0
TLT.US,5,20260212,154000,88.45,88.46,88.4001,88.44,307454,0
TLT.US,5,20260212,154500,88.44,88.5,88.44,88.485,474542,0
TLT.US,5,20260212,155000,88.49,88.52,88.45,88.45,490411,0
TLT.US,5,20260212,155500,88.46,88.54,88.45,88.5213,387854,0
TLT.US,5,20260212,160000,88.525,88.5525,88.51,88.54,447567,0
TLT.US,5,20260212,160500,88.54,88.56,88.5226,88.54,191051,0
TLT.US,5,20260212,161000,88.54,88.57,88.535,88.55,307296,0
TLT.US,5,20260212,161500,88.545,88.59,88.54,88.58,253882,0
TLT.US,5,20260212,162000,88.57705,88.6,88.56,88.5965,285289,0
TLT.US,5,20260212,162500,88.59,88.635,88.56,88.595,306322,0
TLT.US,5,20260212,163000,88.595,88.65,88.58,88.6,590236,0
TLT.US,5,20260212,163500,88.595,88.64,88.59,88.64,323436,0
TLT.US,5,20260212,164000,88.635,88.65,88.61,88.63,534732,0
TLT.US,5,20260212,164500,88.63,88.64,88.605,88.6331,356505,0
TLT.US,5,20260212,165000,88.63,88.635,88.57,88.6,161647,0
TLT.US,5,20260212,165500,88.595,88.62,88.58,88.615,479022,0
TLT.US,5,20260212,170000,88.61,88.66,88.585,88.66,435329,0
TLT.US,5,20260212,170500,88.655,88.69,88.645,88.6801,459142,0
TLT.US,5,20260212,171000,88.69,88.71,88.64,88.675,423278,0
TLT.US,5,20260212,171500,88.6715,88.75,88.6715,88.745,773261,0
TLT.US,5,20260212,172000,88.74,88.84,88.74,88.8,1495391,0
TLT.US,5,20260212,172500,88.806,88.81,88.76,88.79,730911,0
TLT.US,5,20260212,173000,88.795,88.795,88.71,88.725,983120,0
TLT.US,5,20260212,173500,88.7222,88.7279,88.68,88.71,694374,0
TLT.US,5,20260212,174000,88.705,88.72,88.665,88.705,771396,0
TLT.US,5,20260212,174500,88.71,88.745,88.695,88.7094,481909,0
TLT.US,5,20260212,175000,88.715,88.74,88.7016,88.74,338658,0
TLT.US,5,20260212,175500,88.73,88.7488,88.71,88.715,305496,0
TLT.US,5,20260212,180000,88.71,88.76,88.71,88.735,249046,0
TLT.US,5,20260212,180500,88.73,88.74,88.695,88.7,208067,0
TLT.US,5,20260212,181000,88.71,88.75,88.7,88.735,415683,0
TLT.US,5,20260212,181500,88.735,88.76,88.72,88.75,278095,0
TLT.US,5,20260212,182000,88.755,88.755,88.68055,88.7001,167722,0
TLT.US,5,20260212,182500,88.707,88.715,88.66,88.675,331746,0
TLT.US,5,20260212,183000,88.675,88.68,88.62,88.635,329267,0
TLT.US,5,20260212,183500,88.635,88.685,88.62,88.685,378546,0
TLT.US,5,20260212,184000,88.685,88.71,88.663,88.6799,155410,0
TLT.US,5,20260212,184500,88.6701,88.68,88.65,88.6514,297662,0
TLT.US,5,20260212,185000,88.655,88.7,88.65,88.7,183900,0
TLT.US,5,20260212,185500,88.69,88.695,88.615,88.63,459618,0
TLT.US,5,20260212,190000,88.63,88.97,88.615,88.95,2128741,0
TLT.US,5,20260212,190500,88.945,89.04,88.93,89.03,1268679,0
TLT.US,5,20260212,191000,89.02,89.105,89.02,89.085,805588,0
TLT.US,5,20260212,191500,89.09,89.2,89.08,89.1879,933691,0
TLT.US,5,20260212,192000,89.185,89.22,89.17,89.175,888114,0
TLT.US,5,20260212,192500,89.175,89.2498,89.165,89.23,536089,0
TLT.US,5,20260212,193000,89.24,89.24,89.14,89.15,670165,0
TLT.US,5,20260212,193500,89.155,89.17,89.1321,89.155,572322,0
TLT.US,5,20260212,194000,89.155,89.17,89.135,89.14,818174,0
TLT.US,5,20260212,194500,89.145,89.2,89.12,89.19,1113195,0
TLT.US,5,20260212,195000,89.195,89.22,89.16,89.185,440559,0
TLT.US,5,20260212,195500,89.185,89.21,89.18,89.185,476903,0
TLT.US,5,20260212,200000,89.1848,89.27,89.1801,89.27,681353,0
TLT.US,5,20260212,200500,89.263,89.2663,89.2145,89.2663,531250,0
TLT.US,5,20260212,201000,89.265,89.2799,89.23,89.24,421420,0
TLT.US,5,20260212,201500,89.235,89.27,89.21,89.27,579370,0
TLT.US,5,20260212,202000,89.267,89.28,89.22,89.22,319906,0
TLT.US,5,20260212,202500,89.225,89.25,89.21,89.232,278857,0
TLT.US,5,20260212,203000,89.235,89.2672,89.21,89.2536,229060,0
TLT.US,5,20260212,203500,89.255,89.2699,89.23,89.245,373302,0
TLT.US,5,20260212,204000,89.2401,89.25,89.215,89.22,202090,0
TLT.US,5,20260212,204500,89.215,89.2399,89.1832,89.205,281800,0
TLT.US,5,20260212,205000,89.205,89.26,89.2,89.245,248685,0
TLT.US,5,20260212,205500,89.245,89.25,89.22,89.2301,255840,0
TLT.US,5,20260212,210000,89.23,89.23,89.19,89.216,527152,0
TLT.US,5,20260212,210500,89.215,89.23,89.19,89.205,242760,0
TLT.US,5,20260212,211000,89.201,89.23,89.2,89.215,320222,0
TLT.US,5,20260212,211500,89.21451,89.23,89.205,89.225,290348,0
TLT.US,5,20260212,212000,89.225,89.25,89.21,89.245,219598,0
TLT.US,5,20260212,212500,89.245,89.2685,89.24,89.265,317548,0
TLT.US,5,20260212,213000,89.265,89.28,89.24,89.2497,454768,0
TLT.US,5,20260212,213500,89.245,89.26,89.2342,89.235,398652,0
TLT.US,5,20260212,214000,89.235,89.2599,89.22,89.255,496688,0
TLT.US,5,20260212,214500,89.255,89.26,89.23,89.235,400301,0
TLT.US,5,20260212,215000,89.235,89.27,89.23,89.2582,802312,0
TLT.US,5,20260212,215500,89.255,89.27,89.2,89.22,1672032,0
TLT.US,5,20260213,153000,89.63,89.64,89.55,89.625,1052228,0
TLT.US,5,20260213,153500,89.62,89.73,89.62,89.725,865900,0
TLT.US,5,20260213,154000,89.725,89.81,89.695,89.705,1005414,0
TLT.US,5,20260213,154500,89.7,89.71,89.54,89.585,1483513,0
TLT.US,5,20260213,155000,89.59,89.675,89.59,89.615,1162797,0
TLT.US,5,20260213,155500,89.62,89.71,89.5817,89.6901,913198,0
TLT.US,5,20260213,160000,89.69,89.7,89.6,89.67,708539,0
TLT.US,5,20260213,160500,89.67,89.695,89.615,89.6286,520255,0
TLT.US,5,20260213,161000,89.63,89.645,89.565,89.615,788225,0
TLT.US,5,20260213,161500,89.615,89.66,89.6,89.6347,583912,0
TLT.US,5,20260213,162000,89.6399,89.655,89.59,89.59,666664,0
TLT.US,5,20260213,162500,89.595,89.6,89.55,89.5703,1157020,0
TLT.US,5,20260213,163000,89.58,89.58,89.5224,89.56,778403,0
TLT.US,5,20260213,163500,89.56,89.6528,89.5513,89.635,535815,0
TLT.US,5,20260213,164000,89.64,89.66,89.59,89.64,374848,0
TLT.US,5,20260213,164500,89.64,89.6882,89.627,89.68,506500,0
TLT.US,5,20260213,165000,89.68,89.68,89.58,89.61,499886,0
TLT.US,5,20260213,165500,89.605,89.64,89.5892,89.62,307910,0
TLT.US,5,20260213,170000,89.625,89.64,89.61,89.625,532393,0
TLT.US,5,20260213,170500,89.63,89.64,89.61,89.615,556549,0
TLT.US,5,20260213,171000,89.62,89.695,89.61,89.6899,331970,0
TLT.US,5,20260213,171500,89.695,89.7,89.5891,89.6008,361667,0
TLT.US,5,20260213,172000,89.6013,89.695,89.5827,89.67,341030,0
TLT.US,5,20260213,172500,89.68,89.72,89.66,89.7,340297,0
TLT.US,5,20260213,173000,89.7,89.76,89.67,89.67,753397,0
TLT.US,5,20260213,173500,89.68,89.74,89.675,89.725,693818,0
TLT.US,5,20260213,174000,89.73,89.78,89.72,89.735,712147,0
TLT.US,5,20260213,174500,89.735,89.785,89.73,89.765,350837,0
TLT.US,5,20260213,175000,89.76,89.77,89.735,89.755,543793,0
TLT.US,5,20260213,175500,89.755,89.7673,89.7401,89.75,305028,0
TLT.US,5,20260213,180000,89.755,89.75639,89.705,89.7401,278599,0
TLT.US,5,20260213,180500,89.7401,89.76,89.7,89.705,225421,0
TLT.US,5,20260213,181000,89.71,89.74,89.7,89.7,139672,0
TLT.US,5,20260213,181500,89.705,89.76,89.7,89.7,238663,0
TLT.US,5,20260213,182000,89.71,89.71,89.68,89.6901,339357,0
TLT.US,5,20260213,182500,89.69,89.7,89.65,89.665,243569,0
TLT.US,5,20260213,183000,89.665,89.675,89.63,89.655,282812,0
TLT.US,5,20260213,183500,89.655,89.6666,89.643,89.645,173710,0
TLT.US,5,20260213,184000,89.645,89.66,89.635,89.655,244998,0
TLT.US,5,20260213,184500,89.66,89.675,89.651,89.66,227312,0
TLT.US,5,20260213,185000,89.655,89.66,89.58,89.59222,676549,0
TLT.US,5,20260213,185500,89.5901,89.6499,89.59,89.625,468899,0
TLT.US,5,20260213,190000,89.63,89.645,89.61,89.635,356515,0
TLT.US,5,20260213,190500,89.64,89.66,89.635,89.6469,451829,0
TLT.US,5,20260213,191000,89.64,89.645,89.615,89.635,463249,0
TLT.US,5,20260213,191500,89.635,89.655,89.63,89.645,120365,0
TLT.US,5,20260213,192000,89.649,89.65,89.61,89.62,187509,0
TLT.US,5,20260213,192500,89.62,89.65,89.6101,89.65,240361,0
TLT.US,5,20260213,193000,89.65,89.65,89.62,89.64,181274,0
TLT.US,5,20260213,193500,89.6373,89.64,89.62,89.6299,176761,0
TLT.US,5,20260213,194000,89.6299,89.635,89.58,89.6001,250249,0
TLT.US,5,20260213,194500,89.6,89.61,89.59,89.605,110061,0
TLT.US,5,20260213,195000,89.605,89.605,89.575,89.595,181615,0
TLT.US,5,20260213,195500,89.595,89.63,89.59,89.615,109556,0
TLT.US,5,20260213,200000,89.615,89.64,89.61,89.625,71378,0
TLT.US,5,20260213,200500,89.625,89.665,89.62,89.645,194071,0
TLT.US,5,20260213,201000,89.6434,89.655,89.63,89.65,137343,0
TLT.US,5,20260213,201500,89.645,89.65,89.63,89.64,112951,0
TLT.US,5,20260213,202000,89.645,89.71,89.645,89.683,583640,0
TLT.US,5,20260213,202500,89.685,89.725,89.685,89.725,195540,0
TLT.US,5,20260213,203000,89.725,89.73,89.71,89.71,162409,0
TLT.US,5,20260213,203500,89.71,89.72,89.7,89.715,84110,0
TLT.US,5,20260213,204000,89.71,89.71,89.65,89.6636,270031,0
TLT.US,5,20260213,204500,89.67,89.7,89.67,89.68,135858,0
TLT.US,5,20260213,205000,89.6899,89.71,89.68,89.7016,252837,0
TLT.US,5,20260213,205500,89.71,89.72,89.68,89.68,460774,0
TLT.US,5,20260213,210000,89.63,89.665,89.61,89.665,223393,0
TLT.US,5,20260213,210500,89.665,89.67,89.66,89.665,50586,0
TLT.US,5,20260213,211000,89.665,89.7,89.6646,89.695,196668,0
TLT.US,5,20260213,211500,89.695,89.705,89.66,89.695,285811,0
TLT.US,5,20260213,212000,89.7,89.705,89.6801,89.6901,138856,0
TLT.US,5,20260213,212500,89.7,89.76,89.6937,89.745,325227,0
TLT.US,5,20260213,213000,89.745,89.75,89.72,89.725,664798,0
TLT.US,5,20260213,213500,89.725,89.73,89.685,89.725,436766,0
TLT.US,5,20260213,214000,89.725,89.74,89.71,89.725,339909,0
TLT.US,5,20260213,214500,89.725,89.735,89.685,89.6901,599036,0
TLT.US,5,20260213,215000,89.7,89.71,89.67,89.7,1462626,0
TLT.US,5,20260213,215500,89.7,89.72,89.68,89.7,12181354,0
TLT.US,5,20260217,153000,89.93,89.935,89.823,89.855,713096,0
TLT.US,5,20260217,153500,89.855,89.89,89.815,89.825,762416,0
TLT.US,5,20260217,154000,89.82,89.87,89.8,89.855,647291,0
TLT.US,5,20260217,154500,89.855,89.885,89.822,89.87,396871,0
TLT.US,5,20260217,155000,89.865,89.95,89.84,89.915,693771,0
TLT.US,5,20260217,155500,89.92,89.955,89.91,89.95,574370,0
TLT.US,5,20260217,160000,89.955,89.96,89.9,89.915,842285,0
TLT.US,5,20260217,160500,89.915,89.98,89.89,89.9601,854116,0
TLT.US,5,20260217,161000,89.97,90,89.943,89.9833,736161,0
TLT.US,5,20260217,161500,89.99,90.02,89.9001,89.91,1327700,0
TLT.US,5,20260217,162000,89.9101,89.99,89.905,89.9703,712965,0
TLT.US,5,20260217,162500,89.975,89.99,89.9301,89.9301,377065,0
TLT.US,5,20260217,163000,89.93,90.02,89.923,90.005,553125,0
TLT.US,5,20260217,163500,90.005,90.07,89.98,90.07,723372,0
TLT.US,5,20260217,164000,90.07,90.1,90.045,90.0501,278822,0
TLT.US,5,20260217,164500,90.06,90.06,90,90.045,748391,0
TLT.US,5,20260217,165000,90.04,90.1,90.035,90.09,458521,0
TLT.US,5,20260217,165500,90.09,90.12,90.053,90.095,771454,0
TLT.US,5,20260217,170000,90.1,90.1,90.0127,90.025,601217,0
TLT.US,5,20260217,170500,90.025,90.03,89.975,89.99,483771,0
TLT.US,5,20260217,171000,90,90,89.895,89.8951,490448,0
TLT.US,5,20260217,171500,89.9,89.9061,89.8715,89.875,544260,0
TLT.US,5,20260217,172000,89.88,89.9,89.865,89.885,359088,0
TLT.US,5,20260217,172500,89.88,89.92,89.865,89.905,244107,0
TLT.US,5,20260217,173000,89.9088,89.925,89.885,89.89,264910,0
TLT.US,5,20260217,173500,89.885,89.925,89.875,89.9194,375562,0
TLT.US,5,20260217,174000,89.92,89.95,89.905,89.9401,154023,0
TLT.US,5,20260217,174500,89.945,89.955,89.92,89.935,226362,0
TLT.US,5,20260217,175000,89.93,89.94,89.9,89.9,198105,0
TLT.US,5,20260217,175500,89.89,89.92,89.88,89.895,254811,0
TLT.US,5,20260217,180000,89.8901,89.92,89.8901,89.91,184293,0
TLT.US,5,20260217,180500,89.915,89.945,89.905,89.945,92541,0
TLT.US,5,20260217,181000,89.94,89.97,89.93,89.97,196464,0
TLT.US,5,20260217,181500,89.98,89.98,89.9545,89.965,239755,0
TLT.US,5,20260217,182000,89.965,90,89.92,89.92,250253,0
TLT.US,5,20260217,182500,89.92,89.935,89.9,89.905,185848,0
TLT.US,5,20260217,183000,89.9,89.94,89.89,89.89,209426,0
TLT.US,5,20260217,183500,89.88,89.89,89.845,89.8699,477373,0
TLT.US,5,20260217,184000,89.865,89.895,89.865,89.885,222157,0
TLT.US,5,20260217,184500,89.885,89.89,89.81,89.83,272152,0
TLT.US,5,20260217,185000,89.83,89.85,89.8137,89.835,269941,0
TLT.US,5,20260217,185500,89.835,89.855,89.79,89.8007,277267,0
TLT.US,5,20260217,190000,89.805,89.82,89.78,89.81,129604,0
TLT.US,5,20260217,190500,89.81,89.83,89.795,89.82,121467,0
TLT.US,5,20260217,191000,89.82,89.83,89.76,89.7701,248220,0
TLT.US,5,20260217,191500,89.775,89.855,89.775,89.855,370681,0
TLT.US,5,20260217,192000,89.855,89.855,89.815,89.817,293206,0
TLT.US,5,20260217,192500,89.815,89.835,89.81,89.815,188835,0
TLT.US,5,20260217,193000,89.81,89.84,89.81,89.82,172124,0
TLT.US,5,20260217,193500,89.82,89.8494,89.81,89.815,126115,0
TLT.US,5,20260217,194000,89.82,89.855,89.81,89.85,133772,0
TLT.US,5,20260217,194500,89.855,89.86,89.83,89.845,72889,0
TLT.US,5,20260217,195000,89.85,89.87,89.81,89.82,258041,0
TLT.US,5,20260217,195500,89.82,89.855,89.8101,89.84,107745,0
TLT.US,5,20260217,200000,89.83,89.86,89.83,89.845,61300,0
TLT.US,5,20260217,200500,89.84,89.87,89.84,89.865,154569,0
TLT.US,5,20260217,201000,89.8699,89.88,89.86,89.86,185734,0
TLT.US,5,20260217,201500,89.87,89.88,89.853,89.8599,148867,0
TLT.US,5,20260217,202000,89.86,89.8865,89.855,89.855,74332,0
TLT.US,5,20260217,202500,89.86,89.88,89.84,89.875,139566,0
TLT.US,5,20260217,203000,89.875,89.88,89.86,89.87,77389,0
TLT.US,5,20260217,203500,89.87,89.91,89.87,89.9,208390,0
TLT.US,5,20260217,204000,89.9,89.9094,89.885,89.89,131000,0
TLT.US,5,20260217,204500,89.89,89.9,89.865,89.8899,432581,0
TLT.US,5,20260217,205000,89.88,89.8969,89.875,89.89,73973,0
TLT.US,5,20260217,205500,89.8899,89.93,89.88,89.915,253067,0
TLT.US,5,20260217,210000,89.915,89.915,89.88,89.9028,233801,0
TLT.US,5,20260217,210500,89.9,89.92,89.8815,89.9099,407000,0
TLT.US,5,20260217,211000,89.91,89.93,89.9001,89.9299,65823,0
TLT.US,5,20260217,211500,89.93,89.94,89.92,89.925,57748,0
TLT.US,5,20260217,212000,89.92,89.92,89.905,89.9199,120305,0
TLT.US,5,20260217,212500,89.915,89.93,89.9132,89.925,187117,0
TLT.US,5,20260217,213000,89.9299,89.95,89.915,89.92,261287,0
TLT.US,5,20260217,213500,89.92,89.92,89.9,89.905,172779,0
TLT.US,5,20260217,214000,89.9,89.92,89.89,89.92,216451,0
TLT.US,5,20260217,214500,89.92,89.92,89.89,89.895,321130,0
TLT.US,5,20260217,215000,89.89,89.9,89.88,89.88,377306,0
TLT.US,5,20260217,215500,89.88,89.89,89.86,89.875,1128083,0
TLT.US,5,20260218,153000,89.685,89.74,89.68,89.7301,474565,0
TLT.US,5,20260218,153500,89.7368,89.76,89.6901,89.7,378784,0
TLT.US,5,20260218,154000,89.695,89.725,89.67,89.725,341287,0
TLT.US,5,20260218,154500,89.72,89.775,89.715,89.775,749343,0
TLT.US,5,20260218,155000,89.775,89.79,89.73,89.735,451255,0
TLT.US,5,20260218,155500,89.7301,89.74,89.655,89.66,456648,0
TLT.US,5,20260218,160000,89.66,89.69,89.63,89.635,408827,0
TLT.US,5,20260218,160500,89.635,89.6699,89.61,89.6502,1349559,0
TLT.US,5,20260218,161000,89.655,89.68,89.625,89.655,502115,0
TLT.US,5,20260218,161500,89.66,89.69,89.6432,89.68,252295,0
TLT.US,5,20260218,162000,89.679,89.69,89.66,89.665,143571,0
TLT.US,5,20260218,162500,89.665,89.67,89.64,89.65,213879,0
TLT.US,5,20260218,163000,89.64,89.6773,89.635,89.675,372202,0
TLT.US,5,20260218,163500,89.67,89.71,89.6627,89.695,199505,0
TLT.US,5,20260218,164000,89.695,89.6999,89.68,89.69,192305,0
TLT.US,5,20260218,164500,89.6899,89.7193,89.6899,89.71,265808,0
TLT.US,5,20260218,165000,89.715,89.745,89.71,89.7101,213420,0
TLT.US,5,20260218,165500,89.71,89.785,89.7,89.785,383937,0
TLT.US,5,20260218,170000,89.79,89.795,89.7623,89.77,321604,0
TLT.US,5,20260218,170500,89.765,89.8074,89.7601,89.8016,153280,0
TLT.US,5,20260218,171000,89.8,89.83,89.79,89.8001,231691,0
TLT.US,5,20260218,171500,89.8,89.81,89.765,89.77,295639,0
TLT.US,5,20260218,172000,89.77,89.8,89.765,89.8,151186,0
TLT.US,5,20260218,172500,89.8,89.81,89.7913,89.81,272753,0
TLT.US,5,20260218,173000,89.81,89.83,89.79,89.79,575690,0
TLT.US,5,20260218,173500,89.785,89.79,89.755,89.755,323823,0
TLT.US,5,20260218,174000,89.76,89.775,89.73,89.765,253935,0
TLT.US,5,20260218,174500,89.765,89.78599,89.76,89.765,332651,0
TLT.US,5,20260218,175000,89.77,89.84,89.76,89.84,351969,0
TLT.US,5,20260218,175500,89.84,89.855,89.795,89.8049,386907,0
TLT.US,5,20260218,180000,89.8,89.83,89.78,89.825,430848,0
TLT.US,5,20260218,180500,89.825,89.84,89.82,89.83,182731,0
TLT.US,5,20260218,181000,89.83,89.84,89.8224,89.8319,141887,0
TLT.US,5,20260218,181500,89.83,89.835,89.8,89.8199,359828,0
TLT.US,5,20260218,182000,89.82,89.86,89.815,89.83,180772,0
TLT.US,5,20260218,182500,89.8294,89.84,89.81,89.825,172708,0
TLT.US,5,20260218,183000,89.82,89.825,89.78,89.78,250404,0
TLT.US,5,20260218,183500,89.78,89.8,89.78,89.79,108931,0
TLT.US,5,20260218,184000,89.79,89.8,89.73,89.73,409890,0
TLT.US,5,20260218,184500,89.7379,89.76,89.71,89.755,180897,0
TLT.US,5,20260218,185000,89.755,89.775,89.745,89.7613,110637,0
TLT.US,5,20260218,185500,89.765,89.77,89.74,89.76,296414,0
TLT.US,5,20260218,190000,89.765,89.765,89.52,89.6,1642971,0
TLT.US,5,20260218,190500,89.595,89.645,89.57,89.63,307149,0
TLT.US,5,20260218,191000,89.64,89.66,89.615,89.6501,309937,0
TLT.US,5,20260218,191500,89.65,89.65,89.61,89.625,193290,0
TLT.US,5,20260218,192000,89.62,89.65,89.61,89.645,314012,0
TLT.US,5,20260218,192500,89.645,89.67,89.63,89.655,234288,0
TLT.US,5,20260218,193000,89.6599,89.66,89.6,89.6,140992,0
TLT.US,5,20260218,193500,89.6023,89.61,89.585,89.5901,241081,0
TLT.US,5,20260218,194000,89.595,89.615,89.57,89.61,273230,0
TLT.US,5,20260218,194500,89.61,89.6199,89.575,89.59,242493,0
TLT.US,5,20260218,195000,89.59,89.59,89.5544,89.565,291636,0
TLT.US,5,20260218,195500,89.57,89.62,89.56,89.6,567675,0
TLT.US,5,20260218,200000,89.59,89.61,89.51,89.6,1148746,0
TLT.US,5,20260218,200500,89.595,89.62,89.555,89.62,432510,0
TLT.US,5,20260218,201000,89.62,89.64,89.6001,89.624,366754,0
TLT.US,5,20260218,201500,89.63,89.66,89.62,89.65,273122,0
TLT.US,5,20260218,202000,89.65,89.65,89.61,89.615,195400,0
TLT.US,5,20260218,202500,89.6134,89.62,89.57,89.57,307997,0
TLT.US,5,20260218,203000,89.5651,89.58,89.53,89.56,492937,0
TLT.US,5,20260218,203500,89.56,89.58,89.55,89.5651,344561,0
TLT.US,5,20260218,204000,89.56,89.58,89.535,89.5587,171528,0
TLT.US,5,20260218,204500,89.56,89.6,89.56,89.59,330268,0
TLT.US,5,20260218,205000,89.59,89.6,89.585,89.59,108015,0
TLT.US,5,20260218,205500,89.595,89.605,89.575,89.575,333245,0
TLT.US,5,20260218,210000,89.57,89.575,89.535,89.545,441931,0
TLT.US,5,20260218,210500,89.545,89.56,89.535,89.545,257869,0
TLT.US,5,20260218,211000,89.545,89.56,89.525,89.55,201701,0
TLT.US,5,20260218,211500,89.555,89.555,89.48,89.505,541084,0
TLT.US,5,20260218,212000,89.51,89.53,89.5,89.5154,286389,0
TLT.US,5,20260218,212500,89.51394,89.515,89.49414,89.495,246020,0
TLT.US,5,20260218,213000,89.495,89.52,89.48,89.51,401791,0
TLT.US,5,20260218,213500,89.515,89.52,89.505,89.51,247151,0
TLT.US,5,20260218,214000,89.51,89.52,89.5,89.515,229551,0
TLT.US,5,20260218,214500,89.515,89.5167,89.485,89.49,383637,0
TLT.US,5,20260218,215000,89.495,89.51,89.47,89.49,754184,0
TLT.US,5,20260218,215500,89.49,89.53,89.485,89.515,1789221,0
TLT.US,5,20260219,153000,89.4,89.4474,89.375,89.4474,584151,0
TLT.US,5,20260219,153500,89.45,89.519,89.405,89.415,627915,0
TLT.US,5,20260219,154000,89.42,89.46,89.42,89.435,501868,0
TLT.US,5,20260219,154500,89.44,89.465,89.4266,89.46,182279,0
TLT.US,5,20260219,155000,89.45,89.46,89.425,89.455,153719,0
TLT.US,5,20260219,155500,89.4502,89.46,89.415,89.45,194768,0
TLT.US,5,20260219,160000,89.45,89.5307,89.45,89.47,497781,0
TLT.US,5,20260219,160500,89.47,89.52,89.445,89.515,337979,0
TLT.US,5,20260219,161000,89.51,89.515,89.46,89.4764,254523,0
TLT.US,5,20260219,161500,89.47,89.495,89.44,89.47,492911,0
TLT.US,5,20260219,162000,89.46,89.49,89.45,89.455,311821,0
TLT.US,5,20260219,162500,89.455,89.48,89.4412,89.465,259154,0
TLT.US,5,20260219,163000,89.47,89.48,89.42,89.4301,215014,0
TLT.US,5,20260219,163500,89.43,89.45,89.4,89.45,235899,0
TLT.US,5,20260219,164000,89.445,89.45,89.39,89.4,202084,0
TLT.US,5,20260219,164500,89.4,89.41,89.365,89.41,339357,0
TLT.US,5,20260219,165000,89.405,89.4399,89.395,89.43615,153611,0
TLT.US,5,20260219,165500,89.435,89.46,89.415,89.45,157921,0
TLT.US,5,20260219,170000,89.455,89.49,89.45,89.4699,238056,0
TLT.US,5,20260219,170500,89.46,89.5,89.46,89.4701,147211,0
TLT.US,5,20260219,171000,89.4701,89.5,89.4699,89.5,239758,0
TLT.US,5,20260219,171500,89.5,89.53,89.49,89.52,329689,0
TLT.US,5,20260219,172000,89.51,89.52,89.5,89.5029,221526,0
TLT.US,5,20260219,172500,89.51,89.52,89.475,89.495,300101,0
TLT.US,5,20260219,173000,89.4901,89.52,89.475,89.475,193099,0
TLT.US,5,20260219,173500,89.48,89.4999,89.4701,89.475,222399,0
TLT.US,5,20260219,174000,89.475,89.48,89.455,89.465,85445,0
TLT.US,5,20260219,174500,89.465,89.49,89.4623,89.465,138397,0
TLT.US,5,20260219,175000,89.4675,89.49,89.4345,89.48,329941,0
TLT.US,5,20260219,175500,89.48,89.49,89.47,89.485,146180,0
TLT.US,5,20260219,180000,89.485,89.5001,89.47,89.49,247404,0
TLT.US,5,20260219,180500,89.5,89.54,89.49,89.54,194660,0
TLT.US,5,20260219,181000,89.5325,89.54,89.5146,89.5201,199478,0
TLT.US,5,20260219,181500,89.525,89.53,89.5,89.525,189512,0
TLT.US,5,20260219,182000,89.525,89.535,89.485,89.495,302610,0
TLT.US,5,20260219,182500,89.495,89.495,89.46418,89.475,384465,0
TLT.US,5,20260219,183000,89.47,89.47,89.44,89.44,186552,0
TLT.US,5,20260219,183500,89.4462,89.47,89.44,89.465,211288,0
TLT.US,5,20260219,184000,89.465,89.47,89.45,89.46,152491,0
TLT.US,5,20260219,184500,89.455,89.47,89.45,89.4563,156048,0
TLT.US,5,20260219,185000,89.45404,89.465,89.4386,89.465,466761,0
TLT.US,5,20260219,185500,89.465,89.475,89.44,89.44,167422,0
TLT.US,5,20260219,190000,89.45,89.565,89.4419,89.565,640634,0
TLT.US,5,20260219,190500,89.565,89.575,89.5124,89.545,307340,0
TLT.US,5,20260219,191000,89.55,89.595,89.54,89.571,308100,0
TLT.US,5,20260219,191500,89.5728,89.615,89.56,89.605,194038,0
TLT.US,5,20260219,192000,89.61,89.645,89.6,89.645,733094,0
TLT.US,5,20260219,192500,89.645,89.66,89.63,89.645,446752,0
TLT.US,5,20260219,193000,89.64,89.65,89.62,89.645,430437,0
TLT.US,5,20260219,193500,89.6497,89.67,89.6401,89.655,356154,0
TLT.US,5,20260219,194000,89.66,89.68,89.65,89.68,132496,0
TLT.US,5,20260219,194500,89.675,89.68,89.64,89.65,226945,0
TLT.US,5,20260219,195000,89.645,89.68,89.64,89.6699,330692,0
TLT.US,5,20260219,195500,89.67,89.69,89.66,89.6601,109171,0
TLT.US,5,20260219,200000,89.66,89.7,89.65,89.68,260076,0
TLT.US,5,20260219,200500,89.685,89.7099,89.68,89.705,123948,0
TLT.US,5,20260219,201000,89.705,89.72,89.7,89.705,189374,0
TLT.US,5,20260219,201500,89.705,89.71,89.665,89.68,246762,0
TLT.US,5,20260219,202000,89.67,89.685,89.65,89.655,122100,0
TLT.US,5,20260219,202500,89.66,89.68,89.6501,89.6765,63597,0
TLT.US,5,20260219,203000,89.677,89.69,89.64,89.64,210830,0
TLT.US,5,20260219,203500,89.63,89.64,89.565,89.57,213706,0
TLT.US,5,20260219,204000,89.57,89.595,89.555,89.595,116233,0
TLT.US,5,20260219,204500,89.59,89.62,89.5735,89.615,387340,0
TLT.US,5,20260219,205000,89.61,89.62,89.6,89.62,93128,0
TLT.US,5,20260219,205500,89.62,89.64,89.61,89.635,176769,0
TLT.US,5,20260219,210000,89.633,89.64,89.62,89.63,512411,0
TLT.US,5,20260219,210500,89.63,89.6499,89.62,89.645,1553197,0
TLT.US,5,20260219,211000,89.6401,89.66,89.63,89.63,84290,0
TLT.US,5,20260219,211500,89.63,89.6399,89.62,89.63,45064,0
TLT.US,5,20260219,212000,89.62,89.63,89.61,89.625,207207,0
TLT.US,5,20260219,212500,89.62,89.63,89.61,89.6237,80921,0
TLT.US,5,20260219,213000,89.6297,89.64,89.62,89.635,139083,0
TLT.US,5,20260219,213500,89.6344,89.645,89.63,89.63,289395,0
TLT.US,5,20260219,214000,89.63,89.64,89.6101,89.62,211303,0
TLT.US,5,20260219,214500,89.62,89.6399,89.62,89.63,288229,0
TLT.US,5,20260219,215000,89.62,89.64,89.62,89.64,359317,0
TLT.US,5,20260219,215500,89.635,89.64,89.6,89.63,2603135,0
TLT.US,5,20260220,153000,89.7,89.71,89.65,89.6699,467771,0
TLT.US,5,20260220,153500,89.6635,89.71,89.65,89.6965,250496,0
TLT.US,5,20260220,154000,89.68,89.7,89.65,89.66,289060,0
TLT.US,5,20260220,154500,89.67,89.74,89.64,89.68,636006,0
TLT.US,5,20260220,155000,89.68,89.69,89.62,89.625,432989,0
TLT.US,5,20260220,155500,89.625,89.6799,89.61,89.63,430168,0
TLT.US,5,20260220,160000,89.63,89.64,89.11,89.3408,2700719,0
TLT.US,5,20260220,160500,89.3499,89.41,89.22,89.27,2301040,0
TLT.US,5,20260220,161000,89.28,89.28,89.03,89.06,2937878,0
TLT.US,5,20260220,161500,89.055,89.1003,88.93,89.1003,2326899,0
TLT.US,5,20260220,162000,89.105,89.2,89.05,89.13,1413024,0
TLT.US,5,20260220,162500,89.1399,89.24,89.12,89.23,805777,0
TLT.US,5,20260220,163000,89.23,89.32,89.16,89.29,1124154,0
TLT.US,5,20260220,163500,89.295,89.355,89.265,89.335,803812,0
TLT.US,5,20260220,164000,89.335,89.4,89.305,89.355,947009,0
TLT.US,5,20260220,164500,89.36,89.365,89.26,89.265,748889,0
TLT.US,5,20260220,165000,89.26,89.28,89.19,89.2001,446495,0
TLT.US,5,20260220,165500,89.2,89.28,89.185,89.185,725100,0
TLT.US,5,20260220,170000,89.185,89.22,89.1113,89.17,597010,0
TLT.US,5,20260220,170500,89.18,89.23,89.16,89.225,335147,0
TLT.US,5,20260220,171000,89.23,89.28,89.22,89.274,469121,0
TLT.US,5,20260220,171500,89.275,89.3531,89.27,89.35,588357,0
TLT.US,5,20260220,172000,89.3499,89.39,89.335,89.385,319772,0
TLT.US,5,20260220,172500,89.38,89.385,89.29,89.305,462708,0
TLT.US,5,20260220,173000,89.3,89.3201,89.26,89.31,320192,0
TLT.US,5,20260220,173500,89.31,89.32,89.245,89.255,279224,0
TLT.US,5,20260220,174000,89.25,89.275,89.195,89.225,544834,0
TLT.US,5,20260220,174500,89.22,89.235,89.195,89.2,266267,0
TLT.US,5,20260220,175000,89.2032,89.225,89.195,89.22,132509,0
TLT.US,5,20260220,175500,89.22,89.22,89.1931,89.2,19891,0
TLT.US,5,20260220,180000,89.2151,89.24,89.2001,89.235,210773,0
TLT.US,5,20260220,180500,89.23,89.235,89.2,89.205,181979,0
TLT.US,5,20260220,181000,89.2,89.22,89.18,89.22,325974,0
TLT.US,5,20260220,181500,89.215,89.3,89.215,89.295,1421257,0
TLT.US,5,20260220,182000,89.3,89.335,89.295,89.3,270211,0
TLT.US,5,20260220,182500,89.3,89.33,89.2906,89.2906,216149,0
TLT.US,5,20260220,183000,89.295,89.295,89.23,89.25,209534,0
TLT.US,5,20260220,183500,89.25,89.27,89.24,89.245,83460,0
TLT.US,5,20260220,184000,89.24,89.28,89.24,89.275,235988,0
TLT.US,5,20260220,184500,89.275,89.285,89.205,89.205,219893,0
TLT.US,5,20260220,185000,89.205,89.23,89.19,89.2,156424,0
TLT.US,5,20260220,185500,89.2,89.22,89.17,89.2014,269214,0
TLT.US,5,20260220,190000,89.2,89.2,89.14,89.155,286857,0
TLT.US,5,20260220,190500,89.155,89.16,89.13,89.15,129115,0
TLT.US,5,20260220,191000,89.15,89.1658,89.131,89.155,260886,0
TLT.US,5,20260220,191500,89.15,89.1999,89.15,89.19,304717,0
TLT.US,5,20260220,192000,89.195,89.23,89.18,89.225,255675,0
TLT.US,5,20260220,192500,89.2287,89.2387,89.19,89.21,146388,0
TLT.US,5,20260220,193000,89.22,89.27,89.215,89.265,398944,0
TLT.US,5,20260220,193500,89.265,89.3899,89.23,89.245,916274,0
TLT.US,5,20260220,194000,89.245,89.27,89.185,89.195,1124839,0
TLT.US,5,20260220,194500,89.2,89.2665,89.2,89.2495,425806,0
TLT.US,5,20260220,195000,89.24,89.31,89.235,89.3099,308860,0
TLT.US,5,20260220,195500,89.305,89.34,89.305,89.315,160968,0
TLT.US,5,20260220,200000,89.285,89.3,89.27,89.2888,183521,0
TLT.US,5,20260220,200500,89.2813,89.285,89.24,89.265,164949,0
TLT.US,5,20260220,201000,89.275,89.34,89.27,89.335,532846,0
TLT.US,5,20260220,201500,89.335,89.395,89.335,89.3901,119630,0
TLT.US,5,20260220,202000,89.39,89.395,89.345,89.365,132782,0
TLT.US,5,20260220,202500,89.36,89.3699,89.34,89.3461,115391,0
TLT.US,5,20260220,203000,89.3499,89.39,89.335,89.38386,174271,0
TLT.US,5,20260220,203500,89.385,89.39,89.33,89.3465,166478,0
TLT.US,5,20260220,204000,89.34,89.345,89.31,89.335,228188,0
TLT.US,5,20260220,204500,89.33,89.34,89.31,89.325,88165,0
TLT.US,5,20260220,205000,89.32,89.35,89.315,89.333,282232,0
TLT.US,5,20260220,205500,89.34,89.3701,89.31,89.36,265008,0
TLT.US,5,20260220,210000,89.36,89.3852,89.35,89.375,191497,0
TLT.US,5,20260220,210500,89.375,89.42,89.375,89.4199,250258,0
TLT.US,5,20260220,211000,89.4183,89.45,89.415,89.43,189821,0
TLT.US,5,20260220,211500,89.4235,89.435,89.41,89.425,347249,0
TLT.US,5,20260220,212000,89.43,89.45,89.41,89.4151,196525,0
TLT.US,5,20260220,212500,89.42,89.425,89.3906,89.4,173764,0
TLT.US,5,20260220,213000,89.395,89.43,89.39,89.43,561862,0
TLT.US,5,20260220,213500,89.42,89.44,89.415,89.4201,205877,0
TLT.US,5,20260220,214000,89.425,89.45,89.42,89.445,272612,0
TLT.US,5,20260220,214500,89.44,89.45,89.43,89.45,141620,0
TLT.US,5,20260220,215000,89.45,89.4565,89.41,89.41,793957,0
TLT.US,5,20260220,215500,89.4101,89.435,89.405,89.41,4343402,0
TLT.US,5,20260223,153000,89.55,89.6,89.53,89.58,785671,0
TLT.US,5,20260223,153500,89.5801,89.635,89.5801,89.62,646269,0
TLT.US,5,20260223,154000,89.62,89.63,89.575,89.615,579670,0
TLT.US,5,20260223,154500,89.615,89.65,89.6002,89.62,375578,0
TLT.US,5,20260223,155000,89.62,89.63,89.55,89.5902,419231,0
TLT.US,5,20260223,155500,89.5953,89.61,89.57,89.6,190834,0
TLT.US,5,20260223,160000,89.6,89.6566,89.6,89.65,303369,0
TLT.US,5,20260223,160500,89.65,89.6599,89.59,89.645,952405,0
TLT.US,5,20260223,161000,89.64,89.65,89.61,89.625,790164,0
TLT.US,5,20260223,161500,89.625,89.64,89.6,89.61,269114,0
TLT.US,5,20260223,162000,89.61,89.63,89.59,89.625,319016,0
TLT.US,5,20260223,162500,89.625,89.66,89.62,89.65,436737,0
TLT.US,5,20260223,163000,89.65,89.685,89.63,89.6499,952257,0
TLT.US,5,20260223,163500,89.645,89.675,89.64,89.65,233156,0
TLT.US,5,20260223,164000,89.66,89.74,89.65,89.7385,531887,0
TLT.US,5,20260223,164500,89.74,89.74,89.69,89.7,367406,0
TLT.US,5,20260223,165000,89.7,89.75,89.695,89.74,523464,0
TLT.US,5,20260223,165500,89.7399,89.81,89.7341,89.795,682915,0
TLT.US,5,20260223,170000,89.7999,89.8951,89.78,89.885,571972,0
TLT.US,5,20260223,170500,89.88,89.95,89.88,89.9285,665742,0
TLT.US,5,20260223,171000,89.92,89.935,89.875,89.9199,581618,0
TLT.US,5,20260223,171500,89.915,89.94,89.9,89.9001,739146,0
TLT.US,5,20260223,172000,89.905,89.91,89.87,89.88,497444,0
TLT.US,5,20260223,172500,89.88,89.8899,89.843,89.87,457569,0
TLT.US,5,20260223,173000,89.875,89.9,89.855,89.86,277351,0
TLT.US,5,20260223,173500,89.86,89.9012,89.86,89.9001,454375,0
TLT.US,5,20260223,174000,89.905,89.9099,89.8729,89.88,330034,0
TLT.US,5,20260223,174500,89.875,89.91,89.87,89.89,356592,0
TLT.US,5,20260223,175000,89.885,89.925,89.8701,89.92,204454,0
TLT.US,5,20260223,175500,89.925,89.93,89.9,89.925,223626,0
TLT.US,5,20260223,180000,89.92,89.96,89.92,89.95,374197,0
TLT.US,5,20260223,180500,89.955,89.96,89.89,89.915,684533,0
TLT.US,5,20260223,181000,89.91,89.925,89.895,89.9066,225988,0
TLT.US,5,20260223,181500,89.905,89.905,89.87,89.8942,248419,0
TLT.US,5,20260223,182000,89.895,89.91,89.89,89.9003,180346,0
TLT.US,5,20260223,182500,89.905,89.94,89.9,89.935,135384,0
TLT.US,5,20260223,183000,89.935,89.945,89.895,89.91,178761,0
TLT.US,5,20260223,183500,89.905,89.97,89.8926,89.955,320193,0
TLT.US,5,20260223,184000,89.955,90,89.94,89.995,299128,0
TLT.US,5,20260223,184500,89.99,90,89.965,89.98,277721,0
TLT.US,5,20260223,185000,89.9799,90,89.96,89.96,324793,0
TLT.US,5,20260223,185500,89.955,89.96,89.915,89.94,192275,0
TLT.US,5,20260223,190000,89.94,89.9494,89.89,89.905,237363,0
TLT.US,5,20260223,190500,89.91,89.92,89.903,89.915,39276,0
TLT.US,5,20260223,191000,89.915,89.9199,89.89,89.895,131018,0
TLT.US,5,20260223,191500,89.89,89.92,89.89,89.905,84019,0
TLT.US,5,20260223,192000,89.905,89.91,89.88,89.8879,34571,0
TLT.US,5,20260223,192500,89.89,89.92,89.88,89.9069,161065,0
TLT.US,5,20260223,193000,89.905,89.92,89.885,89.92,75745,0
TLT.US,5,20260223,193500,89.92,89.95,89.915,89.95,261035,0
TLT.US,5,20260223,194000,89.9499,89.95,89.91,89.91,149079,0
TLT.US,5,20260223,194500,89.9197,89.9197,89.87,89.885,268353,0
TLT.US,5,20260223,195000,89.8868,89.91,89.885,89.905,148684,0
TLT.US,5,20260223,195500,89.9045,89.93838,89.9,89.925,211001,0
TLT.US,5,20260223,200000,89.925,89.93,89.9,89.9097,142876,0
TLT.US,5,20260223,200500,89.91,89.92,89.895,89.905,378327,0
TLT.US,5,20260223,201000,89.91,89.91,89.87,89.885,110653,0
TLT.US,5,20260223,201500,89.885,89.885,89.85,89.8675,410672,0
TLT.US,5,20260223,202000,89.865,89.865,89.84,89.84,70324,0
TLT.US,5,20260223,202500,89.845,89.85,89.79,89.79,86232,0
TLT.US,5,20260223,203000,89.79,89.8,89.7601,89.7601,602203,0
TLT.US,5,20260223,203500,89.7633,89.785,89.75,89.775,146424,0
TLT.US,5,20260223,204000,89.77,89.83,89.76,89.825,219795,0
TLT.US,5,20260223,204500,89.8251,89.83,89.7937,89.825,298495,0
TLT.US,5,20260223,205000,89.825,89.85,89.82,89.85,87218,0
TLT.US,5,20260223,205500,89.84,89.855,89.805,89.82,393667,0
TLT.US,5,20260223,210000,89.825,89.84,89.815,89.82,134386,0
TLT.US,5,20260223,210500,89.82,89.82,89.79,89.795,240842,0
TLT.US,5,20260223,211000,89.8,89.82,89.79,89.814,53287,0
TLT.US,5,20260223,211500,89.815,89.8199,89.78,89.785,118764,0
TLT.US,5,20260223,212000,89.79,89.79,89.735,89.7473,225926,0
TLT.US,5,20260223,212500,89.74,89.77,89.72,89.725,450571,0
TLT.US,5,20260223,213000,89.725,89.75,89.695,89.73,795894,0
TLT.US,5,20260223,213500,89.73,89.75,89.715,89.745,227505,0
TLT.US,5,20260223,214000,89.745,89.76,89.73,89.735,226969,0
TLT.US,5,20260223,214500,89.74,89.74,89.715,89.735,148364,0
TLT.US,5,20260223,215000,89.745,89.75,89.71,89.715,372457,0
TLT.US,5,20260223,215500,89.715,89.765,89.69,89.73,1450922,0
TLT.US,5,20260224,153000,89.945,89.95,89.87,89.935,907332,0
TLT.US,5,20260224,153500,89.94,90.02,89.92,89.965,854347,0
TLT.US,5,20260224,154000,89.9602,89.9602,89.81,89.81,589304,0
TLT.US,5,20260224,154500,89.81,89.84,89.76,89.82,827433,0
TLT.US,5,20260224,155000,89.82,89.885,89.805,89.865,380193,0
TLT.US,5,20260224,155500,89.865,89.9,89.86,89.88,478458,0
TLT.US,5,20260224,160000,89.87,89.89,89.825,89.88,592246,0
TLT.US,5,20260224,160500,89.88,89.8855,89.835,89.87,322766,0
TLT.US,5,20260224,161000,89.87,89.92,89.86,89.8901,248057,0
TLT.US,5,20260224,161500,89.89,89.92,89.86,89.89,324661,0
TLT.US,5,20260224,162000,89.9,89.9,89.86,89.86,378787,0
TLT.US,5,20260224,162500,89.855,89.875,89.83,89.865,667993,0
TLT.US,5,20260224,163000,89.86,89.925,89.85,89.91,412243,0
TLT.US,5,20260224,163500,89.905,89.93,89.875,89.8901,233633,0
TLT.US,5,20260224,164000,89.895,89.92,89.8601,89.865,292661,0
TLT.US,5,20260224,164500,89.87,89.91,89.87,89.905,271135,0
TLT.US,5,20260224,165000,89.905,89.95,89.905,89.933,229783,0
TLT.US,5,20260224,165500,89.9371,89.945,89.915,89.93,308862,0
TLT.US,5,20260224,170000,89.94,90.01,89.93,90.0002,428391,0
TLT.US,5,20260224,170500,90.005,90.05,89.975,90.005,508474,0
TLT.US,5,20260224,171000,90.005,90.02,89.9201,89.9201,501308,0
TLT.US,5,20260224,171500,89.925,89.9616,89.895,89.955,297493,0
TLT.US,5,20260224,172000,89.9545,89.985,89.9545,89.975,191824,0
TLT.US,5,20260224,172500,89.98,89.98,89.95,89.955,283238,0
TLT.US,5,20260224,173000,89.955,89.98,89.95,89.98,243911,0
TLT.US,5,20260224,173500,89.975,89.975,89.94,89.96,241010,0
TLT.US,5,20260224,174000,89.96,89.98,89.955,89.965,117983,0
TLT.US,5,20260224,174500,89.965,89.99,89.96,89.985,93428,0
TLT.US,5,20260224,175000,89.99,89.99,89.94,89.95,326219,0
TLT.US,5,20260224,175500,89.945,89.9868,89.94,89.97,161371,0
TLT.US,5,20260224,180000,89.975,89.9765,89.955,89.975,125249,0
TLT.US,5,20260224,180500,89.97,89.98,89.9601,89.97,142109,0
TLT.US,5,20260224,181000,89.97,89.97,89.92,89.925,161952,0
TLT.US,5,20260224,181500,89.925,89.925,89.88,89.8909,306928,0
TLT.US,5,20260224,182000,89.895,89.9,89.8809,89.895,537073,0
TLT.US,5,20260224,182500,89.895,89.8965,89.89,89.895,4250,0
TLT.US,5,20260224,183000,89.905,89.92,89.9,89.915,23151,0
TLT.US,5,20260224,183500,89.895,89.915,89.895,89.915,5052,0
TLT.US,5,20260224,184000,89.935,89.97,89.93,89.965,21831,0
TLT.US,5,20260224,184500,89.985,89.99,89.975,89.985,42613,0
TLT.US,5,20260224,185000,89.985,89.99,89.945,89.945,13966,0
TLT.US,5,20260224,185500,89.93,89.945,89.93,89.935,15037,0
TLT.US,5,20260224,190000,89.935,89.94,89.905,89.905,4962,0
TLT.US,5,20260224,190500,89.9192,89.935,89.9192,89.934,1149,0
TLT.US,5,20260224,191000,89.9355,89.9355,89.92,89.92,700,0
TLT.US,5,20260224,191500,89.915,89.92,89.915,89.92,780,0
TLT.US,5,20260224,192000,89.9121,89.94,89.91,89.9331,87306,0
TLT.US,5,20260224,192500,89.94,89.97,89.93,89.95,167339,0
TLT.US,5,20260224,193000,89.9501,89.987,89.94,89.95,188816,0
TLT.US,5,20260224,193500,89.945,89.95,89.925,89.925,120052,0
TLT.US,5,20260224,194000,89.93,89.96,89.92,89.955,82959,0
TLT.US,5,20260224,194500,89.95,89.98,89.95,89.975,102844,0
TLT.US,5,20260224,195000,89.975,89.98,89.95,89.955,178627,0
TLT.US,5,20260224,195500,89.955,90,89.9401,89.98,160754,0
TLT.US,5,20260224,200000,89.975,89.99,89.9401,89.945,247076,0
TLT.US,5,20260224,200500,89.945,89.95,89.93,89.9499,186172,0
TLT.US,5,20260224,201000,89.95,89.9599,89.9101,89.92,185919,0
TLT.US,5,20260224,201500,89.915,89.94,89.915,89.9284,149144,0
TLT.US,5,20260224,202000,89.93,89.94,89.9,89.91,117240,0
TLT.US,5,20260224,202500,89.905,89.945,89.885,89.93,250170,0
TLT.US,5,20260224,203000,89.9251,89.945,89.91,89.91,192499,0
TLT.US,5,20260224,203500,89.91,89.92,89.895,89.9028,105779,0
TLT.US,5,20260224,204000,89.905,89.9099,89.88,89.895,119205,0
TLT.US,5,20260224,204500,89.89154,89.895,89.86,89.865,136415,0
TLT.US,5,20260224,205000,89.8699,89.88,89.85,89.88,128081,0
TLT.US,5,20260224,205500,89.885,89.91,89.885,89.91,154236,0
TLT.US,5,20260224,210000,89.905,89.94,89.905,89.93,251652,0
TLT.US,5,20260224,210500,89.935,89.94,89.92,89.93,140061,0
TLT.US,5,20260224,211000,89.9265,89.9275,89.885,89.885,221121,0
TLT.US,5,20260224,211500,89.885,89.885,89.825,89.845,238939,0
TLT.US,5,20260224,212000,89.845,89.85,89.8,89.8165,367564,0
TLT.US,5,20260224,212500,89.81,89.815,89.78,89.7874,203256,0
TLT.US,5,20260224,213000,89.79,89.83,89.785,89.8184,270205,0
TLT.US,5,20260224,213500,89.82,89.83,89.8,89.815,259757,0
TLT.US,5,20260224,214000,89.8101,89.82,89.795,89.8,376873,0
TLT.US,5,20260224,214500,89.8,89.8366,89.7901,89.835,219105,0
TLT.US,5,20260224,215000,89.835,89.84,89.8226,89.84,293345,0
TLT.US,5,20260224,215500,89.84,89.91,89.83,89.89,1345082,0
TLT.US,5,20260225,153000,89.71,89.76,89.71,89.755,346596,0
TLT.US,5,20260225,153500,89.75,89.77,89.725,89.74,212694,0
TLT.US,5,20260225,154000,89.735,89.7987,89.735,89.78,256048,0
TLT.US,5,20260225,154500,89.785,89.785,89.74,89.7601,247064,0
TLT.US,5,20260225,155000,89.765,89.7663,89.71,89.7372,252234,0
TLT.US,5,20260225,155500,89.73,89.756,89.72,89.725,291626,0
TLT.US,5,20260225,160000,89.725,89.76,89.725,89.75,261945,0
TLT.US,5,20260225,160500,89.745,89.8,89.745,89.8,249224,0
TLT.US,5,20260225,161000,89.795,89.82,89.7801,89.81,313465,0
TLT.US,5,20260225,161500,89.8,89.825,89.8,89.81,347008,0
TLT.US,5,20260225,162000,89.81,89.82,89.78,89.78,298956,0
TLT.US,5,20260225,162500,89.77,89.8,89.76,89.775,321365,0
TLT.US,5,20260225,163000,89.78,89.855,89.78,89.855,310905,0
TLT.US,5,20260225,163500,89.855,89.8779,89.84,89.855,609047,0
TLT.US,5,20260225,164000,89.85,89.86,89.84,89.86,232660,0
TLT.US,5,20260225,164500,89.865,89.87,89.82,89.825,123494,0
TLT.US,5,20260225,165000,89.825,89.835,89.7901,89.7901,396113,0
TLT.US,5,20260225,165500,89.8,89.87,89.794,89.86,155645,0
TLT.US,5,20260225,170000,89.87,89.89,89.85,89.875,195663,0
TLT.US,5,20260225,170500,89.87,89.89,89.8601,89.8601,80017,0
TLT.US,5,20260225,171000,89.865,89.89,89.85,89.88,134123,0
TLT.US,5,20260225,171500,89.885,89.91,89.8701,89.88,162584,0
TLT.US,5,20260225,172000,89.88,89.91,89.875,89.89402,335784,0
TLT.US,5,20260225,172500,89.89,89.92,89.89,89.92,128507,0
TLT.US,5,20260225,173000,89.925,89.96,89.92,89.95,101467,0
TLT.US,5,20260225,173500,89.94,89.95,89.94,89.9499,214358,0
TLT.US,5,20260225,174000,89.95,90,89.95,89.985,171710,0
TLT.US,5,20260225,174500,89.985,90.01,89.98,89.985,354842,0
TLT.US,5,20260225,175000,89.9865,89.9865,89.9439,89.945,173466,0
TLT.US,5,20260225,175500,89.95,89.9569,89.945,89.9551,70281,0
TLT.US,5,20260225,180000,89.96,90.02,89.96,90.016,163482,0
TLT.US,5,20260225,180500,90.015,90.07,90.01,90.055,94307,0
TLT.US,5,20260225,181000,90.055,90.0699,90.01,90.0299,316382,0
TLT.US,5,20260225,181500,90.03,90.06,90.03,90.035,191991,0
TLT.US,5,20260225,182000,90.04,90.07,90.04,90.045,169390,0
TLT.US,5,20260225,182500,90.0499,90.06,90.03,90.055,307078,0
TLT.US,5,20260225,183000,90.0532,90.055,90.015,90.035,241274,0
TLT.US,5,20260225,183500,90.0331,90.04,90.0101,90.03,149079,0
TLT.US,5,20260225,184000,90.025,90.06,90.02,90.05,82197,0
TLT.US,5,20260225,184500,90.0569,90.08,90.045,90.065,223724,0
TLT.US,5,20260225,185000,90.065,90.07,90.03,90.04,314356,0
TLT.US,5,20260225,185500,90.04,90.06,90.04,90.055,171576,0
TLT.US,5,20260225,190000,90.05,90.065,90.015,90.05862,326979,0
TLT.US,5,20260225,190500,90.05,90.05,90.0127,90.015,236992,0
TLT.US,5,20260225,191000,90.016,90.05,90.0101,90.045,175433,0
TLT.US,5,20260225,191500,90.04,90.05,90.025,90.0305,110861,0
TLT.US,5,20260225,192000,90.035,90.0383,90.02,90.025,274438,0
TLT.US,5,20260225,192500,90.02,90.03,89.9921,90.01,321635,0
TLT.US,5,20260225,193000,90.01,90.0153,89.985,89.995,170705,0
TLT.US,5,20260225,193500,89.99,90.0093,89.99,90.005,102906,0
TLT.US,5,20260225,194000,90,90.01,89.98,89.995,224750,0
TLT.US,5,20260225,194500,89.991,89.9974,89.96,89.965,204561,0
TLT.US,5,20260225,195000,89.9697,89.99,89.94,89.9409,364314,0
TLT.US,5,20260225,195500,89.94,89.95,89.91,89.91,374210,0
TLT.US,5,20260225,200000,89.91,89.94595,89.875,89.94595,792136,0
TLT.US,5,20260225,200500,89.94,89.95,89.93,89.94,94340,0
TLT.US,5,20260225,201000,89.94,89.94,89.9299,89.93405,99930,0
TLT.US,5,20260225,201500,89.935,89.94,89.8838,89.885,261932,0
TLT.US,5,20260225,202000,89.885,89.895,89.87,89.88,243025,0
TLT.US,5,20260225,202500,89.8823,89.9099,89.88,89.88,207886,0
TLT.US,5,20260225,203000,89.88,89.8899,89.86,89.86,62798,0
TLT.US,5,20260225,203500,89.86,89.87,89.85,89.85,183411,0
TLT.US,5,20260225,204000,89.8501,89.9,89.85,89.89,151203,0
TLT.US,5,20260225,204500,89.89,89.89,89.84,89.8499,455733,0
TLT.US,5,20260225,205000,89.845,89.87,89.8401,89.8635,153515,0
TLT.US,5,20260225,205500,89.865,89.875,89.85,89.86,266432,0
TLT.US,5,20260225,210000,89.86,89.8659,89.8377,89.845,254841,0
TLT.US,5,20260225,210500,89.85,89.85,89.83,89.835,69477,0
TLT.US,5,20260225,211000,89.835,89.838,89.82,89.835,142631,0
TLT.US,5,20260225,211500,89.835,89.845,89.8201,89.845,133112,0
TLT.US,5,20260225,212000,89.845,89.8582,89.82,89.845,145934,0
TLT.US,5,20260225,212500,89.84,89.85,89.83,89.845,142899,0
TLT.US,5,20260225,213000,89.845,89.85,89.8301,89.845,142258,0
TLT.US,5,20260225,213500,89.84,89.89,89.84,89.8799,313050,0
TLT.US,5,20260225,214000,89.875,89.89,89.86,89.86,139735,0
TLT.US,5,20260225,214500,89.8642,89.89,89.86,89.8701,211016,0
TLT.US,5,20260225,215000,89.88,89.89,89.86,89.89,331909,0
TLT.US,5,20260225,215500,89.89,89.91,89.85,89.89,2920467,0
TLT.US,5,20260226,154500,90.16,90.18,90.145,90.17,175075,0
TLT.US,5,20260226,155000,90.16,90.1987,90.155,90.185,202298,0
TLT.US,5,20260226,155500,90.185,90.2,90.15,90.155,264268,0
TLT.US,5,20260226,160000,90.155,90.2,90.145,90.15,378569,0
TLT.US,5,20260226,160500,90.16,90.17,90.13,90.145,496949,0
TLT.US,5,20260226,161000,90.145,90.195,90.135,90.195,348866,0
TLT.US,5,20260226,161500,90.2,90.23,90.175,90.2199,646061,0
TLT.US,5,20260226,162000,90.22,90.22,90.19,90.21,326117,0
TLT.US,5,20260226,162500,90.21,90.21,90.14,90.1401,474551,0
TLT.US,5,20260226,163000,90.15,90.2,90.145,90.185,260964,0
TLT.US,5,20260226,163500,90.185,90.19,90.1,90.11,449414,0
TLT.US,5,20260226,164000,90.11,90.12,90.06,90.09,535791,0
TLT.US,5,20260226,164500,90.08,90.1,90.06,90.0692,280177,0
TLT.US,5,20260226,165000,90.065,90.075,90.05,90.06,281893,0
TLT.US,5,20260226,165500,90.06,90.11,90.0548,90.095,274570,0
TLT.US,5,20260226,170000,90.1,90.1168,90.0701,90.085,395607,0
TLT.US,5,20260226,170500,90.085,90.1176,90.0725,90.1099,419778,0
TLT.US,5,20260226,171000,90.105,90.14,90.105,90.11,302396,0
TLT.US,5,20260226,171500,90.115,90.14,90.1,90.115,258483,0
TLT.US,5,20260226,172000,90.12,90.1301,90.09,90.11,390612,0
TLT.US,5,20260226,172500,90.105,90.11,90.08,90.1,269213,0
TLT.US,5,20260226,173000,90.1073,90.12,90.09,90.1,217674,0
TLT.US,5,20260226,173500,90.1,90.145,90.1,90.135,146112,0
TLT.US,5,20260226,174000,90.14,90.17,90.13,90.155,305877,0
TLT.US,5,20260226,174500,90.16,90.18,90.14,90.1499,245633,0
TLT.US,5,20260226,175000,90.15,90.16,90.1301,90.14,211963,0
TLT.US,5,20260226,175500,90.135,90.14,90.11,90.115,181940,0
TLT.US,5,20260226,180000,90.11,90.13,90.09,90.1006,517341,0
TLT.US,5,20260226,180500,90.11,90.11,90.08,90.095,318280,0
TLT.US,5,20260226,181000,90.095,90.12,90.09,90.115,162777,0
TLT.US,5,20260226,181500,90.115,90.125,90.11,90.11,123555,0
TLT.US,5,20260226,182000,90.1163,90.13,90.08,90.08,136600,0
TLT.US,5,20260226,182500,90.085,90.1,90.08,90.0875,145615,0
TLT.US,5,20260226,183000,90.085,90.09,90.075,90.085,102082,0
TLT.US,5,20260226,183500,90.085,90.12,90.08,90.0893,561436,0
TLT.US,5,20260226,184000,90.085,90.12,90.0845,90.1163,156927,0
TLT.US,5,20260226,184500,90.1151,90.15,90.1,90.135,236780,0
TLT.US,5,20260226,185000,90.13,90.145,90.115,90.13,78868,0
TLT.US,5,20260226,185500,90.14,90.1499,90.12,90.14,99926,0
TLT.US,5,20260226,190000,90.13,90.18,90.12,90.17,267434,0
TLT.US,5,20260226,190500,90.17,90.2,90.155,90.19,410241,0
TLT.US,5,20260226,191000,90.19,90.2,90.16,90.19,315457,0
TLT.US,5,20260226,191500,90.195,90.2,90.181,90.195,99908,0
TLT.US,5,20260226,192000,90.2,90.2,90.175,90.175,145254,0
TLT.US,5,20260226,192500,90.1755,90.18,90.15,90.155,219122,0
TLT.US,5,20260226,193000,90.16,90.17,90.125,90.155,560432,0
TLT.US,5,20260226,193500,90.155,90.16,90.14,90.1401,431891,0
TLT.US,5,20260226,194000,90.12,90.14,90.12,90.1326,33718,0
TLT.US,5,20260226,194500,90.125,90.1399,90.125,90.135,28687,0
TLT.US,5,20260226,200500,90.175,90.1774,90.1644,90.17,62165,0
TLT.US,5,20260226,201000,90.16,90.17,90.15,90.165,260932,0
TLT.US,5,20260226,201500,90.165,90.2,90.165,90.195,176107,0
TLT.US,5,20260226,202000,90.195,90.23,90.195,90.2006,416781,0
TLT.US,5,20260226,202500,90.2,90.2,90.18,90.185,191951,0
TLT.US,5,20260226,203000,90.185,90.2,90.155,90.175,301993,0
TLT.US,5,20260226,203500,90.175,90.19,90.17,90.185,71979,0
TLT.US,5,20260226,204000,90.185,90.22,90.1827,90.22,167055,0
TLT.US,5,20260226,204500,90.22,90.23,90.21,90.23,176303,0
TLT.US,5,20260226,205000,90.23,90.23,90.21,90.23,104053,0
TLT.US,5,20260226,205500,90.225,90.24,90.21,90.22,298366,0
TLT.US,5,20260226,210000,90.2289,90.25,90.225,90.2425,164791,0
TLT.US,5,20260226,210500,90.245,90.25,90.23,90.235,104046,0
TLT.US,5,20260226,211000,90.235,90.25,90.23,90.245,214701,0
TLT.US,5,20260226,211500,90.25,90.27,90.245,90.265,460740,0
TLT.US,5,20260226,212000,90.27,90.29,90.26,90.285,105723,0
TLT.US,5,20260226,212500,90.285,90.29,90.26,90.265,155468,0
TLT.US,5,20260226,213000,90.27,90.27,90.25,90.255,136680,0
TLT.US,5,20260226,213500,90.255,90.3,90.25,90.2875,562873,0
TLT.US,5,20260226,214000,90.29,90.3,90.285,90.2957,128673,0
TLT.US,5,20260226,214500,90.29,90.32,90.28,90.315,615794,0
TLT.US,5,20260226,215000,90.31,90.32,90.27,90.285,666209,0
TLT.US,5,20260226,215500,90.29,90.295,90.26,90.26,1349073,0
TLT.US,5,20260227,153000,90.685,90.69,90.63,90.675,845832,0
TLT.US,5,20260227,153500,90.68,90.71,90.67,90.68,775871,0
TLT.US,5,20260227,154000,90.685,90.73,90.67,90.72,794247,0
TLT.US,5,20260227,154500,90.725,90.73,90.66,90.67,461280,0
TLT.US,5,20260227,155000,90.665,90.7,90.66,90.68,307975,0
TLT.US,5,20260227,155500,90.685,90.69,90.66,90.68,327900,0
TLT.US,5,20260227,160000,90.675,90.7,90.64,90.67,579815,0
TLT.US,5,20260227,160500,90.665,90.67,90.6,90.605,467138,0
TLT.US,5,20260227,161000,90.605,90.63,90.59,90.61,689670,0
TLT.US,5,20260227,161500,90.605,90.62,90.58,90.605,607610,0
TLT.US,5,20260227,162000,90.6,90.62,90.59,90.6026,3306862,0
TLT.US,5,20260227,162500,90.6,90.64,90.6,90.628,461716,0
TLT.US,5,20260227,163000,90.62,90.66,90.61,90.6533,519385,0
TLT.US,5,20260227,163500,90.655,90.66,90.61,90.61,278613,0
TLT.US,5,20260227,164000,90.61,90.645,90.58,90.58,475292,0
TLT.US,5,20260227,164500,90.585,90.59,90.55,90.575,506462,0
TLT.US,5,20260227,165000,90.58,90.63,90.57,90.625,244498,0
TLT.US,5,20260227,165500,90.625,90.6561,90.61,90.6561,522537,0
TLT.US,5,20260227,170000,90.655,90.69,90.63,90.65,734698,0
TLT.US,5,20260227,170500,90.64,90.6705,90.64,90.645,330980,0
TLT.US,5,20260227,171000,90.645,90.69,90.64,90.67,380677,0
TLT.US,5,20260227,171500,90.68,90.69,90.65,90.66,197195,0
TLT.US,5,20260227,172000,90.66,90.67,90.64,90.665,400611,0
TLT.US,5,20260227,172500,90.665,90.745,90.655,90.745,352349,0
TLT.US,5,20260227,173000,90.745,90.755,90.71,90.7308,332355,0
TLT.US,5,20260227,173500,90.735,90.78,90.725,90.775,317704,0
TLT.US,5,20260227,174000,90.78,90.82,90.775,90.79,444192,0
TLT.US,5,20260227,174500,90.795,90.81,90.774,90.785,188586,0
TLT.US,5,20260227,175000,90.7803,90.8,90.76,90.775,385461,0
TLT.US,5,20260227,175500,90.78,90.79,90.77,90.78,227659,0
TLT.US,5,20260227,180000,90.785,90.785,90.7337,90.755,459211,0
TLT.US,5,20260227,180500,90.755,90.765,90.735,90.755,316203,0
TLT.US,5,20260227,181000,90.75,90.755,90.73,90.745,278720,0
TLT.US,5,20260227,181500,90.74,90.74,90.6738,90.7099,279585,0
TLT.US,5,20260227,182000,90.71,90.76,90.705,90.75,562550,0
TLT.US,5,20260227,182500,90.75,90.78,90.7437,90.755,114002,0
TLT.US,5,20260227,183000,90.755,90.78,90.74,90.775,438409,0
TLT.US,5,20260227,183500,90.78,90.79,90.75,90.765,408883,0
TLT.US,5,20260227,184000,90.7687,90.77,90.72,90.73,282316,0
TLT.US,5,20260227,184500,90.725,90.73,90.69,90.714,345234,0
TLT.US,5,20260227,185000,90.72,90.73,90.68,90.685,284847,0
TLT.US,5,20260227,185500,90.68,90.73,90.6701,90.725,445513,0
TLT.US,5,20260227,190000,90.73,90.75,90.7297,90.75,319251,0
TLT.US,5,20260227,190500,90.745,90.75,90.7184,90.725,202777,0
TLT.US,5,20260227,191000,90.725,90.75,90.72,90.75,270698,0
TLT.US,5,20260227,191500,90.7401,90.7681,90.73,90.7681,262933,0
TLT.US,5,20260227,192000,90.7699,90.78,90.755,90.775,221086,0
TLT.US,5,20260227,192500,90.7799,90.78,90.7401,90.745,295883,0
TLT.US,5,20260227,193000,90.745,90.76,90.74,90.7537,359786,0
TLT.US,5,20260227,193500,90.7599,90.76,90.7243,90.7301,394532,0
TLT.US,5,20260227,194000,90.74,90.76,90.7301,90.755,251209,0
TLT.US,5,20260227,194500,90.7534,90.78,90.7534,90.78,234688,0
TLT.US,5,20260227,195000,90.775,90.8,90.77,90.775,555346,0
TLT.US,5,20260227,195500,90.775,90.8,90.77,90.8,555971,0
TLT.US,5,20260227,200000,90.795,90.82,90.77,90.805,844460,0
TLT.US,5,20260227,200500,90.805,90.805,90.78,90.785,598263,0
TLT.US,5,20260227,201000,90.785,90.805,90.78,90.8,316144,0
TLT.US,5,20260227,201500,90.8,90.82,90.795,90.82,477177,0
TLT.US,5,20260227,202000,90.82,90.86,90.8131,90.84,990895,0
TLT.US,5,20260227,202500,90.83,90.84,90.79,90.7936,227997,0
TLT.US,5,20260227,203000,90.79,90.8,90.76,90.76,649216,0
TLT.US,5,20260227,203500,90.765,90.78,90.76,90.76,419816,0
TLT.US,5,20260227,204000,90.76,90.8,90.76,90.8,424858,0
TLT.US,5,20260227,204500,90.79,90.8,90.79,90.79,294509,0
TLT.US,5,20260227,205000,90.795,90.8,90.7626,90.77,324539,0
TLT.US,5,20260227,205500,90.77,90.79,90.76,90.77,791184,0
TLT.US,5,20260227,210000,90.775,90.785,90.74,90.76,996038,0
TLT.US,5,20260227,210500,90.765,90.78,90.76,90.78,364824,0
TLT.US,5,20260227,211000,90.77,90.7851,90.765,90.765,414950,0
TLT.US,5,20260227,211500,90.765,90.765,90.72,90.725,480623,0
TLT.US,5,20260227,212000,90.725,90.73,90.71,90.725,420100,0
TLT.US,5,20260227,212500,90.725,90.7464,90.72,90.745,173451,0
TLT.US,5,20260227,213000,90.74,90.79,90.74,90.775,324496,0
TLT.US,5,20260227,213500,90.7755,90.78,90.75,90.775,287155,0
TLT.US,5,20260227,214000,90.775,90.79,90.77,90.785,303143,0
TLT.US,5,20260227,214500,90.78,90.79,90.78,90.785,273861,0
TLT.US,5,20260227,215000,90.785,90.79,90.74,90.745,876585,0
TLT.US,5,20260227,215500,90.74,90.82,90.74,90.78,5086324,0
TLT.US,5,20260302,153000,89.97,89.985,89.85,89.86,807359,0
TLT.US,5,20260302,153500,89.84,89.88,89.78,89.825,2838813,0
TLT.US,5,20260302,154000,89.825,89.8351,89.775,89.785,593326,0
TLT.US,5,20260302,154500,89.785,89.805,89.76,89.785,1012179,0
TLT.US,5,20260302,155000,89.785,89.81,89.76,89.79,804628,0
TLT.US,5,20260302,155500,89.785,89.81,89.7631,89.795,948164,0
TLT.US,5,20260302,160000,89.79,89.795,89.55,89.65,2220728,0
TLT.US,5,20260302,160500,89.655,89.71,89.65,89.665,721346,0
TLT.US,5,20260302,161000,89.66,89.725,89.645,89.651,783933,0
TLT.US,5,20260302,161500,89.65,89.695,89.57,89.685,937073,0
TLT.US,5,20260302,162000,89.69,89.71,89.64,89.695,520770,0
TLT.US,5,20260302,162500,89.695,89.735,89.68,89.73,409749,0
TLT.US,5,20260302,163000,89.73,89.74,89.66,89.6799,537825,0
TLT.US,5,20260302,163500,89.675,89.691,89.605,89.64,460637,0
TLT.US,5,20260302,164000,89.645,89.66,89.61,89.62,435758,0
TLT.US,5,20260302,164500,89.621,89.63,89.585,89.62361,442662,0
TLT.US,5,20260302,165000,89.6237,89.66,89.61,89.64,456143,0
TLT.US,5,20260302,165500,89.64,89.67,89.57,89.64,945932,0
TLT.US,5,20260302,170000,89.645,89.655,89.6,89.605,566149,0
TLT.US,5,20260302,170500,89.6093,89.62,89.55,89.565,561887,0
TLT.US,5,20260302,171000,89.565,89.6,89.525,89.5801,583290,0
TLT.US,5,20260302,171500,89.585,89.591,89.495,89.4972,603581,0
TLT.US,5,20260302,172000,89.495,89.5299,89.46,89.5,686227,0
TLT.US,5,20260302,172500,89.5,89.565,89.495,89.56,699686,0
TLT.US,5,20260302,173000,89.56,89.5871,89.5301,89.5301,904269,0
TLT.US,5,20260302,173500,89.535,89.545,89.49,89.505,672076,0
TLT.US,5,20260302,174000,89.5069,89.5199,89.49,89.51,476321,0
TLT.US,5,20260302,174500,89.505,89.595,89.495,89.59,656395,0
TLT.US,5,20260302,175000,89.59,89.595,89.52,89.5387,377495,0
TLT.US,5,20260302,175500,89.535,89.57,89.505,89.51,547362,0
TLT.US,5,20260302,180000,89.51,89.56,89.505,89.545,379811,0
TLT.US,5,20260302,180500,89.5474,89.5474,89.4601,89.465,307260,0
TLT.US,5,20260302,181000,89.464,89.48,89.42,89.45,664352,0
TLT.US,5,20260302,181500,89.455,89.455,89.385,89.4151,470655,0
TLT.US,5,20260302,182000,89.415,89.415,89.36,89.3799,559527,0
TLT.US,5,20260302,182500,89.37,89.395,89.355,89.37,1004741,0
TLT.US,5,20260302,183000,89.365,89.415,89.365,89.3875,598660,0
TLT.US,5,20260302,183500,89.3865,89.47,89.3865,89.465,424087,0
TLT.US,5,20260302,184000,89.465,89.495,89.4529,89.4792,571586,0
TLT.US,5,20260302,184500,89.48,89.51,89.455,89.505,316698,0
TLT.US,5,20260302,185000,89.505,89.53,89.48,89.485,344828,0
TLT.US,5,20260302,185500,89.485,89.51,89.47,89.48,225461,0
TLT.US,5,20260302,190000,89.48,89.5,89.47,89.475,220987,0
TLT.US,5,20260302,190500,89.475,89.505,89.465,89.4965,190937,0
TLT.US,5,20260302,191000,89.495,89.515,89.485,89.505,320984,0
TLT.US,5,20260302,191500,89.505,89.5272,89.5037,89.515,150404,0
TLT.US,5,20260302,192000,89.51,89.515,89.49,89.49,625008,0
TLT.US,5,20260302,192500,89.4973,89.5069,89.48,89.5069,183705,0
TLT.US,5,20260302,193000,89.5,89.51,89.495,89.5001,172299,0
TLT.US,5,20260302,193500,89.51,89.515,89.5,89.5039,180710,0
TLT.US,5,20260302,194000,89.505,89.52,89.5,89.51,434280,0
TLT.US,5,20260302,194500,89.51,89.54,89.5,89.5,651228,0
TLT.US,5,20260302,195000,89.5099,89.515,89.5,89.505,161777,0
TLT.US,5,20260302,195500,89.5065,89.54,89.49,89.535,151784,0
TLT.US,5,20260302,200000,89.535,89.56,89.515,89.53,501994,0
TLT.US,5,20260302,200500,89.525,89.54,89.5201,89.53,88508,0
TLT.US,5,20260302,201000,89.524,89.555,89.4935,89.495,393510,0
TLT.US,5,20260302,201500,89.4965,89.5099,89.475,89.485,199930,0
TLT.US,5,20260302,202000,89.485,89.5,89.4637,89.49,334833,0
TLT.US,5,20260302,202500,89.4999,89.5,89.4649,89.48,143764,0
TLT.US,5,20260302,203000,89.4701,89.48,89.465,89.47,134077,0
TLT.US,5,20260302,203500,89.4719,89.52,89.4719,89.515,248561,0
TLT.US,5,20260302,204000,89.515,89.525,89.5,89.5199,273552,0
TLT.US,5,20260302,204500,89.515,89.535,89.51,89.5265,180287,0
TLT.US,5,20260302,205000,89.5299,89.5299,89.49,89.505,185865,0
TLT.US,5,20260302,205500,89.505,89.55,89.505,89.51,407741,0
TLT.US,5,20260302,210000,89.52,89.5953,89.51,89.59,546407,0
TLT.US,5,20260302,210500,89.58,89.605,89.54,89.565,692479,0
TLT.US,5,20260302,211000,89.56,89.57,89.52,89.54,408039,0
TLT.US,5,20260302,211500,89.54,89.565,89.53,89.5399,465969,0
TLT.US,5,20260302,212000,89.54,89.54,89.51,89.52,177930,0
TLT.US,5,20260302,212500,89.515,89.5499,89.49,89.545,201328,0
TLT.US,5,20260302,213000,89.54,89.56,89.535,89.555,341356,0
TLT.US,5,20260302,213500,89.56,89.57,89.54,89.55,448559,0
TLT.US,5,20260302,214000,89.541,89.555,89.53,89.55,507443,0
TLT.US,5,20260302,214500,89.555,89.56,89.54,89.55,699982,0
TLT.US,5,20260302,215000,89.55,89.58,89.545,89.56,1200755,0
TLT.US,5,20260302,215500,89.5677,89.63,89.565,89.61,7453679,0
TLT.US,5,20260303,153000,88.975,89.02,88.95,88.96,1052083,0
TLT.US,5,20260303,153500,88.97,89.01,88.935,89.005,692768,0
TLT.US,5,20260303,154000,89.005,89.05,88.96,89.005,812693,0
TLT.US,5,20260303,154500,89,89.07,88.99,89.045,963039,0
TLT.US,5,20260303,155000,89.0441,89.09,88.99,89.07,393626,0
TLT.US,5,20260303,155500,89.07,89.15,89.0519,89.14,928893,0
TLT.US,5,20260303,160000,89.135,89.23,89.11,89.225,933091,0
TLT.US,5,20260303,160500,89.225,89.3,89.21,89.2799,871220,0
TLT.US,5,20260303,161000,89.27,89.32,89.22,89.31153,687568,0
TLT.US,5,20260303,161500,89.315,89.38,89.295,89.345,1139032,0
TLT.US,5,20260303,162000,89.345,89.397,89.315,89.335,784061,0
TLT.US,5,20260303,162500,89.335,89.41,89.335,89.375,629978,0
TLT.US,5,20260303,163000,89.38,89.475,89.31,89.33,919897,0
TLT.US,5,20260303,163500,89.33,89.33,89.23,89.27,833932,0
TLT.US,5,20260303,164000,89.275,89.2999,89.2325,89.28,476263,0
TLT.US,5,20260303,164500,89.27,89.285,89.23,89.26,325893,0
TLT.US,5,20260303,165000,89.265,89.37,89.265,89.36,412716,0
TLT.US,5,20260303,165500,89.36,89.3873,89.26,89.27,337747,0
TLT.US,5,20260303,170000,89.27,89.32,89.24,89.305,323886,0
TLT.US,5,20260303,170500,89.3036,89.305,89.215,89.255,773971,0
TLT.US,5,20260303,171000,89.25,89.355,89.245,89.34,767584,0
TLT.US,5,20260303,171500,89.335,89.41,89.31,89.39,556963,0
TLT.US,5,20260303,172000,89.3968,89.4,89.2801,89.2934,656023,0
TLT.US,5,20260303,172500,89.3,89.36,89.3,89.33,273106,0
TLT.US,5,20260303,173000,89.33,89.425,89.325,89.35,858034,0
TLT.US,5,20260303,173500,89.35,89.455,89.34,89.44,359604,0
TLT.US,5,20260303,174000,89.44,89.53,89.435,89.505,609176,0
TLT.US,5,20260303,174500,89.5,89.585,89.475,89.485,787517,0
TLT.US,5,20260303,175000,89.49,89.5051,89.4,89.415,533264,0
TLT.US,5,20260303,175500,89.41,89.445,89.4001,89.415,492422,0
TLT.US,5,20260303,180000,89.415,89.46,89.4,89.4,376417,0
TLT.US,5,20260303,180500,89.4,89.4301,89.395,89.415,202425,0
TLT.US,5,20260303,181000,89.41,89.445,89.39,89.395,414858,0
TLT.US,5,20260303,181500,89.39,89.46,89.355,89.43,403794,0
TLT.US,5,20260303,182000,89.425,89.47,89.42,89.425,330886,0
TLT.US,5,20260303,182500,89.4263,89.4263,89.365,89.3685,169864,0
TLT.US,5,20260303,183000,89.36,89.37,89.33,89.3685,281977,0
TLT.US,5,20260303,183500,89.37,89.42,89.35,89.38,362197,0
TLT.US,5,20260303,184000,89.38,89.39,89.34,89.345,286671,0
TLT.US,5,20260303,184500,89.3479,89.41,89.34,89.408,193452,0
TLT.US,5,20260303,185000,89.41,89.43,89.385,89.415,623310,0
TLT.US,5,20260303,185500,89.41,89.4251,89.325,89.34,399445,0
TLT.US,5,20260303,190000,89.335,89.39,89.31,89.38,338724,0
TLT.US,5,20260303,190500,89.38,89.39,89.35,89.38,286635,0
TLT.US,5,20260303,191000,89.38,89.4,89.34,89.375,221082,0
TLT.US,5,20260303,191500,89.375,89.3977,89.3426,89.3666,156167,0
TLT.US,5,20260303,192000,89.36,89.3651,89.32,89.355,426989,0
TLT.US,5,20260303,192500,89.355,89.39,89.3303,89.3772,130716,0
TLT.US,5,20260303,193000,89.37,89.51,89.37,89.495,665876,0
TLT.US,5,20260303,193500,89.495,89.555,89.46,89.535,482603,0
TLT.US,5,20260303,194000,89.535,89.5837,89.52,89.535,442792,0
TLT.US,5,20260303,194500,89.5399,89.57,89.5201,89.555,316996,0
TLT.US,5,20260303,195000,89.555,89.5699,89.515,89.5371,206590,0
TLT.US,5,20260303,195500,89.54,89.57,89.5,89.51,306036,0
TLT.US,5,20260303,200000,89.51,89.55,89.5,89.545,197626,0
TLT.US,5,20260303,200500,89.54,89.565,89.53,89.53,334142,0
TLT.US,5,20260303,201000,89.53,89.53,89.47,89.4799,199092,0
TLT.US,5,20260303,201500,89.48,89.51,89.47,89.5,197156,0
TLT.US,5,20260303,202000,89.51,89.52,89.495,89.52,203669,0
TLT.US,5,20260303,202500,89.52,89.52,89.46,89.47,195273,0
TLT.US,5,20260303,203000,89.465,89.49,89.445,89.485,204512,0
TLT.US,5,20260303,203500,89.485,89.59,89.47,89.589,520656,0
TLT.US,5,20260303,204000,89.58,89.67,89.58,89.6,571980,0
TLT.US,5,20260303,204500,89.6,89.6,89.48,89.5,344397,0
TLT.US,5,20260303,205000,89.5,89.5051,89.475,89.475,192890,0
TLT.US,5,20260303,205500,89.48,89.56,89.46,89.46,767334,0
TLT.US,5,20260303,210000,89.46,89.475,89.445,89.455,422970,0
TLT.US,5,20260303,210500,89.46,89.52,89.44,89.5099,250933,0
TLT.US,5,20260303,211000,89.505,89.53,89.49,89.52,149685,0
TLT.US,5,20260303,211500,89.52,89.53,89.5,89.505,370786,0
TLT.US,5,20260303,212000,89.5,89.525,89.5,89.52,128225,0
TLT.US,5,20260303,212500,89.51,89.53,89.47,89.48,371238,0
TLT.US,5,20260303,213000,89.475,89.5,89.45,89.48,614782,0
TLT.US,5,20260303,213500,89.48,89.495,89.47,89.4713,199537,0
TLT.US,5,20260303,214000,89.475,89.4773,89.4,89.435,401564,0
TLT.US,5,20260303,214500,89.435,89.465,89.43,89.455,268966,0
TLT.US,5,20260303,215000,89.45,89.4567,89.4,89.42,1309728,0
TLT.US,5,20260303,215500,89.415,89.45,89.4,89.43,3192038,0
TLT.US,5,20260304,153000,89.27,89.305,89.2101,89.26,698720,0
TLT.US,5,20260304,153500,89.26,89.275,89.095,89.16,1007382,0
TLT.US,5,20260304,154000,89.155,89.1799,89.11,89.16,630917,0
TLT.US,5,20260304,154500,89.16,89.245,89.16,89.235,762052,0
TLT.US,5,20260304,155000,89.24,89.2555,89.225,89.2501,474153,0
TLT.US,5,20260304,155500,89.25,89.2565,89.207,89.225,1016077,0
TLT.US,5,20260304,160000,89.22,89.24,89.11,89.175,1225767,0
TLT.US,5,20260304,160500,89.17,89.25,89.155,89.185,925572,0
TLT.US,5,20260304,161000,89.18,89.2,89.125,89.175,1062686,0
TLT.US,5,20260304,161500,89.175,89.195,89.135,89.1738,816556,0
TLT.US,5,20260304,162000,89.17,89.225,89.15,89.185,914928,0
TLT.US,5,20260304,162500,89.185,89.24,89.17,89.18,1169633,0
TLT.US,5,20260304,163000,89.18,89.29,89.175,89.25,1135151,0
TLT.US,5,20260304,163500,89.25,89.3,89.205,89.21,960588,0
TLT.US,5,20260304,164000,89.23,89.25,89.19,89.21,679845,0
TLT.US,5,20260304,164500,89.21,89.2313,89.19,89.21,454369,0
TLT.US,5,20260304,165000,89.21,89.24,89.2,89.215,376357,0
TLT.US,5,20260304,165500,89.22,89.305,89.18,89.3,758649,0
TLT.US,5,20260304,170000,89.3,89.335,89.225,89.29,818415,0
TLT.US,5,20260304,170500,89.28,89.3178,89.22,89.31,1323016,0
TLT.US,5,20260304,171000,89.3113,89.365,89.285,89.365,603644,0
TLT.US,5,20260304,171500,89.365,89.395,89.34,89.385,656876,0
TLT.US,5,20260304,172000,89.38,89.4,89.36,89.4,553569,0
TLT.US,5,20260304,172500,89.4,89.43,89.37,89.43,756907,0
TLT.US,5,20260304,173000,89.44,89.44,89.35,89.36,667019,0
TLT.US,5,20260304,173500,89.36,89.375,89.35,89.365,195769,0
TLT.US,5,20260304,174000,89.36,89.38,89.31,89.375,456622,0
TLT.US,5,20260304,174500,89.37,89.4,89.36,89.385,271058,0
TLT.US,5,20260304,175000,89.38429,89.395,89.35,89.37,370815,0
TLT.US,5,20260304,175500,89.36,89.37,89.315,89.32,508272,0
TLT.US,5,20260304,180000,89.32,89.38,89.32,89.365,329921,0
TLT.US,5,20260304,180500,89.365,89.3776,89.32,89.34,234479,0
TLT.US,5,20260304,181000,89.341,89.36,89.33,89.341,237638,0
TLT.US,5,20260304,181500,89.34,89.37,89.32,89.3599,293584,0
TLT.US,5,20260304,182000,89.355,89.355,89.3099,89.32,220463,0
TLT.US,5,20260304,182500,89.32,89.3399,89.305,89.3235,319822,0
TLT.US,5,20260304,183000,89.325,89.325,89.2699,89.3,456236,0
TLT.US,5,20260304,183500,89.31,89.36,89.27,89.355,453555,0
TLT.US,5,20260304,184000,89.3599,89.3799,89.335,89.335,232137,0
TLT.US,5,20260304,184500,89.33,89.39,89.32,89.36,244509,0
TLT.US,5,20260304,185000,89.365,89.37,89.35,89.36,366213,0
TLT.US,5,20260304,185500,89.36,89.38,89.34,89.34,364328,0
TLT.US,5,20260304,190000,89.35,89.37,89.32,89.335,257614,0
TLT.US,5,20260304,190500,89.3313,89.35,89.3,89.34,400296,0
TLT.US,5,20260304,191000,89.345,89.3499,89.31,89.325,241705,0
TLT.US,5,20260304,191500,89.325,89.325,89.28,89.285,133979,0
TLT.US,5,20260304,192000,89.285,89.29,89.26,89.271,219490,0
TLT.US,5,20260304,192500,89.27,89.3,89.24,89.3,371080,0
TLT.US,5,20260304,193000,89.305,89.33,89.29,89.32,428901,0
TLT.US,5,20260304,193500,89.32,89.3399,89.31,89.335,229977,0
TLT.US,5,20260304,194000,89.335,89.3647,89.33,89.34,185668,0
TLT.US,5,20260304,194500,89.335,89.34,89.31,89.335,139660,0
TLT.US,5,20260304,195000,89.34,89.34,89.325,89.335,139961,0
TLT.US,5,20260304,195500,89.335,89.34,89.3,89.33,302995,0
TLT.US,5,20260304,200000,89.33,89.355,89.321,89.321,326975,0
TLT.US,5,20260304,200500,89.325,89.335,89.29,89.305,331909,0
TLT.US,5,20260304,201000,89.3,89.32,89.29,89.3,203938,0
TLT.US,5,20260304,201500,89.305,89.31,89.275,89.295,169234,0
TLT.US,5,20260304,202000,89.295,89.295,89.255,89.26,206040,0
TLT.US,5,20260304,202500,89.2697,89.302,89.2551,89.3,185608,0
TLT.US,5,20260304,203000,89.29,89.3302,89.29,89.33,114187,0
TLT.US,5,20260304,203500,89.325,89.355,89.32,89.3499,268561,0
TLT.US,5,20260304,204000,89.345,89.35,89.3,89.3,278061,0
TLT.US,5,20260304,204500,89.3,89.31,89.26,89.2885,347947,0
TLT.US,5,20260304,205000,89.29,89.31,89.27,89.305,232211,0
TLT.US,5,20260304,205500,89.305,89.33,89.265,89.265,570708,0
TLT.US,5,20260304,210000,89.27,89.29,89.24,89.2499,286234,0
TLT.US,5,20260304,210500,89.249,89.26,89.235,89.2496,178218,0
TLT.US,5,20260304,211000,89.25,89.258,89.22,89.24,147934,0
TLT.US,5,20260304,211500,89.245,89.25,89.19,89.19,334144,0
TLT.US,5,20260304,212000,89.19,89.2099,89.17,89.181,349191,0
TLT.US,5,20260304,212500,89.19,89.22,89.18,89.205,260489,0
TLT.US,5,20260304,213000,89.205,89.21,89.19,89.195,398928,0
TLT.US,5,20260304,213500,89.195,89.2,89.18,89.18,355878,0
TLT.US,5,20260304,214000,89.19,89.21,89.185,89.2099,348480,0
TLT.US,5,20260304,214500,89.2001,89.23,89.19,89.215,568349,0
TLT.US,5,20260304,215000,89.215,89.24,89.21,89.2199,786571,0
TLT.US,5,20260304,215500,89.215,89.24,89.14,89.18,2139997,0
TLT.US,5,20260305,153000,88.63,88.635,88.59,88.625,756591,0
TLT.US,5,20260305,153500,88.625,88.66,88.6,88.65,960434,0
TLT.US,5,20260305,154000,88.65,88.69,88.63,88.635,1042206,0
TLT.US,5,20260305,154500,88.635,88.645,88.55,88.565,901993,0
TLT.US,5,20260305,155000,88.565,88.58,88.51,88.5167,565655,0
TLT.US,5,20260305,155500,88.515,88.665,88.51,88.635,1856945,0
TLT.US,5,20260305,160000,88.63,88.75,88.63,88.74,598362,0
TLT.US,5,20260305,160500,88.7338,88.79,88.7,88.725,842774,0
TLT.US,5,20260305,161000,88.725,88.785,88.71,88.78,506543,0
TLT.US,5,20260305,161500,88.7765,88.84,88.77,88.835,543501,0
TLT.US,5,20260305,162000,88.835,88.85,88.74,88.76,337456,0
TLT.US,5,20260305,162500,88.76,88.7676,88.68,88.695,330121,0
TLT.US,5,20260305,163000,88.69,88.73,88.66,88.7,236527,0
TLT.US,5,20260305,163500,88.695,88.73,88.68,88.729,282327,0
TLT.US,5,20260305,164000,88.725,88.7369,88.6809,88.683,245608,0
TLT.US,5,20260305,164500,88.6872,88.735,88.67,88.691,346296,0
TLT.US,5,20260305,165000,88.69,88.7662,88.69,88.765,284475,0
TLT.US,5,20260305,165500,88.76,88.7878,88.71,88.765,277775,0
TLT.US,5,20260305,170000,88.76,88.8,88.67,88.67,465671,0
TLT.US,5,20260305,170500,88.67,88.68,88.6,88.615,369281,0
TLT.US,5,20260305,171000,88.61,88.71,88.58,88.705,657159,0
TLT.US,5,20260305,171500,88.7,88.7099,88.615,88.62,223921,0
TLT.US,5,20260305,172000,88.625,88.63,88.575,88.6,483359,0
TLT.US,5,20260305,172500,88.605,88.6299,88.59,88.59,314019,0
TLT.US,5,20260305,173000,88.585,88.62,88.55,88.605,586753,0
TLT.US,5,20260305,173500,88.61,88.6272,88.575,88.61,408456,0
TLT.US,5,20260305,174000,88.61,88.65,88.605,88.6285,294657,0
TLT.US,5,20260305,174500,88.625,88.645,88.6,88.645,445124,0
TLT.US,5,20260305,175000,88.645,88.74,88.64,88.735,533046,0
TLT.US,5,20260305,175500,88.735,88.78,88.735,88.755,479942,0
TLT.US,5,20260305,180000,88.76,88.79,88.74,88.78,338038,0
TLT.US,5,20260305,180500,88.79,88.81,88.745,88.745,509989,0
TLT.US,5,20260305,181000,88.745,88.75,88.7,88.73,253174,0
TLT.US,5,20260305,181500,88.7201,88.7499,88.7,88.745,173492,0
TLT.US,5,20260305,182000,88.745,88.77,88.7399,88.765,271033,0
TLT.US,5,20260305,182500,88.765,88.7799,88.7,88.715,262620,0
TLT.US,5,20260305,183000,88.715,88.715,88.655,88.67,359589,0
TLT.US,5,20260305,183500,88.675,88.72,88.62,88.695,509831,0
TLT.US,5,20260305,184000,88.695,88.7299,88.6687,88.69,230131,0
TLT.US,5,20260305,184500,88.69,88.6999,88.67,88.6731,244627,0
TLT.US,5,20260305,185000,88.68,88.72,88.68,88.6996,171101,0
TLT.US,5,20260305,185500,88.7,88.7799,88.69,88.7599,401329,0
TLT.US,5,20260305,190000,88.755,88.79,88.7301,88.785,332107,0
TLT.US,5,20260305,190500,88.785,88.82,88.7701,88.81,254764,0
TLT.US,5,20260305,191000,88.815,88.83,88.78,88.79,208426,0
TLT.US,5,20260305,191500,88.785,88.79,88.7201,88.725,204090,0
TLT.US,5,20260305,192000,88.72,88.73,88.705,88.715,354564,0
TLT.US,5,20260305,192500,88.715,88.72,88.68,88.7133,527306,0
TLT.US,5,20260305,193000,88.72,88.745,88.705,88.73,520559,0
TLT.US,5,20260305,193500,88.73,88.74,88.69,88.71,144812,0
TLT.US,5,20260305,194000,88.71,88.7999,88.7095,88.785,270224,0
TLT.US,5,20260305,194500,88.79,88.79,88.745,88.755,294611,0
TLT.US,5,20260305,195000,88.75,88.76,88.7201,88.73,136124,0
TLT.US,5,20260305,195500,88.728,88.84,88.728,88.825,1069011,0
TLT.US,5,20260305,200000,88.825,88.91,88.825,88.875,1152604,0
TLT.US,5,20260305,200500,88.875,88.935,88.875,88.915,410446,0
TLT.US,5,20260305,201000,88.9101,88.9284,88.865,88.875,469178,0
TLT.US,5,20260305,201500,88.875,88.92,88.8615,88.915,321573,0
TLT.US,5,20260305,202000,88.92,88.9299,88.86,88.88,210880,0
TLT.US,5,20260305,202500,88.875,88.8899,88.85,88.856,234617,0
TLT.US,5,20260305,203000,88.85,88.86,88.8,88.81,389908,0
TLT.US,5,20260305,203500,88.815,88.82,88.73,88.745,290009,0
TLT.US,5,20260305,204000,88.745,88.745,88.665,88.71,458091,0
TLT.US,5,20260305,204500,88.71,88.72,88.69,88.71,453888,0
TLT.US,5,20260305,205000,88.715,88.77,88.71,88.77,526187,0
TLT.US,5,20260305,205500,88.765,88.78,88.71,88.71,379394,0
TLT.US,5,20260305,210000,88.7,88.7697,88.695,88.765,354506,0
TLT.US,5,20260305,210500,88.76,88.8199,88.735,88.8133,375202,0
TLT.US,5,20260305,211000,88.818,88.88,88.8,88.86,448252,0
TLT.US,5,20260305,211500,88.855,88.89,88.81,88.835,353746,0
TLT.US,5,20260305,212000,88.835,88.86,88.82,88.85,372891,0
TLT.US,5,20260305,212500,88.85,88.88,88.845,88.85,449384,0
TLT.US,5,20260305,213000,88.85,88.875,88.8201,88.865,411083,0
TLT.US,5,20260305,213500,88.86,88.9,88.845,88.865,582480,0
TLT.US,5,20260305,214000,88.865,88.865,88.815,88.825,367851,0
TLT.US,5,20260305,214500,88.82,88.8399,88.805,88.819,541499,0
TLT.US,5,20260305,215000,88.82,88.85,88.78,88.835,917654,0
TLT.US,5,20260305,215500,88.83,88.837,88.78,88.81,2388366,0
TLT.US,5,20260306,153000,88.32,88.358,88.14,88.16,1055916,0
TLT.US,5,20260306,153500,88.15,88.18,88.0571,88.085,1191723,0
TLT.US,5,20260306,154000,88.09,88.2501,88.08,88.145,1563234,0
TLT.US,5,20260306,154500,88.15,88.155,88.02,88.115,1438090,0
TLT.US,5,20260306,155000,88.12,88.225,88.095,88.175,1209274,0
TLT.US,5,20260306,155500,88.1751,88.28,88.15,88.25,980126,0
TLT.US,5,20260306,160000,88.24,88.25,88.115,88.145,1179673,0
TLT.US,5,20260306,160500,88.14,88.14,88.015,88.0401,1177675,0
TLT.US,5,20260306,161000,88.0488,88.15,88.0488,88.135,797995,0
TLT.US,5,20260306,161500,88.14,88.235,88.1,88.215,1663410,0
TLT.US,5,20260306,162000,88.22,88.29,88.195,88.265,732376,0
TLT.US,5,20260306,162500,88.265,88.2795,88.16,88.1999,910112,0
TLT.US,5,20260306,163000,88.2,88.265,88.1,88.125,1291607,0
TLT.US,5,20260306,163500,88.13,88.285,88.11,88.285,766355,0
TLT.US,5,20260306,164000,88.28,88.345,88.27,88.32,636827,0
TLT.US,5,20260306,164500,88.325,88.35,88.2701,88.345,668535,0
TLT.US,5,20260306,165000,88.35,88.415,88.31,88.3228,735955,0
TLT.US,5,20260306,165500,88.33,88.3351,88.28,88.29,761515,0
TLT.US,5,20260306,170000,88.3,88.37,88.285,88.35,567630,0
TLT.US,5,20260306,170500,88.35,88.36,88.26,88.295,467702,0
TLT.US,5,20260306,171000,88.29,88.31,88.24,88.26,440105,0
TLT.US,5,20260306,171500,88.255,88.3,88.23,88.29,550660,0
TLT.US,5,20260306,172000,88.29,88.315,88.2432,88.295,480369,0
TLT.US,5,20260306,172500,88.295,88.355,88.25,88.355,697388,0
TLT.US,5,20260306,173000,88.35,88.39,88.31,88.3874,547459,0
TLT.US,5,20260306,173500,88.39,88.42,88.33,88.35,430708,0
TLT.US,5,20260306,174000,88.35,88.46,88.35,88.46,473791,0
TLT.US,5,20260306,174500,88.47,88.585,88.47,88.56,806263,0
TLT.US,5,20260306,175000,88.559,88.6299,88.52,88.5799,1021664,0
TLT.US,5,20260306,175500,88.58,88.595,88.53,88.535,623559,0
TLT.US,5,20260306,180000,88.53,88.55,88.505,88.54,686546,0
TLT.US,5,20260306,180500,88.535,88.595,88.52,88.595,476162,0
TLT.US,5,20260306,181000,88.59,88.68,88.58,88.655,611232,0
TLT.US,5,20260306,181500,88.655,88.73,88.64,88.7299,728603,0
TLT.US,5,20260306,182000,88.73,88.775,88.69,88.77,1313292,0
TLT.US,5,20260306,182500,88.77,88.775,88.71,88.75,583649,0
TLT.US,5,20260306,183000,88.75,88.75,88.69,88.72,278446,0
TLT.US,5,20260306,183500,88.725,88.743,88.66,88.675,613926,0
TLT.US,5,20260306,184000,88.67,88.67,88.63,88.67,500084,0
TLT.US,5,20260306,184500,88.67,88.8,88.66,88.79,669240,0
TLT.US,5,20260306,185000,88.79,88.81,88.7,88.73,683326,0
TLT.US,5,20260306,185500,88.73,88.7999,88.73,88.747,354454,0
TLT.US,5,20260306,190000,88.74,88.875,88.74,88.815,461137,0
TLT.US,5,20260306,190500,88.82,88.875,88.81,88.863,568003,0
TLT.US,5,20260306,191000,88.87,88.9399,88.85,88.89,464318,0
TLT.US,5,20260306,191500,88.8843,88.895,88.835,88.865,452997,0
TLT.US,5,20260306,192000,88.8699,88.88,88.84,88.8665,511077,0
TLT.US,5,20260306,192500,88.87,88.87,88.805,88.825,668602,0
TLT.US,5,20260306,193000,88.825,88.87,88.82,88.85,365676,0
TLT.US,5,20260306,193500,88.86,88.865,88.82,88.83,325049,0
TLT.US,5,20260306,194000,88.83,88.86,88.8247,88.835,210704,0
TLT.US,5,20260306,194500,88.83,88.835,88.7834,88.7939,296948,0
TLT.US,5,20260306,195000,88.8,88.82,88.75,88.75,253282,0
TLT.US,5,20260306,195500,88.755,88.8,88.75,88.795,199477,0
TLT.US,5,20260306,200000,88.8,88.815,88.78,88.795,248011,0
TLT.US,5,20260306,200500,88.8,88.815,88.76,88.81,217661,0
TLT.US,5,20260306,201000,88.815,88.845,88.8,88.835,225858,0
TLT.US,5,20260306,201500,88.84,88.85,88.811,88.811,142145,0
TLT.US,5,20260306,202000,88.8199,88.8199,88.76,88.765,222685,0
TLT.US,5,20260306,202500,88.76,88.77,88.73,88.75,204407,0
TLT.US,5,20260306,203000,88.7497,88.7799,88.72,88.775,125733,0
TLT.US,5,20260306,203500,88.775,88.785,88.745,88.77,449394,0
TLT.US,5,20260306,204000,88.765,88.7899,88.7407,88.78,167277,0
TLT.US,5,20260306,204500,88.775,88.8,88.76,88.7942,129792,0
TLT.US,5,20260306,205000,88.795,88.8299,88.795,88.82,192717,0
TLT.US,5,20260306,205500,88.83,88.85,88.66,88.68,818063,0
TLT.US,5,20260306,210000,88.68,88.695,88.565,88.57,348824,0
TLT.US,5,20260306,210500,88.5799,88.62,88.55,88.615,277812,0
TLT.US,5,20260306,211000,88.615,88.62,88.57,88.59,435551,0
TLT.US,5,20260306,211500,88.59,88.6,88.55,88.565,307364,0
TLT.US,5,20260306,212000,88.565,88.59,88.54,88.57,280817,0
TLT.US,5,20260306,212500,88.565,88.58,88.5001,88.505,182872,0
TLT.US,5,20260306,213000,88.505,88.5399,88.505,88.525,251790,0
TLT.US,5,20260306,213500,88.525,88.55,88.49,88.545,365192,0
TLT.US,5,20260306,214000,88.55,88.56,88.52,88.54,452721,0
TLT.US,5,20260306,214500,88.55,88.58,88.525,88.525,507630,0
TLT.US,5,20260306,215000,88.525,88.53,88.49,88.495,609459,0
TLT.US,5,20260306,215500,88.5,88.52,88.45,88.465,2928439,0
TLT.US,5,20260309,143000,88.295,88.425,88.275,88.4,819463,0
TLT.US,5,20260309,143500,88.3901,88.435,88.315,88.32,496801,0
TLT.US,5,20260309,144000,88.32,88.32,88.205,88.27,792131,0
TLT.US,5,20260309,144500,88.27,88.425,88.25,88.4,491256,0
TLT.US,5,20260309,145000,88.4,88.47,88.36,88.44,1168260,0
TLT.US,5,20260309,145500,88.44,88.52,88.41,88.51,642334,0
TLT.US,5,20260309,150000,88.5039,88.52,88.45,88.495,479283,0
TLT.US,5,20260309,150500,88.495,88.51,88.285,88.31,954635,0
TLT.US,5,20260309,151000,88.31,88.3799,88.26,88.37,683637,0
TLT.US,5,20260309,151500,88.37,88.4679,88.36,88.46,696052,0
TLT.US,5,20260309,152000,88.45,88.535,88.43,88.48,557042,0
TLT.US,5,20260309,152500,88.47,88.49,88.39,88.465,736235,0
TLT.US,5,20260309,153000,88.465,88.525,88.45,88.48,512994,0
TLT.US,5,20260309,153500,88.475,88.55,88.4401,88.525,396011,0
TLT.US,5,20260309,154000,88.52,88.565,88.48,88.5601,517357,0
TLT.US,5,20260309,154500,88.56,88.57,88.47,88.485,525146,0
TLT.US,5,20260309,155000,88.4855,88.565,88.47,88.545,288285,0
TLT.US,5,20260309,155500,88.54,88.565,88.48,88.5,788703,0
TLT.US,5,20260309,160000,88.5,88.69,88.495,88.69,556283,0
TLT.US,5,20260309,160500,88.68,88.695,88.63,88.66,421941,0
TLT.US,5,20260309,161000,88.66,88.7,88.65,88.66,425186,0
TLT.US,5,20260309,161500,88.67,88.75,88.67,88.75,481085,0
TLT.US,5,20260309,162000,88.745,88.78,88.735,88.745,789612,0
TLT.US,5,20260309,162500,88.74,88.765,88.72,88.7506,474857,0
TLT.US,5,20260309,163000,88.75,88.85,88.75,88.81,643653,0
TLT.US,5,20260309,163500,88.8,88.815,88.76,88.78,470933,0
TLT.US,5,20260309,164000,88.78,88.8,88.7399,88.78,538996,0
TLT.US,5,20260309,164500,88.78,88.83,88.78,88.83,296415,0
TLT.US,5,20260309,165000,88.83,88.855,88.82,88.8477,233967,0
TLT.US,5,20260309,165500,88.845,88.85,88.8199,88.84,280270,0
TLT.US,5,20260309,170000,88.835,88.87,88.795,88.795,857440,0
TLT.US,5,20260309,170500,88.795,88.87,88.7835,88.86,639296,0
TLT.US,5,20260309,171000,88.855,88.9,88.84,88.84,339315,0
TLT.US,5,20260309,171500,88.8393,88.87,88.839,88.85,197266,0
TLT.US,5,20260309,172000,88.85,88.885,88.82,88.875,246163,0
TLT.US,5,20260309,172500,88.88,88.905,88.85,88.8601,266204,0
TLT.US,5,20260309,173000,88.86,88.88,88.83,88.88,453652,0
TLT.US,5,20260309,173500,88.879,88.96,88.875,88.945,609110,0
TLT.US,5,20260309,174000,88.95,89,88.89,89,601728,0
TLT.US,5,20260309,174500,89,89.04,88.99,89.0299,387517,0
TLT.US,5,20260309,175000,89.03,89.04,88.9743,88.98,505469,0
TLT.US,5,20260309,175500,88.97,88.975,88.911,88.915,466115,0
TLT.US,5,20260309,180000,88.91,88.92,88.87,88.915,441140,0
TLT.US,5,20260309,180500,88.911,88.915,88.87,88.885,313413,0
TLT.US,5,20260309,181000,88.89,88.915,88.862,88.885,316943,0
TLT.US,5,20260309,181500,88.885,88.93,88.885,88.895,546209,0
TLT.US,5,20260309,182000,88.895,88.96,88.895,88.945,159342,0
TLT.US,5,20260309,182500,88.945,88.98,88.94,88.955,244630,0
TLT.US,5,20260309,183000,88.955,88.98,88.945,88.945,512901,0
TLT.US,5,20260309,183500,88.945,88.96,88.93,88.94,335671,0
TLT.US,5,20260309,184000,88.945,88.9551,88.895,88.895,311148,0
TLT.US,5,20260309,184500,88.89,88.91,88.88,88.895,193867,0
TLT.US,5,20260309,185000,88.895,88.93,88.89,88.9264,250263,0
TLT.US,5,20260309,185500,88.925,88.935,88.905,88.91,209989,0
TLT.US,5,20260309,190000,88.9102,88.975,88.91,88.965,301944,0
TLT.US,5,20260309,190500,88.96,89.01,88.95,89.005,344920,0
TLT.US,5,20260309,191000,89,89.03,88.97,88.97,488822,0
TLT.US,5,20260309,191500,88.975,89.01,88.93,88.94,295706,0
TLT.US,5,20260309,192000,88.945,88.96,88.93,88.945,313772,0
TLT.US,5,20260309,192500,88.945,88.95,88.93,88.94,270022,0
TLT.US,5,20260309,193000,88.94,88.95,88.925,88.94,126337,0
TLT.US,5,20260309,193500,88.94,88.9413,88.91,88.915,235811,0
TLT.US,5,20260309,194000,88.915,88.94,88.91,88.935,121351,0
TLT.US,5,20260309,194500,88.935,88.94,88.91,88.91,117773,0
TLT.US,5,20260309,195000,88.91,88.925,88.91,88.92,237455,0
TLT.US,5,20260309,195500,88.9161,88.9161,88.87,88.9,575105,0
TLT.US,5,20260309,200000,88.895,88.91,88.88,88.905,361741,0
TLT.US,5,20260309,200500,88.905,88.92,88.895,88.915,144524,0
TLT.US,5,20260309,201000,88.9169,88.9299,88.91,88.92,137847,0
TLT.US,5,20260309,201500,88.915,89.03,88.91,89.02,669530,0
TLT.US,5,20260309,202000,89.035,89.195,89.035,89.155,1155978,0
TLT.US,5,20260309,202500,89.15,89.17,89.08,89.11,1162769,0
TLT.US,5,20260309,203000,89.11,89.17,89.06,89.145,907315,0
TLT.US,5,20260309,203500,89.145,89.27,89.13,89.25,1001500,0
TLT.US,5,20260309,204000,89.25,89.279,89.2,89.27,1639829,0
TLT.US,5,20260309,204500,89.27,89.29,89.24,89.285,493250,0
TLT.US,5,20260309,205000,89.29,89.315,89.25,89.285,1012346,0
TLT.US,5,20260309,205500,89.29,89.29,89.2,89.2,2366559,0
TLT.US,5,20260310,143000,88.8,88.845,88.69,88.725,1019290,0
TLT.US,5,20260310,143500,88.73,88.83,88.71,88.815,530680,0
TLT.US,5,20260310,144000,88.81,88.86,88.765,88.835,746833,0
TLT.US,5,20260310,144500,88.835,88.845,88.725,88.775,736064,0
TLT.US,5,20260310,145000,88.77,88.785,88.705,88.7799,521428,0
TLT.US,5,20260310,145500,88.78,88.83,88.78,88.795,265653,0
TLT.US,5,20260310,150000,88.795,88.83,88.7523,88.805,380091,0
TLT.US,5,20260310,150500,88.8007,88.83,88.66,88.66,534658,0
TLT.US,5,20260310,151000,88.66,88.79,88.66,88.7682,561707,0
TLT.US,5,20260310,151500,88.76,88.8,88.72,88.7499,693540,0
TLT.US,5,20260310,152000,88.745,88.7899,88.73,88.74,336508,0
TLT.US,5,20260310,152500,88.74,88.7999,88.7379,88.77,254510,0
TLT.US,5,20260310,153000,88.76,88.8099,88.745,88.795,387172,0
TLT.US,5,20260310,153500,88.79,88.875,88.77,88.87,419451,0
TLT.US,5,20260310,154000,88.8799,88.88,88.8035,88.825,400560,0
TLT.US,5,20260310,154500,88.8272,88.84,88.795,88.8001,292103,0
TLT.US,5,20260310,155000,88.81,88.835,88.77,88.8201,539141,0
TLT.US,5,20260310,155500,88.82,88.8399,88.725,88.76,682858,0
TLT.US,5,20260310,160000,88.7581,88.8716,88.758,88.8716,808705,0
TLT.US,5,20260310,160500,88.87,88.915,88.85,88.87,492320,0
TLT.US,5,20260310,161000,88.87,88.915,88.85,88.9,495190,0
TLT.US,5,20260310,161500,88.9,88.9,88.8501,88.89,428050,0
TLT.US,5,20260310,162000,88.8901,88.91,88.855,88.86,236745,0
TLT.US,5,20260310,162500,88.864,88.868,88.8001,88.825,374432,0
TLT.US,5,20260310,163000,88.82,88.82,88.7432,88.76,438518,0
TLT.US,5,20260310,163500,88.765,88.91,88.765,88.895,384149,0
TLT.US,5,20260310,164000,88.9,88.94,88.88,88.9,310821,0
TLT.US,5,20260310,164500,88.9,88.915,88.855,88.87,275189,0
TLT.US,5,20260310,165000,88.88,88.9,88.87,88.8966,442584,0
TLT.US,5,20260310,165500,88.8904,88.92,88.8846,88.915,308402,0
TLT.US,5,20260310,170000,88.92,88.95,88.885,88.925,563705,0
TLT.US,5,20260310,170500,88.9237,88.93,88.82,88.835,284287,0
TLT.US,5,20260310,171000,88.8378,88.84,88.78,88.83,406780,0
TLT.US,5,20260310,171500,88.83,88.87,88.8235,88.8699,145560,0
TLT.US,5,20260310,172000,88.86,88.885,88.855,88.87,199137,0
TLT.US,5,20260310,172500,88.87,88.89,88.83,88.83,420869,0
TLT.US,5,20260310,173000,88.83,88.9,88.8201,88.899,395300,0
TLT.US,5,20260310,173500,88.9,88.92,88.885,88.9002,255163,0
TLT.US,5,20260310,174000,88.9,88.91,88.835,88.85,328801,0
TLT.US,5,20260310,174500,88.84,88.84,88.77,88.79,374363,0
TLT.US,5,20260310,175000,88.79,88.86,88.78,88.83,392333,0
TLT.US,5,20260310,175500,88.83,88.85,88.79,88.8,178352,0
TLT.US,5,20260310,180000,88.8,88.835,88.73,88.76,759276,0
TLT.US,5,20260310,180500,88.76,88.83,88.76,88.83,464762,0
TLT.US,5,20260310,181000,88.8311,88.84,88.7899,88.79,389264,0
TLT.US,5,20260310,181500,88.79,88.87,88.79,88.87,283444,0
TLT.US,5,20260310,182000,88.86,88.8882,88.79,88.798,430588,0
TLT.US,5,20260310,182500,88.79,88.81,88.7668,88.7799,344592,0
TLT.US,5,20260310,183000,88.775,88.8,88.695,88.7,571878,0
TLT.US,5,20260310,183500,88.695,88.7099,88.61,88.65,569913,0
TLT.US,5,20260310,184000,88.65,88.6799,88.64,88.64,397842,0
TLT.US,5,20260310,184500,88.65,88.6899,88.615,88.65,409573,0
TLT.US,5,20260310,185000,88.65,88.69,88.64,88.6681,276298,0
TLT.US,5,20260310,185500,88.67,88.6713,88.625,88.6501,518282,0
TLT.US,5,20260310,190000,88.66,88.6706,88.63,88.6591,325867,0
TLT.US,5,20260310,190500,88.6599,88.66,88.52,88.525,530123,0
TLT.US,5,20260310,191000,88.525,88.58,88.5,88.505,500343,0
TLT.US,5,20260310,191500,88.5,88.5,88.33,88.375,1525469,0
TLT.US,5,20260310,192000,88.375,88.4592,88.27,88.415,1647334,0
TLT.US,5,20260310,192500,88.42,88.515,88.405,88.505,569922,0
TLT.US,5,20260310,193000,88.5,88.55,88.48,88.53,490459,0
TLT.US,5,20260310,193500,88.53,88.57,88.49,88.505,469968,0
TLT.US,5,20260310,194000,88.5,88.5,88.46,88.46,389663,0
TLT.US,5,20260310,194500,88.455,88.49,88.415,88.44,368641,0
TLT.US,5,20260310,195000,88.44,88.495,88.44,88.495,263418,0
TLT.US,5,20260310,195500,88.49,88.515,88.455,88.5,250271,0
TLT.US,5,20260310,200000,88.49,88.51,88.44,88.455,231020,0
TLT.US,5,20260310,200500,88.45,88.475,88.44,88.4673,154469,0
TLT.US,5,20260310,201000,88.4601,88.495,88.46,88.495,240442,0
TLT.US,5,20260310,201500,88.495,88.515,88.46,88.46,211276,0
TLT.US,5,20260310,202000,88.46,88.4799,88.4401,88.455,228375,0
TLT.US,5,20260310,202500,88.455,88.455,88.4,88.405,564859,0
TLT.US,5,20260310,203000,88.405,88.43,88.33,88.365,725942,0
TLT.US,5,20260310,203500,88.365,88.3899,88.28,88.285,885449,0
TLT.US,5,20260310,204000,88.29,88.3699,88.27,88.32,900445,0
TLT.US,5,20260310,204500,88.325,88.36,88.29,88.35,806020,0
TLT.US,5,20260310,205000,88.34,88.36,88.28,88.295,1254694,0
TLT.US,5,20260310,205500,88.295,88.32,88.27,88.3,2502868,0
TLT.US,5,20260311,143000,87.75,87.7699,87.7,87.725,753653,0
TLT.US,5,20260311,143500,87.725,87.755,87.69,87.695,739307,0
TLT.US,5,20260311,144000,87.695,87.7,87.62,87.62,481212,0
TLT.US,5,20260311,144500,87.625,87.65,87.6,87.65,898492,0
TLT.US,5,20260311,145000,87.6579,87.66,87.6239,87.64,353594,0
TLT.US,5,20260311,145500,87.64,87.715,87.63,87.7,537457,0
TLT.US,5,20260311,150000,87.7,87.81,87.68,87.685,1886547,0
TLT.US,5,20260311,150500,87.685,87.69,87.61,87.62,697142,0
TLT.US,5,20260311,151000,87.62,87.66,87.61,87.63,331246,0
TLT.US,5,20260311,151500,87.635,87.6999,87.6298,87.68,524110,0
TLT.US,5,20260311,152000,87.685,87.6967,87.615,87.62,532152,0
TLT.US,5,20260311,152500,87.62,87.645,87.58,87.595,598625,0
TLT.US,5,20260311,153000,87.6,87.62,87.48,87.4999,701973,0
TLT.US,5,20260311,153500,87.4927,87.54,87.47,87.5,783220,0
TLT.US,5,20260311,154000,87.5001,87.545,87.49,87.495,211980,0
TLT.US,5,20260311,154500,87.49,87.5199,87.48,87.485,238245,0
TLT.US,5,20260311,155000,87.4822,87.4995,87.45,87.47,348301,0
TLT.US,5,20260311,155500,87.465,87.52,87.465,87.495,709111,0
TLT.US,5,20260311,160000,87.49,87.52,87.42,87.4599,948472,0
TLT.US,5,20260311,160500,87.4501,87.4699,87.44,87.45,220192,0
TLT.US,5,20260311,161000,87.4551,87.46,87.405,87.415,599212,0
TLT.US,5,20260311,161500,87.415,87.4199,87.3923,87.405,270023,0
TLT.US,5,20260311,162000,87.41,87.4399,87.385,87.4171,459361,0
TLT.US,5,20260311,162500,87.415,87.4299,87.36,87.365,553140,0
TLT.US,5,20260311,163000,87.365,87.37,87.32,87.33,450373,0
TLT.US,5,20260311,163500,87.33,87.395,87.33,87.365,515783,0
TLT.US,5,20260311,164000,87.3651,87.375,87.27,87.27,465274,0
TLT.US,5,20260311,164500,87.2799,87.285,87.25,87.25,310720,0
TLT.US,5,20260311,165000,87.2597,87.29,87.23,87.2801,776382,0
TLT.US,5,20260311,165500,87.28,87.285,87.2,87.23,755883,0
TLT.US,5,20260311,170000,87.23,87.26,87.215,87.2279,317425,0
TLT.US,5,20260311,170500,87.225,87.25,87.2145,87.22,640606,0
TLT.US,5,20260311,171000,87.2199,87.3199,87.215,87.3129,538161,0
TLT.US,5,20260311,171500,87.315,87.3299,87.27,87.27,436342,0
TLT.US,5,20260311,172000,87.27,87.32,87.25,87.31,448545,0
TLT.US,5,20260311,172500,87.31,87.31,87.2834,87.2993,432587,0
TLT.US,5,20260311,173000,87.2999,87.35,87.29,87.345,329005,0
TLT.US,5,20260311,173500,87.347,87.395,87.34,87.3487,514789,0
TLT.US,5,20260311,174000,87.34,87.4,87.34,87.36,481167,0
TLT.US,5,20260311,174500,87.35,87.36,87.31,87.31,253524,0
TLT.US,5,20260311,175000,87.315,87.35,87.28,87.35,490567,0
TLT.US,5,20260311,175500,87.35,87.35,87.3,87.31,456718,0
TLT.US,5,20260311,180000,87.31,87.325,87.22,87.27,729653,0
TLT.US,5,20260311,180500,87.27,87.315,87.26,87.26,292622,0
TLT.US,5,20260311,181000,87.255,87.256,87.1747,87.215,489929,0
TLT.US,5,20260311,181500,87.22,87.22,87.135,87.145,357454,0
TLT.US,5,20260311,182000,87.145,87.2,87.14,87.1974,499565,0
TLT.US,5,20260311,182500,87.19,87.2,87.1689,87.1878,420744,0
TLT.US,5,20260311,183000,87.18,87.2199,87.15,87.1525,367208,0
TLT.US,5,20260311,183500,87.16,87.165,87.075,87.1,1423804,0
TLT.US,5,20260311,184000,87.0901,87.1453,87.0901,87.1453,287354,0
TLT.US,5,20260311,184500,87.14,87.28,87.135,87.25,541694,0
TLT.US,5,20260311,185000,87.25,87.3,87.24,87.245,364648,0
TLT.US,5,20260311,185500,87.245,87.29,87.235,87.27,387073,0
TLT.US,5,20260311,190000,87.28,87.29,87.24,87.29,385297,0
TLT.US,5,20260311,190500,87.285,87.32,87.2801,87.315,266536,0
TLT.US,5,20260311,191000,87.315,87.34,87.3,87.325,334601,0
TLT.US,5,20260311,191500,87.325,87.33,87.3144,87.32,121499,0
TLT.US,5,20260311,192000,87.33,87.355,87.31,87.315,276877,0
TLT.US,5,20260311,192500,87.315,87.33,87.28,87.295,188894,0
TLT.US,5,20260311,193000,87.29,87.32,87.285,87.315,240803,0
TLT.US,5,20260311,193500,87.3122,87.32,87.2801,87.2999,867416,0
TLT.US,5,20260311,194000,87.29,87.3,87.28,87.295,316254,0
TLT.US,5,20260311,194500,87.295,87.345,87.295,87.3325,624429,0
TLT.US,5,20260311,195000,87.33,87.3799,87.32,87.375,216897,0
TLT.US,5,20260311,195500,87.37,87.375,87.2801,87.305,497939,0
TLT.US,5,20260311,200000,87.3,87.315,87.2715,87.2899,188077,0
TLT.US,5,20260311,200500,87.285,87.3,87.26,87.295,242597,0
TLT.US,5,20260311,201000,87.295,87.34,87.27,87.275,461381,0
TLT.US,5,20260311,201500,87.275,87.34,87.275,87.335,338867,0
TLT.US,5,20260311,202000,87.335,87.3486,87.29,87.2999,296621,0
TLT.US,5,20260311,202500,87.295,87.31,87.2597,87.26,253619,0
TLT.US,5,20260311,203000,87.26,87.2799,87.22,87.2499,441247,0
TLT.US,5,20260311,203500,87.245,87.2585,87.215,87.25,367597,0
TLT.US,5,20260311,204000,87.245,87.2699,87.24,87.2484,240940,0
TLT.US,5,20260311,204500,87.245,87.26,87.23,87.235,386488,0
TLT.US,5,20260311,205000,87.235,87.24,87.18,87.18,1123843,0
TLT.US,5,20260311,205500,87.18,87.2,87.14,87.14,6528770,0
TLT.US,5,20260312,143000,86.905,86.925,86.775,86.87,2081484,0
TLT.US,5,20260312,143500,86.87,86.9376,86.82,86.9008,1067540,0
TLT.US,5,20260312,144000,86.915,86.93,86.86,86.91,747226,0
TLT.US,5,20260312,144500,86.9,86.935,86.88,86.93,743512,0
TLT.US,5,20260312,145000,86.93,87.015,86.93,87.0036,460876,0
TLT.US,5,20260312,145500,87.0039,87.055,86.975,87.04,388923,0
TLT.US,5,20260312,150000,87.05,87.13,87.05,87.095,531069,0
TLT.US,5,20260312,150500,87.1,87.14,87.07,87.09,340085,0
TLT.US,5,20260312,151000,87.09,87.095,87.04,87.06,428536,0
TLT.US,5,20260312,151500,87.055,87.1,87.045,87.09,363852,0
TLT.US,5,20260312,152000,87.09,87.1361,87.055,87.09,458437,0
TLT.US,5,20260312,152500,87.095,87.145,87.0702,87.0702,305194,0
TLT.US,5,20260312,153000,87.08,87.09,87.03,87.055,336675,0
TLT.US,5,20260312,153500,87.055,87.085,87.01,87.025,464962,0
TLT.US,5,20260312,154000,87.03,87.115,87.03,87.115,309945,0
TLT.US,5,20260312,154500,87.115,87.19,87.055,87.065,664392,0
TLT.US,5,20260312,155000,87.06,87.15,87.06,87.15,595833,0
TLT.US,5,20260312,155500,87.15,87.17,87.11,87.1324,421605,0
TLT.US,5,20260312,160000,87.135,87.155,86.98,86.99,631975,0
TLT.US,5,20260312,160500,87,87.03,86.94,86.94,474359,0
TLT.US,5,20260312,161000,86.94,86.97,86.8999,86.97,1058859,0
TLT.US,5,20260312,161500,86.965,86.965,86.91,86.91,335409,0
TLT.US,5,20260312,162000,86.91,86.935,86.88,86.9034,552287,0
TLT.US,5,20260312,162500,86.9007,86.93,86.87,86.8999,420653,0
TLT.US,5,20260312,163000,86.895,86.9299,86.88,86.92,578257,0
TLT.US,5,20260312,163500,86.92,87.09,86.92,87.07,467395,0
TLT.US,5,20260312,164000,87.08,87.12,87.015,87.0901,816150,0
TLT.US,5,20260312,164500,87.09,87.11,87.02,87.02,446271,0
TLT.US,5,20260312,165000,87.02,87.06,86.995,87.005,344516,0
TLT.US,5,20260312,165500,87.008,87.0299,86.98,86.985,354052,0
TLT.US,5,20260312,170000,86.985,86.995,86.93,86.955,333884,0
TLT.US,5,20260312,170500,86.95,86.985,86.9,86.905,700736,0
TLT.US,5,20260312,171000,86.91,86.975,86.91,86.96,369190,0
TLT.US,5,20260312,171500,86.95,87.01,86.935,86.985,287187,0
TLT.US,5,20260312,172000,86.9921,87.07,86.99,87.0078,607494,0
TLT.US,5,20260312,172500,87.005,87.005,86.95,86.97,376549,0
TLT.US,5,20260312,173000,86.95,87.03,86.9401,87.0222,399026,0
TLT.US,5,20260312,173500,87.0278,87.1,87.01,87.09,492839,0
TLT.US,5,20260312,174000,87.08,87.11,87.0696,87.085,345948,0
TLT.US,5,20260312,174500,87.085,87.11,87.0679,87.11,266694,0
TLT.US,5,20260312,175000,87.1,87.125,87.0378,87.055,845340,0
TLT.US,5,20260312,175500,87.055,87.06,87,87,208120,0
TLT.US,5,20260312,180000,87.01,87.15,87,87.13,704452,0
TLT.US,5,20260312,180500,87.12,87.165,87.09,87.108,418874,0
TLT.US,5,20260312,181000,87.105,87.1499,87.1,87.105,575553,0
TLT.US,5,20260312,181500,87.1,87.1202,87.0722,87.08,205871,0
TLT.US,5,20260312,182000,87.0791,87.14,87.075,87.105,355497,0
TLT.US,5,20260312,182500,87.11,87.19,87.11,87.1521,507216,0
TLT.US,5,20260312,183000,87.16,87.225,87.16,87.20416,386952,0
TLT.US,5,20260312,183500,87.2,87.245,87.2,87.225,490837,0
TLT.US,5,20260312,184000,87.225,87.24,87.14,87.15,360390,0
TLT.US,5,20260312,184500,87.15,87.18,87.11,87.18,399380,0
TLT.US,5,20260312,185000,87.17,87.18,87.13,87.15,248189,0
TLT.US,5,20260312,185500,87.155,87.16,87.1101,87.12,297417,0
TLT.US,5,20260312,190000,87.12,87.135,87.08,87.085,354708,0
TLT.US,5,20260312,190500,87.09,87.138,87.07,87.1301,274779,0
TLT.US,5,20260312,191000,87.14,87.16,87.1199,87.12,398493,0
TLT.US,5,20260312,191500,87.13,87.145,87.08,87.1,157795,0
TLT.US,5,20260312,192000,87.105,87.105,87.05,87.0701,287279,0
TLT.US,5,20260312,192500,87.08,87.13,87.08,87.081,171058,0
TLT.US,5,20260312,193000,87.08,87.12,87.0699,87.109,135307,0
TLT.US,5,20260312,193500,87.11,87.12,87.09,87.105,170766,0
TLT.US,5,20260312,194000,87.105,87.12,87.07,87.1,133341,0
TLT.US,5,20260312,194500,87.1025,87.11,87.065,87.085,231447,0
TLT.US,5,20260312,195000,87.0899,87.1077,87.05,87.05,282064,0
TLT.US,5,20260312,195500,87.055,87.055,86.89,86.905,690060,0
TLT.US,5,20260312,200000,86.905,86.92,86.845,86.92,641886,0
TLT.US,5,20260312,200500,86.92,86.95,86.905,86.9201,658591,0
TLT.US,5,20260312,201000,86.925,86.95,86.8799,86.8999,601616,0
TLT.US,5,20260312,201500,86.9,86.92,86.88,86.91,225274,0
TLT.US,5,20260312,202000,86.91,86.935,86.89,86.925,369999,0
TLT.US,5,20260312,202500,86.925,86.93,86.8798,86.9029,410710,0
TLT.US,5,20260312,203000,86.905,87,86.9,86.995,505840,0
TLT.US,5,20260312,203500,87,87.04,86.99,87.005,595058,0
TLT.US,5,20260312,204000,87.01,87.05,87.01,87.045,617023,0
TLT.US,5,20260312,204500,87.04,87.075,87.025,87.075,811059,0
TLT.US,5,20260312,205000,87.07,87.07,87.04,87.045,634260,0
TLT.US,5,20260312,205500,87.04,87.05,86.97,86.97,2955799,0
TLT.US,5,20260313,143000,86.925,87,86.92,86.96,707913,0
TLT.US,5,20260313,143500,86.96,87.045,86.95,87.045,500291,0
TLT.US,5,20260313,144000,87.05,87.05,87,87.04,326541,0
TLT.US,5,20260313,144500,87.04,87.06,87,87.04,537219,0
TLT.US,5,20260313,145000,87.035,87.145,87.035,87.135,425618,0
TLT.US,5,20260313,145500,87.13,87.14,87.09,87.105,498494,0
TLT.US,5,20260313,150000,87.1,87.13,87.07,87.1199,636491,0
TLT.US,5,20260313,150500,87.115,87.12,87.05,87.05,421958,0
TLT.US,5,20260313,151000,87.05,87.05,87.0199,87.035,635762,0
TLT.US,5,20260313,151500,87.03,87.095,86.99,87.085,565807,0
TLT.US,5,20260313,152000,87.085,87.135,87.05,87.058,395145,0
TLT.US,5,20260313,152500,87.06,87.075,87.01,87.0201,524186,0
TLT.US,5,20260313,153000,87.02,87.12,87.02,87.085,400902,0
TLT.US,5,20260313,153500,87.085,87.09,86.99,86.99,514203,0
TLT.US,5,20260313,154000,86.99,87,86.885,86.8972,641575,0
TLT.US,5,20260313,154500,86.89,86.96,86.89,86.955,506284,0
TLT.US,5,20260313,155000,86.95669,87,86.935,86.9385,826508,0
TLT.US,5,20260313,155500,86.93,86.975,86.915,86.96,210013,0
TLT.US,5,20260313,160000,86.955,86.97,86.75,86.79,834984,0
TLT.US,5,20260313,160500,86.7899,86.81,86.7601,86.785,342820,0
TLT.US,5,20260313,161000,86.78,86.78,86.7,86.745,607656,0
TLT.US,5,20260313,161500,86.75,86.75,86.7,86.725,267036,0
TLT.US,5,20260313,162000,86.72,86.7399,86.64,86.645,349146,0
TLT.US,5,20260313,162500,86.645,86.69,86.6234,86.67,658000,0
TLT.US,5,20260313,163000,86.665,86.72,86.63,86.7172,343827,0
TLT.US,5,20260313,163500,86.715,86.72,86.5801,86.6,475469,0
TLT.US,5,20260313,164000,86.6,86.6,86.54,86.5799,689659,0
TLT.US,5,20260313,164500,86.5702,86.655,86.55,86.6,670927,0
TLT.US,5,20260313,165000,86.6099,86.61,86.52,86.535,463277,0
TLT.US,5,20260313,165500,86.5305,86.54,86.505,86.515,533524,0
TLT.US,5,20260313,170000,86.5161,86.56,86.5,86.55,343299,0
TLT.US,5,20260313,170500,86.54,86.565,86.52,86.53,367810,0
TLT.US,5,20260313,171000,86.53,86.56,86.505,86.515,226622,0
TLT.US,5,20260313,171500,86.51,86.57,86.49,86.545,455271,0
TLT.US,5,20260313,172000,86.5499,86.59,86.5401,86.56,357135,0
TLT.US,5,20260313,172500,86.56,86.58,86.535,86.54,267752,0
TLT.US,5,20260313,173000,86.54,86.56,86.5,86.53,508060,0
TLT.US,5,20260313,173500,86.53,86.56,86.5001,86.515,291328,0
TLT.US,5,20260313,174000,86.51,86.52,86.48,86.495,310097,0
TLT.US,5,20260313,174500,86.5,86.53,86.49,86.525,266292,0
TLT.US,5,20260313,175000,86.525,86.5501,86.525,86.545,156794,0
TLT.US,5,20260313,175500,86.545,86.56,86.51,86.5375,240013,0
TLT.US,5,20260313,180000,86.54,86.565,86.49,86.495,157627,0
TLT.US,5,20260313,180500,86.49,86.52,86.47,86.505,265099,0
TLT.US,5,20260313,181000,86.5,86.565,86.48,86.55,313220,0
TLT.US,5,20260313,181500,86.55,86.58251,86.55,86.57,195786,0
TLT.US,5,20260313,182000,86.5719,86.585,86.54,86.5707,299170,0
TLT.US,5,20260313,182500,86.57,86.58,86.55,86.55,150310,0
TLT.US,5,20260313,183000,86.5553,86.59,86.53,86.552,447694,0
TLT.US,5,20260313,183500,86.56,86.605,86.55,86.6,143132,0
TLT.US,5,20260313,184000,86.6,86.6299,86.59,86.62,319857,0
TLT.US,5,20260313,184500,86.625,86.6399,86.57,86.57,278176,0
TLT.US,5,20260313,185000,86.575,86.58,86.55,86.5599,150091,0
TLT.US,5,20260313,185500,86.55,86.58,86.55,86.555,130975,0
TLT.US,5,20260313,190000,86.56,86.57,86.5318,86.5599,234468,0
TLT.US,5,20260313,190500,86.55,86.56,86.54,86.545,101543,0
TLT.US,5,20260313,191000,86.545,86.56,86.535,86.555,120036,0
TLT.US,5,20260313,191500,86.56,86.57,86.51,86.5201,174222,0
TLT.US,5,20260313,192000,86.53,86.56,86.52,86.5532,86908,0
TLT.US,5,20260313,192500,86.5598,86.575,86.5402,86.55,142437,0
TLT.US,5,20260313,193000,86.55,86.58,86.545,86.575,108273,0
TLT.US,5,20260313,193500,86.58,86.59,86.565,86.57,85767,0
TLT.US,5,20260313,194000,86.5701,86.61,86.56,86.6,249567,0
TLT.US,5,20260313,194500,86.6,86.63,86.59,86.63,175200,0
TLT.US,5,20260313,195000,86.62,86.63,86.595,86.595,291735,0
TLT.US,5,20260313,195500,86.6,86.62,86.575,86.59,345136,0
TLT.US,5,20260313,200000,86.58,86.62,86.58,86.6192,235570,0
TLT.US,5,20260313,200500,86.6151,86.63,86.59,86.63,271305,0
TLT.US,5,20260313,201000,86.63,86.65,86.61,86.61,216160,0
TLT.US,5,20260313,201500,86.615,86.667,86.6,86.6379,771771,0
TLT.US,5,20260313,202000,86.63,86.65,86.625,86.64,273149,0
TLT.US,5,20260313,202500,86.64,86.64,86.585,86.59,250688,0
TLT.US,5,20260313,203000,86.5999,86.62,86.58,86.615,373980,0
TLT.US,5,20260313,203500,86.6107,86.62,86.61,86.615,223620,0
TLT.US,5,20260313,204000,86.615,86.615,86.58,86.6,589585,0
TLT.US,5,20260313,204500,86.605,86.605,86.56,86.59,887179,0
TLT.US,5,20260313,205000,86.585,86.59,86.54,86.545,1553207,0
TLT.US,5,20260313,205500,86.545,86.57,86.54,86.54,6929856,0
TLT.US,5,20260316,143000,87.18,87.18,87.14,87.1593,834362,0
TLT.US,5,20260316,143500,87.16,87.2078,87.13,87.19,562599,0
TLT.US,5,20260316,144000,87.193,87.265,87.18,87.2601,965080,0
TLT.US,5,20260316,144500,87.265,87.3,87.26,87.29,592700,0
TLT.US,5,20260316,145000,87.29,87.32,87.25,87.255,845090,0
TLT.US,5,20260316,145500,87.25,87.34,87.25,87.315,596480,0
TLT.US,5,20260316,150000,87.31,87.31,87.26,87.265,875556,0
TLT.US,5,20260316,150500,87.265,87.325,87.24,87.3104,585742,0
TLT.US,5,20260316,151000,87.31,87.33,87.29,87.3,401036,0
TLT.US,5,20260316,151500,87.3,87.3,87.235,87.245,593920,0
TLT.US,5,20260316,152000,87.245,87.3,87.24,87.27,283308,0
TLT.US,5,20260316,152500,87.28,87.2974,87.27,87.295,213981,0
TLT.US,5,20260316,153000,87.29,87.29,87.225,87.225,454742,0
TLT.US,5,20260316,153500,87.22,87.22,87.145,87.16,628146,0
TLT.US,5,20260316,154000,87.1601,87.18,87.105,87.115,572243,0
TLT.US,5,20260316,154500,87.115,87.15,87.08,87.11,526471,0
TLT.US,5,20260316,155000,87.115,87.155,87.1001,87.155,376019,0
TLT.US,5,20260316,155500,87.155,87.165,87.1301,87.155,470609,0
TLT.US,5,20260316,160000,87.155,87.205,87.15,87.17,359684,0
TLT.US,5,20260316,160500,87.165,87.169,87.13,87.1622,336309,0
TLT.US,5,20260316,161000,87.16,87.165,87.12,87.145,297177,0
TLT.US,5,20260316,161500,87.14,87.17,87.125,87.164,192035,0
TLT.US,5,20260316,162000,87.165,87.18,87.145,87.165,184143,0
TLT.US,5,20260316,162500,87.165,87.205,87.15,87.2,319896,0
TLT.US,5,20260316,163000,87.2,87.22,87.185,87.215,442269,0
TLT.US,5,20260316,163500,87.215,87.25,87.21,87.235,259652,0
TLT.US,5,20260316,164000,87.235,87.24,87.214,87.24,260390,0
TLT.US,5,20260316,164500,87.2375,87.25,87.22,87.235,227965,0
TLT.US,5,20260316,165000,87.2335,87.236,87.14,87.14,384126,0
TLT.US,5,20260316,165500,87.14,87.14,87.045,87.09,562777,0
TLT.US,5,20260316,170000,87.09,87.0999,87.035,87.045,417783,0
TLT.US,5,20260316,170500,87.045,87.0959,87.04,87.0851,230088,0
TLT.US,5,20260316,171000,87.08,87.1,87.06,87.0875,115503,0
TLT.US,5,20260316,171500,87.09,87.14,87.09,87.126,615641,0
TLT.US,5,20260316,172000,87.12,87.12,87.04,87.04,284363,0
TLT.US,5,20260316,172500,87.035,87.07,87.015,87.02,317141,0
TLT.US,5,20260316,173000,87.025,87.04,86.96,87,511941,0
TLT.US,5,20260316,173500,87,87.04,87,87.025,189689,0
TLT.US,5,20260316,174000,87.02,87.06,87.02,87.0327,94867,0
TLT.US,5,20260316,174500,87.03,87.03,86.99,87.02,185828,0
TLT.US,5,20260316,175000,87.02,87.04,87.01,87.0101,162795,0
TLT.US,5,20260316,175500,87.015,87.02,86.98,86.995,194936,0
TLT.US,5,20260316,180000,86.992,87.07,86.992,87.015,333324,0
TLT.US,5,20260316,180500,87.0199,87.06,87.0101,87.03,191437,0
TLT.US,5,20260316,181000,87.035,87.08,87.035,87.06,168047,0
TLT.US,5,20260316,181500,87.06,87.07,87.03,87.0601,152021,0
TLT.US,5,20260316,182000,87.0601,87.105,87.0585,87.06,138655,0
TLT.US,5,20260316,182500,87.06,87.11,87.06,87.08,354546,0
TLT.US,5,20260316,183000,87.08,87.115,87.075,87.1,659034,0
TLT.US,5,20260316,183500,87.0934,87.125,87.0933,87.1097,151076,0
TLT.US,5,20260316,184000,87.11,87.16,87.104,87.13,220024,0
TLT.US,5,20260316,184500,87.13,87.195,87.13,87.1585,352083,0
TLT.US,5,20260316,185000,87.16,87.1951,87.15,87.195,170162,0
TLT.US,5,20260316,185500,87.191,87.205,87.18,87.195,243969,0
TLT.US,5,20260316,190000,87.2,87.23,87.2,87.225,269655,0
TLT.US,5,20260316,190500,87.2201,87.25,87.215,87.24,160206,0
TLT.US,5,20260316,191000,87.235,87.25,87.1901,87.22,248904,0
TLT.US,5,20260316,191500,87.215,87.24,87.21,87.2199,198326,0
TLT.US,5,20260316,192000,87.21,87.23,87.19,87.22,60693,0
TLT.US,5,20260316,192500,87.22,87.28,87.22,87.27,182622,0
TLT.US,5,20260316,193000,87.269,87.28,87.23,87.25,352522,0
TLT.US,5,20260316,193500,87.25,87.27,87.23,87.265,249151,0
TLT.US,5,20260316,194000,87.26,87.29,87.254,87.285,231747,0
TLT.US,5,20260316,194500,87.285,87.3,87.28,87.285,118757,0
TLT.US,5,20260316,195000,87.285,87.29,87.28,87.285,144758,0
TLT.US,5,20260316,195500,87.285,87.315,87.28,87.29,514583,0
TLT.US,5,20260316,200000,87.295,87.3,87.265,87.294,258916,0
TLT.US,5,20260316,200500,87.295,87.3,87.285,87.295,62323,0
TLT.US,5,20260316,201000,87.295,87.33,87.2762,87.2762,238788,0
TLT.US,5,20260316,201500,87.28,87.3,87.255,87.265,767152,0
TLT.US,5,20260316,202000,87.2615,87.2999,87.25,87.285,147994,0
TLT.US,5,20260316,202500,87.285,87.29,87.262,87.28,292479,0
TLT.US,5,20260316,203000,87.2775,87.285,87.23,87.245,198873,0
TLT.US,5,20260316,203500,87.245,87.26,87.24,87.24,364560,0
TLT.US,5,20260316,204000,87.24,87.25,87.2201,87.225,252036,0
TLT.US,5,20260316,204500,87.22,87.23,87.19,87.2,679829,0
TLT.US,5,20260316,205000,87.2,87.21,87.17,87.18,959917,0
TLT.US,5,20260316,205500,87.185,87.22,87.18,87.21,5036107,0
TLT.US,5,20260317,143000,87.36,87.45,87.36,87.43,687305,0
TLT.US,5,20260317,143500,87.42,87.43,87.375,87.3899,413053,0
TLT.US,5,20260317,144000,87.38,87.395,87.315,87.325,349254,0
TLT.US,5,20260317,144500,87.32,87.37,87.32,87.355,277344,0
TLT.US,5,20260317,145000,87.355,87.365,87.33,87.365,204175,0
TLT.US,5,20260317,145500,87.37,87.395,87.36,87.38,107954,0
TLT.US,5,20260317,150000,87.375,87.41,87.37,87.4001,265609,0
TLT.US,5,20260317,150500,87.405,87.465,87.395,87.455,195605,0
TLT.US,5,20260317,151000,87.45,87.45,87.4,87.425,345289,0
TLT.US,5,20260317,151500,87.4229,87.445,87.3902,87.405,291979,0
TLT.US,5,20260317,152000,87.4,87.445,87.4,87.44,132624,0
TLT.US,5,20260317,152500,87.44,87.44,87.4,87.41,197007,0
TLT.US,5,20260317,153000,87.42,87.4451,87.395,87.445,411693,0
TLT.US,5,20260317,153500,87.45,87.475,87.405,87.415,345674,0
TLT.US,5,20260317,154000,87.415,87.465,87.405,87.45,203748,0
TLT.US,5,20260317,154500,87.455,87.51,87.445,87.505,163243,0
TLT.US,5,20260317,155000,87.51,87.5199,87.46,87.47,228375,0
TLT.US,5,20260317,155500,87.465,87.49,87.45,87.485,128933,0
TLT.US,5,20260317,160000,87.49,87.51,87.46,87.4901,227323,0
TLT.US,5,20260317,160500,87.49,87.5,87.455,87.46,218817,0
TLT.US,5,20260317,161000,87.465,87.49,87.45,87.455,142352,0
TLT.US,5,20260317,161500,87.45938,87.52,87.45938,87.51,195637,0
TLT.US,5,20260317,162000,87.51,87.55,87.5,87.52,166339,0
TLT.US,5,20260317,162500,87.525,87.54,87.505,87.51,247911,0
TLT.US,5,20260317,163000,87.51,87.54,87.45,87.45,260951,0
TLT.US,5,20260317,163500,87.455,87.48,87.455,87.47,112127,0
TLT.US,5,20260317,164000,87.46,87.5,87.45,87.49,176114,0
TLT.US,5,20260317,164500,87.5,87.5,87.45,87.46,147989,0
TLT.US,5,20260317,165000,87.46,87.49,87.45,87.49,120493,0
TLT.US,5,20260317,165500,87.4801,87.5,87.474,87.475,138139,0
TLT.US,5,20260317,170000,87.48,87.51,87.45,87.4562,205090,0
TLT.US,5,20260317,170500,87.455,87.4777,87.41,87.44,508400,0
TLT.US,5,20260317,171000,87.44,87.48,87.43,87.45,396432,0
TLT.US,5,20260317,171500,87.45,87.51,87.44,87.49,343189,0
TLT.US,5,20260317,172000,87.495,87.5418,87.49,87.5299,119637,0
TLT.US,5,20260317,172500,87.52,87.56,87.51,87.5551,233898,0
TLT.US,5,20260317,173000,87.55,87.57,87.52,87.5401,209122,0
TLT.US,5,20260317,173500,87.545,87.55,87.4635,87.4635,102235,0
TLT.US,5,20260317,174000,87.47,87.47,87.43,87.45,218040,0
TLT.US,5,20260317,174500,87.4551,87.47,87.4401,87.46,124847,0
TLT.US,5,20260317,175000,87.46,87.47,87.45,87.46,89376,0
TLT.US,5,20260317,175500,87.45,87.46,87.44,87.45,155601,0
TLT.US,5,20260317,180000,87.455,87.535,87.44,87.535,298814,0
TLT.US,5,20260317,180500,87.53,87.54,87.51,87.525,133158,0
TLT.US,5,20260317,181000,87.525,87.525,87.48,87.49,143554,0
TLT.US,5,20260317,181500,87.4815,87.51,87.48,87.49,91390,0
TLT.US,5,20260317,182000,87.49,87.505,87.47,87.49,147877,0
TLT.US,5,20260317,182500,87.495,87.5,87.46,87.49,132195,0
TLT.US,5,20260317,183000,87.49,87.53,87.49,87.5227,122792,0
TLT.US,5,20260317,183500,87.522,87.535,87.5,87.53,93415,0
TLT.US,5,20260317,184000,87.525,87.525,87.47,87.48,119662,0
TLT.US,5,20260317,184500,87.48,87.49,87.46,87.47,64618,0
TLT.US,5,20260317,185000,87.47,87.48,87.47,87.475,46876,0
TLT.US,5,20260317,185500,87.475,87.51,87.47,87.51,102890,0
TLT.US,5,20260317,190000,87.505,87.51,87.455,87.465,131469,0
TLT.US,5,20260317,190500,87.465,87.4877,87.45,87.48,223849,0
TLT.US,5,20260317,191000,87.475,87.485,87.47,87.4801,33214,0
TLT.US,5,20260317,191500,87.48,87.49,87.46,87.47,68124,0
TLT.US,5,20260317,192000,87.4601,87.485,87.44,87.44,57556,0
TLT.US,5,20260317,192500,87.44,87.46,87.43,87.455,147504,0
TLT.US,5,20260317,193000,87.4599,87.4599,87.425,87.435,116117,0
TLT.US,5,20260317,193500,87.43,87.4301,87.4,87.405,95029,0
TLT.US,5,20260317,194000,87.405,87.43,87.395,87.4,179306,0
TLT.US,5,20260317,194500,87.41,87.4399,87.4,87.4,120224,0
TLT.US,5,20260317,195000,87.4,87.44,87.4,87.43,103026,0
TLT.US,5,20260317,195500,87.44,87.46,87.4,87.4,195859,0
TLT.US,5,20260317,200000,87.41,87.4399,87.3802,87.43,121345,0
TLT.US,5,20260317,200500,87.44,87.44,87.43,87.44,48256,0
TLT.US,5,20260317,201000,87.44,87.44,87.42,87.43,79028,0
TLT.US,5,20260317,201500,87.42,87.46,87.4101,87.46,108671,0
TLT.US,5,20260317,202000,87.46,87.47,87.44,87.4601,103479,0
TLT.US,5,20260317,202500,87.46,87.465,87.45,87.455,46139,0
TLT.US,5,20260317,203000,87.4592,87.485,87.4401,87.445,211250,0
TLT.US,5,20260317,203500,87.45,87.4599,87.43,87.455,186892,0
TLT.US,5,20260317,204000,87.45,87.4699,87.43,87.45,119637,0
TLT.US,5,20260317,204500,87.455,87.51,87.4501,87.505,304431,0
TLT.US,5,20260317,205000,87.5,87.54,87.48,87.48,1132948,0
TLT.US,5,20260317,205500,87.485,87.5,87.45,87.45,2446418,0
TLT.US,5,20260318,143000,87.35,87.385,87.32,87.34,468178,0
TLT.US,5,20260318,143500,87.335,87.3459,87.29,87.3301,291196,0
TLT.US,5,20260318,144000,87.335,87.365,87.31,87.315,290770,0
TLT.US,5,20260318,144500,87.315,87.336,87.28,87.3,410721,0
TLT.US,5,20260318,145000,87.3,87.31,87.24,87.265,416373,0
TLT.US,5,20260318,145500,87.2699,87.31,87.26,87.31,302471,0
TLT.US,5,20260318,150000,87.31,87.35,87.3,87.34,590022,0
TLT.US,5,20260318,150500,87.3499,87.37,87.32,87.32,190986,0
TLT.US,5,20260318,151000,87.319,87.32,87.21,87.23,335169,0
TLT.US,5,20260318,151500,87.225,87.2599,87.2238,87.25,144607,0
TLT.US,5,20260318,152000,87.245,87.26,87.215,87.234,563481,0
TLT.US,5,20260318,152500,87.23,87.25,87.2101,87.235,267188,0
TLT.US,5,20260318,153000,87.23,87.2599,87.22,87.225,461439,0
TLT.US,5,20260318,153500,87.225,87.24,87.2,87.2313,266996,0
TLT.US,5,20260318,154000,87.2399,87.2399,87.16,87.195,355310,0
TLT.US,5,20260318,154500,87.195,87.215,87.165,87.185,456648,0
TLT.US,5,20260318,155000,87.18,87.265,87.18,87.26,294866,0
TLT.US,5,20260318,155500,87.26,87.27,87.23,87.27,295002,0
TLT.US,5,20260318,160000,87.265,87.315,87.26,87.26,489389,0
TLT.US,5,20260318,160500,87.265,87.3161,87.245,87.29,370947,0
TLT.US,5,20260318,161000,87.28,87.3001,87.26,87.28,283432,0
TLT.US,5,20260318,161500,87.28,87.28,87.25,87.255,108154,0
TLT.US,5,20260318,162000,87.25,87.2501,87.215,87.245,106550,0
TLT.US,5,20260318,162500,87.25,87.3,87.25,87.27,170677,0
TLT.US,5,20260318,163000,87.26,87.2899,87.255,87.2699,200741,0
TLT.US,5,20260318,163500,87.265,87.305,87.25,87.294,116177,0
TLT.US,5,20260318,164000,87.3,87.32,87.285,87.2899,98036,0
TLT.US,5,20260318,164500,87.29,87.29,87.2332,87.245,264789,0
TLT.US,5,20260318,165000,87.24,87.275,87.22,87.275,371741,0
TLT.US,5,20260318,165500,87.27,87.29,87.26,87.286,156472,0
TLT.US,5,20260318,170000,87.29,87.3,87.2534,87.295,206342,0
TLT.US,5,20260318,170500,87.2908,87.3,87.26,87.26,107072,0
TLT.US,5,20260318,171000,87.25,87.26,87.2197,87.25,170775,0
TLT.US,5,20260318,171500,87.25,87.29,87.2479,87.29,223280,0
TLT.US,5,20260318,172000,87.29,87.3499,87.29,87.345,140290,0
TLT.US,5,20260318,172500,87.35,87.36,87.335,87.35,148215,0
TLT.US,5,20260318,173000,87.345,87.36,87.301,87.31,411089,0
TLT.US,5,20260318,173500,87.315,87.355,87.285,87.3499,446245,0
TLT.US,5,20260318,174000,87.345,87.36,87.3297,87.3368,151202,0
TLT.US,5,20260318,174500,87.335,87.35,87.3131,87.34,92353,0
TLT.US,5,20260318,175000,87.34,87.345,87.325,87.325,153295,0
TLT.US,5,20260318,175500,87.325,87.36,87.32,87.335,136771,0
TLT.US,5,20260318,180000,87.337,87.337,87.3,87.305,63051,0
TLT.US,5,20260318,180500,87.31,87.31,87.2701,87.275,92940,0
TLT.US,5,20260318,181000,87.27,87.27,87.24,87.2499,182463,0
TLT.US,5,20260318,181500,87.245,87.27,87.22,87.26,160184,0
TLT.US,5,20260318,182000,87.26,87.2897,87.255,87.26,123210,0
TLT.US,5,20260318,182500,87.263,87.27,87.23,87.24,69584,0
TLT.US,5,20260318,183000,87.25,87.32,87.25,87.32,138437,0
TLT.US,5,20260318,183500,87.3199,87.33,87.3,87.314,125983,0
TLT.US,5,20260318,184000,87.31,87.33,87.3,87.3099,107364,0
TLT.US,5,20260318,184500,87.3025,87.36,87.3025,87.335,190205,0
TLT.US,5,20260318,185000,87.34,87.39,87.3338,87.39,254377,0
TLT.US,5,20260318,185500,87.3801,87.4,87.325,87.345,461873,0
TLT.US,5,20260318,190000,87.35,87.48,87.335,87.4798,1033439,0
TLT.US,5,20260318,190500,87.48,87.48,87.43,87.4301,115292,0
TLT.US,5,20260318,191000,87.44,87.4677,87.415,87.45,392345,0
TLT.US,5,20260318,191500,87.45,87.455,87.34,87.38,525783,0
TLT.US,5,20260318,192000,87.38,87.41,87.375,87.4,132909,0
TLT.US,5,20260318,192500,87.4,87.4672,87.395,87.455,337619,0
TLT.US,5,20260318,193000,87.455,87.46,87.345,87.37,672181,0
TLT.US,5,20260318,193500,87.37,87.39,87.19,87.2051,836896,0
TLT.US,5,20260318,194000,87.21,87.25,87.18,87.19,838920,0
TLT.US,5,20260318,194500,87.18412,87.2,87.14,87.152,821292,0
TLT.US,5,20260318,195000,87.15,87.155,87.0399,87.065,909664,0
TLT.US,5,20260318,195500,87.06,87.08,86.98,87.01,963237,0
TLT.US,5,20260318,200000,87.01,87.0499,86.99,87.04,910416,0
TLT.US,5,20260318,200500,87.04,87.1,87.03,87.095,439984,0
TLT.US,5,20260318,201000,87.09,87.09,87.01,87.02,484071,0
TLT.US,5,20260318,201500,87.02,87.04,86.985,86.985,334989,0
TLT.US,5,20260318,202000,86.99,87.005,86.955,86.975,337481,0
TLT.US,5,20260318,202500,86.975,87.015,86.96,87,317131,0
TLT.US,5,20260318,203000,87.01,87.065,86.995,87.06,361948,0
TLT.US,5,20260318,203500,87.06,87.0899,87.01,87.039,530043,0
TLT.US,5,20260318,204000,87.03,87.05,86.98,86.9899,567498,0
TLT.US,5,20260318,204500,86.985,87,86.96,86.99,523249,0
TLT.US,5,20260318,205000,86.985,87,86.96,86.975,812291,0
TLT.US,5,20260318,205500,86.98,86.98,86.93,86.955,7084292,0
TLT.US,5,20260319,143000,87.06,87.06,86.97,87.045,770943,0
TLT.US,5,20260319,143500,87.025,87.085,86.98,87.085,681795,0
TLT.US,5,20260319,144000,87.085,87.2,87.07,87.17,603503,0
TLT.US,5,20260319,144500,87.15,87.16,87.06,87.1,351508,0
TLT.US,5,20260319,145000,87.1,87.275,87.1,87.255,789864,0
TLT.US,5,20260319,145500,87.25,87.3,87.24,87.3,764126,0
TLT.US,5,20260319,150000,87.3,87.37,87.27,87.27,1273636,0
TLT.US,5,20260319,150500,87.27,87.3815,87.23,87.3815,1134340,0
TLT.US,5,20260319,151000,87.38,87.41,87.35,87.395,1024176,0
TLT.US,5,20260319,151500,87.4,87.405,87.31,87.375,797960,0
TLT.US,5,20260319,152000,87.375,87.4,87.31,87.34,582239,0
TLT.US,5,20260319,152500,87.34,87.35,87.23,87.285,1191860,0
TLT.US,5,20260319,153000,87.285,87.33,87.23,87.315,840044,0
TLT.US,5,20260319,153500,87.32,87.395,87.3101,87.375,539236,0
TLT.US,5,20260319,154000,87.375,87.415,87.36,87.395,472726,0
TLT.US,5,20260319,154500,87.394,87.415,87.36,87.38,682379,0
TLT.US,5,20260319,155000,87.375,87.39,87.325,87.33,382043,0
TLT.US,5,20260319,155500,87.33,87.33,87.285,87.305,269256,0
TLT.US,5,20260319,160000,87.3,87.405,87.295,87.405,450226,0
TLT.US,5,20260319,160500,87.4,87.47,87.39,87.46,370789,0
TLT.US,5,20260319,161000,87.46,87.49,87.43,87.49,305057,0
TLT.US,5,20260319,161500,87.485,87.485,87.38,87.38,451580,0
TLT.US,5,20260319,162000,87.38,87.39,87.33,87.33,363340,0
TLT.US,5,20260319,162500,87.3201,87.44,87.31,87.41,343576,0
TLT.US,5,20260319,163000,87.415,87.415,87.305,87.32,550472,0
TLT.US,5,20260319,163500,87.315,87.4199,87.31,87.41,495058,0
TLT.US,5,20260319,164000,87.41,87.455,87.385,87.39,505069,0
TLT.US,5,20260319,164500,87.3899,87.43,87.35,87.4101,615805,0
TLT.US,5,20260319,165000,87.41,87.505,87.385,87.475,544529,0
TLT.US,5,20260319,165500,87.475,87.52,87.455,87.51,397048,0
TLT.US,5,20260319,170000,87.51,87.58,87.4701,87.58,467222,0
TLT.US,5,20260319,170500,87.57,87.6599,87.57,87.6401,958545,0
TLT.US,5,20260319,171000,87.64,87.64,87.52,87.57,960138,0
TLT.US,5,20260319,171500,87.58,87.625,87.555,87.6,429185,0
TLT.US,5,20260319,172000,87.6,87.63,87.55,87.58,263975,0
TLT.US,5,20260319,172500,87.575,87.645,87.565,87.64,498737,0
TLT.US,5,20260319,173000,87.65,87.665,87.575,87.58,492309,0
TLT.US,5,20260319,173500,87.5777,87.66,87.565,87.655,729989,0
TLT.US,5,20260319,174000,87.655,87.675,87.57,87.5977,674053,0
TLT.US,5,20260319,174500,87.59,87.65,87.5684,87.6,354708,0
TLT.US,5,20260319,175000,87.5975,87.6499,87.57,87.6499,447831,0
TLT.US,5,20260319,175500,87.64,87.65,87.585,87.61,231531,0
TLT.US,5,20260319,180000,87.605,87.605,87.49,87.5,485468,0
TLT.US,5,20260319,180500,87.4921,87.495,87.4299,87.4299,328006,0
TLT.US,5,20260319,181000,87.4299,87.4899,87.41,87.47,267687,0
TLT.US,5,20260319,181500,87.47,87.49,87.455,87.485,304953,0
TLT.US,5,20260319,182000,87.48,87.505,87.455,87.49,510914,0
TLT.US,5,20260319,182500,87.485,87.51,87.44,87.4697,601594,0
TLT.US,5,20260319,183000,87.47,87.52,87.465,87.495,360347,0
TLT.US,5,20260319,183500,87.49,87.5,87.455,87.455,254678,0
TLT.US,5,20260319,184000,87.45,87.46,87.42,87.445,426795,0
TLT.US,5,20260319,184500,87.445,87.45,87.41,87.415,480302,0
TLT.US,5,20260319,185000,87.415,87.48,87.415,87.456,185185,0
TLT.US,5,20260319,185500,87.45,87.49,87.445,87.455,820386,0
TLT.US,5,20260319,190000,87.455,87.455,87.36,87.37,602521,0
TLT.US,5,20260319,190500,87.365,87.38,87.33,87.36,166924,0
TLT.US,5,20260319,191000,87.36,87.37,87.33,87.35,509427,0
TLT.US,5,20260319,191500,87.345,87.38,87.315,87.335,285463,0
TLT.US,5,20260319,192000,87.34,87.41,87.32,87.405,355419,0
TLT.US,5,20260319,192500,87.4099,87.41,87.37,87.375,476545,0
TLT.US,5,20260319,193000,87.3701,87.375,87.33,87.355,443280,0
TLT.US,5,20260319,193500,87.36,87.365,87.31,87.32,157694,0
TLT.US,5,20260319,194000,87.325,87.34,87.31,87.32,142022,0
TLT.US,5,20260319,194500,87.325,87.335,87.32,87.325,137512,0
TLT.US,5,20260319,195000,87.33,87.37,87.32,87.3601,140538,0
TLT.US,5,20260319,195500,87.365,87.37,87.33,87.34,518099,0
TLT.US,5,20260319,200000,87.34,87.5,87.335,87.485,424385,0
TLT.US,5,20260319,200500,87.49,87.68,87.485,87.65,1066864,0
TLT.US,5,20260319,201000,87.654,87.71,87.64,87.67,1081982,0
TLT.US,5,20260319,201500,87.6701,87.725,87.625,87.69,929562,0
TLT.US,5,20260319,202000,87.68,87.685,87.575,87.595,972002,0
TLT.US,5,20260319,202500,87.595,87.6,87.53,87.595,559627,0
TLT.US,5,20260319,203000,87.6,87.68,87.57,87.62,1069558,0
TLT.US,5,20260319,203500,87.61,87.63,87.58,87.62,582515,0
TLT.US,5,20260319,204000,87.62,87.63,87.59,87.615,500919,0
TLT.US,5,20260319,204500,87.615,87.6151,87.56,87.565,574648,0
TLT.US,5,20260319,205000,87.56,87.57,87.53,87.55,968475,0
TLT.US,5,20260319,205500,87.545,87.56,87.47,87.49,11137105,0
TLT.US,5,20260320,143000,86.81,86.86,86.785,86.85,952213,0
TLT.US,5,20260320,143500,86.85,86.86,86.781,86.81,915625,0
TLT.US,5,20260320,144000,86.81,86.86,86.78,86.829,705354,0
TLT.US,5,20260320,144500,86.82,86.8399,86.7,86.715,871681,0
TLT.US,5,20260320,145000,86.715,86.735,86.6601,86.675,617490,0
TLT.US,5,20260320,145500,86.675,86.69,86.54,86.54,1295331,0
TLT.US,5,20260320,150000,86.54,86.57,86.46,86.485,1163289,0
TLT.US,5,20260320,150500,86.485,86.52,86.36,86.36,1004392,0
TLT.US,5,20260320,151000,86.365,86.455,86.34,86.395,1068486,0
TLT.US,5,20260320,151500,86.39,86.41,86.31,86.34,1373344,0
TLT.US,5,20260320,152000,86.35,86.38,86.25,86.285,869848,0
TLT.US,5,20260320,152500,86.28,86.29,86.21,86.225,494798,0
TLT.US,5,20260320,153000,86.22,86.26,86.18,86.2,883292,0
TLT.US,5,20260320,153500,86.2,86.25,86.16,86.165,1078403,0
TLT.US,5,20260320,154000,86.16,86.17,86.11,86.12,872153,0
TLT.US,5,20260320,154500,86.12,86.17,86.1,86.12,955795,0
TLT.US,5,20260320,155000,86.125,86.13,86.04,86.04,980011,0
TLT.US,5,20260320,155500,86.05,86.08,86.02,86.065,1931654,0
TLT.US,5,20260320,160000,86.065,86.12,85.97,85.985,2768930,0
TLT.US,5,20260320,160500,85.98,86.03,85.95,85.97,2145539,0
TLT.US,5,20260320,161000,85.96,86.06,85.96,86.0599,545508,0
TLT.US,5,20260320,161500,86.055,86.065,85.91,85.92,989578,0
TLT.US,5,20260320,162000,85.9193,86.01,85.88,85.905,1378085,0
TLT.US,5,20260320,162500,85.905,85.96,85.86,85.907,850316,0
TLT.US,5,20260320,163000,85.91,85.99,85.8803,85.975,740807,0
TLT.US,5,20260320,163500,85.975,86.02,85.925,85.97,861354,0
TLT.US,5,20260320,164000,85.97,86,85.93,85.96,802380,0
TLT.US,5,20260320,164500,85.97,86.02,85.915,86.005,811416,0
TLT.US,5,20260320,165000,86.01,86.06,85.955,86.055,678818,0
TLT.US,5,20260320,165500,86.055,86.14,86.05,86.115,730457,0
TLT.US,5,20260320,170000,86.115,86.22,86.11,86.205,596036,0
TLT.US,5,20260320,170500,86.205,86.22,86.16,86.185,496348,0
TLT.US,5,20260320,171000,86.19,86.25,86.18,86.23,420863,0
TLT.US,5,20260320,171500,86.235,86.235,86.145,86.195,462879,0
TLT.US,5,20260320,172000,86.2,86.235,86.1,86.14,667365,0
TLT.US,5,20260320,172500,86.141,86.145,86.07,86.07,282554,0
TLT.US,5,20260320,173000,86.07,86.0867,86.02,86.075,378287,0
TLT.US,5,20260320,173500,86.08,86.1099,86.035,86.05,639980,0
TLT.US,5,20260320,174000,86.0501,86.06,86.01,86.04,372541,0
TLT.US,5,20260320,174500,86.04,86.045,85.96,85.975,642149,0
TLT.US,5,20260320,175000,85.98,86.05,85.98,86.035,473538,0
TLT.US,5,20260320,175500,86.035,86.145,86.035,86.135,607775,0
TLT.US,5,20260320,180000,86.1399,86.165,86.09,86.095,563059,0
TLT.US,5,20260320,180500,86.095,86.1,86.02,86.06,982167,0
TLT.US,5,20260320,181000,86.06,86.075,86.015,86.06,269673,0
TLT.US,5,20260320,181500,86.06,86.11,86.055,86.1002,310189,0
TLT.US,5,20260320,182000,86.105,86.195,86.09,86.1581,386838,0
TLT.US,5,20260320,182500,86.158,86.158,86.085,86.1,366178,0
TLT.US,5,20260320,183000,86.105,86.15,86.055,86.07,425618,0
TLT.US,5,20260320,183500,86.07,86.085,86,86.06,346738,0
TLT.US,5,20260320,184000,86.065,86.1199,86.055,86.095,323979,0
TLT.US,5,20260320,184500,86.09,86.095,86.045,86.065,292129,0
TLT.US,5,20260320,185000,86.065,86.09,86.025,86.0297,246296,0
TLT.US,5,20260320,185500,86.025,86.035,85.98,85.985,400471,0
TLT.US,5,20260320,190000,85.99,86.09,85.99,86.08,430929,0
TLT.US,5,20260320,190500,86.08,86.0999,86.015,86.025,196990,0
TLT.US,5,20260320,191000,86.02,86.025,85.9633,85.965,718466,0
TLT.US,5,20260320,191500,85.965,85.9774,85.91,85.95,291650,0
TLT.US,5,20260320,192000,85.95,85.98,85.83,85.845,999695,0
TLT.US,5,20260320,192500,85.845,85.87,85.8,85.83,628167,0
TLT.US,5,20260320,193000,85.84,85.87,85.81,85.83,490992,0
TLT.US,5,20260320,193500,85.825,85.85,85.815,85.85,314879,0
TLT.US,5,20260320,194000,85.8499,85.855,85.79,85.8299,372829,0
TLT.US,5,20260320,194500,85.825,85.86,85.8,85.84,554436,0
TLT.US,5,20260320,195000,85.84,85.84,85.78,85.785,454011,0
TLT.US,5,20260320,195500,85.79,85.82,85.77,85.8,831672,0
TLT.US,5,20260320,200000,85.81,85.86,85.805,85.815,545967,0
TLT.US,5,20260320,200500,85.815,85.825,85.78,85.78,326898,0
TLT.US,5,20260320,201000,85.785,85.8,85.76,85.775,433355,0
TLT.US,5,20260320,201500,85.775,85.805,85.76,85.78,319241,0
TLT.US,5,20260320,202000,85.775,85.835,85.7735,85.81,875049,0
TLT.US,5,20260320,202500,85.805,85.815,85.78,85.795,618781,0
TLT.US,5,20260320,203000,85.795,85.86,85.79,85.845,779772,0
TLT.US,5,20260320,203500,85.849,85.85,85.77,85.775,761484,0
TLT.US,5,20260320,204000,85.78,85.86,85.77,85.85,993786,0
TLT.US,5,20260320,204500,85.85,85.8599,85.8,85.805,801051,0
TLT.US,5,20260320,205000,85.805,85.82,85.79,85.805,1125601,0
TLT.US,5,20260320,205500,85.805,85.87,85.78,85.86,2334824,0
