<TICKER>,<PER>,<DATE>,<TIME>,<OPEN>,<HIGH>,<LOW>,<CLOSE>,<VOL>,<OPENINT>
SPY.US,5,20251027,143000,682.73,683.19,682.56,682.68,1691746,0
SPY.US,5,20251027,143500,682.69,682.89,682.115,682.835,1171942,0
SPY.US,5,20251027,144000,682.81,682.865,682.28,682.75,813580,0
SPY.US,5,20251027,144500,682.76,682.9,682.48,682.6,580869,0
SPY.US,5,20251027,145000,682.61,683,682.33,682.955,589255,0
SPY.US,5,20251027,145500,682.975,683.23,682.7488,683.08,580760,0
SPY.US,5,20251027,150000,683.09,683.61,682.91,683.365,906377,0
SPY.US,5,20251027,150500,683.36,683.6,683.355,683.395,642912,0
SPY.US,5,20251027,151000,683.4,683.41,683.02,683.23,460680,0
SPY.US,5,20251027,151500,683.23,683.27,682.53,682.5599,645128,0
SPY.US,5,20251027,152000,682.535,682.8,682.4,682.71,618222,0
SPY.US,5,20251027,152500,682.705,683.0607,682.515,683.04,802805,0
SPY.US,5,20251027,153000,683.03,683.13,682.76,683.06,518423,0
SPY.US,5,20251027,153500,683.06,683.33,683.04,683.08,462880,0
SPY.US,5,20251027,154000,683.08,683.335,683.015,683.32,459269,0
SPY.US,5,20251027,154500,683.34,683.36,682.98,683.1,351586,0
SPY.US,5,20251027,155000,683.095,683.11,682.57,682.76,408152,0
SPY.US,5,20251027,155500,682.74,682.98,682.595,682.69,388913,0
SPY.US,5,20251027,160000,682.69,682.92,682.6101,682.78,340251,0
SPY.US,5,20251027,160500,682.78,682.85,682.55,682.62,227172,0
SPY.US,5,20251027,161000,682.62,683.05,682.62,683.04,410677,0
SPY.US,5,20251027,161500,683.04,683.1,682.865,682.99,322857,0
SPY.US,5,20251027,162000,682.9959,683.14,682.875,683.14,340659,0
SPY.US,5,20251027,162500,683.13,683.37,683.13,683.36,311970,0
SPY.US,5,20251027,163000,683.36,683.53,683.33,683.44,500990,0
SPY.US,5,20251027,163500,683.45,683.48,683.26,683.44,296404,0
SPY.US,5,20251027,164000,683.435,683.6,683.43,683.56,247779,0
SPY.US,5,20251027,164500,683.57,683.575,683.305,683.39,271436,0
SPY.US,5,20251027,165000,683.39,683.39,683.2,683.25,282103,0
SPY.US,5,20251027,165500,683.24,683.465,683.2,683.42,257598,0
SPY.US,5,20251027,170000,683.4124,683.71,683.39,683.705,379719,0
SPY.US,5,20251027,170500,683.705,683.78,683.55,683.6801,406499,0
SPY.US,5,20251027,171000,683.69,683.69,683.54,683.62,285699,0
SPY.US,5,20251027,171500,683.62,683.63,683.46,683.46,235744,0
SPY.US,5,20251027,172000,683.47,683.625,683.375,683.615,256802,0
SPY.US,5,20251027,172500,683.6199,683.62,683.45,683.5,267286,0
SPY.US,5,20251027,173000,683.51,683.76,683.5058,683.695,363552,0
SPY.US,5,20251027,173500,683.69,683.77,683.551,683.57,227471,0
SPY.US,5,20251027,174000,683.56,683.72,683.52,683.65,234439,0
SPY.US,5,20251027,174500,683.655,683.695,683.54,683.67,146993,0
SPY.US,5,20251027,175000,683.67,683.8756,683.67,683.83,264653,0
SPY.US,5,20251027,175500,683.83,683.88,683.69,683.74,294782,0
SPY.US,5,20251027,180000,683.75,683.79,683.67,683.77,310025,0
SPY.US,5,20251027,180500,683.775,683.79,683.5603,683.5603,269537,0
SPY.US,5,20251027,181000,683.57,683.645,683.455,683.625,293264,0
SPY.US,5,20251027,181500,683.62,683.67,683.41,683.42,273803,0
SPY.US,5,20251027,182000,683.42,683.43,683.21,683.22,383363,0
SPY.US,5,20251027,182500,683.2101,683.445,683.17,683.4399,329587,0
SPY.US,5,20251027,183000,683.44,683.61,683.315,683.5899,259200,0
SPY.US,5,20251027,183500,683.585,683.785,683.511,683.78,215923,0
SPY.US,5,20251027,184000,683.77,683.97,683.73,683.93,820360,0
SPY.US,5,20251027,184500,683.94,683.99,683.85,683.9001,580303,0
SPY.US,5,20251027,185000,683.91,683.91,683.78,683.83,263450,0
SPY.US,5,20251027,185500,683.8201,683.95,683.81,683.94,378093,0
SPY.US,5,20251027,190000,683.93,683.96,683.76,683.89,311691,0
SPY.US,5,20251027,190500,683.89,683.94,683.81,683.9,168680,0
SPY.US,5,20251027,191000,683.91,683.9299,683.83,683.87,197610,0
SPY.US,5,20251027,191500,683.865,683.93,683.82,683.875,180459,0
SPY.US,5,20251027,192000,683.8701,683.965,683.86,683.865,184627,0
SPY.US,5,20251027,192500,683.87,683.9198,683.8,683.855,221319,0
SPY.US,5,20251027,193000,683.855,684.03,683.85,684,336523,0
SPY.US,5,20251027,193500,683.995,684.06,683.89,684,518528,0
SPY.US,5,20251027,194000,684.01,684.12,683.965,684.07,398539,0
SPY.US,5,20251027,194500,684.07,684.16,684.01,684.07,369947,0
SPY.US,5,20251027,195000,684.065,684.13,683.98,684.1,336466,0
SPY.US,5,20251027,195500,684.09,684.25,684.08,684.145,495948,0
SPY.US,5,20251027,200000,684.15,684.16,684.02,684.05,339862,0
SPY.US,5,20251027,200500,684.05,684.23,684.04,684.21,374662,0
SPY.US,5,20251027,201000,684.2,684.3,684.12,684.175,485763,0
SPY.US,5,20251027,201500,684.17,684.17,684,684.01,549048,0
SPY.US,5,20251027,202000,684.01,684.145,684,684.14,420002,0
SPY.US,5,20251027,202500,684.14,684.24,684.12,684.23,391940,0
SPY.US,5,20251027,203000,684.23,684.38,684.185,684.345,668920,0
SPY.US,5,20251027,203500,684.35,684.76,684.32,684.69,888592,0
SPY.US,5,20251027,204000,684.695,684.71,684.51,684.65,845427,0
SPY.US,5,20251027,204500,684.645,685.15,684.61,685.04,1812415,0
SPY.US,5,20251027,205000,685.05,685.53,684.99,685.49,2388338,0
SPY.US,5,20251027,205500,685.49,685.54,685.17,685.24,5058863,0
SPY.US,5,20251028,143000,687.05,687.225,686.66,686.8,1404822,0
SPY.US,5,20251028,143500,686.8,686.83,686.12,686.17,1097536,0
SPY.US,5,20251028,144000,686.18,686.29,685.86,685.96,693934,0
SPY.US,5,20251028,144500,685.97,686.0335,685.18,685.665,799698,0
SPY.US,5,20251028,145000,685.665,685.69,685.12,685.32,756270,0
SPY.US,5,20251028,145500,685.33,686.38,685.29,685.6201,883443,0
SPY.US,5,20251028,150000,685.71,685.9301,685.52,685.92,375835,0
SPY.US,5,20251028,150500,685.92,685.96,685.5,685.8,362272,0
SPY.US,5,20251028,151000,685.81,685.94,685.66,685.8,412682,0
SPY.US,5,20251028,151500,685.805,685.94,685.68,685.765,370010,0
SPY.US,5,20251028,152000,685.79,686.11,685.68,685.9,345275,0
SPY.US,5,20251028,152500,685.9,686.1582,685.71,686.13,378106,0
SPY.US,5,20251028,153000,686.12,686.2,685.8,686.025,510646,0
SPY.US,5,20251028,153500,686.03,686.37,685.93,685.96,528187,0
SPY.US,5,20251028,154000,685.97,686.02,685.715,685.91,349262,0
SPY.US,5,20251028,154500,685.89,686.2,685.59,686.105,435962,0
SPY.US,5,20251028,155000,686.1,686.21,685.881,686.05,294782,0
SPY.US,5,20251028,155500,686.045,686.115,685.685,685.85,348113,0
SPY.US,5,20251028,160000,685.86,686.1,685.79,685.835,233888,0
SPY.US,5,20251028,160500,685.82,686.21,685.78,686.125,252050,0
SPY.US,5,20251028,161000,686.11,686.12,685.6651,685.82,198020,0
SPY.US,5,20251028,161500,685.83,685.987,685.76,685.86,162929,0
SPY.US,5,20251028,162000,685.87,685.88,685.51,685.6,209739,0
SPY.US,5,20251028,162500,685.59,685.69,685.37,685.53,242632,0
SPY.US,5,20251028,163000,685.52,685.53,685.16,685.19,290873,0
SPY.US,5,20251028,163500,685.17,685.495,684.83,685.47,586677,0
SPY.US,5,20251028,164000,685.48,685.4944,685.03,685.12,278410,0
SPY.US,5,20251028,164500,685.125,685.35,685,685.255,325590,0
SPY.US,5,20251028,165000,685.25,685.46,685.25,685.415,281952,0
SPY.US,5,20251028,165500,685.42,685.61,685.32,685.58,207488,0
SPY.US,5,20251028,170000,685.58,685.895,685.58,685.7,352118,0
SPY.US,5,20251028,170500,685.705,686.022,685.665,685.98,297616,0
SPY.US,5,20251028,171000,685.99,686,685.745,685.795,235831,0
SPY.US,5,20251028,171500,685.79,685.95,685.7,685.8301,227973,0
SPY.US,5,20251028,172000,685.81,685.83,685.6,685.75,198487,0
SPY.US,5,20251028,172500,685.76,686.2245,685.745,686.182,232051,0
SPY.US,5,20251028,173000,686.18,688.32,686.06,686.6,1647618,0
SPY.US,5,20251028,173500,686.585,686.64,686.16,686.28,346104,0
SPY.US,5,20251028,174000,686.28,686.73,686.2,686.73,310939,0
SPY.US,5,20251028,174500,686.725,687.115,686.675,686.8652,463777,0
SPY.US,5,20251028,175000,686.85,687.16,686.785,686.98,398500,0
SPY.US,5,20251028,175500,686.98,687.0342,686.85,686.9,176752,0
SPY.US,5,20251028,180000,686.88,687.37,686.86,687.219,275121,0
SPY.US,5,20251028,180500,687.22,687.295,686.99,687.0506,217396,0
SPY.US,5,20251028,181000,687.06,687.32,686.87,687.165,390594,0
SPY.US,5,20251028,181500,687.17,687.3199,686.9,687.07,334409,0
SPY.US,5,20251028,182000,687.06,687.3,687.05,687.265,188362,0
SPY.US,5,20251028,182500,687.27,687.27,686.97,687.01,292353,0
SPY.US,5,20251028,183000,687.02,687.14,686.875,687.075,268823,0
SPY.US,5,20251028,183500,687.06,687.28,687.06,687.125,236920,0
SPY.US,5,20251028,184000,687.13,687.3255,687.115,687.3,313764,0
SPY.US,5,20251028,184500,687.3,687.52,687.1201,687.44,323706,0
SPY.US,5,20251028,185000,687.44,687.71,687.41,687.625,473738,0
SPY.US,5,20251028,185500,687.62,687.68,687.37,687.6017,399989,0
SPY.US,5,20251028,190000,687.61,687.708,687.54,687.685,278523,0
SPY.US,5,20251028,190500,687.71,687.75,687.5552,687.6,298307,0
SPY.US,5,20251028,191000,687.6,687.86,687.585,687.825,337061,0
SPY.US,5,20251028,191500,687.82,688.33,687.784,688.32,556020,0
SPY.US,5,20251028,192000,688.32,688.4,688.18,688.25,504611,0
SPY.US,5,20251028,192500,688.25,688.3,687.98,688.051,450583,0
SPY.US,5,20251028,193000,688.055,688.19,687.95,687.9899,330649,0
SPY.US,5,20251028,193500,687.96,687.9752,687.8,687.815,151755,0
SPY.US,5,20251028,194000,687.815,688.035,687.78,687.98,263934,0
SPY.US,5,20251028,194500,687.97,687.97,687.82,687.915,441470,0
SPY.US,5,20251028,195000,687.915,688.12,687.9,688.071,349327,0
SPY.US,5,20251028,195500,688.065,688.17,687.87,688.155,237225,0
SPY.US,5,20251028,200000,688.148,688.148,687.82,687.9852,383491,0
SPY.US,5,20251028,200500,687.99,688.2352,687.98,688.23,627803,0
SPY.US,5,20251028,201000,688.22,688.26,688.0942,688.21,525327,0
SPY.US,5,20251028,201500,688.21,688.21,687.98,688.1801,579145,0
SPY.US,5,20251028,202000,688.18,688.34,688.135,688.335,306272,0
SPY.US,5,20251028,202500,688.33,688.905,688.22,688.69,688222,0
SPY.US,5,20251028,203000,688.7,688.71,688.43,688.51,753027,0
SPY.US,5,20251028,203500,688.51,688.56,687.95,687.97,944302,0
SPY.US,5,20251028,204000,687.97,687.97,687.43,687.53,1290683,0
SPY.US,5,20251028,204500,687.54,687.77,687.32,687.37,949591,0
SPY.US,5,20251028,205000,687.38,687.48,686.905,687.26,1706974,0
SPY.US,5,20251028,205500,687.26,687.46,686.92,687.05,3712253,0
SPY.US,5,20251029,143000,688.72,688.94,688.15,688.83,1482139,0
SPY.US,5,20251029,143500,688.84,689.08,688.66,688.87,1016163,0
SPY.US,5,20251029,144000,688.88,689.26,688.66,689.22,825594,0
SPY.US,5,20251029,144500,689.23,689.36,688.72,688.9201,999185,0
SPY.US,5,20251029,145000,688.92,689.4,688.71,689.29,858005,0
SPY.US,5,20251029,145500,689.29,689.69,689.2223,689.57,780496,0
SPY.US,5,20251029,150000,689.59,689.7,689.09,689.1851,613528,0
SPY.US,5,20251029,150500,689.18,689.19,688.68,688.85,693528,0
SPY.US,5,20251029,151000,688.84,689.055,688.45,688.8,734558,0
SPY.US,5,20251029,151500,688.79,688.896,688.53,688.71,488013,0
SPY.US,5,20251029,152000,688.72,689.05,688.575,688.875,526533,0
SPY.US,5,20251029,152500,688.87,689.01,688.64,688.98,581595,0
SPY.US,5,20251029,153000,688.98,689.1101,688.74,688.86,603066,0
SPY.US,5,20251029,153500,688.88,688.975,688.66,688.76,578379,0
SPY.US,5,20251029,154000,688.76,688.81,688.19,688.28,800041,0
SPY.US,5,20251029,154500,688.29,688.54,688.09,688.12,615007,0
SPY.US,5,20251029,155000,688.12,688.6,687.81,688.465,812873,0
SPY.US,5,20251029,155500,688.47,688.49,688.285,688.35,560729,0
SPY.US,5,20251029,160000,688.36,688.49,688.05,688.0572,743921,0
SPY.US,5,20251029,160500,688.05,688.54,688.05,688.375,579722,0
SPY.US,5,20251029,161000,688.37,688.44,688.08,688.37,542899,0
SPY.US,5,20251029,161500,688.37,688.57,688.11,688.55,635997,0
SPY.US,5,20251029,162000,688.54,688.77,688.43,688.705,519263,0
SPY.US,5,20251029,162500,688.705,688.8196,688.31,688.31,535333,0
SPY.US,5,20251029,163000,688.32,688.37,688.07,688.1,509623,0
SPY.US,5,20251029,163500,688.09,688.3,687.89,688.23,609420,0
SPY.US,5,20251029,164000,688.23,688.38,688.11,688.22,503859,0
SPY.US,5,20251029,164500,688.22,688.33,687.84,688.305,594400,0
SPY.US,5,20251029,165000,688.31,688.36,688.03,688.32,334251,0
SPY.US,5,20251029,165500,688.33,688.33,687.9,688.05,320634,0
SPY.US,5,20251029,170000,688.03,688.06,687.59,687.62,390097,0
SPY.US,5,20251029,170500,687.625,688.15,687.59,687.915,471195,0
SPY.US,5,20251029,171000,687.94,688.105,687.67,688.03,207118,0
SPY.US,5,20251029,171500,688.02,688.205,687.98,688.2,252029,0
SPY.US,5,20251029,172000,688.21,688.51,688.185,688.47,280254,0
SPY.US,5,20251029,172500,688.46,688.53,688.34,688.47,169808,0
SPY.US,5,20251029,173000,688.47,688.64,688.4,688.47,255781,0
SPY.US,5,20251029,173500,688.48,688.565,688.3051,688.4,199598,0
SPY.US,5,20251029,174000,688.39,688.575,688.365,688.505,239412,0
SPY.US,5,20251029,174500,688.505,688.78,688.415,688.44,269919,0
SPY.US,5,20251029,175000,688.44,688.725,688.32,688.685,177949,0
SPY.US,5,20251029,175500,688.69,688.76,688.5,688.55,199147,0
SPY.US,5,20251029,180000,688.55,688.64,688.4,688.61,244727,0
SPY.US,5,20251029,180500,688.61,688.615,688.395,688.42,162497,0
SPY.US,5,20251029,181000,688.42,688.645,688.28,688.63,142240,0
SPY.US,5,20251029,181500,688.63,688.81,688.48,688.5058,176512,0
SPY.US,5,20251029,182000,688.5001,688.5059,688.185,688.22,184866,0
SPY.US,5,20251029,182500,688.21,688.21,687.74,687.93,370227,0
SPY.US,5,20251029,183000,687.88,687.92,687.62,687.83,281014,0
SPY.US,5,20251029,183500,687.83,688.03,687.83,687.95,299251,0
SPY.US,5,20251029,184000,687.95,688.16,687.85,688.13,211853,0
SPY.US,5,20251029,184500,688.11,688.32,687.89,688.27,246320,0
SPY.US,5,20251029,185000,688.275,688.54,688.17,688.26,347569,0
SPY.US,5,20251029,185500,688.26,688.3,687.8744,688.1699,334913,0
SPY.US,5,20251029,190000,688.12,688.94,687.51,688.02,1004574,0
SPY.US,5,20251029,190500,688.02,688.52,687.33,688.24,584606,0
SPY.US,5,20251029,191000,688.26,688.36,687.545,687.6,361727,0
SPY.US,5,20251029,191500,687.61,688.225,687.35,688.05,514567,0
SPY.US,5,20251029,192000,688.06,688.06,687.39,687.785,386283,0
SPY.US,5,20251029,192500,687.7856,688.0698,687.495,688.01,317727,0
SPY.US,5,20251029,193000,688,688.72,687.82,688.48,732530,0
SPY.US,5,20251029,193500,688.465,688.555,683.69,684.14,2365780,0
SPY.US,5,20251029,194000,684.15,685.07,682.87,683.6,2304896,0
SPY.US,5,20251029,194500,683.65,685.02,683.14,684.67,1639174,0
SPY.US,5,20251029,195000,684.77,686.55,684.65,686.07,1631184,0
SPY.US,5,20251029,195500,686.05,686.92,685.53,686.01,1204730,0
SPY.US,5,20251029,200000,686.04,686.75,684.47,684.73,1154360,0
SPY.US,5,20251029,200500,684.74,686.83,684.68,686.2,960892,0
SPY.US,5,20251029,201000,686.19,686.72,685.81,686.009,613401,0
SPY.US,5,20251029,201500,686.07,686.32,684.98,685.9,787302,0
SPY.US,5,20251029,202000,685.81,686.51,685.33,685.67,492327,0
SPY.US,5,20251029,202500,685.69,686.68,685.28,685.43,645751,0
SPY.US,5,20251029,203000,685.41,685.75,684.62,684.99,641222,0
SPY.US,5,20251029,203500,684.98,685.5,684.05,685.4,1057610,0
SPY.US,5,20251029,204000,685.41,685.62,684.6401,685.488,903315,0
SPY.US,5,20251029,204500,685.485,686.62,685.42,686.16,1498331,0
SPY.US,5,20251029,205000,686.17,687.28,686.17,686.48,1469820,0
SPY.US,5,20251029,205500,686.47,687.36,686.24,687.3,2337183,0
SPY.US,5,20251030,143000,683.9,683.91,683.06,683.2,1757824,0
SPY.US,5,20251030,143500,683.19,683.2199,681.39,681.87,1728187,0
SPY.US,5,20251030,144000,681.85,682.77,681.46,682.43,1422018,0
SPY.US,5,20251030,144500,682.42,684.36,682.22,683.97,1230660,0
SPY.US,5,20251030,145000,683.97,685.64,683.93,685.34,1293032,0
SPY.US,5,20251030,145500,685.36,685.46,684.67,685.01,876932,0
SPY.US,5,20251030,150000,685.01,685.94,684.24,684.42,1128336,0
SPY.US,5,20251030,150500,684.41,685.56,684.35,684.54,719283,0
SPY.US,5,20251030,151000,684.55,684.96,683.83,684.815,750976,0
SPY.US,5,20251030,151500,684.84,684.88,683.69,683.86,696500,0
SPY.US,5,20251030,152000,683.85,684.67,683.25,683.67,756830,0
SPY.US,5,20251030,152500,683.65,684.08,683.29,683.47,504752,0
SPY.US,5,20251030,153000,683.46,684.5698,683.41,684.42,585004,0
SPY.US,5,20251030,153500,684.43,684.81,683.93,684.41,452244,0
SPY.US,5,20251030,154000,684.45,685.72,684.45,685.2401,540823,0
SPY.US,5,20251030,154500,685.24,685.44,684.44,684.7097,537952,0
SPY.US,5,20251030,155000,684.72,684.87,683.64,684.03,452967,0
SPY.US,5,20251030,155500,684,684.62,683.69,684.41,533090,0
SPY.US,5,20251030,160000,684.41,685.06,684.4,684.93,322395,0
SPY.US,5,20251030,160500,684.92,685.13,684.47,685,392924,0
SPY.US,5,20251030,161000,685.01,685.34,684.89,685.29,267982,0
SPY.US,5,20251030,161500,685.29,685.33,684.81,685.22,291921,0
SPY.US,5,20251030,162000,685.22,685.53,685.03,685.19,282293,0
SPY.US,5,20251030,162500,685.21,685.23,684.68,684.79,253812,0
SPY.US,5,20251030,163000,684.8,684.91,684.215,684.385,398620,0
SPY.US,5,20251030,163500,684.38,684.45,683.58,683.69,385441,0
SPY.US,5,20251030,164000,683.725,683.725,683.15,683.56,525249,0
SPY.US,5,20251030,164500,683.55,683.77,683.01,683.34,458720,0
SPY.US,5,20251030,165000,683.34,683.58,683.2346,683.52,263845,0
SPY.US,5,20251030,165500,683.52,684.03,683.305,683.38,435938,0
SPY.US,5,20251030,170000,683.4,684.185,683.22,684.115,395421,0
SPY.US,5,20251030,170500,684.13,684.8001,683.98,684.7686,398085,0
SPY.US,5,20251030,171000,684.77,685.14,684.585,685.06,329287,0
SPY.US,5,20251030,171500,685.08,685.1,684.79,684.9013,245003,0
SPY.US,5,20251030,172000,684.9,685.04,684.525,685.025,267004,0
SPY.US,5,20251030,172500,685.04,685.15,684.74,684.93,203172,0
SPY.US,5,20251030,173000,684.95,684.95,683.98,684,335189,0
SPY.US,5,20251030,173500,684,684.0985,683.58,683.98,349699,0
SPY.US,5,20251030,174000,684,684.3499,683.7,684.28,354978,0
SPY.US,5,20251030,174500,684.28,684.5099,684.12,684.34,276185,0
SPY.US,5,20251030,175000,684.36,684.51,683.99,684.31,232105,0
SPY.US,5,20251030,175500,684.32,684.64,684.28,684.44,210637,0
SPY.US,5,20251030,180000,684.42,684.42,683.745,683.875,267181,0
SPY.US,5,20251030,180500,683.85,683.85,683.1,683.54,374081,0
SPY.US,5,20251030,181000,683.53,683.6,683.07,683.37,306752,0
SPY.US,5,20251030,181500,683.37,683.77,683.29,683.65,230843,0
SPY.US,5,20251030,182000,683.63,684.13,683.2799,684.08,325160,0
SPY.US,5,20251030,182500,684.085,684.61,684.08,684.4,324368,0
SPY.US,5,20251030,183000,684.4,684.41,683.92,684.08,316524,0
SPY.US,5,20251030,183500,684.06,684.08,683.6,683.97,307544,0
SPY.US,5,20251030,184000,683.97,684.0101,683.63,683.98,304395,0
SPY.US,5,20251030,184500,684,684.545,683.98,684.54,228153,0
SPY.US,5,20251030,185000,684.54,684.64,684.11,684.48,300919,0
SPY.US,5,20251030,185500,684.47,684.52,684.14,684.3984,180305,0
SPY.US,5,20251030,190000,684.39,684.395,683.82,683.88,359648,0
SPY.US,5,20251030,190500,683.89,683.93,683.14,683.51,802595,0
SPY.US,5,20251030,191000,683.51,683.6199,682.87,682.9516,407808,0
SPY.US,5,20251030,191500,682.94,683.11,682.54,682.98,472492,0
SPY.US,5,20251030,192000,682.98,683.26,682.58,682.79,510361,0
SPY.US,5,20251030,192500,682.78,683.08,682.625,682.94,228512,0
SPY.US,5,20251030,193000,682.93,683.49,682.89,682.94,418947,0
SPY.US,5,20251030,193500,682.95,682.99,682.28,682.395,526259,0
SPY.US,5,20251030,194000,682.42,682.6,682.165,682.47,499774,0
SPY.US,5,20251030,194500,682.48,683.115,682.41,682.8,397038,0
SPY.US,5,20251030,195000,682.77,682.96,682.47,682.93,312142,0
SPY.US,5,20251030,195500,682.9299,683.01,682.21,682.37,455650,0
SPY.US,5,20251030,200000,682.36,682.43,681.87,682.01,599287,0
SPY.US,5,20251030,200500,682,682.16,681.62,682.035,558474,0
SPY.US,5,20251030,201000,682.04,682.04,681.66,681.6902,440140,0
SPY.US,5,20251030,201500,681.7,681.815,681.165,681.7,866972,0
SPY.US,5,20251030,202000,681.66,681.67,680.34,681,928099,0
SPY.US,5,20251030,202500,681.02,681.455,680.95,681.28,550413,0
SPY.US,5,20251030,203000,681.29,681.985,681.26,681.41,850183,0
SPY.US,5,20251030,203500,681.44,681.44,680.76,680.8344,723240,0
SPY.US,5,20251030,204000,680.8399,681.1,680.56,680.66,858426,0
SPY.US,5,20251030,204500,680.66,680.83,680.16,680.62,1173220,0
SPY.US,5,20251030,205000,680.63,681.175,680.35,680.42,1912353,0
SPY.US,5,20251030,205500,680.42,680.45,679.86,679.95,3300753,0
SPY.US,5,20251031,143000,685.04,685.08,683.99,684.16,1353417,0
SPY.US,5,20251031,143500,684.16,684.63,684.05,684.24,938565,0
SPY.US,5,20251031,144000,684.244,684.26,683,683.295,1106224,0
SPY.US,5,20251031,144500,683.27,683.66,682.865,683.43,792291,0
SPY.US,5,20251031,145000,683.41,684.21,683.2799,683.62,622613,0
SPY.US,5,20251031,145500,683.6112,683.69,683,683.47,535967,0
SPY.US,5,20251031,150000,683.46,683.64,682.61,682.63,661547,0
SPY.US,5,20251031,150500,682.62,683.49,682.57,683.03,532605,0
SPY.US,5,20251031,151000,683.025,683.42,682.67,682.76,512784,0
SPY.US,5,20251031,151500,682.76,683.48,682.69,683.34,515224,0
SPY.US,5,20251031,152000,683.33,683.39,682.21,683.1,598657,0
SPY.US,5,20251031,152500,683.09,683.42,683.02,683.26,403714,0
SPY.US,5,20251031,153000,683.25,683.775,683.09,683.56,502477,0
SPY.US,5,20251031,153500,683.5801,684.01,683.53,683.905,380322,0
SPY.US,5,20251031,154000,683.915,684.49,683.73,684.36,584068,0
SPY.US,5,20251031,154500,684.36,684.75,684.33,684.36,415149,0
SPY.US,5,20251031,155000,684.365,684.58,684.21,684.425,371737,0
SPY.US,5,20251031,155500,684.42,684.52,684.16,684.47,314353,0
SPY.US,5,20251031,160000,684.44,684.67,684.16,684.26,320058,0
SPY.US,5,20251031,160500,684.285,684.3756,683.94,684.165,376238,0
SPY.US,5,20251031,161000,684.155,684.39,683.96,684.225,382152,0
SPY.US,5,20251031,161500,684.24,684.745,684.215,684.705,343374,0
SPY.US,5,20251031,162000,684.7099,684.71,684.215,684.3,408998,0
SPY.US,5,20251031,162500,684.29,684.29,683.61,683.74,416072,0
SPY.US,5,20251031,163000,683.75,684.18,683.6,683.89,408575,0
SPY.US,5,20251031,163500,683.885,683.89,682.91,683.04,497245,0
SPY.US,5,20251031,164000,683.0301,683.16,682.37,683.1,723517,0
SPY.US,5,20251031,164500,683.09,684.14,682.34,682.51,1097637,0
SPY.US,5,20251031,165000,682.52,683.04,682.21,682.68,405426,0
SPY.US,5,20251031,165500,682.65,682.66,682.1,682.19,424985,0
SPY.US,5,20251031,170000,682.19,682.21,681.54,681.96,742594,0
SPY.US,5,20251031,170500,681.93,682.37,681.39,681.45,438406,0
SPY.US,5,20251031,171000,681.43,681.72,681.09,681.545,650658,0
SPY.US,5,20251031,171500,681.53,681.555,680.625,680.625,707338,0
SPY.US,5,20251031,172000,680.61,681.41,680.51,681.39,767662,0
SPY.US,5,20251031,172500,681.38,682.0599,681.37,681.77,566924,0
SPY.US,5,20251031,173000,681.76,682.45,681.7003,682.05,394820,0
SPY.US,5,20251031,173500,682.0446,682.3,681.82,681.97,284167,0
SPY.US,5,20251031,174000,681.95,681.97,680.97,681.16,507453,0
SPY.US,5,20251031,174500,681.14,681.57,680.86,681.43,263876,0
SPY.US,5,20251031,175000,681.42,681.42,680.62,680.71,337492,0
SPY.US,5,20251031,175500,680.705,680.995,680.13,680.38,492807,0
SPY.US,5,20251031,180000,680.37,680.8,679.99,680.075,920219,0
SPY.US,5,20251031,180500,680.03,680.52,679.76,680.4667,565355,0
SPY.US,5,20251031,181000,680.41,680.6,679.71,679.91,512877,0
SPY.US,5,20251031,181500,679.9,680.06,679.435,679.565,538924,0
SPY.US,5,20251031,182000,679.55,679.83,679.24,679.79,442241,0
SPY.US,5,20251031,182500,679.78,680.1,679.6,679.79,368214,0
SPY.US,5,20251031,183000,679.8,680.74,679.75,680.03,529277,0
SPY.US,5,20251031,183500,680.01,680.34,679.43,679.97,349229,0
SPY.US,5,20251031,184000,679.98,680.77,679.775,680.67,302758,0
SPY.US,5,20251031,184500,680.67,681.16,680.67,681.15,386457,0
SPY.US,5,20251031,185000,681.13,681.49,680.99,681.22,300163,0
SPY.US,5,20251031,185500,681.21,681.23,680.69,680.87,324201,0
SPY.US,5,20251031,190000,680.86,681.7501,680.81,681.74,588201,0
SPY.US,5,20251031,190500,681.735,682.04,681.44,681.85,440017,0
SPY.US,5,20251031,191000,681.85,682.18,681.74,681.99,349054,0
SPY.US,5,20251031,191500,681.98,682.085,681.56,681.76,384332,0
SPY.US,5,20251031,192000,681.72,682.39,681.67,682.34,482078,0
SPY.US,5,20251031,192500,682.3601,682.44,682.032,682.31,467936,0
SPY.US,5,20251031,193000,682.31,682.48,682.14,682.25,437338,0
SPY.US,5,20251031,193500,682.25,682.48,681.9902,682.48,378291,0
SPY.US,5,20251031,194000,682.49,682.59,682.2,682.38,302545,0
SPY.US,5,20251031,194500,682.39,682.41,682.05,682.13,342805,0
SPY.US,5,20251031,195000,682.13,682.16,681.73,681.79,371802,0
SPY.US,5,20251031,195500,681.8,682.75,681.74,682.62,610170,0
SPY.US,5,20251031,200000,682.615,682.91,682.29,682.49,524700,0
SPY.US,5,20251031,200500,682.49,682.87,682.47,682.73,384258,0
SPY.US,5,20251031,201000,682.73,683.01,682.69,682.875,401594,0
SPY.US,5,20251031,201500,682.87,683.21,682.7601,683.19,581996,0
SPY.US,5,20251031,202000,683.2,683.8,683.165,683.77,821238,0
SPY.US,5,20251031,202500,683.77,684.28,683.68,684.11,840019,0
SPY.US,5,20251031,203000,684.09,684.77,683.9101,684.74,922125,0
SPY.US,5,20251031,203500,684.75,684.8,684.065,684.085,865344,0
SPY.US,5,20251031,204000,684.095,684.49,684.055,684.43,609903,0
SPY.US,5,20251031,204500,684.43,684.49,683.505,683.595,1147030,0
SPY.US,5,20251031,205000,683.6,684.36,683.01,683.06,1912505,0
SPY.US,5,20251031,205500,683.03,683.1,681.955,682.06,8734841,0
SPY.US,5,20251103,153000,685.67,685.8,684.58,684.7,1618697,0
SPY.US,5,20251103,153500,684.69,684.7,683.67,683.69,1314677,0
SPY.US,5,20251103,154000,683.7,683.7,683,683.17,1277155,0
SPY.US,5,20251103,154500,683.16,683.5447,682.95,683.14,807095,0
SPY.US,5,20251103,155000,683.15,683.2052,682.365,682.505,812270,0
SPY.US,5,20251103,155500,682.495,682.7,682.175,682.53,833740,0
SPY.US,5,20251103,160000,682.54,682.7,681.88,682.13,740258,0
SPY.US,5,20251103,160500,682.12,682.65,681.64,682.56,876485,0
SPY.US,5,20251103,161000,682.56,683.01,682.3,682.32,804010,0
SPY.US,5,20251103,161500,682.325,682.36,681.4,682.0448,879477,0
SPY.US,5,20251103,162000,682.05,682.13,681.46,681.57,693328,0
SPY.US,5,20251103,162500,681.56,681.56,680.24,680.46,989137,0
SPY.US,5,20251103,163000,680.46,680.47,679.94,680.36,1004115,0
SPY.US,5,20251103,163500,680.3605,681.505,680.14,681.495,830875,0
SPY.US,5,20251103,164000,681.495,682.25,681.44,681.94,746112,0
SPY.US,5,20251103,164500,681.92,682.18,681.41,681.54,506144,0
SPY.US,5,20251103,165000,681.54,682.37,681.54,681.875,415215,0
SPY.US,5,20251103,165500,681.88,682.8,681.88,682.37,487313,0
SPY.US,5,20251103,170000,682.375,682.56,682.02,682.3,474796,0
SPY.US,5,20251103,170500,682.32,682.64,682.23,682.465,255917,0
SPY.US,5,20251103,171000,682.47,682.585,681.9418,682.445,308995,0
SPY.US,5,20251103,171500,682.445,682.7699,682.05,682.72,337073,0
SPY.US,5,20251103,172000,682.718,682.9,682.32,682.55,298533,0
SPY.US,5,20251103,172500,682.545,682.63,681.825,682.0501,366784,0
SPY.US,5,20251103,173000,682.06,683.02,681.95,682.805,447017,0
SPY.US,5,20251103,173500,682.8,683.06,682.36,682.91,436376,0
SPY.US,5,20251103,174000,682.92,683.215,682.71,682.8,234760,0
SPY.US,5,20251103,174500,682.82,683.03,682.4482,682.49,358941,0
SPY.US,5,20251103,175000,682.49,683,682.23,682.91,379223,0
SPY.US,5,20251103,175500,682.9,683.61,682.84,683.41,430096,0
SPY.US,5,20251103,180000,683.41,683.44,682.71,682.9,382700,0
SPY.US,5,20251103,180500,682.895,683.5501,682.86,683.45,190173,0
SPY.US,5,20251103,181000,683.46,683.615,683.35,683.615,312484,0
SPY.US,5,20251103,181500,683.61,683.865,683.385,683.65,396878,0
SPY.US,5,20251103,182000,683.66,683.9,683.32,683.36,348143,0
SPY.US,5,20251103,182500,683.358,683.36,682.4299,682.75,521126,0
SPY.US,5,20251103,183000,682.748,683.53,682.73,683.39,314900,0
SPY.US,5,20251103,183500,683.3818,683.7748,683.3199,683.51,321642,0
SPY.US,5,20251103,184000,683.53,683.76,683.38,683.52,295677,0
SPY.US,5,20251103,184500,683.55,683.81,683.48,683.75,205260,0
SPY.US,5,20251103,185000,683.74,683.89,683.58,683.73,212086,0
SPY.US,5,20251103,185500,683.73,683.975,683.69,683.83,202405,0
SPY.US,5,20251103,190000,683.85,683.915,683.62,683.88,335965,0
SPY.US,5,20251103,190500,683.89,684.13,683.83,684.075,274387,0
SPY.US,5,20251103,191000,684.08,684.21,683.975,684.08,212680,0
SPY.US,5,20251103,191500,684.085,684.14,683.85,684.06,167924,0
SPY.US,5,20251103,192000,684.06,684.09,683.63,683.81,287535,0
SPY.US,5,20251103,192500,683.82,683.91,683.5305,683.63,197772,0
SPY.US,5,20251103,193000,683.64,684.17,683.635,684.01,216562,0
SPY.US,5,20251103,193500,684.01,684.1758,683.88,684.055,146153,0
SPY.US,5,20251103,194000,684.05,684.23,683.905,684.175,239829,0
SPY.US,5,20251103,194500,684.18,684.21,683.78,683.78,222385,0
SPY.US,5,20251103,195000,683.77,683.9193,683.4,683.6752,335824,0
SPY.US,5,20251103,195500,683.67,683.91,683.56,683.59,168919,0
SPY.US,5,20251103,200000,683.59,683.88,683.08,683.15,708155,0
SPY.US,5,20251103,200500,683.16,683.64,683.135,683.49,465932,0
SPY.US,5,20251103,201000,683.47,683.675,683.27,683.385,205081,0
SPY.US,5,20251103,201500,683.38,683.615,683.15,683.225,282107,0
SPY.US,5,20251103,202000,683.24,683.4355,683.11,683.2556,282718,0
SPY.US,5,20251103,202500,683.245,683.45,683.08,683.26,283683,0
SPY.US,5,20251103,203000,683.25,683.55,683.23,683.51,333565,0
SPY.US,5,20251103,203500,683.51,683.595,683.29,683.31,285601,0
SPY.US,5,20251103,204000,683.3,683.33,682.58,683.11,649097,0
SPY.US,5,20251103,204500,683.11,683.355,683.08,683.235,417297,0
SPY.US,5,20251103,205000,683.23,683.5496,683.15,683.52,339540,0
SPY.US,5,20251103,205500,683.51,683.64,683.33,683.41,344473,0
SPY.US,5,20251103,210000,683.4,683.59,683.35,683.535,347351,0
SPY.US,5,20251103,210500,683.535,683.655,683.23,683.28,384774,0
SPY.US,5,20251103,211000,683.27,683.3899,683.03,683.285,350279,0
SPY.US,5,20251103,211500,683.285,683.4799,683.15,683.41,443472,0
SPY.US,5,20251103,212000,683.39,683.5,683.1,683.115,323786,0
SPY.US,5,20251103,212500,683.115,683.3,683.03,683.13,406035,0
SPY.US,5,20251103,213000,683.14,683.16,682.58,682.64,552489,0
SPY.US,5,20251103,213500,682.63,683.0394,682.48,683.03,837829,0
SPY.US,5,20251103,214000,683.03,683.2,682.885,683.16,498612,0
SPY.US,5,20251103,214500,683.16,683.21,682.5101,682.67,781458,0
SPY.US,5,20251103,215000,682.68,682.995,682.45,682.895,1079153,0
SPY.US,5,20251103,215500,682.89,683.41,682.7312,683.35,4061897,0
SPY.US,5,20251104,153000,676.11,676.46,674.83,674.95,2618114,0
SPY.US,5,20251104,153500,674.96,675.81,674.67,675.2588,1570787,0
SPY.US,5,20251104,154000,675.24,677.17,674.96,676.995,1466497,0
SPY.US,5,20251104,154500,676.99,677.36,676.4899,677.13,1294748,0
SPY.US,5,20251104,155000,677.13,678.35,676.99,678.26,597228,0
SPY.US,5,20251104,155500,678.31,678.815,678.105,678.72,1026379,0
SPY.US,5,20251104,160000,678.7,679.08,678.52,678.99,702124,0
SPY.US,5,20251104,160500,679,679.2,678.31,678.75,923373,0
SPY.US,5,20251104,161000,678.755,679.22,678.35,678.905,758245,0
SPY.US,5,20251104,161500,678.91,679.44,678.89,679.32,705701,0
SPY.US,5,20251104,162000,679.33,679.45,678.99,679.18,501694,0
SPY.US,5,20251104,162500,679.19,679.645,679.13,679.32,505015,0
SPY.US,5,20251104,163000,679.32,679.4518,678.93,679.435,408598,0
SPY.US,5,20251104,163500,679.4301,679.8,679.19,679.74,395184,0
SPY.US,5,20251104,164000,679.735,679.96,679.32,679.44,580781,0
SPY.US,5,20251104,164500,679.44,679.4499,678.71,678.73,602489,0
SPY.US,5,20251104,165000,678.74,678.92,678.375,678.405,551952,0
SPY.US,5,20251104,165500,678.4,678.41,677.63,678.18,775688,0
SPY.US,5,20251104,170000,678.18,678.82,678.12,678.44,627918,0
SPY.US,5,20251104,170500,678.43,678.45,677.94,678.04,470833,0
SPY.US,5,20251104,171000,678.03,678.19,677.67,678.1,449057,0
SPY.US,5,20251104,171500,678.09,678.4,677.71,677.77,659614,0
SPY.US,5,20251104,172000,677.79,678.02,677.58,677.82,423153,0
SPY.US,5,20251104,172500,677.82,678.33,677.56,678.2,400379,0
SPY.US,5,20251104,173000,678.22,678.485,677.88,678.11,579551,0
SPY.US,5,20251104,173500,678.11,678.63,677.94,678.54,473488,0
SPY.US,5,20251104,174000,678.55,678.605,677.91,678.21,473612,0
SPY.US,5,20251104,174500,678.21,678.39,677.57,677.6299,401713,0
SPY.US,5,20251104,175000,677.63,678.37,677.44,678.3,460967,0
SPY.US,5,20251104,175500,678.31,678.32,677.52,678.19,371518,0
SPY.US,5,20251104,180000,678.19,678.205,677.5408,677.63,386065,0
SPY.US,5,20251104,180500,677.61,677.665,677.13,677.29,468548,0
SPY.US,5,20251104,181000,677.29,677.29,676.94,676.97,350663,0
SPY.US,5,20251104,181500,676.98,677.17,675.99,676,635642,0
SPY.US,5,20251104,182000,675.9999,677,675.68,676.96,1115235,0
SPY.US,5,20251104,182500,676.96,677.53,676.8,676.93,566361,0
SPY.US,5,20251104,183000,676.935,677.11,676.57,676.73,345791,0
SPY.US,5,20251104,183500,676.725,676.85,676.27,676.33,401416,0
SPY.US,5,20251104,184000,676.33,676.385,675.7964,676.15,573298,0
SPY.US,5,20251104,184500,676.16,676.89,676.14,676.69,481979,0
SPY.US,5,20251104,185000,676.675,677.25,676.2,676.2499,521085,0
SPY.US,5,20251104,185500,676.235,676.26,675.725,676.04,404994,0
SPY.US,5,20251104,190000,675.98,676.1256,675.63,675.7444,360501,0
SPY.US,5,20251104,190500,675.745,675.94,675.53,675.6399,292338,0
SPY.US,5,20251104,191000,675.62,675.93,675.53,675.8694,358905,0
SPY.US,5,20251104,191500,675.86,676.06,675.14,675.16,533444,0
SPY.US,5,20251104,192000,675.15,676.055,675.04,675.59,478121,0
SPY.US,5,20251104,192500,675.59,675.65,674.98,675.25,387115,0
SPY.US,5,20251104,193000,675.255,675.67,674.99,675.12,493155,0
SPY.US,5,20251104,193500,675.115,675.3,674.79,674.83,404223,0
SPY.US,5,20251104,194000,674.825,675.85,674.71,675.83,492579,0
SPY.US,5,20251104,194500,675.825,675.9,675.38,675.48,446098,0
SPY.US,5,20251104,195000,675.48,676.42,675.47,676.325,536205,0
SPY.US,5,20251104,195500,676.32,676.32,675.8,676.15,293899,0
SPY.US,5,20251104,200000,676.11,676.68,676.02,676.61,654042,0
SPY.US,5,20251104,200500,676.61,676.615,675.7,675.78,545432,0
SPY.US,5,20251104,201000,675.76,676.36,675.66,676.06,494166,0
SPY.US,5,20251104,201500,676.05,676.34,675.975,676.085,312980,0
SPY.US,5,20251104,202000,676.0044,676.5,675.84,676.4,539794,0
SPY.US,5,20251104,202500,676.3901,676.59,676.135,676.3,497939,0
SPY.US,5,20251104,203000,676.295,676.375,675.46,675.95,588926,0
SPY.US,5,20251104,203500,675.95,675.98,674.88,675.08,622378,0
SPY.US,5,20251104,204000,675.075,675.42,674.58,674.915,581070,0
SPY.US,5,20251104,204500,674.89,675.2,674.74,674.86,492813,0
SPY.US,5,20251104,205000,674.85,675.225,674.71,674.91,538960,0
SPY.US,5,20251104,205500,674.91,675.4,674.87,675.17,563478,0
SPY.US,5,20251104,210000,675.19,675.45,675.02,675.19,594271,0
SPY.US,5,20251104,210500,675.19,675.64,675.13,675.42,509194,0
SPY.US,5,20251104,211000,675.41,676.0599,675.24,675.94,542165,0
SPY.US,5,20251104,211500,675.94,676.23,675.73,675.88,734092,0
SPY.US,5,20251104,212000,675.88,675.9,675.07,675.28,691401,0
SPY.US,5,20251104,212500,675.28,675.98,675.26,675.96,550531,0
SPY.US,5,20251104,213000,675.97,676.06,675.32,675.54,852532,0
SPY.US,5,20251104,213500,675.56,676.2,675.505,675.79,758730,0
SPY.US,5,20251104,214000,675.79,676.41,675.72,676.27,799856,0
SPY.US,5,20251104,214500,676.27,676.535,675.35,675.39,1112712,0
SPY.US,5,20251104,215000,675.39,675.55,674.74,675.01,2011085,0
SPY.US,5,20251104,215500,675.015,675.39,674.615,675.24,5689338,0
SPY.US,5,20251105,153000,674.98,675.3394,674.46,674.495,1717786,0
SPY.US,5,20251105,153500,674.49,675.32,674.17,674.96,1317678,0
SPY.US,5,20251105,154000,674.94,675.07,674.21,674.46,802508,0
SPY.US,5,20251105,154500,674.47,676.27,674.41,676.08,996961,0
SPY.US,5,20251105,155000,676.07,677.29,675.98,677.2116,1046019,0
SPY.US,5,20251105,155500,677.21,677.6,676.87,677.3,835538,0
SPY.US,5,20251105,160000,677.31,677.46,676.48,677.0254,1173219,0
SPY.US,5,20251105,160500,677.0199,678.09,676.81,677.64,1155906,0
SPY.US,5,20251105,161000,677.65,677.66,676.83,676.86,848641,0
SPY.US,5,20251105,161500,676.855,677.39,676.655,676.94,979256,0
SPY.US,5,20251105,162000,676.94,677.53,675.4,677.465,1212118,0
SPY.US,5,20251105,162500,677.47,678.04,677,677.4458,793100,0
SPY.US,5,20251105,163000,677.44,677.97,677.2213,677.67,480621,0
SPY.US,5,20251105,163500,677.64,677.93,677.48,677.75,474949,0
SPY.US,5,20251105,164000,677.74,678.2782,677.68,677.78,602147,0
SPY.US,5,20251105,164500,677.79,678.235,677.57,677.68,450806,0
SPY.US,5,20251105,165000,677.68,677.71,677.19,677.36,426438,0
SPY.US,5,20251105,165500,677.34,677.91,676.95,677.88,570629,0
SPY.US,5,20251105,170000,677.87,678,677.12,677.65,670448,0
SPY.US,5,20251105,170500,677.64,678.11,677.26,677.61,488060,0
SPY.US,5,20251105,171000,677.62,677.67,676.82,677.01,482729,0
SPY.US,5,20251105,171500,677.01,677.35,676.78,677.01,478716,0
SPY.US,5,20251105,172000,676.9942,677.88,676.76,677.86,354971,0
SPY.US,5,20251105,172500,677.87,678.3985,677.785,678.28,704888,0
SPY.US,5,20251105,173000,678.29,678.58,678.085,678.5,540251,0
SPY.US,5,20251105,173500,678.52,678.66,678.14,678.6042,382041,0
SPY.US,5,20251105,174000,678.62,679.11,678.6,679.05,630095,0
SPY.US,5,20251105,174500,679.04,679.625,678.91,679.475,715051,0
SPY.US,5,20251105,175000,679.48,679.75,679.38,679.6951,602445,0
SPY.US,5,20251105,175500,679.69,679.725,679.31,679.38,676166,0
SPY.US,5,20251105,180000,679.37,679.7,679.205,679.25,513361,0
SPY.US,5,20251105,180500,679.25,679.53,679.07,679.17,304490,0
SPY.US,5,20251105,181000,679.16,679.58,679.03,679.44,376528,0
SPY.US,5,20251105,181500,679.43,679.59,679.26,679.565,256327,0
SPY.US,5,20251105,182000,679.55,679.7887,679.5,679.695,401551,0
SPY.US,5,20251105,182500,679.69,680.1,679.67,680.0459,535136,0
SPY.US,5,20251105,183000,680.05,680.4,679.94,680.33,763123,0
SPY.US,5,20251105,183500,680.34,680.8599,680.25,680.71,634070,0
SPY.US,5,20251105,184000,680.705,680.735,680.43,680.68,436734,0
SPY.US,5,20251105,184500,680.675,680.71,680.26,680.31,375405,0
SPY.US,5,20251105,185000,680.31,680.45,680.19,680.32,277928,0
SPY.US,5,20251105,185500,680.32,680.32,680.005,680.2,298464,0
SPY.US,5,20251105,190000,680.21,680.455,680.06,680.36,441346,0
SPY.US,5,20251105,190500,680.355,680.4001,680.14,680.19,216231,0
SPY.US,5,20251105,191000,680.195,680.41,680.0199,680.375,278257,0
SPY.US,5,20251105,191500,680.36,680.7085,680.34,680.36,335496,0
SPY.US,5,20251105,192000,680.365,680.41,680.15,680.235,296756,0
SPY.US,5,20251105,192500,680.23,680.47,680.07,680.41,303553,0
SPY.US,5,20251105,193000,680.4,680.49,680.23,680.4344,172317,0
SPY.US,5,20251105,193500,680.43,680.86,680.4,680.85,433978,0
SPY.US,5,20251105,194000,680.855,680.855,680.56,680.6,311718,0
SPY.US,5,20251105,194500,680.61,680.67,680.452,680.49,240969,0
SPY.US,5,20251105,195000,680.49,680.72,680.48,680.65,271176,0
SPY.US,5,20251105,195500,680.65,680.7199,680.52,680.658,241764,0
SPY.US,5,20251105,200000,680.64,680.64,680.11,680.22,600587,0
SPY.US,5,20251105,200500,680.22,680.31,679.74,679.85,509454,0
SPY.US,5,20251105,201000,679.86,680.3,679.85,680.29,526305,0
SPY.US,5,20251105,201500,680.29,680.5287,680.24,680.41,229197,0
SPY.US,5,20251105,202000,680.41,680.45,680.2,680.4421,381505,0
SPY.US,5,20251105,202500,680.4499,680.48,680.1501,680.21,311703,0
SPY.US,5,20251105,203000,680.21,680.51,680.14,680.4,317913,0
SPY.US,5,20251105,203500,680.39,680.52,680.34,680.43,211324,0
SPY.US,5,20251105,204000,680.43,680.43,680.25,680.26,213876,0
SPY.US,5,20251105,204500,680.27,680.37,680.11,680.11,259828,0
SPY.US,5,20251105,205000,680.11,680.4,680.1,680.36,418107,0
SPY.US,5,20251105,205500,680.365,680.44,680.22,680.23,370340,0
SPY.US,5,20251105,210000,680.23,680.52,680.21,680.355,407771,0
SPY.US,5,20251105,210500,680.36,680.41,680.12,680.2967,396186,0
SPY.US,5,20251105,211000,680.3,680.42,680.25,680.39,616277,0
SPY.US,5,20251105,211500,680.4,680.48,680.18,680.245,357198,0
SPY.US,5,20251105,212000,680.24,680.355,680.04,680.055,396113,0
SPY.US,5,20251105,212500,680.06,680.0899,679.67,679.76,637116,0
SPY.US,5,20251105,213000,679.76,679.82,679.46,679.535,903467,0
SPY.US,5,20251105,213500,679.535,679.77,679.455,679.55,849956,0
SPY.US,5,20251105,214000,679.54,679.865,679.18,679.38,1128260,0
SPY.US,5,20251105,214500,679.38,679.48,678.91,678.96,1757701,0
SPY.US,5,20251105,215000,678.95,679.1399,678.66,678.6999,1815935,0
SPY.US,5,20251105,215500,678.69,678.7,677.4,677.48,6061029,0
SPY.US,5,20251106,153000,676.47,677.38,676.33,677.0478,1488172,0
SPY.US,5,20251106,153500,677.0306,677.34,676.58,676.85,989363,0
SPY.US,5,20251106,154000,676.85,676.86,675.695,675.99,788843,0
SPY.US,5,20251106,154500,675.98,677.01,675.94,676.15,811094,0
SPY.US,5,20251106,155000,676.1596,676.53,674.86,674.9,1129502,0
SPY.US,5,20251106,155500,674.91,675.19,674.09,674.16,971240,0
SPY.US,5,20251106,160000,674.1404,674.145,672.52,672.6,1790584,0
SPY.US,5,20251106,160500,672.6,673.64,672.525,673.34,1397492,0
SPY.US,5,20251106,161000,673.33,674.26,673.03,673.12,1327948,0
SPY.US,5,20251106,161500,673.14,674.64,672.78,674.3201,1162537,0
SPY.US,5,20251106,162000,674.325,675.37,674.32,675.125,922957,0
SPY.US,5,20251106,162500,675.0604,675.225,674.45,674.52,738388,0
SPY.US,5,20251106,163000,674.5399,674.67,673.38,673.57,688513,0
SPY.US,5,20251106,163500,673.55,673.5699,671.73,671.92,1303899,0
SPY.US,5,20251106,164000,671.92,672.08,670.9,671.138,1688876,0
SPY.US,5,20251106,164500,671.12,671.84,670.9,671.405,1220744,0
SPY.US,5,20251106,165000,671.4,671.9,671.06,671.72,1194211,0
SPY.US,5,20251106,165500,671.71,671.9,670.76,670.91,923396,0
SPY.US,5,20251106,170000,670.93,671.57,670.8596,671.54,863220,0
SPY.US,5,20251106,170500,671.55,672.02,671.045,671.48,754004,0
SPY.US,5,20251106,171000,671.46,671.62,670.93,671.41,496902,0
SPY.US,5,20251106,171500,671.39,671.8202,670.54,671.01,720336,0
SPY.US,5,20251106,172000,671.04,671.54,670.4,670.577,670988,0
SPY.US,5,20251106,172500,670.54,671.5223,670.22,671.41,815226,0
SPY.US,5,20251106,173000,671.41,671.41,670.67,670.9,423925,0
SPY.US,5,20251106,173500,670.89,670.9,669.7729,670.06,751084,0
SPY.US,5,20251106,174000,670.04,670.29,669.36,669.96,716881,0
SPY.US,5,20251106,174500,669.9699,669.98,669.375,669.63,497756,0
SPY.US,5,20251106,175000,669.6288,670.48,669.45,670.34,765750,0
SPY.US,5,20251106,175500,670.32,670.32,669.01,669.25,660528,0
SPY.US,5,20251106,180000,669.25,670.22,669.23,670.16,682213,0
SPY.US,5,20251106,180500,670.14,670.5,669.5,670.46,572453,0
SPY.US,5,20251106,181000,670.46,671.13,670.05,670.0723,641555,0
SPY.US,5,20251106,181500,670.08,670.285,669.54,669.96,564679,0
SPY.US,5,20251106,182000,669.94,669.95,668.98,669.2,708264,0
SPY.US,5,20251106,182500,669.2,669.63,668.72,669.585,626472,0
SPY.US,5,20251106,183000,669.58,670.4,669.28,669.8104,526875,0
SPY.US,5,20251106,183500,669.77,670.43,669.77,669.8,584861,0
SPY.US,5,20251106,184000,669.78,670.665,669.74,670.641,413364,0
SPY.US,5,20251106,184500,670.61,671.36,670.56,671.11,633095,0
SPY.US,5,20251106,185000,671.12,671.56,671.05,671.38,621902,0
SPY.US,5,20251106,185500,671.38,671.58,670.895,671.13,460291,0
SPY.US,5,20251106,190000,671.1,671.44,670.26,670.353,855067,0
SPY.US,5,20251106,190500,670.37,670.42,669.26,669.34,754972,0
SPY.US,5,20251106,191000,669.32,669.78,669.13,669.61,709856,0
SPY.US,5,20251106,191500,669.59,669.93,669.34,669.655,379006,0
SPY.US,5,20251106,192000,669.66,670.62,669.5325,670.57,339115,0
SPY.US,5,20251106,192500,670.58,671.31,670.53,670.96,490271,0
SPY.US,5,20251106,193000,670.94,671.49,670.91,671.41,357719,0
SPY.US,5,20251106,193500,671.42,672.01,671.24,671.809,474826,0
SPY.US,5,20251106,194000,671.8,672.21,671.69,671.95,405105,0
SPY.US,5,20251106,194500,671.97,672.01,671.33,671.83,479886,0
SPY.US,5,20251106,195000,671.83,672.08,671.57,671.97,341469,0
SPY.US,5,20251106,195500,671.96,672.0099,671.06,671.49,398558,0
SPY.US,5,20251106,200000,671.5,672.31,671.28,672.26,876815,0
SPY.US,5,20251106,200500,672.23,673.01,672.13,672.26,722767,0
SPY.US,5,20251106,201000,672.27,672.915,672.27,672.81,356092,0
SPY.US,5,20251106,201500,672.81,672.94,672.185,672.51,437329,0
SPY.US,5,20251106,202000,672.49,672.76,672.3701,672.67,315813,0
SPY.US,5,20251106,202500,672.68,673.525,672.68,673.4,645408,0
SPY.US,5,20251106,203000,673.39,673.5699,672.9,673.35,519547,0
SPY.US,5,20251106,203500,673.37,673.7,673.205,673.23,645929,0
SPY.US,5,20251106,204000,673.215,673.23,672.19,672.82,848122,0
SPY.US,5,20251106,204500,672.84,672.96,672.15,672.46,499423,0
SPY.US,5,20251106,205000,672.45,672.7,672.03,672.56,763577,0
SPY.US,5,20251106,205500,672.545,673.418,672.46,672.98,596759,0
SPY.US,5,20251106,210000,672.98,673.145,672.49,672.77,432390,0
SPY.US,5,20251106,210500,672.79,673.16,672.7,672.94,375608,0
SPY.US,5,20251106,211000,672.95,673.31,672.705,672.98,496726,0
SPY.US,5,20251106,211500,672.99,673.12,672.4,673.01,633165,0
SPY.US,5,20251106,212000,673.02,673.28,672.8,673.21,575279,0
SPY.US,5,20251106,212500,673.19,673.35,672.24,672.32,665556,0
SPY.US,5,20251106,213000,672.32,672.69,671.66,672.5244,1053449,0
SPY.US,5,20251106,213500,672.52,672.72,671.88,671.91,846538,0
SPY.US,5,20251106,214000,671.91,672.2,671.34,671.38,1042096,0
SPY.US,5,20251106,214500,671.39,671.56,670.34,670.36,1680980,0
SPY.US,5,20251106,215000,670.37,671.06,670.33,670.535,2212811,0
SPY.US,5,20251106,215500,670.53,670.61,669.53,670.31,5966367,0
SPY.US,5,20251107,153000,667.91,667.93,666.19,666.29,2435982,0
SPY.US,5,20251107,153500,666.28,666.4,664.3805,664.48,2342490,0
SPY.US,5,20251107,154000,664.5,665.79,664.35,665.43,1975699,0
SPY.US,5,20251107,154500,665.4303,666.08,664.865,664.88,1533089,0
SPY.US,5,20251107,155000,664.88,666.42,664.78,666.08,1528234,0
SPY.US,5,20251107,155500,666.095,666.835,665.71,666.2,929896,0
SPY.US,5,20251107,160000,666.23,666.5,664.86,665,1170058,0
SPY.US,5,20251107,160500,665.02,665.8456,663.97,665.773,1534270,0
SPY.US,5,20251107,161000,665.775,666.64,665.64,666.53,905972,0
SPY.US,5,20251107,161500,666.54,667.22,665.98,666.44,1252792,0
SPY.US,5,20251107,162000,666.44,667.04,665.45,665.56,981012,0
SPY.US,5,20251107,162500,665.56,666.85,665.52,665.9,930517,0
SPY.US,5,20251107,163000,665.91,666.31,665.23,665.26,978911,0
SPY.US,5,20251107,163500,665.27,666.05,664.63,664.72,990737,0
SPY.US,5,20251107,164000,664.7,665.16,664.15,664.24,1105725,0
SPY.US,5,20251107,164500,664.25,664.4,663.56,663.95,1503323,0
SPY.US,5,20251107,165000,663.95,664.74,663.75,664,922381,0
SPY.US,5,20251107,165500,663.99,663.99,663.29,663.345,904577,0
SPY.US,5,20251107,170000,663.35,664.03,663.22,663.72,1113348,0
SPY.US,5,20251107,170500,663.71,664,663.12,663.2399,941154,0
SPY.US,5,20251107,171000,663.24,663.5,662.63,662.76,1248232,0
SPY.US,5,20251107,171500,662.74,663.29,662.25,663.23,1358760,0
SPY.US,5,20251107,172000,663.23,663.83,663.08,663.115,1078088,0
SPY.US,5,20251107,172500,663.12,663.19,662.68,662.83,665916,0
SPY.US,5,20251107,173000,662.825,663.34,662.66,663.275,923581,0
SPY.US,5,20251107,173500,663.28,663.37,662.38,662.555,654888,0
SPY.US,5,20251107,174000,662.55,663.295,662.19,663.21,816534,0
SPY.US,5,20251107,174500,663.2,663.35,662.31,662.56,589185,0
SPY.US,5,20251107,175000,662.56,663.33,662.42,662.46,679226,0
SPY.US,5,20251107,175500,662.46,662.61,661.33,661.975,1068450,0
SPY.US,5,20251107,180000,661.97,662.19,661.57,661.63,678674,0
SPY.US,5,20251107,180500,661.66,662.03,661.205,661.81,977042,0
SPY.US,5,20251107,181000,661.8,662.6899,661.43,662.56,848559,0
SPY.US,5,20251107,181500,662.57,663.125,662.485,662.96,578596,0
SPY.US,5,20251107,182000,662.96,664.1699,662.71,663.8,674856,0
SPY.US,5,20251107,182500,663.84,664.275,663.39,663.575,757587,0
SPY.US,5,20251107,183000,663.53,664.05,663.42,663.765,518442,0
SPY.US,5,20251107,183500,663.74,663.925,662.92,663.23,575792,0
SPY.US,5,20251107,184000,663.2,663.42,662.7,663.12,726998,0
SPY.US,5,20251107,184500,663.11,663.48,662.29,662.35,566688,0
SPY.US,5,20251107,185000,662.3656,662.94,662.01,662.88,593255,0
SPY.US,5,20251107,185500,662.88,664.01,662.83,663.94,614421,0
SPY.US,5,20251107,190000,663.94,664.34,663.83,664.06,482718,0
SPY.US,5,20251107,190500,664.06,664.53,663.58,664.26,539123,0
SPY.US,5,20251107,191000,664.26,664.675,664.05,664.505,552981,0
SPY.US,5,20251107,191500,664.505,664.68,664,664.58,467799,0
SPY.US,5,20251107,192000,664.59,665.16,664.44,665.15,632773,0
SPY.US,5,20251107,192500,665.16,665.575,665.0599,665.31,641907,0
SPY.US,5,20251107,193000,665.31,665.66,665.23,665.25,530833,0
SPY.US,5,20251107,193500,665.265,666,664.96,665.975,560162,0
SPY.US,5,20251107,194000,665.98,666.09,665.61,665.73,456073,0
SPY.US,5,20251107,194500,665.73,665.93,664.69,664.8412,495005,0
SPY.US,5,20251107,195000,664.865,664.865,664.22,664.85,568798,0
SPY.US,5,20251107,195500,664.85,666.02,664.82,665.6,541980,0
SPY.US,5,20251107,200000,665.615,666.25,665.2,665.9,457465,0
SPY.US,5,20251107,200500,665.9,666.32,665.71,666.03,474815,0
SPY.US,5,20251107,201000,666.03,666.3385,665.78,666.27,642966,0
SPY.US,5,20251107,201500,666.28,666.55,665.91,665.97,544235,0
SPY.US,5,20251107,202000,665.975,666.68,665.975,666.59,740656,0
SPY.US,5,20251107,202500,666.59,666.59,666.11,666.45,743144,0
SPY.US,5,20251107,203000,666.48,667.66,666.48,667.57,933105,0
SPY.US,5,20251107,203500,667.57,668.52,667.37,668.3652,1152868,0
SPY.US,5,20251107,204000,668.38,669.58,668.38,669.37,1825596,0
SPY.US,5,20251107,204500,669.37,669.39,667.67,669.07,2230090,0
SPY.US,5,20251107,205000,669.09,669.71,668.83,669.69,1252879,0
SPY.US,5,20251107,205500,669.69,669.98,669.05,669.91,928476,0
SPY.US,5,20251107,210000,669.9,670.03,669.37,669.57,1125987,0
SPY.US,5,20251107,210500,669.5799,669.66,668.65,669.58,1815712,0
SPY.US,5,20251107,211000,669.58,669.92,669.31,669.49,780921,0
SPY.US,5,20251107,211500,669.48,669.655,668.58,669,1064669,0
SPY.US,5,20251107,212000,668.98,669.0942,668.225,668.355,907604,0
SPY.US,5,20251107,212500,668.36,669.14,667.92,668.665,1025105,0
SPY.US,5,20251107,213000,668.66,669.43,668.66,669,818113,0
SPY.US,5,20251107,213500,669,669.58,668.97,669.53,694187,0
SPY.US,5,20251107,214000,669.54,670.105,669.05,670.03,954887,0
SPY.US,5,20251107,214500,670.02,670.04,668.685,668.71,1118246,0
SPY.US,5,20251107,215000,668.71,670.09,668.71,669.81,1891374,0
SPY.US,5,20251107,215500,669.77,671.08,669.65,670.97,4919128,0
SPY.US,5,20251110,153000,677.235,678.13,677.03,677.8001,2895020,0
SPY.US,5,20251110,153500,677.82,678.8535,677.815,678.8,1825452,0
SPY.US,5,20251110,154000,678.8,679.09,678.49,678.77,1462871,0
SPY.US,5,20251110,154500,678.77,679.2,678.505,678.57,1367546,0
SPY.US,5,20251110,155000,678.58,678.6295,678.04,678.43,1389139,0
SPY.US,5,20251110,155500,678.445,679.04,678.22,678.55,784169,0
SPY.US,5,20251110,160000,678.555,678.84,678.31,678.72,828117,0
SPY.US,5,20251110,160500,678.74,678.965,678.51,678.71,667825,0
SPY.US,5,20251110,161000,678.71,679.18,678.48,678.58,820345,0
SPY.US,5,20251110,161500,678.59,678.96,678.16,678.33,623046,0
SPY.US,5,20251110,162000,678.33,679.05,678.24,679.04,574839,0
SPY.US,5,20251110,162500,679.04,679.22,678.77,678.86,638268,0
SPY.US,5,20251110,163000,678.86,678.99,678.53,678.71,674533,0
SPY.US,5,20251110,163500,678.71,678.9699,678.05,678.13,591198,0
SPY.US,5,20251110,164000,678.12,678.18,677.74,677.76,685628,0
SPY.US,5,20251110,164500,677.76,678.11,677.53,677.69,696749,0
SPY.US,5,20251110,165000,677.7,677.7,676.385,676.9,1237772,0
SPY.US,5,20251110,165500,676.9,676.9,676.15,676.24,723055,0
SPY.US,5,20251110,170000,676.25,676.28,675.61,675.785,793142,0
SPY.US,5,20251110,170500,675.78,676.33,675.24,676.1,1065649,0
SPY.US,5,20251110,171000,676.1,676.82,676.1,676.42,864445,0
SPY.US,5,20251110,171500,676.43,676.68,675.96,676.36,583489,0
SPY.US,5,20251110,172000,676.35,676.495,675.535,675.81,591227,0
SPY.US,5,20251110,172500,675.805,676.0244,675.52,675.555,507751,0
SPY.US,5,20251110,173000,675.55,676.29,675.55,675.865,506683,0
SPY.US,5,20251110,173500,675.88,675.94,675.49,675.6,392923,0
SPY.US,5,20251110,174000,675.63,675.82,675.03,675.79,538118,0
SPY.US,5,20251110,174500,675.78,675.86,675.37,675.7741,395029,0
SPY.US,5,20251110,175000,675.76,676.07,675.46,675.5851,401181,0
SPY.US,5,20251110,175500,675.58,676.67,675.52,676.63,436704,0
SPY.US,5,20251110,180000,676.63,677.56,676.45,677.49,636841,0
SPY.US,5,20251110,180500,677.485,677.85,677.19,677.29,718025,0
SPY.US,5,20251110,181000,677.285,677.36,676.66,676.74,436585,0
SPY.US,5,20251110,181500,676.77,677.22,676.5603,677.06,358050,0
SPY.US,5,20251110,182000,677.07,677.52,676.99,677.215,346894,0
SPY.US,5,20251110,182500,677.2,677.8,677.19,677.465,437413,0
SPY.US,5,20251110,183000,677.465,678.045,677.465,677.97,435620,0
SPY.US,5,20251110,183500,677.98,678.29,677.895,678.24,229821,0
SPY.US,5,20251110,184000,678.26,678.84,678.2,678.46,642837,0
SPY.US,5,20251110,184500,678.46,678.995,678.46,678.88,287731,0
SPY.US,5,20251110,185000,678.89,679.48,678.89,679.46,917888,0
SPY.US,5,20251110,185500,679.47,679.75,679.36,679.42,587070,0
SPY.US,5,20251110,190000,679.42,679.77,679.34,679.52,377803,0
SPY.US,5,20251110,190500,679.52,679.8,679.45,679.68,598010,0
SPY.US,5,20251110,191000,679.69,679.825,679.6,679.71,340990,0
SPY.US,5,20251110,191500,679.715,680.05,679.71,679.9,440627,0
SPY.US,5,20251110,192000,679.893,679.9167,679.64,679.9,346949,0
SPY.US,5,20251110,192500,679.89,679.965,679.395,679.475,388995,0
SPY.US,5,20251110,193000,679.5,680.14,679.495,679.98,341985,0
SPY.US,5,20251110,193500,679.98,680.3,679.975,680.23,331626,0
SPY.US,5,20251110,194000,680.24,680.39,680.09,680.2099,315182,0
SPY.US,5,20251110,194500,680.21,680.49,680.115,680.485,401097,0
SPY.US,5,20251110,195000,680.49,680.54,680.21,680.285,379211,0
SPY.US,5,20251110,195500,680.285,680.285,679.835,679.87,463896,0
SPY.US,5,20251110,200000,679.88,680.26,679.84,680.25,340802,0
SPY.US,5,20251110,200500,680.25,680.47,680.18,680.32,463064,0
SPY.US,5,20251110,201000,680.32,680.39,679.94,680.14,404431,0
SPY.US,5,20251110,201500,680.135,680.41,680.025,680.3501,269849,0
SPY.US,5,20251110,202000,680.35,680.4399,680.2652,680.39,197250,0
SPY.US,5,20251110,202500,680.38,680.9555,680.38,680.785,522150,0
SPY.US,5,20251110,203000,680.7815,680.88,680.56,680.6,540432,0
SPY.US,5,20251110,203500,680.6,680.8,680.54,680.79,382264,0
SPY.US,5,20251110,204000,680.78,681.045,680.755,680.955,597020,0
SPY.US,5,20251110,204500,680.95,681.0995,680.885,681.02,438832,0
SPY.US,5,20251110,205000,681.02,681.63,680.95,681.53,796485,0
SPY.US,5,20251110,205500,681.539,681.67,681.18,681.3,630800,0
SPY.US,5,20251110,210000,681.29,681.7,681.255,681.6702,513029,0
SPY.US,5,20251110,210500,681.675,681.8101,681.53,681.7,423387,0
SPY.US,5,20251110,211000,681.71,682.08,681.685,682,578551,0
SPY.US,5,20251110,211500,682,682,681.42,681.555,719490,0
SPY.US,5,20251110,212000,681.56,681.615,681.15,681.39,718322,0
SPY.US,5,20251110,212500,681.39,681.67,681.31,681.31,642930,0
SPY.US,5,20251110,213000,681.3,681.3864,681.03,681.22,1070176,0
SPY.US,5,20251110,213500,681.21,681.98,681.165,681.83,797826,0
SPY.US,5,20251110,214000,681.82,681.83,681.55,681.73,705999,0
SPY.US,5,20251110,214500,681.735,682.115,681.58,682.0596,1337129,0
SPY.US,5,20251110,215000,682.05,682.18,681.48,681.98,1934039,0
SPY.US,5,20251110,215500,681.98,682,681.13,681.43,5499519,0
SPY.US,5,20251111,153000,679.94,680.52,679.9,680.065,1049903,0
SPY.US,5,20251111,153500,680.07,680.5,679.97,680.315,751959,0
SPY.US,5,20251111,154000,680.315,680.34,679.74,680.0468,704680,0
SPY.US,5,20251111,154500,680.045,680.44,679.775,679.81,569873,0
SPY.US,5,20251111,155000,679.81,680,679.42,679.92,733773,0
SPY.US,5,20251111,155500,679.92,680.845,679.68,680.715,830396,0
SPY.US,5,20251111,160000,680.71,680.71,680.07,680.13,557439,0
SPY.US,5,20251111,160500,680.13,680.255,679.13,679.855,866223,0
SPY.US,5,20251111,161000,679.8589,680.035,679.29,679.48,519309,0
SPY.US,5,20251111,161500,679.48,679.485,678.855,678.91,567877,0
SPY.US,5,20251111,162000,678.91,679.56,678.82,679.455,517040,0
SPY.US,5,20251111,162500,679.45,679.89,679.229,679.455,478834,0
SPY.US,5,20251111,163000,679.44,679.63,678.8,679.0387,476892,0
SPY.US,5,20251111,163500,679.03,679.34,678.79,679.3,488136,0
SPY.US,5,20251111,164000,679.295,679.6899,679.0651,679.42,441076,0
SPY.US,5,20251111,164500,679.41,679.61,678.88,679.24,398300,0
SPY.US,5,20251111,165000,679.24,679.24,678.79,679.06,358846,0
SPY.US,5,20251111,165500,679.05,679.26,678.73,679.14,385602,0
SPY.US,5,20251111,170000,679.14,679.65,679.05,679.37,456033,0
SPY.US,5,20251111,170500,679.39,679.7,679.25,679.29,341211,0
SPY.US,5,20251111,171000,679.28,679.92,679.28,679.515,371543,0
SPY.US,5,20251111,171500,679.515,680.29,679.45,680.255,454265,0
SPY.US,5,20251111,172000,680.26,680.74,680.03,680.56,548610,0
SPY.US,5,20251111,172500,680.56,680.61,679.28,679.32,389159,0
SPY.US,5,20251111,173000,679.36,679.72,678.76,679.655,762076,0
SPY.US,5,20251111,173500,679.655,680.01,679.46,679.64,311469,0
SPY.US,5,20251111,174000,679.66,679.9899,679.2799,679.75,252742,0
SPY.US,5,20251111,174500,679.76,680.1696,679.635,680.08,288076,0
SPY.US,5,20251111,175000,680.085,680.22,679.71,680.1,224826,0
SPY.US,5,20251111,175500,680.1,680.14,679.64,679.76,228660,0
SPY.US,5,20251111,180000,679.74,680.27,679.69,680.2,311758,0
SPY.US,5,20251111,180500,680.21,680.83,680.21,680.63,479101,0
SPY.US,5,20251111,181000,680.65,680.81,680.31,680.765,302050,0
SPY.US,5,20251111,181500,680.765,681.23,680.75,681.21,451755,0
SPY.US,5,20251111,182000,681.205,681.39,681.01,681.28,372637,0
SPY.US,5,20251111,182500,681.29,681.31,680.75,681.0306,446792,0
SPY.US,5,20251111,183000,681.05,681.27,681.01,681.18,284021,0
SPY.US,5,20251111,183500,681.18,681.29,680.95,681.1,369149,0
SPY.US,5,20251111,184000,681.1,681.42,680.96,681.415,351852,0
SPY.US,5,20251111,184500,681.41,681.725,681.23,681.585,286931,0
SPY.US,5,20251111,185000,681.58,682.1,681.45,681.89,486295,0
SPY.US,5,20251111,185500,681.89,682.25,681.885,682.085,357275,0
SPY.US,5,20251111,190000,682.07,682.59,682.03,682.3744,725986,0
SPY.US,5,20251111,190500,682.37,682.58,682.24,682.27,407857,0
SPY.US,5,20251111,191000,682.26,682.55,682.19,682.3542,325453,0
SPY.US,5,20251111,191500,682.36,682.99,682.26,682.96,458333,0
SPY.US,5,20251111,192000,682.97,683.24,682.62,682.77,683872,0
SPY.US,5,20251111,192500,682.77,683.0306,682.48,682.91,407404,0
SPY.US,5,20251111,193000,682.91,683.1,682.6,682.7,367791,0
SPY.US,5,20251111,193500,682.7,682.7,682.16,682.5901,456518,0
SPY.US,5,20251111,194000,682.595,682.98,682.5899,682.92,501429,0
SPY.US,5,20251111,194500,682.93,683.14,682.83,683.06,345763,0
SPY.US,5,20251111,195000,683.07,683.29,682.8399,682.99,525801,0
SPY.US,5,20251111,195500,683,683.31,682.95,683.205,431366,0
SPY.US,5,20251111,200000,683.2,683.21,682.61,682.97,458975,0
SPY.US,5,20251111,200500,682.98,683.055,682.45,682.61,496594,0
SPY.US,5,20251111,201000,682.59,683.0798,682.55,682.95,513393,0
SPY.US,5,20251111,201500,682.97,683.32,682.89,682.94,339351,0
SPY.US,5,20251111,202000,682.95,683.1,682.8,683.05,281040,0
SPY.US,5,20251111,202500,683.06,683.31,682.96,683.13,309393,0
SPY.US,5,20251111,203000,683.14,683.34,683.0644,683.165,392167,0
SPY.US,5,20251111,203500,683.16,683.24,682.9,683.09,259518,0
SPY.US,5,20251111,204000,683.08,683.21,682.89,682.92,295967,0
SPY.US,5,20251111,204500,682.93,683.37,682.71,683.2199,414326,0
SPY.US,5,20251111,205000,683.22,683.32,683.09,683.29,306165,0
SPY.US,5,20251111,205500,683.295,683.42,682.96,683.14,402732,0
SPY.US,5,20251111,210000,683.15,683.36,683.08,683.3199,398842,0
SPY.US,5,20251111,210500,683.32,683.46,683.2,683.21,474033,0
SPY.US,5,20251111,211000,683.22,683.55,683.18,683.36,404624,0
SPY.US,5,20251111,211500,683.37,683.415,683.13,683.19,397389,0
SPY.US,5,20251111,212000,683.2,683.28,682.805,683.055,685933,0
SPY.US,5,20251111,212500,683.05,683.2,682.78,682.91,683903,0
SPY.US,5,20251111,213000,682.9,683.05,682.497,682.8351,922022,0
SPY.US,5,20251111,213500,682.83,682.9,682.655,682.8,536388,0
SPY.US,5,20251111,214000,682.8,683.11,682.64,683.1,1121309,0
SPY.US,5,20251111,214500,683.09,683.15,682.82,682.9158,887435,0
SPY.US,5,20251111,215000,682.91,683.57,682.88,683.265,1374810,0
SPY.US,5,20251111,215500,683.26,683.26,682.29,683,5192806,0
SPY.US,5,20251112,153000,684.79,684.87,683.935,684.23,1323676,0
SPY.US,5,20251112,153500,684.23,684.96,684.19,684.805,991130,0
SPY.US,5,20251112,154000,684.815,684.915,684.08,684.16,888604,0
SPY.US,5,20251112,154500,684.16,684.52,683.18,683.32,1313191,0
SPY.US,5,20251112,155000,683.3,683.94,683.16,683.535,1123675,0
SPY.US,5,20251112,155500,683.54,683.8,683.12,683.73,662038,0
SPY.US,5,20251112,160000,683.735,684.27,683.56,683.945,848177,0
SPY.US,5,20251112,160500,683.94,684.14,683.49,684.045,607307,0
SPY.US,5,20251112,161000,684.04,684.15,683.05,683.14,648936,0
SPY.US,5,20251112,161500,683.14,683.4,682.93,683.08,679133,0
SPY.US,5,20251112,162000,683.08,683.39,682.94,682.975,381181,0
SPY.US,5,20251112,162500,683.01,683.48,682.81,683.195,639275,0
SPY.US,5,20251112,163000,683.2,683.2599,682.52,682.545,685646,0
SPY.US,5,20251112,163500,682.55,682.765,681.7955,682.715,866954,0
SPY.US,5,20251112,164000,682.715,683.09,682.6,682.84,530544,0
SPY.US,5,20251112,164500,682.84,683.13,682.465,682.6,411625,0
SPY.US,5,20251112,165000,682.6,682.74,682.0803,682.16,356401,0
SPY.US,5,20251112,165500,682.16,682.64,681.92,682.35,509132,0
SPY.US,5,20251112,170000,682.33,682.49,682.001,682.03,434764,0
SPY.US,5,20251112,170500,682.02,682.32,681.82,681.84,415708,0
SPY.US,5,20251112,171000,681.845,681.89,681.14,681.465,722678,0
SPY.US,5,20251112,171500,681.4605,682.09,681.4605,682,527721,0
SPY.US,5,20251112,172000,682.02,682.2099,681.66,681.72,354084,0
SPY.US,5,20251112,172500,681.73,682.52,681.7,682.42,491464,0
SPY.US,5,20251112,173000,682.41,682.94,682.09,682.405,623619,0
SPY.US,5,20251112,173500,682.43,683.01,682.38,682.55,451954,0
SPY.US,5,20251112,174000,682.57,682.7113,682.08,682.12,337841,0
SPY.US,5,20251112,174500,682.12,682.51,680.945,681.315,579854,0
SPY.US,5,20251112,175000,681.31,682.0293,681.3,681.52,524726,0
SPY.US,5,20251112,175500,681.52,682.25,681.49,681.76,394500,0
SPY.US,5,20251112,180000,681.76,681.97,681.54,681.94,301522,0
SPY.US,5,20251112,180500,681.96,682.5,681.94,682.16,409491,0
SPY.US,5,20251112,181000,682.15,682.4501,681.76,682.4099,391504,0
SPY.US,5,20251112,181500,682.4,682.8,681.79,681.985,528243,0
SPY.US,5,20251112,182000,681.99,682.76,681.95,682.45,354169,0
SPY.US,5,20251112,182500,682.47,682.69,682.23,682.47,203622,0
SPY.US,5,20251112,183000,682.47,682.75,682.38,682.7,223774,0
SPY.US,5,20251112,183500,682.695,683.64,682.6544,683.49,516630,0
SPY.US,5,20251112,184000,683.485,683.85,683.32,683.36,538933,0
SPY.US,5,20251112,184500,683.38,683.69,682.94,683.03,499291,0
SPY.US,5,20251112,185000,683.02,683.155,682.59,683.0548,360175,0
SPY.US,5,20251112,185500,683.065,683.77,682.94,683.63,299957,0
SPY.US,5,20251112,190000,683.64,683.81,683.52,683.715,276269,0
SPY.US,5,20251112,190500,683.7003,683.73,683.11,683.13,331714,0
SPY.US,5,20251112,191000,683.14,683.725,683.05,683.67,243191,0
SPY.US,5,20251112,191500,683.67,683.93,683.58,683.8,315614,0
SPY.US,5,20251112,192000,683.8,683.8,683.37,683.53,293517,0
SPY.US,5,20251112,192500,683.54,683.76,683.13,683.495,399451,0
SPY.US,5,20251112,193000,683.5,683.82,683.41,683.67,411568,0
SPY.US,5,20251112,193500,683.68,683.96,683.55,683.9494,370504,0
SPY.US,5,20251112,194000,683.94,684.1499,683.58,683.62,401080,0
SPY.US,5,20251112,194500,683.62,683.69,683.26,683.365,269731,0
SPY.US,5,20251112,195000,683.37,683.76,683.32,683.6,216017,0
SPY.US,5,20251112,195500,683.61,683.805,683.53,683.63,208254,0
SPY.US,5,20251112,200000,683.64,683.8,683.415,683.575,517987,0
SPY.US,5,20251112,200500,683.58,683.6,683.125,683.57,330585,0
SPY.US,5,20251112,201000,683.55,683.56,682.95,682.99,426693,0
SPY.US,5,20251112,201500,682.98,683.05,682.74,682.96,498541,0
SPY.US,5,20251112,202000,682.96,683.22,682.72,682.84,398232,0
SPY.US,5,20251112,202500,682.85,683.23,682.48,682.73,370990,0
SPY.US,5,20251112,203000,682.74,682.81,682.24,682.65,769511,0
SPY.US,5,20251112,203500,682.65,683.12,682.55,683.01,434383,0
SPY.US,5,20251112,204000,682.99,683.2,682.7501,682.9,366113,0
SPY.US,5,20251112,204500,682.9,683.2,682.78,682.82,381841,0
SPY.US,5,20251112,205000,682.82,683.12,682.59,683.1,393951,0
SPY.US,5,20251112,205500,683.1,683.255,682.51,682.81,563778,0
SPY.US,5,20251112,210000,682.81,682.89,682.34,682.63,469698,0
SPY.US,5,20251112,210500,682.63,682.66,682.092,682.53,625358,0
SPY.US,5,20251112,211000,682.54,682.705,682.42,682.64,357375,0
SPY.US,5,20251112,211500,682.63,683.02,682.42,683.01,476436,0
SPY.US,5,20251112,212000,683.01,683.08,682.77,682.945,457919,0
SPY.US,5,20251112,212500,682.955,683.4099,682.86,683.34,491722,0
SPY.US,5,20251112,213000,683.34,683.96,683.13,683.8001,873424,0
SPY.US,5,20251112,213500,683.825,683.875,683.1,683.3675,929998,0
SPY.US,5,20251112,214000,683.37,683.76,683.37,683.7,719022,0
SPY.US,5,20251112,214500,683.7,683.725,683.22,683.38,1067056,0
SPY.US,5,20251112,215000,683.3725,684.07,683.3725,683.49,1637476,0
SPY.US,5,20251112,215500,683.5,683.59,682.6616,683.38,5068194,0
SPY.US,5,20251113,153000,680.5,680.71,679.78,680.08,1507921,0
SPY.US,5,20251113,153500,680.06,680.21,678.76,678.8565,1622392,0
SPY.US,5,20251113,154000,678.85,678.98,677.69,677.77,1436725,0
SPY.US,5,20251113,154500,677.78,678.655,677.53,678.19,1281490,0
SPY.US,5,20251113,155000,678.18,679.2,678.13,678.53,1004310,0
SPY.US,5,20251113,155500,678.54,679.39,678.42,678.8,624056,0
SPY.US,5,20251113,160000,678.78,679.45,677.97,678.16,934896,0
SPY.US,5,20251113,160500,678.19,680.0102,678.1375,679.95,969570,0
SPY.US,5,20251113,161000,679.97,680.6,679.62,680.42,995613,0
SPY.US,5,20251113,161500,680.43,680.86,680.0017,680.05,906927,0
SPY.US,5,20251113,162000,680.05,680.35,679.29,679.7245,723915,0
SPY.US,5,20251113,162500,679.71,679.73,678.76,678.94,667983,0
SPY.US,5,20251113,163000,678.95,679.03,677.73,677.79,869377,0
SPY.US,5,20251113,163500,677.79,678.19,677.205,677.74,1065297,0
SPY.US,5,20251113,164000,677.72,678.01,677.13,677.24,996309,0
SPY.US,5,20251113,164500,677.25,677.31,675.975,676.2,1203522,0
SPY.US,5,20251113,165000,676.2,676.39,675.48,675.59,1015809,0
SPY.US,5,20251113,165500,675.6,676.5395,675.34,676.49,1531249,0
SPY.US,5,20251113,170000,676.48,676.81,675.79,675.82,938723,0
SPY.US,5,20251113,170500,675.83,676.06,675.25,676.01,900056,0
SPY.US,5,20251113,171000,676.01,676.01,675.41,675.85,729473,0
SPY.US,5,20251113,171500,675.88,676.29,675.09,675.61,679211,0
SPY.US,5,20251113,172000,675.6,676.21,675.21,675.24,775071,0
SPY.US,5,20251113,172500,675.24,675.97,674.96,675.73,834142,0
SPY.US,5,20251113,173000,675.73,676.51,675.45,676.38,712288,0
SPY.US,5,20251113,173500,676.37,676.62,674.77,674.81,1063417,0
SPY.US,5,20251113,174000,674.82,674.99,674.22,674.51,749013,0
SPY.US,5,20251113,174500,674.51,675.09,674.31,674.99,635167,0
SPY.US,5,20251113,175000,674.9975,675.4,674.47,674.79,603847,0
SPY.US,5,20251113,175500,674.79,675.4,674.39,675.19,574979,0
SPY.US,5,20251113,180000,675.19,675.605,674.64,675.53,568503,0
SPY.US,5,20251113,180500,675.56,676,674.65,674.72,768808,0
SPY.US,5,20251113,181000,674.72,675.06,674.33,674.59,557102,0
SPY.US,5,20251113,181500,674.635,675.59,674.61,675.12,626246,0
SPY.US,5,20251113,182000,675.13,675.94,675.05,675.73,650061,0
SPY.US,5,20251113,182500,675.75,676.17,675.28,675.92,619600,0
SPY.US,5,20251113,183000,675.9,676.5,675.87,676.16,673363,0
SPY.US,5,20251113,183500,676.1507,676.22,675.37,676.135,538507,0
SPY.US,5,20251113,184000,676.15,676.17,675.09,675.12,431480,0
SPY.US,5,20251113,184500,675.13,675.18,674.31,674.84,784663,0
SPY.US,5,20251113,185000,674.845,675.09,674.46,674.81,596090,0
SPY.US,5,20251113,185500,674.83,674.84,673.97,674.14,589665,0
SPY.US,5,20251113,190000,674.15,674.53,674.08,674.18,599822,0
SPY.US,5,20251113,190500,674.2,674.76,673.97,674.14,455298,0
SPY.US,5,20251113,191000,674.1,674.6599,673.77,674.48,463909,0
SPY.US,5,20251113,191500,674.49,674.61,673.59,673.64,560155,0
SPY.US,5,20251113,192000,673.65,674.03,673.34,673.52,613437,0
SPY.US,5,20251113,192500,673.52,673.54,672.595,672.83,889627,0
SPY.US,5,20251113,193000,672.82,672.89,672.42,672.455,848324,0
SPY.US,5,20251113,193500,672.455,672.62,671.64,671.81,932727,0
SPY.US,5,20251113,194000,671.805,672.56,671.52,672.56,1169939,0
SPY.US,5,20251113,194500,672.55,672.895,672.13,672.49,718363,0
SPY.US,5,20251113,195000,672.5,672.875,672.24,672.32,557296,0
SPY.US,5,20251113,195500,672.33,672.8099,672.15,672.69,565531,0
SPY.US,5,20251113,200000,672.68,672.87,671.81,672.12,800069,0
SPY.US,5,20251113,200500,672.13,672.46,671.6859,672.15,610489,0
SPY.US,5,20251113,201000,672.15,672.35,671.59,671.72,605488,0
SPY.US,5,20251113,201500,671.74,672.43,671.58,671.94,458421,0
SPY.US,5,20251113,202000,671.95,672.87,671.85,672.67,580609,0
SPY.US,5,20251113,202500,672.67,673.55,672.65,673.545,904175,0
SPY.US,5,20251113,203000,673.5462,673.63,672.88,673.33,874559,0
SPY.US,5,20251113,203500,673.335,673.5,672.33,672.76,781171,0
SPY.US,5,20251113,204000,672.76,672.76,671.86,672.4,593272,0
SPY.US,5,20251113,204500,672.41,672.66,671.64,671.84,671833,0
SPY.US,5,20251113,205000,671.845,672.48,671.37,671.38,876601,0
SPY.US,5,20251113,205500,671.39,671.95,670.52,671.68,1172289,0
SPY.US,5,20251113,210000,671.675,671.96,671.225,671.26,1036785,0
SPY.US,5,20251113,210500,671.28,671.96,670.97,671.87,701046,0
SPY.US,5,20251113,211000,671.88,672.03,671.245,671.6,761836,0
SPY.US,5,20251113,211500,671.6054,672.06,671.13,671.185,1329656,0
SPY.US,5,20251113,212000,671.175,671.29,670.53,671.23,1312759,0
SPY.US,5,20251113,212500,671.24,671.67,670.77,671.62,1000314,0
SPY.US,5,20251113,213000,671.62,672.0856,671.4,672.03,1004101,0
SPY.US,5,20251113,213500,672,672.78,671.96,672.635,1208250,0
SPY.US,5,20251113,214000,672.66,673.02,672.03,672.34,1770468,0
SPY.US,5,20251113,214500,672.335,672.62,671.545,671.545,1583479,0
SPY.US,5,20251113,215000,671.55,672.41,670.76,670.8,2504486,0
SPY.US,5,20251113,215500,670.81,672.09,670.81,672.04,6188141,0
SPY.US,5,20251114,153000,665.38,665.88,663.265,663.62,3431624,0
SPY.US,5,20251114,153500,663.61,666.47,663.545,666.01,2274542,0
SPY.US,5,20251114,154000,665.99,666.86,665.452,666.73,1611158,0
SPY.US,5,20251114,154500,666.72,668.37,666.45,667.85,2074583,0
SPY.US,5,20251114,155000,667.85,668.48,667.18,668.05,1695982,0
SPY.US,5,20251114,155500,668.09,668.845,667.9,668.69,1411763,0
SPY.US,5,20251114,160000,668.68,668.75,667.41,667.57,1257527,0
SPY.US,5,20251114,160500,667.59,668.92,667.31,668.37,1111732,0
SPY.US,5,20251114,161000,668.38,668.78,666.92,667.55,1320602,0
SPY.US,5,20251114,161500,667.55,669.17,667.43,668.39,1194296,0
SPY.US,5,20251114,162000,668.4,669.17,667.9412,668.21,997163,0
SPY.US,5,20251114,162500,668.2,669.96,667.54,669.79,1152838,0
SPY.US,5,20251114,163000,669.79,670.11,669.16,669.78,1106940,0
SPY.US,5,20251114,163500,669.76,671,669.5,670.925,1229331,0
SPY.US,5,20251114,164000,670.92,671.2289,670.55,671.09,1107222,0
SPY.US,5,20251114,164500,671.07,672.82,670.87,672.28,1659959,0
SPY.US,5,20251114,165000,672.27,672.78,672.0319,672.2993,796332,0
SPY.US,5,20251114,165500,672.31,672.35,671.48,672.25,785613,0
SPY.US,5,20251114,170000,672.25,672.57,671.18,671.3401,727000,0
SPY.US,5,20251114,170500,671.35,671.73,670.89,671.72,793989,0
SPY.US,5,20251114,171000,671.72,672.55,671.51,672.1004,650209,0
SPY.US,5,20251114,171500,672.12,673.12,672.11,672.975,651431,0
SPY.US,5,20251114,172000,672.97,673.98,672.47,673.94,918734,0
SPY.US,5,20251114,172500,673.95,674.87,673.87,674.395,1130272,0
SPY.US,5,20251114,173000,674.4,674.48,672.76,673.8,812468,0
SPY.US,5,20251114,173500,673.81,674.85,673.69,674.7,571932,0
SPY.US,5,20251114,174000,674.73,675.02,673.75,673.93,640751,0
SPY.US,5,20251114,174500,673.92,674.17,673.17,674.11,676780,0
SPY.US,5,20251114,175000,674.11,674.63,674.08,674.52,523349,0
SPY.US,5,20251114,175500,674.52,674.82,674.1912,674.74,558733,0
SPY.US,5,20251114,180000,674.715,674.88,674.205,674.83,509587,0
SPY.US,5,20251114,180500,674.835,675.09,674.45,674.94,471123,0
SPY.US,5,20251114,181000,674.94,675.64,674.94,675.26,597616,0
SPY.US,5,20251114,181500,675.28,675.43,674.72,675.27,456341,0
SPY.US,5,20251114,182000,675.289,675.42,674.96,675.05,366157,0
SPY.US,5,20251114,182500,675.03,675.17,674.34,675.05,622010,0
SPY.US,5,20251114,183000,675.04,675.09,674.2,674.69,568633,0
SPY.US,5,20251114,183500,674.7,675.66,674.69,675.49,627520,0
SPY.US,5,20251114,184000,675.485,675.5,674.57,674.8,523856,0
SPY.US,5,20251114,184500,674.81,675.22,673.92,673.95,637124,0
SPY.US,5,20251114,185000,673.96,674.33,673.13,674.17,1185308,0
SPY.US,5,20251114,185500,674.17,674.38,673.7,674.045,724000,0
SPY.US,5,20251114,190000,674.05,674.07,672.45,672.59,1234336,0
SPY.US,5,20251114,190500,672.59,673.29,672.21,673.2899,813772,0
SPY.US,5,20251114,191000,673.29,674.36,672.94,674.29,799054,0
SPY.US,5,20251114,191500,674.26,674.29,672.88,673.0507,503726,0
SPY.US,5,20251114,192000,673.05,673.14,672.14,672.62,653875,0
SPY.US,5,20251114,192500,672.64,673.175,672.29,673.13,536160,0
SPY.US,5,20251114,193000,673.11,673.645,672.795,673.37,597782,0
SPY.US,5,20251114,193500,673.35,673.45,672.071,672.24,578779,0
SPY.US,5,20251114,194000,672.23,672.31,671.53,671.67,1053541,0
SPY.US,5,20251114,194500,671.66,672.01,671.49,671.85,657315,0
SPY.US,5,20251114,195000,671.88,673.6008,671.88,673.54,786256,0
SPY.US,5,20251114,195500,673.55,673.78,672.94,673.25,847367,0
SPY.US,5,20251114,200000,673.25,673.57,672.84,672.97,644803,0
SPY.US,5,20251114,200500,672.99,673.22,672.27,672.63,713662,0
SPY.US,5,20251114,201000,672.62,673.1,672.37,673.05,687646,0
SPY.US,5,20251114,201500,673.1,673.52,672.95,673.17,494510,0
SPY.US,5,20251114,202000,673.15,674.44,673.15,674.31,716231,0
SPY.US,5,20251114,202500,674.31,674.34,673.6,674.0199,667823,0
SPY.US,5,20251114,203000,674.02,674.35,673.62,673.85,593048,0
SPY.US,5,20251114,203500,673.85,674.375,673.69,674.22,416544,0
SPY.US,5,20251114,204000,674.22,674.33,673.84,674.12,513673,0
SPY.US,5,20251114,204500,674.14,674.9,674.03,674.21,601416,0
SPY.US,5,20251114,205000,674.2026,674.73,674.11,674.475,521141,0
SPY.US,5,20251114,205500,674.49,674.8,674.165,674.65,553510,0
SPY.US,5,20251114,210000,674.64,675.12,674.47,674.81,653480,0
SPY.US,5,20251114,210500,674.81,674.87,673.74,673.97,911172,0
SPY.US,5,20251114,211000,673.99,674.3992,673.6,673.7,530404,0
SPY.US,5,20251114,211500,673.71,673.87,672.871,673,718489,0
SPY.US,5,20251114,212000,673.01,673.15,672.21,672.65,937368,0
SPY.US,5,20251114,212500,672.64,672.915,672.3244,672.645,740274,0
SPY.US,5,20251114,213000,672.64,673.06,672.26,672.84,689450,0
SPY.US,5,20251114,213500,672.85,673.11,672.31,672.6,845487,0
SPY.US,5,20251114,214000,672.59,672.6299,671.915,672.07,919243,0
SPY.US,5,20251114,214500,672.06,672.49,671.2,671.22,1199516,0
SPY.US,5,20251114,215000,671.21,672.16,671.2,671.68,1422922,0
SPY.US,5,20251114,215500,671.67,672.05,671.17,671.91,4313766,0
SPY.US,5,20251117,153000,669.7,671.14,668.92,671.14,1861805,0
SPY.US,5,20251117,153500,671.14,672.645,671.08,672.62,1355672,0
SPY.US,5,20251117,154000,672.61,672.67,671.67,671.985,1099772,0
SPY.US,5,20251117,154500,671.99,673.13,671.84,672.78,916472,0
SPY.US,5,20251117,155000,672.8,673.67,672.8,673.5,939082,0
SPY.US,5,20251117,155500,673.5,673.71,672.57,672.72,841174,0
SPY.US,5,20251117,160000,672.72,673.15,671.39,671.55,825459,0
SPY.US,5,20251117,160500,671.55,672.25,670.47,670.8799,1015957,0
SPY.US,5,20251117,161000,670.89,672.025,670.82,671.74,791878,0
SPY.US,5,20251117,161500,671.74,672.13,670.6,670.761,591476,0
SPY.US,5,20251117,162000,670.762,671.85,670.55,671.31,698148,0
SPY.US,5,20251117,162500,671.33,672.32,670.83,672.06,524762,0
SPY.US,5,20251117,163000,672.04,672.37,670.43,670.98,701310,0
SPY.US,5,20251117,163500,670.97,671.48,670.5,670.59,732999,0
SPY.US,5,20251117,164000,670.59,671.71,670.14,671.7,993460,0
SPY.US,5,20251117,164500,671.69,672.09,670.87,671.145,684446,0
SPY.US,5,20251117,165000,671.18,671.46,670.62,671.1548,560251,0
SPY.US,5,20251117,165500,671.16,671.48,670.33,670.7,573836,0
SPY.US,5,20251117,170000,670.72,670.98,669.76,670.27,867758,0
SPY.US,5,20251117,170500,670.28,670.35,668.9,669.24,892061,0
SPY.US,5,20251117,171000,669.235,669.57,668.525,668.67,902807,0
SPY.US,5,20251117,171500,668.67,668.67,667.77,668.095,1091507,0
SPY.US,5,20251117,172000,668.095,668.7365,667.815,668.6,996392,0
SPY.US,5,20251117,172500,668.61,670.53,668.3,670.475,901096,0
SPY.US,5,20251117,173000,670.48,671.27,670.372,670.83,1041838,0
SPY.US,5,20251117,173500,670.84,671.37,670.47,671.25,566959,0
SPY.US,5,20251117,174000,671.24,672.08,671.19,671.72,627422,0
SPY.US,5,20251117,174500,671.73,672.29,671.56,672.1,474768,0
SPY.US,5,20251117,175000,672.09,672.72,672.09,672.52,454842,0
SPY.US,5,20251117,175500,672.5,672.98,671.995,672.95,496394,0
SPY.US,5,20251117,180000,672.96,673,672.405,672.53,374925,0
SPY.US,5,20251117,180500,672.5287,672.72,672.1,672.59,347744,0
SPY.US,5,20251117,181000,672.59,672.655,671.975,672.42,311627,0
SPY.US,5,20251117,181500,672.43,672.55,671.705,672.12,345636,0
SPY.US,5,20251117,182000,672.1,672.45,671.81,672.21,381719,0
SPY.US,5,20251117,182500,672.23,672.345,671.8,672.3101,332047,0
SPY.US,5,20251117,183000,672.33,672.51,671.865,672.335,395514,0
SPY.US,5,20251117,183500,672.33,672.59,671.37,671.52,372485,0
SPY.US,5,20251117,184000,671.5255,671.53,670.84,670.93,586176,0
SPY.US,5,20251117,184500,670.93,670.97,670.09,670.77,755195,0
SPY.US,5,20251117,185000,670.79,670.87,669.65,669.74,569655,0
SPY.US,5,20251117,185500,669.73,669.89,669.15,669.22,430711,0
SPY.US,5,20251117,190000,669.25,669.28,668.35,668.525,824677,0
SPY.US,5,20251117,190500,668.56,669.008,668.22,668.585,550796,0
SPY.US,5,20251117,191000,668.57,669.48,668.44,668.9955,721419,0
SPY.US,5,20251117,191500,669,669.33,668.52,669.09,412516,0
SPY.US,5,20251117,192000,669.09,669.43,668.61,668.78,354090,0
SPY.US,5,20251117,192500,668.76,669,668.46,668.71,283437,0
SPY.US,5,20251117,193000,668.71,668.74,668.15,668.4,486898,0
SPY.US,5,20251117,193500,668.39,668.74,668.19,668.42,393810,0
SPY.US,5,20251117,194000,668.44,668.89,668.045,668.82,418587,0
SPY.US,5,20251117,194500,668.83,669.91,668.79,669.12,750520,0
SPY.US,5,20251117,195000,669.12,669.495,668.105,668.1348,510286,0
SPY.US,5,20251117,195500,668.14,668.14,666.5,666.56,1178684,0
SPY.US,5,20251117,200000,666.57,666.9,665.6,666.175,1215093,0
SPY.US,5,20251117,200500,666.17,666.62,665.77,666.41,1087444,0
SPY.US,5,20251117,201000,666.4,666.73,665.81,665.97,980397,0
SPY.US,5,20251117,201500,665.98,666.16,665.46,665.73,754984,0
SPY.US,5,20251117,202000,665.75,665.95,665.51,665.74,645830,0
SPY.US,5,20251117,202500,665.73,665.9,664.97,665.83,802977,0
SPY.US,5,20251117,203000,665.8395,666.1415,664.66,664.9313,835328,0
SPY.US,5,20251117,203500,664.92,665.3,663.9905,664.03,931808,0
SPY.US,5,20251117,204000,664.0201,664.64,663.73,664.56,1257871,0
SPY.US,5,20251117,204500,664.52,664.61,663.51,664.12,913786,0
SPY.US,5,20251117,205000,664.13,664.415,663.75,663.865,822289,0
SPY.US,5,20251117,205500,663.85,663.925,662.73,662.79,1261506,0
SPY.US,5,20251117,210000,662.77,662.92,662.17,662.69,1397238,0
SPY.US,5,20251117,210500,662.69,663.37,662.58,662.8998,1182986,0
SPY.US,5,20251117,211000,662.87,663.65,662.7045,662.75,1276048,0
SPY.US,5,20251117,211500,662.755,663.9856,662.56,663.13,1267806,0
SPY.US,5,20251117,212000,663.12,663.84,662.95,663.655,1045836,0
SPY.US,5,20251117,212500,663.66,664.05,663.405,663.73,1175897,0
SPY.US,5,20251117,213000,663.74,664.27,663.095,663.31,1252975,0
SPY.US,5,20251117,213500,663.31,664.19,663.18,663.35,989272,0
SPY.US,5,20251117,214000,663.34,664.055,663.14,664.045,1168958,0
SPY.US,5,20251117,214500,664.035,665.04,663.9601,664.89,1946341,0
SPY.US,5,20251117,215000,664.89,665.62,664.4,664.72,2395777,0
SPY.US,5,20251117,215500,664.72,665.77,664.67,665.67,6283859,0
SPY.US,5,20251118,153000,662.07,664.26,660.955,662.9,3438602,0
SPY.US,5,20251118,153500,662.9,663.83,662.49,663.15,2179050,0
SPY.US,5,20251118,154000,663.14,663.455,661.54,661.85,1854298,0
SPY.US,5,20251118,154500,661.85,663.45,660.749,660.9699,2420987,0
SPY.US,5,20251118,155000,660.95,661.14,659.56,659.8,2415637,0
SPY.US,5,20251118,155500,659.79,659.89,658.61,658.66,2077337,0
SPY.US,5,20251118,160000,658.66,659.45,656.96,657.0592,2201595,0
SPY.US,5,20251118,160500,657.06,659.16,656.8,658.9,2412791,0
SPY.US,5,20251118,161000,658.88,659.46,657.61,658.83,1740859,0
SPY.US,5,20251118,161500,658.82,658.88,657.07,658,1596023,0
SPY.US,5,20251118,162000,658.0201,660.31,657.87,659.31,1754922,0
SPY.US,5,20251118,162500,659.31,660.29,658.97,659.085,1039437,0
SPY.US,5,20251118,163000,659.08,660.2,658.39,658.67,1663927,0
SPY.US,5,20251118,163500,658.64,658.72,657.423,658.35,1184385,0
SPY.US,5,20251118,164000,658.34,659.03,657.6,658.2691,1068271,0
SPY.US,5,20251118,164500,658.25,658.33,657.6,657.92,918775,0
SPY.US,5,20251118,165000,657.93,658.51,657.12,658,1020884,0
SPY.US,5,20251118,165500,658.0198,658.74,657.16,657.22,900102,0
SPY.US,5,20251118,170000,657.22,657.61,655.86,656.6183,1869015,0
SPY.US,5,20251118,170500,656.6297,658.42,656.26,658.34,1010018,0
SPY.US,5,20251118,171000,658.33,659.53,658.22,658.83,1312429,0
SPY.US,5,20251118,171500,658.82,659.55,658.09,659.26,910114,0
SPY.US,5,20251118,172000,659.3199,660.43,659.16,660.21,994463,0
SPY.US,5,20251118,172500,660.26,661.87,660.2,661.57,1322223,0
SPY.US,5,20251118,173000,661.57,662.1513,661.37,661.42,1286474,0
SPY.US,5,20251118,173500,661.44,662.37,661.15,661.24,1170128,0
SPY.US,5,20251118,174000,661.22,662.05,660.95,661.91,646706,0
SPY.US,5,20251118,174500,661.9001,662.29,660.78,661.41,854621,0
SPY.US,5,20251118,175000,661.43,661.84,660.72,661.33,660812,0
SPY.US,5,20251118,175500,661.33,662.04,660.88,661.19,469370,0
SPY.US,5,20251118,180000,661.17,661.86,660.98,661.18,481116,0
SPY.US,5,20251118,180500,661.17,661.29,660.25,660.59,761791,0
SPY.US,5,20251118,181000,660.6,661.0199,659.8702,659.93,535025,0
SPY.US,5,20251118,181500,659.92,660.64,659.56,660.04,716598,0
SPY.US,5,20251118,182000,660.07,660.89,659.66,659.75,553187,0
SPY.US,5,20251118,182500,659.74,660.1958,658.56,658.62,768932,0
SPY.US,5,20251118,183000,658.6,659.05,657.91,658.94,913924,0
SPY.US,5,20251118,183500,658.94,661.2,658.8,661.14,891980,0
SPY.US,5,20251118,184000,661.1499,663.02,661.13,662.79,1178756,0
SPY.US,5,20251118,184500,662.8,663.28,661.74,663.13,1038788,0
SPY.US,5,20251118,185000,663.1,663.67,662.38,663.56,776899,0
SPY.US,5,20251118,185500,663.53,664.375,663.05,663.67,958052,0
SPY.US,5,20251118,190000,663.72,664.23,663.32,663.75,844937,0
SPY.US,5,20251118,190500,663.75,664.4,663.57,663.9,820095,0
SPY.US,5,20251118,191000,663.91,664.46,663.65,663.81,645411,0
SPY.US,5,20251118,191500,663.84,664.09219,663.25,664.0099,724231,0
SPY.US,5,20251118,192000,663.98,664.23,663.1,664.05,410040,0
SPY.US,5,20251118,192500,664.0499,664.38,663.26,663.34,482249,0
SPY.US,5,20251118,193000,663.33,664.61,663.33,664.39,500967,0
SPY.US,5,20251118,193500,664.39,664.61,663.1,664.02,745953,0
SPY.US,5,20251118,194000,664.04,665.12,663.47,663.87,1086613,0
SPY.US,5,20251118,194500,663.88,664.4493,663.58,664.37,740308,0
SPY.US,5,20251118,195000,664.38,664.94,664.1,664.45,446993,0
SPY.US,5,20251118,195500,664.42,664.45,662.7,663.02,1041707,0
SPY.US,5,20251118,200000,663.01,664.23,662.85,663.025,839207,0
SPY.US,5,20251118,200500,663.04,663.84,662.97,663.71,508512,0
SPY.US,5,20251118,201000,663.74,664.25,663.19,663.96,491703,0
SPY.US,5,20251118,201500,663.97,664.09,662.91,664.03,570260,0
SPY.US,5,20251118,202000,664.05,664.24,662.7,663.06,532395,0
SPY.US,5,20251118,202500,663.06,663.56,662.57,662.94,611435,0
SPY.US,5,20251118,203000,662.93,663.18,662.434,662.7,595371,0
SPY.US,5,20251118,203500,662.73,664.68,662.645,664.61,794947,0
SPY.US,5,20251118,204000,664.6,664.96,663.2,663.46,932031,0
SPY.US,5,20251118,204500,663.46,664.87,663.44,664.1385,765829,0
SPY.US,5,20251118,205000,664.12,664.24,663.195,663.27,809351,0
SPY.US,5,20251118,205500,663.28,664.48,662.97,664.42,756834,0
SPY.US,5,20251118,210000,664.43,664.94,663.65,663.715,1218075,0
SPY.US,5,20251118,210500,663.7,663.79,663.05,663.28,736042,0
SPY.US,5,20251118,211000,663.24,663.5,662.81,663.1555,744435,0
SPY.US,5,20251118,211500,663.15,663.52,662.66,662.77,879522,0
SPY.US,5,20251118,212000,662.77,663.49,662.3834,662.557,687994,0
SPY.US,5,20251118,212500,662.57,662.58,661.5,662.42,1223569,0
SPY.US,5,20251118,213000,662.42,662.78,661.65,661.77,948208,0
SPY.US,5,20251118,213500,661.78,662.72,661.64,662.37,1035598,0
SPY.US,5,20251118,214000,662.38,662.54,661.59,661.65,1020721,0
SPY.US,5,20251118,214500,661.65,661.92,660.875,660.915,1645347,0
SPY.US,5,20251118,215000,660.92,662.36,660.88,661.345,2565505,0
SPY.US,5,20251118,215500,661.345,661.68,660.02,660.19,4609269,0
SPY.US,5,20251119,153000,660.78,661.61,660.11,661.4,1998995,0
SPY.US,5,20251119,153500,661.41,662.39,661.3,662.1994,1631581,0
SPY.US,5,20251119,154000,662.18,663.32,661.72,663.015,1107807,0
SPY.US,5,20251119,154500,663.01,663.78,662.68,663.54,1280544,0
SPY.US,5,20251119,155000,663.54,664.59,662.99,664.515,1028564,0
SPY.US,5,20251119,155500,664.51,665.84,664.26,665.67,1435375,0
SPY.US,5,20251119,160000,665.67,666.215,665.42,666.14,1468246,0
SPY.US,5,20251119,160500,666.15,666.44,665.945,666.175,1272341,0
SPY.US,5,20251119,161000,666.18,666.76,665.69,666.56,1200561,0
SPY.US,5,20251119,161500,666.55,667.34,666.52,666.62,1288720,0
SPY.US,5,20251119,162000,666.61,667.04,666.09,666.5859,889025,0
SPY.US,5,20251119,162500,666.57,666.66,665.91,666.25,1180550,0
SPY.US,5,20251119,163000,666.27,666.5545,665.855,666.16,786337,0
SPY.US,5,20251119,163500,666.16,666.32,665.53,665.64,730002,0
SPY.US,5,20251119,164000,665.6399,665.75,665.08,665.5,709819,0
SPY.US,5,20251119,164500,665.52,665.52,664.69,664.71,642198,0
SPY.US,5,20251119,165000,664.71,664.71,663.7,664.04,1037667,0
SPY.US,5,20251119,165500,664.04,664.06,662.6,662.965,1180662,0
SPY.US,5,20251119,170000,662.961,663.53,662.76,663.05,1268174,0
SPY.US,5,20251119,170500,663.03,663.28,662.048,662.42,1026906,0
SPY.US,5,20251119,171000,662.41,662.53,661.88,662.2808,784064,0
SPY.US,5,20251119,171500,662.29,662.67,662.04,662.4195,895806,0
SPY.US,5,20251119,172000,662.4,663.13,661.57,661.65,992288,0
SPY.US,5,20251119,172500,661.65,662.42,661.28,662,928118,0
SPY.US,5,20251119,173000,662.0099,662.3,661.62,662,547160,0
SPY.US,5,20251119,173500,661.99,662.03,660.99,661.24,623320,0
SPY.US,5,20251119,174000,661.2399,661.99,660.78,661.62,951152,0
SPY.US,5,20251119,174500,661.62,662.0899,661.03,661.35,761268,0
SPY.US,5,20251119,175000,661.31,662.0199,661.048,661.835,617779,0
SPY.US,5,20251119,175500,661.8244,662.5897,661.36,662.5101,638781,0
SPY.US,5,20251119,180000,662.515,662.98,661.06,661.07,902887,0
SPY.US,5,20251119,180500,661.08,661.6055,660.585,661.03,749700,0
SPY.US,5,20251119,181000,661.0101,661.27,660.5,660.75,545984,0
SPY.US,5,20251119,181500,660.77,661.46,660.62,660.84,518351,0
SPY.US,5,20251119,182000,660.84,661.44,660.58,660.88,485882,0
SPY.US,5,20251119,182500,660.89,661.46,660.23,661.18,886091,0
SPY.US,5,20251119,183000,661.17,661.37,660.01,660.16,706879,0
SPY.US,5,20251119,183500,660.16,660.17,658.745,659.1,1455290,0
SPY.US,5,20251119,184000,659.08,661.55,658.76,661.03,1465535,0
SPY.US,5,20251119,184500,661.01,661.26,659.97,660.55,781872,0
SPY.US,5,20251119,185000,660.52,661.7,660.41,661.41,624099,0
SPY.US,5,20251119,185500,661.42,661.93,661.04,661.35,627135,0
SPY.US,5,20251119,190000,661.36,662.15,661.06,662.08,531347,0
SPY.US,5,20251119,190500,662.05,662.21,661.14,662.0002,733684,0
SPY.US,5,20251119,191000,661.99,662.62,661.5501,662.26,682240,0
SPY.US,5,20251119,191500,662.28,662.4701,661.16,661.555,647491,0
SPY.US,5,20251119,192000,661.55,662.56,661.52,662.2,631890,0
SPY.US,5,20251119,192500,662.19,662.4722,660.94,661.03,848426,0
SPY.US,5,20251119,193000,661.0201,661.74,660.82,661.64,681898,0
SPY.US,5,20251119,193500,661.66,663.33,661.53,662.62,1077356,0
SPY.US,5,20251119,194000,662.62,662.78,661.31,661.59,837014,0
SPY.US,5,20251119,194500,661.6,661.67,660.76,661.01,524641,0
SPY.US,5,20251119,195000,661.02,662.41,661.02,662.32,636357,0
SPY.US,5,20251119,195500,662.31,662.98,662.18,662.5292,655451,0
SPY.US,5,20251119,200000,662.55,662.79,661.68,661.95,1223425,0
SPY.US,5,20251119,200500,661.95,662.17,661.49,661.77,701147,0
SPY.US,5,20251119,201000,661.74,661.85,661.22,661.83,553002,0
SPY.US,5,20251119,201500,661.8,662.0356,660.97,661.26,492506,0
SPY.US,5,20251119,202000,661.2606,661.38,660.69,660.94,446778,0
SPY.US,5,20251119,202500,660.93,660.93,659.48,659.8,889032,0
SPY.US,5,20251119,203000,659.8,660.31,659.45,659.82,679737,0
SPY.US,5,20251119,203500,659.84,660.179,659.37,659.49,484670,0
SPY.US,5,20251119,204000,659.49,659.95,659.33,659.7356,560228,0
SPY.US,5,20251119,204500,659.74,660.03,659.37,659.945,524988,0
SPY.US,5,20251119,205000,659.94,661.51,659.93,661.4498,727714,0
SPY.US,5,20251119,205500,661.41,662.01,660.78,661.25,857541,0
SPY.US,5,20251119,210000,661.25,661.77,661,661.63,657702,0
SPY.US,5,20251119,210500,661.59,661.898,661.47,661.73,547059,0
SPY.US,5,20251119,211000,661.75,662.42,661.65,662.31,592056,0
SPY.US,5,20251119,211500,662.33,664.2,662.33,664.02,1166838,0
SPY.US,5,20251119,212000,664.02,664.4,662.86,663.4091,1375507,0
SPY.US,5,20251119,212500,663.39,663.74,662.99,663.5,500532,0
SPY.US,5,20251119,213000,663.5,663.66,662.96,663.4388,720358,0
SPY.US,5,20251119,213500,663.44,664.76,663.4,663.98,1128694,0
SPY.US,5,20251119,214000,664.01,664.07,663.0666,663.61,1035739,0
SPY.US,5,20251119,214500,663.625,663.66,662.055,662.1,1443312,0
SPY.US,5,20251119,215000,662.1,663.28,661.74,663,1405798,0
SPY.US,5,20251119,215500,663,663.58,662.35,662.63,3629258,0
SPY.US,5,20251120,153000,672.91,673.865,672.47,673.33,3392201,0
SPY.US,5,20251120,153500,673.35,674,673.11,673.66,1924757,0
SPY.US,5,20251120,154000,673.66,674.15,672.69,673.635,1797692,0
SPY.US,5,20251120,154500,673.62,674.7,672.96,674.08,1632647,0
SPY.US,5,20251120,155000,674.09,674.62,673.92,674.2,1073644,0
SPY.US,5,20251120,155500,674.24,675.02,674.09,674.91,1077186,0
SPY.US,5,20251120,160000,674.91,675.41,674.66,674.9574,1177321,0
SPY.US,5,20251120,160500,674.95,674.97,673.1,673.28,1250688,0
SPY.US,5,20251120,161000,673.27,673.86,672.79,673.16,1145981,0
SPY.US,5,20251120,161500,673.16,674.22,672.8169,674.01,1152852,0
SPY.US,5,20251120,162000,674,674.92,673.59,674.75,939646,0
SPY.US,5,20251120,162500,674.75,675.0155,674.38,674.82,962573,0
SPY.US,5,20251120,163000,674.83,675.2001,674.31,674.65,814349,0
SPY.US,5,20251120,163500,674.655,675.56,674.58,675.29,775240,0
SPY.US,5,20251120,164000,675.28,675.435,674.83,675.22,572695,0
SPY.US,5,20251120,164500,675.23,675.32,674.01,674.09,788730,0
SPY.US,5,20251120,165000,674.085,674.32,673.37,673.38,718713,0
SPY.US,5,20251120,165500,673.38,673.64,672.74,672.76,992445,0
SPY.US,5,20251120,170000,672.78,672.82,671.64,671.7,1325974,0
SPY.US,5,20251120,170500,671.68,672.2,671.02,671.085,1552259,0
SPY.US,5,20251120,171000,671.08,671.165,669.85,669.92,1233858,0
SPY.US,5,20251120,171500,669.92,669.97,668.14,668.455,2478162,0
SPY.US,5,20251120,172000,668.45,669.11,667.58,668,1966407,0
SPY.US,5,20251120,172500,667.99,669.36,667.42,667.9,2515520,0
SPY.US,5,20251120,173000,667.89,668.17,666.67,667,1726231,0
SPY.US,5,20251120,173500,667.01,667.17,664.79,665.79,2122694,0
SPY.US,5,20251120,174000,665.79,665.82,664.13,664.43,2654843,0
SPY.US,5,20251120,174500,664.44,665.265,663.63,664.54,2562126,0
SPY.US,5,20251120,175000,664.545,665.79,662.57,662.59,2672234,0
SPY.US,5,20251120,175500,662.59,662.97,659.39,659.96,3326392,0
SPY.US,5,20251120,180000,659.95,662.38,659.56,661.69,3053395,0
SPY.US,5,20251120,180500,661.66,661.85,659.08,660.24,2187090,0
SPY.US,5,20251120,181000,660.22,660.38,658.03,659.64,2307117,0
SPY.US,5,20251120,181500,659.63,659.98,657.19,657.91,2502914,0
SPY.US,5,20251120,182000,657.9,659.23,656.6,658.26,2351712,0
SPY.US,5,20251120,182500,658.26,659.41,657.12,658.6,2402984,0
SPY.US,5,20251120,183000,658.58,659.54,657.19,657.51,1908362,0
SPY.US,5,20251120,183500,657.505,658.43,655.45,658.19,2330840,0
SPY.US,5,20251120,184000,658.18,658.55,656.24,656.26,1446623,0
SPY.US,5,20251120,184500,656.27,656.6,655.49,655.85,1750612,0
SPY.US,5,20251120,185000,655.88,657.66,655.67,656.1699,1605869,0
SPY.US,5,20251120,185500,656.15,657.88,655.92,657.26,1423532,0
SPY.US,5,20251120,190000,657.29,658.78,656.72,658.42,2196588,0
SPY.US,5,20251120,190500,658.45,660.01,658.15,659.96,1815337,0
SPY.US,5,20251120,191000,659.9412,661.85,659.32,661.815,1668087,0
SPY.US,5,20251120,191500,661.815,661.97,659.3153,660.16,1962836,0
SPY.US,5,20251120,192000,660.17,660.86,658.9901,659.09,1066943,0
SPY.US,5,20251120,192500,659.07,659.95,658.73,659.55,830575,0
SPY.US,5,20251120,193000,659.58,660,657.71,658.74,954076,0
SPY.US,5,20251120,193500,658.7301,658.85,656.84,657.13,1110170,0
SPY.US,5,20251120,194000,657.09,657.22,656.24,656.32,761749,0
SPY.US,5,20251120,194500,656.33,656.4,655.51,655.63,773568,0
SPY.US,5,20251120,195000,655.63,655.64,654.13,654.38,1530430,0
SPY.US,5,20251120,195500,654.36,655.86,654.12,655.06,1329972,0
SPY.US,5,20251120,200000,655.04,655.6,654.2,654.395,1135628,0
SPY.US,5,20251120,200500,654.41,655.37,653.86,655.22,1286759,0
SPY.US,5,20251120,201000,655.21,655.85,654.55,655.36,1060902,0
SPY.US,5,20251120,201500,655.34,656.59,654.85,655.71,829087,0
SPY.US,5,20251120,202000,655.73,656.57,655.24,655.35,730787,0
SPY.US,5,20251120,202500,655.36,657.54,655.22,657.01,779179,0
SPY.US,5,20251120,203000,656.98,656.99,655.355,655.85,1059672,0
SPY.US,5,20251120,203500,655.88,656.64,655.46,655.6428,861918,0
SPY.US,5,20251120,204000,655.65,656.79,655.21,656.62,863407,0
SPY.US,5,20251120,204500,656.6,656.7697,655.3,655.73,522420,0
SPY.US,5,20251120,205000,655.74,657.06,655.61,656.7674,688531,0
SPY.US,5,20251120,205500,656.76,658.25,656.55,658.11,1838574,0
SPY.US,5,20251120,210000,658.12,658.13,656,656.2,1672016,0
SPY.US,5,20251120,210500,656.2,657.11,656.05,656.305,986635,0
SPY.US,5,20251120,211000,656.31,656.52,655.72,656.29,1025400,0
SPY.US,5,20251120,211500,656.29,657.13,656.03,656.69,796299,0
SPY.US,5,20251120,212000,656.68,657.53,655.93,655.995,958835,0
SPY.US,5,20251120,212500,655.99,656.32,655.35,656.2,1173360,0
SPY.US,5,20251120,213000,656.2,656.56,655.09,655.13,1406217,0
SPY.US,5,20251120,213500,655.14,655.23,653.76,653.94,1827717,0
SPY.US,5,20251120,214000,653.94,654.29,653.13,653.36,2225572,0
SPY.US,5,20251120,214500,653.36,653.648,652.01,652.05,2554358,0
SPY.US,5,20251120,215000,652.05,653.79,651.97,652.99,3011054,0
SPY.US,5,20251120,215500,652.98,653.965,651.89,652.53,5014503,0
SPY.US,5,20251121,153000,655.05,656.44,654.33,655.45,2709415,0
SPY.US,5,20251121,153500,655.455,656.21,654.54,654.61,1930706,0
SPY.US,5,20251121,154000,654.6,656.02,654.03,654.34,1494688,0
SPY.US,5,20251121,154500,654.35,655.45,653.13,654.66,1873418,0
SPY.US,5,20251121,155000,654.66,656.47,654.24,656.12,1575985,0
SPY.US,5,20251121,155500,656.13,656.18,654.28,654.52,971901,0
SPY.US,5,20251121,160000,654.57,655.71,653.15,653.89,1673720,0
SPY.US,5,20251121,160500,653.92,655.57,653.52,654.24,1176239,0
SPY.US,5,20251121,161000,654.27,654.45,653.22,653.76,1260932,0
SPY.US,5,20251121,161500,653.72,654.46,652.63,654.27,1468398,0
SPY.US,5,20251121,162000,654.27,654.98,652.34,654.98,1439706,0
SPY.US,5,20251121,162500,654.99,655.94,652.72,653.07,1196327,0
SPY.US,5,20251121,163000,653.07,654.06,652.52,652.66,1178158,0
SPY.US,5,20251121,163500,652.65,652.75,650.85,651.31,2057183,0
SPY.US,5,20251121,164000,651.3,653.32,650.94,652.86,1780296,0
SPY.US,5,20251121,164500,652.87,654.32,652.38,654.07,960071,0
SPY.US,5,20251121,165000,654.05,654.39,652.63,654.125,689083,0
SPY.US,5,20251121,165500,654.14,654.39,652.7,652.79,564230,0
SPY.US,5,20251121,170000,652.77,653.28,651.42,651.87,716554,0
SPY.US,5,20251121,170500,651.89,652.91,651.08,652.87,962567,0
SPY.US,5,20251121,171000,652.88,653.8,652.42,653.29,698345,0
SPY.US,5,20251121,171500,653.32,654.04,651.98,652.24,662075,0
SPY.US,5,20251121,172000,652.24,654.98,652.1,654.79,941087,0
SPY.US,5,20251121,172500,654.79,655.97,654.52,655.93,840312,0
SPY.US,5,20251121,173000,655.93,656.36,655.22,655.78,1187040,0
SPY.US,5,20251121,173500,655.795,657.35,655.69,656.97,1220305,0
SPY.US,5,20251121,174000,656.98,657.67,656.9275,657.38,778735,0
SPY.US,5,20251121,174500,657.37,658.14,656.67,657.62,715072,0
SPY.US,5,20251121,175000,657.63,659.1,657.34,658.71,1237758,0
SPY.US,5,20251121,175500,658.7101,660.695,658.7,660.64,1544575,0
SPY.US,5,20251121,180000,660.64,660.865,659.36,660.27,1492286,0
SPY.US,5,20251121,180500,660.28,661.15,659.87,660.951,976900,0
SPY.US,5,20251121,181000,660.95,661.19,660.21,660.56,1080489,0
SPY.US,5,20251121,181500,660.57,660.76,659.77,659.88,888500,0
SPY.US,5,20251121,182000,659.8997,660.96,659.46,660.7946,970117,0
SPY.US,5,20251121,182500,660.8,660.9925,659.765,660.38,669363,0
SPY.US,5,20251121,183000,660.38,661.08,660.29,660.76,647075,0
SPY.US,5,20251121,183500,660.78,661.5118,660.38,660.66,674276,0
SPY.US,5,20251121,184000,660.66,661.3213,660.13,661.15,591374,0
SPY.US,5,20251121,184500,661.16,661.48,660.43,661.15,585596,0
SPY.US,5,20251121,185000,661.13,661.16,659.71,660.4796,618697,0
SPY.US,5,20251121,185500,660.5,661.05,659.75,660.16,473011,0
SPY.US,5,20251121,190000,660.2,660.46,658.485,658.5535,836477,0
SPY.US,5,20251121,190500,658.56,658.89,657.98,658.41,1262305,0
SPY.US,5,20251121,191000,658.41,658.45,657.4699,657.55,770930,0
SPY.US,5,20251121,191500,657.55,657.738,656.88,657.385,728947,0
SPY.US,5,20251121,192000,657.39,658.42,657.27,657.65,670075,0
SPY.US,5,20251121,192500,657.65,658.43,657.3901,658.36,385906,0
SPY.US,5,20251121,193000,658.35,659.79,658,659.41,889671,0
SPY.US,5,20251121,193500,659.44,660.8012,659.26,660.6,595354,0
SPY.US,5,20251121,194000,660.59,660.87,660.02,660.76,548378,0
SPY.US,5,20251121,194500,660.765,663.58,660.28,662.919,1508388,0
SPY.US,5,20251121,195000,662.92,664.09,662.26,662.45,1506830,0
SPY.US,5,20251121,195500,662.47,663.13,661.65,662.22,786615,0
SPY.US,5,20251121,200000,662.23,663.25,662.11,663.13,817936,0
SPY.US,5,20251121,200500,663.12,663.96,662.82,663.67,984240,0
SPY.US,5,20251121,201000,663.7,664.03,662.98,663.27,748752,0
SPY.US,5,20251121,201500,663.24,663.88,662.95,663.63,720634,0
SPY.US,5,20251121,202000,663.615,664.53,663.478,664.22,749050,0
SPY.US,5,20251121,202500,664.22,664.55,663.92,664.23,620381,0
SPY.US,5,20251121,203000,664.21,664.52,662.85,663.02,814946,0
SPY.US,5,20251121,203500,663.06,664.21,662.98,663.99,699199,0
SPY.US,5,20251121,204000,663.97,664.29,662.26,662.54,788990,0
SPY.US,5,20251121,204500,662.57,663.01,661.885,662.35,859258,0
SPY.US,5,20251121,205000,662.37,662.82,660.95,661.56,815056,0
SPY.US,5,20251121,205500,661.56,661.99,661.11,661.75,782972,0
SPY.US,5,20251121,210000,661.73,662.2,661.51,661.75,579863,0
SPY.US,5,20251121,210500,661.755,661.95,661.37,661.71,653116,0
SPY.US,5,20251121,211000,661.73,662.16,661.285,661.69,783108,0
SPY.US,5,20251121,211500,661.68,661.96,661.38,661.73,731866,0
SPY.US,5,20251121,212000,661.73,661.95,660.47,660.82,735557,0
SPY.US,5,20251121,212500,660.8,661.12,659.62,659.63,1286976,0
SPY.US,5,20251121,213000,659.6,660.25,659.02,659.99,1429868,0
SPY.US,5,20251121,213500,659.98,661.25,659.92,660.53,1094421,0
SPY.US,5,20251121,214000,660.5,660.68,659.74,660.005,1209701,0
SPY.US,5,20251121,214500,660.01,661.14,659.88,660.47,1490001,0
SPY.US,5,20251121,215000,660.47,660.89,658.91,658.94,1901063,0
SPY.US,5,20251121,215500,658.94,659.17,658.23,659.09,4412899,0
SPY.US,5,20251124,153000,662.69,665.07,662.38,665.0258,1918021,0
SPY.US,5,20251124,153500,665.04,665.53,663.77,663.84,1604865,0
SPY.US,5,20251124,154000,663.86,664.38,662.71,662.89,1216420,0
SPY.US,5,20251124,154500,662.88,663.96,662.21,662.3002,1015782,0
SPY.US,5,20251124,155000,662.31,663.663,661.59,662.86,998162,0
SPY.US,5,20251124,155500,662.83,663.84,662.5,663.84,1004812,0
SPY.US,5,20251124,160000,663.84,665.35,663.83,665.19,1398764,0
SPY.US,5,20251124,160500,665.21,665.76,664.71,664.85,966026,0
SPY.US,5,20251124,161000,664.86,665.56,663.99,665.435,1142611,0
SPY.US,5,20251124,161500,665.42,665.7,664.83,664.99,778522,0
SPY.US,5,20251124,162000,664.995,665.71,664.62,664.88,679784,0
SPY.US,5,20251124,162500,664.8652,665.78,664.36,665.51,812232,0
SPY.US,5,20251124,163000,665.52,665.96,664.95,665.91,780009,0
SPY.US,5,20251124,163500,665.93,666.52,665.68,666.43,630958,0
SPY.US,5,20251124,164000,666.44,666.89,666.1,666.78,712232,0
SPY.US,5,20251124,164500,666.79,667.2,666.72,667.08,757486,0
SPY.US,5,20251124,165000,667.07,667.18,666.58,666.805,611595,0
SPY.US,5,20251124,165500,666.79,666.82,666.22,666.535,523645,0
SPY.US,5,20251124,170000,666.53,667.62,666.53,667.57,580605,0
SPY.US,5,20251124,170500,667.57,668.22,667.415,668.13,767029,0
SPY.US,5,20251124,171000,668.13,668.39,667.84,668.12,652239,0
SPY.US,5,20251124,171500,668.11,668.37,667.91,668.1851,526261,0
SPY.US,5,20251124,172000,668.18,668.36,667.985,668.12,602043,0
SPY.US,5,20251124,172500,668.12,668.33,667.77,667.97,574675,0
SPY.US,5,20251124,173000,667.96,668.0999,667.39,667.87,521242,0
SPY.US,5,20251124,173500,667.88,667.96,667.45,667.73,367181,0
SPY.US,5,20251124,174000,667.75,668.2701,667.5,668.14,385047,0
SPY.US,5,20251124,174500,668.1306,668.4897,668.08,668.18,422657,0
SPY.US,5,20251124,175000,668.1792,668.2,667.71,668.02,375383,0
SPY.US,5,20251124,175500,668.01,668.02,667.2,667.47,380547,0
SPY.US,5,20251124,180000,667.465,667.91,667.08,667.27,514594,0
SPY.US,5,20251124,180500,667.27,667.605,666.99,667.105,353297,0
SPY.US,5,20251124,181000,667.09,667.36,666.9,667.27,281593,0
SPY.US,5,20251124,181500,667.27,668.07,667.15,668.025,379637,0
SPY.US,5,20251124,182000,668.03,668.3599,667.89,668.035,376026,0
SPY.US,5,20251124,182500,668.02,668.32,667.76,668.18,307775,0
SPY.US,5,20251124,183000,668.19,668.39,668.04,668.05,295975,0
SPY.US,5,20251124,183500,668.07,668.59,667.94,668.555,415149,0
SPY.US,5,20251124,184000,668.56,669,668.555,668.9,605135,0
SPY.US,5,20251124,184500,668.92,669.3198,668.87,669.2698,485125,0
SPY.US,5,20251124,185000,669.27,669.38,668.955,669.19,400583,0
SPY.US,5,20251124,185500,669.19,669.19,668.88,669.08,325847,0
SPY.US,5,20251124,190000,669.08,669.44,669.07,669.3635,467577,0
SPY.US,5,20251124,190500,669.36,669.44,669.12,669.23,366098,0
SPY.US,5,20251124,191000,669.24,669.75,669.19,669.64,405979,0
SPY.US,5,20251124,191500,669.64,669.7399,669.2301,669.47,356717,0
SPY.US,5,20251124,192000,669.4601,669.6901,669.34,669.595,312416,0
SPY.US,5,20251124,192500,669.58,669.585,669.16,669.19,283943,0
SPY.US,5,20251124,193000,669.18,669.36,668.78,669.05,421189,0
SPY.US,5,20251124,193500,669.06,669.3481,668.89,669.2791,252089,0
SPY.US,5,20251124,194000,669.28,669.35,669,669.31,277407,0
SPY.US,5,20251124,194500,669.32,669.45,668.96,669.26,262525,0
SPY.US,5,20251124,195000,669.2515,669.47,669.18,669.47,205894,0
SPY.US,5,20251124,195500,669.47,669.51,669.17,669.235,298087,0
SPY.US,5,20251124,200000,669.24,669.73,669.212,669.55,370843,0
SPY.US,5,20251124,200500,669.55,669.81,669.52,669.6204,379941,0
SPY.US,5,20251124,201000,669.62,669.72,669.37,669.4,345371,0
SPY.US,5,20251124,201500,669.41,669.57,669.02,669.34,417112,0
SPY.US,5,20251124,202000,669.33,669.33,669,669.03,365491,0
SPY.US,5,20251124,202500,669.02,669.14,668.69,668.8999,541998,0
SPY.US,5,20251124,203000,668.9,669,668.325,668.47,834334,0
SPY.US,5,20251124,203500,668.49,668.86,668.14,668.76,684273,0
SPY.US,5,20251124,204000,668.76,668.99,668.49,668.49,388416,0
SPY.US,5,20251124,204500,668.49,668.56,668.2382,668.3,339666,0
SPY.US,5,20251124,205000,668.3,668.64,667.87,668.27,746195,0
SPY.US,5,20251124,205500,668.26,668.66,668.18,668.31,823376,0
SPY.US,5,20251124,210000,668.3,669.22,668.19,669.215,752796,0
SPY.US,5,20251124,210500,669.21,669.22,669,669.06,526334,0
SPY.US,5,20251124,211000,669.06,669.36,668.87,669.13,569408,0
SPY.US,5,20251124,211500,669.12,669.49,669.02,669.24,540693,0
SPY.US,5,20251124,212000,669.24,669.28,668.94,669.01,418383,0
SPY.US,5,20251124,212500,669.01,669.0356,668.53,668.94,563331,0
SPY.US,5,20251124,213000,668.93,669.33,668.7501,669.3,560057,0
SPY.US,5,20251124,213500,669.32,669.465,669.08,669.28,537462,0
SPY.US,5,20251124,214000,669.28,669.44,668.94,669.3403,667104,0
SPY.US,5,20251124,214500,669.34,669.5965,668.6799,668.87,968709,0
SPY.US,5,20251124,215000,668.84,669.91,668.61,669.81,3178551,0
SPY.US,5,20251124,215500,669.82,670.06,668.6,668.66,5360666,0
SPY.US,5,20251125,153000,668.63,669.74,668.17,669.47,1490348,0
SPY.US,5,20251125,153500,669.47,669.98,669.315,669.44,1283893,0
SPY.US,5,20251125,154000,669.45,669.46,667.19,667.3842,1531799,0
SPY.US,5,20251125,154500,667.365,667.37,664.8599,664.97,2213791,0
SPY.US,5,20251125,155000,664.96,667.6,664.48,667.43,2041848,0
SPY.US,5,20251125,155500,667.44,669.01,667.24,668.87,1271089,0
SPY.US,5,20251125,160000,668.86,668.9,665.92,666.47,1611496,0
SPY.US,5,20251125,160500,666.45,668.76,666.03,668.43,1142302,0
SPY.US,5,20251125,161000,668.445,668.88,667.39,667.72,1319095,0
SPY.US,5,20251125,161500,667.715,668.45,667.27,668.18,871357,0
SPY.US,5,20251125,162000,668.15,668.41,666.78,667.29,785973,0
SPY.US,5,20251125,162500,667.28,668.62,667.2,668.58,786966,0
SPY.US,5,20251125,163000,668.54,669.71,668.44,669.57,941629,0
SPY.US,5,20251125,163500,669.57,669.61,668.63,669.3599,770317,0
SPY.US,5,20251125,164000,669.3501,670.45,669.1,670.42,933768,0
SPY.US,5,20251125,164500,670.42,671.07,669.595,669.935,1114653,0
SPY.US,5,20251125,165000,669.93,669.93,668.96,669.31,764491,0
SPY.US,5,20251125,165500,669.36,670.13,668.64,669.81,818828,0
SPY.US,5,20251125,170000,669.805,669.88,669.06,669.67,542211,0
SPY.US,5,20251125,170500,669.665,669.92,669.03,669.1897,697274,0
SPY.US,5,20251125,171000,669.19,669.73,669.0583,669.075,594972,0
SPY.US,5,20251125,171500,669.08,670.24,668.86,670.045,687618,0
SPY.US,5,20251125,172000,670.0444,671,670.0444,670.3445,728176,0
SPY.US,5,20251125,172500,670.34,670.55,669.89,670.42,536574,0
SPY.US,5,20251125,173000,670.41,670.85,670.32,670.68,541795,0
SPY.US,5,20251125,173500,670.69,670.905,670.22,670.87,498323,0
SPY.US,5,20251125,174000,670.88,671.47,670.88,671.11,504616,0
SPY.US,5,20251125,174500,671.11,671.14,670.46,670.875,404034,0
SPY.US,5,20251125,175000,670.8801,671.73,670.88,671.63,519843,0
SPY.US,5,20251125,175500,671.64,671.94,671.48,671.72,521480,0
SPY.US,5,20251125,180000,671.72,672.3,671.69,672.2201,846141,0
SPY.US,5,20251125,180500,672.225,672.58,672.225,672.56,522855,0
SPY.US,5,20251125,181000,672.57,672.7,672.4,672.6682,439353,0
SPY.US,5,20251125,181500,672.665,672.94,672.39,672.9,604028,0
SPY.US,5,20251125,182000,672.895,673.75,672.895,673.73,872344,0
SPY.US,5,20251125,182500,673.74,673.88,673.14,673.32,858666,0
SPY.US,5,20251125,183000,673.31,674.165,673.31,674.12,580250,0
SPY.US,5,20251125,183500,674.11,674.375,673.89,674.0301,746222,0
SPY.US,5,20251125,184000,674.038,674.16,673.75,673.8701,692904,0
SPY.US,5,20251125,184500,673.87,674.185,673.43,673.785,553305,0
SPY.US,5,20251125,185000,673.8,674,673.53,673.71,272981,0
SPY.US,5,20251125,185500,673.72,673.8398,673.15,673.3099,362927,0
SPY.US,5,20251125,190000,673.31,673.81,673.27,673.55,406120,0
SPY.US,5,20251125,190500,673.55,673.68,673.24,673.68,332039,0
SPY.US,5,20251125,191000,673.695,673.82,673.31,673.5,438644,0
SPY.US,5,20251125,191500,673.49,673.72,673.22,673.57,413728,0
SPY.US,5,20251125,192000,673.57,674,673.38,673.93,614697,0
SPY.US,5,20251125,192500,673.93,674.035,673.78,674.02,608772,0
SPY.US,5,20251125,193000,674.02,674.17,673.9,674.14,406529,0
SPY.US,5,20251125,193500,674.13,674.1401,673.62,673.86,390696,0
SPY.US,5,20251125,194000,673.85,673.94,673.57,673.735,358268,0
SPY.US,5,20251125,194500,673.74,674.4,673.74,674.22,479830,0
SPY.US,5,20251125,195000,674.21,674.28,674.06,674.165,284400,0
SPY.US,5,20251125,195500,674.16,674.16,673.8,673.87,350590,0
SPY.US,5,20251125,200000,673.87,673.995,673.4799,673.6366,718357,0
SPY.US,5,20251125,200500,673.64,673.95,673.52,673.72,368505,0
SPY.US,5,20251125,201000,673.73,673.81,673.5,673.63,388242,0
SPY.US,5,20251125,201500,673.63,673.725,672.7,673.04,746069,0
SPY.US,5,20251125,202000,673.04,673.3399,672.77,673.2485,686320,0
SPY.US,5,20251125,202500,673.2401,673.41,673.03,673.32,413863,0
SPY.US,5,20251125,203000,673.32,673.45,673.12,673.31,347656,0
SPY.US,5,20251125,203500,673.1533,673.1533,672.68,672.88,356640,0
SPY.US,5,20251125,204000,672.485,673.08,672.48,673.04,333720,0
SPY.US,5,20251125,204500,673.08,673.2206,672.9,673.085,373731,0
SPY.US,5,20251125,205000,673.085,673.86,673.045,673.73,642073,0
SPY.US,5,20251125,205500,673.72,674.11,673.57,673.94,718857,0
SPY.US,5,20251125,210000,673.94,674.57,673.92,674.52,985756,0
SPY.US,5,20251125,210500,674.51,674.79,674.41,674.46,713347,0
SPY.US,5,20251125,211000,674.4624,674.52,674.215,674.3707,701680,0
SPY.US,5,20251125,211500,674.38,674.55,674.28,674.54,445857,0
SPY.US,5,20251125,212000,674.56,674.74,674.51,674.67,557069,0
SPY.US,5,20251125,212500,674.66,674.69,674.41,674.5,591828,0
SPY.US,5,20251125,213000,674.51,675.17,674.455,675.12,942050,0
SPY.US,5,20251125,213500,675.1144,675.38,675.0945,675.37,921344,0
SPY.US,5,20251125,214000,675.38,675.45,675.13,675.18,1135956,0
SPY.US,5,20251125,214500,675.19,675.72,675.04,675.46,1159693,0
SPY.US,5,20251125,215000,675.44,676.21,675.44,675.73,2062163,0
SPY.US,5,20251125,215500,675.74,675.94,674.96,675.02,4122766,0
SPY.US,5,20251126,153000,677.63,678.58,677.43,678.285,1809957,0
SPY.US,5,20251126,153500,678.29,678.7944,677.6601,678.407,1269394,0
SPY.US,5,20251126,154000,678.42,678.83,678.205,678.79,859188,0
SPY.US,5,20251126,154500,678.79,679.35,678.71,679.33,1034058,0
SPY.US,5,20251126,155000,679.35,679.48,678.2,678.36,860202,0
SPY.US,5,20251126,155500,678.35,678.465,677.11,677.34,982031,0
SPY.US,5,20251126,160000,677.34,678.07,676.72,677.655,1085924,0
SPY.US,5,20251126,160500,677.64,678.55,677.24,678.25,678590,0
SPY.US,5,20251126,161000,678.27,678.2983,677.45,677.6,656640,0
SPY.US,5,20251126,161500,677.59,678.14,677.27,678,536046,0
SPY.US,5,20251126,162000,678.01,678.25,677.37,677.3792,526365,0
SPY.US,5,20251126,162500,677.385,678.47,677.235,678.13,586072,0
SPY.US,5,20251126,163000,678.15,678.89,678.15,678.82,490415,0
SPY.US,5,20251126,163500,678.8,679.13,678.66,679.08,522900,0
SPY.US,5,20251126,164000,679.09,679.2,678.44,678.5913,480859,0
SPY.US,5,20251126,164500,678.6,678.6399,678.18,678.52,165308,0
SPY.US,5,20251126,165000,678.52,679,678.28,678.96,402460,0
SPY.US,5,20251126,165500,678.96,679.62,678.66,679.56,613221,0
SPY.US,5,20251126,170000,679.56,680,679.48,679.94,603690,0
SPY.US,5,20251126,170500,679.94,680.23,679.92,680.04,627446,0
SPY.US,5,20251126,171000,680.045,680.36,679.98,680.17,493213,0
SPY.US,5,20251126,171500,680.18,680.41,680.02,680.3825,369390,0
SPY.US,5,20251126,172000,680.385,680.87,680.38,680.83,667328,0
SPY.US,5,20251126,172500,680.83,680.8567,680.48,680.53,449287,0
SPY.US,5,20251126,173000,680.52,680.82,680.29,680.79,575570,0
SPY.US,5,20251126,173500,680.79,681.18,680.755,681.15,729449,0
SPY.US,5,20251126,174000,681.1499,681.69,681.13,681.47,933640,0
SPY.US,5,20251126,174500,681.47,681.545,681.17,681.21,407824,0
SPY.US,5,20251126,175000,681.21,681.46,680.97,681.28,395439,0
SPY.US,5,20251126,175500,681.29,681.56,681.21,681.3599,340457,0
SPY.US,5,20251126,180000,681.355,681.56,681.07,681.14,374384,0
SPY.US,5,20251126,180500,681.14,681.42,680.68,680.9,491153,0
SPY.US,5,20251126,181000,680.9,681.255,680.655,680.74,491874,0
SPY.US,5,20251126,181500,680.72,680.9099,680.46,680.5102,436818,0
SPY.US,5,20251126,182000,680.5,681.095,680.43,681.01,406680,0
SPY.US,5,20251126,182500,681.01,681.01,680.7,680.94,286874,0
SPY.US,5,20251126,183000,680.94,681.368,680.92,681.35,448819,0
SPY.US,5,20251126,183500,681.36,681.4899,680.87,681.19,425698,0
SPY.US,5,20251126,184000,681.19,681.56,681.06,681.5,404257,0
SPY.US,5,20251126,184500,681.51,681.7,681.17,681.2337,367297,0
SPY.US,5,20251126,185000,681.23,681.44,681.04,681.17,272323,0
SPY.US,5,20251126,185500,681.17,681.345,680.935,681.11,264034,0
SPY.US,5,20251126,190000,681.12,681.56,681.075,681.35,231187,0
SPY.US,5,20251126,190500,681.3488,681.38,679.79,679.82,1010786,0
SPY.US,5,20251126,191000,679.85,680.98,679.75,680.87,819274,0
SPY.US,5,20251126,191500,680.88,681.03,680.355,680.4829,376576,0
SPY.US,5,20251126,192000,680.5,681.2998,680.1653,681.03,477472,0
SPY.US,5,20251126,192500,681.04,681.48,680.925,681.11,438640,0
SPY.US,5,20251126,193000,681.115,681.14,680.29,680.32,531288,0
SPY.US,5,20251126,193500,680.32,680.545,680.01,680.3709,452243,0
SPY.US,5,20251126,194000,680.35,680.4499,679.74,679.78,441494,0
SPY.US,5,20251126,194500,679.77,680.62,679.59,680.58,501024,0
SPY.US,5,20251126,195000,680.58,680.765,680.13,680.26,392518,0
SPY.US,5,20251126,195500,680.25,680.5,679.855,680.4,441644,0
SPY.US,5,20251126,200000,680.4,681.02,680.28,680.42,648700,0
SPY.US,5,20251126,200500,680.42,680.605,680.22,680.43,480265,0
SPY.US,5,20251126,201000,680.425,680.88,680.13,680.72,487654,0
SPY.US,5,20251126,201500,680.7,681.115,680.64,680.95,484554,0
SPY.US,5,20251126,202000,680.95,681.24,680.81,681.18,471985,0
SPY.US,5,20251126,202500,681.18,681.29,681.11,681.24,418320,0
SPY.US,5,20251126,203000,681.25,681.42,681.115,681.12,511024,0
SPY.US,5,20251126,203500,681.1,681.16,680.61,680.75,587463,0
SPY.US,5,20251126,204000,680.74,681.34,680.52,680.73,731710,0
SPY.US,5,20251126,204500,680.7202,681.08,680.58,680.582,422198,0
SPY.US,5,20251126,205000,680.58,681.01,680.49,680.9,391309,0
SPY.US,5,20251126,205500,680.9,680.98,680.66,680.86,555434,0
SPY.US,5,20251126,210000,680.87,681.17,680.7015,681.07,513735,0
SPY.US,5,20251126,210500,681.08,681.08,680.59,680.96,656383,0
SPY.US,5,20251126,211000,680.96,681.401,680.92,681.4,872249,0
SPY.US,5,20251126,211500,681.4,681.59,681.17,681.173,869594,0
SPY.US,5,20251126,212000,681.19,681.47,681.19,681.3082,515835,0
SPY.US,5,20251126,212500,681.301,681.4,681.16,681.2,548906,0
SPY.US,5,20251126,213000,681.2,681.36,680.8926,681.17,608176,0
SPY.US,5,20251126,213500,681.175,681.23,681.0068,681.12,760535,0
SPY.US,5,20251126,214000,681.11,681.4,680.98,681.18,1014304,0
SPY.US,5,20251126,214500,681.175,681.38,680.65,680.68,1209711,0
SPY.US,5,20251126,215000,680.67,681.02,680.19,680.27,2614518,0
SPY.US,5,20251126,215500,680.27,680.45,679.62,679.7,4449080,0
SPY.US,5,20251128,153000,680.86,681.57,680.81,681.49,927448,0
SPY.US,5,20251128,153500,681.49,681.85,681.06,681.07,933766,0
SPY.US,5,20251128,154000,681.07,681.45,680.5,681.27,822105,0
SPY.US,5,20251128,154500,681.26,681.53,680.89,681.53,570653,0
SPY.US,5,20251128,155000,681.54,681.6395,680.98,681.305,512617,0
SPY.US,5,20251128,155500,681.3,681.43,681.15,681.235,463738,0
SPY.US,5,20251128,160000,681.235,681.65,681.155,681.2299,710840,0
SPY.US,5,20251128,160500,681.23,681.52,681.03,681.49,445595,0
SPY.US,5,20251128,161000,681.49,681.79,681.275,681.63,617061,0
SPY.US,5,20251128,161500,681.63,682.07,681.63,682,649231,0
SPY.US,5,20251128,162000,681.99,682.32,681.77,681.83,665841,0
SPY.US,5,20251128,162500,681.8399,682.06,681.4709,681.7,518589,0
SPY.US,5,20251128,163000,681.7,682.24,681.61,682.11,543941,0
SPY.US,5,20251128,163500,682.11,682.3098,681.78,682.0699,629474,0
SPY.US,5,20251128,164000,682.065,682.215,681.94,682.1521,455057,0
SPY.US,5,20251128,164500,682.155,682.42,681.98,682.4,473261,0
SPY.US,5,20251128,165000,682.39,682.63,682.38,682.52,738228,0
SPY.US,5,20251128,165500,682.52,682.5699,682.22,682.4601,425805,0
SPY.US,5,20251128,170000,682.46,682.66,682.295,682.6181,418292,0
SPY.US,5,20251128,170500,682.61,682.8999,682.56,682.8,499179,0
SPY.US,5,20251128,171000,682.8201,682.87,682.6,682.79,352724,0
SPY.US,5,20251128,171500,682.795,682.94,682.71,682.87,359555,0
SPY.US,5,20251128,172000,682.88,682.905,682.21,682.41,1185458,0
SPY.US,5,20251128,172500,682.41,682.43,681.65,682.15,636395,0
SPY.US,5,20251128,173000,682.16,682.5544,681.8,682.46,539527,0
SPY.US,5,20251128,173500,682.47,682.83,682.31,682.59,833970,0
SPY.US,5,20251128,174000,682.59,682.665,682.135,682.59,647675,0
SPY.US,5,20251128,174500,682.58,682.83,682.47,682.6287,511848,0
SPY.US,5,20251128,175000,682.62,682.91,682.49,682.76,504776,0
SPY.US,5,20251128,175500,682.76,682.89,682.58,682.755,415459,0
SPY.US,5,20251128,180000,682.755,682.81,682.3901,682.8,644747,0
SPY.US,5,20251128,180500,682.8,682.99,682.72,682.91,471236,0
SPY.US,5,20251128,181000,682.91,683,682.64,682.73,510477,0
SPY.US,5,20251128,181500,682.73,682.8384,682.43,682.44,544174,0
SPY.US,5,20251128,182000,682.44,682.635,682.25,682.35,598705,0
SPY.US,5,20251128,182500,682.35,682.65,682.28,682.315,566392,0
SPY.US,5,20251128,183000,682.315,682.33,682.06,682.29,595338,0
SPY.US,5,20251128,183500,682.29,682.5197,682.01,682.04,617744,0
SPY.US,5,20251128,184000,682.0407,682.29,681.9,681.9305,666936,0
SPY.US,5,20251128,184500,681.935,682.17,681.88,682.01,991778,0
SPY.US,5,20251128,185000,682.0105,682.795,682.0105,682.55,1412340,0
SPY.US,5,20251128,185500,682.55,683.665,682.55,683.34,3364634,0
SPY.US,5,20251128,190000,683.34,683.51,683.28,683.39,2676069,0
SPY.US,5,20251201,153000,678.81,679.67,678.76,679.67,1636696,0
SPY.US,5,20251201,153500,679.68,680.31,679.3913,679.3913,852153,0
SPY.US,5,20251201,154000,679.39,679.8,678.74,679.233,892493,0
SPY.US,5,20251201,154500,679.25,680.72,679.11,680.17,902646,0
SPY.US,5,20251201,155000,680.16,681.2171,680.1,681.205,762586,0
SPY.US,5,20251201,155500,681.2,681.86,681.12,681.45,1141607,0
SPY.US,5,20251201,160000,681.455,681.79,680.81,680.98,951412,0
SPY.US,5,20251201,160500,680.97,681.37,680.62,680.91,597612,0
SPY.US,5,20251201,161000,680.91,681.28,680.632,680.8,459964,0
SPY.US,5,20251201,161500,680.82,681.05,680.49,680.825,592549,0
SPY.US,5,20251201,162000,680.79,680.89,680.02,680.11,772830,0
SPY.US,5,20251201,162500,680.095,680.23,679.59,679.83,577911,0
SPY.US,5,20251201,163000,679.84,679.97,679.01,679.12,645799,0
SPY.US,5,20251201,163500,679.12,680.19,678.84,680.12,622067,0
SPY.US,5,20251201,164000,680.13,680.43,679.78,680.13,352681,0
SPY.US,5,20251201,164500,680.14,680.4642,679.86,680.24,256788,0
SPY.US,5,20251201,165000,680.25,681.76,680.13,681.65,756546,0
SPY.US,5,20251201,165500,681.66,681.83,681.39,681.64,542059,0
SPY.US,5,20251201,170000,681.65,681.78,681.45,681.68,297548,0
SPY.US,5,20251201,170500,681.69,681.7999,680.37,680.91,478779,0
SPY.US,5,20251201,171000,680.91,681.14,680.42,680.58,255389,0
SPY.US,5,20251201,171500,680.57,680.85,680.12,680.617,311405,0
SPY.US,5,20251201,172000,680.61,681.22,680.59,680.89,240895,0
SPY.US,5,20251201,172500,680.92,681.2801,680.81,681.07,223654,0
SPY.US,5,20251201,173000,681.0799,681.54,681.07,681.39,304327,0
SPY.US,5,20251201,173500,681.38,681.65,681.27,681.4799,229166,0
SPY.US,5,20251201,174000,681.47,682.31,681.23,682.0501,530050,0
SPY.US,5,20251201,174500,682.06,682.44,681.97,682.19,405302,0
SPY.US,5,20251201,175000,682.2,682.31,681.84,681.95,213631,0
SPY.US,5,20251201,175500,681.91,682.1,681.73,681.925,262786,0
SPY.US,5,20251201,180000,681.96,682.33,681.82,682.21,210248,0
SPY.US,5,20251201,180500,682.2,682.51,682.09,682.13,363816,0
SPY.US,5,20251201,181000,682.14,682.34,681.84,681.86,246490,0
SPY.US,5,20251201,181500,681.85,681.92,681.295,681.67,382333,0
SPY.US,5,20251201,182000,681.66,681.9599,681.5,681.7891,155254,0
SPY.US,5,20251201,182500,681.8,682.17,681.629,682.01,166111,0
SPY.US,5,20251201,183000,682,682.178,681.73,682,139893,0
SPY.US,5,20251201,183500,681.97,682.23,681.76,681.87,175608,0
SPY.US,5,20251201,184000,681.85,682.5784,681.84,682.5784,337931,0
SPY.US,5,20251201,184500,682.58,682.79,682.4826,682.5365,297365,0
SPY.US,5,20251201,185000,682.53,682.5399,682.06,682.15,193204,0
SPY.US,5,20251201,185500,682.2,682.29,681.87,682.03,212690,0
SPY.US,5,20251201,190000,682.04,682.42,681.975,682.34,266413,0
SPY.US,5,20251201,190500,682.35,682.51,682.18,682.41,200312,0
SPY.US,5,20251201,191000,682.39,682.71,682.33,682.63,355033,0
SPY.US,5,20251201,191500,682.62,682.79,682.35,682.528,221546,0
SPY.US,5,20251201,192000,682.52,682.54,682.32,682.5,183126,0
SPY.US,5,20251201,192500,682.5099,682.6625,682.41,682.48,136713,0
SPY.US,5,20251201,193000,682.5,682.75,682.49,682.72,203567,0
SPY.US,5,20251201,193500,682.71,682.85,682.65,682.775,256859,0
SPY.US,5,20251201,194000,682.775,682.83,682.6,682.79,230227,0
SPY.US,5,20251201,194500,682.78,682.965,682.67,682.73,252929,0
SPY.US,5,20251201,195000,682.74,682.99,682.74,682.86,259270,0
SPY.US,5,20251201,195500,682.86,682.96,682.82,682.8205,373848,0
SPY.US,5,20251201,200000,682.82,682.8493,682.1,682.255,696189,0
SPY.US,5,20251201,200500,682.25,682.25,681.85,681.9807,378258,0
SPY.US,5,20251201,201000,681.98,682.02,681.5464,681.98,363049,0
SPY.US,5,20251201,201500,681.99,681.99,681.24,681.515,492174,0
SPY.US,5,20251201,202000,681.52,681.67,680.715,680.91,618395,0
SPY.US,5,20251201,202500,680.9,681.05,680.48,680.6,598506,0
SPY.US,5,20251201,203000,680.605,680.62,679.82,680.4,870224,0
SPY.US,5,20251201,203500,680.41,681.095,680.37,680.9899,529444,0
SPY.US,5,20251201,204000,680.99,681.03,680.22,680.26,393082,0
SPY.US,5,20251201,204500,680.27,680.57,680.15,680.24,380638,0
SPY.US,5,20251201,205000,680.24,680.62,679.99,680.44,501078,0
SPY.US,5,20251201,205500,680.42,680.51,680.095,680.22,356434,0
SPY.US,5,20251201,210000,680.2,680.51,680.03,680.37,432194,0
SPY.US,5,20251201,210500,680.38,680.63,680.25,680.495,478051,0
SPY.US,5,20251201,211000,680.495,681.015,680.4887,680.9244,435541,0
SPY.US,5,20251201,211500,680.91,680.97,680.29,680.46,525752,0
SPY.US,5,20251201,212000,680.455,680.67,680.3501,680.47,400822,0
SPY.US,5,20251201,212500,680.47,680.76,680.37,680.73,280780,0
SPY.US,5,20251201,213000,680.72,680.86,680.27,680.52,568215,0
SPY.US,5,20251201,213500,680.52,680.99,680.5101,680.98,570428,0
SPY.US,5,20251201,214000,680.995,681.07,680.562,680.975,815629,0
SPY.US,5,20251201,214500,680.975,681.06,680.385,680.5,859629,0
SPY.US,5,20251201,215000,680.51,680.82,679.9,679.975,1580756,0
SPY.US,5,20251201,215500,679.96,680.42,679.375,680.27,6178610,0
SPY.US,5,20251202,153000,681.92,681.92,681.77,681.82,59380,0
SPY.US,5,20251202,153500,681.83,682.51,681.78,682.4401,310964,0
SPY.US,5,20251202,160500,683.23,683.28,683.06,683.0656,97553,0
SPY.US,5,20251202,161000,683.075,683.095,682.3,682.995,641876,0
SPY.US,5,20251202,161500,682.995,683.2346,682.86,683.0785,449570,0
SPY.US,5,20251202,162000,683.07,683.14,682.56,683.1156,480860,0
SPY.US,5,20251202,162500,683.1001,683.22,681.42,681.58,806602,0
SPY.US,5,20251202,163000,681.59,681.86,680.85,681.195,973188,0
SPY.US,5,20251202,163500,681.2,681.6999,680.915,681.39,734296,0
SPY.US,5,20251202,164000,681.4,682.85,681.32,682.71,667028,0
SPY.US,5,20251202,164500,682.72,683.38,682.5728,683.27,779527,0
SPY.US,5,20251202,165000,683.275,683.68,683.2,683.33,695524,0
SPY.US,5,20251202,165500,683.34,683.62,683.27,683.51,442319,0
SPY.US,5,20251202,170000,683.51,683.82,682.995,683.58,777400,0
SPY.US,5,20251202,170500,683.59,683.59,682.57,682.67,802166,0
SPY.US,5,20251202,171000,682.68,682.88,681.21,681.6,1055247,0
SPY.US,5,20251202,171500,681.57,681.86,681.03,681.44,835239,0
SPY.US,5,20251202,172000,681.44,681.76,680.03,680.1,888747,0
SPY.US,5,20251202,172500,680.08,680.5672,679.67,680.01,1048677,0
SPY.US,5,20251202,173000,679.97,680.44,679.3275,680.03,1345195,0
SPY.US,5,20251202,173500,680.03,680.87,680.01,680.8605,290931,0
SPY.US,5,20251202,174000,680.9,681.24,680.46,680.46,642164,0
SPY.US,5,20251202,174500,680.44,680.87,680.27,680.5,253787,0
SPY.US,5,20251202,175000,680.41,681.02,680.41,680.88,338435,0
SPY.US,5,20251202,175500,680.9,681.27,680.38,680.565,455684,0
SPY.US,5,20251202,180000,680.56,681.395,680.48,681.025,356033,0
SPY.US,5,20251202,180500,681.02,681.2052,680.55,680.595,255438,0
SPY.US,5,20251202,181000,680.5744,680.92,680.5001,680.86,102146,0
SPY.US,5,20251202,181500,681.26,682.25,681.19,682.16,653362,0
SPY.US,5,20251202,182000,682.18,682.515,681.92,682.06,810543,0
SPY.US,5,20251202,182500,682.065,682.65,681.99,682.44,318090,0
SPY.US,5,20251202,183000,682.44,682.84,682.44,682.55,455344,0
SPY.US,5,20251202,183500,682.55,682.57,682,682.1505,319446,0
SPY.US,5,20251202,184000,682.16,682.4,681.94,682.27,213719,0
SPY.US,5,20251202,184500,682.275,682.451,682.0573,682.25,178075,0
SPY.US,5,20251202,185000,682.255,682.35,681.14,681.325,580748,0
SPY.US,5,20251202,185500,681.33,681.4,680.13,680.14,595434,0
SPY.US,5,20251202,190000,680.13,681.05,679.93,680.74,569380,0
SPY.US,5,20251202,190500,680.74,681.49,680.68,681.06,359913,0
SPY.US,5,20251202,191000,681.03,681.125,680.62,680.78,240359,0
SPY.US,5,20251202,191500,680.78,681.12,680.535,681.045,244513,0
SPY.US,5,20251202,192000,681.04,681.6,680.94,681.28,251707,0
SPY.US,5,20251202,192500,681.285,681.34,680.62,681.04,314419,0
SPY.US,5,20251202,193000,681.03,681.37,680.6087,680.76,277012,0
SPY.US,5,20251202,193500,680.74,680.78,680.2601,680.4,432431,0
SPY.US,5,20251202,194000,680.39,680.83,680.22,680.715,214015,0
SPY.US,5,20251202,194500,680.69,680.94,680.4,680.87,308351,0
SPY.US,5,20251202,195000,680.86,681.32,680.65,681.29,222642,0
SPY.US,5,20251202,195500,681.29,681.33,680.71,681.11,320751,0
SPY.US,5,20251202,200000,681.1,681.8095,680.95,681.65,617789,0
SPY.US,5,20251202,200500,681.66,681.94,681.48,681.6,587770,0
SPY.US,5,20251202,201000,681.61,681.86,681.4308,681.67,548446,0
SPY.US,5,20251202,201500,681.67,681.85,681.43,681.55,466968,0
SPY.US,5,20251202,202000,681.545,681.6192,680.76,680.96,447336,0
SPY.US,5,20251202,202500,680.99,681.43,680.835,681.39,436116,0
SPY.US,5,20251202,203000,681.37,681.82,681.305,681.75,398431,0
SPY.US,5,20251202,203500,681.75,681.89,681.51,681.79,667246,0
SPY.US,5,20251202,204000,681.78,681.89,681.3,681.54,447686,0
SPY.US,5,20251202,204500,681.54,682.06,681.42,681.87,505209,0
SPY.US,5,20251202,205000,681.87,682.6,681.77,682.34,560443,0
SPY.US,5,20251202,205500,682.33,682.61,682.21,682.34,433537,0
SPY.US,5,20251202,210000,682.35,682.52,682.01,682.19,589937,0
SPY.US,5,20251202,210500,682.19,682.42,682.1154,682.4,465390,0
SPY.US,5,20251202,211000,682.39,682.68,682.21,682.43,392321,0
SPY.US,5,20251202,211500,682.46,682.62,682.38,682.53,491118,0
SPY.US,5,20251202,212000,682.53,682.7,682.45,682.5,465158,0
SPY.US,5,20251202,212500,682.505,682.6586,682.3501,682.505,383321,0
SPY.US,5,20251202,213000,682.5,682.88,682.4,682.74,599394,0
SPY.US,5,20251202,213500,682.745,682.82,682.38,682.43,697699,0
SPY.US,5,20251202,214000,682.43,682.67,682.24,682.49,673918,0
SPY.US,5,20251202,214500,682.48,682.8,682.31,682.4592,865895,0
SPY.US,5,20251202,215000,682.45,682.63,681.52,681.58,1938285,0
SPY.US,5,20251202,215500,681.58,681.8801,681.36,681.43,3813680,0
SPY.US,5,20251203,153000,680.57,681.39,679.94,680.51,1797553,0
SPY.US,5,20251203,153500,680.51,681.38,680.3801,680.75,1214488,0
SPY.US,5,20251203,154000,680.74,681.5,680.69,680.881,971067,0
SPY.US,5,20251203,154500,680.9,681.19,680.335,680.4,676358,0
SPY.US,5,20251203,155000,680.3899,680.9,679.69,680.73,883521,0
SPY.US,5,20251203,155500,680.745,680.96,680.49,680.89,477172,0
SPY.US,5,20251203,160000,680.93,682.34,680.74,682.2,1023291,0
SPY.US,5,20251203,160500,682.205,682.3,681.17,681.21,865974,0
SPY.US,5,20251203,161000,681.21,681.62,680.84,681.21,615372,0
SPY.US,5,20251203,161500,681.24,681.97,681.1,681.621,541851,0
SPY.US,5,20251203,162000,681.625,681.88,681.04,681.8,311693,0
SPY.US,5,20251203,162500,681.84,682.11,681.53,681.68,318692,0
SPY.US,5,20251203,163000,681.65,682.61,681.3299,682.5944,1023499,0
SPY.US,5,20251203,163500,682.6,682.94,681.46,682.35,1059750,0
SPY.US,5,20251203,164000,682.36,682.765,682.16,682.645,633786,0
SPY.US,5,20251203,164500,682.63,682.91,682.45,682.5855,386621,0
SPY.US,5,20251203,165000,682.56,682.78,682.2512,682.26,296189,0
SPY.US,5,20251203,165500,682.26,682.58,682.05,682.32,228002,0
SPY.US,5,20251203,170000,682.3163,682.99,682.28,682.95,360359,0
SPY.US,5,20251203,170500,682.95,682.96,682.225,682.28,311394,0
SPY.US,5,20251203,171000,682.24,682.33,681.66,682.049,477072,0
SPY.US,5,20251203,171500,682.04,682.7699,681.93,682.7699,448926,0
SPY.US,5,20251203,172000,682.77,682.8,682.07,682.3144,394138,0
SPY.US,5,20251203,172500,682.29,682.567,682.09,682.38,335095,0
SPY.US,5,20251203,173000,682.385,683.405,682.27,683.38,544643,0
SPY.US,5,20251203,173500,683.37,683.55,683.07,683.2151,458850,0
SPY.US,5,20251203,174000,683.22,683.315,683.04,683.195,336696,0
SPY.US,5,20251203,174500,683.21,683.33,682.87,683.035,333471,0
SPY.US,5,20251203,175000,683.035,683.035,682.41,682.425,406739,0
SPY.US,5,20251203,175500,682.43,682.44,681.61,682.21,665320,0
SPY.US,5,20251203,180000,682.22,682.8,682.18,682.7503,379620,0
SPY.US,5,20251203,180500,682.77,682.89,682.1,682.39,458059,0
SPY.US,5,20251203,181000,682.37,683.08,682.24,682.995,351480,0
SPY.US,5,20251203,181500,683.01,683.22,682.83,683.14,356776,0
SPY.US,5,20251203,182000,683.14,683.7,683.13,683.525,372779,0
SPY.US,5,20251203,182500,683.525,683.61,683.38,683.56,297773,0
SPY.US,5,20251203,183000,683.55,683.745,683.4199,683.45,270513,0
SPY.US,5,20251203,183500,683.45,683.61,683.25,683.59,393726,0
SPY.US,5,20251203,184000,683.595,683.665,683.45,683.66,170803,0
SPY.US,5,20251203,184500,683.67,683.89,683.49,683.8348,432654,0
SPY.US,5,20251203,185000,683.85,683.87,683.4199,683.72,258609,0
SPY.US,5,20251203,185500,683.72,684.1,683.62,683.89,312387,0
SPY.US,5,20251203,190000,683.895,684.185,683.88,683.95,280770,0
SPY.US,5,20251203,190500,683.95,684.04,683.75,683.79,299659,0
SPY.US,5,20251203,191000,683.78,684.05,683.69,684.025,202868,0
SPY.US,5,20251203,191500,684.03,684.08,683.71,683.71,227326,0
SPY.US,5,20251203,192000,683.72,683.82,683.475,683.57,265212,0
SPY.US,5,20251203,192500,683.5799,683.92,683.575,683.91,254509,0
SPY.US,5,20251203,193000,683.93,684.17,683.915,683.98,185424,0
SPY.US,5,20251203,193500,683.985,684.16,683.935,684.12,246802,0
SPY.US,5,20251203,194000,684.12,684.5,684.095,684.4382,382793,0
SPY.US,5,20251203,194500,684.44,684.49,684.2857,684.31,341076,0
SPY.US,5,20251203,195000,684.32,684.44,684.12,684.275,284996,0
SPY.US,5,20251203,195500,684.28,684.355,683.7866,683.93,310659,0
SPY.US,5,20251203,200000,683.915,684.42,683.85,684.27,383312,0
SPY.US,5,20251203,200500,684.27,684.38,684.1,684.3,295319,0
SPY.US,5,20251203,201000,684.31,684.4299,684.16,684.385,254437,0
SPY.US,5,20251203,201500,684.38,684.41,684.09,684.255,342899,0
SPY.US,5,20251203,202000,684.258,684.4,684.19,684.365,271331,0
SPY.US,5,20251203,202500,684.37,684.44,684.255,684.33,235290,0
SPY.US,5,20251203,203000,684.33,684.37,684.165,684.27,309633,0
SPY.US,5,20251203,203500,684.27,684.375,684.19,684.33,333504,0
SPY.US,5,20251203,204000,684.32,684.61,684.3,684.572,375686,0
SPY.US,5,20251203,204500,684.57,684.59,684.415,684.565,259079,0
SPY.US,5,20251203,205000,684.57,684.74,684.56,684.65,371437,0
SPY.US,5,20251203,205500,684.645,684.73,684.56,684.62,462868,0
SPY.US,5,20251203,210000,684.62,684.76,684.569,684.57,429796,0
SPY.US,5,20251203,210500,684.56,684.68,684.45,684.62,370740,0
SPY.US,5,20251203,211000,684.62,684.91,684.61,684.72,582195,0
SPY.US,5,20251203,211500,684.72,684.8365,684.56,684.58,419270,0
SPY.US,5,20251203,212000,684.59,684.68,684.46,684.52,490280,0
SPY.US,5,20251203,212500,684.52,684.5999,684.19,684.54,777831,0
SPY.US,5,20251203,213000,684.5227,684.57,684.255,684.255,590903,0
SPY.US,5,20251203,213500,684.25,684.41,684.19,684.355,792461,0
SPY.US,5,20251203,214000,684.35,684.51,684.25,684.475,711781,0
SPY.US,5,20251203,214500,684.47,684.62,684.26,684.37,894524,0
SPY.US,5,20251203,215000,684.37,684.41,683.55,683.725,1713242,0
SPY.US,5,20251203,215500,683.72,683.94,683.57,683.89,5340189,0
SPY.US,5,20251204,153000,685.3,685.35,683.8,683.93,1445713,0
SPY.US,5,20251204,153500,683.91,684.7599,683.63,684.45,1052401,0
SPY.US,5,20251204,154000,684.45,684.95,683.7,683.8599,988413,0
SPY.US,5,20251204,154500,683.84,684.13,683.35,683.5,960336,0
SPY.US,5,20251204,155000,683.49,683.71,682.86,683.4,763385,0
SPY.US,5,20251204,155500,683.39,683.85,682.75,683.045,792703,0
SPY.US,5,20251204,160000,683.06,683.46,682.87,683.19,567950,0
SPY.US,5,20251204,160500,683.19,683.54,682.96,683.35,699360,0
SPY.US,5,20251204,161000,683.31,683.41,682.6671,683.17,507655,0
SPY.US,5,20251204,161500,683.16,683.68,682.89,683.39,561176,0
SPY.US,5,20251204,162000,683.38,683.81,682.97,683.01,534178,0
SPY.US,5,20251204,162500,683,683.65,682.17,683.595,693830,0
SPY.US,5,20251204,163000,683.59,683.93,683.39,683.82,421044,0
SPY.US,5,20251204,163500,683.83,684.53,683.79,684.45,679459,0
SPY.US,5,20251204,164000,684.455,684.56,684.02,684.23,792976,0
SPY.US,5,20251204,164500,684.24,684.33,683.38,683.75,596940,0
SPY.US,5,20251204,165000,683.75,683.79,683.132,683.41,737161,0
SPY.US,5,20251204,165500,683.44,683.54,683.23,683.29,345375,0
SPY.US,5,20251204,170000,683.28,683.6,682.57,682.71,620097,0
SPY.US,5,20251204,170500,682.67,683.1744,682.21,683.16,826136,0
SPY.US,5,20251204,171000,683.18,683.28,682.56,683.05,382700,0
SPY.US,5,20251204,171500,683.05,683.55,682.84,683.51,275256,0
SPY.US,5,20251204,172000,683.51,683.74,683.315,683.69,453949,0
SPY.US,5,20251204,172500,683.69,683.76,683.01,683.3513,365303,0
SPY.US,5,20251204,173000,683.31,683.64,682.965,683.1433,369509,0
SPY.US,5,20251204,173500,683.145,683.6,682.99,683.22,414056,0
SPY.US,5,20251204,174000,683.23,683.2452,682.86,683.01,361654,0
SPY.US,5,20251204,174500,683.01,684.04,683.01,683.9775,631819,0
SPY.US,5,20251204,175000,683.97,684.39,683.9,684.23,511348,0
SPY.US,5,20251204,175500,684.22,684.56,684.145,684.42,395574,0
SPY.US,5,20251204,180000,684.4,684.58,684.12,684.195,529551,0
SPY.US,5,20251204,180500,684.19,684.19,683.51,683.68,388974,0
SPY.US,5,20251204,181000,683.69,684.14,683.37,684.12,507720,0
SPY.US,5,20251204,181500,684.12,684.2101,683.82,684.1207,305676,0
SPY.US,5,20251204,182000,684.125,684.33,683.89,684,385394,0
SPY.US,5,20251204,182500,684,684.29,683.97,684.02,207478,0
SPY.US,5,20251204,183000,684.03,684.06,683.595,683.935,351354,0
SPY.US,5,20251204,183500,683.94,684.37,683.92,683.9347,278446,0
SPY.US,5,20251204,184000,683.94,684.2201,683.735,684.18,283965,0
SPY.US,5,20251204,184500,684.19,684.34,684.045,684.07,283245,0
SPY.US,5,20251204,185000,684.08,684.45,684.045,684.43,188349,0
SPY.US,5,20251204,185500,684.44,684.495,684.23,684.305,260399,0
SPY.US,5,20251204,190000,684.295,684.41,684.12,684.2,196781,0
SPY.US,5,20251204,190500,684.18,684.19,683.465,683.77,441269,0
SPY.US,5,20251204,191000,683.78,684.065,683.5,684.04,272984,0
SPY.US,5,20251204,191500,684.03,684.4,683.96,684.025,284527,0
SPY.US,5,20251204,192000,684.03,684.42,684.02,684.4,228189,0
SPY.US,5,20251204,192500,684.39,684.77,684.31,684.6774,375043,0
SPY.US,5,20251204,193000,684.67,684.75,684.41,684.53,335754,0
SPY.US,5,20251204,193500,684.53,684.5799,684.305,684.4883,241962,0
SPY.US,5,20251204,194000,684.48,684.535,683.91,684.1,487047,0
SPY.US,5,20251204,194500,684.11,684.3185,684.03,684.0999,368628,0
SPY.US,5,20251204,195000,684.09,684.36,684.0699,684.28,533791,0
SPY.US,5,20251204,195500,684.285,684.34,684.08,684.12,192106,0
SPY.US,5,20251204,200000,684.11,684.23,683.92,683.94,363657,0
SPY.US,5,20251204,200500,683.925,684.2181,683.75,683.9527,349923,0
SPY.US,5,20251204,201000,683.94,683.96,683.4101,683.6225,517111,0
SPY.US,5,20251204,201500,683.62,683.62,682.51,682.565,713113,0
SPY.US,5,20251204,202000,682.56,682.6355,681.34,681.8799,1599281,0
SPY.US,5,20251204,202500,681.8668,682.63,681.81,682.18,761453,0
SPY.US,5,20251204,203000,682.2,683.07,681.99,683.055,609578,0
SPY.US,5,20251204,203500,683.058,683.96,683.058,683.43,1101293,0
SPY.US,5,20251204,204000,683.43,683.59,683.09,683.4,567004,0
SPY.US,5,20251204,204500,683.41,683.8,683.33,683.53,464912,0
SPY.US,5,20251204,205000,683.53,683.67,683.26,683.47,404125,0
SPY.US,5,20251204,205500,683.46,683.69,683.04,683.23,423473,0
SPY.US,5,20251204,210000,683.24,683.38,682.8318,682.84,584413,0
SPY.US,5,20251204,210500,682.83,682.99,682.31,682.93,844851,0
SPY.US,5,20251204,211000,682.92,683.46,682.88,683.29,690923,0
SPY.US,5,20251204,211500,683.29,683.34,682.9,683.25,543462,0
SPY.US,5,20251204,212000,683.265,683.34,682.98,682.99,506683,0
SPY.US,5,20251204,212500,682.99,683.1799,682.75,682.76,579058,0
SPY.US,5,20251204,213000,682.7501,683.24,682.7,683.115,445906,0
SPY.US,5,20251204,213500,683.129,683.31,682.91,683.26,493198,0
SPY.US,5,20251204,214000,683.255,683.31,682.875,682.955,535903,0
SPY.US,5,20251204,214500,682.96,683.18,682.77,683.11,948957,0
SPY.US,5,20251204,215000,683.12,683.98,683.12,683.71,1616777,0
SPY.US,5,20251204,215500,683.71,684.57,683.65,684.45,3119697,0
SPY.US,5,20251205,153000,685.47,686.56,685.38,686.07,1991053,0
SPY.US,5,20251205,153500,686.06,686.43,685.84,685.9901,894337,0
SPY.US,5,20251205,154000,686.01,686.19,685.32,685.83,1041400,0
SPY.US,5,20251205,154500,685.84,686.52,685.81,686.515,683158,0
SPY.US,5,20251205,155000,686.53,687.03,686.21,686.93,747208,0
SPY.US,5,20251205,155500,686.93,687.01,686.55,686.895,722538,0
SPY.US,5,20251205,160000,686.92,687.77,686.725,687.62,1177668,0
SPY.US,5,20251205,160500,687.62,688.005,687.5501,687.78,1061467,0
SPY.US,5,20251205,161000,687.78,688.25,687.77,688.22,785600,0
SPY.US,5,20251205,161500,688.2115,688.3,687.83,687.9,699241,0
SPY.US,5,20251205,162000,687.925,688.285,687.76,688.17,587423,0
SPY.US,5,20251205,162500,688.17,688.18,687.581,687.885,601410,0
SPY.US,5,20251205,163000,687.88,688.39,687.85,688.31,609175,0
SPY.US,5,20251205,163500,688.3,688.34,687.87,687.91,402010,0
SPY.US,5,20251205,164000,687.9156,687.9878,687.58,687.7099,531468,0
SPY.US,5,20251205,164500,687.71,688.16,687.26,687.9799,586076,0
SPY.US,5,20251205,165000,687.97,687.975,686.94,687.2,835025,0
SPY.US,5,20251205,165500,687.18,687.1967,686.26,686.66,1164484,0
SPY.US,5,20251205,170000,686.67,687.12,686.5168,686.64,504635,0
SPY.US,5,20251205,170500,686.605,686.985,686.35,686.435,537713,0
SPY.US,5,20251205,171000,686.435,686.62,686.07,686.112,599027,0
SPY.US,5,20251205,171500,686.12,686.23,685.7,685.94,1107197,0
SPY.US,5,20251205,172000,685.92,686.68,685.75,686.27,568187,0
SPY.US,5,20251205,172500,686.27,686.79,685.88,685.9562,421428,0
SPY.US,5,20251205,173000,685.95,685.95,685.1,685.51,1143546,0
SPY.US,5,20251205,173500,685.51,685.855,685.18,685.38,421532,0
SPY.US,5,20251205,174000,685.39,685.69,685.02,685.3801,475477,0
SPY.US,5,20251205,174500,685.39,685.795,685.305,685.72,386221,0
SPY.US,5,20251205,175000,685.72,686.31,685.63,686.26,427393,0
SPY.US,5,20251205,175500,686.26,686.64,686.01,686.02,513109,0
SPY.US,5,20251205,180000,686.02,686.26,685.59,685.9,465378,0
SPY.US,5,20251205,180500,685.88,686.015,685.47,685.715,273780,0
SPY.US,5,20251205,181000,685.73,685.74,685.25,685.3401,509783,0
SPY.US,5,20251205,181500,685.34,685.59,685.24,685.45,307213,0
SPY.US,5,20251205,182000,685.47,685.65,685.32,685.6,350122,0
SPY.US,5,20251205,182500,685.6,685.69,685.35,685.39,264860,0
SPY.US,5,20251205,183000,685.41,685.52,684.97,685.02,412637,0
SPY.US,5,20251205,183500,685,685.3,684.58,685.24,585348,0
SPY.US,5,20251205,184000,685.225,685.33,684.88,685.26,387973,0
SPY.US,5,20251205,184500,685.26,685.61,685.0601,685.4,357111,0
SPY.US,5,20251205,185000,685.4,686.38,685.34,686.32,500193,0
SPY.US,5,20251205,185500,686.43,686.43,686.005,686.25,408077,0
SPY.US,5,20251205,190000,686.245,686.44,686.22,686.4,375804,0
SPY.US,5,20251205,190500,686.4,686.7,686.31,686.68,399807,0
SPY.US,5,20251205,191000,686.68,686.705,686.25,686.28,338088,0
SPY.US,5,20251205,191500,686.2856,686.3314,686.02,686.115,335693,0
SPY.US,5,20251205,192000,686.11,686.12,685.52,685.9367,511088,0
SPY.US,5,20251205,192500,685.94,686.65,685.85,686.55,339889,0
SPY.US,5,20251205,193000,686.57,686.97,686.51,686.86,540500,0
SPY.US,5,20251205,193500,686.86,686.89,686.47,686.64,358039,0
SPY.US,5,20251205,194000,686.64,686.66,686.08,686.405,425835,0
SPY.US,5,20251205,194500,686.4015,686.53,686.225,686.515,275773,0
SPY.US,5,20251205,195000,686.51,686.56,686.1,686.36,205690,0
SPY.US,5,20251205,195500,686.34,686.4,686.14,686.19,140802,0
SPY.US,5,20251205,200000,686.19,686.24,685.82,686.0206,432280,0
SPY.US,5,20251205,200500,686,686.25,685.94,686.2,317823,0
SPY.US,5,20251205,201000,686.21,686.4,686.105,686.35,179681,0
SPY.US,5,20251205,201500,686.35,686.38,685.745,685.96,280784,0
SPY.US,5,20251205,202000,685.95,686.12,685.6399,685.76,324551,0
SPY.US,5,20251205,202500,685.76,686.18,685.67,685.93,377799,0
SPY.US,5,20251205,203000,685.94,686.1148,685.642,685.96,241110,0
SPY.US,5,20251205,203500,685.93,686.03,685.7,686.03,304330,0
SPY.US,5,20251205,204000,686.03,686.12,685.57,685.7756,404621,0
SPY.US,5,20251205,204500,685.77,685.81,685.58,685.735,318233,0
SPY.US,5,20251205,205000,685.73,686.12,685.6899,686.1,282440,0
SPY.US,5,20251205,205500,686.12,686.38,686.05,686.25,298046,0
SPY.US,5,20251205,210000,686.26,686.3,685.89,685.94,351172,0
SPY.US,5,20251205,210500,685.92,686.05,685.79,685.84,303074,0
SPY.US,5,20251205,211000,685.85,686.03,685.58,685.9944,370096,0
SPY.US,5,20251205,211500,685.99,686.28,685.96,686.22,594136,0
SPY.US,5,20251205,212000,686.22,686.22,685.9,685.98,507099,0
SPY.US,5,20251205,212500,685.99,686.025,685.75,686,411760,0
SPY.US,5,20251205,213000,686,686.01,685.68,685.89,365468,0
SPY.US,5,20251205,213500,685.885,686.01,685.75,685.76,366406,0
SPY.US,5,20251205,214000,685.77,685.895,685.5,685.86,655223,0
SPY.US,5,20251205,214500,685.86,685.88,684.89,685.03,1614601,0
SPY.US,5,20251205,215000,685.04,685.51,684.71,685.1,1661693,0
SPY.US,5,20251205,215500,685.11,686.03,685.1,685.69,4865512,0
SPY.US,5,20251208,153000,686.59,686.64,685.92,686.1199,1466454,0
SPY.US,5,20251208,153500,686.12,686.2299,685.75,685.8,1007429,0
SPY.US,5,20251208,154000,685.81,686.02,685.28,685.92,1101115,0
SPY.US,5,20251208,154500,685.92,686.1,684.98,685.53,682508,0
SPY.US,5,20251208,155000,685.51,685.91,685.42,685.8699,487256,0
SPY.US,5,20251208,155500,685.86,685.95,685.345,685.43,548295,0
SPY.US,5,20251208,160000,685.44,685.775,685.26,685.63,492937,0
SPY.US,5,20251208,160500,685.63,685.63,685.05,685.23,452433,0
SPY.US,5,20251208,161000,685.23,685.24,684.83,684.92,503884,0
SPY.US,5,20251208,161500,684.93,685.22,684.66,685.01,642415,0
SPY.US,5,20251208,162000,685.018,685.16,684.69,684.75,456004,0
SPY.US,5,20251208,162500,684.75,684.77,683.8724,684.555,750073,0
SPY.US,5,20251208,163000,684.54,684.99,684.16,684.9,548922,0
SPY.US,5,20251208,163500,684.895,685.05,684.55,684.69,451364,0
SPY.US,5,20251208,164000,684.69,684.77,684.044,684.075,416729,0
SPY.US,5,20251208,164500,684.07,684.53,684.05,684.41,491856,0
SPY.US,5,20251208,165000,684.41,684.45,683.92,684.04,610670,0
SPY.US,5,20251208,165500,684.03,684.085,683.57,683.685,571439,0
SPY.US,5,20251208,170000,683.69,683.71,682.91,683.27,803772,0
SPY.US,5,20251208,170500,683.265,683.7291,683.2118,683.66,399788,0
SPY.US,5,20251208,171000,683.68,683.9,683.31,683.4101,498123,0
SPY.US,5,20251208,171500,683.41,683.54,683.27,683.4799,271394,0
SPY.US,5,20251208,172000,683.46,684.11,683.43,683.9,336553,0
SPY.US,5,20251208,172500,683.89,684.1,683.55,684.09,372055,0
SPY.US,5,20251208,173000,684.09,684.12,683.625,683.66,316788,0
SPY.US,5,20251208,173500,683.66,683.8,683.46,683.52,326450,0
SPY.US,5,20251208,174000,683.52,683.8499,683.46,683.8298,213002,0
SPY.US,5,20251208,174500,683.825,683.87,683.375,683.38,169113,0
SPY.US,5,20251208,175000,683.37,683.64,683.02,683.36,271673,0
SPY.US,5,20251208,175500,683.36,683.48,683.21,683.3882,229244,0
SPY.US,5,20251208,180000,683.39,683.39,682.495,682.77,429189,0
SPY.US,5,20251208,180500,682.74,683.36,682.72,683.2168,348494,0
SPY.US,5,20251208,181000,683.2141,683.27,682.76,682.895,305148,0
SPY.US,5,20251208,181500,682.88,683.15,682.83,683.01,183814,0
SPY.US,5,20251208,182000,682.98,683.015,682.64,682.69,274460,0
SPY.US,5,20251208,182500,682.69,682.74,682.19,682.69,469540,0
SPY.US,5,20251208,183000,682.69,682.995,682.63,682.755,279041,0
SPY.US,5,20251208,183500,682.75,682.825,682.6,682.71,243206,0
SPY.US,5,20251208,184000,682.69,683.13,682.61,682.87,309430,0
SPY.US,5,20251208,184500,682.88,683.3,682.675,683.2,401473,0
SPY.US,5,20251208,185000,683.195,683.5099,683.145,683.4601,479990,0
SPY.US,5,20251208,185500,683.48,684.31,683.29,684.1222,872813,0
SPY.US,5,20251208,190000,684.13,684.4,683.59,683.76,542839,0
SPY.US,5,20251208,190500,683.76,684.07,683.7052,684.02,244876,0
SPY.US,5,20251208,191000,684.04,684.1,683.7599,683.82,265313,0
SPY.US,5,20251208,191500,683.83,684.05,683.7,683.88,237627,0
SPY.US,5,20251208,192000,683.87,684,683.73,683.87,175284,0
SPY.US,5,20251208,192500,683.87,683.89,682.82,682.86,479178,0
SPY.US,5,20251208,193000,682.85,682.9745,682.41,682.5199,688498,0
SPY.US,5,20251208,193500,682.5199,683.145,682.3,683.06,443796,0
SPY.US,5,20251208,194000,683.07,683.1019,682.7001,682.98,268052,0
SPY.US,5,20251208,194500,682.98,683.1,682.66,682.68,251228,0
SPY.US,5,20251208,195000,682.67,682.79,682.47,682.59,214406,0
SPY.US,5,20251208,195500,682.58,682.59,681.57,682.11,915361,0
SPY.US,5,20251208,200000,682.13,682.27,681.66,682.05,593444,0
SPY.US,5,20251208,200500,682.04,682.3,681.93,682.19,255343,0
SPY.US,5,20251208,201000,682.18,682.275,681.81,681.92,294783,0
SPY.US,5,20251208,201500,681.91,682.4571,681.91,682.42,489109,0
SPY.US,5,20251208,202000,682.43,682.59,682.21,682.2544,264933,0
SPY.US,5,20251208,202500,682.26,682.4,682.1,682.245,240544,0
SPY.US,5,20251208,203000,682.23,682.55,682.175,682.48,233682,0
SPY.US,5,20251208,203500,682.475,682.78,682.42,682.535,332735,0
SPY.US,5,20251208,204000,682.54,682.75,682.4,682.6399,360926,0
SPY.US,5,20251208,204500,682.635,682.64,682.32,682.51,345499,0
SPY.US,5,20251208,205000,682.53,682.82,682.48,682.682,384926,0
SPY.US,5,20251208,205500,682.685,682.69,682.15,682.33,405415,0
SPY.US,5,20251208,210000,682.34,682.55,682.24,682.3055,468691,0
SPY.US,5,20251208,210500,682.305,682.53,682.18,682.5,552803,0
SPY.US,5,20251208,211000,682.5,682.63,682.43,682.58,377787,0
SPY.US,5,20251208,211500,682.59,682.78,682.4,682.64,559621,0
SPY.US,5,20251208,212000,682.64,682.77,682.52,682.55,413029,0
SPY.US,5,20251208,212500,682.55,682.685,682.37,682.645,489908,0
SPY.US,5,20251208,213000,682.64,682.68,682.2,682.26,677194,0
SPY.US,5,20251208,213500,682.27,682.4799,682.06,682.36,702470,0
SPY.US,5,20251208,214000,682.35,682.71,682.29,682.69,659695,0
SPY.US,5,20251208,214500,682.69,682.73,682.4,682.52,800651,0
SPY.US,5,20251208,215000,682.53,682.89,682.33,682.48,1322415,0
SPY.US,5,20251208,215500,682.48,683.76,682.42,683.63,5121153,0
SPY.US,5,20251209,153000,683.15,683.6801,682.82,683.41,1202080,0
SPY.US,5,20251209,153500,683.42,684.04,683.32,683.89,952326,0
SPY.US,5,20251209,154000,683.88,684.13,683.34,683.69,872399,0
SPY.US,5,20251209,154500,683.7,684.12,683.47,684.05,854239,0
SPY.US,5,20251209,155000,684.0599,684.43,683.95,684.4,703443,0
SPY.US,5,20251209,155500,684.41,684.53,684.105,684.44,680642,0
SPY.US,5,20251209,160000,684.42,684.94,684.05,684.55,851821,0
SPY.US,5,20251209,160500,684.56,684.645,683.97,684.27,594394,0
SPY.US,5,20251209,161000,684.28,684.46,684.13,684.21,429554,0
SPY.US,5,20251209,161500,684.18,684.4344,683.965,684.13,476421,0
SPY.US,5,20251209,162000,684.13,684.27,683.8829,684.16,451904,0
SPY.US,5,20251209,162500,684.16,684.2999,683.76,684.1755,623383,0
SPY.US,5,20251209,163000,684.1897,684.52,683.99,684.1999,482529,0
SPY.US,5,20251209,163500,684.2,684.21,683.845,684.03,335816,0
SPY.US,5,20251209,164000,684.03,684.48,683.865,684.47,456103,0
SPY.US,5,20251209,164500,684.48,684.4998,683.585,683.89,679141,0
SPY.US,5,20251209,165000,683.89,684.4,683.8214,684.28,541688,0
SPY.US,5,20251209,165500,684.28,684.57,684.27,684.505,282257,0
SPY.US,5,20251209,170000,684.49,684.83,684.44,684.63,536683,0
SPY.US,5,20251209,170500,684.63,684.84,684.48,684.7,368020,0
SPY.US,5,20251209,171000,684.7,684.9,684.64,684.84,347822,0
SPY.US,5,20251209,171500,684.85,685.34,684.84,685.29,515243,0
SPY.US,5,20251209,172000,685.29,685.33,685.04,685.2,425739,0
SPY.US,5,20251209,172500,685.205,685.22,684.77,684.8,324812,0
SPY.US,5,20251209,173000,684.81,685.24,684.77,685.2399,436991,0
SPY.US,5,20251209,173500,685.24,685.385,684.93,685.02,504080,0
SPY.US,5,20251209,174000,685.03,685.045,684.52,684.61,404574,0
SPY.US,5,20251209,174500,684.61,685.07,684.6,684.92,361062,0
SPY.US,5,20251209,175000,684.92,685.28,684.92,685.27,421155,0
SPY.US,5,20251209,175500,685.28,685.31,684.97,684.98,397242,0
SPY.US,5,20251209,180000,684.96,685.22,684.81,685.14,281370,0
SPY.US,5,20251209,180500,685.14,685.34,685.01,685.09,369565,0
SPY.US,5,20251209,181000,685.0801,685.12,684.87,684.94,306598,0
SPY.US,5,20251209,181500,684.96,684.97,684.61,684.64,220601,0
SPY.US,5,20251209,182000,684.64,684.6795,684.27,684.62,486485,0
SPY.US,5,20251209,182500,684.62,684.82,684.57,684.65,321390,0
SPY.US,5,20251209,183000,684.65,684.8599,684.2852,684.33,387958,0
SPY.US,5,20251209,183500,684.32,684.47,684.02,684.175,631513,0
SPY.US,5,20251209,184000,684.18,684.28,683.8955,684.0801,303949,0
SPY.US,5,20251209,184500,684.075,684.09,683.695,683.75,458882,0
SPY.US,5,20251209,185000,683.73,683.985,683.62,683.965,433492,0
SPY.US,5,20251209,185500,683.96,684.32,683.94,684.275,464195,0
SPY.US,5,20251209,190000,684.27,684.48,684.0984,684.36,524203,0
SPY.US,5,20251209,190500,684.3599,684.38,683.96,684.01,388529,0
SPY.US,5,20251209,191000,684.02,684.25,683.88,684.24,366119,0
SPY.US,5,20251209,191500,684.25,684.49,684.13,684.38,337404,0
SPY.US,5,20251209,192000,684.38,684.39,684.16,684.37,180947,0
SPY.US,5,20251209,192500,684.37,684.38,684.11,684.23,216512,0
SPY.US,5,20251209,193000,684.24,684.345,684.07,684.1,203993,0
SPY.US,5,20251209,193500,684.1,684.1065,683.73,683.88,306126,0
SPY.US,5,20251209,194000,683.9,683.92,683.66,683.67,305371,0
SPY.US,5,20251209,194500,683.68,683.99,683.35,683.95,606932,0
SPY.US,5,20251209,195000,683.94,684.33,683.81,684.21,439607,0
SPY.US,5,20251209,195500,684.22,684.34,684.043,684.05,339044,0
SPY.US,5,20251209,200000,684.05,684.1399,683.84,683.93,376028,0
SPY.US,5,20251209,200500,683.94,684.035,683.7201,683.8201,342340,0
SPY.US,5,20251209,201000,683.82,683.92,683.64,683.8,378554,0
SPY.US,5,20251209,201500,683.8,684.02,683.72,683.835,297310,0
SPY.US,5,20251209,202000,683.83,683.935,683.73,683.76,228168,0
SPY.US,5,20251209,202500,683.75,683.89,683.7,683.73,253180,0
SPY.US,5,20251209,203000,683.73,683.8,683.62,683.64,322152,0
SPY.US,5,20251209,203500,683.64,683.76,683.41,683.65,395914,0
SPY.US,5,20251209,204000,683.66,683.68,683.2,683.39,399406,0
SPY.US,5,20251209,204500,683.3868,683.54,683.33,683.4899,462634,0
SPY.US,5,20251209,205000,683.49,683.7897,683.49,683.73,372400,0
SPY.US,5,20251209,205500,683.73,683.82,683.59,683.63,285511,0
SPY.US,5,20251209,210000,683.63,683.69,683.52,683.68,367415,0
SPY.US,5,20251209,210500,683.675,683.8526,683.561,683.7,466545,0
SPY.US,5,20251209,211000,683.71,683.78,683.49,683.5,497709,0
SPY.US,5,20251209,211500,683.5001,683.59,683.3703,683.53,385618,0
SPY.US,5,20251209,212000,683.53,683.675,683.41,683.415,569716,0
SPY.US,5,20251209,212500,683.42,683.5,683.3,683.325,472853,0
SPY.US,5,20251209,213000,683.32,683.4182,683.065,683.12,661951,0
SPY.US,5,20251209,213500,683.1213,683.42,683.045,683.35,688692,0
SPY.US,5,20251209,214000,683.35,683.485,683.19,683.39,708035,0
SPY.US,5,20251209,214500,683.38,683.46,683.15,683.39,916368,0
SPY.US,5,20251209,215000,683.4,683.61,682.84,682.89,1987362,0
SPY.US,5,20251209,215500,682.89,683.15,682.59,683.03,5168015,0
SPY.US,5,20251210,153000,682.56,682.76,682.06,682.13,1085448,0
SPY.US,5,20251210,153500,682.12,682.58,681.31,682.3,1404658,0
SPY.US,5,20251210,154000,682.31,683.07,682.045,682.666,798455,0
SPY.US,5,20251210,154500,682.66,683.3152,682.65,682.885,989029,0
SPY.US,5,20251210,155000,682.88,683.33,682.52,682.863,763504,0
SPY.US,5,20251210,155500,682.89,683.25,682.31,683.17,898973,0
SPY.US,5,20251210,160000,683.17,683.17,682.72,682.9,560590,0
SPY.US,5,20251210,160500,682.905,683.37,682.83,683.0765,588385,0
SPY.US,5,20251210,161000,683.065,683.435,682.97,683.0201,546340,0
SPY.US,5,20251210,161500,683.03,683.46,682.87,683.3,593595,0
SPY.US,5,20251210,162000,683.29,683.41,682.9799,683.21,590052,0
SPY.US,5,20251210,162500,683.22,683.24,682.776,682.99,469289,0
SPY.US,5,20251210,163000,682.99,683.067,682.35,682.45,532897,0
SPY.US,5,20251210,163500,682.46,682.49,681.7,682.04,910028,0
SPY.US,5,20251210,164000,682.04,682.64,681.67,682.3799,684662,0
SPY.US,5,20251210,164500,682.365,683.17,682.22,683.1499,420910,0
SPY.US,5,20251210,165000,683.14,683.23,682.2801,682.32,506529,0
SPY.US,5,20251210,165500,682.32,682.51,682.03,682.25,449510,0
SPY.US,5,20251210,170000,682.25,682.29,681.45,681.92,592344,0
SPY.US,5,20251210,170500,681.92,682.63,681.89,682.48,500676,0
SPY.US,5,20251210,171000,682.4712,683.125,682.32,683.118,531669,0
SPY.US,5,20251210,171500,683.1152,683.64,683.01,683.62,861161,0
SPY.US,5,20251210,172000,683.62,683.77,683.32,683.6,511000,0
SPY.US,5,20251210,172500,683.59,683.87,683.375,683.72,438358,0
SPY.US,5,20251210,173000,683.72,683.81,683.54,683.81,397735,0
SPY.US,5,20251210,173500,683.81,683.84,683.51,683.7,352992,0
SPY.US,5,20251210,174000,683.685,683.69,683.165,683.27,373823,0
SPY.US,5,20251210,174500,683.28,683.5101,683.0099,683.49,516923,0
SPY.US,5,20251210,175000,683.495,683.69,683.31,683.61,297248,0
SPY.US,5,20251210,175500,683.62,683.73,683.47,683.61,331508,0
SPY.US,5,20251210,180000,683.6,683.7,683.42,683.45,357363,0
SPY.US,5,20251210,180500,683.43,683.5,683.27,683.31,204224,0
SPY.US,5,20251210,181000,683.3,683.44,683.07,683.25,283125,0
SPY.US,5,20251210,181500,683.26,683.4299,683.1045,683.13,239394,0
SPY.US,5,20251210,182000,683.12,683.345,682.95,683.33,306484,0
SPY.US,5,20251210,182500,683.32,683.44,683.07,683.14,294002,0
SPY.US,5,20251210,183000,683.12,683.29,683.01,683.23,180436,0
SPY.US,5,20251210,183500,683.23,683.54,683.12,683.1201,204678,0
SPY.US,5,20251210,184000,683.12,683.27,682.9201,683.08,222393,0
SPY.US,5,20251210,184500,683.07,683.46,683.02,683.42,329383,0
SPY.US,5,20251210,185000,683.41,683.96,683.39,683.89,366083,0
SPY.US,5,20251210,185500,683.9,684.22,683.72,683.84,420550,0
SPY.US,5,20251210,190000,683.83,683.95,683.62,683.77,368109,0
SPY.US,5,20251210,190500,683.77,684.06,683.68,683.9674,350473,0
SPY.US,5,20251210,191000,683.97,683.995,683.79,683.83,213430,0
SPY.US,5,20251210,191500,683.825,683.94,683.58,683.64,292257,0
SPY.US,5,20251210,192000,683.64,683.66,683.195,683.21,273427,0
SPY.US,5,20251210,192500,683.21,683.22,682.7,682.89,533387,0
SPY.US,5,20251210,193000,682.88,683.17,682.68,682.995,549998,0
SPY.US,5,20251210,193500,682.995,683.38,682.93,683.185,394148,0
SPY.US,5,20251210,194000,683.19,683.2,682.68,682.695,572523,0
SPY.US,5,20251210,194500,682.69,683.11,682.595,683.0799,379453,0
SPY.US,5,20251210,195000,683.06,683.06,682.72,682.79,300599,0
SPY.US,5,20251210,195500,682.785,682.92,682.445,682.87,493228,0
SPY.US,5,20251210,200000,682.86,685.23,682.67,683.86,2086216,0
SPY.US,5,20251210,200500,683.88,685.69,683.76,685.29,1965689,0
SPY.US,5,20251210,201000,685.32,685.74,684.5805,684.75,1063927,0
SPY.US,5,20251210,201500,684.76,685.57,684.61,685.035,847329,0
SPY.US,5,20251210,202000,685.06,685.0702,683.935,683.98,721536,0
SPY.US,5,20251210,202500,683.9999,684.4,683.24,684.2,994872,0
SPY.US,5,20251210,203000,684.2,686.29,684.02,685.98,1635851,0
SPY.US,5,20251210,203500,685.98,686.82,684.94,686.02,1977270,0
SPY.US,5,20251210,204000,685.9901,686.27,683.36,684.35,1833448,0
SPY.US,5,20251210,204500,684.35,685.83,684.24,685.31,1187683,0
SPY.US,5,20251210,205000,685.3,687.49,685.01,687.0485,1363495,0
SPY.US,5,20251210,205500,687.05,688.06,687.01,687.88,2584199,0
SPY.US,5,20251210,210000,687.87,688.42,687.08,688.225,1674365,0
SPY.US,5,20251210,210500,688.22,688.49,687.7,688.31,1438384,0
SPY.US,5,20251210,211000,688.31,688.62,687.9,688.48,1124355,0
SPY.US,5,20251210,211500,688.465,688.6,687.97,688.24,1321773,0
SPY.US,5,20251210,212000,688.25,688.83,687.87,687.98,1544547,0
SPY.US,5,20251210,212500,687.97,688.56,687.795,688.12,954269,0
SPY.US,5,20251210,213000,688.11,688.97,687.95,688.69,991833,0
SPY.US,5,20251210,213500,688.69,688.93,688.48,688.67,1121081,0
SPY.US,5,20251210,214000,688.67,688.83,688.25,688.37,1025510,0
SPY.US,5,20251210,214500,688.3752,688.7,688.09,688.31,1167237,0
SPY.US,5,20251210,215000,688.31,688.69,687.715,688.1,1958378,0
SPY.US,5,20251210,215500,688.1,688.24,687.22,687.47,4647801,0
SPY.US,5,20251211,153000,685.14,685.36,684.48,684.6801,1824813,0
SPY.US,5,20251211,153500,684.7,685.82,684.55,685.3018,1470368,0
SPY.US,5,20251211,154000,685.31,685.7,684.91,685.598,1190309,0
SPY.US,5,20251211,154500,685.59,685.7,683.64,683.67,1409400,0
SPY.US,5,20251211,155000,683.67,683.85,682.62,682.655,2065134,0
SPY.US,5,20251211,155500,682.655,683.22,682.29,682.62,1553604,0
SPY.US,5,20251211,160000,682.65,683.42,682.165,683.22,1342590,0
SPY.US,5,20251211,160500,683.23,684.74,683.13,684.67,1315340,0
SPY.US,5,20251211,161000,684.69,685.39,684.1401,685.035,1190970,0
SPY.US,5,20251211,161500,685.03,685.42,684.575,685.42,783227,0
SPY.US,5,20251211,162000,685.41,686.5,685.32,686.455,1161295,0
SPY.US,5,20251211,162500,686.44,686.7995,686.06,686.26,965873,0
SPY.US,5,20251211,163000,686.27,686.45,685.955,685.98,936596,0
SPY.US,5,20251211,163500,685.98,686.27,685.47,686.19,856801,0
SPY.US,5,20251211,164000,686.18,686.18,685.37,685.77,549931,0
SPY.US,5,20251211,164500,685.7699,686.17,684.75,684.84,839793,0
SPY.US,5,20251211,165000,684.83,685.17,684.07,685.0551,1022701,0
SPY.US,5,20251211,165500,685.06,685.86,684.98,685.72,691551,0
SPY.US,5,20251211,170000,685.74,686.14,685.08,685.74,775083,0
SPY.US,5,20251211,170500,685.75,685.88,684.92,684.995,578787,0
SPY.US,5,20251211,171000,685,685.56,684.89,685.4,511159,0
SPY.US,5,20251211,171500,685.37,685.41,684.802,685.0945,317821,0
SPY.US,5,20251211,172000,685.08,685.76,684.84,685.72,390848,0
SPY.US,5,20251211,172500,685.73,685.78,684.4,684.6,615623,0
SPY.US,5,20251211,173000,684.605,685.36,684.54,685.32,464520,0
SPY.US,5,20251211,173500,685.31,685.74,685.16,685.63,558147,0
SPY.US,5,20251211,174000,685.62,686.73,685.51,686.46,748280,0
SPY.US,5,20251211,174500,686.47,686.97,686.16,686.37,680973,0
SPY.US,5,20251211,175000,686.38,686.45,685.18,685.2699,853538,0
SPY.US,5,20251211,175500,685.28,685.53,684.845,685.5,910790,0
SPY.US,5,20251211,180000,685.5,686.08,685.395,685.98,862810,0
SPY.US,5,20251211,180500,685.97,686.1,685.77,685.87,337739,0
SPY.US,5,20251211,181000,685.89,687,685.89,686.715,687119,0
SPY.US,5,20251211,181500,686.72,687.06,686.59,686.92,653976,0
SPY.US,5,20251211,182000,686.92,687.66,686.92,687.56,706376,0
SPY.US,5,20251211,182500,687.55,687.91,687.185,687.345,868806,0
SPY.US,5,20251211,183000,687.35,687.76,687.34,687.73,521891,0
SPY.US,5,20251211,183500,687.74,687.85,687.4,687.695,454290,0
SPY.US,5,20251211,184000,687.69,688.0351,687.62,687.78,535930,0
SPY.US,5,20251211,184500,687.78,687.915,687.35,687.39,469897,0
SPY.US,5,20251211,185000,687.38,687.55,687.145,687.49,503751,0
SPY.US,5,20251211,185500,687.49,687.52,686.98,687.29,567525,0
SPY.US,5,20251211,190000,687.28,687.87,687.09,687.75,447698,0
SPY.US,5,20251211,190500,687.73,687.95,687.61,687.905,280256,0
SPY.US,5,20251211,191000,687.905,688.19,687.765,688.01,380344,0
SPY.US,5,20251211,191500,688.01,688.03,687.71,687.8,307216,0
SPY.US,5,20251211,192000,687.8,688.1244,687.65,687.9,416410,0
SPY.US,5,20251211,192500,687.9,688.01,687.41,687.62,456401,0
SPY.US,5,20251211,193000,687.625,687.72,687.3,687.57,406947,0
SPY.US,5,20251211,193500,687.575,688.315,687.54,688.26,485439,0
SPY.US,5,20251211,194000,688.255,688.625,688.18,688.53,500591,0
SPY.US,5,20251211,194500,688.54,688.6199,688.18,688.31,441578,0
SPY.US,5,20251211,195000,688.32,688.45,687.96,688.005,392625,0
SPY.US,5,20251211,195500,688.01,688.19,687.76,687.96,535877,0
SPY.US,5,20251211,200000,687.97,688.41,687.94,688.24,564230,0
SPY.US,5,20251211,200500,688.23,688.26,687.85,688.099,523948,0
SPY.US,5,20251211,201000,688.0965,688.26,687.9599,688.25,392202,0
SPY.US,5,20251211,201500,688.25,688.76,688.24,688.68,759282,0
SPY.US,5,20251211,202000,688.67,688.77,688.45,688.68,521985,0
SPY.US,5,20251211,202500,688.69,688.79,688.515,688.68,512879,0
SPY.US,5,20251211,203000,688.68,688.84,688.59,688.68,596593,0
SPY.US,5,20251211,203500,688.69,689.05,688.68,688.745,829078,0
SPY.US,5,20251211,204000,688.75,689.049,688.73,689.015,390778,0
SPY.US,5,20251211,204500,689.02,689.14,688.87,689.06,693383,0
SPY.US,5,20251211,205000,689.06,689.25,688.8353,688.855,453891,0
SPY.US,5,20251211,205500,688.85,689.12,688.82,688.83,518337,0
SPY.US,5,20251211,210000,688.83,689.16,688.82,689.045,475453,0
SPY.US,5,20251211,210500,689.04,689.05,688.66,688.88,701618,0
SPY.US,5,20251211,211000,688.89,688.93,688.69,688.71,462729,0
SPY.US,5,20251211,211500,688.71,688.86,688.61,688.6824,422249,0
SPY.US,5,20251211,212000,688.69,688.93,688.65,688.81,550216,0
SPY.US,5,20251211,212500,688.8,688.825,688.41,688.435,769832,0
SPY.US,5,20251211,213000,688.44,688.52,688.2,688.29,1014955,0
SPY.US,5,20251211,213500,688.295,688.34,687.99,688.2055,1449490,0
SPY.US,5,20251211,214000,688.2,688.55,688.16,688.4,969782,0
SPY.US,5,20251211,214500,688.39,688.48,688.09,688.318,831560,0
SPY.US,5,20251211,215000,688.31,689.11,688.31,688.66,1942143,0
SPY.US,5,20251211,215500,688.65,689.18,688.27,689.12,5715421,0
SPY.US,5,20251212,153000,688.17,688.685,687.7,688.425,1657159,0
SPY.US,5,20251212,153500,688.415,688.87,688.21,688.772,733780,0
SPY.US,5,20251212,154000,688.78,688.88,687.79,687.94,1140043,0
SPY.US,5,20251212,154500,687.94,688.15,687.365,687.38,1079504,0
SPY.US,5,20251212,155000,687.39,688.0198,687.17,687.875,937948,0
SPY.US,5,20251212,155500,687.87,687.985,687.405,687.49,646234,0
SPY.US,5,20251212,160000,687.46,687.54,686.58,686.69,1244010,0
SPY.US,5,20251212,160500,686.7,686.89,685.58,685.915,1319671,0
SPY.US,5,20251212,161000,685.91,686.51,685.79,685.91,1275980,0
SPY.US,5,20251212,161500,685.91,686.13,685.36,685.8699,1254666,0
SPY.US,5,20251212,162000,685.87,686.045,684.72,684.82,1112478,0
SPY.US,5,20251212,162500,684.8,684.9099,683.63,683.75,2013840,0
SPY.US,5,20251212,163000,683.75,684.71,683.31,684.32,2050015,0
SPY.US,5,20251212,163500,684.31,685.15,683.96,684.94,1210622,0
SPY.US,5,20251212,164000,684.93,685.21,684.35,685.209,976552,0
SPY.US,5,20251212,164500,685.205,685.61,684.915,685.2,1012310,0
SPY.US,5,20251212,165000,685.2,685.42,683.88,683.885,1024167,0
SPY.US,5,20251212,165500,683.87,683.89,681.31,681.835,2155615,0
SPY.US,5,20251212,170000,681.82,682.46,680.62,680.64,2783697,0
SPY.US,5,20251212,170500,680.65,681.78,680.47,680.94,1890885,0
SPY.US,5,20251212,171000,680.96,681.38,680.18,681.03,1981153,0
SPY.US,5,20251212,171500,681.03,681.71,680.51,680.82,1158876,0
SPY.US,5,20251212,172000,680.83,681.22,679.7,680.37,1545950,0
SPY.US,5,20251212,172500,680.37,681.32,680.09,681.27,1009146,0
SPY.US,5,20251212,173000,681.27,681.29,679.93,680.235,752226,0
SPY.US,5,20251212,173500,680.27,680.51,679.1744,679.66,1183994,0
SPY.US,5,20251212,174000,679.66,680.71,679.24,680.7,1078956,0
SPY.US,5,20251212,174500,680.7,680.75,679.88,680.34,925180,0
SPY.US,5,20251212,175000,680.3301,680.3301,679.76,680.05,572933,0
SPY.US,5,20251212,175500,680.02,680.64,679.66,680.6,889304,0
SPY.US,5,20251212,180000,680.5948,681.45,680.33,681.19,893718,0
SPY.US,5,20251212,180500,681.19,682.12,681.13,681.55,835111,0
SPY.US,5,20251212,181000,681.55,682.03,681.505,681.89,507276,0
SPY.US,5,20251212,181500,681.88,682.9,681.88,682.88,598008,0
SPY.US,5,20251212,182000,682.8846,683.02,682.41,682.7,812333,0
SPY.US,5,20251212,182500,682.7,682.7,681.38,681.46,714320,0
SPY.US,5,20251212,183000,681.46,682,680.945,681.77,706316,0
SPY.US,5,20251212,183500,681.77,682.66,681.29,682.6,596108,0
SPY.US,5,20251212,184000,682.6,682.85,682.35,682.49,421593,0
SPY.US,5,20251212,184500,682.47,683.24,682.42,683.03,539536,0
SPY.US,5,20251212,185000,683.05,683.1499,682.37,682.635,405745,0
SPY.US,5,20251212,185500,682.65,683.04,682.52,682.68,324415,0
SPY.US,5,20251212,190000,682.67,682.96,682.38,682.825,424390,0
SPY.US,5,20251212,190500,682.84,683.19,682.78,682.8,448293,0
SPY.US,5,20251212,191000,682.82,684.21,682.77,683.67,1437668,0
SPY.US,5,20251212,191500,683.68,684.34,683.58,683.88,707651,0
SPY.US,5,20251212,192000,683.87,683.93,683.1,683.38,591169,0
SPY.US,5,20251212,192500,683.38,683.86,683.32,683.86,441329,0
SPY.US,5,20251212,193000,683.865,683.9,683.44,683.62,371529,0
SPY.US,5,20251212,193500,683.62,683.75,683.08,683.63,380284,0
SPY.US,5,20251212,194000,683.64,683.79,682.8,682.97,408518,0
SPY.US,5,20251212,194500,682.98,683.2,682.72,683.2,515807,0
SPY.US,5,20251212,195000,683.18,683.54,683.02,683.295,461172,0
SPY.US,5,20251212,195500,683.3,683.44,682.47,682.55,512782,0
SPY.US,5,20251212,200000,682.55,682.67,681.93,682.43,1113130,0
SPY.US,5,20251212,200500,682.42,682.59,681.94,681.97,591937,0
SPY.US,5,20251212,201000,681.98,682.34,681.55,681.74,768520,0
SPY.US,5,20251212,201500,681.73,682.07,681.53,681.65,637721,0
SPY.US,5,20251212,202000,681.65,681.88,681.22,681.53,805046,0
SPY.US,5,20251212,202500,681.54,681.65,681.21,681.47,606486,0
SPY.US,5,20251212,203000,681.475,682.05,681.46,681.77,616234,0
SPY.US,5,20251212,203500,681.775,681.97,681.56,681.6001,544989,0
SPY.US,5,20251212,204000,681.64,682.27,681.64,681.79,515969,0
SPY.US,5,20251212,204500,681.78,681.91,681.55,681.82,483434,0
SPY.US,5,20251212,205000,681.8255,682.18,681.75,682.09,538363,0
SPY.US,5,20251212,205500,682.07,682.21,681.58,681.96,541510,0
SPY.US,5,20251212,210000,681.96,682.12,681.46,681.78,822534,0
SPY.US,5,20251212,210500,681.78,682.38,681.73,682.33,737684,0
SPY.US,5,20251212,211000,682.34,682.515,681.81,681.82,829425,0
SPY.US,5,20251212,211500,681.82,682.0656,681.69,681.8,599698,0
SPY.US,5,20251212,212000,681.805,681.995,681.76,681.945,522566,0
SPY.US,5,20251212,212500,681.95,681.98,681.1,681.355,1131396,0
SPY.US,5,20251212,213000,681.36,681.49,680.31,681.02,1584544,0
SPY.US,5,20251212,213500,681.02,681.13,680.07,680.34,1410835,0
SPY.US,5,20251212,214000,680.33,681.14,680.32,680.8397,1433458,0
SPY.US,5,20251212,214500,680.84,681.87,680.73,681.36,2191996,0
SPY.US,5,20251212,215000,681.36,681.69,680.84,681.361,2148093,0
SPY.US,5,20251212,215500,681.38,681.83,681.255,681.76,5578972,0
SPY.US,5,20251215,153000,685.74,685.76,683.94,683.955,2147965,0
SPY.US,5,20251215,153500,683.97,684.7944,683.555,683.57,1307409,0
SPY.US,5,20251215,154000,683.58,684.475,683.56,683.62,1330207,0
SPY.US,5,20251215,154500,683.62,683.8712,683.22,683.58,1375638,0
SPY.US,5,20251215,155000,683.58,683.73,682.64,682.915,1412731,0
SPY.US,5,20251215,155500,682.89,683,682.3,682.43,1563850,0
SPY.US,5,20251215,160000,682.43,682.45,681.18,681.5,1767010,0
SPY.US,5,20251215,160500,681.5,682.585,681.41,681.805,1206358,0
SPY.US,5,20251215,161000,681.82,681.895,681.14,681.365,965980,0
SPY.US,5,20251215,161500,681.34,681.5,680.65,680.8213,1156880,0
SPY.US,5,20251215,162000,680.82,681.46,679.83,679.84,1439750,0
SPY.US,5,20251215,162500,679.84,680.13,679.25,679.82,1702526,0
SPY.US,5,20251215,163000,679.82,681.32,679.59,680.8929,1642242,0
SPY.US,5,20251215,163500,680.9,681.29,680.19,680.4852,828513,0
SPY.US,5,20251215,164000,680.49,681.82,680.052,681.805,1130301,0
SPY.US,5,20251215,164500,681.8,682.13,681.45,682.08,939968,0
SPY.US,5,20251215,165000,682.11,682.16,680.735,681.15,971962,0
SPY.US,5,20251215,165500,681.15,681.395,680.76,681.145,600359,0
SPY.US,5,20251215,170000,681.145,681.405,680.56,681.04,804592,0
SPY.US,5,20251215,170500,681.03,681.8,680.97,681.785,707512,0
SPY.US,5,20251215,171000,681.79,681.8892,680.91,681.05,542509,0
SPY.US,5,20251215,171500,681.03,682.66,680.97,682.64,945814,0
SPY.US,5,20251215,172000,682.63,682.84,682.28,682.5548,733369,0
SPY.US,5,20251215,172500,682.56,683.06,682.53,682.7985,650536,0
SPY.US,5,20251215,173000,682.79,682.92,681.405,681.43,996359,0
SPY.US,5,20251215,173500,681.4298,681.58,680.515,680.88,1054731,0
SPY.US,5,20251215,174000,680.88,681.35,680.41,680.55,827327,0
SPY.US,5,20251215,174500,680.55,680.74,680.14,680.545,910141,0
SPY.US,5,20251215,175000,680.55,681.52,680.45,681.46,718647,0
SPY.US,5,20251215,175500,681.45,681.74,680.58,680.88,717560,0
SPY.US,5,20251215,180000,680.88,681.22,680.57,680.81,553090,0
SPY.US,5,20251215,180500,680.82,681.23,680.67,681.08,458904,0
SPY.US,5,20251215,181000,681.09,681.33,680.785,680.82,444795,0
SPY.US,5,20251215,181500,680.83,680.88,680.21,680.43,595752,0
SPY.US,5,20251215,182000,680.42,680.94,680.33,680.58,582290,0
SPY.US,5,20251215,182500,680.58,681.1,680.51,680.65,402571,0
SPY.US,5,20251215,183000,680.65,680.98,680.07,680.24,524779,0
SPY.US,5,20251215,183500,680.24,680.8899,680.235,680.83,430679,0
SPY.US,5,20251215,184000,680.83,681.45,680.7802,681.19,517204,0
SPY.US,5,20251215,184500,681.18,681.4,680.31,680.355,630910,0
SPY.US,5,20251215,185000,680.35,680.35,679.42,679.97,940250,0
SPY.US,5,20251215,185500,679.98,680.58,679.86,680.5099,510659,0
SPY.US,5,20251215,190000,680.51,680.8,680.005,680.57,504632,0
SPY.US,5,20251215,190500,680.58,681.1,680.46,680.6,474740,0
SPY.US,5,20251215,191000,680.62,681.06,680.59,680.98,328382,0
SPY.US,5,20251215,191500,680.98,681.19,680.35,680.4299,387119,0
SPY.US,5,20251215,192000,680.42,680.65,679.85,679.85,504371,0
SPY.US,5,20251215,192500,679.84,680.08,679.51,680,567210,0
SPY.US,5,20251215,193000,679.99,680.34,679.62,679.89,538023,0
SPY.US,5,20251215,193500,679.88,680.31,679.68,679.93,434462,0
SPY.US,5,20251215,194000,679.89,680.4,679.82,680.27,478805,0
SPY.US,5,20251215,194500,680.28,680.63,680.19,680.425,467976,0
SPY.US,5,20251215,195000,680.42,680.9356,680.3195,680.8203,407570,0
SPY.US,5,20251215,195500,680.82,681.4,680.78,681.02,522029,0
SPY.US,5,20251215,200000,681.02,681.52,680.8901,681.43,691475,0
SPY.US,5,20251215,200500,681.44,681.5497,680.9809,681.0275,459172,0
SPY.US,5,20251215,201000,681.02,681.2,680.79,680.8,598235,0
SPY.US,5,20251215,201500,680.8,681.02,680.44,681.01,658202,0
SPY.US,5,20251215,202000,681.0105,681.1599,680.5,680.785,417346,0
SPY.US,5,20251215,202500,680.77,681.02,680.66,680.8355,400361,0
SPY.US,5,20251215,203000,680.835,681.09,680.59,680.8095,475224,0
SPY.US,5,20251215,203500,680.81,680.955,680.56,680.72,494372,0
SPY.US,5,20251215,204000,680.74,681,680.51,680.605,391415,0
SPY.US,5,20251215,204500,680.6,680.68,680.44,680.6798,492420,0
SPY.US,5,20251215,205000,680.67,681.08,680.55,681.08,693801,0
SPY.US,5,20251215,205500,681.08,681.78,681.055,681.6897,623262,0
SPY.US,5,20251215,210000,681.69,681.69,681.02,681.32,625735,0
SPY.US,5,20251215,210500,681.31,681.6699,681.285,681.62,617715,0
SPY.US,5,20251215,211000,681.62,681.74,681.28,681.28,606936,0
SPY.US,5,20251215,211500,681.28,681.585,681.07,681.2,700419,0
SPY.US,5,20251215,212000,681.21,681.22,680.69,680.96,887677,0
SPY.US,5,20251215,212500,680.95,681.19,680.73,681.07,697628,0
SPY.US,5,20251215,213000,681.09,681.25,680.61,680.77,755286,0
SPY.US,5,20251215,213500,680.775,681.24,680.64,681.22,870562,0
SPY.US,5,20251215,214000,681.202,681.335,680.55,680.69,1079979,0
SPY.US,5,20251215,214500,680.6899,681.24,680.61,681.175,1408122,0
SPY.US,5,20251215,215000,681.18,681.6,680.76,680.89,2457200,0
SPY.US,5,20251215,215500,680.89,681.24,680.66,680.71,5450181,0
SPY.US,5,20251216,153000,679.23,680.51,678.83,679.56,2313267,0
SPY.US,5,20251216,153500,679.56,680.47,679.28,679.47,1712998,0
SPY.US,5,20251216,154000,679.48,679.57,678.15,678.6507,1298269,0
SPY.US,5,20251216,154500,678.6501,680.05,677.68,679.72,1508146,0
SPY.US,5,20251216,155000,679.71,681.02,679.5756,679.885,1497036,0
SPY.US,5,20251216,155500,679.88,681,679.64,680.79,899050,0
SPY.US,5,20251216,160000,680.795,681.08,679.06,679.84,1189683,0
SPY.US,5,20251216,160500,679.91,680.88,679.49,679.67,884685,0
SPY.US,5,20251216,161000,679.66,679.82,678.98,679.3,942315,0
SPY.US,5,20251216,161500,679.28,679.53,678.03,678.3526,1002738,0
SPY.US,5,20251216,162000,678.36,678.47,677.26,677.31,1210545,0
SPY.US,5,20251216,162500,677.31,677.88,676.44,677.72,1872765,0
SPY.US,5,20251216,163000,677.69,678.69,677.55,678.15,1242294,0
SPY.US,5,20251216,163500,678.16,678.6,677.04,677.87,887321,0
SPY.US,5,20251216,164000,677.87,678.22,677.02,678.1,792504,0
SPY.US,5,20251216,164500,678.1,679,678.08,678.49,845155,0
SPY.US,5,20251216,165000,678.46,679.14,677.58,678.93,695160,0
SPY.US,5,20251216,165500,678.93,679.415,678.47,679,688438,0
SPY.US,5,20251216,170000,679,679.3218,678.54,678.63,477263,0
SPY.US,5,20251216,170500,678.66,678.85,677.94,678.23,972061,0
SPY.US,5,20251216,171000,678.24,678.39,677.47,677.74,571364,0
SPY.US,5,20251216,171500,677.74,677.86,676.87,677.51,770982,0
SPY.US,5,20251216,172000,677.5,677.67,677.03,677.13,523980,0
SPY.US,5,20251216,172500,677.12,677.29,676.81,677.135,490199,0
SPY.US,5,20251216,173000,677.13,677.65,676.78,677.495,604627,0
SPY.US,5,20251216,173500,677.5,677.74,676.61,677.28,600141,0
SPY.US,5,20251216,174000,677.28,677.42,676.69,677.375,418324,0
SPY.US,5,20251216,174500,677.365,678.02,677.04,678,613885,0
SPY.US,5,20251216,175000,678.015,678.49,677.215,677.533,549534,0
SPY.US,5,20251216,175500,677.52,678.46,677.43,678.28,428718,0
SPY.US,5,20251216,180000,678.28,678.76,677.99,678.58,523546,0
SPY.US,5,20251216,180500,678.56,678.74,677.99,677.99,538827,0
SPY.US,5,20251216,181000,677.99,678.64,677.46,678.585,557935,0
SPY.US,5,20251216,181500,678.58,678.94,678.45,678.62,373498,0
SPY.US,5,20251216,182000,678.6,678.69,677.88,677.95,368123,0
SPY.US,5,20251216,182500,677.94,677.9532,677.02,677.38,623407,0
SPY.US,5,20251216,183000,677.3748,678.05,677.3,678.01,460670,0
SPY.US,5,20251216,183500,678.01,678.28,676.95,677.18,479656,0
SPY.US,5,20251216,184000,677.18,677.2,676.305,676.71,595469,0
SPY.US,5,20251216,184500,676.74,677.13,676.545,676.63,471175,0
SPY.US,5,20251216,185000,676.635,676.642,676.13,676.3699,411896,0
SPY.US,5,20251216,185500,676.38,676.51,675.42,675.6,1257283,0
SPY.US,5,20251216,190000,675.61,675.96,674.98,675.885,1409080,0
SPY.US,5,20251216,190500,675.865,676.01,675.06,675.755,1034450,0
SPY.US,5,20251216,191000,675.7487,676.07,675.23,676.05,712499,0
SPY.US,5,20251216,191500,676.04,676.08,675.3599,675.525,532469,0
SPY.US,5,20251216,192000,675.525,676.035,675.34,676.005,474870,0
SPY.US,5,20251216,192500,676.01,676.2,675.435,675.59,502678,0
SPY.US,5,20251216,193000,675.59,676.61,675.56,676.55,625123,0
SPY.US,5,20251216,193500,676.56,677.3,676.47,677.145,865983,0
SPY.US,5,20251216,194000,677.14,677.93,677.13,677.84,725608,0
SPY.US,5,20251216,194500,677.86,678.36,677.78,678.18,805917,0
SPY.US,5,20251216,195000,678.17,678.61,677.705,677.8,805175,0
SPY.US,5,20251216,195500,677.8,678.0382,677.64,677.86,495262,0
SPY.US,5,20251216,200000,677.86,677.9,676.5,676.53,1071701,0
SPY.US,5,20251216,200500,676.52,676.89,676.36,676.75,991799,0
SPY.US,5,20251216,201000,676.76,676.86,676.01,676.155,786203,0
SPY.US,5,20251216,201500,676.15,676.31,675.88,675.93,608516,0
SPY.US,5,20251216,202000,675.93,676.66,675.86,676.43,731424,0
SPY.US,5,20251216,202500,676.415,677.08,675.92,677.05,1004507,0
SPY.US,5,20251216,203000,677.04,677.54,676.93,677.45,656717,0
SPY.US,5,20251216,203500,677.45,677.89,677.28,677.52,551820,0
SPY.US,5,20251216,204000,677.52,678.13,677.23,677.935,646067,0
SPY.US,5,20251216,204500,677.95,678.0899,677.4901,677.835,564023,0
SPY.US,5,20251216,205000,677.84,678.58,677.7,678.16,753017,0
SPY.US,5,20251216,205500,678.18,678.2,677.82,677.94,588404,0
SPY.US,5,20251216,210000,677.94,678.75,677.63,678.695,938292,0
SPY.US,5,20251216,210500,678.7,678.98,678.41,678.81,783374,0
SPY.US,5,20251216,211000,678.81,679.01,678.3,678.32,755771,0
SPY.US,5,20251216,211500,678.33,678.73,678.26,678.67,762460,0
SPY.US,5,20251216,212000,678.665,679.255,678.575,679.23,814749,0
SPY.US,5,20251216,212500,679.23,679.26,678.98,679.2,796555,0
SPY.US,5,20251216,213000,679.2,680,679.17,679.8,1402097,0
SPY.US,5,20251216,213500,679.8,680.56,679.79,680.09,1590581,0
SPY.US,5,20251216,214000,680.09,680.3,679.79,680,1068766,0
SPY.US,5,20251216,214500,680.01,680.09,679.45,679.75,1286889,0
SPY.US,5,20251216,215000,679.75,680.39,679.6988,679.91,2434080,0
SPY.US,5,20251216,215500,679.921,680.41,678.82,678.84,6446780,0
SPY.US,5,20251217,153000,679.89,680.435,679.195,679.77,2032646,0
SPY.US,5,20251217,153500,679.77,680.035,678.79,678.82,1807213,0
SPY.US,5,20251217,154000,678.81,679.185,678.11,678.5344,1425959,0
SPY.US,5,20251217,154500,678.53,678.83,677.6,678.6,1702086,0
SPY.US,5,20251217,155000,678.6,679.05,678.17,678.3,1071123,0
SPY.US,5,20251217,155500,678.32,679.52,677.87,679.27,920045,0
SPY.US,5,20251217,160000,679.26,679.51,678.5,679.015,1029159,0
SPY.US,5,20251217,160500,679.015,679.68,678.42,678.46,777269,0
SPY.US,5,20251217,161000,678.48,679.04,678.21,678.87,557994,0
SPY.US,5,20251217,161500,678.88,679.06,678.15,678.31,488779,0
SPY.US,5,20251217,162000,678.302,679.37,678.11,678.77,777309,0
SPY.US,5,20251217,162500,678.78,679.34,678.16,678.93,747406,0
SPY.US,5,20251217,163000,678.92,679.17,677.93,677.94,813674,0
SPY.US,5,20251217,163500,677.93,678.05,676.78,676.95,1589752,0
SPY.US,5,20251217,164000,676.95,677.29,675.595,676.04,1398916,0
SPY.US,5,20251217,164500,676.02,676.42,675.21,675.97,2210638,0
SPY.US,5,20251217,165000,675.95,676.15,674.5,674.8,1560074,0
SPY.US,5,20251217,165500,674.755,674.93,674.02,674.595,1391526,0
SPY.US,5,20251217,170000,674.58,675.215,674.21,675.05,1249476,0
SPY.US,5,20251217,170500,675.0699,675.7,674.88,675.19,968083,0
SPY.US,5,20251217,171000,675.18,675.52,673.67,673.71,1199291,0
SPY.US,5,20251217,171500,673.71,674.88,673.43,674.5699,1275916,0
SPY.US,5,20251217,172000,674.55,675.2,674.1,674.755,809670,0
SPY.US,5,20251217,172500,674.73,675.3899,674.58,674.64,581224,0
SPY.US,5,20251217,173000,674.63,674.635,673.62,673.85,892855,0
SPY.US,5,20251217,173500,673.85,674.76,673.5045,674.03,788577,0
SPY.US,5,20251217,174000,674.02,674.67,673.635,674.34,672485,0
SPY.US,5,20251217,174500,674.34,674.74,673.62,673.9601,559235,0
SPY.US,5,20251217,175000,673.96,674.26,673.07,673.785,982011,0
SPY.US,5,20251217,175500,673.77,674.265,673.18,674.23,705957,0
SPY.US,5,20251217,180000,674.22,674.49,673.08,673.34,925071,0
SPY.US,5,20251217,180500,673.36,674.07,673.31,673.38,692765,0
SPY.US,5,20251217,181000,673.39,674.24,673.19,673.4,639466,0
SPY.US,5,20251217,181500,673.4,674.595,673.18,674.14,705990,0
SPY.US,5,20251217,182000,674.1399,675.04,674.1,674.9956,485227,0
SPY.US,5,20251217,182500,675.02,675.05,674.03,674.15,513623,0
SPY.US,5,20251217,183000,674.16,675.07,674.095,674.42,471712,0
SPY.US,5,20251217,183500,674.41,674.745,673.85,673.85,378900,0
SPY.US,5,20251217,184000,673.85,674.43,673.47,673.6,512855,0
SPY.US,5,20251217,184500,673.61,673.67,673,673.49,541417,0
SPY.US,5,20251217,185000,673.48,674.1,673.385,673.51,645869,0
SPY.US,5,20251217,185500,673.51,674.06,673.505,673.8,377780,0
SPY.US,5,20251217,190000,673.805,674.7618,673.8,674.49,453369,0
SPY.US,5,20251217,190500,674.46,674.8765,674.19,674.2,491048,0
SPY.US,5,20251217,191000,674.2,674.21,673.375,673.435,407286,0
SPY.US,5,20251217,191500,673.4399,673.63,673.08,673.21,783403,0
SPY.US,5,20251217,192000,673.21,673.72,673.02,673.57,503919,0
SPY.US,5,20251217,192500,673.59,673.7665,673.21,673.37,617639,0
SPY.US,5,20251217,193000,673.36,673.41,673.01,673.3,482507,0
SPY.US,5,20251217,193500,673.3,673.62,672.8151,672.88,829464,0
SPY.US,5,20251217,194000,672.86,672.98,672.08,672.715,1293697,0
SPY.US,5,20251217,194500,672.71,673.01,672.1999,672.47,564326,0
SPY.US,5,20251217,195000,672.47,672.72,672.16,672.32,793442,0
SPY.US,5,20251217,195500,672.32,672.66,672.2,672.555,565703,0
SPY.US,5,20251217,200000,672.555,672.755,672.055,672.3,953454,0
SPY.US,5,20251217,200500,672.3,672.65,672.24,672.37,818833,0
SPY.US,5,20251217,201000,672.38,672.87,672.24,672.645,880541,0
SPY.US,5,20251217,201500,672.65,673,672.6,672.71,918233,0
SPY.US,5,20251217,202000,672.7,672.93,672.335,672.75,791992,0
SPY.US,5,20251217,202500,672.75,672.84,672.33,672.48,650202,0
SPY.US,5,20251217,203000,672.47,672.87,672.22,672.2987,810425,0
SPY.US,5,20251217,203500,672.3,672.78,672.22,672.71,602966,0
SPY.US,5,20251217,204000,672.7045,672.92,672.49,672.71,744106,0
SPY.US,5,20251217,204500,672.71,672.95,672.59,672.86,583366,0
SPY.US,5,20251217,205000,672.86,673.22,672.615,673.12,762103,0
SPY.US,5,20251217,205500,673.12,673.2978,672.98,673.13,575373,0
SPY.US,5,20251217,210000,673.13,673.32,672.57,672.645,774978,0
SPY.US,5,20251217,210500,672.645,672.81,672.415,672.585,900395,0
SPY.US,5,20251217,211000,672.58,672.94,672.51,672.79,779819,0
SPY.US,5,20251217,211500,672.75,673.24,672.75,672.9,813171,0
SPY.US,5,20251217,212000,672.89,673.025,672.81,672.9463,714742,0
SPY.US,5,20251217,212500,672.95,672.95,672.24,672.52,879276,0
SPY.US,5,20251217,213000,672.53,672.78,671.95,672.51,1092426,0
SPY.US,5,20251217,213500,672.51,672.56,672.175,672.235,844015,0
SPY.US,5,20251217,214000,672.235,672.9,672.18,672.79,1261107,0
SPY.US,5,20251217,214500,672.79,672.98,672.48,672.98,1174005,0
SPY.US,5,20251217,215000,672.95,673,671.61,671.79,3864112,0
SPY.US,5,20251217,215500,671.795,671.795,671.195,671.4,4490233,0
SPY.US,5,20251218,153000,677.6,678.59,677.32,677.81,3151553,0
SPY.US,5,20251218,153500,677.82,677.86,676.59,676.985,1656957,0
SPY.US,5,20251218,154000,676.98,677.21,676.08,676.28,1558702,0
SPY.US,5,20251218,154500,676.28,677.05,675.69,676.195,1469975,0
SPY.US,5,20251218,155000,676.2,677.63,675.91,677.6,1207686,0
SPY.US,5,20251218,155500,677.6,678.31,677.49,678.06,1039986,0
SPY.US,5,20251218,160000,678.06,678.4401,677.85,678.14,1251814,0
SPY.US,5,20251218,160500,678.15,678.2495,677.27,677.46,787654,0
SPY.US,5,20251218,161000,677.47,677.58,676.2799,676.74,1198066,0
SPY.US,5,20251218,161500,676.74,677.03,676.14,676.559,865023,0
SPY.US,5,20251218,162000,676.55,678.39,676.1601,678.32,937525,0
SPY.US,5,20251218,162500,678.31,679.11,678.17,679,1473196,0
SPY.US,5,20251218,163000,679.01,679.58,678.68,679.56,1174009,0
SPY.US,5,20251218,163500,679.565,680.56,679.15,680.22,1607950,0
SPY.US,5,20251218,164000,680.23,680.6,679.915,680.45,1269540,0
SPY.US,5,20251218,164500,680.46,680.52,679.875,680.1,1214335,0
SPY.US,5,20251218,165000,680.1,680.35,679.71,679.95,897788,0
SPY.US,5,20251218,165500,679.95,680.12,679.665,680.03,615634,0
SPY.US,5,20251218,170000,680.03,680.34,679.83,680.27,634520,0
SPY.US,5,20251218,170500,680.27,680.55,680.21,680.4602,617852,0
SPY.US,5,20251218,171000,680.4671,680.74,679.9,679.935,683707,0
SPY.US,5,20251218,171500,679.935,680.39,679.89,680.09,690373,0
SPY.US,5,20251218,172000,680.1,680.365,679.97,680.08,457292,0
SPY.US,5,20251218,172500,680.09,680.38,679.52,679.75,566307,0
SPY.US,5,20251218,173000,679.745,680.2,679.74,680.04,563844,0
SPY.US,5,20251218,173500,680.05,680.71,680.05,680.395,957594,0
SPY.US,5,20251218,174000,680.39,680.55,680.26,680.27,598674,0
SPY.US,5,20251218,174500,680.26,680.375,679.81,679.95,721118,0
SPY.US,5,20251218,175000,679.94,680.18,679.665,680,565819,0
SPY.US,5,20251218,175500,679.985,680.14,679.325,679.56,495997,0
SPY.US,5,20251218,180000,679.55,679.5707,678.81,678.84,697318,0
SPY.US,5,20251218,180500,678.84,678.89,676.83,676.84,1634996,0
SPY.US,5,20251218,181000,676.88,677.09,675.99,676.41,2159269,0
SPY.US,5,20251218,181500,676.44,676.44,675.19,675.93,1943057,0
SPY.US,5,20251218,182000,675.93,676.55,675.13,675.255,1451121,0
SPY.US,5,20251218,182500,675.26,676,674.9,675.78,1295072,0
SPY.US,5,20251218,183000,675.78,676.785,675.48,676.7003,1265025,0
SPY.US,5,20251218,183500,676.68,677.29,676.43,677.225,858889,0
SPY.US,5,20251218,184000,677.23,678.25,677.23,678.24,1096350,0
SPY.US,5,20251218,184500,678.255,678.69,677.63,677.882,1047586,0
SPY.US,5,20251218,185000,677.851,678.07,677.3201,677.8601,777711,0
SPY.US,5,20251218,185500,677.86,678.39,677.44,678.37,718614,0
SPY.US,5,20251218,190000,678.36,678.39,677.58,677.65,847485,0
SPY.US,5,20251218,190500,677.66,678.4,677.61,678.38,536789,0
SPY.US,5,20251218,191000,678.37,678.87,678.15,678.33,639344,0
SPY.US,5,20251218,191500,678.31,678.66,678.3,678.51,420269,0
SPY.US,5,20251218,192000,678.49,678.93,678.43,678.9099,424176,0
SPY.US,5,20251218,192500,678.9,679.09,678.665,678.825,454977,0
SPY.US,5,20251218,193000,678.83,679.59,678.83,679.255,585905,0
SPY.US,5,20251218,193500,679.26,679.7,679.24,679.4335,536929,0
SPY.US,5,20251218,194000,679.43,679.56,678.87,678.89,424316,0
SPY.US,5,20251218,194500,678.88,678.94,678.27,678.36,688561,0
SPY.US,5,20251218,195000,678.37,678.77,678.04,678.23,810051,0
SPY.US,5,20251218,195500,678.22,678.67,678.095,678.275,501837,0
SPY.US,5,20251218,200000,678.23,678.31,676.72,676.8,1302483,0
SPY.US,5,20251218,200500,676.76,677.9,676.59,677.83,1377341,0
SPY.US,5,20251218,201000,677.84,678.2,677.28,677.465,763464,0
SPY.US,5,20251218,201500,677.47,677.48,676.89,677.04,696690,0
SPY.US,5,20251218,202000,677.04,677.31,676.74,676.89,807428,0
SPY.US,5,20251218,202500,676.89,677.25,676.67,677.16,851656,0
SPY.US,5,20251218,203000,677.15,677.3,676.36,676.4,748201,0
SPY.US,5,20251218,203500,676.37,676.78,676.28,676.68,645126,0
SPY.US,5,20251218,204000,676.67,676.99,676.19,676.3,723349,0
SPY.US,5,20251218,204500,676.31,676.96,676.08,676.96,714030,0
SPY.US,5,20251218,205000,676.97,677.31,676.19,676.325,981948,0
SPY.US,5,20251218,205500,676.33,676.34,675.32,675.745,1191463,0
SPY.US,5,20251218,210000,675.74,676.8,675.45,676.79,995115,0
SPY.US,5,20251218,210500,676.79,677.12,676.45,676.68,1198268,0
SPY.US,5,20251218,211000,676.68,677.42,676.63,677.37,878646,0
SPY.US,5,20251218,211500,677.37,677.6299,676.87,677.57,964963,0
SPY.US,5,20251218,212000,677.5756,677.79,677.23,677.735,917301,0
SPY.US,5,20251218,212500,677.73,677.85,677.3,677.62,1067650,0
SPY.US,5,20251218,213000,677.63,678.22,677.39,678.19,998567,0
SPY.US,5,20251218,213500,678.2,678.39,677.63,677.77,1164903,0
SPY.US,5,20251218,214000,677.76,678.26,677.52,678.17,1141003,0
SPY.US,5,20251218,214500,678.15,678.55,677.915,678.32,2476119,0
SPY.US,5,20251218,215000,678.33,678.52,677.165,677.33,2617657,0
SPY.US,5,20251218,215500,677.32,677.44,676.41,676.47,6048754,0
SPY.US,5,20251219,153000,676.59,678.23,676.47,678.2199,2689288,0
SPY.US,5,20251219,153500,678.23,678.33,677.34,678.08,1764955,0
SPY.US,5,20251219,154000,678.08,679.415,677.76,679.41,1773991,0
SPY.US,5,20251219,154500,679.41,679.61,678.8,679.05,1952938,0
SPY.US,5,20251219,155000,679.05,679.69,679.035,679.28,1144173,0
SPY.US,5,20251219,155500,679.28,679.91,679.03,679.82,1038077,0
SPY.US,5,20251219,160000,679.81,680.52,679.7136,680.11,1561672,0
SPY.US,5,20251219,160500,680.1101,680.12,679.2199,679.738,1401588,0
SPY.US,5,20251219,161000,679.76,679.8,679.21,679.58,1021538,0
SPY.US,5,20251219,161500,679.59,679.98,679.262,679.5531,913006,0
SPY.US,5,20251219,162000,679.56,679.68,679.01,679.11,832259,0
SPY.US,5,20251219,162500,679.1,679.45,678.45,679.185,1185962,0
SPY.US,5,20251219,163000,679.19,679.91,678.7,679.5364,1022790,0
SPY.US,5,20251219,163500,679.53,680.115,679.52,680.07,829682,0
SPY.US,5,20251219,164000,680.07,680.11,679.16,679.245,1329632,0
SPY.US,5,20251219,164500,679.25,679.44,678.66,678.7301,1114967,0
SPY.US,5,20251219,165000,678.74,679.3599,678.73,679.19,1017113,0
SPY.US,5,20251219,165500,679.18,679.245,678.825,678.98,769099,0
SPY.US,5,20251219,170000,678.97,679.4995,678.56,679.4,695663,0
SPY.US,5,20251219,170500,679.4,679.97,679.27,679.72,538951,0
SPY.US,5,20251219,171000,679.72,680.275,679.51,679.66,1221412,0
SPY.US,5,20251219,171500,679.65,680.115,679.45,679.99,549918,0
SPY.US,5,20251219,172000,679.99,680.06,679.68,679.78,676990,0
SPY.US,5,20251219,172500,679.78,680.22,679.78,680.17,554559,0
SPY.US,5,20251219,173000,680.16,680.53,680.115,680.23,828425,0
SPY.US,5,20251219,173500,680.23,680.31,679.92,679.94,644606,0
SPY.US,5,20251219,174000,679.94,680.3699,679.785,679.785,531045,0
SPY.US,5,20251219,174500,679.785,679.96,679.34,679.445,713171,0
SPY.US,5,20251219,175000,679.4499,680.175,679.35,680.01,565757,0
SPY.US,5,20251219,175500,680.01,680.15,679.6,679.695,416074,0
SPY.US,5,20251219,180000,679.7,680.225,679.63,680.08,457368,0
SPY.US,5,20251219,180500,680.075,680.185,679.94,680.1121,477481,0
SPY.US,5,20251219,181000,680.115,680.1587,679.9,680.14,466149,0
SPY.US,5,20251219,181500,680.15,680.74,680.15,680.51,845635,0
SPY.US,5,20251219,182000,680.505,680.835,680.49,680.8,569755,0
SPY.US,5,20251219,182500,680.81,680.82,680.6,680.68,535124,0
SPY.US,5,20251219,183000,680.69,680.69,680.38,680.475,422534,0
SPY.US,5,20251219,183500,680.48,680.82,680.31,680.77,608737,0
SPY.US,5,20251219,184000,680.77,680.805,680.405,680.475,482293,0
SPY.US,5,20251219,184500,680.48,680.68,680.35,680.5928,389442,0
SPY.US,5,20251219,185000,680.59,680.99,680.585,680.96,511550,0
SPY.US,5,20251219,185500,680.95,681.058,680.64,680.66,531410,0
SPY.US,5,20251219,190000,680.655,680.8,680.47,680.74,500849,0
SPY.US,5,20251219,190500,680.74,680.9099,680.68,680.76,381087,0
SPY.US,5,20251219,191000,680.76,680.995,680.76,680.92,322470,0
SPY.US,5,20251219,191500,680.925,681.09,680.89,681.04,364011,0
SPY.US,5,20251219,192000,681.04,681.045,680.64,680.65,405418,0
SPY.US,5,20251219,192500,680.65,680.87,680.64,680.75,300749,0
SPY.US,5,20251219,193000,680.77,680.86,680.54,680.57,433151,0
SPY.US,5,20251219,193500,680.57,680.72,680.43,680.565,262811,0
SPY.US,5,20251219,194000,680.565,680.57,680.18,680.36,377436,0
SPY.US,5,20251219,194500,680.379,680.39,680.17,680.305,317684,0
SPY.US,5,20251219,195000,680.3085,680.605,680.24,680.4799,333234,0
SPY.US,5,20251219,195500,680.47,680.5,680.1883,680.225,319964,0
SPY.US,5,20251219,200000,680.22,680.68,680.22,680.535,460641,0
SPY.US,5,20251219,200500,680.5301,680.64,680.32,680.42,722448,0
SPY.US,5,20251219,201000,680.415,680.76,680.39,680.59,368811,0
SPY.US,5,20251219,201500,680.5899,680.735,680.47,680.695,368344,0
SPY.US,5,20251219,202000,680.69,680.765,680.57,680.745,318285,0
SPY.US,5,20251219,202500,680.75,680.8,680.6,680.64,339106,0
SPY.US,5,20251219,203000,680.64,680.84,680.52,680.75,442819,0
SPY.US,5,20251219,203500,680.745,680.9399,680.68,680.72,603120,0
SPY.US,5,20251219,204000,680.715,680.885,680.6264,680.7901,373282,0
SPY.US,5,20251219,204500,680.8,681,680.77,680.8663,514273,0
SPY.US,5,20251219,205000,680.8644,680.95,680.73,680.81,645298,0
SPY.US,5,20251219,205500,680.79,680.94,680.545,680.59,585832,0
SPY.US,5,20251219,210000,680.59,680.83,680.485,680.54,587507,0
SPY.US,5,20251219,210500,680.55,680.655,680.474,680.53,642477,0
SPY.US,5,20251219,211000,680.53,680.74,680.36,680.44,778319,0
SPY.US,5,20251219,211500,680.44,680.54,680.34,680.44,523045,0
SPY.US,5,20251219,212000,680.445,680.73,680.42,680.68,621618,0
SPY.US,5,20251219,212500,680.68,680.745,680.4134,680.485,721768,0
SPY.US,5,20251219,213000,680.49,680.665,680.28,680.385,952596,0
SPY.US,5,20251219,213500,680.39,680.505,680.26,680.33,880359,0
SPY.US,5,20251219,214000,680.325,680.385,679.61,679.94,1317913,0
SPY.US,5,20251219,214500,679.94,680.1799,679.85,679.97,1999568,0
SPY.US,5,20251219,215000,679.97,680.72,679.68,680.49,3417389,0
SPY.US,5,20251219,215500,680.49,680.685,679.98,680.46,9499613,0
SPY.US,5,20251222,153000,683.94,684.53,683.38,683.66,2041826,0
SPY.US,5,20251222,153500,683.67,683.93,683.16,683.29,1289814,0
SPY.US,5,20251222,154000,683.3,683.525,682.94,683.23,1221974,0
SPY.US,5,20251222,154500,683.22,683.7299,683.08,683.36,929912,0
SPY.US,5,20251222,155000,683.36,684.06,683.285,684,798943,0
SPY.US,5,20251222,155500,684.015,684.135,683.8,683.97,817126,0
SPY.US,5,20251222,160000,683.975,684.12,683.435,683.47,774592,0
SPY.US,5,20251222,160500,683.47,683.7714,683.245,683.55,533884,0
SPY.US,5,20251222,161000,683.58,683.61,682.89,682.97,681813,0
SPY.US,5,20251222,161500,683,683.6,682.94,683.475,700401,0
SPY.US,5,20251222,162000,683.48,683.88,683.37,683.7799,648210,0
SPY.US,5,20251222,162500,683.77,683.93,683.61,683.77,450117,0
SPY.US,5,20251222,163000,683.77,683.99,683.4601,683.4699,513599,0
SPY.US,5,20251222,163500,683.47,683.49,682.68,682.88,881911,0
SPY.US,5,20251222,164000,682.89,683.79,682.8544,683.72,794686,0
SPY.US,5,20251222,164500,683.72,683.91,683.67,683.83,613338,0
SPY.US,5,20251222,165000,683.82,683.94,683.58,683.82,463949,0
SPY.US,5,20251222,165500,683.83,683.98,683.62,683.65,480931,0
SPY.US,5,20251222,170000,683.64,683.975,683.64,683.85,341802,0
SPY.US,5,20251222,170500,683.855,684.25,683.83,684.19,529265,0
SPY.US,5,20251222,171000,684.22,684.67,684.17,684.645,697531,0
SPY.US,5,20251222,171500,684.64,684.915,684.57,684.84,742520,0
SPY.US,5,20251222,172000,684.84,684.975,684.72,684.75,630012,0
SPY.US,5,20251222,172500,684.76,684.92,684.53,684.67,630488,0
SPY.US,5,20251222,173000,684.67,684.78,684.44,684.48,526298,0
SPY.US,5,20251222,173500,684.49,684.7399,684.45,684.5001,493901,0
SPY.US,5,20251222,174000,684.49,684.72,684.36,684.37,301331,0
SPY.US,5,20251222,174500,684.37,684.65,684.36,684.4901,296113,0
SPY.US,5,20251222,175000,684.5,684.745,684.5,684.7101,285382,0
SPY.US,5,20251222,175500,684.71,684.95,684.68,684.95,482080,0
SPY.US,5,20251222,180000,684.96,685.08,684.78,684.865,537271,0
SPY.US,5,20251222,180500,684.87,684.92,684.675,684.74,437383,0
SPY.US,5,20251222,181000,684.735,684.94,684.68,684.805,439724,0
SPY.US,5,20251222,181500,684.81,684.965,684.8,684.84,413825,0
SPY.US,5,20251222,182000,684.84,684.87,684.69,684.69,318960,0
SPY.US,5,20251222,182500,684.68,684.745,684.52,684.6399,302054,0
SPY.US,5,20251222,183000,684.65,684.83,684.56,684.61,304377,0
SPY.US,5,20251222,183500,684.61,684.76,684.6,684.68,325507,0
SPY.US,5,20251222,184000,684.69,684.93,684.595,684.79,385047,0
SPY.US,5,20251222,184500,684.79,684.885,684.685,684.77,256460,0
SPY.US,5,20251222,185000,684.78,685.2,684.76,685.12,691858,0
SPY.US,5,20251222,185500,685.12,685.36,685.1,685.21,514813,0
SPY.US,5,20251222,190000,685.2,685.22,685.02,685.025,407034,0
SPY.US,5,20251222,190500,685.025,685.03,684.8936,684.9199,510581,0
SPY.US,5,20251222,191000,684.9199,684.96,684.78,684.81,383364,0
SPY.US,5,20251222,191500,684.81,684.84,684.6,684.74,520294,0
SPY.US,5,20251222,192000,684.73,684.7499,684.54,684.55,385798,0
SPY.US,5,20251222,192500,684.5436,684.76,684.35,684.715,565955,0
SPY.US,5,20251222,193000,684.71,684.91,684.71,684.73,377899,0
SPY.US,5,20251222,193500,684.72,684.84,684.63,684.8,221471,0
SPY.US,5,20251222,194000,684.8,684.9,684.685,684.75,231848,0
SPY.US,5,20251222,194500,684.74,684.78,684.6036,684.655,237400,0
SPY.US,5,20251222,195000,684.655,684.68,684.37,684.39,374963,0
SPY.US,5,20251222,195500,684.39,684.66,684.38,684.505,357656,0
SPY.US,5,20251222,200000,684.5,684.57,684.33,684.38,267882,0
SPY.US,5,20251222,200500,684.3804,684.47,684.25,684.365,470994,0
SPY.US,5,20251222,201000,684.35,684.365,684.215,684.3,369115,0
SPY.US,5,20251222,201500,684.3,684.44,684.205,684.43,429273,0
SPY.US,5,20251222,202000,684.43,684.615,684.34,684.57,385562,0
SPY.US,5,20251222,202500,684.565,684.75,684.53,684.72,410794,0
SPY.US,5,20251222,203000,684.73,685.01,684.72,684.8199,627003,0
SPY.US,5,20251222,203500,684.81,684.9999,684.805,684.84,394245,0
SPY.US,5,20251222,204000,684.85,684.8866,684.72,684.74,514982,0
SPY.US,5,20251222,204500,684.74,684.91,684.695,684.74,310642,0
SPY.US,5,20251222,205000,684.75,684.84,684.68,684.68,340486,0
SPY.US,5,20251222,205500,684.68,684.81,684.665,684.79,372091,0
SPY.US,5,20251222,210000,684.79,684.96,684.76,684.8444,480779,0
SPY.US,5,20251222,210500,684.845,684.8799,684.665,684.68,473347,0
SPY.US,5,20251222,211000,684.69,684.91,684.68,684.76,503723,0
SPY.US,5,20251222,211500,684.76,685.04,684.71,684.995,838859,0
SPY.US,5,20251222,212000,684.995,685.04,684.85,684.9101,539038,0
SPY.US,5,20251222,212500,684.91,684.98,684.83,684.925,726113,0
SPY.US,5,20251222,213000,684.925,685.05,684.92,685.025,777792,0
SPY.US,5,20251222,213500,685.03,685.1499,684.9,685,1382484,0
SPY.US,5,20251222,214000,685.005,685.02,684.875,684.91,738570,0
SPY.US,5,20251222,214500,684.915,684.96,684.69,684.818,1272241,0
SPY.US,5,20251222,215000,684.815,685,684.61,685,1973902,0
SPY.US,5,20251222,215500,685,685.045,684.69,684.78,4070169,0
SPY.US,5,20251223,153000,683.92,685.61,683.87,685.02,1495829,0
SPY.US,5,20251223,153500,685.02,685.46,684.79,685.375,859066,0
SPY.US,5,20251223,154000,685.38,685.8,685.23,685.775,754467,0
SPY.US,5,20251223,154500,685.78,686.25,685.73,685.935,923385,0
SPY.US,5,20251223,155000,685.92,686.105,685.56,685.66,687341,0
SPY.US,5,20251223,155500,685.65,685.7,685.1,685.41,820670,0
SPY.US,5,20251223,160000,685.4101,685.49,684.46,684.53,1063777,0
SPY.US,5,20251223,160500,684.55,684.895,684.36,684.86,844229,0
SPY.US,5,20251223,161000,684.87,685.09,684.38,684.75,791536,0
SPY.US,5,20251223,161500,684.76,685.37,684.74,685.22,507225,0
SPY.US,5,20251223,162000,685.33,685.565,685.275,685.48,327678,0
SPY.US,5,20251223,162500,685.49,685.55,684.98,685.24,517764,0
SPY.US,5,20251223,163000,685.24,685.69,685.2303,685.635,428816,0
SPY.US,5,20251223,163500,685.6361,686.02,685.61,685.95,618281,0
SPY.US,5,20251223,164000,685.95,686.185,685.905,686.1,666808,0
SPY.US,5,20251223,164500,686.1,686.1988,685.86,686.1498,789848,0
SPY.US,5,20251223,165000,686.1437,686.245,686.03,686.14,441977,0
SPY.US,5,20251223,165500,686.14,686.485,685.9699,686.32,613183,0
SPY.US,5,20251223,170000,686.33,686.63,686.255,686.43,741704,0
SPY.US,5,20251223,170500,686.435,686.59,686.3232,686.38,466729,0
SPY.US,5,20251223,171000,686.385,686.5,686.27,686.44,577480,0
SPY.US,5,20251223,171500,686.45,686.69,686.45,686.66,575318,0
SPY.US,5,20251223,172000,686.655,686.68,686.48,686.595,422716,0
SPY.US,5,20251223,172500,686.59,686.74,686.46,686.492,508308,0
SPY.US,5,20251223,173000,686.495,686.55,686.42,686.47,472930,0
SPY.US,5,20251223,173500,686.475,686.55,686.36,686.5,374051,0
SPY.US,5,20251223,174000,686.5,686.785,686.47,686.69,302163,0
SPY.US,5,20251223,174500,686.695,686.82,686.655,686.75,337510,0
SPY.US,5,20251223,175000,686.76,686.965,686.73,686.895,572017,0
SPY.US,5,20251223,175500,686.9,687.0088,686.795,686.9,353888,0
SPY.US,5,20251223,180000,686.905,686.97,686.66,686.875,594102,0
SPY.US,5,20251223,180500,686.875,686.99,686.845,686.955,313231,0
SPY.US,5,20251223,181000,686.96,687.0201,686.8901,686.94,422348,0
SPY.US,5,20251223,181500,686.945,687.03,686.87,686.985,357040,0
SPY.US,5,20251223,182000,686.99,687.22,686.985,687.12,529261,0
SPY.US,5,20251223,182500,687.13,687.15,687.0166,687.07,378847,0
SPY.US,5,20251223,183000,687.06,687.1997,686.89,686.9901,546153,0
SPY.US,5,20251223,183500,687,687.15,686.945,687.085,429472,0
SPY.US,5,20251223,184000,687.08,687.095,686.97,687.045,313137,0
SPY.US,5,20251223,184500,687.04,687.12,686.9,686.92,296239,0
SPY.US,5,20251223,185000,686.92,687.0405,686.79,686.975,385609,0
SPY.US,5,20251223,185500,686.975,687.105,686.93,686.98,378227,0
SPY.US,5,20251223,190000,686.985,687.12,686.92,686.95,250796,0
SPY.US,5,20251223,190500,686.95,687.355,686.9498,687.2999,659566,0
SPY.US,5,20251223,191000,687.3,687.36,687.18,687.34,424096,0
SPY.US,5,20251223,191500,687.345,687.41,687.265,687.3924,326798,0
SPY.US,5,20251223,192000,687.3916,687.7299,687.39,687.6,764917,0
SPY.US,5,20251223,192500,687.6,687.65,687.44,687.545,421668,0
SPY.US,5,20251223,193000,687.55,687.7,687.525,687.625,405521,0
SPY.US,5,20251223,193500,687.625,687.65,687.54,687.63,299418,0
SPY.US,5,20251223,194000,687.6336,687.67,687.57,687.655,367177,0
SPY.US,5,20251223,194500,687.66,687.7,687.58,687.61,402531,0
SPY.US,5,20251223,195000,687.61,687.68,687.53,687.585,248347,0
SPY.US,5,20251223,195500,687.585,687.62,687.51,687.53,367713,0
SPY.US,5,20251223,200000,687.53,687.73,687.495,687.72,514265,0
SPY.US,5,20251223,200500,687.72,687.825,687.65,687.7412,472152,0
SPY.US,5,20251223,201000,687.74,687.82,687.7,687.7098,302890,0
SPY.US,5,20251223,201500,687.705,687.85,687.7,687.84,440416,0
SPY.US,5,20251223,202000,687.84,687.91,687.79,687.8199,416622,0
SPY.US,5,20251223,202500,687.81,687.92,687.7701,687.875,647569,0
SPY.US,5,20251223,203000,687.87,687.915,687.77,687.825,420334,0
SPY.US,5,20251223,203500,687.82,687.86,687.76,687.775,247552,0
SPY.US,5,20251223,204000,687.78,687.82,687.71,687.82,368008,0
SPY.US,5,20251223,204500,687.82,687.885,687.78,687.83,366079,0
SPY.US,5,20251223,205000,687.84,687.9,687.76,687.895,359930,0
SPY.US,5,20251223,205500,687.9,687.93,687.82,687.835,432244,0
SPY.US,5,20251223,210000,687.835,688.03,687.82,687.955,674561,0
SPY.US,5,20251223,210500,687.96,687.99,687.88,687.9001,443536,0
SPY.US,5,20251223,211000,687.905,687.99,687.84,687.885,704514,0
SPY.US,5,20251223,211500,687.89,687.96,687.83,687.94,580659,0
SPY.US,5,20251223,212000,687.94,688,687.775,687.83,807108,0
SPY.US,5,20251223,212500,687.8301,687.93,687.79,687.85,456973,0
SPY.US,5,20251223,213000,687.84,687.94,687.795,687.925,428916,0
SPY.US,5,20251223,213500,687.925,688,687.85,687.94,553665,0
SPY.US,5,20251223,214000,687.93,687.97,687.73,687.745,623441,0
SPY.US,5,20251223,214500,687.74,687.955,687.7,687.92,928732,0
SPY.US,5,20251223,215000,687.93,688,687.64,687.9723,1913003,0
SPY.US,5,20251223,215500,687.97,688.2,687.8,687.96,5126521,0
SPY.US,5,20251224,153000,687.95,688.335,687.8,688.28,942813,0
SPY.US,5,20251224,153500,688.27,688.44,688.04,688.08,645812,0
SPY.US,5,20251224,154000,688.07,688.69,688.03,688.28,707233,0
SPY.US,5,20251224,154500,688.275,688.5,688.22,688.37,502659,0
SPY.US,5,20251224,155000,688.375,688.71,688.36,688.68,724282,0
SPY.US,5,20251224,155500,688.685,688.73,688.46,688.6,419726,0
SPY.US,5,20251224,160000,688.59,688.715,688.51,688.6601,389713,0
SPY.US,5,20251224,160500,688.67,688.91,688.645,688.86,556042,0
SPY.US,5,20251224,161000,688.865,689.08,688.835,689.035,805543,0
SPY.US,5,20251224,161500,689.035,689.215,689,689.085,744465,0
SPY.US,5,20251224,162000,689.08,689.16,688.82,688.94,486665,0
SPY.US,5,20251224,162500,688.94,689.19,688.875,689.165,460924,0
SPY.US,5,20251224,163000,689.16,689.23,689.0125,689.1,477799,0
SPY.US,5,20251224,163500,689.1,689.2,689.03,689.1691,357856,0
SPY.US,5,20251224,164000,689.1662,689.28,689.1,689.25,469969,0
SPY.US,5,20251224,164500,689.225,689.3,689.19,689.28,372338,0
SPY.US,5,20251224,165000,689.28,689.41,689.25,689.345,381000,0
SPY.US,5,20251224,165500,689.35,689.49,689.3,689.47,477655,0
SPY.US,5,20251224,170000,689.465,689.53,689.38,689.45,512885,0
SPY.US,5,20251224,170500,689.445,689.66,689.37,689.565,437833,0
SPY.US,5,20251224,171000,689.565,689.904,689.565,689.89,673167,0
SPY.US,5,20251224,171500,689.895,689.91,689.65,689.85,535240,0
SPY.US,5,20251224,172000,689.85,689.98,689.84,689.9599,441820,0
SPY.US,5,20251224,172500,689.96,689.98,689.8501,689.96,409167,0
SPY.US,5,20251224,173000,689.965,690.15,689.8892,690.14,641839,0
SPY.US,5,20251224,173500,690.14,690.48,690.11,690.33,776428,0
SPY.US,5,20251224,174000,690.335,690.48,690.32,690.48,446217,0
SPY.US,5,20251224,174500,690.47,690.485,690.34,690.375,433472,0
SPY.US,5,20251224,175000,690.37,690.435,690.25,690.405,372695,0
SPY.US,5,20251224,175500,690.4001,690.44,690.32,690.37,272474,0
SPY.US,5,20251224,180000,690.37,690.525,690.37,690.44,524688,0
SPY.US,5,20251224,180500,690.43,690.61,690.43,690.545,645353,0
SPY.US,5,20251224,181000,690.55,690.64,690.51,690.59,404667,0
SPY.US,5,20251224,181500,690.58,690.64,690.27,690.37,576357,0
SPY.US,5,20251224,182000,690.38,690.5201,690.275,690.3,460801,0
SPY.US,5,20251224,182500,690.3,690.6,690.27,690.535,747428,0
SPY.US,5,20251224,183000,690.535,690.83,690.525,690.74,766694,0
SPY.US,5,20251224,183500,690.735,690.8062,690.56,690.595,544204,0
SPY.US,5,20251224,184000,690.59,690.695,690.33,690.35,894676,0
SPY.US,5,20251224,184500,690.36,690.61,690.32,690.37,896618,0
SPY.US,5,20251224,185000,690.37,690.57,690.22,690.34,1425868,0
SPY.US,5,20251224,185500,690.33,690.65,690.17,690.28,2173150,0
SPY.US,5,20251224,190000,690.27,690.38,690.21,690.38,1181762,0
SPY.US,5,20251226,153000,690.64,691.09,690.27,690.945,1352493,0
SPY.US,5,20251226,153500,690.95,691.38,690.84,691.32,846587,0
SPY.US,5,20251226,154000,691.33,691.57,691.2295,691.55,745157,0
SPY.US,5,20251226,154500,691.55,691.66,691.16,691.23,728111,0
SPY.US,5,20251226,155000,691.25,691.26,690.455,690.815,985319,0
SPY.US,5,20251226,155500,690.82,691,690.55,690.77,496649,0
SPY.US,5,20251226,160000,690.77,690.82,689.88,690.245,836569,0
SPY.US,5,20251226,160500,690.24,690.5,690.215,690.38,488361,0
SPY.US,5,20251226,161000,690.38,690.395,689.75,689.91,649923,0
SPY.US,5,20251226,161500,689.91,690.34,689.65,690.32,585063,0
SPY.US,5,20251226,162000,690.31,690.71,690.17,690.62,670876,0
SPY.US,5,20251226,162500,690.61,690.76,690.28,690.735,502602,0
SPY.US,5,20251226,163000,690.73,691.0001,690.52,690.9,571330,0
SPY.US,5,20251226,163500,690.91,690.995,690.64,690.7,330176,0
SPY.US,5,20251226,164000,690.71,690.76,690.49,690.505,300936,0
SPY.US,5,20251226,164500,690.51,690.79,690.44,690.7199,228256,0
SPY.US,5,20251226,165000,690.7101,690.75,690.4,690.63,260831,0
SPY.US,5,20251226,165500,690.63,690.87,690.505,690.825,323844,0
SPY.US,5,20251226,170000,690.825,690.96,690.755,690.89,309265,0
SPY.US,5,20251226,170500,690.89,690.94,690.5,690.53,412414,0
SPY.US,5,20251226,171000,690.52,690.6,689.91,689.93,478382,0
SPY.US,5,20251226,171500,689.92,690.13,689.77,689.99,511415,0
SPY.US,5,20251226,172000,689.99,690.38,689.9299,690.28,326957,0
SPY.US,5,20251226,172500,690.28,690.345,690.085,690.2641,274623,0
SPY.US,5,20251226,173000,690.27,690.325,690.11,690.13,213979,0
SPY.US,5,20251226,173500,690.12,690.32,690.12,690.22,194044,0
SPY.US,5,20251226,174000,690.21,690.33,690.15,690.225,241654,0
SPY.US,5,20251226,174500,690.24,690.29,689.87,689.89,291468,0
SPY.US,5,20251226,175000,689.89,690.095,689.77,690.07,284222,0
SPY.US,5,20251226,175500,690.07,690.15,689.94,689.99,378573,0
SPY.US,5,20251226,180000,689.98,690.01,689.67,689.805,283034,0
SPY.US,5,20251226,180500,689.8,689.82,689.6,689.64,236003,0
SPY.US,5,20251226,181000,689.63,689.65,689.415,689.49,332743,0
SPY.US,5,20251226,181500,689.48,689.61,689.42,689.55,344973,0
SPY.US,5,20251226,182000,689.55,689.601,689.39,689.6,235373,0
SPY.US,5,20251226,182500,689.61,690.15,689.61,690.14,418715,0
SPY.US,5,20251226,183000,690.14,690.2,689.7701,689.7701,261439,0
SPY.US,5,20251226,183500,689.7895,689.82,689.51,689.65,462149,0
SPY.US,5,20251226,184000,689.65,689.75,689.545,689.63,243969,0
SPY.US,5,20251226,184500,689.63,689.9101,689.6101,689.8299,320926,0
SPY.US,5,20251226,185000,689.82,689.85,689.55,689.7621,227643,0
SPY.US,5,20251226,185500,689.76,689.88,689.75,689.78,203460,0
SPY.US,5,20251226,190000,689.79,689.9999,689.78,689.9601,219943,0
SPY.US,5,20251226,190500,689.97,690.05,689.84,689.85,233733,0
SPY.US,5,20251226,191000,689.8517,689.955,689.799,689.91,148690,0
SPY.US,5,20251226,191500,689.9,689.9,689.66,689.72,199023,0
SPY.US,5,20251226,192000,689.72,689.78,689.27,689.53,466110,0
SPY.US,5,20251226,192500,689.528,689.71,689.41,689.6971,234224,0
SPY.US,5,20251226,193000,689.69,689.925,689.65,689.845,284843,0
SPY.US,5,20251226,193500,689.85,690.045,689.84,689.99,287013,0
SPY.US,5,20251226,194000,689.99,690.1,689.895,689.915,205350,0
SPY.US,5,20251226,194500,689.91,690.2,689.805,690.1875,260237,0
SPY.US,5,20251226,195000,690.19,690.285,690.13,690.26,225290,0
SPY.US,5,20251226,195500,690.26,690.29,690.185,690.21,216694,0
SPY.US,5,20251226,200000,690.205,690.4,690.07,690.4,305459,0
SPY.US,5,20251226,200500,690.4,690.43,690.26,690.395,300095,0
SPY.US,5,20251226,201000,690.39,690.46,690.21,690.25,226502,0
SPY.US,5,20251226,201500,690.25,690.3,690.12,690.13,188779,0
SPY.US,5,20251226,202000,690.13,690.2168,690.06,690.0882,178326,0
SPY.US,5,20251226,202500,690.09,690.12,689.975,690.0418,347761,0
SPY.US,5,20251226,203000,690.04,690.245,690.0375,690.2,208109,0
SPY.US,5,20251226,203500,690.2,690.32,690.165,690.205,237343,0
SPY.US,5,20251226,204000,690.21,690.27,690.14,690.18,273683,0
SPY.US,5,20251226,204500,690.19,690.22,690.08,690.125,224736,0
SPY.US,5,20251226,205000,690.14,690.21,690.115,690.13,182677,0
SPY.US,5,20251226,205500,690.13,690.22,690.1212,690.155,305908,0
SPY.US,5,20251226,210000,690.15,690.34,690.085,690.15,369168,0
SPY.US,5,20251226,210500,690.14,690.2199,690.04,690.15,240842,0
SPY.US,5,20251226,211000,690.145,690.22,690.1,690.18,289084,0
SPY.US,5,20251226,211500,690.18,690.22,690.09,690.16,313181,0
SPY.US,5,20251226,212000,690.16,690.21,690.0686,690.21,323972,0
SPY.US,5,20251226,212500,690.2,690.275,690.165,690.2,310358,0
SPY.US,5,20251226,213000,690.2,690.28,690.17,690.25,415831,0
SPY.US,5,20251226,213500,690.255,690.42,690.235,690.375,523029,0
SPY.US,5,20251226,214000,690.375,690.5,690.315,690.45,726335,0
SPY.US,5,20251226,214500,690.45,690.46,690.3,690.31,677463,0
SPY.US,5,20251226,215000,690.31,690.32,690.01,690.07,1132897,0
SPY.US,5,20251226,215500,690.08,690.42,690.005,690.2432,3501876,0
SPY.US,5,20251229,153000,687.54,688.09,687.19,688.06,1561354,0
SPY.US,5,20251229,153500,688.05,689.2,687.92,688.79,1339487,0
SPY.US,5,20251229,154000,688.8,688.8,688.23,688.43,899659,0
SPY.US,5,20251229,154500,688.44,688.44,687.57,687.86,1222619,0
SPY.US,5,20251229,155000,687.84,688.25,687.46,687.7951,858161,0
SPY.US,5,20251229,155500,687.8,687.96,687.33,687.56,619696,0
SPY.US,5,20251229,160000,687.57,687.87,687.2999,687.37,479933,0
SPY.US,5,20251229,160500,687.35,687.58,687.06,687.09,544469,0
SPY.US,5,20251229,161000,687.09,687.22,686.82,687.0997,784979,0
SPY.US,5,20251229,161500,687.1,687.7699,687.09,687.5098,680930,0
SPY.US,5,20251229,162000,687.515,687.87,687.39,687.845,319627,0
SPY.US,5,20251229,162500,687.84,688.06,687.755,687.95,497123,0
SPY.US,5,20251229,163000,687.94,688.145,687.69,688.125,378734,0
SPY.US,5,20251229,163500,688.125,688.4,687.78,687.99,511893,0
SPY.US,5,20251229,164000,687.99,688.29,687.87,688.19,307849,0
SPY.US,5,20251229,164500,688.19,688.2297,687.49,687.5,477084,0
SPY.US,5,20251229,165000,687.5,687.51,686.89,687.315,827735,0
SPY.US,5,20251229,165500,687.3,687.7295,687.1953,687.35,427340,0
SPY.US,5,20251229,170000,687.35,687.53,687.145,687.175,409421,0
SPY.US,5,20251229,170500,687.1799,687.48,687.02,687.13,444017,0
SPY.US,5,20251229,171000,687.14,687.6376,687.09,687.47,387330,0
SPY.US,5,20251229,171500,687.47,687.49,686.99,687.18,359754,0
SPY.US,5,20251229,172000,687.175,687.315,686.995,687.22,353491,0
SPY.US,5,20251229,172500,687.22,687.27,686.945,687.1699,334175,0
SPY.US,5,20251229,173000,687.16,687.49,686.96,686.98,425736,0
SPY.US,5,20251229,173500,686.98,687.23,686.84,686.89,442179,0
SPY.US,5,20251229,174000,686.88,686.915,686.69,686.8744,464414,0
SPY.US,5,20251229,174500,686.88,687.12,686.84,687.065,378648,0
SPY.US,5,20251229,175000,687.078,687.29,686.94,687.21,335944,0
SPY.US,5,20251229,175500,687.22,687.39,687.07,687.08,282453,0
SPY.US,5,20251229,180000,687.08,687.23,686.89,687.02,194575,0
SPY.US,5,20251229,180500,687.025,687.07,686.77,686.8206,301469,0
SPY.US,5,20251229,181000,686.82,686.9,686.6,686.84,268793,0
SPY.US,5,20251229,181500,686.83,686.93,686.63,686.7301,281751,0
SPY.US,5,20251229,182000,686.74,686.78,686.475,686.54,258696,0
SPY.US,5,20251229,182500,686.53,686.54,686.07,686.27,475796,0
SPY.US,5,20251229,183000,686.27,686.51,686.18,686.3839,386380,0
SPY.US,5,20251229,183500,686.39,686.505,686.26,686.295,260552,0
SPY.US,5,20251229,184000,686.3,686.565,686.24,686.505,406000,0
SPY.US,5,20251229,184500,686.5,686.69,686.47,686.63,265464,0
SPY.US,5,20251229,185000,686.63,686.985,686.61,686.955,415772,0
SPY.US,5,20251229,185500,686.955,687.0956,686.92,686.9901,288051,0
SPY.US,5,20251229,190000,686.99,687.0099,686.79,686.95,360374,0
SPY.US,5,20251229,190500,686.9501,687.13,686.89,687.03,290263,0
SPY.US,5,20251229,191000,687.03,687.04,686.81,686.905,261234,0
SPY.US,5,20251229,191500,686.91,687.23,686.9,687.2139,297116,0
SPY.US,5,20251229,192000,687.21,687.545,687.16,687.4925,430422,0
SPY.US,5,20251229,192500,687.495,687.505,687.19,687.335,376336,0
SPY.US,5,20251229,193000,687.33,687.59,687.3168,687.58,353737,0
SPY.US,5,20251229,193500,687.59,687.89,687.59,687.7,506192,0
SPY.US,5,20251229,194000,687.695,687.72,687.42,687.465,459119,0
SPY.US,5,20251229,194500,687.465,687.505,687.28,687.325,328285,0
SPY.US,5,20251229,195000,687.32,687.42,687.215,687.315,386168,0
SPY.US,5,20251229,195500,687.31,687.3151,687.17,687.225,254981,0
SPY.US,5,20251229,200000,687.22,687.29,686.93,687.06,667813,0
SPY.US,5,20251229,200500,687.065,687.1285,686.87,686.965,540368,0
SPY.US,5,20251229,201000,686.965,687.0692,686.88,687,291908,0
SPY.US,5,20251229,201500,687,687.11,686.93,687.035,369545,0
SPY.US,5,20251229,202000,687.04,687.39,687.04,687.34,389811,0
SPY.US,5,20251229,202500,687.34,687.47,687.25,687.46,356438,0
SPY.US,5,20251229,203000,687.45,687.83,687.43,687.77,688012,0
SPY.US,5,20251229,203500,687.775,687.88,687.7,687.81,456825,0
SPY.US,5,20251229,204000,687.815,688.08,687.8,687.925,947169,0
SPY.US,5,20251229,204500,687.93,688.28,687.86,688.11,596020,0
SPY.US,5,20251229,205000,688.105,688.3,688.085,688.23,491335,0
SPY.US,5,20251229,205500,688.23,688.46,688.23,688.3,640198,0
SPY.US,5,20251229,210000,688.3,688.35,688.11,688.27,726715,0
SPY.US,5,20251229,210500,688.26,688.37,688.2,688.305,458355,0
SPY.US,5,20251229,211000,688.31,688.495,688.285,688.48,438363,0
SPY.US,5,20251229,211500,688.4869,688.62,688.4031,688.45,723472,0
SPY.US,5,20251229,212000,688.455,688.55,688.3101,688.445,434917,0
SPY.US,5,20251229,212500,688.445,688.485,688.16,688.1729,496365,0
SPY.US,5,20251229,213000,688.18,688.405,688.14,688.23,671715,0
SPY.US,5,20251229,213500,688.225,688.37,688.12,688.12,541891,0
SPY.US,5,20251229,214000,688.125,688.205,687.84,687.98,987963,0
SPY.US,5,20251229,214500,687.975,688.11,687.895,688,1305536,0
SPY.US,5,20251229,215000,688.01,688.19,687.63,687.645,1745195,0
SPY.US,5,20251229,215500,687.645,687.99,687.4,687.85,4207983,0
SPY.US,5,20251230,153000,687.445,687.87,687.2488,687.34,998219,0
SPY.US,5,20251230,153500,687.34,687.54,687.17,687.35,620380,0
SPY.US,5,20251230,154000,687.36,687.38,687.1,687.12,424766,0
SPY.US,5,20251230,154500,687.13,688.09,686.88,688.01,822169,0
SPY.US,5,20251230,155000,688.01,688.21,687.82,688.0032,701551,0
SPY.US,5,20251230,155500,688.06,688.53,688.045,688.11,615990,0
SPY.US,5,20251230,160000,688.09,688.17,687.76,687.8,429366,0
SPY.US,5,20251230,160500,687.81,687.84,687.45,687.53,430416,0
SPY.US,5,20251230,161000,687.52,687.56,686.81,686.92,756832,0
SPY.US,5,20251230,161500,686.9201,687.26,686.75,686.9261,566205,0
SPY.US,5,20251230,162000,686.92,687.4199,686.84,687.047,730841,0
SPY.US,5,20251230,162500,687.04,687.11,686.835,686.94,235512,0
SPY.US,5,20251230,163000,686.94,687,686.75,686.8099,349474,0
SPY.US,5,20251230,163500,686.81,686.99,686.68,686.94,348661,0
SPY.US,5,20251230,164000,686.93,687.03,686.58,686.78,385720,0
SPY.US,5,20251230,164500,686.82,687.06,686.69,687.06,475557,0
SPY.US,5,20251230,165000,687.06,687.545,687,687.41,516155,0
SPY.US,5,20251230,165500,687.405,687.73,687.4,687.6105,404822,0
SPY.US,5,20251230,170000,687.6,687.97,687.51,687.91,502284,0
SPY.US,5,20251230,170500,687.91,688.02,687.7001,687.7444,436194,0
SPY.US,5,20251230,171000,687.75,687.9,687.685,687.79,303352,0
SPY.US,5,20251230,171500,687.79,688.01,687.77,687.96,353359,0
SPY.US,5,20251230,172000,687.97,688.555,687.97,688.31,647405,0
SPY.US,5,20251230,172500,688.32,688.325,688.115,688.2472,395452,0
SPY.US,5,20251230,173000,688.24,688.27,687.96,688.022,368215,0
SPY.US,5,20251230,173500,688.0225,688.0988,687.5423,687.62,407825,0
SPY.US,5,20251230,174000,687.62,687.66,687.39,687.6299,485641,0
SPY.US,5,20251230,174500,687.63,687.6711,687.5001,687.53,306804,0
SPY.US,5,20251230,175000,687.545,687.555,687.31,687.39,285356,0
SPY.US,5,20251230,175500,687.39,687.4378,687.2,687.2303,292123,0
SPY.US,5,20251230,180000,687.23,687.31,687.05,687.105,442235,0
SPY.US,5,20251230,180500,687.12,687.29,687.11,687.245,255280,0
SPY.US,5,20251230,181000,687.25,687.32,687.03,687.06,274289,0
SPY.US,5,20251230,181500,687.06,687.29,686.87,687.26,381189,0
SPY.US,5,20251230,182000,687.26,687.42,687.2,687.32,342544,0
SPY.US,5,20251230,182500,687.33,687.43,687.27,687.38,185693,0
SPY.US,5,20251230,183000,687.38,687.68,687.355,687.625,270498,0
SPY.US,5,20251230,183500,687.62,687.69,687.56,687.615,261935,0
SPY.US,5,20251230,184000,687.62,687.71,687.35,687.4,314249,0
SPY.US,5,20251230,184500,687.4,687.46,687.195,687.43,285268,0
SPY.US,5,20251230,185000,687.415,687.66,687.385,687.605,172000,0
SPY.US,5,20251230,185500,687.6,687.6999,687.54,687.635,192028,0
SPY.US,5,20251230,190000,687.635,687.635,687.22,687.505,288470,0
SPY.US,5,20251230,190500,687.51,687.76,687.51,687.732,271685,0
SPY.US,5,20251230,191000,687.73,687.79,687.61,687.7,228299,0
SPY.US,5,20251230,191500,687.7,687.76,687.62,687.705,152303,0
SPY.US,5,20251230,192000,687.7,687.715,687.535,687.6299,125158,0
SPY.US,5,20251230,192500,687.6289,687.79,687.59,687.7692,196561,0
SPY.US,5,20251230,193000,687.76,687.93,687.73,687.87,227114,0
SPY.US,5,20251230,193500,687.86,687.86,687.56,687.6099,176008,0
SPY.US,5,20251230,194000,687.61,687.69,687.47,687.66,243547,0
SPY.US,5,20251230,194500,687.66,687.88,687.618,687.8598,233979,0
SPY.US,5,20251230,195000,687.86,687.88,687.7239,687.76,154468,0
SPY.US,5,20251230,195500,687.77,687.83,687.7,687.765,176512,0
SPY.US,5,20251230,200000,687.76,687.85,687.545,687.5501,499504,0
SPY.US,5,20251230,200500,687.55,687.755,687.42,687.63,381123,0
SPY.US,5,20251230,201000,687.626,687.87,687.501,687.86,286581,0
SPY.US,5,20251230,201500,687.855,687.86,687.66,687.8201,323228,0
SPY.US,5,20251230,202000,687.83,687.87,687.72,687.785,269804,0
SPY.US,5,20251230,202500,687.78,687.85,687.71,687.81,358084,0
SPY.US,5,20251230,203000,687.81,687.94,687.71,687.8039,446782,0
SPY.US,5,20251230,203500,687.8,687.82,687.66,687.78,380192,0
SPY.US,5,20251230,204000,687.79,687.8877,687.74,687.79,251816,0
SPY.US,5,20251230,204500,687.79,687.855,687.61,687.65,234613,0
SPY.US,5,20251230,205000,687.64,687.69,687.41,687.555,387230,0
SPY.US,5,20251230,205500,687.56,687.61,687.4,687.565,344215,0
SPY.US,5,20251230,210000,687.56,687.65,687.525,687.605,240045,0
SPY.US,5,20251230,210500,687.605,687.635,687.305,687.395,398959,0
SPY.US,5,20251230,211000,687.39,687.4475,687.04,687.28,617324,0
SPY.US,5,20251230,211500,687.27,687.535,687.23,687.49,332355,0
SPY.US,5,20251230,212000,687.48,687.6797,687.47,687.665,387708,0
SPY.US,5,20251230,212500,687.67,687.73,687.49,687.515,391113,0
SPY.US,5,20251230,213000,687.51,687.69,687.48,687.68,390915,0
SPY.US,5,20251230,213500,687.68,687.7255,687.61,687.715,490848,0
SPY.US,5,20251230,214000,687.72,687.815,687.61,687.67,511656,0
SPY.US,5,20251230,214500,687.68,687.69,687.41,687.48,821147,0
SPY.US,5,20251230,215000,687.4775,687.59,687.245,687.265,1335907,0
SPY.US,5,20251230,215500,687.26,687.35,686.7,686.945,4279132,0
SPY.US,5,20251231,153000,687.14,687.36,686.605,686.815,1255298,0
SPY.US,5,20251231,153500,686.81,686.99,685.87,686.09,1331654,0
SPY.US,5,20251231,154000,686.095,686.15,685.71,685.855,918858,0
SPY.US,5,20251231,154500,685.85,685.94,685.28,685.65,1020516,0
SPY.US,5,20251231,155000,685.64,686.4061,685.582,686.37,1026254,0
SPY.US,5,20251231,155500,686.38,686.47,685.83,685.96,707232,0
SPY.US,5,20251231,160000,685.96,686.06,685.615,685.75,657957,0
SPY.US,5,20251231,160500,685.74,685.82,685.53,685.69,699763,0
SPY.US,5,20251231,161000,685.7,685.78,685.25,685.445,755469,0
SPY.US,5,20251231,161500,685.45,685.54,684.915,685.15,765712,0
SPY.US,5,20251231,162000,685.14,685.49,685.07,685.28,619514,0
SPY.US,5,20251231,162500,685.29,685.65,685.27,685.55,373724,0
SPY.US,5,20251231,163000,685.54,685.655,685.21,685.4,450332,0
SPY.US,5,20251231,163500,685.39,685.55,685.11,685.14,465886,0
SPY.US,5,20251231,164000,685.13,685.19,684.94,685.12,514256,0
SPY.US,5,20251231,164500,685.115,685.14,684.79,684.875,638237,0
SPY.US,5,20251231,165000,684.87,684.88,684.52,684.5799,593122,0
SPY.US,5,20251231,165500,684.575,684.61,684.18,684.33,893102,0
SPY.US,5,20251231,170000,684.33,684.65,684.3,684.54,611117,0
SPY.US,5,20251231,170500,684.54,684.61,684.39,684.47,605880,0
SPY.US,5,20251231,171000,684.47,684.6677,684.33,684.55,544798,0
SPY.US,5,20251231,171500,684.545,684.86,684.5141,684.84,423873,0
SPY.US,5,20251231,172000,684.85,684.96,684.7,684.87,385706,0
SPY.US,5,20251231,172500,684.87,685.13,684.865,685.11,415337,0
SPY.US,5,20251231,173000,685.12,685.14,684.75,684.8299,327646,0
SPY.US,5,20251231,173500,684.81,685.15,684.74,685.1,304705,0
SPY.US,5,20251231,174000,685.09,685.12,684.775,684.92,312454,0
SPY.US,5,20251231,174500,684.93,684.98,684.7854,684.935,220670,0
SPY.US,5,20251231,175000,684.93,685.26,684.91,685.18,338275,0
SPY.US,5,20251231,175500,685.18,685.43,685.17,685.345,304047,0
SPY.US,5,20251231,180000,685.345,685.43,685.25,685.29,328378,0
SPY.US,5,20251231,180500,685.295,685.34,684.63,684.65,452831,0
SPY.US,5,20251231,181000,684.66,684.985,684.61,684.96,353834,0
SPY.US,5,20251231,181500,684.961,685.215,684.91,685.1402,345988,0
SPY.US,5,20251231,182000,685.14,685.175,684.86,684.92,267057,0
SPY.US,5,20251231,182500,684.92,685.0946,684.8409,684.99,192880,0
SPY.US,5,20251231,183000,684.995,685.27,684.9123,685.25,317504,0
SPY.US,5,20251231,183500,685.23,685.31,685.03,685.04,232132,0
SPY.US,5,20251231,184000,685.04,685.09,684.89,685.0847,226556,0
SPY.US,5,20251231,184500,685.0883,685.15,684.88,684.89,227926,0
SPY.US,5,20251231,185000,684.89,684.97,684.75,684.898,292789,0
SPY.US,5,20251231,185500,684.89,684.9,684.65,684.805,209120,0
SPY.US,5,20251231,190000,684.8,684.94,684.75,684.92,279077,0
SPY.US,5,20251231,190500,684.92,685.115,684.72,685.08,294326,0
SPY.US,5,20251231,191000,685.075,685.31,685,685.305,287289,0
SPY.US,5,20251231,191500,685.3099,685.32,684.955,684.975,353083,0
SPY.US,5,20251231,192000,684.975,685.1099,684.95,685.055,212583,0
SPY.US,5,20251231,192500,685.06,685.39,685.03,685.3698,257016,0
SPY.US,5,20251231,193000,685.3688,685.47,685.25,685.4685,392816,0
SPY.US,5,20251231,193500,685.46,685.53,685.35,685.4,320606,0
SPY.US,5,20251231,194000,685.4,685.7307,685.3981,685.73,429946,0
SPY.US,5,20251231,194500,685.73,685.97,685.655,685.8,387597,0
SPY.US,5,20251231,195000,685.8,685.96,685.74,685.94,327447,0
SPY.US,5,20251231,195500,685.94,686.05,685.7613,685.84,458171,0
SPY.US,5,20251231,200000,685.82,686.24,685.82,686.04,588097,0
SPY.US,5,20251231,200500,686.05,686.08,685.91,686.005,384913,0
SPY.US,5,20251231,201000,686.0062,686.025,685.85,685.905,300441,0
SPY.US,5,20251231,201500,685.905,685.92,685.43,685.47,439169,0
SPY.US,5,20251231,202000,685.48,685.5,685.185,685.4,516312,0
SPY.US,5,20251231,202500,685.4,685.4,685.01,685.035,414855,0
SPY.US,5,20251231,203000,685.04,685.14,684.09,684.14,814178,0
SPY.US,5,20251231,203500,684.15,684.84,684.15,684.51,868967,0
SPY.US,5,20251231,204000,684.51,684.82,684.49,684.5601,642742,0
SPY.US,5,20251231,204500,684.56,684.6399,684.3,684.38,577414,0
SPY.US,5,20251231,205000,684.38,684.44,684.04,684.1,520464,0
SPY.US,5,20251231,205500,684.1,684.275,684.055,684.14,627626,0
SPY.US,5,20251231,210000,684.14,684.2,683.42,683.63,1013201,0
SPY.US,5,20251231,210500,683.63,683.88,683.22,683.35,865515,0
SPY.US,5,20251231,211000,683.3477,683.3477,682.94,683.24,923875,0
SPY.US,5,20251231,211500,683.24,683.53,683.18,683.41,937768,0
SPY.US,5,20251231,212000,683.41,683.41,682.8138,682.92,1219771,0
SPY.US,5,20251231,212500,682.92,683.03,682.545,682.71,989310,0
SPY.US,5,20251231,213000,682.72,683.46,682.53,683.315,1403197,0
SPY.US,5,20251231,213500,683.305,683.72,683.18,683.19,1088393,0
SPY.US,5,20251231,214000,683.2,683.45,683.03,683.415,813518,0
SPY.US,5,20251231,214500,683.42,683.48,682.76,682.77,1619020,0
SPY.US,5,20251231,215000,682.77,682.98,682.49,682.51,2071098,0
SPY.US,5,20251231,215500,682.5079,683.03,681.71,681.86,7235906,0
SPY.US,5,20260102,153000,685.71,686.15,684.49,684.772,2276234,0
SPY.US,5,20260102,153500,684.78,685.23,684.2701,684.4906,1570545,0
SPY.US,5,20260102,154000,684.5,685.04,684.12,684.93,1196702,0
SPY.US,5,20260102,154500,684.9302,686.38,684.76,686.03,1740042,0
SPY.US,5,20260102,155000,686.03,686.84,685.92,686.1958,1284306,0
SPY.US,5,20260102,155500,686.2,686.47,685.96,686.19,817359,0
SPY.US,5,20260102,160000,686.19,686.87,686.19,686.42,1215569,0
SPY.US,5,20260102,160500,686.43,686.48,685.7,685.79,905638,0
SPY.US,5,20260102,161000,685.76,685.965,684.12,684.355,1706814,0
SPY.US,5,20260102,161500,684.35,684.4187,683.45,683.8499,1566888,0
SPY.US,5,20260102,162000,683.85,683.88,682,682.125,1605161,0
SPY.US,5,20260102,162500,682.11,682.61,681.58,682.45,2143554,0
SPY.US,5,20260102,163000,682.45,683.62,682.1,683.52,1247579,0
SPY.US,5,20260102,163500,683.51,683.95,682.97,683.64,1261387,0
SPY.US,5,20260102,164000,683.66,684.59,683.53,684.125,1237606,0
SPY.US,5,20260102,164500,684.14,684.43,683.29,683.3,946849,0
SPY.US,5,20260102,165000,683.3,683.5,681.98,682.97,1143774,0
SPY.US,5,20260102,165500,682.98,683.34,681.1,681.46,1855602,0
SPY.US,5,20260102,170000,681.455,681.57,680.81,681.045,1581849,0
SPY.US,5,20260102,170500,681.03,681.535,680.68,681.44,1190843,0
SPY.US,5,20260102,171000,681.43,681.87,680.42,681.84,1016407,0
SPY.US,5,20260102,171500,681.83,682.34,681.27,681.58,923386,0
SPY.US,5,20260102,172000,681.59,682.3151,681.185,682.2,637295,0
SPY.US,5,20260102,172500,682.19,682.4,681.78,681.8195,653915,0
SPY.US,5,20260102,173000,681.815,682.59,681.54,682.39,687907,0
SPY.US,5,20260102,173500,682.39,682.65,681.7804,681.9,663254,0
SPY.US,5,20260102,174000,681.88,682.02,681.42,681.45,622117,0
SPY.US,5,20260102,174500,681.44,681.66,681.16,681.33,604661,0
SPY.US,5,20260102,175000,681.33,681.47,680.28,680.55,673593,0
SPY.US,5,20260102,175500,680.57,681.185,680.445,681.1699,537213,0
SPY.US,5,20260102,180000,681.1665,681.31,680.64,680.888,460995,0
SPY.US,5,20260102,180500,680.87,681.465,680.87,681.16,480897,0
SPY.US,5,20260102,181000,681.16,682.375,681.14,682.3,738711,0
SPY.US,5,20260102,181500,682.305,682.5,682.12,682.14,461070,0
SPY.US,5,20260102,182000,682.15,682.454,682.07,682.16,272679,0
SPY.US,5,20260102,182500,682.15,682.45,681.85,682.45,339426,0
SPY.US,5,20260102,183000,682.45,682.8009,682.1,682.24,519085,0
SPY.US,5,20260102,183500,682.2444,682.4,681.7944,682.01,386353,0
SPY.US,5,20260102,184000,682.0101,682.21,681.71,682.025,297465,0
SPY.US,5,20260102,184500,682.03,682.28,681,681.1745,480905,0
SPY.US,5,20260102,185000,681.14,681.47,680.98,681.39,512751,0
SPY.US,5,20260102,185500,681.36,681.67,681.01,681.18,443247,0
SPY.US,5,20260102,190000,681.18,681.58,681.08,681.335,319165,0
SPY.US,5,20260102,190500,681.34,681.425,680.785,681,348398,0
SPY.US,5,20260102,191000,681.01,681.309,680.76,680.83,273259,0
SPY.US,5,20260102,191500,680.83,681.52,680.64,681.42,416122,0
SPY.US,5,20260102,192000,681.4,681.7886,681.08,681.16,347515,0
SPY.US,5,20260102,192500,681.16,681.27,680.82,680.98,368130,0
SPY.US,5,20260102,193000,680.98,681.09,680.8,680.93,191368,0
SPY.US,5,20260102,193500,680.92,681.36,680.7544,681.08,314862,0
SPY.US,5,20260102,194000,681.08,681.16,680.7583,681.125,269911,0
SPY.US,5,20260102,194500,681.1301,681.35,680.15,680.18,543010,0
SPY.US,5,20260102,195000,680.185,680.58,679.82,680.522,946072,0
SPY.US,5,20260102,195500,680.522,680.54,680.07,680.525,481326,0
SPY.US,5,20260102,200000,680.525,681.07,680.35,681.025,860910,0
SPY.US,5,20260102,200500,681.025,681.67,681.01,681.615,882834,0
SPY.US,5,20260102,201000,681.61,682.54,681.39,682.38,1119249,0
SPY.US,5,20260102,201500,682.37,682.59,682.068,682.17,819274,0
SPY.US,5,20260102,202000,682.16,682.89,681.9,682.87,781916,0
SPY.US,5,20260102,202500,682.87,683.12,682.6,682.95,607060,0
SPY.US,5,20260102,203000,682.94,683.66,682.9,683.57,1232383,0
SPY.US,5,20260102,203500,683.58,683.85,683.26,683.62,845465,0
SPY.US,5,20260102,204000,683.62,683.95,683.51,683.565,740892,0
SPY.US,5,20260102,204500,683.56,683.76,683.35,683.65,678912,0
SPY.US,5,20260102,205000,683.66,683.71,683.17,683.475,855816,0
SPY.US,5,20260102,205500,683.475,683.56,682.89,683.13,660406,0
SPY.US,5,20260102,210000,683.13,683.59,682.85,683.36,609986,0
SPY.US,5,20260102,210500,683.36,683.52,683.13,683.345,499995,0
SPY.US,5,20260102,211000,683.35,683.68,683.2,683.21,834288,0
SPY.US,5,20260102,211500,683.21,683.661,683.1,683.595,655144,0
SPY.US,5,20260102,212000,683.59,683.7,683.26,683.32,971920,0
SPY.US,5,20260102,212500,683.331,683.47,683,683.24,532077,0
SPY.US,5,20260102,213000,683.24,683.42,682.94,683.035,763251,0
SPY.US,5,20260102,213500,683.04,683.42,683,683.04,646688,0
SPY.US,5,20260102,214000,683.04,683.09,682.5701,682.6299,867922,0
SPY.US,5,20260102,214500,682.61,682.73,682.07,682.29,1489791,0
SPY.US,5,20260102,215000,682.28,683.06,682.14,682.49,1867117,0
SPY.US,5,20260102,215500,682.485,683.35,682.25,683.21,4993080,0
SPY.US,5,20260105,153000,686.54,687.64,686.375,687.06,2519724,0
SPY.US,5,20260105,153500,687.07,687.255,686.56,686.99,1666441,0
SPY.US,5,20260105,154000,686.99,687.545,686.68,687.4,1397939,0
SPY.US,5,20260105,154500,687.4,687.88,686.85,687.15,1600232,0
SPY.US,5,20260105,155000,687.14,687.31,686.51,686.955,1069717,0
SPY.US,5,20260105,155500,686.98,687.34,686.67,687.07,831737,0
SPY.US,5,20260105,160000,687.07,687.7999,686.63,687.65,1122761,0
SPY.US,5,20260105,160500,687.66,687.95,687.195,687.68,856957,0
SPY.US,5,20260105,161000,687.6899,687.825,687.24,687.61,623269,0
SPY.US,5,20260105,161500,687.61,687.9101,687.28,687.8999,690671,0
SPY.US,5,20260105,162000,687.9,688.115,687.68,688.09,731612,0
SPY.US,5,20260105,162500,688.09,688.61,687.69,688.5256,1116189,0
SPY.US,5,20260105,163000,688.52,688.82,688.405,688.64,909551,0
SPY.US,5,20260105,163500,688.63,688.689,687.96,688.0793,994573,0
SPY.US,5,20260105,164000,688.078,688.385,687.97,688.05,488614,0
SPY.US,5,20260105,164500,688.05,688.5,688.04,688.38,490945,0
SPY.US,5,20260105,165000,688.38,688.46,688.085,688.17,435812,0
SPY.US,5,20260105,165500,688.17,688.59,688.05,688.32,536930,0
SPY.US,5,20260105,170000,688.32,688.39,687.96,688.19,704754,0
SPY.US,5,20260105,170500,688.2,688.55,688.09,688.55,539376,0
SPY.US,5,20260105,171000,688.53,688.72,688.36,688.3602,639000,0
SPY.US,5,20260105,171500,688.365,688.56,688.225,688.265,406474,0
SPY.US,5,20260105,172000,688.26,688.82,688.26,688.77,436411,0
SPY.US,5,20260105,172500,688.76,688.87,688.53,688.63,495512,0
SPY.US,5,20260105,173000,688.64,688.86,688.4434,688.4799,838028,0
SPY.US,5,20260105,173500,688.48,688.95,688.425,688.85,566960,0
SPY.US,5,20260105,174000,688.86,688.9156,688.65,688.86,365389,0
SPY.US,5,20260105,174500,688.87,689.25,688.8,689.22,739634,0
SPY.US,5,20260105,175000,689.22,689.43,688.995,689.065,967284,0
SPY.US,5,20260105,175500,689.06,689.11,688.782,688.91,998028,0
SPY.US,5,20260105,180000,688.91,689.13,688.9,689.08,465690,0
SPY.US,5,20260105,180500,689.07,689.115,688.82,688.87,452206,0
SPY.US,5,20260105,181000,688.87,689.05,688.79,688.98,282849,0
SPY.US,5,20260105,181500,688.99,689.04,688.6,688.69,380984,0
SPY.US,5,20260105,182000,688.67,688.7,688.42,688.515,415204,0
SPY.US,5,20260105,182500,688.5,688.55,688.21,688.35,531889,0
SPY.US,5,20260105,183000,688.3599,688.55,688.203,688.275,441656,0
SPY.US,5,20260105,183500,688.29,688.61,688.25,688.54,370375,0
SPY.US,5,20260105,184000,688.53,688.6,688.305,688.36,337298,0
SPY.US,5,20260105,184500,688.36,688.79,688.335,688.67,309521,0
SPY.US,5,20260105,185000,688.66,688.68,688.28,688.46,312190,0
SPY.US,5,20260105,185500,688.46,688.64,688.315,688.58,374085,0
SPY.US,5,20260105,190000,688.57,688.75,688.49,688.65,266961,0
SPY.US,5,20260105,190500,688.66,688.67,688.1,688.38,357358,0
SPY.US,5,20260105,191000,688.39,688.52,688.33,688.42,309948,0
SPY.US,5,20260105,191500,688.42,688.42,687.65,688.01,821343,0
SPY.US,5,20260105,192000,688.0099,688.23,687.785,688.2099,537528,0
SPY.US,5,20260105,192500,688.215,688.42,688.09,688.38,477219,0
SPY.US,5,20260105,193000,688.36,688.57,688.31,688.5,371413,0
SPY.US,5,20260105,193500,688.51,688.56,688.3,688.49,349472,0
SPY.US,5,20260105,194000,688.49,688.67,688.4736,688.6,344705,0
SPY.US,5,20260105,194500,688.59,688.775,688.59,688.6,418918,0
SPY.US,5,20260105,195000,688.6,688.665,688.48,688.65,258510,0
SPY.US,5,20260105,195500,688.64,688.64,688.45,688.535,229514,0
SPY.US,5,20260105,200000,688.54,688.715,688.505,688.6,318796,0
SPY.US,5,20260105,200500,688.59,688.595,688.345,688.425,362813,0
SPY.US,5,20260105,201000,688.42,688.435,688.16,688.27,419044,0
SPY.US,5,20260105,201500,688.2788,688.39,688.19,688.31,325660,0
SPY.US,5,20260105,202000,688.31,688.37,688.19,688.2101,256004,0
SPY.US,5,20260105,202500,688.22,688.365,688.13,688.19,461071,0
SPY.US,5,20260105,203000,688.185,688.2999,688.14,688.18,337166,0
SPY.US,5,20260105,203500,688.18,688.21,687.7,687.845,515195,0
SPY.US,5,20260105,204000,687.84,687.84,687.29,687.66,827777,0
SPY.US,5,20260105,204500,687.65,688,687.65,687.805,753367,0
SPY.US,5,20260105,205000,687.805,687.8098,687.56,687.62,369268,0
SPY.US,5,20260105,205500,687.61,687.86,687.52,687.6198,477304,0
SPY.US,5,20260105,210000,687.615,687.745,687.5101,687.6,546429,0
SPY.US,5,20260105,210500,687.6,688.02,687.58,687.96,564364,0
SPY.US,5,20260105,211000,687.96,688.24,687.94,688.13,543256,0
SPY.US,5,20260105,211500,688.12,688.225,687.89,687.96,472088,0
SPY.US,5,20260105,212000,687.96,688,687.78,687.96,521860,0
SPY.US,5,20260105,212500,687.96,688.02,687.86,687.966,485737,0
SPY.US,5,20260105,213000,687.965,688.12,687.82,687.92,718675,0
SPY.US,5,20260105,213500,687.925,688.095,687.911,688.01,633635,0
SPY.US,5,20260105,214000,688.01,688.0162,687.79,687.81,685677,0
SPY.US,5,20260105,214500,687.8075,688.04,687.77,687.85,1221242,0
SPY.US,5,20260105,215000,687.85,687.98,687.27,687.3,1854418,0
SPY.US,5,20260105,215500,687.305,687.77,687.16,687.7,6201555,0
SPY.US,5,20260106,153000,687.93,688.66,687.9,688.36,1501818,0
SPY.US,5,20260106,153500,688.37,688.46,687.99,688.15,1146166,0
SPY.US,5,20260106,154000,688.17,688.525,687.78,688.49,1034326,0
SPY.US,5,20260106,154500,688.49,689.39,688.48,689.23,1274557,0
SPY.US,5,20260106,155000,689.23,689.88,689.21,689.74,1416832,0
SPY.US,5,20260106,155500,689.725,690.15,689.65,690.08,1223334,0
SPY.US,5,20260106,160000,690.075,690.38,689.99,690.125,1217635,0
SPY.US,5,20260106,160500,690.13,690.6,690.09,690.19,1163230,0
SPY.US,5,20260106,161000,690.19,690.64,690.11,690.61,915767,0
SPY.US,5,20260106,161500,690.605,690.69,690.275,690.51,980350,0
SPY.US,5,20260106,162000,690.51,690.6513,690.12,690.53,683642,0
SPY.US,5,20260106,162500,690.53,690.86,690.492,690.6599,715459,0
SPY.US,5,20260106,163000,690.65,690.65,690.04,690.11,731513,0
SPY.US,5,20260106,163500,690.11,690.22,689.8,689.87,1200818,0
SPY.US,5,20260106,164000,689.87,690.13,689.68,689.79,782085,0
SPY.US,5,20260106,164500,689.78,690.01,689.57,689.88,973889,0
SPY.US,5,20260106,165000,689.87,689.97,689,689.22,940182,0
SPY.US,5,20260106,165500,689.23,689.24,688.695,689.11,1297742,0
SPY.US,5,20260106,170000,689.105,689.105,688.58,688.64,908749,0
SPY.US,5,20260106,170500,688.6427,688.91,688.3,688.855,991855,0
SPY.US,5,20260106,171000,688.86,689.1198,688.75,688.86,623544,0
SPY.US,5,20260106,171500,688.865,689.1099,688.73,689.03,510613,0
SPY.US,5,20260106,172000,689.0399,689.5,688.825,689.39,377804,0
SPY.US,5,20260106,172500,689.38,689.43,688.91,689.045,609602,0
SPY.US,5,20260106,173000,689.05,689.35,688.98,689.34,767867,0
SPY.US,5,20260106,173500,689.34,689.345,688.8,689.18,599702,0
SPY.US,5,20260106,174000,689.19,689.2159,688.62,688.74,719023,0
SPY.US,5,20260106,174500,688.75,689.37,688.73,689.34,396601,0
SPY.US,5,20260106,175000,689.33,689.526,689.25,689.345,394951,0
SPY.US,5,20260106,175500,689.33,689.46,688.98,689.43,429511,0
SPY.US,5,20260106,180000,689.43,689.455,689.155,689.38,249264,0
SPY.US,5,20260106,180500,689.38,689.87,689.37,689.82,465278,0
SPY.US,5,20260106,181000,689.83,689.98,689.7188,689.8542,350333,0
SPY.US,5,20260106,181500,689.85,690.1367,689.85,690.03,438318,0
SPY.US,5,20260106,182000,690.03,690.535,690.03,690.4,543701,0
SPY.US,5,20260106,182500,690.4,690.62,690.34,690.39,653684,0
SPY.US,5,20260106,183000,690.39,690.76,690.37,690.75,557423,0
SPY.US,5,20260106,183500,690.75,691.1,690.72,690.82,885103,0
SPY.US,5,20260106,184000,690.825,690.86,690.61,690.7873,476300,0
SPY.US,5,20260106,184500,690.79,690.905,690.61,690.78,312133,0
SPY.US,5,20260106,185000,690.78,690.98,690.725,690.9075,313661,0
SPY.US,5,20260106,185500,690.9,691.045,690.84,690.945,289253,0
SPY.US,5,20260106,190000,690.95,690.98,690.66,690.77,409122,0
SPY.US,5,20260106,190500,690.77,690.835,690.55,690.805,439381,0
SPY.US,5,20260106,191000,690.805,690.96,690.78,690.93,256347,0
SPY.US,5,20260106,191500,690.9221,691.2,690.92,691.12,558927,0
SPY.US,5,20260106,192000,691.12,691.16,690.925,691.05,331562,0
SPY.US,5,20260106,192500,691.045,691.085,690.865,690.8702,225682,0
SPY.US,5,20260106,193000,690.88,691.03,690.65,690.76,349104,0
SPY.US,5,20260106,193500,690.76,691.04,690.76,691.03,250711,0
SPY.US,5,20260106,194000,691.03,691.445,691.02,691.37,519757,0
SPY.US,5,20260106,194500,691.38,691.685,691.36,691.5876,713121,0
SPY.US,5,20260106,195000,691.59,691.67,691.51,691.5655,402569,0
SPY.US,5,20260106,195500,691.56,691.725,691.505,691.72,414831,0
SPY.US,5,20260106,200000,691.72,691.87,691.67,691.72,572810,0
SPY.US,5,20260106,200500,691.72,691.84,691.69,691.78,402332,0
SPY.US,5,20260106,201000,691.79,692.125,691.79,692.085,586031,0
SPY.US,5,20260106,201500,692.08,692.1,691.945,692.0442,449305,0
SPY.US,5,20260106,202000,692.0432,692.16,691.96,692.095,369979,0
SPY.US,5,20260106,202500,692.0959,692.12,691.935,691.945,427268,0
SPY.US,5,20260106,203000,691.945,692.08,691.91,692.025,478814,0
SPY.US,5,20260106,203500,692.02,692.0994,691.895,691.93,575599,0
SPY.US,5,20260106,204000,691.94,692.165,691.94,692.07,432255,0
SPY.US,5,20260106,204500,692.08,692.13,691.99,692.01,296119,0
SPY.US,5,20260106,205000,692.0199,692.0301,691.82,691.84,442552,0
SPY.US,5,20260106,205500,691.85,691.94,691.82,691.875,401360,0
SPY.US,5,20260106,210000,691.875,692.21,691.825,692.11,531659,0
SPY.US,5,20260106,210500,692.11,692.176,691.975,692.005,434634,0
SPY.US,5,20260106,211000,692.005,692.125,691.91,692.06,443283,0
SPY.US,5,20260106,211500,692.06,692.24,691.965,692.02,798327,0
SPY.US,5,20260106,212000,692.03,692.08,691.97,691.975,444985,0
SPY.US,5,20260106,212500,691.98,692.04,691.9401,691.96,449071,0
SPY.US,5,20260106,213000,691.96,692.035,691.93,691.995,681487,0
SPY.US,5,20260106,213500,692,692.235,691.92,692.18,1049065,0
SPY.US,5,20260106,214000,692.175,692.26,692.06,692.08,803439,0
SPY.US,5,20260106,214500,692.08,692.19,692.035,692.09,844081,0
SPY.US,5,20260106,215000,692.08,692.31,691.97,692.225,1846336,0
SPY.US,5,20260106,215500,692.23,692.315,691.78,691.81,4815483,0
SPY.US,5,20260107,153000,692.19,692.43,691.71,691.8644,1347549,0
SPY.US,5,20260107,153500,691.87,692.42,691.87,692.41,959658,0
SPY.US,5,20260107,154000,692.41,692.795,692.2513,692.74,1076778,0
SPY.US,5,20260107,154500,692.7413,693.09,692.63,692.69,1181820,0
SPY.US,5,20260107,155000,692.69,692.85,692.38,692.555,738289,0
SPY.US,5,20260107,155500,692.555,692.835,692.49,692.5665,577890,0
SPY.US,5,20260107,160000,692.6,692.77,691.595,691.89,1456153,0
SPY.US,5,20260107,160500,691.89,692.3,691.75,691.97,944624,0
SPY.US,5,20260107,161000,691.97,692.01,691.53,691.62,689035,0
SPY.US,5,20260107,161500,691.62,691.64,691.12,691.25,1085774,0
SPY.US,5,20260107,162000,691.24,691.68,691.1,691.56,813730,0
SPY.US,5,20260107,162500,691.56,691.9395,691.26,691.672,663081,0
SPY.US,5,20260107,163000,691.67,692.16,691.43,692.13,896947,0
SPY.US,5,20260107,163500,692.121,692.52,690.96,691.66,1741617,0
SPY.US,5,20260107,164000,691.67,692.25,691.53,691.73,996577,0
SPY.US,5,20260107,164500,691.73,692.425,691.67,692.39,631455,0
SPY.US,5,20260107,165000,692.4,692.51,692.26,692.415,510733,0
SPY.US,5,20260107,165500,692.42,692.6,692.33,692.51,452337,0
SPY.US,5,20260107,170000,692.505,692.825,692.44,692.72,583057,0
SPY.US,5,20260107,170500,692.72,692.755,692.546,692.62,397975,0
SPY.US,5,20260107,171000,692.64,692.66,692.42,692.585,405115,0
SPY.US,5,20260107,171500,692.59,692.705,692.535,692.62,343945,0
SPY.US,5,20260107,172000,692.61,692.61,692.31,692.405,462507,0
SPY.US,5,20260107,172500,692.395,692.41,691.92,692.25,609576,0
SPY.US,5,20260107,173000,692.25,692.53,692.1683,692.345,501223,0
SPY.US,5,20260107,173500,692.37,692.485,692.27,692.43,354840,0
SPY.US,5,20260107,174000,692.43,693.25,692.425,693.2001,616514,0
SPY.US,5,20260107,174500,693.21,693.43,693.11,693.18,805477,0
SPY.US,5,20260107,175000,693.175,693.33,693.04,693.33,484486,0
SPY.US,5,20260107,175500,693.34,693.56,693.33,693.505,562302,0
SPY.US,5,20260107,180000,693.505,693.73,693.47,693.68,548544,0
SPY.US,5,20260107,180500,693.67,693.96,693.67,693.83,512173,0
SPY.US,5,20260107,181000,693.83,693.86,693.62,693.71,558120,0
SPY.US,5,20260107,181500,693.7102,693.785,693.56,693.77,384570,0
SPY.US,5,20260107,182000,693.775,693.9499,693.77,693.895,298901,0
SPY.US,5,20260107,182500,693.9,693.905,693.6,693.6596,307760,0
SPY.US,5,20260107,183000,693.66,693.715,693.405,693.52,516710,0
SPY.US,5,20260107,183500,693.51,693.57,693.34,693.5699,350635,0
SPY.US,5,20260107,184000,693.565,693.78,693.425,693.75,462944,0
SPY.US,5,20260107,184500,693.75,693.79,693.35,693.395,585496,0
SPY.US,5,20260107,185000,693.39,693.4,692.78,693.07,980462,0
SPY.US,5,20260107,185500,693.07,693.215,692.905,692.99,520185,0
SPY.US,5,20260107,190000,692.99,693.01,692.765,692.87,450262,0
SPY.US,5,20260107,190500,692.86,692.99,692.8101,692.8768,383734,0
SPY.US,5,20260107,191000,692.875,692.875,692.59,692.7799,554673,0
SPY.US,5,20260107,191500,692.78,692.78,692.225,692.41,844041,0
SPY.US,5,20260107,192000,692.401,692.47,692.15,692.3601,517428,0
SPY.US,5,20260107,192500,692.36,692.41,692.04,692.13,590213,0
SPY.US,5,20260107,193000,692.13,692.59,692.13,692.57,590262,0
SPY.US,5,20260107,193500,692.58,692.6,692.3926,692.52,551090,0
SPY.US,5,20260107,194000,692.51,692.84,692.51,692.725,516097,0
SPY.US,5,20260107,194500,692.7295,692.95,692.5824,692.9497,513869,0
SPY.US,5,20260107,195000,692.945,693.145,692.9,693,591287,0
SPY.US,5,20260107,195500,693,693.05,692.615,692.825,612038,0
SPY.US,5,20260107,200000,692.83,692.89,692.6,692.88,565187,0
SPY.US,5,20260107,200500,692.885,692.89,692.28,692.36,550730,0
SPY.US,5,20260107,201000,692.36,692.375,691.72,691.96,1122181,0
SPY.US,5,20260107,201500,691.965,692.02,691.45,691.97,1007074,0
SPY.US,5,20260107,202000,691.97,691.99,691.61,691.69,517386,0
SPY.US,5,20260107,202500,691.685,691.74,691.49,691.68,488433,0
SPY.US,5,20260107,203000,691.68,692.07,691.58,692.03,573852,0
SPY.US,5,20260107,203500,692.03,692.16,691.925,692.05,553314,0
SPY.US,5,20260107,204000,692.05,692.06,691.705,691.96,441098,0
SPY.US,5,20260107,204500,691.955,692.02,691.82,691.91,328601,0
SPY.US,5,20260107,205000,691.91,691.975,691.725,691.945,441611,0
SPY.US,5,20260107,205500,691.94,691.955,691.72,691.74,460613,0
SPY.US,5,20260107,210000,691.75,691.815,691.565,691.73,452435,0
SPY.US,5,20260107,210500,691.72,691.76,691.35,691.4375,670831,0
SPY.US,5,20260107,211000,691.43,691.44,690.7,690.77,1295547,0
SPY.US,5,20260107,211500,690.78,691.1,690.49,691.08,1014388,0
SPY.US,5,20260107,212000,691.07,691.12,690.57,690.5907,727188,0
SPY.US,5,20260107,212500,690.6,690.67,690.1175,690.36,1399929,0
SPY.US,5,20260107,213000,690.36,690.37,689.725,689.77,1563623,0
SPY.US,5,20260107,213500,689.765,689.77,689.38,689.45,1680641,0
SPY.US,5,20260107,214000,689.46,689.838,689.32,689.64,1382525,0
SPY.US,5,20260107,214500,689.65,689.78,689.47,689.645,1634221,0
SPY.US,5,20260107,215000,689.645,689.96,689.62,689.83,1665422,0
SPY.US,5,20260107,215500,689.83,689.83,689.35,689.605,4246842,0
SPY.US,5,20260108,153000,688.81,689.3,688.315,688.41,2076943,0
SPY.US,5,20260108,153500,688.4,689.26,688.36,688.425,1339109,0
SPY.US,5,20260108,154000,688.425,688.8,687.58,687.83,1644933,0
SPY.US,5,20260108,154500,687.82,689.01,687.49,688.665,1574134,0
SPY.US,5,20260108,155000,688.65,689.16,688.22,688.8,1118088,0
SPY.US,5,20260108,155500,688.81,688.95,688.23,688.23,886625,0
SPY.US,5,20260108,160000,688.24,688.65,687.85,688.56,1525240,0
SPY.US,5,20260108,160500,688.54,689.85,688.39,689.79,1627482,0
SPY.US,5,20260108,161000,689.79,689.815,689.31,689.68,1052158,0
SPY.US,5,20260108,161500,689.68,690.02,689.52,689.79,784567,0
SPY.US,5,20260108,162000,689.79,689.97,689.5,689.74,556523,0
SPY.US,5,20260108,162500,689.74,689.93,689.398,689.63,581700,0
SPY.US,5,20260108,163000,689.65,689.85,689.2,689.43,526151,0
SPY.US,5,20260108,163500,689.425,689.56,688.72,689.43,986193,0
SPY.US,5,20260108,164000,689.44,689.97,689.26,689.7,811415,0
SPY.US,5,20260108,164500,689.71,689.93,689.05,689.19,795596,0
SPY.US,5,20260108,165000,689.18,689.35,688.53,688.58,749770,0
SPY.US,5,20260108,165500,688.57,689.89,688.51,689.84,1184614,0
SPY.US,5,20260108,170000,689.85,689.975,689.62,689.9,811290,0
SPY.US,5,20260108,170500,689.89,689.9195,689.02,689.09,624371,0
SPY.US,5,20260108,171000,689.1,689.46,688.85,688.91,750417,0
SPY.US,5,20260108,171500,688.91,689.24,688.65,689.105,718218,0
SPY.US,5,20260108,172000,689.12,689.565,689,689.135,463418,0
SPY.US,5,20260108,172500,689.15,689.47,688.85,689.08,438410,0
SPY.US,5,20260108,173000,689.08,689.49,688.92,689.15,539097,0
SPY.US,5,20260108,173500,689.14,689.37,688.44,689.225,640954,0
SPY.US,5,20260108,174000,689.23,689.705,689.18,689.59,602392,0
SPY.US,5,20260108,174500,689.6,690.085,689.56,689.818,586838,0
SPY.US,5,20260108,175000,689.815,689.88,689.15,689.295,567944,0
SPY.US,5,20260108,175500,689.3,689.97,689.23,689.9,546202,0
SPY.US,5,20260108,180000,689.89,689.94,689.44,689.59,409011,0
SPY.US,5,20260108,180500,689.585,689.7999,689.42,689.5,344389,0
SPY.US,5,20260108,181000,689.48,689.595,689.26,689.51,406477,0
SPY.US,5,20260108,181500,689.5,689.96,689.39,689.92,266485,0
SPY.US,5,20260108,182000,689.95,690,689.53,689.535,418493,0
SPY.US,5,20260108,182500,689.53,689.53,689.12,689.35,358863,0
SPY.US,5,20260108,183000,689.35,689.985,689.3243,689.88,384213,0
SPY.US,5,20260108,183500,689.86,690.04,689.78,689.92,305697,0
SPY.US,5,20260108,184000,689.91,690.22,689.8575,690.0593,433827,0
SPY.US,5,20260108,184500,690.06,690.25,689.93,690.19,341418,0
SPY.US,5,20260108,185000,690.19,690.615,690.19,690.47,617419,0
SPY.US,5,20260108,185500,690.47,690.52,690.1007,690.182,260444,0
SPY.US,5,20260108,190000,689.9799,690.19,689.77,689.861,494603,0
SPY.US,5,20260108,190500,689.84,689.85,689.49,689.6299,574133,0
SPY.US,5,20260108,191000,689.63,689.67,688.83,688.935,682558,0
SPY.US,5,20260108,191500,688.925,689.64,688.79,689.63,545158,0
SPY.US,5,20260108,192000,689.65,689.7265,689.2309,689.41,497248,0
SPY.US,5,20260108,192500,689.41,689.63,689.25,689.5,304682,0
SPY.US,5,20260108,193000,689.5,689.56,689.26,689.3,366972,0
SPY.US,5,20260108,193500,689.3,689.56,689.25,689.28,238560,0
SPY.US,5,20260108,194000,689.28,689.495,689.245,689.42,269821,0
SPY.US,5,20260108,194500,689.41,689.805,689.2401,689.635,269652,0
SPY.US,5,20260108,195000,689.64,689.7,689.02,689.03,407286,0
SPY.US,5,20260108,195500,689,689.15,688.76,688.89,380756,0
SPY.US,5,20260108,200000,688.89,689.33,688.7,689.17,531803,0
SPY.US,5,20260108,200500,689.17,689.34,689.06,689.07,334599,0
SPY.US,5,20260108,201000,689.06,689.105,688.61,688.67,449572,0
SPY.US,5,20260108,201500,688.67,688.995,688.28,688.975,690396,0
SPY.US,5,20260108,202000,688.97,689.35,688.85,688.95,501232,0
SPY.US,5,20260108,202500,688.95,688.98,688.73,688.92,250287,0
SPY.US,5,20260108,203000,688.93,689.33,688.885,688.995,403937,0
SPY.US,5,20260108,203500,688.99,689.05,688.72,688.755,275767,0
SPY.US,5,20260108,204000,688.76,688.928,688.5899,688.69,268523,0
SPY.US,5,20260108,204500,688.7,688.91,688.65,688.88,301465,0
SPY.US,5,20260108,205000,688.86,689.14,688.76,688.89,275124,0
SPY.US,5,20260108,205500,688.89,688.89,688.57,688.86,438676,0
SPY.US,5,20260108,210000,688.85,689.08,688.71,688.965,394040,0
SPY.US,5,20260108,210500,688.96,689.01,688.73,688.89,274023,0
SPY.US,5,20260108,211000,688.88,689.315,688.87,689.265,601818,0
SPY.US,5,20260108,211500,689.27,689.32,688.936,688.98,428141,0
SPY.US,5,20260108,212000,688.98,689.3,688.85,689.1,423874,0
SPY.US,5,20260108,212500,689.12,689.65,689.12,689.575,722737,0
SPY.US,5,20260108,213000,689.57,689.88,689.555,689.875,855703,0
SPY.US,5,20260108,213500,689.88,690.055,689.49,689.54,921961,0
SPY.US,5,20260108,214000,689.535,689.705,689.255,689.44,706803,0
SPY.US,5,20260108,214500,689.43,689.655,689.345,689.55,820826,0
SPY.US,5,20260108,215000,689.55,689.87,689.28,689.75,1122804,0
SPY.US,5,20260108,215500,689.75,689.86,689.39,689.515,3757149,0
SPY.US,5,20260109,153000,690.63,691.24,690.46,690.95,1847456,0
SPY.US,5,20260109,153500,690.95,692.295,690.9,691.955,1711406,0
SPY.US,5,20260109,154000,691.9599,692.2,691.2,691.38,1235115,0
SPY.US,5,20260109,154500,691.38,691.87,690.51,690.975,1342060,0
SPY.US,5,20260109,155000,691,691.74,690.67,691.39,1162542,0
SPY.US,5,20260109,155500,691.42,691.64,690.67,691.51,845403,0
SPY.US,5,20260109,160000,691.56,691.98,690.56,690.6,1396312,0
SPY.US,5,20260109,160500,690.61,690.7,689.18,689.585,1857287,0
SPY.US,5,20260109,161000,689.58,691.32,689.47,691.27,1447275,0
SPY.US,5,20260109,161500,691.28,691.62,690.89,691.53,978199,0
SPY.US,5,20260109,162000,691.55,692.55,691.23,692.465,1092640,0
SPY.US,5,20260109,162500,692.48,693.34,692.395,693.125,1339055,0
SPY.US,5,20260109,163000,693.13,693.45,692.62,693.1999,1598939,0
SPY.US,5,20260109,163500,693.2,693.29,692.76,692.7627,933951,0
SPY.US,5,20260109,164000,692.765,692.87,691.64,691.67,1052756,0
SPY.US,5,20260109,164500,691.68,692.12,691.28,691.49,1168265,0
SPY.US,5,20260109,165000,691.47,692.12,691.43,691.51,581374,0
SPY.US,5,20260109,165500,691.51,692,691.3,691.94,620709,0
SPY.US,5,20260109,170000,691.93,692.73,691.93,692.6,768763,0
SPY.US,5,20260109,170500,692.6,693.19,692.525,693.115,580384,0
SPY.US,5,20260109,171000,693.105,693.65,692.84,693.455,1216091,0
SPY.US,5,20260109,171500,693.455,693.555,693.24,693.39,899539,0
SPY.US,5,20260109,172000,693.385,693.55,693.155,693.26,540409,0
SPY.US,5,20260109,172500,693.255,693.26,692.82,692.85,496760,0
SPY.US,5,20260109,173000,692.8599,693.12,692.575,692.6784,427947,0
SPY.US,5,20260109,173500,692.67,693.095,692.545,692.98,572216,0
SPY.US,5,20260109,174000,692.98,693.25,692.69,693.17,368515,0
SPY.US,5,20260109,174500,693.15,693.71,693.14,693.66,598137,0
SPY.US,5,20260109,175000,693.66,694.03,693.66,693.95,895574,0
SPY.US,5,20260109,175500,693.95,694.02,693.815,693.885,374832,0
SPY.US,5,20260109,180000,693.89,694.215,693.72,694.215,466753,0
SPY.US,5,20260109,180500,694.215,694.275,694.06,694.115,460190,0
SPY.US,5,20260109,181000,694.13,694.19,693.87,694.18,414143,0
SPY.US,5,20260109,181500,694.17,694.18,693.76,693.82,331059,0
SPY.US,5,20260109,182000,693.815,694.26,693.8,694.23,428947,0
SPY.US,5,20260109,182500,694.2301,694.38,694.165,694.22,385246,0
SPY.US,5,20260109,183000,694.23,694.5,694.16,694.42,425694,0
SPY.US,5,20260109,183500,694.43,694.45,694.24,694.33,394450,0
SPY.US,5,20260109,184000,694.32,694.32,694.01,694.09,274275,0
SPY.US,5,20260109,184500,694.09,694.31,694.005,694.15,428433,0
SPY.US,5,20260109,185000,694.15,694.39,694.01,694.055,428769,0
SPY.US,5,20260109,185500,694.059,694.22,693.95,693.975,355235,0
SPY.US,5,20260109,190000,693.96,693.96,693.645,693.7099,492255,0
SPY.US,5,20260109,190500,693.71,694.0101,693.47,693.5,426674,0
SPY.US,5,20260109,191000,693.5,693.73,693.495,693.675,314583,0
SPY.US,5,20260109,191500,693.67,693.86,693.6,693.63,214041,0
SPY.US,5,20260109,192000,693.63,693.74,693.54,693.59,215939,0
SPY.US,5,20260109,192500,693.59,693.89,693.36,693.87,340213,0
SPY.US,5,20260109,193000,693.87,694.28,693.855,694.2511,301344,0
SPY.US,5,20260109,193500,694.24,694.735,694.23,694.705,641699,0
SPY.US,5,20260109,194000,694.71,694.8899,694.4995,694.52,654502,0
SPY.US,5,20260109,194500,694.52,694.665,694.44,694.61,426483,0
SPY.US,5,20260109,195000,694.61,694.6399,694.42,694.525,385611,0
SPY.US,5,20260109,195500,694.53,694.67,694.44,694.54,337804,0
SPY.US,5,20260109,200000,694.53,694.5751,694.36,694.4952,392755,0
SPY.US,5,20260109,200500,694.5,694.678,694.415,694.67,278507,0
SPY.US,5,20260109,201000,694.665,694.77,694.505,694.57,368513,0
SPY.US,5,20260109,201500,694.57,694.82,694.57,694.74,322940,0
SPY.US,5,20260109,202000,694.74,694.845,694.69,694.78,337118,0
SPY.US,5,20260109,202500,694.78,694.84,694.65,694.81,300637,0
SPY.US,5,20260109,203000,694.805,694.89,694.715,694.75,512321,0
SPY.US,5,20260109,203500,694.75,694.85,694.715,694.77,452064,0
SPY.US,5,20260109,204000,694.77,694.85,694.71,694.81,273866,0
SPY.US,5,20260109,204500,694.81,695.08,694.755,695.02,446798,0
SPY.US,5,20260109,205000,695.01,695.23,695.01,695.06,571300,0
SPY.US,5,20260109,205500,695.07,695.07,694.87,694.8999,590877,0
SPY.US,5,20260109,210000,694.89,695.15,694.8101,695,402567,0
SPY.US,5,20260109,210500,695,695.07,694.89,694.9259,333226,0
SPY.US,5,20260109,211000,694.93,694.96,694.76,694.8165,428292,0
SPY.US,5,20260109,211500,694.82,694.99,694.76,694.946,500827,0
SPY.US,5,20260109,212000,694.96,695.275,694.95,695.22,772406,0
SPY.US,5,20260109,212500,695.215,695.31,695,695.025,628840,0
SPY.US,5,20260109,213000,695.02,695.12,694.92,695.1,644004,0
SPY.US,5,20260109,213500,695.1099,695.11,694.82,694.84,721275,0
SPY.US,5,20260109,214000,694.84,694.9,694.68,694.82,1195680,0
SPY.US,5,20260109,214500,694.81,694.9198,694.675,694.715,1085528,0
SPY.US,5,20260109,215000,694.71,694.825,694.36,694.55,2546173,0
SPY.US,5,20260109,215500,694.55,694.55,693.9,694.07,5257195,0
SPY.US,5,20260112,153000,690.68,692.26,690.63,691.88,2278226,0
SPY.US,5,20260112,153500,691.89,692.75,691.66,692.68,1634925,0
SPY.US,5,20260112,154000,692.68,693.23,692.4001,692.75,1643119,0
SPY.US,5,20260112,154500,692.7499,693.17,692.54,693.02,1123651,0
SPY.US,5,20260112,155000,693.0199,693.75,692.87,693.435,1251035,0
SPY.US,5,20260112,155500,693.41,693.9,693.38,693.63,1018081,0
SPY.US,5,20260112,160000,693.64,693.79,693.17,693.33,1142130,0
SPY.US,5,20260112,160500,693.33,693.55,693.17,693.22,683467,0
SPY.US,5,20260112,161000,693.21,693.44,693,693.31,1033579,0
SPY.US,5,20260112,161500,693.3199,693.53,693.07,693.4388,855907,0
SPY.US,5,20260112,162000,693.45,693.81,693.1801,693.56,813880,0
SPY.US,5,20260112,162500,693.55,693.66,693.35,693.565,598377,0
SPY.US,5,20260112,163000,693.57,693.61,692.99,693.14,790774,0
SPY.US,5,20260112,163500,693.13,693.435,692.96,693.4,712159,0
SPY.US,5,20260112,164000,693.41,693.495,693.01,693.395,747008,0
SPY.US,5,20260112,164500,693.39,693.51,693.06,693.45,512275,0
SPY.US,5,20260112,165000,693.45,693.81,693.245,693.765,518898,0
SPY.US,5,20260112,165500,693.77,694.06,693.665,693.915,633873,0
SPY.US,5,20260112,170000,693.915,693.96,693.66,693.9,607820,0
SPY.US,5,20260112,170500,693.895,694.13,693.87,694.075,461321,0
SPY.US,5,20260112,171000,694.07,694.48,694.06,694.48,675055,0
SPY.US,5,20260112,171500,694.48,694.68,694.38,694.555,875239,0
SPY.US,5,20260112,172000,694.555,694.67,694.2,694.4,730891,0
SPY.US,5,20260112,172500,694.42,694.45,694,694.23,542877,0
SPY.US,5,20260112,173000,694.24,694.41,694.07,694.355,356084,0
SPY.US,5,20260112,173500,694.36,694.52,694.32,694.425,394523,0
SPY.US,5,20260112,174000,694.44,694.6,694.27,694.335,292367,0
SPY.US,5,20260112,174500,694.34,694.69,694.2,694.65,805820,0
SPY.US,5,20260112,175000,694.66,694.75,694.55,694.7,346599,0
SPY.US,5,20260112,175500,694.71,694.86,694.53,694.56,420350,0
SPY.US,5,20260112,180000,694.56,694.8399,694.44,694.69,395196,0
SPY.US,5,20260112,180500,694.7,694.735,694.36,694.405,323952,0
SPY.US,5,20260112,181000,694.4,694.6782,694.4,694.59,324803,0
SPY.US,5,20260112,181500,694.58,694.59,694.25,694.34,355929,0
SPY.US,5,20260112,182000,694.35,694.64,694.29,694.44,607173,0
SPY.US,5,20260112,182500,694.43,694.56,694.3,694.535,393324,0
SPY.US,5,20260112,183000,694.53,694.55,694.31,694.38,329603,0
SPY.US,5,20260112,183500,694.385,694.45,694.17,694.1711,330283,0
SPY.US,5,20260112,184000,694.1721,694.48,694.1,694.44,317200,0
SPY.US,5,20260112,184500,694.45,694.64,694.41,694.575,289343,0
SPY.US,5,20260112,185000,694.575,694.75,694.43,694.7202,304305,0
SPY.US,5,20260112,185500,694.72,694.76,694.63,694.6601,319691,0
SPY.US,5,20260112,190000,694.67,694.945,694.585,694.93,400208,0
SPY.US,5,20260112,190500,694.93,695.055,694.88,694.9999,439497,0
SPY.US,5,20260112,191000,694.995,695.025,694.89,694.945,365272,0
SPY.US,5,20260112,191500,694.95,695,694.81,694.935,326492,0
SPY.US,5,20260112,192000,694.94,695.2,694.93,695.1,373248,0
SPY.US,5,20260112,192500,695.1,695.17,694.99,695.125,448729,0
SPY.US,5,20260112,193000,695.125,695.15,694.94,695.01,342610,0
SPY.US,5,20260112,193500,695.015,695.14,694.93,695.11,364550,0
SPY.US,5,20260112,194000,695.1,695.16,694.995,695.095,466896,0
SPY.US,5,20260112,194500,695.09,695.355,695.085,695.27,449624,0
SPY.US,5,20260112,195000,695.27,695.39,695.15,695.15,356827,0
SPY.US,5,20260112,195500,695.16,695.24,695.14,695.215,199613,0
SPY.US,5,20260112,200000,695.21,695.21,694.99,695.03,507816,0
SPY.US,5,20260112,200500,695.025,695.24,694.945,695.2257,351806,0
SPY.US,5,20260112,201000,695.22,695.28,695.18,695.265,531462,0
SPY.US,5,20260112,201500,695.255,695.44,695.2225,695.36,383888,0
SPY.US,5,20260112,202000,695.37,695.46,695.3001,695.39,392629,0
SPY.US,5,20260112,202500,695.39,695.4165,695.3,695.32,295573,0
SPY.US,5,20260112,203000,695.32,695.865,695.295,695.67,926244,0
SPY.US,5,20260112,203500,695.67,695.68,695.525,695.57,405752,0
SPY.US,5,20260112,204000,695.56,695.68,695.525,695.625,365206,0
SPY.US,5,20260112,204500,695.63,695.81,695.62,695.81,408531,0
SPY.US,5,20260112,205000,695.81,695.92,695.74,695.87,425702,0
SPY.US,5,20260112,205500,695.86,696.03,695.825,695.945,440358,0
SPY.US,5,20260112,210000,695.945,696.09,695.78,695.815,675722,0
SPY.US,5,20260112,210500,695.82,695.93,695.78,695.84,374554,0
SPY.US,5,20260112,211000,695.83,695.865,695.53,695.615,482845,0
SPY.US,5,20260112,211500,695.61,695.6229,695.42,695.49,580748,0
SPY.US,5,20260112,212000,695.49,695.5,695.18,695.28,717342,0
SPY.US,5,20260112,212500,695.28,695.43,695.23,695.335,673284,0
SPY.US,5,20260112,213000,695.32,695.45,695.245,695.37,666748,0
SPY.US,5,20260112,213500,695.38,695.38,695.23,695.32,622192,0
SPY.US,5,20260112,214000,695.3,695.37,695.18,695.325,802084,0
SPY.US,5,20260112,214500,695.32,695.55,695.275,695.525,994101,0
SPY.US,5,20260112,215000,695.52,695.74,695.16,695.635,1490867,0
SPY.US,5,20260112,215500,695.64,695.64,695.14,695.235,3309929,0
SPY.US,5,20260113,153000,695.49,695.91,695.3,695.8599,1942869,0
SPY.US,5,20260113,153500,695.855,696.05,695.38,695.8,1340876,0
SPY.US,5,20260113,154000,695.8,696.09,694.9,695.15,1773280,0
SPY.US,5,20260113,154500,695.14,695.205,694.45,694.81,1967386,0
SPY.US,5,20260113,155000,694.82,695.1,694.275,694.415,1285572,0
SPY.US,5,20260113,155500,694.41,694.93,694.23,694.245,691212,0
SPY.US,5,20260113,160000,694.23,694.51,693.17,693.775,1388834,0
SPY.US,5,20260113,160500,693.78,694.2199,693.48,693.535,803457,0
SPY.US,5,20260113,161000,693.53,693.67,693.26,693.4599,728550,0
SPY.US,5,20260113,161500,693.46,693.46,692.74,693.16,843609,0
SPY.US,5,20260113,162000,693.16,693.2,692.27,692.44,1108668,0
SPY.US,5,20260113,162500,692.435,692.765,692.09,692.73,1139588,0
SPY.US,5,20260113,163000,692.72,693.43,692.5652,693.15,1133405,0
SPY.US,5,20260113,163500,693.15,693.76,693.01,693.205,900232,0
SPY.US,5,20260113,164000,693.2,693.41,692.96,693.085,535301,0
SPY.US,5,20260113,164500,693.085,693.39,692.64,692.71,514482,0
SPY.US,5,20260113,165000,692.68,693.65,692.65,693.63,587651,0
SPY.US,5,20260113,165500,693.63,694.04,693.4944,693.77,628708,0
SPY.US,5,20260113,170000,693.76,693.93,693.54,693.68,528768,0
SPY.US,5,20260113,170500,693.69,693.96,693.54,693.805,370321,0
SPY.US,5,20260113,171000,693.8,693.99,693.69,693.845,335608,0
SPY.US,5,20260113,171500,693.84,694.2801,693.83,693.99,641178,0
SPY.US,5,20260113,172000,693.98,694.075,693.67,693.76,446516,0
SPY.US,5,20260113,172500,693.76,693.77,692.41,693.5,996048,0
SPY.US,5,20260113,173000,693.4801,694.13,693.25,694.08,664685,0
SPY.US,5,20260113,173500,694.08,694.23,693.78,694.16,566679,0
SPY.US,5,20260113,174000,694.16,694.84,694.04,694.595,880051,0
SPY.US,5,20260113,174500,694.59,694.77,694.36,694.74,402879,0
SPY.US,5,20260113,175000,694.74,695.125,694.735,695.065,862558,0
SPY.US,5,20260113,175500,695.06,695.2,694.86,694.92,771689,0
SPY.US,5,20260113,180000,694.92,695.11,694.8,695.05,480944,0
SPY.US,5,20260113,180500,695.05,695.12,694.66,694.69,391993,0
SPY.US,5,20260113,181000,694.68,694.915,694.59,694.88,280236,0
SPY.US,5,20260113,181500,694.88,694.94,693.93,694.25,629266,0
SPY.US,5,20260113,182000,694.23,694.8199,694.14,694.74,437629,0
SPY.US,5,20260113,182500,694.73,694.73,694.24,694.56,326386,0
SPY.US,5,20260113,183000,694.55,694.715,693.45,694.51,1160128,0
SPY.US,5,20260113,183500,694.5,694.55,694.14,694.14,361015,0
SPY.US,5,20260113,184000,694.15,694.2,693.61,693.695,447938,0
SPY.US,5,20260113,184500,693.69,693.99,693.515,693.95,601008,0
SPY.US,5,20260113,185000,693.94,694.08,693.18,693.37,578727,0
SPY.US,5,20260113,185500,693.38,693.38,692.525,692.94,703260,0
SPY.US,5,20260113,190000,692.92,692.99,692.42,692.595,910968,0
SPY.US,5,20260113,190500,692.6,693.17,692.59,692.715,733312,0
SPY.US,5,20260113,191000,692.72,693.37,692.52,693.35,595348,0
SPY.US,5,20260113,191500,693.3501,693.49,693.12,693.16,331821,0
SPY.US,5,20260113,192000,693.16,693.21,692.68,692.91,415015,0
SPY.US,5,20260113,192500,692.92,693.125,692.725,692.92,262731,0
SPY.US,5,20260113,193000,692.91,693.43,692.76,693.3,434950,0
SPY.US,5,20260113,193500,693.3,693.65,693.28,693.58,295930,0
SPY.US,5,20260113,194000,693.57,693.615,693.06,693.11,507200,0
SPY.US,5,20260113,194500,693.125,693.39,692.93,693.04,419438,0
SPY.US,5,20260113,195000,693.04,693.04,692.54,692.97,493754,0
SPY.US,5,20260113,195500,692.97,693.07,692.59,692.8,424960,0
SPY.US,5,20260113,200000,692.8,693.055,692.36,692.455,626730,0
SPY.US,5,20260113,200500,692.47,692.74,692.27,692.36,567700,0
SPY.US,5,20260113,201000,692.35,692.56,692.23,692.36,558658,0
SPY.US,5,20260113,201500,692.37,693.05,692.34,692.75,902878,0
SPY.US,5,20260113,202000,692.74,693.08,692.59,692.75,661489,0
SPY.US,5,20260113,202500,692.76,693.065,692.52,693.01,402803,0
SPY.US,5,20260113,203000,693,693.16,692.84,692.86,463871,0
SPY.US,5,20260113,203500,692.87,693.01,692.71,692.88,392036,0
SPY.US,5,20260113,204000,692.88,693.14,692.82,692.86,461551,0
SPY.US,5,20260113,204500,692.86,692.89,692.57,692.74,602825,0
SPY.US,5,20260113,205000,692.74,693.055,692.72,693,273733,0
SPY.US,5,20260113,205500,693,693.205,692.785,692.92,456186,0
SPY.US,5,20260113,210000,692.92,692.92,692.52,692.69,827262,0
SPY.US,5,20260113,210500,692.68,692.855,692.5501,692.655,575374,0
SPY.US,5,20260113,211000,692.65,692.65,692.32,692.375,766469,0
SPY.US,5,20260113,211500,692.38,692.58,692.34,692.51,831247,0
SPY.US,5,20260113,212000,692.51,692.52,692.17,692.38,790899,0
SPY.US,5,20260113,212500,692.37,692.39,691.94,692,703282,0
SPY.US,5,20260113,213000,692,692.07,691.35,691.59,1139201,0
SPY.US,5,20260113,213500,691.595,692.015,691.4,691.985,1192680,0
SPY.US,5,20260113,214000,691.99,692.31,691.99,692.24,1219983,0
SPY.US,5,20260113,214500,692.26,692.47,692.02,692.33,1377189,0
SPY.US,5,20260113,215000,692.34,693.435,692.11,693.43,2480938,0
SPY.US,5,20260113,215500,693.43,693.96,693.22,693.87,4542274,0
SPY.US,5,20260114,153000,691,691.7,689.87,691.575,2411276,0
SPY.US,5,20260114,153500,691.58,691.72,690.36,690.64,1321705,0
SPY.US,5,20260114,154000,690.62,691.05,689.45,689.57,1715476,0
SPY.US,5,20260114,154500,689.56,690.16,689.105,690.16,1068182,0
SPY.US,5,20260114,155000,690.16,690.18,689.28,689.85,1200246,0
SPY.US,5,20260114,155500,689.38,689.67,688.66,688.72,1115110,0
SPY.US,5,20260114,160000,688.72,688.74,687.67,688.29,2148135,0
SPY.US,5,20260114,160500,688.26,688.93,688.05,688.88,1004403,0
SPY.US,5,20260114,161000,688.89,690.6342,688.45,690.59,1675139,0
SPY.US,5,20260114,161500,690.6,690.85,689.982,690.16,949978,0
SPY.US,5,20260114,162000,690.17,690.4,689.59,689.86,860059,0
SPY.US,5,20260114,162500,689.87,689.99,688.73,688.76,734344,0
SPY.US,5,20260114,163000,688.75,688.75,687.99,688.12,1048184,0
SPY.US,5,20260114,163500,688.14,688.7399,687.92,688.7201,943220,0
SPY.US,5,20260114,164000,688.71,689.01,687.66,687.815,825432,0
SPY.US,5,20260114,164500,687.81,688.02,686.595,686.665,1480315,0
SPY.US,5,20260114,165000,686.67,687.07,686.51,687.06,1169714,0
SPY.US,5,20260114,165500,687.065,687.505,686.99,687.16,940510,0
SPY.US,5,20260114,170000,687.16,687.595,687.065,687.57,552652,0
SPY.US,5,20260114,170500,687.57,687.66,687.01,687.18,544269,0
SPY.US,5,20260114,171000,687.18,687.58,686.99,687.38,548898,0
SPY.US,5,20260114,171500,687.39,687.71,687.2616,687.67,535716,0
SPY.US,5,20260114,172000,687.67,688.88,687.67,688.82,1087611,0
SPY.US,5,20260114,172500,688.82,689.33,688.635,689.15,914751,0
SPY.US,5,20260114,173000,689.15,689.47,688.62,688.77,988600,0
SPY.US,5,20260114,173500,688.775,688.775,687.99,688.37,582765,0
SPY.US,5,20260114,174000,688.38,688.38,687.52,687.5256,578410,0
SPY.US,5,20260114,174500,687.53,687.53,686.77,686.89,922258,0
SPY.US,5,20260114,175000,686.885,686.885,686.2,686.44,1097036,0
SPY.US,5,20260114,175500,686.43,686.66,686.13,686.6,849038,0
SPY.US,5,20260114,180000,686.595,687.13,686.33,686.6,696072,0
SPY.US,5,20260114,180500,686.59,687.34,686.56,687.2999,457384,0
SPY.US,5,20260114,181000,687.29,687.35,686.96,687.22,402764,0
SPY.US,5,20260114,181500,687.22,687.22,686.4,686.56,407787,0
SPY.US,5,20260114,182000,686.57,686.85,686.24,686.83,454057,0
SPY.US,5,20260114,182500,686.85,687.315,686.72,687.1,568343,0
SPY.US,5,20260114,183000,687.09,687.0999,686.25,686.32,621314,0
SPY.US,5,20260114,183500,686.33,686.7748,686.29,686.55,417721,0
SPY.US,5,20260114,184000,686.55,686.95,686.51,686.92,450223,0
SPY.US,5,20260114,184500,686.915,687.45,686.88,687.18,582490,0
SPY.US,5,20260114,185000,687.17,687.18,686.19,686.515,581832,0
SPY.US,5,20260114,185500,686.52,686.73,686.27,686.63,392896,0
SPY.US,5,20260114,190000,686.6377,687.22,686.51,687.13,489100,0
SPY.US,5,20260114,190500,687.12,687.2599,686.84,687.14,362108,0
SPY.US,5,20260114,191000,687.12,687.435,686.85,687.33,397505,0
SPY.US,5,20260114,191500,687.32,687.39,686.86,687.08,408782,0
SPY.US,5,20260114,192000,687.08,687.42,687.05,687.185,298137,0
SPY.US,5,20260114,192500,687.18,687.65,686.94,687.595,394456,0
SPY.US,5,20260114,193000,687.6,687.83,686.61,686.78,643062,0
SPY.US,5,20260114,193500,686.79,686.92,686.26,686.46,580857,0
SPY.US,5,20260114,194000,686.45,686.905,686.45,686.895,398690,0
SPY.US,5,20260114,194500,686.89,687.36,686.78,687.095,547614,0
SPY.US,5,20260114,195000,687.1,688.02,687.06,687.78,623246,0
SPY.US,5,20260114,195500,687.79,688.24,687.6,688.11,534166,0
SPY.US,5,20260114,200000,688.11,688.21,687.81,687.94,847077,0
SPY.US,5,20260114,200500,687.9302,688.01,687.63,687.84,567801,0
SPY.US,5,20260114,201000,687.84,688.0458,687.61,687.9999,403388,0
SPY.US,5,20260114,201500,688,688.17,687.75,688.12,399305,0
SPY.US,5,20260114,202000,688.14,688.315,687.9,688.11,519383,0
SPY.US,5,20260114,202500,688.11,688.21,687.88,688.125,490044,0
SPY.US,5,20260114,203000,688.125,688.37,687.92,688,552809,0
SPY.US,5,20260114,203500,688,688.24,687.62,688.195,409994,0
SPY.US,5,20260114,204000,688.2,688.365,688,688.125,447794,0
SPY.US,5,20260114,204500,688.13,688.38,687.99,688.27,353378,0
SPY.US,5,20260114,205000,688.28,688.59,688.17,688.21,441976,0
SPY.US,5,20260114,205500,688.22,688.3063,687.93,688.07,593215,0
SPY.US,5,20260114,210000,688.06,688.68,687.32,688.35,1686809,0
SPY.US,5,20260114,210500,688.335,689.69,688.3,689.18,1536087,0
SPY.US,5,20260114,211000,689.175,689.48,688.695,688.75,1053172,0
SPY.US,5,20260114,211500,688.75,688.87,688.18,688.6,650682,0
SPY.US,5,20260114,212000,688.6,688.99,688.35,688.94,605121,0
SPY.US,5,20260114,212500,688.94,689.171,688.68,689.15,729433,0
SPY.US,5,20260114,213000,689.15,690.17,689.12,689.94,1522907,0
SPY.US,5,20260114,213500,689.94,690.44,689.835,690.19,1308699,0
SPY.US,5,20260114,214000,690.18,690.36,689.1,689.14,1554024,0
SPY.US,5,20260114,214500,689.16,689.24,688.62,688.65,1718680,0
SPY.US,5,20260114,215000,688.66,689.74,688.65,689.635,2296182,0
SPY.US,5,20260114,215500,689.65,690.64,689.64,690.36,5738151,0
SPY.US,5,20260115,153000,694.57,694.69,693.97,694.27,2512540,0
SPY.US,5,20260115,153500,694.29,694.41,693.725,694.03,1394199,0
SPY.US,5,20260115,154000,694.05,694.47,693.54,694.0601,1324878,0
SPY.US,5,20260115,154500,694.06,694.5535,693.8,694.24,1069839,0
SPY.US,5,20260115,155000,694.23,694.25,693.18,694.01,1247485,0
SPY.US,5,20260115,155500,694.02,694.26,693.63,693.63,744512,0
SPY.US,5,20260115,160000,693.61,694.04,693.52,693.655,742123,0
SPY.US,5,20260115,160500,693.66,693.91,693.27,693.89,877448,0
SPY.US,5,20260115,161000,693.89,694.2,693.53,694.01,917522,0
SPY.US,5,20260115,161500,694,694.32,693.67,694.03,759749,0
SPY.US,5,20260115,162000,694.04,694.72,693.825,694.465,758994,0
SPY.US,5,20260115,162500,694.47,694.51,693.615,693.94,846267,0
SPY.US,5,20260115,163000,693.94,694.62,693.87,694.59,724138,0
SPY.US,5,20260115,163500,694.58,694.9,694.37,694.6258,1208261,0
SPY.US,5,20260115,164000,694.63,694.815,693.865,693.91,728170,0
SPY.US,5,20260115,164500,693.91,694.04,693.25,693.28,1368455,0
SPY.US,5,20260115,165000,693.28,693.6291,692.99,693.4,1061567,0
SPY.US,5,20260115,165500,693.395,694.59,693.05,694.46,1397591,0
SPY.US,5,20260115,170000,694.45,694.88,694.34,694.8,937387,0
SPY.US,5,20260115,170500,694.82,694.84,694.435,694.66,642535,0
SPY.US,5,20260115,171000,694.675,694.68,694.35,694.49,487753,0
SPY.US,5,20260115,171500,694.48,694.93,694.36,694.87,521414,0
SPY.US,5,20260115,172000,694.87,695.16,694.63,695.06,608824,0
SPY.US,5,20260115,172500,695.05,695.05,694.55,694.815,488384,0
SPY.US,5,20260115,173000,694.81,695.02,694.5699,694.59,492349,0
SPY.US,5,20260115,173500,694.585,694.93,694.48,694.88,364687,0
SPY.US,5,20260115,174000,694.89,695.03,694.74,694.96,295081,0
SPY.US,5,20260115,174500,694.96,695.195,694.725,695.1,402481,0
SPY.US,5,20260115,175000,695.105,695.345,694.92,695.085,624117,0
SPY.US,5,20260115,175500,695.075,695.14,694.875,695.03,391854,0
SPY.US,5,20260115,180000,695.0399,695.43,694.895,695.37,507599,0
SPY.US,5,20260115,180500,695.37,695.45,695.2,695.345,487852,0
SPY.US,5,20260115,181000,695.35,695.36,694.965,695.01,358348,0
SPY.US,5,20260115,181500,695.01,695.08,694.7,695.0651,404484,0
SPY.US,5,20260115,182000,695.05,695.095,694.8,694.86,245552,0
SPY.US,5,20260115,182500,694.86,694.91,694.39,694.45,593111,0
SPY.US,5,20260115,183000,694.45,694.66,694.21,694.39,625023,0
SPY.US,5,20260115,183500,694.39,694.6,694.2,694.48,433837,0
SPY.US,5,20260115,184000,694.485,694.74,694.38,694.7245,333676,0
SPY.US,5,20260115,184500,694.72,695.0199,694.55,694.62,498685,0
SPY.US,5,20260115,185000,694.61,694.8,694.38,694.42,307011,0
SPY.US,5,20260115,185500,694.42,694.48,693.905,693.98,567572,0
SPY.US,5,20260115,190000,693.98,694.54,693.88,694.525,698271,0
SPY.US,5,20260115,190500,694.53,694.78,694.37,694.71,393462,0
SPY.US,5,20260115,191000,694.705,694.8,694.38,694.57,392372,0
SPY.US,5,20260115,191500,694.57,694.63,694.37,694.57,438211,0
SPY.US,5,20260115,192000,694.58,694.82,694.54,694.72,342359,0
SPY.US,5,20260115,192500,694.73,694.905,694.57,694.885,342720,0
SPY.US,5,20260115,193000,694.88,695.145,694.84,695.08,459320,0
SPY.US,5,20260115,193500,695.085,695.25,694.79,694.92,385507,0
SPY.US,5,20260115,194000,694.92,695.05,694.82,694.98,268198,0
SPY.US,5,20260115,194500,694.98,695.06,694.815,694.85,297144,0
SPY.US,5,20260115,195000,694.86,694.92,694.615,694.765,341837,0
SPY.US,5,20260115,195500,694.77,694.835,694.65,694.7158,233545,0
SPY.US,5,20260115,200000,694.71,694.71,694.07,694.2,675569,0
SPY.US,5,20260115,200500,694.2,694.49,693.79,694.48,545089,0
SPY.US,5,20260115,201000,694.48,694.65,694.205,694.355,384666,0
SPY.US,5,20260115,201500,694.36,694.49,694.133,694.2724,476027,0
SPY.US,5,20260115,202000,694.27,694.38,693.992,694.17,322054,0
SPY.US,5,20260115,202500,694.17,694.18,693.52,693.61,795080,0
SPY.US,5,20260115,203000,693.61,693.615,692.63,693.21,1474798,0
SPY.US,5,20260115,203500,693.21,693.47,692.97,693.43,601585,0
SPY.US,5,20260115,204000,693.42,693.7376,693.26,693.39,825237,0
SPY.US,5,20260115,204500,693.38,693.5,693.15,693.42,641898,0
SPY.US,5,20260115,205000,693.43,693.62,693.13,693.19,602097,0
SPY.US,5,20260115,205500,693.17,693.185,692.58,692.78,715517,0
SPY.US,5,20260115,210000,692.77,693,692.37,692.845,882263,0
SPY.US,5,20260115,210500,692.84,693.03,692.61,692.69,636995,0
SPY.US,5,20260115,211000,692.68,692.89,692.41,692.47,688548,0
SPY.US,5,20260115,211500,692.46,692.49,691.66,691.69,1438275,0
SPY.US,5,20260115,212000,691.68,692.02,691.2907,691.66,1461058,0
SPY.US,5,20260115,212500,691.66,691.91,691.4,691.82,1067900,0
SPY.US,5,20260115,213000,691.83,691.96,691.49,691.865,965640,0
SPY.US,5,20260115,213500,691.86,692.25,691.41,691.72,1222711,0
SPY.US,5,20260115,214000,691.72,692.035,691.545,691.67,1051760,0
SPY.US,5,20260115,214500,691.67,691.865,691.3799,691.47,1422034,0
SPY.US,5,20260115,215000,691.48,691.93,691.25,691.93,1724843,0
SPY.US,5,20260115,215500,691.93,692.28,691.54,692.015,4022913,0
SPY.US,5,20260116,153000,693.66,694.25,693.29,693.958,1974337,0
SPY.US,5,20260116,153500,693.95,694.21,693.64,693.75,979736,0
SPY.US,5,20260116,154000,693.77,693.8201,693.11,693.135,991183,0
SPY.US,5,20260116,154500,693.135,693.86,693.135,693.39,839238,0
SPY.US,5,20260116,155000,693.41,693.49,692.68,692.87,832697,0
SPY.US,5,20260116,155500,692.88,692.885,691.93,691.96,1415043,0
SPY.US,5,20260116,160000,691.96,692.39,691.59,692.105,1708126,0
SPY.US,5,20260116,160500,692.105,692.81,692.105,692.7,1251533,0
SPY.US,5,20260116,161000,692.7,692.805,692.14,692.28,808422,0
SPY.US,5,20260116,161500,692.27,692.48,691.5,691.6,965772,0
SPY.US,5,20260116,162000,691.6,692.575,691.59,692.56,999524,0
SPY.US,5,20260116,162500,692.5558,692.5558,691.595,691.65,949201,0
SPY.US,5,20260116,163000,691.65,691.74,690.97,691.1055,1133468,0
SPY.US,5,20260116,163500,691.1,691.13,690.6,690.74,1303945,0
SPY.US,5,20260116,164000,690.72,690.74,690.1,690.69,1383180,0
SPY.US,5,20260116,164500,690.7,691.2,690.43,691.16,848139,0
SPY.US,5,20260116,165000,691.15,691.4,690.7917,691.35,899294,0
SPY.US,5,20260116,165500,691.36,691.88,691.21,691.86,777764,0
SPY.US,5,20260116,170000,691.85,692.12,691.555,691.68,972811,0
SPY.US,5,20260116,170500,691.7,692.44,691.62,692.41,867069,0
SPY.US,5,20260116,171000,692.42,692.66,692.06,692.29,1079339,0
SPY.US,5,20260116,171500,692.29,692.47,692.13,692.42,479224,0
SPY.US,5,20260116,172000,692.41,692.82,692.41,692.48,592691,0
SPY.US,5,20260116,172500,692.48,692.8,692.26,692.71,546229,0
SPY.US,5,20260116,173000,692.715,693.09,692.665,692.7218,576827,0
SPY.US,5,20260116,173500,692.71,693.07,692.69,692.9101,343099,0
SPY.US,5,20260116,174000,692.915,693.21,692.83,693.15,323728,0
SPY.US,5,20260116,174500,693.16,693.47,692.9601,693.09,677740,0
SPY.US,5,20260116,175000,693.085,693.42,692.65,692.85,723358,0
SPY.US,5,20260116,175500,692.86,692.87,692.13,692.67,524297,0
SPY.US,5,20260116,180000,692.665,692.73,692.46,692.65,365391,0
SPY.US,5,20260116,180500,692.67,692.96,692.52,692.6,338886,0
SPY.US,5,20260116,181000,692.58,692.82,692.53,692.745,235303,0
SPY.US,5,20260116,181500,692.74,692.92,692.578,692.72,262403,0
SPY.US,5,20260116,182000,692.7,692.9699,692.67,692.69,277982,0
SPY.US,5,20260116,182500,692.69,692.755,692.4301,692.52,207313,0
SPY.US,5,20260116,183000,692.52,692.69,692.25,692.65,340402,0
SPY.US,5,20260116,183500,692.65,692.91,692.55,692.61,344948,0
SPY.US,5,20260116,184000,692.6,692.74,692.435,692.675,257799,0
SPY.US,5,20260116,184500,692.67,692.67,692.18,692.29,271288,0
SPY.US,5,20260116,185000,692.27,692.425,692.08,692.32,356494,0
SPY.US,5,20260116,185500,692.31,692.5,691.89,691.93,330840,0
SPY.US,5,20260116,190000,691.94,692.4219,691.82,692.335,422604,0
SPY.US,5,20260116,190500,692.33,692.695,692.29,692.685,398580,0
SPY.US,5,20260116,191000,692.6841,692.72,692.45,692.58,199493,0
SPY.US,5,20260116,191500,692.57,693.02,692.56,692.97,244944,0
SPY.US,5,20260116,192000,692.97,693.12,692.87,693.09,245082,0
SPY.US,5,20260116,192500,693.1,693.2,692.93,693,349331,0
SPY.US,5,20260116,193000,693,693.25,692.95,693.195,235697,0
SPY.US,5,20260116,193500,693.19,693.195,692.9401,692.96,278589,0
SPY.US,5,20260116,194000,692.96,693.05,692.765,692.865,290443,0
SPY.US,5,20260116,194500,692.87,693.005,692.71,692.81,190732,0
SPY.US,5,20260116,195000,692.8,692.89,692.62,692.76,297252,0
SPY.US,5,20260116,195500,692.74,692.8,692.5842,692.645,193983,0
SPY.US,5,20260116,200000,692.63,693.46,692.605,693.41,860179,0
SPY.US,5,20260116,200500,693.42,693.71,693.2599,693.325,659609,0
SPY.US,5,20260116,201000,693.33,693.33,692.465,692.55,577231,0
SPY.US,5,20260116,201500,692.54,692.68,692.07,692.1799,634075,0
SPY.US,5,20260116,202000,692.17,692.46,692.07,692.32,379983,0
SPY.US,5,20260116,202500,692.23,692.24,691.96,692.04,522872,0
SPY.US,5,20260116,203000,692.05,692.575,692.01,692.44,546018,0
SPY.US,5,20260116,203500,692.44,692.915,692.33,692.685,620457,0
SPY.US,5,20260116,204000,692.685,693,692.62,692.7,480222,0
SPY.US,5,20260116,204500,692.71,692.8978,692.71,692.785,348714,0
SPY.US,5,20260116,205000,692.79,692.965,692.68,692.895,427581,0
SPY.US,5,20260116,205500,692.905,692.93,692.59,692.68,447600,0
SPY.US,5,20260116,210000,692.67,692.79,692.5,692.65,329852,0
SPY.US,5,20260116,210500,692.65,692.75,692.5,692.69,279809,0
SPY.US,5,20260116,211000,692.6925,692.87,692.6,692.76,442594,0
SPY.US,5,20260116,211500,692.76,692.79,692.4714,692.582,402287,0
SPY.US,5,20260116,212000,692.58,692.6899,692.47,692.505,449256,0
SPY.US,5,20260116,212500,692.5,692.54,692.155,692.155,558279,0
SPY.US,5,20260116,213000,692.15,692.21,691.795,692.03,1023946,0
SPY.US,5,20260116,213500,692.02,692.41,691.91,692.29,942227,0
SPY.US,5,20260116,214000,692.29,692.295,692,692.015,751994,0
SPY.US,5,20260116,214500,692.015,692.03,691.6,691.9242,1176049,0
SPY.US,5,20260116,215000,691.93,692.4885,691.77,692.34,1920397,0
SPY.US,5,20260116,215500,692.33,692.34,691.47,691.72,5906982,0
SPY.US,5,20260120,153000,681.49,682.71,681.39,682.63,3266355,0
SPY.US,5,20260120,153500,682.65,682.92,681.86,682.46,2368505,0
SPY.US,5,20260120,154000,682.46,683.27,681.6,683.1801,2435994,0
SPY.US,5,20260120,154500,683.185,683.19,681.82,682.3,1875659,0
SPY.US,5,20260120,155000,682.2955,683.31,682.07,682.37,1643251,0
SPY.US,5,20260120,155500,682.375,682.92,681.975,682.31,1523341,0
SPY.US,5,20260120,160000,682.31,682.31,681.2,681.89,1714887,0
SPY.US,5,20260120,160500,681.91,682.29,680.96,681.12,1885522,0
SPY.US,5,20260120,161000,681.11,681.68,680.91,681.675,1215986,0
SPY.US,5,20260120,161500,681.67,682.05,681.2,681.285,1122446,0
SPY.US,5,20260120,162000,681.28,683.385,681.2,683.06,1520599,0
SPY.US,5,20260120,162500,683.055,684.01,683.04,683.8788,1440425,0
SPY.US,5,20260120,163000,683.85,684.62,683.67,684.52,1231029,0
SPY.US,5,20260120,163500,684.52,684.62,683.86,684.08,950816,0
SPY.US,5,20260120,164000,684.09,684.77,683.96,684.28,858764,0
SPY.US,5,20260120,164500,684.28,684.38,683.59,683.705,748728,0
SPY.US,5,20260120,165000,683.71,683.72,683.135,683.3019,945441,0
SPY.US,5,20260120,165500,683.3,683.88,682.93,683.8,995388,0
SPY.US,5,20260120,170000,683.81,684.21,683.36,683.465,1095727,0
SPY.US,5,20260120,170500,683.47,683.98,682.94,683.76,743126,0
SPY.US,5,20260120,171000,683.76,684.56,683.74,683.93,710293,0
SPY.US,5,20260120,171500,683.92,684,683.46,683.685,399713,0
SPY.US,5,20260120,172000,683.7,683.93,682.9766,682.99,485419,0
SPY.US,5,20260120,172500,682.97,683.89,682.58,683.85,897166,0
SPY.US,5,20260120,173000,683.84,683.87,683.2884,683.84,568219,0
SPY.US,5,20260120,173500,683.83,684.265,683.67,684.265,471806,0
SPY.US,5,20260120,174000,684.25,684.345,682.89,682.96,774720,0
SPY.US,5,20260120,174500,682.96,683.3,682.66,683.2937,602553,0
SPY.US,5,20260120,175000,683.29,683.82,682.32,682.49,1010941,0
SPY.US,5,20260120,175500,682.48,683.87,682.37,683.69,777494,0
SPY.US,5,20260120,180000,683.67,683.905,683.33,683.4,551301,0
SPY.US,5,20260120,180500,683.4,683.67,682.89,682.935,906252,0
SPY.US,5,20260120,181000,682.93,683.31,682.58,683.01,567204,0
SPY.US,5,20260120,181500,683,683.2,682.59,682.72,375817,0
SPY.US,5,20260120,182000,682.73,682.78,682.24,682.285,526082,0
SPY.US,5,20260120,182500,682.2848,682.625,682.12,682.4,555849,0
SPY.US,5,20260120,183000,682.39,682.39,681.505,681.6,742560,0
SPY.US,5,20260120,183500,681.6,682.01,681.37,681.71,796788,0
SPY.US,5,20260120,184000,681.71,682.21,681.3,681.34,589471,0
SPY.US,5,20260120,184500,681.34,681.345,680.64,680.715,967386,0
SPY.US,5,20260120,185000,680.72,681.16,680.45,680.975,762529,0
SPY.US,5,20260120,185500,680.96,681.24,680.77,681.08,543095,0
SPY.US,5,20260120,190000,681.08,681.48,680.93,680.978,586346,0
SPY.US,5,20260120,190500,680.985,681.25,680.88,680.89,281958,0
SPY.US,5,20260120,191000,680.9,681.425,680.86,681.135,432122,0
SPY.US,5,20260120,191500,681.13,681.15,680.67,680.85,342007,0
SPY.US,5,20260120,192000,680.85,680.855,680.37,680.4,473803,0
SPY.US,5,20260120,192500,680.4,680.63,680.225,680.29,399757,0
SPY.US,5,20260120,193000,680.28,680.42,679.75,679.85,826958,0
SPY.US,5,20260120,193500,679.83,680.055,679.36,679.42,755318,0
SPY.US,5,20260120,194000,679.42,679.59,679.073,679.13,660048,0
SPY.US,5,20260120,194500,679.13,679.28,678.89,678.9,688572,0
SPY.US,5,20260120,195000,678.89,678.89,678.025,678.1068,1034710,0
SPY.US,5,20260120,195500,678.105,679.2105,678.105,678.72,1241543,0
SPY.US,5,20260120,200000,678.73,679.27,678.665,678.715,1036881,0
SPY.US,5,20260120,200500,678.73,679.02,678.52,678.61,803187,0
SPY.US,5,20260120,201000,678.595,678.77,678.138,678.47,736789,0
SPY.US,5,20260120,201500,678.47,678.47,677.9,678.12,616971,0
SPY.US,5,20260120,202000,678.14,678.31,677.84,678.125,508185,0
SPY.US,5,20260120,202500,678.12,678.12,677.69,678.04,604164,0
SPY.US,5,20260120,203000,678.04,678.06,677.29,677.51,946792,0
SPY.US,5,20260120,203500,677.505,678.19,677.34,678.07,705027,0
SPY.US,5,20260120,204000,678.075,678.48,677.7401,677.85,813709,0
SPY.US,5,20260120,204500,677.85,677.98,677.625,677.8256,564848,0
SPY.US,5,20260120,205000,677.83,678.1396,677.5702,678.09,674259,0
SPY.US,5,20260120,205500,678.1,678.2,677.55,677.83,629600,0
SPY.US,5,20260120,210000,677.85,677.85,677.49,677.62,364870,0
SPY.US,5,20260120,210500,677.62,677.8367,677.38,677.47,737128,0
SPY.US,5,20260120,211000,677.47,677.89,676.9528,677.04,1185148,0
SPY.US,5,20260120,211500,677.04,678.15,676.97,677.56,1746301,0
SPY.US,5,20260120,212000,677.56,677.57,676.93,677.17,934520,0
SPY.US,5,20260120,212500,677.17,677.79,677.06,677.39,1650634,0
SPY.US,5,20260120,213000,677.4,677.74,677.12,677.44,1277932,0
SPY.US,5,20260120,213500,677.44,677.6,676.91,677.015,1460894,0
SPY.US,5,20260120,214000,677.015,677.22,676.64,676.97,1481927,0
SPY.US,5,20260120,214500,676.95,677.275,676.86,677.08,1543424,0
SPY.US,5,20260120,215000,677.1,677.41,676.58,676.81,2359800,0
SPY.US,5,20260120,215500,676.8,677.67,676.57,677.56,5161722,0
SPY.US,5,20260121,153000,679.65,680.46,679.19,679.53,3304417,0
SPY.US,5,20260121,153500,679.55,680.7,679.27,680.13,2332982,0
SPY.US,5,20260121,154000,680.13,680.235,678.97,680,2061154,0
SPY.US,5,20260121,154500,680.0023,681.275,680,681.17,1455890,0
SPY.US,5,20260121,155000,681.16,681.73,680.9,681.61,1393595,0
SPY.US,5,20260121,155500,681.6,682.675,681.54,682.51,1213406,0
SPY.US,5,20260121,160000,682.51,682.8,682.22,682.25,1247171,0
SPY.US,5,20260121,160500,682.27,682.81,682.1,682.15,953783,0
SPY.US,5,20260121,161000,682.145,682.38,681.65,682.27,1099927,0
SPY.US,5,20260121,161500,682.28,683.42,682.28,682.76,1172470,0
SPY.US,5,20260121,162000,682.76,682.91,682.03,682.73,831101,0
SPY.US,5,20260121,162500,682.76,683.13,682.25,683.02,699705,0
SPY.US,5,20260121,163000,683.02,683.98,682.94,683.77,1117446,0
SPY.US,5,20260121,163500,683.78,684.495,683.73,684.09,967287,0
SPY.US,5,20260121,164000,684.0912,684.605,684.02,684.48,721580,0
SPY.US,5,20260121,164500,684.48,685.075,684.48,684.69,899516,0
SPY.US,5,20260121,165000,684.71,685.1,684.62,685.08,768314,0
SPY.US,5,20260121,165500,685.08,685.13,684.67,684.7321,624070,0
SPY.US,5,20260121,170000,684.73,684.82,684.4,684.4,654001,0
SPY.US,5,20260121,170500,684.41,684.635,684.05,684.1637,846474,0
SPY.US,5,20260121,171000,684.15,684.84,684.06,684.18,838176,0
SPY.US,5,20260121,171500,684.18,684.61,684.02,684.1001,606184,0
SPY.US,5,20260121,172000,684.12,684.27,683.84,684.13,675823,0
SPY.US,5,20260121,172500,684.12,684.56,683.83,684.23,641776,0
SPY.US,5,20260121,173000,684.25,684.3,683.41,683.57,1271146,0
SPY.US,5,20260121,173500,683.565,683.61,681.79,681.86,1516924,0
SPY.US,5,20260121,174000,681.85,683.54,681.18,681.24,1884099,0
SPY.US,5,20260121,174500,681.25,681.92,680.95,681.65,1420990,0
SPY.US,5,20260121,175000,681.65,681.815,680.67,680.88,999915,0
SPY.US,5,20260121,175500,680.87,680.96,679.91,680.045,1295556,0
SPY.US,5,20260121,180000,680.05,680.74,679.95,679.99,1160314,0
SPY.US,5,20260121,180500,679.99,680.15,679.27,679.54,996061,0
SPY.US,5,20260121,181000,679.53,679.84,678.16,678.38,1220569,0
SPY.US,5,20260121,181500,678.37,679.74,678.13,679.33,1434841,0
SPY.US,5,20260121,182000,679.32,680.25,679.03,680.085,910702,0
SPY.US,5,20260121,182500,680.07,680.33,679.4,679.8423,796754,0
SPY.US,5,20260121,183000,679.85,679.87,679.03,679.47,784864,0
SPY.US,5,20260121,183500,679.42,679.9,679.01,679.64,627848,0
SPY.US,5,20260121,184000,679.63,680.03,679.28,679.2901,649549,0
SPY.US,5,20260121,184500,679.28,679.73,678.99,679.63,661772,0
SPY.US,5,20260121,185000,679.62,680.695,679.33,680.56,848935,0
SPY.US,5,20260121,185500,680.565,680.97,680.16,680.63,918718,0
SPY.US,5,20260121,190000,680.62,680.77,678.63,678.84,839371,0
SPY.US,5,20260121,190500,678.83,679.62,678.83,679.49,751014,0
SPY.US,5,20260121,191000,679.49,680.76,679.44,680.2,697350,0
SPY.US,5,20260121,191500,680.21,680.43,679.905,679.97,621692,0
SPY.US,5,20260121,192000,679.965,680.245,679.51,679.65,604666,0
SPY.US,5,20260121,192500,679.65,680.76,679.54,680.57,524885,0
SPY.US,5,20260121,193000,680.57,680.835,680.34,680.67,687168,0
SPY.US,5,20260121,193500,680.66,680.86,679.78,680.305,499149,0
SPY.US,5,20260121,194000,680.31,680.445,679.93,680.05,374559,0
SPY.US,5,20260121,194500,680.05,681.2,679.72,681.1,765271,0
SPY.US,5,20260121,195000,681.11,681.5,680.96,681.07,600983,0
SPY.US,5,20260121,195500,681.08,681.14,680.48,680.99,507316,0
SPY.US,5,20260121,200000,680.99,681.24,680.45,680.51,494396,0
SPY.US,5,20260121,200500,680.53,680.62,679.93,680.24,496805,0
SPY.US,5,20260121,201000,680.24,680.72,680.06,680.07,544886,0
SPY.US,5,20260121,201500,680.105,680.5399,679.87,680.37,423815,0
SPY.US,5,20260121,202000,680.38,680.95,680.07,680.84,429524,0
SPY.US,5,20260121,202500,680.82,685.02,680.38,684.75,2527498,0
SPY.US,5,20260121,203000,684.75,685.48,684.33,685.42,3407723,0
SPY.US,5,20260121,203500,685.415,686.68,685.26,686.37,2660657,0
SPY.US,5,20260121,204000,686.39,687.52,685.95,687.25,2243957,0
SPY.US,5,20260121,204500,687.25,688.28,687.23,688.22,2845892,0
SPY.US,5,20260121,205000,688.22,688.71,687.14,687.67,1811514,0
SPY.US,5,20260121,205500,687.68,688.51,687.54,688.475,1432254,0
SPY.US,5,20260121,210000,688.46,688.735,687.58,687.73,1381597,0
SPY.US,5,20260121,210500,687.73,687.89,686.94,687.36,1230170,0
SPY.US,5,20260121,211000,687.362,687.57,686.97,687.12,1241739,0
SPY.US,5,20260121,211500,687.12,687.26,686.16,686.32,1780921,0
SPY.US,5,20260121,212000,686.32,686.7,685.96,686.21,1289199,0
SPY.US,5,20260121,212500,686.2197,686.22,685.315,685.355,1226403,0
SPY.US,5,20260121,213000,685.355,685.935,684.75,685.77,2206678,0
SPY.US,5,20260121,213500,685.76,686.16,685.74,685.8,1214551,0
SPY.US,5,20260121,214000,685.81,686.08,685.32,685.45,1101698,0
SPY.US,5,20260121,214500,685.44,685.64,685.16,685.51,1362998,0
SPY.US,5,20260121,215000,685.52,685.53,684.63,685.28,2677477,0
SPY.US,5,20260121,215500,685.29,685.51,684.825,685.32,4203491,0
SPY.US,5,20260122,153000,689.85,690.36,689.44,689.945,2511592,0
SPY.US,5,20260122,153500,689.945,690.53,689.52,690.34,2136898,0
SPY.US,5,20260122,154000,690.34,690.67,688.92,689.385,2023042,0
SPY.US,5,20260122,154500,689.385,689.54,687.62,687.875,1852782,0
SPY.US,5,20260122,155000,687.8799,688.72,687.62,688.48,1392787,0
SPY.US,5,20260122,155500,688.48,688.605,687.38,687.89,1190429,0
SPY.US,5,20260122,160000,687.89,688.015,686.97,687.33,1563110,0
SPY.US,5,20260122,160500,687.32,687.555,686.92,687.33,893563,0
SPY.US,5,20260122,161000,687.36,687.87,687.08,687.3213,916450,0
SPY.US,5,20260122,161500,687.35,688.03,687.13,687.68,758139,0
SPY.US,5,20260122,162000,687.665,688.53,687.41,687.42,1013221,0
SPY.US,5,20260122,162500,687.41,688.61,687.28,688.45,719940,0
SPY.US,5,20260122,163000,688.44,688.9393,688.05,688.85,847176,0
SPY.US,5,20260122,163500,688.85,689.1199,688.66,688.965,558192,0
SPY.US,5,20260122,164000,688.985,689.24,688.61,689.225,394244,0
SPY.US,5,20260122,164500,689.22,689.49,689.095,689.1829,707434,0
SPY.US,5,20260122,165000,689.195,689.195,688.74,688.86,527380,0
SPY.US,5,20260122,165500,688.85,688.9988,688.58,688.63,523411,0
SPY.US,5,20260122,170000,688.62,689.18,688.58,689.12,548145,0
SPY.US,5,20260122,170500,689.12,689.46,688.99,689.37,536639,0
SPY.US,5,20260122,171000,689.38,689.73,689.204,689.68,506709,0
SPY.US,5,20260122,171500,689.67,689.85,689.23,689.57,505916,0
SPY.US,5,20260122,172000,689.57,689.8505,689.55,689.82,384683,0
SPY.US,5,20260122,172500,689.815,690.0469,689.695,689.8,559338,0
SPY.US,5,20260122,173000,689.8,689.96,689.62,689.861,374724,0
SPY.US,5,20260122,173500,689.86,689.97,689.67,689.9073,250646,0
SPY.US,5,20260122,174000,689.88,690.22,689.805,690.08,369251,0
SPY.US,5,20260122,174500,690.09,690.36,690.085,690.205,371455,0
SPY.US,5,20260122,175000,690.21,690.5,690.11,690.2201,365868,0
SPY.US,5,20260122,175500,690.22,690.22,689.65,689.715,440758,0
SPY.US,5,20260122,180000,689.71,690.05,689.405,690.0101,447680,0
SPY.US,5,20260122,180500,690.02,690.42,689.79,690.33,643699,0
SPY.US,5,20260122,181000,690.35,690.558,690.15,690.345,465512,0
SPY.US,5,20260122,181500,690.38,690.44,689.94,690.16,423926,0
SPY.US,5,20260122,182000,690.155,690.185,689.76,690.16,388415,0
SPY.US,5,20260122,182500,690.17,690.24,689.9,690.23,340777,0
SPY.US,5,20260122,183000,690.24,690.88,690.24,690.81,637987,0
SPY.US,5,20260122,183500,690.83,690.83,690.55,690.61,350753,0
SPY.US,5,20260122,184000,690.61,690.92,690.6,690.75,300756,0
SPY.US,5,20260122,184500,690.75,690.91,690.67,690.805,223310,0
SPY.US,5,20260122,185000,690.81,691.08,690.785,690.92,337404,0
SPY.US,5,20260122,185500,690.93,691.08,690.715,690.955,376426,0
SPY.US,5,20260122,190000,690.95,691.1,690.52,690.9501,637359,0
SPY.US,5,20260122,190500,690.96,691.125,690.78,690.88,359718,0
SPY.US,5,20260122,191000,690.88,690.885,690.37,690.46,413450,0
SPY.US,5,20260122,191500,690.47,690.65,690.27,690.4954,363351,0
SPY.US,5,20260122,192000,690.505,690.76,690.45,690.65,297208,0
SPY.US,5,20260122,192500,690.66,690.67,690.41,690.45,271812,0
SPY.US,5,20260122,193000,690.44,690.84,690.39,690.7,353789,0
SPY.US,5,20260122,193500,690.7011,690.79,690.58,690.76,177677,0
SPY.US,5,20260122,194000,690.76,690.78,690.29,690.36,314675,0
SPY.US,5,20260122,194500,690.36,690.62,690.355,690.47,303042,0
SPY.US,5,20260122,195000,690.47,690.5384,690.14,690.195,317883,0
SPY.US,5,20260122,195500,690.21,690.22,689.83,690.025,444370,0
SPY.US,5,20260122,200000,690.01,690.63,689.97,690.58,842071,0
SPY.US,5,20260122,200500,690.585,690.84,690.495,690.6919,533127,0
SPY.US,5,20260122,201000,690.7,690.96,690.54,690.7,488943,0
SPY.US,5,20260122,201500,690.7,690.76,690.5,690.655,343066,0
SPY.US,5,20260122,202000,690.66,690.87,690.565,690.81,335745,0
SPY.US,5,20260122,202500,690.81,690.85,690.6,690.66,321063,0
SPY.US,5,20260122,203000,690.66,690.735,690.34,690.37,487619,0
SPY.US,5,20260122,203500,690.3658,690.45,689.83,689.93,821837,0
SPY.US,5,20260122,204000,689.93,690.13,689.69,689.75,875286,0
SPY.US,5,20260122,204500,689.745,689.83,689.535,689.61,669135,0
SPY.US,5,20260122,205000,689.61,689.85,689.3799,689.4242,490248,0
SPY.US,5,20260122,205500,689.43,689.55,688.74,688.91,1031495,0
SPY.US,5,20260122,210000,688.77,689.15,688.67,689.02,898676,0
SPY.US,5,20260122,210500,689.015,689.195,688.82,688.875,650501,0
SPY.US,5,20260122,211000,688.88,689.225,688.86,689.19,624644,0
SPY.US,5,20260122,211500,689.19,689.51,689.075,689.2,601362,0
SPY.US,5,20260122,212000,689.2,689.3,688.8,688.85,597960,0
SPY.US,5,20260122,212500,688.845,688.85,688.13,688.1645,922010,0
SPY.US,5,20260122,213000,688.16,688.2605,687.725,687.92,1267267,0
SPY.US,5,20260122,213500,687.91,688.04,687.595,687.84,895467,0
SPY.US,5,20260122,214000,687.83,688.29,687.685,688.17,1041328,0
SPY.US,5,20260122,214500,688.18,688.61,688.17,688.59,999782,0
SPY.US,5,20260122,215000,688.6,688.9201,688.495,688.81,1429297,0
SPY.US,5,20260122,215500,688.81,689.045,688.655,688.73,4884139,0
SPY.US,5,20260123,153000,688.15,688.68,687.62,687.71,1597454,0
SPY.US,5,20260123,153500,687.72,688.125,687.235,687.42,1157600,0
SPY.US,5,20260123,154000,687.425,688.195,687.16,687.941,1233808,0
SPY.US,5,20260123,154500,688,688.45,687.3,687.34,862606,0
SPY.US,5,20260123,155000,687.335,688.13,687.27,687.94,718622,0
SPY.US,5,20260123,155500,687.946,688.81,687.885,688.77,771631,0
SPY.US,5,20260123,160000,688.83,689.44,688.77,689.2801,888862,0
SPY.US,5,20260123,160500,689.29,689.36,688.92,689.12,747058,0
SPY.US,5,20260123,161000,689.11,689.225,688.49,688.63,590782,0
SPY.US,5,20260123,161500,688.63,689,688.35,688.42,588087,0
SPY.US,5,20260123,162000,688.425,689.75,688.31,689.555,853964,0
SPY.US,5,20260123,162500,689.55,689.8501,689.1345,689.32,845313,0
SPY.US,5,20260123,163000,689.32,689.605,689.21,689.53,460445,0
SPY.US,5,20260123,163500,689.525,689.82,689.5,689.78,511854,0
SPY.US,5,20260123,164000,689.77,689.887,689.63,689.69,427062,0
SPY.US,5,20260123,164500,689.69,690.39,689.5303,690.31,678657,0
SPY.US,5,20260123,165000,690.32,690.48,690.08,690.45,492133,0
SPY.US,5,20260123,165500,690.47,690.71,690.36,690.48,827928,0
SPY.US,5,20260123,170000,690.48,690.96,690.47,690.8,875556,0
SPY.US,5,20260123,170500,690.8,690.84,690.21,690.635,693470,0
SPY.US,5,20260123,171000,690.62,690.73,690.46,690.58,428511,0
SPY.US,5,20260123,171500,690.595,690.81,690.355,690.67,394147,0
SPY.US,5,20260123,172000,690.66,690.665,690.225,690.43,417975,0
SPY.US,5,20260123,172500,690.42,690.55,689.92,690.07,337630,0
SPY.US,5,20260123,173000,690.06,690.31,689.42,689.65,636110,0
SPY.US,5,20260123,173500,689.66,690.569,689.515,690.44,509379,0
SPY.US,5,20260123,174000,690.43,690.605,690,690.4202,466185,0
SPY.US,5,20260123,174500,690.42,690.615,690.01,690.45,363804,0
SPY.US,5,20260123,175000,690.45,690.54,689.87,690.07,452456,0
SPY.US,5,20260123,175500,690.08,690.11,689.66,689.7401,547545,0
SPY.US,5,20260123,180000,689.7481,690.16,689.35,690.04,645583,0
SPY.US,5,20260123,180500,690.0344,690.125,689.73,689.88,296151,0
SPY.US,5,20260123,181000,689.9,690.26,689.82,690.245,325970,0
SPY.US,5,20260123,181500,690.245,690.3,689.79,690.03,344935,0
SPY.US,5,20260123,182000,690.02,690.11,689.75,689.78,285315,0
SPY.US,5,20260123,182500,689.78,690.35,689.7742,690.19,317159,0
SPY.US,5,20260123,183000,690.198,690.28,689.65,689.7185,485333,0
SPY.US,5,20260123,183500,689.715,690.0367,689.7,689.85,271770,0
SPY.US,5,20260123,184000,689.85,689.89,688.72,688.81,905796,0
SPY.US,5,20260123,184500,688.81,689.18,688.45,688.86,797648,0
SPY.US,5,20260123,185000,688.85,688.93,687.96,688.13,842900,0
SPY.US,5,20260123,185500,688.13,688.4986,687.73,687.965,718871,0
SPY.US,5,20260123,190000,687.99,688.46,687.86,688.35,761607,0
SPY.US,5,20260123,190500,688.345,688.8199,687.9,688.815,574864,0
SPY.US,5,20260123,191000,688.82,689.04,688.41,688.47,465226,0
SPY.US,5,20260123,191500,688.48,689.03,688.39,688.7754,454972,0
SPY.US,5,20260123,192000,688.77,689,688.4,688.8,311798,0
SPY.US,5,20260123,192500,688.79,689.135,688.765,688.92,308199,0
SPY.US,5,20260123,193000,688.94,689.13,688.418,688.55,382285,0
SPY.US,5,20260123,193500,688.545,689.28,688.52,689.105,357580,0
SPY.US,5,20260123,194000,689.11,689.14,688.69,688.74,305574,0
SPY.US,5,20260123,194500,688.74,688.94,688.37,688.82,302415,0
SPY.US,5,20260123,195000,688.8,689.01,688.56,688.79,310819,0
SPY.US,5,20260123,195500,688.8,689.13,688.7138,688.97,251280,0
SPY.US,5,20260123,200000,688.97,689.59,688.91,689.48,433246,0
SPY.US,5,20260123,200500,689.49,689.845,689.4109,689.715,538963,0
SPY.US,5,20260123,201000,689.715,689.8395,689.382,689.5,563662,0
SPY.US,5,20260123,201500,689.51,689.81,689.45,689.72,253221,0
SPY.US,5,20260123,202000,689.715,690.1995,689.65,690.015,545024,0
SPY.US,5,20260123,202500,690.02,690.15,689.54,689.5479,749968,0
SPY.US,5,20260123,203000,689.55,689.86,689.44,689.59,671541,0
SPY.US,5,20260123,203500,689.62,689.7972,689.15,689.25,500917,0
SPY.US,5,20260123,204000,689.25,689.595,688.94,689.46,599975,0
SPY.US,5,20260123,204500,689.47,689.59,689.19,689.19,290837,0
SPY.US,5,20260123,205000,689.19,689.54,689.135,689.375,388235,0
SPY.US,5,20260123,205500,689.37,689.66,689.35,689.54,384950,0
SPY.US,5,20260123,210000,689.53,689.585,689.2,689.225,667755,0
SPY.US,5,20260123,210500,689.23,689.39,688.84,688.85,519951,0
SPY.US,5,20260123,211000,688.84,689.27,688.51,689.15,688118,0
SPY.US,5,20260123,211500,689.16,689.55,689.14,689.36,546801,0
SPY.US,5,20260123,212000,689.35,689.38,689.01,689.07,441524,0
SPY.US,5,20260123,212500,689.07,689.15,688.81,688.845,470140,0
SPY.US,5,20260123,213000,688.84,688.919,688.55,688.86,851913,0
SPY.US,5,20260123,213500,688.845,688.97,688.57,688.93,747328,0
SPY.US,5,20260123,214000,688.93,689.35,688.92,689.23,725839,0
SPY.US,5,20260123,214500,689.225,689.42,689.14,689.41,820167,0
SPY.US,5,20260123,215000,689.4,689.46,688.84,689.075,1358843,0
SPY.US,5,20260123,215500,689.05,689.61,688.84,689.13,4187381,0
SPY.US,5,20260126,153000,690.49,691.325,689.92,691.27,1718266,0
SPY.US,5,20260126,153500,691.28,691.98,691.27,691.7,1586849,0
SPY.US,5,20260126,154000,691.71,692.29,691.4,692.19,1367585,0
SPY.US,5,20260126,154500,692.185,692.5446,692.15,692.21,985327,0
SPY.US,5,20260126,155000,692.21,692.63,692.07,692.38,994366,0
SPY.US,5,20260126,155500,692.385,692.63,692.22,692.265,637307,0
SPY.US,5,20260126,160000,692.26,692.37,691.98,692.21,612521,0
SPY.US,5,20260126,160500,692.21,692.39,691.94,691.96,397879,0
SPY.US,5,20260126,161000,691.97,692.67,691.75,692.58,627611,0
SPY.US,5,20260126,161500,692.585,693.14,692.49,693.095,837111,0
SPY.US,5,20260126,162000,693.1,693.4,693.1,693.35,933904,0
SPY.US,5,20260126,162500,693.35,693.36,692.51,692.55,922495,0
SPY.US,5,20260126,163000,692.54,693.07,692.38,692.85,660284,0
SPY.US,5,20260126,163500,692.82,693.02,692.65,692.78,374624,0
SPY.US,5,20260126,164000,692.78,692.815,692.23,692.31,680597,0
SPY.US,5,20260126,164500,692.3,693.115,692.3,692.93,480428,0
SPY.US,5,20260126,165000,692.94,693.3388,692.88,693.15,547673,0
SPY.US,5,20260126,165500,693.14,693.31,692.89,692.975,661589,0
SPY.US,5,20260126,170000,692.98,693.08,692.74,692.91,499513,0
SPY.US,5,20260126,170500,692.91,692.97,692.62,692.85,337532,0
SPY.US,5,20260126,171000,692.85,692.9375,692.645,692.83,332334,0
SPY.US,5,20260126,171500,692.82,692.888,692.39,692.49,334780,0
SPY.US,5,20260126,172000,692.48,693.035,692.23,692.95,600273,0
SPY.US,5,20260126,172500,692.96,693.28,692.87,693.105,427604,0
SPY.US,5,20260126,173000,693.11,693.36,692.96,692.97,459602,0
SPY.US,5,20260126,173500,692.97,693.25,692.84,693.02,466783,0
SPY.US,5,20260126,174000,693.02,693.12,692.865,692.925,220818,0
SPY.US,5,20260126,174500,692.91,693.11,692.775,692.97,336065,0
SPY.US,5,20260126,175000,692.98,693.2,692.92,693.1,278676,0
SPY.US,5,20260126,175500,693.11,693.23,692.985,693.125,195998,0
SPY.US,5,20260126,180000,693.12,693.68,693.03,693.5448,444199,0
SPY.US,5,20260126,180500,693.55,693.7099,693.4501,693.4501,432257,0
SPY.US,5,20260126,181000,693.46,693.57,693.295,693.495,224540,0
SPY.US,5,20260126,181500,693.495,693.6794,693.43,693.5,227101,0
SPY.US,5,20260126,182000,693.5,693.6601,693.4546,693.55,216905,0
SPY.US,5,20260126,182500,693.55,693.645,693.49,693.5,365724,0
SPY.US,5,20260126,183000,693.5068,693.568,693.24,693.3999,459388,0
SPY.US,5,20260126,183500,693.4,693.52,693.308,693.44,296621,0
SPY.US,5,20260126,184000,693.44,693.58,693.33,693.56,224489,0
SPY.US,5,20260126,184500,693.56,693.56,693.1,693.175,332150,0
SPY.US,5,20260126,185000,693.1758,693.385,693.03,693.26,272781,0
SPY.US,5,20260126,185500,693.27,693.3775,693.09,693.24,239585,0
SPY.US,5,20260126,190000,693.24,693.36,693.05,693.19,231912,0
SPY.US,5,20260126,190500,693.19,693.225,692.9,692.995,312686,0
SPY.US,5,20260126,191000,692.995,693.1301,692.972,693.055,218576,0
SPY.US,5,20260126,191500,693.05,693.485,692.935,693.4273,331684,0
SPY.US,5,20260126,192000,693.43,693.73,693.372,693.675,322439,0
SPY.US,5,20260126,192500,693.68,693.87,693.515,693.79,375362,0
SPY.US,5,20260126,193000,693.78,694.13,693.74,694.03,486586,0
SPY.US,5,20260126,193500,694.035,694.06,693.66,693.68,347430,0
SPY.US,5,20260126,194000,693.68,693.74,693.47,693.535,393099,0
SPY.US,5,20260126,194500,693.53,693.56,693.33,693.52,330944,0
SPY.US,5,20260126,195000,693.525,693.69,693.455,693.68,285545,0
SPY.US,5,20260126,195500,693.68,693.695,693.47,693.59,191905,0
SPY.US,5,20260126,200000,693.58,693.74,693.48,693.585,428332,0
SPY.US,5,20260126,200500,693.59,693.87,693.5,693.78,415417,0
SPY.US,5,20260126,201000,693.79,693.98,693.76,693.8179,391552,0
SPY.US,5,20260126,201500,693.81,693.91,693.71,693.81,286965,0
SPY.US,5,20260126,202000,693.81,693.82,693.46,693.53,292940,0
SPY.US,5,20260126,202500,693.545,693.85,693.48,693.82,351189,0
SPY.US,5,20260126,203000,693.825,693.925,693.66,693.715,412690,0
SPY.US,5,20260126,203500,693.72,693.83,693.57,693.75,292844,0
SPY.US,5,20260126,204000,693.75,694,693.69,693.8502,377125,0
SPY.US,5,20260126,204500,693.86,693.94,693.67,693.755,503103,0
SPY.US,5,20260126,205000,693.75,693.8401,693.6099,693.64,337463,0
SPY.US,5,20260126,205500,693.64,693.835,693.54,693.59,525032,0
SPY.US,5,20260126,210000,693.6,693.73,693.42,693.725,492583,0
SPY.US,5,20260126,210500,693.71,693.75,693.62,693.69,429319,0
SPY.US,5,20260126,211000,693.69,693.74,693.55,693.655,506683,0
SPY.US,5,20260126,211500,693.65,693.68,693.44,693.54,494250,0
SPY.US,5,20260126,212000,693.53,693.74,693.47,693.66,604318,0
SPY.US,5,20260126,212500,693.65,693.659,693.515,693.57,422450,0
SPY.US,5,20260126,213000,693.57,693.82,693.54,693.7103,621730,0
SPY.US,5,20260126,213500,693.71,693.87,693.66,693.68,698916,0
SPY.US,5,20260126,214000,693.68,693.72,693.43,693.595,1009209,0
SPY.US,5,20260126,214500,693.58,693.7867,693.52,693.66,969806,0
SPY.US,5,20260126,215000,693.66,693.66,692.9,693.055,2955700,0
SPY.US,5,20260126,215500,693.05,693.1,692.62,692.73,4235835,0
SPY.US,5,20260127,153000,694.18,694.34,693.84,694.21,1250403,0
SPY.US,5,20260127,153500,694.23,694.365,693.575,693.575,896946,0
SPY.US,5,20260127,154000,693.58,694.4,693.57,694.085,845510,0
SPY.US,5,20260127,154500,694.09,694.56,694.09,694.47,698180,0
SPY.US,5,20260127,155000,694.48,695.35,694.48,695.27,1134564,0
SPY.US,5,20260127,155500,695.27,695.48,695.14,695.17,830380,0
SPY.US,5,20260127,160000,695.18,695.44,695.06,695.12,585614,0
SPY.US,5,20260127,160500,695.115,695.27,694.51,695.245,1036680,0
SPY.US,5,20260127,161000,695.25,695.38,694.98,695.15,686873,0
SPY.US,5,20260127,161500,695.13,695.3,694.945,695.245,497265,0
SPY.US,5,20260127,162000,695.245,695.41,694.965,695.12,399875,0
SPY.US,5,20260127,162500,695.12,695.13,694.77,694.78,397649,0
SPY.US,5,20260127,163000,694.77,695.31,694.715,695.285,514111,0
SPY.US,5,20260127,163500,695.285,695.7,695.26,695.54,659916,0
SPY.US,5,20260127,164000,695.54,695.905,695.5,695.82,498633,0
SPY.US,5,20260127,164500,695.81,696.14,695.79,696.015,681545,0
SPY.US,5,20260127,165000,696.01,696.025,695.815,695.905,500198,0
SPY.US,5,20260127,165500,695.91,696.005,695.7413,696,302902,0
SPY.US,5,20260127,170000,696,696.16,695.98,696.09,457486,0
SPY.US,5,20260127,170500,696.08,696.23,696.005,696.09,582900,0
SPY.US,5,20260127,171000,696.09,696.27,696.06,696.215,422980,0
SPY.US,5,20260127,171500,696.215,696.4799,696.105,696.43,409800,0
SPY.US,5,20260127,172000,696.44,696.48,696.27,696.39,488915,0
SPY.US,5,20260127,172500,696.38,696.41,696.18,696.18,302575,0
SPY.US,5,20260127,173000,696.19,696.405,696.135,696.2501,442475,0
SPY.US,5,20260127,173500,696.26,696.48,696.22,696.41,418872,0
SPY.US,5,20260127,174000,696.41,696.53,696.3293,696.3293,405905,0
SPY.US,5,20260127,174500,696.3299,696.42,696.19,696.355,508467,0
SPY.US,5,20260127,175000,696.36,696.36,696.11,696.14,324791,0
SPY.US,5,20260127,175500,696.14,696.245,696.01,696.01,451364,0
SPY.US,5,20260127,180000,696.01,696.14,695.95,696.045,328545,0
SPY.US,5,20260127,180500,696.045,696.11,695.86,695.965,385560,0
SPY.US,5,20260127,181000,695.96,695.97,695.75,695.77,246139,0
SPY.US,5,20260127,181500,695.77,695.79,695.38,695.54,864563,0
SPY.US,5,20260127,182000,695.54,695.77,695.5,695.655,510019,0
SPY.US,5,20260127,182500,695.655,696.12,695.6399,695.9732,332250,0
SPY.US,5,20260127,183000,695.985,696.08,695.715,695.755,359785,0
SPY.US,5,20260127,183500,695.73,695.8,695.56,695.7199,217836,0
SPY.US,5,20260127,184000,695.72,695.95,695.595,695.67,308351,0
SPY.US,5,20260127,184500,695.67,695.79,695.57,695.7,259853,0
SPY.US,5,20260127,185000,695.7,695.77,695.505,695.54,293600,0
SPY.US,5,20260127,185500,695.55,695.585,695.38,695.425,220609,0
SPY.US,5,20260127,190000,695.42,695.45,694.91,695.1,514402,0
SPY.US,5,20260127,190500,695.08,695.195,694.93,695.09,396054,0
SPY.US,5,20260127,191000,695.09,695.4642,694.97,695.43,397223,0
SPY.US,5,20260127,191500,695.42,695.7,695.4,695.69,281777,0
SPY.US,5,20260127,192000,695.6913,695.97,695.675,695.95,297441,0
SPY.US,5,20260127,192500,695.95,695.959,695.67,695.795,215619,0
SPY.US,5,20260127,193000,695.795,696.165,695.795,696.011,424339,0
SPY.US,5,20260127,193500,696.02,696.025,695.82,695.8701,239189,0
SPY.US,5,20260127,194000,695.875,695.915,695.71,695.76,214868,0
SPY.US,5,20260127,194500,695.76,695.98,695.72,695.91,206723,0
SPY.US,5,20260127,195000,695.915,696.06,695.91,696.005,169327,0
SPY.US,5,20260127,195500,696.005,696.21,695.96,696.03,317041,0
SPY.US,5,20260127,200000,696.02,696.02,695.8,695.9099,444273,0
SPY.US,5,20260127,200500,695.925,695.98,695.74,695.855,232954,0
SPY.US,5,20260127,201000,695.84,696.05,695.76,695.965,260711,0
SPY.US,5,20260127,201500,695.96,696.06,695.92,695.98,210115,0
SPY.US,5,20260127,202000,695.97,696.1,695.96,696.08,184624,0
SPY.US,5,20260127,202500,696.08,696.2,696.025,696.17,250176,0
SPY.US,5,20260127,203000,696.17,696.36,696.17,696.21,395928,0
SPY.US,5,20260127,203500,696.22,696.22,696.1,696.185,422175,0
SPY.US,5,20260127,204000,696.18,696.2,696.035,696.16,333208,0
SPY.US,5,20260127,204500,696.16,696.17,696,696.145,176206,0
SPY.US,5,20260127,205000,696.14,696.19,696.03,696.15,227573,0
SPY.US,5,20260127,205500,696.145,696.165,696.025,696.075,269112,0
SPY.US,5,20260127,210000,696.07,696.19,696,696.1501,253479,0
SPY.US,5,20260127,210500,696.16,696.16,696.0233,696.12,278637,0
SPY.US,5,20260127,211000,696.125,696.4,696.12,696.37,592189,0
SPY.US,5,20260127,211500,696.365,696.38,696.185,696.28,527287,0
SPY.US,5,20260127,212000,696.27,696.355,696.155,696.1587,429126,0
SPY.US,5,20260127,212500,696.155,696.16,695.94,695.9999,568812,0
SPY.US,5,20260127,213000,695.99,696.09,695.81,696.0899,576670,0
SPY.US,5,20260127,213500,696.09,696.09,695.92,696.02,385436,0
SPY.US,5,20260127,214000,696.015,696.0578,695.84,695.975,602543,0
SPY.US,5,20260127,214500,695.96,696.16,695.82,696.14,983878,0
SPY.US,5,20260127,215000,696.14,696.18,695.64,695.685,1666461,0
SPY.US,5,20260127,215500,695.68,695.78,695.41,695.505,6073619,0
SPY.US,5,20260128,153000,697.05,697.7,697.01,697.345,1572727,0
SPY.US,5,20260128,153500,697.35,697.53,696.95,697.13,1378675,0
SPY.US,5,20260128,154000,697.135,697.7,697.075,697.645,1133771,0
SPY.US,5,20260128,154500,697.65,697.84,696.9,697.165,1200176,0
SPY.US,5,20260128,155000,697.16,697.71,697.1099,697.6901,676252,0
SPY.US,5,20260128,155500,697.69,697.695,697.07,697.12,743669,0
SPY.US,5,20260128,160000,697.11,697.32,696.79,697.02,795037,0
SPY.US,5,20260128,160500,697.03,697.075,696.46,696.62,788385,0
SPY.US,5,20260128,161000,696.615,696.645,696.1035,696.11,906557,0
SPY.US,5,20260128,161500,696.12,696.8,696.03,696.5299,772025,0
SPY.US,5,20260128,162000,696.5299,697.1,696.49,696.9,525082,0
SPY.US,5,20260128,162500,696.91,696.93,696.493,696.5101,444146,0
SPY.US,5,20260128,163000,696.5139,696.79,696.1417,696.155,516223,0
SPY.US,5,20260128,163500,696.16,696.73,696.12,696.61,429429,0
SPY.US,5,20260128,164000,696.61,696.64,695.78,695.8201,432285,0
SPY.US,5,20260128,164500,695.82,696.0602,695.71,695.8499,614596,0
SPY.US,5,20260128,165000,695.84,695.9,695.62,695.82,392101,0
SPY.US,5,20260128,165500,695.81,695.96,695.54,695.555,430648,0
SPY.US,5,20260128,170000,695.56,696.13,695.55,696.07,542323,0
SPY.US,5,20260128,170500,696.07,696.33,695.915,696.12,399968,0
SPY.US,5,20260128,171000,696.1201,696.305,695.84,696.005,275206,0
SPY.US,5,20260128,171500,696.015,696.12,695.7241,695.73,290374,0
SPY.US,5,20260128,172000,695.74,695.89,695.45,695.78,471241,0
SPY.US,5,20260128,172500,695.78,696.15,695.64,696.1242,403019,0
SPY.US,5,20260128,173000,696.12,696.12,695.33,695.385,543480,0
SPY.US,5,20260128,173500,695.39,695.52,695.22,695.37,381631,0
SPY.US,5,20260128,174000,695.37,695.38,694.78,694.86,497837,0
SPY.US,5,20260128,174500,694.85,695.175,694.83,695.08,585184,0
SPY.US,5,20260128,175000,695.09,695.1,694.495,694.6,550240,0
SPY.US,5,20260128,175500,694.605,694.97,694.575,694.7218,514139,0
SPY.US,5,20260128,180000,694.72,695.2198,694.69,695.065,460986,0
SPY.US,5,20260128,180500,695.06,695.21,694.77,695.052,338273,0
SPY.US,5,20260128,181000,695.06,695.52,695.04,695.455,414088,0
SPY.US,5,20260128,181500,695.46,695.62,695.22,695.5998,458804,0
SPY.US,5,20260128,182000,695.58,695.68,694.855,694.865,365695,0
SPY.US,5,20260128,182500,694.863,694.915,694.68,694.855,305837,0
SPY.US,5,20260128,183000,694.835,694.84,694.52,694.56,282823,0
SPY.US,5,20260128,183500,694.57,694.82,694.57,694.678,310276,0
SPY.US,5,20260128,184000,694.67,695,694.52,694.86,418120,0
SPY.US,5,20260128,184500,694.84,695.095,694.705,694.95,327836,0
SPY.US,5,20260128,185000,694.94,695.41,694.92,695.4058,313112,0
SPY.US,5,20260128,185500,695.41,695.435,694.82,694.85,303260,0
SPY.US,5,20260128,190000,694.84,695.07,694.56,695.04,341654,0
SPY.US,5,20260128,190500,695.045,695.26,695,695.085,225378,0
SPY.US,5,20260128,191000,695.08,695.2,694.81,695.1751,261486,0
SPY.US,5,20260128,191500,695.18,695.36,695.11,695.315,193515,0
SPY.US,5,20260128,192000,695.315,695.43,695.18,695.2599,196409,0
SPY.US,5,20260128,192500,695.25,695.3,695.08,695.15,234218,0
SPY.US,5,20260128,193000,695.16,695.2706,695.01,695.05,210423,0
SPY.US,5,20260128,193500,695.04,695.31,694.89,694.89,185321,0
SPY.US,5,20260128,194000,694.9,695.175,694.88,695,207419,0
SPY.US,5,20260128,194500,695.01,695.04,694.765,694.905,239361,0
SPY.US,5,20260128,195000,694.905,695.17,694.86,694.97,306975,0
SPY.US,5,20260128,195500,694.97,695.22,694.89,695.11,337822,0
SPY.US,5,20260128,200000,695.09,695.6499,694.046,694.99,1105987,0
SPY.US,5,20260128,200500,694.97,695.27,694.67,695.07,417977,0
SPY.US,5,20260128,201000,695.06,695.33,694.81,694.915,426689,0
SPY.US,5,20260128,201500,694.908,695.07,694.58,694.98,373548,0
SPY.US,5,20260128,202000,694.97,695.31,694.55,695.22,337899,0
SPY.US,5,20260128,202500,695.23,695.36,694.39,694.45,363483,0
SPY.US,5,20260128,203000,694.415,696.07,693.94,694.98,1907658,0
SPY.US,5,20260128,203500,694.97,695.52,694.67,694.69,942864,0
SPY.US,5,20260128,204000,694.71,694.95,694.17,694.69,785705,0
SPY.US,5,20260128,204500,694.68,695.73,694.55,695.4385,710464,0
SPY.US,5,20260128,205000,695.43,695.84,695.18,695.67,514827,0
SPY.US,5,20260128,205500,695.66,695.7,694.87,694.89,432940,0
SPY.US,5,20260128,210000,694.9,695.68,694.78,695.52,425611,0
SPY.US,5,20260128,210500,695.52,696.01,695.485,695.94,504805,0
SPY.US,5,20260128,211000,695.95,696.19,695.745,695.79,623592,0
SPY.US,5,20260128,211500,695.77,695.97,695.535,695.92,513182,0
SPY.US,5,20260128,212000,695.93,696.285,695.75,696.105,503851,0
SPY.US,5,20260128,212500,696.1,696.105,695.41,695.4542,581504,0
SPY.US,5,20260128,213000,695.44,695.59,695.12,695.12,694214,0
SPY.US,5,20260128,213500,695.12,695.665,695.08,695.525,740634,0
SPY.US,5,20260128,214000,695.54,695.57,695.1,695.15,744765,0
SPY.US,5,20260128,214500,695.15,695.52,694.97,695.01,1021641,0
SPY.US,5,20260128,215000,695.01,695.96,694.75,695.75,1769511,0
SPY.US,5,20260128,215500,695.76,696.135,695.09,695.56,3021239,0
SPY.US,5,20260129,153000,696.39,697.06,695.66,695.915,1890997,0
SPY.US,5,20260129,153500,695.92,695.96,694.89,695.38,1678640,0
SPY.US,5,20260129,154000,695.392,695.57,693.17,693.2,1900084,0
SPY.US,5,20260129,154500,693.175,694.02,692.23,693.67,2164833,0
SPY.US,5,20260129,155000,693.68,693.68,692.15,692.99,1241656,0
SPY.US,5,20260129,155500,692.99,693.31,691.47,691.55,1325447,0
SPY.US,5,20260129,160000,691.55,691.64,689.63,690.395,2219828,0
SPY.US,5,20260129,160500,690.395,690.87,689.92,690.09,1355564,0
SPY.US,5,20260129,161000,690.11,690.88,688.96,689.16,1611874,0
SPY.US,5,20260129,161500,689.17,690.18,689.13,689.51,1166175,0
SPY.US,5,20260129,162000,689.5,690.77,689.26,690.12,1239829,0
SPY.US,5,20260129,162500,690.14,690.79,688.86,688.97,1377759,0
SPY.US,5,20260129,163000,688.97,689.31,687.89,688.0799,1459499,0
SPY.US,5,20260129,163500,688.08,688.14,687.35,687.57,1632368,0
SPY.US,5,20260129,164000,687.57,687.62,686.3,686.56,1688248,0
SPY.US,5,20260129,164500,686.56,687.29,686.33,686.53,1561410,0
SPY.US,5,20260129,165000,686.53,686.53,685.24,685.37,1535548,0
SPY.US,5,20260129,165500,685.38,686.92,685.2,686.05,1515529,0
SPY.US,5,20260129,170000,686.06,686.32,685.16,685.225,1268908,0
SPY.US,5,20260129,170500,685.23,685.83,684.83,685.73,1279821,0
SPY.US,5,20260129,171000,685.73,687.64,685.28,687.6,1598156,0
SPY.US,5,20260129,171500,687.6,688.1899,687.36,688.02,1454183,0
SPY.US,5,20260129,172000,688.03,688.655,687.28,687.85,1323220,0
SPY.US,5,20260129,172500,687.82,688.34,687.39,687.92,1096708,0
SPY.US,5,20260129,173000,687.92,688.69,687.82,688.15,747837,0
SPY.US,5,20260129,173500,688.13,688.68,687.88,688.395,686362,0
SPY.US,5,20260129,174000,688.395,689.02,688.16,688.47,817079,0
SPY.US,5,20260129,174500,688.48,689.04,688.15,688.74,991283,0
SPY.US,5,20260129,175000,688.735,688.99,688.21,688.53,725891,0
SPY.US,5,20260129,175500,688.52,688.89,688.235,688.69,467898,0
SPY.US,5,20260129,180000,688.71,689.82,688.64,689.52,746598,0
SPY.US,5,20260129,180500,689.5,689.89,689.37,689.62,638392,0
SPY.US,5,20260129,181000,689.615,690.84,689.57,690.58,683828,0
SPY.US,5,20260129,181500,690.59,690.9,690.33,690.82,731096,0
SPY.US,5,20260129,182000,690.82,691.36,690.69,691.12,926316,0
SPY.US,5,20260129,182500,691.12,691.34,690.71,691.0301,571772,0
SPY.US,5,20260129,183000,691.02,691.35,690.81,691.1,546496,0
SPY.US,5,20260129,183500,691.1,691.675,691.031,691.18,509569,0
SPY.US,5,20260129,184000,691.18,691.18,690.16,690.71,1126838,0
SPY.US,5,20260129,184500,690.71,690.74,689.7,690.14,654951,0
SPY.US,5,20260129,185000,690.14,690.21,688.7381,688.8499,757450,0
SPY.US,5,20260129,185500,688.85,689.44,688.71,688.89,711200,0
SPY.US,5,20260129,190000,688.88,690.015,688.71,689.75,691760,0
SPY.US,5,20260129,190500,689.78,690.745,689.73,690.3,654305,0
SPY.US,5,20260129,191000,690.3,691.15,690.3,690.89,895467,0
SPY.US,5,20260129,191500,690.88,690.95,690.375,690.53,566780,0
SPY.US,5,20260129,192000,690.53,690.8875,690.23,690.75,394100,0
SPY.US,5,20260129,192500,690.74,691.03,690.31,690.97,425935,0
SPY.US,5,20260129,193000,690.98,690.99,690.19,690.71,695946,0
SPY.US,5,20260129,193500,690.71,691.35,690.59,691.31,613364,0
SPY.US,5,20260129,194000,691.305,691.81,691.16,691.31,701150,0
SPY.US,5,20260129,194500,691.34,691.4,690.94,691.32,376954,0
SPY.US,5,20260129,195000,691.3142,691.55,691.03,691.14,399723,0
SPY.US,5,20260129,195500,691.14,691.435,690.57,690.59,549400,0
SPY.US,5,20260129,200000,690.59,691.2,690.225,691,999491,0
SPY.US,5,20260129,200500,691.02,691.8,690.97,691.53,783229,0
SPY.US,5,20260129,201000,691.525,691.86,691.37,691.58,699542,0
SPY.US,5,20260129,201500,691.57,692.21,691.395,691.85,712781,0
SPY.US,5,20260129,202000,691.86,692.035,691.72,692.01,445826,0
SPY.US,5,20260129,202500,692.02,692.14,691.855,692.07,440896,0
SPY.US,5,20260129,203000,692.07,692.225,691.21,691.33,960071,0
SPY.US,5,20260129,203500,691.34,691.93,691.305,691.5201,567464,0
SPY.US,5,20260129,204000,691.57,691.845,691.53,691.74,463855,0
SPY.US,5,20260129,204500,691.735,691.915,691.22,691.32,454431,0
SPY.US,5,20260129,205000,691.32,691.73,691.31,691.69,417304,0
SPY.US,5,20260129,205500,691.7,691.865,691.08,691.12,698100,0
SPY.US,5,20260129,210000,691.135,691.66,691.045,691.44,539915,0
SPY.US,5,20260129,210500,691.445,691.96,691.375,691.86,525489,0
SPY.US,5,20260129,211000,691.8575,691.935,691.57,691.57,546061,0
SPY.US,5,20260129,211500,691.55,691.755,691.43,691.74,527828,0
SPY.US,5,20260129,212000,691.745,691.88,691.56,691.84,516066,0
SPY.US,5,20260129,212500,691.84,692.05,691.51,691.57,897575,0
SPY.US,5,20260129,213000,691.58,691.93,691.39,691.93,682823,0
SPY.US,5,20260129,213500,691.94,692.875,691.83,692.625,1019907,0
SPY.US,5,20260129,214000,692.63,692.83,692.38,692.63,1463387,0
SPY.US,5,20260129,214500,692.62,692.88,692.46,692.835,1411332,0
SPY.US,5,20260129,215000,692.84,693.74,692.84,693.71,2726344,0
SPY.US,5,20260129,215500,693.71,694.79,693.58,693.97,4853482,0
SPY.US,5,20260130,153000,691.79,693.33,691.33,693.07,2179126,0
SPY.US,5,20260130,153500,693.07,693.54,692.36,693.54,988454,0
SPY.US,5,20260130,154000,693.53,693.71,692.59,692.64,868602,0
SPY.US,5,20260130,154500,692.64,692.95,691.83,692.59,1112112,0
SPY.US,5,20260130,155000,692.61,693.3,691.94,692.31,917293,0
SPY.US,5,20260130,155500,692.315,692.93,691.222,691.72,920808,0
SPY.US,5,20260130,160000,691.67,692.62,691.64,691.8,893461,0
SPY.US,5,20260130,160500,691.79,693.49,691.695,693.33,883343,0
SPY.US,5,20260130,161000,693.33,694.05,692.76,693.44,893442,0
SPY.US,5,20260130,161500,693.45,693.8,693.09,693.22,512176,0
SPY.US,5,20260130,162000,693.22,693.59,692.56,692.71,622616,0
SPY.US,5,20260130,162500,692.74,692.76,691.24,691.385,762769,0
SPY.US,5,20260130,163000,691.38,691.84,690.89,691.75,847131,0
SPY.US,5,20260130,163500,691.75,693.27,691.75,693,801014,0
SPY.US,5,20260130,164000,693.02,693.78,692.94,693.5,473860,0
SPY.US,5,20260130,164500,693.5001,694.21,693.37,693.52,1006094,0
SPY.US,5,20260130,165000,693.525,693.65,692.28,692.68,579831,0
SPY.US,5,20260130,165500,692.69,692.79,691.93,692.1399,602288,0
SPY.US,5,20260130,170000,692.12,692.35,691.8,691.995,445293,0
SPY.US,5,20260130,170500,692,692.69,691.69,691.88,496228,0
SPY.US,5,20260130,171000,691.885,692.25,691.63,691.9772,503117,0
SPY.US,5,20260130,171500,691.9699,691.975,690.94,691.075,599101,0
SPY.US,5,20260130,172000,691.075,691.17,690.32,690.47,862270,0
SPY.US,5,20260130,172500,690.49,691.5425,690.255,691.06,793014,0
SPY.US,5,20260130,173000,691.05,691.84,690.8576,690.98,570767,0
SPY.US,5,20260130,173500,690.94,691.94,690.86,691.2952,423646,0
SPY.US,5,20260130,174000,691.27,692.43,691.235,691.89,513714,0
SPY.US,5,20260130,174500,691.9,691.93,691.2,691.41,400847,0
SPY.US,5,20260130,175000,691.43,691.53,690.71,691.35,463196,0
SPY.US,5,20260130,175500,691.35,691.39,690.38,690.672,421277,0
SPY.US,5,20260130,180000,690.66,690.77,689.59,689.64,688327,0
SPY.US,5,20260130,180500,689.64,689.72,688.73,689.125,923103,0
SPY.US,5,20260130,181000,689.125,689.72,689.025,689.11,789895,0
SPY.US,5,20260130,181500,689.12,689.54,688.89,689.45,671973,0
SPY.US,5,20260130,182000,689.44,690.74,689.26,690.33,859867,0
SPY.US,5,20260130,182500,690.33,691.19,690.15,691.08,584604,0
SPY.US,5,20260130,183000,691.08,691.53,690.27,690.39,709079,0
SPY.US,5,20260130,183500,690.355,690.84,689.57,690.16,649604,0
SPY.US,5,20260130,184000,690.13,690.55,689.745,690.51,397893,0
SPY.US,5,20260130,184500,690.52,691.14,689.97,690.4,553134,0
SPY.US,5,20260130,185000,690.39,690.735,689.77,689.84,405294,0
SPY.US,5,20260130,185500,689.83,690.48,689.13,689.17,430909,0
SPY.US,5,20260130,190000,689.15,689.8,688.88,689.64,511160,0
SPY.US,5,20260130,190500,689.63,690.28,689.47,689.62,440703,0
SPY.US,5,20260130,191000,689.6,689.67,689.12,689.2301,386108,0
SPY.US,5,20260130,191500,689.23,689.38,688.08,688.12,625962,0
SPY.US,5,20260130,192000,688.12,688.43,687.12,688.25,1354771,0
SPY.US,5,20260130,192500,688.24,689.5395,688.24,689.45,713806,0
SPY.US,5,20260130,193000,689.47,689.67,687.85,687.95,539212,0
SPY.US,5,20260130,193500,687.96,688.93,687.88,688.63,480054,0
SPY.US,5,20260130,194000,688.64,689.15,688.53,688.86,398763,0
SPY.US,5,20260130,194500,688.85,690.03,688.78,689.98,564271,0
SPY.US,5,20260130,195000,690,691.09,689.93,691.04,841933,0
SPY.US,5,20260130,195500,691.04,692.08,690.89,691.38,676529,0
SPY.US,5,20260130,200000,691.37,692.18,691.35,691.89,830834,0
SPY.US,5,20260130,200500,691.89,692.7,691.81,692.09,894193,0
SPY.US,5,20260130,201000,692.1,692.34,691.48,691.96,707613,0
SPY.US,5,20260130,201500,691.965,692.165,691.59,691.83,769308,0
SPY.US,5,20260130,202000,691.83,692.43,691.82,692.13,543810,0
SPY.US,5,20260130,202500,692.13,692.7,691.5,691.6,810880,0
SPY.US,5,20260130,203000,691.6,692.05,690.56,691.78,1207157,0
SPY.US,5,20260130,203500,691.73,692.02,691.4066,691.61,544600,0
SPY.US,5,20260130,204000,691.63,691.92,691.24,691.29,498478,0
SPY.US,5,20260130,204500,691.29,691.405,690.76,690.85,672313,0
SPY.US,5,20260130,205000,690.84,692.01,690.84,691.985,771181,0
SPY.US,5,20260130,205500,691.97,692.28,690.4458,690.545,600947,0
SPY.US,5,20260130,210000,690.565,691.21,690.48,690.78,569774,0
SPY.US,5,20260130,210500,690.8,690.86,689.96,690.49,579126,0
SPY.US,5,20260130,211000,690.49,690.68,689.96,690.04,500044,0
SPY.US,5,20260130,211500,690.02,690.03,689.57,689.76,708673,0
SPY.US,5,20260130,212000,689.73,690.01,689.3,689.99,697388,0
SPY.US,5,20260130,212500,689.98,690.44,689.59,690.04,811726,0
SPY.US,5,20260130,213000,690.07,690.81,689.97,690.57,786164,0
SPY.US,5,20260130,213500,690.56,690.99,690.08,690.57,819878,0
SPY.US,5,20260130,214000,690.58,691.3,690.44,691.14,944951,0
SPY.US,5,20260130,214500,691.15,692.59,691.09,692.57,1857227,0
SPY.US,5,20260130,215000,692.55,692.8262,690.96,691.32,3394919,0
SPY.US,5,20260130,215500,691.31,692.09,690.82,691.88,5786411,0
SPY.US,5,20260202,153000,689.58,691.23,689.425,691.23,2794350,0
SPY.US,5,20260202,153500,691.23,692.24,690.95,691.94,2143443,0
SPY.US,5,20260202,154000,691.945,692.73,691.54,692.59,1455359,0
SPY.US,5,20260202,154500,692.59,692.99,692.31,692.88,1146195,0
SPY.US,5,20260202,155000,692.87,693.84,692.87,693.375,1639820,0
SPY.US,5,20260202,155500,693.37,693.58,692.1,692.695,1088624,0
SPY.US,5,20260202,160000,692.69,693.76,692.31,693.76,894242,0
SPY.US,5,20260202,160500,693.77,694.545,693.64,694.5,1621962,0
SPY.US,5,20260202,161000,694.5,695.23,694.24,695.12,1648986,0
SPY.US,5,20260202,161500,695.11,695.58,694.76,695.48,1556342,0
SPY.US,5,20260202,162000,695.475,695.67,695.11,695.2101,1001548,0
SPY.US,5,20260202,162500,695.22,695.4,694.57,694.685,1087661,0
SPY.US,5,20260202,163000,694.685,695.22,694.4599,695.15,922454,0
SPY.US,5,20260202,163500,695.15,695.75,695.04,695.7,812331,0
SPY.US,5,20260202,164000,695.71,695.75,694.88,695.1,757954,0
SPY.US,5,20260202,164500,695.11,695.14,694.68,694.69,603599,0
SPY.US,5,20260202,165000,694.69,695.23,694.47,695.01,746648,0
SPY.US,5,20260202,165500,695.01,695.06,694.355,694.735,724710,0
SPY.US,5,20260202,170000,694.73,694.8196,694.16,694.27,691310,0
SPY.US,5,20260202,170500,694.255,694.85,693.92,694.82,734116,0
SPY.US,5,20260202,171000,694.82,695.14,694.67,695.08,589321,0
SPY.US,5,20260202,171500,695.08,695.47,694.915,695.23,624035,0
SPY.US,5,20260202,172000,695.235,695.68,695.15,695.44,702728,0
SPY.US,5,20260202,172500,695.44,695.6,695.1,695.55,575805,0
SPY.US,5,20260202,173000,695.56,695.57,695.06,695.46,446751,0
SPY.US,5,20260202,173500,695.46,695.54,695.2,695.24,403616,0
SPY.US,5,20260202,174000,695.24,695.27,694.89,695.14,351232,0
SPY.US,5,20260202,174500,695.15,695.17,694.49,694.9,448712,0
SPY.US,5,20260202,175000,694.91,695.33,694.72,695.27,331661,0
SPY.US,5,20260202,175500,695.26,695.86,695.26,695.75,526854,0
SPY.US,5,20260202,180000,695.75,696.31,695.64,696.29,779459,0
SPY.US,5,20260202,180500,696.28,696.355,696.005,696.315,502600,0
SPY.US,5,20260202,181000,696.32,696.52,696.14,696.16,640434,0
SPY.US,5,20260202,181500,696.17,696.41,696.01,696.33,483020,0
SPY.US,5,20260202,182000,696.33,696.36,695.94,696.127,331594,0
SPY.US,5,20260202,182500,696.13,696.265,696.02,696.225,195823,0
SPY.US,5,20260202,183000,696.2275,696.55,696.15,696.42,391987,0
SPY.US,5,20260202,183500,696.43,696.62,696.205,696.39,357304,0
SPY.US,5,20260202,184000,696.39,696.405,696.05,696.295,257447,0
SPY.US,5,20260202,184500,696.29,696.42,696.25,696.395,192336,0
SPY.US,5,20260202,185000,696.41,696.72,696.255,696.68,216819,0
SPY.US,5,20260202,185500,696.68,696.93,696.36,696.405,552076,0
SPY.US,5,20260202,190000,696.41,696.7199,696.41,696.615,389280,0
SPY.US,5,20260202,190500,696.62,696.65,696.38,696.49,334852,0
SPY.US,5,20260202,191000,696.515,696.56,696.225,696.265,327549,0
SPY.US,5,20260202,191500,696.2601,696.3,695.99,696.055,347588,0
SPY.US,5,20260202,192000,696.07,696.14,695.685,696.1,536384,0
SPY.US,5,20260202,192500,696.1,696.25,695.955,696.0601,244722,0
SPY.US,5,20260202,193000,696.07,696.22,696.025,696.09,252721,0
SPY.US,5,20260202,193500,696.09,696.35,696.07,696.105,265322,0
SPY.US,5,20260202,194000,696.11,696.51,696.06,696.43,315916,0
SPY.US,5,20260202,194500,696.42,696.76,696.42,696.66,283102,0
SPY.US,5,20260202,195000,696.66,696.68,696.49,696.52,292411,0
SPY.US,5,20260202,195500,696.52,696.67,696.43,696.49,285882,0
SPY.US,5,20260202,200000,696.49,696.7,696.36,696.68,479837,0
SPY.US,5,20260202,200500,696.67,696.77,696.625,696.715,349742,0
SPY.US,5,20260202,201000,696.72,696.88,696.715,696.72,499093,0
SPY.US,5,20260202,201500,696.715,696.855,696.64,696.715,462771,0
SPY.US,5,20260202,202000,696.715,696.84,696.62,696.775,329441,0
SPY.US,5,20260202,202500,696.775,696.83,696.635,696.79,421587,0
SPY.US,5,20260202,203000,696.785,696.79,696.31,696.55,632619,0
SPY.US,5,20260202,203500,696.545,696.55,696.24,696.29,419867,0
SPY.US,5,20260202,204000,696.28,696.57,696.165,696.55,380603,0
SPY.US,5,20260202,204500,696.5499,696.7201,696.3417,696.3524,504205,0
SPY.US,5,20260202,205000,696.36,696.42,696.15,696.2799,624263,0
SPY.US,5,20260202,205500,696.27,696.78,695.63,695.77,858379,0
SPY.US,5,20260202,210000,695.76,696.24,695.02,695.99,2252527,0
SPY.US,5,20260202,210500,695.99,696.47,695.94,696.28,923946,0
SPY.US,5,20260202,211000,696.2899,696.47,695.77,695.79,1132657,0
SPY.US,5,20260202,211500,695.7925,696.11,695.46,695.88,1159159,0
SPY.US,5,20260202,212000,695.89,696.25,695.84,696.215,854148,0
SPY.US,5,20260202,212500,696.21,696.23,695.7,695.81,700590,0
SPY.US,5,20260202,213000,695.8086,695.96,695.67,695.68,762517,0
SPY.US,5,20260202,213500,695.68,695.74,695.37,695.465,678596,0
SPY.US,5,20260202,214000,695.46,695.57,695.23,695.31,1080947,0
SPY.US,5,20260202,214500,695.3,695.81,695.21,695.63,1688218,0
SPY.US,5,20260202,215000,695.63,695.75,695.08,695.38,2512845,0
SPY.US,5,20260202,215500,695.375,695.725,695.27,695.41,6548364,0
SPY.US,5,20260203,153000,696.21,696.96,695.66,696.09,2177063,0
SPY.US,5,20260203,153500,696.1,696.5122,695.42,695.73,1729751,0
SPY.US,5,20260203,154000,695.73,696.34,694.905,695.19,1942718,0
SPY.US,5,20260203,154500,695.2,696.15,695.05,696.075,1105874,0
SPY.US,5,20260203,155000,696.05,696.1,695.09,695.16,987622,0
SPY.US,5,20260203,155500,695.16,695.17,693.34,693.48,2046279,0
SPY.US,5,20260203,160000,693.505,693.72,692.165,692.91,2736342,0
SPY.US,5,20260203,160500,692.9,693.4049,692.055,692.96,1640054,0
SPY.US,5,20260203,161000,692.97,693.01,691.62,691.91,1411389,0
SPY.US,5,20260203,161500,691.93,692.835,691.79,692.455,965356,0
SPY.US,5,20260203,162000,692.44,692.92,690.93,690.96,1119035,0
SPY.US,5,20260203,162500,690.96,692.5,690.8,692.195,1297215,0
SPY.US,5,20260203,163000,692.205,692.6,691.55,691.615,1057918,0
SPY.US,5,20260203,163500,691.615,692.09,691.06,692.07,844486,0
SPY.US,5,20260203,164000,692.08,692.24,691.33,691.35,756063,0
SPY.US,5,20260203,164500,691.35,692.775,690.93,692.76,1137697,0
SPY.US,5,20260203,165000,692.75,693.26,692.01,692.85,1245447,0
SPY.US,5,20260203,165500,692.835,693.43,692.76,693.14,978347,0
SPY.US,5,20260203,170000,693.14,693.19,692.2876,692.32,636106,0
SPY.US,5,20260203,170500,692.32,692.67,692.09,692.17,466759,0
SPY.US,5,20260203,171000,692.16,692.6559,691.87,692.02,588775,0
SPY.US,5,20260203,171500,692.02,692.39,691.69,691.85,578279,0
SPY.US,5,20260203,172000,691.83,692.05,690.75,690.905,731433,0
SPY.US,5,20260203,172500,690.9,691.6499,690.67,690.8,795609,0
SPY.US,5,20260203,173000,690.81,691.18,690.39,691.07,929196,0
SPY.US,5,20260203,173500,691.07,691.44,690.58,690.8999,623476,0
SPY.US,5,20260203,174000,690.9,691.17,690.7,690.98,520036,0
SPY.US,5,20260203,174500,690.98,691.4499,690.64,691.15,534653,0
SPY.US,5,20260203,175000,691.15,691.15,690.27,690.78,757814,0
SPY.US,5,20260203,175500,690.77,691.04,690.57,690.64,590682,0
SPY.US,5,20260203,180000,690.64,690.74,690.31,690.49,699783,0
SPY.US,5,20260203,180500,690.49,690.59,689.99,690.55,748976,0
SPY.US,5,20260203,181000,690.535,690.69,688.61,689.12,2009617,0
SPY.US,5,20260203,181500,689.12,689.93,688.94,689.28,1466970,0
SPY.US,5,20260203,182000,689.28,689.96,689.01,689.8425,822948,0
SPY.US,5,20260203,182500,689.84,690.12,688.825,688.83,561172,0
SPY.US,5,20260203,183000,688.82,688.94,688.14,688.15,863226,0
SPY.US,5,20260203,183500,688.15,688.41,687.91,688.13,901022,0
SPY.US,5,20260203,184000,688.12,688.12,687.39,687.63,1129422,0
SPY.US,5,20260203,184500,687.62,688.34,687.45,688.09,921138,0
SPY.US,5,20260203,185000,688.1,688.73,687.465,687.93,760525,0
SPY.US,5,20260203,185500,687.93,688.115,687.63,687.7,575780,0
SPY.US,5,20260203,190000,687.7,688.07,687.47,687.505,586689,0
SPY.US,5,20260203,190500,687.5,688.55,687.39,687.99,1236272,0
SPY.US,5,20260203,191000,687.98,687.98,686.42,686.72,1002444,0
SPY.US,5,20260203,191500,686.72,687.27,686.57,687.25,837618,0
SPY.US,5,20260203,192000,687.24,687.37,686.66,686.68,557541,0
SPY.US,5,20260203,192500,686.68,686.82,686.24,686.31,707959,0
SPY.US,5,20260203,193000,686.325,686.41,685.72,686.02,842310,0
SPY.US,5,20260203,193500,686.03,686.41,685.57,686.41,596070,0
SPY.US,5,20260203,194000,686.4,686.4,685.67,685.77,531025,0
SPY.US,5,20260203,194500,685.76,685.88,685.41,685.7497,579772,0
SPY.US,5,20260203,195000,685.74,685.74,685.36,685.43,482183,0
SPY.US,5,20260203,195500,685.45,685.99,684.96,684.96,868437,0
SPY.US,5,20260203,200000,684.94,685.225,684.32,684.56,1505059,0
SPY.US,5,20260203,200500,684.54,684.81,684.03,684.25,1109015,0
SPY.US,5,20260203,201000,684.23,686.46,684.1399,686.39,1800933,0
SPY.US,5,20260203,201500,686.4,686.995,686.19,686.77,1643637,0
SPY.US,5,20260203,202000,686.76,687.22,686.6,686.675,1051573,0
SPY.US,5,20260203,202500,686.68,686.87,685.72,686.245,1219734,0
SPY.US,5,20260203,203000,686.22,686.86,685.82,685.93,1060146,0
SPY.US,5,20260203,203500,685.92,686.53,685.84,686.345,769599,0
SPY.US,5,20260203,204000,686.34,686.715,685.98,686.17,950185,0
SPY.US,5,20260203,204500,686.14,686.25,685.53,685.58,765793,0
SPY.US,5,20260203,205000,685.56,686.23,685.13,685.99,1028839,0
SPY.US,5,20260203,205500,686.01,687.08,685.97,686.85,1173702,0
SPY.US,5,20260203,210000,686.84,687.05,686.3,686.34,693995,0
SPY.US,5,20260203,210500,686.33,686.74,686.28,686.71,522951,0
SPY.US,5,20260203,211000,686.71,687.06,686.37,687.05,572136,0
SPY.US,5,20260203,211500,687.04,687.6,686.59,687.22,1075241,0
SPY.US,5,20260203,212000,687.22,687.485,686.74,687.47,974553,0
SPY.US,5,20260203,212500,687.47,687.805,687.45,687.53,883024,0
SPY.US,5,20260203,213000,687.53,688.86,687.49,688.8,1532970,0
SPY.US,5,20260203,213500,688.8,689.2,688.54,689.05,1551206,0
SPY.US,5,20260203,214000,689.06,689.07,688.2,688.55,1211197,0
SPY.US,5,20260203,214500,688.57,688.88,688.39,688.8401,1062333,0
SPY.US,5,20260203,215000,688.84,689.43,688.8112,689.35,1975875,0
SPY.US,5,20260203,215500,689.35,689.75,689.23,689.44,3260153,0
SPY.US,5,20260204,153000,690.35,690.47,688.9907,689.59,1991117,0
SPY.US,5,20260204,153500,689.58,691.06,689.13,690.465,1732758,0
SPY.US,5,20260204,154000,690.54,691.29,689.8,690.64,1322931,0
SPY.US,5,20260204,154500,690.65,691.45,690.05,691.01,1098789,0
SPY.US,5,20260204,155000,690.995,691.14,688.95,690.19,1247948,0
SPY.US,5,20260204,155500,690.18,690.35,687.83,688.19,1196607,0
SPY.US,5,20260204,160000,688.17,688.19,686.51,687.28,1671280,0
SPY.US,5,20260204,160500,687.28,689.22,687.28,688.98,1526150,0
SPY.US,5,20260204,161000,688.97,689.62,688.44,688.9,1312396,0
SPY.US,5,20260204,161500,688.9,689.33,688.335,688.6965,907081,0
SPY.US,5,20260204,162000,688.705,690.335,688.59,689.98,1374538,0
SPY.US,5,20260204,162500,689.98,690.85,689.4151,689.9,1099687,0
SPY.US,5,20260204,163000,689.9,690.09,688.16,688.3,892627,0
SPY.US,5,20260204,163500,688.3,690.08,687.32,689.05,1694989,0
SPY.US,5,20260204,164000,689.05,690.27,688.61,689.58,1611326,0
SPY.US,5,20260204,164500,689.59,689.78,688.48,688.68,807947,0
SPY.US,5,20260204,165000,688.68,689.17,688.27,688.81,770552,0
SPY.US,5,20260204,165500,688.79,689.34,688.21,688.54,610518,0
SPY.US,5,20260204,170000,688.54,688.9,687.04,687.07,1020308,0
SPY.US,5,20260204,170500,687.07,687.705,686.575,686.81,923586,0
SPY.US,5,20260204,171000,686.81,688.36,686.57,687.87,1139826,0
SPY.US,5,20260204,171500,687.87,688.26,686.53,686.79,733190,0
SPY.US,5,20260204,172000,686.77,687.86,686.39,687.77,875671,0
SPY.US,5,20260204,172500,687.77,688.48,687.44,688.3499,720039,0
SPY.US,5,20260204,173000,688.35,688.48,687.15,687.18,589700,0
SPY.US,5,20260204,173500,687.19,687.55,686.75,686.79,638896,0
SPY.US,5,20260204,174000,686.78,686.905,685.37,685.43,798263,0
SPY.US,5,20260204,174500,685.42,685.525,684.48,684.825,1448065,0
SPY.US,5,20260204,175000,684.825,685.41,684.335,685.39,1169950,0
SPY.US,5,20260204,175500,685.4,686.77,685.35,686.59,948857,0
SPY.US,5,20260204,180000,686.58,687.1,686.3,686.78,649204,0
SPY.US,5,20260204,180500,686.79,687.02,686.24,686.465,590674,0
SPY.US,5,20260204,181000,686.46,686.89,685.87,686.78,472475,0
SPY.US,5,20260204,181500,686.77,686.96,685.7,685.72,347796,0
SPY.US,5,20260204,182000,685.71,686.05,685.39,685.53,452192,0
SPY.US,5,20260204,182500,685.53,685.67,683.22,683.67,1226513,0
SPY.US,5,20260204,183000,683.7,684.8,683.19,683.65,1814725,0
SPY.US,5,20260204,183500,683.63,683.67,682.44,682.46,1277538,0
SPY.US,5,20260204,184000,682.46,683.17,682.03,683.09,1505789,0
SPY.US,5,20260204,184500,683.095,683.28,682.11,682.37,1057838,0
SPY.US,5,20260204,185000,682.35,683.25,681.76,683.13,1124575,0
SPY.US,5,20260204,185500,683.135,683.86,683.115,683.66,725830,0
SPY.US,5,20260204,190000,683.66,683.88,682.61,683.28,675671,0
SPY.US,5,20260204,190500,683.3,684.05,682.35,682.38,779647,0
SPY.US,5,20260204,191000,682.38,683.165,682.33,682.87,794744,0
SPY.US,5,20260204,191500,682.87,683.16,682.35,682.49,458362,0
SPY.US,5,20260204,192000,682.52,683.56,682.38,683.55,832041,0
SPY.US,5,20260204,192500,683.53,685.01,683.53,684.8,1170562,0
SPY.US,5,20260204,193000,684.82,684.87,683.11,683.54,1011030,0
SPY.US,5,20260204,193500,683.56,684.19,683.4224,684.01,507101,0
SPY.US,5,20260204,194000,683.99,685.06,683.76,684.06,867829,0
SPY.US,5,20260204,194500,684.06,684.42,683.69,683.8,478206,0
SPY.US,5,20260204,195000,683.79,684.59,683.151,684.46,569087,0
SPY.US,5,20260204,195500,684.47,685.51,684.41,684.63,1091851,0
SPY.US,5,20260204,200000,684.63,684.9,684.04,684.47,768452,0
SPY.US,5,20260204,200500,684.49,684.61,683.4,684.34,949890,0
SPY.US,5,20260204,201000,684.34,684.66,684.13,684.29,569048,0
SPY.US,5,20260204,201500,684.24,685.3,684.2,684.78,528781,0
SPY.US,5,20260204,202000,684.77,685.175,684.14,684.74,739197,0
SPY.US,5,20260204,202500,684.73,685.405,684.46,685.34,744869,0
SPY.US,5,20260204,203000,685.32,686.34,685.3,686.2,1166834,0
SPY.US,5,20260204,203500,686.2,686.44,685.775,686.03,854747,0
SPY.US,5,20260204,204000,686.04,686.99,685.99,686.575,920234,0
SPY.US,5,20260204,204500,686.57,688.33,686.33,687.27,1533133,0
SPY.US,5,20260204,205000,687.27,688.48,687.07,687.7,1297681,0
SPY.US,5,20260204,205500,687.685,688.31,687.5,688.27,985726,0
SPY.US,5,20260204,210000,688.27,688.49,687.39,687.79,1039866,0
SPY.US,5,20260204,210500,687.79,688.05,687.66,687.95,533552,0
SPY.US,5,20260204,211000,687.95,688.1,686.745,687.485,982452,0
SPY.US,5,20260204,211500,687.49,687.705,687.09,687.41,788756,0
SPY.US,5,20260204,212000,687.41,687.96,687.1,687.8,819964,0
SPY.US,5,20260204,212500,687.795,688.17,687.455,687.54,747858,0
SPY.US,5,20260204,213000,687.53,688.08,687.29,687.85,805428,0
SPY.US,5,20260204,213500,687.88,688.27,687.59,688.19,904609,0
SPY.US,5,20260204,214000,688.195,688.3,687.76,687.82,743374,0
SPY.US,5,20260204,214500,687.81,688.32,687.52,688.19,1078844,0
SPY.US,5,20260204,215000,688.185,688.44,686.35,686.5,2721911,0
SPY.US,5,20260204,215500,686.519,686.55,685.641,686.11,3177727,0
SPY.US,5,20260205,153000,680.94,680.94,678.75,680.7,2678312,0
SPY.US,5,20260205,153500,680.71,682.64,680.06,682.17,2064952,0
SPY.US,5,20260205,154000,682.17,683.36,681.3,683.05,1812614,0
SPY.US,5,20260205,154500,683.02,683.28,682.13,682.95,1405942,0
SPY.US,5,20260205,155000,682.95,683.69,681.44,681.81,1092841,0
SPY.US,5,20260205,155500,681.83,682.22,680.28,680.66,1224493,0
SPY.US,5,20260205,160000,680.61,681.38,678.94,679.39,1683056,0
SPY.US,5,20260205,160500,679.38,679.55,678.33,678.87,1658358,0
SPY.US,5,20260205,161000,678.88,679.2,676.8,676.86,2293985,0
SPY.US,5,20260205,161500,676.86,678.56,676.7,678.12,1980414,0
SPY.US,5,20260205,162000,678.12,678.39,676.9,677.32,1237099,0
SPY.US,5,20260205,162500,677.29,678.26,676.175,676.64,1477249,0
SPY.US,5,20260205,163000,676.64,677.44,675.94,676.11,1560726,0
SPY.US,5,20260205,163500,676.11,677.92,676,677.75,1827659,0
SPY.US,5,20260205,164000,677.7301,678.49,677.08,677.9,1431419,0
SPY.US,5,20260205,164500,677.87,678.245,676.135,676.4,1329183,0
SPY.US,5,20260205,165000,676.39,677.79,676.38,676.73,1344915,0
SPY.US,5,20260205,165500,676.73,677.345,676.058,677.3,976249,0
SPY.US,5,20260205,170000,677.3,677.65,676.4801,676.54,1257900,0
SPY.US,5,20260205,170500,676.53,676.86,675.9465,676.01,833379,0
SPY.US,5,20260205,171000,676,677.095,675.79,675.81,913660,0
SPY.US,5,20260205,171500,675.82,678.34,675.81,678.15,1293045,0
SPY.US,5,20260205,172000,678.14,679.26,678.05,679.1,1439722,0
SPY.US,5,20260205,172500,679.11,679.79,678.72,679.61,1180610,0
SPY.US,5,20260205,173000,679.61,680.499,679.45,680.35,1515848,0
SPY.US,5,20260205,173500,680.36,680.73,679.93,680.09,1076148,0
SPY.US,5,20260205,174000,680.09,680.63,679.63,679.98,1051254,0
SPY.US,5,20260205,174500,679.96,680.06,678.95,680.03,762587,0
SPY.US,5,20260205,175000,680.04,681.26,680.03,681.02,1007558,0
SPY.US,5,20260205,175500,681.04,681.535,680.365,681.24,824281,0
SPY.US,5,20260205,180000,681.22,681.34,679.55,679.96,889565,0
SPY.US,5,20260205,180500,679.955,680.508,679.74,679.95,514054,0
SPY.US,5,20260205,181000,679.96,680.26,679.28,680.02,755848,0
SPY.US,5,20260205,181500,680.0099,680.2,679.6,679.74,423012,0
SPY.US,5,20260205,182000,679.75,681.07,678.98,681.06,707112,0
SPY.US,5,20260205,182500,681.09,681.94,681.08,681.5,889259,0
SPY.US,5,20260205,183000,681.52,681.9,680.78,680.86,563028,0
SPY.US,5,20260205,183500,680.83,681.68,680.71,681.43,414416,0
SPY.US,5,20260205,184000,681.4,682.29,681.25,681.73,579141,0
SPY.US,5,20260205,184500,681.72,682.615,680.93,681.05,752345,0
SPY.US,5,20260205,185000,681.03,681.71,680.53,680.87,628231,0
SPY.US,5,20260205,185500,680.83,680.98,680.17,680.45,465139,0
SPY.US,5,20260205,190000,680.45,681.32,680.38,680.67,537962,0
SPY.US,5,20260205,190500,680.67,680.67,680.08,680.28,408100,0
SPY.US,5,20260205,191000,680.28,680.6,679.76,680.17,652124,0
SPY.US,5,20260205,191500,680.17,680.4,679.62,679.755,517068,0
SPY.US,5,20260205,192000,679.76,679.94,678.85,679.15,641347,0
SPY.US,5,20260205,192500,679.16,679.59,678.92,679.16,578559,0
SPY.US,5,20260205,193000,679.15,680.01,679.07,679.42,537058,0
SPY.US,5,20260205,193500,679.44,679.46,678.78,678.97,379123,0
SPY.US,5,20260205,194000,678.96,679.32,678.51,679.01,606960,0
SPY.US,5,20260205,194500,679,679.26,678.37,678.52,521854,0
SPY.US,5,20260205,195000,678.5,678.5,677.755,678.02,574560,0
SPY.US,5,20260205,195500,678.03,678.615,677.685,678.3003,616937,0
SPY.US,5,20260205,200000,678.31,679.3711,678.03,678.95,700299,0
SPY.US,5,20260205,200500,678.96,679.71,678.87,679.6,621100,0
SPY.US,5,20260205,201000,679.6,680.86,679.55,680.59,806654,0
SPY.US,5,20260205,201500,680.59,681.1501,680.42,681.13,588525,0
SPY.US,5,20260205,202000,681.16,681.47,680.935,681.21,852859,0
SPY.US,5,20260205,202500,681.21,681.23,680.1,680.245,710811,0
SPY.US,5,20260205,203000,680.24,680.24,678.5405,679.46,862953,0
SPY.US,5,20260205,203500,679.46,679.6999,678.91,679.05,629267,0
SPY.US,5,20260205,204000,679.04,679.26,678.62,678.87,600440,0
SPY.US,5,20260205,204500,678.87,679.24,678.605,678.81,547893,0
SPY.US,5,20260205,205000,678.84,679.19,678.39,678.78,544461,0
SPY.US,5,20260205,205500,678.79,679.17,678.65,679.09,618583,0
SPY.US,5,20260205,210000,679.09,679.59,678.69,679.465,666952,0
SPY.US,5,20260205,210500,679.47,680.775,679.24,680.645,869870,0
SPY.US,5,20260205,211000,680.63,680.895,679.73,679.87,816409,0
SPY.US,5,20260205,211500,679.86,679.9,678.629,678.75,914140,0
SPY.US,5,20260205,212000,678.75,678.88,677.78,677.98,1001536,0
SPY.US,5,20260205,212500,677.97,678.09,677.64,677.77,1049416,0
SPY.US,5,20260205,213000,677.79,678.18,677.24,677.32,1191087,0
SPY.US,5,20260205,213500,677.32,677.75,677.09,677.72,1096461,0
SPY.US,5,20260205,214000,677.73,678.3499,676.92,677.12,1300228,0
SPY.US,5,20260205,214500,677.12,677.32,676.51,677,1714120,0
SPY.US,5,20260205,215000,677.0225,677.44,676.1855,677.08,1869779,0
SPY.US,5,20260205,215500,677.08,678.04,676.94,677.6,3804681,0
SPY.US,5,20260206,153000,681.46,684.47,680.85,683.8,3331317,0
SPY.US,5,20260206,153500,683.8,685.04,683.52,684.7101,2829460,0
SPY.US,5,20260206,154000,684.71,685.57,683.97,685.55,2206067,0
SPY.US,5,20260206,154500,685.56,685.87,684.95,685.51,2136127,0
SPY.US,5,20260206,155000,685.51,686.51,685.32,685.37,1520639,0
SPY.US,5,20260206,155500,685.37,685.37,684.58,684.702,1153496,0
SPY.US,5,20260206,160000,684.745,685.13,683.68,684.06,1168870,0
SPY.US,5,20260206,160500,684.08,684.9299,683.36,683.97,1276614,0
SPY.US,5,20260206,161000,683.97,685.49,683.67,683.73,1315677,0
SPY.US,5,20260206,161500,683.73,685.04,683.11,684.77,945285,0
SPY.US,5,20260206,162000,684.79,685.77,683.89,684.28,1211548,0
SPY.US,5,20260206,162500,684.3,685.81,684.12,685.645,853835,0
SPY.US,5,20260206,163000,685.65,686.35,684.91,686.15,1119748,0
SPY.US,5,20260206,163500,686.16,686.295,685.76,686.11,882169,0
SPY.US,5,20260206,164000,686.1,686.75,685.93,686.34,894723,0
SPY.US,5,20260206,164500,686.35,687.04,685.85,685.945,1186770,0
SPY.US,5,20260206,165000,685.93,685.97,684.38,684.54,1064827,0
SPY.US,5,20260206,165500,684.54,685.96,684.33,685.8,955410,0
SPY.US,5,20260206,170000,685.79,686.89,685.43,686.89,919623,0
SPY.US,5,20260206,170500,686.9,687.3,686.55,687.11,1170392,0
SPY.US,5,20260206,171000,687.11,687.39,686.91,687.36,969797,0
SPY.US,5,20260206,171500,687.35,687.52,686.815,687.08,808043,0
SPY.US,5,20260206,172000,687.09,687.72,687.015,687.26,725261,0
SPY.US,5,20260206,172500,687.26,687.32,686.58,687.105,705872,0
SPY.US,5,20260206,173000,687.105,687.71,687.05,687.69,675712,0
SPY.US,5,20260206,173500,687.69,687.98,687.53,687.75,823134,0
SPY.US,5,20260206,174000,687.7499,688.01,687.42,687.69,592625,0
SPY.US,5,20260206,174500,687.7,687.93,687.53,687.82,438418,0
SPY.US,5,20260206,175000,687.8099,688.02,687.675,687.78,366371,0
SPY.US,5,20260206,175500,687.77,687.775,686.94,687.46,703512,0
SPY.US,5,20260206,180000,687.46,687.82,687.14,687.815,566838,0
SPY.US,5,20260206,180500,687.81,688.38,687.8,688.15,504331,0
SPY.US,5,20260206,181000,688.15,688.4,687.7,687.94,489734,0
SPY.US,5,20260206,181500,687.94,688.25,687.61,688.025,438925,0
SPY.US,5,20260206,182000,688.04,688.07,687.74,687.98,316461,0
SPY.US,5,20260206,182500,687.97,688.51,687.97,688.46,486276,0
SPY.US,5,20260206,183000,688.47,688.91,688.46,688.68,714116,0
SPY.US,5,20260206,183500,688.68,688.69,687.8524,688.01,468246,0
SPY.US,5,20260206,184000,688.005,688.51,687.98,688.5099,363561,0
SPY.US,5,20260206,184500,688.5,688.965,688.495,688.905,582140,0
SPY.US,5,20260206,185000,688.9,689.54,688.7499,689.07,785054,0
SPY.US,5,20260206,185500,689.07,689.195,688.935,688.95,449963,0
SPY.US,5,20260206,190000,688.96,689.51,688.95,689.47,425660,0
SPY.US,5,20260206,190500,689.465,689.5,688.89,689.105,522363,0
SPY.US,5,20260206,191000,689.105,689.34,688.96,689.045,335988,0
SPY.US,5,20260206,191500,689.045,689.21,688.63,689.165,340703,0
SPY.US,5,20260206,192000,689.16,689.44,688.89,688.91,415083,0
SPY.US,5,20260206,192500,688.905,688.99,688.59,688.945,374227,0
SPY.US,5,20260206,193000,688.95,689.219,688.88,688.95,337323,0
SPY.US,5,20260206,193500,688.95,689.41,688.9401,689.3,248912,0
SPY.US,5,20260206,194000,689.31,689.46,689.18,689.305,344032,0
SPY.US,5,20260206,194500,689.31,689.555,689.28,689.515,364627,0
SPY.US,5,20260206,195000,689.52,689.66,689.34,689.37,454906,0
SPY.US,5,20260206,195500,689.35,689.43,688.95,689.04,374202,0
SPY.US,5,20260206,200000,689.03,689.39,688.94,689.345,617152,0
SPY.US,5,20260206,200500,689.35,689.42,689.1,689.21,485079,0
SPY.US,5,20260206,201000,689.215,689.33,688.9,688.9099,417137,0
SPY.US,5,20260206,201500,688.91,689.08,688.74,688.895,318612,0
SPY.US,5,20260206,202000,688.9,689.53,688.88,689.41,513729,0
SPY.US,5,20260206,202500,689.41,689.49,689.2531,689.478,411727,0
SPY.US,5,20260206,203000,689.48,689.56,689.19,689.21,434416,0
SPY.US,5,20260206,203500,689.215,689.37,689.13,689.205,393939,0
SPY.US,5,20260206,204000,689.2001,689.205,688.9,688.975,434282,0
SPY.US,5,20260206,204500,688.975,689.76,688.97,689.64,436323,0
SPY.US,5,20260206,205000,689.63,689.73,689.4,689.55,471155,0
SPY.US,5,20260206,205500,689.56,689.58,689.27,689.35,383758,0
SPY.US,5,20260206,210000,689.34,689.66,689.1,689.52,513168,0
SPY.US,5,20260206,210500,689.52,689.81,689.46,689.605,624112,0
SPY.US,5,20260206,211000,689.59,689.625,689.44,689.465,663474,0
SPY.US,5,20260206,211500,689.47,689.79,689.4425,689.76,602372,0
SPY.US,5,20260206,212000,689.76,690.14,689.72,690.0116,875949,0
SPY.US,5,20260206,212500,690.01,690.1,689.71,689.775,718376,0
SPY.US,5,20260206,213000,689.77,690.08,689.6,689.89,824969,0
SPY.US,5,20260206,213500,689.88,690.0423,689.7219,690.035,723599,0
SPY.US,5,20260206,214000,690.03,690.7687,690,690.75,1389552,0
SPY.US,5,20260206,214500,690.76,691.17,690.725,691.05,1496243,0
SPY.US,5,20260206,215000,691.05,692.31,690.92,692,2920994,0
SPY.US,5,20260206,215500,692,692.03,690.58,690.65,4419283,0
SPY.US,5,20260209,153000,689.42,690.17,688.34,689.88,2179962,0
SPY.US,5,20260209,153500,689.87,691.15,689.39,691.14,1842231,0
SPY.US,5,20260209,154000,691.13,691.57,690.81,691.17,1530566,0
SPY.US,5,20260209,154500,691.18,691.635,690.5,691.235,1654200,0
SPY.US,5,20260209,155000,691.235,691.29,689.78,690.45,1364728,0
SPY.US,5,20260209,155500,690.46,690.87,690.24,690.44,879667,0
SPY.US,5,20260209,160000,690.45,691.2665,690.22,691.255,911858,0
SPY.US,5,20260209,160500,691.25,691.94,691.18,691.6,1023292,0
SPY.US,5,20260209,161000,691.6,691.83,691.16,691.78,706027,0
SPY.US,5,20260209,161500,691.79,692.68,691.78,692.67,1132923,0
SPY.US,5,20260209,162000,692.67,692.93,692.22,692.34,811204,0
SPY.US,5,20260209,162500,692.33,692.39,691.69,691.94,595508,0
SPY.US,5,20260209,163000,691.96,693.28,691.9387,693.25,837844,0
SPY.US,5,20260209,163500,693.245,693.765,693.2,693.375,1159615,0
SPY.US,5,20260209,164000,693.37,693.6,693.31,693.53,528681,0
SPY.US,5,20260209,164500,693.54,693.8,693.21,693.78,706449,0
SPY.US,5,20260209,165000,693.799,694,693.56,693.83,741885,0
SPY.US,5,20260209,165500,693.825,694.46,693.79,694.24,871034,0
SPY.US,5,20260209,170000,694.23,694.62,694.21,694.55,535965,0
SPY.US,5,20260209,170500,694.54,694.57,694.09,694.18,501205,0
SPY.US,5,20260209,171000,694.19,694.46,694.06,694.315,554286,0
SPY.US,5,20260209,171500,694.31,694.48,694.06,694.09,563300,0
SPY.US,5,20260209,172000,694.09,694.52,694.07,694.51,503847,0
SPY.US,5,20260209,172500,694.5,694.76,694.34,694.6897,586668,0
SPY.US,5,20260209,173000,694.68,694.77,694.475,694.585,532361,0
SPY.US,5,20260209,173500,694.59,694.605,694.27,694.535,360744,0
SPY.US,5,20260209,174000,694.555,695,694.5437,694.97,507727,0
SPY.US,5,20260209,174500,694.97,695.33,694.96,695.195,675475,0
SPY.US,5,20260209,175000,695.2,695.52,695.1,695.385,709582,0
SPY.US,5,20260209,175500,695.38,695.59,695.33,695.39,427914,0
SPY.US,5,20260209,180000,695.385,695.63,695.21,695.51,512172,0
SPY.US,5,20260209,180500,695.505,695.56,695.3,695.38,265301,0
SPY.US,5,20260209,181000,695.38,695.66,695.34,695.48,458233,0
SPY.US,5,20260209,181500,695.47,695.59,695.41,695.51,323324,0
SPY.US,5,20260209,182000,695.51,695.52,695.22,695.315,394251,0
SPY.US,5,20260209,182500,695.32,695.37,695.12,695.14,376436,0
SPY.US,5,20260209,183000,695.15,695.3,694.98,695.138,326601,0
SPY.US,5,20260209,183500,695.14,695.51,695.025,695.065,342690,0
SPY.US,5,20260209,184000,695.065,695.12,694.82,694.93,339889,0
SPY.US,5,20260209,184500,694.94,695.01,694.73,694.95,321408,0
SPY.US,5,20260209,185000,694.96,694.96,694.77,694.88,219218,0
SPY.US,5,20260209,185500,694.88,694.89,694.48,694.58,376140,0
SPY.US,5,20260209,190000,694.575,694.952,694.36,694.73,577691,0
SPY.US,5,20260209,190500,694.72,694.9399,694.55,694.87,247394,0
SPY.US,5,20260209,191000,694.8601,694.93,694.65,694.865,196575,0
SPY.US,5,20260209,191500,694.87,694.92,694.68,694.84,201921,0
SPY.US,5,20260209,192000,694.84,695,693.55,694.57,1242332,0
SPY.US,5,20260209,192500,694.57,694.62,694.1,694.23,498501,0
SPY.US,5,20260209,193000,694.23,694.81,694,694.65,511697,0
SPY.US,5,20260209,193500,694.66,694.86,694.54,694.82,254114,0
SPY.US,5,20260209,194000,694.83,695.17,694.72,695.0001,500325,0
SPY.US,5,20260209,194500,695,695.19,694.77,694.8,364026,0
SPY.US,5,20260209,195000,694.82,694.96,694.68,694.75,292967,0
SPY.US,5,20260209,195500,694.76,694.86,694.49,694.67,370673,0
SPY.US,5,20260209,200000,694.67,695.1,694.49,695.07,483508,0
SPY.US,5,20260209,200500,695.08,695.09,694.68,694.785,315699,0
SPY.US,5,20260209,201000,694.78,695.34,694.78,695.26,666664,0
SPY.US,5,20260209,201500,695.25,695.4,695.18,695.345,480004,0
SPY.US,5,20260209,202000,695.345,695.76,695.31,695.67,546792,0
SPY.US,5,20260209,202500,695.67,695.87,695.62,695.74,527822,0
SPY.US,5,20260209,203000,695.74,695.85,695.565,695.63,479527,0
SPY.US,5,20260209,203500,695.64,695.78,695.53,695.695,342691,0
SPY.US,5,20260209,204000,695.69,695.695,695.49,695.59,323938,0
SPY.US,5,20260209,204500,695.59,695.68,695.48,695.635,393850,0
SPY.US,5,20260209,205000,695.64,695.7,695.42,695.535,362364,0
SPY.US,5,20260209,205500,695.53,695.61,695.34,695.42,323264,0
SPY.US,5,20260209,210000,695.42,695.67,695.32,695.5,418917,0
SPY.US,5,20260209,210500,695.49,695.72,695.45,695.4904,397045,0
SPY.US,5,20260209,211000,695.5,695.6,695.41,695.415,297751,0
SPY.US,5,20260209,211500,695.41,695.43,695.04,695.115,648524,0
SPY.US,5,20260209,212000,695.11,695.16,694.785,694.91,767862,0
SPY.US,5,20260209,212500,694.91,694.955,694.33,694.58,1003510,0
SPY.US,5,20260209,213000,694.58,694.5813,694.11,694.1135,999062,0
SPY.US,5,20260209,213500,694.11,694.59,693.88,694.565,1319786,0
SPY.US,5,20260209,214000,694.56,694.845,694.28,694.61,1413208,0
SPY.US,5,20260209,214500,694.6,694.87,694.595,694.83,1298823,0
SPY.US,5,20260209,215000,694.82,695.02,694.08,694.335,1628436,0
SPY.US,5,20260209,215500,694.33,694.84,693.91,694.05,4319736,0
SPY.US,5,20260210,153000,694.95,695.55,694.8,695.01,1855282,0
SPY.US,5,20260210,153500,695.02,695.14,693.76,694.37,1541289,0
SPY.US,5,20260210,154000,694.38,694.45,693.455,693.985,1212933,0
SPY.US,5,20260210,154500,694,694.24,693.64,693.94,917550,0
SPY.US,5,20260210,155000,693.94,695.37,693.92,695.37,1079264,0
SPY.US,5,20260210,155500,695.38,696.16,695.2131,695.75,1040903,0
SPY.US,5,20260210,160000,695.74,695.83,695.5,695.83,598712,0
SPY.US,5,20260210,160500,695.82,696.435,695.565,696.2,754434,0
SPY.US,5,20260210,161000,696.2099,696.37,694.71,695.41,927290,0
SPY.US,5,20260210,161500,695.41,696.06,694.96,696.02,781109,0
SPY.US,5,20260210,162000,696.03,696.39,695.43,695.47,709210,0
SPY.US,5,20260210,162500,695.47,696.06,695.31,695.92,519685,0
SPY.US,5,20260210,163000,695.905,696.54,695.65,695.9125,762985,0
SPY.US,5,20260210,163500,695.92,695.945,695.35,695.6,495149,0
SPY.US,5,20260210,164000,695.61,696.17,695.58,696.065,428507,0
SPY.US,5,20260210,164500,696.07,696.21,695.46,695.72,397444,0
SPY.US,5,20260210,165000,695.69,695.83,695.29,695.67,350176,0
SPY.US,5,20260210,165500,695.67,695.74,694.91,695.395,535793,0
SPY.US,5,20260210,170000,695.4,695.67,695.13,695.375,362504,0
SPY.US,5,20260210,170500,695.38,695.435,694.62,694.62,528435,0
SPY.US,5,20260210,171000,694.62,695.17,694.62,694.9,445046,0
SPY.US,5,20260210,171500,694.9,695.32,694.3,694.96,708771,0
SPY.US,5,20260210,172000,694.97,695.0699,694.09,694.528,654976,0
SPY.US,5,20260210,172500,694.53,695.11,694.39,694.78,463869,0
SPY.US,5,20260210,173000,694.77,694.88,694.45,694.57,383660,0
SPY.US,5,20260210,173500,694.57,694.92,694.54,694.825,303814,0
SPY.US,5,20260210,174000,694.8233,695.12,694.6,694.66,360934,0
SPY.US,5,20260210,174500,694.66,695.4,694.58,694.64,424366,0
SPY.US,5,20260210,175000,694.64,694.92,694.32,694.865,356833,0
SPY.US,5,20260210,175500,694.86,695.09,694.65,694.7667,229028,0
SPY.US,5,20260210,180000,694.77,694.865,694.2,694.48,350332,0
SPY.US,5,20260210,180500,694.48,695.15,694.455,695.12,298138,0
SPY.US,5,20260210,181000,695.11,695.54,695.11,695.475,444345,0
SPY.US,5,20260210,181500,695.475,695.6701,695.325,695.605,360564,0
SPY.US,5,20260210,182000,695.6097,695.63,694.96,695.14,435983,0
SPY.US,5,20260210,182500,695.13,695.43,695.07,695.25,286999,0
SPY.US,5,20260210,183000,695.25,695.38,695.05,695.2,256430,0
SPY.US,5,20260210,183500,695.19,695.27,694.825,695.11,238488,0
SPY.US,5,20260210,184000,695.11,695.57,695.11,695.49,253004,0
SPY.US,5,20260210,184500,695.485,695.8,695.48,695.505,271160,0
SPY.US,5,20260210,185000,695.51,695.745,695.39,695.55,236513,0
SPY.US,5,20260210,185500,695.555,695.59,695.34,695.4413,227016,0
SPY.US,5,20260210,190000,695.45,695.47,695.07,695.23,166114,0
SPY.US,5,20260210,190500,695.23,695.24,694.7681,694.84,349102,0
SPY.US,5,20260210,191000,694.83,694.94,694.54,694.595,317102,0
SPY.US,5,20260210,191500,694.58,694.67,693.84,694.12,559555,0
SPY.US,5,20260210,192000,694.1,694.42,693.67,694.15,716942,0
SPY.US,5,20260210,192500,694.165,694.175,693.37,693.45,658117,0
SPY.US,5,20260210,193000,693.4484,693.67,693,693.2666,830491,0
SPY.US,5,20260210,193500,693.27,693.86,693.17,693.702,767390,0
SPY.US,5,20260210,194000,693.6999,693.82,693.53,693.615,319737,0
SPY.US,5,20260210,194500,693.595,693.63,693.02,693.12,560082,0
SPY.US,5,20260210,195000,693.125,693.32,692.85,692.9075,489536,0
SPY.US,5,20260210,195500,692.91,693.82,692.85,693.63,630819,0
SPY.US,5,20260210,200000,693.64,693.88,693.4,693.48,577753,0
SPY.US,5,20260210,200500,693.475,693.73,693.24,693.44,442277,0
SPY.US,5,20260210,201000,693.44,693.77,693.34,693.6599,346876,0
SPY.US,5,20260210,201500,693.6625,693.68,693.13,693.2999,337841,0
SPY.US,5,20260210,202000,693.3,693.82,693.28,693.781,297587,0
SPY.US,5,20260210,202500,693.78,693.905,693.52,693.87,309195,0
SPY.US,5,20260210,203000,693.87,694.13,693.665,693.7201,446685,0
SPY.US,5,20260210,203500,693.725,693.98,693.69,693.89,371736,0
SPY.US,5,20260210,204000,693.89,693.98,693.36,693.51,342343,0
SPY.US,5,20260210,204500,693.52,693.81,693.46,693.76,262411,0
SPY.US,5,20260210,205000,693.75,693.76,693.365,693.47,291746,0
SPY.US,5,20260210,205500,693.48,693.9,693.45,693.77,328510,0
SPY.US,5,20260210,210000,693.76,693.993,693.39,693.45,484028,0
SPY.US,5,20260210,210500,693.455,693.61,693.26,693.495,356887,0
SPY.US,5,20260210,211000,693.49,693.53,693.11,693.21,498831,0
SPY.US,5,20260210,211500,693.2,693.745,693.18,693.63,423962,0
SPY.US,5,20260210,212000,693.62,693.84,693.36,693.37,507343,0
SPY.US,5,20260210,212500,693.36,693.54,693.11,693.2975,596662,0
SPY.US,5,20260210,213000,693.2975,693.54,693.04,693.1363,843817,0
SPY.US,5,20260210,213500,693.14,693.25,692.87,692.95,793419,0
SPY.US,5,20260210,214000,692.95,693.2199,692.89,693.055,738500,0
SPY.US,5,20260210,214500,693.06,693.435,692.97,693.39,1230764,0
SPY.US,5,20260210,215000,693.39,693.43,692.2,692.33,2969690,0
SPY.US,5,20260210,215500,692.33,692.43,691.66,692.11,5083646,0
SPY.US,5,20260211,153000,696.39,697.14,696,696.11,1760672,0
SPY.US,5,20260211,153500,696.12,696.29,695.215,695.28,1473307,0
SPY.US,5,20260211,154000,695.3,695.85,695.145,695.42,1274035,0
SPY.US,5,20260211,154500,695.41,696.38,695.31,695.63,1030698,0
SPY.US,5,20260211,155000,695.64,695.8,694.9,695.115,1139903,0
SPY.US,5,20260211,155500,695.11,695.47,693.805,694.1,1240148,0
SPY.US,5,20260211,160000,694.1,694.76,693.425,693.69,1156811,0
SPY.US,5,20260211,160500,693.69,693.795,692.67,692.7,1142615,0
SPY.US,5,20260211,161000,692.67,692.75,690.83,691.76,2000910,0
SPY.US,5,20260211,161500,691.76,691.94,690.66,690.74,1495974,0
SPY.US,5,20260211,162000,690.75,690.86,689.37,689.59,1735710,0
SPY.US,5,20260211,162500,689.59,690.46,689.18,689.72,1990526,0
SPY.US,5,20260211,163000,689.72,690.795,689.56,690.74,1616064,0
SPY.US,5,20260211,163500,690.735,691.39,690.26,691.3,1190349,0
SPY.US,5,20260211,164000,691.325,691.74,690.72,691.205,878573,0
SPY.US,5,20260211,164500,691.2,691.69,690.37,690.48,993456,0
SPY.US,5,20260211,165000,690.48,692.54,690.2599,692.48,1208599,0
SPY.US,5,20260211,165500,692.4606,692.62,692.13,692.35,810525,0
SPY.US,5,20260211,170000,692.33,692.665,691.6,691.8,647146,0
SPY.US,5,20260211,170500,691.8,691.98,691.38,691.48,513052,0
SPY.US,5,20260211,171000,691.48,692.925,691.42,692.82,687537,0
SPY.US,5,20260211,171500,692.82,692.94,692.35,692.835,486145,0
SPY.US,5,20260211,172000,692.85,693.45,692.7,693.295,644123,0
SPY.US,5,20260211,172500,693.29,693.41,691.82,691.84,802281,0
SPY.US,5,20260211,173000,691.82,692.69,691.5,692.415,754127,0
SPY.US,5,20260211,173500,692.41,692.78,691.95,692.78,563126,0
SPY.US,5,20260211,174000,692.775,693.35,692.725,693,560545,0
SPY.US,5,20260211,174500,692.995,693.32,692.495,692.66,538619,0
SPY.US,5,20260211,175000,692.655,693.02,692.41,692.74,458227,0
SPY.US,5,20260211,175500,692.73,692.81,691.99,692.07,519386,0
SPY.US,5,20260211,180000,692.07,692.125,691.39,691.49,853942,0
SPY.US,5,20260211,180500,691.49,692.4,691.45,692.365,507800,0
SPY.US,5,20260211,181000,692.36,692.6,691.98,692.345,402146,0
SPY.US,5,20260211,181500,692.37,693.035,692.09,692.6,791005,0
SPY.US,5,20260211,182000,692.6,693.17,692.2,693.12,452403,0
SPY.US,5,20260211,182500,693.13,693.84,693.13,693.597,778151,0
SPY.US,5,20260211,183000,693.6,693.65,693.11,693.23,461943,0
SPY.US,5,20260211,183500,693.235,693.44,693.005,693.23,303323,0
SPY.US,5,20260211,184000,693.235,693.86,693.23,693.72,346791,0
SPY.US,5,20260211,184500,693.735,693.83,693.33,693.69,334323,0
SPY.US,5,20260211,185000,693.69,693.99,693.33,693.545,340390,0
SPY.US,5,20260211,185500,693.545,693.565,692.55,692.77,376188,0
SPY.US,5,20260211,190000,692.77,692.98,692.29,692.61,446493,0
SPY.US,5,20260211,190500,692.61,692.66,692.03,692.045,483720,0
SPY.US,5,20260211,191000,692.04,692.04,691.52,691.65,790534,0
SPY.US,5,20260211,191500,691.64,692.51,691.41,692.1,1155809,0
SPY.US,5,20260211,192000,692.08,692.397,691.85,692.23,359773,0
SPY.US,5,20260211,192500,692.21,692.88,692.05,692.79,375379,0
SPY.US,5,20260211,193000,692.7897,693.01,692.29,692.29,496859,0
SPY.US,5,20260211,193500,692.3,692.815,692.225,692.75,370955,0
SPY.US,5,20260211,194000,692.75,692.75,692.16,692.405,384605,0
SPY.US,5,20260211,194500,692.42,692.87,692.38,692.86,332000,0
SPY.US,5,20260211,195000,692.88,692.99,692.03,692.88,747599,0
SPY.US,5,20260211,195500,692.9,693.02,692.62,692.73,331973,0
SPY.US,5,20260211,200000,692.73,692.86,692.44,692.85,667506,0
SPY.US,5,20260211,200500,692.85,692.93,692.11,692.66,808738,0
SPY.US,5,20260211,201000,692.65,693.43,692.53,693.28,551057,0
SPY.US,5,20260211,201500,693.27,693.5,693.22,693.3,460548,0
SPY.US,5,20260211,202000,693.28,693.7294,693.27,693.685,474063,0
SPY.US,5,20260211,202500,693.69,693.955,693.555,693.74,531117,0
SPY.US,5,20260211,203000,693.75,693.75,693.3,693.6501,436589,0
SPY.US,5,20260211,203500,693.66,693.86,693.53,693.53,343716,0
SPY.US,5,20260211,204000,693.53,693.75,693.42,693.7,336667,0
SPY.US,5,20260211,204500,693.71,693.75,692.42,693.18,1169208,0
SPY.US,5,20260211,205000,693.19,693.235,692.8801,693.065,469735,0
SPY.US,5,20260211,205500,693.06,693.2,692.81,692.94,412146,0
SPY.US,5,20260211,210000,692.92,693.1,692.785,693.01,291323,0
SPY.US,5,20260211,210500,692.99,693.065,692.69,692.77,403013,0
SPY.US,5,20260211,211000,692.775,692.91,692.65,692.78,466937,0
SPY.US,5,20260211,211500,692.78,693.08,692.62,692.73,485193,0
SPY.US,5,20260211,212000,692.73,692.77,692.35,692.65,704894,0
SPY.US,5,20260211,212500,692.65,692.735,692.23,692.255,558488,0
SPY.US,5,20260211,213000,692.25,692.35,691.8505,691.98,974464,0
SPY.US,5,20260211,213500,691.97,692.63,691.91,692.63,862904,0
SPY.US,5,20260211,214000,692.64,692.925,692.41,692.495,813270,0
SPY.US,5,20260211,214500,692.495,692.97,692.45,692.91,974073,0
SPY.US,5,20260211,215000,692.9,692.99,692.16,692.69,1597910,0
SPY.US,5,20260211,215500,692.69,692.69,691.77,692.01,3829018,0
SPY.US,5,20260212,153000,694.24,695.01,694.06,694.94,1611612,0
SPY.US,5,20260212,153500,694.95,695.08,694.36,694.8,1218175,0
SPY.US,5,20260212,154000,694.81,695.35,693.9806,694.01,1308394,0
SPY.US,5,20260212,154500,694.0299,694.35,693.15,693.16,1399123,0
SPY.US,5,20260212,155000,693.16,693.99,693.06,693.74,1209430,0
SPY.US,5,20260212,155500,693.74,693.74,692.32,692.8,1415564,0
SPY.US,5,20260212,160000,692.81,693.63,692.35,692.66,1093589,0
SPY.US,5,20260212,160500,692.65,693.25,692.16,692.42,845147,0
SPY.US,5,20260212,161000,692.42,693.39,692.23,693.38,802574,0
SPY.US,5,20260212,161500,693.37,693.62,692.79,692.81,757111,0
SPY.US,5,20260212,162000,692.81,693.73,692.51,693.0435,796162,0
SPY.US,5,20260212,162500,693.04,693.35,692.705,693.065,575484,0
SPY.US,5,20260212,163000,693.08,693.48,691.93,691.96,676504,0
SPY.US,5,20260212,163500,691.96,692.155,690.98,691.14,1265712,0
SPY.US,5,20260212,164000,691.14,691.315,690.32,690.38,1538877,0
SPY.US,5,20260212,164500,690.37,690.9,690.23,690.505,1096205,0
SPY.US,5,20260212,165000,690.505,690.8,689.53,689.53,996406,0
SPY.US,5,20260212,165500,689.52,689.65,688.585,688.65,1489051,0
SPY.US,5,20260212,170000,688.65,688.805,687.97,688.14,1893903,0
SPY.US,5,20260212,170500,688.1399,688.27,686.85,687.04,2277369,0
SPY.US,5,20260212,171000,687.04,687.16,686.04,686.32,2181550,0
SPY.US,5,20260212,171500,686.32,686.47,685.125,685.52,2164008,0
SPY.US,5,20260212,172000,685.52,685.69,684.44,685.04,2662338,0
SPY.US,5,20260212,172500,685.03,685.11,683.575,683.595,2606161,0
SPY.US,5,20260212,173000,683.6,685.05,683.525,684.51,2656316,0
SPY.US,5,20260212,173500,684.52,685.82,684.4,685.58,1613846,0
SPY.US,5,20260212,174000,685.59,685.84,684.73,684.93,1182285,0
SPY.US,5,20260212,174500,684.9,685.36,684.05,684.5199,1371131,0
SPY.US,5,20260212,175000,684.52,684.91,683.89,684.19,1040279,0
SPY.US,5,20260212,175500,684.2,684.75,684.17,684.64,886127,0
SPY.US,5,20260212,180000,684.63,684.67,683.38,684.415,1462098,0
SPY.US,5,20260212,180500,684.41,685.1,683.58,684.94,993176,0
SPY.US,5,20260212,181000,684.94,684.94,683.62,683.84,762830,0
SPY.US,5,20260212,181500,683.8,684.14,683.46,683.56,698289,0
SPY.US,5,20260212,182000,683.56,685.03,683.51,684.885,849815,0
SPY.US,5,20260212,182500,684.875,685.27,683.88,684.12,1482394,0
SPY.US,5,20260212,183000,684.1,684.81,683.88,684.7,851429,0
SPY.US,5,20260212,183500,684.695,685.575,684.67,684.84,699011,0
SPY.US,5,20260212,184000,684.84,685.37,684.53,685.08,585074,0
SPY.US,5,20260212,184500,685.09,685.399,684.12,684.435,587553,0
SPY.US,5,20260212,185000,684.44,684.91,683.54,683.74,705727,0
SPY.US,5,20260212,185500,683.72,684.02,682.95,682.99,628944,0
SPY.US,5,20260212,190000,682.98,683.61,682.48,683.13,870463,0
SPY.US,5,20260212,190500,683.15,684.12,683.0835,683.37,736281,0
SPY.US,5,20260212,191000,683.39,683.56,683.08,683.3,412229,0
SPY.US,5,20260212,191500,683.29,683.34,682.48,682.62,608087,0
SPY.US,5,20260212,192000,682.6201,683.765,682.62,683.56,609891,0
SPY.US,5,20260212,192500,683.57,683.74,682.22,683.05,1139929,0
SPY.US,5,20260212,193000,683.045,683.57,682.8,683.39,1049121,0
SPY.US,5,20260212,193500,683.36,684.24,683.21,684.2399,807468,0
SPY.US,5,20260212,194000,684.24,684.93,683.84,684.86,842032,0
SPY.US,5,20260212,194500,684.85,685.045,684.52,684.58,730453,0
SPY.US,5,20260212,195000,684.58,685.325,684.36,685,632886,0
SPY.US,5,20260212,195500,685.015,685.26,684.295,684.71,949606,0
SPY.US,5,20260212,200000,684.7,685.13,684.31,684.48,908420,0
SPY.US,5,20260212,200500,684.48,684.9,684.43,684.48,582041,0
SPY.US,5,20260212,201000,684.48,684.65,683.595,684.15,848939,0
SPY.US,5,20260212,201500,684.15,685.145,684.135,685.05,658699,0
SPY.US,5,20260212,202000,685.05,685.42,684.905,685.2,617376,0
SPY.US,5,20260212,202500,685.185,685.3,684.01,684.16,840061,0
SPY.US,5,20260212,203000,684.15,685.07,684.12,684.83,581149,0
SPY.US,5,20260212,203500,684.86,685.36,684.72,685.33,704108,0
SPY.US,5,20260212,204000,685.32,685.54,684.755,685.0101,865733,0
SPY.US,5,20260212,204500,685.01,685.74,685.01,685.71,596019,0
SPY.US,5,20260212,205000,685.7,685.965,685.28,685.34,871336,0
SPY.US,5,20260212,205500,685.36,685.805,684.81,685.16,1242108,0
SPY.US,5,20260212,210000,685.19,685.48,684.97,685.41,730616,0
SPY.US,5,20260212,210500,685.42,685.54,684.65,684.72,612001,0
SPY.US,5,20260212,211000,684.745,684.92,684.2,684.84,845287,0
SPY.US,5,20260212,211500,684.85,684.88,684.07,684.13,875491,0
SPY.US,5,20260212,212000,684.15,684.16,683.555,683.74,984731,0
SPY.US,5,20260212,212500,683.74,683.79,683.11,683.22,1233170,0
SPY.US,5,20260212,213000,683.2,683.4,682.53,682.92,1273679,0
SPY.US,5,20260212,213500,682.9301,683.145,682.715,682.91,1199730,0
SPY.US,5,20260212,214000,682.9,683.34,682.425,682.66,1426781,0
SPY.US,5,20260212,214500,682.66,682.75,681.6,681.825,2415004,0
SPY.US,5,20260212,215000,681.83,681.87,680.37,681.72,4115053,0
SPY.US,5,20260212,215500,681.73,681.84,680.935,681.28,6263875,0
SPY.US,5,20260213,153000,681.69,682.51,680.82,681.24,2612505,0
SPY.US,5,20260213,153500,681.17,681.24,679.84,679.85,1895206,0
SPY.US,5,20260213,154000,679.85,680.45,677.52,680.4099,1996584,0
SPY.US,5,20260213,154500,680.38,683.32,680.33,681.4,1932915,0
SPY.US,5,20260213,155000,681.41,681.54,679.73,680.57,1490170,0
SPY.US,5,20260213,155500,680.57,682.04,679.56,679.8,1020757,0
SPY.US,5,20260213,160000,679.8,681.64,679.7768,680.95,837075,0
SPY.US,5,20260213,160500,680.92,682.46,680.03,682.28,1140645,0
SPY.US,5,20260213,161000,682.27,682.9,681.25,681.41,1300319,0
SPY.US,5,20260213,161500,681.41,682.28,680.5,681.02,1008881,0
SPY.US,5,20260213,162000,681.005,682.16,680.46,681.24,867345,0
SPY.US,5,20260213,162500,681.23,683.37,681.13,682.95,1211974,0
SPY.US,5,20260213,163000,682.94,684.51,682.85,684.11,1265836,0
SPY.US,5,20260213,163500,684.1,684.57,682.8,682.89,1136478,0
SPY.US,5,20260213,164000,682.86,683.17,681.55,681.65,1178732,0
SPY.US,5,20260213,164500,681.67,682.29,680.79,681.175,1269749,0
SPY.US,5,20260213,165000,681.15,682.84,681.09,682.59,1009564,0
SPY.US,5,20260213,165500,682.62,683.2,682.27,682.5202,746912,0
SPY.US,5,20260213,170000,682.52,683.47,682.48,683.43,630300,0
SPY.US,5,20260213,170500,683.425,684.22,683.32,683.97,840357,0
SPY.US,5,20260213,171000,684,684.02,682.74,683.165,433367,0
SPY.US,5,20260213,171500,683.45,683.91,683.0887,683.115,331644,0
SPY.US,5,20260213,172000,683.12,683.465,681.83,682.37,612439,0
SPY.US,5,20260213,172500,682.37,683.96,682.22,683.82,783906,0
SPY.US,5,20260213,173000,683.84,684.23,682.87,683.86,786636,0
SPY.US,5,20260213,173500,683.88,684.41,683.29,684.41,704267,0
SPY.US,5,20260213,174000,684.42,684.6165,683.92,684.54,535029,0
SPY.US,5,20260213,174500,684.53,684.99,684.29,684.43,718618,0
SPY.US,5,20260213,175000,684.43,685.01,684.21,684.9725,473431,0
SPY.US,5,20260213,175500,684.99,685.51,684.75,684.773,611524,0
SPY.US,5,20260213,180000,684.76,685.43,684.48,685.2801,475505,0
SPY.US,5,20260213,180500,685.29,685.67,685.04,685.2,499401,0
SPY.US,5,20260213,181000,685.2,686.05,685.185,685.96,544078,0
SPY.US,5,20260213,181500,685.96,686,684.825,685.05,581377,0
SPY.US,5,20260213,182000,685.05,686.03,684.98,685.76,584803,0
SPY.US,5,20260213,182500,685.77,685.83,685.27,685.365,491528,0
SPY.US,5,20260213,183000,685.38,686.07,685.26,685.84,581484,0
SPY.US,5,20260213,183500,685.85,686.05,685.57,685.97,427866,0
SPY.US,5,20260213,184000,685.97,686.28,685.68,685.69,479335,0
SPY.US,5,20260213,184500,685.68,686.05,685.43,685.98,471494,0
SPY.US,5,20260213,185000,685.975,685.98,685.31,685.5,372337,0
SPY.US,5,20260213,185500,685.5,685.61,684.86,685.1,620405,0
SPY.US,5,20260213,190000,685.1,685.37,684.36,684.46,697685,0
SPY.US,5,20260213,190500,684.46,684.96,684.09,684.73,587627,0
SPY.US,5,20260213,191000,684.72,685.48,684.72,685.27,525181,0
SPY.US,5,20260213,191500,685.27,685.81,684.98,685.35,527326,0
SPY.US,5,20260213,192000,685.34,686.26,685.31,685.915,407155,0
SPY.US,5,20260213,192500,685.92,686.16,684.96,685.09,729567,0
SPY.US,5,20260213,193000,685.09,685.88,684.97,685.79,653761,0
SPY.US,5,20260213,193500,685.79,686.06,685.3,685.77,328463,0
SPY.US,5,20260213,194000,685.76,685.83,684.86,684.98,341379,0
SPY.US,5,20260213,194500,684.99,685.71,684.98,685.18,359621,0
SPY.US,5,20260213,195000,685.18,685.19,684.405,684.88,477567,0
SPY.US,5,20260213,195500,684.885,685.05,684.37,684.66,539059,0
SPY.US,5,20260213,200000,684.67,685.04,684.44,684.5099,516214,0
SPY.US,5,20260213,200500,684.505,685.17,684.48,685.06,457757,0
SPY.US,5,20260213,201000,685.05,685.35,684.65,684.98,523005,0
SPY.US,5,20260213,201500,684.98,685.12,684.54,685.03,430626,0
SPY.US,5,20260213,202000,685.024,685.365,684.78,685.255,356845,0
SPY.US,5,20260213,202500,685.26,685.335,684.1,684.19,647907,0
SPY.US,5,20260213,203000,684.2,684.93,684.19,684.67,606583,0
SPY.US,5,20260213,203500,684.71,684.78,683.8,684.0805,483549,0
SPY.US,5,20260213,204000,684.07,684.28,683.28,683.67,743706,0
SPY.US,5,20260213,204500,683.65,684.25,683.455,683.78,638964,0
SPY.US,5,20260213,205000,683.81,683.94,683.1,683.285,535322,0
SPY.US,5,20260213,205500,683.2701,683.57,682.24,682.35,905208,0
SPY.US,5,20260213,210000,682.61,683.26,682.55,683.125,835593,0
SPY.US,5,20260213,210500,683.13,683.26,682.6506,683.125,664294,0
SPY.US,5,20260213,211000,683.127,683.14,682.1057,682.13,1103218,0
SPY.US,5,20260213,211500,682.13,682.63,681.83,682.58,880794,0
SPY.US,5,20260213,212000,682.58,682.6,681.68,681.69,689101,0
SPY.US,5,20260213,212500,681.68,681.84,680.34,680.64,1251195,0
SPY.US,5,20260213,213000,680.63,681.2307,680.18,680.2,1184652,0
SPY.US,5,20260213,213500,680.22,680.67,680.01,680.37,1118256,0
SPY.US,5,20260213,214000,680.38,680.82,679.81,680.21,1155992,0
SPY.US,5,20260213,214500,680.2,681.375,680.09,681.25,1642608,0
SPY.US,5,20260213,215000,681.2,681.61,680.36,681.44,2215684,0
SPY.US,5,20260213,215500,681.46,681.84,680.83,681.74,5451676,0
SPY.US,5,20260217,153000,680.14,681.99,680.03,681.73,1594536,0
SPY.US,5,20260217,153500,681.74,682.7601,681.44,682.57,1727768,0
SPY.US,5,20260217,154000,682.55,682.8,680.45,680.73,1552881,0
SPY.US,5,20260217,154500,680.74,681.3,679.69,680.28,1779875,0
SPY.US,5,20260217,155000,680.3,680.62,677.63,677.81,1729241,0
SPY.US,5,20260217,155500,677.79,677.91,676.46,676.62,1617200,0
SPY.US,5,20260217,160000,676.63,678.26,676.27,678.12,1353945,0
SPY.US,5,20260217,160500,678.14,678.56,677.32,677.37,1026597,0
SPY.US,5,20260217,161000,677.36,678.01,676.68,676.92,752052,0
SPY.US,5,20260217,161500,676.915,679.75,676.82,679.62,1100680,0
SPY.US,5,20260217,162000,679.64,679.72,677.7,677.89,875688,0
SPY.US,5,20260217,162500,677.92,678.23,676.82,677.34,997944,0
SPY.US,5,20260217,163000,677.33,677.66,675.82,676.1,1012889,0
SPY.US,5,20260217,163500,676.12,676.98,675.81,675.86,914662,0
SPY.US,5,20260217,164000,675.86,676.76,675.78,676.645,1042006,0
SPY.US,5,20260217,164500,676.66,678.21,676.52,677.67,969237,0
SPY.US,5,20260217,165000,677.67,678.26,677,677.94,967235,0
SPY.US,5,20260217,165500,677.94,678.64,677.63,678.61,798822,0
SPY.US,5,20260217,170000,678.6,679.99,678.45,679.52,1127477,0
SPY.US,5,20260217,170500,679.53,681.17,679.425,681.07,1220721,0
SPY.US,5,20260217,171000,681.06,682.58,681.04,682.335,2117677,0
SPY.US,5,20260217,171500,682.335,682.9007,681.9605,682.72,1323040,0
SPY.US,5,20260217,172000,682.72,683.24,682.21,683.01,1162836,0
SPY.US,5,20260217,172500,683.01,683.12,681.515,681.6,1190854,0
SPY.US,5,20260217,173000,681.575,681.9,680.81,681.73,1060831,0
SPY.US,5,20260217,173500,681.735,682.84,681.52,682.46,755064,0
SPY.US,5,20260217,174000,682.43,682.57,681.75,681.8,624577,0
SPY.US,5,20260217,174500,681.79,682.19,681.52,681.66,604316,0
SPY.US,5,20260217,175000,681.69,682.45,681.67,682.42,479224,0
SPY.US,5,20260217,175500,682.44,683.03,681.95,682.46,732834,0
SPY.US,5,20260217,180000,682.42,682.54,681.53,681.98,459236,0
SPY.US,5,20260217,180500,681.97,682.39,681.67,681.7,401296,0
SPY.US,5,20260217,181000,681.69,681.91,680.86,681.25,577837,0
SPY.US,5,20260217,181500,681.25,681.61,680.99,681.33,450259,0
SPY.US,5,20260217,182000,681.33,681.52,680.4313,681.1,490790,0
SPY.US,5,20260217,182500,681.12,682.205,680.98,682.19,490503,0
SPY.US,5,20260217,183000,682.2,682.32,680.99,681.74,592156,0
SPY.US,5,20260217,183500,681.77,682.09,681.38,681.63,214540,0
SPY.US,5,20260217,184000,681.63,681.64,680.0125,680.04,498276,0
SPY.US,5,20260217,184500,680.03,680.65,679.55,680.26,845688,0
SPY.US,5,20260217,185000,680.26,680.67,679.15,679.465,599658,0
SPY.US,5,20260217,185500,679.46,681.17,679.3,681.0103,648748,0
SPY.US,5,20260217,190000,681.02,681.18,680.33,680.78,409338,0
SPY.US,5,20260217,190500,680.78,680.89,680.1,680.34,304046,0
SPY.US,5,20260217,191000,680.35,680.84,679.83,680.325,359802,0
SPY.US,5,20260217,191500,680.33,680.65,679.9,680.3,277770,0
SPY.US,5,20260217,192000,680.29,682.54,680.1519,682.03,808032,0
SPY.US,5,20260217,192500,682.04,682.53,681.46,682.39,553752,0
SPY.US,5,20260217,193000,682.4,682.978,682.03,682.71,559016,0
SPY.US,5,20260217,193500,682.7,683.38,682.29,683.37,603615,0
SPY.US,5,20260217,194000,683.35,684.075,683.29,683.57,809964,0
SPY.US,5,20260217,194500,683.58,683.93,683.435,683.84,479145,0
SPY.US,5,20260217,195000,683.83,684.395,683.62,684.3265,649315,0
SPY.US,5,20260217,195500,684.33,684.715,683.86,684.075,671741,0
SPY.US,5,20260217,200000,684.08,684.43,683.82,684.33,537911,0
SPY.US,5,20260217,200500,684.33,684.51,683.8,683.9799,450893,0
SPY.US,5,20260217,201000,683.97,684.22,683.58,684.175,412628,0
SPY.US,5,20260217,201500,684.17,684.24,683.79,683.9401,360065,0
SPY.US,5,20260217,202000,683.95,684.62,683.83,684.52,446392,0
SPY.US,5,20260217,202500,684.5,684.54,683.85,683.99,468946,0
SPY.US,5,20260217,203000,683.97,684.62,683.8,684.62,386207,0
SPY.US,5,20260217,203500,684.62,684.87,684.25,684.56,343100,0
SPY.US,5,20260217,204000,684.57,684.94,684.4025,684.72,539094,0
SPY.US,5,20260217,204500,684.72,684.75,684.3,684.39,278924,0
SPY.US,5,20260217,205000,684.4,684.42,683.575,683.96,612368,0
SPY.US,5,20260217,205500,683.94,684.05,683.41,683.57,488425,0
SPY.US,5,20260217,210000,683.57,684.1,683.44,683.765,544507,0
SPY.US,5,20260217,210500,683.78,683.86,683.31,683.38,428575,0
SPY.US,5,20260217,211000,683.39,683.56,683.16,683.49,715168,0
SPY.US,5,20260217,211500,683.5,683.74,683.075,683.1,525551,0
SPY.US,5,20260217,212000,683.1,683.37,682.705,682.84,750285,0
SPY.US,5,20260217,212500,682.83,683.14,682.67,682.87,679921,0
SPY.US,5,20260217,213000,682.88,682.93,682.08,682.3399,1106576,0
SPY.US,5,20260217,213500,682.33,682.55,682.005,682.17,763810,0
SPY.US,5,20260217,214000,682.16,683.29,682.1,682.98,1123646,0
SPY.US,5,20260217,214500,682.98,683.07,682.55,682.78,976928,0
SPY.US,5,20260217,215000,682.77,683.2,682.11,682.4,1328211,0
SPY.US,5,20260217,215500,682.42,682.92,681.93,682.82,3193082,0
SPY.US,5,20260218,153000,684.02,684.38,682.83,683.5,1583300,0
SPY.US,5,20260218,153500,683.53,684.65,683.25,684.24,1191973,0
SPY.US,5,20260218,154000,684.22,685.46,683.94,685,1566894,0
SPY.US,5,20260218,154500,685.01,685.28,683.56,683.73,1041306,0
SPY.US,5,20260218,155000,683.76,685.5,683.59,685.26,891471,0
SPY.US,5,20260218,155500,685.265,686.38,685.16,686.16,1200321,0
SPY.US,5,20260218,160000,686.15,687.61,686.085,687.58,1635977,0
SPY.US,5,20260218,160500,687.59,688.13,687.19,687.38,2071197,0
SPY.US,5,20260218,161000,687.37,687.89,686.99,687.78,1086435,0
SPY.US,5,20260218,161500,687.78,688.465,687.5,687.91,1213363,0
SPY.US,5,20260218,162000,687.91,688.16,687.61,687.68,752173,0
SPY.US,5,20260218,162500,687.66,688.07,687.48,687.84,633983,0
SPY.US,5,20260218,163000,687.84,687.94,687.3208,687.3599,579997,0
SPY.US,5,20260218,163500,687.37,688.14,687.29,688.09,659241,0
SPY.US,5,20260218,164000,688.09,688.52,687.96,688.3,685684,0
SPY.US,5,20260218,164500,688.3,688.64,688.04,688.33,428409,0
SPY.US,5,20260218,165000,688.38,688.53,688,688.46,358848,0
SPY.US,5,20260218,165500,688.45,688.725,688.38,688.515,427098,0
SPY.US,5,20260218,170000,688.52,688.585,688.24,688.545,411405,0
SPY.US,5,20260218,170500,688.555,688.96,688.3,688.37,530294,0
SPY.US,5,20260218,171000,688.36,688.62,688.29,688.435,458497,0
SPY.US,5,20260218,171500,688.435,688.67,688.14,688.2,455431,0
SPY.US,5,20260218,172000,688.2,688.39,688.02,688.33,367437,0
SPY.US,5,20260218,172500,688.32,688.43,688.04,688.22,309268,0
SPY.US,5,20260218,173000,688.22,688.76,688.14,688.47,376043,0
SPY.US,5,20260218,173500,688.5,688.585,688.27,688.515,220605,0
SPY.US,5,20260218,174000,688.525,688.65,688.285,688.33,288601,0
SPY.US,5,20260218,174500,688.31,688.5,688.06,688.07,305139,0
SPY.US,5,20260218,175000,688.09,688.23,687.6,687.74,537348,0
SPY.US,5,20260218,175500,687.735,687.945,687.4999,687.53,380641,0
SPY.US,5,20260218,180000,687.53,688.17,687.38,688.15,517047,0
SPY.US,5,20260218,180500,688.16,688.89,688.1101,688.49,620794,0
SPY.US,5,20260218,181000,688.49,688.62,687.98,688.2181,725208,0
SPY.US,5,20260218,181500,688.205,688.65,688.09,688.6,431769,0
SPY.US,5,20260218,182000,688.59,688.66,688.45,688.46,219450,0
SPY.US,5,20260218,182500,688.465,688.465,688.14,688.2,236823,0
SPY.US,5,20260218,183000,688.19,688.42,687.89,687.95,330802,0
SPY.US,5,20260218,183500,687.96,688.3,687.94,688.215,217793,0
SPY.US,5,20260218,184000,688.215,688.215,687.89,688.03,241013,0
SPY.US,5,20260218,184500,688.025,688.37,687.95,688.17,292736,0
SPY.US,5,20260218,185000,688.17,688.7,688.17,688.66,319360,0
SPY.US,5,20260218,185500,688.65,688.8,688.355,688.52,271354,0
SPY.US,5,20260218,190000,688.51,689.15,688.47,688.75,366984,0
SPY.US,5,20260218,190500,688.7499,688.81,688.44,688.54,246954,0
SPY.US,5,20260218,191000,688.54,688.65,688.375,688.4825,233536,0
SPY.US,5,20260218,191500,688.47,688.77,688.465,688.48,238271,0
SPY.US,5,20260218,192000,688.49,688.54,688.07,688.12,343332,0
SPY.US,5,20260218,192500,688.12,688.23,687.475,687.8,789430,0
SPY.US,5,20260218,193000,687.805,687.95,687.44,687.74,529562,0
SPY.US,5,20260218,193500,687.735,688.02,687.63,687.64,387169,0
SPY.US,5,20260218,194000,687.63,687.7,686.63,687.08,934054,0
SPY.US,5,20260218,194500,687.065,687.555,686.95,687.185,543066,0
SPY.US,5,20260218,195000,687.18,687.195,686.04,686.91,830094,0
SPY.US,5,20260218,195500,686.9,687.12,686.68,686.98,640901,0
SPY.US,5,20260218,200000,686.98,687.38,686.55,687.33,712413,0
SPY.US,5,20260218,200500,687.3399,687.39,686.66,686.6835,353588,0
SPY.US,5,20260218,201000,686.69,687.0792,686.39,686.41,768399,0
SPY.US,5,20260218,201500,686.42,686.53,686.07,686.2,774549,0
SPY.US,5,20260218,202000,686.2,686.89,686.18,686.68,546020,0
SPY.US,5,20260218,202500,686.68,686.8899,686.23,686.42,596790,0
SPY.US,5,20260218,203000,686.43,686.63,685.71,685.89,954179,0
SPY.US,5,20260218,203500,685.885,685.93,684.85,685.23,1100421,0
SPY.US,5,20260218,204000,685.21,685.69,685.03,685.1824,646082,0
SPY.US,5,20260218,204500,685.18,685.815,685.08,685.32,780589,0
SPY.US,5,20260218,205000,685.3,685.38,684.76,684.86,502795,0
SPY.US,5,20260218,205500,684.8599,684.96,684.05,684.6,949486,0
SPY.US,5,20260218,210000,684.58,685.36,684.51,684.99,853328,0
SPY.US,5,20260218,210500,684.99,685.06,684.44,684.55,563932,0
SPY.US,5,20260218,211000,684.57,684.6937,684.11,684.41,686769,0
SPY.US,5,20260218,211500,684.39,684.665,683.92,684.32,788238,0
SPY.US,5,20260218,212000,684.32,684.39,683.94,684.365,586220,0
SPY.US,5,20260218,212500,684.355,684.43,684.04,684.21,528412,0
SPY.US,5,20260218,213000,684.21,685.1987,684.12,685.0977,843430,0
SPY.US,5,20260218,213500,685.09,685.62,684.97,685.53,823914,0
SPY.US,5,20260218,214000,685.54,685.885,685.33,685.6601,1135725,0
SPY.US,5,20260218,214500,685.67,686.5,685.47,686.39,1745675,0
SPY.US,5,20260218,215000,686.38,687.18,686.25,687.01,1987385,0
SPY.US,5,20260218,215500,687,687.13,685.94,686.29,5096601,0
SPY.US,5,20260219,153000,683.84,684.52,683.57,683.9612,1206890,0
SPY.US,5,20260219,153500,683.95,684.02,682.47,683.62,1265628,0
SPY.US,5,20260219,154000,683.64,684.75,682.7,684.61,1360163,0
SPY.US,5,20260219,154500,684.62,684.68,683.25,684.09,955144,0
SPY.US,5,20260219,155000,684.08,685.29,684.04,684.88,949549,0
SPY.US,5,20260219,155500,684.86,685.82,684.7501,685.01,1221361,0
SPY.US,5,20260219,160000,685,686.18,684.36,685.482,1083726,0
SPY.US,5,20260219,160500,685.47,685.618,684.28,684.395,926180,0
SPY.US,5,20260219,161000,684.44,684.87,683.98,684.15,549060,0
SPY.US,5,20260219,161500,684.17,685.3,684.12,684.8,800395,0
SPY.US,5,20260219,162000,684.8,685.32,684.18,685.3,724150,0
SPY.US,5,20260219,162500,685.28,685.28,683.81,683.9,774742,0
SPY.US,5,20260219,163000,683.89,685.73,683.71,685.7,686565,0
SPY.US,5,20260219,163500,685.7007,685.86,685.22,685.48,509762,0
SPY.US,5,20260219,164000,685.455,685.86,685.295,685.52,333629,0
SPY.US,5,20260219,164500,685.53,685.8099,685.16,685.49,379693,0
SPY.US,5,20260219,165000,685.495,685.51,684.23,684.35,547967,0
SPY.US,5,20260219,165500,684.34,685.48,684.33,685.32,422090,0
SPY.US,5,20260219,170000,685.32,685.6,684.5501,684.66,297662,0
SPY.US,5,20260219,170500,684.64,684.78,683.9,684.66,529821,0
SPY.US,5,20260219,171000,684.72,684.98,684.29,684.905,276740,0
SPY.US,5,20260219,171500,684.91,685.76,684.84,685.61,347776,0
SPY.US,5,20260219,172000,685.61,685.83,685.33,685.53,400904,0
SPY.US,5,20260219,172500,685.53,685.65,684.11,684.14,553536,0
SPY.US,5,20260219,173000,684.2,685.27,684.2,685.2,496471,0
SPY.US,5,20260219,173500,685.2,685.22,684.42,684.63,343999,0
SPY.US,5,20260219,174000,684.64,684.74,683.63,683.73,397470,0
SPY.US,5,20260219,174500,683.74,684.03,683.01,683.24,867684,0
SPY.US,5,20260219,175000,683.25,684.12,682.72,684.04,720672,0
SPY.US,5,20260219,175500,684.06,684.09,683.42,683.52,452992,0
SPY.US,5,20260219,180000,683.525,683.705,682.83,683.01,486972,0
SPY.US,5,20260219,180500,683.01,683.55,682.7,683.04,578458,0
SPY.US,5,20260219,181000,683.03,683.65,682.94,683.55,295938,0
SPY.US,5,20260219,181500,683.55,684.23,683.25,684.12,442328,0
SPY.US,5,20260219,182000,684.135,684.78,683.92,684.5,446910,0
SPY.US,5,20260219,182500,684.475,684.54,683.71,683.93,463752,0
SPY.US,5,20260219,183000,683.915,684.14,683.7307,683.8666,210692,0
SPY.US,5,20260219,183500,683.86,684.13,683.45,683.79,301000,0
SPY.US,5,20260219,184000,683.78,684.26,683.6901,683.77,206314,0
SPY.US,5,20260219,184500,683.77,683.825,682.385,682.7,596323,0
SPY.US,5,20260219,185000,682.71,683.29,682.25,682.68,754569,0
SPY.US,5,20260219,185500,682.69,683.11,682.13,682.44,527461,0
SPY.US,5,20260219,190000,682.42,682.57,682.06,682.07,405355,0
SPY.US,5,20260219,190500,682.07,682.69,682.06,682.62,519447,0
SPY.US,5,20260219,191000,682.61,683.42,682.37,683.27,421454,0
SPY.US,5,20260219,191500,683.26,683.29,682.01,682.07,431718,0
SPY.US,5,20260219,192000,682.0697,682.46,681.5475,682.375,619804,0
SPY.US,5,20260219,192500,682.36,682.755,682.01,682.4,484469,0
SPY.US,5,20260219,193000,682.34,682.78,682.03,682.175,376978,0
SPY.US,5,20260219,193500,682.17,682.56,682.01,682.5,291411,0
SPY.US,5,20260219,194000,682.5,682.81,682.22,682.7,322506,0
SPY.US,5,20260219,194500,682.68,683.45,682.67,683.34,530531,0
SPY.US,5,20260219,195000,683.33,683.55,682.95,683.28,416061,0
SPY.US,5,20260219,195500,683.28,683.88,683.1,683.75,480031,0
SPY.US,5,20260219,200000,683.74,683.84,683.39,683.59,428806,0
SPY.US,5,20260219,200500,683.56,684.04,683.485,683.99,299744,0
SPY.US,5,20260219,201000,683.99,684.02,683.46,683.695,422461,0
SPY.US,5,20260219,201500,683.69,683.995,683.59,683.95,283808,0
SPY.US,5,20260219,202000,683.94,684.0599,683.645,683.955,381062,0
SPY.US,5,20260219,202500,683.955,684.0094,683,683.275,505580,0
SPY.US,5,20260219,203000,683.25,683.565,683.15,683.35,381316,0
SPY.US,5,20260219,203500,683.346,683.395,682.02,682.06,607437,0
SPY.US,5,20260219,204000,682.05,682.58,681.88,682.48,804459,0
SPY.US,5,20260219,204500,682.4701,682.685,682.09,682.46,416337,0
SPY.US,5,20260219,205000,682.47,682.9,682.26,682.46,492881,0
SPY.US,5,20260219,205500,682.46,682.81,682.4201,682.56,428321,0
SPY.US,5,20260219,210000,682.53,683.49,682.52,683.29,588050,0
SPY.US,5,20260219,210500,683.26,683.31,682.95,683.04,427491,0
SPY.US,5,20260219,211000,683.07,683.3,682.86,683.19,475499,0
SPY.US,5,20260219,211500,683.155,683.25,682.65,683.24,588630,0
SPY.US,5,20260219,212000,683.25,683.36,682.85,682.95,553753,0
SPY.US,5,20260219,212500,682.9499,683.035,682.79,682.9,429991,0
SPY.US,5,20260219,213000,682.89,683.61,682.8001,683.295,980995,0
SPY.US,5,20260219,213500,683.32,683.49,683.075,683.205,475267,0
SPY.US,5,20260219,214000,683.21,683.41,682.91,683.325,633460,0
SPY.US,5,20260219,214500,683.33,684,683.24,683.87,1307307,0
SPY.US,5,20260219,215000,683.86,684.06,683.535,683.96,910738,0
SPY.US,5,20260219,215500,683.95,684.6,683.72,684.48,3229298,0
SPY.US,5,20260220,153000,682.32,683.47,681.73,683.31,1378825,0
SPY.US,5,20260220,153500,683.32,684.53,682.98,683.7735,855727,0
SPY.US,5,20260220,154000,684.14,685.35,683.55,684.74,740210,0
SPY.US,5,20260220,154500,684.77,685.15,684.01,684.11,596016,0
SPY.US,5,20260220,155000,684.1,684.42,683.45,684.105,1021945,0
SPY.US,5,20260220,155500,684.15,685.04,683.82,684.85,804253,0
SPY.US,5,20260220,160000,684.89,689.4,684.75,686.79,2148969,0
SPY.US,5,20260220,160500,686.85,687.18,684.55,687.09,1919754,0
SPY.US,5,20260220,161000,687.09,688,685.34,685.42,1297716,0
SPY.US,5,20260220,161500,685.46,687.27,684.19,686.59,1307242,0
SPY.US,5,20260220,162000,686.6,687.98,686.43,687.385,1029881,0
SPY.US,5,20260220,162500,687.39,688.08,686.31,686.59,749885,0
SPY.US,5,20260220,163000,686.69,687.37,685.51,686.0405,826766,0
SPY.US,5,20260220,163500,686.06,687.47,685.64,687.23,737330,0
SPY.US,5,20260220,164000,687.26,688.18,686,688.15,762677,0
SPY.US,5,20260220,164500,688.14,688.72,687.35,688.12,815499,0
SPY.US,5,20260220,165000,688.14,689.06,687.59,688.86,929334,0
SPY.US,5,20260220,165500,688.86,689.17,688.5,688.83,1061009,0
SPY.US,5,20260220,170000,688.82,689.24,688.34,688.91,787844,0
SPY.US,5,20260220,170500,688.91,688.91,688.2701,688.39,502173,0
SPY.US,5,20260220,171000,688.38,688.83,687.95,688.05,562610,0
SPY.US,5,20260220,171500,688.12,688.27,687,687.62,792619,0
SPY.US,5,20260220,172000,687.68,687.69,686.68,686.96,565936,0
SPY.US,5,20260220,172500,686.96,687.03,686.09,686.15,613883,0
SPY.US,5,20260220,173000,686.1496,687.49,685.89,687.3,902140,0
SPY.US,5,20260220,173500,687.3,688.1301,686.74,688.11,535110,0
SPY.US,5,20260220,174000,688.12,688.88,687.83,688.46,763222,0
SPY.US,5,20260220,174500,688.46,689.1,688.395,688.99,742475,0
SPY.US,5,20260220,175000,688.99,689.15,688.46,688.92,671881,0
SPY.US,5,20260220,175500,688.91,689.04,688.68,688.94,145801,0
SPY.US,5,20260220,180000,688.67,688.87,687.855,687.87,345397,0
SPY.US,5,20260220,180500,687.89,687.96,687.04,687.09,338828,0
SPY.US,5,20260220,181000,687.1,687.14,686.085,686.11,595557,0
SPY.US,5,20260220,181500,686.11,686.11,684.87,685.07,1213266,0
SPY.US,5,20260220,182000,685.07,685.3,684.2,684.23,736784,0
SPY.US,5,20260220,182500,684.24,685.25,684.08,685.25,1021120,0
SPY.US,5,20260220,183000,685.24,686.1149,685.06,685.76,671267,0
SPY.US,5,20260220,183500,685.77,686.09,684.9701,685.92,639447,0
SPY.US,5,20260220,184000,685.93,686.18,685.28,686.0102,554085,0
SPY.US,5,20260220,184500,686.0115,686.93,685.75,686.83,701313,0
SPY.US,5,20260220,185000,686.81,687.68,686.39,687.38,920865,0
SPY.US,5,20260220,185500,687.37,687.71,686.13,687.48,909926,0
SPY.US,5,20260220,190000,687.43,687.79,686.99,687.04,712052,0
SPY.US,5,20260220,190500,687.06,687.8,686.92,687.25,377811,0
SPY.US,5,20260220,191000,687.27,687.27,686.69,687.1,395028,0
SPY.US,5,20260220,191500,687.09,687.1,686.36,686.71,292150,0
SPY.US,5,20260220,192000,686.72,687.17,685.7175,686.923,891742,0
SPY.US,5,20260220,192500,686.96,687.1,686.05,686.6,870881,0
SPY.US,5,20260220,193000,686.57,688.82,685.76,687.72,1829571,0
SPY.US,5,20260220,193500,687.71,688.46,686.36,687.76,2281204,0
SPY.US,5,20260220,194000,687.77,689.02,687.72,688.72,941946,0
SPY.US,5,20260220,194500,688.715,690.06,688.66,689.09,1647173,0
SPY.US,5,20260220,195000,689.1,689.54,688.27,689.38,804850,0
SPY.US,5,20260220,195500,689.41,689.58,689,689.31,495140,0
SPY.US,5,20260220,200000,689.3,689.79,689.26,689.47,594288,0
SPY.US,5,20260220,200500,689.49,689.5,688.81,689.11,450353,0
SPY.US,5,20260220,201000,689.12,689.17,688.42,688.52,553517,0
SPY.US,5,20260220,201500,688.52,688.6189,688.24,688.41,317605,0
SPY.US,5,20260220,202000,688.42,689,688.29,688.71,547173,0
SPY.US,5,20260220,202500,688.71,688.81,688.25,688.58,565144,0
SPY.US,5,20260220,203000,688.58,689.12,688.56,688.77,441845,0
SPY.US,5,20260220,203500,688.77,688.88,688.39,688.45,341288,0
SPY.US,5,20260220,204000,688.45,688.69,687.96,688.04,594702,0
SPY.US,5,20260220,204500,688.05,688.23,687.81,688.06,620494,0
SPY.US,5,20260220,205000,688.05,688.65,687.97,688.12,455233,0
SPY.US,5,20260220,205500,688.12,688.41,687.88,688.05,319117,0
SPY.US,5,20260220,210000,688.06,688.83,688.005,688.6103,544791,0
SPY.US,5,20260220,210500,688.61,689.32,688.6,689.04,774061,0
SPY.US,5,20260220,211000,689.04,689.185,688.76,689.125,510633,0
SPY.US,5,20260220,211500,689.12,689.18,688.54,688.58,504073,0
SPY.US,5,20260220,212000,688.6,688.68,688.28,688.48,461876,0
SPY.US,5,20260220,212500,688.48,688.57,688.1,688.36,707466,0
SPY.US,5,20260220,213000,688.36,688.72,688.3,688.45,640774,0
SPY.US,5,20260220,213500,688.46,688.745,688.27,688.69,501509,0
SPY.US,5,20260220,214000,688.7,689.08,688.565,689.0799,791096,0
SPY.US,5,20260220,214500,689.07,689.12,688.72,688.72,979505,0
SPY.US,5,20260220,215000,688.72,688.995,688.35,688.8301,1491635,0
SPY.US,5,20260220,215500,688.83,689.5,688.63,689.42,5394570,0
SPY.US,5,20260223,153000,687.83,689.7599,687.67,689.3702,1781848,0
SPY.US,5,20260223,153500,689.38,690,688.8901,689.57,1689009,0
SPY.US,5,20260223,154000,689.56,689.57,687.44,687.55,1885729,0
SPY.US,5,20260223,154500,687.54,687.89,686.76,686.91,1701424,0
SPY.US,5,20260223,155000,686.9,688.14,686.86,687.15,1318036,0
SPY.US,5,20260223,155500,687.08,687.25,686.3,686.53,1173778,0
SPY.US,5,20260223,160000,686.53,687.23,685.22,685.28,1299264,0
SPY.US,5,20260223,160500,685.28,685.71,684.66,684.93,1501761,0
SPY.US,5,20260223,161000,684.93,685.67,684.53,684.77,1364480,0
SPY.US,5,20260223,161500,684.76,685.04,684.51,684.96,1224567,0
SPY.US,5,20260223,162000,684.95,685.56,684.4212,684.8,1158241,0
SPY.US,5,20260223,162500,684.83,684.86,684.2799,684.53,810702,0
SPY.US,5,20260223,163000,684.51,685.005,683.97,684.02,1137762,0
SPY.US,5,20260223,163500,684.02,684.5,683.6399,684.1,1076203,0
SPY.US,5,20260223,164000,684.09,684.25,683.41,683.68,857461,0
SPY.US,5,20260223,164500,683.67,683.945,683.37,683.555,936227,0
SPY.US,5,20260223,165000,683.56,683.87,682.67,682.79,1163124,0
SPY.US,5,20260223,165500,682.8,682.915,682.18,682.2699,1274787,0
SPY.US,5,20260223,170000,682.26,682.51,680.855,681.31,1607647,0
SPY.US,5,20260223,170500,681.32,681.398,680.75,680.92,1236466,0
SPY.US,5,20260223,171000,680.94,681.41,680.58,680.68,1102884,0
SPY.US,5,20260223,171500,680.69,681.62,680.371,681.57,1271168,0
SPY.US,5,20260223,172000,681.56,682.14,681.46,681.795,1186561,0
SPY.US,5,20260223,172500,681.78,682.91,681.745,682.865,998203,0
SPY.US,5,20260223,173000,682.87,683.085,682.51,682.66,947663,0
SPY.US,5,20260223,173500,682.65,682.98,682.4,682.485,726387,0
SPY.US,5,20260223,174000,682.47,682.745,682.21,682.4,655106,0
SPY.US,5,20260223,174500,682.42,682.57,681.78,682.12,585177,0
SPY.US,5,20260223,175000,682.1203,682.625,681.97,682.185,628339,0
SPY.US,5,20260223,175500,682.19,682.32,681.79,681.96,469012,0
SPY.US,5,20260223,180000,681.97,682.46,681.79,682.09,565193,0
SPY.US,5,20260223,180500,682.08,682.47,681.93,682.07,437211,0
SPY.US,5,20260223,181000,682.06,682.26,681.59,681.77,330079,0
SPY.US,5,20260223,181500,681.77,682.265,681.73,681.8201,408404,0
SPY.US,5,20260223,182000,681.83,682.24,681.74,681.84,277941,0
SPY.US,5,20260223,182500,681.85,682.08,681.67,681.69,341347,0
SPY.US,5,20260223,183000,681.7,681.74,681.27,681.35,364541,0
SPY.US,5,20260223,183500,681.35,681.36,680.61,680.63,758029,0
SPY.US,5,20260223,184000,680.62,681.7,680.59,681.16,717652,0
SPY.US,5,20260223,184500,681.16,681.535,680.98,681.11,422863,0
SPY.US,5,20260223,185000,681.1,682.17,681.07,681.95,515728,0
SPY.US,5,20260223,185500,681.955,682.35,681.79,682.05,646181,0
SPY.US,5,20260223,190000,682.045,682.509,681.94,682.42,427455,0
SPY.US,5,20260223,190500,682.41,682.9,682.36,682.88,565150,0
SPY.US,5,20260223,191000,682.87,683.19,682.64,683.08,548645,0
SPY.US,5,20260223,191500,683.09,683.41,682.98,683.14,544958,0
SPY.US,5,20260223,192000,683.15,683.79,683.07,683.74,564435,0
SPY.US,5,20260223,192500,683.72,683.95,683.57,683.8099,565833,0
SPY.US,5,20260223,193000,683.81,683.82,683.42,683.7,449974,0
SPY.US,5,20260223,193500,683.71,683.91,683.37,683.39,569995,0
SPY.US,5,20260223,194000,683.4,683.54,682.855,683.025,427168,0
SPY.US,5,20260223,194500,683.03,683.4,682.82,683.2199,495554,0
SPY.US,5,20260223,195000,683.22,683.28,682.49,682.53,410963,0
SPY.US,5,20260223,195500,682.53,682.6,681.87,682.01,665523,0
SPY.US,5,20260223,200000,682.02,682.28,681.752,681.79,702572,0
SPY.US,5,20260223,200500,681.8,682.135,681.73,681.9001,549109,0
SPY.US,5,20260223,201000,681.91,682.15,681.695,681.86,645392,0
SPY.US,5,20260223,201500,681.86,682.085,681.61,681.76,420398,0
SPY.US,5,20260223,202000,681.75,681.905,681.55,681.73,595397,0
SPY.US,5,20260223,202500,681.745,681.88,681.17,681.2899,452034,0
SPY.US,5,20260223,203000,681.28,681.66,681.22,681.31,498760,0
SPY.US,5,20260223,203500,681.3,681.32,680.95,681.13,500783,0
SPY.US,5,20260223,204000,681.135,681.16,680.54,680.86,554059,0
SPY.US,5,20260223,204500,680.86,681.5,680.77,681.37,782495,0
SPY.US,5,20260223,205000,681.36,681.46,681.0899,681.16,515491,0
SPY.US,5,20260223,205500,681.16,681.53,680.95,681.06,646188,0
SPY.US,5,20260223,210000,681.06,681.43,680.98,681.2,537136,0
SPY.US,5,20260223,210500,681.2,681.34,680.81,680.9,900311,0
SPY.US,5,20260223,211000,680.905,681.02,680.65,680.72,702490,0
SPY.US,5,20260223,211500,680.72,681.19,680.715,680.975,579072,0
SPY.US,5,20260223,212000,680.97,681.1,680.76,681.1,429768,0
SPY.US,5,20260223,212500,681.09,681.52,681.03,681.35,785356,0
SPY.US,5,20260223,213000,681.34,682.25,681.3,682.0835,1478490,0
SPY.US,5,20260223,213500,682.08,682.08,681.49,681.625,891311,0
SPY.US,5,20260223,214000,681.62,681.78,681.14,681.65,760126,0
SPY.US,5,20260223,214500,681.655,681.72,681.36,681.675,504047,0
SPY.US,5,20260223,215000,681.62,681.9,680.96,681.06,2222707,0
SPY.US,5,20260223,215500,681.06,682.44,680.9,682.41,4832149,0
SPY.US,5,20260224,153000,681.9,682.2175,680.55,680.79,1367431,0
SPY.US,5,20260224,153500,680.79,682.53,680,682.3,1907599,0
SPY.US,5,20260224,154000,682.29,684.38,682.19,684.3,1562805,0
SPY.US,5,20260224,154500,684.3,685.46,684.02,684.87,1730993,0
SPY.US,5,20260224,155000,684.87,684.97,683.93,684.12,1198965,0
SPY.US,5,20260224,155500,684.12,684.13,682.8,683.15,1394061,0
SPY.US,5,20260224,160000,683.18,683.31,682.03,682.69,1056209,0
SPY.US,5,20260224,160500,682.66,684.02,682.61,683.9,1094706,0
SPY.US,5,20260224,161000,683.87,684.23,682.97,683.24,962625,0
SPY.US,5,20260224,161500,683.21,684.36,683,684.1501,736887,0
SPY.US,5,20260224,162000,684.15,685.21,684.04,685.16,1110151,0
SPY.US,5,20260224,162500,685.165,686.39,684.9401,686.335,1412813,0
SPY.US,5,20260224,163000,686.31,686.512,685.935,686.14,1251050,0
SPY.US,5,20260224,163500,686.14,686.175,685.64,685.905,842024,0
SPY.US,5,20260224,164000,685.9,686.545,685.77,686.2701,518945,0
SPY.US,5,20260224,164500,686.28,686.31,685.8,686.045,735821,0
SPY.US,5,20260224,165000,686.02,686.04,685.45,685.61,571583,0
SPY.US,5,20260224,165500,685.615,685.81,685.18,685.3788,811692,0
SPY.US,5,20260224,170000,685.37,686.15,685.2921,686.05,652675,0
SPY.US,5,20260224,170500,686.0507,686.32,685.85,686.15,448263,0
SPY.US,5,20260224,171000,686.13,686.87,685.93,686.555,707839,0
SPY.US,5,20260224,171500,686.6,686.745,686.02,686.21,552366,0
SPY.US,5,20260224,172000,686.21,686.22,685.785,685.99,465979,0
SPY.US,5,20260224,172500,686.01,686.235,685.895,686.09,261935,0
SPY.US,5,20260224,173000,686.1,686.13,685.15,685.27,557497,0
SPY.US,5,20260224,173500,685.27,685.84,685.22,685.735,575006,0
SPY.US,5,20260224,174000,685.75,686.15,685.46,685.5806,404894,0
SPY.US,5,20260224,174500,685.57,686.07,685.52,685.875,285318,0
SPY.US,5,20260224,175000,685.87,686.53,685.705,686.42,491133,0
SPY.US,5,20260224,175500,686.42,686.7,686.28,686.47,508334,0
SPY.US,5,20260224,180000,686.46,686.82,686.4,686.57,467209,0
SPY.US,5,20260224,180500,686.58,687.05,686.58,687.02,373488,0
SPY.US,5,20260224,181000,687.03,687.55,687.03,687.25,979603,0
SPY.US,5,20260224,181500,687.24,687.6,687.24,687.25,499706,0
SPY.US,5,20260224,182000,687.41,687.49,687.33,687.44,337227,0
SPY.US,5,20260224,182500,687.48,687.66,687.46,687.66,29602,0
SPY.US,5,20260224,183000,687.47,687.55,687.46,687.485,16447,0
SPY.US,5,20260224,183500,687.42,687.505,687.29,687.301,161284,0
SPY.US,5,20260224,184000,687.33,687.48,687.24,687.44,58310,0
SPY.US,5,20260224,184500,687.04,687.56,686.962,687.51,64689,0
SPY.US,5,20260224,185000,687.51,687.56,687.37,687.375,12605,0
SPY.US,5,20260224,185500,687.42,687.43,687.3,687.36,13679,0
SPY.US,5,20260224,190000,687.5,688,687.5,687.99,34058,0
SPY.US,5,20260224,190500,687.8,687.83,687.61,687.63,30358,0
SPY.US,5,20260224,191000,687.62,687.66,687.5,687.51,35022,0
SPY.US,5,20260224,191500,687.4,687.435,687.39,687.43,6999,0
SPY.US,5,20260224,192000,687.1,687.38,687.075,687.095,226307,0
SPY.US,5,20260224,192500,687.1,687.225,686.94,687.035,315358,0
SPY.US,5,20260224,193000,687.03,687.34,686.905,687.23,328341,0
SPY.US,5,20260224,193500,687.21,687.75,687.08,687.67,411731,0
SPY.US,5,20260224,194000,687.69,687.83,687.54,687.73,399062,0
SPY.US,5,20260224,194500,687.74,687.875,687.46,687.645,320630,0
SPY.US,5,20260224,195000,687.64,687.84,687.64,687.72,244109,0
SPY.US,5,20260224,195500,687.74,687.81,687.45,687.45,302686,0
SPY.US,5,20260224,200000,687.4599,687.6,687.37,687.37,686026,0
SPY.US,5,20260224,200500,687.37,687.47,687.15,687.24,495370,0
SPY.US,5,20260224,201000,687.24,687.34,686.7,687.175,406570,0
SPY.US,5,20260224,201500,687.18,687.19,686.65,686.89,523132,0
SPY.US,5,20260224,202000,686.88,686.9799,686.65,686.8,377847,0
SPY.US,5,20260224,202500,686.79,687.09,686.695,686.8999,727673,0
SPY.US,5,20260224,203000,686.89,687.12,686.83,686.8712,332112,0
SPY.US,5,20260224,203500,686.88,687.03,686.78,687.005,303185,0
SPY.US,5,20260224,204000,687,687.34,686.94,687.18,353399,0
SPY.US,5,20260224,204500,687.2,687.345,687.005,687.185,339929,0
SPY.US,5,20260224,205000,687.19,687.69,687.17,687.21,619437,0
SPY.US,5,20260224,205500,687.21,687.33,687.085,687.135,506141,0
SPY.US,5,20260224,210000,687.135,687.34,686.96,687.05,399213,0
SPY.US,5,20260224,210500,687.06,687.14,686.76,686.851,433550,0
SPY.US,5,20260224,211000,686.84,686.9,686.57,686.69,425343,0
SPY.US,5,20260224,211500,686.685,686.9,686.46,686.88,715920,0
SPY.US,5,20260224,212000,686.86,687.1,686.75,686.82,514275,0
SPY.US,5,20260224,212500,686.8,686.99,686.5,686.54,600137,0
SPY.US,5,20260224,213000,686.53,687.12,686.5101,687,622588,0
SPY.US,5,20260224,213500,686.99,687.08,686.75,686.79,655457,0
SPY.US,5,20260224,214000,686.79,687.25,686.74,687.21,646096,0
SPY.US,5,20260224,214500,687.2,687.645,687.17,687.5099,1173225,0
SPY.US,5,20260224,215000,687.51,688.35,687.41,687.88,3215882,0
SPY.US,5,20260224,215500,687.88,687.88,687.24,687.35,5730645,0
SPY.US,5,20260225,153000,690.18,691.24,690.1,690.84,1092516,0
SPY.US,5,20260225,153500,690.83,691.41,690.73,691.15,1001137,0
SPY.US,5,20260225,154000,691.14,691.325,690.62,690.92,888371,0
SPY.US,5,20260225,154500,690.91,691.87,690.91,691.67,917548,0
SPY.US,5,20260225,155000,691.68,691.99,691.28,691.395,892572,0
SPY.US,5,20260225,155500,691.4,691.495,690.84,691.32,923484,0
SPY.US,5,20260225,160000,691.32,691.58,690.92,690.94,593865,0
SPY.US,5,20260225,160500,690.96,691.0425,690.37,690.6,780147,0
SPY.US,5,20260225,161000,690.6,690.85,690.325,690.505,576058,0
SPY.US,5,20260225,161500,690.5,690.788,690.25,690.6135,419303,0
SPY.US,5,20260225,162000,690.615,690.92,690.26,690.7115,543419,0
SPY.US,5,20260225,162500,690.71,691.22,690.605,691.15,477178,0
SPY.US,5,20260225,163000,691.145,691.35,690.36,690.41,513424,0
SPY.US,5,20260225,163500,690.42,690.54,690.21,690.37,393632,0
SPY.US,5,20260225,164000,690.37,690.76,690.34,690.54,381974,0
SPY.US,5,20260225,164500,690.55,690.85,690.43,690.48,335104,0
SPY.US,5,20260225,165000,690.49,690.78,690.36,690.485,310924,0
SPY.US,5,20260225,165500,690.48,690.88,690.1701,690.84,308970,0
SPY.US,5,20260225,170000,690.83,691.19,690.78,690.94,383454,0
SPY.US,5,20260225,170500,690.92,691.28,690.79,691.27,378127,0
SPY.US,5,20260225,171000,691.28,691.41,691.07,691.14,411314,0
SPY.US,5,20260225,171500,691.1459,691.15,690.69,690.82,340678,0
SPY.US,5,20260225,172000,690.8263,691.15,690.69,691.1,333565,0
SPY.US,5,20260225,172500,691.09,691.58,691.08,691.47,543883,0
SPY.US,5,20260225,173000,691.47,691.84,691.44,691.5,575958,0
SPY.US,5,20260225,173500,691.48,691.7,691.4,691.66,392311,0
SPY.US,5,20260225,174000,691.66,691.98,691.63,691.87,458654,0
SPY.US,5,20260225,174500,691.895,692.39,691.89,692.21,535126,0
SPY.US,5,20260225,175000,692.21,692.355,692.06,692.09,499855,0
SPY.US,5,20260225,175500,692.095,692.16,691.97,692.04,371493,0
SPY.US,5,20260225,180000,692.04,692.31,691.97,692.19,326249,0
SPY.US,5,20260225,180500,692.19,692.3,691.8,692.093,386818,0
SPY.US,5,20260225,181000,692.09,692.33,692.06,692.3,256152,0
SPY.US,5,20260225,181500,692.3,692.35,692.21,692.2901,287681,0
SPY.US,5,20260225,182000,692.29,692.32,692.18,692.265,313533,0
SPY.US,5,20260225,182500,692.26,692.3,691.94,691.97,335853,0
SPY.US,5,20260225,183000,691.97,692.16,691.84,692.0483,346925,0
SPY.US,5,20260225,183500,692.045,692.305,692.0201,692.22,248600,0
SPY.US,5,20260225,184000,692.23,692.46,692.21,692.32,425937,0
SPY.US,5,20260225,184500,692.34,692.52,692.24,692.3,337066,0
SPY.US,5,20260225,185000,692.31,692.57,692.25,692.4801,324060,0
SPY.US,5,20260225,185500,692.49,692.55,692.43,692.54,207938,0
SPY.US,5,20260225,190000,692.55,692.69,692.46,692.5,307026,0
SPY.US,5,20260225,190500,692.5,692.54,692.42,692.49,215102,0
SPY.US,5,20260225,191000,692.5,692.64,692.45,692.49,354141,0
SPY.US,5,20260225,191500,692.49,692.49,692.31,692.38,332971,0
SPY.US,5,20260225,192000,692.38,692.41,692.27,692.28,324435,0
SPY.US,5,20260225,192500,692.275,692.36,692.205,692.31,257810,0
SPY.US,5,20260225,193000,692.31,692.4799,692.29,692.31,310605,0
SPY.US,5,20260225,193500,692.315,692.35,692.21,692.31,278751,0
SPY.US,5,20260225,194000,692.31,692.62,692.29,692.55,359592,0
SPY.US,5,20260225,194500,692.55,692.59,692.47,692.54,219491,0
SPY.US,5,20260225,195000,692.55,692.69,692.53,692.59,251940,0
SPY.US,5,20260225,195500,692.59,692.61,692.44,692.49,241964,0
SPY.US,5,20260225,200000,692.49,692.87,692.48,692.77,524812,0
SPY.US,5,20260225,200500,692.77,692.98,692.67,692.94,673884,0
SPY.US,5,20260225,201000,692.93,693.005,692.85,692.85,423750,0
SPY.US,5,20260225,201500,692.85,693.07,692.765,693.02,425416,0
SPY.US,5,20260225,202000,693.02,693.08,692.865,692.9,438851,0
SPY.US,5,20260225,202500,692.91,692.95,692.84,692.865,350296,0
SPY.US,5,20260225,203000,692.87,693.2199,692.85,693.2,389773,0
SPY.US,5,20260225,203500,693.2,693.32,693.16,693.24,526817,0
SPY.US,5,20260225,204000,693.23,693.305,693.07,693.08,354894,0
SPY.US,5,20260225,204500,693.085,693.28,693.05,693.2,341382,0
SPY.US,5,20260225,205000,693.205,693.24,693.11,693.15,362541,0
SPY.US,5,20260225,205500,693.145,693.23,693.06,693.085,388375,0
SPY.US,5,20260225,210000,693.085,693.33,693.07,693.105,554897,0
SPY.US,5,20260225,210500,693.105,693.21,693.09,693.125,483162,0
SPY.US,5,20260225,211000,693.13,693.15,692.9701,693.075,404297,0
SPY.US,5,20260225,211500,693.08,693.19,693.02,693.11,710251,0
SPY.US,5,20260225,212000,693.105,693.12,692.81,692.95,606702,0
SPY.US,5,20260225,212500,692.96,693.0799,692.91,692.92,512640,0
SPY.US,5,20260225,213000,692.92,692.98,692.74,692.86,775780,0
SPY.US,5,20260225,213500,692.86,693.19,692.8,693.15,667731,0
SPY.US,5,20260225,214000,693.1486,693.27,693.04,693.09,769970,0
SPY.US,5,20260225,214500,693.08,693.395,693.055,693.24,1119746,0
SPY.US,5,20260225,215000,693.23,693.68,693.05,693.44,2181236,0
SPY.US,5,20260225,215500,693.44,693.45,692.94,693.02,3743644,0
SPY.US,5,20260226,154500,691.14,691.28,690.78,690.88,243070,0
SPY.US,5,20260226,155000,691.16,691.26,690.58,690.97,329670,0
SPY.US,5,20260226,155500,690.97,691.42,690.42,690.67,1040151,0
SPY.US,5,20260226,160000,690.67,691.03,689.575,690.34,1477077,0
SPY.US,5,20260226,160500,690.3302,690.639,689.8602,689.97,700857,0
SPY.US,5,20260226,161000,689.98,690.53,688.5511,688.585,1168104,0
SPY.US,5,20260226,161500,688.58,688.59,686.33,686.5,1944387,0
SPY.US,5,20260226,162000,686.5,686.98,684.931,685.32,2576831,0
SPY.US,5,20260226,162500,685.32,686.36,684.74,685.69,2191249,0
SPY.US,5,20260226,163000,685.69,685.78,684.35,684.58,1598247,0
SPY.US,5,20260226,163500,684.62,686.63,684.59,686.58,1326380,0
SPY.US,5,20260226,164000,686.58,687.09,686.29,686.93,962966,0
SPY.US,5,20260226,164500,686.94,687.8,686.65,687.58,780981,0
SPY.US,5,20260226,165000,687.58,687.9499,686.96,687.68,864358,0
SPY.US,5,20260226,165500,687.68,688.18,687.27,687.71,856893,0
SPY.US,5,20260226,170000,687.72,688.22,687.57,688.03,656124,0
SPY.US,5,20260226,170500,688.01,688.28,687.46,688.1,595852,0
SPY.US,5,20260226,171000,688.1008,688.58,687.82,688.58,489598,0
SPY.US,5,20260226,171500,688.59,688.99,688.23,688.28,685886,0
SPY.US,5,20260226,172000,688.28,688.74,688.136,688.45,468241,0
SPY.US,5,20260226,172500,688.48,689.1,688.44,688.74,429129,0
SPY.US,5,20260226,173000,688.74,688.92,688.4,688.52,426558,0
SPY.US,5,20260226,173500,688.52,688.59,687.374,687.5,635898,0
SPY.US,5,20260226,174000,687.505,687.68,686.84,686.845,501564,0
SPY.US,5,20260226,174500,686.84,687.38,686.3,687.3199,851395,0
SPY.US,5,20260226,175000,687.32,687.51,686.38,686.4098,413140,0
SPY.US,5,20260226,175500,686.42,686.57,686.035,686.25,566459,0
SPY.US,5,20260226,180000,686.24,686.6,686.06,686.54,548558,0
SPY.US,5,20260226,180500,686.53,686.885,686.46,686.57,526566,0
SPY.US,5,20260226,181000,686.57,687.06,686.25,686.2598,408914,0
SPY.US,5,20260226,181500,686.26,686.52,686.03,686.31,382186,0
SPY.US,5,20260226,182000,686.295,686.44,686.08,686.352,235845,0
SPY.US,5,20260226,182500,686.36,686.54,686.15,686.285,254080,0
SPY.US,5,20260226,183000,686.25,687.09,686.17,686.82,383460,0
SPY.US,5,20260226,183500,686.82,686.82,685.74,685.93,411850,0
SPY.US,5,20260226,184000,685.935,686.0974,685.6,685.645,328193,0
SPY.US,5,20260226,184500,685.64,685.82,685.16,685.23,366898,0
SPY.US,5,20260226,185000,685.23,685.92,685.01,685.82,569209,0
SPY.US,5,20260226,185500,685.81,685.8159,685.28,685.47,215620,0
SPY.US,5,20260226,190000,685.46,685.56,684.95,685.11,307444,0
SPY.US,5,20260226,190500,685.11,685.4,684.73,685.08,646399,0
SPY.US,5,20260226,191000,685.06,685.54,685.04,685.33,479412,0
SPY.US,5,20260226,191500,685.32,685.8,684.93,685.73,347618,0
SPY.US,5,20260226,192000,685.74,685.855,685.29,685.77,387559,0
SPY.US,5,20260226,192500,685.76,685.955,685.59,685.67,337122,0
SPY.US,5,20260226,193000,685.66,686.99,685.41,686.96,1093001,0
SPY.US,5,20260226,193500,686.96,687.68,686.56,687.29,2117900,0
SPY.US,5,20260226,194000,687.48,687.53,687.33,687.5,47904,0
SPY.US,5,20260226,194500,688.08,688.19,687.73,687.81,173686,0
SPY.US,5,20260226,200500,688.17,688.49,688.17,688.43,174815,0
SPY.US,5,20260226,201000,688.43,688.79,688.3,688.5101,643089,0
SPY.US,5,20260226,201500,688.52,689.19,688.51,688.97,717447,0
SPY.US,5,20260226,202000,688.98,689.32,688.88,689.205,673979,0
SPY.US,5,20260226,202500,689.205,689.22,688.45,688.61,604788,0
SPY.US,5,20260226,203000,688.62,689.29,688.47,689.22,528895,0
SPY.US,5,20260226,203500,689.23,689.31,688.97,689.09,449093,0
SPY.US,5,20260226,204000,689.1,689.26,688.96,689.15,411686,0
SPY.US,5,20260226,204500,689.145,689.66,689.14,689.575,527298,0
SPY.US,5,20260226,205000,689.58,689.59,689.28,689.495,470393,0
SPY.US,5,20260226,205500,689.49,689.66,689.005,689.03,463271,0
SPY.US,5,20260226,210000,689.03,689.61,688.84,689.56,561671,0
SPY.US,5,20260226,210500,689.57,689.81,689.11,689.13,641732,0
SPY.US,5,20260226,211000,689.14,689.25,688.89,688.91,555443,0
SPY.US,5,20260226,211500,688.91,689.24,688.68,689.115,503454,0
SPY.US,5,20260226,212000,689.12,689.17,688.6872,688.84,424710,0
SPY.US,5,20260226,212500,688.845,689.04,688.615,688.665,469997,0
SPY.US,5,20260226,213000,688.665,689.43,688.62,689.41,754498,0
SPY.US,5,20260226,213500,689.41,689.5167,689.12,689.4,997043,0
SPY.US,5,20260226,214000,689.39,689.43,689.01,689.32,775665,0
SPY.US,5,20260226,214500,689.32,689.36,688.905,689.12,1082925,0
SPY.US,5,20260226,215000,689.12,689.32,688.65,688.99,1476539,0
SPY.US,5,20260226,215500,688.98,689.37,688.84,689.33,2579975,0
SPY.US,5,20260227,153000,683,684.16,682.8,683.7942,1304548,0
SPY.US,5,20260227,153500,683.81,684.25,682.87,684.065,1055493,0
SPY.US,5,20260227,154000,684.065,684.12,681.64,682.59,1429357,0
SPY.US,5,20260227,154500,682.61,683.855,682.2248,683.55,1189246,0
SPY.US,5,20260227,155000,683.53,683.685,682.71,683.08,916760,0
SPY.US,5,20260227,155500,683.08,683.38,682.6,682.8664,959865,0
SPY.US,5,20260227,160000,682.85,684.43,682.66,683.9194,1351564,0
SPY.US,5,20260227,160500,683.93,685.42,683.82,684.72,1343189,0
SPY.US,5,20260227,161000,684.71,685.49,684.51,684.58,942612,0
SPY.US,5,20260227,161500,684.58,684.85,683.6,684.1466,732487,0
SPY.US,5,20260227,162000,684.155,684.99,684,684.72,675977,0
SPY.US,5,20260227,162500,684.71,684.815,684.09,684.52,608983,0
SPY.US,5,20260227,163000,684.5294,684.67,683.74,684.51,578390,0
SPY.US,5,20260227,163500,684.45,685.47,684.43,685.06,555513,0
SPY.US,5,20260227,164000,685.07,685.75,684.75,685.66,462868,0
SPY.US,5,20260227,164500,685.68,686.05,685,685.1,620504,0
SPY.US,5,20260227,165000,685.11,685.16,684.2951,684.54,531146,0
SPY.US,5,20260227,165500,684.53,685.365,684.23,685.22,471319,0
SPY.US,5,20260227,170000,685.24,685.925,685.08,685.7,547212,0
SPY.US,5,20260227,170500,685.695,685.77,684.66,684.81,607793,0
SPY.US,5,20260227,171000,684.81,685.63,684.8,685.5,532557,0
SPY.US,5,20260227,171500,685.4993,686.05,685.25,685.63,559412,0
SPY.US,5,20260227,172000,685.61,685.87,685.15,685.81,398163,0
SPY.US,5,20260227,172500,685.81,686.01,685.32,685.385,463432,0
SPY.US,5,20260227,173000,685.39,686.26,685.34,686.21,587440,0
SPY.US,5,20260227,173500,686.19,686.2899,685.44,685.51,476589,0
SPY.US,5,20260227,174000,685.49,685.52,684.67,684.73,538893,0
SPY.US,5,20260227,174500,684.74,685.07,684.565,684.62,403011,0
SPY.US,5,20260227,175000,684.615,685.665,684.615,685.585,543318,0
SPY.US,5,20260227,175500,685.58,685.92,684.7801,684.87,437663,0
SPY.US,5,20260227,180000,684.86,685.79,684.84,685.6,413262,0
SPY.US,5,20260227,180500,685.6,686.28,685.48,686.125,473163,0
SPY.US,5,20260227,181000,686.13,686.15,684.79,684.87,588780,0
SPY.US,5,20260227,181500,684.8647,684.905,684.16,684.24,605769,0
SPY.US,5,20260227,182000,684.24,684.31,683.29,684.05,824315,0
SPY.US,5,20260227,182500,684.04,684.505,683.91,684.14,622759,0
SPY.US,5,20260227,183000,684.13,684.99,683.74,684.87,1011040,0
SPY.US,5,20260227,183500,684.88,685.12,684.26,684.27,616346,0
SPY.US,5,20260227,184000,684.29,684.42,683.65,684.02,371707,0
SPY.US,5,20260227,184500,683.88,683.9698,683.4755,683.83,396948,0
SPY.US,5,20260227,185000,683.86,684.27,683.59,684.01,490158,0
SPY.US,5,20260227,185500,684.01,684.47,684.01,684.375,447777,0
SPY.US,5,20260227,190000,684.37,684.68,684.03,684.1615,337196,0
SPY.US,5,20260227,190500,684.16,684.465,683.96,683.99,376164,0
SPY.US,5,20260227,191000,683.98,684.28,683.82,683.865,397022,0
SPY.US,5,20260227,191500,683.875,684.0127,683.5,683.6,357346,0
SPY.US,5,20260227,192000,683.59,683.735,683.17,683.49,547590,0
SPY.US,5,20260227,192500,683.51,683.91,683.06,683.78,518514,0
SPY.US,5,20260227,193000,683.8,683.96,683.485,683.63,401765,0
SPY.US,5,20260227,193500,683.65,683.8198,683.3,683.7,338628,0
SPY.US,5,20260227,194000,683.69,684.24,683.6601,683.85,395568,0
SPY.US,5,20260227,194500,683.83,684.04,683.535,683.72,341669,0
SPY.US,5,20260227,195000,683.7,684.05,683.47,683.85,384759,0
SPY.US,5,20260227,195500,683.84,684.07,683.54,683.95,355219,0
SPY.US,5,20260227,200000,683.95,684.725,683.88,684.665,504923,0
SPY.US,5,20260227,200500,684.66,684.98,683.715,683.9,817938,0
SPY.US,5,20260227,201000,683.89,684.22,683.59,683.89,423389,0
SPY.US,5,20260227,201500,683.89,684.12,683.75,683.92,339645,0
SPY.US,5,20260227,202000,683.94,684.06,683.63,683.685,399599,0
SPY.US,5,20260227,202500,683.68,684.03,683.48,683.6,406518,0
SPY.US,5,20260227,203000,683.6,683.61,683.1801,683.42,585546,0
SPY.US,5,20260227,203500,683.42,684.03,683.42,683.83,325966,0
SPY.US,5,20260227,204000,683.84,683.92,682.99,683.38,679007,0
SPY.US,5,20260227,204500,683.37,683.65,683.17,683.24,652357,0
SPY.US,5,20260227,205000,683.23,683.48,683.115,683.25,327376,0
SPY.US,5,20260227,205500,683.25,683.63,683.23,683.35,405855,0
SPY.US,5,20260227,210000,683.35,683.948,683.32,683.65,515710,0
SPY.US,5,20260227,210500,683.6501,684.13,683.605,683.96,595507,0
SPY.US,5,20260227,211000,683.96,685.22,683.945,685.22,1301353,0
SPY.US,5,20260227,211500,685.22,685.705,685.12,685.595,1209064,0
SPY.US,5,20260227,212000,685.59,686.1,685.18,685.8499,1132692,0
SPY.US,5,20260227,212500,685.84,685.97,685.54,685.6,1047255,0
SPY.US,5,20260227,213000,685.6,685.815,685.295,685.39,1461416,0
SPY.US,5,20260227,213500,685.39,685.41,684.49,684.628,1652073,0
SPY.US,5,20260227,214000,684.625,685.49,684.58,685.03,1900157,0
SPY.US,5,20260227,214500,685.03,685.57,684.93,685.445,1535239,0
SPY.US,5,20260227,215000,685.44,686.15,685.08,685.59,2218847,0
SPY.US,5,20260227,215500,685.58,686.86,685.285,686.16,4569973,0
SPY.US,5,20260302,153000,678.7,681.48,678.03,681.19,1792653,0
SPY.US,5,20260302,153500,681.2,682.46,680.83,681.075,1560937,0
SPY.US,5,20260302,154000,681.04,682.3386,680.98,682.09,1079760,0
SPY.US,5,20260302,154500,682.07,683.37,681.7514,683.23,1258978,0
SPY.US,5,20260302,155000,683.22,683.31,681.88,682.51,1365743,0
SPY.US,5,20260302,155500,682.51,683.11,681.97,683,906325,0
SPY.US,5,20260302,160000,682.95,684.43,681.96,684.25,1420268,0
SPY.US,5,20260302,160500,684.26,684.94,683.89,684.21,1452776,0
SPY.US,5,20260302,161000,684.22,685.325,684.21,684.9,1468727,0
SPY.US,5,20260302,161500,684.9197,685.36,684.32,684.65,1264836,0
SPY.US,5,20260302,162000,684.66,684.83,683.49,684.12,1136021,0
SPY.US,5,20260302,162500,684.13,684.42,683.07,683.41,927786,0
SPY.US,5,20260302,163000,683.435,683.87,682.55,682.97,879722,0
SPY.US,5,20260302,163500,682.99,683.979,682.42,683.94,877682,0
SPY.US,5,20260302,164000,683.93,684.33,683.45,684.3,672500,0
SPY.US,5,20260302,164500,684.33,684.84,683.76,684.12,820461,0
SPY.US,5,20260302,165000,684.13,684.52,683.27,683.36,649961,0
SPY.US,5,20260302,165500,683.36,684.3,683.16,684.19,468462,0
SPY.US,5,20260302,170000,684.2,684.7,683.63,684.68,686983,0
SPY.US,5,20260302,170500,684.67,685.58,684.42,685.5,786399,0
SPY.US,5,20260302,171000,685.51,685.67,685.16,685.3,1095500,0
SPY.US,5,20260302,171500,685.3,685.34,684.6625,684.73,486601,0
SPY.US,5,20260302,172000,684.7,684.93,684.4,684.655,447397,0
SPY.US,5,20260302,172500,684.65,684.74,682.95,683.21,1432547,0
SPY.US,5,20260302,173000,683.23,683.96,682.92,683.87,819982,0
SPY.US,5,20260302,173500,683.86,685.18,683.52,685.14,703116,0
SPY.US,5,20260302,174000,685.15,686.525,685.12,686.44,1146122,0
SPY.US,5,20260302,174500,686.45,686.97,686.31,686.475,978435,0
SPY.US,5,20260302,175000,686.475,686.5565,685.99,686.13,833603,0
SPY.US,5,20260302,175500,686.12,686.52,685.91,686.235,497044,0
SPY.US,5,20260302,180000,686.235,686.4,685.85,686.32,472227,0
SPY.US,5,20260302,180500,686.3,686.62,685.88,686.11,458834,0
SPY.US,5,20260302,181000,686.11,686.41,685.71,686.37,535157,0
SPY.US,5,20260302,181500,686.37,687.09,686.325,687.04,506227,0
SPY.US,5,20260302,182000,687.04,687.19,686.69,687.03,558021,0
SPY.US,5,20260302,182500,687.04,687.05,686.454,686.4837,446739,0
SPY.US,5,20260302,183000,686.48,686.73,686.09,686.11,382669,0
SPY.US,5,20260302,183500,686.11,686.69,686.08,686.265,279104,0
SPY.US,5,20260302,184000,686.27,686.88,686.15,686.69,385543,0
SPY.US,5,20260302,184500,686.7,687,686.555,686.82,385547,0
SPY.US,5,20260302,185000,686.82,687.31,686.65,687.145,431708,0
SPY.US,5,20260302,185500,687.131,687.31,686.71,687.2199,372102,0
SPY.US,5,20260302,190000,687.22,687.42,687.09,687.22,333811,0
SPY.US,5,20260302,190500,687.25,687.41,686.93,686.93,265773,0
SPY.US,5,20260302,191000,686.925,687.0969,686.83,687.01,288653,0
SPY.US,5,20260302,191500,686.99,687.02,686.54,686.56,261511,0
SPY.US,5,20260302,192000,686.57,686.6,686.1002,686.43,371437,0
SPY.US,5,20260302,192500,686.42,686.87,686.24,686.72,297108,0
SPY.US,5,20260302,193000,686.75,686.84,686.435,686.56,316072,0
SPY.US,5,20260302,193500,686.56,686.565,686.07,686.2,354625,0
SPY.US,5,20260302,194000,686.2,686.335,685.785,686.25,444018,0
SPY.US,5,20260302,194500,686.22,686.235,685.3099,685.83,484663,0
SPY.US,5,20260302,195000,685.82,686.01,685.5299,685.7,294726,0
SPY.US,5,20260302,195500,685.71,685.75,685.225,685.28,459718,0
SPY.US,5,20260302,200000,685.27,685.74,685.19,685.685,559458,0
SPY.US,5,20260302,200500,685.66,686.48,685.52,686.44,464499,0
SPY.US,5,20260302,201000,686.45,686.99,686.39,686.915,595376,0
SPY.US,5,20260302,201500,686.92,687.79,686.92,687.68,954468,0
SPY.US,5,20260302,202000,687.675,688.21,687.625,687.7,776685,0
SPY.US,5,20260302,202500,687.6923,688.28,687.55,688.2,522876,0
SPY.US,5,20260302,203000,688.21,688.5499,688.13,688.37,793417,0
SPY.US,5,20260302,203500,688.35,688.62,688.24,688.255,600649,0
SPY.US,5,20260302,204000,688.25,688.45,687.97,688.06,459592,0
SPY.US,5,20260302,204500,688.06,688.41,688.04,688.26,322755,0
SPY.US,5,20260302,205000,688.26,688.53,688.1,688.4601,306663,0
SPY.US,5,20260302,205500,688.46,688.52,688.14,688.195,410504,0
SPY.US,5,20260302,210000,688.19,688.33,687.875,688.025,519742,0
SPY.US,5,20260302,210500,688.04,688.16,685.96,686.188,2275621,0
SPY.US,5,20260302,211000,686.19,686.22,685.12,685.27,2093016,0
SPY.US,5,20260302,211500,685.27,686.58,684.89,686.04,1858064,0
SPY.US,5,20260302,212000,686.065,686.3,685.4405,685.63,1042791,0
SPY.US,5,20260302,212500,685.63,686.05,685.24,685.33,991211,0
SPY.US,5,20260302,213000,685.33,686.09,685.2,686.02,690201,0
SPY.US,5,20260302,213500,686.02,686.41,685.62,686.09,785413,0
SPY.US,5,20260302,214000,686.09,686.295,685.56,686.23,685204,0
SPY.US,5,20260302,214500,686.22,686.68,685.965,686.33,1217811,0
SPY.US,5,20260302,215000,686.33,686.76,685.98,686.74,1650920,0
SPY.US,5,20260302,215500,686.76,687.31,686.325,686.34,5381995,0
SPY.US,5,20260303,153000,675.06,676.43,674.87,674.94,2569858,0
SPY.US,5,20260303,153500,674.92,677.1,674.13,676.34,1696799,0
SPY.US,5,20260303,154000,676.34,676.38,673.23,673.49,1473029,0
SPY.US,5,20260303,154500,673.43,674.8,672.5,672.5499,1776162,0
SPY.US,5,20260303,155000,672.55,673.9291,672.39,673.32,1012066,0
SPY.US,5,20260303,155500,673.29,673.48,671.95,672.35,1196500,0
SPY.US,5,20260303,160000,672.35,673.9,671.78,672.06,1404998,0
SPY.US,5,20260303,160500,672.11,673.23,671.63,672.36,1302260,0
SPY.US,5,20260303,161000,672.37,673.56,671.69,672.9199,1370488,0
SPY.US,5,20260303,161500,672.91,672.95,670.88,671.09,1554082,0
SPY.US,5,20260303,162000,671.08,671.11,669.87,670.4599,1784333,0
SPY.US,5,20260303,162500,670.46,670.62,669.66,669.87,1435734,0
SPY.US,5,20260303,163000,669.87,671.8744,669.78,671.03,1429674,0
SPY.US,5,20260303,163500,671.03,672.23,670.82,671.7,1009975,0
SPY.US,5,20260303,164000,671.68,672.5,670.96,671.24,1222480,0
SPY.US,5,20260303,164500,671.23,672.17,670.73,671.315,953505,0
SPY.US,5,20260303,165000,671.3099,671.6,670.34,670.61,874739,0
SPY.US,5,20260303,165500,670.61,672.11,670.53,672.02,1122072,0
SPY.US,5,20260303,170000,672.01,673.545,671.75,673.21,1183530,0
SPY.US,5,20260303,170500,673.19,674.92,673.11,674.54,1460791,0
SPY.US,5,20260303,171000,674.57,675.28,674.24,675.06,872661,0
SPY.US,5,20260303,171500,675.03,676.17,675.005,675.27,1126724,0
SPY.US,5,20260303,172000,675.27,676.395,674.99,676.36,1214292,0
SPY.US,5,20260303,172500,676.36,676.58,675.8,676.01,1006764,0
SPY.US,5,20260303,173000,676.02,676.08,674.66,675.8599,950951,0
SPY.US,5,20260303,173500,675.79,676.57,675.55,676.1,633562,0
SPY.US,5,20260303,174000,676.08,676.82,675.26,676.68,850673,0
SPY.US,5,20260303,174500,676.71,678.45,676.6306,677.55,1695617,0
SPY.US,5,20260303,175000,677.57,677.97,677.23,677.92,772227,0
SPY.US,5,20260303,175500,677.91,678.29,677.36,677.56,736570,0
SPY.US,5,20260303,180000,677.56,677.92,676.79,677.442,735282,0
SPY.US,5,20260303,180500,677.45,677.83,676.65,676.7699,616865,0
SPY.US,5,20260303,181000,676.8,677.17,676.37,677.11,493848,0
SPY.US,5,20260303,181500,677.11,677.7,676.65,677.57,393569,0
SPY.US,5,20260303,182000,677.58,678.27,676.91,678.27,563346,0
SPY.US,5,20260303,182500,678.27,678.49,677.74,678.355,554890,0
SPY.US,5,20260303,183000,678.37,678.37,676.315,676.5,745362,0
SPY.US,5,20260303,183500,676.5,677.12,676.08,676.79,558972,0
SPY.US,5,20260303,184000,676.78,678.41,676.74,678.31,549831,0
SPY.US,5,20260303,184500,678.29,678.474,677.68,678.26,563291,0
SPY.US,5,20260303,185000,678.27,678.31,676.905,677.07,605554,0
SPY.US,5,20260303,185500,677.05,677.75,676.88,677.39,365037,0
SPY.US,5,20260303,190000,677.37,678.78,677.37,678.42,533514,0
SPY.US,5,20260303,190500,678.45,678.91,678.17,678.81,355329,0
SPY.US,5,20260303,191000,678.81,678.89,677.62,678.05,462538,0
SPY.US,5,20260303,191500,678.06,678.82,678.04,678.67,333437,0
SPY.US,5,20260303,192000,678.66,680.08,678.62,680.04,909531,0
SPY.US,5,20260303,192500,680.04,680.43,679.67,679.82,851117,0
SPY.US,5,20260303,193000,679.82,680.78,679.67,680.56,633014,0
SPY.US,5,20260303,193500,680.57,681.35,680.25,681.33,893303,0
SPY.US,5,20260303,194000,681.35,681.87,680.86,681.085,1152146,0
SPY.US,5,20260303,194500,681.1,681.48,680.45,681.41,722395,0
SPY.US,5,20260303,195000,681.41,681.91,681.21,681.43,751610,0
SPY.US,5,20260303,195500,681.39,681.58,680.93,681.26,450132,0
SPY.US,5,20260303,200000,681.24,681.47,680.77,681.22,680586,0
SPY.US,5,20260303,200500,681.22,681.34,679.98,680.07,749523,0
SPY.US,5,20260303,201000,680.08,680.67,679.665,680.56,840354,0
SPY.US,5,20260303,201500,680.58,681.1609,680.47,680.9576,436275,0
SPY.US,5,20260303,202000,680.98,681.52,680.95,680.98,448128,0
SPY.US,5,20260303,202500,680.94,681.09,680.4,680.5,379187,0
SPY.US,5,20260303,203000,680.5,680.72,679.45,679.66,636361,0
SPY.US,5,20260303,203500,679.66,681.82,679.275,681.01,1480195,0
SPY.US,5,20260303,204000,681,682,680.78,681.94,925340,0
SPY.US,5,20260303,204500,681.955,682.61,681.84,682.04,1133965,0
SPY.US,5,20260303,205000,682.03,682.4,680.85,681.42,954523,0
SPY.US,5,20260303,205500,681.43,681.53,680.67,681.25,574017,0
SPY.US,5,20260303,210000,681.233,681.95,680.87,681.2,695729,0
SPY.US,5,20260303,210500,681.2,681.59,680.75,681.48,559640,0
SPY.US,5,20260303,211000,681.46,681.79,680.73,680.745,641720,0
SPY.US,5,20260303,211500,680.72,681.08,680.18,680.49,1023102,0
SPY.US,5,20260303,212000,680.5,681.01,680.31,680.69,735902,0
SPY.US,5,20260303,212500,680.705,681.305,680.16,681.05,741509,0
SPY.US,5,20260303,213000,681.04,681.32,680.77,680.81,719996,0
SPY.US,5,20260303,213500,680.8,681.51,680.29,680.57,886394,0
SPY.US,5,20260303,214000,680.59,680.84,680.2,680.45,851539,0
SPY.US,5,20260303,214500,680.44,680.77,680,680.49,1130986,0
SPY.US,5,20260303,215000,680.48,680.64,679.21,680.11,1663567,0
SPY.US,5,20260303,215500,680.09,680.41,679.755,680.33,3434083,0
SPY.US,5,20260304,153000,681.64,683.5,681.41,682.75,1206717,0
SPY.US,5,20260304,153500,682.77,682.91,680.74,681.11,810098,0
SPY.US,5,20260304,154000,681.11,681.17,680.02,680.2,896925,0
SPY.US,5,20260304,154500,680.19,681.73,679.63,680.88,751580,0
SPY.US,5,20260304,155000,680.88,681.7475,680.25,681.47,551441,0
SPY.US,5,20260304,155500,681.5,681.58,680.74,681.303,475067,0
SPY.US,5,20260304,160000,681.41,682.67,680.87,681.53,1060728,0
SPY.US,5,20260304,160500,681.58,683.3,681.37,683.12,741730,0
SPY.US,5,20260304,161000,683.15,683.76,682.5,683.24,762603,0
SPY.US,5,20260304,161500,683.21,684.52,683.15,684.45,1024326,0
SPY.US,5,20260304,162000,684.46,685.57,684.27,685.54,1402457,0
SPY.US,5,20260304,162500,685.535,686.27,685.115,686.17,1396723,0
SPY.US,5,20260304,163000,686.16,686.31,685.36,685.36,1264323,0
SPY.US,5,20260304,163500,685.35,685.52,684.52,684.6,930165,0
SPY.US,5,20260304,164000,684.63,684.91,684.35,684.46,1001080,0
SPY.US,5,20260304,164500,684.46,684.69,683.88,684.57,901471,0
SPY.US,5,20260304,165000,684.57,685.09,684.08,684.9899,873641,0
SPY.US,5,20260304,165500,684.97,685.9,684.91,685.84,686919,0
SPY.US,5,20260304,170000,685.84,686.64,685.84,686.24,1233839,0
SPY.US,5,20260304,170500,686.25,686.3193,685.51,685.66,978173,0
SPY.US,5,20260304,171000,685.68,685.72,684.33,684.54,1048605,0
SPY.US,5,20260304,171500,684.56,685.15,684.29,684.57,893230,0
SPY.US,5,20260304,172000,684.56,684.96,684.18,684.4543,649806,0
SPY.US,5,20260304,172500,684.43,685.45,684.32,685.195,758247,0
SPY.US,5,20260304,173000,685.18,685.84,685.06,685.53,453363,0
SPY.US,5,20260304,173500,685.53,685.84,684.85,685.08,871579,0
SPY.US,5,20260304,174000,685.08,686.3,685.04,686.13,752667,0
SPY.US,5,20260304,174500,686.12,686.4,685.86,686.082,805403,0
SPY.US,5,20260304,175000,686.09,686.29,685.58,686.075,678453,0
SPY.US,5,20260304,175500,686.075,686.28,685.68,685.77,441331,0
SPY.US,5,20260304,180000,685.78,686.3101,685.53,686.27,464102,0
SPY.US,5,20260304,180500,686.29,686.36,685.86,686.085,512261,0
SPY.US,5,20260304,181000,686.1,686.315,685.99,686.04,323112,0
SPY.US,5,20260304,181500,686.04,686.14,685.81,685.94,421904,0
SPY.US,5,20260304,182000,685.92,686.14,685.38,685.8,531591,0
SPY.US,5,20260304,182500,685.79,686.1,685.31,685.32,443805,0
SPY.US,5,20260304,183000,685.33,685.52,684.58,685.45,832935,0
SPY.US,5,20260304,183500,685.47,686.1,685.31,686.045,483713,0
SPY.US,5,20260304,184000,686.04,686.22,685.5601,685.81,409656,0
SPY.US,5,20260304,184500,685.81,686.13,685.76,685.92,294738,0
SPY.US,5,20260304,185000,685.93,686.42,685.79,686.32,391915,0
SPY.US,5,20260304,185500,686.32,686.42,685.9,686.19,421519,0
SPY.US,5,20260304,190000,686.2,686.49,685.95,686,562230,0
SPY.US,5,20260304,190500,686,686.42,685.775,686.24,447616,0
SPY.US,5,20260304,191000,686.255,686.35,685.8399,685.935,439956,0
SPY.US,5,20260304,191500,685.93,685.98,685.61,685.61,440518,0
SPY.US,5,20260304,192000,685.6,685.93,685.38,685.6,513284,0
SPY.US,5,20260304,192500,685.62,686.16,685.51,686.105,336859,0
SPY.US,5,20260304,193000,686.11,686.71,686.1,686.35,589599,0
SPY.US,5,20260304,193500,686.3485,686.6801,686.32,686.385,349207,0
SPY.US,5,20260304,194000,686.385,686.79,686.365,686.54,390812,0
SPY.US,5,20260304,194500,686.55,686.77,686.26,686.74,380232,0
SPY.US,5,20260304,195000,686.74,686.87,686.59,686.62,324385,0
SPY.US,5,20260304,195500,686.62,686.63,686.2,686.545,584122,0
SPY.US,5,20260304,200000,686.55,686.91,686.39,686.8201,434692,0
SPY.US,5,20260304,200500,686.83,686.88,686.61,686.73,306299,0
SPY.US,5,20260304,201000,686.7295,686.95,686.66,686.835,309252,0
SPY.US,5,20260304,201500,686.84,686.96,686.73,686.795,329016,0
SPY.US,5,20260304,202000,686.79,686.91,686.61,686.8401,279127,0
SPY.US,5,20260304,202500,686.845,686.86,686.4701,686.6,353645,0
SPY.US,5,20260304,203000,686.61,686.81,686.445,686.52,378752,0
SPY.US,5,20260304,203500,686.51,686.88,686.495,686.865,434616,0
SPY.US,5,20260304,204000,686.88,686.94,686.51,686.68,411855,0
SPY.US,5,20260304,204500,686.68,686.85,686.5,686.8362,406161,0
SPY.US,5,20260304,205000,686.84,687.09,686.7901,687,436109,0
SPY.US,5,20260304,205500,686.995,687,686.74,686.81,337155,0
SPY.US,5,20260304,210000,686.81,687.005,686.66,686.91,455614,0
SPY.US,5,20260304,210500,686.92,686.99,686.355,686.49,498881,0
SPY.US,5,20260304,211000,686.49,686.49,686.075,686.2,557984,0
SPY.US,5,20260304,211500,686.2,686.3,685.925,685.955,612147,0
SPY.US,5,20260304,212000,685.948,686.07,685.475,685.75,773123,0
SPY.US,5,20260304,212500,685.75,686.28,685.74,686.23,756346,0
SPY.US,5,20260304,213000,686.24,686.3798,685.93,685.9899,644845,0
SPY.US,5,20260304,213500,685.985,686.36,685.94,686.16,575489,0
SPY.US,5,20260304,214000,686.16,686.63,686.06,686.505,770176,0
SPY.US,5,20260304,214500,686.5,686.62,686.25,686.32,929251,0
SPY.US,5,20260304,215000,686.32,686.325,685.36,686.005,2320577,0
SPY.US,5,20260304,215500,686,686.185,685.08,685.16,3330202,0
SPY.US,5,20260305,153000,682.08,684.15,681.85,684.13,1345607,0
SPY.US,5,20260305,153500,684.13,684.45,683.09,683.73,1257744,0
SPY.US,5,20260305,154000,683.73,683.74,682.43,682.65,1028910,0
SPY.US,5,20260305,154500,682.66,683.77,682.16,682.8204,1146840,0
SPY.US,5,20260305,155000,682.8199,683.93,682.59,683.86,784046,0
SPY.US,5,20260305,155500,683.84,685.1012,683.59,685.1,954295,0
SPY.US,5,20260305,160000,685.09,685.53,684.19,684.25,1336518,0
SPY.US,5,20260305,160500,684.25,684.34,682.895,683.52,1132273,0
SPY.US,5,20260305,161000,683.5,684.3999,683.05,684.3,876746,0
SPY.US,5,20260305,161500,684.2889,684.35,682.74,682.85,831906,0
SPY.US,5,20260305,162000,682.8401,682.85,681.04,681.04,1023443,0
SPY.US,5,20260305,162500,681.045,681.47,680.33,680.82,1587356,0
SPY.US,5,20260305,163000,680.84,680.87,679.32,680.18,1853995,0
SPY.US,5,20260305,163500,680.18,681.1601,679.83,681.07,1133655,0
SPY.US,5,20260305,164000,681.12,681.81,680.89,681.23,916795,0
SPY.US,5,20260305,164500,681.23,682.05,681.12,681.27,646905,0
SPY.US,5,20260305,165000,681.29,682.58,681.18,682.13,745075,0
SPY.US,5,20260305,165500,682.12,682.26,681.29,682.12,761220,0
SPY.US,5,20260305,170000,682.11,682.36,680.81,680.85,785537,0
SPY.US,5,20260305,170500,680.81,681.145,680.065,680.11,877615,0
SPY.US,5,20260305,171000,680.09,680.355,679.15,679.84,1371793,0
SPY.US,5,20260305,171500,679.83,680.18,679.01,679.31,966524,0
SPY.US,5,20260305,172000,679.31,680.31,679.11,679.73,1210682,0
SPY.US,5,20260305,172500,679.685,680.17,679.41,679.53,787810,0
SPY.US,5,20260305,173000,679.53,680.7899,679.46,680.12,1185269,0
SPY.US,5,20260305,173500,680.11,680.955,679.93,680.58,960471,0
SPY.US,5,20260305,174000,680.57,681.04,679.86,680.22,885108,0
SPY.US,5,20260305,174500,680.22,681.19,680.215,680.67,674856,0
SPY.US,5,20260305,175000,680.66,681.02,680.245,680.9,652193,0
SPY.US,5,20260305,175500,680.88,681.35,680.82,681.05,760459,0
SPY.US,5,20260305,180000,681.06,682.4,680.83,682.33,841246,0
SPY.US,5,20260305,180500,682.33,682.42,680.97,681.03,880811,0
SPY.US,5,20260305,181000,681.01,681.14,680.17,680.52,737574,0
SPY.US,5,20260305,181500,680.55,680.58,679.1698,679.3,657632,0
SPY.US,5,20260305,182000,679.3,679.67,678.94,679.4,740531,0
SPY.US,5,20260305,182500,679.41,679.66,678.63,678.63,962474,0
SPY.US,5,20260305,183000,678.64,678.805,677.24,677.33,1251007,0
SPY.US,5,20260305,183500,677.32,678.62,677.08,678.04,1574030,0
SPY.US,5,20260305,184000,678.03,678.42,676.95,677.25,958844,0
SPY.US,5,20260305,184500,677.268,677.3,676.3,676.465,928197,0
SPY.US,5,20260305,185000,676.465,677.37,676.105,676.47,1236855,0
SPY.US,5,20260305,185500,676.46,676.78,676.03,676.46,927018,0
SPY.US,5,20260305,190000,676.45,677.1801,676.31,677.09,951141,0
SPY.US,5,20260305,190500,677.06,677.91,676.8,677.79,855744,0
SPY.US,5,20260305,191000,677.8,678.26,677.29,678.05,616839,0
SPY.US,5,20260305,191500,678.02,678.225,676.2901,676.38,662978,0
SPY.US,5,20260305,192000,676.39,677.3726,676.36,676.93,600801,0
SPY.US,5,20260305,192500,676.93,677,675.9,676.3,711652,0
SPY.US,5,20260305,193000,676.3,677.0288,675.82,676.37,577713,0
SPY.US,5,20260305,193500,676.36,677.03,676.2301,676.7,612033,0
SPY.US,5,20260305,194000,676.75,677.96,676.7,677.79,648635,0
SPY.US,5,20260305,194500,677.79,677.85,676.69,676.9101,607707,0
SPY.US,5,20260305,195000,676.905,676.92,675.94,676.07,502447,0
SPY.US,5,20260305,195500,676.07,677.015,676.06,676.62,555122,0
SPY.US,5,20260305,200000,676.6,677.12,676.38,676.77,866501,0
SPY.US,5,20260305,200500,676.76,677.325,676.72,676.96,525155,0
SPY.US,5,20260305,201000,676.96,677.45,676.58,677.34,390828,0
SPY.US,5,20260305,201500,677.32,677.39,676.6593,677.32,527551,0
SPY.US,5,20260305,202000,677.33,677.79,676.83,677.21,507912,0
SPY.US,5,20260305,202500,677.21,677.415,676.29,676.7,637430,0
SPY.US,5,20260305,203000,676.67,676.67,675.61,675.99,935562,0
SPY.US,5,20260305,203500,675.99,676.37,675.67,676.31,633058,0
SPY.US,5,20260305,204000,676.315,677.05,676.29,677.0385,599146,0
SPY.US,5,20260305,204500,677.01,677.495,676.56,677.28,478345,0
SPY.US,5,20260305,205000,677.31,677.73,676.7159,676.73,537454,0
SPY.US,5,20260305,205500,676.7,677.27,676.45,677.09,627828,0
SPY.US,5,20260305,210000,677.07,677.61,676.39,677.39,692705,0
SPY.US,5,20260305,210500,677.51,678.47,676.78,678.26,1453091,0
SPY.US,5,20260305,211000,678.2401,679.09,678.17,678.815,1253911,0
SPY.US,5,20260305,211500,678.83,679.46,678.39,679.11,1190007,0
SPY.US,5,20260305,212000,679.11,679.8369,678.87,679.82,1165293,0
SPY.US,5,20260305,212500,679.82,680.46,679.392,679.46,1441992,0
SPY.US,5,20260305,213000,679.46,680.18,679.17,680.05,789427,0
SPY.US,5,20260305,213500,680.04,680.48,679.88,680.03,785104,0
SPY.US,5,20260305,214000,680.04,680.16,679.59,679.98,992838,0
SPY.US,5,20260305,214500,679.99,680.52,679.41,680.48,1204530,0
SPY.US,5,20260305,215000,680.49,681.44,680.325,681.36,3443732,0
SPY.US,5,20260305,215500,681.36,681.75,680.96,681.465,5961227,0
SPY.US,5,20260306,153000,673.41,674.06,672.02,672.37,1994363,0
SPY.US,5,20260306,153500,672.42,672.58,670.4,671.62,1428391,0
SPY.US,5,20260306,154000,671.61,672.19,670.76,671.21,1499444,0
SPY.US,5,20260306,154500,671.22,671.8322,670,670.72,1705734,0
SPY.US,5,20260306,155000,670.73,672.13,670.452,670.73,1204028,0
SPY.US,5,20260306,155500,670.76,671.17,669.76,670.9,1280950,0
SPY.US,5,20260306,160000,670.91,673.13,670.84,672.56,1311220,0
SPY.US,5,20260306,160500,672.56,673.0499,670.84,671.07,1130102,0
SPY.US,5,20260306,161000,671.08,673.3,670.791,673.23,1044387,0
SPY.US,5,20260306,161500,673.19,673.5188,672.62,673.41,1114078,0
SPY.US,5,20260306,162000,673.4199,674.36,673.14,674.02,1034747,0
SPY.US,5,20260306,162500,674.02,674.26,673.53,674.17,799700,0
SPY.US,5,20260306,163000,674.13,675,674.12,674.9,984993,0
SPY.US,5,20260306,163500,674.9,675.915,674.83,675.6,1159717,0
SPY.US,5,20260306,164000,675.59,675.59,674.165,674.7,1166807,0
SPY.US,5,20260306,164500,674.72,674.9,673.51,673.75,709806,0
SPY.US,5,20260306,165000,673.77,673.84,672.46,673.39,909270,0
SPY.US,5,20260306,165500,673.43,675.4,673.41,674.94,1118938,0
SPY.US,5,20260306,170000,674.94,676.01,674.69,675.9,806592,0
SPY.US,5,20260306,170500,675.9,675.99,674.78,674.89,774147,0
SPY.US,5,20260306,171000,674.89,675.01,674.065,674.19,711971,0
SPY.US,5,20260306,171500,674.17,675.08,673.97,674.89,681522,0
SPY.US,5,20260306,172000,674.9,675.0399,673.435,674.39,736967,0
SPY.US,5,20260306,172500,674.425,674.66,673.8,674.42,610437,0
SPY.US,5,20260306,173000,674.43,674.6,673.4,673.671,640671,0
SPY.US,5,20260306,173500,673.7,675.18,673.57,674.93,593009,0
SPY.US,5,20260306,174000,674.94,675.23,674.38,674.51,463179,0
SPY.US,5,20260306,174500,674.5,675.68,674.45,675.35,590876,0
SPY.US,5,20260306,175000,675.35,676,674.505,674.63,602326,0
SPY.US,5,20260306,175500,674.62,675.51,674.15,674.97,682192,0
SPY.US,5,20260306,180000,674.98,675.84,674.57,675.26,503871,0
SPY.US,5,20260306,180500,675.25,675.33,673.64,673.98,724205,0
SPY.US,5,20260306,181000,673.97,674.36,673.66,673.96,428606,0
SPY.US,5,20260306,181500,673.97,674.47,673.44,674.42,530385,0
SPY.US,5,20260306,182000,674.4,675.17,674.06,674.48,430417,0
SPY.US,5,20260306,182500,674.52,674.56,673.35,673.81,651939,0
SPY.US,5,20260306,183000,673.81,674.16,673.6,674.09,358222,0
SPY.US,5,20260306,183500,674.09,674.1,672.5913,672.89,926476,0
SPY.US,5,20260306,184000,672.93,673.12,672.03,672.63,819492,0
SPY.US,5,20260306,184500,672.6299,673.52,672.6,673.35,615487,0
SPY.US,5,20260306,185000,673.32,673.97,673.03,673.2,561290,0
SPY.US,5,20260306,185500,673.22,673.83,672.95,673.08,388355,0
SPY.US,5,20260306,190000,673.09,674.29,672.97,673.55,646749,0
SPY.US,5,20260306,190500,673.55,674.49,673.4,674.17,465722,0
SPY.US,5,20260306,191000,674.21,676.11,673.92,675.83,1194909,0
SPY.US,5,20260306,191500,675.83,676.1,675.21,675.87,925976,0
SPY.US,5,20260306,192000,675.875,676.025,674.98,675.32,577266,0
SPY.US,5,20260306,192500,675.33,675.39,674.245,674.64,563935,0
SPY.US,5,20260306,193000,674.67,675.3,674.33,674.89,593146,0
SPY.US,5,20260306,193500,674.92,674.97,673.97,674.39,566118,0
SPY.US,5,20260306,194000,674.37,674.87,674.21,674.62,341753,0
SPY.US,5,20260306,194500,674.65,674.77,674.2,674.74,361342,0
SPY.US,5,20260306,195000,674.75,674.79,673.69,673.9,592990,0
SPY.US,5,20260306,195500,673.9,674.42,673.71,674.04,343297,0
SPY.US,5,20260306,200000,674.07,674.4,673.87,673.9,419768,0
SPY.US,5,20260306,200500,673.89,674.73,673.78,674.53,407803,0
SPY.US,5,20260306,201000,674.53,675.43,674.47,675.17,555694,0
SPY.US,5,20260306,201500,675.16,675.29,674.42,675.04,610407,0
SPY.US,5,20260306,202000,675.03,675.185,674.15,674.28,567257,0
SPY.US,5,20260306,202500,674.29,675.08,673.95,674.94,479934,0
SPY.US,5,20260306,203000,674.94,675.39,674.75,675.05,514734,0
SPY.US,5,20260306,203500,675.07,675.26,674.24,674.73,505118,0
SPY.US,5,20260306,204000,674.77,675.64,674.63,674.655,613751,0
SPY.US,5,20260306,204500,674.65,674.81,674.18,674.57,556898,0
SPY.US,5,20260306,205000,674.55,675.04,674.22,674.87,690998,0
SPY.US,5,20260306,205500,674.87,675.14,674.73,675.01,708826,0
SPY.US,5,20260306,210000,675,675.97,674.97,675.73,920046,0
SPY.US,5,20260306,210500,675.72,675.79,674.91,674.96,545732,0
SPY.US,5,20260306,211000,674.94,675.1,673.46,673.945,1334407,0
SPY.US,5,20260306,211500,673.94,674.44,673.49,673.92,914324,0
SPY.US,5,20260306,212000,673.9,673.95,672.86,672.93,1147195,0
SPY.US,5,20260306,212500,672.94,672.99,671.98,672.23,1619398,0
SPY.US,5,20260306,213000,672.23,672.58,671.69,671.935,1439470,0
SPY.US,5,20260306,213500,671.92,672.335,671.14,672.18,1491290,0
SPY.US,5,20260306,214000,672.185,673.4,671.81,672.52,1717625,0
SPY.US,5,20260306,214500,672.52,673.04,672.41,672.84,1453330,0
SPY.US,5,20260306,215000,672.8401,673.05,671.76,672.6078,2840172,0
SPY.US,5,20260306,215500,672.6,673.23,672.09,672.62,4832294,0
SPY.US,5,20260309,143000,666.39,667.63,665.74,666.31,1540825,0
SPY.US,5,20260309,143500,666.3555,666.57,664.64,664.77,1496682,0
SPY.US,5,20260309,144000,664.75,664.9,663.64,664.38,1206746,0
SPY.US,5,20260309,144500,664.38,664.9,663.3901,663.64,1133061,0
SPY.US,5,20260309,145000,663.6314,664.2,662.73,663.16,1101003,0
SPY.US,5,20260309,145500,663.16,664.91,662.7,664.015,989032,0
SPY.US,5,20260309,150000,664.08,665.87,663.75,665.84,946558,0
SPY.US,5,20260309,150500,665.84,665.96,662.87,663.57,1156627,0
SPY.US,5,20260309,151000,663.51,663.59,662.39,663.1517,1026911,0
SPY.US,5,20260309,151500,663.1529,664.18,662.84,663.91,842965,0
SPY.US,5,20260309,152000,663.93,665.66,663.02,665.29,1005586,0
SPY.US,5,20260309,152500,665.3,665.555,663.63,664.06,739431,0
SPY.US,5,20260309,153000,664.03,665.2,663.98,665.03,809834,0
SPY.US,5,20260309,153500,665.02,666.52,664.76,666.06,762111,0
SPY.US,5,20260309,154000,666.04,666.91,665.62,666.91,735761,0
SPY.US,5,20260309,154500,666.92,667.75,666.702,667.63,918722,0
SPY.US,5,20260309,155000,667.63,668.17,667.06,668.12,868289,0
SPY.US,5,20260309,155500,668.12,668.31,667.13,667.62,873232,0
SPY.US,5,20260309,160000,667.615,668.68,667.565,668.51,721941,0
SPY.US,5,20260309,160500,668.51,668.71,667.82,668.05,686259,0
SPY.US,5,20260309,161000,668.04,668.8399,667.97,668.77,657644,0
SPY.US,5,20260309,161500,668.78,669.33,668.35,668.87,822723,0
SPY.US,5,20260309,162000,668.87,669.48,668.58,669.34,981632,0
SPY.US,5,20260309,162500,669.33,669.92,669,669.77,956315,0
SPY.US,5,20260309,163000,669.77,669.81,668.67,668.84,805808,0
SPY.US,5,20260309,163500,668.85,669,668.48,668.615,589198,0
SPY.US,5,20260309,164000,668.61,668.86,668.37,668.51,652605,0
SPY.US,5,20260309,164500,668.51,669.46,668.38,669.12,708562,0
SPY.US,5,20260309,165000,669.13,669.79,668.93,669.63,657523,0
SPY.US,5,20260309,165500,669.6101,669.89,669.3203,669.445,490509,0
SPY.US,5,20260309,170000,669.44,670.25,669.1699,669.66,620787,0
SPY.US,5,20260309,170500,669.6691,670.1,669.56,669.8578,500711,0
SPY.US,5,20260309,171000,669.85,670.19,669.52,669.89,482175,0
SPY.US,5,20260309,171500,669.89,670.02,669.52,669.93,439230,0
SPY.US,5,20260309,172000,669.93,670.63,669.25,670.49,895564,0
SPY.US,5,20260309,172500,670.49,671.6,670.28,670.86,1091427,0
SPY.US,5,20260309,173000,670.88,671.01,669.89,670.81,1090678,0
SPY.US,5,20260309,173500,670.84,671.37,670.75,671.09,600273,0
SPY.US,5,20260309,174000,671.09,671.94,671.08,671.85,577415,0
SPY.US,5,20260309,174500,671.8415,672.25,671.69,671.98,686106,0
SPY.US,5,20260309,175000,671.97,672.05,671.429,671.54,658121,0
SPY.US,5,20260309,175500,671.53,671.95,671.19,671.2699,540945,0
SPY.US,5,20260309,180000,671.275,671.36,670.38,670.79,898181,0
SPY.US,5,20260309,180500,670.79,670.92,670.315,670.74,486261,0
SPY.US,5,20260309,181000,670.76,671.02,670.41,670.65,406702,0
SPY.US,5,20260309,181500,670.645,670.79,669.69,669.76,564056,0
SPY.US,5,20260309,182000,669.75,669.88,668.985,669.03,855751,0
SPY.US,5,20260309,182500,669.02,669.11,668.71,668.85,681108,0
SPY.US,5,20260309,183000,668.845,669.12,668.63,668.81,683471,0
SPY.US,5,20260309,183500,668.83,669,668.43,668.46,554687,0
SPY.US,5,20260309,184000,668.46,668.76,668.09,668.22,689502,0
SPY.US,5,20260309,184500,668.23,669.08,668.19,668.61,657043,0
SPY.US,5,20260309,185000,668.61,669.25,668.48,669.1632,477317,0
SPY.US,5,20260309,185500,669.15,669.34,668.67,668.815,448554,0
SPY.US,5,20260309,190000,668.84,669.33,668.77,669.055,649728,0
SPY.US,5,20260309,190500,669.06,669.79,668.96,669.12,757016,0
SPY.US,5,20260309,191000,669.12,669.79,669,669.55,543302,0
SPY.US,5,20260309,191500,669.55,670.27,669.35,670.21,508400,0
SPY.US,5,20260309,192000,670.21,670.87,669.59,670.1,893910,0
SPY.US,5,20260309,192500,670.1,670.23,669.89,670.08,582980,0
SPY.US,5,20260309,193000,670.05,671.19,670,671.15,724832,0
SPY.US,5,20260309,193500,671.15,671.3,670.76,670.95,714838,0
SPY.US,5,20260309,194000,670.94,671.03,670.63,670.8599,623086,0
SPY.US,5,20260309,194500,670.85,671.24,670.78,670.94,346443,0
SPY.US,5,20260309,195000,670.93,671.23,670.7,670.9,360931,0
SPY.US,5,20260309,195500,670.8901,670.8901,669.9378,670.08,805410,0
SPY.US,5,20260309,200000,670.1,670.58,669.91,670.28,474812,0
SPY.US,5,20260309,200500,670.28,670.4,669.9,670.3364,482898,0
SPY.US,5,20260309,201000,670.3403,670.75,670.32,670.44,566252,0
SPY.US,5,20260309,201500,670.45,672.2,670.32,672.155,1347548,0
SPY.US,5,20260309,202000,672.135,675.7,672.06,675.02,3431476,0
SPY.US,5,20260309,202500,674.99,677.515,674.72,677.37,2918772,0
SPY.US,5,20260309,203000,677.39,678.515,675.88,678.41,2141720,0
SPY.US,5,20260309,203500,678.39,679.92,677.26,679.6799,2182316,0
SPY.US,5,20260309,204000,679.66,679.67,676.97,677.87,2061471,0
SPY.US,5,20260309,204500,677.875,678.51,677.36,678.04,1136287,0
SPY.US,5,20260309,205000,678.02,678.03,676.77,677.12,2143776,0
SPY.US,5,20260309,205500,677.12,678.76,676.91,678.26,3835552,0
SPY.US,5,20260310,143000,677.695,678.785,677.14,677.54,1192606,0
SPY.US,5,20260310,143500,677.59,677.785,676.78,677.32,1075013,0
SPY.US,5,20260310,144000,677.31,677.77,675.83,677.2,1077270,0
SPY.US,5,20260310,144500,677.18,677.53,676.3,677.29,649692,0
SPY.US,5,20260310,145000,677.27,677.36,676.3,676.31,613701,0
SPY.US,5,20260310,145500,676.305,676.58,675.49,675.85,717354,0
SPY.US,5,20260310,150000,675.83,676.25,674.9443,676.17,727944,0
SPY.US,5,20260310,150500,676.19,677.03,674.76,674.91,618247,0
SPY.US,5,20260310,151000,674.92,675.69,674.83,675.53,575130,0
SPY.US,5,20260310,151500,675.53,676.45,674.83,676.27,636180,0
SPY.US,5,20260310,152000,676.2543,677.49,676.165,677.19,704131,0
SPY.US,5,20260310,152500,677.21,678.05,677.17,677.62,553883,0
SPY.US,5,20260310,153000,677.64,679.14,677.63,678.97,552900,0
SPY.US,5,20260310,153500,678.94,679.57,678.61,679.57,612607,0
SPY.US,5,20260310,154000,679.57,680.25,679.31,680.02,948539,0
SPY.US,5,20260310,154500,680.03,680.35,679.56,680.33,832867,0
SPY.US,5,20260310,155000,680.34,680.8,680.26,680.77,595514,0
SPY.US,5,20260310,155500,680.77,681.16,680.68,681.1577,803125,0
SPY.US,5,20260310,160000,681.15,681.685,681.02,681.37,1082717,0
SPY.US,5,20260310,160500,681.39,681.41,680.465,680.59,864012,0
SPY.US,5,20260310,161000,680.6,680.8,680.23,680.4,495310,0
SPY.US,5,20260310,161500,680.4,681.53,680.37,681.41,516614,0
SPY.US,5,20260310,162000,681.43,681.58,681.01,681.1501,515331,0
SPY.US,5,20260310,162500,681.15,681.27,680.9,681.11,374357,0
SPY.US,5,20260310,163000,681.1,681.1709,680.44,680.55,509170,0
SPY.US,5,20260310,163500,680.55,681.06,680.53,681.03,367123,0
SPY.US,5,20260310,164000,681.02,681.9499,680.78,681.49,623442,0
SPY.US,5,20260310,164500,681.49,681.61,680.83,681.2,466440,0
SPY.US,5,20260310,165000,681.21,681.72,680.87,680.93,535808,0
SPY.US,5,20260310,165500,680.929,681.46,680.85,681.37,415748,0
SPY.US,5,20260310,170000,681.36,681.4,680.37,680.53,489374,0
SPY.US,5,20260310,170500,680.54,680.57,679.68,680.04,637300,0
SPY.US,5,20260310,171000,680.05,680.85,679.94,680.51,535125,0
SPY.US,5,20260310,171500,680.5,681.25,680.26,680.98,522347,0
SPY.US,5,20260310,172000,680.99,681.01,680.3,680.7,545896,0
SPY.US,5,20260310,172500,680.692,681.34,680.42,680.6,670488,0
SPY.US,5,20260310,173000,680.6,681.4,680.6,681.38,910433,0
SPY.US,5,20260310,173500,681.38,681.66,681.24,681.6,570231,0
SPY.US,5,20260310,174000,681.58,681.65,681.25,681.53,452456,0
SPY.US,5,20260310,174500,681.54,681.58,680.62,680.88,464934,0
SPY.US,5,20260310,175000,680.89,681.82,680.7313,681.64,635355,0
SPY.US,5,20260310,175500,681.64,681.74,681.35,681.45,376560,0
SPY.US,5,20260310,180000,681.45,682.08,681.27,681.865,798281,0
SPY.US,5,20260310,180500,681.872,682.35,681.81,682.0501,709315,0
SPY.US,5,20260310,181000,682.03,682.34,681.58,681.8,596836,0
SPY.US,5,20260310,181500,681.82,682.73,681.76,682.67,781125,0
SPY.US,5,20260310,182000,682.67,682.8,682.32,682.68,683240,0
SPY.US,5,20260310,182500,682.68,683.36,682.57,683.265,844460,0
SPY.US,5,20260310,183000,683.265,683.265,681.98,682.04,923109,0
SPY.US,5,20260310,183500,682.05,682.2,680.63,681.36,1329567,0
SPY.US,5,20260310,184000,681.35,681.79,681,681.29,740201,0
SPY.US,5,20260310,184500,681.2822,682.48,681.18,682.088,589863,0
SPY.US,5,20260310,185000,682.04,682.59,682,682.37,482239,0
SPY.US,5,20260310,185500,682.38,682.4,681.825,682.047,442693,0
SPY.US,5,20260310,190000,682.05,682.19,681.73,682.05,811742,0
SPY.US,5,20260310,190500,682.06,682.1,681.31,681.46,533289,0
SPY.US,5,20260310,191000,681.46,682.02,679.42,679.6109,1186445,0
SPY.US,5,20260310,191500,679.66,679.81,677.675,678.21,2606488,0
SPY.US,5,20260310,192000,678.23,679.06,677.38,678.36,2048078,0
SPY.US,5,20260310,192500,678.35,680.15,678.35,679.35,1338499,0
SPY.US,5,20260310,193000,679.315,680.37,678.92,679.74,874956,0
SPY.US,5,20260310,193500,679.72,680.11,678.38,678.95,898314,0
SPY.US,5,20260310,194000,678.94,679.45,678.44,678.73,667329,0
SPY.US,5,20260310,194500,678.72,679.42,678.53,678.95,425332,0
SPY.US,5,20260310,195000,678.98,679.8,678.43,678.87,484682,0
SPY.US,5,20260310,195500,678.8768,679.16,678.4,678.5,397199,0
SPY.US,5,20260310,200000,678.53,679,678.2899,678.5,528581,0
SPY.US,5,20260310,200500,678.49,678.935,678.06,678.74,732389,0
SPY.US,5,20260310,201000,678.69,679.0475,678.14,678.94,567832,0
SPY.US,5,20260310,201500,678.945,679.53,678.73,679.33,514291,0
SPY.US,5,20260310,202000,679.31,679.41,677.86,678.62,1035803,0
SPY.US,5,20260310,202500,678.63,678.64,677.41,677.42,694471,0
SPY.US,5,20260310,203000,677.43,677.6194,676.75,677.04,956964,0
SPY.US,5,20260310,203500,677.03,677.65,676.61,677.51,1195246,0
SPY.US,5,20260310,204000,677.5,678.31,676.81,677.47,1576302,0
SPY.US,5,20260310,204500,677.46,677.77,676.47,676.755,1032666,0
SPY.US,5,20260310,205000,676.75,677.0197,676.25,676.76,1364932,0
SPY.US,5,20260310,205500,676.77,677.19,676.23,677.07,2534485,0
SPY.US,5,20260311,143000,677.58,678.38,677.52,677.77,1042933,0
SPY.US,5,20260311,143500,677.78,678.44,677.61,678.36,719628,0
SPY.US,5,20260311,144000,678.39,678.5,677.17,677.37,701961,0
SPY.US,5,20260311,144500,677.35,677.92,676.42,676.69,888697,0
SPY.US,5,20260311,145000,676.71,677.6495,676.15,677.02,704659,0
SPY.US,5,20260311,145500,677.04,678.17,676.53,677.89,702343,0
SPY.US,5,20260311,150000,677.9,680.07,677.69,678.56,1263847,0
SPY.US,5,20260311,150500,678.51,679.05,677.43,677.9999,851457,0
SPY.US,5,20260311,151000,678,678.28,677.02,678.0401,698802,0
SPY.US,5,20260311,151500,678.03,678.26,676.94,677.8009,492932,0
SPY.US,5,20260311,152000,677.75,677.87,676.12,676.13,586596,0
SPY.US,5,20260311,152500,676.13,676.31,675.195,676.15,938539,0
SPY.US,5,20260311,153000,676.14,676.81,675.2,675.5,788412,0
SPY.US,5,20260311,153500,675.4983,677.15,675.46,676.77,589332,0
SPY.US,5,20260311,154000,676.75,677.65,676.52,677.35,481568,0
SPY.US,5,20260311,154500,677.345,677.79,676.99,677.71,427394,0
SPY.US,5,20260311,155000,677.69,677.93,677.44,677.8,317962,0
SPY.US,5,20260311,155500,677.82,678.38,677.52,678.07,388173,0
SPY.US,5,20260311,160000,678.08,678.64,676.92,677.8498,652942,0
SPY.US,5,20260311,160500,677.85,677.91,676.94,677.12,390127,0
SPY.US,5,20260311,161000,677.11,677.52,675.28,675.8,861696,0
SPY.US,5,20260311,161500,675.8,675.8399,674.88,675.4,914722,0
SPY.US,5,20260311,162000,675.41,676.34,675.18,676.24,757114,0
SPY.US,5,20260311,162500,676.24,676.53,674.64,674.68,632968,0
SPY.US,5,20260311,163000,674.67,675.17,674.1,674.8899,957307,0
SPY.US,5,20260311,163500,674.89,675.29,674.68,674.87,414378,0
SPY.US,5,20260311,164000,674.87,675.14,674.21,674.22,408382,0
SPY.US,5,20260311,164500,674.23,674.35,673.64,673.99,659970,0
SPY.US,5,20260311,165000,674.05,674.99,673.985,674.96,601853,0
SPY.US,5,20260311,165500,674.92,675.04,674.16,674.2018,395590,0
SPY.US,5,20260311,170000,674.19,674.29,673.56,673.674,491647,0
SPY.US,5,20260311,170500,673.67,674.045,673.51,673.72,407050,0
SPY.US,5,20260311,171000,673.7,674.4,673.58,674.37,589071,0
SPY.US,5,20260311,171500,674.34,674.51,673.81,673.86,345239,0
SPY.US,5,20260311,172000,673.87,674.7299,673.73,674.39,451148,0
SPY.US,5,20260311,172500,674.3826,674.74,674.08,674.705,414679,0
SPY.US,5,20260311,173000,674.7,675.905,674.65,675.79,679608,0
SPY.US,5,20260311,173500,675.8,675.93,675.09,675.35,410258,0
SPY.US,5,20260311,174000,675.35,676.0175,675.28,675.48,391261,0
SPY.US,5,20260311,174500,675.48,675.78,675.15,675.33,371945,0
SPY.US,5,20260311,175000,675.33,676.0566,675.31,675.955,277428,0
SPY.US,5,20260311,175500,675.96,676.32,675.73,676.29,317463,0
SPY.US,5,20260311,180000,676.24,676.55,676.08,676.13,336027,0
SPY.US,5,20260311,180500,676.13,676.56,676.065,676.16,304025,0
SPY.US,5,20260311,181000,676.17,676.23,675.54,675.74,443652,0
SPY.US,5,20260311,181500,675.77,676.06,675.33,675.52,386532,0
SPY.US,5,20260311,182000,675.56,676.24,675.53,676.24,220231,0
SPY.US,5,20260311,182500,676.23,676.77,676.11,676.43,361862,0
SPY.US,5,20260311,183000,676.43,676.6399,675.98,676.14,341905,0
SPY.US,5,20260311,183500,676.13,676.3,673.34,674.33,1678485,0
SPY.US,5,20260311,184000,674.38,674.99,673.75,674.53,1076108,0
SPY.US,5,20260311,184500,674.54,675,674.23,674.88,515251,0
SPY.US,5,20260311,185000,674.86,675.78,674.83,675.035,503179,0
SPY.US,5,20260311,185500,675.03,675.25,674.48,674.99,450372,0
SPY.US,5,20260311,190000,674.99,675.23,674.74,675.05,589150,0
SPY.US,5,20260311,190500,675.06,675.125,674.29,674.37,410800,0
SPY.US,5,20260311,191000,674.35,674.45,673.7,674.35,749472,0
SPY.US,5,20260311,191500,674.36,675.03,674.2,674.82,468114,0
SPY.US,5,20260311,192000,674.83,675.22,674.33,674.8,441673,0
SPY.US,5,20260311,192500,674.76,675.51,674.59,675.27,482964,0
SPY.US,5,20260311,193000,675.27,675.56,675.14,675.53,889280,0
SPY.US,5,20260311,193500,675.54,675.57,674.99,675.02,832636,0
SPY.US,5,20260311,194000,675.02,675.2,674.79,675.0588,482726,0
SPY.US,5,20260311,194500,675.07,675.29,674.76,674.8078,276844,0
SPY.US,5,20260311,195000,674.815,675.71,674.815,675.4901,415299,0
SPY.US,5,20260311,195500,675.49,675.79,675.02,675.25,451678,0
SPY.US,5,20260311,200000,675.26,675.47,674.47,674.88,485273,0
SPY.US,5,20260311,200500,674.87,675,674.565,674.815,411311,0
SPY.US,5,20260311,201000,674.83,674.95,674.34,674.51,442879,0
SPY.US,5,20260311,201500,674.485,675.03,674.32,674.92,510532,0
SPY.US,5,20260311,202000,674.925,675.07,674.5,674.88,615761,0
SPY.US,5,20260311,202500,674.88,675.26,674.79,674.98,546743,0
SPY.US,5,20260311,203000,674.99,675.89,674.75,675.745,691309,0
SPY.US,5,20260311,203500,675.78,676,675.47,675.845,740165,0
SPY.US,5,20260311,204000,675.86,676.25,675.69,676.0761,505322,0
SPY.US,5,20260311,204500,676.07,676.23,675.5,675.63,694745,0
SPY.US,5,20260311,205000,675.63,676.39,675.41,676.35,1362280,0
SPY.US,5,20260311,205500,676.35,676.6,676.14,676.28,2592469,0
SPY.US,5,20260312,143000,671.15,671.37,669.88,670.85,2052176,0
SPY.US,5,20260312,143500,670.84,671.65,670.41,671.4,1471863,0
SPY.US,5,20260312,144000,671.36,671.55,670.23,670.29,1127477,0
SPY.US,5,20260312,144500,670.28,670.28,668.745,670.18,2070496,0
SPY.US,5,20260312,145000,670.18,670.91,669.05,669.06,1358176,0
SPY.US,5,20260312,145500,669.05,669.2499,668.183,668.87,1382370,0
SPY.US,5,20260312,150000,668.87,670.92,668.81,670.305,1460561,0
SPY.US,5,20260312,150500,670.29,670.64,669.7,670.32,1136098,0
SPY.US,5,20260312,151000,670.34,671.14,670.13,670.97,860759,0
SPY.US,5,20260312,151500,670.99,671.2,669.54,669.63,1021307,0
SPY.US,5,20260312,152000,669.6,669.66,669.04,669.32,855989,0
SPY.US,5,20260312,152500,669.33,669.94,668.06,668.06,962052,0
SPY.US,5,20260312,153000,668.05,668.25,667.64,668,1238221,0
SPY.US,5,20260312,153500,668,668.7,667.3,667.96,1219186,0
SPY.US,5,20260312,154000,667.96,669.12,667.6001,668.955,883014,0
SPY.US,5,20260312,154500,668.93,670.54,668.14,668.4,1499688,0
SPY.US,5,20260312,155000,668.38,668.684,668.08,668.48,1049201,0
SPY.US,5,20260312,155500,668.47,668.93,668.32,668.5,822245,0
SPY.US,5,20260312,160000,668.51,668.8,667.67,668.15,964476,0
SPY.US,5,20260312,160500,668.13,668.43,667.85,667.92,580575,0
SPY.US,5,20260312,161000,667.9,667.905,666.92,667.38,1118189,0
SPY.US,5,20260312,161500,667.38,667.74,667.12,667.3317,758310,0
SPY.US,5,20260312,162000,667.33,667.91,667.06,667.86,837852,0
SPY.US,5,20260312,162500,667.85,668.75,667.78,668.19,945789,0
SPY.US,5,20260312,163000,668.2,668.58,667.67,667.87,677559,0
SPY.US,5,20260312,163500,667.872,669.55,667.24,669.55,1150299,0
SPY.US,5,20260312,164000,669.55,670.31,668.65,669.8101,2165081,0
SPY.US,5,20260312,164500,669.8,670.02,668.47,669.16,1365342,0
SPY.US,5,20260312,165000,669.18,669.68,668.69,669.545,584081,0
SPY.US,5,20260312,165500,669.545,669.57,668.85,669.2999,730807,0
SPY.US,5,20260312,170000,669.31,670.05,669.05,670.02,656519,0
SPY.US,5,20260312,170500,670.01,670.31,667.67,667.84,1148741,0
SPY.US,5,20260312,171000,667.85,668.96,667.73,668.92,773133,0
SPY.US,5,20260312,171500,668.89,670.03,668.84,669.65,815311,0
SPY.US,5,20260312,172000,669.68,671.31,669.6,669.81,1824285,0
SPY.US,5,20260312,172500,669.72,669.84,668.66,668.85,1017529,0
SPY.US,5,20260312,173000,668.85,669.71,668.34,669.26,848318,0
SPY.US,5,20260312,173500,669.24,670.29,669.12,670.04,876518,0
SPY.US,5,20260312,174000,670.0601,670.14,669.4,669.691,729153,0
SPY.US,5,20260312,174500,669.67,669.79,668.04,668.8399,597886,0
SPY.US,5,20260312,175000,668.8359,669.26,668.08,668.4519,612835,0
SPY.US,5,20260312,175500,668.43,668.99,668.19,668.84,471821,0
SPY.US,5,20260312,180000,668.84,669.75,668.685,669.72,519355,0
SPY.US,5,20260312,180500,669.71,670.3099,668.77,668.95,671579,0
SPY.US,5,20260312,181000,668.89,669.49,668.6199,668.6986,411855,0
SPY.US,5,20260312,181500,668.69,668.93,668.11,668.13,540182,0
SPY.US,5,20260312,182000,668.12,669.38,667.99,669.04,686318,0
SPY.US,5,20260312,182500,669.04,669.31,668.38,668.56,464804,0
SPY.US,5,20260312,183000,668.56,669.2,668.53,668.87,520480,0
SPY.US,5,20260312,183500,668.86,669.53,668.84,669.44,528318,0
SPY.US,5,20260312,184000,669.44,669.75,668.4504,668.53,707278,0
SPY.US,5,20260312,184500,668.54,668.79,667.95,668.23,791245,0
SPY.US,5,20260312,185000,668.21,668.81,668.07,668.08,467170,0
SPY.US,5,20260312,185500,668.08,668.26,667.2701,668.1601,1388951,0
SPY.US,5,20260312,190000,668.17,668.99,668.17,668.53,1097221,0
SPY.US,5,20260312,190500,668.54,669.16,668.22,668.67,525609,0
SPY.US,5,20260312,191000,668.69,668.98,668.52,668.9198,394320,0
SPY.US,5,20260312,191500,668.92,669.22,668.19,668.25,557554,0
SPY.US,5,20260312,192000,668.28,668.3787,667.78,668.1148,975850,0
SPY.US,5,20260312,192500,668.1,668.29,667.6901,668.2099,630084,0
SPY.US,5,20260312,193000,668.2,668.48,667.78,667.845,548467,0
SPY.US,5,20260312,193500,667.85,668.05,667.48,667.875,774840,0
SPY.US,5,20260312,194000,667.87,667.955,667.51,667.6984,673900,0
SPY.US,5,20260312,194500,667.68,667.9199,667.4,667.46,528820,0
SPY.US,5,20260312,195000,667.455,668.18,667.44,667.795,598135,0
SPY.US,5,20260312,195500,667.79,667.79,667.2,667.329,890273,0
SPY.US,5,20260312,200000,667.32,668.05,666.87,667.33,1136897,0
SPY.US,5,20260312,200500,667.325,667.94,667.176,667.61,938393,0
SPY.US,5,20260312,201000,667.61,667.89,666.99,667.525,894827,0
SPY.US,5,20260312,201500,667.54,667.94,667.3,667.732,1057985,0
SPY.US,5,20260312,202000,667.73,668.39,667.56,667.86,901476,0
SPY.US,5,20260312,202500,667.85,668.16,667.6615,667.98,833515,0
SPY.US,5,20260312,203000,667.99,668.65,667.9166,668.31,930456,0
SPY.US,5,20260312,203500,668.3,668.4,667.6599,667.93,873654,0
SPY.US,5,20260312,204000,667.92,667.94,667.04,667.21,1317645,0
SPY.US,5,20260312,204500,667.19,667.22,666.49,666.72,1829180,0
SPY.US,5,20260312,205000,666.72,666.94,666.13,666.77,1970417,0
SPY.US,5,20260312,205500,666.78,667.07,665.9,665.92,3793533,0
SPY.US,5,20260313,143000,669.27,670.31,669.21,669.785,1677728,0
SPY.US,5,20260313,143500,669.78,670.682,668.96,670.37,1246116,0
SPY.US,5,20260313,144000,670.38,671.97,670.116,671.95,1298074,0
SPY.US,5,20260313,144500,671.94,672.335,671.08,671.12,1708543,0
SPY.US,5,20260313,145000,671.13,671.86,670.64,671.695,941806,0
SPY.US,5,20260313,145500,671.6913,671.72,670.37,670.53,1202167,0
SPY.US,5,20260313,150000,670.52,671.25,669.73,670.08,1003161,0
SPY.US,5,20260313,150500,670.1,670.53,669.12,669.3212,703828,0
SPY.US,5,20260313,151000,669.33,669.5,668.78,668.89,820808,0
SPY.US,5,20260313,151500,668.875,669.09,667.73,668.18,1123607,0
SPY.US,5,20260313,152000,668.18,669.08,668.11,668.65,809235,0
SPY.US,5,20260313,152500,668.66,669.27,668.23,668.8401,758979,0
SPY.US,5,20260313,153000,668.87,670.23,668.69,669.5,745285,0
SPY.US,5,20260313,153500,669.51,669.54,668.43,668.88,570944,0
SPY.US,5,20260313,154000,668.88,668.88,667.22,667.29,725919,0
SPY.US,5,20260313,154500,667.29,667.38,666.29,667.05,1216143,0
SPY.US,5,20260313,155000,667.05,667.6,666.45,666.52,968688,0
SPY.US,5,20260313,155500,666.52,666.85,664.99,665.24,1201814,0
SPY.US,5,20260313,160000,665.25,665.71,664.53,665.14,1243852,0
SPY.US,5,20260313,160500,665.1,666.18,664.9,666.17,1058169,0
SPY.US,5,20260313,161000,666.17,666.94,665.74,666.85,978305,0
SPY.US,5,20260313,161500,666.85,666.9,665.8,665.835,663171,0
SPY.US,5,20260313,162000,665.83,666.37,664.775,664.7845,801385,0
SPY.US,5,20260313,162500,664.79,664.91,664.43,664.59,1093542,0
SPY.US,5,20260313,163000,664.57,665.33,664.32,665.1299,865842,0
SPY.US,5,20260313,163500,665.13,665.3,663.97,664.63,900561,0
SPY.US,5,20260313,164000,664.6,664.86,663.35,663.69,879244,0
SPY.US,5,20260313,164500,663.645,665.15,663.27,664.32,1138155,0
SPY.US,5,20260313,165000,664.3199,664.45,663.31,663.89,772677,0
SPY.US,5,20260313,165500,663.892,663.96,663.1,663.38,712458,0
SPY.US,5,20260313,170000,663.36,664.29,663.34,663.91,719369,0
SPY.US,5,20260313,170500,663.915,664.69,663.63,664.45,607509,0
SPY.US,5,20260313,171000,664.47,664.965,663.4187,663.97,698656,0
SPY.US,5,20260313,171500,663.98,664.27,663.46,663.79,570269,0
SPY.US,5,20260313,172000,663.78,664.6,663.62,664.13,586809,0
SPY.US,5,20260313,172500,664.13,664.52,663.56,664.33,599272,0
SPY.US,5,20260313,173000,664.32,664.87,664,664.11,721232,0
SPY.US,5,20260313,173500,664.11,665.23,664.1,664.4,743959,0
SPY.US,5,20260313,174000,664.4,664.8,663.72,663.75,595888,0
SPY.US,5,20260313,174500,663.74,664.07,663.24,664.03,633117,0
SPY.US,5,20260313,175000,664.02,664.97,663.91,664.84,600601,0
SPY.US,5,20260313,175500,664.84,664.97,663.135,663.335,978303,0
SPY.US,5,20260313,180000,663.32,663.69,663.29,663.47,545811,0
SPY.US,5,20260313,180500,663.47,664.11,663.13,663.92,528994,0
SPY.US,5,20260313,181000,663.93,664.72,663.33,664.72,638764,0
SPY.US,5,20260313,181500,664.75,665.08,664.18,664.77,499693,0
SPY.US,5,20260313,182000,664.78,664.81,663.79,664.47,395846,0
SPY.US,5,20260313,182500,664.45,664.65,663.85,664.37,452148,0
SPY.US,5,20260313,183000,664.35,664.52,663.74,664.02,532621,0
SPY.US,5,20260313,183500,664.0199,664.29,663.72,664.13,444793,0
SPY.US,5,20260313,184000,664.14,664.25,663.44,663.94,492010,0
SPY.US,5,20260313,184500,663.94,664.17,662.4,662.47,883859,0
SPY.US,5,20260313,185000,662.46,662.87,662.08,662.645,922924,0
SPY.US,5,20260313,185500,662.66,663.04,662.34,662.63,685968,0
SPY.US,5,20260313,190000,662.63,663.3,662.57,663.155,717386,0
SPY.US,5,20260313,190500,663.1519,663.31,662.75,663.11,538793,0
SPY.US,5,20260313,191000,663.13,663.52,663.0439,663.38,662783,0
SPY.US,5,20260313,191500,663.37,663.73,662.8201,662.94,614107,0
SPY.US,5,20260313,192000,662.94,663.1,662.45,662.685,424640,0
SPY.US,5,20260313,192500,662.7,663.41,662.64,663.34,482321,0
SPY.US,5,20260313,193000,663.33,664.23,663.1,663.97,569578,0
SPY.US,5,20260313,193500,663.97,664.46,663.885,664.15,502825,0
SPY.US,5,20260313,194000,664.16,664.56,663.9818,664.43,423564,0
SPY.US,5,20260313,194500,664.4,664.67,664.23,664.56,478773,0
SPY.US,5,20260313,195000,664.56,664.81,664.18,664.5373,464700,0
SPY.US,5,20260313,195500,664.55,664.55,663.94,664.18,526561,0
SPY.US,5,20260313,200000,664.18,664.2,663.58,663.6,594440,0
SPY.US,5,20260313,200500,663.6,663.85,663.255,663.68,783023,0
SPY.US,5,20260313,201000,663.67,663.99,663.4,663.535,685367,0
SPY.US,5,20260313,201500,663.54,663.91,663.4,663.59,1019833,0
SPY.US,5,20260313,202000,663.58,663.58,662.51,662.74,814158,0
SPY.US,5,20260313,202500,662.72,662.77,662.16,662.37,776712,0
SPY.US,5,20260313,203000,662.37,663,662.34,662.4799,776957,0
SPY.US,5,20260313,203500,662.47,662.575,661.77,661.8,797932,0
SPY.US,5,20260313,204000,661.805,661.965,661.36,661.7,1010119,0
SPY.US,5,20260313,204500,661.69,661.988,661.4,661.89,1165939,0
SPY.US,5,20260313,205000,661.89,662.265,661.535,662.05,1954131,0
SPY.US,5,20260313,205500,662.05,662.495,661.88,662.34,4322444,0
SPY.US,5,20260316,143000,668.38,668.88,667.7,668.57,1534409,0
SPY.US,5,20260316,143500,668.58,669.08,668.5,668.985,1183492,0
SPY.US,5,20260316,144000,668.98,669.76,668.7,669.63,1192849,0
SPY.US,5,20260316,144500,669.64,670.61,669.47,670.01,1528080,0
SPY.US,5,20260316,145000,669.99,670.03,669.55,669.8,951473,0
SPY.US,5,20260316,145500,669.8,670.9,669.49,670.805,1124702,0
SPY.US,5,20260316,150000,670.8,670.89,670,670.28,801684,0
SPY.US,5,20260316,150500,670.3,671.06,670.05,670.81,733847,0
SPY.US,5,20260316,151000,670.8,671.4,670.4299,670.64,1022662,0
SPY.US,5,20260316,151500,670.64,671.21,670.4,670.57,859919,0
SPY.US,5,20260316,152000,670.58,671.35,670.51,670.995,553829,0
SPY.US,5,20260316,152500,670.99,671.14,670.25,670.27,700676,0
SPY.US,5,20260316,153000,670.27,670.35,668.97,669.075,988943,0
SPY.US,5,20260316,153500,669.07,669.6513,668.33,668.4,1156807,0
SPY.US,5,20260316,154000,668.4,668.76,668.05,668.22,1023600,0
SPY.US,5,20260316,154500,668.21,668.66,667.8,668.03,832911,0
SPY.US,5,20260316,155000,668.02,669.265,667.575,669.1701,996658,0
SPY.US,5,20260316,155500,669.1875,669.825,668.88,669.825,631502,0
SPY.US,5,20260316,160000,669.83,669.87,668.92,669.06,596288,0
SPY.US,5,20260316,160500,669.06,669.3,668.62,669.29,450824,0
SPY.US,5,20260316,161000,669.29,669.56,668.66,669.3901,486225,0
SPY.US,5,20260316,161500,669.38,669.67,668.82,669.6607,422673,0
SPY.US,5,20260316,162000,669.69,670.3,669.46,670.16,553742,0
SPY.US,5,20260316,162500,670.17,670.32,669.69,670.06,451694,0
SPY.US,5,20260316,163000,670.06,670.58,670.03,670.42,638341,0
SPY.US,5,20260316,163500,670.44,670.64,670.16,670.18,402176,0
SPY.US,5,20260316,164000,670.16,670.24,669.74,669.87,426906,0
SPY.US,5,20260316,164500,669.86,670.29,669.8,670.115,258396,0
SPY.US,5,20260316,165000,670.13,670.13,669.08,669.41,636925,0
SPY.US,5,20260316,165500,669.41,669.61,668.44,668.48,730898,0
SPY.US,5,20260316,170000,668.47,668.89,668.21,668.23,628420,0
SPY.US,5,20260316,170500,668.23,669.15,668.18,668.72,443239,0
SPY.US,5,20260316,171000,668.7399,669.19,668.53,668.8707,483950,0
SPY.US,5,20260316,171500,668.86,669.1,668.395,668.63,425764,0
SPY.US,5,20260316,172000,668.63,668.7,667.36,667.4,945536,0
SPY.US,5,20260316,172500,667.39,667.82,667.15,667.44,1012709,0
SPY.US,5,20260316,173000,667.45,667.93,667.12,667.5,611548,0
SPY.US,5,20260316,173500,667.53,668.21,667.505,668.2,507518,0
SPY.US,5,20260316,174000,668.19,668.89,667.9,668.64,333255,0
SPY.US,5,20260316,174500,668.65,668.81,668.25,668.53,378689,0
SPY.US,5,20260316,175000,668.52,669.074,668.39,668.57,362565,0
SPY.US,5,20260316,175500,668.57,668.81,668.27,668.425,287404,0
SPY.US,5,20260316,180000,668.43,669.53,668.406,668.69,805520,0
SPY.US,5,20260316,180500,668.72,669.19,668.59,668.93,320412,0
SPY.US,5,20260316,181000,668.93,669.64,668.93,669.35,433517,0
SPY.US,5,20260316,181500,669.36,669.44,668.88,669.275,282944,0
SPY.US,5,20260316,182000,669.28,669.75,669.23,669.5,489243,0
SPY.US,5,20260316,182500,669.5181,669.74,669.14,669.2,513163,0
SPY.US,5,20260316,183000,669.2,669.56,668.87,669.08,322223,0
SPY.US,5,20260316,183500,669.05,669.32,668.85,668.9,244436,0
SPY.US,5,20260316,184000,668.9,669.1,668.61,668.66,334795,0
SPY.US,5,20260316,184500,668.66,669.2,668.2,668.36,452131,0
SPY.US,5,20260316,185000,668.35,668.87,667.98,668.61,540370,0
SPY.US,5,20260316,185500,668.59,668.99,668.47,668.755,226803,0
SPY.US,5,20260316,190000,668.76,669.16,668.66,669.16,499405,0
SPY.US,5,20260316,190500,669.165,669.77,669,669.52,923617,0
SPY.US,5,20260316,191000,669.52,669.72,669.25,669.54,416879,0
SPY.US,5,20260316,191500,669.55,670.06,669.47,669.81,671207,0
SPY.US,5,20260316,192000,669.82,670.08,669.6374,669.95,351125,0
SPY.US,5,20260316,192500,669.95,670.035,669.55,669.8,508673,0
SPY.US,5,20260316,193000,669.8,669.99,669.5901,669.92,393722,0
SPY.US,5,20260316,193500,669.92,670.1599,669.69,670.07,572980,0
SPY.US,5,20260316,194000,670.06,670.24,669.8875,670.18,474864,0
SPY.US,5,20260316,194500,670.18,670.31,670.04,670.075,697650,0
SPY.US,5,20260316,195000,670.08,670.08,669.71,669.74,537655,0
SPY.US,5,20260316,195500,669.74,669.82,669.49,669.605,561011,0
SPY.US,5,20260316,200000,669.605,670,669.39,669.58,580657,0
SPY.US,5,20260316,200500,669.58,671.13,669.24,671.09,924731,0
SPY.US,5,20260316,201000,671.11,672.07,669.65,669.85,1832879,0
SPY.US,5,20260316,201500,669.85,670.3,669.39,669.41,983012,0
SPY.US,5,20260316,202000,669.41,669.74,668.96,669.15,986823,0
SPY.US,5,20260316,202500,669.14,669.51,668.69,669.13,1568604,0
SPY.US,5,20260316,203000,669.12,669.3975,668.92,668.97,1120768,0
SPY.US,5,20260316,203500,668.97,669.43,668.8,668.9699,931808,0
SPY.US,5,20260316,204000,668.96,669.12,668.42,668.6003,908718,0
SPY.US,5,20260316,204500,668.59,668.86,668.42,668.77,1346897,0
SPY.US,5,20260316,205000,668.77,669.05,668.47,668.64,1742783,0
SPY.US,5,20260316,205500,668.645,669.23,668.64,669.03,4578929,0
SPY.US,5,20260317,143000,672.39,673.83,671.91,673.46,1614366,0
SPY.US,5,20260317,143500,673.44,673.93,673.19,673.9,1323283,0
SPY.US,5,20260317,144000,673.91,673.97,673.45,673.51,869656,0
SPY.US,5,20260317,144500,673.5,674.44,673.37,674.2498,1220936,0
SPY.US,5,20260317,145000,674.245,674.26,673.67,674.05,1056170,0
SPY.US,5,20260317,145500,674.0581,674.17,673.66,673.89,587448,0
SPY.US,5,20260317,150000,673.89,673.91,672.98,673.175,1287923,0
SPY.US,5,20260317,150500,673.18,673.555,673.125,673.2705,526474,0
SPY.US,5,20260317,151000,673.27,673.35,672.37,672.38,929826,0
SPY.US,5,20260317,151500,672.36,672.58,671.56,672.58,1273425,0
SPY.US,5,20260317,152000,672.58,672.92,672.31,672.4802,555798,0
SPY.US,5,20260317,152500,672.48,672.77,672.05,672.56,620763,0
SPY.US,5,20260317,153000,672.57,673.12,672.14,673.03,514490,0
SPY.US,5,20260317,153500,673.04,673.27,672.33,672.51,688467,0
SPY.US,5,20260317,154000,672.5,673.38,672.25,673.28,514601,0
SPY.US,5,20260317,154500,673.28,673.47,673.06,673.305,440022,0
SPY.US,5,20260317,155000,673.305,673.37,672.97,673.125,431199,0
SPY.US,5,20260317,155500,673.13,673.33,672.9,673.01,349147,0
SPY.US,5,20260317,160000,673.03,673.27,672.44,672.5,446463,0
SPY.US,5,20260317,160500,672.49,672.62,671.81,671.83,1007066,0
SPY.US,5,20260317,161000,671.82,672.24,671.66,671.93,871040,0
SPY.US,5,20260317,161500,671.92,672.69,671.91,672.44,562991,0
SPY.US,5,20260317,162000,672.4103,672.63,671.6,672.15,665279,0
SPY.US,5,20260317,162500,672.13,672.54,671.63,671.64,457805,0
SPY.US,5,20260317,163000,671.635,672.19,671.16,671.25,588481,0
SPY.US,5,20260317,163500,671.26,671.52,670.3,670.81,1260767,0
SPY.US,5,20260317,164000,670.8,671.28,670.59,671.24,669908,0
SPY.US,5,20260317,164500,671.23,671.65,670.94,670.94,366738,0
SPY.US,5,20260317,165000,670.97,671.63,670.97,671.358,537512,0
SPY.US,5,20260317,165500,671.3599,671.51,670.83,671.01,484774,0
SPY.US,5,20260317,170000,671.02,671.1,670.31,670.59,629543,0
SPY.US,5,20260317,170500,670.6,671,669.7,670.71,837949,0
SPY.US,5,20260317,171000,670.68,671.4,670.6,670.71,748012,0
SPY.US,5,20260317,171500,670.72,671.55,670.56,671.55,378594,0
SPY.US,5,20260317,172000,671.55,671.59,671.02,671.48,369875,0
SPY.US,5,20260317,172500,671.48,671.49,670.96,671.21,364840,0
SPY.US,5,20260317,173000,671.2,671.43,670.745,671.17,473436,0
SPY.US,5,20260317,173500,671.17,671.515,670.72,670.89,312740,0
SPY.US,5,20260317,174000,670.89,671.545,670.79,671.545,362126,0
SPY.US,5,20260317,174500,671.55,671.64,671.14,671.31,409230,0
SPY.US,5,20260317,175000,671.31,671.49,671.09,671.25,397160,0
SPY.US,5,20260317,175500,671.245,671.43,670.91,670.96,367818,0
SPY.US,5,20260317,180000,670.96,671.94,670.93,671.83,452125,0
SPY.US,5,20260317,180500,671.84,671.89,671.61,671.81,397096,0
SPY.US,5,20260317,181000,671.82,671.88,671.23,671.585,448271,0
SPY.US,5,20260317,181500,671.59,671.59,671.265,671.41,274709,0
SPY.US,5,20260317,182000,671.42,671.6199,671.12,671.4616,510454,0
SPY.US,5,20260317,182500,671.46,671.705,671.265,671.54,210784,0
SPY.US,5,20260317,183000,671.53,671.71,671.33,671.455,268508,0
SPY.US,5,20260317,183500,671.4575,671.975,671.415,671.91,335949,0
SPY.US,5,20260317,184000,671.9,671.94,671.19,671.29,318216,0
SPY.US,5,20260317,184500,671.33,671.5,671.03,671.3301,545257,0
SPY.US,5,20260317,185000,671.33,671.9512,671.175,671.8401,533445,0
SPY.US,5,20260317,185500,671.84,671.87,671.63,671.7,402372,0
SPY.US,5,20260317,190000,671.7,672,671.41,671.89,527676,0
SPY.US,5,20260317,190500,671.9,672.23,671.675,672.21,637237,0
SPY.US,5,20260317,191000,672.205,672.3,671.86,671.88,433468,0
SPY.US,5,20260317,191500,671.86,671.9863,671.72,671.79,311513,0
SPY.US,5,20260317,192000,671.79,671.82,670.93,670.96,592633,0
SPY.US,5,20260317,192500,670.95,671.24,670.86,670.9,557570,0
SPY.US,5,20260317,193000,670.9,671.19,670.74,671.09,552391,0
SPY.US,5,20260317,193500,671.0925,671.2,670.92,671.04,546808,0
SPY.US,5,20260317,194000,671.04,671.2,670.79,670.86,417632,0
SPY.US,5,20260317,194500,670.86,671.18,670.83,671.12,420637,0
SPY.US,5,20260317,195000,671.11,671.44,670.91,671.4,473280,0
SPY.US,5,20260317,195500,671.4,671.4,670.85,671.0899,480787,0
SPY.US,5,20260317,200000,671.09,671.34,670.97,671.02,525099,0
SPY.US,5,20260317,200500,671.01,671.03,670.59,670.99,737287,0
SPY.US,5,20260317,201000,670.99,671.23,670.9693,671.19,450752,0
SPY.US,5,20260317,201500,671.195,671.605,671.14,671.42,741990,0
SPY.US,5,20260317,202000,671.41,671.45,671.1,671.17,481454,0
SPY.US,5,20260317,202500,671.175,671.22,670.97,671.04,602313,0
SPY.US,5,20260317,203000,671.04,671.28,670.945,670.99,722059,0
SPY.US,5,20260317,203500,671,671.14,670.94,670.99,455953,0
SPY.US,5,20260317,204000,670.99,671.15,670.75,670.86,746628,0
SPY.US,5,20260317,204500,670.87,671.21,670.85,671.175,924006,0
SPY.US,5,20260317,205000,671.18,671.28,670.58,671.21,1776707,0
SPY.US,5,20260317,205500,671.205,671.205,670.47,670.79,4133419,0
SPY.US,5,20260318,143000,668.36,669.06,667.88,668.75,1301834,0
SPY.US,5,20260318,143500,668.77,669.27,668.5,669.09,1216108,0
SPY.US,5,20260318,144000,669.09,669.56,668.265,668.75,1213040,0
SPY.US,5,20260318,144500,668.73,669.72,668.51,669.08,844439,0
SPY.US,5,20260318,145000,669.085,669.32,668.54,668.77,607321,0
SPY.US,5,20260318,145500,668.75,669.29,668.35,669.28,778056,0
SPY.US,5,20260318,150000,669.28,669.41,667.93,668.46,681386,0
SPY.US,5,20260318,150500,668.46,669.37,668.21,668.88,566835,0
SPY.US,5,20260318,151000,668.85,668.9,667.16,667.18,983966,0
SPY.US,5,20260318,151500,667.16,667.84,667.13,667.54,631632,0
SPY.US,5,20260318,152000,667.54,667.7,667.21,667.28,518764,0
SPY.US,5,20260318,152500,667.3,667.37,665.72,665.96,1134715,0
SPY.US,5,20260318,153000,665.97,666.94,665.9,666.22,928920,0
SPY.US,5,20260318,153500,666.2199,666.57,665.9535,666.1099,568098,0
SPY.US,5,20260318,154000,666.1,666.28,665.73,665.94,520991,0
SPY.US,5,20260318,154500,665.91,666.46,665.66,665.92,501969,0
SPY.US,5,20260318,155000,665.927,666.42,665.88,666.22,448870,0
SPY.US,5,20260318,155500,666.22,667.155,666.1625,667.14,730930,0
SPY.US,5,20260318,160000,667.13,667.715,666.74,667.2,870512,0
SPY.US,5,20260318,160500,667.17,668,667.13,667.94,499547,0
SPY.US,5,20260318,161000,667.96,667.974,667.35,667.51,530442,0
SPY.US,5,20260318,161500,667.52,667.725,666.79,666.858,463393,0
SPY.US,5,20260318,162000,666.87,667.17,666.4,667.13,540094,0
SPY.US,5,20260318,162500,667.11,667.28,666.89,666.915,314819,0
SPY.US,5,20260318,163000,666.9342,667.62,666.8,667.33,469989,0
SPY.US,5,20260318,163500,667.3301,667.57,667.08,667.36,368790,0
SPY.US,5,20260318,164000,667.35,667.41,666.72,667.13,362150,0
SPY.US,5,20260318,164500,667.12,667.38,666.7,666.87,326195,0
SPY.US,5,20260318,165000,666.87,667.32,666.67,667.3199,361147,0
SPY.US,5,20260318,165500,667.33,667.465,666.935,667.05,448480,0
SPY.US,5,20260318,170000,667.04,667.06,666.51,666.886,353041,0
SPY.US,5,20260318,170500,666.88,667.08,666.6,666.71,297364,0
SPY.US,5,20260318,171000,666.7,667.4101,666.4918,667.3,393401,0
SPY.US,5,20260318,171500,667.31,667.36,666.808,667.35,261400,0
SPY.US,5,20260318,172000,667.36,667.58,667.18,667.41,238539,0
SPY.US,5,20260318,172500,667.405,667.44,667,667.07,311351,0
SPY.US,5,20260318,173000,667.07,667.296,666.27,666.35,484465,0
SPY.US,5,20260318,173500,666.34,666.82,665.83,666.685,534433,0
SPY.US,5,20260318,174000,666.685,666.83,666.36,666.5,262243,0
SPY.US,5,20260318,174500,666.49,666.72,666.24,666.6,216119,0
SPY.US,5,20260318,175000,666.585,667.12,666.395,667.02,296060,0
SPY.US,5,20260318,175500,667.02,667.2,666.45,666.55,311116,0
SPY.US,5,20260318,180000,666.55,666.63,665.76,666.3,508931,0
SPY.US,5,20260318,180500,666.29,666.44,665.8721,665.93,314412,0
SPY.US,5,20260318,181000,665.93,666.11,665.43,665.65,461702,0
SPY.US,5,20260318,181500,665.64,666.02,665.46,665.95,506556,0
SPY.US,5,20260318,182000,665.95,666.13,665.815,666.07,318705,0
SPY.US,5,20260318,182500,666.06,666.08,665.69,665.84,352328,0
SPY.US,5,20260318,183000,665.84,666.02,665.29,666.01,523941,0
SPY.US,5,20260318,183500,666.03,666.53,666.02,666.375,548614,0
SPY.US,5,20260318,184000,666.375,666.4,665.82,665.92,513538,0
SPY.US,5,20260318,184500,665.92,666.65,665.84,666.16,574726,0
SPY.US,5,20260318,185000,666.16,666.5301,665.9212,666.515,230131,0
SPY.US,5,20260318,185500,666.52,666.87,666.3,666.72,455586,0
SPY.US,5,20260318,190000,666.71,667.44,666.47,667.08,1102120,0
SPY.US,5,20260318,190500,667.06,667.1,666.44,666.49,397947,0
SPY.US,5,20260318,191000,666.5,666.76,666.195,666.56,444351,0
SPY.US,5,20260318,191500,666.55,666.57,665.39,665.65,841031,0
SPY.US,5,20260318,192000,665.63,666,665.38,665.78,452239,0
SPY.US,5,20260318,192500,665.78,666.17,665.6,666.12,516061,0
SPY.US,5,20260318,193000,666.11,666.3,664.62,664.66,853227,0
SPY.US,5,20260318,193500,664.67,666.17,664.51,664.765,1251859,0
SPY.US,5,20260318,194000,664.72,665.54,664.41,664.98,1165229,0
SPY.US,5,20260318,194500,664.98,665.08,664.59,664.67,695289,0
SPY.US,5,20260318,195000,664.66,664.7,663.43,663.62,1247919,0
SPY.US,5,20260318,195500,663.635,664.04,663.32,663.41,1022638,0
SPY.US,5,20260318,200000,663.4,664.44,663.26,664.44,965061,0
SPY.US,5,20260318,200500,664.437,664.72,664.11,664.46,1129955,0
SPY.US,5,20260318,201000,664.43,664.43,663.63,663.95,851290,0
SPY.US,5,20260318,201500,663.94,664.03,663.33,663.34,773739,0
SPY.US,5,20260318,202000,663.34,663.48,662.685,662.745,1273235,0
SPY.US,5,20260318,202500,662.74,663.21,662.68,662.91,1223675,0
SPY.US,5,20260318,203000,662.9,663.2192,662.61,663.07,1388125,0
SPY.US,5,20260318,203500,663.06,663.11,662.4,662.52,1301302,0
SPY.US,5,20260318,204000,662.51,662.65,661.77,662.01,1508461,0
SPY.US,5,20260318,204500,662.015,662.18,661.62,661.875,1640543,0
SPY.US,5,20260318,205000,661.885,662.37,661.78,661.995,2308409,0
SPY.US,5,20260318,205500,661.99,662.125,661.19,661.61,6154446,0
SPY.US,5,20260319,143000,656.97,656.97,655.175,656.16,2899496,0
SPY.US,5,20260319,143500,656.175,657,655.38,656.25,1535759,0
SPY.US,5,20260319,144000,656.24,657.65,656.01,657.34,1442032,0
SPY.US,5,20260319,144500,657.33,657.96,656.56,657.9325,1530468,0
SPY.US,5,20260319,145000,657.93,658.93,657.69,658.8,990117,0
SPY.US,5,20260319,145500,658.8099,658.83,657.84,658.68,853773,0
SPY.US,5,20260319,150000,658.68,659.17,658.19,658.26,741678,0
SPY.US,5,20260319,150500,658.28,658.93,658.08,658.2301,634039,0
SPY.US,5,20260319,151000,658.26,659.47,657.97,658.11,1122055,0
SPY.US,5,20260319,151500,658.11,658.3636,657.24,657.63,824775,0
SPY.US,5,20260319,152000,657.635,658.17,656.7,656.895,1007146,0
SPY.US,5,20260319,152500,656.9,657.23,656.04,656.34,770286,0
SPY.US,5,20260319,153000,656.34,658.54,656.26,658.46,989229,0
SPY.US,5,20260319,153500,658.455,659.064,657.07,657.36,956450,0
SPY.US,5,20260319,154000,657.34,658.3391,657.24,657.435,557785,0
SPY.US,5,20260319,154500,657.48,658.03,657.08,658,507639,0
SPY.US,5,20260319,155000,658,658.43,657.53,657.83,667823,0
SPY.US,5,20260319,155500,657.84,658.4,657.33,657.7985,763894,0
SPY.US,5,20260319,160000,657.79,658.57,657.51,658.57,556656,0
SPY.US,5,20260319,160500,658.56,659.71,658.31,658.8,1083536,0
SPY.US,5,20260319,161000,658.77,659.39,658.65,659.3593,648265,0
SPY.US,5,20260319,161500,659.36,659.6499,658.045,658.14,815656,0
SPY.US,5,20260319,162000,658.11,658.35,657.45,657.53,1007969,0
SPY.US,5,20260319,162500,657.54,658.01,657.21,657.718,792113,0
SPY.US,5,20260319,163000,657.72,657.83,656.78,656.81,772971,0
SPY.US,5,20260319,163500,656.79,657.17,656.36,656.89,981703,0
SPY.US,5,20260319,164000,656.86,657.28,656.49,656.5,783530,0
SPY.US,5,20260319,164500,656.51,657.247,656.18,656.97,748246,0
SPY.US,5,20260319,165000,656.9699,657.22,656.645,656.68,582952,0
SPY.US,5,20260319,165500,656.69,657.95,656.69,657.91,1375494,0
SPY.US,5,20260319,170000,657.925,658.93,657.43,658.37,981650,0
SPY.US,5,20260319,170500,658.37,659.04,658.15,658.5,681621,0
SPY.US,5,20260319,171000,658.53,658.56,657.615,657.815,840286,0
SPY.US,5,20260319,171500,657.83,658.08,657.34,657.55,498006,0
SPY.US,5,20260319,172000,657.56,657.88,657.12,657.54,644794,0
SPY.US,5,20260319,172500,657.53,658.14,657.42,657.92,681142,0
SPY.US,5,20260319,173000,657.94,658.17,657.48,657.83,531088,0
SPY.US,5,20260319,173500,657.84,658.09,657.27,658.01,631166,0
SPY.US,5,20260319,174000,658.02,658.71,657.86,658.19,677539,0
SPY.US,5,20260319,174500,658.2,658.32,657.49,657.62,532422,0
SPY.US,5,20260319,175000,657.62,657.69,656.61,657.04,588189,0
SPY.US,5,20260319,175500,657.04,657.31,656.77,657.168,557332,0
SPY.US,5,20260319,180000,657.16,657.355,656.53,656.55,420742,0
SPY.US,5,20260319,180500,656.5451,656.72,655.705,655.84,706611,0
SPY.US,5,20260319,181000,655.85,656.25,655.61,655.82,673423,0
SPY.US,5,20260319,181500,655.815,656.9001,655.68,656.89,729214,0
SPY.US,5,20260319,182000,656.88,657.55,656.57,657.23,607421,0
SPY.US,5,20260319,182500,657.24,657.51,656.95,657.12,560629,0
SPY.US,5,20260319,183000,657.1,657.49,656.67,656.77,545987,0
SPY.US,5,20260319,183500,656.75,656.87,656.29,656.3,364169,0
SPY.US,5,20260319,184000,656.29,656.72,656.16,656.54,402455,0
SPY.US,5,20260319,184500,656.555,656.85,656.34,656.725,263214,0
SPY.US,5,20260319,185000,656.72,657.88,656.67,657.72,572969,0
SPY.US,5,20260319,185500,657.73,657.735,657.1599,657.24,421361,0
SPY.US,5,20260319,190000,657.23,657.29,656.63,656.72,717019,0
SPY.US,5,20260319,190500,656.725,657.47,656.65,657.24,870703,0
SPY.US,5,20260319,191000,657.27,658.62,657.265,658.35,940925,0
SPY.US,5,20260319,191500,658.36,658.53,657.73,658.18,630533,0
SPY.US,5,20260319,192000,658.19,658.3,657.69,657.825,480662,0
SPY.US,5,20260319,192500,657.82,657.945,657.1699,657.18,492249,0
SPY.US,5,20260319,193000,657.17,657.32,656.82,657.185,571977,0
SPY.US,5,20260319,193500,657.19,657.38,656.58,656.81,543400,0
SPY.US,5,20260319,194000,656.8,656.89,656.32,656.48,634252,0
SPY.US,5,20260319,194500,656.49,656.84,656.375,656.66,551374,0
SPY.US,5,20260319,195000,656.65,657.0401,656.33,657,505639,0
SPY.US,5,20260319,195500,657.02,658.81,656.88,658.45,1725576,0
SPY.US,5,20260319,200000,658.45,660.73,658.39,660.404,3014891,0
SPY.US,5,20260319,200500,660.4,662.98,660.36,662.02,3775188,0
SPY.US,5,20260319,201000,662,662.66,660.67,661.79,2111923,0
SPY.US,5,20260319,201500,661.79,662.3,661.17,661.879,1627511,0
SPY.US,5,20260319,202000,661.85,661.92,660.46,660.63,1286998,0
SPY.US,5,20260319,202500,660.62,660.69,659.66,660.26,1582178,0
SPY.US,5,20260319,203000,660.25,660.74,659.75,659.94,1153815,0
SPY.US,5,20260319,203500,659.93,660.39,658.97,660.34,1390039,0
SPY.US,5,20260319,204000,660.33,660.63,659.94,660.26,1429704,0
SPY.US,5,20260319,204500,660.27,660.49,659.81,660.01,1647176,0
SPY.US,5,20260319,205000,659.99,660.2,659.53,659.75,1541547,0
SPY.US,5,20260319,205500,659.74,660.25,659.59,659.82,3138136,0
SPY.US,5,20260320,143000,656.51,656.55,654.86,655.06,1665446,0
SPY.US,5,20260320,143500,655,655.5,654.65,654.835,1367277,0
SPY.US,5,20260320,144000,654.83,656.32,654.71,656.26,1322155,0
SPY.US,5,20260320,144500,656.26,656.69,655.33,655.56,1014669,0
SPY.US,5,20260320,145000,655.55,655.58,653.94,654.5,1516539,0
SPY.US,5,20260320,145500,654.5,654.6875,653,653.165,1514890,0
SPY.US,5,20260320,150000,653.16,653.63,652.48,653.09,1746817,0
SPY.US,5,20260320,150500,653.08,653.8111,652.56,652.91,917793,0
SPY.US,5,20260320,151000,652.92,653.33,651.48,651.79,1219963,0
SPY.US,5,20260320,151500,651.77,652.55,651.64,652.18,889859,0
SPY.US,5,20260320,152000,652.16,652.45,651.6,652.07,837502,0
SPY.US,5,20260320,152500,652.06,652.32,651.63,651.89,815982,0
SPY.US,5,20260320,153000,651.86,653.225,651.85,653.18,812578,0
SPY.US,5,20260320,153500,653.18,653.5,651.98,652.54,1064205,0
SPY.US,5,20260320,154000,652.52,652.86,652.25,652.38,574955,0
SPY.US,5,20260320,154500,652.37,652.925,652.23,652.755,478399,0
SPY.US,5,20260320,155000,652.75,652.85,651.2,651.29,969209,0
SPY.US,5,20260320,155500,651.31,652.7,651.29,652.12,933571,0
SPY.US,5,20260320,160000,652.11,653.09,651.7099,652.02,1013266,0
SPY.US,5,20260320,160500,652.05,652.57,651.68,652.24,523704,0
SPY.US,5,20260320,161000,652.25,653.2599,652.16,653.12,666431,0
SPY.US,5,20260320,161500,653.12,653.19,652.09,652.146,555056,0
SPY.US,5,20260320,162000,652.12,654.1545,651.87,652.68,908806,0
SPY.US,5,20260320,162500,652.68,652.68,651.5,651.92,893935,0
SPY.US,5,20260320,163000,651.94,652.7302,651.73,652.58,566210,0
SPY.US,5,20260320,163500,652.56,652.85,651.98,652.29,469333,0
SPY.US,5,20260320,164000,652.3,652.85,652.03,652.6,396748,0
SPY.US,5,20260320,164500,652.6199,652.75,652.02,652.48,484799,0
SPY.US,5,20260320,165000,652.49,652.96,652.05,652.9301,472661,0
SPY.US,5,20260320,165500,652.93,653.26,652.55,652.945,572183,0
SPY.US,5,20260320,170000,652.97,653.87,652.78,653.6884,659215,0
SPY.US,5,20260320,170500,653.68,653.68,652.86,653.17,871176,0
SPY.US,5,20260320,171000,653.18,653.65,653.11,653.35,437100,0
SPY.US,5,20260320,171500,653.35,653.83,652.83,653.78,576829,0
SPY.US,5,20260320,172000,653.79,653.99,653.49,653.6,486669,0
SPY.US,5,20260320,172500,653.59,653.6399,652.96,653.1,567432,0
SPY.US,5,20260320,173000,653.1,653.12,651.96,652.59,805067,0
SPY.US,5,20260320,173500,652.62,652.85,652.15,652.475,506229,0
SPY.US,5,20260320,174000,652.48,652.77,652.32,652.5,458921,0
SPY.US,5,20260320,174500,652.51,652.62,652.07,652.416,422379,0
SPY.US,5,20260320,175000,652.41,652.72,651.95,652.57,481449,0
SPY.US,5,20260320,175500,652.55,653.4,652.52,652.77,652161,0
SPY.US,5,20260320,180000,652.76,653.2,652.76,653.11,414851,0
SPY.US,5,20260320,180500,653.12,653.25,651.75,652.85,1240882,0
SPY.US,5,20260320,181000,652.87,653.12,652.24,652.32,499674,0
SPY.US,5,20260320,181500,652.35,652.59,652.07,652.2,422067,0
SPY.US,5,20260320,182000,652.2,652.73,652.11,652.36,482575,0
SPY.US,5,20260320,182500,652.37,652.48,651.98,652.15,383888,0
SPY.US,5,20260320,183000,652.16,652.37,651.32,651.48,658198,0
SPY.US,5,20260320,183500,651.49,651.79,650.68,651.45,924773,0
SPY.US,5,20260320,184000,651.45,651.73,650.96,651.14,639848,0
SPY.US,5,20260320,184500,651.135,651.25,650.55,650.82,776074,0
SPY.US,5,20260320,185000,650.81,651.51,650.67,651.33,736000,0
SPY.US,5,20260320,185500,651.342,651.69,651.21,651.4,637785,0
SPY.US,5,20260320,190000,651.41,651.695,650.78,650.81,1043940,0
SPY.US,5,20260320,190500,650.81,651.2,650.51,650.845,929532,0
SPY.US,5,20260320,191000,650.84,650.85,650.31,650.59,917617,0
SPY.US,5,20260320,191500,650.6,650.73,650.13,650.49,849556,0
SPY.US,5,20260320,192000,650.48,650.66,648.66,648.97,2716863,0
SPY.US,5,20260320,192500,648.975,649.85,648.97,649.435,1671176,0
SPY.US,5,20260320,193000,649.43,649.655,648.87,648.95,969063,0
SPY.US,5,20260320,193500,648.97,649.0931,648.16,648.35,1360938,0
SPY.US,5,20260320,194000,648.34,648.7,647.92,648.16,1337876,0
SPY.US,5,20260320,194500,648.16,648.43,647.74,647.95,1275434,0
SPY.US,5,20260320,195000,647.94,648.26,647.67,647.97,1350983,0
SPY.US,5,20260320,195500,647.96,648.2,647.64,648.075,1561357,0
SPY.US,5,20260320,200000,648.08,648.645,648.0575,648.17,1577430,0
SPY.US,5,20260320,200500,648.16,648.24,647.62,647.94,1278790,0
SPY.US,5,20260320,201000,647.94,647.97,647.305,647.76,1440049,0
SPY.US,5,20260320,201500,647.7572,648.04,647.57,648.02,974193,0
SPY.US,5,20260320,202000,648.025,648.025,646.78,646.92,1644120,0
SPY.US,5,20260320,202500,646.915,647.35,646.795,647.12,1841681,0
SPY.US,5,20260320,203000,647.13,647.4,646.07,646.18,2018349,0
SPY.US,5,20260320,203500,646.18,646.31,644.72,645.57,2880351,0
SPY.US,5,20260320,204000,645.58,647,645.44,646.92,2932688,0
SPY.US,5,20260320,204500,646.92,646.92,645.87,646.02,3243586,0
SPY.US,5,20260320,205000,646.02,647.91,645.81,647.8323,3376461,0
SPY.US,5,20260320,205500,647.83,648.53,647.75,648.53,6836734,0
