<TICKER>,<PER>,<DATE>,<TIME>,<OPEN>,<HIGH>,<LOW>,<CLOSE>,<VOL>,<OPENINT>
XLE.US,5,20251027,143000,43.8921,43.9454,43.7371,43.819,775327.6533592236,0
XLE.US,5,20251027,143500,43.8165,43.9156,43.7867,43.876,302989.09203927923,0
XLE.US,5,20251027,144000,43.8809,43.9156,43.8313,43.876,234127.0179168872,0
XLE.US,5,20251027,144500,43.8682,43.876,43.757,43.8611,197668.8459847772,0
XLE.US,5,20251027,145000,43.8661,43.8958,43.8016,43.8413,177395.48022601442,0
XLE.US,5,20251027,145500,43.8388,43.8512,43.7024,43.7024,343096.1067390344,0
XLE.US,5,20251027,150000,43.7024,43.7024,43.5739,43.5787,453362.15846864204,0
XLE.US,5,20251027,150500,43.5831,43.7421,43.5785,43.7322,247572.670702472,0
XLE.US,5,20251027,151000,43.7297,43.7322,43.6281,43.6702,289226.7624629148,0
XLE.US,5,20251027,151500,43.6727,43.6801,43.633,43.6479,239304.7842986148,0
XLE.US,5,20251027,152000,43.6504,43.7124,43.6479,43.6677,124564.91650563681,0
XLE.US,5,20251027,152500,43.6677,43.7347,43.6504,43.7322,91606.3256690848,0
XLE.US,5,20251027,153000,43.7322,43.7966,43.7322,43.7669,152926.6512518276,0
XLE.US,5,20251027,153500,43.7694,43.8214,43.7619,43.7991,220963.7520784944,0
XLE.US,5,20251027,154000,43.8016,43.8462,43.7966,43.8413,125863.89646272,0
XLE.US,5,20251027,154500,43.8413,43.8561,43.7966,43.8214,118927.26280991081,0
XLE.US,5,20251027,155000,43.8239,43.8537,43.819,43.8309,97516.2810638888,0
XLE.US,5,20251027,155500,43.8363,43.8561,43.819,43.8313,144378.3949504012,0
XLE.US,5,20251027,160000,43.8338,43.8363,43.7074,43.7619,247247.9257132012,0
XLE.US,5,20251027,160500,43.7619,43.7719,43.7272,43.7446,89288.73565248761,0
XLE.US,5,20251027,161000,43.7471,43.809,43.7421,43.7943,99376.0008161104,0
XLE.US,5,20251027,161500,43.7966,43.8165,43.7471,43.814,137812.8984281872,0
XLE.US,5,20251027,162000,43.8115,43.8264,43.7818,43.7991,105394.87689054561,0
XLE.US,5,20251027,162500,43.7966,43.8437,43.7768,43.8264,79566.5564705916,0
XLE.US,5,20251027,163000,43.8264,43.8661,43.8264,43.8586,142448.0784613816,0
XLE.US,5,20251027,163500,43.8661,43.8809,43.8462,43.8809,119056.35398577001,0
XLE.US,5,20251027,164000,43.8784,43.8809,43.8313,43.8413,127483.5873098284,0
XLE.US,5,20251027,164500,43.8413,43.8561,43.8289,43.8561,172691.7205056448,0
XLE.US,5,20251027,165000,43.8561,43.8611,43.8165,43.8586,111593.27038141001,0
XLE.US,5,20251027,165500,43.8611,43.8859,43.8586,43.8784,123215.51030798361,0
XLE.US,5,20251027,170000,43.876,43.8859,43.8537,43.8784,122977.49845249321,0
XLE.US,5,20251027,170500,43.876,43.8784,43.7942,43.8242,129391.71625299721,0
XLE.US,5,20251027,171000,43.8239,43.8313,43.8016,43.8041,133355.21876179922,0
XLE.US,5,20251027,171500,43.8016,43.8115,43.7768,43.8016,118667.06340856961,0
XLE.US,5,20251027,172000,43.7991,43.8338,43.7991,43.8313,71000.14672256,0
XLE.US,5,20251027,172500,43.8363,43.8363,43.7396,43.8214,1077634.9826259965,0
XLE.US,5,20251027,173000,43.8214,43.8611,43.8066,43.8239,138668.12746825442,0
XLE.US,5,20251027,173500,43.8214,43.8413,43.7991,43.8289,193517.75786105482,0
XLE.US,5,20251027,174000,43.8313,43.871,43.8313,43.871,127862.7926389148,0
XLE.US,5,20251027,174500,43.8685,43.8735,43.8437,43.8611,104559.81834670641,0
XLE.US,5,20251027,175000,43.8611,43.8611,43.7719,43.7942,153223.1575463792,0
XLE.US,5,20251027,175500,43.7917,43.7942,43.7545,43.7719,93472.0965701748,0
XLE.US,5,20251027,180000,43.7719,43.7793,43.7371,43.7471,121085.5059063068,0
XLE.US,5,20251027,180500,43.7471,43.7867,43.7445,43.757,88838.9335866032,0
XLE.US,5,20251027,181000,43.752,43.7669,43.7495,43.7545,94137.7229456988,0
XLE.US,5,20251027,181500,43.757,43.757,43.695,43.7074,82872.50080236081,0
XLE.US,5,20251027,182000,43.7024,43.7297,43.6904,43.7223,102322.9103150212,0
XLE.US,5,20251027,182500,43.7223,43.7223,43.6975,43.7074,92088.400528934,0
XLE.US,5,20251027,183000,43.7074,43.7124,43.6777,43.6925,94902.18475274001,0
XLE.US,5,20251027,183500,43.6925,43.6925,43.643,43.6553,231264.82450213403,0
XLE.US,5,20251027,184000,43.6553,43.6578,43.6256,43.6454,409495.36327198765,0
XLE.US,5,20251027,184500,43.6479,43.6876,43.6281,43.6306,88566.6318875252,0
XLE.US,5,20251027,185000,43.6306,43.643,43.6281,43.638,113388.444545702,0
XLE.US,5,20251027,185500,43.643,43.6752,43.643,43.6628,84482.10640135521,0
XLE.US,5,20251027,190000,43.6628,43.6677,43.6281,43.6578,114499.83888786481,0
XLE.US,5,20251027,190500,43.6628,43.6777,43.6479,43.6628,145858.90937353641,0
XLE.US,5,20251027,191000,43.6603,43.6851,43.6529,43.6777,93978.37602549761,0
XLE.US,5,20251027,191500,43.6777,43.695,43.6578,43.6603,161484.992801368,0
XLE.US,5,20251027,192000,43.6603,43.6801,43.6479,43.6677,109640.7663465396,0
XLE.US,5,20251027,192500,43.6677,43.6975,43.6529,43.6975,82356.136098924,0
XLE.US,5,20251027,193000,43.7024,43.7421,43.7024,43.7371,146560.8426422708,0
XLE.US,5,20251027,193500,43.7347,43.7446,43.7223,43.7371,246392.69667313402,0
XLE.US,5,20251027,194000,43.7371,43.7619,43.7322,43.7562,268638.7369629952,0
XLE.US,5,20251027,194500,43.752,43.7669,43.7421,43.7421,327026.2723941868,0
XLE.US,5,20251027,195000,43.7446,43.7619,43.7371,43.752,326427.2086562152,0
XLE.US,5,20251027,195500,43.7495,43.7619,43.7173,43.7248,157614.2745752148,0
XLE.US,5,20251027,200000,43.7272,43.7595,43.7272,43.757,101794.4433138476,0
XLE.US,5,20251027,200500,43.757,43.7619,43.7371,43.7495,70633.0436912104,0
XLE.US,5,20251027,201000,43.7495,43.7669,43.7421,43.7644,81022.86629825321,0
XLE.US,5,20251027,201500,43.7669,43.7669,43.7272,43.7371,77577.7455425108,0
XLE.US,5,20251027,202000,43.7371,43.752,43.7286,43.7446,187454.506694918,0
XLE.US,5,20251027,202500,43.7421,43.7595,43.7272,43.752,95771.53314016681,0
XLE.US,5,20251027,203000,43.752,43.7619,43.7347,43.7347,286580.3933578012,0
XLE.US,5,20251027,203500,43.734,43.7719,43.7322,43.7595,170093.7605914784,0
XLE.US,5,20251027,204000,43.7595,43.7644,43.7223,43.7421,282741.9479256128,0
XLE.US,5,20251027,204500,43.7421,43.8016,43.7272,43.7966,343543.89175529603,0
XLE.US,5,20251027,205000,43.7917,43.809,43.7619,43.7917,398272.49917072844,0
XLE.US,5,20251027,205500,43.7917,43.8214,43.7644,43.7669,1697575.1841935765,0
XLE.US,5,20251028,143000,43.5934,43.6925,43.4843,43.5841,445808.307631256,0
XLE.US,5,20251028,143500,43.5835,43.6677,43.5512,43.5983,287106.843309352,0
XLE.US,5,20251028,144000,43.5934,43.6033,43.4868,43.5091,231149.85267363442,0
XLE.US,5,20251028,144500,43.5041,43.5141,43.4248,43.4273,229574.53691822762,0
XLE.US,5,20251028,145000,43.4248,43.5141,43.3901,43.4347,160470.41684109962,0
XLE.US,5,20251028,145500,43.4347,43.5091,43.4298,43.4372,224374.5829906492,0
XLE.US,5,20251028,150000,43.4298,43.5413,43.405,43.5364,276236.9628920828,0
XLE.US,5,20251028,150500,43.5339,43.5388,43.4471,43.5041,427915.0604273972,0
XLE.US,5,20251028,151000,43.4992,43.5314,43.4744,43.5041,287570.76472259604,0
XLE.US,5,20251028,151500,43.5041,43.5562,43.5041,43.5488,158120.5540305376,0
XLE.US,5,20251028,152000,43.5537,43.6256,43.5438,43.6256,246880.82268185163,0
XLE.US,5,20251028,152500,43.6281,43.6677,43.6107,43.6677,206586.222367176,0
XLE.US,5,20251028,153000,43.6677,43.7223,43.6653,43.7,191696.36205166642,0
XLE.US,5,20251028,153500,43.7024,43.7421,43.6925,43.7148,93841.2166511472,0
XLE.US,5,20251028,154000,43.7124,43.7148,43.6529,43.6777,243540.58850649482,0
XLE.US,5,20251028,154500,43.6727,43.6901,43.6206,43.6231,170347.9088439512,0
XLE.US,5,20251028,155000,43.6231,43.6479,43.5959,43.6082,286538.0353157224,0
XLE.US,5,20251028,155500,43.6033,43.6033,43.4992,43.5388,230863.4316271968,0
XLE.US,5,20251028,160000,43.5339,43.5735,43.5252,43.5537,110491.9612873612,0
XLE.US,5,20251028,160500,43.5562,43.5735,43.5314,43.5314,100366.37218090521,0
XLE.US,5,20251028,161000,43.5314,43.5537,43.4967,43.5041,142579.1866868636,0
XLE.US,5,20251028,161500,43.5017,43.5224,43.4694,43.4744,89536.832756092,0
XLE.US,5,20251028,162000,43.477,43.4818,43.4446,43.4546,80028.4608342128,0
XLE.US,5,20251028,162500,43.4546,43.4645,43.4322,43.4546,72878.0199213868,0
XLE.US,5,20251028,163000,43.4546,43.4694,43.405,43.405,184289.75583674482,0
XLE.US,5,20251028,163500,43.405,43.4471,43.405,43.4199,171650.92290028,0
XLE.US,5,20251028,164000,43.4149,43.4347,43.3827,43.3876,167673.30104411842,0
XLE.US,5,20251028,164500,43.3901,43.4075,43.3802,43.3901,472251.828186164,0
XLE.US,5,20251028,165000,43.3901,43.4595,43.3851,43.4397,72408.04735927441,0
XLE.US,5,20251028,165500,43.4397,43.4397,43.4025,43.4298,117799.7320707656,0
XLE.US,5,20251028,170000,43.4248,43.4521,43.4171,43.4471,129688.22254754881,0
XLE.US,5,20251028,170500,43.4496,43.4524,43.4149,43.4347,109999.80117939801,0
XLE.US,5,20251028,171000,43.4347,43.5017,43.4273,43.4942,169555.2083421908,0
XLE.US,5,20251028,171500,43.4942,43.5066,43.457,43.4769,118539.9892823332,0
XLE.US,5,20251028,172000,43.4769,43.4868,43.4595,43.4793,61554.3033389876,0
XLE.US,5,20251028,172500,43.4769,43.4818,43.4397,43.4496,151770.8818179632,0
XLE.US,5,20251028,173000,43.4496,43.5364,43.4397,43.4843,342848.00963543,0
XLE.US,5,20251028,173500,43.4818,43.4942,43.4645,43.4645,138643.9228727808,0
XLE.US,5,20251028,174000,43.4645,43.4694,43.4446,43.4645,121027.01146724561,0
XLE.US,5,20251028,174500,43.462,43.4967,43.457,43.4595,114023.815176884,0
XLE.US,5,20251028,175000,43.4595,43.5026,43.4521,43.4943,68359.82876631481,0
XLE.US,5,20251028,175500,43.4942,43.5314,43.4843,43.524,83106.47855860561,0
XLE.US,5,20251028,180000,43.5215,43.5537,43.5165,43.5438,264572.36492343043,0
XLE.US,5,20251028,180500,43.5467,43.5537,43.5165,43.519,114939.55570563521,0
XLE.US,5,20251028,181000,43.519,43.524,43.4397,43.4418,221340.94035795802,0
XLE.US,5,20251028,181500,43.4446,43.4843,43.4446,43.4793,110292.273374704,0
XLE.US,5,20251028,182000,43.4793,43.5116,43.4793,43.4967,59176.2018337064,0
XLE.US,5,20251028,182500,43.4942,43.519,43.4868,43.5091,95751.3626439388,0
XLE.US,5,20251028,183000,43.5116,43.5116,43.4769,43.4992,69426.848016776,0
XLE.US,5,20251028,183500,43.4942,43.5017,43.4744,43.4769,121166.18789121881,0
XLE.US,5,20251028,184000,43.4744,43.4793,43.4347,43.4694,104951.1259735296,0
XLE.US,5,20251028,184500,43.4645,43.4645,43.4273,43.4546,116769.0197135148,0
XLE.US,5,20251028,185000,43.4521,43.4744,43.4446,43.457,110284.20517621281,0
XLE.US,5,20251028,185500,43.4595,43.4843,43.4595,43.4818,97385.17283840681,0
XLE.US,5,20251028,190000,43.4843,43.5041,43.457,43.4645,99993.21800068721,0
XLE.US,5,20251028,190500,43.4744,43.4744,43.4199,43.4322,128716.0046293592,0
XLE.US,5,20251028,191000,43.4316,43.4347,43.4,43.4248,146004.136946378,0
XLE.US,5,20251028,191500,43.4248,43.4446,43.4149,43.4446,108545.5084013592,0
XLE.US,5,20251028,192000,43.4446,43.4546,43.4298,43.4397,124748.46802131161,0
XLE.US,5,20251028,192500,43.4347,43.4397,43.4199,43.4273,187664.2798556892,0
XLE.US,5,20251028,193000,43.4248,43.4327,43.3975,43.4149,133926.0438050516,0
XLE.US,5,20251028,193500,43.4174,43.4223,43.4,43.405,34600.4692295112,0
XLE.US,5,20251028,194000,43.4099,43.4248,43.4,43.4223,70711.7086264996,0
XLE.US,5,20251028,194500,43.4223,43.4223,43.3926,43.405,94377.75185081201,0
XLE.US,5,20251028,195000,43.405,43.4149,43.3851,43.3975,119118.8825240768,0
XLE.US,5,20251028,195500,43.3951,43.4,43.3703,43.3728,142228.2200524964,0
XLE.US,5,20251028,200000,43.3728,43.3951,43.3504,43.3951,195567.08027781962,0
XLE.US,5,20251028,200500,43.3951,43.405,43.3777,43.3994,97241.96231518801,0
XLE.US,5,20251028,201000,43.4,43.4099,43.3703,43.3827,160292.91647429322,0
XLE.US,5,20251028,201500,43.3851,43.3933,43.3777,43.3876,172483.9643944964,0
XLE.US,5,20251028,202000,43.3897,43.3897,43.3579,43.3628,138619.7182773072,0
XLE.US,5,20251028,202500,43.3628,43.3728,43.3504,43.3678,434407.94316319044,0
XLE.US,5,20251028,203000,43.3653,43.3678,43.3356,43.3356,336494.30332361005,0
XLE.US,5,20251028,203500,43.3381,43.3538,43.3281,43.3331,465664.14411809924,0
XLE.US,5,20251028,204000,43.3331,43.3579,43.3257,43.348,479688.69014542765,0
XLE.US,5,20251028,204500,43.348,43.3604,43.3157,43.3232,575966.5027409173,0
XLE.US,5,20251028,205000,43.3207,43.3554,43.286,43.3504,932576.8419527117,0
XLE.US,5,20251028,205500,43.3504,43.3703,43.3009,43.3108,4006542.3136533066,0
XLE.US,5,20251029,143000,43.3579,43.4793,43.2711,43.4199,894521.1667193441,0
XLE.US,5,20251029,143500,43.4199,43.5735,43.4199,43.4446,587518.1459306928,0
XLE.US,5,20251029,144000,43.4446,43.5289,43.3653,43.5289,221831.0834162984,0
XLE.US,5,20251029,144500,43.5289,43.5463,43.4149,43.4298,353606.95232344524,0
XLE.US,5,20251029,145000,43.4347,43.5066,43.4149,43.4769,188208.8832538452,0
XLE.US,5,20251029,145500,43.4769,43.4769,43.4076,43.4347,216005.844105652,0
XLE.US,5,20251029,150000,43.4372,43.5264,43.4223,43.5215,293026.88395227003,0
XLE.US,5,20251029,150500,43.519,43.5785,43.5017,43.5686,257668.004064586,0
XLE.US,5,20251029,151000,43.5686,43.5686,43.4992,43.524,191486.58889089522,0
XLE.US,5,20251029,151500,43.5215,43.5388,43.4818,43.5041,119617.09378090841,0
XLE.US,5,20251029,152000,43.5017,43.5785,43.4992,43.5289,127427.10992039001,0
XLE.US,5,20251029,152500,43.524,43.5388,43.4997,43.5364,197991.5739244252,0
XLE.US,5,20251029,153000,43.5388,43.6677,43.5388,43.6033,340189.5382325796,0
XLE.US,5,20251029,153500,43.6033,43.6529,43.5884,43.6529,124312.78530278681,0
XLE.US,5,20251029,154000,43.6479,43.6628,43.6182,43.633,132863.058653836,0
XLE.US,5,20251029,154500,43.638,43.695,43.6281,43.6677,102718.25204109,0
XLE.US,5,20251029,155000,43.6727,43.7024,43.6578,43.6826,115096.88557621361,0
XLE.US,5,20251029,155500,43.6876,43.7322,43.6727,43.7248,280063.3060265344,0
XLE.US,5,20251029,160000,43.7272,43.7471,43.6479,43.6504,248577.1614146264,0
XLE.US,5,20251029,160500,43.6529,43.6826,43.6529,43.6752,216415.3051790804,0
XLE.US,5,20251029,161000,43.6826,43.7,43.6504,43.6529,157358.10927311922,0
XLE.US,5,20251029,161500,43.6529,43.6777,43.6414,43.6727,146457.973111508,0
XLE.US,5,20251029,162000,43.6727,43.6826,43.6256,43.6765,201733.20097471922,0
XLE.US,5,20251029,162500,43.6801,43.6851,43.633,43.638,286905.138347072,0
XLE.US,5,20251029,163000,43.633,43.6479,43.6206,43.6405,261750.51250113323,0
XLE.US,5,20251029,163500,43.638,43.6727,43.638,43.6727,108039.22894603641,0
XLE.US,5,20251029,164000,43.6752,43.7148,43.6603,43.7148,146835.1613909716,0
XLE.US,5,20251029,164500,43.7173,43.7421,43.7074,43.7187,104969.2794201348,0
XLE.US,5,20251029,165000,43.7173,43.7371,43.7124,43.7223,99267.0801364792,0
XLE.US,5,20251029,165500,43.7272,43.7272,43.6479,43.6925,260046.1055698672,0
XLE.US,5,20251029,170000,43.6925,43.7371,43.6578,43.7272,251401.03088654642,0
XLE.US,5,20251029,170500,43.7322,43.7719,43.7272,43.7694,215041.69438595363,0
XLE.US,5,20251029,171000,43.7694,43.7818,43.7446,43.7471,76633.7663190404,0
XLE.US,5,20251029,171500,43.7471,43.7966,43.7371,43.7818,92150.92906724081,0
XLE.US,5,20251029,172000,43.7867,43.7867,43.7446,43.752,65810.2780430956,0
XLE.US,5,20251029,172500,43.7498,43.7498,43.7124,43.7223,67472.3269322828,0
XLE.US,5,20251029,173000,43.7272,43.7818,43.7272,43.7719,96277.81259548961,0
XLE.US,5,20251029,173500,43.7719,43.7966,43.7495,43.7818,101203.4477743672,0
XLE.US,5,20251029,174000,43.7818,43.7845,43.757,43.7669,93226.01651619321,0
XLE.US,5,20251029,174500,43.7694,43.7942,43.7619,43.7917,110116.79005752041,0
XLE.US,5,20251029,175000,43.7917,43.7942,43.7644,43.7719,93921.89863605921,0
XLE.US,5,20251029,175500,43.7694,43.7719,43.7272,43.7371,114937.5386560124,0
XLE.US,5,20251029,180000,43.7371,43.7371,43.6925,43.7049,80153.5179108264,0
XLE.US,5,20251029,180500,43.7074,43.7297,43.6876,43.7223,74489.642570004,0
XLE.US,5,20251029,181000,43.7272,43.7768,43.7148,43.7768,77196.5231638016,0
XLE.US,5,20251029,181500,43.7739,43.7867,43.7719,43.7768,87796.11893161561,0
XLE.US,5,20251029,182000,43.7793,43.7892,43.7669,43.7669,104245.1586055496,0
XLE.US,5,20251029,182500,43.7669,43.7867,43.7595,43.7719,97092.7006431008,0
XLE.US,5,20251029,183000,43.7719,43.7818,43.7595,43.7768,84058.52598056721,0
XLE.US,5,20251029,183500,43.7768,43.8115,43.7694,43.8066,89770.8105123368,0
XLE.US,5,20251029,184000,43.8041,43.8115,43.752,43.752,173415.84132023,0
XLE.US,5,20251029,184500,43.752,43.7867,43.752,43.7842,104390.3861783912,0
XLE.US,5,20251029,185000,43.7818,43.7917,43.7619,43.7867,108355.905736816,0
XLE.US,5,20251029,185500,43.7867,43.7867,43.7446,43.7619,167996.02898376642,0
XLE.US,5,20251029,190000,43.752,43.8115,43.7223,43.752,210339.95171520681,0
XLE.US,5,20251029,190500,43.7495,43.809,43.7322,43.8016,194504.09512660402,0
XLE.US,5,20251029,191000,43.8016,43.8041,43.7322,43.7322,219275.4815442108,0
XLE.US,5,20251029,191500,43.7322,43.7719,43.7148,43.7619,275892.047406584,0
XLE.US,5,20251029,192000,43.757,43.757,43.7,43.7124,210418.616650496,0
XLE.US,5,20251029,192500,43.7099,43.7396,43.6975,43.7347,156694.49994721802,0
XLE.US,5,20251029,193000,43.7371,43.8165,43.7322,43.8041,167994.0119341436,0
XLE.US,5,20251029,193500,43.8041,43.8041,43.5785,43.6082,430722.7935023348,0
XLE.US,5,20251029,194000,43.6033,43.6975,43.5587,43.638,383882.8671616732,0
XLE.US,5,20251029,194500,43.638,43.7124,43.5983,43.6529,266714.471622844,0
XLE.US,5,20251029,195000,43.6529,43.757,43.6499,43.7396,334513.5605940204,0
XLE.US,5,20251029,195500,43.7371,43.809,43.7272,43.8016,293036.969200384,0
XLE.US,5,20251029,200000,43.8115,43.8561,43.7421,43.7595,279310.94651723,0
XLE.US,5,20251029,200500,43.757,43.8512,43.7545,43.7619,204379.5700798328,0
XLE.US,5,20251029,201000,43.7595,43.8016,43.7148,43.7272,145624.93161729162,0
XLE.US,5,20251029,201500,43.7322,43.7371,43.6702,43.7074,101116.71464058681,0
XLE.US,5,20251029,202000,43.7074,43.7198,43.6157,43.6206,162067.9201423572,0
XLE.US,5,20251029,202500,43.6182,43.7099,43.6058,43.6082,373345.799932166,0
XLE.US,5,20251029,203000,43.6082,43.6206,43.5413,43.5537,389492.28216268,0
XLE.US,5,20251029,203500,43.5537,43.5537,43.4716,43.5259,347263.33125973924,0
XLE.US,5,20251029,204000,43.5264,43.5934,43.5165,43.5909,364888.3108637656,0
XLE.US,5,20251029,204500,43.5909,43.6777,43.5785,43.6231,425662.0159987296,0
XLE.US,5,20251029,205000,43.6281,43.6407,43.5661,43.5909,1023674.8711168509,0
XLE.US,5,20251029,205500,43.5909,43.6479,43.5785,43.6479,2476755.4023323483,0
XLE.US,5,20251030,143000,43.6033,43.638,43.4694,43.5289,783704.4604427121,0
XLE.US,5,20251030,143500,43.5339,43.5339,43.3653,43.4025,439020.935650534,0
XLE.US,5,20251030,144000,43.4,43.5116,43.3133,43.5091,330186.98915311444,0
XLE.US,5,20251030,144500,43.4942,43.5909,43.4694,43.5438,251021.82555746002,0
XLE.US,5,20251030,145000,43.5413,43.6182,43.519,43.5537,179162.4156955872,0
XLE.US,5,20251030,145500,43.5488,43.5537,43.4595,43.5364,254345.9233358344,0
XLE.US,5,20251030,150000,43.5289,43.5438,43.4149,43.4322,350694.332668122,0
XLE.US,5,20251030,150500,43.4298,43.524,43.4248,43.524,146455.9560618852,0
XLE.US,5,20251030,151000,43.5264,43.5785,43.5141,43.5488,189572.408798858,0
XLE.US,5,20251030,151500,43.5537,43.5884,43.5091,43.5463,149316.1324270156,0
XLE.US,5,20251030,152000,43.5388,43.6132,43.5215,43.6082,140156.7100898808,0
XLE.US,5,20251030,152500,43.6033,43.6677,43.6008,43.633,117142.1738937328,0
XLE.US,5,20251030,153000,43.633,43.6925,43.6182,43.6777,174468.7412233316,0
XLE.US,5,20251030,153500,43.6801,43.752,43.6603,43.7148,126051.48207764041,0
XLE.US,5,20251030,154000,43.7173,43.7669,43.7171,43.7223,207060.229028534,0
XLE.US,5,20251030,154500,43.7272,43.7818,43.7,43.7446,157430.72305954,0
XLE.US,5,20251030,155000,43.7471,43.757,43.7,43.7396,160547.064726766,0
XLE.US,5,20251030,155500,43.7396,43.7942,43.7223,43.7793,114760.038289206,0
XLE.US,5,20251030,160000,43.7818,43.8561,43.7818,43.8388,417311.4305603376,0
XLE.US,5,20251030,160500,43.8413,43.8859,43.8289,43.8561,194784.4650241732,0
XLE.US,5,20251030,161000,43.8561,43.871,43.8313,43.8661,116040.864799684,0
XLE.US,5,20251030,161500,43.8611,43.8933,43.8313,43.8636,128760.3797210608,0
XLE.US,5,20251030,162000,43.8661,43.871,43.8115,43.8363,184255.4659931572,0
XLE.US,5,20251030,162500,43.8313,43.8363,43.8115,43.8165,129300.9490199712,0
XLE.US,5,20251030,163000,43.814,43.8413,43.7991,43.8264,160740.7014905548,0
XLE.US,5,20251030,163500,43.8264,43.8264,43.7768,43.8115,173474.33575929122,0
XLE.US,5,20251030,164000,43.8115,43.8437,43.7719,43.8437,300005.875647158,0
XLE.US,5,20251030,164500,43.8418,43.8512,43.8016,43.8437,99601.91037386401,0
XLE.US,5,20251030,165000,43.8462,43.8685,43.8264,43.8363,155510.49181863441,0
XLE.US,5,20251030,165500,43.8338,43.8636,43.7719,43.7719,83106.47855860561,0
XLE.US,5,20251030,170000,43.7747,43.809,43.7669,43.809,112995.119869256,0
XLE.US,5,20251030,170500,43.8066,43.8561,43.7942,43.8537,120272.6349083184,0
XLE.US,5,20251030,171000,43.8561,43.9206,43.8561,43.8933,352299.9041678708,0
XLE.US,5,20251030,171500,43.8908,43.9057,43.8781,43.8958,202784.08382819803,0
XLE.US,5,20251030,172000,43.9008,43.9008,43.8462,43.876,119768.37250261841,0
XLE.US,5,20251030,172500,43.876,43.8958,43.8611,43.8958,111708.2422099096,0
XLE.US,5,20251030,173000,43.8958,43.8958,43.8338,43.8388,117979.2494871948,0
XLE.US,5,20251030,173500,43.8363,43.876,43.8313,43.8735,118917.17756179681,0
XLE.US,5,20251030,174000,43.876,43.8884,43.8462,43.8462,109309.97020840041,0
XLE.US,5,20251030,174500,43.8437,43.8685,43.8437,43.8661,53966.162658014,0
XLE.US,5,20251030,175000,43.8661,43.9354,43.8561,43.9181,121696.67194201521,0
XLE.US,5,20251030,175500,43.9206,43.933,43.9008,43.9082,55144.1196377292,0
XLE.US,5,20251030,180000,43.9057,43.9057,43.8636,43.876,80893.775122394,0
XLE.US,5,20251030,180500,43.876,43.8908,43.8487,43.8661,93310.7326003508,0
XLE.US,5,20251030,181000,43.8611,43.8636,43.8338,43.8437,177185.70706524322,0
XLE.US,5,20251030,181500,43.8462,43.8561,43.8239,43.8561,67678.0659938084,0
XLE.US,5,20251030,182000,43.8537,43.8611,43.8313,43.8512,69564.0073911264,0
XLE.US,5,20251030,182500,43.8462,43.8636,43.8437,43.8462,82602.2161529056,0
XLE.US,5,20251030,183000,43.8462,43.8809,43.8388,43.8784,69737.4736586872,0
XLE.US,5,20251030,183500,43.876,43.876,43.8338,43.8636,90728.9090831668,0
XLE.US,5,20251030,184000,43.8636,43.8859,43.8537,43.8859,103085.3550724396,0
XLE.US,5,20251030,184500,43.8908,43.9008,43.876,43.8983,92673.344919546,0
XLE.US,5,20251030,185000,43.8983,43.9032,43.8661,43.8685,125046.99136548601,0
XLE.US,5,20251030,185500,43.8661,43.8661,43.8165,43.8214,57088.555474108405,0
XLE.US,5,20251030,190000,43.8214,43.8289,43.7892,43.7917,177736.36161226762,0
XLE.US,5,20251030,190500,43.7892,43.8264,43.7719,43.8115,103323.36692793001,0
XLE.US,5,20251030,191000,43.8087,43.8338,43.7818,43.7883,85198.1590174492,0
XLE.US,5,20251030,191500,43.7889,43.8041,43.7627,43.7988,79740.0227381524,0
XLE.US,5,20251030,192000,43.8016,43.8066,43.7173,43.7371,427904.97517928324,0
XLE.US,5,20251030,192500,43.7371,43.7867,43.7322,43.7421,200621.8066325564,0
XLE.US,5,20251030,193000,43.7371,43.7548,43.7173,43.7198,105685.3320362288,0
XLE.US,5,20251030,193500,43.7173,43.7198,43.6699,43.6699,95442.75405165041,0
XLE.US,5,20251030,194000,43.6677,43.6901,43.6479,43.6727,89944.2767798976,0
XLE.US,5,20251030,194500,43.6752,43.7049,43.6677,43.6727,142361.34532760122,0
XLE.US,5,20251030,195000,43.6727,43.6752,43.6479,43.6677,117382.202798846,0
XLE.US,5,20251030,195500,43.6653,43.6705,43.638,43.6405,109473.3512278472,0
XLE.US,5,20251030,200000,43.638,43.6529,43.6306,43.6355,278247.96136601444,0
XLE.US,5,20251030,200500,43.6355,43.643,43.6206,43.6355,292157.5355648432,0
XLE.US,5,20251030,201000,43.6355,43.6702,43.6231,43.6281,173393.6537743792,0
XLE.US,5,20251030,201500,43.6309,43.6479,43.6281,43.638,168631.3996149484,0
XLE.US,5,20251030,202000,43.638,43.638,43.5558,43.6132,177831.16294453922,0
XLE.US,5,20251030,202500,43.6182,43.6306,43.5785,43.581,121228.71642952561,0
XLE.US,5,20251030,203000,43.5785,43.6008,43.5488,43.5498,171556.1215680084,0
XLE.US,5,20251030,203500,43.5512,43.5537,43.4818,43.4925,174448.57072710362,0
XLE.US,5,20251030,204000,43.4917,43.5264,43.4843,43.5116,227027.00324463123,0
XLE.US,5,20251030,204500,43.5141,43.5314,43.4694,43.4694,379852.8020153188,0
XLE.US,5,20251030,205000,43.4694,43.4893,43.4248,43.4694,816158.788873564,0
XLE.US,5,20251030,205500,43.467,43.4694,43.3455,43.3802,1686130.4446338094,0
XLE.US,5,20251031,143000,43.4099,43.643,43.3356,43.3356,818740.612390748,0
XLE.US,5,20251031,143500,43.3356,43.7124,43.291,43.6826,773595.0077332384,0
XLE.US,5,20251031,144000,43.6826,43.6925,43.4868,43.5587,354897.86408203724,0
XLE.US,5,20251031,144500,43.5735,43.6925,43.5041,43.6925,504734.3953117352,0
XLE.US,5,20251031,145000,43.7,43.7743,43.6777,43.7545,279141.5143489148,0
XLE.US,5,20251031,145500,43.757,43.8636,43.6876,43.8611,427352.303582636,0
XLE.US,5,20251031,150000,43.8589,43.9008,43.7768,43.7991,615889.9659249976,0
XLE.US,5,20251031,150500,43.7942,43.8264,43.7024,43.7966,508718.06831676525,0
XLE.US,5,20251031,151000,43.7942,43.7966,43.6107,43.695,362062.4243422228,0
XLE.US,5,20251031,151500,43.6975,43.8016,43.6727,43.6925,135368.2342853536,0
XLE.US,5,20251031,152000,43.6826,43.6826,43.5388,43.6231,251150.9167333192,0
XLE.US,5,20251031,152500,43.6231,43.6355,43.524,43.5537,239514.557459386,0
XLE.US,5,20251031,153000,43.5512,43.6206,43.5413,43.5983,276289.4061822756,0
XLE.US,5,20251031,153500,43.5884,43.643,43.5438,43.5438,214844.02352291922,0
XLE.US,5,20251031,154000,43.5413,43.6553,43.5091,43.6206,334332.0261279684,0
XLE.US,5,20251031,154500,43.6231,43.7347,43.6231,43.7196,220439.3191765664,0
XLE.US,5,20251031,155000,43.7198,43.7942,43.7024,43.7371,139138.1000303668,0
XLE.US,5,20251031,155500,43.7272,43.7719,43.6777,43.6975,101917.4833408384,0
XLE.US,5,20251031,160000,43.695,43.7421,43.643,43.6801,128120.9749906332,0
XLE.US,5,20251031,160500,43.6801,43.7004,43.6603,43.6876,82432.78398459041,0
XLE.US,5,20251031,161000,43.6826,43.7471,43.6826,43.7198,141707.821249814,0
XLE.US,5,20251031,161500,43.7223,43.7917,43.7074,43.7917,128003.9861125108,0
XLE.US,5,20251031,162000,43.7867,43.7966,43.7272,43.7421,141316.5136229908,0
XLE.US,5,20251031,162500,43.7446,43.7446,43.6603,43.7024,98288.81106942121,0
XLE.US,5,20251031,163000,43.7049,43.7471,43.7049,43.7347,92477.6911061344,0
XLE.US,5,20251031,163500,43.7347,43.7347,43.6727,43.6777,91870.5591696716,0
XLE.US,5,20251031,164000,43.6777,43.7049,43.643,43.7024,179345.967211262,0
XLE.US,5,20251031,164500,43.7024,43.7074,43.405,43.4868,1405817.0244540477,0
XLE.US,5,20251031,165000,43.4843,43.4992,43.405,43.4992,261332.98322921363,0
XLE.US,5,20251031,165500,43.4992,43.5488,43.4818,43.5364,217811.10351805802,0
XLE.US,5,20251031,170000,43.5388,43.5661,43.4496,43.5041,129345.3241116728,0
XLE.US,5,20251031,170500,43.5041,43.5091,43.4496,43.4645,85660.0633810704,0
XLE.US,5,20251031,171000,43.4645,43.4992,43.4546,43.4967,96796.19434854921,0
XLE.US,5,20251031,171500,43.4893,43.4942,43.4471,43.4744,115546.68764209801,0
XLE.US,5,20251031,172000,43.4744,43.5165,43.4595,43.5066,148823.9723190524,0
XLE.US,5,20251031,172500,43.5091,43.5364,43.4744,43.5091,121099.62525366641,0
XLE.US,5,20251031,173000,43.5091,43.5785,43.5091,43.5438,140473.3868806604,0
XLE.US,5,20251031,173500,43.5388,43.5438,43.4967,43.524,85418.01742633441,0
XLE.US,5,20251031,174000,43.5091,43.519,43.4645,43.4868,75909.6455044552,0
XLE.US,5,20251031,174500,43.4868,43.5934,43.4793,43.5909,129216.2329358136,0
XLE.US,5,20251031,175000,43.5884,43.643,43.5785,43.6182,71972.3646407496,0
XLE.US,5,20251031,175500,43.6206,43.633,43.576,43.5859,74402.9094362236,0
XLE.US,5,20251031,180000,43.5859,43.638,43.5835,43.6082,137744.31874101202,0
XLE.US,5,20251031,180500,43.6058,43.6281,43.5735,43.6082,191666.1063073244,0
XLE.US,5,20251031,181000,43.6082,43.6132,43.5512,43.5686,133456.07124293922,0
XLE.US,5,20251031,181500,43.5686,43.576,43.5438,43.5537,145122.6862612144,0
XLE.US,5,20251031,182000,43.5488,43.6355,43.5388,43.6355,113622.4223019468,0
XLE.US,5,20251031,182500,43.633,43.6677,43.6281,43.6405,100685.0660213076,0
XLE.US,5,20251031,183000,43.638,43.6925,43.633,43.6777,362820.8350003956,0
XLE.US,5,20251031,183500,43.6727,43.6876,43.6231,43.6553,221131.16719718682,0
XLE.US,5,20251031,184000,43.6578,43.6763,43.6454,43.6603,97304.4908534948,0
XLE.US,5,20251031,184500,43.6628,43.6801,43.638,43.6702,95817.9252814912,0
XLE.US,5,20251031,185000,43.6727,43.6876,43.6504,43.6876,63787.1772714272,0
XLE.US,5,20251031,185500,43.6925,43.6925,43.6281,43.6454,97016.0527574344,0
XLE.US,5,20251031,190000,43.643,43.6901,43.638,43.6901,107028.6870850136,0
XLE.US,5,20251031,190500,43.6925,43.7347,43.6777,43.7322,115419.61351586161,0
XLE.US,5,20251031,191000,43.7322,43.7619,43.7248,43.7297,228763.682969862,0
XLE.US,5,20251031,191500,43.7272,43.7297,43.6874,43.7198,90646.210048632,0
XLE.US,5,20251031,192000,43.7198,43.7272,43.695,43.7049,106738.2319393304,0
XLE.US,5,20251031,192500,43.7099,43.7272,43.6975,43.7124,180715.54390514322,0
XLE.US,5,20251031,193000,43.7148,43.7347,43.7074,43.7322,116988.87812240001,0
XLE.US,5,20251031,193500,43.7322,43.7719,43.7297,43.757,99057.30697570801,0
XLE.US,5,20251031,194000,43.757,43.7619,43.7421,43.7495,73128.134074614,0
XLE.US,5,20251031,194500,43.752,43.7545,43.7248,43.7396,117821.9196166164,0
XLE.US,5,20251031,195000,43.7421,43.7471,43.7173,43.7173,84595.061180232,0
XLE.US,5,20251031,195500,43.7223,43.7818,43.7223,43.7694,101042.0838045432,0
XLE.US,5,20251031,200000,43.7694,43.7867,43.752,43.7669,57738.04545265,0
XLE.US,5,20251031,200500,43.7619,43.7991,43.7595,43.7966,105001.5522140996,0
XLE.US,5,20251031,201000,43.7966,43.8388,43.7966,43.8165,254676.71947397362,0
XLE.US,5,20251031,201500,43.8214,43.8561,43.8165,43.8338,120353.31689323041,0
XLE.US,5,20251031,202000,43.8313,43.871,43.8313,43.871,221827.04931705282,0
XLE.US,5,20251031,202500,43.871,43.8834,43.8636,43.88,215168.76851219,0
XLE.US,5,20251031,203000,43.876,43.9379,43.8661,43.9032,929896.1830040105,0
XLE.US,5,20251031,203500,43.9057,43.9156,43.8735,43.876,245125.9895100156,0
XLE.US,5,20251031,204000,43.8784,43.9156,43.8735,43.9156,278221.739720918,0
XLE.US,5,20251031,204500,43.9131,43.9355,43.8313,43.8313,372898.01491590444,0
XLE.US,5,20251031,205000,43.8363,43.871,43.7818,43.8115,1194276.9282132748,0
XLE.US,5,20251031,205500,43.8066,43.809,43.6777,43.6876,1974816.6377978136,0
XLE.US,5,20251103,153000,43.7024,43.7421,43.3604,43.4248,956896.4092548112,0
XLE.US,5,20251103,153500,43.4149,43.5934,43.405,43.4199,745753.6717897301,0
XLE.US,5,20251103,154000,43.4199,43.4744,43.3554,43.4595,435874.338238966,0
XLE.US,5,20251103,154500,43.4744,43.5686,43.4075,43.5388,442470.09050552204,0
XLE.US,5,20251103,155000,43.5388,43.5711,43.4793,43.5339,299172.8341529416,0
XLE.US,5,20251103,155500,43.5289,43.5515,43.4917,43.524,182708.38893246962,0
XLE.US,5,20251103,160000,43.5289,43.5686,43.4496,43.5141,293387.93583475123,0
XLE.US,5,20251103,160500,43.5289,43.5611,43.4719,43.4992,497882.4777430836,0
XLE.US,5,20251103,161000,43.4992,43.5091,43.3207,43.3207,311515.1607948548,0
XLE.US,5,20251103,161500,43.3232,43.3653,43.2959,43.3455,216266.0435069932,0
XLE.US,5,20251103,162000,43.343,43.3926,43.3009,43.3678,216318.48679718602,0
XLE.US,5,20251103,162500,43.3678,43.3678,43.1968,43.2067,273052.0415376816,0
XLE.US,5,20251103,163000,43.2042,43.3004,43.1992,43.286,234415.4560129476,0
XLE.US,5,20251103,163500,43.286,43.3604,43.2531,43.348,228910.92759232642,0
XLE.US,5,20251103,164000,43.3504,43.4124,43.3455,43.398,216185.36152208122,0
XLE.US,5,20251103,164500,43.3975,43.4099,43.3405,43.3802,179811.90567412882,0
XLE.US,5,20251103,165000,43.3802,43.4446,43.3752,43.3784,184217.142050324,0
XLE.US,5,20251103,165500,43.3802,43.4967,43.3802,43.4546,283528.5972785048,0
XLE.US,5,20251103,170000,43.4546,43.5735,43.4546,43.5438,210124.1274055672,0
XLE.US,5,20251103,170500,43.5488,43.6306,43.5388,43.6132,217086.9827034728,0
XLE.US,5,20251103,171000,43.6132,43.6306,43.5835,43.6107,199933.9927111816,0
XLE.US,5,20251103,171500,43.6157,43.6479,43.6082,43.6479,138311.1096850188,0
XLE.US,5,20251103,172000,43.6504,43.6925,43.633,43.6901,177879.5721354864,0
XLE.US,5,20251103,172500,43.6876,43.6876,43.6355,43.6777,243667.66263273123,0
XLE.US,5,20251103,173000,43.6777,43.7371,43.6628,43.7371,131824.27809809402,0
XLE.US,5,20251103,173500,43.7371,43.7794,43.7124,43.7743,192404.34646926922,0
XLE.US,5,20251103,174000,43.7768,43.8165,43.7669,43.7867,106318.68561778801,0
XLE.US,5,20251103,174500,43.7892,43.8066,43.752,43.7575,106744.2830881988,0
XLE.US,5,20251103,175000,43.757,43.757,43.7198,43.7376,79976.01754402001,0
XLE.US,5,20251103,175500,43.7397,43.7421,43.6677,43.6801,93552.7785550868,0
XLE.US,5,20251103,180000,43.6727,43.676,43.6008,43.6182,113695.0360883676,0
XLE.US,5,20251103,180500,43.6182,43.6628,43.581,43.6405,177738.3786618904,0
XLE.US,5,20251103,181000,43.643,43.6854,43.6197,43.6801,82497.32957252,0
XLE.US,5,20251103,181500,43.6777,43.7198,43.6727,43.7124,74640.92129171401,0
XLE.US,5,20251103,182000,43.7148,43.7545,43.7124,43.7248,65243.4870990888,0
XLE.US,5,20251103,182500,43.7223,43.7396,43.7024,43.7223,117309.5890124252,0
XLE.US,5,20251103,183000,43.7223,43.757,43.7223,43.7446,71417.6759944796,0
XLE.US,5,20251103,183500,43.7421,43.7525,43.7124,43.7446,62429.702875282805,0
XLE.US,5,20251103,184000,43.7471,43.7548,43.7272,43.7348,95194.656948046,0
XLE.US,5,20251103,184500,43.7347,43.7446,43.7148,43.7148,50853.855090033605,0
XLE.US,5,20251103,185000,43.7148,43.7173,43.6876,43.7124,61195.26850612921,0
XLE.US,5,20251103,185500,43.7124,43.7495,43.6975,43.7396,61743.90600353081,0
XLE.US,5,20251103,190000,43.7396,43.7669,43.7371,43.7421,152037.1323681728,0
XLE.US,5,20251103,190500,43.7371,43.7471,43.7074,43.7471,234939.8889148756,0
XLE.US,5,20251103,191000,43.7471,43.7471,43.7173,43.7371,75845.0999165256,0
XLE.US,5,20251103,191500,43.7371,43.7471,43.7198,43.7396,69465.1719596092,0
XLE.US,5,20251103,192000,43.7421,43.7421,43.6777,43.6901,77000.86935039,0
XLE.US,5,20251103,192500,43.6925,43.7148,43.6851,43.7,123905.34127898121,0
XLE.US,5,20251103,193000,43.7,43.7148,43.6801,43.7099,70431.33872893041,0
XLE.US,5,20251103,193500,43.7074,43.7124,43.6677,43.6901,92842.7770878612,0
XLE.US,5,20251103,194000,43.6901,43.7248,43.6901,43.7223,83804.3777280944,0
XLE.US,5,20251103,194500,43.7223,43.7268,43.6826,43.6826,98504.63537906081,0
XLE.US,5,20251103,195000,43.6727,43.695,43.6553,43.6677,93613.2900437708,0
XLE.US,5,20251103,195500,43.6727,43.6777,43.6454,43.6529,76135.5550622088,0
XLE.US,5,20251103,200000,43.6578,43.6901,43.5909,43.6033,263856.3123073364,0
XLE.US,5,20251103,200500,43.6107,43.6777,43.6082,43.6752,185421.32067513562,0
XLE.US,5,20251103,201000,43.6727,43.7396,43.6727,43.7371,158027.76974788881,0
XLE.US,5,20251103,201500,43.7347,43.7619,43.7223,43.7595,83340.45631485041,0
XLE.US,5,20251103,202000,43.7619,43.7991,43.7619,43.7842,94190.16623589161,0
XLE.US,5,20251103,202500,43.7842,43.7842,43.7495,43.7495,101407.16978627001,0
XLE.US,5,20251103,203000,43.7495,43.8041,43.7446,43.7991,65535.9592943948,0
XLE.US,5,20251103,203500,43.7991,43.7991,43.7495,43.7495,76950.44310982,0
XLE.US,5,20251103,204000,43.7446,43.7449,43.7099,43.7297,84907.703871766,0
XLE.US,5,20251103,204500,43.7322,43.7396,43.7124,43.7223,113729.3259319552,0
XLE.US,5,20251103,205000,43.7248,43.7297,43.695,43.7124,211542.11329039562,0
XLE.US,5,20251103,205500,43.7173,43.7322,43.695,43.7024,121987.1270876984,0
XLE.US,5,20251103,210000,43.7,43.7099,43.6801,43.6997,159611.1537017868,0
XLE.US,5,20251103,210500,43.7,43.7297,43.695,43.695,131479.3626125952,0
XLE.US,5,20251103,211000,43.695,43.7248,43.6752,43.7223,112422.27777638081,0
XLE.US,5,20251103,211500,43.7223,43.7322,43.7024,43.7322,159449.7897319628,0
XLE.US,5,20251103,212000,43.7347,43.7545,43.7223,43.7471,144533.7077713568,0
XLE.US,5,20251103,212500,43.7421,43.7768,43.7371,43.7446,194645.2886002,0
XLE.US,5,20251103,213000,43.7421,43.7421,43.6702,43.6702,183551.5156748,0
XLE.US,5,20251103,213500,43.6702,43.7099,43.6702,43.6852,244065.02140842282,0
XLE.US,5,20251103,214000,43.6851,43.7049,43.6653,43.6871,311997.23565470404,0
XLE.US,5,20251103,214500,43.6901,43.6975,43.6305,43.638,266524.8689583008,0
XLE.US,5,20251103,215000,43.6355,43.7545,43.6355,43.7396,768838.804722676,0
XLE.US,5,20251103,215500,43.7396,43.7421,43.6826,43.6975,2289670.0157184023,0
XLE.US,5,20251104,153000,43.1844,43.286,42.9163,42.9191,1529123.3019950574,0
XLE.US,5,20251104,153500,42.9191,43.0232,42.82,42.9489,886104.0186433997,0
XLE.US,5,20251104,154000,42.9489,43.0431,42.8844,43.0009,553387.6492632941,0
XLE.US,5,20251104,154500,42.9984,43.0629,42.9439,42.9489,388138.8418657812,0
XLE.US,5,20251104,155000,42.9538,43.0084,42.9142,42.9786,234663.553116552,0
XLE.US,5,20251104,155500,42.9737,43.0084,42.929,42.939,598849.9307115832,0
XLE.US,5,20251104,160000,42.9439,42.9984,42.9117,42.9687,686674.288337918,0
XLE.US,5,20251104,160500,42.9737,43.0108,42.9464,42.9662,473199.84150888,0
XLE.US,5,20251104,161000,42.9637,43.0123,42.9241,42.9439,388725.803306016,0
XLE.US,5,20251104,161500,42.939,43.0282,42.939,43.0133,416339.212642148,0
XLE.US,5,20251104,162000,43.0133,43.0307,42.9191,42.9464,375338.64495949243,0
XLE.US,5,20251104,162500,42.9439,42.9885,42.929,42.9885,329543.5503234412,0
XLE.US,5,20251104,163000,42.9984,43.0604,42.9836,43.053,362627.19823660684,0
XLE.US,5,20251104,163500,43.0505,43.172,43.048,43.172,484511.45579354244,0
XLE.US,5,20251104,164000,43.172,43.2265,43.1447,43.2215,311258.9954927592,0
XLE.US,5,20251104,164500,43.2315,43.2315,43.1422,43.1472,220344.5178442948,0
XLE.US,5,20251104,165000,43.1521,43.1695,43.1125,43.1695,181233.92565820282,0
XLE.US,5,20251104,165500,43.1695,43.2017,43.1472,43.2017,212671.6610791636,0
XLE.US,5,20251104,170000,43.2017,43.2439,43.1893,43.2315,161343.799327772,0
XLE.US,5,20251104,170500,43.229,43.229,43.1868,43.2017,141229.78048921042,0
XLE.US,5,20251104,171000,43.2017,43.2116,43.1472,43.1621,329273.265673986,0
XLE.US,5,20251104,171500,43.167,43.2364,43.1585,43.1918,237493.47373734042,0
XLE.US,5,20251104,172000,43.1943,43.2141,43.1621,43.1918,187870.01891721482,0
XLE.US,5,20251104,172500,43.1918,43.2116,43.1546,43.167,316321.79004598723,0
XLE.US,5,20251104,173000,43.172,43.2339,43.1373,43.2067,223751.314657204,0
XLE.US,5,20251104,173500,43.2067,43.2191,43.1769,43.1968,225744.1596845304,0
XLE.US,5,20251104,174000,43.1992,43.2092,43.1596,43.1968,125650.08920270321,0
XLE.US,5,20251104,174500,43.1968,43.2067,43.1546,43.1571,88613.0240288496,0
XLE.US,5,20251104,175000,43.1621,43.2513,43.1576,43.2488,110217.64253866041,0
XLE.US,5,20251104,175500,43.2488,43.2761,43.2067,43.2662,130854.0772295272,0
XLE.US,5,20251104,180000,43.2662,43.2885,43.2463,43.2463,120373.4873894584,0
XLE.US,5,20251104,180500,43.2488,43.2562,43.2237,43.2315,93534.6251084816,0
XLE.US,5,20251104,181000,43.2315,43.2711,43.2141,43.2463,92407.09436933641,0
XLE.US,5,20251104,181500,43.2414,43.2439,43.2017,43.2141,107994.85385433481,0
XLE.US,5,20251104,182000,43.2116,43.2662,43.1744,43.2662,211283.93093867722,0
XLE.US,5,20251104,182500,43.2711,43.3033,43.2141,43.2141,116573.3659001032,0
XLE.US,5,20251104,183000,43.2116,43.2166,43.172,43.1819,149677.1843094968,0
XLE.US,5,20251104,183500,43.1819,43.1868,43.1323,43.1497,137318.7212706012,0
XLE.US,5,20251104,184000,43.1472,43.1695,43.1249,43.1645,198911.34855242202,0
XLE.US,5,20251104,184500,43.1645,43.1769,43.1521,43.1546,187210.44369055922,0
XLE.US,5,20251104,185000,43.1571,43.1943,43.1249,43.1472,154798.473301786,0
XLE.US,5,20251104,185500,43.1472,43.1472,43.0827,43.1026,222958.61415544362,0
XLE.US,5,20251104,190000,43.1075,43.1273,43.0976,43.1199,202223.3440330596,0
XLE.US,5,20251104,190500,43.1199,43.1645,43.1174,43.1373,118148.68165551001,0
XLE.US,5,20251104,191000,43.1348,43.1621,43.1323,43.1596,118303.99447646561,0
XLE.US,5,20251104,191500,43.1621,43.1744,43.1397,43.1472,168383.30251134402,0
XLE.US,5,20251104,192000,43.1472,43.1868,43.1422,43.172,149562.2124809972,0
XLE.US,5,20251104,192500,43.172,43.1918,43.1571,43.1769,142456.14665987281,0
XLE.US,5,20251104,193000,43.1819,43.2042,43.1391,43.1397,148404.42599751,0
XLE.US,5,20251104,193500,43.1397,43.1504,43.115,43.1373,801069.2406453972,0
XLE.US,5,20251104,194000,43.1348,43.1968,43.1224,43.1918,220929.46223490682,0
XLE.US,5,20251104,194500,43.1868,43.2017,43.1472,43.1571,111512.588396498,0
XLE.US,5,20251104,195000,43.1596,43.2293,43.1596,43.224,131322.0327420168,0
XLE.US,5,20251104,195500,43.2315,43.2662,43.229,43.2513,160218.2856382496,0
XLE.US,5,20251104,200000,43.2513,43.3009,43.2463,43.3009,219571.9878387624,0
XLE.US,5,20251104,200500,43.3058,43.3058,43.2339,43.2364,157027.31313498,0
XLE.US,5,20251104,201000,43.2389,43.2934,43.2315,43.2761,102254.33062784601,0
XLE.US,5,20251104,201500,43.2761,43.291,43.2562,43.2686,125706.56659214161,0
XLE.US,5,20251104,202000,43.2612,43.2701,43.2364,43.2488,107256.61369239,0
XLE.US,5,20251104,202500,43.2463,43.2513,43.2116,43.2463,134718.744306812,0
XLE.US,5,20251104,203000,43.2414,43.2488,43.2067,43.2265,141887.33866624322,0
XLE.US,5,20251104,203500,43.229,43.2513,43.2141,43.2513,171917.17345048962,0
XLE.US,5,20251104,204000,43.2513,43.2662,43.2116,43.2215,108337.7522902108,0
XLE.US,5,20251104,204500,43.2215,43.281,43.2215,43.281,153588.24352810602,0
XLE.US,5,20251104,205000,43.281,43.2959,43.2414,43.2612,221312.7016632388,0
XLE.US,5,20251104,205500,43.2562,43.2835,43.2166,43.2166,193188.97877253842,0
XLE.US,5,20251104,210000,43.2215,43.2562,43.2215,43.2463,157305.6659829264,0
XLE.US,5,20251104,210500,43.2414,43.2757,43.2389,43.2637,75720.042839912,0
XLE.US,5,20251104,211000,43.2612,43.3356,43.2562,43.3182,199921.8904134448,0
XLE.US,5,20251104,211500,43.3207,43.3455,43.3182,43.3207,405533.87781280844,0
XLE.US,5,20251104,212000,43.3207,43.3207,43.282,43.2835,260278.0662764892,0
XLE.US,5,20251104,212500,43.281,43.3108,43.2761,43.3009,221994.4644357452,0
XLE.US,5,20251104,213000,43.3009,43.3108,43.2562,43.2736,515624.44622523244,0
XLE.US,5,20251104,213500,43.2761,43.3157,43.2736,43.281,434099.33457090205,0
XLE.US,5,20251104,214000,43.2786,43.3058,43.2637,43.281,453243.15254089684,0
XLE.US,5,20251104,214500,43.286,43.286,43.2141,43.2215,558176.1250678212,0
XLE.US,5,20251104,215000,43.2215,43.2562,43.1769,43.2463,1130419.1542050496,0
XLE.US,5,20251104,215500,43.2463,43.2513,43.1769,43.2265,2996894.005613407,0
XLE.US,5,20251105,153000,43.2166,43.405,43.1744,43.3703,693873.1384416913,0
XLE.US,5,20251105,153500,43.3703,43.4793,43.291,43.3901,465188.1204071184,0
XLE.US,5,20251105,154000,43.3901,43.467,43.3653,43.3777,318671.6528565492,0
XLE.US,5,20251105,154500,43.3802,43.5339,43.3752,43.4744,597004.3303067213,0
XLE.US,5,20251105,155000,43.4793,43.5686,43.4248,43.5512,252096.91300641242,0
XLE.US,5,20251105,155500,43.5512,43.5611,43.4645,43.4793,176633.035468596,0
XLE.US,5,20251105,160000,43.4793,43.638,43.4347,43.633,269409.2499189048,0
XLE.US,5,20251105,160500,43.633,43.6794,43.5959,43.6033,277271.7093485792,0
XLE.US,5,20251105,161000,43.6033,43.6082,43.4422,43.5141,389453.9582198468,0
XLE.US,5,20251105,161500,43.5141,43.5537,43.4744,43.5413,430012.79203510925,0
XLE.US,5,20251105,162000,43.5388,43.5636,43.4992,43.5587,284454.42305537,0
XLE.US,5,20251105,162500,43.5587,43.6058,43.5116,43.6008,130329.6443275992,0
XLE.US,5,20251105,163000,43.5983,43.6479,43.5438,43.6454,350894.02058077924,0
XLE.US,5,20251105,163500,43.6405,43.643,43.5686,43.6107,230018.28783524362,0
XLE.US,5,20251105,164000,43.6082,43.6677,43.6058,43.6256,205966.9881329764,0
XLE.US,5,20251105,164500,43.6281,43.633,43.5835,43.6157,110861.0813683336,0
XLE.US,5,20251105,165000,43.6132,43.6157,43.576,43.5835,86166.3428363932,0
XLE.US,5,20251105,165500,43.5983,43.6777,43.5636,43.6752,128843.0787555956,0
XLE.US,5,20251105,170000,43.6777,43.6777,43.5983,43.6256,207820.6567363296,0
XLE.US,5,20251105,170500,43.6231,43.6306,43.5793,43.6033,155468.1337765556,0
XLE.US,5,20251105,171000,43.6082,43.6405,43.6033,43.6033,141891.3727654888,0
XLE.US,5,20251105,171500,43.6033,43.6777,43.6033,43.6529,269310.41448738764,0
XLE.US,5,20251105,172000,43.6529,43.6777,43.6454,43.6702,111770.77074821641,0
XLE.US,5,20251105,172500,43.6727,43.6876,43.6628,43.6801,162868.6888426088,0
XLE.US,5,20251105,173000,43.6801,43.6975,43.6578,43.6628,273762.0430049072,0
XLE.US,5,20251105,173500,43.6677,43.6876,43.633,43.6826,179069.6314129384,0
XLE.US,5,20251105,174000,43.6826,43.7074,43.6132,43.6504,506727.24033906165,0
XLE.US,5,20251105,174500,43.6504,43.752,43.643,43.7347,309052.343205416,0
XLE.US,5,20251105,175000,43.7347,43.7619,43.7124,43.7347,355291.1887584832,0
XLE.US,5,20251105,175500,43.7347,43.7371,43.6702,43.6727,125470.57178627401,0
XLE.US,5,20251105,180000,43.6777,43.7371,43.6777,43.6925,239669.87028034162,0
XLE.US,5,20251105,180500,43.6925,43.7049,43.6556,43.6925,80403.6320640536,0
XLE.US,5,20251105,181000,43.6975,43.7371,43.6925,43.7223,132959.8770357304,0
XLE.US,5,20251105,181500,43.7198,43.757,43.7198,43.7495,96911.1661770488,0
XLE.US,5,20251105,182000,43.7495,43.7595,43.7322,43.7495,145812.517232212,0
XLE.US,5,20251105,182500,43.7471,43.7644,43.7396,43.7619,96108.3804271744,0
XLE.US,5,20251105,183000,43.7595,43.7619,43.7049,43.7248,94906.2188519856,0
XLE.US,5,20251105,183500,43.7248,43.7488,43.7173,43.7471,248333.09841026762,0
XLE.US,5,20251105,184000,43.7471,43.7495,43.7024,43.7124,161956.98241310322,0
XLE.US,5,20251105,184500,43.7099,43.7148,43.6702,43.6851,105943.5143879472,0
XLE.US,5,20251105,185000,43.6826,43.7148,43.6826,43.7074,143339.6143946592,0
XLE.US,5,20251105,185500,43.7024,43.7198,43.6901,43.7148,195022.47687966362,0
XLE.US,5,20251105,190000,43.7148,43.7148,43.6826,43.695,235948.4137262756,0
XLE.US,5,20251105,190500,43.6975,43.7099,43.6901,43.7,247062.35714790362,0
XLE.US,5,20251105,191000,43.7,43.7471,43.6851,43.7446,160087.1774127676,0
XLE.US,5,20251105,191500,43.7421,43.7595,43.7297,43.7322,340774.4826231916,0
XLE.US,5,20251105,192000,43.7272,43.752,43.7099,43.7488,145263.8797348104,0
XLE.US,5,20251105,192500,43.752,43.8136,43.752,43.8066,152422.3888461276,0
XLE.US,5,20251105,193000,43.809,43.8214,43.7694,43.7719,126392.3634638936,0
XLE.US,5,20251105,193500,43.7719,43.7966,43.757,43.7942,108987.24226875241,0
XLE.US,5,20251105,194000,43.7942,43.8016,43.7694,43.7719,143115.7218865284,0
XLE.US,5,20251105,194500,43.7694,43.78,43.757,43.7719,116422.08717839321,0
XLE.US,5,20251105,195000,43.7719,43.7881,43.7471,43.757,113973.388936314,0
XLE.US,5,20251105,195500,43.757,43.7619,43.7347,43.7495,110689.6321503956,0
XLE.US,5,20251105,200000,43.7471,43.7495,43.7049,43.7148,92554.3389918008,0
XLE.US,5,20251105,200500,43.7124,43.7124,43.6281,43.6281,171162.7968915624,0
XLE.US,5,20251105,201000,43.6281,43.6702,43.6231,43.6578,179039.37566859642,0
XLE.US,5,20251105,201500,43.661,43.6722,43.6454,43.6628,144112.1444001916,0
XLE.US,5,20251105,202000,43.6628,43.6727,43.6157,43.6157,172887.3743190564,0
XLE.US,5,20251105,202500,43.6182,43.6306,43.5735,43.576,394766.866926302,0
XLE.US,5,20251105,203000,43.5735,43.5934,43.524,43.5339,563055.3681053744,0
XLE.US,5,20251105,203500,43.5314,43.5388,43.457,43.467,519995.39275784005,0
XLE.US,5,20251105,204000,43.462,43.4942,43.457,43.4843,224400.80463574562,0
XLE.US,5,20251105,204500,43.4793,43.5017,43.4397,43.4645,161948.914214612,0
XLE.US,5,20251105,205000,43.4694,43.4992,43.462,43.4942,129393.73330262,0
XLE.US,5,20251105,205500,43.4942,43.5066,43.4694,43.4744,114860.890770346,0
XLE.US,5,20251105,210000,43.4766,43.5116,43.467,43.5091,127919.2700283532,0
XLE.US,5,20251105,210500,43.5141,43.5438,43.5066,43.5438,204585.30914135842,0
XLE.US,5,20251105,211000,43.5438,43.5611,43.524,43.5264,110239.83008451121,0
XLE.US,5,20251105,211500,43.5264,43.5488,43.5141,43.5364,150820.8514456244,0
XLE.US,5,20251105,212000,43.5339,43.5587,43.5289,43.5488,149642.8944659092,0
XLE.US,5,20251105,212500,43.5488,43.5488,43.5062,43.519,100396.6279252472,0
XLE.US,5,20251105,213000,43.519,43.5364,43.5165,43.5314,146484.1947566044,0
XLE.US,5,20251105,213500,43.5339,43.5562,43.524,43.5562,214396.23850665762,0
XLE.US,5,20251105,214000,43.5562,43.5686,43.5413,43.5463,232438.74738260361,0
XLE.US,5,20251105,214500,43.5438,43.5488,43.4397,43.4521,284878.003476158,0
XLE.US,5,20251105,215000,43.4496,43.4719,43.4199,43.4199,649576.7116753805,0
XLE.US,5,20251105,215500,43.4199,43.4199,43.3306,43.3356,2383612.08485069,0
XLE.US,5,20251106,153000,43.4397,43.7272,43.4099,43.7223,912017.0551475113,0
XLE.US,5,20251106,153500,43.7173,43.8611,43.633,43.8561,591405.0005538284,0
XLE.US,5,20251106,154000,43.8512,43.9702,43.8388,43.9652,705307.7927533444,0
XLE.US,5,20251106,154500,43.9602,44.0346,43.9355,43.9602,564055.8247182833,0
XLE.US,5,20251106,155000,43.9553,44.0222,43.9305,43.9479,470480.8586173456,0
XLE.US,5,20251106,155500,43.9454,44.1189,43.9454,44.0718,405713.3952292376,0
XLE.US,5,20251106,160000,44.0743,44.0768,43.8462,43.8561,642664.2826180449,0
XLE.US,5,20251106,160500,43.8512,43.9206,43.7867,43.8462,482090.9962461824,0
XLE.US,5,20251106,161000,43.8512,43.9503,43.8487,43.9008,310373.51070835,0
XLE.US,5,20251106,161500,43.9008,44.0644,43.8908,44.0544,287484.0315888156,0
XLE.US,5,20251106,162000,44.0508,44.1734,44.0495,44.161,450233.71450367925,0
XLE.US,5,20251106,162500,44.1586,44.1734,44.0538,44.0538,273645.0541267848,0
XLE.US,5,20251106,163000,44.0544,44.0544,43.9528,43.9801,205694.6864338984,0
XLE.US,5,20251106,163500,43.9801,44.0049,43.9553,43.9702,169385.7761738756,0
XLE.US,5,20251106,164000,43.9652,43.9652,43.8313,43.8611,335564.44344749924,0
XLE.US,5,20251106,164500,43.8561,43.9206,43.8239,43.8462,254287.42889677323,0
XLE.US,5,20251106,165000,43.8512,43.933,43.8388,43.933,199990.47010062,0
XLE.US,5,20251106,165500,43.928,43.9652,43.8809,43.8908,148729.1709867808,0
XLE.US,5,20251106,170000,43.8908,43.9801,43.8809,43.9107,148830.0234679208,0
XLE.US,5,20251106,170500,43.9107,43.9801,43.9082,43.9751,120883.8009440268,0
XLE.US,5,20251106,171000,43.9776,43.9776,43.8809,43.8958,120327.095248134,0
XLE.US,5,20251106,171500,43.8908,43.9255,43.8661,43.9181,128256.11731536081,0
XLE.US,5,20251106,172000,43.9206,43.9875,43.9206,43.9479,160732.6332920636,0
XLE.US,5,20251106,172500,43.9404,44.0148,43.9255,44.0073,261978.43910850963,0
XLE.US,5,20251106,173000,44.0024,44.0222,43.9472,43.9652,668359.477762894,0
XLE.US,5,20251106,173500,43.9652,44.0247,43.9156,43.9999,230762.5791460568,0
XLE.US,5,20251106,174000,43.9999,44.0049,43.8958,43.9057,170587.9377490644,0
XLE.US,5,20251106,174500,43.9057,43.9404,43.8363,43.8512,179416.56394806,0
XLE.US,5,20251106,175000,43.8462,43.871,43.8165,43.8537,152646.28135425842,0
XLE.US,5,20251106,175500,43.8487,43.8636,43.7917,43.7917,245694.7975036452,0
XLE.US,5,20251106,180000,43.7917,43.8413,43.7694,43.8388,289456.706119914,0
XLE.US,5,20251106,180500,43.8413,43.8512,43.7619,43.8214,206455.114141694,0
XLE.US,5,20251106,181000,43.8239,43.8512,43.7743,43.7793,129791.0920783116,0
XLE.US,5,20251106,181500,43.7768,43.7917,43.7619,43.7694,292391.513321088,0
XLE.US,5,20251106,182000,43.7694,43.7867,43.7272,43.7297,240666.2927940048,0
XLE.US,5,20251106,182500,43.7272,43.7322,43.6529,43.7024,168135.20540773962,0
XLE.US,5,20251106,183000,43.7024,43.7495,43.6925,43.7173,210027.3090236728,0
XLE.US,5,20251106,183500,43.7099,43.757,43.7074,43.7371,236835.91556030762,0
XLE.US,5,20251106,184000,43.7322,43.757,43.7148,43.752,277019.5781457292,0
XLE.US,5,20251106,184500,43.7471,43.8487,43.7471,43.8214,284264.8203908268,0
XLE.US,5,20251106,185000,43.8165,43.8437,43.7867,43.7966,312229.19636132603,0
XLE.US,5,20251106,185500,43.7966,43.809,43.7743,43.7818,181443.69881897402,0
XLE.US,5,20251106,190000,43.7818,43.8462,43.7768,43.8313,241507.4024867124,0
XLE.US,5,20251106,190500,43.8313,43.8313,43.757,43.7867,265560.71923860244,0
XLE.US,5,20251106,191000,43.7892,43.8066,43.7768,43.7917,155292.650459372,0
XLE.US,5,20251106,191500,43.7966,43.8165,43.7867,43.8041,103761.0666960776,0
XLE.US,5,20251106,192000,43.8016,43.871,43.8016,43.8636,206354.261660554,0
XLE.US,5,20251106,192500,43.8661,43.9107,43.8661,43.9032,233261.70362870602,0
XLE.US,5,20251106,193000,43.9029,43.9677,43.9029,43.9652,198830.66656751002,0
XLE.US,5,20251106,193500,43.9627,43.985,43.9553,43.9776,230002.1514382612,0
XLE.US,5,20251106,194000,43.9801,43.99,43.9553,43.9702,255983.767629548,0
XLE.US,5,20251106,194500,43.9726,43.9726,43.9206,43.9429,189007.63490447402,0
XLE.US,5,20251106,195000,43.9429,43.9454,43.8661,43.8908,285438.74327129644,0
XLE.US,5,20251106,195500,43.8884,43.9156,43.8611,43.8661,199104.9853162108,0
XLE.US,5,20251106,200000,43.8661,43.876,43.8363,43.8735,231886.0757859564,0
XLE.US,5,20251106,200500,43.876,43.8884,43.8413,43.8462,193092.160390644,0
XLE.US,5,20251106,201000,43.8462,43.8859,43.8437,43.8611,192204.658556612,0
XLE.US,5,20251106,201500,43.8639,43.8859,43.8487,43.8859,237915.0371085056,0
XLE.US,5,20251106,202000,43.8809,43.8958,43.8685,43.8809,178464.51652609842,0
XLE.US,5,20251106,202500,43.8784,43.9057,43.8661,43.8859,212538.5358040588,0
XLE.US,5,20251106,203000,43.8859,43.8908,43.8363,43.8385,183553.5327244228,0
XLE.US,5,20251106,203500,43.8388,43.8561,43.8165,43.8239,318379.1806612432,0
XLE.US,5,20251106,204000,43.8214,43.8388,43.757,43.8388,231811.4449499128,0
XLE.US,5,20251106,204500,43.8388,43.8537,43.8066,43.819,178343.49354873042,0
XLE.US,5,20251106,205000,43.8214,43.8313,43.7942,43.8089,180699.4075081608,0
XLE.US,5,20251106,205500,43.809,43.8363,43.7966,43.8066,238792.4536944236,0
XLE.US,5,20251106,210000,43.8115,43.8413,43.7991,43.8313,302434.4033930092,0
XLE.US,5,20251106,210500,43.8313,43.8487,43.8115,43.8214,235341.2817898128,0
XLE.US,5,20251106,211000,43.8214,43.8685,43.809,43.8487,198703.59244127362,0
XLE.US,5,20251106,211500,43.8512,43.8983,43.8512,43.8983,256709.905493756,0
XLE.US,5,20251106,212000,43.9008,43.928,43.8784,43.9231,322274.10348287004,0
XLE.US,5,20251106,212500,43.9255,43.928,43.8685,43.8685,358724.20721648884,0
XLE.US,5,20251106,213000,43.871,43.9057,43.8561,43.9057,462632.51853503083,0
XLE.US,5,20251106,213500,43.9057,43.9404,43.9057,43.933,507699.45825725124,0
XLE.US,5,20251106,214000,43.9305,43.9652,43.9255,43.9379,546297.7198391521,0
XLE.US,5,20251106,214500,43.9355,43.9454,43.8537,43.8661,1010005.3258231352,0
XLE.US,5,20251106,215000,43.8661,43.9355,43.8363,43.9131,1336002.902909694,0
XLE.US,5,20251106,215500,43.9156,43.9156,43.7272,43.7619,3650916.2946574385,0
XLE.US,5,20251107,153000,43.9156,44.0148,43.7942,43.819,1244967.4022838618,0
XLE.US,5,20251107,153500,43.819,43.9057,43.8016,43.8462,669468.855055434,0
XLE.US,5,20251107,154000,43.8467,43.9156,43.814,43.8661,1069873.375677462,0
XLE.US,5,20251107,154500,43.8661,44.042,43.8636,43.9553,402328.78596217924,0
XLE.US,5,20251107,155000,43.9503,44.2627,43.9503,44.2329,428826.7668569028,0
XLE.US,5,20251107,155500,44.2379,44.4213,44.2032,44.4139,602660.1374490524,0
XLE.US,5,20251107,160000,44.4114,44.4411,44.3321,44.3817,747585.1528472324,0
XLE.US,5,20251107,160500,44.3817,44.4436,44.3271,44.4411,897131.2289312473,0
XLE.US,5,20251107,161000,44.4436,44.4684,44.3965,44.4511,477903.6012292496,0
XLE.US,5,20251107,161500,44.4511,44.4808,44.3618,44.399,517502.31942405924,0
XLE.US,5,20251107,162000,44.4015,44.404,44.3246,44.3965,331322.5880907508,0
XLE.US,5,20251107,162500,44.3965,44.4387,44.3742,44.3817,191022.6674776512,0
XLE.US,5,20251107,163000,44.3841,44.4585,44.3668,44.4362,249864.03907397282,0
XLE.US,5,20251107,163500,44.4387,44.4932,44.4238,44.4486,428913.4999906832,0
XLE.US,5,20251107,164000,44.4486,44.4759,44.3742,44.3767,174246.8657648236,0
XLE.US,5,20251107,164500,44.3817,44.3866,44.2379,44.2478,448043.19861331844,0
XLE.US,5,20251107,165000,44.2478,44.3222,44.2478,44.3023,200676.26697237202,0
XLE.US,5,20251107,165500,44.2999,44.2999,44.2081,44.2081,185227.6839113468,0
XLE.US,5,20251107,170000,44.2032,44.3172,44.1883,44.2875,252754.47118344522,0
XLE.US,5,20251107,170500,44.285,44.337,44.2701,44.3222,161686.697763648,0
XLE.US,5,20251107,171000,44.3222,44.3519,44.2528,44.2528,176070.2786238348,0
XLE.US,5,20251107,171500,44.2528,44.2577,44.1734,44.1933,195795.00688519602,0
XLE.US,5,20251107,172000,44.1982,44.2453,44.1734,44.1734,347263.33125973924,0
XLE.US,5,20251107,172500,44.1734,44.1734,44.1164,44.1189,158179.0484695988,0
XLE.US,5,20251107,173000,44.1139,44.1239,44.0495,44.1164,290947.30579116323,0
XLE.US,5,20251107,173500,44.1189,44.161,44.109,44.1338,161805.7036913932,0
XLE.US,5,20251107,174000,44.1362,44.1734,44.1115,44.1586,145610.812269932,0
XLE.US,5,20251107,174500,44.1635,44.1784,44.109,44.1387,102195.8361887848,0
XLE.US,5,20251107,175000,44.1288,44.1486,44.0792,44.0916,162925.1662320472,0
XLE.US,5,20251107,175500,44.0941,44.0991,43.9602,44.0222,310587.31796836684,0
XLE.US,5,20251107,180000,44.0247,44.0891,44.0123,44.0495,227583.70894052403,0
XLE.US,5,20251107,180500,44.0544,44.0867,44.0297,44.0743,157777.6555946616,0
XLE.US,5,20251107,181000,44.0693,44.109,44.0445,44.104,160307.0358216528,0
XLE.US,5,20251107,181500,44.1065,44.1239,44.0941,44.1239,128582.8793542544,0
XLE.US,5,20251107,182000,44.1239,44.1486,44.0891,44.1239,165049.11948485562,0
XLE.US,5,20251107,182500,44.1239,44.1536,44.1164,44.1288,172542.4588335576,0
XLE.US,5,20251107,183000,44.1288,44.1635,44.1189,44.1283,99402.22246120681,0
XLE.US,5,20251107,183500,44.1239,44.1462,44.1065,44.109,126575.9149795684,0
XLE.US,5,20251107,184000,44.104,44.1189,44.0792,44.104,281188.8197160568,0
XLE.US,5,20251107,184500,44.104,44.1387,44.0642,44.0644,268749.6746922492,0
XLE.US,5,20251107,185000,44.0594,44.0644,44.0247,44.0495,121363.8587542532,0
XLE.US,5,20251107,185500,44.052,44.1437,44.0495,44.1139,186468.1694293688,0
XLE.US,5,20251107,190000,44.1115,44.1933,44.109,44.1784,137875.426966494,0
XLE.US,5,20251107,190500,44.1734,44.2057,44.1338,44.1933,188436.8098612216,0
XLE.US,5,20251107,191000,44.1883,44.1957,44.104,44.1263,200016.6917457164,0
XLE.US,5,20251107,191500,44.1288,44.1412,44.0743,44.0792,175289.68041981122,0
XLE.US,5,20251107,192000,44.0842,44.1462,44.0768,44.1382,263797.8178682752,0
XLE.US,5,20251107,192500,44.1412,44.1734,44.1263,44.1313,119907.54892659161,0
XLE.US,5,20251107,193000,44.1313,44.1486,44.109,44.1387,185090.5245369964,0
XLE.US,5,20251107,193500,44.1387,44.2057,44.1313,44.2032,118679.1657063064,0
XLE.US,5,20251107,194000,44.2032,44.2255,44.1982,44.2081,199611.2647715336,0
XLE.US,5,20251107,194500,44.2081,44.2205,44.1809,44.1933,87703.3346489668,0
XLE.US,5,20251107,195000,44.1908,44.2081,44.1734,44.2032,121862.07001108481,0
XLE.US,5,20251107,195500,44.2081,44.2577,44.2081,44.2404,522702.27335163765,0
XLE.US,5,20251107,200000,44.2404,44.2503,44.2057,44.2205,151288.806958114,0
XLE.US,5,20251107,200500,44.218,44.2329,44.2032,44.2156,148686.81294470202,0
XLE.US,5,20251107,201000,44.2156,44.2404,44.2057,44.2379,152103.6950057252,0
XLE.US,5,20251107,201500,44.2379,44.2676,44.2329,44.2379,120486.44216833521,0
XLE.US,5,20251107,202000,44.2404,44.2726,44.2404,44.2676,281045.609192838,0
XLE.US,5,20251107,202500,44.2676,44.2875,44.2379,44.2775,271525.13497322204,0
XLE.US,5,20251107,203000,44.2775,44.337,44.2768,44.3222,209567.4217096744,0
XLE.US,5,20251107,203500,44.3197,44.3569,44.3098,44.3494,204165.762819816,0
XLE.US,5,20251107,204000,44.3494,44.3965,44.3395,44.3494,300104.71107867523,0
XLE.US,5,20251107,204500,44.347,44.3891,44.3197,44.3767,339600.559742722,0
XLE.US,5,20251107,205000,44.3767,44.4238,44.3717,44.4213,138825.4573388328,0
XLE.US,5,20251107,205500,44.4238,44.4433,44.4188,44.4387,149237.46749172642,0
XLE.US,5,20251107,210000,44.4362,44.456,44.4213,44.4288,156194.27164076362,0
XLE.US,5,20251107,210500,44.4288,44.4436,44.394,44.4288,324262.9144109508,0
XLE.US,5,20251107,211000,44.4312,44.4391,44.3891,44.4089,152829.83286993322,0
XLE.US,5,20251107,211500,44.4164,44.4288,44.3866,44.4015,210872.45281562602,0
XLE.US,5,20251107,212000,44.4015,44.4064,44.3222,44.3359,322425.38220458,0
XLE.US,5,20251107,212500,44.3321,44.3643,44.3048,44.3445,459225.72172212164,0
XLE.US,5,20251107,213000,44.3445,44.3668,44.3023,44.3494,323585.18573769,0
XLE.US,5,20251107,213500,44.3519,44.4015,44.3494,44.399,412254.687155978,0
XLE.US,5,20251107,214000,44.4015,44.4362,44.3817,44.4312,695295.1584257652,0
XLE.US,5,20251107,214500,44.4298,44.4298,44.3544,44.3593,551794.180061282,0
XLE.US,5,20251107,215000,44.3569,44.4114,44.3321,44.3916,1238000.5128867105,0
XLE.US,5,20251107,215500,44.3891,44.399,44.3519,44.3916,3295729.992479341,0
XLE.US,5,20251110,153000,44.5056,44.632,44.2875,44.3494,1491188.6497390578,0
XLE.US,5,20251110,153500,44.3494,44.3792,44.0966,44.1511,1498583.1536562424,0
XLE.US,5,20251110,154000,44.1536,44.1759,44.0197,44.0644,740420.5925870468,0
XLE.US,5,20251110,154500,44.0693,44.2081,44.0693,44.0891,522940.28520712804,0
XLE.US,5,20251110,155000,44.0867,44.109,44.0049,44.0495,722012.9977293741,0
XLE.US,5,20251110,155500,44.042,44.0891,43.9602,43.9627,479539.4284733404,0
XLE.US,5,20251110,160000,43.9627,44.0544,43.9305,44.0148,412932.41582923883,0
XLE.US,5,20251110,160500,44.0148,44.0297,43.9503,43.9702,328480.56517222564,0
XLE.US,5,20251110,161000,43.9677,43.9999,43.928,43.985,396632.637827392,0
XLE.US,5,20251110,161500,43.9875,44.047,43.9751,44.0371,338170.47156015685,0
XLE.US,5,20251110,162000,44.0396,44.2106,44.0346,44.2081,267206.6317308072,0
XLE.US,5,20251110,162500,44.2081,44.2577,44.1703,44.1784,281882.6847863,0
XLE.US,5,20251110,163000,44.1809,44.2354,44.1412,44.218,486407.48243897443,0
XLE.US,5,20251110,163500,44.2205,44.2428,44.1833,44.1958,223656.5133249324,0
XLE.US,5,20251110,164000,44.1933,44.2106,44.1462,44.1809,199736.3218481472,0
XLE.US,5,20251110,164500,44.1833,44.2205,44.1603,44.1809,270159.5923785864,0
XLE.US,5,20251110,165000,44.1784,44.2205,44.1362,44.2156,218813.5771805896,0
XLE.US,5,20251110,165500,44.2131,44.2552,44.2007,44.2404,240987.00368403,0
XLE.US,5,20251110,170000,44.2379,44.2676,44.2081,44.2651,284359.6217230984,0
XLE.US,5,20251110,170500,44.2676,44.3296,44.2528,44.285,304877.05048622,0
XLE.US,5,20251110,171000,44.2875,44.3668,44.2875,44.3494,157628.3939225744,0
XLE.US,5,20251110,171500,44.3569,44.3817,44.3147,44.3445,148821.9552694296,0
XLE.US,5,20251110,172000,44.342,44.3795,44.3172,44.3593,149027.69433095522,0
XLE.US,5,20251110,172500,44.3593,44.4213,44.3544,44.3817,203441.64200523082,0
XLE.US,5,20251110,173000,44.3817,44.4263,44.3817,44.4139,121783.4050757956,0
XLE.US,5,20251110,173500,44.4114,44.4461,44.3916,44.4238,139801.709356268,0
XLE.US,5,20251110,174000,44.4213,44.4685,44.4064,44.4684,127267.7630001888,0
XLE.US,5,20251110,174500,44.4659,44.4759,44.4322,44.4387,143638.1377388336,0
XLE.US,5,20251110,175000,44.4436,44.4511,44.4238,44.4415,187192.29024395402,0
XLE.US,5,20251110,175500,44.4411,44.4808,44.4411,44.476,156537.1700766396,0
XLE.US,5,20251110,180000,44.478,44.5353,44.4684,44.5353,228154.5339837764,0
XLE.US,5,20251110,180500,44.5353,44.5453,44.518,44.5259,149737.6957981808,0
XLE.US,5,20251110,181000,44.5304,44.5304,44.4759,44.5056,92031.9231394956,0
XLE.US,5,20251110,181500,44.5106,44.5254,44.4957,44.5106,84139.2079654792,0
XLE.US,5,20251110,182000,44.5106,44.575,44.5106,44.5577,205014.94071101482,0
XLE.US,5,20251110,182500,44.5601,44.5998,44.5601,44.5973,192517.30124814602,0
XLE.US,5,20251110,183000,44.5973,44.6443,44.5948,44.6221,309256.0652173188,0
XLE.US,5,20251110,183500,44.6221,44.6444,44.6023,44.6122,263001.0832672692,0
XLE.US,5,20251110,184000,44.6122,44.6469,44.6122,44.6246,123481.7608581932,0
XLE.US,5,20251110,184500,44.6221,44.6395,44.6015,44.6271,120530.81726003681,0
XLE.US,5,20251110,185000,44.632,44.6519,44.6271,44.6494,118747.7453934816,0
XLE.US,5,20251110,185500,44.6494,44.6742,44.6395,44.6593,147180.0768764704,0
XLE.US,5,20251110,190000,44.6618,44.6915,44.6494,44.6717,335161.0335229392,0
XLE.US,5,20251110,190500,44.6717,44.7039,44.6651,44.7014,290322.0204080952,0
XLE.US,5,20251110,191000,44.7014,44.7064,44.6667,44.6816,151139.5452860268,0
XLE.US,5,20251110,191500,44.6841,44.6965,44.6642,44.6841,162907.012785442,0
XLE.US,5,20251110,192000,44.6866,44.6882,44.6568,44.6766,91751.5532419264,0
XLE.US,5,20251110,192500,44.6791,44.6791,44.6419,44.6593,323915.9818758292,0
XLE.US,5,20251110,193000,44.6568,44.7009,44.6568,44.6915,139069.5203431916,0
XLE.US,5,20251110,193500,44.694,44.7188,44.6816,44.689,81753.03826170681,0
XLE.US,5,20251110,194000,44.689,44.7089,44.6667,44.6692,89778.87871082801,0
XLE.US,5,20251110,194500,44.6642,44.6816,44.6295,44.6724,120746.6415696764,0
XLE.US,5,20251110,195000,44.6742,44.7188,44.6593,44.7113,99119.8355140148,0
XLE.US,5,20251110,195500,44.7113,44.7337,44.7064,44.7089,104001.0956011908,0
XLE.US,5,20251110,200000,44.7089,44.7237,44.6989,44.7237,146185.67141243,0
XLE.US,5,20251110,200500,44.7262,44.751,44.7113,44.751,215898.9404756436,0
XLE.US,5,20251110,201000,44.7535,44.756,44.7404,44.7411,184915.04121981282,0
XLE.US,5,20251110,201500,44.7411,44.7584,44.7312,44.751,138680.22976599121,0
XLE.US,5,20251110,202000,44.7485,44.7535,44.7201,44.7201,102698.08154486201,0
XLE.US,5,20251110,202500,44.7213,44.7463,44.6345,44.7386,1071567.697360614,0
XLE.US,5,20251110,203000,44.7386,44.7634,44.7188,44.7337,448737.06368356163,0
XLE.US,5,20251110,203500,44.7337,44.7634,44.7337,44.751,216249.9071100108,0
XLE.US,5,20251110,204000,44.751,44.7808,44.746,44.7535,82176.61868249481,0
XLE.US,5,20251110,204500,44.7485,44.7733,44.7361,44.7584,304261.85035126604,0
XLE.US,5,20251110,205000,44.7602,44.8303,44.7584,44.8254,147746.8678204772,0
XLE.US,5,20251110,205500,44.8229,44.8477,44.813,44.8254,160417.9735509068,0
XLE.US,5,20251110,210000,44.8254,44.8502,44.813,44.8452,379632.94360643363,0
XLE.US,5,20251110,210500,44.8477,44.8873,44.8328,44.8749,226587.2864268608,0
XLE.US,5,20251110,211000,44.8749,44.8973,44.87,44.8873,182678.1331881276,0
XLE.US,5,20251110,211500,44.8898,44.8898,44.8328,44.8378,261084.88612560922,0
XLE.US,5,20251110,212000,44.8353,44.8402,44.808,44.8402,261157.49991203,0
XLE.US,5,20251110,212500,44.8378,44.8552,44.8204,44.8213,202802.23727480322,0
XLE.US,5,20251110,213000,44.8179,44.8229,44.7882,44.7971,360787.6489806132,0
XLE.US,5,20251110,213500,44.7981,44.8303,44.7956,44.8204,261054.63038126723,0
XLE.US,5,20251110,214000,44.8229,44.831,44.7956,44.808,350492.627705842,0
XLE.US,5,20251110,214500,44.8105,44.8229,44.721,44.7213,711887.4086229181,0
XLE.US,5,20251110,215000,44.7188,44.8105,44.6989,44.7956,1236086.3327946733,0
XLE.US,5,20251110,215500,44.7956,44.8229,44.7733,44.8031,2995308.604609886,0
XLE.US,5,20251111,153000,45.0609,45.3038,45.0262,45.1675,1588087.7136183698,0
XLE.US,5,20251111,153500,45.165,45.279,45.1402,45.2393,748133.7903446341,0
XLE.US,5,20251111,154000,45.2369,45.2517,45.1873,45.1997,473234.13135246764,0
XLE.US,5,20251111,154500,45.1997,45.393,45.1711,45.3806,708004.588099028,0
XLE.US,5,20251111,155000,45.3831,45.4304,45.3484,45.4283,552268.1867226401,0
XLE.US,5,20251111,155500,45.4228,45.5269,45.4079,45.4525,578011.7910584364,0
XLE.US,5,20251111,160000,45.4525,45.4748,45.4079,45.4104,523533.2977962312,0
XLE.US,5,20251111,160500,45.4104,45.4178,45.3063,45.3311,312588.2311941844,0
XLE.US,5,20251111,161000,45.3286,45.3335,45.274,45.2988,286487.60907515243,0
XLE.US,5,20251111,161500,45.2988,45.3311,45.2889,45.3186,240097.4848003752,0
XLE.US,5,20251111,162000,45.3187,45.4029,45.3187,45.3881,392663.08416972164,0
XLE.US,5,20251111,162500,45.3856,45.4178,45.3682,45.398,461730.89735363924,0
XLE.US,5,20251111,163000,45.398,45.4104,45.3732,45.3856,246384.6284746428,0
XLE.US,5,20251111,163500,45.3881,45.4476,45.3682,45.4451,277975.65966693644,0
XLE.US,5,20251111,164000,45.4476,45.4476,45.3782,45.4178,252708.0790421208,0
XLE.US,5,20251111,164500,45.4153,45.448,45.3955,45.3984,208415.6863750556,0
XLE.US,5,20251111,165000,45.398,45.4129,45.3782,45.3881,323014.36069443764,0
XLE.US,5,20251111,165500,45.393,45.4798,45.393,45.4798,246834.43054052722,0
XLE.US,5,20251111,170000,45.4823,45.5044,45.4426,45.4922,314339.0302667748,0
XLE.US,5,20251111,170500,45.4922,45.4996,45.455,45.4872,251935.5490365884,0
XLE.US,5,20251111,171000,45.4823,45.5542,45.4823,45.5244,297873.8541958584,0
XLE.US,5,20251111,171500,45.5269,45.6062,45.5269,45.6013,339895.04898765084,0
XLE.US,5,20251111,172000,45.5988,45.6112,45.5492,45.5641,483815.5736736764,0
XLE.US,5,20251111,172500,45.569,45.569,45.5244,45.5343,301990.6524759932,0
XLE.US,5,20251111,173000,45.5318,45.574,45.5219,45.5492,348217.39573132363,0
XLE.US,5,20251111,173500,45.5467,45.5616,45.4922,45.5046,674910.8549377484,0
XLE.US,5,20251111,174000,45.5046,45.5047,45.4744,45.4971,215203.0583557776,0
XLE.US,5,20251111,174500,45.4996,45.517,45.4848,45.512,267482.9675291308,0
XLE.US,5,20251111,175000,45.5145,45.5219,45.4947,45.5195,290985.6297339964,0
XLE.US,5,20251111,175500,45.5219,45.5418,45.517,45.5219,104930.9554773016,0
XLE.US,5,20251111,180000,45.517,45.5205,45.398,45.4996,796815.2829909121,0
XLE.US,5,20251111,180500,45.4996,45.512,45.4724,45.4848,286697.3822359236,0
XLE.US,5,20251111,181000,45.4872,45.5368,45.4848,45.5294,124611.3086469612,0
XLE.US,5,20251111,181500,45.5318,45.5442,45.4748,45.4922,157755.4680488108,0
XLE.US,5,20251111,182000,45.4922,45.5046,45.4649,45.4996,148721.1027882896,0
XLE.US,5,20251111,182500,45.4996,45.5665,45.4922,45.5641,183051.2873683456,0
XLE.US,5,20251111,183000,45.5616,45.5839,45.5542,45.5789,217226.159127446,0
XLE.US,5,20251111,183500,45.5789,45.5864,45.5591,45.5641,202269.73617438402,0
XLE.US,5,20251111,184000,45.5616,45.5765,45.5467,45.574,117973.1983383264,0
XLE.US,5,20251111,184500,45.574,45.5741,45.5378,45.569,173004.3631971788,0
XLE.US,5,20251111,185000,45.5715,45.5913,45.5641,45.5819,189041.9247480616,0
XLE.US,5,20251111,185500,45.5789,45.5889,45.5641,45.5839,235248.49750716402,0
XLE.US,5,20251111,190000,45.5814,45.6161,45.5765,45.6087,237406.74060356,0
XLE.US,5,20251111,190500,45.6087,45.6211,45.5864,45.6161,524217.0776183604,0
XLE.US,5,20251111,191000,45.6161,45.6484,45.6062,45.6434,205087.5544974356,0
XLE.US,5,20251111,191500,45.6459,45.6781,45.6384,45.6756,245791.61588553962,0
XLE.US,5,20251111,192000,45.6745,45.6756,45.6459,45.6508,212385.24003272603,0
XLE.US,5,20251111,192500,45.6508,45.6756,45.6434,45.6731,220433.268027698,0
XLE.US,5,20251111,193000,45.6731,45.6955,45.6558,45.6583,184814.18873867282,0
XLE.US,5,20251111,193500,45.6558,45.6831,45.5566,45.6781,1186755.3501698538,0
XLE.US,5,20251111,194000,45.6806,45.6955,45.6409,45.6484,187232.63123641,0
XLE.US,5,20251111,194500,45.6459,45.6503,45.5244,45.5616,801644.0997878952,0
XLE.US,5,20251111,195000,45.5641,45.574,45.5368,45.5542,457392.2236149964,0
XLE.US,5,20251111,195500,45.5542,45.5913,45.5442,45.5542,348812.4253700496,0
XLE.US,5,20251111,200000,45.5542,45.5542,45.512,45.5244,222760.9432924092,0
XLE.US,5,20251111,200500,45.5269,45.5448,45.5219,45.5368,215164.7344129444,0
XLE.US,5,20251111,201000,45.5368,45.5566,45.5195,45.5318,187654.19460757522,0
XLE.US,5,20251111,201500,45.5318,45.5616,45.5294,45.5368,136360.6226997712,0
XLE.US,5,20251111,202000,45.5393,45.5467,45.512,45.5343,137554.71607646882,0
XLE.US,5,20251111,202500,45.5343,45.572,45.5319,45.5442,140519.7790219848,0
XLE.US,5,20251111,203000,45.5418,45.5542,45.5071,45.5492,186893.7668997796,0
XLE.US,5,20251111,203500,45.5517,45.5517,45.5195,45.5418,84008.09973999721,0
XLE.US,5,20251111,204000,45.5418,45.5666,45.517,45.5219,148858.26216264002,0
XLE.US,5,20251111,204500,45.5219,45.5611,45.5071,45.5517,157590.0699797412,0
XLE.US,5,20251111,205000,45.5492,45.5561,45.5269,45.5542,128770.4649691748,0
XLE.US,5,20251111,205500,45.5517,45.5789,45.512,45.5294,174073.3994972628,0
XLE.US,5,20251111,210000,45.5269,45.5492,45.512,45.5219,116960.63942768081,0
XLE.US,5,20251111,210500,45.5244,45.5418,45.5195,45.5294,125206.3382856872,0
XLE.US,5,20251111,211000,45.5318,45.5368,45.4872,45.4872,232864.34485301442,0
XLE.US,5,20251111,211500,45.4872,45.5219,45.4773,45.4872,264509.8363851236,0
XLE.US,5,20251111,212000,45.4897,45.4922,45.4352,45.4724,348503.8167777612,0
XLE.US,5,20251111,212500,45.4724,45.4823,45.4277,45.4451,268138.5086565408,0
XLE.US,5,20251111,213000,45.4426,45.4426,45.3732,45.3757,555269.5565613664,0
XLE.US,5,20251111,213500,45.3732,45.3831,45.3435,45.3658,591177.073946452,0
XLE.US,5,20251111,214000,45.3633,45.4079,45.3608,45.4054,509115.42709245684,0
XLE.US,5,20251111,214500,45.4054,45.4129,45.3608,45.3757,686510.9073184712,0
XLE.US,5,20251111,215000,45.3782,45.4228,45.3782,45.393,1326982.6569965326,0
XLE.US,5,20251111,215500,45.393,45.393,45.3385,45.3782,4071051.594689696,0
XLE.US,5,20251112,153000,45.0708,45.279,45.0708,45.1328,1915448.8162499412,0
XLE.US,5,20251112,153500,45.1402,45.2245,45.0658,45.1377,1082116.8668878581,0
XLE.US,5,20251112,154000,45.1352,45.2418,45.1253,45.1303,618699.716049558,0
XLE.US,5,20251112,154500,45.1303,45.1476,45.041,45.103,866806.904902072,0
XLE.US,5,20251112,155000,45.103,45.1278,45.0014,45.0311,754344.2861332352,0
XLE.US,5,20251112,155500,45.0361,45.0906,44.9691,45.0311,501938.7645345344,0
XLE.US,5,20251112,160000,45.0162,45.1328,44.9741,45.098,526076.797370582,0
XLE.US,5,20251112,160500,45.098,45.1675,45.0807,45.1476,279593.33346442203,0
XLE.US,5,20251112,161000,45.1476,45.165,45.0683,45.0782,282516.0383678592,0
XLE.US,5,20251112,161500,45.0807,45.0906,45.0435,45.0881,245652.43946156642,0
XLE.US,5,20251112,162000,45.0881,45.1749,45.0881,45.1402,279462.22523894004,0
XLE.US,5,20251112,162500,45.1402,45.1848,45.1129,45.1253,361511.7697951984,0
XLE.US,5,20251112,163000,45.1253,45.1427,45.0311,45.0311,332629.6362463252,0
XLE.US,5,20251112,163500,45.0286,45.0881,45.0113,45.0757,247869.1769970236,0
XLE.US,5,20251112,164000,45.0807,45.0906,44.9766,44.989,235770.9133594692,0
XLE.US,5,20251112,164500,44.9915,45.0039,44.922,44.932,210216.911688216,0
XLE.US,5,20251112,165000,44.932,44.9939,44.9245,44.9766,162658.91568183762,0
XLE.US,5,20251112,165500,44.9766,45.0237,44.9468,45.0178,241021.2935276176,0
XLE.US,5,20251112,170000,45.0162,45.0435,44.9865,44.9964,190766.50217555562,0
XLE.US,5,20251112,170500,44.9964,45.0135,44.9121,44.9394,177217.97985920802,0
XLE.US,5,20251112,171000,44.9369,44.9543,44.8849,44.9543,236499.0682733,0
XLE.US,5,20251112,171500,44.9568,45.0039,44.9568,44.9915,136461.47518091122,0
XLE.US,5,20251112,172000,44.989,45.0039,44.9369,44.9419,174577.6619029628,0
XLE.US,5,20251112,172500,44.9468,44.9667,44.8006,44.8031,240956.747939688,0
XLE.US,5,20251112,173000,44.8055,44.8526,44.7857,44.8229,222278.86843256,0
XLE.US,5,20251112,173500,44.8179,44.8799,44.7832,44.8526,195633.642915372,0
XLE.US,5,20251112,174000,44.8576,44.8915,44.8279,44.8675,150897.4993312908,0
XLE.US,5,20251112,174500,44.8725,44.8973,44.8526,44.8626,146056.58023657082,0
XLE.US,5,20251112,175000,44.8551,44.9369,44.8551,44.9245,130525.2981410108,0
XLE.US,5,20251112,175500,44.927,44.9468,44.922,44.927,122267.4969852676,0
XLE.US,5,20251112,180000,44.932,44.9419,44.8898,44.8973,152301.3658687596,0
XLE.US,5,20251112,180500,44.9022,44.9556,44.9022,44.932,112109.6350848468,0
XLE.US,5,20251112,181000,44.932,44.9468,44.9122,44.9122,125212.3894345556,0
XLE.US,5,20251112,181500,44.9167,44.9592,44.9072,44.9568,101485.83472155921,0
XLE.US,5,20251112,182000,44.9568,45.0088,44.932,44.9419,89587.258996662,0
XLE.US,5,20251112,182500,44.9419,44.9667,44.932,44.9518,51840.1923555828,0
XLE.US,5,20251112,183000,44.9518,44.9766,44.9419,44.9518,62980.35742230721,0
XLE.US,5,20251112,183500,44.9468,44.9592,44.932,44.9369,67548.9748179492,0
XLE.US,5,20251112,184000,44.9394,44.9469,44.9135,44.9171,79385.0220045396,0
XLE.US,5,20251112,184500,44.9171,44.9419,44.9171,44.932,124639.5473416804,0
XLE.US,5,20251112,185000,44.9295,44.9468,44.9022,44.932,129881.85931133761,0
XLE.US,5,20251112,185500,44.9419,44.9617,44.932,44.9468,103131.747213764,0
XLE.US,5,20251112,190000,44.9518,44.989,44.927,44.9394,245721.01914874162,0
XLE.US,5,20251112,190500,44.9369,44.9369,44.8898,44.8973,119580.786887698,0
XLE.US,5,20251112,191000,44.8973,44.9171,44.8725,44.9156,81561.4185475408,0
XLE.US,5,20251112,191500,44.9171,44.9298,44.8923,44.8923,130571.69028233521,0
XLE.US,5,20251112,192000,44.8898,44.8997,44.8576,44.8973,114225.520139164,0
XLE.US,5,20251112,192500,44.9022,44.9121,44.87,44.8898,83453.4110937272,0
XLE.US,5,20251112,193000,44.8923,44.927,44.8923,44.9196,61810.4686410832,0
XLE.US,5,20251112,193500,44.922,44.9419,44.9171,44.9419,144463.1110345588,0
XLE.US,5,20251112,194000,44.9444,44.9468,44.8749,44.8799,187293.14272509402,0
XLE.US,5,20251112,194500,44.8824,44.9022,44.8576,44.8647,126934.94981242681,0
XLE.US,5,20251112,195000,44.8626,44.8898,44.8378,44.8873,167883.07420488962,0
XLE.US,5,20251112,195500,44.8873,44.8898,44.8279,44.8749,246646.84492560683,0
XLE.US,5,20251112,200000,44.87,44.8898,44.8477,44.87,154203.44366306,0
XLE.US,5,20251112,200500,44.87,44.8824,44.8179,44.8179,169258.7020476392,0
XLE.US,5,20251112,201000,44.8229,44.8254,44.8006,44.808,223400.3480228368,0
XLE.US,5,20251112,201500,44.808,44.8105,44.751,44.7659,253912.25766693242,0
XLE.US,5,20251112,202000,44.7684,44.8031,44.7661,44.7789,202880.9022100924,0
XLE.US,5,20251112,202500,44.7783,44.7981,44.7708,44.7931,114509.9241359788,0
XLE.US,5,20251112,203000,44.7931,44.7981,44.7733,44.7844,154310.34729306842,0
XLE.US,5,20251112,203500,44.7857,44.8055,44.7758,44.7832,83749.9173882788,0
XLE.US,5,20251112,204000,44.7832,44.7832,44.7064,44.7213,187791.3539819256,0
XLE.US,5,20251112,204500,44.7237,44.7659,44.7213,44.7337,186807.03376599922,0
XLE.US,5,20251112,205000,44.7295,44.7436,44.7113,44.7411,118479.4777936492,0
XLE.US,5,20251112,205500,44.7407,44.7634,44.7039,44.7213,137746.3357906348,0
XLE.US,5,20251112,210000,44.7188,44.7361,44.6791,44.7014,112987.0516707648,0
XLE.US,5,20251112,210500,44.7014,44.7329,44.694,44.7213,239070.80654237,0
XLE.US,5,20251112,211000,44.7237,44.7907,44.7237,44.7857,146476.1265581132,0
XLE.US,5,20251112,211500,44.7857,44.808,44.7659,44.8055,128072.56579968601,0
XLE.US,5,20251112,212000,44.808,44.8378,44.7808,44.8328,219616.362930464,0
XLE.US,5,20251112,212500,44.8303,44.8502,44.8179,44.8279,195663.898659714,0
XLE.US,5,20251112,213000,44.8229,44.8229,44.7904,44.8204,532878.2886986636,0
XLE.US,5,20251112,213500,44.8204,44.8204,44.7652,44.7801,396654.82537324284,0
XLE.US,5,20251112,214000,44.7832,44.808,44.7753,44.8055,355224.6261209308,0
XLE.US,5,20251112,214500,44.8051,44.8118,44.7584,44.7659,616087.636788032,0
XLE.US,5,20251112,215000,44.7684,44.7931,44.7535,44.7758,1240981.7122292088,0
XLE.US,5,20251112,215500,44.7733,44.7783,44.7039,44.7337,3714463.4430237524,0
XLE.US,5,20251113,153000,44.8799,45.1055,44.8675,45.0039,974255.138308628,0
XLE.US,5,20251113,153500,45.0063,45.1005,44.9709,45.0609,530322.686826576,0
XLE.US,5,20251113,154000,45.0559,45.0708,44.9741,44.9915,439918.52273268,0
XLE.US,5,20251113,154500,44.9915,45.1104,44.9815,45.046,297532.97280960524,0
XLE.US,5,20251113,155000,45.0509,45.0807,44.9568,44.9691,357915.370317746,0
XLE.US,5,20251113,155500,44.9691,44.9939,44.927,44.932,280081.4594731396,0
XLE.US,5,20251113,160000,44.9295,44.9964,44.9047,44.9964,374138.5004339264,0
XLE.US,5,20251113,160500,44.9964,45.0658,44.9667,45.046,311418.3424129604,0
XLE.US,5,20251113,161000,45.048,45.0906,45.041,45.0906,635134.6363761325,0
XLE.US,5,20251113,161500,45.0906,45.16,45.0757,45.1426,213551.0947147044,0
XLE.US,5,20251113,162000,45.1451,45.1727,45.1228,45.1675,198015.7785198988,0
XLE.US,5,20251113,162500,45.1675,45.1699,45.1129,45.1377,260635.08405972482,0
XLE.US,5,20251113,163000,45.1402,45.1898,45.1055,45.1204,250089.9486317264,0
XLE.US,5,20251113,163500,45.1154,45.146,45.0782,45.1352,213889.95905133482,0
XLE.US,5,20251113,164000,45.1377,45.1848,45.1104,45.1823,202235.4463307964,0
XLE.US,5,20251113,164500,45.1838,45.2146,45.165,45.165,216393.11763322962,0
XLE.US,5,20251113,165000,45.1675,45.2443,45.1501,45.2046,361731.6282040836,0
XLE.US,5,20251113,165500,45.2071,45.2443,45.1997,45.2393,170880.40994437042,0
XLE.US,5,20251113,170000,45.2418,45.2517,45.1377,45.1402,208197.84501579322,0
XLE.US,5,20251113,170500,45.1377,45.165,45.0683,45.1501,184755.6942996116,0
XLE.US,5,20251113,171000,45.1451,45.2393,45.1278,45.1551,710858.71331529,0
XLE.US,5,20251113,171500,45.1501,45.2096,45.1402,45.1823,209454.46693079761,0
XLE.US,5,20251113,172000,45.1799,45.1927,45.1253,45.16,101913.44924159281,0
XLE.US,5,20251113,172500,45.1551,45.1947,45.1179,45.1675,556909.4179047028,0
XLE.US,5,20251113,173000,45.1675,45.2641,45.1526,45.2369,443363.64348842244,0
XLE.US,5,20251113,173500,45.2393,45.2493,45.1253,45.1303,358839.1790449884,0
XLE.US,5,20251113,174000,45.1303,45.1451,45.1005,45.1377,115010.1524424332,0
XLE.US,5,20251113,174500,45.1402,45.165,45.098,45.16,286417.0123383544,0
XLE.US,5,20251113,175000,45.1578,45.1699,45.1129,45.1303,148894.5690558504,0
XLE.US,5,20251113,175500,45.1328,45.1672,45.0881,45.165,126035.345680658,0
XLE.US,5,20251113,180000,45.165,45.2019,45.1005,45.1947,336332.939353786,0
XLE.US,5,20251113,180500,45.1898,45.2195,45.1352,45.1451,143593.762647132,0
XLE.US,5,20251113,181000,45.1451,45.165,45.1228,45.1228,116936.4348322072,0
XLE.US,5,20251113,181500,45.1278,45.1476,45.0881,45.108,158322.2589928176,0
XLE.US,5,20251113,182000,45.1085,45.1419,45.0881,45.1278,143361.80194051002,0
XLE.US,5,20251113,182500,45.1303,45.1526,45.0757,45.1501,94629.88305366201,0
XLE.US,5,20251113,183000,45.1501,45.1848,45.1501,45.165,95410.4812576856,0
XLE.US,5,20251113,183500,45.1699,45.1749,45.1077,45.1253,116581.4340985944,0
XLE.US,5,20251113,184000,45.1253,45.1476,45.0708,45.1402,159248.0847696828,0
XLE.US,5,20251113,184500,45.1401,45.1551,45.0832,45.1104,244656.0169479032,0
XLE.US,5,20251113,185000,45.1154,45.1799,45.0956,45.165,206418.80724848362,0
XLE.US,5,20251113,185500,45.165,45.1675,45.108,45.1352,367098.99725035444,0
XLE.US,5,20251113,190000,45.1402,45.1724,45.1377,45.1575,301337.128398206,0
XLE.US,5,20251113,190500,45.16,45.1947,45.1526,45.1922,206388.55150414162,0
XLE.US,5,20251113,191000,45.1997,45.217,45.1675,45.1774,152390.1160521628,0
XLE.US,5,20251113,191500,45.1774,45.1873,45.1501,45.1675,294606.2338069224,0
XLE.US,5,20251113,192000,45.1675,45.1898,45.1451,45.1526,280234.7552444724,0
XLE.US,5,20251113,192500,45.1526,45.1526,45.098,45.1104,295991.946897786,0
XLE.US,5,20251113,193000,45.108,45.108,45.0212,45.0212,688554.1785863676,0
XLE.US,5,20251113,193500,45.0262,45.0311,44.9518,44.9766,306910.23650600243,0
XLE.US,5,20251113,194000,44.9815,45.0361,44.9617,44.9989,310218.1978873944,0
XLE.US,5,20251113,194500,44.9989,45.0212,44.9815,44.9964,184628.6201733752,0
XLE.US,5,20251113,195000,44.9989,45.0212,44.9791,44.9865,127251.6266032064,0
XLE.US,5,20251113,195500,44.9865,44.9964,44.9592,44.9716,144691.0376419352,0
XLE.US,5,20251113,200000,44.9667,45.0014,44.9493,44.9766,153334.0952756332,0
XLE.US,5,20251113,200500,44.9766,45.0262,44.9667,44.9865,165103.5798246712,0
XLE.US,5,20251113,201000,44.9865,45.0085,44.9642,44.9691,142879.7270806608,0
XLE.US,5,20251113,201500,44.9667,44.9964,44.9419,44.9419,134555.3632873652,0
XLE.US,5,20251113,202000,44.9344,44.9468,44.8824,44.8973,405731.5486758428,0
XLE.US,5,20251113,202500,44.8973,44.9171,44.8427,44.9171,206931.13785267482,0
XLE.US,5,20251113,203000,44.9171,44.9171,44.8725,44.8849,197154.49833096322,0
XLE.US,5,20251113,203500,44.8849,44.8951,44.8031,44.8378,174230.7293678412,0
XLE.US,5,20251113,204000,44.8353,44.8353,44.751,44.813,240079.33135377002,0
XLE.US,5,20251113,204500,44.8155,44.8328,44.7907,44.7931,230689.965359636,0
XLE.US,5,20251113,205000,44.7981,44.8229,44.7733,44.7733,176035.98878024722,0
XLE.US,5,20251113,205500,44.7708,44.8055,44.7262,44.7758,216209.56611755482,0
XLE.US,5,20251113,210000,44.7783,44.7783,44.7237,44.7337,153368.3851192208,0
XLE.US,5,20251113,210500,44.7337,44.7634,44.7113,44.7535,144616.4068058916,0
XLE.US,5,20251113,211000,44.756,44.7634,44.6717,44.6915,136911.2772467956,0
XLE.US,5,20251113,211500,44.694,44.7337,44.6866,44.694,301696.1632310644,0
XLE.US,5,20251113,212000,44.694,44.7039,44.6568,44.694,189213.3739659996,0
XLE.US,5,20251113,212500,44.6965,44.7386,44.689,44.7337,158517.9128062292,0
XLE.US,5,20251113,213000,44.7386,44.8254,44.7386,44.8179,809625.5651453148,0
XLE.US,5,20251113,213500,44.8155,44.8626,44.813,44.8526,676635.4323652424,0
XLE.US,5,20251113,214000,44.8526,44.8774,44.8179,44.8201,332948.3300867276,0
XLE.US,5,20251113,214500,44.8204,44.8378,44.7907,44.7907,618088.5500138496,0
XLE.US,5,20251113,215000,44.7931,44.8378,44.7485,44.8105,1224508.4679598012,0
XLE.US,5,20251113,215500,44.8105,44.8675,44.7733,44.8626,3989974.2680516276,0
XLE.US,5,20251114,153000,45.0609,45.0956,44.8502,44.8898,1269827.5388848716,0
XLE.US,5,20251114,153500,44.8873,44.9617,44.6196,44.6395,1180788.9173856112,0
XLE.US,5,20251114,154000,44.6345,44.6593,44.5279,44.6519,561219.8529486264,0
XLE.US,5,20251114,154500,44.6494,44.813,44.6395,44.7535,877793.7741974636,0
XLE.US,5,20251114,155000,44.7485,44.8675,44.7287,44.8031,391993.42369495204,0
XLE.US,5,20251114,155500,44.808,44.87,44.7312,44.87,298293.4005174008,0
XLE.US,5,20251114,160000,44.8774,44.9196,44.8427,44.9072,258357.83503558362,0
XLE.US,5,20251114,160500,44.9121,44.9716,44.8526,44.8774,321194.981934672,0
XLE.US,5,20251114,161000,44.8749,44.9022,44.8229,44.8328,284690.4178612376,0
XLE.US,5,20251114,161500,44.8303,44.8477,44.756,44.8179,197531.6866104268,0
XLE.US,5,20251114,162000,44.8179,44.9419,44.8179,44.8997,157884.55922467,0
XLE.US,5,20251114,162500,44.8973,45.0262,44.8824,45.0262,291241.795036092,0
XLE.US,5,20251114,163000,45.0212,45.0881,45.0014,45.0807,337904.22100994724,0
XLE.US,5,20251114,163500,45.0807,45.1501,45.0708,45.1055,426259.06268707843,0
XLE.US,5,20251114,164000,45.1005,45.1055,45.0509,45.0782,389135.2643794444,0
XLE.US,5,20251114,164500,45.0757,45.1823,45.0757,45.1799,295173.0247509292,0
XLE.US,5,20251114,165000,45.1848,45.274,45.1774,45.274,412888.0407375372,0
XLE.US,5,20251114,165500,45.2765,45.3137,45.2393,45.3137,214442.630647982,0
XLE.US,5,20251114,170000,45.3187,45.336,45.284,45.3162,229179.1951921588,0
XLE.US,5,20251114,170500,45.3137,45.3484,45.2815,45.3484,320156.20137893,0
XLE.US,5,20251114,171000,45.3509,45.393,45.3385,45.3806,366818.6273527852,0
XLE.US,5,20251114,171500,45.3806,45.3906,45.3311,45.3906,181992.33631637561,0
XLE.US,5,20251114,172000,45.3881,45.4724,45.3608,45.4699,192569.7445383388,0
XLE.US,5,20251114,172500,45.4648,45.5095,45.4624,45.4823,294162.4828899064,0
XLE.US,5,20251114,173000,45.4823,45.512,45.4724,45.4971,149322.183575884,0
XLE.US,5,20251114,173500,45.5046,45.5839,45.5046,45.5814,138081.1660280196,0
XLE.US,5,20251114,174000,45.5789,45.5913,45.5195,45.5294,169422.083067086,0
XLE.US,5,20251114,174500,45.5318,45.569,45.5021,45.5641,236178.35738327482,0
XLE.US,5,20251114,175000,45.5666,45.5913,45.5442,45.5542,177982.44166624921,0
XLE.US,5,20251114,175500,45.5566,45.604,45.5467,45.5843,179025.2563212368,0
XLE.US,5,20251114,180000,45.5814,45.5839,45.4996,45.5343,290398.6682937616,0
XLE.US,5,20251114,180500,45.5318,45.5616,45.512,45.5195,288153.6920635852,0
XLE.US,5,20251114,181000,45.5219,45.5393,45.4674,45.4872,199542.6850843584,0
XLE.US,5,20251114,181500,45.4922,45.5814,45.4872,45.5814,362215.7201135556,0
XLE.US,5,20251114,182000,45.5765,45.604,45.5492,45.5517,134519.05639415482,0
XLE.US,5,20251114,182500,45.5566,45.5591,45.5195,45.5566,223789.6386000372,0
XLE.US,5,20251114,183000,45.5566,45.5765,45.5269,45.5715,125470.57178627401,0
XLE.US,5,20251114,183500,45.5666,45.626,45.5666,45.626,137562.78427496,0
XLE.US,5,20251114,184000,45.6285,45.6285,45.5913,45.5963,117537.5156198016,0
XLE.US,5,20251114,184500,45.5963,45.626,45.5882,45.6161,333628.07580961124,0
XLE.US,5,20251114,185000,45.6137,45.6211,45.5789,45.6037,212365.06953649802,0
XLE.US,5,20251114,185500,45.6037,45.6384,45.6037,45.6186,263220.94167615444,0
XLE.US,5,20251114,190000,45.6186,45.6186,45.5393,45.5789,110832.8426736144,0
XLE.US,5,20251114,190500,45.5765,45.6211,45.5616,45.5864,149394.79736230482,0
XLE.US,5,20251114,191000,45.5913,45.631,45.574,45.626,191472.4695435356,0
XLE.US,5,20251114,191500,45.6211,45.6211,45.5584,45.5687,195385.5458117676,0
XLE.US,5,20251114,192000,45.5666,45.5666,45.5039,45.517,177754.5150588728,0
XLE.US,5,20251114,192500,45.5219,45.569,45.4971,45.569,108587.866443438,0
XLE.US,5,20251114,193000,45.5616,45.6062,45.5542,45.5913,195143.49985703162,0
XLE.US,5,20251114,193500,45.5913,45.6112,45.5294,45.5393,132582.6887562668,0
XLE.US,5,20251114,194000,45.5418,45.5566,45.5046,45.5294,200851.7502895556,0
XLE.US,5,20251114,194500,45.5318,45.5418,45.4823,45.4872,101665.3521379884,0
XLE.US,5,20251114,195000,45.4922,45.5765,45.4872,45.5765,178710.59658008002,0
XLE.US,5,20251114,195500,45.5765,45.5963,45.5492,45.5616,137913.7509093272,0
XLE.US,5,20251114,200000,45.5616,45.6161,45.517,45.5318,208427.7886727924,0
XLE.US,5,20251114,200500,45.5343,45.5467,45.4872,45.4996,150677.6409224056,0
XLE.US,5,20251114,201000,45.4999,45.5715,45.4996,45.5715,116855.75284729521,0
XLE.US,5,20251114,201500,45.5715,45.5864,45.5566,45.5666,63246.6079725168,0
XLE.US,5,20251114,202000,45.5666,45.6062,45.5616,45.6013,382483.03472345,0
XLE.US,5,20251114,202500,45.5963,45.6013,45.5765,45.5839,156260.834278316,0
XLE.US,5,20251114,203000,45.5814,45.5913,45.5492,45.5517,110552.47277604521,0
XLE.US,5,20251114,203500,45.5517,45.6161,45.5393,45.6062,110227.72778677441,0
XLE.US,5,20251114,204000,45.6096,45.6484,45.6038,45.626,204940.30987497122,0
XLE.US,5,20251114,204500,45.6236,45.6608,45.6137,45.6186,163855.026108158,0
XLE.US,5,20251114,205000,45.6211,45.693,45.6211,45.688,136757.98147546282,0
XLE.US,5,20251114,205500,45.6905,45.7202,45.6756,45.7078,209389.921342868,0
XLE.US,5,20251114,210000,45.7054,45.7103,45.6707,45.7078,212780.5817587948,0
XLE.US,5,20251114,210500,45.7054,45.7128,45.6335,45.6409,127917.25297873041,0
XLE.US,5,20251114,211000,45.6409,45.6583,45.6137,45.631,125710.60069138721,0
XLE.US,5,20251114,211500,45.631,45.6459,45.6062,45.6335,197021.37305585842,0
XLE.US,5,20251114,212000,45.636,45.6484,45.5913,45.6186,479293.34841935884,0
XLE.US,5,20251114,212500,45.6186,45.631,45.5963,45.6161,232614.2306997872,0
XLE.US,5,20251114,213000,45.6161,45.6657,45.6105,45.6384,284593.5994793432,0
XLE.US,5,20251114,213500,45.6409,45.6756,45.6409,45.6707,329128.0381011444,0
XLE.US,5,20251114,214000,45.6756,45.6756,45.6013,45.6137,661935.174714276,0
XLE.US,5,20251114,214500,45.6112,45.6409,45.5616,45.5616,514424.3016996664,0
XLE.US,5,20251114,215000,45.5616,45.6583,45.5467,45.6285,2299031.1430178173,0
XLE.US,5,20251114,215500,45.626,45.636,45.5814,45.6211,4650525.746724662,0
XLE.US,5,20251117,153000,45.5566,45.5814,45.2716,45.3881,1863947.4882309888,0
XLE.US,5,20251117,153500,45.3881,45.4674,45.3707,45.3732,944618.6282008276,0
XLE.US,5,20251117,154000,45.3682,45.4159,45.2468,45.3955,464153.37395062204,0
XLE.US,5,20251117,154500,45.3955,45.4798,45.3509,45.3534,383219.257835772,0
XLE.US,5,20251117,155000,45.3509,45.4029,45.2939,45.3955,324989.0522751588,0
XLE.US,5,20251117,155500,45.393,45.45,45.3286,45.4401,289670.5133799308,0
XLE.US,5,20251117,160000,45.4401,45.512,45.4277,45.4451,729288.4957188136,0
XLE.US,5,20251117,160500,45.4426,45.45,45.3236,45.3682,608884.7525850133,0
XLE.US,5,20251117,161000,45.3732,45.4079,45.3261,45.3385,347291.5699544584,0
XLE.US,5,20251117,161500,45.3385,45.3955,45.3261,45.3311,281489.360109854,0
XLE.US,5,20251117,162000,45.3311,45.3881,45.3112,45.3782,909523.9818137304,0
XLE.US,5,20251117,162500,45.3831,45.4055,45.341,45.398,195635.65996499482,0
XLE.US,5,20251117,163000,45.393,45.3955,45.3314,45.3583,166013.269204554,0
XLE.US,5,20251117,163500,45.3707,45.4178,45.3583,45.3782,74120.5224890316,0
XLE.US,5,20251117,164000,45.3732,45.4178,45.3435,45.4129,179567.84266977,0
XLE.US,5,20251117,164500,45.4129,45.4253,45.3831,45.393,77747.177710826,0
XLE.US,5,20251117,165000,45.393,45.393,45.3038,45.3088,320686.68542972644,0
XLE.US,5,20251117,165500,45.3088,45.3236,45.2592,45.2666,349833.05247918644,0
XLE.US,5,20251117,170000,45.2666,45.274,45.2418,45.2493,202402.86144948882,0
XLE.US,5,20251117,170500,45.2493,45.2719,45.2121,45.2592,263261.2826686104,0
XLE.US,5,20251117,171000,45.2542,45.2964,45.2393,45.2567,201420.5582831852,0
XLE.US,5,20251117,171500,45.2567,45.2691,45.2071,45.2641,104043.4536432696,0
XLE.US,5,20251117,172000,45.2691,45.3137,45.2493,45.2939,124248.2397148572,0
XLE.US,5,20251117,172500,45.2939,45.3385,45.284,45.3335,379929.44990098523,0
XLE.US,5,20251117,173000,45.3385,45.3558,45.2691,45.274,177958.23707077562,0
XLE.US,5,20251117,173500,45.2765,45.3286,45.2493,45.3286,334461.1173038276,0
XLE.US,5,20251117,174000,45.3236,45.3236,45.2914,45.3088,364057.286419172,0
XLE.US,5,20251117,174500,45.3088,45.3484,45.3038,45.3286,79937.69360118681,0
XLE.US,5,20251117,175000,45.3286,45.341,45.3088,45.3236,388348.6150265524,0
XLE.US,5,20251117,175500,45.3236,45.3236,45.2964,45.3236,93330.90309657881,0
XLE.US,5,20251117,180000,45.3236,45.3757,45.3162,45.3682,148838.09166641202,0
XLE.US,5,20251117,180500,45.3732,45.3881,45.3558,45.3658,118979.7061001036,0
XLE.US,5,20251117,181000,45.3682,45.4352,45.3534,45.4178,142813.1644431084,0
XLE.US,5,20251117,181500,45.4178,45.4228,45.3831,45.398,153406.709062054,0
XLE.US,5,20251117,182000,45.398,45.45,45.3906,45.4476,158241.5770079056,0
XLE.US,5,20251117,182500,45.45,45.4674,45.4327,45.4674,126551.71038409481,0
XLE.US,5,20251117,183000,45.4724,45.4767,45.4426,45.4575,190829.03071386242,0
XLE.US,5,20251117,183500,45.4624,45.4773,45.4475,45.4476,389407.5660785224,0
XLE.US,5,20251117,184000,45.4476,45.45,45.4203,45.4352,325227.0641306492,0
XLE.US,5,20251117,184500,45.4327,45.4327,45.393,45.4129,218708.69060020402,0
XLE.US,5,20251117,185000,45.4129,45.4153,45.3682,45.3682,125579.4924659052,0
XLE.US,5,20251117,185500,45.3707,45.3707,45.3088,45.3088,98391.680600184,0
XLE.US,5,20251117,190000,45.3137,45.3137,45.2146,45.2146,163070.39380488882,0
XLE.US,5,20251117,190500,45.2146,45.2468,45.1848,45.2146,480426.9303073724,0
XLE.US,5,20251117,191000,45.2121,45.2939,45.2121,45.2914,130224.7577472136,0
XLE.US,5,20251117,191500,45.2939,45.2951,45.2493,45.274,110411.27930244921,0
XLE.US,5,20251117,192000,45.274,45.284,45.2269,45.2369,117565.7543145208,0
XLE.US,5,20251117,192500,45.2369,45.2443,45.1997,45.2096,136116.5596954124,0
XLE.US,5,20251117,193000,45.2046,45.2121,45.1749,45.1947,166467.105369684,0
XLE.US,5,20251117,193500,45.1997,45.2096,45.1704,45.1749,96094.26107981481,0
XLE.US,5,20251117,194000,45.1724,45.1724,45.0956,45.1328,328401.9002369364,0
XLE.US,5,20251117,194500,45.1303,45.1947,45.1253,45.1551,163572.639160966,0
XLE.US,5,20251117,195000,45.1576,45.1699,45.1204,45.1253,89187.88317134761,0
XLE.US,5,20251117,195500,45.1253,45.1253,45.0584,45.0584,260245.7934825244,0
XLE.US,5,20251117,200000,45.0559,45.0807,44.9915,45.0286,205825.79465938042,0
XLE.US,5,20251117,200500,45.0262,45.0262,44.9691,44.9691,169946.515969014,0
XLE.US,5,20251117,201000,44.9667,44.9865,44.9419,44.9493,181760.3756097536,0
XLE.US,5,20251117,201500,44.9518,44.9667,44.927,44.9369,214168.31189928122,0
XLE.US,5,20251117,202000,44.9369,44.9518,44.9121,44.9295,272475.1653455608,0
XLE.US,5,20251117,202500,44.9295,44.9394,44.8973,44.9121,212889.50243842602,0
XLE.US,5,20251117,203000,44.9072,44.9196,44.8799,44.8873,269253.9370979492,0
XLE.US,5,20251117,203500,44.8873,44.9394,44.8526,44.8526,269574.6479879744,0
XLE.US,5,20251117,204000,44.8551,44.8551,44.7832,44.8179,275377.69975277,0
XLE.US,5,20251117,204500,44.8179,44.8204,44.7783,44.813,193094.17744026682,0
XLE.US,5,20251117,205000,44.8105,44.8287,44.7463,44.749,190151.30204060161,0
XLE.US,5,20251117,205500,44.7485,44.7584,44.6494,44.6593,245480.99024362842,0
XLE.US,5,20251117,210000,44.6593,44.6642,44.6097,44.6221,679860.6947120996,0
XLE.US,5,20251117,210500,44.6196,44.6717,44.6171,44.6444,296903.6533272916,0
XLE.US,5,20251117,211000,44.6444,44.7039,44.6444,44.6598,284642.0086702904,0
XLE.US,5,20251117,211500,44.6642,44.7485,44.6593,44.7386,436392.71999202564,0
XLE.US,5,20251117,212000,44.7337,44.7609,44.7039,44.7199,387180.7432949512,0
XLE.US,5,20251117,212500,44.7213,44.7609,44.7188,44.7609,485164.9798713296,0
XLE.US,5,20251117,213000,44.7634,44.7808,44.7113,44.7262,400961.22631792084,0
XLE.US,5,20251117,213500,44.7262,44.7733,44.7138,44.7237,661525.7136408476,0
XLE.US,5,20251117,214000,44.7188,44.7698,44.6667,44.7684,739815.4777002068,0
XLE.US,5,20251117,214500,44.7634,44.8378,44.7609,44.7758,692707.2837597128,0
XLE.US,5,20251117,215000,44.7783,44.8378,44.7659,44.8328,1443301.8746441628,0
XLE.US,5,20251117,215500,44.8279,44.8502,44.7684,44.7832,4946804.114668886,0
XLE.US,5,20251118,153000,44.5948,44.7956,44.4709,44.7188,996797.6848930408,0
XLE.US,5,20251118,153500,44.7163,44.7931,44.5403,44.7907,804250.1279005528,0
XLE.US,5,20251118,154000,44.7931,44.7956,44.6742,44.7659,378573.9925544636,0
XLE.US,5,20251118,154500,44.7684,44.8626,44.7659,44.813,505636.0164931268,0
XLE.US,5,20251118,155000,44.8055,44.813,44.5651,44.6717,533005.3628249001,0
XLE.US,5,20251118,155500,44.6692,44.7163,44.6345,44.6543,263370.20334824163,0
XLE.US,5,20251118,160000,44.6543,44.7237,44.6395,44.6444,445150.7494542232,0
XLE.US,5,20251118,160500,44.6395,44.694,44.5676,44.6147,686057.0711533412,0
XLE.US,5,20251118,161000,44.6147,44.6841,44.575,44.6593,292921.9973718844,0
XLE.US,5,20251118,161500,44.6543,44.6642,44.575,44.5849,295860.838672304,0
XLE.US,5,20251118,162000,44.575,44.7287,44.575,44.6692,378965.3001812868,0
XLE.US,5,20251118,162500,44.6692,44.7337,44.6221,44.6469,427870.6853356956,0
XLE.US,5,20251118,163000,44.6444,44.6915,44.6271,44.6469,336831.1506106176,0
XLE.US,5,20251118,163500,44.6494,44.6965,44.6196,44.6965,335376.8578325788,0
XLE.US,5,20251118,164000,44.694,44.7386,44.637,44.6692,306079.2120614088,0
XLE.US,5,20251118,164500,44.6692,44.7064,44.6122,44.637,192065.4821326388,0
XLE.US,5,20251118,165000,44.6345,44.6841,44.6196,44.6271,442383.3573717416,0
XLE.US,5,20251118,165500,44.6246,44.6915,44.6196,44.6246,308771.9733078468,0
XLE.US,5,20251118,170000,44.6196,44.6593,44.5651,44.5899,507536.0772378044,0
XLE.US,5,20251118,170500,44.5899,44.6494,44.5601,44.6469,445582.3980735024,0
XLE.US,5,20251118,171000,44.6469,44.6841,44.6221,44.6221,338354.02307583165,0
XLE.US,5,20251118,171500,44.6196,44.6469,44.5849,44.6196,361925.2649678724,0
XLE.US,5,20251118,172000,44.6147,44.7411,44.6097,44.7312,189582.49404697202,0
XLE.US,5,20251118,172500,44.7337,44.7584,44.7237,44.7584,253014.67058478642,0
XLE.US,5,20251118,173000,44.7609,44.7832,44.7287,44.751,290993.6979324876,0
XLE.US,5,20251118,173500,44.7485,44.7832,44.7237,44.756,150453.7484142748,0
XLE.US,5,20251118,174000,44.7485,44.7783,44.7138,44.7783,156172.0840949128,0
XLE.US,5,20251118,174500,44.7832,44.8031,44.746,44.7857,242499.79090113,0
XLE.US,5,20251118,175000,44.7783,44.7907,44.7188,44.7436,152355.82620857522,0
XLE.US,5,20251118,175500,44.7436,44.8031,44.7436,44.7832,118556.1256793156,0
XLE.US,5,20251118,180000,44.7832,44.8031,44.7634,44.7684,180372.6454692672,0
XLE.US,5,20251118,180500,44.7684,44.7832,44.7188,44.7386,157628.3939225744,0
XLE.US,5,20251118,181000,44.7386,44.7634,44.7138,44.7237,107615.64852524841,0
XLE.US,5,20251118,181500,44.7262,44.7584,44.7113,44.7535,136483.662726762,0
XLE.US,5,20251118,182000,44.7535,44.7981,44.7188,44.7287,125662.19150044,0
XLE.US,5,20251118,182500,44.7237,44.7324,44.6667,44.6791,201019.16540824802,0
XLE.US,5,20251118,183000,44.6742,44.7287,44.6543,44.7287,180144.7188618908,0
XLE.US,5,20251118,183500,44.7237,44.8725,44.7213,44.87,272882.60936936643,0
XLE.US,5,20251118,184000,44.8749,44.9369,44.8749,44.9047,328208.26347314764,0
XLE.US,5,20251118,184500,44.9047,44.9419,44.8773,44.9419,201228.9385690192,0
XLE.US,5,20251118,185000,44.9419,44.9964,44.9097,44.9964,200032.82814269883,0
XLE.US,5,20251118,185500,44.9989,45.1179,44.9989,45.0881,343035.5952503504,0
XLE.US,5,20251118,190000,45.0906,45.1352,45.0733,45.1104,323708.2257646808,0
XLE.US,5,20251118,190500,45.1104,45.2617,45.1104,45.1352,538273.8964396536,0
XLE.US,5,20251118,191000,45.1352,45.1799,45.1352,45.1526,142189.8961096632,0
XLE.US,5,20251118,191500,45.1551,45.1848,45.1228,45.1749,198068.2218100916,0
XLE.US,5,20251118,192000,45.1749,45.1749,45.1278,45.1451,117109.901099768,0
XLE.US,5,20251118,192500,45.1451,45.1451,45.0807,45.0832,255909.1367935044,0
XLE.US,5,20251118,193000,45.0857,45.1501,45.0857,45.1402,113642.59279817481,0
XLE.US,5,20251118,193500,45.1476,45.16,45.0782,45.16,163495.9912752996,0
XLE.US,5,20251118,194000,45.16,45.2245,45.1402,45.165,198891.178056194,0
XLE.US,5,20251118,194500,45.165,45.2096,45.138,45.2046,106165.3898464552,0
XLE.US,5,20251118,195000,45.1997,45.2641,45.1898,45.2319,85879.92178995561,0
XLE.US,5,20251118,195500,45.2294,45.2294,45.1154,45.141,299931.2448111144,0
XLE.US,5,20251118,200000,45.1402,45.1823,45.1104,45.1253,274292.5270557036,0
XLE.US,5,20251118,200500,45.1253,45.1427,45.1104,45.1402,118418.9663049652,0
XLE.US,5,20251118,201000,45.1451,45.1501,45.0931,45.1427,137911.7338597044,0
XLE.US,5,20251118,201500,45.1451,45.1699,45.1055,45.1575,113505.4334238244,0
XLE.US,5,20251118,202000,45.16,45.16,45.0733,45.0757,157009.1596883748,0
XLE.US,5,20251118,202500,45.0757,45.1027,45.0311,45.0609,124024.34720672641,0
XLE.US,5,20251118,203000,45.0584,45.1104,45.0584,45.0757,128133.07728837001,0
XLE.US,5,20251118,203500,45.0807,45.1402,45.0782,45.108,273314.25798864564,0
XLE.US,5,20251118,204000,45.1104,45.1253,45.0683,45.0807,120403.74313380041,0
XLE.US,5,20251118,204500,45.0906,45.1501,45.0832,45.1253,102609.33136145881,0
XLE.US,5,20251118,205000,45.1253,45.16,45.1104,45.1328,152127.89960119882,0
XLE.US,5,20251118,205500,45.1377,45.1873,45.1352,45.1823,175660.8175504064,0
XLE.US,5,20251118,210000,45.1823,45.2468,45.1799,45.2245,327034.340592678,0
XLE.US,5,20251118,210500,45.222,45.2319,45.2022,45.2146,271515.049725108,0
XLE.US,5,20251118,211000,45.2146,45.2468,45.2071,45.2369,269491.9489534396,0
XLE.US,5,20251118,211500,45.2344,45.2493,45.2046,45.2096,163923.60579533322,0
XLE.US,5,20251118,212000,45.2096,45.2418,45.2046,45.2195,150584.85663975682,0
XLE.US,5,20251118,212500,45.222,45.222,45.1675,45.1947,169960.6353163736,0
XLE.US,5,20251118,213000,45.1972,45.2245,45.1476,45.1575,287167.354798036,0
XLE.US,5,20251118,213500,45.1575,45.2022,45.1476,45.1972,351497.11841799645,0
XLE.US,5,20251118,214000,45.1947,45.1947,45.1204,45.1228,396602.38208305003,0
XLE.US,5,20251118,214500,45.1228,45.1451,45.0757,45.0782,484003.1592885968,0
XLE.US,5,20251118,215000,45.0807,45.1699,45.0733,45.1551,1287135.8416981185,0
XLE.US,5,20251118,215500,45.1575,45.1848,45.0931,45.1451,5922519.596904421,0
XLE.US,5,20251119,153000,44.347,44.3722,44.1288,44.1734,2279032.0960077555,0
XLE.US,5,20251119,153500,44.1734,44.1858,44.0842,44.1511,2217973.9868759764,0
XLE.US,5,20251119,154000,44.1486,44.2032,44.0644,44.1214,799538.299981692,0
XLE.US,5,20251119,154500,44.1214,44.1883,44.0495,44.0693,1041979.5964437609,0
XLE.US,5,20251119,155000,44.0792,44.1239,44.0346,44.0941,650417.821368088,0
XLE.US,5,20251119,155500,44.0991,44.3098,44.0743,44.2726,1203125.7249084983,0
XLE.US,5,20251119,160000,44.2726,44.2924,44.1982,44.2131,933424.0027942876,0
XLE.US,5,20251119,160500,44.2205,44.3222,44.2205,44.2453,665009.1583394232,0
XLE.US,5,20251119,161000,44.2528,44.3122,44.2354,44.3023,433143.2530496948,0
XLE.US,5,20251119,161500,44.3073,44.3569,44.2503,44.2577,410386.8992052652,0
XLE.US,5,20251119,162000,44.2552,44.2825,44.2057,44.2081,395361.896565028,0
XLE.US,5,20251119,162500,44.2131,44.2528,44.1635,44.2354,441491.82143846405,0
XLE.US,5,20251119,163000,44.2379,44.3668,44.1635,44.3618,533551.9832726788,0
XLE.US,5,20251119,163500,44.3599,44.4213,44.3172,44.337,465565.308686582,0
XLE.US,5,20251119,164000,44.3346,44.3668,44.3122,44.3222,277110.34537875524,0
XLE.US,5,20251119,164500,44.3172,44.3742,44.3023,44.3717,275411.9895963576,0
XLE.US,5,20251119,165000,44.3767,44.399,44.3246,44.3395,327080.7327340024,0
XLE.US,5,20251119,165500,44.342,44.394,44.2899,44.3767,267460.77998328,0
XLE.US,5,20251119,170000,44.3767,44.4213,44.3296,44.3618,228727.37607665162,0
XLE.US,5,20251119,170500,44.3593,44.3742,44.2974,44.3073,212411.4616778224,0
XLE.US,5,20251119,171000,44.3073,44.4362,44.3073,44.4362,231831.61544614082,0
XLE.US,5,20251119,171500,44.4337,44.4511,44.3817,44.4213,217661.8418459708,0
XLE.US,5,20251119,172000,44.4164,44.4337,44.3593,44.3668,190601.10410648602,0
XLE.US,5,20251119,172500,44.3717,44.4312,44.3569,44.4015,263118.0721453916,0
XLE.US,5,20251119,173000,44.4015,44.4439,44.3519,44.4312,314215.990239784,0
XLE.US,5,20251119,173500,44.4312,44.4312,44.3643,44.3643,180953.5557606336,0
XLE.US,5,20251119,174000,44.3618,44.3866,44.2974,44.3717,344715.79758614284,0
XLE.US,5,20251119,174500,44.3742,44.3767,44.3296,44.3321,163794.514619474,0
XLE.US,5,20251119,175000,44.3271,44.3618,44.3073,44.3445,192515.2841985232,0
XLE.US,5,20251119,175500,44.347,44.4263,44.337,44.4263,184618.53492526122,0
XLE.US,5,20251119,180000,44.4238,44.4549,44.399,44.4114,361380.6615697164,0
XLE.US,5,20251119,180500,44.4114,44.4461,44.3693,44.4015,179329.83081427962,0
XLE.US,5,20251119,181000,44.404,44.4312,44.3767,44.404,121450.59188803361,0
XLE.US,5,20251119,181500,44.404,44.4585,44.3916,44.4411,137417.5567021184,0
XLE.US,5,20251119,182000,44.4411,44.4709,44.4312,44.456,121918.54740052321,0
XLE.US,5,20251119,182500,44.461,44.523,44.4461,44.518,137276.36322852242,0
XLE.US,5,20251119,183000,44.5155,44.5552,44.4907,44.4932,152238.8373304528,0
XLE.US,5,20251119,183500,44.4957,44.4957,44.4164,44.4659,154185.2902164548,0
XLE.US,5,20251119,184000,44.456,44.5676,44.4411,44.5502,158640.95283322,0
XLE.US,5,20251119,184500,44.5552,44.5601,44.513,44.5329,104041.43659364681,0
XLE.US,5,20251119,185000,44.5329,44.5824,44.5106,44.5552,150092.6965317936,0
XLE.US,5,20251119,185500,44.5651,44.5924,44.5453,44.5676,176667.32531218362,0
XLE.US,5,20251119,190000,44.5651,44.6295,44.5651,44.6048,146643.54167680562,0
XLE.US,5,20251119,190500,44.6048,44.6345,44.575,44.6147,206517.6426800008,0
XLE.US,5,20251119,191000,44.6196,44.6345,44.5899,44.6147,182631.74104680322,0
XLE.US,5,20251119,191500,44.6196,44.6395,44.5998,44.6246,95464.94159750121,0
XLE.US,5,20251119,192000,44.6221,44.694,44.6196,44.6692,81428.293272436,0
XLE.US,5,20251119,192500,44.6642,44.6791,44.6097,44.6148,130075.4960751264,0
XLE.US,5,20251119,193000,44.6171,44.6543,44.5948,44.6196,133603.3158654036,0
XLE.US,5,20251119,193500,44.6221,44.7014,44.6147,44.6642,219711.1642627356,0
XLE.US,5,20251119,194000,44.6692,44.6742,44.5725,44.5775,138196.1378565192,0
XLE.US,5,20251119,194500,44.5775,44.5849,44.5279,44.5577,126091.8230700964,0
XLE.US,5,20251119,195000,44.5601,44.6543,44.5601,44.632,209065.1763535972,0
XLE.US,5,20251119,195500,44.6345,44.6642,44.6221,44.6246,134299.1979852696,0
XLE.US,5,20251119,200000,44.6295,44.6494,44.5775,44.58,228047.630353768,0
XLE.US,5,20251119,200500,44.5775,44.6122,44.5676,44.5824,131816.2098996028,0
XLE.US,5,20251119,201000,44.58,44.58,44.5205,44.5353,96455.31296229601,0
XLE.US,5,20251119,201500,44.5403,44.5527,44.4734,44.4808,153747.59044830722,0
XLE.US,5,20251119,202000,44.4759,44.5106,44.4668,44.4957,128003.9861125108,0
XLE.US,5,20251119,202500,44.4957,44.5056,44.4238,44.4635,272898.7457663488,0
XLE.US,5,20251119,203000,44.4635,44.5106,44.4585,44.4759,557843.3118800592,0
XLE.US,5,20251119,203500,44.4783,44.4982,44.4064,44.4089,175275.56107245162,0
XLE.US,5,20251119,204000,44.4089,44.4164,44.3717,44.3792,502781.8912768648,0
XLE.US,5,20251119,204500,44.3792,44.3916,44.3395,44.3519,542003.4211922109,0
XLE.US,5,20251119,205000,44.3569,44.4362,44.3346,44.4263,487270.77967753285,0
XLE.US,5,20251119,205500,44.4312,44.4786,44.4312,44.4759,202233.42928117362,0
XLE.US,5,20251119,210000,44.4734,44.5031,44.4362,44.4684,186560.9537120176,0
XLE.US,5,20251119,210500,44.4709,44.4709,44.4362,44.4387,95422.5835554224,0
XLE.US,5,20251119,211000,44.4411,44.5056,44.4411,44.4957,146270.38749658762,0
XLE.US,5,20251119,211500,44.4982,44.5824,44.4982,44.5725,238937.6812672652,0
XLE.US,5,20251119,212000,44.5725,44.5899,44.5279,44.5378,170029.2150035488,0
XLE.US,5,20251119,212500,44.5378,44.575,44.518,44.57,278661.4565386884,0
XLE.US,5,20251119,213000,44.5651,44.57,44.5353,44.5482,537229.0647350432,0
XLE.US,5,20251119,213500,44.5453,44.6196,44.5403,44.6196,489124.44828088605,0
XLE.US,5,20251119,214000,44.6196,44.6221,44.5428,44.58,532261.0715140868,0
XLE.US,5,20251119,214500,44.58,44.5874,44.5155,44.523,740769.5421717912,0
XLE.US,5,20251119,215000,44.523,44.6395,44.5106,44.6271,1616255.8116007717,0
XLE.US,5,20251119,215500,44.6271,44.6444,44.5403,44.5601,4264484.6364665935,0
XLE.US,5,20251120,153000,44.7708,44.9419,44.6841,44.87,1164251.127528274,0
XLE.US,5,20251120,153500,44.8725,44.9518,44.8477,44.87,796456.2481580536,0
XLE.US,5,20251120,154000,44.87,44.932,44.8402,44.8452,557365.2711194556,0
XLE.US,5,20251120,154500,44.8427,45.0262,44.8204,45.0162,445178.9881489424,0
XLE.US,5,20251120,155000,45.0088,45.0162,44.9344,44.9865,323419.7876686204,0
XLE.US,5,20251120,155500,44.9865,45.1501,44.9766,45.1055,351965.07393048605,0
XLE.US,5,20251120,160000,45.108,45.1352,45.0757,45.0906,306480.604936346,0
XLE.US,5,20251120,160500,45.0857,45.0906,44.9791,44.9915,320501.1168644288,0
XLE.US,5,20251120,161000,44.9939,45.0683,44.9939,45.0559,253478.5919980304,0
XLE.US,5,20251120,161500,45.0559,45.1969,45.0485,45.1857,254668.6512754824,0
XLE.US,5,20251120,162000,45.1873,45.2691,45.1873,45.2542,326719.6808515212,0
XLE.US,5,20251120,162500,45.2592,45.2939,45.2393,45.2889,284744.8782010532,0
XLE.US,5,20251120,163000,45.2939,45.3088,45.2393,45.2443,229078.3427110188,0
XLE.US,5,20251120,163500,45.2319,45.2443,45.1823,45.2146,213728.5950815108,0
XLE.US,5,20251120,164000,45.2146,45.3236,45.2121,45.2988,142444.04436213602,0
XLE.US,5,20251120,164500,45.2988,45.3534,45.2914,45.3484,186133.339191984,0
XLE.US,5,20251120,165000,45.3484,45.3831,45.3311,45.3335,157771.6044457932,0
XLE.US,5,20251120,165500,45.3286,45.3955,45.2988,45.3633,477012.06529597205,0
XLE.US,5,20251120,170000,45.3633,45.3633,45.2864,45.3038,234986.2810562,0
XLE.US,5,20251120,170500,45.3088,45.3707,45.2988,45.3236,211790.21039400002,0
XLE.US,5,20251120,171000,45.3211,45.3435,45.2468,45.2592,222555.20423088362,0
XLE.US,5,20251120,171500,45.2542,45.2889,45.2146,45.2369,489215.21551391203,0
XLE.US,5,20251120,172000,45.2369,45.2815,45.2022,45.2146,537779.7192820676,0
XLE.US,5,20251120,172500,45.2195,45.2269,44.9642,44.9964,1710294.6991149534,0
XLE.US,5,20251120,173000,44.9915,45.0088,44.8402,44.8626,854682.4196194212,0
XLE.US,5,20251120,173500,44.8675,44.8923,44.7783,44.7783,530699.8751060396,0
XLE.US,5,20251120,174000,44.7808,44.8526,44.7634,44.7832,427382.55932697805,0
XLE.US,5,20251120,174500,44.7808,44.8279,44.7237,44.8031,490794.56536856445,0
XLE.US,5,20251120,175000,44.8031,44.9468,44.7931,44.813,647690.7702780624,0
XLE.US,5,20251120,175500,44.808,44.8279,44.6221,44.6395,333674.4679509356,0
XLE.US,5,20251120,180000,44.6444,44.7684,44.637,44.7287,486544.6418133248,0
XLE.US,5,20251120,180500,44.7337,44.7584,44.6494,44.6494,658354.9116338061,0
XLE.US,5,20251120,181000,44.6469,44.6543,44.5106,44.6048,444029.2698639464,0
XLE.US,5,20251120,181500,44.6097,44.6196,44.4759,44.5006,536680.4272376416,0
XLE.US,5,20251120,182000,44.5056,44.5651,44.4585,44.5403,548877.5263067132,0
XLE.US,5,20251120,182500,44.5403,44.5502,44.4659,44.4833,367460.04913283564,0
XLE.US,5,20251120,183000,44.4734,44.5205,44.3717,44.3841,368115.5902602456,0
XLE.US,5,20251120,183500,44.3767,44.4164,44.2651,44.3965,444999.47073251323,0
XLE.US,5,20251120,184000,44.4015,44.4592,44.2676,44.2924,213113.3949465568,0
XLE.US,5,20251120,184500,44.2924,44.3073,44.2627,44.28,287826.9300246916,0
XLE.US,5,20251120,185000,44.2875,44.3668,44.2701,44.3271,244696.35794035922,0
XLE.US,5,20251120,185500,44.3271,44.3321,44.2726,44.3222,252607.2265609808,0
XLE.US,5,20251120,190000,44.3172,44.347,44.2949,44.3198,310853.56851857645,0
XLE.US,5,20251120,190500,44.3172,44.4089,44.3172,44.4015,178587.5565530892,0
XLE.US,5,20251120,191000,44.4064,44.6196,44.3965,44.6196,217903.8878007068,0
XLE.US,5,20251120,191500,44.6246,44.6519,44.5552,44.58,252119.1005522632,0
XLE.US,5,20251120,192000,44.58,44.6097,44.4312,44.4337,144035.4965145252,0
XLE.US,5,20251120,192500,44.4288,44.4411,44.3817,44.4114,171511.7464763068,0
XLE.US,5,20251120,193000,44.4064,44.4461,44.3519,44.3916,222036.82247782403,0
XLE.US,5,20251120,193500,44.3866,44.4064,44.3271,44.3618,147260.7588613824,0
XLE.US,5,20251120,194000,44.3668,44.3717,44.2875,44.3122,87295.8906251612,0
XLE.US,5,20251120,194500,44.3122,44.3122,44.1933,44.2194,129044.7837178756,0
XLE.US,5,20251120,195000,44.2131,44.2428,44.1263,44.1437,153257.4473899668,0
XLE.US,5,20251120,195500,44.1437,44.2255,44.1263,44.1908,157031.3472342256,0
XLE.US,5,20251120,200000,44.1883,44.223,44.0891,44.104,260239.742333656,0
XLE.US,5,20251120,200500,44.0991,44.1511,44.0743,44.1486,133944.19725165682,0
XLE.US,5,20251120,201000,44.1511,44.2255,44.1288,44.1982,303051.620577586,0
XLE.US,5,20251120,201500,44.1982,44.3023,44.1784,44.2528,270107.1490883936,0
XLE.US,5,20251120,202000,44.2503,44.3271,44.2379,44.2428,204555.05339701643,0
XLE.US,5,20251120,202500,44.2428,44.337,44.2379,44.2949,144749.5320809964,0
XLE.US,5,20251120,203000,44.285,44.2974,44.2156,44.2208,166174.63317437802,0
XLE.US,5,20251120,203500,44.228,44.2676,44.2057,44.2131,108174.37127076401,0
XLE.US,5,20251120,204000,44.2156,44.2627,44.161,44.2627,86712.963284172,0
XLE.US,5,20251120,204500,44.2552,44.2775,44.166,44.1858,95144.230707476,0
XLE.US,5,20251120,205000,44.1957,44.2552,44.1858,44.2404,107101.3008714344,0
XLE.US,5,20251120,205500,44.2453,44.3544,44.2428,44.3544,174624.05404428722,0
XLE.US,5,20251120,210000,44.3519,44.3519,44.2825,44.3073,161775.4479470512,0
XLE.US,5,20251120,210500,44.3023,44.347,44.2924,44.3172,107688.26231166921,0
XLE.US,5,20251120,211000,44.3122,44.3222,44.2541,44.2751,327163.4317685372,0
XLE.US,5,20251120,211500,44.2775,44.3544,44.2726,44.337,121341.6712084024,0
XLE.US,5,20251120,212000,44.342,44.3643,44.3271,44.3321,120738.57337118521,0
XLE.US,5,20251120,212500,44.3296,44.342,44.2949,44.3073,183095.6624600472,0
XLE.US,5,20251120,213000,44.3098,44.3271,44.1928,44.1933,715927.5590173864,0
XLE.US,5,20251120,213500,44.1908,44.1908,44.109,44.1189,808980.1092660188,0
XLE.US,5,20251120,214000,44.1214,44.1387,44.0817,44.1139,581103.9281301888,0
XLE.US,5,20251120,214500,44.1115,44.1511,44.0792,44.0817,798426.9056395292,0
XLE.US,5,20251120,215000,44.0792,44.1437,44.0544,44.1313,1467720.2773777796,0
XLE.US,5,20251120,215500,44.1338,44.1338,44.0197,44.0544,3322578.9400084317,0
XLE.US,5,20251121,153000,44.0445,44.0991,43.8809,43.9255,1716117.9213759769,0
XLE.US,5,20251121,153500,43.9255,44.0297,43.9156,43.9602,799259.9471337456,0
XLE.US,5,20251121,154000,43.9578,43.9677,43.8537,43.8958,568965.3235001784,0
XLE.US,5,20251121,154500,43.9107,43.9801,43.7591,43.7595,646016.6190911385,0
XLE.US,5,20251121,155000,43.7595,43.8264,43.6628,43.7669,879050.3961124681,0
XLE.US,5,20251121,155500,43.7644,43.8264,43.7124,43.7768,563321.618655584,0
XLE.US,5,20251121,160000,43.7818,43.8512,43.7396,43.7545,770928.4681318968,0
XLE.US,5,20251121,160500,43.7644,43.9107,43.752,43.8611,411260.28169193765,0
XLE.US,5,20251121,161000,43.871,43.9404,43.8512,43.9355,518256.6959829864,0
XLE.US,5,20251121,161500,43.933,44.0396,43.933,44.0297,566790.9440068001,0
XLE.US,5,20251121,162000,44.0222,44.0445,43.8636,44.0445,361205.17825253285,0
XLE.US,5,20251121,162500,44.0544,44.0891,43.9057,43.9107,399279.00693250564,0
XLE.US,5,20251121,163000,43.9156,44.0197,43.9057,43.9553,338487.1483509364,0
XLE.US,5,20251121,163500,43.9602,43.99,43.8115,43.871,721125.4958953421,0
XLE.US,5,20251121,164000,43.8661,43.9503,43.8313,43.928,404844.0468418108,0
XLE.US,5,20251121,164500,43.9355,44.0693,43.8784,44.0321,553740.632947284,0
XLE.US,5,20251121,165000,44.0297,44.0941,43.9454,44.0842,601853.3175999324,0
XLE.US,5,20251121,165500,44.0867,44.0916,43.9206,43.9255,354206.0160614168,0
XLE.US,5,20251121,170000,43.9206,43.9305,43.7272,43.7694,298214.73558211164,0
XLE.US,5,20251121,170500,43.7619,43.8363,43.7173,43.8363,572188.5687974128,0
XLE.US,5,20251121,171000,43.8363,43.8884,43.8066,43.876,180727.64620288002,0
XLE.US,5,20251121,171500,43.8784,43.99,43.8611,43.8958,311779.3942954416,0
XLE.US,5,20251121,172000,43.8933,44.0073,43.8933,44.0073,367524.5947207652,0
XLE.US,5,20251121,172500,44.0098,44.1239,43.995,44.1189,216846.9537983596,0
XLE.US,5,20251121,173000,44.1164,44.1809,44.0842,44.1734,505047.03800326923,0
XLE.US,5,20251121,173500,44.1759,44.2528,44.1734,44.2379,428758.18716972764,0
XLE.US,5,20251121,174000,44.2404,44.2949,44.2304,44.2875,338337.88667884923,0
XLE.US,5,20251121,174500,44.2924,44.3271,44.2627,44.3023,344013.8643174084,0
XLE.US,5,20251121,175000,44.3023,44.3618,44.2875,44.3122,201642.4337416932,0
XLE.US,5,20251121,175500,44.3122,44.3916,44.3122,44.3916,222014.6349319732,0
XLE.US,5,20251121,180000,44.3965,44.4064,44.347,44.3767,372946.4241068516,0
XLE.US,5,20251121,180500,44.3767,44.456,44.3717,44.4411,184372.45487127962,0
XLE.US,5,20251121,181000,44.4337,44.4709,44.4114,44.4263,233534.00532778402,0
XLE.US,5,20251121,181500,44.4188,44.4659,44.3965,44.4139,178769.0910191412,0
XLE.US,5,20251121,182000,44.4114,44.4411,44.3618,44.4213,280422.34085939283,0
XLE.US,5,20251121,182500,44.4213,44.461,44.3891,44.4337,205581.7316550216,0
XLE.US,5,20251121,183000,44.4312,44.461,44.3916,44.3916,189457.43697035842,0
XLE.US,5,20251121,183500,44.3916,44.4312,44.3668,44.4015,225159.21529391842,0
XLE.US,5,20251121,184000,44.4064,44.4932,44.4064,44.4585,239042.56784765082,0
XLE.US,5,20251121,184500,44.4585,44.4808,44.4139,44.4337,246850.5669375096,0
XLE.US,5,20251121,185000,44.4337,44.4337,44.337,44.3866,220844.7461507492,0
XLE.US,5,20251121,185500,44.3866,44.4312,44.3618,44.4089,141982.13999851482,0
XLE.US,5,20251121,190000,44.4114,44.4411,44.3246,44.3271,373938.8125212692,0
XLE.US,5,20251121,190500,44.3271,44.337,44.2577,44.3073,271430.33364095044,0
XLE.US,5,20251121,191000,44.3073,44.3073,44.2627,44.2627,122102.09891619801,0
XLE.US,5,20251121,191500,44.2627,44.2825,44.218,44.2528,152644.2643046356,0
XLE.US,5,20251121,192000,44.2528,44.3023,44.2379,44.2701,135916.87178275522,0
XLE.US,5,20251121,192500,44.2676,44.2875,44.228,44.2775,174557.4914067348,0
XLE.US,5,20251121,193000,44.2726,44.3346,44.2478,44.3073,133635.5886593684,0
XLE.US,5,20251121,193500,44.3098,44.4064,44.3091,44.3866,178545.1985110104,0
XLE.US,5,20251121,194000,44.3841,44.4213,44.3593,44.4064,178397.953888546,0
XLE.US,5,20251121,194500,44.404,44.518,44.3742,44.4882,501700.75267904403,0
XLE.US,5,20251121,195000,44.4858,44.5254,44.4362,44.4486,311311.438782952,0
XLE.US,5,20251121,195500,44.4486,44.4511,44.3767,44.394,94169.9957396636,0
XLE.US,5,20251121,200000,44.394,44.4362,44.3792,44.4139,106278.344625332,0
XLE.US,5,20251121,200500,44.4164,44.4635,44.4064,44.4387,111044.6328840084,0
XLE.US,5,20251121,201000,44.4411,44.456,44.404,44.4265,206291.7331222472,0
XLE.US,5,20251121,201500,44.4263,44.4486,44.3965,44.4461,210737.3104908984,0
XLE.US,5,20251121,202000,44.4437,44.4759,44.4362,44.4659,136832.6123115064,0
XLE.US,5,20251121,202500,44.461,44.4932,44.456,44.4833,160054.9046188028,0
XLE.US,5,20251121,203000,44.4858,44.4982,44.4064,44.4213,139902.561837408,0
XLE.US,5,20251121,203500,44.4213,44.4972,44.4164,44.4734,110604.916066238,0
XLE.US,5,20251121,204000,44.4759,44.4858,44.3841,44.399,246201.076958968,0
XLE.US,5,20251121,204500,44.4015,44.4461,44.3643,44.4238,161749.2263019548,0
XLE.US,5,20251121,205000,44.4263,44.4709,44.3866,44.4263,165202.4152561884,0
XLE.US,5,20251121,205500,44.4263,44.4511,44.3916,44.4263,115191.68690848521,0
XLE.US,5,20251121,210000,44.4312,44.4684,44.4164,44.4362,281451.0361670208,0
XLE.US,5,20251121,210500,44.4387,44.4635,44.3965,44.4064,231357.60878478282,0
XLE.US,5,20251121,211000,44.404,44.4064,44.3643,44.3817,198348.59170766082,0
XLE.US,5,20251121,211500,44.3768,44.3965,44.3519,44.3866,161989.255207068,0
XLE.US,5,20251121,212000,44.3891,44.4015,44.3222,44.3321,280049.18667917483,0
XLE.US,5,20251121,212500,44.337,44.3494,44.2617,44.2627,291104.6356617416,0
XLE.US,5,20251121,213000,44.2627,44.2899,44.2379,44.28,377018.8472952848,0
XLE.US,5,20251121,213500,44.28,44.3544,44.28,44.3246,282532.1747648416,0
XLE.US,5,20251121,214000,44.3222,44.3346,44.285,44.3296,297873.8541958584,0
XLE.US,5,20251121,214500,44.3271,44.4015,44.3271,44.3792,572085.69926665,0
XLE.US,5,20251121,215000,44.3767,44.4114,44.337,44.3395,1181801.4762962568,0
XLE.US,5,20251121,215500,44.342,44.3792,44.3023,44.3271,2670563.615339086,0
XLE.US,5,20251124,153000,44.2478,44.28,43.9702,44.0544,1263804.6287111908,0
XLE.US,5,20251124,153500,44.0544,44.0743,43.8313,43.8561,1135266.1244486382,0
XLE.US,5,20251124,154000,43.8561,43.8685,43.6925,43.7024,701279.7446566129,0
XLE.US,5,20251124,154500,43.7049,43.8289,43.6281,43.633,765649.8492690292,0
XLE.US,5,20251124,155000,43.633,43.7,43.524,43.6578,562282.8380998421,0
XLE.US,5,20251124,155500,43.6529,43.8338,43.5983,43.819,624514.8701120905,0
XLE.US,5,20251124,160000,43.8165,43.8809,43.7818,43.8809,615026.6686864393,0
XLE.US,5,20251124,160500,43.876,43.9602,43.8537,43.9404,745991.6836452205,0
XLE.US,5,20251124,161000,43.9404,43.9602,43.8363,43.9355,594398.3021940637,0
XLE.US,5,20251124,161500,43.9355,44.0098,43.9008,43.9702,511392.676116598,0
XLE.US,5,20251124,162000,43.9702,43.995,43.9305,43.9602,356231.13388270803,0
XLE.US,5,20251124,162500,43.9602,43.995,43.9107,43.9764,301333.0942989604,0
XLE.US,5,20251124,163000,43.9702,44.0297,43.9528,44.0272,405519.7584654488,0
XLE.US,5,20251124,163500,44.0272,44.0495,44.0049,44.0297,277037.7315923344,0
XLE.US,5,20251124,164000,44.0297,44.0495,44.0024,44.0396,155090.945497092,0
XLE.US,5,20251124,164500,44.042,44.1437,44.042,44.1189,493741.4748674752,0
XLE.US,5,20251124,165000,44.1189,44.1189,44.0743,44.0891,297004.5058084316,0
XLE.US,5,20251124,165500,44.0842,44.1263,44.0619,44.1189,277592.4202386044,0
XLE.US,5,20251124,170000,44.1189,44.1933,44.104,44.1858,237057.79101881562,0
XLE.US,5,20251124,170500,44.1858,44.1883,44.1508,44.1511,198419.18844445882,0
XLE.US,5,20251124,171000,44.1511,44.1511,44.0693,44.0693,150641.33402919522,0
XLE.US,5,20251124,171500,44.0693,44.0891,44.0396,44.042,149554.14428250602,0
XLE.US,5,20251124,172000,44.0396,44.0619,44.0098,44.0272,368432.26705102524,0
XLE.US,5,20251124,172500,44.0272,44.0792,44.0222,44.0594,262847.78749593644,0
XLE.US,5,20251124,173000,44.0594,44.0743,44.0247,44.042,243429.6507772408,0
XLE.US,5,20251124,173500,44.0445,44.0991,44.0247,44.0445,254870.3562377624,0
XLE.US,5,20251124,174000,44.0495,44.1139,44.0371,44.0941,452980.9360899328,0
XLE.US,5,20251124,174500,44.0941,44.1335,44.052,44.0544,149723.57645082122,0
XLE.US,5,20251124,175000,44.0544,44.0842,44.047,44.0693,200585.499739346,0
XLE.US,5,20251124,175500,44.0668,44.104,44.0346,44.104,237067.8762669296,0
XLE.US,5,20251124,180000,44.104,44.1486,44.0817,44.0842,247391.13623642002,0
XLE.US,5,20251124,180500,44.0743,44.0842,44.0346,44.0346,112149.97607730281,0
XLE.US,5,20251124,181000,44.0346,44.0445,44.0073,44.0445,109860.62475542481,0
XLE.US,5,20251124,181500,44.0396,44.0916,44.0222,44.0792,185967.9411229144,0
XLE.US,5,20251124,182000,44.0743,44.1239,44.0644,44.0891,132978.0304823356,0
XLE.US,5,20251124,182500,44.0817,44.109,44.0718,44.1015,104811.9495495564,0
XLE.US,5,20251124,183000,44.0991,44.1288,44.0966,44.1115,159235.98247194602,0
XLE.US,5,20251124,183500,44.1139,44.1139,44.0718,44.0743,141530.3208830076,0
XLE.US,5,20251124,184000,44.0743,44.1338,44.0718,44.1239,147151.8381817512,0
XLE.US,5,20251124,184500,44.1239,44.171,44.1214,44.1685,95942.98235810481,0
XLE.US,5,20251124,185000,44.171,44.2131,44.1536,44.2081,125680.3449470452,0
XLE.US,5,20251124,185500,44.2037,44.228,44.1809,44.2255,110820.7403758776,0
XLE.US,5,20251124,190000,44.228,44.2354,44.2106,44.228,151097.18724394802,0
XLE.US,5,20251124,190500,44.2329,44.2528,44.195,44.1982,154627.024083848,0
XLE.US,5,20251124,191000,44.2032,44.2156,44.1784,44.1784,113148.4156405888,0
XLE.US,5,20251124,191500,44.1784,44.1883,44.1239,44.1412,119084.59268048921,0
XLE.US,5,20251124,192000,44.1412,44.1586,44.109,44.1338,93514.45461225361,0
XLE.US,5,20251124,192500,44.1362,44.1685,44.1189,44.1437,124310.768253164,0
XLE.US,5,20251124,193000,44.1437,44.1437,44.104,44.1288,127602.5932375736,0
XLE.US,5,20251124,193500,44.1239,44.1635,44.109,44.161,242963.71231437402,0
XLE.US,5,20251124,194000,44.161,44.1759,44.1437,44.1734,146036.40974034282,0
XLE.US,5,20251124,194500,44.1734,44.1784,44.1362,44.1635,159407.43168988402,0
XLE.US,5,20251124,195000,44.166,44.1784,44.1536,44.1784,139946.9369291096,0
XLE.US,5,20251124,195500,44.1759,44.1982,44.168,44.1685,123875.0855346392,0
XLE.US,5,20251124,200000,44.171,44.2007,44.1387,44.1784,408275.04825019365,0
XLE.US,5,20251124,200500,44.1791,44.1858,44.1437,44.1586,239433.875474474,0
XLE.US,5,20251124,201000,44.1586,44.1635,44.1333,44.1338,150554.6008954148,0
XLE.US,5,20251124,201500,44.1338,44.1437,44.0842,44.0941,183747.1694882116,0
XLE.US,5,20251124,202000,44.0941,44.0941,44.047,44.0693,195175.7726509964,0
XLE.US,5,20251124,202500,44.0693,44.0768,44.0544,44.0718,206888.77981059602,0
XLE.US,5,20251124,203000,44.0743,44.0842,44.0073,44.0297,255620.69869744402,0
XLE.US,5,20251124,203500,44.0272,44.0495,44.0024,44.0346,123584.63038895601,0
XLE.US,5,20251124,204000,44.0297,44.0569,44.0272,44.0297,141007.90503070242,0
XLE.US,5,20251124,204500,44.0272,44.0346,44.0049,44.0123,167836.6820635652,0
XLE.US,5,20251124,205000,44.0098,44.0371,43.9999,44.0173,150885.397033554,0
XLE.US,5,20251124,205500,44.0197,44.0321,43.99,43.995,334509.5264947748,0
XLE.US,5,20251124,210000,43.9974,44.0941,43.9974,44.0891,135239.1431094944,0
XLE.US,5,20251124,210500,44.0941,44.1338,44.0718,44.1338,101996.1482761276,0
XLE.US,5,20251124,211000,44.1288,44.1784,44.1189,44.1586,443048.98374726565,0
XLE.US,5,20251124,211500,44.1586,44.1635,44.1288,44.1338,163502.042424168,0
XLE.US,5,20251124,212000,44.1338,44.1486,44.1139,44.1387,203461.8125014588,0
XLE.US,5,20251124,212500,44.1412,44.1586,44.1214,44.1486,967782.4260690629,0
XLE.US,5,20251124,213000,44.1462,44.223,44.1412,44.2205,388699.58166091965,0
XLE.US,5,20251124,213500,44.223,44.2354,44.1957,44.2081,191990.8512965952,0
XLE.US,5,20251124,214000,44.2081,44.2428,44.1908,44.2329,238504.0155983632,0
XLE.US,5,20251124,214500,44.2329,44.2379,44.1784,44.1883,520681.189629592,0
XLE.US,5,20251124,215000,44.1883,44.2949,44.1833,44.2924,1292466.903851179,0
XLE.US,5,20251124,215500,44.2974,44.347,44.1933,44.1982,2109438.5637227315,0
XLE.US,5,20251125,153000,43.8611,44.104,43.8115,44.0817,1083508.63112759,0
XLE.US,5,20251125,153500,44.0768,44.0966,44.0148,44.0445,634634.408069678,0
XLE.US,5,20251125,154000,44.0445,44.0544,43.8784,43.9008,616158.2335248301,0
XLE.US,5,20251125,154500,43.9008,43.9751,43.7249,43.7322,609187.3100284332,0
XLE.US,5,20251125,155000,43.7322,43.8809,43.6801,43.8165,383735.6225392088,0
XLE.US,5,20251125,155500,43.819,43.9156,43.757,43.8958,477250.07715146244,0
XLE.US,5,20251125,160000,43.8958,43.9751,43.7371,43.7446,483930.54550217604,0
XLE.US,5,20251125,160500,43.7371,43.7669,43.6628,43.752,352911.0702035792,0
XLE.US,5,20251125,161000,43.752,43.7719,43.638,43.6529,439204.4871662088,0
XLE.US,5,20251125,161500,43.6578,43.7195,43.6355,43.6677,575375.5072014368,0
XLE.US,5,20251125,162000,43.6702,43.6702,43.5661,43.6306,283708.114694934,0
XLE.US,5,20251125,162500,43.6306,43.7719,43.6306,43.7669,269086.5219792568,0
XLE.US,5,20251125,163000,43.7619,43.8512,43.7471,43.8388,329501.1922813624,0
XLE.US,5,20251125,163500,43.8388,43.9454,43.8289,43.9231,264025.7444756516,0
XLE.US,5,20251125,164000,43.9181,43.9677,43.8983,43.9553,212344.89904027001,0
XLE.US,5,20251125,164500,43.9528,43.9925,43.9404,43.9677,318469.9478942692,0
XLE.US,5,20251125,165000,43.9652,43.9677,43.8611,43.8685,383233.37718313164,0
XLE.US,5,20251125,165500,43.8661,43.9281,43.809,43.9156,337988.9370941048,0
XLE.US,5,20251125,170000,43.9231,43.9528,43.8809,43.8958,156361.686759456,0
XLE.US,5,20251125,170500,43.9008,43.9652,43.8958,43.8958,328327.26940089284,0
XLE.US,5,20251125,171000,43.9008,43.9305,43.8685,43.8685,143291.20520371202,0
XLE.US,5,20251125,171500,43.871,43.9355,43.8481,43.9355,167895.17650262642,0
XLE.US,5,20251125,172000,43.933,44.0098,43.933,43.9602,309669.56038999284,0
XLE.US,5,20251125,172500,43.9578,43.9652,43.8983,43.9206,154068.3013383324,0
XLE.US,5,20251125,173000,43.9206,43.9331,43.8685,43.8958,200313.198040268,0
XLE.US,5,20251125,173500,43.9008,43.9057,43.8575,43.8575,195145.5169066544,0
XLE.US,5,20251125,174000,43.8561,43.9255,43.8214,43.8908,233497.6984345736,0
XLE.US,5,20251125,174500,43.8859,43.8859,43.8264,43.8809,102554.87102164321,0
XLE.US,5,20251125,175000,43.8809,43.9305,43.8636,43.879,135959.229824834,0
XLE.US,5,20251125,175500,43.8859,43.9255,43.871,43.9156,156466.57333984162,0
XLE.US,5,20251125,180000,43.9156,43.9578,43.8884,43.9082,352328.14286259003,0
XLE.US,5,20251125,180500,43.9082,43.9305,43.8933,43.9181,142726.431309328,0
XLE.US,5,20251125,181000,43.9181,43.933,43.8809,43.8859,57802.5910405796,0
XLE.US,5,20251125,181500,43.8884,43.9082,43.8611,43.8761,128205.69107479081,0
XLE.US,5,20251125,182000,43.8784,43.8859,43.8586,43.876,108636.27563438521,0
XLE.US,5,20251125,182500,43.8785,43.9008,43.8611,43.8809,134289.1127371556,0
XLE.US,5,20251125,183000,43.876,43.8958,43.847,43.8735,205139.9977876284,0
XLE.US,5,20251125,183500,43.8735,43.876,43.8313,43.8537,514043.07932095724,0
XLE.US,5,20251125,184000,43.8512,43.871,43.8289,43.8338,550444.7738636289,0
XLE.US,5,20251125,184500,43.8338,43.8908,43.8289,43.8784,153531.76613866762,0
XLE.US,5,20251125,185000,43.876,43.8884,43.8586,43.8636,148614.1991582812,0
XLE.US,5,20251125,185500,43.8636,43.8983,43.8413,43.8735,97576.7925525728,0
XLE.US,5,20251125,190000,43.876,43.9156,43.8685,43.8908,64604.082368661206,0
XLE.US,5,20251125,190500,43.8859,43.8859,43.8363,43.8784,132296.2677098292,0
XLE.US,5,20251125,191000,43.8809,43.9156,43.8636,43.9156,78769.8218695856,0
XLE.US,5,20251125,191500,43.9107,43.9355,43.9008,43.9355,113327.933057018,0
XLE.US,5,20251125,192000,43.9402,43.9602,43.9305,43.9578,227220.64000842,0
XLE.US,5,20251125,192500,43.9553,44.0024,43.9181,43.9404,500914.103326152,0
XLE.US,5,20251125,193000,43.9429,43.9602,43.9379,43.9578,110709.8026466236,0
XLE.US,5,20251125,193500,43.9578,43.9683,43.9305,43.9553,214146.1243534304,0
XLE.US,5,20251125,194000,43.9553,43.9652,43.9355,43.9503,241489.2490401072,0
XLE.US,5,20251125,194500,43.9553,43.99,43.9553,43.9726,72345.5188209676,0
XLE.US,5,20251125,195000,43.9702,43.9751,43.9429,43.9751,134898.26172324122,0
XLE.US,5,20251125,195500,43.9726,43.9925,43.9652,43.9702,98436.0556918856,0
XLE.US,5,20251125,200000,43.9677,43.995,43.9627,43.9875,108154.200774536,0
XLE.US,5,20251125,200500,43.9875,44.042,43.9826,44.0247,156139.811300948,0
XLE.US,5,20251125,201000,44.0272,44.0272,43.9652,43.9702,89347.2300915488,0
XLE.US,5,20251125,201500,43.9677,43.985,43.9553,43.9751,118443.17090043881,0
XLE.US,5,20251125,202000,43.9776,43.995,43.9602,43.995,173746.63745836922,0
XLE.US,5,20251125,202500,43.995,44.0098,43.9776,44.0073,133831.24247278,0
XLE.US,5,20251125,203000,44.0123,44.0128,43.9553,43.99,196833.787440938,0
XLE.US,5,20251125,203500,43.9702,43.9702,43.9032,43.9107,173899.933229702,0
XLE.US,5,20251125,204000,43.871,43.9131,43.8661,43.9131,46319.5275379792,0
XLE.US,5,20251125,204500,43.9231,43.9702,43.9129,43.9652,212258.16590648962,0
XLE.US,5,20251125,205000,43.9628,44.0148,43.9628,43.99,164821.19287747922,0
XLE.US,5,20251125,205500,43.985,43.985,43.9479,43.9578,157983.3946561872,0
XLE.US,5,20251125,210000,43.9578,43.9801,43.9553,43.9702,188251.241295924,0
XLE.US,5,20251125,210500,43.9751,43.995,43.9578,43.9826,108850.082894402,0
XLE.US,5,20251125,211000,43.9801,43.99,43.9627,43.985,136602.6686545072,0
XLE.US,5,20251125,211500,43.985,44.0148,43.9751,43.9999,102435.865093898,0
XLE.US,5,20251125,212000,44.0001,44.0371,43.99,44.0346,111329.0368808232,0
XLE.US,5,20251125,212500,44.0346,44.0396,43.9999,43.9999,133082.91706272122,0
XLE.US,5,20251125,213000,43.9999,44.0297,43.9966,44.0173,299265.6184355904,0
XLE.US,5,20251125,213500,44.0173,44.0346,44.0049,44.0321,373638.27212747204,0
XLE.US,5,20251125,214000,44.0321,44.0473,43.9702,43.9716,554186.4009139228,0
XLE.US,5,20251125,214500,43.9751,44.0173,43.9652,43.9925,420940.10283175483,0
XLE.US,5,20251125,215000,43.995,43.9999,43.9515,43.9677,858539.0184982149,0
XLE.US,5,20251125,215500,43.9677,43.978,43.9107,43.9305,2340223.330414639,0
XLE.US,5,20251126,153000,43.9107,44.0693,43.8809,44.0693,782014.1728588056,0
XLE.US,5,20251126,153500,44.0644,44.2255,44.0619,44.2231,499449.72529999923,0
XLE.US,5,20251126,154000,44.2255,44.3073,44.2081,44.2081,425024.6283179248,0
XLE.US,5,20251126,154500,44.1982,44.2478,44.1362,44.2131,347027.3364538716,0
XLE.US,5,20251126,155000,44.2131,44.2329,44.104,44.1387,155139.3546880392,0
XLE.US,5,20251126,155500,44.1338,44.1933,44.109,44.1486,210932.96430431,0
XLE.US,5,20251126,160000,44.1437,44.2379,44.1288,44.1982,314875.56546643964,0
XLE.US,5,20251126,160500,44.2057,44.2577,44.1883,44.2255,174739.02587278682,0
XLE.US,5,20251126,161000,44.223,44.2453,44.1855,44.2453,261728.3249552824,0
XLE.US,5,20251126,161500,44.2453,44.2651,44.1833,44.2628,164343.1521168756,0
XLE.US,5,20251126,162000,44.2726,44.347,44.2651,44.3222,135239.1431094944,0
XLE.US,5,20251126,162500,44.3122,44.347,44.2974,44.3327,123566.47694235081,0
XLE.US,5,20251126,163000,44.337,44.3916,44.2726,44.3742,526419.695806458,0
XLE.US,5,20251126,163500,44.3742,44.3916,44.2924,44.3073,202380.673903638,0
XLE.US,5,20251126,164000,44.3023,44.3073,44.2032,44.2106,164310.8793229108,0
XLE.US,5,20251126,164500,44.2131,44.2428,44.1982,44.2379,40238.1229252372,0
XLE.US,5,20251126,165000,44.2354,44.2701,44.2255,44.2577,122162.61040488201,0
XLE.US,5,20251126,165500,44.2602,44.3544,44.2552,44.3519,130866.179527264,0
XLE.US,5,20251126,170000,44.3519,44.4015,44.347,44.3916,119417.40586825121,0
XLE.US,5,20251126,170500,44.3916,44.394,44.347,44.3569,109368.4646474616,0
XLE.US,5,20251126,171000,44.3618,44.4288,44.3395,44.4164,170410.437382258,0
XLE.US,5,20251126,171500,44.4139,44.4362,44.3972,44.4312,129216.2329358136,0
XLE.US,5,20251126,172000,44.4312,44.4759,44.4263,44.4387,282977.9427314804,0
XLE.US,5,20251126,172500,44.4411,44.4535,44.4164,44.4312,96999.916360452,0
XLE.US,5,20251126,173000,44.4312,44.4362,44.4015,44.4362,144285.61066775242,0
XLE.US,5,20251126,173500,44.4387,44.4461,44.3767,44.3834,153090.0322712744,0
XLE.US,5,20251126,174000,44.3817,44.4659,44.3817,44.4511,174749.1111209008,0
XLE.US,5,20251126,174500,44.456,44.461,44.4089,44.4263,130186.4338043804,0
XLE.US,5,20251126,175000,44.4263,44.4907,44.4164,44.4759,147702.4927287756,0
XLE.US,5,20251126,175500,44.4709,44.523,44.4659,44.523,166402.55978175442,0
XLE.US,5,20251126,180000,44.5254,44.5353,44.5056,44.5056,125369.719305134,0
XLE.US,5,20251126,180500,44.5056,44.5353,44.4957,44.5155,181851.1428427796,0
XLE.US,5,20251126,181000,44.513,44.5254,44.4808,44.4833,112710.7158724412,0
XLE.US,5,20251126,181500,44.4808,44.4882,44.4337,44.4337,165500.9386003628,0
XLE.US,5,20251126,182000,44.4337,44.4907,44.4337,44.4759,97839.0090035368,0
XLE.US,5,20251126,182500,44.4734,44.4734,44.4362,44.4387,88895.4109760416,0
XLE.US,5,20251126,183000,44.4387,44.4932,44.4387,44.4858,101203.4477743672,0
XLE.US,5,20251126,183500,44.4907,44.4932,44.4436,44.4783,59523.134368828,0
XLE.US,5,20251126,184000,44.4808,44.4887,44.4535,44.4759,98375.5442032016,0
XLE.US,5,20251126,184500,44.4759,44.4858,44.4387,44.4486,131394.64652843762,0
XLE.US,5,20251126,185000,44.4486,44.4907,44.4387,44.4684,89290.7527021104,0
XLE.US,5,20251126,185500,44.4659,44.4659,44.4288,44.4312,75952.003546534,0
XLE.US,5,20251126,190000,44.4327,44.4759,44.4327,44.4709,127737.73556230121,0
XLE.US,5,20251126,190500,44.4734,44.4734,44.3643,44.3742,211969.7278104292,0
XLE.US,5,20251126,191000,44.3668,44.4238,44.3569,44.4213,217603.3474069096,0
XLE.US,5,20251126,191500,44.4213,44.4411,44.4015,44.404,171136.575246466,0
XLE.US,5,20251126,192000,44.404,44.456,44.3784,44.4461,112575.5735477136,0
XLE.US,5,20251126,192500,44.4461,44.5081,44.4436,44.4957,104535.6137512328,0
XLE.US,5,20251126,193000,44.4957,44.4957,44.461,44.4709,95483.0950441064,0
XLE.US,5,20251126,193500,44.4709,44.471,44.4238,44.4461,138516.84874654442,0
XLE.US,5,20251126,194000,44.4461,44.4511,44.3742,44.3742,466652.49843327125,0
XLE.US,5,20251126,194500,44.3717,44.4288,44.3445,44.4263,621102.0221503128,0
XLE.US,5,20251126,195000,44.4238,44.4362,44.4114,44.4337,84627.33397419681,0
XLE.US,5,20251126,195500,44.4312,44.4312,44.3866,44.4213,45163.7581041148,0
XLE.US,5,20251126,200000,44.4164,44.5056,44.4114,44.4858,224955.4932820156,0
XLE.US,5,20251126,200500,44.4808,44.4957,44.4734,44.4808,72956.684856676,0
XLE.US,5,20251126,201000,44.4783,44.5031,44.4734,44.4833,108979.1740702612,0
XLE.US,5,20251126,201500,44.4808,44.5304,44.4808,44.5106,123534.20414838601,0
XLE.US,5,20251126,202000,44.5106,44.5383,44.5081,44.5279,74144.7270845052,0
XLE.US,5,20251126,202500,44.5254,44.5353,44.5056,44.5155,132032.0342092424,0
XLE.US,5,20251126,203000,44.5155,44.5155,44.4907,44.5006,161618.1180764728,0
XLE.US,5,20251126,203500,44.5031,44.523,44.4907,44.4957,202763.91333197002,0
XLE.US,5,20251126,204000,44.4932,44.5056,44.4635,44.4635,236517.2217199052,0
XLE.US,5,20251126,204500,44.4635,44.5106,44.4635,44.4932,444043.389211306,0
XLE.US,5,20251126,205000,44.4932,44.523,44.4907,44.5205,348883.0221068476,0
XLE.US,5,20251126,205500,44.518,44.5329,44.5106,44.5279,198201.3470851964,0
XLE.US,5,20251126,210000,44.5304,44.5725,44.5254,44.5651,211596.5736302112,0
XLE.US,5,20251126,210500,44.5626,44.5626,44.5353,44.5601,128122.99204025601,0
XLE.US,5,20251126,211000,44.5601,44.5728,44.5502,44.5651,102722.28614033561,0
XLE.US,5,20251126,211500,44.5676,44.5775,44.5403,44.5403,182321.115404892,0
XLE.US,5,20251126,212000,44.5408,44.5502,44.5092,44.5106,153957.3636090784,0
XLE.US,5,20251126,212500,44.5106,44.5106,44.4734,44.4813,236704.8073348256,0
XLE.US,5,20251126,213000,44.4808,44.4808,44.3866,44.4015,638172.3131080692,0
XLE.US,5,20251126,213500,44.404,44.4164,44.394,44.399,352041.7218161524,0
XLE.US,5,20251126,214000,44.399,44.4238,44.3866,44.4139,431989.5006654532,0
XLE.US,5,20251126,214500,44.4114,44.4188,44.3073,44.3147,659597.4142014509,0
XLE.US,5,20251126,215000,44.3172,44.3767,44.3023,44.3172,1214205.3784865388,0
XLE.US,5,20251126,215500,44.3147,44.3271,44.2528,44.2627,4574837.976678715,0
XLE.US,5,20251128,153000,44.2751,44.4411,44.2205,44.4411,324387.97148756444,0
XLE.US,5,20251128,153500,44.4312,44.6097,44.4213,44.6048,315799.37419368204,0
XLE.US,5,20251128,154000,44.6097,44.7758,44.5998,44.7733,291296.25537590764,0
XLE.US,5,20251128,154500,44.7659,44.8031,44.6915,44.8031,469280.7140917796,0
XLE.US,5,20251128,155000,44.808,44.8303,44.7535,44.7931,393215.7557663688,0
XLE.US,5,20251128,155500,44.7956,44.8452,44.7634,44.8402,386876.16880190844,0
XLE.US,5,20251128,160000,44.8427,44.8948,44.8353,44.8799,392927.3176703084,0
XLE.US,5,20251128,160500,44.8824,44.8948,44.8526,44.8824,378051.57670215843,0
XLE.US,5,20251128,161000,44.8824,44.9121,44.8279,44.8675,207368.83762082242,0
XLE.US,5,20251128,161500,44.8675,44.8675,44.7733,44.8031,219331.9589336492,0
XLE.US,5,20251128,162000,44.8055,44.8328,44.7832,44.813,448014.9599185992,0
XLE.US,5,20251128,162500,44.813,44.8576,44.8105,44.8502,155228.1048714424,0
XLE.US,5,20251128,163000,44.8477,44.8973,44.8477,44.8923,206426.87544697482,0
XLE.US,5,20251128,163500,44.8923,44.9171,44.8824,44.9022,124441.87647864601,0
XLE.US,5,20251128,164000,44.9072,44.9146,44.8725,44.8806,172877.2890709424,0
XLE.US,5,20251128,164500,44.8824,44.9171,44.8675,44.9171,217492.4096776556,0
XLE.US,5,20251128,165000,44.9196,44.9295,44.9022,44.9121,281737.45721345843,0
XLE.US,5,20251128,165500,44.9097,44.9642,44.8923,44.9468,406124.87335228885,0
XLE.US,5,20251128,170000,44.9468,45.0088,44.9419,45.0063,170702.90957756402,0
XLE.US,5,20251128,170500,45.0113,45.0336,44.9468,44.9468,116980.8099239088,0
XLE.US,5,20251128,171000,44.9518,44.9742,44.922,44.9369,122709.23085266081,0
XLE.US,5,20251128,171500,44.9369,44.984,44.9341,44.984,115187.6528092396,0
XLE.US,5,20251128,172000,44.9865,45.0039,44.9568,44.9815,151468.3243745432,0
XLE.US,5,20251128,172500,44.9766,44.9939,44.9518,44.9815,194036.13961411442,0
XLE.US,5,20251128,173000,44.9815,44.9939,44.9691,44.9865,122993.63484947561,0
XLE.US,5,20251128,173500,44.9888,44.9939,44.9419,44.9518,135870.4796414308,0
XLE.US,5,20251128,174000,44.9617,45.0032,44.9568,45.0032,152061.3369636464,0
XLE.US,5,20251128,174500,45.0063,45.0293,45.0039,45.0063,136443.321734306,0
XLE.US,5,20251128,175000,45.0063,45.0212,44.9873,45.0063,99299.352930444,0
XLE.US,5,20251128,175500,45.0088,45.0113,44.9815,44.984,73846.2037403308,0
XLE.US,5,20251128,180000,44.9865,45.0162,44.9592,45.0063,110804.6039788952,0
XLE.US,5,20251128,180500,45.0088,45.0162,44.9815,44.9939,114318.3044218128,0
XLE.US,5,20251128,181000,44.9915,44.9939,44.9617,44.9815,125085.3153083192,0
XLE.US,5,20251128,181500,44.9766,44.9865,44.9617,44.9716,153303.83953129122,0
XLE.US,5,20251128,182000,44.9667,44.9667,44.9295,44.9518,141814.7248798224,0
XLE.US,5,20251128,182500,44.9493,44.9546,44.9245,44.9444,155881.6289492296,0
XLE.US,5,20251128,183000,44.9419,44.9419,44.87,44.9034,507616.75922271644,0
XLE.US,5,20251128,183500,44.9047,44.932,44.8824,44.922,797886.3363406188,0
XLE.US,5,20251128,184000,44.922,44.9344,44.8626,44.8675,612136.2365769668,0
XLE.US,5,20251128,184500,44.8675,44.8997,44.8551,44.8626,806614.1100584745,0
XLE.US,5,20251128,185000,44.8626,44.8774,44.8279,44.8303,1012889.7067837393,0
XLE.US,5,20251128,185500,44.8279,44.8922,44.8229,44.8526,1761664.9189084237,0
XLE.US,5,20251128,190000,44.8526,44.8576,44.8427,44.8477,988830.3388829809,0
XLE.US,5,20251201,153000,44.9072,45.16,44.8725,45.1253,1285179.3035640025,0
XLE.US,5,20251201,153500,45.1253,45.2319,45.1228,45.1997,613265.7843657348,0
XLE.US,5,20251201,154000,45.2046,45.3583,45.2046,45.2889,1203335.4980692696,0
XLE.US,5,20251201,154500,45.2938,45.3707,45.274,45.3633,942728.652704264,0
XLE.US,5,20251201,155000,45.3583,45.4575,45.3335,45.4153,380905.70191842044,0
XLE.US,5,20251201,155500,45.4129,45.5046,45.4129,45.4711,443849.75244751724,0
XLE.US,5,20251201,160000,45.4773,45.5145,45.4476,45.4624,466059.485844168,0
XLE.US,5,20251201,160500,45.4649,45.4773,45.4228,45.4377,978797.5340591737,0
XLE.US,5,20251201,161000,45.4327,45.5145,45.4029,45.5071,331857.10624079284,0
XLE.US,5,20251201,161500,45.5021,45.5145,45.4153,45.4277,337791.2662310704,0
XLE.US,5,20251201,162000,45.4277,45.4327,45.3583,45.4079,263959.1818380992,0
XLE.US,5,20251201,162500,45.4029,45.4277,45.341,45.3955,225161.23234354123,0
XLE.US,5,20251201,163000,45.3955,45.4624,45.3658,45.4228,429220.09153334884,0
XLE.US,5,20251201,163500,45.4178,45.4724,45.4129,45.4352,237660.8888560328,0
XLE.US,5,20251201,164000,45.4377,45.4525,45.3856,45.398,332712.33528086,0
XLE.US,5,20251201,164500,45.4005,45.4228,45.3435,45.3484,335981.9727194188,0
XLE.US,5,20251201,165000,45.3558,45.4228,45.3484,45.4054,371475.99493183044,0
XLE.US,5,20251201,165500,45.4079,45.4302,45.3782,45.3856,312630.58923626324,0
XLE.US,5,20251201,170000,45.3831,45.3831,45.3311,45.336,379614.79015982844,0
XLE.US,5,20251201,170500,45.3357,45.3435,45.2914,45.3335,237999.75319266322,0
XLE.US,5,20251201,171000,45.3286,45.3484,45.2864,45.3335,162804.14325467922,0
XLE.US,5,20251201,171500,45.3335,45.3462,45.2864,45.3286,260744.00473935602,0
XLE.US,5,20251201,172000,45.3335,45.3658,45.3211,45.3435,266000.4360563728,0
XLE.US,5,20251201,172500,45.3484,45.3583,45.3236,45.3286,195782.9045874592,0
XLE.US,5,20251201,173000,45.3261,45.3558,45.3187,45.3558,204540.93404965682,0
XLE.US,5,20251201,173500,45.3534,45.3558,45.3236,45.3335,162862.6376937404,0
XLE.US,5,20251201,174000,45.3311,45.3682,45.3236,45.3484,249234.7195916592,0
XLE.US,5,20251201,174500,45.3459,45.3707,45.3286,45.3608,147799.31111067,0
XLE.US,5,20251201,175000,45.3583,45.3583,45.3088,45.3137,137792.7279319592,0
XLE.US,5,20251201,175500,45.3162,45.3236,45.3038,45.3211,130430.4968087392,0
XLE.US,5,20251201,180000,45.3211,45.3335,45.2939,45.3088,132221.6368737856,0
XLE.US,5,20251201,180500,45.3137,45.336,45.3038,45.3088,204119.3706784916,0
XLE.US,5,20251201,181000,45.3112,45.3311,45.2988,45.3013,163213.6043281076,0
XLE.US,5,20251201,181500,45.3038,45.3658,45.2939,45.3435,265524.412345392,0
XLE.US,5,20251201,182000,45.3385,45.3385,45.3013,45.3112,112545.31780337161,0
XLE.US,5,20251201,182500,45.3112,45.3236,45.3038,45.3187,87602.4821678268,0
XLE.US,5,20251201,183000,45.3187,45.3286,45.2691,45.2691,163681.5598405972,0
XLE.US,5,20251201,183500,45.2691,45.2716,45.2443,45.2666,104967.262370512,0
XLE.US,5,20251201,184000,45.2666,45.2964,45.2567,45.2939,86914.668246452,0
XLE.US,5,20251201,184500,45.2964,45.3211,45.2951,45.3137,119826.8669416796,0
XLE.US,5,20251201,185000,45.3088,45.3162,45.2716,45.2939,430295.1789823012,0
XLE.US,5,20251201,185500,45.2964,45.3088,45.279,45.3038,111377.4460717704,0
XLE.US,5,20251201,190000,45.3088,45.3509,45.3088,45.3385,163328.57615660722,0
XLE.US,5,20251201,190500,45.3435,45.3682,45.3286,45.3588,165968.8941128524,0
XLE.US,5,20251201,191000,45.3583,45.3906,45.3558,45.3906,123828.69339331481,0
XLE.US,5,20251201,191500,45.3906,45.4129,45.3856,45.4055,133754.59458711362,0
XLE.US,5,20251201,192000,45.403,45.4113,45.3682,45.3764,158719.6177685092,0
XLE.US,5,20251201,192500,45.3732,45.3831,45.3633,45.3776,125393.92390060761,0
XLE.US,5,20251201,193000,45.3782,45.4203,45.3782,45.4203,151496.5630692624,0
XLE.US,5,20251201,193500,45.4203,45.4624,45.4203,45.4575,124468.09812374241,0
XLE.US,5,20251201,194000,45.455,45.4999,45.4525,45.4993,180021.6788349,0
XLE.US,5,20251201,194500,45.4971,45.517,45.4922,45.5145,126366.1418187972,0
XLE.US,5,20251201,195000,45.5086,45.5219,45.4848,45.4868,240825.63971420602,0
XLE.US,5,20251201,195500,45.4872,45.4996,45.4674,45.4773,169514.86734973482,0
XLE.US,5,20251201,200000,45.4773,45.4773,45.4302,45.45,192315.59628586602,0
XLE.US,5,20251201,200500,45.4476,45.4699,45.4352,45.4426,127064.04098828601,0
XLE.US,5,20251201,201000,45.4401,45.4401,45.3955,45.4104,256318.5978669328,0
XLE.US,5,20251201,201500,45.4104,45.4228,45.3806,45.3856,145507.9427391692,0
XLE.US,5,20251201,202000,45.3881,45.3907,45.3435,45.3658,178127.6692390908,0
XLE.US,5,20251201,202500,45.368,45.368,45.3311,45.341,159328.7667545948,0
XLE.US,5,20251201,203000,45.3385,45.3534,45.3038,45.341,261859.4331807644,0
XLE.US,5,20251201,203500,45.3435,45.3881,45.3435,45.3782,126579.94907881401,0
XLE.US,5,20251201,204000,45.3782,45.3881,45.3236,45.3261,372567.2187777652,0
XLE.US,5,20251201,204500,45.3286,45.3558,45.3162,45.3385,271160.0489914952,0
XLE.US,5,20251201,205000,45.3385,45.341,45.3063,45.3137,135636.501885186,0
XLE.US,5,20251201,205500,45.3187,45.3311,45.3013,45.3236,135902.7524353956,0
XLE.US,5,20251201,210000,45.3211,45.3633,45.3187,45.3583,228852.4331532652,0
XLE.US,5,20251201,210500,45.3608,45.3707,45.3484,45.3707,260834.771972382,0
XLE.US,5,20251201,211000,45.3707,45.3757,45.3435,45.3435,121133.91509725401,0
XLE.US,5,20251201,211500,45.3459,45.3583,45.2939,45.301,145516.0109376604,0
XLE.US,5,20251201,212000,45.2988,45.3286,45.2939,45.3167,200163.93636818082,0
XLE.US,5,20251201,212500,45.3137,45.3435,45.3063,45.3261,207546.33798762882,0
XLE.US,5,20251201,213000,45.3286,45.3459,45.2939,45.3112,575536.8711712608,0
XLE.US,5,20251201,213500,45.3112,45.3187,45.2939,45.3063,289793.5534069216,0
XLE.US,5,20251201,214000,45.3038,45.3162,45.2815,45.2964,343618.5225913396,0
XLE.US,5,20251201,214500,45.2939,45.3211,45.2617,45.2683,461563.4822349468,0
XLE.US,5,20251201,215000,45.2691,45.3385,45.2592,45.2716,1025623.3410524756,0
XLE.US,5,20251201,215500,45.2691,45.2889,45.2344,45.2889,2420907.3323762617,0
XLE.US,5,20251202,153000,45.1724,45.1724,44.9171,44.9171,41835.6262264948,0
XLE.US,5,20251202,153500,44.9171,44.9493,44.8774,44.8824,257216.1849490788,0
XLE.US,5,20251202,160500,44.6072,44.6543,44.6072,44.6271,252153.39039585082,0
XLE.US,5,20251202,161000,44.6271,44.7485,44.58,44.6902,1730741.531141277,0
XLE.US,5,20251202,161500,44.694,44.7287,44.6642,44.6866,523277.13249413564,0
XLE.US,5,20251202,162000,44.689,44.694,44.6345,44.6717,241836.1815752288,0
XLE.US,5,20251202,162500,44.6692,44.6841,44.5899,44.6097,275845.6552652596,0
XLE.US,5,20251202,163000,44.6072,44.6915,44.6072,44.6568,272515.5063380168,0
XLE.US,5,20251202,163500,44.6568,44.6692,44.6147,44.6147,242489.70565301602,0
XLE.US,5,20251202,164000,44.6147,44.694,44.6122,44.6816,221209.832132476,0
XLE.US,5,20251202,164500,44.6841,44.7361,44.6717,44.7213,372712.4463506068,0
XLE.US,5,20251202,165000,44.7287,44.7684,44.7163,44.7684,310488.4825368496,0
XLE.US,5,20251202,165500,44.7684,44.813,44.751,44.8105,214365.9827623156,0
XLE.US,5,20251202,170000,44.8105,44.8378,44.7981,44.8179,229229.6214327288,0
XLE.US,5,20251202,170500,44.8179,44.8526,44.7783,44.8526,452908.322303512,0
XLE.US,5,20251202,171000,44.8477,44.8526,44.7956,44.8229,296038.3390391104,0
XLE.US,5,20251202,171500,44.8204,44.8427,44.8006,44.8427,239841.31949827963,0
XLE.US,5,20251202,172000,44.8402,44.8477,44.7684,44.7708,250172.6476662612,0
XLE.US,5,20251202,172500,44.7684,44.7733,44.7138,44.7237,359111.4807440664,0
XLE.US,5,20251202,173000,44.7188,44.7733,44.7188,44.7659,291947.76240407204,0
XLE.US,5,20251202,173500,44.7584,44.7981,44.7436,44.7485,321638.732851688,0
XLE.US,5,20251202,174000,44.7535,44.7808,44.7039,44.7039,150982.21541544842,0
XLE.US,5,20251202,174500,44.7039,44.7188,44.6866,44.6989,202729.6234883824,0
XLE.US,5,20251202,175000,44.6692,44.7039,44.6469,44.6791,261032.4428354164,0
XLE.US,5,20251202,175500,44.6841,44.7188,44.6642,44.6791,87721.488095572,0
XLE.US,5,20251202,180000,44.6816,44.7361,44.6791,44.7039,148019.1695195552,0
XLE.US,5,20251202,180500,44.6965,44.7014,44.6516,44.6516,88494.0181011044,0
XLE.US,5,20251202,181000,44.6494,44.6593,44.6345,44.6345,45375.5483145088,0
XLE.US,5,20251202,181500,44.6841,44.7361,44.6791,44.7337,94809.4004700912,0
XLE.US,5,20251202,182000,44.7361,44.7733,44.7237,44.7584,139156.253476972,0
XLE.US,5,20251202,182500,44.756,44.7733,44.7436,44.746,131449.1068682532,0
XLE.US,5,20251202,183000,44.7485,44.7659,44.7436,44.746,119746.18495676761,0
XLE.US,5,20251202,183500,44.746,44.7535,44.7064,44.7089,89803.0833063016,0
XLE.US,5,20251202,184000,44.7138,44.7411,44.7089,44.7237,134884.1423758816,0
XLE.US,5,20251202,184500,44.7237,44.7337,44.7113,44.7287,70304.264602694,0
XLE.US,5,20251202,185000,44.7237,44.7337,44.694,44.6989,95023.207730108,0
XLE.US,5,20251202,185500,44.7014,44.7089,44.6444,44.6494,176895.25191956002,0
XLE.US,5,20251202,190000,44.6444,44.6915,44.6395,44.6692,88336.68823052601,0
XLE.US,5,20251202,190500,44.6642,44.7113,44.6593,44.6692,92388.9409227312,0
XLE.US,5,20251202,191000,44.6692,44.6742,44.6271,44.6345,89869.645943854,0
XLE.US,5,20251202,191500,44.6345,44.6766,44.6196,44.6692,127531.99650077561,0
XLE.US,5,20251202,192000,44.6692,44.7287,44.6642,44.7188,128633.3055948244,0
XLE.US,5,20251202,192500,44.7188,44.7237,44.6866,44.7113,185179.2747203996,0
XLE.US,5,20251202,193000,44.7138,44.7485,44.7138,44.7188,188763.5719001152,0
XLE.US,5,20251202,193500,44.7188,44.7312,44.6915,44.7014,86202.64972960361,0
XLE.US,5,20251202,194000,44.6989,44.7089,44.6642,44.6841,138758.8947012804,0
XLE.US,5,20251202,194500,44.6791,44.7138,44.6593,44.7138,80371.35927008881,0
XLE.US,5,20251202,195000,44.7138,44.7287,44.6989,44.7262,135452.9503695112,0
XLE.US,5,20251202,195500,44.7262,44.746,44.6965,44.7188,289848.0137467372,0
XLE.US,5,20251202,200000,44.7237,44.7436,44.7113,44.7287,122983.5496013616,0
XLE.US,5,20251202,200500,44.7287,44.7485,44.6895,44.7064,124762.5873686712,0
XLE.US,5,20251202,201000,44.7064,44.7485,44.7014,44.7346,125238.61107965201,0
XLE.US,5,20251202,201500,44.7386,44.746,44.6816,44.689,142609.44243120562,0
XLE.US,5,20251202,202000,44.689,44.689,44.5998,44.6171,182347.33704998842,0
XLE.US,5,20251202,202500,44.6196,44.6345,44.5874,44.6345,144051.6329115076,0
XLE.US,5,20251202,203000,44.6295,44.6543,44.6147,44.6246,173127.4032241696,0
XLE.US,5,20251202,203500,44.6246,44.6271,44.5924,44.5948,248191.9049366716,0
XLE.US,5,20251202,204000,44.5948,44.6221,44.5924,44.6122,271688.5159926688,0
XLE.US,5,20251202,204500,44.6097,44.6345,44.5924,44.6246,184806.1205401816,0
XLE.US,5,20251202,205000,44.6266,44.6469,44.6171,44.637,135051.557494574,0
XLE.US,5,20251202,205500,44.6345,44.6395,44.6246,44.6378,219703.09606424443,0
XLE.US,5,20251202,210000,44.6395,44.6618,44.6246,44.632,259033.5466592216,0
XLE.US,5,20251202,210500,44.632,44.632,44.6048,44.6246,452652.15700141643,0
XLE.US,5,20251202,211000,44.6295,44.6915,44.6271,44.6841,264092.30711320403,0
XLE.US,5,20251202,211500,44.6866,44.7014,44.6717,44.7014,103234.61674452681,0
XLE.US,5,20251202,212000,44.7014,44.7113,44.6692,44.6816,114965.7773507316,0
XLE.US,5,20251202,212500,44.6841,44.6965,44.6742,44.6748,184783.9329943308,0
XLE.US,5,20251202,213000,44.6747,44.7287,44.6667,44.7262,368662.21070802445,0
XLE.US,5,20251202,213500,44.7262,44.7634,44.7188,44.7485,351991.2955755824,0
XLE.US,5,20251202,214000,44.7436,44.7832,44.7287,44.7684,341020.56267717323,0
XLE.US,5,20251202,214500,44.7708,44.7956,44.7485,44.7634,587931.6411033669,0
XLE.US,5,20251202,215000,44.7584,44.7981,44.7312,44.746,953215.2936932013,0
XLE.US,5,20251202,215500,44.746,44.746,44.6791,44.689,3737191.558173463,0
XLE.US,5,20251203,153000,44.9716,45.16,44.927,45.1204,678591.9704993585,0
XLE.US,5,20251203,153500,45.1204,45.2294,45.1104,45.1749,743696.281174474,0
XLE.US,5,20251203,154000,45.1774,45.2245,45.1451,45.1972,794205.2207790088,0
XLE.US,5,20251203,154500,45.1997,45.2245,45.1228,45.165,552433.5847917097,0
XLE.US,5,20251203,155000,45.1699,45.2319,45.165,45.2046,259594.28645436,0
XLE.US,5,20251203,155500,45.1997,45.2369,45.1799,45.2294,183775.4081829308,0
XLE.US,5,20251203,160000,45.2294,45.2691,45.2195,45.2393,300219.6829071748,0
XLE.US,5,20251203,160500,45.2393,45.3236,45.2393,45.3137,200349.5049334784,0
XLE.US,5,20251203,161000,45.3168,45.3236,45.222,45.2393,299227.29449275724,0
XLE.US,5,20251203,161500,45.2393,45.2617,45.1892,45.2542,162416.8697271016,0
XLE.US,5,20251203,162000,45.2493,45.283,45.217,45.2418,136219.4292261752,0
XLE.US,5,20251203,162500,45.2418,45.2716,45.2294,45.2493,129601.4894137684,0
XLE.US,5,20251203,163000,45.2493,45.3038,45.2146,45.2517,406838.90891876,0
XLE.US,5,20251203,163500,45.2542,45.2889,45.2468,45.2765,217772.77957522482,0
XLE.US,5,20251203,164000,45.274,45.279,45.2067,45.222,111611.4238280152,0
XLE.US,5,20251203,164500,45.2195,45.2815,45.2146,45.279,110080.48316431,0
XLE.US,5,20251203,165000,45.2815,45.3859,45.274,45.3806,314242.21188488044,0
XLE.US,5,20251203,165500,45.3831,45.398,45.3484,45.393,166638.554587622,0
XLE.US,5,20251203,170000,45.3881,45.4277,45.3583,45.3881,319296.9382396172,0
XLE.US,5,20251203,170500,45.393,45.4104,45.3682,45.3707,185058.2517430316,0
XLE.US,5,20251203,171000,45.3707,45.3906,45.3435,45.3524,167544.2098682592,0
XLE.US,5,20251203,171500,45.3484,45.3906,45.336,45.3534,152519.20722802202,0
XLE.US,5,20251203,172000,45.3435,45.3831,45.3112,45.3534,274427.66938043124,0
XLE.US,5,20251203,172500,45.3534,45.3831,45.336,45.3682,155601.2590516604,0
XLE.US,5,20251203,173000,45.3707,45.4327,45.3534,45.4253,254753.36735964002,0
XLE.US,5,20251203,173500,45.4253,45.4476,45.3682,45.3682,234734.14985335,0
XLE.US,5,20251203,174000,45.3782,45.4129,45.341,45.4129,154806.5415002772,0
XLE.US,5,20251203,174500,45.4129,45.4178,45.3311,45.3633,222454.35174974363,0
XLE.US,5,20251203,175000,45.3583,45.3707,45.3162,45.3236,132354.7621488904,0
XLE.US,5,20251203,175500,45.3187,45.3187,45.2542,45.3038,160831.4687235808,0
XLE.US,5,20251203,180000,45.3038,45.3682,45.3038,45.3682,134418.20391301482,0
XLE.US,5,20251203,180500,45.3682,45.4228,45.3633,45.4153,69939.1786209672,0
XLE.US,5,20251203,181000,45.4178,45.4228,45.3881,45.4129,170660.5515354852,0
XLE.US,5,20251203,181500,45.4178,45.4798,45.4178,45.4748,320981.1746746552,0
XLE.US,5,20251203,182000,45.4724,45.5021,45.4699,45.4823,101675.4373861024,0
XLE.US,5,20251203,182500,45.4848,45.5046,45.4773,45.5046,139327.70269491,0
XLE.US,5,20251203,183000,45.5071,45.5666,45.5071,45.5418,185229.7009609696,0
XLE.US,5,20251203,183500,45.5418,45.5542,45.5219,45.5368,161113.8556707728,0
XLE.US,5,20251203,184000,45.5368,45.5492,45.5219,45.5492,106828.9991723564,0
XLE.US,5,20251203,184500,45.5492,45.5566,45.5095,45.5368,130670.5257138524,0
XLE.US,5,20251203,185000,45.5368,45.5418,45.4996,45.512,71082.84575709481,0
XLE.US,5,20251203,185500,45.5143,45.5368,45.5054,45.5195,86188.530382244,0
XLE.US,5,20251203,190000,45.5195,45.5195,45.4872,45.4872,116994.92927126841,0
XLE.US,5,20251203,190500,45.4872,45.5071,45.4872,45.4971,83090.34216162321,0
XLE.US,5,20251203,191000,45.4996,45.512,45.4872,45.512,79019.9360228128,0
XLE.US,5,20251203,191500,45.5145,45.5418,45.5095,45.5294,135420.6775755464,0
XLE.US,5,20251203,192000,45.5368,45.5591,45.5142,45.5195,159929.8475421892,0
XLE.US,5,20251203,192500,45.5195,45.5517,45.512,45.5517,145977.9153012816,0
XLE.US,5,20251203,193000,45.5517,45.5591,45.512,45.5219,83058.0693676584,0
XLE.US,5,20251203,193500,45.5219,45.5368,45.5,45.5368,97879.3499959928,0
XLE.US,5,20251203,194000,45.5343,45.5814,45.5325,45.5666,318332.7885199188,0
XLE.US,5,20251203,194500,45.5715,45.5814,45.5318,45.5517,133008.28622667762,0
XLE.US,5,20251203,195000,45.5517,45.5644,45.5418,45.5418,224261.62821177242,0
XLE.US,5,20251203,195500,45.5443,45.5566,45.5021,45.5095,646190.0853586992,0
XLE.US,5,20251203,200000,45.5095,45.5492,45.5095,45.5492,156406.0618511576,0
XLE.US,5,20251203,200500,45.5517,45.5666,45.5318,45.5542,256475.9277375112,0
XLE.US,5,20251203,201000,45.5542,45.5616,45.5442,45.5591,188311.75278460802,0
XLE.US,5,20251203,201500,45.5616,45.5666,45.5368,45.5418,111234.2355485516,0
XLE.US,5,20251203,202000,45.5418,45.5492,45.5043,45.5071,88830.86538811201,0
XLE.US,5,20251203,202500,45.5095,45.5368,45.4915,45.5274,141893.38981511162,0
XLE.US,5,20251203,203000,45.5343,45.5467,45.5244,45.5368,127939.44052458121,0
XLE.US,5,20251203,203500,45.5343,45.5418,45.5195,45.5393,125575.4583666596,0
XLE.US,5,20251203,204000,45.5393,45.5889,45.5393,45.586,292022.3932401156,0
XLE.US,5,20251203,204500,45.5839,45.6037,45.5789,45.5963,110274.11992809881,0
XLE.US,5,20251203,205000,45.5913,45.5913,45.569,45.5715,152904.4637059768,0
XLE.US,5,20251203,205500,45.5666,45.6062,45.5666,45.6013,623250.1799985948,0
XLE.US,5,20251203,210000,45.6013,45.6037,45.574,45.5814,228128.31233868,0
XLE.US,5,20251203,210500,45.5864,45.589,45.5666,45.5814,148366.1020546768,0
XLE.US,5,20251203,211000,45.5814,45.6013,45.5517,45.5566,242832.60408889203,0
XLE.US,5,20251203,211500,45.5517,45.574,45.5517,45.5596,298394.2529985408,0
XLE.US,5,20251203,212000,45.5591,45.5641,45.5368,45.5467,223329.7512860388,0
XLE.US,5,20251203,212500,45.5418,45.5418,45.4996,45.517,548183.66123647,0
XLE.US,5,20251203,213000,45.517,45.5269,45.4674,45.4947,523942.7588696596,0
XLE.US,5,20251203,213500,45.4947,45.5492,45.4922,45.5393,615605.5619281828,0
XLE.US,5,20251203,214000,45.5393,45.5765,45.5393,45.5517,575599.3997095677,0
XLE.US,5,20251203,214500,45.5517,45.5666,45.5294,45.5393,894024.9725121353,0
XLE.US,5,20251203,215000,45.5418,45.569,45.512,45.5244,1300646.040071633,0
XLE.US,5,20251203,215500,45.5244,45.5467,45.5021,45.5269,5000449.566436875,0
XLE.US,5,20251204,153000,45.4724,45.7153,45.4674,45.6855,1032483.3268196185,0
XLE.US,5,20251204,153500,45.6831,45.6979,45.6062,45.6236,530768.4547932148,0
XLE.US,5,20251204,154000,45.626,45.7649,45.6112,45.6508,536773.2115202905,0
XLE.US,5,20251204,154500,45.6508,45.6508,45.5517,45.5765,476247.60348893085,0
XLE.US,5,20251204,155000,45.5715,45.5765,45.4971,45.5566,332994.72222805204,0
XLE.US,5,20251204,155500,45.5517,45.6384,45.5517,45.5963,343515.6530605768,0
XLE.US,5,20251204,160000,45.5963,45.6384,45.5864,45.5938,339509.79250969604,0
XLE.US,5,20251204,160500,45.5913,45.6062,45.5142,45.5294,299295.8741799324,0
XLE.US,5,20251204,161000,45.5318,45.5814,45.5219,45.544,273542.184596022,0
XLE.US,5,20251204,161500,45.5442,45.6087,45.5442,45.6037,246848.54988788682,0
XLE.US,5,20251204,162000,45.6013,45.6112,45.4996,45.5021,256685.7008982824,0
XLE.US,5,20251204,162500,45.5021,45.5269,45.4352,45.517,292702.1389629992,0
XLE.US,5,20251204,163000,45.5219,45.5492,45.4476,45.4476,199048.5079267724,0
XLE.US,5,20251204,163500,45.45,45.5195,45.4451,45.4922,310629.67601044563,0
XLE.US,5,20251204,164000,45.4947,45.5095,45.4129,45.4228,416236.34311138524,0
XLE.US,5,20251204,164500,45.4228,45.4377,45.3682,45.4302,406324.561264946,0
XLE.US,5,20251204,165000,45.4302,45.4476,45.398,45.4153,336544.72956418,0
XLE.US,5,20251204,165500,45.4153,45.4748,45.4104,45.4624,319115.4037735652,0
XLE.US,5,20251204,170000,45.4575,45.5467,45.4575,45.5095,217998.6891329784,0
XLE.US,5,20251204,170500,45.5071,45.6112,45.5046,45.6062,237174.779896938,0
XLE.US,5,20251204,171000,45.6037,45.6459,45.5839,45.6211,244278.82866843962,0
XLE.US,5,20251204,171500,45.6211,45.6657,45.6186,45.6608,203062.43667614443,0
XLE.US,5,20251204,172000,45.6632,45.6806,45.6484,45.6608,247062.35714790362,0
XLE.US,5,20251204,172500,45.6608,45.6608,45.6161,45.6459,275530.9955241028,0
XLE.US,5,20251204,173000,45.6508,45.7103,45.6409,45.6855,297403.88163374603,0
XLE.US,5,20251204,173500,45.6855,45.7095,45.6608,45.7004,301240.3100163116,0
XLE.US,5,20251204,174000,45.7004,45.7004,45.6548,45.6781,115895.6372268424,0
XLE.US,5,20251204,174500,45.6806,45.7054,45.6756,45.6855,88798.59259414721,0
XLE.US,5,20251204,175000,45.6831,45.7128,45.6806,45.7054,98139.549397334,0
XLE.US,5,20251204,175500,45.7054,45.745,45.7004,45.7351,79994.1709906252,0
XLE.US,5,20251204,180000,45.7351,45.7376,45.6608,45.6756,135416.64347630081,0
XLE.US,5,20251204,180500,45.6707,45.6756,45.6161,45.6381,317013.63806660764,0
XLE.US,5,20251204,181000,45.6409,45.6459,45.6112,45.6409,218010.7914307152,0
XLE.US,5,20251204,181500,45.6434,45.6731,45.6434,45.6707,121593.8024112524,0
XLE.US,5,20251204,182000,45.6707,45.7277,45.6707,45.7202,102647.655304292,0
XLE.US,5,20251204,182500,45.7202,45.745,45.7128,45.7153,74388.790088864,0
XLE.US,5,20251204,183000,45.7128,45.7153,45.6955,45.7103,50884.110834375606,0
XLE.US,5,20251204,183500,45.7153,45.7153,45.6955,45.6979,121363.8587542532,0
XLE.US,5,20251204,184000,45.6955,45.7128,45.6905,45.6979,119687.6905177064,0
XLE.US,5,20251204,184500,45.6955,45.7202,45.6855,45.7103,95178.5205510636,0
XLE.US,5,20251204,185000,45.7128,45.7202,45.7054,45.7128,106365.0777591124,0
XLE.US,5,20251204,185500,45.7137,45.7202,45.6979,45.7178,73579.9531901212,0
XLE.US,5,20251204,190000,45.7153,45.7549,45.7128,45.7376,87836.4599240716,0
XLE.US,5,20251204,190500,45.7376,45.75,45.7277,45.7333,67343.2357564236,0
XLE.US,5,20251204,191000,45.7302,45.7426,45.7019,45.7401,85988.8424695868,0
XLE.US,5,20251204,191500,45.745,45.75,45.7178,45.7227,61275.9504910412,0
XLE.US,5,20251204,192000,45.7202,45.7549,45.7202,45.75,69009.3187448564,0
XLE.US,5,20251204,192500,45.745,45.7897,45.7376,45.7847,159054.448005894,0
XLE.US,5,20251204,193000,45.7822,45.7921,45.7698,45.7847,92550.3048925552,0
XLE.US,5,20251204,193500,45.7822,45.7847,45.7649,45.7673,116321.23469725321,0
XLE.US,5,20251204,194000,45.7698,45.7698,45.7252,45.7326,91539.7630315324,0
XLE.US,5,20251204,194500,45.7351,45.7549,45.7223,45.7525,143940.6951822536,0
XLE.US,5,20251204,195000,45.75,45.7574,45.7326,45.7467,57457.6755550808,0
XLE.US,5,20251204,195500,45.75,45.75,45.7202,45.7202,66411.35883069,0
XLE.US,5,20251204,200000,45.7227,45.7426,45.7202,45.7277,100856.51523924561,0
XLE.US,5,20251204,200500,45.7277,45.745,45.6756,45.6781,124234.12036749761,0
XLE.US,5,20251204,201000,45.6781,45.6905,45.6533,45.6533,80809.0590382364,0
XLE.US,5,20251204,201500,45.6558,45.6583,45.5913,45.5938,110239.83008451121,0
XLE.US,5,20251204,202000,45.5938,45.6084,45.5542,45.5814,178756.9887214044,0
XLE.US,5,20251204,202500,45.5814,45.626,45.5814,45.6013,132088.5115986808,0
XLE.US,5,20251204,203000,45.6013,45.6409,45.5814,45.631,129446.1765928128,0
XLE.US,5,20251204,203500,45.636,45.6731,45.6335,45.6409,140850.57516012402,0
XLE.US,5,20251204,204000,45.6434,45.6533,45.6112,45.6186,80320.9330295188,0
XLE.US,5,20251204,204500,45.6211,45.6384,45.6062,45.6112,81141.8722259984,0
XLE.US,5,20251204,205000,45.6087,45.6384,45.6037,45.6384,132929.6212913884,0
XLE.US,5,20251204,205500,45.636,45.636,45.5938,45.605,75056.4335140108,0
XLE.US,5,20251204,210000,45.6013,45.6112,45.569,45.5715,127499.72370681081,0
XLE.US,5,20251204,210500,45.5715,45.5814,45.5442,45.5814,180870.8567260988,0
XLE.US,5,20251204,211000,45.5839,45.6459,45.5814,45.6459,130599.92897705441,0
XLE.US,5,20251204,211500,45.6439,45.688,45.636,45.6831,210902.708559968,0
XLE.US,5,20251204,212000,45.688,45.6955,45.6731,45.6781,80861.50232842921,0
XLE.US,5,20251204,212500,45.6781,45.6887,45.636,45.636,208500.40245921322,0
XLE.US,5,20251204,213000,45.636,45.6831,45.636,45.6707,251257.82036332763,0
XLE.US,5,20251204,213500,45.6731,45.6904,45.6657,45.684,268326.0942714612,0
XLE.US,5,20251204,214000,45.6855,45.6955,45.6381,45.6409,441725.7991947088,0
XLE.US,5,20251204,214500,45.6409,45.6558,45.6062,45.6137,740642.4680455548,0
XLE.US,5,20251204,215000,45.6161,45.7128,45.6161,45.7054,1077227.5386021908,0
XLE.US,5,20251204,215500,45.7078,45.7401,45.6756,45.7202,2984057.5018139076,0
XLE.US,5,20251205,153000,45.6399,45.8789,45.6399,45.8591,486521.44574266265,0
XLE.US,5,20251205,153500,45.8591,45.9582,45.8491,45.9433,431059.6407893424,0
XLE.US,5,20251205,154000,45.9384,46.0375,45.9186,45.9384,432822.5421596696,0
XLE.US,5,20251205,154500,45.9384,45.9384,45.8491,45.8888,322139.96968295384,0
XLE.US,5,20251205,155000,45.8888,45.9285,45.8293,45.8392,204057.85066499622,0
XLE.US,5,20251205,155500,45.8491,45.9186,45.8293,45.8939,135857.36881888262,0
XLE.US,5,20251205,160000,45.8987,46.0276,45.8938,45.9964,266632.7811131206,0
XLE.US,5,20251205,160500,45.9881,46.0375,45.9825,46.0177,162013.45980254162,0
XLE.US,5,20251205,161000,46.0177,46.0772,46.0078,46.0229,248722.388987468,0
XLE.US,5,20251205,161500,46.0276,46.043,46.0078,46.0375,127679.24112324,0
XLE.US,5,20251205,162000,46.0276,46.0574,46.0177,46.0425,146141.2963207284,0
XLE.US,5,20251205,162500,46.0375,46.0724,45.9681,45.9929,171624.7012551836,0
XLE.US,5,20251205,163000,45.9929,46.1069,45.978,46.097,239765.6801374246,0
XLE.US,5,20251205,163500,46.097,46.1714,46.0717,46.1417,212194.6288433714,0
XLE.US,5,20251205,164000,46.1417,46.1615,46.1119,46.1516,192379.1333489842,0
XLE.US,5,20251205,164500,46.1565,46.2061,46.1466,46.1962,290998.7405565446,0
XLE.US,5,20251205,165000,46.1962,46.2011,46.1268,46.1466,130894.4182219832,0
XLE.US,5,20251205,165500,46.1466,46.1863,46.102,46.1218,238489.8962510036,0
XLE.US,5,20251205,170000,46.1218,46.1714,46.1203,46.1412,262652.1336825248,0
XLE.US,5,20251205,170500,46.1367,46.1937,46.1268,46.1818,280212.5676986216,0
XLE.US,5,20251205,171000,46.1813,46.216,46.1664,46.2011,393329.71907005704,0
XLE.US,5,20251205,171500,46.2061,46.216,46.1664,46.2061,402787.66475136625,0
XLE.US,5,20251205,172000,46.1962,46.2656,46.1863,46.2309,568012.2675534055,0
XLE.US,5,20251205,172500,46.2309,46.2408,46.1268,46.1367,251032.91933038543,0
XLE.US,5,20251205,173000,46.1367,46.1367,46.0004,46.0326,303121.20878957264,0
XLE.US,5,20251205,173500,46.0276,46.0769,45.9533,45.9979,248743.56800850743,0
XLE.US,5,20251205,174000,45.9979,45.9979,45.9205,45.9285,141954.90982860702,0
XLE.US,5,20251205,174500,45.9334,45.978,45.9187,45.9533,210164.46839802322,0
XLE.US,5,20251205,175000,45.9533,45.9881,45.9484,45.988,218459.58497178822,0
XLE.US,5,20251205,175500,45.983,45.9929,45.9483,45.9483,141902.4665384142,0
XLE.US,5,20251205,180000,45.9483,46.0078,45.9384,45.9929,204058.8591898076,0
XLE.US,5,20251205,180500,45.9948,46.0078,45.9433,45.9879,276524.3924633318,0
XLE.US,5,20251205,181000,45.988,46.0078,45.9681,45.989,163892.3415261798,0
XLE.US,5,20251205,181500,45.9929,46.0673,45.9929,46.0623,132703.71173363482,0
XLE.US,5,20251205,182000,46.0623,46.0871,46.0326,46.0475,134828.6735112546,0
XLE.US,5,20251205,182500,46.0475,46.0475,46.0177,46.0276,78761.75367109441,0
XLE.US,5,20251205,183000,46.0356,46.0543,46.0028,46.0028,95701.94492818021,0
XLE.US,5,20251205,183500,45.9979,46.0028,45.9483,45.9483,175418.7715956704,0
XLE.US,5,20251205,184000,45.9483,45.9582,45.9136,45.9533,237909.9944844486,0
XLE.US,5,20251205,184500,45.9533,45.9582,45.8987,45.9037,166748.4837920646,0
XLE.US,5,20251205,185000,45.9086,45.9979,45.9037,45.992,111956.339313514,0
XLE.US,5,20251205,185500,46.0028,46.0028,45.9681,45.9929,107150.71858719301,0
XLE.US,5,20251205,190000,45.988,46.0127,45.978,46.0028,112395.047606473,0
XLE.US,5,20251205,190500,46.0028,46.0276,45.9979,46.0276,244388.7578728822,0
XLE.US,5,20251205,191000,46.0276,46.0276,45.988,45.988,274236.0496662652,0
XLE.US,5,20251205,191500,45.9979,45.9979,45.9483,45.9583,178257.76893976142,0
XLE.US,5,20251205,192000,45.9582,45.9582,45.8888,45.9235,101940.6794115006,0
XLE.US,5,20251205,192500,45.9235,45.988,45.9186,45.9731,76694.2778077244,0
XLE.US,5,20251205,193000,45.9731,45.988,45.9681,45.9782,62449.8733715108,0
XLE.US,5,20251205,193500,45.983,45.983,45.9037,45.9235,148210.7892337212,0
XLE.US,5,20251205,194000,45.9284,45.9384,45.8987,45.9285,233097.3140844478,0
XLE.US,5,20251205,194500,45.9297,45.9632,45.9285,45.9496,142938.22151972202,0
XLE.US,5,20251205,195000,45.9483,45.9668,45.9235,45.9235,134824.639412009,0
XLE.US,5,20251205,195500,45.9235,45.9384,45.8987,45.9037,91270.4869068886,0
XLE.US,5,20251205,200000,45.9086,45.9186,45.8591,45.869,157127.15709130862,0
XLE.US,5,20251205,200500,45.869,45.9285,45.8591,45.8863,125037.9146421834,0
XLE.US,5,20251205,201000,45.8838,45.9086,45.8739,45.8888,107329.2274788108,0
XLE.US,5,20251205,201500,45.8888,45.8938,45.864,45.8789,76755.7978212198,0
XLE.US,5,20251205,202000,45.8789,45.8938,45.8591,45.869,73023.2474942284,0
XLE.US,5,20251205,202500,45.869,45.8789,45.8442,45.8491,97938.8529598654,0
XLE.US,5,20251205,203000,45.8541,45.869,45.8442,45.8541,103252.770191132,0
XLE.US,5,20251205,203500,45.8541,45.8888,45.8491,45.8838,83831.6078980022,0
XLE.US,5,20251205,204000,45.8888,45.8938,45.8491,45.8601,114683.39040353961,0
XLE.US,5,20251205,204500,45.864,45.8789,45.8293,45.8442,156329.4139654912,0
XLE.US,5,20251205,205000,45.8442,45.8888,45.8392,45.8888,73719.1296140944,0
XLE.US,5,20251205,205500,45.8838,45.9186,45.8838,45.8987,150540.48154805522,0
XLE.US,5,20251205,210000,45.9086,45.9086,45.8392,45.8491,169834.56971494862,0
XLE.US,5,20251205,210500,45.8491,45.8789,45.8392,45.869,196559.46869223722,0
XLE.US,5,20251205,211000,45.8739,45.8943,45.8392,45.8838,311751.1556007224,0
XLE.US,5,20251205,211500,45.8838,45.9086,45.8739,45.9086,188353.10230187542,0
XLE.US,5,20251205,212000,45.9037,45.9086,45.8888,45.8987,130975.10020689521,0
XLE.US,5,20251205,212500,45.8987,45.8987,45.8591,45.8838,148981.3021896308,0
XLE.US,5,20251205,213000,45.8789,45.8789,45.7351,45.7649,351114.8875144758,0
XLE.US,5,20251205,213500,45.7649,45.7694,45.7201,45.7549,254274.318074225,0
XLE.US,5,20251205,214000,45.7599,45.7649,45.7103,45.7153,376871.60267282045,0
XLE.US,5,20251205,214500,45.7188,45.7202,45.6161,45.6558,491091.07166311605,0
XLE.US,5,20251205,215000,45.6608,45.6855,45.5913,45.5963,633991.9777648163,0
XLE.US,5,20251205,215500,45.6013,45.6013,45.5219,45.5318,3440844.610542064,0
XLE.US,5,20251208,153000,45.2641,45.284,44.9383,45.1694,1399231.3574356057,0
XLE.US,5,20251208,153500,45.1699,45.3732,45.1451,45.3534,696370.2458747176,0
XLE.US,5,20251208,154000,45.3633,45.4129,45.3435,45.3534,488842.06133369403,0
XLE.US,5,20251208,154500,45.3534,45.5318,45.3038,45.4377,308685.2401740664,0
XLE.US,5,20251208,155000,45.4377,45.4575,45.3385,45.4525,314363.2348622484,0
XLE.US,5,20251208,155500,45.4476,45.4624,45.3782,45.4029,344041.0944873162,0
XLE.US,5,20251208,160000,45.393,45.429,45.3682,45.3881,236488.98302518603,0
XLE.US,5,20251208,160500,45.3831,45.4227,45.3137,45.3682,185461.6616675916,0
XLE.US,5,20251208,161000,45.3732,45.4178,45.3336,45.3385,213910.1295475628,0
XLE.US,5,20251208,161500,45.3385,45.3782,45.3236,45.3436,161396.2426179648,0
XLE.US,5,20251208,162000,45.3446,45.4079,45.3335,45.3831,182985.7332556046,0
XLE.US,5,20251208,162500,45.3881,45.393,45.2542,45.2592,168372.20873841862,0
XLE.US,5,20251208,163000,45.2542,45.3236,45.2195,45.3038,308569.2598207554,0
XLE.US,5,20251208,163500,45.2988,45.3633,45.2889,45.3286,155002.1953136888,0
XLE.US,5,20251208,164000,45.3236,45.3385,45.2641,45.2691,249475.75702158382,0
XLE.US,5,20251208,164500,45.274,45.3187,45.2691,45.2988,206390.5685537644,0
XLE.US,5,20251208,165000,45.2939,45.3088,45.2641,45.2641,172049.290200783,0
XLE.US,5,20251208,165500,45.2641,45.2641,45.1253,45.1352,205711.8313556922,0
XLE.US,5,20251208,170000,45.1352,45.1352,45.0361,45.0658,232790.72254178222,0
XLE.US,5,20251208,170500,45.0658,45.1749,45.0609,45.1699,249428.35635544802,0
XLE.US,5,20251208,171000,45.1749,45.1997,45.1554,45.1947,146054.563186948,0
XLE.US,5,20251208,171500,45.1893,45.2195,45.1749,45.2064,81562.4270723522,0
XLE.US,5,20251208,172000,45.2146,45.2344,45.1898,45.1898,156531.1189277712,0
XLE.US,5,20251208,172500,45.1898,45.2641,45.16,45.2294,232277.3834127796,0
XLE.US,5,20251208,173000,45.2245,45.2542,45.1898,45.1947,130035.1550826704,0
XLE.US,5,20251208,173500,45.1947,45.1947,45.1551,45.165,181174.42269433022,0
XLE.US,5,20251208,174000,45.165,45.1898,45.0757,45.1501,876634.979189165,0
XLE.US,5,20251208,174500,45.1501,45.165,45.1352,45.1451,116751.87479172101,0
XLE.US,5,20251208,175000,45.1451,45.1551,45.1253,45.1451,163965.963837412,0
XLE.US,5,20251208,175500,45.1451,45.1608,45.1154,45.1501,95381.234038155,0
XLE.US,5,20251208,180000,45.1501,45.165,45.1055,45.1104,261106.06514664862,0
XLE.US,5,20251208,180500,45.1104,45.1352,45.0957,45.1253,151603.46669927082,0
XLE.US,5,20251208,181000,45.1204,45.1402,45.1055,45.1104,172183.42400069922,0
XLE.US,5,20251208,181500,45.1055,45.1253,45.0956,45.1104,103552.3020601178,0
XLE.US,5,20251208,182000,45.1104,45.1154,45.0658,45.0757,138071.0807799056,0
XLE.US,5,20251208,182500,45.0757,45.1104,45.0609,45.0956,113471.1435802368,0
XLE.US,5,20251208,183000,45.0956,45.1005,45.0559,45.0658,129792.100603123,0
XLE.US,5,20251208,183500,45.0708,45.1055,45.0559,45.0956,97957.00640647061,0
XLE.US,5,20251208,184000,45.0956,45.1005,45.0658,45.0708,169543.106044454,0
XLE.US,5,20251208,184500,45.0668,45.1154,45.046,45.1055,309077.556325701,0
XLE.US,5,20251208,185000,45.1055,45.1551,45.1005,45.1253,206588.2394167988,0
XLE.US,5,20251208,185500,45.1253,45.1253,45.0906,45.0956,267452.7117847888,0
XLE.US,5,20251208,190000,45.0956,45.1109,45.0559,45.0857,260707.6978461456,0
XLE.US,5,20251208,190500,45.0857,45.1154,45.0658,45.0708,220002.62793323022,0
XLE.US,5,20251208,191000,45.0708,45.0708,45.0311,45.041,206803.05520162702,0
XLE.US,5,20251208,191500,45.041,45.046,45.0063,45.0212,204250.47890397362,0
XLE.US,5,20251208,192000,45.0262,45.0311,44.9766,44.9973,275578.3961902386,0
XLE.US,5,20251208,192500,44.9975,45.0063,44.932,44.9419,226770.8379425356,0
XLE.US,5,20251208,193000,44.9379,44.9455,44.8873,44.927,360769.495534008,0
XLE.US,5,20251208,193500,44.9218,44.9617,44.8923,44.9617,254851.19426634582,0
XLE.US,5,20251208,194000,44.9617,45.0348,44.9468,45.0348,183880.2947633164,0
XLE.US,5,20251208,194500,45.036,45.041,44.9667,44.9716,78147.56206095181,0
XLE.US,5,20251208,195000,44.9716,44.9865,44.937,44.9617,322256.9585610762,0
XLE.US,5,20251208,195500,44.9617,44.9766,44.9518,44.9716,320957.978603993,0
XLE.US,5,20251208,200000,44.9667,44.9915,44.9468,44.9716,118534.94665827621,0
XLE.US,5,20251208,200500,44.9716,44.9915,44.9468,44.9617,158435.2137716944,0
XLE.US,5,20251208,201000,44.9667,44.9915,44.9468,44.975,273214.414032317,0
XLE.US,5,20251208,201500,44.9716,44.9716,44.9369,44.9468,71576.01438986941,0
XLE.US,5,20251208,202000,44.9468,45.0063,44.9419,44.9915,158905.1863338068,0
XLE.US,5,20251208,202500,44.9865,45.0014,44.9716,44.9815,117375.1431251662,0
XLE.US,5,20251208,203000,44.9804,45.0162,44.9766,45.0113,170688.7902302044,0
XLE.US,5,20251208,203500,45.0063,45.046,44.9964,45.046,92654.18294812941,0
XLE.US,5,20251208,204000,45.041,45.0528,45.0262,45.041,157603.1808022894,0
XLE.US,5,20251208,204500,45.041,45.041,44.9716,44.9768,98995.7869622126,0
XLE.US,5,20251208,205000,44.9815,45.0031,44.9766,44.9766,70449.4921755356,0
XLE.US,5,20251208,205500,44.9766,45.0113,44.9568,45.0113,186583.1412578684,0
XLE.US,5,20251208,210000,45.0162,45.041,45.0063,45.0361,137633.381011758,0
XLE.US,5,20251208,210500,45.0361,45.0757,45.0262,45.0559,164285.6662026258,0
XLE.US,5,20251208,211000,45.0658,45.0807,45.046,45.046,171036.7312901374,0
XLE.US,5,20251208,211500,45.0509,45.0509,45.0262,45.0361,173885.81388234242,0
XLE.US,5,20251208,212000,45.0311,45.0559,44.9815,44.9964,165632.0468258448,0
XLE.US,5,20251208,212500,44.9915,44.9964,44.9568,44.9716,148685.8044198906,0
XLE.US,5,20251208,213000,44.9667,45.0063,44.9568,45.0063,379130.6982503564,0
XLE.US,5,20251208,213500,45.0014,45.0509,44.9964,45.041,478245.4911403142,0
XLE.US,5,20251208,214000,45.0361,45.0559,45.0063,45.041,780168.5724539437,0
XLE.US,5,20251208,214500,45.0411,45.046,44.9964,45.046,857682.7809333362,0
XLE.US,5,20251208,215000,45.0361,45.0658,44.9964,45.0212,1618725.6888638902,0
XLE.US,5,20251208,215500,45.0262,45.0559,44.9667,45.046,4666258.733782503,0
XLE.US,5,20251209,153000,45.1055,45.481,45.0757,45.4525,763097.2729713758,0
XLE.US,5,20251209,153500,45.4476,45.5219,45.2939,45.3038,826464.9039212606,0
XLE.US,5,20251209,154000,45.3038,45.4575,45.2939,45.4377,474121.63318649965,0
XLE.US,5,20251209,154500,45.4327,45.5715,45.4029,45.5541,603618.2360198825,0
XLE.US,5,20251209,155000,45.5616,45.6756,45.5318,45.6558,459108.7328439992,0
XLE.US,5,20251209,155500,45.6508,45.6508,45.5517,45.5913,353830.84483157605,0
XLE.US,5,20251209,160000,45.5913,45.636,45.5418,45.636,306951.5860232698,0
XLE.US,5,20251209,160500,45.6409,45.6756,45.5814,45.6459,331222.7441344222,0
XLE.US,5,20251209,161000,45.6409,45.6707,45.5814,45.5913,278768.3601686968,0
XLE.US,5,20251209,161500,45.5963,45.5963,45.4971,45.5077,215721.4401088372,0
XLE.US,5,20251209,162000,45.5071,45.5467,45.4575,45.4724,272740.407370959,0
XLE.US,5,20251209,162500,45.4823,45.4889,45.4029,45.4029,320727.0264221824,0
XLE.US,5,20251209,163000,45.4029,45.4377,45.3881,45.398,171626.71830480642,0
XLE.US,5,20251209,163500,45.4029,45.4228,45.3633,45.3831,331987.2059414634,0
XLE.US,5,20251209,164000,45.3831,45.3875,45.294,45.3286,225501.105204983,0
XLE.US,5,20251209,164500,45.3286,45.4079,45.3056,45.3682,198324.38711218722,0
XLE.US,5,20251209,165000,45.3732,45.4426,45.3435,45.4129,273050.0244880588,0
XLE.US,5,20251209,165500,45.4228,45.4525,45.393,45.4525,194541.4105446258,0
XLE.US,5,20251209,170000,45.4568,45.4922,45.4327,45.4918,310461.25236694183,0
XLE.US,5,20251209,170500,45.4872,45.5666,45.4624,45.5517,179849.2210921506,0
XLE.US,5,20251209,171000,45.5418,45.5566,45.517,45.517,166994.56384604622,0
XLE.US,5,20251209,171500,45.5219,45.626,45.517,45.6099,168362.1234903046,0
XLE.US,5,20251209,172000,45.6112,45.6558,45.6112,45.6211,175315.9020649076,0
XLE.US,5,20251209,172500,45.631,45.6409,45.5765,45.5814,143254.8983105016,0
XLE.US,5,20251209,173000,45.5913,45.6707,45.5765,45.6657,268252.47196022904,0
XLE.US,5,20251209,173500,45.6657,45.6905,45.6161,45.6211,226511.64706600583,0
XLE.US,5,20251209,174000,45.6211,45.6707,45.6113,45.6707,98651.8800015252,0
XLE.US,5,20251209,174500,45.6657,45.6905,45.6508,45.6706,88115.82129682941,0
XLE.US,5,20251209,175000,45.6619,45.6756,45.6409,45.6508,96860.7399364788,0
XLE.US,5,20251209,175500,45.6435,45.6459,45.5814,45.5835,161707.8767846874,0
XLE.US,5,20251209,180000,45.5864,45.6211,45.5864,45.5963,159196.6500043014,0
XLE.US,5,20251209,180500,45.5963,45.6707,45.5925,45.6161,203465.84660070442,0
XLE.US,5,20251209,181000,45.6161,45.631,45.5814,45.5814,104434.7612700928,0
XLE.US,5,20251209,181500,45.5814,45.6211,45.5467,45.5715,413466.9339792808,0
XLE.US,5,20251209,182000,45.5765,45.6062,45.5467,45.5864,279789.995802645,0
XLE.US,5,20251209,182500,45.5913,45.6013,45.5666,45.5813,115495.25287671661,0
XLE.US,5,20251209,183000,45.5814,45.6161,45.5666,45.5963,161837.976485358,0
XLE.US,5,20251209,183500,45.5913,45.5963,45.5269,45.5299,77789.5357529048,0
XLE.US,5,20251209,184000,45.5219,45.5377,45.4823,45.4971,135026.344374289,0
XLE.US,5,20251209,184500,45.5021,45.5071,45.4525,45.4624,67417.86659246721,0
XLE.US,5,20251209,185000,45.4724,45.4971,45.4327,45.4624,115145.29476716081,0
XLE.US,5,20251209,185500,45.4624,45.5021,45.4377,45.438,137805.8387545074,0
XLE.US,5,20251209,190000,45.4377,45.4575,45.4228,45.4277,154016.866572951,0
XLE.US,5,20251209,190500,45.4228,45.4277,45.3732,45.3784,117110.9096245794,0
XLE.US,5,20251209,191000,45.3763,45.4129,45.3682,45.398,80532.72323991281,0
XLE.US,5,20251209,191500,45.398,45.4575,45.3881,45.4476,111484.3497017788,0
XLE.US,5,20251209,192000,45.4476,45.4684,45.4152,45.4327,186728.36883071,0
XLE.US,5,20251209,192500,45.4327,45.4327,45.398,45.4029,142591.2889846004,0
XLE.US,5,20251209,193000,45.4079,45.4426,45.4074,45.4228,105064.0807524064,0
XLE.US,5,20251209,193500,45.4228,45.4228,45.3633,45.3881,146878.5279578618,0
XLE.US,5,20251209,194000,45.3831,45.3831,45.3435,45.3633,73083.7589829124,0
XLE.US,5,20251209,194500,45.3633,45.4426,45.3583,45.4327,111086.99092608721,0
XLE.US,5,20251209,195000,45.4277,45.4525,45.4129,45.4327,95756.40526799581,0
XLE.US,5,20251209,195500,45.4327,45.4476,45.4228,45.4228,175651.74082710381,0
XLE.US,5,20251209,200000,45.4228,45.4377,45.3732,45.3831,287177.44004615,0
XLE.US,5,20251209,200500,45.3829,45.3829,45.3088,45.3137,145699.5624533352,0
XLE.US,5,20251209,201000,45.3137,45.3435,45.2988,45.3435,150387.1857767224,0
XLE.US,5,20251209,201500,45.3435,45.3732,45.3335,45.3534,71174.62151493221,0
XLE.US,5,20251209,202000,45.3484,45.3583,45.3385,45.3508,74989.8708764584,0
XLE.US,5,20251209,202500,45.3485,45.3633,45.3236,45.3484,91936.11328241261,0
XLE.US,5,20251209,203000,45.3534,45.369,45.3337,45.3534,133947.22282609102,0
XLE.US,5,20251209,203500,45.3583,45.3682,45.3335,45.3633,286974.7265590586,0
XLE.US,5,20251209,204000,45.3583,45.3732,45.3385,45.3435,115622.32700295301,0
XLE.US,5,20251209,204500,45.3392,45.3682,45.3286,45.3484,106989.35461736901,0
XLE.US,5,20251209,205000,45.3534,45.4029,45.3534,45.393,95593.024248549,0
XLE.US,5,20251209,205500,45.398,45.398,45.3583,45.3583,108651.4035065562,0
XLE.US,5,20251209,210000,45.3583,45.393,45.3583,45.393,138811.3379914732,0
XLE.US,5,20251209,210500,45.398,45.4218,45.3831,45.3876,93954.171430024,0
XLE.US,5,20251209,211000,45.3877,45.4178,45.3877,45.398,114746.92746665781,0
XLE.US,5,20251209,211500,45.393,45.4129,45.3831,45.3831,93363.1758905436,0
XLE.US,5,20251209,212000,45.3831,45.393,45.3583,45.3633,181781.55463079302,0
XLE.US,5,20251209,212500,45.3633,45.3976,45.3534,45.3732,143239.7704383306,0
XLE.US,5,20251209,213000,45.3633,45.3732,45.3385,45.3633,282967.8574833664,0
XLE.US,5,20251209,213500,45.3633,45.3831,45.3286,45.3682,245611.08994429902,0
XLE.US,5,20251209,214000,45.3682,45.3729,45.3137,45.3385,363479.4017022398,0
XLE.US,5,20251209,214500,45.3335,45.3534,45.3088,45.3435,492531.24509379524,0
XLE.US,5,20251209,215000,45.3435,45.3435,45.284,45.2889,717574.4800344027,0
XLE.US,5,20251209,215500,45.2889,45.3236,45.279,45.3137,2178565.8798705214,0
XLE.US,5,20251210,153000,45.4029,45.4426,45.284,45.4327,629442.5223405908,0
XLE.US,5,20251210,153500,45.4277,45.5021,45.3534,45.3831,421359.64915329724,0
XLE.US,5,20251210,154000,45.3831,45.4228,45.3038,45.3038,358040.4273943596,0
XLE.US,5,20251210,154500,45.3088,45.3633,45.2393,45.3633,476522.93076244305,0
XLE.US,5,20251210,155000,45.3583,45.4029,45.3335,45.3831,319571.256988318,0
XLE.US,5,20251210,155500,45.393,45.3975,45.3401,45.3484,152578.7101918946,0
XLE.US,5,20251210,160000,45.3534,45.4724,45.3286,45.4327,709089.7607960944,0
XLE.US,5,20251210,160500,45.4327,45.4922,45.4327,45.4624,129828.40749633341,0
XLE.US,5,20251210,161000,45.4637,45.5219,45.4327,45.4377,171288.86249298742,0
XLE.US,5,20251210,161500,45.4377,45.4525,45.393,45.4129,222918.2731629876,0
XLE.US,5,20251210,162000,45.4079,45.4178,45.3831,45.393,117336.81918233301,0
XLE.US,5,20251210,162500,45.3881,45.3881,45.3249,45.3633,143601.83084562322,0
XLE.US,5,20251210,163000,45.3583,45.3732,45.2542,45.3682,215227.2629512512,0
XLE.US,5,20251210,163500,45.3682,45.393,45.3534,45.3608,185264.9993293686,0
XLE.US,5,20251210,164000,45.3534,45.4228,45.2988,45.4129,532064.4091758638,0
XLE.US,5,20251210,164500,45.4228,45.4922,45.4173,45.4674,184456.16243062582,0
XLE.US,5,20251210,165000,45.4665,45.5666,45.4575,45.512,239067.7809679358,0
XLE.US,5,20251210,165500,45.5071,45.5507,45.4575,45.5368,207139.9024886346,0
XLE.US,5,20251210,170000,45.5318,45.5771,45.5318,45.5616,231275.9182750594,0
XLE.US,5,20251210,170500,45.5592,45.6169,45.5566,45.5715,93506.3864137624,0
XLE.US,5,20251210,171000,45.5715,45.6013,45.5318,45.5418,291536.2842810208,0
XLE.US,5,20251210,171500,45.5418,45.5864,45.5318,45.5814,187161.0259748006,0
XLE.US,5,20251210,172000,45.5814,45.5963,45.5467,45.5715,174944.7649343124,0
XLE.US,5,20251210,172500,45.5765,45.5765,45.4872,45.4922,272288.5882554518,0
XLE.US,5,20251210,173000,45.4922,45.5318,45.4724,45.5219,149242.5101157834,0
XLE.US,5,20251210,173500,45.512,45.5269,45.4724,45.5021,109683.12438861841,0
XLE.US,5,20251210,174000,45.512,45.5418,45.4922,45.5136,138724.60485769282,0
XLE.US,5,20251210,174500,45.512,45.5269,45.5021,45.5036,86515.29242113761,0
XLE.US,5,20251210,175000,45.5021,45.5021,45.4327,45.4426,241409.5755800066,0
XLE.US,5,20251210,175500,45.4426,45.4525,45.4029,45.4503,221713.0860133646,0
XLE.US,5,20251210,180000,45.4426,45.4426,45.4029,45.4129,98716.42558945481,0
XLE.US,5,20251210,180500,45.4129,45.4575,45.4079,45.4424,136414.07451477542,0
XLE.US,5,20251210,181000,45.4327,45.4922,45.4229,45.4773,67382.5682240682,0
XLE.US,5,20251210,181500,45.4725,45.517,45.4725,45.5021,153996.69607672302,0
XLE.US,5,20251210,182000,45.4937,45.5021,45.4725,45.4987,99937.7491360602,0
XLE.US,5,20251210,182500,45.5021,45.5467,45.4922,45.4971,113638.5586989292,0
XLE.US,5,20251210,183000,45.5021,45.517,45.4773,45.4922,191208.23604294882,0
XLE.US,5,20251210,183500,45.4835,45.4954,45.4624,45.4823,258839.90989543282,0
XLE.US,5,20251210,184000,45.477,45.4922,45.4557,45.4724,110729.97314285161,0
XLE.US,5,20251210,184500,45.4724,45.5021,45.4537,45.4998,162353.3326639834,0
XLE.US,5,20251210,185000,45.4971,45.5318,45.4922,45.512,161498.10362391622,0
XLE.US,5,20251210,185500,45.512,45.5318,45.5071,45.5274,195120.30378636942,0
XLE.US,5,20251210,190000,45.5269,45.5517,45.517,45.5462,121181.31576338981,0
XLE.US,5,20251210,190500,45.5517,45.6112,45.5318,45.5516,210068.6585409402,0
XLE.US,5,20251210,191000,45.5467,45.5715,45.5318,45.5566,144373.3523263442,0
XLE.US,5,20251210,191500,45.5517,45.5814,45.5517,45.5615,206327.03149064622,0
XLE.US,5,20251210,192000,45.5616,45.5864,45.5219,45.5269,195345.20481931162,0
XLE.US,5,20251210,192500,45.5318,45.5318,45.5021,45.517,118797.16310924021,0
XLE.US,5,20251210,193000,45.517,45.5368,45.5115,45.5165,125423.17112013821,0
XLE.US,5,20251210,193500,45.517,45.5433,45.4377,45.4724,271067.2647088464,0
XLE.US,5,20251210,194000,45.4709,45.5021,45.4029,45.4377,1350230.1624241138,0
XLE.US,5,20251210,194500,45.4377,45.4624,45.4079,45.4623,167409.06754353162,0
XLE.US,5,20251210,195000,45.4624,45.4773,45.4129,45.4129,156243.6893565222,0
XLE.US,5,20251210,195500,45.4039,45.4426,45.3764,45.4404,113899.7666250818,0
XLE.US,5,20251210,200000,45.4377,45.5418,45.4228,45.4724,170424.55672961762,0
XLE.US,5,20251210,200500,45.4823,45.5418,45.4575,45.512,173142.53109634062,0
XLE.US,5,20251210,201000,45.5219,45.5318,45.4773,45.5279,170151.2465057282,0
XLE.US,5,20251210,201500,45.5269,45.5715,45.5071,45.5318,176951.72930899842,0
XLE.US,5,20251210,202000,45.5331,45.5814,45.517,45.5418,134771.1875970048,0
XLE.US,5,20251210,202500,45.5368,45.5864,45.5318,45.5864,148101.86855409,0
XLE.US,5,20251210,203000,45.5864,45.7351,45.5814,45.7153,254882.4585354992,0
XLE.US,5,20251210,203500,45.7202,45.7797,45.6756,45.7103,371538.5234701372,0
XLE.US,5,20251210,204000,45.7103,45.7202,45.5818,45.6112,434787.14849227684,0
XLE.US,5,20251210,204500,45.6112,45.7201,45.6112,45.6707,213145.6677405216,0
XLE.US,5,20251210,205000,45.6608,45.7698,45.6409,45.75,134667.30954143062,0
XLE.US,5,20251210,205500,45.75,45.7897,45.7103,45.7698,164810.0991045538,0
XLE.US,5,20251210,210000,45.7698,45.8739,45.7103,45.8434,366140.8986795244,0
XLE.US,5,20251210,210500,45.8442,45.8591,45.8144,45.8591,285136.18582787644,0
XLE.US,5,20251210,211000,45.8591,45.869,45.8144,45.8239,281725.35491572163,0
XLE.US,5,20251210,211500,45.8249,45.869,45.8144,45.8293,280009.85421153024,0
XLE.US,5,20251210,212000,45.8293,45.8591,45.7599,45.7698,264415.035052852,0
XLE.US,5,20251210,212500,45.7748,45.8591,45.7599,45.8144,365168.68076133484,0
XLE.US,5,20251210,213000,45.8095,45.8591,45.7847,45.8591,398674.900570477,0
XLE.US,5,20251210,213500,45.8541,45.8591,45.8244,45.8343,443946.5708294116,0
XLE.US,5,20251210,214000,45.8392,45.8442,45.7847,45.8085,331671.5376754952,0
XLE.US,5,20251210,214500,45.8095,45.8392,45.7748,45.8109,416928.1911320056,0
XLE.US,5,20251210,215000,45.8144,45.8343,45.7797,45.8244,982998.0398986547,0
XLE.US,5,20251210,215500,45.8244,45.8293,45.75,45.7897,3330048.0747616603,0
XLE.US,5,20251211,153000,45.512,45.5715,45.4525,45.4823,851824.2603039136,0
XLE.US,5,20251211,153500,45.4922,45.5898,45.4674,45.5765,428250.89918959345,0
XLE.US,5,20251211,154000,45.5715,45.75,45.5533,45.7351,291634.1111877266,0
XLE.US,5,20251211,154500,45.7401,45.7847,45.6905,45.7004,329262.1719010606,0
XLE.US,5,20251211,155000,45.7004,45.7351,45.6112,45.631,288165.794361322,0
XLE.US,5,20251211,155500,45.6409,45.6955,45.6211,45.631,407269.5490132278,0
XLE.US,5,20251211,160000,45.6409,45.6806,45.6006,45.6756,408510.03453124984,0
XLE.US,5,20251211,160500,45.6707,45.7202,45.6608,45.6806,436222.279298899,0
XLE.US,5,20251211,161000,45.6806,45.7103,45.6409,45.6955,249537.27703507923,0
XLE.US,5,20251211,161500,45.6955,45.7054,45.6409,45.7054,211494.71262425982,0
XLE.US,5,20251211,162000,45.7103,45.8095,45.7054,45.8045,180408.9523624776,0
XLE.US,5,20251211,162500,45.8095,45.8389,45.7698,45.7797,263060.5862311418,0
XLE.US,5,20251211,163000,45.7842,45.8094,45.7351,45.7351,532078.5285232235,0
XLE.US,5,20251211,163500,45.7351,45.75,45.7054,45.75,214449.69032166182,0
XLE.US,5,20251211,164000,45.75,45.7996,45.75,45.7946,244039.8082881378,0
XLE.US,5,20251211,164500,45.7996,45.8292,45.7748,45.7797,419393.02577106724,0
XLE.US,5,20251211,165000,45.7897,45.7897,45.7004,45.7104,418617.4701911006,0
XLE.US,5,20251211,165500,45.7202,45.7897,45.7103,45.7755,328909.1882170706,0
XLE.US,5,20251211,170000,45.7748,45.7847,45.6112,45.6608,1571391.5853656428,0
XLE.US,5,20251211,170500,45.6608,45.7252,45.6508,45.6508,293839.7549502584,0
XLE.US,5,20251211,171000,45.6459,45.6707,45.5814,45.6508,319807.2517941856,0
XLE.US,5,20251211,171500,45.636,45.6409,45.5616,45.5667,250295.68769325202,0
XLE.US,5,20251211,172000,45.5715,45.6409,45.5517,45.5913,234335.782552847,0
XLE.US,5,20251211,172500,45.5913,45.636,45.5715,45.6111,231318.27631713822,0
XLE.US,5,20251211,173000,45.6062,45.6707,45.5715,45.6459,316180.5965723912,0
XLE.US,5,20251211,173500,45.6459,45.6558,45.6161,45.6212,154271.0148254238,0
XLE.US,5,20251211,174000,45.6211,45.6806,45.6013,45.6558,174892.3216441196,0
XLE.US,5,20251211,174500,45.6558,45.6608,45.6211,45.631,138060.99553179162,0
XLE.US,5,20251211,175000,45.6211,45.6459,45.5814,45.5864,115515.42337294461,0
XLE.US,5,20251211,175500,45.5913,45.6756,45.5913,45.6756,106657.5499544184,0
XLE.US,5,20251211,180000,45.6756,45.7202,45.6707,45.6905,162149.61065208062,0
XLE.US,5,20251211,180500,45.7004,45.7103,45.6707,45.6707,123185.2545636416,0
XLE.US,5,20251211,181000,45.6707,45.75,45.6707,45.7312,184607.4411523358,0
XLE.US,5,20251211,181500,45.7401,45.7698,45.7351,45.7698,157998.5225283582,0
XLE.US,5,20251211,182000,45.7649,45.8293,45.76,45.8144,169728.67460975162,0
XLE.US,5,20251211,182500,45.8194,45.8541,45.7897,45.8045,103922.4306659016,0
XLE.US,5,20251211,183000,45.8045,45.8293,45.7946,45.8045,84715.0756327886,0
XLE.US,5,20251211,183500,45.8045,45.8045,45.7599,45.775,83591.578992889,0
XLE.US,5,20251211,184000,45.7748,45.776,45.745,45.7599,60911.873034125805,0
XLE.US,5,20251211,184500,45.7599,45.7599,45.7054,45.7202,123670.35499792501,0
XLE.US,5,20251211,185000,45.7153,45.7302,45.7004,45.7252,78542.90378702061,0
XLE.US,5,20251211,185500,45.7252,45.7261,45.6806,45.6905,95573.8622771324,0
XLE.US,5,20251211,190000,45.6905,45.7054,45.6409,45.6855,107489.5829238234,0
XLE.US,5,20251211,190500,45.6855,45.6905,45.6608,45.6657,75112.9109034492,0
XLE.US,5,20251211,191000,45.6608,45.7103,45.6558,45.7054,85957.5782004334,0
XLE.US,5,20251211,191500,45.7054,45.7302,45.7004,45.7054,112638.1020860204,0
XLE.US,5,20251211,192000,45.7004,45.7202,45.6608,45.6707,165577.5864860292,0
XLE.US,5,20251211,192500,45.6806,45.6806,45.6112,45.6161,250364.26738042722,0
XLE.US,5,20251211,193000,45.6211,45.6508,45.5963,45.631,285680.78922603244,0
XLE.US,5,20251211,193500,45.636,45.6657,45.626,45.6657,193485.48506709002,0
XLE.US,5,20251211,194000,45.6707,45.6707,45.6112,45.6161,141974.0718000236,0
XLE.US,5,20251211,194500,45.6161,45.6161,45.5517,45.5774,218266.95673281082,0
XLE.US,5,20251211,195000,45.5765,45.6062,45.5418,45.5566,207450.5281305458,0
XLE.US,5,20251211,195500,45.5616,45.5864,45.5517,45.5814,140793.0892458742,0
XLE.US,5,20251211,200000,45.5814,45.6112,45.5219,45.522,133423.7984489744,0
XLE.US,5,20251211,200500,45.5269,45.5318,45.4872,45.512,195647.76226273162,0
XLE.US,5,20251211,201000,45.5072,45.512,45.4724,45.4872,186728.36883071,0
XLE.US,5,20251211,201500,45.4823,45.54,45.4823,45.5269,261188.76418118342,0
XLE.US,5,20251211,202000,45.5307,45.5418,45.4971,45.5021,247069.4168215834,0
XLE.US,5,20251211,202500,45.5021,45.5219,45.4624,45.5219,265081.6699531874,0
XLE.US,5,20251211,203000,45.5219,45.5467,45.5021,45.5219,270521.65278587904,0
XLE.US,5,20251211,203500,45.517,45.5318,45.4824,45.5021,241677.84317983902,0
XLE.US,5,20251211,204000,45.4976,45.512,45.4872,45.5119,167101.46747605462,0
XLE.US,5,20251211,204500,45.512,45.5517,45.512,45.5497,177677.8671732064,0
XLE.US,5,20251211,205000,45.5467,45.5765,45.5368,45.5616,232755.42417338322,0
XLE.US,5,20251211,205500,45.5671,45.621,45.5566,45.6193,251258.82888813902,0
XLE.US,5,20251211,210000,45.6153,45.6211,45.5814,45.5926,196294.226666839,0
XLE.US,5,20251211,210500,45.5913,45.594,45.5539,45.5715,221327.8295354098,0
XLE.US,5,20251211,211000,45.5715,45.5715,45.5318,45.546,290724.42180784384,0
XLE.US,5,20251211,211500,45.5418,45.5814,45.5418,45.5566,266639.8407868004,0
XLE.US,5,20251211,212000,45.5616,45.5814,45.5616,45.5666,176369.8104928206,0
XLE.US,5,20251211,212500,45.5715,45.5814,45.5318,45.5318,249843.8685777448,0
XLE.US,5,20251211,213000,45.5368,45.5765,45.5318,45.5666,335363.7470100306,0
XLE.US,5,20251211,213500,45.5666,45.5666,45.5318,45.5467,588105.1073709276,0
XLE.US,5,20251211,214000,45.5467,45.5616,45.5418,45.5467,201346.935971953,0
XLE.US,5,20251211,214500,45.5467,45.5517,45.5021,45.5467,423839.61166452983,0
XLE.US,5,20251211,215000,45.5517,45.5814,45.5318,45.5666,896107.5762476763,0
XLE.US,5,20251211,215500,45.5616,45.5913,45.5021,45.5715,2882218.6834083586,0
XLE.US,5,20251212,153000,45.6558,45.8442,45.5814,45.5814,755313.4784769906,0
XLE.US,5,20251212,153500,45.5913,45.6409,45.5517,45.5715,401357.576568801,0
XLE.US,5,20251212,154000,45.5715,45.5913,45.4575,45.4951,325744.4373588974,0
XLE.US,5,20251212,154500,45.4922,45.5616,45.4922,45.5269,500155.6926679792,0
XLE.US,5,20251212,155000,45.5318,45.5616,45.4674,45.5318,377709.68679109385,0
XLE.US,5,20251212,155500,45.5219,45.5517,45.4426,45.4525,220132.72763390082,0
XLE.US,5,20251212,160000,45.4476,45.4724,45.3782,45.4228,212069.5717667578,0
XLE.US,5,20251212,160500,45.4228,45.4623,45.4079,45.4426,178442.3289802476,0
XLE.US,5,20251212,161000,45.4476,45.469,45.4029,45.4285,193959.49172844802,0
XLE.US,5,20251212,161500,45.4327,45.4525,45.3782,45.4079,171325.1693861978,0
XLE.US,5,20251212,162000,45.4079,45.4243,45.3038,45.3038,155273.48848795542,0
XLE.US,5,20251212,162500,45.3038,45.3335,45.2294,45.2344,179555.7403720332,0
XLE.US,5,20251212,163000,45.2245,45.274,45.2046,45.2493,272854.3706746472,0
XLE.US,5,20251212,163500,45.2443,45.2939,45.2146,45.2478,279057.8067895686,0
XLE.US,5,20251212,164000,45.2443,45.3335,45.2096,45.3286,200355.5560823468,0
XLE.US,5,20251212,164500,45.3335,45.393,45.3137,45.3435,156580.5366435298,0
XLE.US,5,20251212,165000,45.3484,45.3682,45.2641,45.2641,144051.6329115076,0
XLE.US,5,20251212,165500,45.2641,45.2889,45.1848,45.2195,233433.15284664402,0
XLE.US,5,20251212,170000,45.2146,45.2641,45.1749,45.1848,309517.2731434714,0
XLE.US,5,20251212,170500,45.1749,45.2146,45.1154,45.1303,765348.3003504206,0
XLE.US,5,20251212,171000,45.1303,45.16,45.1154,45.1451,549349.5159184485,0
XLE.US,5,20251212,171500,45.1352,45.1548,45.0212,45.0609,690248.5002695196,0
XLE.US,5,20251212,172000,45.0609,45.1154,45.0311,45.0658,194183.3842365788,0
XLE.US,5,20251212,172500,45.0757,45.1303,45.0609,45.0807,541609.0879909535,0
XLE.US,5,20251212,173000,45.0757,45.1334,45.046,45.0807,309536.435114888,0
XLE.US,5,20251212,173500,45.0857,45.1055,45.0162,45.0658,465686.33166395,0
XLE.US,5,20251212,174000,45.0708,45.16,45.046,45.16,393595.96962026664,0
XLE.US,5,20251212,174500,45.1551,45.2046,45.1104,45.1739,321695.2102411264,0
XLE.US,5,20251212,175000,45.1749,45.1845,45.1451,45.1699,263003.100316892,0
XLE.US,5,20251212,175500,45.1716,45.1947,45.1352,45.1947,215134.47866860242,0
XLE.US,5,20251212,180000,45.1948,45.2427,45.1749,45.1898,302654.2618018944,0
XLE.US,5,20251212,180500,45.1947,45.2493,45.1898,45.2146,378641.5637168274,0
XLE.US,5,20251212,181000,45.2096,45.2542,45.2046,45.2493,554662.4246249036,0
XLE.US,5,20251212,181500,45.2542,45.3286,45.2542,45.322,406443.5671926912,0
XLE.US,5,20251212,182000,45.3236,45.3335,45.284,45.2971,340631.2720999728,0
XLE.US,5,20251212,182500,45.2939,45.2994,45.1947,45.2195,162650.8474833464,0
XLE.US,5,20251212,183000,45.2245,45.2493,45.1947,45.2443,146105.9979523294,0
XLE.US,5,20251212,183500,45.2443,45.274,45.2245,45.2641,140336.22750631,0
XLE.US,5,20251212,184000,45.2641,45.279,45.2443,45.2443,58652.7774565898,0
XLE.US,5,20251212,184500,45.2443,45.28,45.2393,45.2393,65169.864787856604,0
XLE.US,5,20251212,185000,45.2344,45.2393,45.1947,45.2096,62128.15395667421,0
XLE.US,5,20251212,185500,45.2146,45.2493,45.2146,45.2294,136165.977411171,0
XLE.US,5,20251212,190000,45.2314,45.2493,45.2195,45.2245,117269.2480199692,0
XLE.US,5,20251212,190500,45.2341,45.2543,45.2341,45.2344,175142.4357973468,0
XLE.US,5,20251212,191000,45.2294,45.2691,45.2146,45.2443,257857.6067291292,0
XLE.US,5,20251212,191500,45.2444,45.2827,45.2382,45.2393,160278.7971269336,0
XLE.US,5,20251212,192000,45.2344,45.2345,45.165,45.1848,286209.25622720603,0
XLE.US,5,20251212,192500,45.1947,45.2344,45.1898,45.2294,303419.732133747,0
XLE.US,5,20251212,193000,45.2245,45.2294,45.1551,45.16,247313.47982594222,0
XLE.US,5,20251212,193500,45.16,45.1848,45.1154,45.1298,244604.58218252182,0
XLE.US,5,20251212,194000,45.1352,45.16,45.1196,45.1352,161277.2366902196,0
XLE.US,5,20251212,194500,45.1402,45.16,45.1303,45.1501,222240.5444897268,0
XLE.US,5,20251212,195000,45.1501,45.1749,45.1451,45.1551,223482.03853256023,0
XLE.US,5,20251212,195500,45.165,45.1783,45.1104,45.1154,313010.803090161,0
XLE.US,5,20251212,200000,45.1055,45.1154,45.0494,45.0757,387810.0627772648,0
XLE.US,5,20251212,200500,45.0811,45.1005,45.046,45.0708,235424.989349159,0
XLE.US,5,20251212,201000,45.0708,45.0857,45.0361,45.0559,447919.1500615162,0
XLE.US,5,20251212,201500,45.0559,45.0857,45.0361,45.0509,168716.115699106,0
XLE.US,5,20251212,202000,45.046,45.0708,45.0212,45.046,174404.19563540202,0
XLE.US,5,20251212,202500,45.0361,45.0509,45.0063,45.0311,207912.432494167,0
XLE.US,5,20251212,203000,45.0311,45.0658,45.0311,45.046,173562.077417883,0
XLE.US,5,20251212,203500,45.046,45.0658,45.0362,45.046,105307.13523195381,0
XLE.US,5,20251212,204000,45.0509,45.0857,45.041,45.0673,226965.48323113582,0
XLE.US,5,20251212,204500,45.0757,45.1054,45.0509,45.0956,276161.3235312278,0
XLE.US,5,20251212,205000,45.0956,45.1104,45.0807,45.1104,232081.729599368,0
XLE.US,5,20251212,205500,45.1104,45.1144,45.0807,45.0906,169776.07527588742,0
XLE.US,5,20251212,210000,45.0906,45.1005,45.0559,45.0863,313926.5436189122,0
XLE.US,5,20251212,210500,45.0857,45.1154,45.0757,45.1104,328255.6641392834,0
XLE.US,5,20251212,211000,45.1104,45.1799,45.1055,45.1738,361624.7245740752,0
XLE.US,5,20251212,211500,45.1699,45.2046,45.1451,45.152,206741.53518813162,0
XLE.US,5,20251212,212000,45.1551,45.1937,45.1501,45.165,231751.9419860402,0
XLE.US,5,20251212,212500,45.1699,45.1799,45.1253,45.165,301329.0601997148,0
XLE.US,5,20251212,213000,45.165,45.1749,45.1055,45.16,310875.7560644272,0
XLE.US,5,20251212,213500,45.165,45.1699,45.1303,45.1402,419844.8448865744,0
XLE.US,5,20251212,214000,45.1352,45.1799,45.1303,45.1451,566484.3524641345,0
XLE.US,5,20251212,214500,45.1501,45.2096,45.1451,45.1947,851701.2202769228,0
XLE.US,5,20251212,215000,45.2046,45.2245,45.1352,45.1501,1175708.9779105894,0
XLE.US,5,20251212,215500,45.1452,45.1749,45.1104,45.1551,5673058.9677550085,0
XLE.US,5,20251215,153000,45.1699,45.2245,44.9468,44.9667,686763.0385213213,0
XLE.US,5,20251215,153500,44.9617,44.9766,44.7386,44.7386,630849.4144524939,0
XLE.US,5,20251215,154000,44.7485,44.8675,44.7237,44.7882,688437.1897082452,0
XLE.US,5,20251215,154500,44.7882,44.8378,44.694,44.694,505135.78818667243,0
XLE.US,5,20251215,155000,44.694,44.7485,44.6642,44.7089,478140.60455992864,0
XLE.US,5,20251215,155500,44.7188,44.7287,44.6692,44.6919,393091.70721456665,0
XLE.US,5,20251215,160000,44.689,44.7485,44.6841,44.7039,318263.2003079322,0
XLE.US,5,20251215,160500,44.7039,44.7634,44.6692,44.694,398721.2927118014,0
XLE.US,5,20251215,161000,44.694,44.7089,44.6306,44.694,198750.99310740942,0
XLE.US,5,20251215,161500,44.689,44.7684,44.6791,44.7386,326822.55038228404,0
XLE.US,5,20251215,162000,44.7287,44.7535,44.6791,44.689,381064.0403138102,0
XLE.US,5,20251215,162500,44.689,44.7237,44.6692,44.7237,342718.9184595708,0
XLE.US,5,20251215,163000,44.7237,44.7783,44.6989,44.7287,455912.71771667263,0
XLE.US,5,20251215,163500,44.7337,44.7535,44.689,44.689,174891.3131193082,0
XLE.US,5,20251215,164000,44.6791,44.7535,44.6543,44.7535,384771.37752051663,0
XLE.US,5,20251215,164500,44.7535,44.7931,44.7189,44.7237,352836.43936753564,0
XLE.US,5,20251215,165000,44.7188,44.7584,44.6771,44.6989,316189.6732956938,0
XLE.US,5,20251215,165500,44.694,44.7386,44.689,44.7337,92798.4019961596,0
XLE.US,5,20251215,170000,44.7386,44.7584,44.6692,44.6791,187694.5356000312,0
XLE.US,5,20251215,170500,44.6791,44.7039,44.6543,44.6791,186558.93666239482,0
XLE.US,5,20251215,171000,44.6791,44.689,44.6097,44.6097,223897.55075485702,0
XLE.US,5,20251215,171500,44.6105,44.7287,44.6105,44.7089,208288.6122488192,0
XLE.US,5,20251215,172000,44.7039,44.7337,44.6791,44.6791,169405.9466701036,0
XLE.US,5,20251215,172500,44.6841,44.7089,44.6494,44.6494,158662.1318542594,0
XLE.US,5,20251215,173000,44.6543,44.6642,44.5849,44.5849,150533.4218743754,0
XLE.US,5,20251215,173500,44.5849,44.5948,44.5254,44.5899,443832.6075257234,0
XLE.US,5,20251215,174000,44.5899,44.5899,44.5205,44.5403,299652.891963168,0
XLE.US,5,20251215,174500,44.5403,44.5403,44.5006,44.5254,258607.9491888108,0
XLE.US,5,20251215,175000,44.5254,44.6097,44.5205,44.6097,175878.6589096688,0
XLE.US,5,20251215,175500,44.6048,44.6246,44.5601,44.575,201167.41855552382,0
XLE.US,5,20251215,180000,44.575,44.5849,44.5601,44.5651,191502.7252878776,0
XLE.US,5,20251215,180500,44.5651,44.57,44.5056,44.5205,837944.9418494268,0
XLE.US,5,20251215,181000,44.5254,44.5353,44.4858,44.4907,219167.56938939102,0
XLE.US,5,20251215,181500,44.4858,44.5006,44.456,44.456,254857.24541521422,0
XLE.US,5,20251215,182000,44.461,44.5106,44.4511,44.4853,142077.9498555978,0
XLE.US,5,20251215,182500,44.4858,44.5155,44.4709,44.4759,95238.0235149362,0
XLE.US,5,20251215,183000,44.4709,44.4709,44.4411,44.456,195369.40941478522,0
XLE.US,5,20251215,183500,44.46,44.5106,44.456,44.5056,329819.88612176484,0
XLE.US,5,20251215,184000,44.5006,44.5502,44.4858,44.5502,225611.0344094256,0
XLE.US,5,20251215,184500,44.5453,44.5653,44.4858,44.4858,268759.75994036323,0
XLE.US,5,20251215,185000,44.4858,44.5106,44.4511,44.4907,297818.3853312314,0
XLE.US,5,20251215,185500,44.4907,44.5353,44.4808,44.5353,155772.7082695984,0
XLE.US,5,20251215,190000,44.5304,44.5552,44.4907,44.5453,113777.7351229024,0
XLE.US,5,20251215,190500,44.5502,44.5659,44.5304,44.5403,106204.72231409981,0
XLE.US,5,20251215,191000,44.5453,44.575,44.5254,44.5698,150836.98784260682,0
XLE.US,5,20251215,191500,44.5651,44.5751,44.5453,44.5502,69780.8402255774,0
XLE.US,5,20251215,192000,44.5453,44.5502,44.5155,44.5205,117044.346987027,0
XLE.US,5,20251215,192500,44.5205,44.5254,44.4808,44.5155,112457.5761447798,0
XLE.US,5,20251215,193000,44.5106,44.5254,44.4858,44.5006,101126.7998887008,0
XLE.US,5,20251215,193500,44.5006,44.5155,44.4808,44.4809,122453.06555056521,0
XLE.US,5,20251215,194000,44.4858,44.5304,44.4858,44.5304,99728.9845001004,0
XLE.US,5,20251215,194500,44.5304,44.5601,44.5238,44.5353,81233.6479838358,0
XLE.US,5,20251215,195000,44.5403,44.5601,44.5304,44.5552,82951.16573765001,0
XLE.US,5,20251215,195500,44.5552,44.6048,44.5547,44.58,82155.4396614554,0
XLE.US,5,20251215,200000,44.575,44.5899,44.5601,44.5651,74199.1874243208,0
XLE.US,5,20251215,200500,44.57,44.5998,44.5453,44.5552,125573.4413170368,0
XLE.US,5,20251215,201000,44.5502,44.5899,44.5502,44.5651,194255.9980229996,0
XLE.US,5,20251215,201500,44.5651,44.6295,44.5651,44.6295,274513.39398940024,0
XLE.US,5,20251215,202000,44.6295,44.6395,44.5899,44.5948,119921.6682739512,0
XLE.US,5,20251215,202500,44.5899,44.6183,44.575,44.5948,117590.9674348058,0
XLE.US,5,20251215,203000,44.5948,44.6186,44.5899,44.6099,95001.0201842572,0
XLE.US,5,20251215,203500,44.6147,44.6196,44.5899,44.6,116946.5200803212,0
XLE.US,5,20251215,204000,44.5998,44.6395,44.5948,44.6048,103784.2627667398,0
XLE.US,5,20251215,204500,44.6033,44.6395,44.6033,44.6345,130905.51199490861,0
XLE.US,5,20251215,205000,44.6345,44.6841,44.6327,44.6841,109320.05545651441,0
XLE.US,5,20251215,205500,44.6841,44.7287,44.6693,44.7287,435928.7985787816,0
XLE.US,5,20251215,210000,44.7287,44.7386,44.7138,44.7237,115159.4141145204,0
XLE.US,5,20251215,210500,44.7188,44.7386,44.7089,44.7138,189778.14786038361,0
XLE.US,5,20251215,211000,44.7089,44.7386,44.6989,44.6989,119199.56450898881,0
XLE.US,5,20251215,211500,44.7039,44.7436,44.6989,44.7287,140683.1600414316,0
XLE.US,5,20251215,212000,44.7287,44.7337,44.6989,44.7237,261124.2185932538,0
XLE.US,5,20251215,212500,44.7237,44.7386,44.7089,44.7237,151635.7394932356,0
XLE.US,5,20251215,213000,44.7237,44.7337,44.689,44.7188,402129.098049522,0
XLE.US,5,20251215,213500,44.7188,44.7386,44.689,44.7386,433817.95614852145,0
XLE.US,5,20251215,214000,44.7337,44.7485,44.7188,44.7436,268934.23473273544,0
XLE.US,5,20251215,214500,44.7436,44.7931,44.7337,44.7882,699850.664998859,0
XLE.US,5,20251215,215000,44.7882,44.8378,44.7436,44.7931,1055226.5698415,0
XLE.US,5,20251215,215500,44.7931,44.8378,44.7783,44.808,4672154.569829947,0
XLE.US,5,20251216,153000,44.4213,44.4709,44.1437,44.1789,1439250.630476769,0
XLE.US,5,20251216,153500,44.1784,44.2825,44.1139,44.1586,681619.5619831813,0
XLE.US,5,20251216,154000,44.1635,44.1883,44.0792,44.0891,966654.8953299177,0
XLE.US,5,20251216,154500,44.0941,44.1338,43.985,44.0445,914480.8812617614,0
XLE.US,5,20251216,155000,44.0346,44.0792,43.9404,43.9652,669426.4970133553,0
XLE.US,5,20251216,155500,43.9652,44.0743,43.9355,43.9751,490937.77589178324,0
XLE.US,5,20251216,160000,43.9702,44.0148,43.8115,43.8611,482421.7923843216,0
XLE.US,5,20251216,160500,43.8611,43.9454,43.7966,43.8413,694128.2952189754,0
XLE.US,5,20251216,161000,43.8363,43.8661,43.7768,43.7966,396890.8201791104,0
XLE.US,5,20251216,161500,43.7867,43.8152,43.7272,43.7768,541409.4000782962,0
XLE.US,5,20251216,162000,43.7669,43.7867,43.6777,43.6777,506299.625819028,0
XLE.US,5,20251216,162500,43.6777,43.7272,43.6182,43.6876,556269.0046494638,0
XLE.US,5,20251216,163000,43.6876,43.7768,43.6677,43.7371,558130.7414513082,0
XLE.US,5,20251216,163500,43.7371,43.7818,43.7074,43.7748,389471.1031416406,0
XLE.US,5,20251216,164000,43.7719,43.7867,43.6777,43.7024,572995.3886465328,0
XLE.US,5,20251216,164500,43.7024,43.7768,43.6876,43.6876,380937.9747123852,0
XLE.US,5,20251216,165000,43.6876,43.7322,43.643,43.7231,331554.54879737285,0
XLE.US,5,20251216,165500,43.7272,43.7966,43.7124,43.7818,393101.7924626806,0
XLE.US,5,20251216,170000,43.7768,43.8016,43.7371,43.7421,385350.27076226025,0
XLE.US,5,20251216,170500,43.7371,43.752,43.6479,43.7223,524252.37598675943,0
XLE.US,5,20251216,171000,43.7173,43.7323,43.6777,43.6925,373987.22171221644,0
XLE.US,5,20251216,171500,43.6876,43.7173,43.638,43.6826,573880.8734309421,0
XLE.US,5,20251216,172000,43.6777,43.6975,43.6479,43.6628,824805.8806065076,0
XLE.US,5,20251216,172500,43.6628,43.6777,43.638,43.6677,509808.2836378886,0
XLE.US,5,20251216,173000,43.6578,43.6777,43.6182,43.6281,589535.1955534929,0
XLE.US,5,20251216,173500,43.6281,43.643,43.5785,43.6231,746817.665465757,0
XLE.US,5,20251216,174000,43.6281,43.6479,43.5934,43.6479,273677.3269207496,0
XLE.US,5,20251216,174500,43.643,43.6975,43.6281,43.6826,402588.98536352045,0
XLE.US,5,20251216,175000,43.6826,43.7074,43.6479,43.6623,435838.0313457556,0
XLE.US,5,20251216,175500,43.6628,43.7024,43.6578,43.6826,419407.1451184268,0
XLE.US,5,20251216,180000,43.6826,43.7272,43.6623,43.7124,379954.66302127024,0
XLE.US,5,20251216,180500,43.7124,43.7642,43.6677,43.6727,484275.4609876748,0
XLE.US,5,20251216,181000,43.6677,43.6826,43.6281,43.6777,574365.9738652254,0
XLE.US,5,20251216,181500,43.6727,43.7074,43.6628,43.6727,314857.4120198344,0
XLE.US,5,20251216,182000,43.6727,43.6735,43.6182,43.6182,446022.1148912728,0
XLE.US,5,20251216,182500,43.6182,43.6231,43.5587,43.5983,314132.28268043784,0
XLE.US,5,20251216,183000,43.5884,43.6263,43.5686,43.5934,187028.90922450722,0
XLE.US,5,20251216,183500,43.5934,43.6182,43.4992,43.519,236723.96930624222,0
XLE.US,5,20251216,184000,43.5141,43.5339,43.4942,43.5141,381902.1244320836,0
XLE.US,5,20251216,184500,43.519,43.5438,43.4942,43.4942,261155.48286240723,0
XLE.US,5,20251216,185000,43.4942,43.4992,43.4595,43.4645,661052.715504301,0
XLE.US,5,20251216,185500,43.4645,43.4793,43.4298,43.4461,601647.5785384069,0
XLE.US,5,20251216,190000,43.4397,43.4496,43.4,43.4199,543335.6824680702,0
XLE.US,5,20251216,190500,43.4298,43.4496,43.4,43.4347,419276.03689294483,0
XLE.US,5,20251216,191000,43.4347,43.4893,43.4298,43.4893,387862.5060674576,0
XLE.US,5,20251216,191500,43.4793,43.4992,43.4397,43.4496,277191.0273636672,0
XLE.US,5,20251216,192000,43.4446,43.4893,43.4397,43.4843,233354.4879113548,0
XLE.US,5,20251216,192500,43.4893,43.5289,43.4793,43.5191,395760.263865531,0
XLE.US,5,20251216,193000,43.5289,43.5982,43.5288,43.5896,363075.9917776798,0
XLE.US,5,20251216,193500,43.5983,43.6182,43.5555,43.5735,384456.71777935984,0
XLE.US,5,20251216,194000,43.5735,43.6281,43.5735,43.6231,262816.523226783,0
XLE.US,5,20251216,194500,43.628,43.6529,43.6182,43.6281,197827.18438016702,0
XLE.US,5,20251216,195000,43.6182,43.6677,43.6182,43.6182,541141.1324784638,0
XLE.US,5,20251216,195500,43.6182,43.6231,43.5785,43.6033,273930.466648411,0
XLE.US,5,20251216,200000,43.6033,43.6038,43.5035,43.5091,311276.140414553,0
XLE.US,5,20251216,200500,43.5077,43.5587,43.4992,43.5388,278837.94838068343,0
XLE.US,5,20251216,201000,43.5438,43.5537,43.5091,43.5141,128400.336363391,0
XLE.US,5,20251216,201500,43.519,43.519,43.4793,43.4992,167151.89371662462,0
XLE.US,5,20251216,202000,43.4992,43.519,43.4835,43.4893,217643.6883993656,0
XLE.US,5,20251216,202500,43.4838,43.5146,43.4546,43.5033,393545.5433796966,0
XLE.US,5,20251216,203000,43.5091,43.5388,43.4992,43.5141,336746.43452646,0
XLE.US,5,20251216,203500,43.5141,43.5388,43.4992,43.5388,528214.8699707501,0
XLE.US,5,20251216,204000,43.5339,43.5587,43.5091,43.519,348293.0350921786,0
XLE.US,5,20251216,204500,43.519,43.519,43.4694,43.4744,246573.22261437462,0
XLE.US,5,20251216,205000,43.4744,43.5141,43.4694,43.4694,342921.6319466622,0
XLE.US,5,20251216,205500,43.4694,43.4793,43.4298,43.4559,238741.0189290422,0
XLE.US,5,20251216,210000,43.4546,43.4893,43.4496,43.4843,254652.51487850002,0
XLE.US,5,20251216,210500,43.4843,43.5057,43.4694,43.4793,382865.2656269706,0
XLE.US,5,20251216,211000,43.4793,43.4942,43.4645,43.4695,177241.17592987022,0
XLE.US,5,20251216,211500,43.4793,43.518,43.4694,43.4942,282144.90123726404,0
XLE.US,5,20251216,212000,43.4942,43.5289,43.4793,43.5289,583519.3450534919,0
XLE.US,5,20251216,212500,43.5289,43.5785,43.5191,43.5686,542790.0705451028,0
XLE.US,5,20251216,213000,43.5735,43.6082,43.5489,43.5835,1017853.66590545,0
XLE.US,5,20251216,213500,43.5835,43.6082,43.5488,43.5587,959720.2787267312,0
XLE.US,5,20251216,214000,43.5587,43.5587,43.5091,43.5289,669809.7364416872,0
XLE.US,5,20251216,214500,43.5339,43.5587,43.524,43.5561,942024.7023859068,0
XLE.US,5,20251216,215000,43.5488,43.5636,43.4992,43.5041,2270013.8671442163,0
XLE.US,5,20251216,215500,43.4992,43.5388,43.4397,43.4397,6508062.042729582,0
XLE.US,5,20251217,153000,43.757,43.9305,43.7074,43.8561,1070044.8248954,0
XLE.US,5,20251217,153500,43.8561,43.8958,43.8066,43.8363,749755.4982413652,0
XLE.US,5,20251217,154000,43.8363,43.8611,43.7669,43.8016,805846.6226769991,0
XLE.US,5,20251217,154500,43.7966,43.8264,43.6975,43.7967,663218.0182743769,0
XLE.US,5,20251217,155000,43.8016,43.9206,43.7966,43.8561,691515.207432638,0
XLE.US,5,20251217,155500,43.8561,43.9454,43.6876,43.9454,1441055.889889175,0
XLE.US,5,20251217,160000,43.9355,43.985,43.8859,43.9454,783365.5961060816,0
XLE.US,5,20251217,160500,43.9404,43.995,43.8462,43.8462,406468.7803129762,0
XLE.US,5,20251217,161000,43.8363,43.8957,43.767,43.8809,390619.81290182524,0
XLE.US,5,20251217,161500,43.8809,43.8908,43.7421,43.7669,261708.1544590544,0
XLE.US,5,20251217,162000,43.7669,43.9107,43.7471,43.8687,327608.19121036463,0
XLE.US,5,20251217,162500,43.871,43.9156,43.8363,43.876,438427.9230614308,0
XLE.US,5,20251217,163000,43.876,43.876,43.7669,43.8115,687185.6104172978,0
XLE.US,5,20251217,163500,43.8165,43.8561,43.757,43.8165,684614.8806730392,0
XLE.US,5,20251217,164000,43.8165,43.8958,43.7966,43.8908,484642.56401902443,0
XLE.US,5,20251217,164500,43.8908,43.9107,43.8165,43.8809,675951.6525431132,0
XLE.US,5,20251217,165000,43.876,43.8958,43.8264,43.8462,410333.44739026105,0
XLE.US,5,20251217,165500,43.8462,43.9751,43.8363,43.9751,537040.4705953114,0
XLE.US,5,20251217,170000,43.9751,43.995,43.9305,43.9702,407032.54568254884,0
XLE.US,5,20251217,170500,43.9751,44.0049,43.9404,43.9404,423687.32441800844,0
XLE.US,5,20251217,171000,43.9404,43.9553,43.9107,43.9206,125169.02286766541,0
XLE.US,5,20251217,171500,43.9156,44.0495,43.9156,44.0297,218734.91224530042,0
XLE.US,5,20251217,172000,44.0297,44.0644,43.9999,44.0197,308945.4395754076,0
XLE.US,5,20251217,172500,44.0148,44.0495,43.99,43.995,406059.3192395478,0
XLE.US,5,20251217,173000,43.985,43.985,43.8968,43.9255,220469.5749209084,0
XLE.US,5,20251217,173500,43.9355,44.0148,43.9305,43.9751,310863.6537666904,0
XLE.US,5,20251217,174000,43.9751,44.014,43.9454,43.99,380446.82312923344,0
XLE.US,5,20251217,174500,43.985,44.0247,43.9602,43.9801,332128.3994150594,0
XLE.US,5,20251217,175000,43.9751,43.9801,43.9255,43.9702,380698.9543320834,0
XLE.US,5,20251217,175500,43.9714,43.995,43.9553,43.995,303886.6791214252,0
XLE.US,5,20251217,180000,43.99,44.0148,43.9454,43.9553,410834.68422152684,0
XLE.US,5,20251217,180500,43.9652,43.9802,43.9454,43.9602,216281.1713791642,0
XLE.US,5,20251217,181000,43.9602,44.0148,43.9553,43.9652,151958.4674328836,0
XLE.US,5,20251217,181500,43.9553,44.0049,43.9503,43.9702,175922.025476559,0
XLE.US,5,20251217,182000,43.9751,44.0247,43.9702,44.0148,113374.32519834241,0
XLE.US,5,20251217,182500,44.0148,44.0198,43.9751,43.9801,179821.9909222428,0
XLE.US,5,20251217,183000,43.9801,44.0346,43.9652,44.0098,147101.4119411812,0
XLE.US,5,20251217,183500,44.0075,44.0247,43.9801,43.985,139355.9413896292,0
XLE.US,5,20251217,184000,43.985,44.0297,43.985,43.995,227605.8964863748,0
XLE.US,5,20251217,184500,43.995,44.0148,43.9702,44.0098,130455.7099290242,0
XLE.US,5,20251217,185000,44.0049,44.0346,43.9959,43.9999,133578.1027451186,0
XLE.US,5,20251217,185500,44.0048,44.0297,43.99,44.0098,186057.69983112902,0
XLE.US,5,20251217,190000,44.0148,44.0743,44.0113,44.0297,260116.70230666522,0
XLE.US,5,20251217,190500,44.0297,44.0484,43.995,43.9999,223917.72125108502,0
XLE.US,5,20251217,191000,43.998,44.0321,43.9777,43.9849,271967.8773654266,0
XLE.US,5,20251217,191500,43.9764,43.9999,43.9503,43.9553,231329.3700900636,0
XLE.US,5,20251217,192000,43.9503,44.0049,43.9454,43.9999,141473.8434935692,0
XLE.US,5,20251217,192500,43.995,44.0049,43.9602,43.9751,179325.796715034,0
XLE.US,5,20251217,193000,43.9702,44.0042,43.9602,44.0042,172704.83132819302,0
XLE.US,5,20251217,193500,43.9999,44.0445,43.995,44.0326,303452.0049277118,0
XLE.US,5,20251217,194000,44.0297,44.0445,43.995,44.0248,232420.59393599842,0
XLE.US,5,20251217,194500,44.0247,44.0544,44.0247,44.0495,177638.53470556182,0
XLE.US,5,20251217,195000,44.0544,44.0644,44.0247,44.0464,134049.0838320424,0
XLE.US,5,20251217,195500,44.0544,44.0842,44.0544,44.0792,216635.16358796562,0
XLE.US,5,20251217,200000,44.0842,44.1338,44.0693,44.1338,245928.77525989,0
XLE.US,5,20251217,200500,44.1316,44.1734,44.1239,44.1635,338756.4244755802,0
XLE.US,5,20251217,201000,44.1635,44.1685,44.104,44.1635,172405.29945920722,0
XLE.US,5,20251217,201500,44.1635,44.2081,44.1585,44.1734,215892.8893267752,0
XLE.US,5,20251217,202000,44.1784,44.1933,44.134,44.1486,205763.2661210736,0
XLE.US,5,20251217,202500,44.1535,44.1536,44.104,44.1338,157966.2497343934,0
XLE.US,5,20251217,203000,44.1288,44.1536,44.1184,44.1288,138838.568161381,0
XLE.US,5,20251217,203500,44.1338,44.1437,44.0941,44.1387,1065625.4691718454,0
XLE.US,5,20251217,204000,44.1387,44.1635,44.1139,44.1486,236660.432243124,0
XLE.US,5,20251217,204500,44.1486,44.1888,44.1437,44.1883,283915.87080608244,0
XLE.US,5,20251217,205000,44.1883,44.223,44.1784,44.1933,182335.23475225162,0
XLE.US,5,20251217,205500,44.1933,44.2528,44.1933,44.2428,428781.3832403898,0
XLE.US,5,20251217,210000,44.2428,44.2899,44.2379,44.2875,493051.64389647765,0
XLE.US,5,20251217,210500,44.2875,44.3122,44.2577,44.2876,362050.322044486,0
XLE.US,5,20251217,211000,44.2825,44.342,44.2825,44.3222,381483.58663535264,0
XLE.US,5,20251217,211500,44.3271,44.3618,44.3222,44.342,325081.83655780763,0
XLE.US,5,20251217,212000,44.3519,44.3519,44.2825,44.2924,482428.85205800144,0
XLE.US,5,20251217,212500,44.2875,44.3321,44.2676,44.3321,816405.8774523571,0
XLE.US,5,20251217,213000,44.3222,44.3618,44.3172,44.3569,721104.3168743027,0
XLE.US,5,20251217,213500,44.3519,44.4411,44.3519,44.4263,940014.7124367866,0
XLE.US,5,20251217,214000,44.4213,44.4709,44.4114,44.4511,1667542.3238348959,0
XLE.US,5,20251217,214500,44.456,44.5006,44.4312,44.5006,1160281.5738706037,0
XLE.US,5,20251217,215000,44.4957,44.5006,44.4213,44.4362,3905177.5019091154,0
XLE.US,5,20251217,215500,44.4362,44.4461,44.3519,44.4015,5135404.3055495545,0
XLE.US,5,20251218,153000,44.2726,44.3122,43.985,44.0743,1295990.6895422104,0
XLE.US,5,20251218,153500,44.0743,44.0855,43.9156,44.0842,785599.4785633327,0
XLE.US,5,20251218,154000,44.0842,44.104,43.985,44.0247,587471.7537893684,0
XLE.US,5,20251218,154500,44.0247,44.1486,44.0247,44.104,354732.46601296763,0
XLE.US,5,20251218,155000,44.1139,44.1734,44.0891,44.1586,262571.4516976128,0
XLE.US,5,20251218,155500,44.1982,44.2825,44.1933,44.2726,445162.85175196,0
XLE.US,5,20251218,160000,44.2825,44.3023,44.2428,44.2528,354530.76105068764,0
XLE.US,5,20251218,160500,44.2528,44.3023,44.1685,44.1833,305413.5856858848,0
XLE.US,5,20251218,161000,44.1784,44.2387,44.1437,44.2387,296178.523987895,0
XLE.US,5,20251218,161500,44.2329,44.2676,44.1437,44.2032,466836.04994894605,0
XLE.US,5,20251218,162000,44.1933,44.223,44.1636,44.1982,284527.03684179083,0
XLE.US,5,20251218,162500,44.1982,44.2528,44.1883,44.2143,179773.58173129562,0
XLE.US,5,20251218,163000,44.223,44.2428,44.1437,44.1784,256842.0222440494,0
XLE.US,5,20251218,163500,44.1784,44.2032,44.1139,44.1586,318066.5379697092,0
XLE.US,5,20251218,164000,44.1635,44.1883,44.137,44.1832,188162.4911125208,0
XLE.US,5,20251218,164500,44.1784,44.1933,44.0941,44.1096,233203.2091896448,0
XLE.US,5,20251218,165000,44.104,44.1139,44.047,44.0544,198632.99570447562,0
XLE.US,5,20251218,165500,44.0594,44.0792,43.995,44.0495,247548.4661069984,0
XLE.US,5,20251218,170000,44.0495,44.0644,44.0049,44.0346,246661.97279777782,0
XLE.US,5,20251218,170500,44.0396,44.0941,44.0197,44.0346,219730.32623415222,0
XLE.US,5,20251218,171000,44.0403,44.0495,43.9652,43.9652,181418.485698689,0
XLE.US,5,20251218,171500,43.9702,44.0049,43.9255,43.9255,470395.1340083766,0
XLE.US,5,20251218,172000,43.9305,44.0346,43.9008,44.0297,454571.3797175106,0
XLE.US,5,20251218,172500,44.0346,44.0891,44.0247,44.0544,336622.38597465784,0
XLE.US,5,20251218,173000,44.0644,44.0941,44.0594,44.0644,210224.9798867072,0
XLE.US,5,20251218,173500,44.0644,44.1102,44.0594,44.0792,206043.6360186428,0
XLE.US,5,20251218,174000,44.0792,44.0842,44.0445,44.0445,250027.4200934196,0
XLE.US,5,20251218,174500,44.0505,44.0594,43.9564,43.9652,158044.91466968262,0
XLE.US,5,20251218,175000,43.9602,43.995,43.9156,43.99,334380.43531891564,0
XLE.US,5,20251218,175500,43.99,43.995,43.9553,43.9801,145303.212202455,0
XLE.US,5,20251218,180000,43.9801,43.985,43.9255,43.9355,227816.6781719574,0
XLE.US,5,20251218,180500,43.9355,43.9355,43.8413,43.8462,206330.05706508041,0
XLE.US,5,20251218,181000,43.8413,43.876,43.8066,43.8363,295513.90613718244,0
XLE.US,5,20251218,181500,43.8413,43.8462,43.757,43.7719,262953.6826011334,0
XLE.US,5,20251218,182000,43.7768,43.7966,43.7371,43.7421,368899.2140387034,0
XLE.US,5,20251218,182500,43.7371,43.7544,43.6925,43.7322,377673.3798978834,0
XLE.US,5,20251218,183000,43.7273,43.8462,43.7124,43.8214,398736.4205839724,0
XLE.US,5,20251218,183500,43.8264,43.8661,43.8066,43.8313,294627.4128279618,0
XLE.US,5,20251218,184000,43.8264,43.8611,43.8214,43.8416,119579.7783628866,0
XLE.US,5,20251218,184500,43.8413,43.8859,43.7917,43.8165,189848.74459718162,0
XLE.US,5,20251218,185000,43.8066,43.8066,43.7669,43.7818,142994.69890916042,0
XLE.US,5,20251218,185500,43.7818,43.8244,43.7619,43.8166,241616.32316634362,0
XLE.US,5,20251218,190000,43.8172,43.8363,43.7912,43.8137,364115.7808582332,0
XLE.US,5,20251218,190500,43.8093,43.8462,43.7966,43.8313,303488.31182092224,0
XLE.US,5,20251218,191000,43.8264,43.8859,43.8066,43.8165,247861.10879853243,0
XLE.US,5,20251218,191500,43.8115,43.8561,43.8115,43.8512,285806.8548274574,0
XLE.US,5,20251218,192000,43.8512,43.8661,43.8462,43.8611,151414.872559539,0
XLE.US,5,20251218,192500,43.8561,43.8809,43.8462,43.8462,192197.59888293222,0
XLE.US,5,20251218,193000,43.8462,43.8958,43.8462,43.871,162423.9294007814,0
XLE.US,5,20251218,193500,43.871,43.8859,43.8413,43.8512,60561.91492457,0
XLE.US,5,20251218,194000,43.8561,43.871,43.8264,43.8313,94487.68105525461,0
XLE.US,5,20251218,194500,43.8284,43.8413,43.7768,43.7917,199351.0653701924,0
XLE.US,5,20251218,195000,43.7917,43.8214,43.7818,43.7917,102156.50372114021,0
XLE.US,5,20251218,195500,43.7966,43.8165,43.7891,43.7905,198657.2002999492,0
XLE.US,5,20251218,200000,43.7877,43.8066,43.7173,43.7272,239706.17717355202,0
XLE.US,5,20251218,200500,43.7223,43.7322,43.6925,43.7299,411951.12118774664,0
XLE.US,5,20251218,201000,43.7272,43.7532,43.7074,43.7322,166708.1427996086,0
XLE.US,5,20251218,201500,43.7272,43.7768,43.7173,43.7719,173371.4662285284,0
XLE.US,5,20251218,202000,43.7719,43.7867,43.7173,43.7371,304061.1539137974,0
XLE.US,5,20251218,202500,43.7358,43.752,43.6975,43.7124,231546.20292451463,0
XLE.US,5,20251218,203000,43.7124,43.7322,43.6975,43.7024,189716.6278468882,0
XLE.US,5,20251218,203500,43.6975,43.7223,43.6925,43.7024,329125.0125267102,0
XLE.US,5,20251218,204000,43.7024,43.7173,43.6727,43.6777,280698.6766577164,0
XLE.US,5,20251218,204500,43.6777,43.6876,43.6479,43.6826,333135.91570164805,0
XLE.US,5,20251218,205000,43.6826,43.7124,43.6529,43.6677,289256.00968244544,0
XLE.US,5,20251218,205500,43.6628,43.6831,43.6082,43.6826,379458.46881406143,0
XLE.US,5,20251218,210000,43.6876,43.7631,43.6777,43.7631,386423.34116158984,0
XLE.US,5,20251218,210500,43.7619,43.7719,43.6777,43.7124,289835.9114490004,0
XLE.US,5,20251218,211000,43.7173,43.7371,43.6975,43.7322,120039.66567688501,0
XLE.US,5,20251218,211500,43.7371,43.7669,43.7016,43.7669,219567.95373951682,0
XLE.US,5,20251218,212000,43.767,43.7966,43.7515,43.7917,147005.6020840982,0
XLE.US,5,20251218,212500,43.7867,43.7966,43.752,43.7818,216073.41526801581,0
XLE.US,5,20251218,213000,43.7818,43.8313,43.7768,43.8313,306298.0619454826,0
XLE.US,5,20251218,213500,43.8313,43.8363,43.757,43.7619,329170.3961432232,0
XLE.US,5,20251218,214000,43.7619,43.7768,43.7471,43.757,296556.72079217003,0
XLE.US,5,20251218,214500,43.7481,43.8066,43.7371,43.8066,769066.7313300525,0
XLE.US,5,20251218,215000,43.8066,43.8066,43.7173,43.7421,1610528.399196831,0
XLE.US,5,20251218,215500,43.7371,43.7669,43.7124,43.7471,3918545.4982842226,0
XLE.US,5,20251219,153000,43.9057,44.1338,43.8066,44.1189,1333543.1108946896,0
XLE.US,5,20251219,153500,44.1239,44.1536,44.0544,44.0693,844766.6036737364,0
XLE.US,5,20251219,154000,44.0743,44.0842,43.995,44.0247,542844.5308849184,0
XLE.US,5,20251219,154500,44.0247,44.0445,43.9801,43.9801,1185564.2823675903,0
XLE.US,5,20251219,155000,43.985,44.0345,43.9553,44.0148,393187.5170716496,0
XLE.US,5,20251219,155500,44.0098,44.0644,43.995,44.0594,339486.5964390338,0
XLE.US,5,20251219,160000,44.0594,44.0842,44.0148,44.0495,489042.7577711626,0
XLE.US,5,20251219,160500,44.0445,44.0544,43.9602,43.985,255855.6849785002,0
XLE.US,5,20251219,161000,43.995,44.0842,43.985,44.0544,491034.5942736776,0
XLE.US,5,20251219,161500,44.0544,44.0693,44.0098,44.0297,233294.9849474822,0
XLE.US,5,20251219,162000,44.0297,44.0495,43.9652,44.0148,191767.96731327582,0
XLE.US,5,20251219,162500,44.0098,44.0495,44.0049,44.0396,180548.1287864508,0
XLE.US,5,20251219,163000,44.0346,44.0792,44.0247,44.0396,187857.916619478,0
XLE.US,5,20251219,163500,44.0346,44.0594,44.0059,44.0197,159945.9839391716,0
XLE.US,5,20251219,164000,44.0197,44.0544,44.0098,44.0266,148932.89299868362,0
XLE.US,5,20251219,164500,44.0297,44.0396,43.9751,43.9751,283498.3415341628,0
XLE.US,5,20251219,165000,43.985,44.0049,43.9355,43.9553,241548.7520039798,0
XLE.US,5,20251219,165500,43.9553,44.0049,43.9454,43.9751,247964.98685410662,0
XLE.US,5,20251219,170000,43.9801,43.995,43.9602,43.9652,152659.3921768066,0
XLE.US,5,20251219,170500,43.9602,44.0247,43.9553,43.9602,209947.6355635722,0
XLE.US,5,20251219,171000,43.9553,43.9927,43.9282,43.9503,159381.21004478761,0
XLE.US,5,20251219,171500,43.9454,43.9751,43.9156,43.9305,252876.5026856246,0
XLE.US,5,20251219,172000,43.9255,43.99,43.9255,43.9404,189452.39434630141,0
XLE.US,5,20251219,172500,43.9454,43.9801,43.9255,43.9702,193648.86608653681,0
XLE.US,5,20251219,173000,43.9652,44.0049,43.9652,43.9801,299059.8793740648,0
XLE.US,5,20251219,173500,43.9751,44.0036,43.9553,43.9553,198865.964935909,0
XLE.US,5,20251219,174000,43.9503,43.9651,43.9404,43.9404,151390.66796406542,0
XLE.US,5,20251219,174500,43.9404,43.9702,43.9355,43.9503,108176.3883203868,0
XLE.US,5,20251219,175000,43.9503,43.9702,43.9206,43.9305,178223.4790961738,0
XLE.US,5,20251219,175500,43.9255,43.9355,43.8928,43.9355,144974.4331139386,0
XLE.US,5,20251219,180000,43.9404,43.9503,43.9255,43.9369,215658.9115705304,0
XLE.US,5,20251219,180500,43.9355,43.9751,43.9305,43.9602,309070.4966520212,0
XLE.US,5,20251219,181000,43.9602,43.9602,43.9156,43.9206,331345.78416141303,0
XLE.US,5,20251219,181500,43.9254,43.9801,43.9254,43.9652,467754.8160521314,0
XLE.US,5,20251219,182000,43.975,43.985,43.9553,43.9801,179795.7692771464,0
XLE.US,5,20251219,182500,43.9801,43.9802,43.9404,43.9421,203216.74097228862,0
XLE.US,5,20251219,183000,43.9404,43.9553,43.9057,43.9206,241520.51330926063,0
XLE.US,5,20251219,183500,43.9206,43.9255,43.8958,43.9206,156659.20157881902,0
XLE.US,5,20251219,184000,43.9156,43.9255,43.8859,43.8957,104237.09040705841,0
XLE.US,5,20251219,184500,43.8908,43.8958,43.871,43.8809,189798.31835661162,0
XLE.US,5,20251219,185000,43.876,43.9213,43.876,43.9156,168509.368112769,0
XLE.US,5,20251219,185500,43.9189,43.9255,43.8809,43.8809,220733.80842149523,0
XLE.US,5,20251219,190000,43.8809,43.8958,43.867,43.8858,130865.17100245261,0
XLE.US,5,20251219,190500,43.8859,43.9454,43.8809,43.9107,188081.8091276088,0
XLE.US,5,20251219,191000,43.9107,43.9156,43.8859,43.9156,168582.9904240012,0
XLE.US,5,20251219,191500,43.9107,43.9255,43.8859,43.9156,541333.7607174412,0
XLE.US,5,20251219,192000,43.9107,43.9255,43.8908,43.8908,283057.616191581,0
XLE.US,5,20251219,192500,43.8908,43.8958,43.8661,43.8706,46265.067198163604,0
XLE.US,5,20251219,193000,43.876,43.876,43.8363,43.8395,70089.4488178658,0
XLE.US,5,20251219,193500,43.8363,43.8512,43.8264,43.8462,141750.1792918928,0
XLE.US,5,20251219,194000,43.8462,43.8661,43.8363,43.8512,284849.7647814388,0
XLE.US,5,20251219,194500,43.8562,43.8611,43.8264,43.8313,162276.684778317,0
XLE.US,5,20251219,195000,43.8313,43.8413,43.8165,43.8313,296805.8264205858,0
XLE.US,5,20251219,195500,43.8264,43.8363,43.7966,43.8066,259048.6745313926,0
XLE.US,5,20251219,200000,43.8016,43.8165,43.7669,43.7867,267137.0435188206,0
XLE.US,5,20251219,200500,43.7917,43.7917,43.7223,43.7272,242042.92916156581,0
XLE.US,5,20251219,201000,43.7272,43.7867,43.7272,43.7818,424132.0838598358,0
XLE.US,5,20251219,201500,43.7818,43.7966,43.7619,43.7619,138462.3884067288,0
XLE.US,5,20251219,202000,43.7619,43.772,43.7471,43.7472,157520.4817677546,0
XLE.US,5,20251219,202500,43.757,43.7768,43.752,43.7719,207803.5118145358,0
XLE.US,5,20251219,203000,43.7669,43.7832,43.757,43.7768,143745.041368842,0
XLE.US,5,20251219,203500,43.7768,43.7867,43.7619,43.7619,93116.0873117506,0
XLE.US,5,20251219,204000,43.757,43.7768,43.752,43.7705,222238.52744010402,0
XLE.US,5,20251219,204500,43.767,43.8066,43.767,43.8066,301800.0412866386,0
XLE.US,5,20251219,205000,43.8016,43.8264,43.8004,43.8016,135352.0978883712,0
XLE.US,5,20251219,205500,43.8016,43.8165,43.7768,43.8066,225732.0573867936,0
XLE.US,5,20251219,210000,43.8066,43.8363,43.8066,43.8214,129904.04685718841,0
XLE.US,5,20251219,210500,43.8214,43.8214,43.7917,43.8214,151196.0226754652,0
XLE.US,5,20251219,211000,43.8214,43.8264,43.7867,43.7917,187008.73872827922,0
XLE.US,5,20251219,211500,43.7917,43.8016,43.7669,43.7719,560733.7439895316,0
XLE.US,5,20251219,212000,43.7719,43.8066,43.7719,43.7818,283526.580228882,0
XLE.US,5,20251219,212500,43.7818,43.7854,43.7471,43.757,314521.5732576382,0
XLE.US,5,20251219,213000,43.757,43.7818,43.7471,43.7619,239232.17051219402,0
XLE.US,5,20251219,213500,43.7619,43.7867,43.7471,43.7471,277378.6129785876,0
XLE.US,5,20251219,214000,43.7471,43.7471,43.7074,43.7173,275177.00331530144,0
XLE.US,5,20251219,214500,43.7124,43.7542,43.6925,43.7542,871976.6030853085,0
XLE.US,5,20251219,215000,43.7471,43.757,43.6529,43.7421,1717780.9787899754,0
XLE.US,5,20251219,215500,43.7471,43.7768,43.6975,43.7669,3479437.829499908,0
XLE.US,5,20251222,153000,44.17,44.44,44.11,44.41,1203858,0
XLE.US,5,20251222,153500,44.41,44.485,44.2492,44.32,676987,0
XLE.US,5,20251222,154000,44.32,44.44,44.2909,44.34,604687,0
XLE.US,5,20251222,154500,44.335,44.395,44.26,44.2601,548501,0
XLE.US,5,20251222,155000,44.27,44.39,44.265,44.34,472046,0
XLE.US,5,20251222,155500,44.335,44.385,44.29,44.305,379462,0
XLE.US,5,20251222,160000,44.31,44.3107,44.17,44.18,417526,0
XLE.US,5,20251222,160500,44.18,44.21,44.16,44.2,219267,0
XLE.US,5,20251222,161000,44.195,44.2,44.09,44.175,283074,0
XLE.US,5,20251222,161500,44.175,44.25,44.1715,44.25,268622,0
XLE.US,5,20251222,162000,44.25,44.266,44.17,44.225,194007,0
XLE.US,5,20251222,162500,44.23,44.29,44.22,44.265,241370,0
XLE.US,5,20251222,163000,44.265,44.28,44.221,44.25,210643,0
XLE.US,5,20251222,163500,44.24,44.255,44.215,44.215,295893,0
XLE.US,5,20251222,164000,44.22,44.28,44.21,44.275,212100,0
XLE.US,5,20251222,164500,44.275,44.275,44.21,44.24,230698,0
XLE.US,5,20251222,165000,44.24,44.24,44.175,44.18,189447,0
XLE.US,5,20251222,165500,44.175,44.1864,44.155,44.1864,139731,0
XLE.US,5,20251222,170000,44.19,44.19,44.14,44.165,136274,0
XLE.US,5,20251222,170500,44.165,44.215,44.15,44.215,231024,0
XLE.US,5,20251222,171000,44.215,44.275874,44.215,44.23,205819,0
XLE.US,5,20251222,171500,44.2265,44.23,44.19,44.225,400337,0
XLE.US,5,20251222,172000,44.23,44.25,44.2101,44.235,270753,0
XLE.US,5,20251222,172500,44.235,44.2499,44.21,44.225,409589,0
XLE.US,5,20251222,173000,44.23,44.28,44.23,44.265,337442,0
XLE.US,5,20251222,173500,44.265,44.28,44.24,44.2408,456209,0
XLE.US,5,20251222,174000,44.245,44.2879,44.24,44.28,238990,0
XLE.US,5,20251222,174500,44.285,44.31,44.2744,44.275,215122,0
XLE.US,5,20251222,175000,44.28,44.3,44.27,44.2939,212357,0
XLE.US,5,20251222,175500,44.29,44.305,44.255,44.2568,222093,0
XLE.US,5,20251222,180000,44.255,44.28,44.2327,44.235,145020,0
XLE.US,5,20251222,180500,44.235,44.24,44.22,44.235,115785,0
XLE.US,5,20251222,181000,44.24,44.26,44.23,44.24,200492,0
XLE.US,5,20251222,181500,44.24,44.26,44.21,44.2156,178872,0
XLE.US,5,20251222,182000,44.21,44.22,44.1801,44.19,134745,0
XLE.US,5,20251222,182500,44.19,44.19,44.145,44.16,104370,0
XLE.US,5,20251222,183000,44.1535,44.1856,44.14,44.1856,131038,0
XLE.US,5,20251222,183500,44.185,44.22,44.15,44.215,179348,0
XLE.US,5,20251222,184000,44.215,44.25,44.205,44.2446,83355,0
XLE.US,5,20251222,184500,44.25,44.28,44.25,44.265,93036,0
XLE.US,5,20251222,185000,44.265,44.29,44.23,44.2445,97507,0
XLE.US,5,20251222,185500,44.245,44.246,44.22,44.245,76740,0
XLE.US,5,20251222,190000,44.2416,44.26,44.225,44.225,63233,0
XLE.US,5,20251222,190500,44.23,44.26,44.225,44.2401,116434,0
XLE.US,5,20251222,191000,44.25,44.2668,44.235,44.265,91502,0
XLE.US,5,20251222,191500,44.265,44.27,44.24,44.2437,121179,0
XLE.US,5,20251222,192000,44.2499,44.26,44.22,44.25,179075,0
XLE.US,5,20251222,192500,44.25,44.266,44.2356,44.255,158345,0
XLE.US,5,20251222,193000,44.255,44.275,44.2444,44.265,165180,0
XLE.US,5,20251222,193500,44.2644,44.32,44.2644,44.305,142388,0
XLE.US,5,20251222,194000,44.31,44.32,44.2501,44.255,81461,0
XLE.US,5,20251222,194500,44.255,44.27,44.25,44.265,94649,0
XLE.US,5,20251222,195000,44.265,44.2758,44.2401,44.245,126241,0
XLE.US,5,20251222,195500,44.2484,44.26,44.24,44.2442,107239,0
XLE.US,5,20251222,200000,44.24,44.24,44.1939,44.2,193442,0
XLE.US,5,20251222,200500,44.2,44.21,44.18,44.205,133377,0
XLE.US,5,20251222,201000,44.2,44.225,44.1901,44.215,81683,0
XLE.US,5,20251222,201500,44.21,44.21,44.185,44.19,87261,0
XLE.US,5,20251222,202000,44.1955,44.235,44.19,44.235,56967,0
XLE.US,5,20251222,202500,44.235,44.25,44.21,44.235,65419,0
XLE.US,5,20251222,203000,44.24,44.25,44.22,44.225,100327,0
XLE.US,5,20251222,203500,44.225,44.24,44.21,44.215,177209,0
XLE.US,5,20251222,204000,44.215,44.24,44.21,44.235,108304,0
XLE.US,5,20251222,204500,44.24,44.26,44.24,44.255,63777,0
XLE.US,5,20251222,205000,44.255,44.26,44.2401,44.25,39088,0
XLE.US,5,20251222,205500,44.25,44.27,44.24,44.25,97156,0
XLE.US,5,20251222,210000,44.26,44.28,44.25,44.25,151635,0
XLE.US,5,20251222,210500,44.255,44.255,44.22,44.245,134944,0
XLE.US,5,20251222,211000,44.245,44.27,44.24,44.265,130333,0
XLE.US,5,20251222,211500,44.27,44.29,44.25,44.255,110989,0
XLE.US,5,20251222,212000,44.255,44.275,44.2447,44.275,175688,0
XLE.US,5,20251222,212500,44.275,44.33,44.265,44.315,273289,0
XLE.US,5,20251222,213000,44.315,44.34,44.305,44.325,383407,0
XLE.US,5,20251222,213500,44.325,44.35,44.3148,44.3315,333128,0
XLE.US,5,20251222,214000,44.335,44.3399,44.265,44.265,252556,0
XLE.US,5,20251222,214500,44.265,44.3,44.255,44.285,484436,0
XLE.US,5,20251222,215000,44.285,44.299,44.22,44.25,787645,0
XLE.US,5,20251222,215500,44.25,44.26,44.21,44.21,2519122,0
XLE.US,5,20251223,153000,44.365,44.46,44.31,44.365,665611,0
XLE.US,5,20251223,153500,44.36,44.39,44.29,44.36,354552,0
XLE.US,5,20251223,154000,44.355,44.44,44.355,44.39,361600,0
XLE.US,5,20251223,154500,44.385,44.415,44.35,44.3599,242350,0
XLE.US,5,20251223,155000,44.35,44.42,44.34,44.345,196224,0
XLE.US,5,20251223,155500,44.34,44.39,44.31,44.355,221643,0
XLE.US,5,20251223,160000,44.35,44.3599,44.27,44.275,433396,0
XLE.US,5,20251223,160500,44.275,44.285,44.22,44.245,677917,0
XLE.US,5,20251223,161000,44.245,44.28,44.24,44.27,234061,0
XLE.US,5,20251223,161500,44.28,44.31,44.27,44.29,154192,0
XLE.US,5,20251223,162000,44.29,44.325,44.2802,44.2802,97746,0
XLE.US,5,20251223,162500,44.2899,44.35,44.28,44.345,192525,0
XLE.US,5,20251223,163000,44.35,44.365,44.33,44.36,142970,0
XLE.US,5,20251223,163500,44.36,44.41,44.35,44.3855,172603,0
XLE.US,5,20251223,164000,44.38,44.38,44.34,44.34,189378,0
XLE.US,5,20251223,164500,44.34,44.37,44.33,44.36,211834,0
XLE.US,5,20251223,165000,44.365,44.365,44.32,44.33,169936,0
XLE.US,5,20251223,165500,44.325,44.365,44.31,44.335,161993,0
XLE.US,5,20251223,170000,44.3374,44.35,44.3,44.33,116735,0
XLE.US,5,20251223,170500,44.33,44.35,44.3,44.315,155931,0
XLE.US,5,20251223,171000,44.31,44.3599,44.31,44.34,160895,0
XLE.US,5,20251223,171500,44.35,44.3851,44.35,44.375,67517,0
XLE.US,5,20251223,172000,44.375,44.4151,44.37,44.39,126660,0
XLE.US,5,20251223,172500,44.3901,44.4,44.355,44.355,139130,0
XLE.US,5,20251223,173000,44.3548,44.37,44.325,44.34,178340,0
XLE.US,5,20251223,173500,44.34,44.375,44.335,44.355,133525,0
XLE.US,5,20251223,174000,44.355,44.37,44.345,44.35,105989,0
XLE.US,5,20251223,174500,44.35,44.3655,44.3444,44.356,156269,0
XLE.US,5,20251223,175000,44.355,44.37,44.33,44.345,126461,0
XLE.US,5,20251223,175500,44.35,44.3599,44.3129,44.315,130775,0
XLE.US,5,20251223,180000,44.31,44.32,44.284,44.3,216384,0
XLE.US,5,20251223,180500,44.3,44.32,44.29,44.29,105860,0
XLE.US,5,20251223,181000,44.29,44.32,44.28,44.315,119088,0
XLE.US,5,20251223,181500,44.32,44.32,44.285,44.285,142530,0
XLE.US,5,20251223,182000,44.284,44.35,44.284,44.3451,103832,0
XLE.US,5,20251223,182500,44.35,44.36,44.335,44.3427,77798,0
XLE.US,5,20251223,183000,44.345,44.3456,44.32,44.345,125119,0
XLE.US,5,20251223,183500,44.345,44.37,44.3436,44.365,124191,0
XLE.US,5,20251223,184000,44.365,44.38,44.36,44.37,132784,0
XLE.US,5,20251223,184500,44.375,44.38,44.36,44.365,144523,0
XLE.US,5,20251223,185000,44.37,44.389,44.36,44.385,101614,0
XLE.US,5,20251223,185500,44.385,44.3873,44.3636,44.375,114095,0
XLE.US,5,20251223,190000,44.38,44.42,44.37,44.41,79062,0
XLE.US,5,20251223,190500,44.41,44.44,44.405,44.4289,181833,0
XLE.US,5,20251223,191000,44.43,44.465,44.43,44.46,144105,0
XLE.US,5,20251223,191500,44.465,44.5,44.46,44.495,173369,0
XLE.US,5,20251223,192000,44.495,44.53,44.495,44.5164,211855,0
XLE.US,5,20251223,192500,44.5199,44.53,44.51,44.5101,173731,0
XLE.US,5,20251223,193000,44.515,44.54,44.5045,44.535,132331,0
XLE.US,5,20251223,193500,44.535,44.54,44.51,44.52,166486,0
XLE.US,5,20251223,194000,44.52,44.525,44.495,44.5171,122479,0
XLE.US,5,20251223,194500,44.52,44.54,44.51,44.525,200581,0
XLE.US,5,20251223,195000,44.525,44.546576,44.52,44.525,46451,0
XLE.US,5,20251223,195500,44.52,44.53,44.49,44.495,87725,0
XLE.US,5,20251223,200000,44.495,44.515,44.4901,44.4955,59897,0
XLE.US,5,20251223,200500,44.5,44.51,44.47,44.505,112030,0
XLE.US,5,20251223,201000,44.51,44.54,44.51,44.5201,77739,0
XLE.US,5,20251223,201500,44.52,44.54,44.49,44.495,129809,0
XLE.US,5,20251223,202000,44.495,44.535,44.495,44.515,164777,0
XLE.US,5,20251223,202500,44.515,44.535,44.505,44.525,220580,0
XLE.US,5,20251223,203000,44.525,44.525,44.505,44.525,108157,0
XLE.US,5,20251223,203500,44.5299,44.54,44.52,44.5289,77659,0
XLE.US,5,20251223,204000,44.525,44.54,44.52,44.53,72614,0
XLE.US,5,20251223,204500,44.535,44.55,44.53,44.535,79449,0
XLE.US,5,20251223,205000,44.54,44.54,44.5211,44.525,90572,0
XLE.US,5,20251223,205500,44.525,44.5251,44.505,44.505,63521,0
XLE.US,5,20251223,210000,44.505,44.52,44.49,44.495,82885,0
XLE.US,5,20251223,210500,44.495,44.51,44.475,44.485,167725,0
XLE.US,5,20251223,211000,44.485,44.49,44.4627,44.465,78800,0
XLE.US,5,20251223,211500,44.465,44.475,44.46,44.46,133007,0
XLE.US,5,20251223,212000,44.465,44.47,44.45,44.465,145059,0
XLE.US,5,20251223,212500,44.4644,44.4887,44.4429,44.485,154866,0
XLE.US,5,20251223,213000,44.485,44.52,44.48,44.51,180041,0
XLE.US,5,20251223,213500,44.5129,44.515,44.475,44.5,502387,0
XLE.US,5,20251223,214000,44.49,44.495,44.47,44.475,255211,0
XLE.US,5,20251223,214500,44.475,44.52,44.475,44.505,473143,0
XLE.US,5,20251223,215000,44.5,44.515,44.47,44.5,652646,0
XLE.US,5,20251223,215500,44.5,44.51,44.465,44.5,2991007,0
XLE.US,5,20251224,153000,44.41,44.51,44.325,44.37,487915,0
XLE.US,5,20251224,153500,44.36,44.41,44.32,44.36,222444,0
XLE.US,5,20251224,154000,44.365,44.51,44.31,44.505,245694,0
XLE.US,5,20251224,154500,44.505,44.525,44.45,44.49,93942,0
XLE.US,5,20251224,155000,44.49,44.545,44.49,44.495,202368,0
XLE.US,5,20251224,155500,44.495,44.495,44.46,44.47,108792,0
XLE.US,5,20251224,160000,44.47,44.5,44.445,44.475,213171,0
XLE.US,5,20251224,160500,44.48,44.505,44.46,44.5,184104,0
XLE.US,5,20251224,161000,44.51,44.52,44.455,44.455,289615,0
XLE.US,5,20251224,161500,44.45,44.48,44.425,44.465,138963,0
XLE.US,5,20251224,162000,44.465,44.48,44.45,44.465,114339,0
XLE.US,5,20251224,162500,44.47,44.5156,44.46,44.5156,129627,0
XLE.US,5,20251224,163000,44.515,44.515,44.455,44.4675,154749,0
XLE.US,5,20251224,163500,44.46,44.475,44.43,44.4602,133375,0
XLE.US,5,20251224,164000,44.4659,44.4659,44.43,44.45,230770,0
XLE.US,5,20251224,164500,44.45,44.47,44.44,44.465,153892,0
XLE.US,5,20251224,165000,44.4665,44.495,44.465,44.485,92091,0
XLE.US,5,20251224,165500,44.485,44.51,44.4707,44.485,134216,0
XLE.US,5,20251224,170000,44.48,44.51,44.4742,44.495,114449,0
XLE.US,5,20251224,170500,44.495,44.5177,44.49,44.4951,127179,0
XLE.US,5,20251224,171000,44.49,44.495,44.455,44.49,117934,0
XLE.US,5,20251224,171500,44.495,44.52,44.4885,44.515,67315,0
XLE.US,5,20251224,172000,44.515,44.55,44.5,44.5201,107107,0
XLE.US,5,20251224,172500,44.525,44.525,44.485,44.495,98875,0
XLE.US,5,20251224,173000,44.49,44.495,44.46,44.475,108269,0
XLE.US,5,20251224,173500,44.48,44.49,44.46,44.46,56909,0
XLE.US,5,20251224,174000,44.46,44.47,44.44,44.45,164865,0
XLE.US,5,20251224,174500,44.46,44.47,44.4326,44.445,129791,0
XLE.US,5,20251224,175000,44.445,44.51,44.4301,44.5,145599,0
XLE.US,5,20251224,175500,44.495,44.495,44.47,44.475,104867,0
XLE.US,5,20251224,180000,44.475,44.49,44.46,44.475,272361,0
XLE.US,5,20251224,180500,44.48,44.5,44.475,44.475,184162,0
XLE.US,5,20251224,181000,44.475,44.49,44.45,44.4892,270901,0
XLE.US,5,20251224,181500,44.485,44.505,44.47,44.485,184165,0
XLE.US,5,20251224,182000,44.485,44.4872,44.46,44.465,227400,0
XLE.US,5,20251224,182500,44.465,44.5,44.46,44.495,216891,0
XLE.US,5,20251224,183000,44.5,44.535,44.5,44.515,295015,0
XLE.US,5,20251224,183500,44.515,44.52,44.492,44.505,319211,0
XLE.US,5,20251224,184000,44.51,44.54,44.505,44.53,258274,0
XLE.US,5,20251224,184500,44.5201,44.555,44.51,44.53,302942,0
XLE.US,5,20251224,185000,44.53,44.535,44.37,44.375,534781,0
XLE.US,5,20251224,185500,44.375,44.4,44.34,44.365,1944821,0
XLE.US,5,20251224,190000,44.365,44.37,44.36,44.37,782860,0
XLE.US,5,20251226,153000,44.29,44.435,44.235,44.42,778028,0
XLE.US,5,20251226,153500,44.42,44.4256,44.33,44.34,317352,0
XLE.US,5,20251226,154000,44.345,44.38,44.315,44.34,231844,0
XLE.US,5,20251226,154500,44.345,44.41,44.33,44.3562,178116,0
XLE.US,5,20251226,155000,44.35,44.375,44.31,44.34,248821,0
XLE.US,5,20251226,155500,44.34,44.4,44.335,44.39,144032,0
XLE.US,5,20251226,160000,44.385,44.385,44.325,44.325,260645,0
XLE.US,5,20251226,160500,44.325,44.35,44.285,44.3,243668,0
XLE.US,5,20251226,161000,44.295,44.315,44.275,44.315,197763,0
XLE.US,5,20251226,161500,44.31,44.32,44.26,44.3,173217,0
XLE.US,5,20251226,162000,44.305,44.33,44.305,44.325,68257,0
XLE.US,5,20251226,162500,44.325,44.345,44.3,44.345,103768,0
XLE.US,5,20251226,163000,44.3402,44.35,44.31,44.345,159147,0
XLE.US,5,20251226,163500,44.345,44.37,44.325,44.325,97587,0
XLE.US,5,20251226,164000,44.32,44.32,44.3,44.3099,91867,0
XLE.US,5,20251226,164500,44.305,44.32,44.26,44.265,210831,0
XLE.US,5,20251226,165000,44.265,44.27,44.23,44.235,154109,0
XLE.US,5,20251226,165500,44.23,44.2351,44.19,44.2062,276667,0
XLE.US,5,20251226,170000,44.205,44.23,44.195,44.2,418763,0
XLE.US,5,20251226,170500,44.195,44.22,44.175,44.2003,340972,0
XLE.US,5,20251226,171000,44.2044,44.2277,44.2,44.21,308888,0
XLE.US,5,20251226,171500,44.2121,44.2168,44.19,44.195,198014,0
XLE.US,5,20251226,172000,44.19,44.21,44.1701,44.18,339016,0
XLE.US,5,20251226,172500,44.18,44.185,44.17,44.17,138718,0
XLE.US,5,20251226,173000,44.175,44.18,44.15,44.155,276108,0
XLE.US,5,20251226,173500,44.155,44.2,44.15,44.195,143164,0
XLE.US,5,20251226,174000,44.1938,44.1988,44.16,44.1716,151010,0
XLE.US,5,20251226,174500,44.17,44.17,44.11,44.125,199045,0
XLE.US,5,20251226,175000,44.1291,44.135,44.11,44.135,116984,0
XLE.US,5,20251226,175500,44.135,44.1599,44.13,44.145,214162,0
XLE.US,5,20251226,180000,44.145,44.1456,44.114,44.115,136326,0
XLE.US,5,20251226,180500,44.1176,44.1188,44.075,44.08,85945,0
XLE.US,5,20251226,181000,44.08,44.08,44.065,44.075,143705,0
XLE.US,5,20251226,181500,44.075,44.075,44.05,44.055,83917,0
XLE.US,5,20251226,182000,44.055,44.06,44.04,44.055,81952,0
XLE.US,5,20251226,182500,44.055,44.09,44.0503,44.085,107723,0
XLE.US,5,20251226,183000,44.08,44.11,44.065,44.065,126407,0
XLE.US,5,20251226,183500,44.06,44.065,44.03,44.045,80781,0
XLE.US,5,20251226,184000,44.045,44.07,44.0409,44.07,72143,0
XLE.US,5,20251226,184500,44.065,44.1,44.06,44.07,165450,0
XLE.US,5,20251226,185000,44.0726,44.08,44.055,44.08,86326,0
XLE.US,5,20251226,185500,44.075,44.09,44.065,44.0715,100220,0
XLE.US,5,20251226,190000,44.07,44.1,44.07,44.0999,126734,0
XLE.US,5,20251226,190500,44.094,44.1,44.08,44.085,67269,0
XLE.US,5,20251226,191000,44.08,44.09,44.075,44.085,50588,0
XLE.US,5,20251226,191500,44.0899,44.095,44.08,44.095,43184,0
XLE.US,5,20251226,192000,44.095,44.1,44.06,44.06,73755,0
XLE.US,5,20251226,192500,44.07,44.09,44.07,44.08,72189,0
XLE.US,5,20251226,193000,44.08,44.12,44.08,44.11,108193,0
XLE.US,5,20251226,193500,44.105,44.11,44.1,44.1,42875,0
XLE.US,5,20251226,194000,44.105,44.12,44.08,44.085,89804,0
XLE.US,5,20251226,194500,44.085,44.09,44.065,44.065,254712,0
XLE.US,5,20251226,195000,44.07,44.07,44.04,44.055,335528,0
XLE.US,5,20251226,195500,44.055,44.06,44.04,44.045,217986,0
XLE.US,5,20251226,200000,44.045,44.07,44.04,44.045,443403,0
XLE.US,5,20251226,200500,44.045,44.0772,44.04,44.07,428282,0
XLE.US,5,20251226,201000,44.07,44.08,44.06,44.065,107948,0
XLE.US,5,20251226,201500,44.0644,44.07,44.04,44.04,117203,0
XLE.US,5,20251226,202000,44.04,44.049,44.02,44.035,78546,0
XLE.US,5,20251226,202500,44.035,44.035,43.99,43.99,258980,0
XLE.US,5,20251226,203000,43.99,44.04,43.99,44.035,149980,0
XLE.US,5,20251226,203500,44.04,44.075,44.0301,44.075,132569,0
XLE.US,5,20251226,204000,44.075,44.0756,44.055,44.0699,131946,0
XLE.US,5,20251226,204500,44.065,44.0756,44.06,44.065,175409,0
XLE.US,5,20251226,205000,44.065,44.065,44.04,44.055,150870,0
XLE.US,5,20251226,205500,44.055,44.06,44.04,44.045,79360,0
XLE.US,5,20251226,210000,44.05,44.1,44.0401,44.075,282577,0
XLE.US,5,20251226,210500,44.07,44.1,44.07,44.085,143681,0
XLE.US,5,20251226,211000,44.09,44.105,44.0701,44.105,98112,0
XLE.US,5,20251226,211500,44.1,44.13,44.1,44.125,107331,0
XLE.US,5,20251226,212000,44.125,44.1275,44.09,44.115,230481,0
XLE.US,5,20251226,212500,44.115,44.13,44.105,44.105,236828,0
XLE.US,5,20251226,213000,44.1051,44.1386,44.1,44.11,191304,0
XLE.US,5,20251226,213500,44.11,44.16,44.1089,44.1449,425704,0
XLE.US,5,20251226,214000,44.14,44.165801,44.125,44.1506,277446,0
XLE.US,5,20251226,214500,44.15,44.17,44.145,44.15,286967,0
XLE.US,5,20251226,215000,44.15,44.165,44.13,44.1301,528121,0
XLE.US,5,20251226,215500,44.14,44.23,44.135,44.2,2071374,0
XLE.US,5,20251229,153000,44.485,44.615,44.44,44.6085,607171,0
XLE.US,5,20251229,153500,44.605,44.64,44.435,44.4369,594459,0
XLE.US,5,20251229,154000,44.4365,44.4375,44.3,44.36,605821,0
XLE.US,5,20251229,154500,44.36,44.39,44.29,44.37,797314,0
XLE.US,5,20251229,155000,44.37,44.515,44.37,44.45,523353,0
XLE.US,5,20251229,155500,44.455,44.4761,44.43,44.44,196670,0
XLE.US,5,20251229,160000,44.435,44.485,44.43,44.435,281372,0
XLE.US,5,20251229,160500,44.44,44.55,44.435,44.545,410571,0
XLE.US,5,20251229,161000,44.545,44.6,44.53,44.57,326124,0
XLE.US,5,20251229,161500,44.57,44.58,44.521,44.555,220095,0
XLE.US,5,20251229,162000,44.55,44.605,44.545,44.555,315017,0
XLE.US,5,20251229,162500,44.555,44.6,44.54,44.55,408532,0
XLE.US,5,20251229,163000,44.56,44.64,44.5411,44.635,401175,0
XLE.US,5,20251229,163500,44.6337,44.68,44.6241,44.67,228713,0
XLE.US,5,20251229,164000,44.67,44.705,44.66,44.705,252083,0
XLE.US,5,20251229,164500,44.705,44.74,44.675,44.675,408308,0
XLE.US,5,20251229,165000,44.675,44.71,44.66,44.71,192122,0
XLE.US,5,20251229,165500,44.71,44.74,44.69,44.71,297593,0
XLE.US,5,20251229,170000,44.705,44.72,44.64,44.675,457009,0
XLE.US,5,20251229,170500,44.675,44.71,44.67,44.6938,316934,0
XLE.US,5,20251229,171000,44.69,44.71,44.655,44.6699,267463,0
XLE.US,5,20251229,171500,44.665,44.68,44.635,44.635,352020,0
XLE.US,5,20251229,172000,44.635,44.65,44.61,44.6166,367591,0
XLE.US,5,20251229,172500,44.62,44.63,44.57,44.595,732512,0
XLE.US,5,20251229,173000,44.6,44.6723,44.6,44.64,278873,0
XLE.US,5,20251229,173500,44.63,44.64,44.6,44.615,215576,0
XLE.US,5,20251229,174000,44.615,44.67,44.615,44.655,265193,0
XLE.US,5,20251229,174500,44.6557,44.68,44.64,44.65,300336,0
XLE.US,5,20251229,175000,44.65,44.685,44.6407,44.6739,228713,0
XLE.US,5,20251229,175500,44.675,44.68,44.6601,44.665,192870,0
XLE.US,5,20251229,180000,44.665,44.675,44.6303,44.645,249342,0
XLE.US,5,20251229,180500,44.64,44.66,44.615,44.655,237007,0
XLE.US,5,20251229,181000,44.655,44.66,44.61,44.6397,239878,0
XLE.US,5,20251229,181500,44.635,44.645,44.611,44.6294,297695,0
XLE.US,5,20251229,182000,44.6265,44.63,44.6,44.625,310909,0
XLE.US,5,20251229,182500,44.62,44.6299,44.6,44.605,165965,0
XLE.US,5,20251229,183000,44.605,44.64,44.59,44.625,260085,0
XLE.US,5,20251229,183500,44.625,44.63,44.59,44.595,262805,0
XLE.US,5,20251229,184000,44.595,44.6061,44.585,44.5999,231251,0
XLE.US,5,20251229,184500,44.5926,44.635,44.5926,44.6198,239057,0
XLE.US,5,20251229,185000,44.615,44.63,44.61,44.625,166849,0
XLE.US,5,20251229,185500,44.625,44.66,44.625,44.655,161310,0
XLE.US,5,20251229,190000,44.65,44.66,44.635,44.645,117313,0
XLE.US,5,20251229,190500,44.645,44.645,44.62,44.625,89900,0
XLE.US,5,20251229,191000,44.62,44.625,44.605,44.6098,149112,0
XLE.US,5,20251229,191500,44.605,44.63,44.6001,44.625,142392,0
XLE.US,5,20251229,192000,44.63,44.64,44.6101,44.6213,149075,0
XLE.US,5,20251229,192500,44.625,44.63,44.59,44.6044,210379,0
XLE.US,5,20251229,193000,44.6,44.62,44.5848,44.605,260295,0
XLE.US,5,20251229,193500,44.6058,44.61,44.59,44.605,142677,0
XLE.US,5,20251229,194000,44.605,44.6061,44.58,44.58,136734,0
XLE.US,5,20251229,194500,44.585,44.6,44.58,44.585,120313,0
XLE.US,5,20251229,195000,44.5801,44.615,44.58,44.5913,153944,0
XLE.US,5,20251229,195500,44.5973,44.6097,44.585,44.595,132386,0
XLE.US,5,20251229,200000,44.6,44.61,44.585,44.595,192889,0
XLE.US,5,20251229,200500,44.5985,44.6116,44.59,44.5961,236127,0
XLE.US,5,20251229,201000,44.595,44.6255,44.5944,44.6244,146626,0
XLE.US,5,20251229,201500,44.625,44.63,44.6044,44.6199,225148,0
XLE.US,5,20251229,202000,44.615,44.6299,44.61,44.615,159941,0
XLE.US,5,20251229,202500,44.615,44.65,44.605,44.645,139417,0
XLE.US,5,20251229,203000,44.65,44.69,44.65,44.685,176189,0
XLE.US,5,20251229,203500,44.685,44.7,44.67,44.6751,176934,0
XLE.US,5,20251229,204000,44.675,44.695,44.67,44.685,307333,0
XLE.US,5,20251229,204500,44.685,44.705,44.68,44.6806,194253,0
XLE.US,5,20251229,205000,44.685,44.69,44.665,44.685,162786,0
XLE.US,5,20251229,205500,44.685,44.7,44.68,44.685,177472,0
XLE.US,5,20251229,210000,44.6801,44.7,44.675,44.695,176218,0
XLE.US,5,20251229,210500,44.695,44.7,44.68,44.69,161330,0
XLE.US,5,20251229,211000,44.69,44.715,44.68,44.705,204077,0
XLE.US,5,20251229,211500,44.705,44.71,44.68,44.6956,149400,0
XLE.US,5,20251229,212000,44.695,44.7,44.67,44.67,283543,0
XLE.US,5,20251229,212500,44.68,44.69,44.6608,44.675,131295,0
XLE.US,5,20251229,213000,44.675,44.69,44.67,44.675,306125,0
XLE.US,5,20251229,213500,44.675,44.7,44.665,44.6687,477903,0
XLE.US,5,20251229,214000,44.665,44.67,44.62,44.625,323565,0
XLE.US,5,20251229,214500,44.625,44.64,44.61,44.6272,557626,0
XLE.US,5,20251229,215000,44.63,44.65,44.59,44.59,1169265,0
XLE.US,5,20251229,215500,44.595,44.63,44.57,44.62,2936157,0
XLE.US,5,20251230,153000,44.84,45.02,44.82,44.97,752798,0
XLE.US,5,20251230,153500,44.975,45.0884,44.93,44.965,715103,0
XLE.US,5,20251230,154000,44.96,44.98,44.87,44.875,422037,0
XLE.US,5,20251230,154500,44.875,44.9974,44.825,44.925,424611,0
XLE.US,5,20251230,155000,44.92,44.9375,44.865,44.905,338356,0
XLE.US,5,20251230,155500,44.905,44.9375,44.885,44.885,216858,0
XLE.US,5,20251230,160000,44.885,44.94,44.883,44.935,357433,0
XLE.US,5,20251230,160500,44.9361,44.95,44.905,44.95,268687,0
XLE.US,5,20251230,161000,44.95,44.96,44.89,44.895,180499,0
XLE.US,5,20251230,161500,44.9,44.91,44.86,44.865,130794,0
XLE.US,5,20251230,162000,44.86,44.89,44.8501,44.861,139822,0
XLE.US,5,20251230,162500,44.865,44.9,44.854,44.865,135377,0
XLE.US,5,20251230,163000,44.87,44.9,44.84,44.865,336925,0
XLE.US,5,20251230,163500,44.865,44.9,44.8625,44.875,156041,0
XLE.US,5,20251230,164000,44.87,44.89,44.8535,44.873,203394,0
XLE.US,5,20251230,164500,44.88,44.8987,44.87,44.8701,126717,0
XLE.US,5,20251230,165000,44.87,44.88,44.82,44.87,190753,0
XLE.US,5,20251230,165500,44.875,44.877,44.8299,44.84,141410,0
XLE.US,5,20251230,170000,44.845,44.86,44.81,44.825,164757,0
XLE.US,5,20251230,170500,44.8255,44.855,44.815,44.835,179395,0
XLE.US,5,20251230,171000,44.83,44.84,44.8145,44.825,171146,0
XLE.US,5,20251230,171500,44.83,44.865,44.82,44.82,99374,0
XLE.US,5,20251230,172000,44.825,44.865,44.825,44.84,270970,0
XLE.US,5,20251230,172500,44.84,44.85,44.82,44.835,234355,0
XLE.US,5,20251230,173000,44.8367,44.88,44.83,44.8639,280150,0
XLE.US,5,20251230,173500,44.86,44.87,44.84,44.855,194067,0
XLE.US,5,20251230,174000,44.85,44.88,44.844,44.875,126237,0
XLE.US,5,20251230,174500,44.87,44.88,44.855,44.875,212039,0
XLE.US,5,20251230,175000,44.875,44.89,44.86,44.88,184300,0
XLE.US,5,20251230,175500,44.8793,44.88,44.861,44.8701,102902,0
XLE.US,5,20251230,180000,44.8756,44.8799,44.845,44.855,138365,0
XLE.US,5,20251230,180500,44.855,44.875,44.85,44.85,314495,0
XLE.US,5,20251230,181000,44.855,44.87,44.844,44.87,185738,0
XLE.US,5,20251230,181500,44.865,44.885,44.85,44.88,122458,0
XLE.US,5,20251230,182000,44.885,44.9,44.88,44.89,82170,0
XLE.US,5,20251230,182500,44.895,44.91,44.89,44.89,81913,0
XLE.US,5,20251230,183000,44.895,44.92,44.8923,44.915,63944,0
XLE.US,5,20251230,183500,44.915,44.92,44.9,44.9056,122357,0
XLE.US,5,20251230,184000,44.905,44.91,44.89,44.91,91587,0
XLE.US,5,20251230,184500,44.905,44.91,44.89,44.91,187002,0
XLE.US,5,20251230,185000,44.91,44.94,44.9,44.935,91699,0
XLE.US,5,20251230,185500,44.93,44.95,44.925,44.945,155958,0
XLE.US,5,20251230,190000,44.945,44.95,44.92,44.9389,82505,0
XLE.US,5,20251230,190500,44.93,44.936,44.92,44.925,50007,0
XLE.US,5,20251230,191000,44.93,44.9389,44.92,44.925,85323,0
XLE.US,5,20251230,191500,44.92,44.93,44.91,44.925,108806,0
XLE.US,5,20251230,192000,44.92,44.93,44.9,44.92,135273,0
XLE.US,5,20251230,192500,44.925,44.925,44.89,44.9,173039,0
XLE.US,5,20251230,193000,44.905,44.92,44.885,44.915,136211,0
XLE.US,5,20251230,193500,44.92,44.92,44.9,44.91,69071,0
XLE.US,5,20251230,194000,44.91,44.91,44.89,44.905,78729,0
XLE.US,5,20251230,194500,44.91,44.945,44.91,44.92,169791,0
XLE.US,5,20251230,195000,44.92,44.9489,44.91,44.935,73979,0
XLE.US,5,20251230,195500,44.9301,44.94,44.92,44.92,46114,0
XLE.US,5,20251230,200000,44.93,44.9499,44.9225,44.935,119329,0
XLE.US,5,20251230,200500,44.935,44.94,44.924,44.925,104121,0
XLE.US,5,20251230,201000,44.925,44.945,44.9234,44.945,244951,0
XLE.US,5,20251230,201500,44.945,44.945,44.92,44.924,81747,0
XLE.US,5,20251230,202000,44.925,44.94,44.9117,44.935,142274,0
XLE.US,5,20251230,202500,44.94,44.95,44.93,44.9465,96884,0
XLE.US,5,20251230,203000,44.9461,44.9756,44.945,44.975,95421,0
XLE.US,5,20251230,203500,44.975,44.98,44.96,44.98,103144,0
XLE.US,5,20251230,204000,44.98,44.98,44.97,44.98,98873,0
XLE.US,5,20251230,204500,44.98,44.98,44.965,44.965,106278,0
XLE.US,5,20251230,205000,44.965,44.98,44.96,44.9699,192503,0
XLE.US,5,20251230,205500,44.965,44.98,44.96,44.9799,181654,0
XLE.US,5,20251230,210000,44.98,45.015,44.975,45,187982,0
XLE.US,5,20251230,210500,45.0061,45.01,44.99,44.995,148905,0
XLE.US,5,20251230,211000,44.99,45,44.98,44.995,241076,0
XLE.US,5,20251230,211500,45,45.015,44.99,45.0099,124942,0
XLE.US,5,20251230,212000,45.005,45.035,45.0024,45.025,310733,0
XLE.US,5,20251230,212500,45.025,45.04,45.025,45.035,97143,0
XLE.US,5,20251230,213000,45.03,45.06,45.03,45.045,299223,0
XLE.US,5,20251230,213500,45.045,45.06,45.03,45.06,368696,0
XLE.US,5,20251230,214000,45.06,45.08,45.05,45.055,231105,0
XLE.US,5,20251230,214500,45.055,45.06,45.03,45.035,239669,0
XLE.US,5,20251230,215000,45.03,45.05,45,45.0139,963443,0
XLE.US,5,20251230,215500,45.015,45.02,44.96,44.97,1630068,0
XLE.US,5,20251231,153000,44.935,45.02,44.85,44.865,680032,0
XLE.US,5,20251231,153500,44.865,44.88,44.81,44.825,436440,0
XLE.US,5,20251231,154000,44.825,44.905,44.81,44.88,222545,0
XLE.US,5,20251231,154500,44.88,44.9,44.83,44.83,231737,0
XLE.US,5,20251231,155000,44.83,44.95,44.83,44.935,323783,0
XLE.US,5,20251231,155500,44.935,44.94,44.88,44.895,235719,0
XLE.US,5,20251231,160000,44.89,44.9,44.795,44.805,346585,0
XLE.US,5,20251231,160500,44.8,44.8099,44.76,44.785,276262,0
XLE.US,5,20251231,161000,44.7844,44.795,44.74,44.744,255564,0
XLE.US,5,20251231,161500,44.745,44.76,44.71,44.725,281811,0
XLE.US,5,20251231,162000,44.72,44.74,44.685,44.715,201133,0
XLE.US,5,20251231,162500,44.715,44.75,44.715,44.72,227803,0
XLE.US,5,20251231,163000,44.71,44.71,44.66,44.675,285443,0
XLE.US,5,20251231,163500,44.6765,44.69,44.63,44.64,199287,0
XLE.US,5,20251231,164000,44.6351,44.65,44.61,44.62,129433,0
XLE.US,5,20251231,164500,44.6288,44.635,44.6,44.605,255521,0
XLE.US,5,20251231,165000,44.605,44.605,44.58,44.59,132445,0
XLE.US,5,20251231,165500,44.595,44.6,44.575,44.59,114662,0
XLE.US,5,20251231,170000,44.585,44.64,44.57,44.615,202110,0
XLE.US,5,20251231,170500,44.62,44.6555,44.615,44.645,158065,0
XLE.US,5,20251231,171000,44.65,44.665,44.635,44.64,91755,0
XLE.US,5,20251231,171500,44.645,44.66,44.631,44.655,101394,0
XLE.US,5,20251231,172000,44.66,44.6657,44.6231,44.625,116702,0
XLE.US,5,20251231,172500,44.6266,44.63,44.61,44.62,86873,0
XLE.US,5,20251231,173000,44.62,44.63,44.6,44.615,270751,0
XLE.US,5,20251231,173500,44.61,44.63,44.6,44.61,145098,0
XLE.US,5,20251231,174000,44.618,44.62,44.59,44.61,133073,0
XLE.US,5,20251231,174500,44.605,44.6057,44.591,44.5997,91968,0
XLE.US,5,20251231,175000,44.6,44.63,44.6,44.6199,103457,0
XLE.US,5,20251231,175500,44.6145,44.64,44.6128,44.64,120930,0
XLE.US,5,20251231,180000,44.635,44.67,44.635,44.655,100891,0
XLE.US,5,20251231,180500,44.655,44.665,44.63,44.63,123061,0
XLE.US,5,20251231,181000,44.625,44.66,44.62426,44.655,131607,0
XLE.US,5,20251231,181500,44.655,44.6799,44.65,44.655,111370,0
XLE.US,5,20251231,182000,44.655,44.6555,44.635,44.64,58702,0
XLE.US,5,20251231,182500,44.64,44.65,44.63,44.6451,65257,0
XLE.US,5,20251231,183000,44.645,44.6468,44.6261,44.635,51497,0
XLE.US,5,20251231,183500,44.6355,44.645,44.62,44.625,175789,0
XLE.US,5,20251231,184000,44.62,44.63,44.59,44.615,155356,0
XLE.US,5,20251231,184500,44.6165,44.62,44.6,44.615,66466,0
XLE.US,5,20251231,185000,44.615,44.63,44.61,44.615,49805,0
XLE.US,5,20251231,185500,44.615,44.64,44.61,44.64,68367,0
XLE.US,5,20251231,190000,44.64,44.675,44.639,44.675,152188,0
XLE.US,5,20251231,190500,44.67,44.6751,44.6501,44.6639,52625,0
XLE.US,5,20251231,191000,44.66,44.664,44.6335,44.65,56232,0
XLE.US,5,20251231,191500,44.645,44.65,44.63,44.635,123908,0
XLE.US,5,20251231,192000,44.6351,44.66,44.63,44.65,69179,0
XLE.US,5,20251231,192500,44.655,44.675,44.655,44.6645,43166,0
XLE.US,5,20251231,193000,44.665,44.68,44.65,44.675,45068,0
XLE.US,5,20251231,193500,44.675,44.69,44.6701,44.675,58992,0
XLE.US,5,20251231,194000,44.675,44.695,44.6701,44.695,88510,0
XLE.US,5,20251231,194500,44.695,44.73,44.69,44.725,101363,0
XLE.US,5,20251231,195000,44.7299,44.73,44.7,44.72,261868,0
XLE.US,5,20251231,195500,44.725,44.74,44.72,44.72,104147,0
XLE.US,5,20251231,200000,44.73,44.76,44.72,44.725,303482,0
XLE.US,5,20251231,200500,44.725,44.74,44.72,44.72,278628,0
XLE.US,5,20251231,201000,44.72,44.74,44.72,44.7399,113410,0
XLE.US,5,20251231,201500,44.735,44.75,44.7303,44.7339,85347,0
XLE.US,5,20251231,202000,44.7339,44.74,44.7201,44.725,71834,0
XLE.US,5,20251231,202500,44.72,44.725,44.7,44.71,228081,0
XLE.US,5,20251231,203000,44.71,44.7274,44.685,44.6899,135348,0
XLE.US,5,20251231,203500,44.69,44.725,44.685,44.715,173647,0
XLE.US,5,20251231,204000,44.715,44.715,44.695,44.7019,109153,0
XLE.US,5,20251231,204500,44.705,44.705,44.674,44.675,86888,0
XLE.US,5,20251231,205000,44.675,44.7,44.675,44.695,81457,0
XLE.US,5,20251231,205500,44.69,44.715,44.68,44.71,150079,0
XLE.US,5,20251231,210000,44.715,44.7151,44.68,44.685,170700,0
XLE.US,5,20251231,210500,44.685,44.6955,44.67,44.675,171856,0
XLE.US,5,20251231,211000,44.675,44.6899,44.6739,44.685,113767,0
XLE.US,5,20251231,211500,44.685,44.7,44.68,44.695,129610,0
XLE.US,5,20251231,212000,44.695,44.695,44.67,44.675,79351,0
XLE.US,5,20251231,212500,44.675,44.695,44.67,44.685,110379,0
XLE.US,5,20251231,213000,44.68,44.725,44.675,44.725,182964,0
XLE.US,5,20251231,213500,44.72,44.755,44.71,44.71,298023,0
XLE.US,5,20251231,214000,44.71,44.73,44.7,44.715,225346,0
XLE.US,5,20251231,214500,44.715,44.715,44.66,44.665,432244,0
XLE.US,5,20251231,215000,44.66,44.72,44.66,44.685,624220,0
XLE.US,5,20251231,215500,44.685,44.75,44.685,44.71,2714143,0
XLE.US,5,20260102,153000,44.71,44.73,44.515,44.5856,1208433,0
XLE.US,5,20260102,153500,44.58,44.62,44.5,44.605,578307,0
XLE.US,5,20260102,154000,44.6,44.6,44.49,44.54,354265,0
XLE.US,5,20260102,154500,44.54,44.585,44.49,44.555,342372,0
XLE.US,5,20260102,155000,44.56,44.5755,44.53,44.565,400047,0
XLE.US,5,20260102,155500,44.565,44.61,44.54,44.6,166791,0
XLE.US,5,20260102,160000,44.605,44.73,44.6,44.725,404452,0
XLE.US,5,20260102,160500,44.73,44.76,44.69,44.715,324270,0
XLE.US,5,20260102,161000,44.72,44.82,44.72,44.82,252246,0
XLE.US,5,20260102,161500,44.82,44.935,44.81,44.915,206841,0
XLE.US,5,20260102,162000,44.914,44.94,44.88,44.925,260519,0
XLE.US,5,20260102,162500,44.925,44.94,44.875,44.935,192331,0
XLE.US,5,20260102,163000,44.935,44.965,44.89,44.9043,219803,0
XLE.US,5,20260102,163500,44.9,44.91,44.84,44.87,216875,0
XLE.US,5,20260102,164000,44.88,44.94,44.87,44.94,239445,0
XLE.US,5,20260102,164500,44.94,45.035,44.925,44.955,399560,0
XLE.US,5,20260102,165000,44.95,45.02,44.944,45.02,238963,0
XLE.US,5,20260102,165500,45.025,45.08,45.005,45.0701,258905,0
XLE.US,5,20260102,170000,45.07,45.12,45.065,45.1,405563,0
XLE.US,5,20260102,170500,45.1,45.145,45.09,45.115,317036,0
XLE.US,5,20260102,171000,45.1189,45.16,45.095,45.16,218495,0
XLE.US,5,20260102,171500,45.17,45.23,45.1529,45.185,356381,0
XLE.US,5,20260102,172000,45.19,45.2001,45.155,45.1607,173306,0
XLE.US,5,20260102,172500,45.16,45.19,45.1301,45.16,177754,0
XLE.US,5,20260102,173000,45.17,45.19,45.135,45.1697,208193,0
XLE.US,5,20260102,173500,45.17,45.18,45.14,45.15,192966,0
XLE.US,5,20260102,174000,45.15,45.18,45.13,45.164,163301,0
XLE.US,5,20260102,174500,45.1624,45.199,45.16,45.18,281904,0
XLE.US,5,20260102,175000,45.1801,45.195,45.155,45.17,197361,0
XLE.US,5,20260102,175500,45.175,45.23,45.17,45.23,111588,0
XLE.US,5,20260102,180000,45.23,45.28,45.225,45.24,254546,0
XLE.US,5,20260102,180500,45.2403,45.29,45.24,45.28,262027,0
XLE.US,5,20260102,181000,45.2801,45.32,45.26,45.31,367296,0
XLE.US,5,20260102,181500,45.31,45.39,45.26,45.3745,810329,0
XLE.US,5,20260102,182000,45.37,45.46,45.37,45.395,408632,0
XLE.US,5,20260102,182500,45.39,45.425,45.38,45.425,233367,0
XLE.US,5,20260102,183000,45.425,45.46,45.42,45.445,258832,0
XLE.US,5,20260102,183500,45.445,45.4466,45.375,45.3766,252177,0
XLE.US,5,20260102,184000,45.3799,45.42,45.3506,45.42,299739,0
XLE.US,5,20260102,184500,45.415,45.44,45.39,45.395,319998,0
XLE.US,5,20260102,185000,45.39,45.42,45.38,45.42,382782,0
XLE.US,5,20260102,185500,45.42,45.475,45.41,45.475,260898,0
XLE.US,5,20260102,190000,45.475,45.495,45.47,45.475,252012,0
XLE.US,5,20260102,190500,45.475,45.475,45.41,45.425,204966,0
XLE.US,5,20260102,191000,45.425,45.48,45.425,45.48,181374,0
XLE.US,5,20260102,191500,45.48,45.51,45.45,45.495,244710,0
XLE.US,5,20260102,192000,45.495,45.535,45.48,45.49,358805,0
XLE.US,5,20260102,192500,45.49,45.51,45.46,45.495,266617,0
XLE.US,5,20260102,193000,45.49,45.53,45.485,45.51,241088,0
XLE.US,5,20260102,193500,45.5136,45.57,45.51,45.565,256991,0
XLE.US,5,20260102,194000,45.56,45.59,45.535,45.585,198110,0
XLE.US,5,20260102,194500,45.585,45.59,45.56,45.575,223504,0
XLE.US,5,20260102,195000,45.575,45.59,45.525,45.555,599128,0
XLE.US,5,20260102,195500,45.555,45.59,45.535,45.585,93358,0
XLE.US,5,20260102,200000,45.59,45.64,45.57,45.63,231626,0
XLE.US,5,20260102,200500,45.63,45.64,45.58,45.6,160591,0
XLE.US,5,20260102,201000,45.605,45.68,45.59,45.67,267200,0
XLE.US,5,20260102,201500,45.67,45.6759,45.61,45.625,225192,0
XLE.US,5,20260102,202000,45.6299,45.65,45.5944,45.64,239243,0
XLE.US,5,20260102,202500,45.64,45.655,45.61,45.655,428190,0
XLE.US,5,20260102,203000,45.65,45.66,45.61,45.646,313882,0
XLE.US,5,20260102,203500,45.645,45.66,45.63,45.635,192727,0
XLE.US,5,20260102,204000,45.635,45.655,45.63,45.645,240430,0
XLE.US,5,20260102,204500,45.645,45.69,45.645,45.685,238081,0
XLE.US,5,20260102,205000,45.685,45.72,45.675,45.72,401260,0
XLE.US,5,20260102,205500,45.715,45.75,45.71,45.74,281401,0
XLE.US,5,20260102,210000,45.74,45.7799,45.735,45.745,427537,0
XLE.US,5,20260102,210500,45.745,45.76,45.7,45.705,336497,0
XLE.US,5,20260102,211000,45.705,45.71,45.68,45.6814,301008,0
XLE.US,5,20260102,211500,45.69,45.7,45.67,45.675,281431,0
XLE.US,5,20260102,212000,45.675,45.675,45.635,45.66,230772,0
XLE.US,5,20260102,212500,45.665,45.67,45.64,45.665,220250,0
XLE.US,5,20260102,213000,45.665,45.695,45.644,45.665,508064,0
XLE.US,5,20260102,213500,45.669,45.69,45.645,45.65,514907,0
XLE.US,5,20260102,214000,45.645,45.6868,45.61,45.613,548855,0
XLE.US,5,20260102,214500,45.615,45.63,45.565,45.575,976372,0
XLE.US,5,20260102,215000,45.57,45.64,45.545,45.55,1251413,0
XLE.US,5,20260102,215500,45.555,45.66,45.545,45.65,4044815,0
XLE.US,5,20260105,153000,47.16,47.32,46.9703,47.08,5752919,0
XLE.US,5,20260105,153500,47.085,47.145,46.685,46.695,4544777,0
XLE.US,5,20260105,154000,46.695,46.72,46.485,46.566,3982152,0
XLE.US,5,20260105,154500,46.57,46.775,46.4812,46.5,3320487,0
XLE.US,5,20260105,155000,46.51,46.52,46.28,46.3,2140513,0
XLE.US,5,20260105,155500,46.295,46.325,46.1,46.11,3496277,0
XLE.US,5,20260105,160000,46.1,46.205,45.96,45.986,2503982,0
XLE.US,5,20260105,160500,45.99,46.03,45.75,45.825,2911162,0
XLE.US,5,20260105,161000,45.83,45.98,45.8045,45.915,2694522,0
XLE.US,5,20260105,161500,45.92,46.17,45.915,46.13,2196087,0
XLE.US,5,20260105,162000,46.1245,46.305,46.115,46.29,1601665,0
XLE.US,5,20260105,162500,46.2999,46.44,46.2999,46.41,1677187,0
XLE.US,5,20260105,163000,46.405,46.45,46.32,46.44,1940402,0
XLE.US,5,20260105,163500,46.445,46.635,46.42,46.6,1740197,0
XLE.US,5,20260105,164000,46.605,46.815,46.59,46.815,1097406,0
XLE.US,5,20260105,164500,46.81,46.88,46.745,46.825,1503651,0
XLE.US,5,20260105,165000,46.825,46.8451,46.625,46.65,1713838,0
XLE.US,5,20260105,165500,46.65,46.685,46.52,46.52,1264272,0
XLE.US,5,20260105,170000,46.52,46.555,46.4345,46.48,1756525,0
XLE.US,5,20260105,170500,46.48,46.49,46.32,46.3734,1149549,0
XLE.US,5,20260105,171000,46.37,46.6,46.36,46.58,751226,0
XLE.US,5,20260105,171500,46.585,46.65,46.5015,46.635,962292,0
XLE.US,5,20260105,172000,46.635,46.76,46.62,46.74,651658,0
XLE.US,5,20260105,172500,46.74,46.755,46.63,46.655,762818,0
XLE.US,5,20260105,173000,46.66,46.665,46.48,46.495,1551835,0
XLE.US,5,20260105,173500,46.495,46.64,46.46,46.6,818722,0
XLE.US,5,20260105,174000,46.6,46.715,46.6,46.715,636690,0
XLE.US,5,20260105,174500,46.72,46.79,46.71,46.77,462059,0
XLE.US,5,20260105,175000,46.77,46.86,46.77,46.83,618295,0
XLE.US,5,20260105,175500,46.83,46.87,46.8246,46.855,669073,0
XLE.US,5,20260105,180000,46.85,46.89,46.795,46.81,591607,0
XLE.US,5,20260105,180500,46.805,46.8455,46.72,46.73,554344,0
XLE.US,5,20260105,181000,46.73,46.81,46.725,46.765,839260,0
XLE.US,5,20260105,181500,46.76,46.8,46.73,46.74,500112,0
XLE.US,5,20260105,182000,46.74,46.78,46.67,46.78,410129,0
XLE.US,5,20260105,182500,46.7868,46.835,46.75,46.775,482529,0
XLE.US,5,20260105,183000,46.775,46.85,46.765,46.8097,438122,0
XLE.US,5,20260105,183500,46.801939,46.91,46.7945,46.8945,485375,0
XLE.US,5,20260105,184000,46.8955,46.94,46.86,46.93,383050,0
XLE.US,5,20260105,184500,46.92,46.96,46.91,46.9219,355565,0
XLE.US,5,20260105,185000,46.92,46.9555,46.91,46.91,282514,0
XLE.US,5,20260105,185500,46.91,46.95,46.905,46.945,445634,0
XLE.US,5,20260105,190000,46.95,46.99,46.92,46.92,339159,0
XLE.US,5,20260105,190500,46.925,46.98,46.92,46.97,227486,0
XLE.US,5,20260105,191000,46.975,46.99,46.96,46.98,427457,0
XLE.US,5,20260105,191500,46.985,47.01,46.94,46.955,558784,0
XLE.US,5,20260105,192000,46.955,46.9616,46.935,46.95,390696,0
XLE.US,5,20260105,192500,46.95,46.99,46.945,46.9645,315329,0
XLE.US,5,20260105,193000,46.964,47,46.95,46.995,390535,0
XLE.US,5,20260105,193500,47,47.04,47,47.015,216740,0
XLE.US,5,20260105,194000,47.0101,47.0299,46.97,46.97,304800,0
XLE.US,5,20260105,194500,46.9701,47.01,46.97,46.995,389116,0
XLE.US,5,20260105,195000,47,47.05,46.995,47.015,466035,0
XLE.US,5,20260105,195500,47.015,47.0376,47.01,47.025,274848,0
XLE.US,5,20260105,200000,47.025,47.06,46.99,47.005,522272,0
XLE.US,5,20260105,200500,47.0099,47.06,47,47.05,253982,0
XLE.US,5,20260105,201000,47.05,47.09,47.045,47.075,764820,0
XLE.US,5,20260105,201500,47.0709,47.1,47.06,47.08,201005,0
XLE.US,5,20260105,202000,47.08,47.125,47.07,47.11,429484,0
XLE.US,5,20260105,202500,47.11,47.18,47.11,47.165,320364,0
XLE.US,5,20260105,203000,47.165,47.22,47.16,47.185,373520,0
XLE.US,5,20260105,203500,47.19,47.2,47.114,47.114,400606,0
XLE.US,5,20260105,204000,47.11,47.11,47.04,47.045,333448,0
XLE.US,5,20260105,204500,47.04,47.075,47.03,47.065,282809,0
XLE.US,5,20260105,205000,47.06,47.06,47.03,47.035,326348,0
XLE.US,5,20260105,205500,47.035,47.04,46.945,46.945,262482,0
XLE.US,5,20260105,210000,46.94,47,46.905,46.995,621195,0
XLE.US,5,20260105,210500,46.995,47.04,46.98,46.99,523296,0
XLE.US,5,20260105,211000,46.9801,47.03,46.9745,46.99,459525,0
XLE.US,5,20260105,211500,46.99,47,46.95,46.97,429657,0
XLE.US,5,20260105,212000,46.9601,47.0068,46.9445,47,358034,0
XLE.US,5,20260105,212500,47,47.03,46.985,47.015,447773,0
XLE.US,5,20260105,213000,47.015,47.035,47,47,655539,0
XLE.US,5,20260105,213500,47.005,47.005,46.93,46.965,571896,0
XLE.US,5,20260105,214000,46.965,46.975,46.9,46.91,890820,0
XLE.US,5,20260105,214500,46.91,46.93,46.8319,46.85,913930,0
XLE.US,5,20260105,215000,46.85,46.925,46.85,46.895,2423802,0
XLE.US,5,20260105,215500,46.895,46.91,46.85,46.89,4897232,0
XLE.US,5,20260106,153000,46.995,47.06,46.825,46.855,2834074,0
XLE.US,5,20260106,153500,46.855,46.895,46.52,46.65,2254260,0
XLE.US,5,20260106,154000,46.66,46.8155,46.56,46.725,1251112,0
XLE.US,5,20260106,154500,46.72,46.84,46.545,46.55,2180987,0
XLE.US,5,20260106,155000,46.545,46.62,46.3899,46.5099,1376928,0
XLE.US,5,20260106,155500,46.52,46.53,46.33,46.345,1435379,0
XLE.US,5,20260106,160000,46.345,46.3661,46.27,46.335,1836825,0
XLE.US,5,20260106,160500,46.34,46.345,46.21,46.275,1855750,0
XLE.US,5,20260106,161000,46.28,46.4,46.28,46.3953,1321206,0
XLE.US,5,20260106,161500,46.39,46.4157,46.235,46.2432,889301,0
XLE.US,5,20260106,162000,46.245,46.37,46.245,46.29,690762,0
XLE.US,5,20260106,162500,46.29,46.375,46.29,46.335,555312,0
XLE.US,5,20260106,163000,46.34,46.35,46.25,46.29,762091,0
XLE.US,5,20260106,163500,46.285,46.315,46.22,46.25,654885,0
XLE.US,5,20260106,164000,46.25,46.31,46.205,46.2994,958581,0
XLE.US,5,20260106,164500,46.295,46.33,46.22,46.2299,685895,0
XLE.US,5,20260106,165000,46.22,46.24,46.185,46.24,509176,0
XLE.US,5,20260106,165500,46.245,46.36,46.24,46.31,605299,0
XLE.US,5,20260106,170000,46.315,46.33,46.27,46.33,530247,0
XLE.US,5,20260106,170500,46.34,46.36,46.26,46.27,648380,0
XLE.US,5,20260106,171000,46.275,46.285,46.2,46.215,627368,0
XLE.US,5,20260106,171500,46.215,46.29,46.205,46.23,581145,0
XLE.US,5,20260106,172000,46.24,46.28,46.235,46.245,382502,0
XLE.US,5,20260106,172500,46.245,46.26,46.185,46.22,410465,0
XLE.US,5,20260106,173000,46.215,46.25,46.16,46.1621,736554,0
XLE.US,5,20260106,173500,46.17,46.185,46.1301,46.15,368923,0
XLE.US,5,20260106,174000,46.15,46.1599,46.08,46.105,921150,0
XLE.US,5,20260106,174500,46.11,46.185,46.11,46.175,372944,0
XLE.US,5,20260106,175000,46.18,46.209,46.17,46.175,516916,0
XLE.US,5,20260106,175500,46.17,46.238,46.16,46.21,653514,0
XLE.US,5,20260106,180000,46.215,46.24,46.165,46.205,446061,0
XLE.US,5,20260106,180500,46.205,46.23,46.16,46.16,363226,0
XLE.US,5,20260106,181000,46.165,46.17,46.06,46.07,675661,0
XLE.US,5,20260106,181500,46.06,46.08,46.04,46.045,366584,0
XLE.US,5,20260106,182000,46.045,46.0555,46.005,46.025,550289,0
XLE.US,5,20260106,182500,46.03,46.11,46.025,46.055,377031,0
XLE.US,5,20260106,183000,46.05,46.06,45.94,45.95,387964,0
XLE.US,5,20260106,183500,45.945,45.95,45.86,45.87,626248,0
XLE.US,5,20260106,184000,45.875,45.89,45.815,45.83,664555,0
XLE.US,5,20260106,184500,45.835,45.87,45.8,45.87,699549,0
XLE.US,5,20260106,185000,45.87,45.95,45.86,45.925,445254,0
XLE.US,5,20260106,185500,45.925,45.95,45.88,45.88,297080,0
XLE.US,5,20260106,190000,45.88,45.88,45.79,45.825,220679,0
XLE.US,5,20260106,190500,45.825,45.85,45.77,45.775,229075,0
XLE.US,5,20260106,191000,45.7701,45.84,45.77,45.8054,242763,0
XLE.US,5,20260106,191500,45.805,45.8067,45.745,45.765,244238,0
XLE.US,5,20260106,192000,45.769,45.805,45.75,45.775,292535,0
XLE.US,5,20260106,192500,45.77,45.79,45.72,45.746,331329,0
XLE.US,5,20260106,193000,45.74,45.7455,45.675,45.69,263030,0
XLE.US,5,20260106,193500,45.6946,45.72,45.68,45.705,297543,0
XLE.US,5,20260106,194000,45.705,45.75,45.7,45.74,339256,0
XLE.US,5,20260106,194500,45.74,45.755,45.7,45.705,356428,0
XLE.US,5,20260106,195000,45.7,45.7156,45.66,45.71,543168,0
XLE.US,5,20260106,195500,45.715,45.73,45.66,45.665,396211,0
XLE.US,5,20260106,200000,45.67,45.74,45.63,45.72,1126035,0
XLE.US,5,20260106,200500,45.72,45.775,45.71,45.765,684708,0
XLE.US,5,20260106,201000,45.765,45.7899,45.71,45.73,504749,0
XLE.US,5,20260106,201500,45.73,45.74,45.64,45.645,385751,0
XLE.US,5,20260106,202000,45.645,45.81,45.641,45.76,3227650,0
XLE.US,5,20260106,202500,45.765,45.8,45.71,45.775,559808,0
XLE.US,5,20260106,203000,45.775,45.79,45.69,45.72,835546,0
XLE.US,5,20260106,203500,45.725,45.76,45.635,45.6619,536485,0
XLE.US,5,20260106,204000,45.665,45.7,45.615,45.6415,559330,0
XLE.US,5,20260106,204500,45.65,45.65,45.595,45.6,472115,0
XLE.US,5,20260106,205000,45.6015,45.62,45.5313,45.56,639533,0
XLE.US,5,20260106,205500,45.56,45.66,45.56,45.635,1078595,0
XLE.US,5,20260106,210000,45.635,45.67,45.605,45.645,464145,0
XLE.US,5,20260106,210500,45.645,45.735,45.645,45.705,630905,0
XLE.US,5,20260106,211000,45.705,45.72,45.6601,45.715,765078,0
XLE.US,5,20260106,211500,45.71,45.715,45.68,45.695,741293,0
XLE.US,5,20260106,212000,45.697,45.775,45.675,45.7633,706462,0
XLE.US,5,20260106,212500,45.765,45.77,45.69,45.705,533839,0
XLE.US,5,20260106,213000,45.705,45.73,45.67,45.7,937092,0
XLE.US,5,20260106,213500,45.7,45.7885,45.695,45.775,732900,0
XLE.US,5,20260106,214000,45.775,45.8,45.76,45.79,1172270,0
XLE.US,5,20260106,214500,45.79,45.84,45.785,45.79,1010061,0
XLE.US,5,20260106,215000,45.785,45.825,45.7,45.725,1629766,0
XLE.US,5,20260106,215500,45.72,45.725,45.61,45.63,4517886,0
XLE.US,5,20260107,153000,45.78,45.8,45.41,45.41,2376439,0
XLE.US,5,20260107,153500,45.41,45.66,45.39,45.49,1316434,0
XLE.US,5,20260107,154000,45.485,45.6,45.425,45.51,698459,0
XLE.US,5,20260107,154500,45.51,45.67,45.51,45.5411,724295,0
XLE.US,5,20260107,155000,45.55,45.725,45.51,45.695,678700,0
XLE.US,5,20260107,155500,45.69,45.705,45.592,45.665,540070,0
XLE.US,5,20260107,160000,45.66,45.69,45.57,45.61,902565,0
XLE.US,5,20260107,160500,45.61,45.62,45.51,45.525,452930,0
XLE.US,5,20260107,161000,45.5222,45.55,45.425,45.425,537514,0
XLE.US,5,20260107,161500,45.4256,45.5,45.41,45.43,541329,0
XLE.US,5,20260107,162000,45.43,45.45,45.4,45.44,345297,0
XLE.US,5,20260107,162500,45.44,45.55,45.44,45.54,343364,0
XLE.US,5,20260107,163000,45.53,45.545,45.42,45.425,416089,0
XLE.US,5,20260107,163500,45.43,45.45,45.37,45.4099,355786,0
XLE.US,5,20260107,164000,45.41,45.475,45.385,45.472,395466,0
XLE.US,5,20260107,164500,45.47,45.56,45.425,45.505,678008,0
XLE.US,5,20260107,165000,45.5,45.5754,45.49,45.56,387393,0
XLE.US,5,20260107,165500,45.56,45.585,45.5,45.505,443194,0
XLE.US,5,20260107,170000,45.51,45.545,45.43,45.495,441203,0
XLE.US,5,20260107,170500,45.5,45.57,45.48,45.515,423419,0
XLE.US,5,20260107,171000,45.515,45.53,45.465,45.515,444843,0
XLE.US,5,20260107,171500,45.515,45.52,45.46,45.515,385545,0
XLE.US,5,20260107,172000,45.52,45.57,45.51,45.555,359898,0
XLE.US,5,20260107,172500,45.555,45.61,45.535,45.6027,524001,0
XLE.US,5,20260107,173000,45.605,45.64,45.59,45.615,669986,0
XLE.US,5,20260107,173500,45.62,45.63,45.55,45.6001,499655,0
XLE.US,5,20260107,174000,45.6,45.61,45.55,45.5656,313933,0
XLE.US,5,20260107,174500,45.565,45.566,45.435,45.4799,526814,0
XLE.US,5,20260107,175000,45.4701,45.48,45.4,45.425,271478,0
XLE.US,5,20260107,175500,45.425,45.45,45.4,45.4,233116,0
XLE.US,5,20260107,180000,45.4,45.44,45.39,45.425,267634,0
XLE.US,5,20260107,180500,45.4201,45.435,45.38,45.385,256175,0
XLE.US,5,20260107,181000,45.38,45.39,45.29,45.3,419844,0
XLE.US,5,20260107,181500,45.305,45.33,45.265,45.285,430967,0
XLE.US,5,20260107,182000,45.29,45.3151,45.28,45.285,318489,0
XLE.US,5,20260107,182500,45.28,45.28,45.165,45.165,522889,0
XLE.US,5,20260107,183000,45.168,45.19,45.14,45.185,602606,0
XLE.US,5,20260107,183500,45.19,45.22,45.18,45.1962,340139,0
XLE.US,5,20260107,184000,45.19,45.21,45.155,45.1999,213421,0
XLE.US,5,20260107,184500,45.2,45.2299,45.1899,45.1899,189096,0
XLE.US,5,20260107,185000,45.185,45.19,45.15,45.1693,147830,0
XLE.US,5,20260107,185500,45.17,45.18,45.105,45.12,260055,0
XLE.US,5,20260107,190000,45.12,45.135,45.0845,45.13,354550,0
XLE.US,5,20260107,190500,45.135,45.2,45.11,45.175,243955,0
XLE.US,5,20260107,191000,45.175,45.175,45.1,45.115,158046,0
XLE.US,5,20260107,191500,45.115,45.16,45.115,45.14,192032,0
XLE.US,5,20260107,192000,45.14,45.14,45.08,45.1,246298,0
XLE.US,5,20260107,192500,45.095,45.125,45.084,45.095,197390,0
XLE.US,5,20260107,193000,45.095,45.13,45.0827,45.125,325337,0
XLE.US,5,20260107,193500,45.125,45.16,45.11,45.14,268923,0
XLE.US,5,20260107,194000,45.135,45.24,45.135,45.21,391833,0
XLE.US,5,20260107,194500,45.21,45.215,45.1322,45.1385,233887,0
XLE.US,5,20260107,195000,45.14,45.26,45.13,45.26,290845,0
XLE.US,5,20260107,195500,45.26,45.31,45.23,45.3,311071,0
XLE.US,5,20260107,200000,45.305,45.37,45.3,45.3524,214821,0
XLE.US,5,20260107,200500,45.355,45.405,45.355,45.37,225618,0
XLE.US,5,20260107,201000,45.375,45.395,45.33,45.355,252706,0
XLE.US,5,20260107,201500,45.355,45.365,45.33,45.345,265871,0
XLE.US,5,20260107,202000,45.35,45.38,45.33,45.37,120666,0
XLE.US,5,20260107,202500,45.375,45.3955,45.35,45.365,156882,0
XLE.US,5,20260107,203000,45.37,45.395,45.355,45.39,287821,0
XLE.US,5,20260107,203500,45.4,45.45,45.385,45.41,171813,0
XLE.US,5,20260107,204000,45.4181,45.425,45.395,45.41,211006,0
XLE.US,5,20260107,204500,45.41,45.415,45.38,45.3901,534939,0
XLE.US,5,20260107,205000,45.395,45.41,45.38,45.385,228868,0
XLE.US,5,20260107,205500,45.385,45.385,45.34,45.36,257633,0
XLE.US,5,20260107,210000,45.37,45.38,45.324,45.325,304356,0
XLE.US,5,20260107,210500,45.325,45.325,45.23,45.24,289085,0
XLE.US,5,20260107,211000,45.25,45.265,45.2,45.214,510053,0
XLE.US,5,20260107,211500,45.21,45.21,45.155,45.195,370214,0
XLE.US,5,20260107,212000,45.195,45.23,45.17,45.23,439175,0
XLE.US,5,20260107,212500,45.225,45.23,45.16,45.195,251421,0
XLE.US,5,20260107,213000,45.195,45.195,45.14,45.145,470335,0
XLE.US,5,20260107,213500,45.145,45.1454,45.105,45.12,465239,0
XLE.US,5,20260107,214000,45.115,45.165,45.115,45.15,676252,0
XLE.US,5,20260107,214500,45.15,45.17,45.12,45.155,670988,0
XLE.US,5,20260107,215000,45.15,45.2,45.13,45.195,1109076,0
XLE.US,5,20260107,215500,45.19,45.21,45.12,45.13,3339917,0
XLE.US,5,20260108,153000,45.315,45.655,45.22,45.64,1380026,0
XLE.US,5,20260108,153500,45.64,45.715,45.57,45.6,1205042,0
XLE.US,5,20260108,154000,45.6,45.64,45.44,45.515,792957,0
XLE.US,5,20260108,154500,45.515,45.586,45.5,45.54,596720,0
XLE.US,5,20260108,155000,45.54,45.66,45.535,45.61,600825,0
XLE.US,5,20260108,155500,45.615,45.685,45.585,45.63,658671,0
XLE.US,5,20260108,160000,45.635,45.665,45.58,45.655,1049624,0
XLE.US,5,20260108,160500,45.66,45.705,45.585,45.655,641575,0
XLE.US,5,20260108,161000,45.66,45.736,45.645,45.725,467071,0
XLE.US,5,20260108,161500,45.73,45.77,45.71,45.745,556790,0
XLE.US,5,20260108,162000,45.745,45.75,45.65,45.655,404532,0
XLE.US,5,20260108,162500,45.655,45.715,45.58,45.584,332933,0
XLE.US,5,20260108,163000,45.585,45.685,45.5435,45.665,364676,0
XLE.US,5,20260108,163500,45.67,45.72,45.65,45.71,303162,0
XLE.US,5,20260108,164000,45.715,45.72,45.635,45.665,704153,0
XLE.US,5,20260108,164500,45.665,45.735,45.65,45.695,559016,0
XLE.US,5,20260108,165000,45.695,45.74,45.665,45.72,407060,0
XLE.US,5,20260108,165500,45.73,45.805,45.73,45.795,299502,0
XLE.US,5,20260108,170000,45.8,45.85,45.785,45.805,317990,0
XLE.US,5,20260108,170500,45.8,45.8,45.74,45.745,392674,0
XLE.US,5,20260108,171000,45.75,45.755,45.68,45.695,243848,0
XLE.US,5,20260108,171500,45.7,45.7151,45.67,45.685,257237,0
XLE.US,5,20260108,172000,45.69,45.78,45.68,45.78,182020,0
XLE.US,5,20260108,172500,45.78,45.835,45.77,45.8,241571,0
XLE.US,5,20260108,173000,45.81,45.825,45.77,45.8156,255211,0
XLE.US,5,20260108,173500,45.82,45.84,45.81,45.825,304459,0
XLE.US,5,20260108,174000,45.83,45.87,45.81,45.8557,335171,0
XLE.US,5,20260108,174500,45.8554,45.905,45.8546,45.8655,327219,0
XLE.US,5,20260108,175000,45.865,45.8668,45.81,45.82,386396,0
XLE.US,5,20260108,175500,45.8171,45.875,45.8,45.8436,337220,0
XLE.US,5,20260108,180000,45.84,45.88,45.83,45.875,497795,0
XLE.US,5,20260108,180500,45.875,45.92,45.86,45.905,380472,0
XLE.US,5,20260108,181000,45.905,45.92,45.875,45.91,254215,0
XLE.US,5,20260108,181500,45.9,45.955,45.9,45.945,361633,0
XLE.US,5,20260108,182000,45.945,45.9755,45.93,45.965,215342,0
XLE.US,5,20260108,182500,45.96,45.99,45.95,45.97,315223,0
XLE.US,5,20260108,183000,45.98,46.03,45.98,46.015,408461,0
XLE.US,5,20260108,183500,46.015,46.075,46.01,46.05,426444,0
XLE.US,5,20260108,184000,46.06,46.07,46.0254,46.055,374384,0
XLE.US,5,20260108,184500,46.05,46.07,46.033,46.065,468918,0
XLE.US,5,20260108,185000,46.065,46.11,46.065,46.1083,486100,0
XLE.US,5,20260108,185500,46.11,46.155,46.1046,46.146,352024,0
XLE.US,5,20260108,190000,46.175,46.27,46.17,46.235,866902,0
XLE.US,5,20260108,190500,46.23,46.275,46.22,46.27,540630,0
XLE.US,5,20260108,191000,46.275,46.326,46.2616,46.28,631014,0
XLE.US,5,20260108,191500,46.28,46.335,46.255,46.325,418855,0
XLE.US,5,20260108,192000,46.33,46.33,46.27,46.315,595685,0
XLE.US,5,20260108,192500,46.315,46.34,46.3046,46.335,214886,0
XLE.US,5,20260108,193000,46.3399,46.39,46.3399,46.375,463999,0
XLE.US,5,20260108,193500,46.37,46.395,46.36,46.375,208171,0
XLE.US,5,20260108,194000,46.375,46.43,46.36,46.41,322962,0
XLE.US,5,20260108,194500,46.41,46.52,46.41,46.515,406247,0
XLE.US,5,20260108,195000,46.51,46.545,46.48,46.52,318940,0
XLE.US,5,20260108,195500,46.52,46.63,46.515,46.625,510818,0
XLE.US,5,20260108,200000,46.625,46.625,46.53,46.535,1029189,0
XLE.US,5,20260108,200500,46.53,46.59,46.52,46.585,768668,0
XLE.US,5,20260108,201000,46.59,46.63,46.585,46.61,383996,0
XLE.US,5,20260108,201500,46.61,46.665,46.595,46.6515,229791,0
XLE.US,5,20260108,202000,46.6515,46.6954,46.65,46.68,460222,0
XLE.US,5,20260108,202500,46.685,46.73,46.67,46.725,447325,0
XLE.US,5,20260108,203000,46.72,46.735,46.65,46.6564,751349,0
XLE.US,5,20260108,203500,46.655,46.675,46.645,46.65,341841,0
XLE.US,5,20260108,204000,46.65,46.7075,46.645,46.6881,222567,0
XLE.US,5,20260108,204500,46.685,46.74,46.67,46.735,499568,0
XLE.US,5,20260108,205000,46.735,46.79,46.73,46.775,502694,0
XLE.US,5,20260108,205500,46.775,46.8468,46.76,46.84,513938,0
XLE.US,5,20260108,210000,46.84,46.85,46.79,46.8001,594463,0
XLE.US,5,20260108,210500,46.8,46.8264,46.76,46.775,529760,0
XLE.US,5,20260108,211000,46.775,46.825,46.74,46.74,842566,0
XLE.US,5,20260108,211500,46.74,46.745,46.655,46.66,687041,0
XLE.US,5,20260108,212000,46.66,46.675,46.62,46.64,624565,0
XLE.US,5,20260108,212500,46.63,46.67,46.6,46.655,556574,0
XLE.US,5,20260108,213000,46.655,46.74,46.655,46.6929,804063,0
XLE.US,5,20260108,213500,46.695,46.72,46.65,46.65,840006,0
XLE.US,5,20260108,214000,46.65,46.66,46.61,46.64,1064809,0
XLE.US,5,20260108,214500,46.635,46.64,46.57,46.58,1361473,0
XLE.US,5,20260108,215000,46.58,46.59,46.52,46.555,2274151,0
XLE.US,5,20260108,215500,46.56,46.61,46.53,46.54,5102613,0
XLE.US,5,20260109,153000,46.74,46.88,46.7,46.71,1454100,0
XLE.US,5,20260109,153500,46.72,46.77,46.59,46.745,1057191,0
XLE.US,5,20260109,154000,46.745,46.81,46.64,46.65,1016062,0
XLE.US,5,20260109,154500,46.645,46.83,46.63,46.805,915033,0
XLE.US,5,20260109,155000,46.8,46.875,46.76,46.785,501985,0
XLE.US,5,20260109,155500,46.785,46.8087,46.72,46.8,502252,0
XLE.US,5,20260109,160000,46.79,46.795,46.605,46.61,621657,0
XLE.US,5,20260109,160500,46.61,46.65,46.505,46.615,715509,0
XLE.US,5,20260109,161000,46.61,46.67,46.58,46.595,663864,0
XLE.US,5,20260109,161500,46.59,46.615,46.53,46.59,681575,0
XLE.US,5,20260109,162000,46.59,46.635,46.534,46.6037,490607,0
XLE.US,5,20260109,162500,46.6,46.66,46.59,46.635,540708,0
XLE.US,5,20260109,163000,46.635,46.6556,46.575,46.59,647149,0
XLE.US,5,20260109,163500,46.59,46.67,46.58,46.635,575425,0
XLE.US,5,20260109,164000,46.635,46.675,46.58,46.645,837417,0
XLE.US,5,20260109,164500,46.64,46.67,46.59,46.6548,534750,0
XLE.US,5,20260109,165000,46.65,46.685,46.625,46.68,608167,0
XLE.US,5,20260109,165500,46.68,46.73,46.645,46.7,893872,0
XLE.US,5,20260109,170000,46.69,46.7,46.65,46.67,504617,0
XLE.US,5,20260109,170500,46.67,46.695,46.66,46.68,203003,0
XLE.US,5,20260109,171000,46.6795,46.735,46.665,46.73,359389,0
XLE.US,5,20260109,171500,46.725,46.75,46.7146,46.715,433173,0
XLE.US,5,20260109,172000,46.715,46.73,46.655,46.655,366348,0
XLE.US,5,20260109,172500,46.65,46.67,46.63,46.63,226969,0
XLE.US,5,20260109,173000,46.63,46.69,46.63,46.69,345047,0
XLE.US,5,20260109,173500,46.6876,46.76,46.67,46.755,551120,0
XLE.US,5,20260109,174000,46.755,46.755,46.675,46.71,601686,0
XLE.US,5,20260109,174500,46.7059,46.76,46.705,46.7533,324832,0
XLE.US,5,20260109,175000,46.7506,46.79,46.7236,46.765,457964,0
XLE.US,5,20260109,175500,46.765,46.81,46.76,46.8,230262,0
XLE.US,5,20260109,180000,46.795,46.8099,46.755,46.765,375318,0
XLE.US,5,20260109,180500,46.765,46.77,46.72,46.74,495654,0
XLE.US,5,20260109,181000,46.7376,46.745,46.7,46.71,250957,0
XLE.US,5,20260109,181500,46.71,46.78,46.7,46.775,263086,0
XLE.US,5,20260109,182000,46.775,46.795,46.75,46.775,461569,0
XLE.US,5,20260109,182500,46.775,46.79,46.74,46.74,248971,0
XLE.US,5,20260109,183000,46.74,46.7972,46.735,46.7799,154153,0
XLE.US,5,20260109,183500,46.78,46.7899,46.755,46.765,169029,0
XLE.US,5,20260109,184000,46.76,46.765,46.695,46.7,290944,0
XLE.US,5,20260109,184500,46.696,46.7076,46.63,46.64,193090,0
XLE.US,5,20260109,185000,46.64,46.655,46.58,46.58,293003,0
XLE.US,5,20260109,185500,46.585,46.6,46.57,46.57,245754,0
XLE.US,5,20260109,190000,46.565,46.62,46.52,46.595,247423,0
XLE.US,5,20260109,190500,46.5914,46.65,46.59,46.64,172312,0
XLE.US,5,20260109,191000,46.61,46.64,46.6,46.635,215529,0
XLE.US,5,20260109,191500,46.635,46.655,46.62,46.635,167249,0
XLE.US,5,20260109,192000,46.635,46.6575,46.625,46.6441,138594,0
XLE.US,5,20260109,192500,46.64,46.655,46.62,46.6488,227419,0
XLE.US,5,20260109,193000,46.65,46.6774,46.6301,46.665,276012,0
XLE.US,5,20260109,193500,46.665,46.665,46.61,46.651,354877,0
XLE.US,5,20260109,194000,46.655,46.68,46.64,46.675,332992,0
XLE.US,5,20260109,194500,46.675,46.69,46.665,46.675,228175,0
XLE.US,5,20260109,195000,46.675,46.675,46.63,46.635,312913,0
XLE.US,5,20260109,195500,46.63,46.64,46.5901,46.615,316506,0
XLE.US,5,20260109,200000,46.62,46.625,46.57,46.5988,279844,0
XLE.US,5,20260109,200500,46.595,46.65,46.595,46.635,186549,0
XLE.US,5,20260109,201000,46.63,46.64,46.615,46.63,163749,0
XLE.US,5,20260109,201500,46.625,46.63,46.6,46.6201,129549,0
XLE.US,5,20260109,202000,46.63,46.69,46.625,46.66,266394,0
XLE.US,5,20260109,202500,46.66,46.6875,46.64,46.6875,254864,0
XLE.US,5,20260109,203000,46.6841,46.72,46.675,46.7,182696,0
XLE.US,5,20260109,203500,46.69,46.7,46.64,46.675,165159,0
XLE.US,5,20260109,204000,46.67,46.685,46.665,46.68,174649,0
XLE.US,5,20260109,204500,46.685,46.695,46.66,46.69,187070,0
XLE.US,5,20260109,205000,46.68,46.73,46.675,46.72,167754,0
XLE.US,5,20260109,205500,46.7145,46.765,46.71,46.755,146676,0
XLE.US,5,20260109,210000,46.75,46.78,46.7401,46.75,256950,0
XLE.US,5,20260109,210500,46.75,46.76,46.6906,46.71,127520,0
XLE.US,5,20260109,211000,46.71,46.715,46.65,46.655,177917,0
XLE.US,5,20260109,211500,46.65,46.7,46.62,46.69,317431,0
XLE.US,5,20260109,212000,46.69,46.745,46.69,46.73,154680,0
XLE.US,5,20260109,212500,46.735,46.795,46.73,46.79,206478,0
XLE.US,5,20260109,213000,46.78,46.8,46.74,46.755,396680,0
XLE.US,5,20260109,213500,46.755,46.7699,46.655,46.655,535912,0
XLE.US,5,20260109,214000,46.655,46.6959,46.605,46.65,741100,0
XLE.US,5,20260109,214500,46.65,46.67,46.62,46.665,640867,0
XLE.US,5,20260109,215000,46.665,46.72,46.66,46.685,1109558,0
XLE.US,5,20260109,215500,46.685,46.7,46.64,46.65,4028237,0
XLE.US,5,20260112,153000,46.755,46.805,46.38,46.4,1050647,0
XLE.US,5,20260112,153500,46.395,46.55,46.35,46.415,809422,0
XLE.US,5,20260112,154000,46.42,46.4654,46.2701,46.28,463437,0
XLE.US,5,20260112,154500,46.29,46.32,46.165,46.175,610836,0
XLE.US,5,20260112,155000,46.165,46.41,46.13,46.405,494228,0
XLE.US,5,20260112,155500,46.405,46.495,46.395,46.425,343277,0
XLE.US,5,20260112,160000,46.43,46.48,46.39,46.4,376453,0
XLE.US,5,20260112,160500,46.4,46.445,46.37,46.405,302144,0
XLE.US,5,20260112,161000,46.405,46.43,46.365,46.3951,223125,0
XLE.US,5,20260112,161500,46.395,46.43,46.37,46.375,278443,0
XLE.US,5,20260112,162000,46.38,46.41,46.33,46.355,187062,0
XLE.US,5,20260112,162500,46.36,46.4,46.295,46.38,227296,0
XLE.US,5,20260112,163000,46.38,46.445,46.36,46.375,282631,0
XLE.US,5,20260112,163500,46.37,46.4,46.35,46.395,218903,0
XLE.US,5,20260112,164000,46.395,46.435,46.345,46.37,279528,0
XLE.US,5,20260112,164500,46.37,46.395,46.34,46.345,234724,0
XLE.US,5,20260112,165000,46.345,46.405,46.34,46.37,348792,0
XLE.US,5,20260112,165500,46.37,46.4,46.32,46.375,592635,0
XLE.US,5,20260112,170000,46.38,46.415,46.335,46.335,258640,0
XLE.US,5,20260112,170500,46.34,46.415,46.33,46.4001,244542,0
XLE.US,5,20260112,171000,46.405,46.44,46.375,46.42,252473,0
XLE.US,5,20260112,171500,46.42,46.43,46.36,46.395,332715,0
XLE.US,5,20260112,172000,46.4,46.42,46.37,46.39,240866,0
XLE.US,5,20260112,172500,46.385,46.395,46.36,46.375,233655,0
XLE.US,5,20260112,173000,46.375,46.42,46.37,46.42,198672,0
XLE.US,5,20260112,173500,46.425,46.46,46.415,46.455,264546,0
XLE.US,5,20260112,174000,46.45,46.485,46.44,46.465,347449,0
XLE.US,5,20260112,174500,46.465,46.5,46.46,46.465,353490,0
XLE.US,5,20260112,175000,46.465,46.475,46.42,46.425,218412,0
XLE.US,5,20260112,175500,46.425,46.425,46.375,46.4,253991,0
XLE.US,5,20260112,180000,46.4054,46.43,46.4,46.405,216264,0
XLE.US,5,20260112,180500,46.405,46.41,46.355,46.355,123054,0
XLE.US,5,20260112,181000,46.36,46.43,46.36,46.43,104525,0
XLE.US,5,20260112,181500,46.43,46.43,46.37,46.38,104436,0
XLE.US,5,20260112,182000,46.375,46.42,46.375,46.405,118113,0
XLE.US,5,20260112,182500,46.405,46.4055,46.37,46.39,205204,0
XLE.US,5,20260112,183000,46.395,46.42,46.38,46.385,254160,0
XLE.US,5,20260112,183500,46.38,46.42,46.375,46.4,193793,0
XLE.US,5,20260112,184000,46.395,46.41,46.375,46.39,101491,0
XLE.US,5,20260112,184500,46.38,46.38,46.32,46.34,217399,0
XLE.US,5,20260112,185000,46.33,46.4,46.33,46.4,312635,0
XLE.US,5,20260112,185500,46.397,46.4,46.37,46.37,371601,0
XLE.US,5,20260112,190000,46.37,46.39,46.36,46.3686,256775,0
XLE.US,5,20260112,190500,46.368,46.368,46.31,46.32,229077,0
XLE.US,5,20260112,191000,46.325,46.38,46.31,46.3114,235434,0
XLE.US,5,20260112,191500,46.32,46.34,46.3,46.3299,240106,0
XLE.US,5,20260112,192000,46.325,46.33,46.3,46.31,229932,0
XLE.US,5,20260112,192500,46.31,46.32,46.3,46.305,164063,0
XLE.US,5,20260112,193000,46.31,46.33,46.295,46.325,222162,0
XLE.US,5,20260112,193500,46.3201,46.3271,46.29,46.3,244308,0
XLE.US,5,20260112,194000,46.305,46.31,46.28,46.295,226819,0
XLE.US,5,20260112,194500,46.2944,46.305,46.26,46.265,88738,0
XLE.US,5,20260112,195000,46.27,46.33,46.27,46.3179,235014,0
XLE.US,5,20260112,195500,46.315,46.315,46.28,46.3,97899,0
XLE.US,5,20260112,200000,46.29,46.31,46.27,46.275,211023,0
XLE.US,5,20260112,200500,46.275,46.3,46.25,46.29,216662,0
XLE.US,5,20260112,201000,46.3,46.3,46.26,46.29,135481,0
XLE.US,5,20260112,201500,46.285,46.33,46.2501,46.255,277156,0
XLE.US,5,20260112,202000,46.255,46.26,46.17,46.175,397625,0
XLE.US,5,20260112,202500,46.175,46.18,46.115,46.115,275140,0
XLE.US,5,20260112,203000,46.11,46.19,46.11,46.1784,501023,0
XLE.US,5,20260112,203500,46.17,46.1902,46.15,46.15,266646,0
XLE.US,5,20260112,204000,46.155,46.2,46.15,46.1802,266981,0
XLE.US,5,20260112,204500,46.185,46.21,46.16,46.16,276153,0
XLE.US,5,20260112,205000,46.16,46.165,46.135,46.1546,118948,0
XLE.US,5,20260112,205500,46.155,46.17,46.15,46.16,82749,0
XLE.US,5,20260112,210000,46.17,46.225,46.15,46.215,371683,0
XLE.US,5,20260112,210500,46.22,46.23,46.18,46.18,220432,0
XLE.US,5,20260112,211000,46.185,46.19,46.12,46.12,155058,0
XLE.US,5,20260112,211500,46.125,46.135,46.1001,46.13,118478,0
XLE.US,5,20260112,212000,46.14,46.1953,46.1201,46.195,156329,0
XLE.US,5,20260112,212500,46.2,46.25,46.1901,46.215,267821,0
XLE.US,5,20260112,213000,46.215,46.26,46.195,46.2,221167,0
XLE.US,5,20260112,213500,46.2,46.27,46.2,46.255,381125,0
XLE.US,5,20260112,214000,46.26,46.29,46.245,46.29,303385,0
XLE.US,5,20260112,214500,46.29,46.335,46.285,46.3302,607822,0
XLE.US,5,20260112,215000,46.33,46.39,46.32,46.38,649563,0
XLE.US,5,20260112,215500,46.38,46.39,46.3,46.34,3091947,0
XLE.US,5,20260113,153000,46.73,46.89,46.7,46.8,1718970,0
XLE.US,5,20260113,153500,46.81,46.81,46.69,46.7036,751529,0
XLE.US,5,20260113,154000,46.7,46.97,46.68,46.9325,1261865,0
XLE.US,5,20260113,154500,46.935,47.205,46.91,47.19,1290861,0
XLE.US,5,20260113,155000,47.185,47.23,47.11,47.17,1141944,0
XLE.US,5,20260113,155500,47.175,47.26,47.09,47.115,942267,0
XLE.US,5,20260113,160000,47.11,47.16,47.035,47.055,1068655,0
XLE.US,5,20260113,160500,47.05,47.095,46.975,47.01,611666,0
XLE.US,5,20260113,161000,47.015,47.06,46.99,46.995,445656,0
XLE.US,5,20260113,161500,46.99,47.08,46.99,47.0557,362511,0
XLE.US,5,20260113,162000,47.055,47.07,47.025,47.07,186337,0
XLE.US,5,20260113,162500,47.065,47.095,47.03,47.045,397690,0
XLE.US,5,20260113,163000,47.04,47.14,47.035,47.13,912603,0
XLE.US,5,20260113,163500,47.14,47.25,47.11,47.245,567861,0
XLE.US,5,20260113,164000,47.25,47.36,47.2306,47.36,744734,0
XLE.US,5,20260113,164500,47.36,47.39,47.32,47.375,698965,0
XLE.US,5,20260113,165000,47.37,47.385,47.185,47.21,472112,0
XLE.US,5,20260113,165500,47.22,47.3,47.22,47.225,480937,0
XLE.US,5,20260113,170000,47.22,47.31,47.16,47.305,529796,0
XLE.US,5,20260113,170500,47.305,47.34,47.26,47.26,506845,0
XLE.US,5,20260113,171000,47.265,47.285,47.21,47.24,412986,0
XLE.US,5,20260113,171500,47.235,47.245,47.15,47.1651,566460,0
XLE.US,5,20260113,172000,47.17,47.2,47.14,47.145,388975,0
XLE.US,5,20260113,172500,47.145,47.16,47.07,47.07,503262,0
XLE.US,5,20260113,173000,47.07,47.1,47.02,47.04,483298,0
XLE.US,5,20260113,173500,47.04,47.05,46.94,47,425886,0
XLE.US,5,20260113,174000,47,47.02,46.94,46.985,632861,0
XLE.US,5,20260113,174500,46.98,46.98,46.905,46.915,359101,0
XLE.US,5,20260113,175000,46.915,46.945,46.89,46.905,406274,0
XLE.US,5,20260113,175500,46.905,46.91,46.84,46.855,568315,0
XLE.US,5,20260113,180000,46.85,46.88,46.805,46.865,576535,0
XLE.US,5,20260113,180500,46.865,46.89,46.82,46.825,481313,0
XLE.US,5,20260113,181000,46.83,46.9561,46.825,46.955,379869,0
XLE.US,5,20260113,181500,46.96,47.005,46.94,46.96,343545,0
XLE.US,5,20260113,182000,46.96,47,46.95,46.995,350769,0
XLE.US,5,20260113,182500,47,47,46.95,46.995,442432,0
XLE.US,5,20260113,183000,46.995,47.035,46.945,47.025,552463,0
XLE.US,5,20260113,183500,47.025,47.055,47.015,47.0499,329024,0
XLE.US,5,20260113,184000,47.045,47.06,46.99,47.015,281507,0
XLE.US,5,20260113,184500,47.02,47.095,47.015,47.055,824415,0
XLE.US,5,20260113,185000,47.06,47.0888,47.055,47.055,221875,0
XLE.US,5,20260113,185500,47.055,47.075,47.035,47.0646,352499,0
XLE.US,5,20260113,190000,47.0681,47.21,47.05,47.175,1336002,0
XLE.US,5,20260113,190500,47.175,47.2099,47.1243,47.125,313621,0
XLE.US,5,20260113,191000,47.125,47.125,47.055,47.085,232241,0
XLE.US,5,20260113,191500,47.085,47.115,47.045,47.075,180103,0
XLE.US,5,20260113,192000,47.075,47.115,47.04,47.1,250681,0
XLE.US,5,20260113,192500,47.105,47.12,47.09,47.105,165828,0
XLE.US,5,20260113,193000,47.105,47.23,47.095,47.22,241515,0
XLE.US,5,20260113,193500,47.215,47.24,47.175,47.19,299844,0
XLE.US,5,20260113,194000,47.185,47.215,47.165,47.2,432482,0
XLE.US,5,20260113,194500,47.205,47.23,47.1841,47.215,174156,0
XLE.US,5,20260113,195000,47.219,47.265,47.21,47.265,385505,0
XLE.US,5,20260113,195500,47.265,47.3,47.26,47.285,371972,0
XLE.US,5,20260113,200000,47.285,47.36,47.21,47.22,631820,0
XLE.US,5,20260113,200500,47.22,47.2765,47.195,47.24,565117,0
XLE.US,5,20260113,201000,47.231521,47.27,47.22,47.26,166795,0
XLE.US,5,20260113,201500,47.26,47.2666,46.99,47.135,3337579,0
XLE.US,5,20260113,202000,47.135,47.17,47.08,47.108,575613,0
XLE.US,5,20260113,202500,47.11,47.12,47.07,47.085,310702,0
XLE.US,5,20260113,203000,47.085,47.16,47.085,47.1,288445,0
XLE.US,5,20260113,203500,47.105,47.12,47.055,47.1,367374,0
XLE.US,5,20260113,204000,47.09,47.11,47.07,47.085,294827,0
XLE.US,5,20260113,204500,47.0899,47.09,47.05,47.08,174379,0
XLE.US,5,20260113,205000,47.0815,47.125,47.065,47.08,125795,0
XLE.US,5,20260113,205500,47.075,47.09,47.05,47.08,187160,0
XLE.US,5,20260113,210000,47.075,47.095,47.03,47.055,358951,0
XLE.US,5,20260113,210500,47.06,47.115,47.04,47.07,323939,0
XLE.US,5,20260113,211000,47.0787,47.12,47.07,47.1,324223,0
XLE.US,5,20260113,211500,47.1,47.115,47.07,47.075,291937,0
XLE.US,5,20260113,212000,47.08,47.08,47.02,47.035,366621,0
XLE.US,5,20260113,212500,47.04,47.05,47.01,47.015,426555,0
XLE.US,5,20260113,213000,47.015,47.04,47,47.025,668648,0
XLE.US,5,20260113,213500,47.025,47.04,47,47.015,675957,0
XLE.US,5,20260113,214000,47.015,47.03,46.985,47,512439,0
XLE.US,5,20260113,214500,46.995,46.995,46.91,46.915,857570,0
XLE.US,5,20260113,215000,46.915,47,46.895,46.99,1254532,0
XLE.US,5,20260113,215500,46.985,47.03,46.97,47,3836131,0
XLE.US,5,20260114,153000,47.25,47.485,47.18,47.479,1195375,0
XLE.US,5,20260114,153500,47.47,47.8,47.455,47.785,1524470,0
XLE.US,5,20260114,154000,47.79,48.0475,47.76,48,1471270,0
XLE.US,5,20260114,154500,47.995,48,47.85,47.9,1024720,0
XLE.US,5,20260114,155000,47.895,48,47.86,47.91,945403,0
XLE.US,5,20260114,155500,47.97,48.03,47.915,47.924,872697,0
XLE.US,5,20260114,160000,47.92,48.035,47.8902,47.985,1018056,0
XLE.US,5,20260114,160500,47.985,48.04,47.94,47.96,1105877,0
XLE.US,5,20260114,161000,47.96,48.04,47.932,47.9903,1274046,0
XLE.US,5,20260114,161500,48,48.005,47.8603,47.95,1293828,0
XLE.US,5,20260114,162000,47.95,47.985,47.91,47.96,587515,0
XLE.US,5,20260114,162500,47.97,48,47.8942,47.945,510361,0
XLE.US,5,20260114,163000,47.95,47.96,47.87,47.955,428860,0
XLE.US,5,20260114,163500,47.955,47.96,47.67,47.795,1036139,0
XLE.US,5,20260114,164000,47.795,47.85,47.71,47.8,703067,0
XLE.US,5,20260114,164500,47.79,47.88,47.79,47.8188,602944,0
XLE.US,5,20260114,165000,47.81,47.84,47.755,47.81,528986,0
XLE.US,5,20260114,165500,47.8089,47.91,47.78,47.885,492737,0
XLE.US,5,20260114,170000,47.885,47.9003,47.84,47.845,337592,0
XLE.US,5,20260114,170500,47.845,47.995,47.835,47.98,368151,0
XLE.US,5,20260114,171000,47.98,48.0353,47.975,48.005,232882,0
XLE.US,5,20260114,171500,48.005,48.04,47.96,48.025,492149,0
XLE.US,5,20260114,172000,48.035,48.1,48,48.075,525259,0
XLE.US,5,20260114,172500,48.075,48.185,48.065,48.17,927840,0
XLE.US,5,20260114,173000,48.17,48.22,48.1601,48.195,786827,0
XLE.US,5,20260114,173500,48.195,48.199,48.13,48.135,614931,0
XLE.US,5,20260114,174000,48.135,48.14,48.02,48.03,467888,0
XLE.US,5,20260114,174500,48.02,48.04,47.94,47.98,822876,0
XLE.US,5,20260114,175000,47.9785,48.1,47.965,48.075,495244,0
XLE.US,5,20260114,175500,48.075,48.08,48.025,48.055,802029,0
XLE.US,5,20260114,180000,48.055,48.12,48.04,48.115,806222,0
XLE.US,5,20260114,180500,48.115,48.135,48.075,48.0999,347735,0
XLE.US,5,20260114,181000,48.1001,48.13,48.095,48.115,314471,0
XLE.US,5,20260114,181500,48.11,48.11,48.065,48.09,162413,0
XLE.US,5,20260114,182000,48.095,48.125,48.0875,48.105,185920,0
XLE.US,5,20260114,182500,48.11,48.145,48.1,48.1,152141,0
XLE.US,5,20260114,183000,48.105,48.11,48.09,48.1,175726,0
XLE.US,5,20260114,183500,48.11,48.125,48.065,48.08,233185,0
XLE.US,5,20260114,184000,48.09,48.09,48.005,48.01,612817,0
XLE.US,5,20260114,184500,48.0046,48.0303,47.99,48.01,379184,0
XLE.US,5,20260114,185000,48.0003,48.09,47.9901,48.085,276196,0
XLE.US,5,20260114,185500,48.085,48.1,48.04,48.0514,257980,0
XLE.US,5,20260114,190000,48.05,48.08,48.04,48.065,426892,0
XLE.US,5,20260114,190500,48.06,48.065,48.015,48.055,318248,0
XLE.US,5,20260114,191000,48.055,48.1,48.045,48.0997,234883,0
XLE.US,5,20260114,191500,48.09,48.15,48.0754,48.15,360932,0
XLE.US,5,20260114,192000,48.15,48.19,48.14,48.185,351584,0
XLE.US,5,20260114,192500,48.185,48.275,48.165,48.255,393795,0
XLE.US,5,20260114,193000,48.25,48.285,48.231,48.245,625484,0
XLE.US,5,20260114,193500,48.245,48.275,48.22,48.24,436599,0
XLE.US,5,20260114,194000,48.24,48.24,48.16,48.17,340710,0
XLE.US,5,20260114,194500,48.17,48.21,48.15,48.19,358281,0
XLE.US,5,20260114,195000,48.195,48.25,48.1843,48.225,371804,0
XLE.US,5,20260114,195500,48.23,48.31,48.23,48.3,469657,0
XLE.US,5,20260114,200000,48.3,48.35,48.295,48.345,532647,0
XLE.US,5,20260114,200500,48.34,48.375,48.34,48.369,556541,0
XLE.US,5,20260114,201000,48.37,48.42,48.315,48.41,341028,0
XLE.US,5,20260114,201500,48.42,48.42,48.37,48.385,512271,0
XLE.US,5,20260114,202000,48.385,48.45,48.37,48.435,414564,0
XLE.US,5,20260114,202500,48.435,48.52,48.425,48.515,700272,0
XLE.US,5,20260114,203000,48.515,48.535,48.46,48.49,668252,0
XLE.US,5,20260114,203500,48.49,48.56,48.48,48.555,798916,0
XLE.US,5,20260114,204000,48.555,48.56,48.53,48.555,850615,0
XLE.US,5,20260114,204500,48.555,48.59,48.525,48.575,467555,0
XLE.US,5,20260114,205000,48.575,48.63,48.57,48.6149,322108,0
XLE.US,5,20260114,205500,48.615,48.65,48.6,48.61,567783,0
XLE.US,5,20260114,210000,48.605,48.62,48.045,48.23,9188384,0
XLE.US,5,20260114,210500,48.23,48.32,48.03,48.135,3818674,0
XLE.US,5,20260114,211000,48.135,48.195,48.06,48.125,1607154,0
XLE.US,5,20260114,211500,48.13,48.19,48.08,48.13,1756074,0
XLE.US,5,20260114,212000,48.12,48.2,48.04,48.165,1736167,0
XLE.US,5,20260114,212500,48.16,48.18,48.1,48.135,779341,0
XLE.US,5,20260114,213000,48.13,48.255,48.13,48.23,1126678,0
XLE.US,5,20260114,213500,48.22,48.22,48.02,48.09,3918859,0
XLE.US,5,20260114,214000,48.09,48.12,47.9245,47.94,1896437,0
XLE.US,5,20260114,214500,47.945,47.96,47.885,47.89,1364219,0
XLE.US,5,20260114,215000,47.89,48.03,47.835,48.015,2049533,0
XLE.US,5,20260114,215500,48.02,48.08,47.99,48.06,4998602,0
XLE.US,5,20260115,153000,47.59,47.7,47.415,47.44,2469314,0
XLE.US,5,20260115,153500,47.435,47.54,47.27,47.49,1960782,0
XLE.US,5,20260115,154000,47.49,47.66,47.47,47.495,1574943,0
XLE.US,5,20260115,154500,47.495,47.6,47.45,47.545,1003279,0
XLE.US,5,20260115,155000,47.54,47.675,47.52,47.65,785518,0
XLE.US,5,20260115,155500,47.65,47.74,47.605,47.73,666666,0
XLE.US,5,20260115,160000,47.73,47.845,47.73,47.8,643590,0
XLE.US,5,20260115,160500,47.805,47.87,47.7706,47.8699,672044,0
XLE.US,5,20260115,161000,47.87,47.885,47.745,47.745,621818,0
XLE.US,5,20260115,161500,47.745,47.75,47.67,47.725,414455,0
XLE.US,5,20260115,162000,47.7299,47.74,47.665,47.6651,438178,0
XLE.US,5,20260115,162500,47.67,47.715,47.64,47.6454,432385,0
XLE.US,5,20260115,163000,47.64,47.65,47.575,47.64,471137,0
XLE.US,5,20260115,163500,47.65,47.69,47.615,47.69,298697,0
XLE.US,5,20260115,164000,47.695,47.8,47.69,47.78,526102,0
XLE.US,5,20260115,164500,47.775,47.88,47.775,47.84,583762,0
XLE.US,5,20260115,165000,47.8401,47.8694,47.83,47.8632,422132,0
XLE.US,5,20260115,165500,47.865,47.93,47.84,47.905,572669,0
XLE.US,5,20260115,170000,47.9,47.99,47.89,47.925,590445,0
XLE.US,5,20260115,170500,47.925,47.94,47.89,47.915,355467,0
XLE.US,5,20260115,171000,47.915,47.94,47.89,47.935,270256,0
XLE.US,5,20260115,171500,47.935,47.985,47.925,47.97,363993,0
XLE.US,5,20260115,172000,47.965,48.01,47.935,47.975,327687,0
XLE.US,5,20260115,172500,47.97,48.05,47.945,48.035,530583,0
XLE.US,5,20260115,173000,48.04,48.05,47.98,48.015,659237,0
XLE.US,5,20260115,173500,48.02,48.05,47.96,47.985,690031,0
XLE.US,5,20260115,174000,47.98,48.0159,47.9701,48.01,438401,0
XLE.US,5,20260115,174500,48.01,48.02,47.955,47.99,371293,0
XLE.US,5,20260115,175000,47.99,48.07,47.985,48.055,540263,0
XLE.US,5,20260115,175500,48.06,48.07,48.01,48.03,433687,0
XLE.US,5,20260115,180000,48.03,48.055,48,48.015,481748,0
XLE.US,5,20260115,180500,48.015,48.0363,47.92,47.925,429660,0
XLE.US,5,20260115,181000,47.93,47.95,47.904,47.925,443758,0
XLE.US,5,20260115,181500,47.925,47.925,47.87,47.915,367798,0
XLE.US,5,20260115,182000,47.915,47.915,47.885,47.895,148332,0
XLE.US,5,20260115,182500,47.9,47.925,47.885,47.905,187037,0
XLE.US,5,20260115,183000,47.905,47.97,47.905,47.9699,231596,0
XLE.US,5,20260115,183500,47.96,48.005,47.83,47.95,3183405,0
XLE.US,5,20260115,184000,47.95,48.04,47.93,47.97,1296935,0
XLE.US,5,20260115,184500,47.97,48.01,47.96,47.985,275097,0
XLE.US,5,20260115,185000,47.9899,47.9899,47.88,47.89,389455,0
XLE.US,5,20260115,185500,47.885,47.9,47.81,47.819,397442,0
XLE.US,5,20260115,190000,47.82,47.89,47.815,47.875,296123,0
XLE.US,5,20260115,190500,47.875,47.89,47.825,47.875,324594,0
XLE.US,5,20260115,191000,47.875,47.925,47.845,47.885,234000,0
XLE.US,5,20260115,191500,47.885,47.89,47.815,47.855,633998,0
XLE.US,5,20260115,192000,47.86,47.86,47.83,47.85,363047,0
XLE.US,5,20260115,192500,47.845,47.865,47.83,47.85,465237,0
XLE.US,5,20260115,193000,47.845,47.87,47.825,47.825,172783,0
XLE.US,5,20260115,193500,47.825,47.86,47.81,47.825,236936,0
XLE.US,5,20260115,194000,47.825,47.845,47.7863,47.835,296446,0
XLE.US,5,20260115,194500,47.835,47.85,47.79,47.795,373123,0
XLE.US,5,20260115,195000,47.79,47.84,47.77,47.805,355303,0
XLE.US,5,20260115,195500,47.8,47.83,47.77,47.8211,140735,0
XLE.US,5,20260115,200000,47.83,47.875,47.7836,47.865,274583,0
XLE.US,5,20260115,200500,47.86,47.9154,47.83,47.88,136707,0
XLE.US,5,20260115,201000,47.885,47.905,47.865,47.8954,143286,0
XLE.US,5,20260115,201500,47.895,47.9,47.83,47.84,201405,0
XLE.US,5,20260115,202000,47.845,47.85,47.78,47.785,179271,0
XLE.US,5,20260115,202500,47.79,47.81,47.77,47.77,274732,0
XLE.US,5,20260115,203000,47.77,47.77,47.67,47.691,384816,0
XLE.US,5,20260115,203500,47.695,47.7,47.61,47.63,261232,0
XLE.US,5,20260115,204000,47.63,47.67,47.625,47.64,346338,0
XLE.US,5,20260115,204500,47.6401,47.7,47.63,47.7,190015,0
XLE.US,5,20260115,205000,47.7,47.74,47.69,47.735,148453,0
XLE.US,5,20260115,205500,47.73,47.7654,47.7,47.725,287451,0
XLE.US,5,20260115,210000,47.72,47.73,47.68,47.725,210912,0
XLE.US,5,20260115,210500,47.73,47.75,47.69,47.695,319045,0
XLE.US,5,20260115,211000,47.695,47.74,47.67,47.67,327686,0
XLE.US,5,20260115,211500,47.67,47.685,47.64,47.68,430880,0
XLE.US,5,20260115,212000,47.6882,47.705,47.6308,47.65,376720,0
XLE.US,5,20260115,212500,47.655,47.655,47.58,47.595,583117,0
XLE.US,5,20260115,213000,47.59,47.665,47.585,47.665,636090,0
XLE.US,5,20260115,213500,47.665,47.69,47.64,47.67,398654,0
XLE.US,5,20260115,214000,47.67,47.695,47.64,47.66,525965,0
XLE.US,5,20260115,214500,47.665,47.69,47.63,47.67,650317,0
XLE.US,5,20260115,215000,47.67,47.73,47.58,47.595,3901973,0
XLE.US,5,20260115,215500,47.59,47.62,47.565,47.595,2499402,0
XLE.US,5,20260116,153000,47.525,47.7399,47.485,47.645,1431045,0
XLE.US,5,20260116,153500,47.64,47.675,47.545,47.595,602980,0
XLE.US,5,20260116,154000,47.6,47.74,47.575,47.625,689509,0
XLE.US,5,20260116,154500,47.63,47.68,47.54,47.625,665857,0
XLE.US,5,20260116,155000,47.625,47.6593,47.56,47.585,600822,0
XLE.US,5,20260116,155500,47.59,47.69,47.585,47.605,395752,0
XLE.US,5,20260116,160000,47.61,47.675,47.605,47.675,498561,0
XLE.US,5,20260116,160500,47.675,47.705,47.57,47.6099,386431,0
XLE.US,5,20260116,161000,47.601,47.715,47.6,47.715,526476,0
XLE.US,5,20260116,161500,47.71,47.76,47.7,47.71,484504,0
XLE.US,5,20260116,162000,47.715,47.77,47.715,47.74,436996,0
XLE.US,5,20260116,162500,47.745,47.78,47.69,47.6976,544373,0
XLE.US,5,20260116,163000,47.695,47.7,47.6,47.62,494463,0
XLE.US,5,20260116,163500,47.625,47.675,47.615,47.6265,450901,0
XLE.US,5,20260116,164000,47.625,47.64,47.59,47.605,436799,0
XLE.US,5,20260116,164500,47.605,47.67,47.58,47.645,749305,0
XLE.US,5,20260116,165000,47.645,47.685,47.62,47.645,285561,0
XLE.US,5,20260116,165500,47.645,47.68,47.64,47.655,194281,0
XLE.US,5,20260116,170000,47.65,47.685,47.62,47.685,287610,0
XLE.US,5,20260116,170500,47.685,47.73,47.6546,47.715,346455,0
XLE.US,5,20260116,171000,47.715,47.72,47.675,47.6999,278234,0
XLE.US,5,20260116,171500,47.6954,47.795,47.695,47.76,336240,0
XLE.US,5,20260116,172000,47.75,47.77,47.74,47.765,321233,0
XLE.US,5,20260116,172500,47.76,47.79,47.745,47.775,363827,0
XLE.US,5,20260116,173000,47.775,47.785,47.75,47.755,294477,0
XLE.US,5,20260116,173500,47.75,47.755,47.705,47.715,279071,0
XLE.US,5,20260116,174000,47.71,47.71,47.565,47.66,541049,0
XLE.US,5,20260116,174500,47.66,47.69,47.63,47.675,224618,0
XLE.US,5,20260116,175000,47.675,47.75,47.675,47.71,186617,0
XLE.US,5,20260116,175500,47.71,47.715,47.64,47.67,388676,0
XLE.US,5,20260116,180000,47.6755,47.69,47.65,47.65,256756,0
XLE.US,5,20260116,180500,47.655,47.67,47.63,47.655,175266,0
XLE.US,5,20260116,181000,47.655,47.66,47.61,47.655,211664,0
XLE.US,5,20260116,181500,47.655,47.698409,47.654,47.695,620317,0
XLE.US,5,20260116,182000,47.695,47.75,47.695,47.73,304566,0
XLE.US,5,20260116,182500,47.7233,47.75,47.7008,47.72,257415,0
XLE.US,5,20260116,183000,47.725,47.765,47.72,47.76,349837,0
XLE.US,5,20260116,183500,47.76,47.79,47.75,47.78,265785,0
XLE.US,5,20260116,184000,47.78,47.786639,47.71,47.74,565280,0
XLE.US,5,20260116,184500,47.735,47.75,47.69,47.7,237799,0
XLE.US,5,20260116,185000,47.7,47.7,47.66,47.6765,258343,0
XLE.US,5,20260116,185500,47.68,47.7275,47.67,47.72,186414,0
XLE.US,5,20260116,190000,47.72,47.75,47.7,47.74,137010,0
XLE.US,5,20260116,190500,47.74,47.78,47.735,47.775,185687,0
XLE.US,5,20260116,191000,47.775,47.8,47.765,47.785,166672,0
XLE.US,5,20260116,191500,47.79,47.805,47.78,47.785,243374,0
XLE.US,5,20260116,192000,47.78,47.8,47.77,47.775,149246,0
XLE.US,5,20260116,192500,47.77,47.78,47.75,47.7633,296680,0
XLE.US,5,20260116,193000,47.765,47.77,47.7401,47.755,191707,0
XLE.US,5,20260116,193500,47.75,47.7699,47.7,47.7,306386,0
XLE.US,5,20260116,194000,47.7,47.72,47.68,47.6894,113245,0
XLE.US,5,20260116,194500,47.6899,47.715,47.68,47.715,213073,0
XLE.US,5,20260116,195000,47.715,47.7299,47.7,47.715,137881,0
XLE.US,5,20260116,195500,47.715,47.74,47.705,47.715,170043,0
XLE.US,5,20260116,200000,47.71,47.765,47.69,47.762,175291,0
XLE.US,5,20260116,200500,47.7697,47.785,47.73,47.74,105509,0
XLE.US,5,20260116,201000,47.74,47.74,47.6912,47.695,142522,0
XLE.US,5,20260116,201500,47.7,47.73,47.7,47.705,206432,0
XLE.US,5,20260116,202000,47.7,47.72,47.681,47.7154,168168,0
XLE.US,5,20260116,202500,47.7111,47.7178,47.655,47.665,181073,0
XLE.US,5,20260116,203000,47.66,47.68,47.62,47.68,132473,0
XLE.US,5,20260116,203500,47.675,47.705,47.665,47.685,246805,0
XLE.US,5,20260116,204000,47.685,47.7,47.65,47.65,162092,0
XLE.US,5,20260116,204500,47.655,47.705,47.655,47.695,222571,0
XLE.US,5,20260116,205000,47.7,47.7034,47.655,47.665,163359,0
XLE.US,5,20260116,205500,47.67,47.715,47.66,47.71,303397,0
XLE.US,5,20260116,210000,47.705,47.72,47.685,47.695,349867,0
XLE.US,5,20260116,210500,47.7,47.73,47.68,47.705,136378,0
XLE.US,5,20260116,211000,47.705,47.745,47.69,47.696,135894,0
XLE.US,5,20260116,211500,47.695,47.715,47.685,47.7002,247311,0
XLE.US,5,20260116,212000,47.7054,47.7054,47.66,47.67,176432,0
XLE.US,5,20260116,212500,47.665,47.67,47.65,47.66,188840,0
XLE.US,5,20260116,213000,47.65,47.66,47.62,47.645,258705,0
XLE.US,5,20260116,213500,47.64,47.68,47.62,47.675,373899,0
XLE.US,5,20260116,214000,47.675,47.7,47.6536,47.655,225528,0
XLE.US,5,20260116,214500,47.65,47.675,47.645,47.67,290720,0
XLE.US,5,20260116,215000,47.675,47.77,47.675,47.745,811424,0
XLE.US,5,20260116,215500,47.74,47.76,47.68,47.69,2225996,0
XLE.US,5,20260120,153000,48.09,48.31,47.77,47.78,2568339,0
XLE.US,5,20260120,153500,47.78,47.885,47.681,47.86,2245285,0
XLE.US,5,20260120,154000,47.85,47.97,47.83,47.945,1323907,0
XLE.US,5,20260120,154500,47.94,48.06,47.845,47.885,1472617,0
XLE.US,5,20260120,155000,47.885,47.98,47.87,47.925,859251,0
XLE.US,5,20260120,155500,47.925,47.93,47.875,47.93,572269,0
XLE.US,5,20260120,160000,47.925,47.975,47.87,47.945,836240,0
XLE.US,5,20260120,160500,47.945,47.955,47.765,47.775,971370,0
XLE.US,5,20260120,161000,47.775,47.79,47.69,47.79,698690,0
XLE.US,5,20260120,161500,47.79,47.829,47.74,47.775,571236,0
XLE.US,5,20260120,162000,47.77,47.865,47.745,47.85,583059,0
XLE.US,5,20260120,162500,47.85,48,47.845,47.995,550350,0
XLE.US,5,20260120,163000,47.99,48.07,47.97,48.02,719632,0
XLE.US,5,20260120,163500,48.025,48.025,47.93,48,480616,0
XLE.US,5,20260120,164000,48.005,48.015,47.94,47.975,410581,0
XLE.US,5,20260120,164500,47.975,48.015,47.945,47.965,427257,0
XLE.US,5,20260120,165000,47.965,47.9851,47.845,47.85,613395,0
XLE.US,5,20260120,165500,47.8546,47.92,47.85,47.905,386764,0
XLE.US,5,20260120,170000,47.905,47.905,47.815,47.87,521342,0
XLE.US,5,20260120,170500,47.875,47.89,47.85,47.88,365830,0
XLE.US,5,20260120,171000,47.88,47.93,47.8646,47.91,394143,0
XLE.US,5,20260120,171500,47.91,47.979,47.905,47.935,297285,0
XLE.US,5,20260120,172000,47.93,47.95,47.89,47.935,515701,0
XLE.US,5,20260120,172500,47.935,47.96,47.915,47.95,337845,0
XLE.US,5,20260120,173000,47.95,47.96,47.925,47.945,306669,0
XLE.US,5,20260120,173500,47.945,47.945,47.89,47.905,446389,0
XLE.US,5,20260120,174000,47.9046,47.935,47.845,47.85,285184,0
XLE.US,5,20260120,174500,47.84,47.85,47.8,47.8,366565,0
XLE.US,5,20260120,175000,47.805,47.86,47.77,47.785,407031,0
XLE.US,5,20260120,175500,47.785,47.83,47.775,47.825,314036,0
XLE.US,5,20260120,180000,47.82,47.8951,47.82,47.865,407648,0
XLE.US,5,20260120,180500,47.865,47.92,47.86,47.8833,398847,0
XLE.US,5,20260120,181000,47.885,47.94,47.8746,47.895,380365,0
XLE.US,5,20260120,181500,47.895,47.92,47.8701,47.895,458015,0
XLE.US,5,20260120,182000,47.895,47.9,47.83,47.845,558541,0
XLE.US,5,20260120,182500,47.845,47.86,47.81,47.86,490609,0
XLE.US,5,20260120,183000,47.86,47.865,47.78,47.821,677250,0
XLE.US,5,20260120,183500,47.825,47.825,47.76,47.7899,508499,0
XLE.US,5,20260120,184000,47.785,47.825,47.785,47.805,532274,0
XLE.US,5,20260120,184500,47.8,47.805,47.7401,47.755,490276,0
XLE.US,5,20260120,185000,47.755,47.7767,47.7299,47.765,391181,0
XLE.US,5,20260120,185500,47.76,47.7784,47.73,47.765,327910,0
XLE.US,5,20260120,190000,47.765,47.81,47.745,47.76,201210,0
XLE.US,5,20260120,190500,47.76,47.805,47.745,47.77,258806,0
XLE.US,5,20260120,191000,47.77,47.815,47.75,47.8101,360456,0
XLE.US,5,20260120,191500,47.81,47.81,47.77,47.775,171660,0
XLE.US,5,20260120,192000,47.78,47.81,47.765,47.78,194856,0
XLE.US,5,20260120,192500,47.78,47.8,47.75,47.795,218851,0
XLE.US,5,20260120,193000,47.79,47.82,47.7701,47.8099,430562,0
XLE.US,5,20260120,193500,47.805,47.81,47.71,47.72,370201,0
XLE.US,5,20260120,194000,47.72,47.725,47.6606,47.675,572274,0
XLE.US,5,20260120,194500,47.67,47.6701,47.6,47.615,788411,0
XLE.US,5,20260120,195000,47.615,47.6272,47.545,47.545,395190,0
XLE.US,5,20260120,195500,47.545,47.61,47.53,47.585,1112705,0
XLE.US,5,20260120,200000,47.58,47.62,47.545,47.577,350769,0
XLE.US,5,20260120,200500,47.575,47.625,47.574,47.585,287498,0
XLE.US,5,20260120,201000,47.58,47.605,47.53,47.6001,272157,0
XLE.US,5,20260120,201500,47.605,47.64,47.58,47.625,323427,0
XLE.US,5,20260120,202000,47.625,47.64,47.601,47.635,234478,0
XLE.US,5,20260120,202500,47.6381,47.69,47.62,47.675,339303,0
XLE.US,5,20260120,203000,47.68,47.685,47.53,47.535,1149090,0
XLE.US,5,20260120,203500,47.535,47.57,47.52,47.54,411845,0
XLE.US,5,20260120,204000,47.54,47.585,47.52,47.565,237372,0
XLE.US,5,20260120,204500,47.565,47.58,47.545,47.565,196185,0
XLE.US,5,20260120,205000,47.56,47.5955,47.54,47.59,263004,0
XLE.US,5,20260120,205500,47.59,47.595,47.54,47.565,362088,0
XLE.US,5,20260120,210000,47.56,47.6,47.52,47.56,193255,0
XLE.US,5,20260120,210500,47.56,47.61,47.55,47.575,393238,0
XLE.US,5,20260120,211000,47.575,47.5764,47.53,47.545,184445,0
XLE.US,5,20260120,211500,47.545,47.58,47.5,47.57,237630,0
XLE.US,5,20260120,212000,47.565,47.575,47.535,47.55,297010,0
XLE.US,5,20260120,212500,47.55,47.62,47.5415,47.5854,351096,0
XLE.US,5,20260120,213000,47.58,47.61,47.56,47.595,689180,0
XLE.US,5,20260120,213500,47.595,47.63,47.575,47.61,590288,0
XLE.US,5,20260120,214000,47.62,47.625,47.57,47.59,415440,0
XLE.US,5,20260120,214500,47.59,47.66,47.59,47.59,383191,0
XLE.US,5,20260120,215000,47.59,47.67,47.59,47.62,898683,0
XLE.US,5,20260120,215500,47.625,47.64,47.57,47.6,1977552,0
XLE.US,5,20260121,153000,48.29,48.76,48.29,48.755,2361722,0
XLE.US,5,20260121,153500,48.75,49.035,48.73,48.955,2391876,0
XLE.US,5,20260121,154000,48.955,49.05,48.74,48.75,2221175,0
XLE.US,5,20260121,154500,48.75,48.88,48.725,48.87,974164,0
XLE.US,5,20260121,155000,48.865,48.9,48.71,48.795,1291813,0
XLE.US,5,20260121,155500,48.795,48.82,48.71,48.725,1672948,0
XLE.US,5,20260121,160000,48.725,48.79,48.7,48.73,1168708,0
XLE.US,5,20260121,160500,48.73,48.79,48.715,48.75,619508,0
XLE.US,5,20260121,161000,48.75,48.825,48.715,48.725,921521,0
XLE.US,5,20260121,161500,48.725,48.81,48.69,48.7718,615651,0
XLE.US,5,20260121,162000,48.775,48.78,48.6,48.615,549178,0
XLE.US,5,20260121,162500,48.62,48.62,48.485,48.59,699033,0
XLE.US,5,20260121,163000,48.59,48.699,48.585,48.6889,581084,0
XLE.US,5,20260121,163500,48.685,48.7699,48.66,48.715,443698,0
XLE.US,5,20260121,164000,48.71,48.76,48.69,48.715,383366,0
XLE.US,5,20260121,164500,48.72,48.785,48.72,48.725,520450,0
XLE.US,5,20260121,165000,48.73,48.74,48.67,48.695,539569,0
XLE.US,5,20260121,165500,48.7,48.705,48.64,48.685,260348,0
XLE.US,5,20260121,170000,48.685,48.75,48.6645,48.69,326837,0
XLE.US,5,20260121,170500,48.6946,48.7,48.6,48.655,395301,0
XLE.US,5,20260121,171000,48.655,48.7,48.6494,48.685,420125,0
XLE.US,5,20260121,171500,48.685,48.78,48.67,48.72,698269,0
XLE.US,5,20260121,172000,48.73,48.7555,48.715,48.7401,412363,0
XLE.US,5,20260121,172500,48.75,48.8,48.735,48.8,397319,0
XLE.US,5,20260121,173000,48.8,48.85,48.78,48.835,379828,0
XLE.US,5,20260121,173500,48.835,48.84,48.76,48.775,306588,0
XLE.US,5,20260121,174000,48.775,48.82,48.7,48.805,621411,0
XLE.US,5,20260121,174500,48.8,48.83,48.755,48.795,275171,0
XLE.US,5,20260121,175000,48.7963,48.815,48.73,48.7824,475139,0
XLE.US,5,20260121,175500,48.78,48.78,48.71,48.74,448309,0
XLE.US,5,20260121,180000,48.735,48.76,48.725,48.725,377991,0
XLE.US,5,20260121,180500,48.72,48.72,48.655,48.68,658082,0
XLE.US,5,20260121,181000,48.675,48.69,48.57,48.6,609412,0
XLE.US,5,20260121,181500,48.595,48.64,48.565,48.63,387405,0
XLE.US,5,20260121,182000,48.635,48.73,48.63,48.705,689407,0
XLE.US,5,20260121,182500,48.705,48.745,48.655,48.735,268633,0
XLE.US,5,20260121,183000,48.7396,48.74,48.68,48.695,358643,0
XLE.US,5,20260121,183500,48.6967,48.74,48.685,48.72,295016,0
XLE.US,5,20260121,184000,48.72,48.75,48.65,48.655,347286,0
XLE.US,5,20260121,184500,48.65,48.68,48.63,48.671,279647,0
XLE.US,5,20260121,185000,48.67,48.785,48.655,48.785,388882,0
XLE.US,5,20260121,185500,48.785,48.81,48.76,48.7799,427159,0
XLE.US,5,20260121,190000,48.775,48.81,48.7337,48.735,327701,0
XLE.US,5,20260121,190500,48.735,48.775,48.705,48.715,301042,0
XLE.US,5,20260121,191000,48.71,48.77,48.705,48.735,713249,0
XLE.US,5,20260121,191500,48.739,48.765,48.7183,48.74,400868,0
XLE.US,5,20260121,192000,48.735,48.78,48.72,48.735,365527,0
XLE.US,5,20260121,192500,48.735,48.7751,48.73,48.77,280248,0
XLE.US,5,20260121,193000,48.765,48.8,48.76,48.785,284409,0
XLE.US,5,20260121,193500,48.78,48.82,48.735,48.76,337393,0
XLE.US,5,20260121,194000,48.76,48.79,48.745,48.775,441179,0
XLE.US,5,20260121,194500,48.775,48.81,48.76,48.795,475066,0
XLE.US,5,20260121,195000,48.795,48.795,48.7,48.74,436151,0
XLE.US,5,20260121,195500,48.735,48.7399,48.68,48.7023,208527,0
XLE.US,5,20260121,200000,48.7,48.705,48.57,48.58,307118,0
XLE.US,5,20260121,200500,48.585,48.64,48.585,48.63,409124,0
XLE.US,5,20260121,201000,48.63,48.6455,48.595,48.605,334476,0
XLE.US,5,20260121,201500,48.6,48.635,48.58,48.635,213599,0
XLE.US,5,20260121,202000,48.635,48.675,48.635,48.66,237810,0
XLE.US,5,20260121,202500,48.66,48.83,48.64,48.815,436435,0
XLE.US,5,20260121,203000,48.815,48.815,48.675,48.725,408171,0
XLE.US,5,20260121,203500,48.725,48.77,48.46,48.675,1830016,0
XLE.US,5,20260121,204000,48.68,48.71,48.535,48.595,911708,0
XLE.US,5,20260121,204500,48.6,48.65,48.43,48.645,1532915,0
XLE.US,5,20260121,205000,48.645,48.69,48.615,48.675,664043,0
XLE.US,5,20260121,205500,48.675,48.74,48.635,48.71,527596,0
XLE.US,5,20260121,210000,48.71,48.765,48.71,48.73,567960,0
XLE.US,5,20260121,210500,48.725,48.75,48.66,48.66,606562,0
XLE.US,5,20260121,211000,48.66,48.73,48.655,48.72,515626,0
XLE.US,5,20260121,211500,48.71,48.725,48.67,48.7213,463274,0
XLE.US,5,20260121,212000,48.725,48.755,48.7,48.73,371638,0
XLE.US,5,20260121,212500,48.72,48.775,48.69,48.725,818747,0
XLE.US,5,20260121,213000,48.72,48.7699,48.69,48.74,632612,0
XLE.US,5,20260121,213500,48.74,48.78,48.7,48.7499,1182982,0
XLE.US,5,20260121,214000,48.75,48.815,48.7,48.7,784794,0
XLE.US,5,20260121,214500,48.705,48.72,48.635,48.665,987768,0
XLE.US,5,20260121,215000,48.66,48.73,48.66,48.705,1746047,0
XLE.US,5,20260121,215500,48.7,48.78,48.69,48.755,3377580,0
XLE.US,5,20260122,153000,48.605,48.8875,48.54,48.725,3046091,0
XLE.US,5,20260122,153500,48.725,48.84,48.64,48.68,1432554,0
XLE.US,5,20260122,154000,48.675,48.7,48.42,48.5,2221837,0
XLE.US,5,20260122,154500,48.505,48.675,48.48,48.6045,1635603,0
XLE.US,5,20260122,155000,48.605,48.64,48.54,48.585,919633,0
XLE.US,5,20260122,155500,48.59,48.645,48.54,48.58,590427,0
XLE.US,5,20260122,160000,48.58,48.61,48.4651,48.5,865852,0
XLE.US,5,20260122,160500,48.49,48.545,48.47,48.5,643715,0
XLE.US,5,20260122,161000,48.5,48.535,48.43,48.5,644776,0
XLE.US,5,20260122,161500,48.49,48.595,48.475,48.58,622236,0
XLE.US,5,20260122,162000,48.59,48.615,48.53,48.59,403002,0
XLE.US,5,20260122,162500,48.59,48.645,48.56,48.6,307921,0
XLE.US,5,20260122,163000,48.595,48.625,48.56,48.565,463304,0
XLE.US,5,20260122,163500,48.57,48.67,48.57,48.635,754329,0
XLE.US,5,20260122,164000,48.635,48.635,48.54,48.595,499451,0
XLE.US,5,20260122,164500,48.6,48.6,48.515,48.575,524730,0
XLE.US,5,20260122,165000,48.58,48.67,48.57,48.66,713416,0
XLE.US,5,20260122,165500,48.66,48.68,48.63,48.66,516100,0
XLE.US,5,20260122,170000,48.665,48.7155,48.635,48.705,442020,0
XLE.US,5,20260122,170500,48.705,48.76,48.695,48.7394,425987,0
XLE.US,5,20260122,171000,48.7355,48.75,48.68,48.6986,522395,0
XLE.US,5,20260122,171500,48.7,48.715,48.66,48.66,324519,0
XLE.US,5,20260122,172000,48.665,48.706,48.6433,48.655,408462,0
XLE.US,5,20260122,172500,48.66,48.715,48.655,48.675,283766,0
XLE.US,5,20260122,173000,48.675,48.7,48.6501,48.6554,364995,0
XLE.US,5,20260122,173500,48.655,48.7399,48.655,48.685,369356,0
XLE.US,5,20260122,174000,48.68,48.705,48.65,48.655,471289,0
XLE.US,5,20260122,174500,48.655,48.68,48.63,48.6718,351842,0
XLE.US,5,20260122,175000,48.67,48.725,48.66,48.725,260359,0
XLE.US,5,20260122,175500,48.725,48.735,48.705,48.7301,232437,0
XLE.US,5,20260122,180000,48.73,48.73,48.68,48.705,559414,0
XLE.US,5,20260122,180500,48.705,48.79,48.63,48.79,1273477,0
XLE.US,5,20260122,181000,48.79,48.825,48.765,48.805,477676,0
XLE.US,5,20260122,181500,48.81,48.825,48.77,48.815,357868,0
XLE.US,5,20260122,182000,48.8158,48.87,48.815,48.84,239589,0
XLE.US,5,20260122,182500,48.8401,48.845,48.8,48.8,338564,0
XLE.US,5,20260122,183000,48.81,48.855,48.81,48.835,497647,0
XLE.US,5,20260122,183500,48.84,48.85,48.805,48.815,404110,0
XLE.US,5,20260122,184000,48.81,48.84,48.76,48.835,710772,0
XLE.US,5,20260122,184500,48.825,48.83,48.785,48.795,350421,0
XLE.US,5,20260122,185000,48.79,48.8,48.74,48.755,716471,0
XLE.US,5,20260122,185500,48.755,48.755,48.685,48.75,337723,0
XLE.US,5,20260122,190000,48.745,48.765,48.7,48.7299,541287,0
XLE.US,5,20260122,190500,48.725,48.75,48.7,48.73,360344,0
XLE.US,5,20260122,191000,48.735,48.775,48.73,48.775,463609,0
XLE.US,5,20260122,191500,48.7765,48.79,48.745,48.7468,603051,0
XLE.US,5,20260122,192000,48.75,48.8,48.745,48.785,477020,0
XLE.US,5,20260122,192500,48.785,48.805,48.76,48.795,476917,0
XLE.US,5,20260122,193000,48.795,48.865,48.785,48.865,371372,0
XLE.US,5,20260122,193500,48.865,48.89,48.8501,48.87,502695,0
XLE.US,5,20260122,194000,48.875,48.8772,48.83,48.835,536739,0
XLE.US,5,20260122,194500,48.835,48.9,48.825,48.8903,417378,0
XLE.US,5,20260122,195000,48.89,48.9,48.855,48.895,425237,0
XLE.US,5,20260122,195500,48.895,48.9099,48.865,48.875,521371,0
XLE.US,5,20260122,200000,48.87,48.91,48.87,48.895,468425,0
XLE.US,5,20260122,200500,48.895,48.95,48.8825,48.9244,429147,0
XLE.US,5,20260122,201000,48.925,48.9479,48.915,48.93,267768,0
XLE.US,5,20260122,201500,48.93,48.9499,48.9006,48.91,254151,0
XLE.US,5,20260122,202000,48.91,48.925,48.89,48.9199,217594,0
XLE.US,5,20260122,202500,48.92,48.965,48.915,48.96,189654,0
XLE.US,5,20260122,203000,48.955,48.975,48.9342,48.9701,378798,0
XLE.US,5,20260122,203500,48.9758,49,48.96,48.975,505176,0
XLE.US,5,20260122,204000,48.97,48.9762,48.91,48.915,329388,0
XLE.US,5,20260122,204500,48.92,48.9564,48.91,48.9491,300666,0
XLE.US,5,20260122,205000,48.95,48.97,48.925,48.9299,289830,0
XLE.US,5,20260122,205500,48.925,48.98,48.92,48.98,619850,0
XLE.US,5,20260122,210000,48.925,48.9784,48.9,48.9652,572789,0
XLE.US,5,20260122,210500,48.965,48.98,48.9242,48.925,479200,0
XLE.US,5,20260122,211000,48.925,48.935,48.89,48.905,353579,0
XLE.US,5,20260122,211500,48.905,48.93,48.9,48.91,314095,0
XLE.US,5,20260122,212000,48.915,48.945,48.885,48.885,355245,0
XLE.US,5,20260122,212500,48.89,48.9,48.86,48.87,474056,0
XLE.US,5,20260122,213000,48.87,48.88,48.83,48.86,726697,0
XLE.US,5,20260122,213500,48.86,48.9,48.82,48.895,725514,0
XLE.US,5,20260122,214000,48.8942,48.91,48.875,48.8801,744865,0
XLE.US,5,20260122,214500,48.885,48.915,48.87,48.905,705112,0
XLE.US,5,20260122,215000,48.91,48.98,48.905,48.92,777539,0
XLE.US,5,20260122,215500,48.92,48.935,48.87,48.91,2697200,0
XLE.US,5,20260123,153000,49.48,49.88,49.43,49.74,2550710,0
XLE.US,5,20260123,153500,49.735,49.89,49.71,49.79,2194826,0
XLE.US,5,20260123,154000,49.79,49.87,49.58,49.595,1389544,0
XLE.US,5,20260123,154500,49.59,49.73,49.57,49.595,1041425,0
XLE.US,5,20260123,155000,49.59,49.66,49.545,49.605,740493,0
XLE.US,5,20260123,155500,49.605,49.695,49.58,49.675,613771,0
XLE.US,5,20260123,160000,49.675,49.69,49.54,49.55,794393,0
XLE.US,5,20260123,160500,49.55,49.6,49.53,49.56,671212,0
XLE.US,5,20260123,161000,49.555,49.605,49.52,49.55,614784,0
XLE.US,5,20260123,161500,49.545,49.64,49.53,49.62,792733,0
XLE.US,5,20260123,162000,49.621,49.65,49.57,49.635,636533,0
XLE.US,5,20260123,162500,49.64,49.665,49.5707,49.575,492102,0
XLE.US,5,20260123,163000,49.58,49.58,49.47,49.4885,548561,0
XLE.US,5,20260123,163500,49.485,49.52,49.4635,49.47,478241,0
XLE.US,5,20260123,164000,49.475,49.51,49.45,49.46,374886,0
XLE.US,5,20260123,164500,49.455,49.5,49.4,49.41,1124654,0
XLE.US,5,20260123,165000,49.415,49.415,49.33,49.3699,569331,0
XLE.US,5,20260123,165500,49.365,49.38,49.28,49.33,577759,0
XLE.US,5,20260123,170000,49.32,49.35,49.28,49.345,449665,0
XLE.US,5,20260123,170500,49.345,49.365,49.31,49.355,619904,0
XLE.US,5,20260123,171000,49.355,49.43,49.33,49.3855,637826,0
XLE.US,5,20260123,171500,49.385,49.495,49.38,49.4584,903841,0
XLE.US,5,20260123,172000,49.4501,49.46,49.35,49.385,864139,0
XLE.US,5,20260123,172500,49.38,49.445,49.37,49.425,551925,0
XLE.US,5,20260123,173000,49.43,49.46,49.405,49.435,422544,0
XLE.US,5,20260123,173500,49.43,49.455,49.415,49.435,592851,0
XLE.US,5,20260123,174000,49.435,49.46,49.395,49.46,884195,0
XLE.US,5,20260123,174500,49.46,49.49,49.4201,49.425,740495,0
XLE.US,5,20260123,175000,49.425,49.48,49.425,49.455,1205882,0
XLE.US,5,20260123,175500,49.45,49.46,49.395,49.435,446854,0
XLE.US,5,20260123,180000,49.4399,49.46,49.415,49.455,503066,0
XLE.US,5,20260123,180500,49.455,49.46,49.4101,49.43,462246,0
XLE.US,5,20260123,181000,49.43,49.455,49.42,49.425,325435,0
XLE.US,5,20260123,181500,49.43,49.48,49.42,49.4699,304596,0
XLE.US,5,20260123,182000,49.465,49.4655,49.4,49.4,308678,0
XLE.US,5,20260123,182500,49.4,49.41,49.38,49.395,342329,0
XLE.US,5,20260123,183000,49.4,49.42,49.37,49.37,271313,0
XLE.US,5,20260123,183500,49.37,49.42,49.35,49.41,396329,0
XLE.US,5,20260123,184000,49.415,49.415,49.36,49.37,324860,0
XLE.US,5,20260123,184500,49.369,49.405,49.36,49.38,317527,0
XLE.US,5,20260123,185000,49.38,49.38,49.325,49.33,464661,0
XLE.US,5,20260123,185500,49.325,49.336,49.28,49.3276,377206,0
XLE.US,5,20260123,190000,49.3299,49.36,49.31,49.3275,464962,0
XLE.US,5,20260123,190500,49.325,49.35,49.28,49.3451,478465,0
XLE.US,5,20260123,191000,49.345,49.3558,49.29,49.295,333916,0
XLE.US,5,20260123,191500,49.295,49.33,49.29,49.325,198733,0
XLE.US,5,20260123,192000,49.32,49.36,49.31,49.315,200034,0
XLE.US,5,20260123,192500,49.31,49.315,49.26,49.295,404694,0
XLE.US,5,20260123,193000,49.3,49.33,49.28,49.28,304928,0
XLE.US,5,20260123,193500,49.2767,49.3,49.255,49.285,148743,0
XLE.US,5,20260123,194000,49.29,49.3,49.26,49.295,317597,0
XLE.US,5,20260123,194500,49.29,49.32,49.27,49.305,310956,0
XLE.US,5,20260123,195000,49.305,49.32,49.28,49.285,251411,0
XLE.US,5,20260123,195500,49.2845,49.335,49.2845,49.32,360754,0
XLE.US,5,20260123,200000,49.325,49.3458,49.3,49.345,254441,0
XLE.US,5,20260123,200500,49.345,49.345,49.32,49.33,177863,0
XLE.US,5,20260123,201000,49.3266,49.3474,49.295,49.326,270378,0
XLE.US,5,20260123,201500,49.325,49.33,49.3,49.3062,184108,0
XLE.US,5,20260123,202000,49.31,49.355,49.3,49.315,231045,0
XLE.US,5,20260123,202500,49.32,49.335,49.295,49.2997,209609,0
XLE.US,5,20260123,203000,49.3,49.3199,49.265,49.28,304449,0
XLE.US,5,20260123,203500,49.28,49.31,49.27,49.305,188980,0
XLE.US,5,20260123,204000,49.3092,49.33,49.29,49.325,314294,0
XLE.US,5,20260123,204500,49.325,49.3451,49.31,49.32,260536,0
XLE.US,5,20260123,205000,49.315,49.365,49.31,49.33,298960,0
XLE.US,5,20260123,205500,49.34,49.385,49.34,49.375,270377,0
XLE.US,5,20260123,210000,49.375,49.4,49.34,49.3845,306163,0
XLE.US,5,20260123,210500,49.39,49.3954,49.36,49.3846,218611,0
XLE.US,5,20260123,211000,49.39,49.41,49.38,49.4,450956,0
XLE.US,5,20260123,211500,49.3997,49.425,49.38,49.41,352396,0
XLE.US,5,20260123,212000,49.415,49.42,49.38,49.385,264336,0
XLE.US,5,20260123,212500,49.385,49.385,49.335,49.345,432308,0
XLE.US,5,20260123,213000,49.35,49.35,49.2102,49.285,1122106,0
XLE.US,5,20260123,213500,49.28,49.2851,49.21,49.265,480786,0
XLE.US,5,20260123,214000,49.265,49.2968,49.23,49.235,667517,0
XLE.US,5,20260123,214500,49.235,49.25,49.19,49.22,755408,0
XLE.US,5,20260123,215000,49.22,49.25,49.11,49.11,1258273,0
XLE.US,5,20260123,215500,49.115,49.2,49.09,49.185,3598626,0
XLE.US,5,20260126,153000,49.865,49.865,49.355,49.365,2110419,0
XLE.US,5,20260126,153500,49.362,49.55,49.305,49.4951,1338944,0
XLE.US,5,20260126,154000,49.49,49.545,49.425,49.4987,659472,0
XLE.US,5,20260126,154500,49.495,49.51,49.355,49.37,689727,0
XLE.US,5,20260126,155000,49.37,49.4,49.23,49.25,719587,0
XLE.US,5,20260126,155500,49.24,49.25,49.085,49.12,692792,0
XLE.US,5,20260126,160000,49.12,49.229,49.12,49.195,806326,0
XLE.US,5,20260126,160500,49.19,49.235,49.175,49.19,626449,0
XLE.US,5,20260126,161000,49.195,49.29,49.14,49.225,460501,0
XLE.US,5,20260126,161500,49.225,49.255,49.13,49.135,534176,0
XLE.US,5,20260126,162000,49.13,49.21,49.085,49.185,366723,0
XLE.US,5,20260126,162500,49.1876,49.205,49.13,49.17,305616,0
XLE.US,5,20260126,163000,49.17,49.2,49.13,49.136,282545,0
XLE.US,5,20260126,163500,49.13,49.155,49.08,49.115,542067,0
XLE.US,5,20260126,164000,49.115,49.12,49.051,49.0846,455213,0
XLE.US,5,20260126,164500,49.085,49.14,49.065,49.0845,391073,0
XLE.US,5,20260126,165000,49.085,49.1156,49.0535,49.07,330207,0
XLE.US,5,20260126,165500,49.06,49.08,49.01,49.03,222839,0
XLE.US,5,20260126,170000,49.03,49.04,48.985,49.02,375180,0
XLE.US,5,20260126,170500,49.02,49.075,49.005,49.0588,250199,0
XLE.US,5,20260126,171000,49.055,49.06,48.99,49.015,271905,0
XLE.US,5,20260126,171500,49.015,49.06,49,49.05,334738,0
XLE.US,5,20260126,172000,49.05,49.0884,49.03,49.035,315966,0
XLE.US,5,20260126,172500,49.035,49.07,49,49.005,263596,0
XLE.US,5,20260126,173000,49.005,49.02,48.95,49.005,557348,0
XLE.US,5,20260126,173500,49.0022,49.03,48.98,49.0164,420964,0
XLE.US,5,20260126,174000,49.015,49.045,48.975,48.985,253307,0
XLE.US,5,20260126,174500,48.985,49.05,48.98,49.035,217352,0
XLE.US,5,20260126,175000,49.04,49.06,49.015,49.045,173622,0
XLE.US,5,20260126,175500,49.047151,49.09,49.0346,49.075,170477,0
XLE.US,5,20260126,180000,49.0787,49.0951,49.05,49.08,233733,0
XLE.US,5,20260126,180500,49.085,49.12,49.08,49.1,229643,0
XLE.US,5,20260126,181000,49.105,49.15,49.09,49.135,253519,0
XLE.US,5,20260126,181500,49.1367,49.149,49.11,49.11,120281,0
XLE.US,5,20260126,182000,49.11,49.14,49.1,49.125,336285,0
XLE.US,5,20260126,182500,49.125,49.13,49.1,49.125,301878,0
XLE.US,5,20260126,183000,49.13,49.1472,49.035,49.1,1128515,0
XLE.US,5,20260126,183500,49.105,49.145,49.075,49.085,431967,0
XLE.US,5,20260126,184000,49.09,49.13,49.0799,49.13,319948,0
XLE.US,5,20260126,184500,49.13,49.1393,49.085,49.1001,335059,0
XLE.US,5,20260126,185000,49.105,49.15,49.1,49.1245,268994,0
XLE.US,5,20260126,185500,49.1297,49.1458,49.105,49.135,336097,0
XLE.US,5,20260126,190000,49.13,49.135,49.09,49.09,376556,0
XLE.US,5,20260126,190500,49.09,49.105,49.06,49.1,302292,0
XLE.US,5,20260126,191000,49.1,49.11,49.04,49.065,226479,0
XLE.US,5,20260126,191500,49.0625,49.07,49.03,49.048,136559,0
XLE.US,5,20260126,192000,49.05,49.09,49.05,49.09,153453,0
XLE.US,5,20260126,192500,49.085,49.12,49.08,49.11,266646,0
XLE.US,5,20260126,193000,49.1099,49.14,49.105,49.125,318305,0
XLE.US,5,20260126,193500,49.125,49.13,49.085,49.1,339277,0
XLE.US,5,20260126,194000,49.1,49.12,49.08,49.08,275631,0
XLE.US,5,20260126,194500,49.09,49.15,49.065,49.116,255231,0
XLE.US,5,20260126,195000,49.11,49.16,49.11,49.14,170818,0
XLE.US,5,20260126,195500,49.14,49.15,49.12,49.1397,160595,0
XLE.US,5,20260126,200000,49.14,49.1754,49.105,49.165,301841,0
XLE.US,5,20260126,200500,49.1615,49.2,49.1615,49.175,227232,0
XLE.US,5,20260126,201000,49.175,49.23,49.175,49.195,189931,0
XLE.US,5,20260126,201500,49.195,49.23,49.1899,49.215,232478,0
XLE.US,5,20260126,202000,49.215,49.22,49.18,49.185,160116,0
XLE.US,5,20260126,202500,49.19,49.2,49.17,49.185,268216,0
XLE.US,5,20260126,203000,49.185,49.185,49.13,49.1501,257742,0
XLE.US,5,20260126,203500,49.16,49.16,49.13,49.1501,269861,0
XLE.US,5,20260126,204000,49.155,49.17,49.13,49.16,194392,0
XLE.US,5,20260126,204500,49.165,49.2,49.155,49.1801,118109,0
XLE.US,5,20260126,205000,49.185,49.21,49.155,49.165,164183,0
XLE.US,5,20260126,205500,49.165,49.18,49.14,49.165,126597,0
XLE.US,5,20260126,210000,49.165,49.199,49.14,49.185,350336,0
XLE.US,5,20260126,210500,49.185,49.19,49.12,49.13,229772,0
XLE.US,5,20260126,211000,49.13,49.21,49.121,49.21,173724,0
XLE.US,5,20260126,211500,49.205,49.23,49.19,49.225,246056,0
XLE.US,5,20260126,212000,49.23,49.25,49.08,49.25,2043729,0
XLE.US,5,20260126,212500,49.25,49.26,49.2,49.23,537072,0
XLE.US,5,20260126,213000,49.22,49.26,49.2,49.2481,267922,0
XLE.US,5,20260126,213500,49.245,49.25,49.22,49.235,391919,0
XLE.US,5,20260126,214000,49.235,49.24,49.17,49.205,398703,0
XLE.US,5,20260126,214500,49.2,49.23,49.18,49.215,344496,0
XLE.US,5,20260126,215000,49.22,49.27,49.2135,49.235,655819,0
XLE.US,5,20260126,215500,49.235,49.24,49.17,49.22,2668836,0
XLE.US,5,20260127,153000,49.365,49.46,49.16,49.31,2046444,0
XLE.US,5,20260127,153500,49.3099,49.55,49.3099,49.535,1031023,0
XLE.US,5,20260127,154000,49.53,49.815,49.52,49.775,668438,0
XLE.US,5,20260127,154500,49.775,49.81,49.65,49.66,751030,0
XLE.US,5,20260127,155000,49.66,49.74,49.55,49.595,683444,0
XLE.US,5,20260127,155500,49.59,49.62,49.505,49.51,415892,0
XLE.US,5,20260127,160000,49.51,49.6,49.42,49.42,675726,0
XLE.US,5,20260127,160500,49.42,49.55,49.39,49.51,797125,0
XLE.US,5,20260127,161000,49.515,49.55,49.465,49.505,512162,0
XLE.US,5,20260127,161500,49.51,49.52,49.345,49.35,426229,0
XLE.US,5,20260127,162000,49.35,49.39,49.33,49.365,313539,0
XLE.US,5,20260127,162500,49.36,49.38,49.3,49.31,344924,0
XLE.US,5,20260127,163000,49.305,49.33,49.27,49.33,544785,0
XLE.US,5,20260127,163500,49.33,49.36,49.3145,49.36,212855,0
XLE.US,5,20260127,164000,49.36,49.375,49.3,49.371,313580,0
XLE.US,5,20260127,164500,49.375,49.38,49.33,49.33,353939,0
XLE.US,5,20260127,165000,49.335,49.405,49.335,49.345,380991,0
XLE.US,5,20260127,165500,49.345,49.38,49.295,49.34,344689,0
XLE.US,5,20260127,170000,49.34,49.35,49.31,49.33,284176,0
XLE.US,5,20260127,170500,49.325,49.325,49.2601,49.3194,237738,0
XLE.US,5,20260127,171000,49.315,49.315,49.225,49.24,267111,0
XLE.US,5,20260127,171500,49.235,49.285,49.21,49.285,402391,0
XLE.US,5,20260127,172000,49.285,49.3472,49.28,49.3301,396120,0
XLE.US,5,20260127,172500,49.335,49.38,49.32,49.345,441483,0
XLE.US,5,20260127,173000,49.34,49.42,49.34,49.4,348128,0
XLE.US,5,20260127,173500,49.4,49.49,49.394,49.4699,829690,0
XLE.US,5,20260127,174000,49.475,49.5,49.4541,49.49,468460,0
XLE.US,5,20260127,174500,49.49,49.52,49.455,49.515,448555,0
XLE.US,5,20260127,175000,49.5103,49.5197,49.4231,49.4394,450220,0
XLE.US,5,20260127,175500,49.44,49.45,49.385,49.385,474649,0
XLE.US,5,20260127,180000,49.38,49.455,49.375,49.435,296031,0
XLE.US,5,20260127,180500,49.435,49.45,49.4,49.41,243619,0
XLE.US,5,20260127,181000,49.41,49.44,49.385,49.4031,433985,0
XLE.US,5,20260127,181500,49.4,49.42,49.34,49.3739,416330,0
XLE.US,5,20260127,182000,49.375,49.421,49.375,49.415,464912,0
XLE.US,5,20260127,182500,49.4133,49.47,49.4133,49.4699,411688,0
XLE.US,5,20260127,183000,49.47,49.496682,49.455,49.46,378094,0
XLE.US,5,20260127,183500,49.455,49.4994,49.4537,49.49,361250,0
XLE.US,5,20260127,184000,49.4899,49.5054,49.47,49.485,372977,0
XLE.US,5,20260127,184500,49.485,49.52,49.475,49.515,345927,0
XLE.US,5,20260127,185000,49.5196,49.57,49.5166,49.535,431124,0
XLE.US,5,20260127,185500,49.535,49.545,49.4958,49.505,278920,0
XLE.US,5,20260127,190000,49.5,49.5299,49.485,49.505,306224,0
XLE.US,5,20260127,190500,49.505,49.52,49.485,49.485,180210,0
XLE.US,5,20260127,191000,49.485,49.49,49.43,49.4799,252376,0
XLE.US,5,20260127,191500,49.47,49.52,49.47,49.5,227145,0
XLE.US,5,20260127,192000,49.5,49.52,49.495,49.515,128655,0
XLE.US,5,20260127,192500,49.515,49.515,49.475,49.485,126388,0
XLE.US,5,20260127,193000,49.485,49.519,49.485,49.495,278008,0
XLE.US,5,20260127,193500,49.4948,49.51,49.4745,49.495,217580,0
XLE.US,5,20260127,194000,49.495,49.5075,49.46,49.47,261098,0
XLE.US,5,20260127,194500,49.475,49.5,49.465,49.485,165109,0
XLE.US,5,20260127,195000,49.485,49.5,49.44,49.445,161544,0
XLE.US,5,20260127,195500,49.455,49.48,49.435,49.475,113177,0
XLE.US,5,20260127,200000,49.47,49.5214,49.4645,49.5146,172938,0
XLE.US,5,20260127,200500,49.52,49.53,49.4846,49.53,100669,0
XLE.US,5,20260127,201000,49.5299,49.605,49.525,49.585,156164,0
XLE.US,5,20260127,201500,49.58,49.61,49.575,49.584,166288,0
XLE.US,5,20260127,202000,49.58,49.655,49.58,49.635,219096,0
XLE.US,5,20260127,202500,49.6399,49.6575,49.6248,49.65,150393,0
XLE.US,5,20260127,203000,49.65,49.7,49.6436,49.685,247061,0
XLE.US,5,20260127,203500,49.68,49.71,49.68,49.69,179313,0
XLE.US,5,20260127,204000,49.69,49.7,49.65,49.655,282121,0
XLE.US,5,20260127,204500,49.655,49.6587,49.62,49.625,175251,0
XLE.US,5,20260127,205000,49.625,49.625,49.54,49.565,385171,0
XLE.US,5,20260127,205500,49.565,49.5651,49.5,49.535,130109,0
XLE.US,5,20260127,210000,49.535,49.59,49.525,49.57,441256,0
XLE.US,5,20260127,210500,49.56,49.58,49.55,49.565,188587,0
XLE.US,5,20260127,211000,49.565,49.595,49.565,49.585,171545,0
XLE.US,5,20260127,211500,49.585,49.6217,49.5813,49.615,222721,0
XLE.US,5,20260127,212000,49.615,49.6699,49.6101,49.635,635260,0
XLE.US,5,20260127,212500,49.635,49.645,49.6,49.605,347958,0
XLE.US,5,20260127,213000,49.61,49.63,49.54,49.625,835295,0
XLE.US,5,20260127,213500,49.62,49.625,49.58,49.585,373039,0
XLE.US,5,20260127,214000,49.585,49.64,49.58,49.64,415692,0
XLE.US,5,20260127,214500,49.645,49.68,49.64,49.65,530136,0
XLE.US,5,20260127,215000,49.65,49.69,49.63,49.655,1007031,0
XLE.US,5,20260127,215500,49.655,49.69,49.65,49.67,3159008,0
XLE.US,5,20260128,153000,49.97,50.06,49.84,49.985,1530075,0
XLE.US,5,20260128,153500,49.985,50.05,49.845,49.945,881727,0
XLE.US,5,20260128,154000,49.945,50.035,49.92,50.02,598034,0
XLE.US,5,20260128,154500,50.02,50.09,49.98,50.055,503772,0
XLE.US,5,20260128,155000,50.055,50.11,50.03,50.055,423317,0
XLE.US,5,20260128,155500,50.055,50.08,50,50.02,425537,0
XLE.US,5,20260128,160000,50.02,50.04,49.99,49.99,414540,0
XLE.US,5,20260128,160500,49.985,50.01,49.76,49.775,717189,0
XLE.US,5,20260128,161000,49.77,49.86,49.77,49.82,372376,0
XLE.US,5,20260128,161500,49.82,49.865,49.78,49.7932,321064,0
XLE.US,5,20260128,162000,49.795,49.88,49.75,49.88,383420,0
XLE.US,5,20260128,162500,49.88,49.89,49.845,49.855,199846,0
XLE.US,5,20260128,163000,49.855,49.9399,49.815,49.85,348999,0
XLE.US,5,20260128,163500,49.85,49.92,49.85,49.915,203675,0
XLE.US,5,20260128,164000,49.91,49.93,49.89,49.91,188587,0
XLE.US,5,20260128,164500,49.905,49.98,49.905,49.935,286448,0
XLE.US,5,20260128,165000,49.93,49.95,49.9045,49.945,228441,0
XLE.US,5,20260128,165500,49.945,50,49.945,49.975,446984,0
XLE.US,5,20260128,170000,49.975,50,49.94,49.9899,398949,0
XLE.US,5,20260128,170500,49.98,49.985,49.91,49.965,369908,0
XLE.US,5,20260128,171000,49.97,49.97,49.91,49.925,234996,0
XLE.US,5,20260128,171500,49.925,49.98,49.92,49.925,326525,0
XLE.US,5,20260128,172000,49.925,49.995,49.9234,49.9923,249787,0
XLE.US,5,20260128,172500,49.99,50.01,49.96,50.005,192163,0
XLE.US,5,20260128,173000,50.005,50.01,49.965,49.995,198448,0
XLE.US,5,20260128,173500,49.995,50.04,49.995,50.04,154090,0
XLE.US,5,20260128,174000,50.035,50.095,50.03,50.095,178583,0
XLE.US,5,20260128,174500,50.095,50.14,50.08,50.08,125020,0
XLE.US,5,20260128,175000,50.09,50.1,49.985,50.01,386036,0
XLE.US,5,20260128,175500,50.005,50.025,49.9299,49.955,339985,0
XLE.US,5,20260128,180000,49.96,50.03,49.96,50.025,312800,0
XLE.US,5,20260128,180500,50.025,50.05,50.0145,50.0397,326647,0
XLE.US,5,20260128,181000,50.04,50.0901,50.04,50.0861,363571,0
XLE.US,5,20260128,181500,50.0829,50.09,50.04,50.085,302430,0
XLE.US,5,20260128,182000,50.088,50.12,50.0825,50.085,471032,0
XLE.US,5,20260128,182500,50.09,50.0973,50.045,50.06,286101,0
XLE.US,5,20260128,183000,50.055,50.06,50,50.01,241939,0
XLE.US,5,20260128,183500,50.01,50.03,49.98,50.015,161954,0
XLE.US,5,20260128,184000,50.01,50.04,49.98,50.035,310044,0
XLE.US,5,20260128,184500,50.035,50.0358,49.985,49.995,124940,0
XLE.US,5,20260128,185000,49.9961,50.01,49.9642,49.97,188207,0
XLE.US,5,20260128,185500,49.97,49.9765,49.71,49.73,1371709,0
XLE.US,5,20260128,190000,49.725,49.965,49.705,49.935,610396,0
XLE.US,5,20260128,190500,49.93,49.99,49.905,49.975,217411,0
XLE.US,5,20260128,191000,49.97,49.98,49.895,49.895,178847,0
XLE.US,5,20260128,191500,49.895,49.945,49.88,49.935,180615,0
XLE.US,5,20260128,192000,49.935,49.945,49.8814,49.885,188187,0
XLE.US,5,20260128,192500,49.885,49.905,49.865,49.8716,167398,0
XLE.US,5,20260128,193000,49.875,49.89,49.825,49.885,202527,0
XLE.US,5,20260128,193500,49.885,49.89,49.845,49.865,194241,0
XLE.US,5,20260128,194000,49.86,49.92,49.855,49.915,200384,0
XLE.US,5,20260128,194500,49.915,49.92,49.8539,49.865,129245,0
XLE.US,5,20260128,195000,49.865,49.865,49.77,49.776,242058,0
XLE.US,5,20260128,195500,49.775,49.855,49.77,49.845,292705,0
XLE.US,5,20260128,200000,49.85,49.89,49.82,49.88,175107,0
XLE.US,5,20260128,200500,49.885,49.935,49.88,49.92,397676,0
XLE.US,5,20260128,201000,49.915,49.94,49.895,49.94,222583,0
XLE.US,5,20260128,201500,49.935,49.94,49.9,49.905,210664,0
XLE.US,5,20260128,202000,49.905,49.935,49.89,49.935,160137,0
XLE.US,5,20260128,202500,49.93,49.94,49.8,49.81,445543,0
XLE.US,5,20260128,203000,49.81,49.83,49.56,49.755,2112835,0
XLE.US,5,20260128,203500,49.755,49.84,49.74,49.8,658109,0
XLE.US,5,20260128,204000,49.7944,49.82,49.745,49.815,545837,0
XLE.US,5,20260128,204500,49.81,49.925,49.8,49.915,337970,0
XLE.US,5,20260128,205000,49.92,49.96,49.89,49.915,266811,0
XLE.US,5,20260128,205500,49.91,49.92,49.85,49.85,535531,0
XLE.US,5,20260128,210000,49.855,49.93,49.845,49.91,270213,0
XLE.US,5,20260128,210500,49.92,50.025,49.92,50.025,325072,0
XLE.US,5,20260128,211000,50.025,50.025,49.94,49.965,397448,0
XLE.US,5,20260128,211500,49.9693,49.98,49.895,49.8981,315814,0
XLE.US,5,20260128,212000,49.9,49.955,49.89,49.925,319556,0
XLE.US,5,20260128,212500,49.925,49.96,49.9037,49.945,565599,0
XLE.US,5,20260128,213000,49.94,49.99,49.925,49.975,504611,0
XLE.US,5,20260128,213500,49.975,50.01,49.94,49.965,618657,0
XLE.US,5,20260128,214000,49.96,49.965,49.905,49.915,532057,0
XLE.US,5,20260128,214500,49.92,49.98,49.88,49.905,782961,0
XLE.US,5,20260128,215000,49.9,50.08,49.895,50.0655,950480,0
XLE.US,5,20260128,215500,50.065,50.09,50.025,50.03,2598311,0
XLE.US,5,20260129,153000,51.1699,51.42,51.09,51.415,3950934,0
XLE.US,5,20260129,153500,51.415,51.62,51.4,51.605,2935312,0
XLE.US,5,20260129,154000,51.605,51.73,51.27,51.315,3160250,0
XLE.US,5,20260129,154500,51.32,51.34,51.13,51.255,1663693,0
XLE.US,5,20260129,155000,51.255,51.295,51.1,51.225,1224454,0
XLE.US,5,20260129,155500,51.225,51.33,51.06,51.08,1406944,0
XLE.US,5,20260129,160000,51.08,51.21,51.075,51.165,1325780,0
XLE.US,5,20260129,160500,51.17,51.265,51.05,51.075,1139750,0
XLE.US,5,20260129,161000,51.075,51.12,50.95,51.015,944834,0
XLE.US,5,20260129,161500,51.015,51.11,50.89,50.925,1044037,0
XLE.US,5,20260129,162000,50.925,51,50.88,50.9,1146841,0
XLE.US,5,20260129,162500,50.9,50.97,50.84,50.845,628370,0
XLE.US,5,20260129,163000,50.8451,50.905,50.76,50.7799,695582,0
XLE.US,5,20260129,163500,50.775,50.87,50.74,50.805,886647,0
XLE.US,5,20260129,164000,50.805,50.815,50.65,50.6566,878323,0
XLE.US,5,20260129,164500,50.655,50.8295,50.63,50.785,1253546,0
XLE.US,5,20260129,165000,50.78,50.81,50.6701,50.785,531819,0
XLE.US,5,20260129,165500,50.785,50.86,50.75,50.77,684899,0
XLE.US,5,20260129,170000,50.77,50.785,50.665,50.67,832143,0
XLE.US,5,20260129,170500,50.67,50.73,50.56,50.65,1231487,0
XLE.US,5,20260129,171000,50.655,50.93,50.6501,50.92,940102,0
XLE.US,5,20260129,171500,50.915,51.04,50.9,51,764730,0
XLE.US,5,20260129,172000,51.01,51.06,50.85,50.9012,927397,0
XLE.US,5,20260129,172500,50.91,50.975,50.87,50.91,951547,0
XLE.US,5,20260129,173000,50.915,50.96,50.905,50.94,671622,0
XLE.US,5,20260129,173500,50.935,50.9475,50.83,50.84,484695,0
XLE.US,5,20260129,174000,50.84,50.8765,50.825,50.83,427070,0
XLE.US,5,20260129,174500,50.83,50.835,50.72,50.83,517498,0
XLE.US,5,20260129,175000,50.83,50.83,50.715,50.765,510573,0
XLE.US,5,20260129,175500,50.76,50.9,50.76,50.835,428729,0
XLE.US,5,20260129,180000,50.84,50.945,50.8318,50.9251,531808,0
XLE.US,5,20260129,180500,50.92,50.95,50.83,50.89,1116768,0
XLE.US,5,20260129,181000,50.885,50.96,50.885,50.935,311022,0
XLE.US,5,20260129,181500,50.935,50.95,50.795,50.895,732400,0
XLE.US,5,20260129,182000,50.895,50.985,50.885,50.93,613124,0
XLE.US,5,20260129,182500,50.925,51,50.8999,50.91,795576,0
XLE.US,5,20260129,183000,50.91,51.0199,50.885,51,482525,0
XLE.US,5,20260129,183500,50.995,51.02,50.965,50.9666,325818,0
XLE.US,5,20260129,184000,50.965,50.99,50.944,50.96,616082,0
XLE.US,5,20260129,184500,50.96,50.97,50.9,50.9342,371868,0
XLE.US,5,20260129,185000,50.93,50.9489,50.82,50.825,490247,0
XLE.US,5,20260129,185500,50.83,50.8955,50.74,50.785,858566,0
XLE.US,5,20260129,190000,50.78,50.82,50.63,50.78,753968,0
XLE.US,5,20260129,190500,50.77,50.815,50.7,50.815,1080104,0
XLE.US,5,20260129,191000,50.82,50.89,50.82,50.836,235816,0
XLE.US,5,20260129,191500,50.835,50.92,50.81,50.8963,496291,0
XLE.US,5,20260129,192000,50.895,51,50.895,50.93,639495,0
XLE.US,5,20260129,192500,50.93,51.06,50.895,51.045,446011,0
XLE.US,5,20260129,193000,51.045,51.0555,50.78,50.885,1833576,0
XLE.US,5,20260129,193500,50.89,50.975,50.88,50.925,334205,0
XLE.US,5,20260129,194000,50.92,50.965,50.86,50.86,330324,0
XLE.US,5,20260129,194500,50.855,50.925,50.835,50.895,266340,0
XLE.US,5,20260129,195000,50.895,50.935,50.88,50.92,631914,0
XLE.US,5,20260129,195500,50.91,51.01,50.805,50.825,411819,0
XLE.US,5,20260129,200000,50.83,50.97,50.7701,50.9551,1017212,0
XLE.US,5,20260129,200500,50.955,50.9858,50.93,50.96,248208,0
XLE.US,5,20260129,201000,50.97,51.01,50.955,51,412063,0
XLE.US,5,20260129,201500,51,51.02,50.95,51.01,596346,0
XLE.US,5,20260129,202000,51.01,51.02,50.98,51.0199,256365,0
XLE.US,5,20260129,202500,51.02,51.13,51.004,51.11,260599,0
XLE.US,5,20260129,203000,51.1093,51.11,50.837597,50.945,1694124,0
XLE.US,5,20260129,203500,50.945,51.06,50.925,50.975,331038,0
XLE.US,5,20260129,204000,50.98,51.03,50.98,51.025,492440,0
XLE.US,5,20260129,204500,51.03,51.03,50.985,50.995,237088,0
XLE.US,5,20260129,205000,50.99,51.025,50.94,50.94,298501,0
XLE.US,5,20260129,205500,50.94,50.98,50.59,50.595,1718932,0
XLE.US,5,20260129,210000,50.6,50.8,50.56,50.78,1735454,0
XLE.US,5,20260129,210500,50.78,50.8151,50.75,50.77,375886,0
XLE.US,5,20260129,211000,50.77,50.805,50.67,50.67,1010409,0
XLE.US,5,20260129,211500,50.67,50.67,50.55,50.615,797615,0
XLE.US,5,20260129,212000,50.62,50.69,50.58,50.69,532599,0
XLE.US,5,20260129,212500,50.684,50.705,50.625,50.635,251929,0
XLE.US,5,20260129,213000,50.63,50.7,50.61,50.67,840356,0
XLE.US,5,20260129,213500,50.67,50.7,50.635,50.68,755472,0
XLE.US,5,20260129,214000,50.68,50.685,50.54,50.55,715404,0
XLE.US,5,20260129,214500,50.55,50.6,50.48,50.6,974505,0
XLE.US,5,20260129,215000,50.6,50.65,50.53,50.5399,1803058,0
XLE.US,5,20260129,215500,50.54,50.585,50.48,50.51,4156274,0
XLE.US,5,20260130,153000,50.39,50.56,50.18,50.31,2600953,0
XLE.US,5,20260130,153500,50.3,50.505,50.225,50.33,1283099,0
XLE.US,5,20260130,154000,50.33,50.6,50.295,50.56,982568,0
XLE.US,5,20260130,154500,50.56,50.61,50.285,50.295,1331960,0
XLE.US,5,20260130,155000,50.3,50.38,50.13,50.255,1047764,0
XLE.US,5,20260130,155500,50.26,50.38,50.23,50.305,671490,0
XLE.US,5,20260130,160000,50.31,50.435,50.31,50.35,767139,0
XLE.US,5,20260130,160500,50.3501,50.45,50.33,50.45,631971,0
XLE.US,5,20260130,161000,50.45,50.47,50.28,50.37,785192,0
XLE.US,5,20260130,161500,50.365,50.38,50.25,50.38,812030,0
XLE.US,5,20260130,162000,50.38,50.46,50.3502,50.41,341016,0
XLE.US,5,20260130,162500,50.41,50.45,50.3,50.3,549226,0
XLE.US,5,20260130,163000,50.305,50.395,50.28,50.3899,692958,0
XLE.US,5,20260130,163500,50.38,50.55,50.3519,50.51,1019894,0
XLE.US,5,20260130,164000,50.515,50.6,50.515,50.55,713665,0
XLE.US,5,20260130,164500,50.54,50.64,50.54,50.6082,354217,0
XLE.US,5,20260130,165000,50.605,50.68,50.595,50.62,579114,0
XLE.US,5,20260130,165500,50.63,50.67,50.59,50.605,389470,0
XLE.US,5,20260130,170000,50.6,50.6599,50.495,50.565,453873,0
XLE.US,5,20260130,170500,50.565,50.61,50.53,50.5745,497420,0
XLE.US,5,20260130,171000,50.58,50.635,50.545,50.615,358853,0
XLE.US,5,20260130,171500,50.61,50.615,50.525,50.55,321199,0
XLE.US,5,20260130,172000,50.56,50.58,50.52,50.535,374355,0
XLE.US,5,20260130,172500,50.535,50.695,50.51,50.675,537336,0
XLE.US,5,20260130,173000,50.675,50.765,50.645,50.69,449372,0
XLE.US,5,20260130,173500,50.69,50.72,50.605,50.605,312610,0
XLE.US,5,20260130,174000,50.605,50.675,50.605,50.6261,555592,0
XLE.US,5,20260130,174500,50.625,50.645,50.575,50.59,342602,0
XLE.US,5,20260130,175000,50.59,50.595,50.52,50.5721,522468,0
XLE.US,5,20260130,175500,50.57,50.605,50.53,50.56,492336,0
XLE.US,5,20260130,180000,50.565,50.585,50.44,50.45,1007385,0
XLE.US,5,20260130,180500,50.45,50.46,50.3401,50.365,622744,0
XLE.US,5,20260130,181000,50.3612,50.42,50.35,50.3951,428027,0
XLE.US,5,20260130,181500,50.39,50.45,50.25,50.3002,1075288,0
XLE.US,5,20260130,182000,50.305,50.36,50.2142,50.25,950038,0
XLE.US,5,20260130,182500,50.24,50.385,49.96,49.985,2308539,0
XLE.US,5,20260130,183000,49.99,50.27,49.97,50.105,3334705,0
XLE.US,5,20260130,183500,50.105,50.14,50.04,50.045,1873600,0
XLE.US,5,20260130,184000,50.04,50.235,50.04,50.185,1069780,0
XLE.US,5,20260130,184500,50.18,50.225,50.09,50.13,1013475,0
XLE.US,5,20260130,185000,50.13,50.195,50.095,50.145,684476,0
XLE.US,5,20260130,185500,50.14,50.19,50.05,50.055,633932,0
XLE.US,5,20260130,190000,50.055,50.19,50.055,50.185,535678,0
XLE.US,5,20260130,190500,50.18,50.22,50.14,50.15,578279,0
XLE.US,5,20260130,191000,50.15,50.165,50.03,50.06,454927,0
XLE.US,5,20260130,191500,50.06,50.08,50.01,50.02,496615,0
XLE.US,5,20260130,192000,50.0201,50.055,49.88,50.05,1912661,0
XLE.US,5,20260130,192500,50.04,50.09,49.99,50.075,517391,0
XLE.US,5,20260130,193000,50.08,50.09,49.875,49.965,1520258,0
XLE.US,5,20260130,193500,49.965,50.05,49.965,50.045,346504,0
XLE.US,5,20260130,194000,50.0401,50.145,50.0401,50.12,441365,0
XLE.US,5,20260130,194500,50.12,50.27,50.115,50.265,613032,0
XLE.US,5,20260130,195000,50.27,50.385,50.26,50.385,708908,0
XLE.US,5,20260130,195500,50.39,50.49,50.23,50.27,1018993,0
XLE.US,5,20260130,200000,50.265,50.46,50.225,50.43,924507,0
XLE.US,5,20260130,200500,50.44,50.5,50.43,50.48,625373,0
XLE.US,5,20260130,201000,50.48,50.555,50.47,50.535,468990,0
XLE.US,5,20260130,201500,50.535,50.66,50.525,50.64,423844,0
XLE.US,5,20260130,202000,50.64,50.68,50.62,50.67,480449,0
XLE.US,5,20260130,202500,50.67,50.72,50.5,50.525,1335765,0
XLE.US,5,20260130,203000,50.52,50.65,50.45,50.58,2018234,0
XLE.US,5,20260130,203500,50.575,50.715,50.57,50.715,525732,0
XLE.US,5,20260130,204000,50.715,50.79,50.68,50.77,440676,0
XLE.US,5,20260130,204500,50.775,50.81,50.725,50.76,529981,0
XLE.US,5,20260130,205000,50.755,50.865,50.72,50.865,345392,0
XLE.US,5,20260130,205500,50.865,50.88,50.64,50.655,1060235,0
XLE.US,5,20260130,210000,50.655,50.8,50.62,50.79,1029608,0
XLE.US,5,20260130,210500,50.785,50.8299,50.75,50.7916,613107,0
XLE.US,5,20260130,211000,50.795,50.835,50.76,50.7833,341137,0
XLE.US,5,20260130,211500,50.785,50.785,50.72,50.725,254092,0
XLE.US,5,20260130,212000,50.73,50.78,50.715,50.77,276637,0
XLE.US,5,20260130,212500,50.775,50.805,50.72,50.785,709625,0
XLE.US,5,20260130,213000,50.785,50.83,50.75,50.815,654521,0
XLE.US,5,20260130,213500,50.815,50.86,50.78,50.85,730127,0
XLE.US,5,20260130,214000,50.85,50.88,50.81,50.865,1278378,0
XLE.US,5,20260130,214500,50.865,50.965,50.845,50.96,897996,0
XLE.US,5,20260130,215000,50.96,51.085,50.96,51.025,1457968,0
XLE.US,5,20260130,215500,51.03,51.08,50.95,51.05,3973684,0
XLE.US,5,20260202,153000,50.1,50.27,49.86,49.9599,2671149,0
XLE.US,5,20260202,153500,49.95,50.255,49.91,50.135,1641000,0
XLE.US,5,20260202,154000,50.13,50.295,50.025,50.27,1366720,0
XLE.US,5,20260202,154500,50.285,50.305,50.045,50.0655,1179827,0
XLE.US,5,20260202,155000,50.065,50.12,50.02,50.035,1496624,0
XLE.US,5,20260202,155500,50.03,50.04,49.77,49.835,811268,0
XLE.US,5,20260202,160000,49.84,50.07,49.82,50.06,880645,0
XLE.US,5,20260202,160500,50.065,50.185,50.06,50.175,763871,0
XLE.US,5,20260202,161000,50.175,50.25,50.13,50.215,768980,0
XLE.US,5,20260202,161500,50.21,50.21,50.065,50.16,1583224,0
XLE.US,5,20260202,162000,50.155,50.18,50.08,50.105,1121967,0
XLE.US,5,20260202,162500,50.11,50.115,49.98,50,536145,0
XLE.US,5,20260202,163000,50,50.18,49.995,50.175,342019,0
XLE.US,5,20260202,163500,50.1765,50.305,50.1765,50.27,504537,0
XLE.US,5,20260202,164000,50.28,50.29,50.195,50.23,365308,0
XLE.US,5,20260202,164500,50.23,50.24,50.14,50.1799,415754,0
XLE.US,5,20260202,165000,50.17,50.25,50.14,50.245,648278,0
XLE.US,5,20260202,165500,50.24,50.3,50.22,50.29,455947,0
XLE.US,5,20260202,170000,50.3,50.315,50.21,50.28,578395,0
XLE.US,5,20260202,170500,50.28,50.33,50.26,50.3199,829568,0
XLE.US,5,20260202,171000,50.315,50.395,50.2909,50.365,722226,0
XLE.US,5,20260202,171500,50.36,50.38,50.295,50.295,484828,0
XLE.US,5,20260202,172000,50.29,50.29,50.22,50.255,743117,0
XLE.US,5,20260202,172500,50.25,50.375,50.215,50.3,851810,0
XLE.US,5,20260202,173000,50.3,50.31,50.19,50.245,637888,0
XLE.US,5,20260202,173500,50.25,50.255,50.21,50.23,359321,0
XLE.US,5,20260202,174000,50.235,50.295,50.22,50.295,340514,0
XLE.US,5,20260202,174500,50.295,50.32,50.27,50.29,290676,0
XLE.US,5,20260202,175000,50.29,50.33,50.25,50.3116,483323,0
XLE.US,5,20260202,175500,50.31,50.33,50.26,50.265,504193,0
XLE.US,5,20260202,180000,50.26,50.32,50.2539,50.285,180005,0
XLE.US,5,20260202,180500,50.29,50.32,50.2801,50.295,262790,0
XLE.US,5,20260202,181000,50.3,50.33,50.281,50.325,159839,0
XLE.US,5,20260202,181500,50.325,50.345,50.3,50.315,212378,0
XLE.US,5,20260202,182000,50.3101,50.315,50.2524,50.28,434597,0
XLE.US,5,20260202,182500,50.28,50.35,50.265,50.3409,205602,0
XLE.US,5,20260202,183000,50.35,50.43,50.345,50.41,492421,0
XLE.US,5,20260202,183500,50.415,50.42,50.325,50.4,1749889,0
XLE.US,5,20260202,184000,50.403,50.4176,50.36,50.365,366772,0
XLE.US,5,20260202,184500,50.365,50.42,50.36,50.394,323690,0
XLE.US,5,20260202,185000,50.395,50.41,50.375,50.375,294318,0
XLE.US,5,20260202,185500,50.38,50.39,50.295,50.305,369669,0
XLE.US,5,20260202,190000,50.31,50.34,50.31,50.315,319277,0
XLE.US,5,20260202,190500,50.315,50.36,50.31,50.32,235235,0
XLE.US,5,20260202,191000,50.32,50.36,50.3113,50.325,342067,0
XLE.US,5,20260202,191500,50.32,50.335,50.28,50.29,272201,0
XLE.US,5,20260202,192000,50.29,50.2955,50.25,50.26,216858,0
XLE.US,5,20260202,192500,50.27,50.28,50.24,50.27,322875,0
XLE.US,5,20260202,193000,50.2677,50.29,50.25,50.2515,268121,0
XLE.US,5,20260202,193500,50.255,50.315,50.255,50.31,360161,0
XLE.US,5,20260202,194000,50.32,50.366,50.3,50.355,354716,0
XLE.US,5,20260202,194500,50.35,50.39,50.35,50.365,433161,0
XLE.US,5,20260202,195000,50.365,50.3675,50.26,50.27,523321,0
XLE.US,5,20260202,195500,50.265,50.27,50.09,50.09,854707,0
XLE.US,5,20260202,200000,50.09,50.195,50.08,50.125,632198,0
XLE.US,5,20260202,200500,50.13,50.26,50.125,50.25,245709,0
XLE.US,5,20260202,201000,50.25,50.29,50.24,50.265,165736,0
XLE.US,5,20260202,201500,50.26,50.263,50.21,50.23,242583,0
XLE.US,5,20260202,202000,50.235,50.28,50.225,50.25,217601,0
XLE.US,5,20260202,202500,50.26,50.41,50.24,50.38,588766,0
XLE.US,5,20260202,203000,50.38,50.43,50.23,50.265,705689,0
XLE.US,5,20260202,203500,50.26,50.285,50.245,50.275,224225,0
XLE.US,5,20260202,204000,50.28,50.34,50.275,50.34,139723,0
XLE.US,5,20260202,204500,50.335,50.39,50.33,50.38,262882,0
XLE.US,5,20260202,205000,50.375,50.42,50.36,50.395,352761,0
XLE.US,5,20260202,205500,50.3954,50.51,50.165,50.185,3202344,0
XLE.US,5,20260202,210000,50.19,50.295,50.1,50.2301,1580885,0
XLE.US,5,20260202,210500,50.23,50.2513,50.205,50.235,312109,0
XLE.US,5,20260202,211000,50.23,50.26,50.2,50.21,349782,0
XLE.US,5,20260202,211500,50.2,50.21,50.16,50.2,514343,0
XLE.US,5,20260202,212000,50.2,50.22,50.17,50.195,376745,0
XLE.US,5,20260202,212500,50.195,50.26,50.195,50.235,455922,0
XLE.US,5,20260202,213000,50.23,50.275,50.2,50.255,425321,0
XLE.US,5,20260202,213500,50.255,50.26,50.185,50.195,928223,0
XLE.US,5,20260202,214000,50.195,50.2,50.11,50.115,830712,0
XLE.US,5,20260202,214500,50.115,50.18,50.1,50.17,875839,0
XLE.US,5,20260202,215000,50.18,50.21,50.01,50.03,1866198,0
XLE.US,5,20260202,215500,50.04,50.09,50.02,50.06,4784813,0
XLE.US,5,20260203,153000,50.2,50.405,50.02,50.33,2366567,0
XLE.US,5,20260203,153500,50.325,50.56,50.25,50.485,1686167,0
XLE.US,5,20260203,154000,50.49,50.63,50.46,50.47,1060775,0
XLE.US,5,20260203,154500,50.475,50.65,50.43,50.62,847151,0
XLE.US,5,20260203,155000,50.62,50.73,50.56,50.62,742371,0
XLE.US,5,20260203,155500,50.62,50.72,50.62,50.655,741314,0
XLE.US,5,20260203,160000,50.66,50.68,50.595,50.645,1056655,0
XLE.US,5,20260203,160500,50.65,50.8788,50.65,50.865,1333990,0
XLE.US,5,20260203,161000,50.8651,50.87,50.665,50.6702,653803,0
XLE.US,5,20260203,161500,50.67,50.815,50.665,50.77,508617,0
XLE.US,5,20260203,162000,50.77,50.83,50.73,50.785,643839,0
XLE.US,5,20260203,162500,50.79,50.885,50.78,50.875,494250,0
XLE.US,5,20260203,163000,50.88,50.92,50.87,50.9041,580965,0
XLE.US,5,20260203,163500,50.9089,50.97,50.885,50.955,570488,0
XLE.US,5,20260203,164000,50.96,50.975,50.87,50.895,346273,0
XLE.US,5,20260203,164500,50.895,50.99,50.86,50.985,421508,0
XLE.US,5,20260203,165000,50.985,51.055,50.965,51.05,598326,0
XLE.US,5,20260203,165500,51.045,51.1,51.0101,51.07,1012192,0
XLE.US,5,20260203,170000,51.08,51.195,51.065,51.16,820540,0
XLE.US,5,20260203,170500,51.16,51.195,51.13,51.1445,527745,0
XLE.US,5,20260203,171000,51.14,51.19,51.09,51.09,961028,0
XLE.US,5,20260203,171500,51.09,51.17,51.07,51.1,555161,0
XLE.US,5,20260203,172000,51.1,51.1365,51.07,51.09,467007,0
XLE.US,5,20260203,172500,51.08,51.165,51.055,51.14,590856,0
XLE.US,5,20260203,173000,51.145,51.155,51.005,51.05,884604,0
XLE.US,5,20260203,173500,51.05,51.21,51.05,51.205,742330,0
XLE.US,5,20260203,174000,51.205,51.29,51.19,51.245,448071,0
XLE.US,5,20260203,174500,51.245,51.255,51.16,51.235,392005,0
XLE.US,5,20260203,175000,51.235,51.24,51.09,51.1,713222,0
XLE.US,5,20260203,175500,51.1,51.14,51.07,51.125,557323,0
XLE.US,5,20260203,180000,51.12,51.14,51.075,51.14,896454,0
XLE.US,5,20260203,180500,51.14,51.185,51.13,51.18,583040,0
XLE.US,5,20260203,181000,51.185,51.425,51.155,51.37,2951218,0
XLE.US,5,20260203,181500,51.38,51.48,51.29,51.455,1131777,0
XLE.US,5,20260203,182000,51.45,51.5,51.32,51.325,1465310,0
XLE.US,5,20260203,182500,51.3278,51.39,51.11,51.125,1349733,0
XLE.US,5,20260203,183000,51.12,51.37,51.12,51.33,1095171,0
XLE.US,5,20260203,183500,51.335,51.49,51.33,51.39,728023,0
XLE.US,5,20260203,184000,51.395,51.41,51.3,51.32,813465,0
XLE.US,5,20260203,184500,51.3201,51.325,51.235,51.24,1326236,0
XLE.US,5,20260203,185000,51.235,51.31,51.23,51.23,594843,0
XLE.US,5,20260203,185500,51.235,51.2634,51.105,51.12,996556,0
XLE.US,5,20260203,190000,51.125,51.1835,51.0801,51.17,856099,0
XLE.US,5,20260203,190500,51.172,51.215,51.07,51.125,1804584,0
XLE.US,5,20260203,191000,51.125,51.165,50.97,51.085,1621947,0
XLE.US,5,20260203,191500,51.09,51.099,51.005,51.07,430911,0
XLE.US,5,20260203,192000,51.06,51.11,51.05,51.095,605308,0
XLE.US,5,20260203,192500,51.1,51.12,50.96,50.9851,2030966,0
XLE.US,5,20260203,193000,50.99,51.125,50.99,51.12,831678,0
XLE.US,5,20260203,193500,51.115,51.2,51.115,51.19,537095,0
XLE.US,5,20260203,194000,51.1894,51.19,51.08,51.1,523473,0
XLE.US,5,20260203,194500,51.0965,51.1,51.03,51.095,438857,0
XLE.US,5,20260203,195000,51.095,51.13,51.06,51.1101,226043,0
XLE.US,5,20260203,195500,51.115,51.18,50.905,50.915,1518105,0
XLE.US,5,20260203,200000,50.915,51.015,50.885,50.94,1554853,0
XLE.US,5,20260203,200500,50.945,50.95,50.9,50.92,740942,0
XLE.US,5,20260203,201000,50.915,51.11,50.91,51.105,433366,0
XLE.US,5,20260203,201500,51.1,51.19,51.0702,51.165,584557,0
XLE.US,5,20260203,202000,51.17,51.21,51.14,51.19,329142,0
XLE.US,5,20260203,202500,51.19,51.255,51.07,51.14,2748463,0
XLE.US,5,20260203,203000,51.13,51.23,51.04,51.21,1884599,0
XLE.US,5,20260203,203500,51.205,51.32,51.2,51.285,481457,0
XLE.US,5,20260203,204000,51.28,51.3298,51.245,51.285,555726,0
XLE.US,5,20260203,204500,51.28,51.29,51.2335,51.26,659188,0
XLE.US,5,20260203,205000,51.26,51.36,51.19,51.24,1545030,0
XLE.US,5,20260203,205500,51.24,51.28,51.15,51.26,1301137,0
XLE.US,5,20260203,210000,51.25,51.415,51.215,51.4,1024721,0
XLE.US,5,20260203,210500,51.4,51.5,51.38,51.495,435036,0
XLE.US,5,20260203,211000,51.49,51.56,51.48,51.525,911575,0
XLE.US,5,20260203,211500,51.5202,51.625,51.47,51.59,1198478,0
XLE.US,5,20260203,212000,51.59,51.719,51.58,51.685,746832,0
XLE.US,5,20260203,212500,51.685,51.71,51.575,51.6528,1540939,0
XLE.US,5,20260203,213000,51.65,51.75,51.63,51.725,722109,0
XLE.US,5,20260203,213500,51.73,51.755,51.68,51.69,693270,0
XLE.US,5,20260203,214000,51.689,51.6965,51.6401,51.6447,921584,0
XLE.US,5,20260203,214500,51.65,51.68,51.62,51.68,1106274,0
XLE.US,5,20260203,215000,51.68,51.78,51.68,51.735,2326178,0
XLE.US,5,20260203,215500,51.73,51.75,51.645,51.665,3473033,0
XLE.US,5,20260204,153000,51.86,52.45,51.84,52.42,2496249,0
XLE.US,5,20260204,153500,52.43,52.535,52.23,52.365,1655818,0
XLE.US,5,20260204,154000,52.37,52.39,52.17,52.275,1222427,0
XLE.US,5,20260204,154500,52.27,52.42,52.22,52.35,1085714,0
XLE.US,5,20260204,155000,52.35,52.39,52.26,52.325,924536,0
XLE.US,5,20260204,155500,52.32,52.35,52.13,52.2187,1062911,0
XLE.US,5,20260204,160000,52.22,52.33,52.18,52.3,1070555,0
XLE.US,5,20260204,160500,52.305,52.32,52.185,52.19,1097570,0
XLE.US,5,20260204,161000,52.19,52.215,52.104,52.15,859101,0
XLE.US,5,20260204,161500,52.145,52.26,52.145,52.205,655344,0
XLE.US,5,20260204,162000,52.21,52.23,52.12,52.17,593952,0
XLE.US,5,20260204,162500,52.17,52.195,52.115,52.12,551691,0
XLE.US,5,20260204,163000,52.12,52.16,51.99,52.03,652085,0
XLE.US,5,20260204,163500,52.02,52.12,51.975,52.05,676765,0
XLE.US,5,20260204,164000,52.0501,52.185,52.01,52.1797,710925,0
XLE.US,5,20260204,164500,52.18,52.24,52.11,52.2299,687790,0
XLE.US,5,20260204,165000,52.225,52.31,52.185,52.305,699580,0
XLE.US,5,20260204,165500,52.3,52.36,52.285,52.31,786060,0
XLE.US,5,20260204,170000,52.32,52.345,52.285,52.29,751081,0
XLE.US,5,20260204,170500,52.285,52.325,52.26,52.3,707147,0
XLE.US,5,20260204,171000,52.305,52.41,52.285,52.35,903260,0
XLE.US,5,20260204,171500,52.3502,52.375,52.285,52.35,654310,0
XLE.US,5,20260204,172000,52.35,52.39,52.3036,52.385,657967,0
XLE.US,5,20260204,172500,52.39,52.49,52.37,52.46,686258,0
XLE.US,5,20260204,173000,52.47,52.515,52.42,52.475,836465,0
XLE.US,5,20260204,173500,52.48,52.5099,52.455,52.48,734273,0
XLE.US,5,20260204,174000,52.475,52.49,52.385,52.39,386157,0
XLE.US,5,20260204,174500,52.395,52.43,52.365,52.425,468911,0
XLE.US,5,20260204,175000,52.425,52.5,52.425,52.495,422239,0
XLE.US,5,20260204,175500,52.495,52.58,52.485,52.555,460116,0
XLE.US,5,20260204,180000,52.55,52.57,52.5,52.515,499860,0
XLE.US,5,20260204,180500,52.515,52.565,52.5,52.565,775232,0
XLE.US,5,20260204,181000,52.565,52.6052,52.54,52.595,847261,0
XLE.US,5,20260204,181500,52.595,52.6,52.5,52.5001,535242,0
XLE.US,5,20260204,182000,52.505,52.535,52.48,52.4856,557470,0
XLE.US,5,20260204,182500,52.485,52.7,52.34,52.665,3852176,0
XLE.US,5,20260204,183000,52.67,52.83,52.61,52.8282,1797339,0
XLE.US,5,20260204,183500,52.825,52.92,52.755,52.875,1503470,0
XLE.US,5,20260204,184000,52.88,52.895,52.725,52.745,952217,0
XLE.US,5,20260204,184500,52.75,52.78,52.62,52.6445,1097899,0
XLE.US,5,20260204,185000,52.64,52.65,52.5242,52.602,1177300,0
XLE.US,5,20260204,185500,52.61,52.69,52.6,52.645,1329838,0
XLE.US,5,20260204,190000,52.6466,52.655,52.55,52.635,910792,0
XLE.US,5,20260204,190500,52.635,52.68,52.575,52.595,858269,0
XLE.US,5,20260204,191000,52.595,52.62,52.56,52.585,499849,0
XLE.US,5,20260204,191500,52.58,52.5999,52.45,52.467,670533,0
XLE.US,5,20260204,192000,52.465,52.56,52.45,52.525,735794,0
XLE.US,5,20260204,192500,52.525,52.55,52.48,52.5199,657230,0
XLE.US,5,20260204,193000,52.515,52.555,52.46,52.53,563006,0
XLE.US,5,20260204,193500,52.53,52.57,52.52,52.565,574556,0
XLE.US,5,20260204,194000,52.57,52.61,52.48,52.5,1073426,0
XLE.US,5,20260204,194500,52.5,52.52,52.42,52.5,855365,0
XLE.US,5,20260204,195000,52.5001,52.52,52.46,52.495,364053,0
XLE.US,5,20260204,195500,52.5,52.53,52.445,52.45,554580,0
XLE.US,5,20260204,200000,52.45,52.48,52.39,52.47,998921,0
XLE.US,5,20260204,200500,52.46,52.555,52.425,52.555,733562,0
XLE.US,5,20260204,201000,52.56,52.66,52.515,52.635,776794,0
XLE.US,5,20260204,201500,52.63,52.705,52.6,52.69,322980,0
XLE.US,5,20260204,202000,52.695,52.75,52.69,52.7384,292084,0
XLE.US,5,20260204,202500,52.74,52.76,52.7,52.725,281225,0
XLE.US,5,20260204,203000,52.73,52.825,52.73,52.815,511921,0
XLE.US,5,20260204,203500,52.82,52.83,52.705,52.765,693250,0
XLE.US,5,20260204,204000,52.7697,52.78,52.74,52.775,296871,0
XLE.US,5,20260204,204500,52.775,52.81,52.49,52.58,2634717,0
XLE.US,5,20260204,205000,52.57,52.66,52.455,52.505,1693066,0
XLE.US,5,20260204,205500,52.5091,52.56,52.485,52.535,712086,0
XLE.US,5,20260204,210000,52.54,52.63,52.48,52.63,511728,0
XLE.US,5,20260204,210500,52.625,52.68,52.62,52.655,273899,0
XLE.US,5,20260204,211000,52.66,52.71,52.625,52.7,378230,0
XLE.US,5,20260204,211500,52.7,52.745,52.685,52.71,326217,0
XLE.US,5,20260204,212000,52.7091,52.785,52.705,52.777,615224,0
XLE.US,5,20260204,212500,52.78,52.83,52.75,52.755,688428,0
XLE.US,5,20260204,213000,52.755,52.84,52.75,52.835,795730,0
XLE.US,5,20260204,213500,52.84,52.89,52.815,52.861,1108737,0
XLE.US,5,20260204,214000,52.865,52.9,52.855,52.895,584666,0
XLE.US,5,20260204,214500,52.9,52.94,52.873,52.91,867130,0
XLE.US,5,20260204,215000,52.92,52.9599,52.89,52.91,1498627,0
XLE.US,5,20260204,215500,52.91,52.91,52.77,52.81,3385710,0
XLE.US,5,20260205,153000,52.26,52.49,51.87,51.88,2575821,0
XLE.US,5,20260205,153500,51.885,52.23,51.79,51.97,1400770,0
XLE.US,5,20260205,154000,51.96,52.16,51.875,52.09,2026583,0
XLE.US,5,20260205,154500,52.08,52.265,52.06,52.1651,1031339,0
XLE.US,5,20260205,155000,52.16,52.24,52.01,52.0401,1020844,0
XLE.US,5,20260205,155500,52.05,52.21,52,52.19,680828,0
XLE.US,5,20260205,160000,52.19,52.27,52.14,52.25,564929,0
XLE.US,5,20260205,160500,52.25,52.31,52.16,52.31,864151,0
XLE.US,5,20260205,161000,52.31,52.32,52.195,52.24,771745,0
XLE.US,5,20260205,161500,52.24,52.28,52.17,52.18,686123,0
XLE.US,5,20260205,162000,52.18,52.18,51.98,52.02,771043,0
XLE.US,5,20260205,162500,52.02,52.055,51.84,51.945,844115,0
XLE.US,5,20260205,163000,51.94,51.96,51.585,51.595,1241410,0
XLE.US,5,20260205,163500,51.585,51.75,51.435,51.725,1238416,0
XLE.US,5,20260205,164000,51.73,51.84,51.7,51.71,795379,0
XLE.US,5,20260205,164500,51.715,51.83,51.69,51.775,575347,0
XLE.US,5,20260205,165000,51.78,51.86,51.715,51.74,704301,0
XLE.US,5,20260205,165500,51.7403,51.78,51.65,51.675,359721,0
XLE.US,5,20260205,170000,51.68,51.72,51.6,51.645,640774,0
XLE.US,5,20260205,170500,51.645,51.66,51.6,51.6402,381974,0
XLE.US,5,20260205,171000,51.65,51.71,51.515,51.515,432051,0
XLE.US,5,20260205,171500,51.515,51.635,51.5,51.62,386119,0
XLE.US,5,20260205,172000,51.615,51.76,51.605,51.76,575557,0
XLE.US,5,20260205,172500,51.76,51.775,51.595,51.61,1163432,0
XLE.US,5,20260205,173000,51.62,51.67,51.51,51.595,486287,0
XLE.US,5,20260205,173500,51.6,51.675,51.58,51.59,735564,0
XLE.US,5,20260205,174000,51.585,51.6755,51.585,51.665,550744,0
XLE.US,5,20260205,174500,51.67,51.69,51.63,51.685,410040,0
XLE.US,5,20260205,175000,51.69,51.77,51.69,51.765,670442,0
XLE.US,5,20260205,175500,51.765,51.855,51.745,51.85,353340,0
XLE.US,5,20260205,180000,51.84,51.88,51.765,51.8,304387,0
XLE.US,5,20260205,180500,51.8,51.835,51.765,51.785,284144,0
XLE.US,5,20260205,181000,51.785,51.815,51.75,51.8,304928,0
XLE.US,5,20260205,181500,51.79,51.865,51.785,51.865,299019,0
XLE.US,5,20260205,182000,51.86,51.91,51.83,51.895,329504,0
XLE.US,5,20260205,182500,51.895,51.93,51.88,51.925,239032,0
XLE.US,5,20260205,183000,51.93,51.975,51.9101,51.915,272673,0
XLE.US,5,20260205,183500,51.915,51.975,51.915,51.945,230705,0
XLE.US,5,20260205,184000,51.945,51.99,51.935,51.97,244026,0
XLE.US,5,20260205,184500,51.97,52.055,51.955,51.99,289155,0
XLE.US,5,20260205,185000,51.985,52.075,51.975,51.985,329714,0
XLE.US,5,20260205,185500,51.98,52.045,51.975,52.035,248123,0
XLE.US,5,20260205,190000,52.035,52.105,52.02,52.1044,371090,0
XLE.US,5,20260205,190500,52.105,52.16,52.1,52.155,282975,0
XLE.US,5,20260205,191000,52.155,52.1577,52.1,52.14,300591,0
XLE.US,5,20260205,191500,52.15,52.1599,52.1,52.12,228919,0
XLE.US,5,20260205,192000,52.12,52.125,52.05,52.085,318913,0
XLE.US,5,20260205,192500,52.085,52.145,52.085,52.13,201624,0
XLE.US,5,20260205,193000,52.13,52.185,52.13,52.175,250812,0
XLE.US,5,20260205,193500,52.175,52.23,52.17,52.175,229422,0
XLE.US,5,20260205,194000,52.175,52.219,52.14,52.21,258102,0
XLE.US,5,20260205,194500,52.21,52.23,52.15,52.16,219818,0
XLE.US,5,20260205,195000,52.16,52.16,52.06,52.095,244822,0
XLE.US,5,20260205,195500,52.09,52.13,52.065,52.065,883377,0
XLE.US,5,20260205,200000,52.07,52.11,52.0306,52.09,441957,0
XLE.US,5,20260205,200500,52.09,52.165,52.08,52.16,280384,0
XLE.US,5,20260205,201000,52.165,52.18,52.135,52.16,387507,0
XLE.US,5,20260205,201500,52.16,52.215,52.15,52.2116,378294,0
XLE.US,5,20260205,202000,52.215,52.26,52.205,52.25,293958,0
XLE.US,5,20260205,202500,52.255,52.285,52.23,52.27,285178,0
XLE.US,5,20260205,203000,52.27,52.27,52.225,52.259,507098,0
XLE.US,5,20260205,203500,52.255,52.27,52.21,52.22,472906,0
XLE.US,5,20260205,204000,52.21,52.285,52.18,52.275,235325,0
XLE.US,5,20260205,204500,52.28,52.33,52.28,52.315,430142,0
XLE.US,5,20260205,205000,52.31,52.34,52.28,52.335,259486,0
XLE.US,5,20260205,205500,52.3393,52.38,52.335,52.375,340355,0
XLE.US,5,20260205,210000,52.375,52.385,52.31,52.335,503618,0
XLE.US,5,20260205,210500,52.335,52.38,52.31,52.355,301861,0
XLE.US,5,20260205,211000,52.36,52.387,52.335,52.3789,340982,0
XLE.US,5,20260205,211500,52.38,52.38,52.29377,52.335,376497,0
XLE.US,5,20260205,212000,52.335,52.365,52.3,52.315,471611,0
XLE.US,5,20260205,212500,52.31,52.375,52.305,52.375,383326,0
XLE.US,5,20260205,213000,52.375,52.38,52.195,52.2051,522272,0
XLE.US,5,20260205,213500,52.207,52.23,52.145,52.19,716433,0
XLE.US,5,20260205,214000,52.195,52.225,52.16,52.185,437041,0
XLE.US,5,20260205,214500,52.185,52.185,52.13,52.17,829947,0
XLE.US,5,20260205,215000,52.18,52.255,52.1793,52.205,1532902,0
XLE.US,5,20260205,215500,52.2,52.29,52.195,52.23,3308269,0
XLE.US,5,20260206,153000,52.455,52.71,52.36,52.71,1564167,0
XLE.US,5,20260206,153500,52.715,52.835,52.56,52.6,824497,0
XLE.US,5,20260206,154000,52.61,52.79,52.6,52.64,642065,0
XLE.US,5,20260206,154500,52.63,52.665,52.53,52.64,617853,0
XLE.US,5,20260206,155000,52.63,52.72,52.625,52.69,417588,0
XLE.US,5,20260206,155500,52.69,53.09,52.69,53.09,648973,0
XLE.US,5,20260206,160000,53.1,53.185,53.065,53.18,797260,0
XLE.US,5,20260206,160500,53.19,53.269,53.17,53.23,546290,0
XLE.US,5,20260206,161000,53.23,53.38,53.23,53.375,1047385,0
XLE.US,5,20260206,161500,53.375,53.39,53.26,53.27,1049564,0
XLE.US,5,20260206,162000,53.27,53.38,53.22,53.315,995680,0
XLE.US,5,20260206,162500,53.315,53.415,53.3,53.345,794150,0
XLE.US,5,20260206,163000,53.345,53.37,53.32,53.3381,493871,0
XLE.US,5,20260206,163500,53.34,53.365,53.215,53.3068,714347,0
XLE.US,5,20260206,164000,53.31,53.36,53.29,53.345,366715,0
XLE.US,5,20260206,164500,53.345,53.37,53.29,53.335,709339,0
XLE.US,5,20260206,165000,53.335,53.39,53.325,53.3577,571550,0
XLE.US,5,20260206,165500,53.36,53.38,53.3,53.32,494890,0
XLE.US,5,20260206,170000,53.32,53.32,53.215,53.255,488349,0
XLE.US,5,20260206,170500,53.255,53.265,53.18,53.255,443636,0
XLE.US,5,20260206,171000,53.25,53.255,53.1831,53.21,288927,0
XLE.US,5,20260206,171500,53.21,53.23,53.14,53.225,488971,0
XLE.US,5,20260206,172000,53.225,53.248,53.17,53.17,364329,0
XLE.US,5,20260206,172500,53.17,53.17,53.07,53.08,393485,0
XLE.US,5,20260206,173000,53.085,53.15,53.0808,53.145,358812,0
XLE.US,5,20260206,173500,53.15,53.2,53.14,53.165,356929,0
XLE.US,5,20260206,174000,53.165,53.17,53.12,53.1398,244498,0
XLE.US,5,20260206,174500,53.14,53.1965,53.125,53.135,374310,0
XLE.US,5,20260206,175000,53.135,53.1701,53.109,53.16,330210,0
XLE.US,5,20260206,175500,53.1521,53.1799,53.14,53.152,386623,0
XLE.US,5,20260206,180000,53.15,53.16,53.1232,53.15,856282,0
XLE.US,5,20260206,180500,53.15,53.229,53.14,53.205,220064,0
XLE.US,5,20260206,181000,53.2,53.28,53.195,53.235,290819,0
XLE.US,5,20260206,181500,53.24,53.32,53.22,53.3,198669,0
XLE.US,5,20260206,182000,53.295,53.335,53.295,53.315,320914,0
XLE.US,5,20260206,182500,53.32,53.325,53.24,53.26,303880,0
XLE.US,5,20260206,183000,53.26,53.28,53.235,53.255,369509,0
XLE.US,5,20260206,183500,53.25,53.275,53.23,53.26,269048,0
XLE.US,5,20260206,184000,53.265,53.33,53.255,53.3201,679223,0
XLE.US,5,20260206,184500,53.32,53.345,53.28,53.335,596458,0
XLE.US,5,20260206,185000,53.34,53.36,53.2901,53.2966,453796,0
XLE.US,5,20260206,185500,53.2967,53.2967,53.19,53.19,426014,0
XLE.US,5,20260206,190000,53.195,53.22,53.135,53.18,568931,0
XLE.US,5,20260206,190500,53.176,53.2,53.15,53.195,218063,0
XLE.US,5,20260206,191000,53.196649,53.25,53.196649,53.2307,248527,0
XLE.US,5,20260206,191500,53.235,53.28,53.2235,53.255,187792,0
XLE.US,5,20260206,192000,53.25,53.275,53.165,53.21,693573,0
XLE.US,5,20260206,192500,53.2185,53.2565,53.21,53.25,201110,0
XLE.US,5,20260206,193000,53.245,53.315,53.245,53.31,124748,0
XLE.US,5,20260206,193500,53.315,53.325,53.285,53.305,186454,0
XLE.US,5,20260206,194000,53.305,53.3197,53.26,53.2601,171238,0
XLE.US,5,20260206,194500,53.265,53.27,53.23,53.245,225539,0
XLE.US,5,20260206,195000,53.245,53.26,53.22,53.245,347196,0
XLE.US,5,20260206,195500,53.25,53.25,53.2,53.22,167139,0
XLE.US,5,20260206,200000,53.225,53.29,53.22,53.255,229139,0
XLE.US,5,20260206,200500,53.255,53.2717,53.2483,53.2603,186510,0
XLE.US,5,20260206,201000,53.265,53.28,53.215,53.235,183610,0
XLE.US,5,20260206,201500,53.235,53.32,53.22,53.305,198774,0
XLE.US,5,20260206,202000,53.305,53.35,53.295,53.315,182134,0
XLE.US,5,20260206,202500,53.315,53.33,53.295,53.3065,178548,0
XLE.US,5,20260206,203000,53.3098,53.31,53.27,53.275,298317,0
XLE.US,5,20260206,203500,53.275,53.29,53.25,53.2601,225257,0
XLE.US,5,20260206,204000,53.26,53.265,53.24,53.255,275829,0
XLE.US,5,20260206,204500,53.255,53.295,53.25,53.28,232812,0
XLE.US,5,20260206,205000,53.28,53.28,53.22,53.265,440335,0
XLE.US,5,20260206,205500,53.265,53.27,53.24,53.255,356160,0
XLE.US,5,20260206,210000,53.255,53.27,53.23,53.245,292662,0
XLE.US,5,20260206,210500,53.245,53.25,53.2,53.205,196896,0
XLE.US,5,20260206,211000,53.203,53.2175,53.17,53.19,270176,0
XLE.US,5,20260206,211500,53.18,53.185,53.145,53.155,287693,0
XLE.US,5,20260206,212000,53.155,53.2,53.1501,53.1879,461275,0
XLE.US,5,20260206,212500,53.185,53.21,53.16,53.175,286164,0
XLE.US,5,20260206,213000,53.17,53.235,53.16,53.235,392475,0
XLE.US,5,20260206,213500,53.235,53.235,53.185,53.205,531883,0
XLE.US,5,20260206,214000,53.205,53.235,53.19,53.22,498587,0
XLE.US,5,20260206,214500,53.22,53.22,53.16,53.195,521014,0
XLE.US,5,20260206,215000,53.195,53.32,53.195,53.27,881789,0
XLE.US,5,20260206,215500,53.275,53.32,53.235,53.235,2236364,0
XLE.US,5,20260209,153000,53.205,53.48,53.15,53.29,2011822,0
XLE.US,5,20260209,153500,53.295,53.39,53.21,53.22,971141,0
XLE.US,5,20260209,154000,53.2199,53.2199,53.07,53.125,808617,0
XLE.US,5,20260209,154500,53.12,53.205,52.975,53.035,882404,0
XLE.US,5,20260209,155000,53.03,53.25,53,53.25,666290,0
XLE.US,5,20260209,155500,53.25,53.355,53.14,53.355,551724,0
XLE.US,5,20260209,160000,53.36,53.485,53.32,53.4542,652883,0
XLE.US,5,20260209,160500,53.4509,53.49,53.35,53.36,564441,0
XLE.US,5,20260209,161000,53.36,53.395,53.2601,53.27,458202,0
XLE.US,5,20260209,161500,53.27,53.31,53.23,53.255,448670,0
XLE.US,5,20260209,162000,53.255,53.305,53.25,53.265,406195,0
XLE.US,5,20260209,162500,53.26,53.37,53.23,53.365,360275,0
XLE.US,5,20260209,163000,53.37,53.41,53.345,53.41,283382,0
XLE.US,5,20260209,163500,53.415,53.43,53.3494,53.405,328153,0
XLE.US,5,20260209,164000,53.41,53.41,53.37,53.395,198105,0
XLE.US,5,20260209,164500,53.39,53.415,53.37,53.405,325660,0
XLE.US,5,20260209,165000,53.4,53.41,53.35,53.385,250167,0
XLE.US,5,20260209,165500,53.39,53.41,53.32,53.32,220542,0
XLE.US,5,20260209,170000,53.315,53.36,53.29,53.35,380333,0
XLE.US,5,20260209,170500,53.355,53.36,53.26,53.285,216302,0
XLE.US,5,20260209,171000,53.285,53.316,53.24,53.265,430739,0
XLE.US,5,20260209,171500,53.265,53.335,53.25,53.325,282044,0
XLE.US,5,20260209,172000,53.325,53.435,53.31,53.41,315772,0
XLE.US,5,20260209,172500,53.415,53.4399,53.4,53.435,297810,0
XLE.US,5,20260209,173000,53.435,53.4665,53.41,53.415,324752,0
XLE.US,5,20260209,173500,53.4164,53.44,53.4,53.44,189203,0
XLE.US,5,20260209,174000,53.435,53.5,53.435,53.495,186046,0
XLE.US,5,20260209,174500,53.495,53.575,53.48,53.565,487482,0
XLE.US,5,20260209,175000,53.565,53.5658,53.53,53.545,709234,0
XLE.US,5,20260209,175500,53.545,53.58,53.53,53.575,371513,0
XLE.US,5,20260209,180000,53.575,53.6,53.54,53.555,319737,0
XLE.US,5,20260209,180500,53.555,53.565,53.51,53.515,335355,0
XLE.US,5,20260209,181000,53.52,53.5355,53.51,53.515,498289,0
XLE.US,5,20260209,181500,53.515,53.535,53.4945,53.52,395817,0
XLE.US,5,20260209,182000,53.525,53.555,53.52,53.545,396519,0
XLE.US,5,20260209,182500,53.545,53.595,53.54,53.555,445596,0
XLE.US,5,20260209,183000,53.56,53.565,53.53,53.545,443315,0
XLE.US,5,20260209,183500,53.545,53.56,53.53,53.545,296520,0
XLE.US,5,20260209,184000,53.54,53.545,53.5,53.525,278393,0
XLE.US,5,20260209,184500,53.525,53.5254,53.49,53.51,362196,0
XLE.US,5,20260209,185000,53.505,53.56,53.505,53.555,289433,0
XLE.US,5,20260209,185500,53.56,53.6,53.555,53.6,301897,0
XLE.US,5,20260209,190000,53.59,53.605,53.545,53.55,430871,0
XLE.US,5,20260209,190500,53.55,53.59,53.545,53.585,345311,0
XLE.US,5,20260209,191000,53.585,53.585,53.57,53.585,122385,0
XLE.US,5,20260209,191500,53.585,53.6,53.565,53.595,315045,0
XLE.US,5,20260209,192000,53.595,53.6,53.5,53.555,342316,0
XLE.US,5,20260209,192500,53.555,53.59,53.5401,53.585,387897,0
XLE.US,5,20260209,193000,53.585,53.6,53.545,53.555,455020,0
XLE.US,5,20260209,193500,53.5594,53.575,53.5401,53.545,276482,0
XLE.US,5,20260209,194000,53.55,53.59,53.545,53.58,191693,0
XLE.US,5,20260209,194500,53.575,53.59,53.551,53.555,143963,0
XLE.US,5,20260209,195000,53.55,53.575,53.55,53.565,100062,0
XLE.US,5,20260209,195500,53.565,53.62,53.555,53.61,180875,0
XLE.US,5,20260209,200000,53.605,53.605,53.56,53.581,147729,0
XLE.US,5,20260209,200500,53.585,53.5899,53.54,53.56,186244,0
XLE.US,5,20260209,201000,53.565,53.66,53.555,53.635,510671,0
XLE.US,5,20260209,201500,53.635,53.6899,53.63,53.68,217837,0
XLE.US,5,20260209,202000,53.675,53.69,53.63,53.635,333513,0
XLE.US,5,20260209,202500,53.635,53.6401,53.59,53.61,531852,0
XLE.US,5,20260209,203000,53.61,53.63,53.59,53.625,183878,0
XLE.US,5,20260209,203500,53.625,53.67,53.61,53.665,204781,0
XLE.US,5,20260209,204000,53.665,53.67,53.6379,53.645,214413,0
XLE.US,5,20260209,204500,53.645,53.66,53.6201,53.655,180454,0
XLE.US,5,20260209,205000,53.66,53.67,53.64,53.665,189607,0
XLE.US,5,20260209,205500,53.665,53.7056,53.65,53.7054,287214,0
XLE.US,5,20260209,210000,53.705,53.72,53.69,53.6999,406945,0
XLE.US,5,20260209,210500,53.695,53.71,53.665,53.675,406695,0
XLE.US,5,20260209,211000,53.68,53.69,53.64,53.645,242986,0
XLE.US,5,20260209,211500,53.6494,53.69,53.635,53.685,183104,0
XLE.US,5,20260209,212000,53.68,53.6858,53.64,53.665,295156,0
XLE.US,5,20260209,212500,53.665,53.67,53.62,53.65,271197,0
XLE.US,5,20260209,213000,53.645,53.65,53.6,53.605,329152,0
XLE.US,5,20260209,213500,53.605,53.605,53.56,53.58,585150,0
XLE.US,5,20260209,214000,53.585,53.605,53.565,53.59,367013,0
XLE.US,5,20260209,214500,53.59,53.64,53.585,53.6,714248,0
XLE.US,5,20260209,215000,53.59,53.7,53.59,53.685,1280307,0
XLE.US,5,20260209,215500,53.69,53.71,53.62,53.64,3727791,0
XLE.US,5,20260210,153000,53.78,53.79,53.522,53.55,1429779,0
XLE.US,5,20260210,153500,53.56,53.61,53.385,53.565,1041393,0
XLE.US,5,20260210,154000,53.57,53.62,53.45,53.48,823393,0
XLE.US,5,20260210,154500,53.48,53.56,53.435,53.52,501964,0
XLE.US,5,20260210,155000,53.53,53.545,53.415,53.45,489448,0
XLE.US,5,20260210,155500,53.455,53.49,53.41,53.4497,420062,0
XLE.US,5,20260210,160000,53.45,53.47,53.34,53.36,465826,0
XLE.US,5,20260210,160500,53.36,53.36,53.28,53.29,492498,0
XLE.US,5,20260210,161000,53.285,53.31,53.24,53.27,435055,0
XLE.US,5,20260210,161500,53.275,53.42,53.24,53.4,502163,0
XLE.US,5,20260210,162000,53.41,53.46,53.37,53.375,348830,0
XLE.US,5,20260210,162500,53.38,53.385,53.29,53.355,256807,0
XLE.US,5,20260210,163000,53.355,53.37,53.305,53.35,444781,0
XLE.US,5,20260210,163500,53.3497,53.3999,53.3,53.39,235023,0
XLE.US,5,20260210,164000,53.395,53.46,53.38,53.46,215777,0
XLE.US,5,20260210,164500,53.46,53.49,53.42,53.475,331483,0
XLE.US,5,20260210,165000,53.475,53.49,53.423,53.4703,310480,0
XLE.US,5,20260210,165500,53.47,53.537,53.45,53.53,532715,0
XLE.US,5,20260210,170000,53.525,53.56,53.48,53.49,468563,0
XLE.US,5,20260210,170500,53.485,53.5,53.43,53.455,635848,0
XLE.US,5,20260210,171000,53.455,53.455,53.38,53.425,670220,0
XLE.US,5,20260210,171500,53.425,53.4887,53.41,53.475,490518,0
XLE.US,5,20260210,172000,53.4701,53.53,53.47,53.5,372175,0
XLE.US,5,20260210,172500,53.505,53.575,53.49,53.535,476663,0
XLE.US,5,20260210,173000,53.535,53.55,53.46,53.47,378248,0
XLE.US,5,20260210,173500,53.475,53.515,53.45,53.51,322841,0
XLE.US,5,20260210,174000,53.515,53.52,53.475,53.515,327723,0
XLE.US,5,20260210,174500,53.52,53.53,53.46,53.46,248829,0
XLE.US,5,20260210,175000,53.46,53.485,53.44,53.476741,315668,0
XLE.US,5,20260210,175500,53.47,53.485,53.4501,53.4599,275483,0
XLE.US,5,20260210,180000,53.45,53.4665,53.42,53.445,247132,0
XLE.US,5,20260210,180500,53.45,53.49,53.445,53.49,363016,0
XLE.US,5,20260210,181000,53.48,53.5076,53.47,53.485,450219,0
XLE.US,5,20260210,181500,53.485,53.485,53.44,53.45,412476,0
XLE.US,5,20260210,182000,53.45,53.46,53.43,53.45,89853,0
XLE.US,5,20260210,182500,53.455,53.535,53.455,53.525,237274,0
XLE.US,5,20260210,183000,53.53,53.54,53.48,53.49,301406,0
XLE.US,5,20260210,183500,53.495,53.51,53.49,53.505,110700,0
XLE.US,5,20260210,184000,53.505,53.535,53.5,53.5301,305017,0
XLE.US,5,20260210,184500,53.535,53.5599,53.51,53.54,276550,0
XLE.US,5,20260210,185000,53.535,53.58,53.535,53.565,261419,0
XLE.US,5,20260210,185500,53.56,53.5899,53.545,53.585,265116,0
XLE.US,5,20260210,190000,53.5825,53.6,53.565,53.5665,440109,0
XLE.US,5,20260210,190500,53.57,53.59,53.555,53.555,289364,0
XLE.US,5,20260210,191000,53.56,53.6,53.55,53.585,235566,0
XLE.US,5,20260210,191500,53.585,53.595,53.55,53.57,566504,0
XLE.US,5,20260210,192000,53.5766,53.59,53.56,53.565,261181,0
XLE.US,5,20260210,192500,53.5684,53.575,53.54,53.55,241781,0
XLE.US,5,20260210,193000,53.5496,53.6,53.545,53.595,250818,0
XLE.US,5,20260210,193500,53.595,53.62,53.585,53.605,203799,0
XLE.US,5,20260210,194000,53.605,53.615,53.58,53.59,171088,0
XLE.US,5,20260210,194500,53.585,53.5867,53.54,53.545,127968,0
XLE.US,5,20260210,195000,53.548,53.548,53.48,53.49,143584,0
XLE.US,5,20260210,195500,53.4803,53.5475,53.4799,53.535,202183,0
XLE.US,5,20260210,200000,53.535,53.57,53.51,53.54,272383,0
XLE.US,5,20260210,200500,53.55,53.575,53.55,53.565,217260,0
XLE.US,5,20260210,201000,53.5699,53.585,53.55,53.57,232312,0
XLE.US,5,20260210,201500,53.5753,53.58,53.54,53.5635,214300,0
XLE.US,5,20260210,202000,53.56,53.6,53.555,53.5769,288686,0
XLE.US,5,20260210,202500,53.5755,53.585,53.55,53.575,250291,0
XLE.US,5,20260210,203000,53.57,53.59,53.56,53.57,379062,0
XLE.US,5,20260210,203500,53.57,53.635,53.56,53.635,147705,0
XLE.US,5,20260210,204000,53.64,53.65,53.61,53.645,203965,0
XLE.US,5,20260210,204500,53.65,53.66,53.62,53.6399,215740,0
XLE.US,5,20260210,205000,53.635,53.67,53.62,53.635,210595,0
XLE.US,5,20260210,205500,53.64,53.665,53.6399,53.665,130057,0
XLE.US,5,20260210,210000,53.66,53.68,53.635,53.6399,224566,0
XLE.US,5,20260210,210500,53.635,53.64,53.6,53.605,165209,0
XLE.US,5,20260210,211000,53.605,53.61,53.58,53.585,295296,0
XLE.US,5,20260210,211500,53.59,53.625,53.58,53.615,189983,0
XLE.US,5,20260210,212000,53.61,53.635,53.6,53.61,195157,0
XLE.US,5,20260210,212500,53.61,53.61,53.54,53.54,217764,0
XLE.US,5,20260210,213000,53.535,53.54,53.515,53.535,271864,0
XLE.US,5,20260210,213500,53.535,53.5676,53.52,53.565,317562,0
XLE.US,5,20260210,214000,53.56,53.58,53.545,53.565,254204,0
XLE.US,5,20260210,214500,53.5697,53.605,53.56,53.595,300034,0
XLE.US,5,20260210,215000,53.59,53.635,53.58,53.585,971368,0
XLE.US,5,20260210,215500,53.585,53.61,53.56,53.58,2547535,0
XLE.US,5,20260211,153000,54.3499,54.715,54.25,54.59,1937831,0
XLE.US,5,20260211,153500,54.59,54.805,54.54,54.695,1466582,0
XLE.US,5,20260211,154000,54.695,54.755,54.53,54.66,1339903,0
XLE.US,5,20260211,154500,54.66,54.735,54.58,54.59,869433,0
XLE.US,5,20260211,155000,54.59,54.68,54.545,54.605,769721,0
XLE.US,5,20260211,155500,54.61,54.6455,54.54,54.5875,551566,0
XLE.US,5,20260211,160000,54.59,54.6,54.435,54.44,653659,0
XLE.US,5,20260211,160500,54.435,54.48,54.38,54.48,389222,0
XLE.US,5,20260211,161000,54.49,54.495,54.35,54.41,885965,0
XLE.US,5,20260211,161500,54.41,54.49,54.405,54.43,450722,0
XLE.US,5,20260211,162000,54.435,54.515,54.41,54.455,631243,0
XLE.US,5,20260211,162500,54.46,54.525,54.435,54.505,509506,0
XLE.US,5,20260211,163000,54.5,54.599,54.44,54.57,712510,0
XLE.US,5,20260211,163500,54.575,54.669,54.5745,54.655,671582,0
XLE.US,5,20260211,164000,54.655,54.69,54.615,54.64,826116,0
XLE.US,5,20260211,164500,54.64,54.695,54.58,54.6,648297,0
XLE.US,5,20260211,165000,54.6,54.665,54.585,54.6,525888,0
XLE.US,5,20260211,165500,54.595,54.75,54.595,54.74,573353,0
XLE.US,5,20260211,170000,54.735,54.8,54.71,54.7285,1452813,0
XLE.US,5,20260211,170500,54.73,54.83,54.695,54.805,1080878,0
XLE.US,5,20260211,171000,54.81,54.88,54.805,54.8261,755971,0
XLE.US,5,20260211,171500,54.83,54.89,54.825,54.865,398274,0
XLE.US,5,20260211,172000,54.87,54.905,54.855,54.89,458786,0
XLE.US,5,20260211,172500,54.89,54.955,54.8825,54.935,596826,0
XLE.US,5,20260211,173000,54.93,55.08,54.925,55.075,716635,0
XLE.US,5,20260211,173500,55.075,55.11,55.05,55.0789,427072,0
XLE.US,5,20260211,174000,55.08,55.1,55.04,55.06,419588,0
XLE.US,5,20260211,174500,55.065,55.09,55.019,55.025,601226,0
XLE.US,5,20260211,175000,55.025,55.1,55.01,55.085,734712,0
XLE.US,5,20260211,175500,55.08,55.09,55.04,55.0597,481163,0
XLE.US,5,20260211,180000,55.06,55.07,55.0142,55.03,380716,0
XLE.US,5,20260211,180500,55.04,55.055,55.01,55.025,312844,0
XLE.US,5,20260211,181000,55.025,55.03,54.96,54.965,482988,0
XLE.US,5,20260211,181500,54.97,55,54.941,55,534357,0
XLE.US,5,20260211,182000,54.995,55.01,54.9725,55,779217,0
XLE.US,5,20260211,182500,55,55.015,54.84,55.005,1950146,0
XLE.US,5,20260211,183000,55.005,55.01,54.9,54.935,470237,0
XLE.US,5,20260211,183500,54.935,54.99,54.92,54.99,469151,0
XLE.US,5,20260211,184000,54.985,55,54.95,54.975,291979,0
XLE.US,5,20260211,184500,54.98,54.995,54.95,54.965,342962,0
XLE.US,5,20260211,185000,54.965,54.9699,54.93,54.95,351418,0
XLE.US,5,20260211,185500,54.9479,54.95,54.88,54.905,310138,0
XLE.US,5,20260211,190000,54.905,54.96,54.89,54.92,267028,0
XLE.US,5,20260211,190500,54.92,54.92,54.83,54.835,346717,0
XLE.US,5,20260211,191000,54.83,54.8961,54.82,54.88,304742,0
XLE.US,5,20260211,191500,54.885,54.935,54.87,54.915,466591,0
XLE.US,5,20260211,192000,54.91,54.915,54.84,54.89,385595,0
XLE.US,5,20260211,192500,54.886,54.99,54.885,54.9678,173575,0
XLE.US,5,20260211,193000,54.97,55,54.93,54.96,253053,0
XLE.US,5,20260211,193500,54.96,55.0154,54.955,54.99,265750,0
XLE.US,5,20260211,194000,54.9899,54.99,54.93,54.945,338178,0
XLE.US,5,20260211,194500,54.945,54.965,54.915,54.9203,353205,0
XLE.US,5,20260211,195000,54.92,54.93,54.805,54.83,763569,0
XLE.US,5,20260211,195500,54.83,54.86,54.79,54.82,560431,0
XLE.US,5,20260211,200000,54.815,54.875,54.77,54.8666,589456,0
XLE.US,5,20260211,200500,54.87,54.91,54.843,54.865,1061296,0
XLE.US,5,20260211,201000,54.87,54.8857,54.83,54.835,250154,0
XLE.US,5,20260211,201500,54.84,54.88,54.8,54.84,1186299,0
XLE.US,5,20260211,202000,54.845,54.875,54.815,54.875,1283395,0
XLE.US,5,20260211,202500,54.88,54.8955,54.8548,54.88,315402,0
XLE.US,5,20260211,203000,54.88,54.89,54.84,54.875,567490,0
XLE.US,5,20260211,203500,54.875,54.89,54.85,54.8559,460611,0
XLE.US,5,20260211,204000,54.8599,54.91,54.8451,54.905,414476,0
XLE.US,5,20260211,204500,54.905,54.95,54.86,54.94,470268,0
XLE.US,5,20260211,205000,54.95,54.95,54.9,54.901363,485222,0
XLE.US,5,20260211,205500,54.905,54.945,54.9,54.935,257386,0
XLE.US,5,20260211,210000,54.94,54.97,54.93,54.955,242351,0
XLE.US,5,20260211,210500,54.957,54.96,54.915,54.9376,236365,0
XLE.US,5,20260211,211000,54.93,54.936,54.88,54.885,345821,0
XLE.US,5,20260211,211500,54.8899,54.905,54.8606,54.89,453914,0
XLE.US,5,20260211,212000,54.89,54.91,54.875,54.9,432404,0
XLE.US,5,20260211,212500,54.899,54.91,54.88,54.895,192047,0
XLE.US,5,20260211,213000,54.89,54.92,54.875,54.905,224904,0
XLE.US,5,20260211,213500,54.905,54.96,54.905,54.955,430009,0
XLE.US,5,20260211,214000,54.959,54.97,54.93,54.955,378663,0
XLE.US,5,20260211,214500,54.9513,54.97,54.93,54.965,667041,0
XLE.US,5,20260211,215000,54.96,55.0499,54.96,55.035,1343700,0
XLE.US,5,20260211,215500,55.035,55.06,54.97,54.98,3539826,0
XLE.US,5,20260212,153000,54.845,55.06,54.7,55.015,2753385,0
XLE.US,5,20260212,153500,55.02,55.13,54.87,54.935,1730923,0
XLE.US,5,20260212,154000,54.92,55,54.85,54.93,1110745,0
XLE.US,5,20260212,154500,54.935,55.185,54.905,55.165,894680,0
XLE.US,5,20260212,155000,55.165,55.24,55.025,55.105,854210,0
XLE.US,5,20260212,155500,55.1,55.145,54.98,55.0637,945256,0
XLE.US,5,20260212,160000,55.065,55.155,55.05,55.1002,589886,0
XLE.US,5,20260212,160500,55.105,55.215,55.065,55.165,539899,0
XLE.US,5,20260212,161000,55.16,55.18,55.03,55.08,623788,0
XLE.US,5,20260212,161500,55.08,55.115,55.03,55.05,541573,0
XLE.US,5,20260212,162000,55.05,55.065,54.96,54.9701,463445,0
XLE.US,5,20260212,162500,54.9795,54.9899,54.8301,54.885,462222,0
XLE.US,5,20260212,163000,54.885,54.931,54.85,54.865,378258,0
XLE.US,5,20260212,163500,54.865,54.9299,54.85,54.89,522217,0
XLE.US,5,20260212,164000,54.885,55.09,54.86,55.0499,661084,0
XLE.US,5,20260212,164500,55.045,55.11,54.985,54.99,576897,0
XLE.US,5,20260212,165000,54.99,55.005,54.915,54.965,413284,0
XLE.US,5,20260212,165500,54.965,55,54.92,54.965,441468,0
XLE.US,5,20260212,170000,54.97,55.025,54.94,55.0199,598144,0
XLE.US,5,20260212,170500,55.02,55.04,54.985,55.005,427422,0
XLE.US,5,20260212,171000,55.005,55.025,54.865,54.8705,544184,0
XLE.US,5,20260212,171500,54.88,54.91,54.77,54.7903,752075,0
XLE.US,5,20260212,172000,54.795,54.83,54.745,54.761,667771,0
XLE.US,5,20260212,172500,54.76,54.775,54.575,54.58,732926,0
XLE.US,5,20260212,173000,54.58,54.72,54.58,54.64,786211,0
XLE.US,5,20260212,173500,54.645,54.7,54.6,54.7,701916,0
XLE.US,5,20260212,174000,54.7,54.715,54.66,54.66,868635,0
XLE.US,5,20260212,174500,54.665,54.685,54.47,54.485,1032592,0
XLE.US,5,20260212,175000,54.48,54.52,54.29,54.31,1229029,0
XLE.US,5,20260212,175500,54.315,54.36,54.165,54.23,1029652,0
XLE.US,5,20260212,180000,54.2342,54.265,54.0737,54.18,1155160,0
XLE.US,5,20260212,180500,54.18,54.25,54.085,54.235,972207,0
XLE.US,5,20260212,181000,54.23,54.3099,54.13,54.14,605019,0
XLE.US,5,20260212,181500,54.135,54.185,54.075,54.185,1019293,0
XLE.US,5,20260212,182000,54.2,54.28,54.175,54.255,608422,0
XLE.US,5,20260212,182500,54.255,54.275,54.06,54.085,1168466,0
XLE.US,5,20260212,183000,54.08,54.16,54.025,54.155,623121,0
XLE.US,5,20260212,183500,54.15,54.17,54.06,54.083,449649,0
XLE.US,5,20260212,184000,54.08,54.22,54.08,54.21,537554,0
XLE.US,5,20260212,184500,54.21,54.265,54.1,54.1,554084,0
XLE.US,5,20260212,185000,54.105,54.105,53.89,53.9799,860270,0
XLE.US,5,20260212,185500,53.975,53.99,53.83,53.86,748269,0
XLE.US,5,20260212,190000,53.865,53.97,53.76,53.965,905447,0
XLE.US,5,20260212,190500,53.97,54.05,53.94,53.94,411768,0
XLE.US,5,20260212,191000,53.94,53.98,53.795,53.8,455126,0
XLE.US,5,20260212,191500,53.8,53.9,53.795,53.895,390831,0
XLE.US,5,20260212,192000,53.895,53.975,53.895,53.94,306297,0
XLE.US,5,20260212,192500,53.94,53.955,53.76,53.84,755681,0
XLE.US,5,20260212,193000,53.845,53.99,53.76,53.99,621499,0
XLE.US,5,20260212,193500,53.99,54.04,53.975,54.02,333299,0
XLE.US,5,20260212,194000,54.02,54.15,54.003277,54.135,645440,0
XLE.US,5,20260212,194500,54.135,54.18,54.11,54.175,893990,0
XLE.US,5,20260212,195000,54.175,54.215,54.145,54.175,480929,0
XLE.US,5,20260212,195500,54.175,54.2,53.97,54.05,2659159,0
XLE.US,5,20260212,200000,54.04,54.12,54.04,54.08,655075,0
XLE.US,5,20260212,200500,54.09,54.21,54.075,54.195,993121,0
XLE.US,5,20260212,201000,54.195,54.23,54.155,54.2227,537510,0
XLE.US,5,20260212,201500,54.22,54.28,54.1914,54.275,573933,0
XLE.US,5,20260212,202000,54.275,54.29,54.17,54.195,572354,0
XLE.US,5,20260212,202500,54.195,54.2,54.08,54.105,1019320,0
XLE.US,5,20260212,203000,54.1,54.23,54.095,54.23,658357,0
XLE.US,5,20260212,203500,54.24,54.26,54.2,54.245,293978,0
XLE.US,5,20260212,204000,54.25,54.2695,54.215,54.24,515348,0
XLE.US,5,20260212,204500,54.24,54.3,54.23,54.26,551090,0
XLE.US,5,20260212,205000,54.265,54.31,54.26,54.265,825410,0
XLE.US,5,20260212,205500,54.2683,54.285,54.145,54.215,1449208,0
XLE.US,5,20260212,210000,54.22,54.23,54.17,54.205,971913,0
XLE.US,5,20260212,210500,54.2086,54.28,54.2,54.257,748327,0
XLE.US,5,20260212,211000,54.25,54.25,54.18,54.223343,488793,0
XLE.US,5,20260212,211500,54.22,54.22,54.14,54.193,555672,0
XLE.US,5,20260212,212000,54.19,54.22,54.1588,54.218,263053,0
XLE.US,5,20260212,212500,54.215,54.22,54.095,54.1,332920,0
XLE.US,5,20260212,213000,54.1,54.15,54.07,54.115,492315,0
XLE.US,5,20260212,213500,54.12,54.15,54.085,54.09,584871,0
XLE.US,5,20260212,214000,54.095,54.1484,54.06,54.145,457427,0
XLE.US,5,20260212,214500,54.145,54.165,54.0821,54.1,635559,0
XLE.US,5,20260212,215000,54.1,54.11,54.0245,54.03,1369925,0
XLE.US,5,20260212,215500,54.03,54.04,53.95,53.97,2862845,0
XLE.US,5,20260213,153000,53.98,54.33,53.94,54.33,1839448,0
XLE.US,5,20260213,153500,54.32,54.395,54.06,54.085,1276995,0
XLE.US,5,20260213,154000,54.08,54.09,53.81,53.93,1139863,0
XLE.US,5,20260213,154500,53.93,54.145,53.905,53.905,999666,0
XLE.US,5,20260213,155000,53.91,54.09,53.845,54.01,696999,0
XLE.US,5,20260213,155500,54.015,54.1503,54.015,54.09,585897,0
XLE.US,5,20260213,160000,54.1,54.23,54.075,54.195,518359,0
XLE.US,5,20260213,160500,54.185,54.31,54.1,54.295,458268,0
XLE.US,5,20260213,161000,54.29,54.345,54.21,54.23,525208,0
XLE.US,5,20260213,161500,54.23,54.31,54.145,54.21,602487,0
XLE.US,5,20260213,162000,54.21,54.24,54.095,54.11,486298,0
XLE.US,5,20260213,162500,54.1,54.23,54.08,54.195,596958,0
XLE.US,5,20260213,163000,54.195,54.25,54.17,54.195,518244,0
XLE.US,5,20260213,163500,54.2,54.29,54.155,54.23,475256,0
XLE.US,5,20260213,164000,54.23,54.27,54.13,54.14,495575,0
XLE.US,5,20260213,164500,54.14,54.21,54.12,54.21,570520,0
XLE.US,5,20260213,165000,54.22,54.25,54.195,54.195,313268,0
XLE.US,5,20260213,165500,54.2,54.215,54.145,54.165,429699,0
XLE.US,5,20260213,170000,54.16,54.295,54.14,54.29,319465,0
XLE.US,5,20260213,170500,54.29,54.37,54.28,54.365,485262,0
XLE.US,5,20260213,171000,54.365,54.4,54.32,54.4,247133,0
XLE.US,5,20260213,171500,54.41,54.48,54.405,54.475,124383,0
XLE.US,5,20260213,172000,54.48,54.4986,54.36,54.365,462889,0
XLE.US,5,20260213,172500,54.365,54.495,54.355,54.485,571906,0
XLE.US,5,20260213,173000,54.49,54.5189,54.445,54.485,591965,0
XLE.US,5,20260213,173500,54.4893,54.4893,54.355,54.435,281929,0
XLE.US,5,20260213,174000,54.435,54.49,54.41,54.435,266031,0
XLE.US,5,20260213,174500,54.43,54.475,54.38,54.435,583410,0
XLE.US,5,20260213,175000,54.435,54.46,54.4,54.435,487565,0
XLE.US,5,20260213,175500,54.435,54.46,54.39,54.435,559022,0
XLE.US,5,20260213,180000,54.43,54.5002,54.4105,54.5001,286230,0
XLE.US,5,20260213,180500,54.505,54.525,54.485,54.515,291768,0
XLE.US,5,20260213,181000,54.51,54.535,54.495,54.535,246416,0
XLE.US,5,20260213,181500,54.53,54.535,54.405,54.425,216011,0
XLE.US,5,20260213,182000,54.425,54.4599,54.37,54.395,643293,0
XLE.US,5,20260213,182500,54.4,54.4,54.32,54.32,421373,0
XLE.US,5,20260213,183000,54.325,54.385,54.32,54.3451,381373,0
XLE.US,5,20260213,183500,54.34,54.395,54.31,54.385,293276,0
XLE.US,5,20260213,184000,54.38,54.45,54.374,54.41,259783,0
XLE.US,5,20260213,184500,54.41,54.48,54.4077,54.46,261316,0
XLE.US,5,20260213,185000,54.465,54.47,54.4001,54.415,154148,0
XLE.US,5,20260213,185500,54.415,54.42,54.27,54.3799,973399,0
XLE.US,5,20260213,190000,54.37,54.385,54.305,54.315,457130,0
XLE.US,5,20260213,190500,54.315,54.3675,54.305,54.36,364649,0
XLE.US,5,20260213,191000,54.355,54.425,54.355,54.41,500981,0
XLE.US,5,20260213,191500,54.41,54.41,54.32,54.335,582929,0
XLE.US,5,20260213,192000,54.335,54.375,54.315,54.325,348740,0
XLE.US,5,20260213,192500,54.325,54.335,54.19,54.23,1356707,0
XLE.US,5,20260213,193000,54.23,54.385,54.2,54.37,785005,0
XLE.US,5,20260213,193500,54.375,54.44,54.37,54.4261,135506,0
XLE.US,5,20260213,194000,54.43,54.46,54.42,54.425,231655,0
XLE.US,5,20260213,194500,54.425,54.49,54.425,54.4799,375138,0
XLE.US,5,20260213,195000,54.4789,54.495,54.435,54.465,504473,0
XLE.US,5,20260213,195500,54.465,54.4851,54.335,54.4,980716,0
XLE.US,5,20260213,200000,54.4,54.45,54.365,54.4343,578006,0
XLE.US,5,20260213,200500,54.435,54.5265,54.425,54.5203,578496,0
XLE.US,5,20260213,201000,54.525,54.575,54.5,54.515,613828,0
XLE.US,5,20260213,201500,54.515,54.5275,54.43,54.45,341624,0
XLE.US,5,20260213,202000,54.45,54.47,54.42,54.4653,390202,0
XLE.US,5,20260213,202500,54.465,54.49,54.33,54.37,629758,0
XLE.US,5,20260213,203000,54.375,54.48,54.375,54.4402,827790,0
XLE.US,5,20260213,203500,54.44,54.46,54.393,54.405,481481,0
XLE.US,5,20260213,204000,54.405,54.405,54.32,54.35,479977,0
XLE.US,5,20260213,204500,54.35,54.39,54.335,54.345,251759,0
XLE.US,5,20260213,205000,54.3497,54.36,54.275,54.29,361279,0
XLE.US,5,20260213,205500,54.295,54.34,54.23,54.31,598743,0
XLE.US,5,20260213,210000,54.305,54.4,54.305,54.395,333104,0
XLE.US,5,20260213,210500,54.39,54.4,54.34,54.3697,376237,0
XLE.US,5,20260213,211000,54.3648,54.4,54.355,54.385,281723,0
XLE.US,5,20260213,211500,54.385,54.39,54.35,54.385,328323,0
XLE.US,5,20260213,212000,54.385,54.3899,54.34,54.355,400397,0
XLE.US,5,20260213,212500,54.35,54.375,54.28,54.2997,432200,0
XLE.US,5,20260213,213000,54.29,54.36,54.29,54.335,454754,0
XLE.US,5,20260213,213500,54.337,54.37,54.31,54.345,583416,0
XLE.US,5,20260213,214000,54.34,54.36,54.32,54.335,343522,0
XLE.US,5,20260213,214500,54.33,54.36,54.26,54.355,811945,0
XLE.US,5,20260213,215000,54.35,54.355,54.26,54.3299,741831,0
XLE.US,5,20260213,215500,54.32,54.36,54.29,54.35,2388030,0
XLE.US,5,20260217,153000,54.565,54.905,54.225,54.25,2212901,0
XLE.US,5,20260217,153500,54.25,54.32,54.075,54.2014,2178040,0
XLE.US,5,20260217,154000,54.2,54.21,53.89,53.95,1528822,0
XLE.US,5,20260217,154500,53.96,54,53.68,53.715,982051,0
XLE.US,5,20260217,155000,53.715,53.738,53.405,53.441,1290581,0
XLE.US,5,20260217,155500,53.46,53.485,53.27,53.33,1196837,0
XLE.US,5,20260217,160000,53.32,53.6299,53.28,53.625,915171,0
XLE.US,5,20260217,160500,53.63,53.725,53.58,53.585,749186,0
XLE.US,5,20260217,161000,53.585,53.63,53.455,53.465,576527,0
XLE.US,5,20260217,161500,53.47,53.6397,53.415,53.635,492187,0
XLE.US,5,20260217,162000,53.635,53.64,53.535,53.59,440357,0
XLE.US,5,20260217,162500,53.585,53.6,53.265,53.34,1058479,0
XLE.US,5,20260217,163000,53.34,53.405,53.3,53.31,480791,0
XLE.US,5,20260217,163500,53.31,53.345,53.265,53.2988,549885,0
XLE.US,5,20260217,164000,53.295,53.34,53.18,53.2,589297,0
XLE.US,5,20260217,164500,53.195,53.38,53.19,53.3,696320,0
XLE.US,5,20260217,165000,53.3,53.395,53.225,53.395,512424,0
XLE.US,5,20260217,165500,53.39,53.44,53.35,53.425,541110,0
XLE.US,5,20260217,170000,53.425,53.48,53.4,53.47,405050,0
XLE.US,5,20260217,170500,53.475,53.59,53.475,53.5665,381562,0
XLE.US,5,20260217,171000,53.565,53.645,53.56,53.62,302127,0
XLE.US,5,20260217,171500,53.625,53.669,53.59,53.65,402837,0
XLE.US,5,20260217,172000,53.655,53.7299,53.65,53.72,449493,0
XLE.US,5,20260217,172500,53.725,53.75,53.61,53.615,484128,0
XLE.US,5,20260217,173000,53.615,53.66,53.5436,53.655,510456,0
XLE.US,5,20260217,173500,53.65,53.67,53.595,53.605,278135,0
XLE.US,5,20260217,174000,53.6,53.625,53.575,53.605,269694,0
XLE.US,5,20260217,174500,53.605,53.65,53.565,53.57,214644,0
XLE.US,5,20260217,175000,53.57,53.62,53.545,53.605,187156,0
XLE.US,5,20260217,175500,53.605,53.699,53.6,53.655,165517,0
XLE.US,5,20260217,180000,53.6505,53.655,53.555,53.56,245623,0
XLE.US,5,20260217,180500,53.5699,53.6099,53.56,53.57,122666,0
XLE.US,5,20260217,181000,53.565,53.5955,53.515,53.58,175575,0
XLE.US,5,20260217,181500,53.57,53.61,53.55,53.58,287981,0
XLE.US,5,20260217,182000,53.58,53.585,53.5,53.53,202172,0
XLE.US,5,20260217,182500,53.5297,53.56,53.51,53.545,382348,0
XLE.US,5,20260217,183000,53.54,53.625,53.535,53.6175,552988,0
XLE.US,5,20260217,183500,53.62,53.62,53.565,53.59,365707,0
XLE.US,5,20260217,184000,53.5817,53.6283,53.5525,53.5525,536468,0
XLE.US,5,20260217,184500,53.5507,53.58,53.545,53.5565,449196,0
XLE.US,5,20260217,185000,53.555,53.57,53.475,53.505,390725,0
XLE.US,5,20260217,185500,53.505,53.6,53.5001,53.58,452863,0
XLE.US,5,20260217,190000,53.58,53.5998,53.5299,53.5599,323975,0
XLE.US,5,20260217,190500,53.55,53.557,53.45,53.45,466204,0
XLE.US,5,20260217,191000,53.45,53.46,53.4216,53.435,345574,0
XLE.US,5,20260217,191500,53.4301,53.48,53.43,53.45,272270,0
XLE.US,5,20260217,192000,53.45,53.55,53.45,53.515,260535,0
XLE.US,5,20260217,192500,53.51,53.54,53.48,53.54,357297,0
XLE.US,5,20260217,193000,53.545,53.565,53.53,53.535,279525,0
XLE.US,5,20260217,193500,53.535,53.62,53.535,53.615,360561,0
XLE.US,5,20260217,194000,53.6197,53.65,53.6,53.6,363398,0
XLE.US,5,20260217,194500,53.605,53.635,53.585,53.605,317284,0
XLE.US,5,20260217,195000,53.605,53.65,53.581,53.635,243318,0
XLE.US,5,20260217,195500,53.63,53.645,53.5639,53.575,273650,0
XLE.US,5,20260217,200000,53.575,53.59,53.53,53.56,217081,0
XLE.US,5,20260217,200500,53.575,53.58,53.52,53.535,187599,0
XLE.US,5,20260217,201000,53.54,53.61,53.53,53.6,394648,0
XLE.US,5,20260217,201500,53.6074,53.615,53.57,53.57,267067,0
XLE.US,5,20260217,202000,53.575,53.625,53.57,53.575,282143,0
XLE.US,5,20260217,202500,53.575,53.59,53.51,53.55,296383,0
XLE.US,5,20260217,203000,53.55,53.61,53.52,53.61,266532,0
XLE.US,5,20260217,203500,53.61,53.63,53.585,53.605,193318,0
XLE.US,5,20260217,204000,53.605,53.6767,53.585,53.67,242673,0
XLE.US,5,20260217,204500,53.67,53.705,53.65,53.695,285546,0
XLE.US,5,20260217,205000,53.6999,53.719,53.655,53.7,287023,0
XLE.US,5,20260217,205500,53.7012,53.7076,53.65,53.66,241681,0
XLE.US,5,20260217,210000,53.6597,53.685,53.64,53.685,448325,0
XLE.US,5,20260217,210500,53.69,53.695,53.645,53.685,217748,0
XLE.US,5,20260217,211000,53.685,53.72,53.67,53.705,289899,0
XLE.US,5,20260217,211500,53.71,53.71,53.655,53.665,524483,0
XLE.US,5,20260217,212000,53.67,53.715,53.655,53.685,380152,0
XLE.US,5,20260217,212500,53.68,53.76,53.68,53.73,284328,0
XLE.US,5,20260217,213000,53.73,53.73,53.67,53.7,615386,0
XLE.US,5,20260217,213500,53.705,53.73,53.68,53.715,534962,0
XLE.US,5,20260217,214000,53.715,53.78,53.715,53.7699,609550,0
XLE.US,5,20260217,214500,53.7673,53.77,53.695,53.735,1241143,0
XLE.US,5,20260217,215000,53.735,53.82,53.73,53.765,1644651,0
XLE.US,5,20260217,215500,53.765,53.79,53.68,53.76,3452419,0
XLE.US,5,20260218,153000,54.53,54.68,54.22,54.6,2656632,0
XLE.US,5,20260218,153500,54.61,54.65,54.31,54.375,2223875,0
XLE.US,5,20260218,154000,54.375,54.47,54.27,54.28,1721152,0
XLE.US,5,20260218,154500,54.29,54.41,54.29,54.41,1260121,0
XLE.US,5,20260218,155000,54.41,54.55,54.35,54.515,761368,0
XLE.US,5,20260218,155500,54.52,54.52,54.375,54.41,651575,0
XLE.US,5,20260218,160000,54.415,54.5,54.32,54.375,689075,0
XLE.US,5,20260218,160500,54.3775,54.395,54.3,54.3499,535858,0
XLE.US,5,20260218,161000,54.34,54.44,54.325,54.38,340997,0
XLE.US,5,20260218,161500,54.37,54.49,54.37,54.44,440789,0
XLE.US,5,20260218,162000,54.435,54.4789,54.32,54.32,489341,0
XLE.US,5,20260218,162500,54.325,54.355,54.26,54.345,535814,0
XLE.US,5,20260218,163000,54.35,54.44,54.3301,54.385,402473,0
XLE.US,5,20260218,163500,54.385,54.5,54.38,54.5,385839,0
XLE.US,5,20260218,164000,54.495,54.495,54.42,54.435,318192,0
XLE.US,5,20260218,164500,54.44,54.5,54.4301,54.475,458399,0
XLE.US,5,20260218,165000,54.475,54.5,54.445,54.47,300615,0
XLE.US,5,20260218,165500,54.465,54.5,54.455,54.47,374103,0
XLE.US,5,20260218,170000,54.48,54.48,54.395,54.44,382554,0
XLE.US,5,20260218,170500,54.435,54.54,54.43,54.535,808788,0
XLE.US,5,20260218,171000,54.535,54.55,54.445,54.475,438101,0
XLE.US,5,20260218,171500,54.475,54.53,54.47,54.5045,339255,0
XLE.US,5,20260218,172000,54.5,54.52,54.46,54.465,346426,0
XLE.US,5,20260218,172500,54.465,54.47,54.41,54.445,242710,0
XLE.US,5,20260218,173000,54.45,54.51,54.445,54.495,298942,0
XLE.US,5,20260218,173500,54.5,54.53,54.46,54.53,206870,0
XLE.US,5,20260218,174000,54.5299,54.615,54.52,54.61,206864,0
XLE.US,5,20260218,174500,54.615,54.62,54.535,54.565,519999,0
XLE.US,5,20260218,175000,54.565,54.64,54.53,54.5674,527543,0
XLE.US,5,20260218,175500,54.56,54.62,54.555,54.555,432367,0
XLE.US,5,20260218,180000,54.56,54.605,54.535,54.6,353101,0
XLE.US,5,20260218,180500,54.595,54.6,54.54,54.5784,324626,0
XLE.US,5,20260218,181000,54.58,54.65,54.565,54.61,582234,0
XLE.US,5,20260218,181500,54.615,54.62,54.55,54.58,294482,0
XLE.US,5,20260218,182000,54.59,54.6051,54.54,54.555,256165,0
XLE.US,5,20260218,182500,54.56,54.56,54.495,54.52,363789,0
XLE.US,5,20260218,183000,54.52,54.54,54.5065,54.535,366901,0
XLE.US,5,20260218,183500,54.535,54.585,54.5201,54.58,357357,0
XLE.US,5,20260218,184000,54.57,54.61,54.555,54.585,330908,0
XLE.US,5,20260218,184500,54.5899,54.6,54.555,54.575,355152,0
XLE.US,5,20260218,185000,54.57,54.6298,54.57,54.615,253675,0
XLE.US,5,20260218,185500,54.6188,54.675,54.602,54.67,693405,0
XLE.US,5,20260218,190000,54.67,54.77,54.67,54.755,1285194,0
XLE.US,5,20260218,190500,54.755,54.76,54.68,54.705,459131,0
XLE.US,5,20260218,191000,54.705,54.77,54.65,54.76,1098136,0
XLE.US,5,20260218,191500,54.76,54.79,54.73,54.735,634219,0
XLE.US,5,20260218,192000,54.74,54.74,54.69,54.7065,369333,0
XLE.US,5,20260218,192500,54.7059,54.725,54.635,54.695,591169,0
XLE.US,5,20260218,193000,54.695,54.7,54.63,54.665,584801,0
XLE.US,5,20260218,193500,54.67,54.69,54.6,54.63,964986,0
XLE.US,5,20260218,194000,54.635,54.69,54.63,54.685,830644,0
XLE.US,5,20260218,194500,54.68,54.79,54.6747,54.785,838700,0
XLE.US,5,20260218,195000,54.78,54.79,54.744,54.76,459569,0
XLE.US,5,20260218,195500,54.765,54.765,54.665,54.685,430619,0
XLE.US,5,20260218,200000,54.685,54.78,54.65,54.78,623071,0
XLE.US,5,20260218,200500,54.78,54.785,54.67,54.68,385899,0
XLE.US,5,20260218,201000,54.68,54.705,54.625,54.635,400516,0
XLE.US,5,20260218,201500,54.635,54.645,54.55,54.58,570633,0
XLE.US,5,20260218,202000,54.5735,54.65,54.57,54.64,497390,0
XLE.US,5,20260218,202500,54.6466,54.7,54.55,54.6325,1124230,0
XLE.US,5,20260218,203000,54.635,54.66,54.55,54.555,544669,0
XLE.US,5,20260218,203500,54.555,54.61,54.53,54.6,655506,0
XLE.US,5,20260218,204000,54.6,54.665,54.6,54.64,655024,0
XLE.US,5,20260218,204500,54.64,54.695,54.635,54.64,318062,0
XLE.US,5,20260218,205000,54.64,54.66,54.575,54.63,428209,0
XLE.US,5,20260218,205500,54.6297,54.715,54.59,54.68,459437,0
XLE.US,5,20260218,210000,54.68,54.72,54.675,54.68,299436,0
XLE.US,5,20260218,210500,54.675,54.7,54.645,54.675,342154,0
XLE.US,5,20260218,211000,54.67,54.7078,54.66,54.67,418243,0
XLE.US,5,20260218,211500,54.67,54.68,54.63,54.655,392313,0
XLE.US,5,20260218,212000,54.655,54.69,54.655,54.675,333859,0
XLE.US,5,20260218,212500,54.675,54.675,54.6,54.6535,471659,0
XLE.US,5,20260218,213000,54.655,54.725,54.6501,54.7126,472999,0
XLE.US,5,20260218,213500,54.715,54.73,54.65,54.655,415100,0
XLE.US,5,20260218,214000,54.655,54.67,54.645,54.655,479585,0
XLE.US,5,20260218,214500,54.65,54.74,54.6345,54.72,1581144,0
XLE.US,5,20260218,215000,54.72,54.86,54.72,54.85,2004904,0
XLE.US,5,20260218,215500,54.845,54.855,54.76,54.78,3932554,0
XLE.US,5,20260219,153000,55.46,55.665,55.23,55.485,3400661,0
XLE.US,5,20260219,153500,55.4851,55.77,55.36,55.7583,2072503,0
XLE.US,5,20260219,154000,55.755,55.88,55.69,55.845,2281864,0
XLE.US,5,20260219,154500,55.84,55.845,55.7001,55.73,1338886,0
XLE.US,5,20260219,155000,55.74,55.75,55.615,55.655,1065193,0
XLE.US,5,20260219,155500,55.65,55.68,55.51,55.575,931833,0
XLE.US,5,20260219,160000,55.58,55.61,55.28,55.295,2389758,0
XLE.US,5,20260219,160500,55.2901,55.42,55.2901,55.35,1924564,0
XLE.US,5,20260219,161000,55.35,55.445,55.23,55.235,1143282,0
XLE.US,5,20260219,161500,55.24,55.4,55.24,55.37,983032,0
XLE.US,5,20260219,162000,55.37,55.4,55.285,55.35,1000544,0
XLE.US,5,20260219,162500,55.35,55.36,55.1619,55.26,932374,0
XLE.US,5,20260219,163000,55.26,55.39,55.215,55.28,991338,0
XLE.US,5,20260219,163500,55.28,55.3899,55.275,55.385,823122,0
XLE.US,5,20260219,164000,55.39,55.48,55.375,55.41,906080,0
XLE.US,5,20260219,164500,55.41,55.52,55.4,55.505,653441,0
XLE.US,5,20260219,165000,55.505,55.52,55.4003,55.475,648448,0
XLE.US,5,20260219,165500,55.48,55.5,55.4134,55.46,713458,0
XLE.US,5,20260219,170000,55.465,55.56,55.45,55.5,553496,0
XLE.US,5,20260219,170500,55.5,55.52,55.4301,55.495,445965,0
XLE.US,5,20260219,171000,55.495,55.515,55.445,55.45,330500,0
XLE.US,5,20260219,171500,55.46,55.475,55.415,55.435,499184,0
XLE.US,5,20260219,172000,55.44,55.44,55.34,55.385,488374,0
XLE.US,5,20260219,172500,55.39,55.3963,55.305,55.319,569958,0
XLE.US,5,20260219,173000,55.32,55.39,55.32,55.385,447383,0
XLE.US,5,20260219,173500,55.38,55.385,55.29,55.29,236982,0
XLE.US,5,20260219,174000,55.29,55.325,55.245,55.26,484631,0
XLE.US,5,20260219,174500,55.26,55.29,55.18,55.18,273120,0
XLE.US,5,20260219,175000,55.18,55.2,55.11,55.185,794414,0
XLE.US,5,20260219,175500,55.1875,55.23,55.18,55.2,397551,0
XLE.US,5,20260219,180000,55.2,55.285,55.195,55.265,493826,0
XLE.US,5,20260219,180500,55.26,55.27,55.18,55.215,353866,0
XLE.US,5,20260219,181000,55.215,55.255,55.19,55.225,310850,0
XLE.US,5,20260219,181500,55.225,55.2999,55.19,55.285,357377,0
XLE.US,5,20260219,182000,55.29,55.355,55.27,55.28,439986,0
XLE.US,5,20260219,182500,55.2899,55.35,55.28,55.295,347871,0
XLE.US,5,20260219,183000,55.29,55.325,55.27,55.28,236015,0
XLE.US,5,20260219,183500,55.275,55.28,55.19,55.265,792150,0
XLE.US,5,20260219,184000,55.265,55.305,55.235,55.235,327580,0
XLE.US,5,20260219,184500,55.23,55.24,55.14,55.145,435743,0
XLE.US,5,20260219,185000,55.145,55.17,55.1,55.11,421611,0
XLE.US,5,20260219,185500,55.11,55.16,55.1,55.125,354230,0
XLE.US,5,20260219,190000,55.12,55.1317,55.05,55.075,316497,0
XLE.US,5,20260219,190500,55.08,55.1099,55.015,55.08,794890,0
XLE.US,5,20260219,191000,55.075,55.13,55.02,55.105,1031603,0
XLE.US,5,20260219,191500,55.11,55.125,55.055,55.055,426747,0
XLE.US,5,20260219,192000,55.055,55.09,55.01,55.085,225112,0
XLE.US,5,20260219,192500,55.085,55.12,54.95,54.97,678947,0
XLE.US,5,20260219,193000,54.975,55.02,54.925,54.96,646920,0
XLE.US,5,20260219,193500,54.965,55.03,54.955,55.02,503342,0
XLE.US,5,20260219,194000,55.02,55.109,55.005,55.105,269423,0
XLE.US,5,20260219,194500,55.105,55.1799,55.105,55.1799,262052,0
XLE.US,5,20260219,195000,55.17,55.22,55.135,55.195,197643,0
XLE.US,5,20260219,195500,55.2,55.25,55.195,55.245,163078,0
XLE.US,5,20260219,200000,55.245,55.28,55.22,55.265,452224,0
XLE.US,5,20260219,200500,55.265,55.28,55.23,55.2691,280002,0
XLE.US,5,20260219,201000,55.26,55.3,55.165,55.28,535906,0
XLE.US,5,20260219,201500,55.28,55.29,55.235,55.255,498813,0
XLE.US,5,20260219,202000,55.255,55.295,55.2482,55.265,320394,0
XLE.US,5,20260219,202500,55.27,55.2884,55.23,55.285,186788,0
XLE.US,5,20260219,203000,55.28,55.325,55.27,55.305,381475,0
XLE.US,5,20260219,203500,55.3,55.3,55.22,55.2234,236651,0
XLE.US,5,20260219,204000,55.225,55.3,55.205,55.2997,200302,0
XLE.US,5,20260219,204500,55.295,55.33,55.26,55.32,283584,0
XLE.US,5,20260219,205000,55.3299,55.33,55.27,55.295,307091,0
XLE.US,5,20260219,205500,55.29,55.305,55.25,55.27,237942,0
XLE.US,5,20260219,210000,55.27,55.33,55.265,55.3,716208,0
XLE.US,5,20260219,210500,55.3,55.33,55.26,55.3006,326142,0
XLE.US,5,20260219,211000,55.305,55.385,55.305,55.38,303935,0
XLE.US,5,20260219,211500,55.37,55.385,55.295,55.34,457806,0
XLE.US,5,20260219,212000,55.3397,55.36,55.29,55.29,444249,0
XLE.US,5,20260219,212500,55.29,55.325,55.27,55.295,271836,0
XLE.US,5,20260219,213000,55.2975,55.37,55.295,55.34,435453,0
XLE.US,5,20260219,213500,55.34,55.3451,55.27,55.285,449458,0
XLE.US,5,20260219,214000,55.2899,55.3,55.23,55.255,455818,0
XLE.US,5,20260219,214500,55.2599,55.27,55.185,55.22,777014,0
XLE.US,5,20260219,215000,55.22,55.24,55.18,55.22,1456334,0
XLE.US,5,20260219,215500,55.225,55.225,55.15,55.18,3039628,0
XLE.US,5,20260220,153000,55.04,55.185,54.88,54.94,1307718,0
XLE.US,5,20260220,153500,54.95,54.98,54.74,54.9,1268416,0
XLE.US,5,20260220,154000,55.025,55.12,54.95,55.01,647508,0
XLE.US,5,20260220,154500,55.02,55.07,54.82,54.82,506510,0
XLE.US,5,20260220,155000,54.825,54.96,54.8,54.95,658673,0
XLE.US,5,20260220,155500,54.95,54.9897,54.845,54.98,550556,0
XLE.US,5,20260220,160000,54.985,55.285,54.985,55.11,868404,0
XLE.US,5,20260220,160500,55.115,55.115,54.975,55.065,606082,0
XLE.US,5,20260220,161000,55.065,55.08,54.725,54.735,1143150,0
XLE.US,5,20260220,161500,54.735,54.98,54.7,54.95,1130973,0
XLE.US,5,20260220,162000,54.95,54.99,54.92,54.92,284929,0
XLE.US,5,20260220,162500,54.93,55.0199,54.895,54.92,437804,0
XLE.US,5,20260220,163000,54.92,54.9899,54.8799,54.905,513268,0
XLE.US,5,20260220,163500,54.91,54.93,54.795,54.815,416834,0
XLE.US,5,20260220,164000,54.81,54.875,54.785,54.83,416398,0
XLE.US,5,20260220,164500,54.831,54.831,54.72,54.725,617201,0
XLE.US,5,20260220,165000,54.725,54.73,54.64,54.6409,564180,0
XLE.US,5,20260220,165500,54.65,54.69,54.59,54.595,421905,0
XLE.US,5,20260220,170000,54.6,54.61,54.51,54.555,483530,0
XLE.US,5,20260220,170500,54.555,54.6298,54.5501,54.605,438259,0
XLE.US,5,20260220,171000,54.6,54.71,54.59,54.645,449988,0
XLE.US,5,20260220,171500,54.65,54.6655,54.595,54.63,371658,0
XLE.US,5,20260220,172000,54.63,54.65,54.555,54.56,305505,0
XLE.US,5,20260220,172500,54.56,54.6,54.54,54.545,282958,0
XLE.US,5,20260220,173000,54.54,54.61,54.52,54.58,297978,0
XLE.US,5,20260220,173500,54.58,54.62,54.565,54.6199,189098,0
XLE.US,5,20260220,174000,54.62,54.6394,54.58,54.615,189935,0
XLE.US,5,20260220,174500,54.61,54.64,54.57,54.58,251818,0
XLE.US,5,20260220,175000,54.58,54.625,54.525,54.555,235538,0
XLE.US,5,20260220,175500,54.555,54.565,54.54,54.555,72946,0
XLE.US,5,20260220,180000,54.5599,54.615,54.5594,54.58,150541,0
XLE.US,5,20260220,180500,54.58,54.64,54.58,54.6001,212745,0
XLE.US,5,20260220,181000,54.6001,54.6299,54.565,54.58,295261,0
XLE.US,5,20260220,181500,54.58,54.59,54.54,54.5551,409702,0
XLE.US,5,20260220,182000,54.555,54.63,54.53,54.57,313513,0
XLE.US,5,20260220,182500,54.575,54.63,54.57,54.62,485754,0
XLE.US,5,20260220,183000,54.61,54.67,54.6023,54.655,550965,0
XLE.US,5,20260220,183500,54.655,54.765,54.655,54.755,479066,0
XLE.US,5,20260220,184000,54.755,54.81,54.735,54.8,471380,0
XLE.US,5,20260220,184500,54.8,54.85,54.755,54.775,310631,0
XLE.US,5,20260220,185000,54.775,54.79,54.725,54.77,469655,0
XLE.US,5,20260220,185500,54.775,54.7889,54.715,54.75,597992,0
XLE.US,5,20260220,190000,54.745,54.83,54.74,54.82,414022,0
XLE.US,5,20260220,190500,54.82,54.835,54.76,54.7684,469511,0
XLE.US,5,20260220,191000,54.76,54.83,54.74,54.82,372930,0
XLE.US,5,20260220,191500,54.8199,54.825,54.74,54.77,315260,0
XLE.US,5,20260220,192000,54.77,54.805,54.71,54.805,421346,0
XLE.US,5,20260220,192500,54.81,54.8285,54.745,54.81,355441,0
XLE.US,5,20260220,193000,54.8,54.935,54.77,54.87,583633,0
XLE.US,5,20260220,193500,54.8616,54.915,54.78,54.88,434818,0
XLE.US,5,20260220,194000,54.875,54.92,54.87,54.88,536196,0
XLE.US,5,20260220,194500,54.89,54.925,54.81,54.8116,461127,0
XLE.US,5,20260220,195000,54.8127,54.8299,54.7699,54.815,419557,0
XLE.US,5,20260220,195500,54.8152,54.84,54.785,54.83,377214,0
XLE.US,5,20260220,200000,54.83,54.865,54.805,54.83,428470,0
XLE.US,5,20260220,200500,54.84,54.845,54.7901,54.815,222131,0
XLE.US,5,20260220,201000,54.815,54.8299,54.79,54.805,397560,0
XLE.US,5,20260220,201500,54.805,54.81,54.73,54.75,171636,0
XLE.US,5,20260220,202000,54.7498,54.79,54.74,54.7799,277238,0
XLE.US,5,20260220,202500,54.775,54.82,54.755,54.8,355155,0
XLE.US,5,20260220,203000,54.8,54.86,54.8,54.81,335800,0
XLE.US,5,20260220,203500,54.81,54.816657,54.72,54.745,205839,0
XLE.US,5,20260220,204000,54.74,54.77,54.72,54.72,188802,0
XLE.US,5,20260220,204500,54.72,54.75,54.71,54.745,210263,0
XLE.US,5,20260220,205000,54.74,54.82,54.74,54.805,253279,0
XLE.US,5,20260220,205500,54.81,54.83,54.775,54.805,365709,0
XLE.US,5,20260220,210000,54.81,54.86,54.805,54.835,255682,0
XLE.US,5,20260220,210500,54.835,54.86,54.81,54.8214,259379,0
XLE.US,5,20260220,211000,54.83,54.83,54.76,54.78,152391,0
XLE.US,5,20260220,211500,54.7795,54.79,54.76,54.78,332121,0
XLE.US,5,20260220,212000,54.78,54.85,54.77,54.84,368251,0
XLE.US,5,20260220,212500,54.84,54.85,54.8,54.83,283239,0
XLE.US,5,20260220,213000,54.83,54.87,54.825,54.87,661195,0
XLE.US,5,20260220,213500,54.865,54.88,54.84,54.845,603966,0
XLE.US,5,20260220,214000,54.85,54.92,54.8201,54.915,568285,0
XLE.US,5,20260220,214500,54.915,54.9159,54.85,54.865,564835,0
XLE.US,5,20260220,215000,54.87,54.87,54.75,54.775,1107567,0
XLE.US,5,20260220,215500,54.78,54.9,54.78,54.9,4859125,0
XLE.US,5,20260223,153000,55.035,55.49,54.98,55.44,1334633,0
XLE.US,5,20260223,153500,55.45,55.78,55.42,55.76,3289594,0
XLE.US,5,20260223,154000,55.75,55.87,55.71,55.82,1265755,0
XLE.US,5,20260223,154500,55.825,55.93,55.565,55.57,1263330,0
XLE.US,5,20260223,155000,55.58,55.67,55.54,55.56,998182,0
XLE.US,5,20260223,155500,55.56,55.605,55.44,55.51,544050,0
XLE.US,5,20260223,160000,55.51,55.57,55.44,55.455,1001846,0
XLE.US,5,20260223,160500,55.46,55.52,55.42,55.44,610364,0
XLE.US,5,20260223,161000,55.445,55.49,55.33,55.35,615622,0
XLE.US,5,20260223,161500,55.345,55.37,55.25,55.26,615940,0
XLE.US,5,20260223,162000,55.26,55.28,55.18,55.184,546701,0
XLE.US,5,20260223,162500,55.18,55.19,55.105,55.185,446802,0
XLE.US,5,20260223,163000,55.19,55.2,55.065,55.08,605284,0
XLE.US,5,20260223,163500,55.085,55.15,55.07,55.13,274299,0
XLE.US,5,20260223,164000,55.125,55.1497,55.0714,55.1,373856,0
XLE.US,5,20260223,164500,55.11,55.16,55.09,55.155,457860,0
XLE.US,5,20260223,165000,55.15,55.2391,55.145,55.235,269159,0
XLE.US,5,20260223,165500,55.235,55.24,55.15,55.16,306379,0
XLE.US,5,20260223,170000,55.155,55.18,54.99,55.03,463895,0
XLE.US,5,20260223,170500,55.025,55.095,55.01,55.055,390153,0
XLE.US,5,20260223,171000,55.06,55.13,55.06,55.06,255186,0
XLE.US,5,20260223,171500,55.065,55.195,55.0399,55.185,448689,0
XLE.US,5,20260223,172000,55.19,55.25,55.185,55.224,363211,0
XLE.US,5,20260223,172500,55.23,55.24,55.165,55.23,267218,0
XLE.US,5,20260223,173000,55.23,55.235,55.12,55.125,415779,0
XLE.US,5,20260223,173500,55.125,55.135,55.07,55.07,213370,0
XLE.US,5,20260223,174000,55.075,55.0899,55.04,55.075,502675,0
XLE.US,5,20260223,174500,55.075,55.085,55,55.065,333796,0
XLE.US,5,20260223,175000,55.06,55.145,55.06,55.11,265464,0
XLE.US,5,20260223,175500,55.115,55.14,55.07,55.08,244770,0
XLE.US,5,20260223,180000,55.075,55.125,55.04,55.05,242976,0
XLE.US,5,20260223,180500,55.055,55.07,55,55.045,259187,0
XLE.US,5,20260223,181000,55.04,55.06,54.98,55.01,280064,0
XLE.US,5,20260223,181500,55.005,55.03,54.97,55.01,242506,0
XLE.US,5,20260223,182000,55.005,55.015,54.92,54.93,427283,0
XLE.US,5,20260223,182500,54.9315,54.94,54.9,54.9197,176855,0
XLE.US,5,20260223,183000,54.92,54.949,54.8965,54.905,172476,0
XLE.US,5,20260223,183500,54.9,54.96,54.865,54.935,241028,0
XLE.US,5,20260223,184000,54.93,55.03,54.93,55.015,178615,0
XLE.US,5,20260223,184500,55.0186,55.025,54.935,54.985,152646,0
XLE.US,5,20260223,185000,54.99,55.055,54.9745,55.03,325203,0
XLE.US,5,20260223,185500,55.025,55.07,55.01,55.02,205103,0
XLE.US,5,20260223,190000,55.015,55.06,55.015,55.05,162841,0
XLE.US,5,20260223,190500,55.05,55.145,55.05,55.135,146817,0
XLE.US,5,20260223,191000,55.135,55.135,55.08,55.09,173929,0
XLE.US,5,20260223,191500,55.085,55.13,55.075,55.11,211409,0
XLE.US,5,20260223,192000,55.11,55.125,55.065,55.0785,252373,0
XLE.US,5,20260223,192500,55.075,55.0963,55.03,55.08,335944,0
XLE.US,5,20260223,193000,55.08,55.12,55.073442,55.1,373917,0
XLE.US,5,20260223,193500,55.1,55.11,55.08,55.085,343533,0
XLE.US,5,20260223,194000,55.085,55.11,55.07,55.095,385958,0
XLE.US,5,20260223,194500,55.0917,55.13,55.09,55.0988,270511,0
XLE.US,5,20260223,195000,55.095,55.145,55.09,55.12,345662,0
XLE.US,5,20260223,195500,55.12,55.14,55.0749,55.105,277250,0
XLE.US,5,20260223,200000,55.1099,55.115,55.05,55.075,359899,0
XLE.US,5,20260223,200500,55.075,55.0854,55.05,55.06,344436,0
XLE.US,5,20260223,201000,55.07,55.07,55.025,55.03,197987,0
XLE.US,5,20260223,201500,55.0213,55.067,55.02,55.045,181914,0
XLE.US,5,20260223,202000,55.05,55.06,55,55.05,277960,0
XLE.US,5,20260223,202500,55.055,55.06,54.99,55.01,192528,0
XLE.US,5,20260223,203000,55.0097,55.035,54.98,55.02,175576,0
XLE.US,5,20260223,203500,55.0101,55.0101,54.97,54.98,160679,0
XLE.US,5,20260223,204000,54.975,55.01,54.97,54.995,150471,0
XLE.US,5,20260223,204500,54.995,55.07,54.9911,55.055,159393,0
XLE.US,5,20260223,205000,55.055,55.155,55.055,55.145,218693,0
XLE.US,5,20260223,205500,55.14,55.18,55.12,55.135,267504,0
XLE.US,5,20260223,210000,55.14,55.2,55.135,55.19,202948,0
XLE.US,5,20260223,210500,55.2,55.22,55.185,55.2,217604,0
XLE.US,5,20260223,211000,55.205,55.21,55.13,55.135,205832,0
XLE.US,5,20260223,211500,55.135,55.16,55.095,55.095,236770,0
XLE.US,5,20260223,212000,55.095,55.125,55.085,55.12,293657,0
XLE.US,5,20260223,212500,55.12,55.21,55.1103,55.195,736262,0
XLE.US,5,20260223,213000,55.195,55.255,55.195,55.2285,1977485,0
XLE.US,5,20260223,213500,55.2285,55.24,55.17,55.19,754644,0
XLE.US,5,20260223,214000,55.1899,55.2,55.15,55.19,563714,0
XLE.US,5,20260223,214500,55.19,55.2,55.14,55.175,180614,0
XLE.US,5,20260223,215000,55.185,55.195,55.085,55.095,354710,0
XLE.US,5,20260223,215500,55.095,55.15,55.05,55.15,1719272,0
XLE.US,5,20260224,153000,55.12,55.145,54.75,54.765,1633256,0
XLE.US,5,20260224,153500,54.76,54.77,54.53,54.58,1308594,0
XLE.US,5,20260224,154000,54.575,54.6,54.4,54.455,1407331,0
XLE.US,5,20260224,154500,54.46,54.725,54.45,54.71,1494784,0
XLE.US,5,20260224,155000,54.715,54.8099,54.655,54.775,1149214,0
XLE.US,5,20260224,155500,54.77,54.795,54.645,54.76,831847,0
XLE.US,5,20260224,160000,54.76,54.835,54.7,54.7501,524604,0
XLE.US,5,20260224,160500,54.75,54.84,54.7,54.815,910704,0
XLE.US,5,20260224,161000,54.815,54.84,54.74,54.833,566727,0
XLE.US,5,20260224,161500,54.835,54.9,54.835,54.845,530321,0
XLE.US,5,20260224,162000,54.85,54.925,54.835,54.92,645450,0
XLE.US,5,20260224,162500,54.925,54.985,54.75,54.77,1885486,0
XLE.US,5,20260224,163000,54.765,54.78,54.55,54.595,1456422,0
XLE.US,5,20260224,163500,54.595,54.68,54.55,54.625,981693,0
XLE.US,5,20260224,164000,54.625,54.66,54.59,54.625,508856,0
XLE.US,5,20260224,164500,54.63,54.67,54.58,54.62,782101,0
XLE.US,5,20260224,165000,54.625,54.6487,54.58,54.6083,411029,0
XLE.US,5,20260224,165500,54.605,54.62,54.57,54.6,406253,0
XLE.US,5,20260224,170000,54.595,54.625,54.545,54.625,417791,0
XLE.US,5,20260224,170500,54.62,54.71,54.58,54.66,434384,0
XLE.US,5,20260224,171000,54.66,54.72,54.635,54.69,317374,0
XLE.US,5,20260224,171500,54.69,54.7555,54.69,54.755,341278,0
XLE.US,5,20260224,172000,54.756,54.765,54.705,54.76,352350,0
XLE.US,5,20260224,172500,54.765,54.81,54.71,54.72,432924,0
XLE.US,5,20260224,173000,54.72,54.73,54.6613,54.6613,273097,0
XLE.US,5,20260224,173500,54.67,54.7384,54.67,54.7358,332138,0
XLE.US,5,20260224,174000,54.73,54.79,54.725,54.765,260147,0
XLE.US,5,20260224,174500,54.76,54.7899,54.71,54.725,275491,0
XLE.US,5,20260224,175000,54.725,54.755,54.711,54.725,327962,0
XLE.US,5,20260224,175500,54.725,54.75,54.67,54.745,211643,0
XLE.US,5,20260224,180000,54.74,54.8,54.735,54.79,172399,0
XLE.US,5,20260224,180500,54.795,54.82,54.78,54.815,189941,0
XLE.US,5,20260224,181000,54.815,54.86,54.8001,54.8545,219856,0
XLE.US,5,20260224,181500,54.8502,54.9499,54.85,54.945,190875,0
XLE.US,5,20260224,182000,54.98,55.0091,54.93,54.93,326514,0
XLE.US,5,20260224,182500,54.915,54.96,54.915,54.945,44251,0
XLE.US,5,20260224,183000,54.915,54.9155,54.885,54.895,29620,0
XLE.US,5,20260224,183500,54.875,54.895,54.875,54.885,19040,0
XLE.US,5,20260224,184000,54.9,54.905,54.86,54.86,13958,0
XLE.US,5,20260224,184500,54.88,54.9,54.87,54.875,43113,0
XLE.US,5,20260224,185000,54.87,54.9,54.865,54.875,46347,0
XLE.US,5,20260224,185500,54.895,54.9072,54.89,54.9,4572,0
XLE.US,5,20260224,190000,54.96,54.9893,54.96,54.985,47994,0
XLE.US,5,20260224,190500,54.98,54.99,54.98,54.985,25419,0
XLE.US,5,20260224,191000,54.995,55,54.99,54.995,92689,0
XLE.US,5,20260224,191500,55.01,55.015,55.0017,55.015,51487,0
XLE.US,5,20260224,192000,55.0099,55.0313,55,55.028618,219174,0
XLE.US,5,20260224,192500,55.0201,55.0499,55.01,55.02,198606,0
XLE.US,5,20260224,193000,55.025,55.04,55.01,55.035,177374,0
XLE.US,5,20260224,193500,55.035,55.065,55.025,55.065,119329,0
XLE.US,5,20260224,194000,55.06,55.1055,55.06,55.1,148125,0
XLE.US,5,20260224,194500,55.1,55.13,55.06,55.065,291066,0
XLE.US,5,20260224,195000,55.0608,55.07,55.02,55.035,245377,0
XLE.US,5,20260224,195500,55.035,55.08,55.015,55.035,237430,0
XLE.US,5,20260224,200000,55.03,55.035,54.935,54.95,434885,0
XLE.US,5,20260224,200500,54.94,54.94,54.86,54.875,349900,0
XLE.US,5,20260224,201000,54.875,54.9,54.86,54.865,427034,0
XLE.US,5,20260224,201500,54.87,54.885,54.815,54.83,708438,0
XLE.US,5,20260224,202000,54.835,54.92,54.83,54.915,562835,0
XLE.US,5,20260224,202500,54.915,55,54.915,54.98,374718,0
XLE.US,5,20260224,203000,54.98,55.05,54.98,55.035,362813,0
XLE.US,5,20260224,203500,55.035,55.04,54.965,54.9843,255710,0
XLE.US,5,20260224,204000,54.985,55.02,54.96,54.96,204875,0
XLE.US,5,20260224,204500,54.965,54.965,54.89,54.8994,156889,0
XLE.US,5,20260224,205000,54.895,54.94,54.895,54.9392,154710,0
XLE.US,5,20260224,205500,54.94,54.9599,54.91,54.935,336841,0
XLE.US,5,20260224,210000,54.937,54.98,54.92,54.925,335407,0
XLE.US,5,20260224,210500,54.925,54.94,54.905,54.92,206431,0
XLE.US,5,20260224,211000,54.925,54.965,54.915,54.955,311510,0
XLE.US,5,20260224,211500,54.955,55.03,54.93,55.0275,266820,0
XLE.US,5,20260224,212000,55.0201,55.12,55.0201,55.105,375792,0
XLE.US,5,20260224,212500,55.11,55.13,55.09,55.115,331939,0
XLE.US,5,20260224,213000,55.11,55.13,55.09,55.13,318087,0
XLE.US,5,20260224,213500,55.125,55.16,55.12,55.14,271867,0
XLE.US,5,20260224,214000,55.1435,55.16,55.12,55.145,479157,0
XLE.US,5,20260224,214500,55.145,55.19,55.115,55.185,475230,0
XLE.US,5,20260224,215000,55.19,55.22,55.12,55.14,1314975,0
XLE.US,5,20260224,215500,55.135,55.15,55.09,55.1,2886546,0
XLE.US,5,20260225,153000,55.3,55.37,54.94,54.995,927535,0
XLE.US,5,20260225,153500,54.9993,55.21,54.99,55.065,897504,0
XLE.US,5,20260225,154000,55.06,55.075,54.87,54.875,869965,0
XLE.US,5,20260225,154500,54.87,54.92,54.7,54.72,887203,0
XLE.US,5,20260225,155000,54.71,54.71,54.43,54.455,816378,0
XLE.US,5,20260225,155500,54.46,54.475,54.33,54.425,895827,0
XLE.US,5,20260225,160000,54.4202,54.5,54.3101,54.325,775360,0
XLE.US,5,20260225,160500,54.325,54.355,54.185,54.275,760681,0
XLE.US,5,20260225,161000,54.2701,54.385,54.255,54.32,734706,0
XLE.US,5,20260225,161500,54.32,54.4563,54.31,54.36,367534,0
XLE.US,5,20260225,162000,54.37,54.53,54.33,54.5,693148,0
XLE.US,5,20260225,162500,54.495,54.54,54.455,54.4985,557067,0
XLE.US,5,20260225,163000,54.49,54.49,54.365,54.395,773621,0
XLE.US,5,20260225,163500,54.395,54.437872,54.33,54.375,488971,0
XLE.US,5,20260225,164000,54.3793,54.3793,54.29,54.32,435671,0
XLE.US,5,20260225,164500,54.32,54.36,54.28,54.33,539583,0
XLE.US,5,20260225,165000,54.335,54.46,54.32,54.445,326319,0
XLE.US,5,20260225,165500,54.43,54.505,54.405,54.455,325720,0
XLE.US,5,20260225,170000,54.455,54.48,54.4,54.405,473391,0
XLE.US,5,20260225,170500,54.4081,54.46,54.355,54.365,432654,0
XLE.US,5,20260225,171000,54.36,54.48,54.35,54.46,472417,0
XLE.US,5,20260225,171500,54.46,54.51,54.405,54.405,356608,0
XLE.US,5,20260225,172000,54.405,54.405,54.35,54.365,513772,0
XLE.US,5,20260225,172500,54.365,54.495,54.35,54.46,582399,0
XLE.US,5,20260225,173000,54.465,54.47,54.42,54.47,303492,0
XLE.US,5,20260225,173500,54.475,54.52,54.445,54.5,304196,0
XLE.US,5,20260225,174000,54.49,54.505,54.445,54.4851,280055,0
XLE.US,5,20260225,174500,54.485,54.6079,54.47,54.575,322781,0
XLE.US,5,20260225,175000,54.58,54.585,54.5,54.505,208964,0
XLE.US,5,20260225,175500,54.5083,54.61,54.505,54.6085,324545,0
XLE.US,5,20260225,180000,54.61,54.665,54.575,54.585,417165,0
XLE.US,5,20260225,180500,54.585,54.59,54.55,54.555,217564,0
XLE.US,5,20260225,181000,54.555,54.565,54.45,54.45,228185,0
XLE.US,5,20260225,181500,54.4599,54.51,54.435,54.4899,200556,0
XLE.US,5,20260225,182000,54.4899,54.54,54.46,54.525,261952,0
XLE.US,5,20260225,182500,54.52,54.56,54.505,54.545,165223,0
XLE.US,5,20260225,183000,54.55,54.5951,54.55,54.585,179946,0
XLE.US,5,20260225,183500,54.5848,54.63,54.56,54.595,301145,0
XLE.US,5,20260225,184000,54.6,54.615,54.58,54.605,185234,0
XLE.US,5,20260225,184500,54.605,54.605,54.555,54.5776,190313,0
XLE.US,5,20260225,185000,54.575,54.61,54.565,54.605,170686,0
XLE.US,5,20260225,185500,54.605,54.67,54.605,54.645,170380,0
XLE.US,5,20260225,190000,54.64,54.65,54.58,54.595,139293,0
XLE.US,5,20260225,190500,54.59,54.66,54.58,54.635,205946,0
XLE.US,5,20260225,191000,54.635,54.655,54.615,54.6401,136304,0
XLE.US,5,20260225,191500,54.645,54.675,54.635,54.6685,127671,0
XLE.US,5,20260225,192000,54.665,54.71,54.665,54.69,273310,0
XLE.US,5,20260225,192500,54.7,54.72,54.69,54.7,131658,0
XLE.US,5,20260225,193000,54.705,54.755,54.695,54.695,216898,0
XLE.US,5,20260225,193500,54.695,54.73,54.69,54.7,153440,0
XLE.US,5,20260225,194000,54.695,54.7094,54.6693,54.684,198007,0
XLE.US,5,20260225,194500,54.685,54.71,54.6501,54.665,305185,0
XLE.US,5,20260225,195000,54.665,54.72,54.665,54.715,284719,0
XLE.US,5,20260225,195500,54.72,54.73,54.675,54.71,234562,0
XLE.US,5,20260225,200000,54.71,54.7499,54.69,54.6975,259150,0
XLE.US,5,20260225,200500,54.695,54.71,54.67,54.6799,288154,0
XLE.US,5,20260225,201000,54.6766,54.695,54.66,54.685,254721,0
XLE.US,5,20260225,201500,54.685,54.71,54.67,54.7,215975,0
XLE.US,5,20260225,202000,54.7003,54.745,54.7,54.7299,242633,0
XLE.US,5,20260225,202500,54.73,54.7499,54.7141,54.7401,219783,0
XLE.US,5,20260225,203000,54.74,54.785,54.735,54.785,290170,0
XLE.US,5,20260225,203500,54.7801,54.82,54.765,54.815,330691,0
XLE.US,5,20260225,204000,54.8199,54.8399,54.785,54.815,141790,0
XLE.US,5,20260225,204500,54.815,54.8499,54.81,54.84,149764,0
XLE.US,5,20260225,205000,54.84,54.855,54.81,54.8199,196064,0
XLE.US,5,20260225,205500,54.815,54.83,54.78,54.795,132116,0
XLE.US,5,20260225,210000,54.795,54.8163,54.76,54.8,445467,0
XLE.US,5,20260225,210500,54.795,54.83,54.775,54.775,256349,0
XLE.US,5,20260225,211000,54.78,54.845,54.775,54.8193,244098,0
XLE.US,5,20260225,211500,54.815,54.835,54.805,54.8201,225500,0
XLE.US,5,20260225,212000,54.8201,54.8206,54.73,54.755,273246,0
XLE.US,5,20260225,212500,54.76,54.78,54.73,54.735,434107,0
XLE.US,5,20260225,213000,54.73,54.785,54.715,54.78,480888,0
XLE.US,5,20260225,213500,54.78,54.815,54.77,54.795,431863,0
XLE.US,5,20260225,214000,54.795,54.845,54.79,54.825,506414,0
XLE.US,5,20260225,214500,54.8287,54.8813,54.815,54.855,1011068,0
XLE.US,5,20260225,215000,54.86,54.92,54.855,54.865,930067,0
XLE.US,5,20260225,215500,54.86,54.91,54.84,54.87,2551539,0
XLE.US,5,20260226,154500,54.4,54.465,54.395,54.415,331268,0
XLE.US,5,20260226,155000,54.45,54.58,54.45,54.49,388970,0
XLE.US,5,20260226,155500,54.495,54.58,54.405,54.565,735321,0
XLE.US,5,20260226,160000,54.565,54.78,54.56,54.77,663725,0
XLE.US,5,20260226,160500,54.77,54.84,54.7401,54.8092,716680,0
XLE.US,5,20260226,161000,54.805,54.87,54.74,54.78,450807,0
XLE.US,5,20260226,161500,54.775,54.975,54.775,54.975,709067,0
XLE.US,5,20260226,162000,54.97,54.975,54.86,54.949,616795,0
XLE.US,5,20260226,162500,54.95,55.025,54.9,55.025,659647,0
XLE.US,5,20260226,163000,55.03,55.17,55,55.15,572261,0
XLE.US,5,20260226,163500,55.15,55.19,55.07,55.0901,500047,0
XLE.US,5,20260226,164000,55.0999,55.18,55.0601,55.17,759308,0
XLE.US,5,20260226,164500,55.18,55.245,55.14,55.2377,357795,0
XLE.US,5,20260226,165000,55.24,55.3,55.22,55.2779,419023,0
XLE.US,5,20260226,165500,55.275,55.35,55.235,55.32,444462,0
XLE.US,5,20260226,170000,55.315,55.375,55.305,55.35,779038,0
XLE.US,5,20260226,170500,55.36,55.42,55.29,55.375,462817,0
XLE.US,5,20260226,171000,55.3737,55.39,55.28,55.385,435462,0
XLE.US,5,20260226,171500,55.385,55.525,55.385,55.52,410210,0
XLE.US,5,20260226,172000,55.5201,55.58,55.5,55.535,676803,0
XLE.US,5,20260226,172500,55.535,55.67,55.51,55.62,401927,0
XLE.US,5,20260226,173000,55.62,55.625,55.523,55.535,370432,0
XLE.US,5,20260226,173500,55.54,55.555,55.4126,55.425,393917,0
XLE.US,5,20260226,174000,55.42,55.4311,55.32,55.32,402543,0
XLE.US,5,20260226,174500,55.33,55.33,55.23,55.3,605993,0
XLE.US,5,20260226,175000,55.31,55.335,55.19,55.25,336893,0
XLE.US,5,20260226,175500,55.25,55.385,55.2487,55.36,237254,0
XLE.US,5,20260226,180000,55.37,55.385,55.27,55.31,370089,0
XLE.US,5,20260226,180500,55.305,55.355,55.29,55.35,447052,0
XLE.US,5,20260226,181000,55.355,55.405,55.34,55.38,229307,0
XLE.US,5,20260226,181500,55.38,55.4,55.33,55.35,265755,0
XLE.US,5,20260226,182000,55.355,55.365,55.3,55.325,201191,0
XLE.US,5,20260226,182500,55.325,55.325,55.225,55.24,297674,0
XLE.US,5,20260226,183000,55.235,55.335,55.2301,55.31,257284,0
XLE.US,5,20260226,183500,55.3,55.37,55.3,55.36,249194,0
XLE.US,5,20260226,184000,55.37,55.385,55.3111,55.32,126800,0
XLE.US,5,20260226,184500,55.315,55.36,55.3108,55.345,134423,0
XLE.US,5,20260226,185000,55.35,55.3512,55.27,55.33,142938,0
XLE.US,5,20260226,185500,55.33,55.34,55.29,55.31,161315,0
XLE.US,5,20260226,190000,55.31,55.335,55.27,55.2799,273186,0
XLE.US,5,20260226,190500,55.28,55.39,55.27,55.3385,676139,0
XLE.US,5,20260226,191000,55.33,55.42,55.325,55.405,347514,0
XLE.US,5,20260226,191500,55.4,55.4,55.325,55.3506,193157,0
XLE.US,5,20260226,192000,55.35,55.365,55.32,55.325,186060,0
XLE.US,5,20260226,192500,55.325,55.425,55.31,55.415,142693,0
XLE.US,5,20260226,193000,55.4101,55.43,55.18,55.26,2363859,0
XLE.US,5,20260226,193500,55.2601,55.295,55.14,55.205,1908661,0
XLE.US,5,20260226,194000,55.165,55.19,55.1605,55.18,36179,0
XLE.US,5,20260226,194500,55.3,55.315,55.22,55.225,869690,0
XLE.US,5,20260226,200500,55.215,55.23,55.2,55.2284,48717,0
XLE.US,5,20260226,201000,55.23,55.24,55.185,55.21,802250,0
XLE.US,5,20260226,201500,55.2,55.26,55.155,55.165,1046050,0
XLE.US,5,20260226,202000,55.165,55.175,55.03,55.075,456187,0
XLE.US,5,20260226,202500,55.075,55.1375,54.99,55.01,554599,0
XLE.US,5,20260226,203000,55.005,55.125,54.995,55.12,458519,0
XLE.US,5,20260226,203500,55.12,55.17,55.095,55.12,288970,0
XLE.US,5,20260226,204000,55.11,55.19,55.11,55.155,329913,0
XLE.US,5,20260226,204500,55.15,55.21,55.15,55.1801,217281,0
XLE.US,5,20260226,205000,55.185,55.23,55.155,55.16,249626,0
XLE.US,5,20260226,205500,55.155,55.1899,55.12,55.155,294528,0
XLE.US,5,20260226,210000,55.155,55.241,55.15,55.215,281116,0
XLE.US,5,20260226,210500,55.215,55.23,55.1716,55.195,236878,0
XLE.US,5,20260226,211000,55.19,55.22,55.1701,55.195,266291,0
XLE.US,5,20260226,211500,55.2,55.2399,55.175,55.23,367697,0
XLE.US,5,20260226,212000,55.225,55.25,55.21,55.245,297585,0
XLE.US,5,20260226,212500,55.245,55.25,55.2,55.215,272934,0
XLE.US,5,20260226,213000,55.22,55.24,55.17,55.225,315415,0
XLE.US,5,20260226,213500,55.225,55.23,55.135,55.135,613908,0
XLE.US,5,20260226,214000,55.135,55.155,55.11,55.145,372225,0
XLE.US,5,20260226,214500,55.145,55.18,55.11,55.16,582930,0
XLE.US,5,20260226,215000,55.15,55.155,55.005,55.05,984376,0
XLE.US,5,20260226,215500,55.05,55.07,54.97,55.05,2644858,0
XLE.US,5,20260227,153000,55.6963,55.71,55.3655,55.385,1890812,0
XLE.US,5,20260227,153500,55.38,55.495,55.31,55.495,947050,0
XLE.US,5,20260227,154000,55.49,55.5494,55.4,55.49,1171237,0
XLE.US,5,20260227,154500,55.47,55.545,55.31,55.33,822990,0
XLE.US,5,20260227,155000,55.33,55.38,55.26,55.345,650646,0
XLE.US,5,20260227,155500,55.345,55.41,55.18,55.1862,650043,0
XLE.US,5,20260227,160000,55.19,55.205,55.07,55.13,566532,0
XLE.US,5,20260227,160500,55.13,55.23,55.06,55.14,660848,0
XLE.US,5,20260227,161000,55.14,55.15,54.98,55.03,682483,0
XLE.US,5,20260227,161500,55.04,55.085,54.95,54.995,596400,0
XLE.US,5,20260227,162000,54.995,55.13,54.99,55.0799,714436,0
XLE.US,5,20260227,162500,55.07,55.115,55.05,55.1,378513,0
XLE.US,5,20260227,163000,55.1,55.125,54.925,54.945,622763,0
XLE.US,5,20260227,163500,54.945,55.06,54.94,55.055,816878,0
XLE.US,5,20260227,164000,55.055,55.17,55.055,55.16,541391,0
XLE.US,5,20260227,164500,55.16,55.18,55.01,55.01,365077,0
XLE.US,5,20260227,165000,55.02,55.11,55.02,55.098,407889,0
XLE.US,5,20260227,165500,55.1,55.16,55.0687,55.07,340073,0
XLE.US,5,20260227,170000,55.07,55.08,55,55.02,476702,0
XLE.US,5,20260227,170500,55.025,55.075,55,55.065,515144,0
XLE.US,5,20260227,171000,55.06,55.11,55.05,55.1,372556,0
XLE.US,5,20260227,171500,55.095,55.13,55.055,55.09,344669,0
XLE.US,5,20260227,172000,55.09,55.15,55.065,55.1199,408578,0
XLE.US,5,20260227,172500,55.115,55.21,55.11,55.1615,299914,0
XLE.US,5,20260227,173000,55.1601,55.21,55.13,55.135,418408,0
XLE.US,5,20260227,173500,55.135,55.14,55.08,55.1,228085,0
XLE.US,5,20260227,174000,55.09,55.17,55.085,55.165,492797,0
XLE.US,5,20260227,174500,55.17,55.32,55.135,55.32,404636,0
XLE.US,5,20260227,175000,55.32,55.41,55.32,55.3883,596818,0
XLE.US,5,20260227,175500,55.385,55.39,55.32,55.35,718231,0
XLE.US,5,20260227,180000,55.355,55.46,55.35,55.435,615632,0
XLE.US,5,20260227,180500,55.435,55.5072,55.435,55.495,358296,0
XLE.US,5,20260227,181000,55.49,55.495,55.44,55.455,357082,0
XLE.US,5,20260227,181500,55.455,55.4899,55.44,55.445,264453,0
XLE.US,5,20260227,182000,55.445,55.455,55.37,55.45,376704,0
XLE.US,5,20260227,182500,55.45,55.49,55.39,55.486,316364,0
XLE.US,5,20260227,183000,55.485,55.49,55.37,55.435,1053578,0
XLE.US,5,20260227,183500,55.44,55.51,55.44,55.481,451533,0
XLE.US,5,20260227,184000,55.485,55.55,55.475,55.545,394118,0
XLE.US,5,20260227,184500,55.555,55.6,55.525,55.595,464507,0
XLE.US,5,20260227,185000,55.595,55.669,55.59,55.64,496213,0
XLE.US,5,20260227,185500,55.645,55.715,55.625,55.715,614145,0
XLE.US,5,20260227,190000,55.71,55.75,55.7,55.745,542380,0
XLE.US,5,20260227,190500,55.745,55.8,55.745,55.791,495917,0
XLE.US,5,20260227,191000,55.795,55.81,55.705,55.7447,540722,0
XLE.US,5,20260227,191500,55.745,55.755,55.635,55.65,430505,0
XLE.US,5,20260227,192000,55.655,55.66,55.55,55.595,320508,0
XLE.US,5,20260227,192500,55.5945,55.61,55.56,55.6,552354,0
XLE.US,5,20260227,193000,55.59,55.6499,55.59,55.645,423080,0
XLE.US,5,20260227,193500,55.64,55.74,55.605,55.715,1157018,0
XLE.US,5,20260227,194000,55.7101,55.78,55.71,55.725,579970,0
XLE.US,5,20260227,194500,55.725,55.725,55.66,55.685,276564,0
XLE.US,5,20260227,195000,55.6841,55.755,55.68,55.735,375339,0
XLE.US,5,20260227,195500,55.735,55.805,55.735,55.805,342077,0
XLE.US,5,20260227,200000,55.8,55.86,55.78,55.85,543065,0
XLE.US,5,20260227,200500,55.855,55.87,55.78,55.795,363236,0
XLE.US,5,20260227,201000,55.79,55.845,55.74,55.8299,257241,0
XLE.US,5,20260227,201500,55.829,55.845,55.7501,55.77,185943,0
XLE.US,5,20260227,202000,55.775,55.785,55.705,55.715,253980,0
XLE.US,5,20260227,202500,55.715,55.75,55.675,55.71,363744,0
XLE.US,5,20260227,203000,55.71,55.735,55.685,55.715,363391,0
XLE.US,5,20260227,203500,55.715,55.79,55.715,55.78,501742,0
XLE.US,5,20260227,204000,55.78,55.795,55.68,55.725,458294,0
XLE.US,5,20260227,204500,55.725,55.745,55.694136,55.695,236569,0
XLE.US,5,20260227,205000,55.69,55.715,55.67,55.695,235018,0
XLE.US,5,20260227,205500,55.6901,55.73,55.67,55.7,202383,0
XLE.US,5,20260227,210000,55.695,55.78,55.695,55.7645,207382,0
XLE.US,5,20260227,210500,55.77,55.795,55.755,55.795,314454,0
XLE.US,5,20260227,211000,55.8,55.87,55.795863,55.865,258853,0
XLE.US,5,20260227,211500,55.87,55.97,55.85,55.97,279305,0
XLE.US,5,20260227,212000,55.96,56.01,55.945,56,437956,0
XLE.US,5,20260227,212500,55.995,56.02,55.99,56.0099,310262,0
XLE.US,5,20260227,213000,56,56.065,56,56.035,588550,0
XLE.US,5,20260227,213500,56.03,56.04,55.93,55.945,777921,0
XLE.US,5,20260227,214000,55.94,56.005,55.925,56.005,575772,0
XLE.US,5,20260227,214500,56.01,56.1,55.99,56.085,1009609,0
XLE.US,5,20260227,215000,56.09,56.15,55.885,55.89,1666643,0
XLE.US,5,20260227,215500,55.89,55.93,55.855,55.92,3992109,0
XLE.US,5,20260302,153000,57.77,57.88,56.6885,56.7591,4214883,0
XLE.US,5,20260302,153500,56.75,56.81,56.27,56.355,3646026,0
XLE.US,5,20260302,154000,56.36,56.76,56.33,56.475,3697842,0
XLE.US,5,20260302,154500,56.48,56.58,56.27,56.425,3795239,0
XLE.US,5,20260302,155000,56.42,56.74,56.37,56.725,3773403,0
XLE.US,5,20260302,155500,56.725,56.9,56.61,56.895,2738972,0
XLE.US,5,20260302,160000,56.9,57.04,56.76,56.94,2532065,0
XLE.US,5,20260302,160500,56.93,57.105,56.88,56.92,1874333,0
XLE.US,5,20260302,161000,56.92,57.08,56.9,57.045,2207376,0
XLE.US,5,20260302,161500,57.045,57.14,56.865,56.99,2144895,0
XLE.US,5,20260302,162000,56.99,57.05,56.675,56.735,1701900,0
XLE.US,5,20260302,162500,56.74,56.79,56.63,56.715,1703306,0
XLE.US,5,20260302,163000,56.71,56.86,56.6199,56.775,1966434,0
XLE.US,5,20260302,163500,56.785,56.91,56.71,56.855,1606229,0
XLE.US,5,20260302,164000,56.8591,56.885,56.66,56.73,1498189,0
XLE.US,5,20260302,164500,56.74,56.88,56.7386,56.865,1418925,0
XLE.US,5,20260302,165000,56.86,56.945,56.76,56.8298,1317115,0
XLE.US,5,20260302,165500,56.825,56.91,56.765,56.85,1869324,0
XLE.US,5,20260302,170000,56.85,56.935,56.77,56.84,1356122,0
XLE.US,5,20260302,170500,56.84,56.85,56.6745,56.69,1074387,0
XLE.US,5,20260302,171000,56.68,56.905,56.645,56.78,1450530,0
XLE.US,5,20260302,171500,56.77,56.775,56.705,56.7628,1360473,0
XLE.US,5,20260302,172000,56.76,57.025,56.76,56.99,979099,0
XLE.US,5,20260302,172500,56.995,57.04,56.892,56.895,1240062,0
XLE.US,5,20260302,173000,56.895,56.92,56.69,56.75,2703954,0
XLE.US,5,20260302,173500,56.75,56.945,56.745,56.945,1200226,0
XLE.US,5,20260302,174000,56.94,57.075,56.905,57.07,1505608,0
XLE.US,5,20260302,174500,57.07,57.105,56.81,56.9099,1714268,0
XLE.US,5,20260302,175000,56.91,57,56.855,56.975,1077778,0
XLE.US,5,20260302,175500,56.97,57,56.815,56.84,826733,0
XLE.US,5,20260302,180000,56.84,56.885,56.75,56.85,673890,0
XLE.US,5,20260302,180500,56.845,56.86,56.655,56.675,999392,0
XLE.US,5,20260302,181000,56.67,56.675,56.515,56.63,1756060,0
XLE.US,5,20260302,181500,56.625,56.63,56.48,56.53,1188050,0
XLE.US,5,20260302,182000,56.53,56.56,56.39,56.405,1471175,0
XLE.US,5,20260302,182500,56.405,56.62,56.405,56.62,875671,0
XLE.US,5,20260302,183000,56.615,56.7,56.59,56.66,1341363,0
XLE.US,5,20260302,183500,56.655,56.68,56.615,56.615,725929,0
XLE.US,5,20260302,184000,56.62,56.68,56.585,56.64,757937,0
XLE.US,5,20260302,184500,56.635,56.73,56.62,56.695,531590,0
XLE.US,5,20260302,185000,56.69,56.74,56.62,56.67,603984,0
XLE.US,5,20260302,185500,56.675,56.74,56.63,56.66,531642,0
XLE.US,5,20260302,190000,56.66,56.7,56.58,56.685,680139,0
XLE.US,5,20260302,190500,56.685,56.71,56.63,56.7063,765671,0
XLE.US,5,20260302,191000,56.705,56.8189,56.705,56.805,456474,0
XLE.US,5,20260302,191500,56.8,56.825,56.63,56.7013,933705,0
XLE.US,5,20260302,192000,56.705,56.76,56.69,56.735,740081,0
XLE.US,5,20260302,192500,56.74,56.85,56.74,56.8486,740607,0
XLE.US,5,20260302,193000,56.85,56.92,56.83,56.9021,741667,0
XLE.US,5,20260302,193500,56.905,56.93,56.8,56.83,622318,0
XLE.US,5,20260302,194000,56.83,56.87,56.74,56.755,612907,0
XLE.US,5,20260302,194500,56.755,56.795,56.71,56.75,660928,0
XLE.US,5,20260302,195000,56.75,56.805,56.72,56.74,676145,0
XLE.US,5,20260302,195500,56.735,56.765,56.65,56.695,766013,0
XLE.US,5,20260302,200000,56.695,56.7,56.615,56.675,809595,0
XLE.US,5,20260302,200500,56.675,56.78,56.565,56.6499,3440835,0
XLE.US,5,20260302,201000,56.645,56.735,56.64,56.71,976518,0
XLE.US,5,20260302,201500,56.72,56.85,56.7001,56.835,615089,0
XLE.US,5,20260302,202000,56.84,57.01,56.84,56.995,744254,0
XLE.US,5,20260302,202500,56.99,57.02,56.94,56.995,928846,0
XLE.US,5,20260302,203000,56.995,57.07,56.975,57.015,1008931,0
XLE.US,5,20260302,203500,57.01,57.02,56.96,56.97,788117,0
XLE.US,5,20260302,204000,56.9754,56.985,56.88,56.885,596520,0
XLE.US,5,20260302,204500,56.8899,56.93,56.84,56.85,723436,0
XLE.US,5,20260302,205000,56.85,56.99,56.8303,56.945,699482,0
XLE.US,5,20260302,205500,56.94,56.9599,56.895,56.9201,519833,0
XLE.US,5,20260302,210000,56.925,56.98,56.905,56.905,733130,0
XLE.US,5,20260302,210500,56.91,57.055,56.865,57.05,3854163,0
XLE.US,5,20260302,211000,57.04,57.12,56.96,56.9705,2244420,0
XLE.US,5,20260302,211500,56.97,57.02,56.82,57.005,2888862,0
XLE.US,5,20260302,212000,57.01,57.1,56.995,56.995,1511470,0
XLE.US,5,20260302,212500,56.995,57.035,56.905,56.935,1305389,0
XLE.US,5,20260302,213000,56.94,56.97,56.865,56.9255,868035,0
XLE.US,5,20260302,213500,56.925,57.0099,56.9,56.98,791238,0
XLE.US,5,20260302,214000,56.975,57.05,56.96,57.025,1053783,0
XLE.US,5,20260302,214500,57.02,57.15,57.005,57.14,1095014,0
XLE.US,5,20260302,215000,57.145,57.17,56.965,56.9753,2515100,0
XLE.US,5,20260302,215500,56.98,57.07,56.95,57.04,5264378,0
XLE.US,5,20260303,153000,57.38,57.72,57.12,57.12,3392389,0
XLE.US,5,20260303,153500,57.13,57.2201,56.79,56.975,2906876,0
XLE.US,5,20260303,154000,56.975,56.99,56.21,56.29,5558923,0
XLE.US,5,20260303,154500,56.285,56.38,56.17,56.19,2954811,0
XLE.US,5,20260303,155000,56.19,56.515,56.15,56.3,1519878,0
XLE.US,5,20260303,155500,56.3,56.31,56.1,56.295,1809277,0
XLE.US,5,20260303,160000,56.3,56.44,56.19,56.25,1974563,0
XLE.US,5,20260303,160500,56.245,56.505,56.24,56.44,1572195,0
XLE.US,5,20260303,161000,56.44,56.595,56.335,56.54,1693313,0
XLE.US,5,20260303,161500,56.549,56.55,56.245,56.325,1691950,0
XLE.US,5,20260303,162000,56.3245,56.375,56.135,56.275,1258367,0
XLE.US,5,20260303,162500,56.27,56.425,56.23,56.38,1153492,0
XLE.US,5,20260303,163000,56.375,56.54,56.37,56.52,1605550,0
XLE.US,5,20260303,163500,56.51,56.735,56.51,56.725,1357798,0
XLE.US,5,20260303,164000,56.72,56.765,56.62,56.665,1507693,0
XLE.US,5,20260303,164500,56.66,56.79,56.605,56.7,1605718,0
XLE.US,5,20260303,165000,56.695,56.705,56.595,56.65,1719116,0
XLE.US,5,20260303,165500,56.65,56.68,56.5093,56.68,1580043,0
XLE.US,5,20260303,170000,56.675,56.8,56.64,56.765,1417417,0
XLE.US,5,20260303,170500,56.76,56.98,56.74,56.97,977187,0
XLE.US,5,20260303,171000,56.97,57.03,56.92,56.935,1364909,0
XLE.US,5,20260303,171500,56.94,57.18,56.935,57.15,1702811,0
XLE.US,5,20260303,172000,57.15,57.185,57.06,57.145,1816560,0
XLE.US,5,20260303,172500,57.145,57.19,57.01,57.095,1297528,0
XLE.US,5,20260303,173000,57.09,57.095,56.89,56.995,1110844,0
XLE.US,5,20260303,173500,56.99,57.02,56.835,56.87,1009507,0
XLE.US,5,20260303,174000,56.865,56.95,56.585,56.63,2110086,0
XLE.US,5,20260303,174500,56.635,56.665,56.26,56.62,3709488,0
XLE.US,5,20260303,175000,56.625,56.825,56.59,56.75,1151705,0
XLE.US,5,20260303,175500,56.75,56.875,56.695,56.83,1104140,0
XLE.US,5,20260303,180000,56.83,56.885,56.71,56.729,879943,0
XLE.US,5,20260303,180500,56.725,56.785,56.69,56.725,718521,0
XLE.US,5,20260303,181000,56.72,56.82,56.68,56.805,907836,0
XLE.US,5,20260303,181500,56.815,56.865,56.75,56.85,652208,0
XLE.US,5,20260303,182000,56.85,56.86,56.77,56.81,691033,0
XLE.US,5,20260303,182500,56.81,56.8499,56.76,56.785,676196,0
XLE.US,5,20260303,183000,56.785,56.865,56.76,56.795,734806,0
XLE.US,5,20260303,183500,56.795,56.85,56.73,56.79,554879,0
XLE.US,5,20260303,184000,56.79,56.91,56.78,56.88,498087,0
XLE.US,5,20260303,184500,56.875,56.88,56.78,56.81,846901,0
XLE.US,5,20260303,185000,56.815,56.84,56.73,56.785,2655818,0
XLE.US,5,20260303,185500,56.78,56.925,56.77,56.845,619766,0
XLE.US,5,20260303,190000,56.84,56.86,56.725,56.79,1063106,0
XLE.US,5,20260303,190500,56.79,56.855,56.68,56.845,748815,0
XLE.US,5,20260303,191000,56.845,56.92,56.8,56.805,574036,0
XLE.US,5,20260303,191500,56.81,56.84,56.76,56.815,580819,0
XLE.US,5,20260303,192000,56.82,56.94,56.815,56.875,1111017,0
XLE.US,5,20260303,192500,56.88,56.97,56.875,56.91,726413,0
XLE.US,5,20260303,193000,56.91,56.91,56.65,56.69,1140287,0
XLE.US,5,20260303,193500,56.695,56.715,56.48,56.575,1817591,0
XLE.US,5,20260303,194000,56.58,56.7055,56.575,56.6404,1529864,0
XLE.US,5,20260303,194500,56.645,56.6501,56.505,56.595,533311,0
XLE.US,5,20260303,195000,56.6,56.655,56.505,56.51,926681,0
XLE.US,5,20260303,195500,56.51,56.63,56.485,56.57,1411236,0
XLE.US,5,20260303,200000,56.57,56.58,56.465,56.56,857765,0
XLE.US,5,20260303,200500,56.56,56.63,56.505,56.58,2534232,0
XLE.US,5,20260303,201000,56.575,56.68,56.57,56.65,703267,0
XLE.US,5,20260303,201500,56.66,56.725,56.65,56.71,683900,0
XLE.US,5,20260303,202000,56.71,56.71,56.6,56.6001,1028455,0
XLE.US,5,20260303,202500,56.6,56.69,56.59,56.67,870038,0
XLE.US,5,20260303,203000,56.665,56.74,56.6548,56.7235,1139040,0
XLE.US,5,20260303,203500,56.725,56.73,56.47,56.52,3194262,0
XLE.US,5,20260303,204000,56.515,56.535,56.17,56.185,3438350,0
XLE.US,5,20260303,204500,56.185,56.39,56.1,56.315,2903398,0
XLE.US,5,20260303,205000,56.315,56.36,56.23,56.28,2806949,0
XLE.US,5,20260303,205500,56.285,56.29,56.11,56.205,2179970,0
XLE.US,5,20260303,210000,56.205,56.33,56.16,56.2,1852967,0
XLE.US,5,20260303,210500,56.205,56.24,56.05,56.09,2175842,0
XLE.US,5,20260303,211000,56.09,56.2,56.06,56.091,1310377,0
XLE.US,5,20260303,211500,56.09,56.22,56.065,56.2,1253055,0
XLE.US,5,20260303,212000,56.2,56.25,56.135,56.18,1022663,0
XLE.US,5,20260303,212500,56.17,56.26,56.105,56.18,1144922,0
XLE.US,5,20260303,213000,56.185,56.3,56.18,56.261,1274741,0
XLE.US,5,20260303,213500,56.265,56.335,56.245,56.325,1072539,0
XLE.US,5,20260303,214000,56.325,56.36,56.24,56.335,889485,0
XLE.US,5,20260303,214500,56.335,56.44,56.33,56.43,923145,0
XLE.US,5,20260303,215000,56.43,56.465,56.25,56.355,1723691,0
XLE.US,5,20260303,215500,56.355,56.53,56.35,56.52,4244604,0
XLE.US,5,20260304,153000,56.075,56.43,56.01,56.125,2685132,0
XLE.US,5,20260304,153500,56.125,56.29,55.85,56.0257,2665636,0
XLE.US,5,20260304,154000,56.03,56.11,55.64,55.81,2349634,0
XLE.US,5,20260304,154500,55.8051,55.835,55.66,55.72,1489032,0
XLE.US,5,20260304,155000,55.72,55.73,55.39,55.472,1475804,0
XLE.US,5,20260304,155500,55.48,55.5393,55.325,55.445,1273392,0
XLE.US,5,20260304,160000,55.45,55.75,55.35,55.67,1579762,0
XLE.US,5,20260304,160500,55.675,55.925,55.56,55.895,1754752,0
XLE.US,5,20260304,161000,55.895,55.93,55.705,55.795,1734014,0
XLE.US,5,20260304,161500,55.8,55.965,55.78,55.935,868380,0
XLE.US,5,20260304,162000,55.935,56.02,55.85,55.905,971979,0
XLE.US,5,20260304,162500,55.9,55.96,55.81,55.9,987085,0
XLE.US,5,20260304,163000,55.9,56.03,55.84,55.955,1047038,0
XLE.US,5,20260304,163500,55.95,55.9655,55.8,55.9,1098783,0
XLE.US,5,20260304,164000,55.89,55.96,55.825,55.92,1280274,0
XLE.US,5,20260304,164500,55.92,55.9999,55.835,55.87,1137437,0
XLE.US,5,20260304,165000,55.875,56.055,55.86,56.04,1037032,0
XLE.US,5,20260304,165500,56.035,56.065,55.995,56.015,943041,0
XLE.US,5,20260304,170000,56.01,56.185,56.01,56.1601,1043027,0
XLE.US,5,20260304,170500,56.17,56.2191,56.13,56.135,685525,0
XLE.US,5,20260304,171000,56.138,56.138,55.97,56.045,754024,0
XLE.US,5,20260304,171500,56.05,56.09,55.95,55.97,652362,0
XLE.US,5,20260304,172000,55.97,56,55.835,55.87,593722,0
XLE.US,5,20260304,172500,55.865,55.935,55.755,55.77,1698748,0
XLE.US,5,20260304,173000,55.78,55.8689,55.775,55.8007,935510,0
XLE.US,5,20260304,173500,55.805,55.81,55.68,55.7,1163109,0
XLE.US,5,20260304,174000,55.705,55.785,55.68,55.74,467976,0
XLE.US,5,20260304,174500,55.745,55.825,55.74,55.795,611015,0
XLE.US,5,20260304,175000,55.795,55.91,55.775,55.875,613937,0
XLE.US,5,20260304,175500,55.87,56.015,55.865,56.015,452485,0
XLE.US,5,20260304,180000,56.01,56.065,55.965,56.025,499553,0
XLE.US,5,20260304,180500,56.03,56.08,55.965,56.005,517032,0
XLE.US,5,20260304,181000,56.005,56.05,55.965,56.035,466238,0
XLE.US,5,20260304,181500,56.035,56.04,55.9517,55.97,749729,0
XLE.US,5,20260304,182000,55.97,56.05,55.965,56.0487,767572,0
XLE.US,5,20260304,182500,56.05,56.08,55.995,56.015,538260,0
XLE.US,5,20260304,183000,56.01,56.02,55.905,55.96,522722,0
XLE.US,5,20260304,183500,55.97,56.044,55.97,56.02,418922,0
XLE.US,5,20260304,184000,56.02,56.055,55.99,56.05,1104664,0
XLE.US,5,20260304,184500,56.05,56.07,55.97,56.03,401972,0
XLE.US,5,20260304,185000,56.03,56.12,56.02,56.115,505790,0
XLE.US,5,20260304,185500,56.115,56.1799,56.1,56.145,329966,0
XLE.US,5,20260304,190000,56.15,56.18,56.1,56.125,507629,0
XLE.US,5,20260304,190500,56.125,56.16,56.075,56.14,1185143,0
XLE.US,5,20260304,191000,56.14,56.15,56.02,56.045,354307,0
XLE.US,5,20260304,191500,56.04,56.04,55.955,55.955,292417,0
XLE.US,5,20260304,192000,55.955,56.065,55.955,56.045,331418,0
XLE.US,5,20260304,192500,56.04,56.085,56.015,56.065,353333,0
XLE.US,5,20260304,193000,56.06,56.1,56.025,56.025,293748,0
XLE.US,5,20260304,193500,56.025,56.04,55.9501,55.955,369470,0
XLE.US,5,20260304,194000,55.955,55.985,55.92,55.97,394749,0
XLE.US,5,20260304,194500,55.975,56.01,55.91,55.915,452893,0
XLE.US,5,20260304,195000,55.915,55.94,55.845,55.905,392323,0
XLE.US,5,20260304,195500,55.9001,55.95,55.9,55.935,311900,0
XLE.US,5,20260304,200000,55.935,55.935,55.841,55.9,480148,0
XLE.US,5,20260304,200500,55.905,55.96,55.89,55.915,440548,0
XLE.US,5,20260304,201000,55.915,55.965,55.89,55.96,410001,0
XLE.US,5,20260304,201500,55.9622,56.025,55.92,55.94,311369,0
XLE.US,5,20260304,202000,55.935,55.975,55.915,55.95,335611,0
XLE.US,5,20260304,202500,55.96,56.0099,55.9501,55.995,299296,0
XLE.US,5,20260304,203000,56,56.055,55.99,56.005,372403,0
XLE.US,5,20260304,203500,56.01,56.065,56,56.055,434798,0
XLE.US,5,20260304,204000,56.055,56.08,56.0438,56.075,370115,0
XLE.US,5,20260304,204500,56.075,56.1,56.015,56.025,415720,0
XLE.US,5,20260304,205000,56.025,56.0891,56.005,56.06,389736,0
XLE.US,5,20260304,205500,56.05,56.07,56.015,56.06,264765,0
XLE.US,5,20260304,210000,56.055,56.1,56.03,56.065,517230,0
XLE.US,5,20260304,210500,56.07,56.07,56.01,56.045,410302,0
XLE.US,5,20260304,211000,56.0401,56.045,56.01,56.035,355203,0
XLE.US,5,20260304,211500,56.035,56.11,56.03,56.105,880438,0
XLE.US,5,20260304,212000,56.105,56.15,56.09,56.145,422042,0
XLE.US,5,20260304,212500,56.14,56.1562,56.12,56.15,374555,0
XLE.US,5,20260304,213000,56.15,56.185,56.12,56.18,533661,0
XLE.US,5,20260304,213500,56.185,56.225,56.175,56.22,573915,0
XLE.US,5,20260304,214000,56.215,56.24,56.15,56.24,868559,0
XLE.US,5,20260304,214500,56.24,56.3,56.23,56.295,515389,0
XLE.US,5,20260304,215000,56.29,56.295,56.11,56.18,1008322,0
XLE.US,5,20260304,215500,56.18,56.25,56.17,56.18,3177457,0
XLE.US,5,20260305,153000,56.46,57.025,56.44,57.015,1923965,0
XLE.US,5,20260305,153500,57.015,57.06,56.54,56.655,1787567,0
XLE.US,5,20260305,154000,56.64,56.74,56.54,56.595,1674063,0
XLE.US,5,20260305,154500,56.59,56.64,56.52,56.585,1244513,0
XLE.US,5,20260305,155000,56.58,56.75,56.55,56.68,1550133,0
XLE.US,5,20260305,155500,56.69,56.81,56.64,56.77,1286249,0
XLE.US,5,20260305,160000,56.77,56.865,56.55,56.63,1025804,0
XLE.US,5,20260305,160500,56.63,56.66,56.54,56.615,803611,0
XLE.US,5,20260305,161000,56.615,56.67,56.5,56.635,780936,0
XLE.US,5,20260305,161500,56.635,56.705,56.615,56.645,944942,0
XLE.US,5,20260305,162000,56.645,56.9,56.64,56.885,2003430,0
XLE.US,5,20260305,162500,56.89,56.93,56.73,56.775,1845155,0
XLE.US,5,20260305,163000,56.77,56.85,56.695,56.7599,2220493,0
XLE.US,5,20260305,163500,56.75,56.765,56.44,56.49,1041700,0
XLE.US,5,20260305,164000,56.495,56.545,56.45,56.46,820306,0
XLE.US,5,20260305,164500,56.45,56.5388,56.39,56.39,629005,0
XLE.US,5,20260305,165000,56.39,56.6,56.37,56.59,1001953,0
XLE.US,5,20260305,165500,56.585,56.655,56.505,56.64,754341,0
XLE.US,5,20260305,170000,56.65,56.655,56.49,56.52,942476,0
XLE.US,5,20260305,170500,56.515,56.53,56.44,56.48,709233,0
XLE.US,5,20260305,171000,56.48,56.555,56.365,56.5,1246744,0
XLE.US,5,20260305,171500,56.5,56.66,56.44,56.65,1118472,0
XLE.US,5,20260305,172000,56.655,56.66,56.45,56.465,1791751,0
XLE.US,5,20260305,172500,56.465,56.47,56.36,56.445,909512,0
XLE.US,5,20260305,173000,56.44,56.53,56.39,56.52,924802,0
XLE.US,5,20260305,173500,56.52,56.54,56.44,56.54,793554,0
XLE.US,5,20260305,174000,56.54,56.59,56.42,56.52,911639,0
XLE.US,5,20260305,174500,56.52,56.61,56.5,56.6,1088231,0
XLE.US,5,20260305,175000,56.595,56.64,56.56,56.6199,602241,0
XLE.US,5,20260305,175500,56.615,56.68,56.605,56.65,688656,0
XLE.US,5,20260305,180000,56.65,56.74,56.61,56.705,913015,0
XLE.US,5,20260305,180500,56.705,56.78,56.66,56.745,971956,0
XLE.US,5,20260305,181000,56.74,56.755,56.6,56.6001,539820,0
XLE.US,5,20260305,181500,56.605,56.7,56.555,56.605,1113719,0
XLE.US,5,20260305,182000,56.61,56.72,56.585,56.66,3657011,0
XLE.US,5,20260305,182500,56.66,56.67,56.545,56.595,531723,0
XLE.US,5,20260305,183000,56.595,56.605,56.425,56.44,460400,0
XLE.US,5,20260305,183500,56.44,56.44,56.35,56.43,678325,0
XLE.US,5,20260305,184000,56.44,56.44,56.25,56.27,951828,0
XLE.US,5,20260305,184500,56.27,56.28,56.17,56.175,574925,0
XLE.US,5,20260305,185000,56.175,56.29,56.09,56.265,484184,0
XLE.US,5,20260305,185500,56.27,56.33,56.239,56.285,376990,0
XLE.US,5,20260305,190000,56.285,56.3,56.195,56.2801,451373,0
XLE.US,5,20260305,190500,56.285,56.35,56.28,56.3,369400,0
XLE.US,5,20260305,191000,56.305,56.395,56.2947,56.355,329665,0
XLE.US,5,20260305,191500,56.36,56.4053,56.33,56.34,464202,0
XLE.US,5,20260305,192000,56.34,56.36,56.225,56.235,388236,0
XLE.US,5,20260305,192500,56.235,56.35,56.225,56.35,1122069,0
XLE.US,5,20260305,193000,56.345,56.3792,56.285,56.355,462268,0
XLE.US,5,20260305,193500,56.355,56.385,56.305,56.365,2321645,0
XLE.US,5,20260305,194000,56.37,56.47,56.3538,56.465,559220,0
XLE.US,5,20260305,194500,56.47,56.475,56.355,56.39,878357,0
XLE.US,5,20260305,195000,56.39,56.39,56.255,56.325,317755,0
XLE.US,5,20260305,195500,56.32,56.37,56.27,56.3162,393323,0
XLE.US,5,20260305,200000,56.315,56.41,56.28,56.405,775294,0
XLE.US,5,20260305,200500,56.4,56.465,56.39,56.44,514070,0
XLE.US,5,20260305,201000,56.45,56.53,56.45,56.515,573161,0
XLE.US,5,20260305,201500,56.51,56.52,56.395,56.455,519038,0
XLE.US,5,20260305,202000,56.455,56.605,56.455,56.59,522695,0
XLE.US,5,20260305,202500,56.599,56.61,56.385,56.4099,613846,0
XLE.US,5,20260305,203000,56.41,56.435,56.31,56.37,395010,0
XLE.US,5,20260305,203500,56.375,56.3999,56.325,56.395,399726,0
XLE.US,5,20260305,204000,56.395,56.48,56.395,56.45,460950,0
XLE.US,5,20260305,204500,56.45,56.495,56.405,56.41,319950,0
XLE.US,5,20260305,205000,56.405,56.48,56.37,56.44,358052,0
XLE.US,5,20260305,205500,56.45,56.495,56.41,56.49,346502,0
XLE.US,5,20260305,210000,56.48,56.52,56.37,56.41,1175813,0
XLE.US,5,20260305,210500,56.405,56.48,56.38,56.4398,1308186,0
XLE.US,5,20260305,211000,56.435,56.51,56.3,56.3,1116535,0
XLE.US,5,20260305,211500,56.31,56.31,56.08,56.17,1186010,0
XLE.US,5,20260305,212000,56.17,56.28,56.15,56.235,824412,0
XLE.US,5,20260305,212500,56.235,56.27,56.14,56.185,849433,0
XLE.US,5,20260305,213000,56.185,56.29,56.175,56.26,494557,0
XLE.US,5,20260305,213500,56.265,56.39,56.25,56.385,729144,0
XLE.US,5,20260305,214000,56.38,56.445,56.34,56.405,485156,0
XLE.US,5,20260305,214500,56.41,56.48,56.39,56.455,777302,0
XLE.US,5,20260305,215000,56.4538,56.48,56.325,56.445,1294104,0
XLE.US,5,20260305,215500,56.44,56.55,56.41,56.49,3639857,0
XLE.US,5,20260306,153000,57.1,57.295,56.87,57.29,2981610,0
XLE.US,5,20260306,153500,57.28,57.34,56.85,56.8854,1926572,0
XLE.US,5,20260306,154000,56.89,56.89,56.22,56.22,1743883,0
XLE.US,5,20260306,154500,56.24,56.45,56.2032,56.4199,1955367,0
XLE.US,5,20260306,155000,56.41,56.52,56.245,56.265,1044282,0
XLE.US,5,20260306,155500,56.27,56.5,56.27,56.305,918067,0
XLE.US,5,20260306,160000,56.31,56.455,56.245,56.34,914431,0
XLE.US,5,20260306,160500,56.33,56.39,56.23,56.27,992511,0
XLE.US,5,20260306,161000,56.275,56.41,56.17,56.3995,1127711,0
XLE.US,5,20260306,161500,56.395,56.68,56.38,56.67,948342,0
XLE.US,5,20260306,162000,56.67,56.715,56.45,56.64,808154,0
XLE.US,5,20260306,162500,56.635,56.72,56.59,56.69,614041,0
XLE.US,5,20260306,163000,56.69,56.77,56.67,56.735,632111,0
XLE.US,5,20260306,163500,56.74,56.81,56.67,56.68,979400,0
XLE.US,5,20260306,164000,56.685,56.795,56.615,56.77,678464,0
XLE.US,5,20260306,164500,56.775,56.78,56.55,56.615,1004343,0
XLE.US,5,20260306,165000,56.6198,56.6232,56.46,56.59,662259,0
XLE.US,5,20260306,165500,56.59,56.61,56.465,56.55,1027344,0
XLE.US,5,20260306,170000,56.555,56.67,56.525,56.65,503552,0
XLE.US,5,20260306,170500,56.65,56.6903,56.535,56.58,571368,0
XLE.US,5,20260306,171000,56.585,56.64,56.53,56.5861,980272,0
XLE.US,5,20260306,171500,56.59,56.635,56.545,56.57,498064,0
XLE.US,5,20260306,172000,56.57,56.58,56.45,56.495,646378,0
XLE.US,5,20260306,172500,56.495,56.555,56.46,56.525,519191,0
XLE.US,5,20260306,173000,56.53,56.61,56.46,56.515,483953,0
XLE.US,5,20260306,173500,56.51,56.62,56.5,56.605,390603,0
XLE.US,5,20260306,174000,56.605,56.678,56.59,56.6,406291,0
XLE.US,5,20260306,174500,56.61,56.685,56.61,56.675,577460,0
XLE.US,5,20260306,175000,56.67,56.675,56.495,56.495,583909,0
XLE.US,5,20260306,175500,56.5,56.505,56.37,56.43,434240,0
XLE.US,5,20260306,180000,56.425,56.455,56.37,56.44,817351,0
XLE.US,5,20260306,180500,56.44,56.46,56.3601,56.375,596577,0
XLE.US,5,20260306,181000,56.375,56.405,56.3316,56.39,430256,0
XLE.US,5,20260306,181500,56.38,56.51,56.38,56.51,602327,0
XLE.US,5,20260306,182000,56.505,56.66,56.47,56.605,430370,0
XLE.US,5,20260306,182500,56.6001,56.68,56.54,56.615,428337,0
XLE.US,5,20260306,183000,56.615,56.655,56.55,56.57,359368,0
XLE.US,5,20260306,183500,56.575,56.575,56.505,56.52,424766,0
XLE.US,5,20260306,184000,56.515,56.555,56.44,56.49,355816,0
XLE.US,5,20260306,184500,56.48,56.54,56.475,56.53,333447,0
XLE.US,5,20260306,185000,56.525,56.62,56.525,56.58,320781,0
XLE.US,5,20260306,185500,56.5792,56.61,56.54,56.54,310663,0
XLE.US,5,20260306,190000,56.535,56.5792,56.48,56.525,906985,0
XLE.US,5,20260306,190500,56.525,56.565,56.5,56.555,572663,0
XLE.US,5,20260306,191000,56.555,56.62,56.51,56.6,821489,0
XLE.US,5,20260306,191500,56.6,56.72,56.6,56.715,363057,0
XLE.US,5,20260306,192000,56.71,56.755,56.675,56.72,484167,0
XLE.US,5,20260306,192500,56.725,56.775,56.67,56.68,463518,0
XLE.US,5,20260306,193000,56.685,56.77,56.65,56.7486,402907,0
XLE.US,5,20260306,193500,56.75,56.7887,56.655,56.745,573124,0
XLE.US,5,20260306,194000,56.74,56.77,56.595,56.605,1044894,0
XLE.US,5,20260306,194500,56.61,56.67,56.57,56.66,1437791,0
XLE.US,5,20260306,195000,56.67,56.725,56.63,56.695,350633,0
XLE.US,5,20260306,195500,56.7,56.72,56.68,56.6801,200599,0
XLE.US,5,20260306,200000,56.685,56.72,56.595,56.6,468980,0
XLE.US,5,20260306,200500,56.595,56.66,56.57,56.66,369703,0
XLE.US,5,20260306,201000,56.66,56.7,56.625,56.6801,326471,0
XLE.US,5,20260306,201500,56.69,56.7692,56.6545,56.755,416567,0
XLE.US,5,20260306,202000,56.755,56.785,56.694,56.715,769713,0
XLE.US,5,20260306,202500,56.715,56.795,56.6801,56.785,423377,0
XLE.US,5,20260306,203000,56.785,56.825,56.735,56.75,679838,0
XLE.US,5,20260306,203500,56.755,56.82,56.73,56.82,373762,0
XLE.US,5,20260306,204000,56.82,56.91,56.795,56.8019,835649,0
XLE.US,5,20260306,204500,56.81,56.875,56.79,56.8312,391893,0
XLE.US,5,20260306,205000,56.835,56.89,56.83,56.84,391669,0
XLE.US,5,20260306,205500,56.84,56.85,56.8,56.8401,575188,0
XLE.US,5,20260306,210000,56.84,56.87,56.815,56.835,458980,0
XLE.US,5,20260306,210500,56.84,56.85,56.745,56.795,420097,0
XLE.US,5,20260306,211000,56.795,56.81,56.69,56.71,462558,0
XLE.US,5,20260306,211500,56.705,56.705,56.64,56.67,304174,0
XLE.US,5,20260306,212000,56.67,56.695,56.64,56.6813,587604,0
XLE.US,5,20260306,212500,56.68,56.7,56.62,56.66,648185,0
XLE.US,5,20260306,213000,56.665,56.67,56.55,56.555,709085,0
XLE.US,5,20260306,213500,56.56,56.575,56.42,56.47,1553217,0
XLE.US,5,20260306,214000,56.475,56.495,56.3503,56.395,717762,0
XLE.US,5,20260306,214500,56.39,56.53,56.37,56.515,1118676,0
XLE.US,5,20260306,215000,56.52,56.54,56.44,56.475,1467142,0
XLE.US,5,20260306,215500,56.475,56.62,56.45,56.555,3054453,0
XLE.US,5,20260309,143000,56.84,56.905,56.27,56.46,2191487,0
XLE.US,5,20260309,143500,56.47,56.73,56.38,56.62,1463427,0
XLE.US,5,20260309,144000,56.62,56.72,56.42,56.615,1242733,0
XLE.US,5,20260309,144500,56.615,56.79,56.475,56.675,1316134,0
XLE.US,5,20260309,145000,56.68,56.83,56.63,56.74,1285675,0
XLE.US,5,20260309,145500,56.74,56.765,56.62,56.73,1155882,0
XLE.US,5,20260309,150000,56.73,56.805,56.67,56.755,952072,0
XLE.US,5,20260309,150500,56.735,56.79,56.63,56.645,1237376,0
XLE.US,5,20260309,151000,56.645,56.815,56.5,56.505,951659,0
XLE.US,5,20260309,151500,56.505,56.6,56.3901,56.58,1433436,0
XLE.US,5,20260309,152000,56.575,56.7,56.495,56.63,1031831,0
XLE.US,5,20260309,152500,56.63,56.71,56.587,56.67,840369,0
XLE.US,5,20260309,153000,56.67,56.77,56.625,56.735,682810,0
XLE.US,5,20260309,153500,56.735,56.88,56.7,56.815,723545,0
XLE.US,5,20260309,154000,56.83,56.9259,56.82,56.855,676463,0
XLE.US,5,20260309,154500,56.86,56.965,56.73,56.93,943222,0
XLE.US,5,20260309,155000,56.9257,57.025,56.87,56.995,644284,0
XLE.US,5,20260309,155500,56.99,57.15,56.97,57.0161,720801,0
XLE.US,5,20260309,160000,57.01,57.05,56.955,56.965,573800,0
XLE.US,5,20260309,160500,56.97,56.975,56.74,56.7793,992319,0
XLE.US,5,20260309,161000,56.775,56.84,56.74,56.84,1042780,0
XLE.US,5,20260309,161500,56.85,56.87,56.77,56.785,473880,0
XLE.US,5,20260309,162000,56.779,56.86,56.715,56.85,765634,0
XLE.US,5,20260309,162500,56.85,56.85,56.69,56.715,638149,0
XLE.US,5,20260309,163000,56.715,56.83,56.68,56.775,833945,0
XLE.US,5,20260309,163500,56.775,56.785,56.725,56.755,715577,0
XLE.US,5,20260309,164000,56.75,56.76,56.625,56.675,795318,0
XLE.US,5,20260309,164500,56.68,56.8,56.67,56.685,557180,0
XLE.US,5,20260309,165000,56.68,56.775,56.605,56.605,531711,0
XLE.US,5,20260309,165500,56.61,56.72,56.57,56.7,579969,0
XLE.US,5,20260309,170000,56.7,56.82,56.7,56.795,965376,0
XLE.US,5,20260309,170500,56.79,56.8,56.6701,56.725,757782,0
XLE.US,5,20260309,171000,56.725,56.745,56.615,56.6182,609140,0
XLE.US,5,20260309,171500,56.62,56.655,56.535,56.555,614851,0
XLE.US,5,20260309,172000,56.55,56.59,56.53,56.57,612949,0
XLE.US,5,20260309,172500,56.565,56.575,56.39,56.54,1589150,0
XLE.US,5,20260309,173000,56.535,56.6,56.49,56.495,943628,0
XLE.US,5,20260309,173500,56.495,56.68,56.49,56.67,663653,0
XLE.US,5,20260309,174000,56.675,56.7,56.6114,56.655,372376,0
XLE.US,5,20260309,174500,56.655,56.67,56.575,56.615,513965,0
XLE.US,5,20260309,175000,56.61,56.625,56.51,56.565,420932,0
XLE.US,5,20260309,175500,56.565,56.645,56.52,56.625,429872,0
XLE.US,5,20260309,180000,56.625,56.63,56.485,56.56,635574,0
XLE.US,5,20260309,180500,56.55,56.595,56.51,56.57,703580,0
XLE.US,5,20260309,181000,56.565,56.605,56.48,56.515,895889,0
XLE.US,5,20260309,181500,56.515,56.57,56.44,56.56,490878,0
XLE.US,5,20260309,182000,56.555,56.56,56.39,56.4,419147,0
XLE.US,5,20260309,182500,56.39,56.42,56.35,56.405,540105,0
XLE.US,5,20260309,183000,56.405,56.48,56.37,56.4,345656,0
XLE.US,5,20260309,183500,56.395,56.44,56.37,56.415,297292,0
XLE.US,5,20260309,184000,56.42,56.5069,56.405,56.44,357480,0
XLE.US,5,20260309,184500,56.44,56.565,56.44,56.525,391136,0
XLE.US,5,20260309,185000,56.525,56.545,56.48,56.515,246374,0
XLE.US,5,20260309,185500,56.51,56.54,56.49,56.5196,221584,0
XLE.US,5,20260309,190000,56.515,56.525,56.44,56.465,311522,0
XLE.US,5,20260309,190500,56.46,56.48,56.37,56.445,643824,0
XLE.US,5,20260309,191000,56.445,56.48,56.385,56.385,429914,0
XLE.US,5,20260309,191500,56.385,56.4861,56.36,56.485,438232,0
XLE.US,5,20260309,192000,56.485,56.605,56.44,56.59,801549,0
XLE.US,5,20260309,192500,56.6,56.63,56.565,56.6,423533,0
XLE.US,5,20260309,193000,56.6,56.64,56.545,56.57,443205,0
XLE.US,5,20260309,193500,56.575,56.62,56.54,56.62,408419,0
XLE.US,5,20260309,194000,56.625,56.66,56.595,56.62,405749,0
XLE.US,5,20260309,194500,56.62,56.63,56.57,56.615,419104,0
XLE.US,5,20260309,195000,56.61,56.675,56.6,56.675,294501,0
XLE.US,5,20260309,195500,56.6724,56.7,56.625,56.635,282669,0
XLE.US,5,20260309,200000,56.635,56.7,56.635,56.67,376202,0
XLE.US,5,20260309,200500,56.665,56.7,56.61,56.665,402373,0
XLE.US,5,20260309,201000,56.665,56.7,56.61,56.635,418076,0
XLE.US,5,20260309,201500,56.635,56.67,56.47,56.64,2138442,0
XLE.US,5,20260309,202000,56.65,56.76,56.4,56.45,2435187,0
XLE.US,5,20260309,202500,56.46,56.64,56.44,56.555,2669307,0
XLE.US,5,20260309,203000,56.555,56.58,56.245,56.36,2655637,0
XLE.US,5,20260309,203500,56.3555,56.4095,55.96,56.13,5425359,0
XLE.US,5,20260309,204000,56.14,56.24,56.07,56.21,3537003,0
XLE.US,5,20260309,204500,56.21,56.24,56.07,56.105,2186702,0
XLE.US,5,20260309,205000,56.105,56.14,55.94,56.105,2339662,0
XLE.US,5,20260309,205500,56.11,56.34,56.105,56.3259,3189803,0
XLE.US,5,20260310,143000,56.055,56.06,55.5712,55.715,2346900,0
XLE.US,5,20260310,143500,55.71,55.77,55.55,55.62,1650131,0
XLE.US,5,20260310,144000,55.615,55.98,55.605,55.965,1714377,0
XLE.US,5,20260310,144500,55.97,55.99,55.74,55.835,1101022,0
XLE.US,5,20260310,145000,55.83,55.895,55.7,55.76,930793,0
XLE.US,5,20260310,145500,55.75,55.785,55.55,55.69,796641,0
XLE.US,5,20260310,150000,55.69,55.915,55.68,55.885,1156881,0
XLE.US,5,20260310,150500,55.885,56.08,55.865,56.065,557313,0
XLE.US,5,20260310,151000,56.055,56.125,55.965,56.03,973749,0
XLE.US,5,20260310,151500,56.03,56.125,56.02,56.055,687567,0
XLE.US,5,20260310,152000,56.055,56.245,56.025,56.21,809304,0
XLE.US,5,20260310,152500,56.21,56.22,56.1,56.115,660203,0
XLE.US,5,20260310,153000,56.115,56.2699,56.11,56.225,991827,0
XLE.US,5,20260310,153500,56.2201,56.31,56.21,56.234298,1020423,0
XLE.US,5,20260310,154000,56.235,56.34,56.12,56.27,941381,0
XLE.US,5,20260310,154500,56.27,56.35,56.23,56.32,900270,0
XLE.US,5,20260310,155000,56.32,56.37,56.28,56.29,539352,0
XLE.US,5,20260310,155500,56.3,56.44,56.27,56.4,459955,0
XLE.US,5,20260310,160000,56.405,56.46,56.365,56.38,688494,0
XLE.US,5,20260310,160500,56.375,56.42,56.315,56.335,621484,0
XLE.US,5,20260310,161000,56.335,56.405,56.325,56.335,812081,0
XLE.US,5,20260310,161500,56.3311,56.4,56.31,56.34,835406,0
XLE.US,5,20260310,162000,56.34,56.395,56.3,56.315,526945,0
XLE.US,5,20260310,162500,56.31,56.32,56.195,56.2,554796,0
XLE.US,5,20260310,163000,56.205,56.3,56.2,56.275,696887,0
XLE.US,5,20260310,163500,56.27,56.3,56.22,56.29,604619,0
XLE.US,5,20260310,164000,56.29,56.34,56.255,56.335,546366,0
XLE.US,5,20260310,164500,56.335,56.37,56.29,56.315,722633,0
XLE.US,5,20260310,165000,56.315,56.345,56.215,56.215,518668,0
XLE.US,5,20260310,165500,56.215,56.25,56.16,56.18,334450,0
XLE.US,5,20260310,170000,56.18,56.24,56.15,56.1735,585113,0
XLE.US,5,20260310,170500,56.17,56.3,56.17,56.28,3542794,0
XLE.US,5,20260310,171000,56.28,56.32,56.2339,56.28,534250,0
XLE.US,5,20260310,171500,56.28,56.34,56.23,56.31,427085,0
XLE.US,5,20260310,172000,56.315,56.3201,56.2,56.22,314676,0
XLE.US,5,20260310,172500,56.215,56.225,56.125,56.125,423409,0
XLE.US,5,20260310,173000,56.13,56.15,56.04,56.085,505660,0
XLE.US,5,20260310,173500,56.09,56.18,56.02,56.175,592286,0
XLE.US,5,20260310,174000,56.185,56.2,56.05,56.0539,386052,0
XLE.US,5,20260310,174500,56.0501,56.11,56.045,56.095,562288,0
XLE.US,5,20260310,175000,56.09,56.095,55.91,56.025,806856,0
XLE.US,5,20260310,175500,56.025,56.025,55.94,55.96,395155,0
XLE.US,5,20260310,180000,55.95,55.989,55.85,55.86,696554,0
XLE.US,5,20260310,180500,55.865,55.94,55.83,55.91,840836,0
XLE.US,5,20260310,181000,55.91,55.93,55.81,55.8211,792544,0
XLE.US,5,20260310,181500,55.83,55.84,55.465,55.485,2630860,0
XLE.US,5,20260310,182000,55.48,55.545,55.365,55.495,2331890,0
XLE.US,5,20260310,182500,55.4901,55.675,55.42,55.65,1344678,0
XLE.US,5,20260310,183000,55.64,55.815,55.635,55.8,1363719,0
XLE.US,5,20260310,183500,55.795,55.98,55.795,55.91,2057290,0
XLE.US,5,20260310,184000,55.915,55.93,55.79,55.81,778504,0
XLE.US,5,20260310,184500,55.82,55.92,55.78,55.895,587810,0
XLE.US,5,20260310,185000,55.89,55.925,55.7045,55.73,2410225,0
XLE.US,5,20260310,185500,55.73,55.73,55.53,55.575,540362,0
XLE.US,5,20260310,190000,55.575,55.63,55.52,55.59,685672,0
XLE.US,5,20260310,190500,55.585,55.685,55.56,55.665,610005,0
XLE.US,5,20260310,191000,55.665,55.81,55.6101,55.71,1818329,0
XLE.US,5,20260310,191500,55.72,56.05,55.65,55.93,3636483,0
XLE.US,5,20260310,192000,55.93,55.93,55.6345,55.69,2103645,0
XLE.US,5,20260310,192500,55.695,55.76,55.525,55.58,1714902,0
XLE.US,5,20260310,193000,55.59,55.7045,55.58,55.67,759225,0
XLE.US,5,20260310,193500,55.67,55.86,55.65,55.808,716587,0
XLE.US,5,20260310,194000,55.805,55.8699,55.78,55.835,608423,0
XLE.US,5,20260310,194500,55.83,55.88,55.785,55.835,634748,0
XLE.US,5,20260310,195000,55.835,55.87,55.75,55.77,711623,0
XLE.US,5,20260310,195500,55.775,55.785,55.67,55.7,452563,0
XLE.US,5,20260310,200000,55.705,55.75,55.67,55.75,541067,0
XLE.US,5,20260310,200500,55.76,55.811,55.73,55.795,429111,0
XLE.US,5,20260310,201000,55.8,55.81,55.74,55.771,385085,0
XLE.US,5,20260310,201500,55.7724,55.8901,55.77,55.885,492995,0
XLE.US,5,20260310,202000,55.88,55.895,55.83,55.855,709448,0
XLE.US,5,20260310,202500,55.855,55.86,55.7,55.755,740593,0
XLE.US,5,20260310,203000,55.755,55.77,55.655,55.71,863997,0
XLE.US,5,20260310,203500,55.705,55.74,55.57,55.715,861354,0
XLE.US,5,20260310,204000,55.71,55.75,55.66,55.73,1373172,0
XLE.US,5,20260310,204500,55.73,55.77,55.65,55.665,629340,0
XLE.US,5,20260310,205000,55.67,55.71,55.63,55.645,1567312,0
XLE.US,5,20260310,205500,55.65,55.655,55.57,55.61,3888544,0
XLE.US,5,20260311,143000,55.63,56.06,55.54,56.055,2174424,0
XLE.US,5,20260311,143500,56.05,56.075,55.82,55.972,1653823,0
XLE.US,5,20260311,144000,55.98,56.03,55.85,56.005,1151521,0
XLE.US,5,20260311,144500,56.01,56.16,56.01,56.01,987663,0
XLE.US,5,20260311,145000,56.02,56.1532,56.01,56.145,844509,0
XLE.US,5,20260311,145500,56.15,56.2,56.01,56.095,835259,0
XLE.US,5,20260311,150000,56.1,56.215,55.985,56.145,971426,0
XLE.US,5,20260311,150500,56.14,56.27,56.115,56.2699,667721,0
XLE.US,5,20260311,151000,56.265,56.31,56.19,56.305,651171,0
XLE.US,5,20260311,151500,56.305,56.315,56.23,56.26,548318,0
XLE.US,5,20260311,152000,56.26,56.43,56.2501,56.405,610609,0
XLE.US,5,20260311,152500,56.405,56.59,56.37,56.585,913603,0
XLE.US,5,20260311,153000,56.585,56.66,56.54,56.57,1139888,0
XLE.US,5,20260311,153500,56.57,56.72,56.555,56.72,464100,0
XLE.US,5,20260311,154000,56.715,56.72,56.535,56.57,412159,0
XLE.US,5,20260311,154500,56.57,56.665,56.55,56.62,520927,0
XLE.US,5,20260311,155000,56.62,56.69,56.6,56.67,591965,0
XLE.US,5,20260311,155500,56.68,56.68,56.6,56.645,705268,0
XLE.US,5,20260311,160000,56.645,56.74,56.645,56.71,566798,0
XLE.US,5,20260311,160500,56.71,56.74,56.6,56.645,571068,0
XLE.US,5,20260311,161000,56.645,56.665,56.535,56.535,389972,0
XLE.US,5,20260311,161500,56.535,56.58,56.485,56.5,308665,0
XLE.US,5,20260311,162000,56.49,56.63,56.485,56.62,348796,0
XLE.US,5,20260311,162500,56.615,56.64,56.575,56.585,295008,0
XLE.US,5,20260311,163000,56.58,56.61,56.503,56.51,371213,0
XLE.US,5,20260311,163500,56.505,56.55,56.48,56.51,270732,0
XLE.US,5,20260311,164000,56.5,56.52,56.455,56.47,547781,0
XLE.US,5,20260311,164500,56.47,56.5,56.395,56.4899,390727,0
XLE.US,5,20260311,165000,56.49,56.51,56.43,56.465,373860,0
XLE.US,5,20260311,165500,56.4654,56.51,56.465,56.4741,384259,0
XLE.US,5,20260311,170000,56.47,56.6,56.47,56.555,476899,0
XLE.US,5,20260311,170500,56.554,56.63,56.55,56.6,263099,0
XLE.US,5,20260311,171000,56.595,56.69,56.575,56.68,400573,0
XLE.US,5,20260311,171500,56.68,56.685,56.58,56.66,371561,0
XLE.US,5,20260311,172000,56.6685,56.68,56.605,56.64,356562,0
XLE.US,5,20260311,172500,56.645,56.685,56.56,56.58,302211,0
XLE.US,5,20260311,173000,56.58,56.7,56.58,56.67,599594,0
XLE.US,5,20260311,173500,56.67,56.715,56.655,56.69,285675,0
XLE.US,5,20260311,174000,56.695,56.695,56.615,56.62,243382,0
XLE.US,5,20260311,174500,56.625,56.69,56.61,56.64,264990,0
XLE.US,5,20260311,175000,56.64,56.73,56.63,56.715,207180,0
XLE.US,5,20260311,175500,56.71,56.75,56.665,56.715,173004,0
XLE.US,5,20260311,180000,56.715,56.76,56.685,56.73,302868,0
XLE.US,5,20260311,180500,56.725,56.74,56.65,56.65,264161,0
XLE.US,5,20260311,181000,56.6555,56.705,56.64,56.66,320273,0
XLE.US,5,20260311,181500,56.66,56.69,56.585,56.685,299506,0
XLE.US,5,20260311,182000,56.6801,56.75,56.68,56.715,222382,0
XLE.US,5,20260311,182500,56.71,56.73,56.67,56.675,263200,0
XLE.US,5,20260311,183000,56.68,56.6855,56.615,56.65,436062,0
XLE.US,5,20260311,183500,56.65,56.66,56.59,56.645,552832,0
XLE.US,5,20260311,184000,56.65,56.7,56.625,56.665,455239,0
XLE.US,5,20260311,184500,56.665,56.69,56.645,56.665,191693,0
XLE.US,5,20260311,185000,56.665,56.685,56.6039,56.65,269456,0
XLE.US,5,20260311,185500,56.64,56.66,56.59,56.635,299107,0
XLE.US,5,20260311,190000,56.63,56.69,56.605,56.645,239373,0
XLE.US,5,20260311,190500,56.65,56.68,56.62,56.645,257157,0
XLE.US,5,20260311,191000,56.6414,56.675,56.615,56.635,256500,0
XLE.US,5,20260311,191500,56.63,56.73,56.62,56.715,286995,0
XLE.US,5,20260311,192000,56.715,56.76,56.7,56.75,248105,0
XLE.US,5,20260311,192500,56.755,56.78,56.705,56.75,453942,0
XLE.US,5,20260311,193000,56.745,56.755,56.715,56.74,338151,0
XLE.US,5,20260311,193500,56.745,56.82,56.74,56.795,340273,0
XLE.US,5,20260311,194000,56.795,56.845,56.79,56.835,221832,0
XLE.US,5,20260311,194500,56.835,56.84,56.78,56.785,442234,0
XLE.US,5,20260311,195000,56.79,56.866,56.78,56.866,673837,0
XLE.US,5,20260311,195500,56.865,56.91,56.815,56.82,481985,0
XLE.US,5,20260311,200000,56.82,56.885,56.75,56.795,355477,0
XLE.US,5,20260311,200500,56.8,56.8,56.745,56.78,285521,0
XLE.US,5,20260311,201000,56.78,56.8,56.75,56.76,247129,0
XLE.US,5,20260311,201500,56.76,56.78,56.735,56.7495,335862,0
XLE.US,5,20260311,202000,56.745,56.79,56.745,56.775,320882,0
XLE.US,5,20260311,202500,56.775,56.855,56.775,56.85,393153,0
XLE.US,5,20260311,203000,56.855,56.905,56.785,56.885,539987,0
XLE.US,5,20260311,203500,56.89,56.91,56.86,56.895,368537,0
XLE.US,5,20260311,204000,56.895,56.94,56.86,56.9301,429960,0
XLE.US,5,20260311,204500,56.9343,57.0299,56.92,57.025,1048269,0
XLE.US,5,20260311,205000,57.03,57.04,56.91,56.91,1224714,0
XLE.US,5,20260311,205500,56.91,57.01,56.89,56.98,3203331,0
XLE.US,5,20260312,143000,57.13,57.32,57.07,57.1199,2336640,0
XLE.US,5,20260312,143500,57.115,57.28,57.07,57.165,1374763,0
XLE.US,5,20260312,144000,57.1652,57.22,57.06,57.21,1116296,0
XLE.US,5,20260312,144500,57.205,57.3568,57.185,57.33,999931,0
XLE.US,5,20260312,145000,57.32,57.46,57.3,57.305,948506,0
XLE.US,5,20260312,145500,57.3,57.305,57.11,57.2301,1104882,0
XLE.US,5,20260312,150000,57.24,57.27,57.12,57.23,812901,0
XLE.US,5,20260312,150500,57.24,57.37,57.23,57.34,841094,0
XLE.US,5,20260312,151000,57.35,57.5199,57.325,57.485,931527,0
XLE.US,5,20260312,151500,57.495,57.56,57.45,57.525,1077630,0
XLE.US,5,20260312,152000,57.53,57.575,57.485,57.57,936837,0
XLE.US,5,20260312,152500,57.565,57.64,57.5,57.635,786392,0
XLE.US,5,20260312,153000,57.63,57.735,57.605,57.685,770105,0
XLE.US,5,20260312,153500,57.69,57.8,57.6,57.695,878524,0
XLE.US,5,20260312,154000,57.695,57.73,57.64,57.69,739328,0
XLE.US,5,20260312,154500,57.69,57.7599,57.51,57.63,1355789,0
XLE.US,5,20260312,155000,57.625,57.68,57.3,57.33,990971,0
XLE.US,5,20260312,155500,57.335,57.495,57.305,57.465,747224,0
XLE.US,5,20260312,160000,57.465,57.685,57.465,57.685,769404,0
XLE.US,5,20260312,160500,57.68,57.74,57.63,57.71,584202,0
XLE.US,5,20260312,161000,57.7,57.7,57.53,57.62,545133,0
XLE.US,5,20260312,161500,57.615,57.75,57.6,57.7499,589168,0
XLE.US,5,20260312,162000,57.75,57.93,57.75,57.875,1339958,0
XLE.US,5,20260312,162500,57.88,58.01,57.87,57.97,1189170,0
XLE.US,5,20260312,163000,57.9799,58.04,57.92,57.99,630911,0
XLE.US,5,20260312,163500,57.99,58.06,57.95,57.96,917842,0
XLE.US,5,20260312,164000,57.96,58.045,57.88,58,1371976,0
XLE.US,5,20260312,164500,58,58.03,57.915,57.95,626522,0
XLE.US,5,20260312,165000,57.96,58.015,57.925,57.995,562319,0
XLE.US,5,20260312,165500,57.995,58.035,57.93,58.005,541398,0
XLE.US,5,20260312,170000,58.01,58.2,58.01,58.1899,672378,0
XLE.US,5,20260312,170500,58.185,58.205,58.065,58.13,544486,0
XLE.US,5,20260312,171000,58.13,58.1699,58.09,58.14,464206,0
XLE.US,5,20260312,171500,58.14,58.215,58.12,58.165,539513,0
XLE.US,5,20260312,172000,58.17,58.21,58.13,58.13,392228,0
XLE.US,5,20260312,172500,58.12,58.18,58.02,58.039,555352,0
XLE.US,5,20260312,173000,58.04,58.0499,57.965,58,427072,0
XLE.US,5,20260312,173500,57.995,58.03,57.91,58.02,745413,0
XLE.US,5,20260312,174000,58.02,58.05,57.925,57.99,731802,0
XLE.US,5,20260312,174500,57.995,58.04,57.97,58.035,1030903,0
XLE.US,5,20260312,175000,58.035,58.09,57.93,57.955,567319,0
XLE.US,5,20260312,175500,57.96,57.985,57.9199,57.975,466677,0
XLE.US,5,20260312,180000,57.97,58.015,57.92,57.99,481907,0
XLE.US,5,20260312,180500,57.99,58,57.91,57.925,1106722,0
XLE.US,5,20260312,181000,57.925,57.99,57.88,57.925,514409,0
XLE.US,5,20260312,181500,57.925,57.98,57.8901,57.965,401047,0
XLE.US,5,20260312,182000,57.965,57.99,57.915,57.9281,491210,0
XLE.US,5,20260312,182500,57.93,57.98,57.885,57.955,700401,0
XLE.US,5,20260312,183000,57.96,57.98,57.845,57.895,805167,0
XLE.US,5,20260312,183500,57.9,58.01,57.9,58.01,588356,0
XLE.US,5,20260312,184000,58.015,58.05,57.9201,57.935,350566,0
XLE.US,5,20260312,184500,57.94,58.04,57.9142,58.03,570706,0
XLE.US,5,20260312,185000,58.03,58.065,57.935,57.94,222828,0
XLE.US,5,20260312,185500,57.95,57.95,57.84,57.885,625246,0
XLE.US,5,20260312,190000,57.885,57.93,57.86,57.885,478322,0
XLE.US,5,20260312,190500,57.885,57.97,57.875,57.95,731154,0
XLE.US,5,20260312,191000,57.95,57.99,57.915,57.985,327939,0
XLE.US,5,20260312,191500,57.9861,58.005,57.8781,57.89,364002,0
XLE.US,5,20260312,192000,57.88,57.99,57.85,57.975,354931,0
XLE.US,5,20260312,192500,57.975,58.06,57.97,57.9901,355038,0
XLE.US,5,20260312,193000,57.995,58.09,57.99,58.085,332108,0
XLE.US,5,20260312,193500,58.09,58.175,58.08,58.1,347056,0
XLE.US,5,20260312,194000,58.095,58.095,58.05,58.06,270155,0
XLE.US,5,20260312,194500,58.065,58.1,58.021,58.0345,326443,0
XLE.US,5,20260312,195000,58.04,58.09,58.025,58.025,321533,0
XLE.US,5,20260312,195500,58.02,58.025,57.91,57.915,557735,0
XLE.US,5,20260312,200000,57.915,58.0061,57.915,57.995,821676,0
XLE.US,5,20260312,200500,58,58.02,57.91,57.925,493904,0
XLE.US,5,20260312,201000,57.93,58,57.9,57.96,900292,0
XLE.US,5,20260312,201500,57.96,57.98,57.87,57.895,649450,0
XLE.US,5,20260312,202000,57.89,57.905,57.825,57.8317,968484,0
XLE.US,5,20260312,202500,57.83,57.87,57.79,57.87,555686,0
XLE.US,5,20260312,203000,57.87,57.95,57.845,57.905,800927,0
XLE.US,5,20260312,203500,57.905,57.915,57.735,57.7699,970917,0
XLE.US,5,20260312,204000,57.765,57.79,57.6701,57.685,793640,0
XLE.US,5,20260312,204500,57.69,57.715,57.665,57.675,1076424,0
XLE.US,5,20260312,205000,57.675,57.685,57.57,57.645,1915353,0
XLE.US,5,20260312,205500,57.64,57.67,57.51,57.51,4386730,0
XLE.US,5,20260313,143000,57.5,57.5,57.1,57.2,1993538,0
XLE.US,5,20260313,143500,57.21,57.435,57.18,57.4,1156164,0
XLE.US,5,20260313,144000,57.405,57.62,57.405,57.59,1125418,0
XLE.US,5,20260313,144500,57.59,57.715,57.55,57.71,910201,0
XLE.US,5,20260313,145000,57.71,57.81,57.625,57.73,955851,0
XLE.US,5,20260313,145500,57.72,57.8701,57.71,57.865,728076,0
XLE.US,5,20260313,150000,57.865,57.93,57.785,57.8252,668010,0
XLE.US,5,20260313,150500,57.825,57.84,57.69,57.75,506007,0
XLE.US,5,20260313,151000,57.745,57.785,57.56,57.586,575739,0
XLE.US,5,20260313,151500,57.58,57.62,57.47,57.49,673825,0
XLE.US,5,20260313,152000,57.48,57.635,57.435,57.55,523512,0
XLE.US,5,20260313,152500,57.55,57.565,57.51,57.535,457435,0
XLE.US,5,20260313,153000,57.53,57.655,57.525,57.6139,449796,0
XLE.US,5,20260313,153500,57.62,57.625,57.51,57.58,417845,0
XLE.US,5,20260313,154000,57.58,57.58,57.49,57.505,417067,0
XLE.US,5,20260313,154500,57.505,57.575,57.45,57.565,512868,0
XLE.US,5,20260313,155000,57.5658,57.58,57.465,57.475,406133,0
XLE.US,5,20260313,155500,57.475,57.5,57.325,57.4,454601,0
XLE.US,5,20260313,160000,57.4,57.415,57.305,57.365,647918,0
XLE.US,5,20260313,160500,57.37,57.455,57.36,57.45,493406,0
XLE.US,5,20260313,161000,57.45,57.55,57.435,57.54,547362,0
XLE.US,5,20260313,161500,57.545,57.555,57.475,57.525,357987,0
XLE.US,5,20260313,162000,57.525,57.55,57.46,57.475,580449,0
XLE.US,5,20260313,162500,57.47,57.535,57.455,57.51,339517,0
XLE.US,5,20260313,163000,57.5,57.565,57.5,57.53,411816,0
XLE.US,5,20260313,163500,57.535,57.615,57.485,57.615,341776,0
XLE.US,5,20260313,164000,57.61,57.645,57.46,57.49,226973,0
XLE.US,5,20260313,164500,57.495,57.53,57.45,57.47,661803,0
XLE.US,5,20260313,165000,57.47,57.47,57.385,57.465,322209,0
XLE.US,5,20260313,165500,57.46,57.465,57.37,57.38,238894,0
XLE.US,5,20260313,170000,57.39,57.44,57.37,57.4,453063,0
XLE.US,5,20260313,170500,57.4,57.49,57.39,57.48,283817,0
XLE.US,5,20260313,171000,57.48,57.53,57.37,57.3799,309492,0
XLE.US,5,20260313,171500,57.375,57.44,57.36,57.4,405652,0
XLE.US,5,20260313,172000,57.39,57.495,57.39,57.49,285751,0
XLE.US,5,20260313,172500,57.4999,57.58,57.49,57.565,408825,0
XLE.US,5,20260313,173000,57.5699,57.62,57.52,57.52,502934,0
XLE.US,5,20260313,173500,57.52,57.615,57.52,57.58,585222,0
XLE.US,5,20260313,174000,57.58,57.63,57.555,57.565,441973,0
XLE.US,5,20260313,174500,57.565,57.605,57.5,57.595,219960,0
XLE.US,5,20260313,175000,57.595,57.65,57.58,57.64,217284,0
XLE.US,5,20260313,175500,57.645,57.66,57.59,57.6,277327,0
XLE.US,5,20260313,180000,57.6,57.65,57.585,57.585,279575,0
XLE.US,5,20260313,180500,57.585,57.635,57.565,57.63,307484,0
XLE.US,5,20260313,181000,57.6334,57.68,57.59,57.675,420789,0
XLE.US,5,20260313,181500,57.675,57.73,57.675,57.72,329056,0
XLE.US,5,20260313,182000,57.71,57.75,57.6401,57.655,310055,0
XLE.US,5,20260313,182500,57.655,57.66,57.615,57.635,189320,0
XLE.US,5,20260313,183000,57.635,57.735,57.615,57.7261,276189,0
XLE.US,5,20260313,183500,57.7217,57.75,57.695,57.705,302297,0
XLE.US,5,20260313,184000,57.71,57.73,57.685,57.73,265762,0
XLE.US,5,20260313,184500,57.725,57.77,57.7,57.74,223678,0
XLE.US,5,20260313,185000,57.735,57.78,57.705,57.71,383594,0
XLE.US,5,20260313,185500,57.7,57.73,57.655,57.665,245327,0
XLE.US,5,20260313,190000,57.67,57.76,57.65,57.745,394991,0
XLE.US,5,20260313,190500,57.745,57.835,57.745,57.805,411040,0
XLE.US,5,20260313,191000,57.8,57.875,57.775,57.835,327094,0
XLE.US,5,20260313,191500,57.835,57.905,57.83,57.86,214819,0
XLE.US,5,20260313,192000,57.865,57.87,57.77,57.785,275223,0
XLE.US,5,20260313,192500,57.785,57.8,57.735,57.795,322384,0
XLE.US,5,20260313,193000,57.79,57.87,57.7736,57.865,430697,0
XLE.US,5,20260313,193500,57.86,57.89,57.83,57.846,508114,0
XLE.US,5,20260313,194000,57.845,57.855,57.805,57.85,302678,0
XLE.US,5,20260313,194500,57.85,57.8853,57.84,57.885,389087,0
XLE.US,5,20260313,195000,57.885,57.925,57.85,57.91,387851,0
XLE.US,5,20260313,195500,57.905,57.91,57.86,57.875,284272,0
XLE.US,5,20260313,200000,57.88,57.905,57.835,57.8599,323492,0
XLE.US,5,20260313,200500,57.8501,57.92,57.84,57.9,254388,0
XLE.US,5,20260313,201000,57.9,57.92,57.86,57.905,217770,0
XLE.US,5,20260313,201500,57.91,57.93,57.855,57.9,590584,0
XLE.US,5,20260313,202000,57.895,57.9,57.78,57.805,339067,0
XLE.US,5,20260313,202500,57.805,57.82,57.75,57.79,449513,0
XLE.US,5,20260313,203000,57.79,57.8499,57.79,57.805,454873,0
XLE.US,5,20260313,203500,57.8,57.81,57.72,57.735,574237,0
XLE.US,5,20260313,204000,57.735,57.755,57.65,57.705,392976,0
XLE.US,5,20260313,204500,57.705,57.745,57.63,57.735,662426,0
XLE.US,5,20260313,205000,57.735,57.76,57.64,57.675,963227,0
XLE.US,5,20260313,205500,57.675,57.78,57.655,57.7,2571585,0
XLE.US,5,20260316,143000,57.765,57.77,57.27,57.4202,1491207,0
XLE.US,5,20260316,143500,57.42,57.65,57.32,57.61,1141083,0
XLE.US,5,20260316,144000,57.61,57.805,57.605,57.7665,785694,0
XLE.US,5,20260316,144500,57.76,57.8,57.58,57.611,1135665,0
XLE.US,5,20260316,145000,57.62,57.745,57.525,57.715,836082,0
XLE.US,5,20260316,145500,57.715,57.735,57.5901,57.69,653406,0
XLE.US,5,20260316,150000,57.69,57.84,57.68,57.8,880442,0
XLE.US,5,20260316,150500,57.8001,57.83,57.69,57.6901,882595,0
XLE.US,5,20260316,151000,57.69,57.77,57.635,57.685,531632,0
XLE.US,5,20260316,151500,57.69,57.965,57.69,57.965,501281,0
XLE.US,5,20260316,152000,57.965,58,57.87,57.91,392660,0
XLE.US,5,20260316,152500,57.91,57.97,57.85,57.935,442325,0
XLE.US,5,20260316,153000,57.94,57.99,57.865,57.9699,873665,0
XLE.US,5,20260316,153500,57.96,58,57.905,57.935,520757,0
XLE.US,5,20260316,154000,57.93,58.04,57.9,58.04,578746,0
XLE.US,5,20260316,154500,58.035,58.046,57.895,57.945,600084,0
XLE.US,5,20260316,155000,57.94,58.015,57.9,57.995,456394,0
XLE.US,5,20260316,155500,57.995,58.07,57.98,58.04,393074,0
XLE.US,5,20260316,160000,58.04,58.055,57.975,58.005,632720,0
XLE.US,5,20260316,160500,58.01,58.08,57.995,58.06,502217,0
XLE.US,5,20260316,161000,58.065,58.08,58.025,58.04,484857,0
XLE.US,5,20260316,161500,58.04,58.085,58.02,58.055,353966,0
XLE.US,5,20260316,162000,58.054,58.0998,58.03,58.07,337174,0
XLE.US,5,20260316,162500,58.07,58.095,58.045,58.055,322096,0
XLE.US,5,20260316,163000,58.055,58.1,57.9901,58.05,300415,0
XLE.US,5,20260316,163500,58.05,58.0753,57.965,58.005,333842,0
XLE.US,5,20260316,164000,58.01,58.01,57.89,57.89,327261,0
XLE.US,5,20260316,164500,57.89,57.935,57.83,57.89,234737,0
XLE.US,5,20260316,165000,57.88,57.895,57.79,57.88,339696,0
XLE.US,5,20260316,165500,57.89,57.89,57.83,57.85,304917,0
XLE.US,5,20260316,170000,57.846,57.905,57.82,57.85,209766,0
XLE.US,5,20260316,170500,57.85,57.905,57.825,57.88,205633,0
XLE.US,5,20260316,171000,57.89,57.92,57.85,57.865,179669,0
XLE.US,5,20260316,171500,57.86,57.8763,57.78,57.86,270462,0
XLE.US,5,20260316,172000,57.86,57.9,57.84,57.85,360200,0
XLE.US,5,20260316,172500,57.84,57.91,57.84,57.89,416286,0
XLE.US,5,20260316,173000,57.9,57.92,57.825,57.87,244923,0
XLE.US,5,20260316,173500,57.87,57.88,57.79,57.85,321285,0
XLE.US,5,20260316,174000,57.855,57.87,57.795,57.805,195634,0
XLE.US,5,20260316,174500,57.805,57.81,57.75,57.8,218872,0
XLE.US,5,20260316,175000,57.8,57.865,57.765,57.815,184818,0
XLE.US,5,20260316,175500,57.82,57.95,57.82,57.82,231730,0
XLE.US,5,20260316,180000,57.83,57.87,57.79,57.8,446114,0
XLE.US,5,20260316,180500,57.805,57.83,57.75,57.79,226710,0
XLE.US,5,20260316,181000,57.79,57.83,57.745,57.83,713878,0
XLE.US,5,20260316,181500,57.84,57.84,57.74,57.78,220658,0
XLE.US,5,20260316,182000,57.77,57.8,57.73,57.79,245299,0
XLE.US,5,20260316,182500,57.795,57.835,57.775,57.81,266006,0
XLE.US,5,20260316,183000,57.81,57.85,57.78,57.805,173797,0
XLE.US,5,20260316,183500,57.805,57.8599,57.805,57.84,222473,0
XLE.US,5,20260316,184000,57.8499,57.86,57.815,57.82,149616,0
XLE.US,5,20260316,184500,57.825,57.86,57.8,57.8001,213158,0
XLE.US,5,20260316,185000,57.805,57.8399,57.76,57.83,293624,0
XLE.US,5,20260316,185500,57.825,57.8799,57.82,57.86,122739,0
XLE.US,5,20260316,190000,57.86,57.91,57.86,57.91,147278,0
XLE.US,5,20260316,190500,57.91,57.9299,57.88,57.89,387668,0
XLE.US,5,20260316,191000,57.89,57.91,57.85,57.86,216261,0
XLE.US,5,20260316,191500,57.865,57.945,57.8601,57.94,298642,0
XLE.US,5,20260316,192000,57.9499,58.01,57.945,57.975,231012,0
XLE.US,5,20260316,192500,57.975,57.99,57.91,57.94,307893,0
XLE.US,5,20260316,193000,57.945,57.99,57.94,57.98,218609,0
XLE.US,5,20260316,193500,57.985,58,57.915,57.925,252654,0
XLE.US,5,20260316,194000,57.93,58,57.915,57.99,233444,0
XLE.US,5,20260316,194500,57.995,58.045,57.99,58.025,258592,0
XLE.US,5,20260316,195000,58.02,58.079,57.925,57.925,411279,0
XLE.US,5,20260316,195500,57.93,57.935,57.88,57.9187,222496,0
XLE.US,5,20260316,200000,57.915,57.965,57.915,57.955,216269,0
XLE.US,5,20260316,200500,57.955,57.955,57.84,57.86,516502,0
XLE.US,5,20260316,201000,57.855,57.88,57.78,57.85,551264,0
XLE.US,5,20260316,201500,57.85,57.905,57.85,57.89,174798,0
XLE.US,5,20260316,202000,57.8933,57.965,57.8801,57.9401,298629,0
XLE.US,5,20260316,202500,57.945,57.95,57.87,57.94,947233,0
XLE.US,5,20260316,203000,57.94,57.9599,57.845,57.85,617879,0
XLE.US,5,20260316,203500,57.85,57.86,57.8,57.82,491966,0
XLE.US,5,20260316,204000,57.815,57.84,57.765,57.795,429488,0
XLE.US,5,20260316,204500,57.799,57.845,57.785,57.83,432624,0
XLE.US,5,20260316,205000,57.84,57.91,57.83,57.875,1454998,0
XLE.US,5,20260316,205500,57.88,57.96,57.875,57.9,2348169,0
XLE.US,5,20260317,143000,58.23,58.36,58.06,58.11,1511747,0
XLE.US,5,20260317,143500,58.1,58.18,57.98,58.175,956343,0
XLE.US,5,20260317,144000,58.175,58.335,58.105,58.275,863954,0
XLE.US,5,20260317,144500,58.27,58.4,58.24,58.295,784180,0
XLE.US,5,20260317,145000,58.295,58.54,58.2802,58.525,710307,0
XLE.US,5,20260317,145500,58.52,58.68,58.48,58.665,743825,0
XLE.US,5,20260317,150000,58.66,58.79,58.615,58.78,1075249,0
XLE.US,5,20260317,150500,58.78,58.8,58.71,58.76,603391,0
XLE.US,5,20260317,151000,58.765,58.81,58.66,58.71,729572,0
XLE.US,5,20260317,151500,58.715,58.775,58.65,58.68,526741,0
XLE.US,5,20260317,152000,58.69,58.77,58.68,58.76,513178,0
XLE.US,5,20260317,152500,58.755,58.83,58.685,58.816,1126782,0
XLE.US,5,20260317,153000,58.815,58.88,58.795,58.865,715622,0
XLE.US,5,20260317,153500,58.865,58.91,58.81,58.895,979698,0
XLE.US,5,20260317,154000,58.895,58.93,58.86,58.8699,347270,0
XLE.US,5,20260317,154500,58.865,58.87,58.77,58.815,354816,0
XLE.US,5,20260317,155000,58.815,58.82,58.74,58.78,792731,0
XLE.US,5,20260317,155500,58.775,58.83,58.75,58.755,319382,0
XLE.US,5,20260317,160000,58.75,58.815,58.735,58.7602,420084,0
XLE.US,5,20260317,160500,58.76,58.83,58.75,58.805,281229,0
XLE.US,5,20260317,161000,58.8,58.865,58.795,58.855,351279,0
XLE.US,5,20260317,161500,58.855,58.8899,58.825,58.885,335970,0
XLE.US,5,20260317,162000,58.885,58.95,58.835,58.945,316118,0
XLE.US,5,20260317,162500,58.945,58.95,58.85,58.856,322573,0
XLE.US,5,20260317,163000,58.855,58.96,58.85,58.925,490105,0
XLE.US,5,20260317,163500,58.92,58.945,58.9,58.935,345974,0
XLE.US,5,20260317,164000,58.935,58.98,58.92,58.98,343437,0
XLE.US,5,20260317,164500,58.98,59.015,58.97,59.005,423467,0
XLE.US,5,20260317,165000,59.005,59.04,58.98,58.98,300600,0
XLE.US,5,20260317,165500,58.975,58.985,58.925,58.985,280626,0
XLE.US,5,20260317,170000,58.99,59.01,58.915,58.99,408162,0
XLE.US,5,20260317,170500,58.985,59.015,58.975,59.0099,424820,0
XLE.US,5,20260317,171000,59.02,59.045,58.97,59.01,335825,0
XLE.US,5,20260317,171500,59.01,59.05,58.98,59.015,312123,0
XLE.US,5,20260317,172000,59.01,59.01,58.85,58.87,355490,0
XLE.US,5,20260317,172500,58.8667,58.9,58.74,58.745,283857,0
XLE.US,5,20260317,173000,58.745,58.81,58.73,58.8051,440398,0
XLE.US,5,20260317,173500,58.805,58.865,58.795,58.83,381030,0
XLE.US,5,20260317,174000,58.835,58.92,58.835,58.9,296125,0
XLE.US,5,20260317,174500,58.905,58.92,58.885,58.915,322933,0
XLE.US,5,20260317,175000,58.91,58.91,58.84,58.855,304068,0
XLE.US,5,20260317,175500,58.85,58.905,58.845,58.855,275788,0
XLE.US,5,20260317,180000,58.855,58.915,58.845,58.9,243552,0
XLE.US,5,20260317,180500,58.905,58.91,58.86,58.865,231324,0
XLE.US,5,20260317,181000,58.865,58.9,58.83,58.855,304495,0
XLE.US,5,20260317,181500,58.85,58.8799,58.82,58.825,405075,0
XLE.US,5,20260317,182000,58.8299,58.835,58.735,58.75,269242,0
XLE.US,5,20260317,182500,58.755,58.8,58.73,58.745,174787,0
XLE.US,5,20260317,183000,58.74,58.745,58.69,58.6999,349384,0
XLE.US,5,20260317,183500,58.69,58.71,58.64,58.675,215587,0
XLE.US,5,20260317,184000,58.675,58.74,58.67,58.73,398594,0
XLE.US,5,20260317,184500,58.73,58.766,58.71,58.72,226255,0
XLE.US,5,20260317,185000,58.715,58.735,58.67,58.725,239110,0
XLE.US,5,20260317,185500,58.7264,58.76,58.695,58.71,441506,0
XLE.US,5,20260317,190000,58.71,58.755,58.7,58.755,319657,0
XLE.US,5,20260317,190500,58.755,58.78,58.695,58.695,243879,0
XLE.US,5,20260317,191000,58.695,58.75,58.695,58.745,184064,0
XLE.US,5,20260317,191500,58.745,58.75,58.69,58.705,138006,0
XLE.US,5,20260317,192000,58.71,58.7289,58.638,58.638,229548,0
XLE.US,5,20260317,192500,58.635,58.72,58.62,58.685,328251,0
XLE.US,5,20260317,193000,58.68,58.735,58.66,58.6993,240388,0
XLE.US,5,20260317,193500,58.695,58.715,58.68,58.6996,217486,0
XLE.US,5,20260317,194000,58.695,58.71,58.67,58.69,319207,0
XLE.US,5,20260317,194500,58.695,58.72,58.655,58.67,364463,0
XLE.US,5,20260317,195000,58.675,58.69,58.66,58.68,203399,0
XLE.US,5,20260317,195500,58.675,58.68,58.635,58.645,131790,0
XLE.US,5,20260317,200000,58.645,58.66,58.58,58.66,341980,0
XLE.US,5,20260317,200500,58.66,58.68,58.6,58.61,279649,0
XLE.US,5,20260317,201000,58.61,58.67,58.61,58.65,178583,0
XLE.US,5,20260317,201500,58.655,58.69,58.63,58.69,303157,0
XLE.US,5,20260317,202000,58.685,58.695,58.63,58.6398,226301,0
XLE.US,5,20260317,202500,58.64,58.64,58.56,58.565,193410,0
XLE.US,5,20260317,203000,58.56,58.59,58.545,58.545,229008,0
XLE.US,5,20260317,203500,58.545,58.58,58.54,58.56,377920,0
XLE.US,5,20260317,204000,58.56,58.57,58.51,58.535,419833,0
XLE.US,5,20260317,204500,58.54,58.57,58.51,58.565,670474,0
XLE.US,5,20260317,205000,58.565,58.595,58.51,58.555,988653,0
XLE.US,5,20260317,205500,58.55,58.59,58.49,58.5,3215810,0
XLE.US,5,20260318,143000,58.735,58.92,58.69,58.84,1200613,0
XLE.US,5,20260318,143500,58.85,58.87,58.67,58.735,1093367,0
XLE.US,5,20260318,144000,58.735,58.755,58.625,58.67,962775,0
XLE.US,5,20260318,144500,58.665,58.77,58.58,58.73,801687,0
XLE.US,5,20260318,145000,58.73,58.7799,58.67,58.705,717741,0
XLE.US,5,20260318,145500,58.71,58.775,58.66,58.755,477759,0
XLE.US,5,20260318,150000,58.755,58.7599,58.63,58.63,612401,0
XLE.US,5,20260318,150500,58.635,58.68,58.54,58.63,622093,0
XLE.US,5,20260318,151000,58.64,58.64,58.585,58.615,582001,0
XLE.US,5,20260318,151500,58.62,58.72,58.615,58.65,461301,0
XLE.US,5,20260318,152000,58.655,58.69,58.61,58.63,805663,0
XLE.US,5,20260318,152500,58.64,58.65,58.525,58.575,569337,0
XLE.US,5,20260318,153000,58.58,58.74,58.5799,58.735,453008,0
XLE.US,5,20260318,153500,58.735,58.745,58.67,58.704,277010,0
XLE.US,5,20260318,154000,58.71,58.72,58.64,58.715,377277,0
XLE.US,5,20260318,154500,58.715,58.77,58.6801,58.715,351904,0
XLE.US,5,20260318,155000,58.715,58.76,58.66,58.68,315330,0
XLE.US,5,20260318,155500,58.68,58.685,58.624,58.655,353496,0
XLE.US,5,20260318,160000,58.66,58.675,58.515,58.565,842997,0
XLE.US,5,20260318,160500,58.5699,58.635,58.545,58.565,428369,0
XLE.US,5,20260318,161000,58.565,58.6,58.47,58.595,396068,0
XLE.US,5,20260318,161500,58.595,58.66,58.565,58.64,332295,0
XLE.US,5,20260318,162000,58.635,58.655,58.565,58.605,359648,0
XLE.US,5,20260318,162500,58.605,58.619,58.57,58.575,311452,0
XLE.US,5,20260318,163000,58.57,58.615,58.545,58.605,298353,0
XLE.US,5,20260318,163500,58.61,58.66,58.5845,58.595,302467,0
XLE.US,5,20260318,164000,58.6,58.615,58.55,58.58,271185,0
XLE.US,5,20260318,164500,58.575,58.625,58.57,58.605,204302,0
XLE.US,5,20260318,165000,58.61,58.63,58.525,58.565,219549,0
XLE.US,5,20260318,165500,58.565,58.58,58.54,58.57,151654,0
XLE.US,5,20260318,170000,58.565,58.655,58.5301,58.6499,213041,0
XLE.US,5,20260318,170500,58.645,58.695,58.595,58.605,365129,0
XLE.US,5,20260318,171000,58.61,58.62,58.54,58.615,623299,0
XLE.US,5,20260318,171500,58.615,58.6578,58.6103,58.645,302024,0
XLE.US,5,20260318,172000,58.645,58.71,58.63,58.69,301007,0
XLE.US,5,20260318,172500,58.7,58.725,58.685,58.71,307705,0
XLE.US,5,20260318,173000,58.71,58.75,58.67,58.6852,370591,0
XLE.US,5,20260318,173500,58.68,58.85,58.674,58.845,976171,0
XLE.US,5,20260318,174000,58.85,58.88,58.8245,58.835,350379,0
XLE.US,5,20260318,174500,58.84,58.85,58.79,58.835,273024,0
XLE.US,5,20260318,175000,58.835,58.855,58.814,58.845,321893,0
XLE.US,5,20260318,175500,58.845,58.915,58.845,58.91,231914,0
XLE.US,5,20260318,180000,58.9099,58.9299,58.865,58.915,256434,0
XLE.US,5,20260318,180500,58.915,58.97,58.9,58.934,351448,0
XLE.US,5,20260318,181000,58.94,58.946,58.885,58.895,172624,0
XLE.US,5,20260318,181500,58.895,58.9,58.74,58.76,382783,0
XLE.US,5,20260318,182000,58.76,58.806,58.695,58.725,231731,0
XLE.US,5,20260318,182500,58.72,58.785,58.72,58.78,145113,0
XLE.US,5,20260318,183000,58.78,58.8,58.7301,58.785,230340,0
XLE.US,5,20260318,183500,58.785,58.825,58.7701,58.78,218658,0
XLE.US,5,20260318,184000,58.775,58.78,58.61,58.63,286835,0
XLE.US,5,20260318,184500,58.625,58.66,58.6,58.65,396851,0
XLE.US,5,20260318,185000,58.65,58.6699,58.605,58.66,289726,0
XLE.US,5,20260318,185500,58.66,58.69,58.63,58.667967,180588,0
XLE.US,5,20260318,190000,58.69,58.725,58.62,58.69,348902,0
XLE.US,5,20260318,190500,58.695,58.7,58.65,58.685,286171,0
XLE.US,5,20260318,191000,58.68,58.7153,58.66,58.69,229536,0
XLE.US,5,20260318,191500,58.69,58.76,58.685,58.71,413197,0
XLE.US,5,20260318,192000,58.7,58.725,58.67,58.68,201583,0
XLE.US,5,20260318,192500,58.69,58.78,58.675,58.7552,781329,0
XLE.US,5,20260318,193000,58.75,58.755,58.685,58.69,409392,0
XLE.US,5,20260318,193500,58.69,58.795,58.69,58.71,325036,0
XLE.US,5,20260318,194000,58.71,58.75,58.695,58.71,301414,0
XLE.US,5,20260318,194500,58.71,58.745,58.645,58.725,254650,0
XLE.US,5,20260318,195000,58.725,58.745,58.6701,58.695,275123,0
XLE.US,5,20260318,195500,58.695,58.755,58.685,58.725,325030,0
XLE.US,5,20260318,200000,58.72,58.85,58.72,58.83,304577,0
XLE.US,5,20260318,200500,58.83,58.835,58.71,58.725,372352,0
XLE.US,5,20260318,201000,58.725,58.7358,58.67,58.705,291575,0
XLE.US,5,20260318,201500,58.705,58.72,58.665,58.68,327388,0
XLE.US,5,20260318,202000,58.68,58.69,58.6402,58.66,315791,0
XLE.US,5,20260318,202500,58.6617,58.685,58.65,58.66,411726,0
XLE.US,5,20260318,203000,58.66,58.71,58.56,58.585,350617,0
XLE.US,5,20260318,203500,58.58,58.595,58.52,58.56,484126,0
XLE.US,5,20260318,204000,58.56,58.58,58.5,58.56,1782593,0
XLE.US,5,20260318,204500,58.56,58.56,58.48,58.555,613953,0
XLE.US,5,20260318,205000,58.56,58.57,58.445,58.505,1410155,0
XLE.US,5,20260318,205500,58.505,58.525,58.43,58.43,3134671,0
XLE.US,5,20260319,143000,58.85,58.95,58.645,58.73,2040970,0
XLE.US,5,20260319,143500,58.74,58.955,58.715,58.8,952777,0
XLE.US,5,20260319,144000,58.79,58.82,58.52,58.67,1390406,0
XLE.US,5,20260319,144500,58.68,58.875,58.6599,58.825,1125073,0
XLE.US,5,20260319,145000,58.84,58.89,58.695,58.835,907676,0
XLE.US,5,20260319,145500,58.835,58.89,58.77,58.88,869678,0
XLE.US,5,20260319,150000,58.885,59.05,58.745,59,1442034,0
XLE.US,5,20260319,150500,59,59.235,58.95,59.23,1225263,0
XLE.US,5,20260319,151000,59.23,59.37,59.205,59.24,966451,0
XLE.US,5,20260319,151500,59.2301,59.3,59.155,59.265,1150472,0
XLE.US,5,20260319,152000,59.27,59.395,59.24,59.285,863534,0
XLE.US,5,20260319,152500,59.28,59.405,59.255,59.37,957000,0
XLE.US,5,20260319,153000,59.3698,59.54,59.335,59.535,864927,0
XLE.US,5,20260319,153500,59.54,59.59,59.495,59.535,648835,0
XLE.US,5,20260319,154000,59.53,59.616,59.525,59.5897,508925,0
XLE.US,5,20260319,154500,59.59,59.6299,59.4401,59.5,760848,0
XLE.US,5,20260319,155000,59.5,59.515,59.41,59.455,524870,0
XLE.US,5,20260319,155500,59.455,59.535,59.44,59.485,801542,0
XLE.US,5,20260319,160000,59.475,59.545,59.44,59.47,587049,0
XLE.US,5,20260319,160500,59.47,59.49,59.3301,59.435,787798,0
XLE.US,5,20260319,161000,59.43,59.55,59.42,59.42,443561,0
XLE.US,5,20260319,161500,59.42,59.495,59.355,59.47,571070,0
XLE.US,5,20260319,162000,59.475,59.5,59.405,59.445,499940,0
XLE.US,5,20260319,162500,59.445,59.486,59.285,59.3,437249,0
XLE.US,5,20260319,163000,59.295,59.335,59.17,59.195,607017,0
XLE.US,5,20260319,163500,59.19,59.2853,59.15,59.265,691878,0
XLE.US,5,20260319,164000,59.265,59.4,59.2499,59.385,737109,0
XLE.US,5,20260319,164500,59.39,59.62,59.355,59.62,980849,0
XLE.US,5,20260319,165000,59.63,59.66,59.55,59.62,876384,0
XLE.US,5,20260319,165500,59.625,59.68,59.57,59.635,885882,0
XLE.US,5,20260319,170000,59.635,59.665,59.55,59.63,880393,0
XLE.US,5,20260319,170500,59.63,59.655,59.56,59.61,530952,0
XLE.US,5,20260319,171000,59.62,59.655,59.515,59.54,656649,0
XLE.US,5,20260319,171500,59.55,59.63,59.525,59.565,548723,0
XLE.US,5,20260319,172000,59.565,59.6299,59.5415,59.615,378882,0
XLE.US,5,20260319,172500,59.615,59.665,59.595,59.66,413183,0
XLE.US,5,20260319,173000,59.665,59.69,59.63,59.675,457954,0
XLE.US,5,20260319,173500,59.665,59.72,59.625,59.715,629952,0
XLE.US,5,20260319,174000,59.719,59.72,59.53,59.535,454959,0
XLE.US,5,20260319,174500,59.53,59.555,59.32,59.39,683427,0
XLE.US,5,20260319,175000,59.39,59.405,59.3,59.31,743357,0
XLE.US,5,20260319,175500,59.32,59.39,59.295,59.37,466163,0
XLE.US,5,20260319,180000,59.37,59.43,59.37,59.41,436032,0
XLE.US,5,20260319,180500,59.405,59.48,59.395,59.435,591101,0
XLE.US,5,20260319,181000,59.435,59.48,59.4,59.44,417093,0
XLE.US,5,20260319,181500,59.445,59.485,59.41,59.47,396250,0
XLE.US,5,20260319,182000,59.465,59.56,59.44,59.545,1206220,0
XLE.US,5,20260319,182500,59.54,59.545,59.4,59.425,543424,0
XLE.US,5,20260319,183000,59.425,59.5085,59.41,59.41,1066248,0
XLE.US,5,20260319,183500,59.405,59.4571,59.335,59.345,496864,0
XLE.US,5,20260319,184000,59.35,59.4,59.33,59.345,757111,0
XLE.US,5,20260319,184500,59.34,59.43,59.33,59.42,537460,0
XLE.US,5,20260319,185000,59.41,59.4799,59.38,59.44,491490,0
XLE.US,5,20260319,185500,59.445,59.47,59.405,59.425,337386,0
XLE.US,5,20260319,190000,59.43,59.49,59.405,59.425,351267,0
XLE.US,5,20260319,190500,59.42,59.4399,59.2932,59.32,543039,0
XLE.US,5,20260319,191000,59.32,59.4,59.31,59.39,541333,0
XLE.US,5,20260319,191500,59.385,59.395,59.35,59.355,544135,0
XLE.US,5,20260319,192000,59.355,59.51,59.35,59.475,313405,0
XLE.US,5,20260319,192500,59.475,59.5,59.46,59.475,543602,0
XLE.US,5,20260319,193000,59.475,59.495,59.445,59.455,511173,0
XLE.US,5,20260319,193500,59.455,59.46,59.385,59.395,475889,0
XLE.US,5,20260319,194000,59.395,59.46,59.3901,59.455,385819,0
XLE.US,5,20260319,194500,59.455,59.58,59.44,59.5,1928226,0
XLE.US,5,20260319,195000,59.5,59.5497,59.49,59.5,405692,0
XLE.US,5,20260319,195500,59.5,59.51,59.42,59.505,570604,0
XLE.US,5,20260319,200000,59.51,59.575,59.47,59.51,867603,0
XLE.US,5,20260319,200500,59.505,59.61,59.47,59.48,1144800,0
XLE.US,5,20260319,201000,59.47,59.48,59.16,59.305,1451719,0
XLE.US,5,20260319,201500,59.3,59.325,59.2,59.215,988571,0
XLE.US,5,20260319,202000,59.22,59.22,59.055,59.125,730856,0
XLE.US,5,20260319,202500,59.12,59.19,59.09,59.185,744058,0
XLE.US,5,20260319,203000,59.185,59.295,59.14,59.26,638569,0
XLE.US,5,20260319,203500,59.265,59.335,59.215,59.33,786432,0
XLE.US,5,20260319,204000,59.325,59.365,59.305,59.325,612717,0
XLE.US,5,20260319,204500,59.325,59.3499,59.2701,59.315,725354,0
XLE.US,5,20260319,205000,59.315,59.37,59.285,59.36,1240893,0
XLE.US,5,20260319,205500,59.36,59.43,59.335,59.36,4050113,0
XLE.US,5,20260320,143000,59.555,60.02,59.54,59.9851,2114205,0
XLE.US,5,20260320,143500,60,60.13,59.91,59.925,1151460,0
XLE.US,5,20260320,144000,59.92,59.945,59.78,59.92,1319821,0
XLE.US,5,20260320,144500,59.92,59.93,59.65,59.85,1300163,0
XLE.US,5,20260320,145000,59.8625,59.96,59.78,59.84,772064,0
XLE.US,5,20260320,145500,59.835,59.865,59.7515,59.82,654734,0
XLE.US,5,20260320,150000,59.82,59.97,59.745,59.96,675287,0
XLE.US,5,20260320,150500,59.95,59.985,59.605,59.6499,1549617,0
XLE.US,5,20260320,151000,59.64,59.695,59.55,59.6,779934,0
XLE.US,5,20260320,151500,59.595,59.63,59.5399,59.56,663431,0
XLE.US,5,20260320,152000,59.5599,59.565,59.395,59.51,685955,0
XLE.US,5,20260320,152500,59.51,59.5499,59.455,59.495,662873,0
XLE.US,5,20260320,153000,59.495,59.805,59.48,59.805,638554,0
XLE.US,5,20260320,153500,59.805,59.95,59.745,59.95,879527,0
XLE.US,5,20260320,154000,59.94,60.04,59.92,59.995,804770,0
XLE.US,5,20260320,154500,59.99,60.01,59.8999,59.945,1026251,0
XLE.US,5,20260320,155000,59.945,59.96,59.89,59.92,466569,0
XLE.US,5,20260320,155500,59.93,60.075,59.915,60.025,1127695,0
XLE.US,5,20260320,160000,60.025,60.1399,59.98,60.025,719726,0
XLE.US,5,20260320,160500,60.0299,60.1,60,60.085,373706,0
XLE.US,5,20260320,161000,60.085,60.19,60.06,60.1401,523731,0
XLE.US,5,20260320,161500,60.15,60.18,60.07,60.07,428700,0
XLE.US,5,20260320,162000,60.08,60.13,60.01,60.05,585705,0
XLE.US,5,20260320,162500,60.055,60.175,59.99,60.16,949745,0
XLE.US,5,20260320,163000,60.16,60.32,60.153,60.29,601732,0
XLE.US,5,20260320,163500,60.29,60.32,60.13,60.13,361175,0
XLE.US,5,20260320,164000,60.12,60.15,60.08,60.085,494603,0
XLE.US,5,20260320,164500,60.085,60.11,60.035,60.085,866171,0
XLE.US,5,20260320,165000,60.085,60.16,60.04,60.1503,774666,0
XLE.US,5,20260320,165500,60.15,60.2,60.105,60.185,599785,0
XLE.US,5,20260320,170000,60.18,60.245,60.1501,60.169,525057,0
XLE.US,5,20260320,170500,60.16,60.265,60.16,60.23,368592,0
XLE.US,5,20260320,171000,60.235,60.255,60.15,60.185,396189,0
XLE.US,5,20260320,171500,60.185,60.26,60.13,60.26,423733,0
XLE.US,5,20260320,172000,60.26,60.3,60.19,60.2,382475,0
XLE.US,5,20260320,172500,60.2,60.205,60.125,60.185,363892,0
XLE.US,5,20260320,173000,60.18,60.18,60.1,60.15,415710,0
XLE.US,5,20260320,173500,60.15,60.17,60.11,60.165,353911,0
XLE.US,5,20260320,174000,60.16,60.185,60.1,60.105,350060,0
XLE.US,5,20260320,174500,60.105,60.14,60.09,60.135,370124,0
XLE.US,5,20260320,175000,60.1399,60.175,60.11,60.175,298187,0
XLE.US,5,20260320,175500,60.18,60.18,60.06,60.095,542468,0
XLE.US,5,20260320,180000,60.095,60.1,60.02,60.061,373502,0
XLE.US,5,20260320,180500,60.065,60.16,59.99,60.11,854960,0
XLE.US,5,20260320,181000,60.1101,60.12,60,60.025,395621,0
XLE.US,5,20260320,181500,60.025,60.04,59.92,60.005,388825,0
XLE.US,5,20260320,182000,60.005,60.03,59.97,60.005,360092,0
XLE.US,5,20260320,182500,60.005,60.045,59.9701,59.98,418756,0
XLE.US,5,20260320,183000,59.985,60.005,59.93,59.995,533154,0
XLE.US,5,20260320,183500,59.99,60.01,59.94,59.985,506091,0
XLE.US,5,20260320,184000,59.985,60.01,59.935,59.96,434409,0
XLE.US,5,20260320,184500,59.955,59.98,59.91,59.945,374698,0
XLE.US,5,20260320,185000,59.945,59.98,59.935,59.937298,392908,0
XLE.US,5,20260320,185500,59.941,59.985,59.88,59.9,395692,0
XLE.US,5,20260320,190000,59.9,59.96,59.84,59.84,405636,0
XLE.US,5,20260320,190500,59.845,59.855,59.8,59.825,470379,0
XLE.US,5,20260320,191000,59.821,59.845,59.77,59.825,496917,0
XLE.US,5,20260320,191500,59.83,59.85,59.755,59.7601,339202,0
XLE.US,5,20260320,192000,59.77,59.7899,59.67,59.73,598010,0
XLE.US,5,20260320,192500,59.74,59.82,59.67,59.765,828021,0
XLE.US,5,20260320,193000,59.76,59.885,59.76,59.865,487373,0
XLE.US,5,20260320,193500,59.865,59.89,59.775,59.835,428831,0
XLE.US,5,20260320,194000,59.835,59.91,59.815,59.895,582297,0
XLE.US,5,20260320,194500,59.895,59.905,59.7893,59.805,302148,0
XLE.US,5,20260320,195000,59.805,59.875,59.78,59.84,283528,0
XLE.US,5,20260320,195500,59.835,59.85,59.741,59.82,372687,0
XLE.US,5,20260320,200000,59.825,59.86,59.675,59.6899,580569,0
XLE.US,5,20260320,200500,59.69,59.74,59.6603,59.705,566995,0
XLE.US,5,20260320,201000,59.7,59.71,59.61,59.685,423284,0
XLE.US,5,20260320,201500,59.685,59.705,59.655,59.6857,487935,0
XLE.US,5,20260320,202000,59.67,59.678,59.57,59.59,629796,0
XLE.US,5,20260320,202500,59.595,59.615,59.55,59.58,497494,0
XLE.US,5,20260320,203000,59.58,59.585,59.4902,59.5,954765,0
XLE.US,5,20260320,203500,59.495,59.495,59.37,59.47,776882,0
XLE.US,5,20260320,204000,59.47,59.545,59.44,59.525,866438,0
XLE.US,5,20260320,204500,59.525,59.5299,59.32,59.365,1027556,0
XLE.US,5,20260320,205000,59.36,59.55,59.28,59.545,2911123,0
XLE.US,5,20260320,205500,59.545,59.57,59.295,59.33,3915580,0
