<TICKER>,<PER>,<DATE>,<TIME>,<OPEN>,<HIGH>,<LOW>,<CLOSE>,<VOL>,<OPENINT>
XLF.US,5,20251027,143000,53.355,53.425,53.275,53.415,594484,0
XLF.US,5,20251027,143500,53.415,53.415,53.32,53.355,412106,0
XLF.US,5,20251027,144000,53.355,53.3558,53.285,53.32,350323,0
XLF.US,5,20251027,144500,53.32,53.34,53.2554,53.305,371205,0
XLF.US,5,20251027,145000,53.305,53.39,53.2801,53.36,989185,0
XLF.US,5,20251027,145500,53.36,53.38,53.34,53.355,531023,0
XLF.US,5,20251027,150000,53.36,53.365,53.29,53.3325,491804,0
XLF.US,5,20251027,150500,53.33,53.38,53.3201,53.36,338393,0
XLF.US,5,20251027,151000,53.36,53.365,53.3101,53.355,237629,0
XLF.US,5,20251027,151500,53.36,53.375,53.32,53.3399,257859,0
XLF.US,5,20251027,152000,53.34,53.375,53.325,53.365,248059,0
XLF.US,5,20251027,152500,53.36,53.385,53.335,53.36,181779,0
XLF.US,5,20251027,153000,53.365,53.38,53.325,53.3501,153958,0
XLF.US,5,20251027,153500,53.355,53.385,53.34,53.34,150898,0
XLF.US,5,20251027,154000,53.345,53.37,53.33,53.37,127672,0
XLF.US,5,20251027,154500,53.365,53.375,53.33,53.3342,185331,0
XLF.US,5,20251027,155000,53.335,53.34,53.295,53.305,175604,0
XLF.US,5,20251027,155500,53.3,53.325,53.29,53.325,169570,0
XLF.US,5,20251027,160000,53.325,53.325,53.28,53.3098,248798,0
XLF.US,5,20251027,160500,53.305,53.306079,53.25,53.265,197499,0
XLF.US,5,20251027,161000,53.27,53.285,53.25,53.27,190395,0
XLF.US,5,20251027,161500,53.27,53.27,53.225,53.265,214066,0
XLF.US,5,20251027,162000,53.26,53.275,53.255,53.265,115103,0
XLF.US,5,20251027,162500,53.265,53.31,53.26,53.305,159710,0
XLF.US,5,20251027,163000,53.31,53.3299,53.29,53.3056,141278,0
XLF.US,5,20251027,163500,53.305,53.31,53.2758,53.305,163230,0
XLF.US,5,20251027,164000,53.305,53.3256,53.3,53.305,166863,0
XLF.US,5,20251027,164500,53.3,53.31,53.265,53.265,321308,0
XLF.US,5,20251027,165000,53.265,53.285,53.26,53.285,187340,0
XLF.US,5,20251027,165500,53.2842,53.315,53.2842,53.315,109822,0
XLF.US,5,20251027,170000,53.31,53.33,53.3,53.315,172529,0
XLF.US,5,20251027,170500,53.32,53.33,53.3101,53.315,185240,0
XLF.US,5,20251027,171000,53.31,53.32,53.28,53.2951,106087,0
XLF.US,5,20251027,171500,53.295,53.3,53.28,53.2848,99537,0
XLF.US,5,20251027,172000,53.2896,53.3,53.27,53.295,129297,0
XLF.US,5,20251027,172500,53.295,53.305,53.2701,53.2901,91227,0
XLF.US,5,20251027,173000,53.295,53.34,53.295,53.3343,118780,0
XLF.US,5,20251027,173500,53.3302,53.34,53.3,53.32,180026,0
XLF.US,5,20251027,174000,53.325,53.335,53.31,53.33,117429,0
XLF.US,5,20251027,174500,53.33,53.35,53.32,53.34,103297,0
XLF.US,5,20251027,175000,53.335,53.35,53.33,53.33,112731,0
XLF.US,5,20251027,175500,53.335,53.34,53.315,53.325,82137,0
XLF.US,5,20251027,180000,53.325,53.325,53.28,53.3,37257,0
XLF.US,5,20251027,180500,53.295,53.3,53.265,53.275,101114,0
XLF.US,5,20251027,181000,53.275,53.275,53.25,53.2599,105154,0
XLF.US,5,20251027,181500,53.26,53.27,53.2247,53.2348,111759,0
XLF.US,5,20251027,182000,53.23,53.235,53.2,53.215,93629,0
XLF.US,5,20251027,182500,53.215,53.26,53.2101,53.25,122502,0
XLF.US,5,20251027,183000,53.25,53.26,53.22,53.235,183702,0
XLF.US,5,20251027,183500,53.235,53.27,53.2201,53.27,185185,0
XLF.US,5,20251027,184000,53.265,53.28,53.26,53.2601,158114,0
XLF.US,5,20251027,184500,53.265,53.2658,53.23,53.2358,221314,0
XLF.US,5,20251027,185000,53.24,53.24,53.22,53.235,91282,0
XLF.US,5,20251027,185500,53.235,53.26,53.235,53.25,132712,0
XLF.US,5,20251027,190000,53.2442,53.25,53.22,53.2353,214789,0
XLF.US,5,20251027,190500,53.235,53.255,53.2331,53.235,146926,0
XLF.US,5,20251027,191000,53.24,53.245,53.225,53.23,76842,0
XLF.US,5,20251027,191500,53.23,53.24,53.21,53.22,242231,0
XLF.US,5,20251027,192000,53.22,53.24,53.215,53.215,106154,0
XLF.US,5,20251027,192500,53.215,53.23,53.21,53.225,115606,0
XLF.US,5,20251027,193000,53.225,53.285,53.2235,53.28,555120,0
XLF.US,5,20251027,193500,53.285,53.29,53.27,53.275,158203,0
XLF.US,5,20251027,194000,53.27,53.28,53.2501,53.2607,234701,0
XLF.US,5,20251027,194500,53.26,53.28,53.25,53.275,325829,0
XLF.US,5,20251027,195000,53.275,53.275,53.24,53.255,126288,0
XLF.US,5,20251027,195500,53.255,53.27,53.25,53.255,166716,0
XLF.US,5,20251027,200000,53.255,53.27,53.25,53.2598,183338,0
XLF.US,5,20251027,200500,53.2501,53.28,53.2501,53.275,148755,0
XLF.US,5,20251027,201000,53.275,53.29,53.275,53.285,185088,0
XLF.US,5,20251027,201500,53.285,53.29,53.2742,53.275,92075,0
XLF.US,5,20251027,202000,53.27,53.3,53.27,53.2999,163704,0
XLF.US,5,20251027,202500,53.295,53.32,53.295,53.305,357957,0
XLF.US,5,20251027,203000,53.305,53.32,53.2901,53.3,230401,0
XLF.US,5,20251027,203500,53.3,53.35,53.29,53.34,498767,0
XLF.US,5,20251027,204000,53.335,53.35,53.325,53.34,232922,0
XLF.US,5,20251027,204500,53.345,53.385,53.34,53.37,641800,0
XLF.US,5,20251027,205000,53.37,53.38,53.305,53.325,1062299,0
XLF.US,5,20251027,205500,53.325,53.35,53.28,53.33,3352703,0
XLF.US,5,20251028,143000,53.335,53.335,53.14,53.275,1297255,0
XLF.US,5,20251028,143500,53.285,53.335,53.235,53.25,1024036,0
XLF.US,5,20251028,144000,53.255,53.27,53.15,53.1507,569223,0
XLF.US,5,20251028,144500,53.15,53.175,53.11,53.17,573507,0
XLF.US,5,20251028,145000,53.17,53.22,53.125,53.2,536530,0
XLF.US,5,20251028,145500,53.2,53.265,53.185,53.185,913379,0
XLF.US,5,20251028,150000,53.185,53.25,53.17,53.235,408237,0
XLF.US,5,20251028,150500,53.24,53.25,53.185,53.235,281002,0
XLF.US,5,20251028,151000,53.23,53.255,53.19,53.22,212580,0
XLF.US,5,20251028,151500,53.215,53.265,53.205,53.255,209980,0
XLF.US,5,20251028,152000,53.26,53.3366,53.26,53.335,146997,0
XLF.US,5,20251028,152500,53.33,53.365,53.33,53.35,1675086,0
XLF.US,5,20251028,153000,53.345,53.385,53.345,53.38,309893,0
XLF.US,5,20251028,153500,53.385,53.4,53.3541,53.365,274308,0
XLF.US,5,20251028,154000,53.36,53.36,53.34,53.35,148826,0
XLF.US,5,20251028,154500,53.35,53.3632,53.33,53.35,220947,0
XLF.US,5,20251028,155000,53.345,53.366,53.3,53.3,216321,0
XLF.US,5,20251028,155500,53.305,53.3099,53.23,53.255,210266,0
XLF.US,5,20251028,160000,53.255,53.265,53.225,53.225,239071,0
XLF.US,5,20251028,160500,53.23,53.27,53.22,53.25,356904,0
XLF.US,5,20251028,161000,53.26,53.26,53.235,53.255,204067,0
XLF.US,5,20251028,161500,53.2548,53.29,53.2511,53.285,259076,0
XLF.US,5,20251028,162000,53.2842,53.285,53.2242,53.2242,145690,0
XLF.US,5,20251028,162500,53.225,53.23,53.17,53.2051,220128,0
XLF.US,5,20251028,163000,53.2091,53.225,53.19,53.195,278134,0
XLF.US,5,20251028,163500,53.195,53.2,53.16,53.16,409499,0
XLF.US,5,20251028,164000,53.165,53.1665,53.105,53.115,434028,0
XLF.US,5,20251028,164500,53.115,53.12,53.05,53.085,396734,0
XLF.US,5,20251028,165000,53.08,53.135,53.08,53.1159,363950,0
XLF.US,5,20251028,165500,53.115,53.115,53.0801,53.085,379447,0
XLF.US,5,20251028,170000,53.08,53.1163,53.08,53.0953,221298,0
XLF.US,5,20251028,170500,53.095,53.1099,53.07,53.07,185598,0
XLF.US,5,20251028,171000,53.0703,53.08,53.05,53.0756,183883,0
XLF.US,5,20251028,171500,53.075,53.08,53.05,53.06,217238,0
XLF.US,5,20251028,172000,53.055,53.06,53.04,53.055,123588,0
XLF.US,5,20251028,172500,53.05,53.09,53.05,53.09,167518,0
XLF.US,5,20251028,173000,53.085,53.195,53.07,53.105,1074973,0
XLF.US,5,20251028,173500,53.105,53.115,53.07,53.07,325469,0
XLF.US,5,20251028,174000,53.06,53.09,53.05,53.09,134147,0
XLF.US,5,20251028,174500,53.085,53.1169,53.0743,53.075,253835,0
XLF.US,5,20251028,175000,53.075,53.1265,53.0741,53.1161,133338,0
XLF.US,5,20251028,175500,53.115,53.145,53.11,53.13,210768,0
XLF.US,5,20251028,180000,53.135,53.2,53.135,53.19,349409,0
XLF.US,5,20251028,180500,53.19,53.2023,53.18,53.185,148779,0
XLF.US,5,20251028,181000,53.185,53.1871,53.1235,53.125,231669,0
XLF.US,5,20251028,181500,53.12,53.1499,53.105,53.105,183017,0
XLF.US,5,20251028,182000,53.105,53.15,53.1,53.145,215305,0
XLF.US,5,20251028,182500,53.145,53.145,53.11,53.12,116666,0
XLF.US,5,20251028,183000,53.12,53.1257,53.0947,53.1048,232774,0
XLF.US,5,20251028,183500,53.1037,53.13,53.09,53.125,211717,0
XLF.US,5,20251028,184000,53.1245,53.14,53.11,53.14,151319,0
XLF.US,5,20251028,184500,53.135,53.18,53.1335,53.17,322967,0
XLF.US,5,20251028,185000,53.17,53.18,53.125,53.135,137111,0
XLF.US,5,20251028,185500,53.14,53.15,53.13,53.1444,373858,0
XLF.US,5,20251028,190000,53.145,53.175,53.14,53.1701,204175,0
XLF.US,5,20251028,190500,53.175,53.175,53.15,53.16,154379,0
XLF.US,5,20251028,191000,53.16,53.19,53.16,53.185,376594,0
XLF.US,5,20251028,191500,53.186,53.2118,53.1735,53.2118,130256,0
XLF.US,5,20251028,192000,53.215,53.22,53.17,53.175,147758,0
XLF.US,5,20251028,192500,53.175,53.18,53.13,53.13,198436,0
XLF.US,5,20251028,193000,53.13,53.1399,53.1,53.1,139012,0
XLF.US,5,20251028,193500,53.095,53.11,53.09,53.1037,126695,0
XLF.US,5,20251028,194000,53.1,53.13,53.1,53.125,86161,0
XLF.US,5,20251028,194500,53.125,53.1252,53.105,53.1199,159477,0
XLF.US,5,20251028,195000,53.11,53.14,53.11,53.13,164807,0
XLF.US,5,20251028,195500,53.13,53.14,53.105,53.1093,135228,0
XLF.US,5,20251028,200000,53.105,53.11,53.07,53.1,225765,0
XLF.US,5,20251028,200500,53.0945,53.1,53.05,53.065,134014,0
XLF.US,5,20251028,201000,53.06,53.07,53.04,53.065,293551,0
XLF.US,5,20251028,201500,53.065,53.08,53.0543,53.065,209156,0
XLF.US,5,20251028,202000,53.0601,53.08,53.06,53.075,130769,0
XLF.US,5,20251028,202500,53.0765,53.1,53.06,53.075,241604,0
XLF.US,5,20251028,203000,53.0718,53.08,53.035,53.04,278478,0
XLF.US,5,20251028,203500,53.035,53.04,52.99,52.995,335969,0
XLF.US,5,20251028,204000,52.99,53,52.96,52.975,369174,0
XLF.US,5,20251028,204500,52.97,53.02,52.97,52.98,522805,0
XLF.US,5,20251028,205000,52.985,53.01,52.94,52.985,1269809,0
XLF.US,5,20251028,205500,52.99,53.03,52.97,52.99,3854694,0
XLF.US,5,20251029,143000,52.42,52.45,52.27,52.315,2096899,0
XLF.US,5,20251029,143500,52.315,52.46,52.26,52.43,1085480,0
XLF.US,5,20251029,144000,52.44,52.545,52.43,52.5406,903332,0
XLF.US,5,20251029,144500,52.54,52.56,52.44,52.455,736928,0
XLF.US,5,20251029,145000,52.455,52.575,52.455,52.565,693387,0
XLF.US,5,20251029,145500,52.56,52.57,52.505,52.505,535073,0
XLF.US,5,20251029,150000,52.51,52.515,52.425,52.45,706455,0
XLF.US,5,20251029,150500,52.45,52.4756,52.38,52.435,787483,0
XLF.US,5,20251029,151000,52.44,52.45,52.38,52.39,555036,0
XLF.US,5,20251029,151500,52.39,52.42,52.37,52.385,484222,0
XLF.US,5,20251029,152000,52.385,52.45,52.37,52.415,556418,0
XLF.US,5,20251029,152500,52.415,52.42,52.32,52.3401,573148,0
XLF.US,5,20251029,153000,52.345,52.3551,52.27,52.275,553985,0
XLF.US,5,20251029,153500,52.275,52.315,52.25,52.29,514014,0
XLF.US,5,20251029,154000,52.285,52.33,52.285,52.305,431233,0
XLF.US,5,20251029,154500,52.305,52.38,52.305,52.345,329739,0
XLF.US,5,20251029,155000,52.345,52.395,52.32,52.375,422219,0
XLF.US,5,20251029,155500,52.375,52.43,52.36,52.4251,473749,0
XLF.US,5,20251029,160000,52.425,52.43,52.3817,52.405,467377,0
XLF.US,5,20251029,160500,52.405,52.465,52.4,52.455,521372,0
XLF.US,5,20251029,161000,52.45,52.5,52.45,52.4935,334400,0
XLF.US,5,20251029,161500,52.495,52.5,52.47,52.47,645846,0
XLF.US,5,20251029,162000,52.475,52.475,52.415,52.455,1430362,0
XLF.US,5,20251029,162500,52.455,52.47,52.393909,52.4,303582,0
XLF.US,5,20251029,163000,52.395,52.44,52.39,52.425,468588,0
XLF.US,5,20251029,163500,52.42,52.46,52.42,52.455,377449,0
XLF.US,5,20251029,164000,52.455,52.495,52.4501,52.495,364064,0
XLF.US,5,20251029,164500,52.495,52.5299,52.49,52.515,352029,0
XLF.US,5,20251029,165000,52.51,52.515,52.48,52.5,388705,0
XLF.US,5,20251029,165500,52.5,52.51,52.45,52.455,404258,0
XLF.US,5,20251029,170000,52.4585,52.46,52.42,52.425,454580,0
XLF.US,5,20251029,170500,52.425,52.48,52.42,52.479,569940,0
XLF.US,5,20251029,171000,52.475,52.48,52.44,52.455,152220,0
XLF.US,5,20251029,171500,52.455,52.46,52.43,52.455,310231,0
XLF.US,5,20251029,172000,52.455,52.47,52.435,52.445,401088,0
XLF.US,5,20251029,172500,52.445,52.49,52.42,52.485,343691,0
XLF.US,5,20251029,173000,52.48,52.51,52.48,52.495,436431,0
XLF.US,5,20251029,173500,52.49,52.51,52.46,52.46,264357,0
XLF.US,5,20251029,174000,52.46,52.47,52.405,52.41,480925,0
XLF.US,5,20251029,174500,52.41,52.4499,52.4,52.435,581768,0
XLF.US,5,20251029,175000,52.43,52.44,52.41,52.435,256479,0
XLF.US,5,20251029,175500,52.435,52.45,52.42,52.445,195907,0
XLF.US,5,20251029,180000,52.445,52.45,52.38,52.39,241147,0
XLF.US,5,20251029,180500,52.39,52.4,52.38,52.385,247770,0
XLF.US,5,20251029,181000,52.385,52.44,52.37,52.435,295373,0
XLF.US,5,20251029,181500,52.43,52.45,52.425,52.435,189266,0
XLF.US,5,20251029,182000,52.43,52.44,52.385,52.385,309681,0
XLF.US,5,20251029,182500,52.385,52.39,52.345,52.375,271691,0
XLF.US,5,20251029,183000,52.37,52.37,52.3348,52.345,193792,0
XLF.US,5,20251029,183500,52.35,52.36,52.34,52.3469,235676,0
XLF.US,5,20251029,184000,52.345,52.375,52.33,52.36,625144,0
XLF.US,5,20251029,184500,52.355,52.4,52.35,52.385,623123,0
XLF.US,5,20251029,185000,52.385,52.3852,52.36,52.36,704403,0
XLF.US,5,20251029,185500,52.36,52.36,52.29,52.31,621223,0
XLF.US,5,20251029,190000,52.3,52.39,52.29,52.32,528560,0
XLF.US,5,20251029,190500,52.32,52.37,52.27,52.35,520582,0
XLF.US,5,20251029,191000,52.35,52.37,52.31,52.31,396511,0
XLF.US,5,20251029,191500,52.31,52.3451,52.29,52.33,223109,0
XLF.US,5,20251029,192000,52.325,52.3252,52.245,52.2899,463726,0
XLF.US,5,20251029,192500,52.28,52.295,52.26,52.295,227073,0
XLF.US,5,20251029,193000,52.29,52.34,52.265,52.33,281017,0
XLF.US,5,20251029,193500,52.325,52.325,51.95,51.97,1561014,0
XLF.US,5,20251029,194000,51.96,52.06,51.87,51.95,747103,0
XLF.US,5,20251029,194500,51.95,52.045,51.895,51.98,1047052,0
XLF.US,5,20251029,195000,51.995,52.145,51.995,52.1,1615227,0
XLF.US,5,20251029,195500,52.1,52.18,52.07,52.125,888078,0
XLF.US,5,20251029,200000,52.125,52.19,52.06,52.09,1047870,0
XLF.US,5,20251029,200500,52.085,52.22,52.08,52.145,671773,0
XLF.US,5,20251029,201000,52.145,52.205,52.1,52.12,491876,0
XLF.US,5,20251029,201500,52.12,52.145,52.035,52.08,669759,0
XLF.US,5,20251029,202000,52.08,52.11,52.035,52.06,603898,0
XLF.US,5,20251029,202500,52.06,52.13,51.98,52,839850,0
XLF.US,5,20251029,203000,52,52.04,51.95,51.9744,1180267,0
XLF.US,5,20251029,203500,51.975,51.975,51.87,51.96,1349098,0
XLF.US,5,20251029,204000,51.965,52.03,51.94,52,1410792,0
XLF.US,5,20251029,204500,52,52.1199,51.99,52.05,2689476,0
XLF.US,5,20251029,205000,52.05,52.105,52.05,52.06,3086931,0
XLF.US,5,20251029,205500,52.06,52.11,52.03,52.11,4024966,0
XLF.US,5,20251030,143000,52.02,52.37,52.015,52.34,1918630,0
XLF.US,5,20251030,143500,52.334,52.41,52.25,52.38,1691363,0
XLF.US,5,20251030,144000,52.375,52.41,52.26,52.375,1924922,0
XLF.US,5,20251030,144500,52.375,52.54,52.37,52.505,2067677,0
XLF.US,5,20251030,145000,52.5,52.64,52.47,52.62,1448961,0
XLF.US,5,20251030,145500,52.615,52.625,52.51,52.545,752007,0
XLF.US,5,20251030,150000,52.54,52.57,52.455,52.47,993608,0
XLF.US,5,20251030,150500,52.47,52.54,52.46,52.49,742628,0
XLF.US,5,20251030,151000,52.48,52.57,52.45,52.525,747915,0
XLF.US,5,20251030,151500,52.5242,52.56,52.475,52.52,620115,0
XLF.US,5,20251030,152000,52.52,52.62,52.495,52.585,796102,0
XLF.US,5,20251030,152500,52.585,52.61,52.54,52.57,558250,0
XLF.US,5,20251030,153000,52.56,52.655,52.56,52.645,569966,0
XLF.US,5,20251030,153500,52.645,52.75,52.635,52.705,606365,0
XLF.US,5,20251030,154000,52.71,52.775,52.71,52.7166,722672,0
XLF.US,5,20251030,154500,52.715,52.74,52.66,52.695,449055,0
XLF.US,5,20251030,155000,52.7,52.74,52.655,52.739,568342,0
XLF.US,5,20251030,155500,52.735,52.8,52.73,52.7593,616999,0
XLF.US,5,20251030,160000,52.76,52.82,52.76,52.805,1081886,0
XLF.US,5,20251030,160500,52.8001,52.82,52.75,52.785,1010495,0
XLF.US,5,20251030,161000,52.785,52.81,52.755,52.795,470318,0
XLF.US,5,20251030,161500,52.79,52.82,52.765,52.795,618694,0
XLF.US,5,20251030,162000,52.795,52.81,52.745,52.765,615107,0
XLF.US,5,20251030,162500,52.765,52.765,52.68,52.6866,413134,0
XLF.US,5,20251030,163000,52.68,52.705,52.665,52.7,404584,0
XLF.US,5,20251030,163500,52.7,52.7,52.61,52.61,378533,0
XLF.US,5,20251030,164000,52.615,52.6159,52.5537,52.565,412623,0
XLF.US,5,20251030,164500,52.565,52.59,52.545,52.57,504522,0
XLF.US,5,20251030,165000,52.57,52.61,52.56,52.61,298413,0
XLF.US,5,20251030,165500,52.6,52.665,52.585,52.605,325806,0
XLF.US,5,20251030,170000,52.605,52.635,52.59,52.625,516494,0
XLF.US,5,20251030,170500,52.625,52.66,52.61,52.66,239890,0
XLF.US,5,20251030,171000,52.66,52.665,52.615,52.6255,289274,0
XLF.US,5,20251030,171500,52.63,52.635,52.59,52.59,255189,0
XLF.US,5,20251030,172000,52.59,52.6199,52.54,52.615,213918,0
XLF.US,5,20251030,172500,52.6199,52.64,52.6,52.63,239905,0
XLF.US,5,20251030,173000,52.63,52.64,52.575,52.5797,352197,0
XLF.US,5,20251030,173500,52.58,52.59,52.5548,52.5799,432816,0
XLF.US,5,20251030,174000,52.575,52.5879,52.55,52.575,207173,0
XLF.US,5,20251030,174500,52.575,52.615,52.575,52.6098,284207,0
XLF.US,5,20251030,175000,52.61,52.62,52.5843,52.605,170544,0
XLF.US,5,20251030,175500,52.605,52.625,52.59,52.59,180907,0
XLF.US,5,20251030,180000,52.595,52.595,52.52,52.535,232911,0
XLF.US,5,20251030,180500,52.53,52.5462,52.49,52.5255,310207,0
XLF.US,5,20251030,181000,52.52,52.5357,52.49,52.5274,350684,0
XLF.US,5,20251030,181500,52.525,52.56,52.515,52.545,217322,0
XLF.US,5,20251030,182000,52.54,52.55,52.485,52.525,270922,0
XLF.US,5,20251030,182500,52.53,52.5658,52.525,52.5517,181676,0
XLF.US,5,20251030,183000,52.55,52.57,52.54,52.545,294101,0
XLF.US,5,20251030,183500,52.545,52.545,52.48,52.515,243334,0
XLF.US,5,20251030,184000,52.515,52.525,52.5,52.525,221346,0
XLF.US,5,20251030,184500,52.525,52.59,52.525,52.58,256912,0
XLF.US,5,20251030,185000,52.585,52.585,52.5439,52.565,303680,0
XLF.US,5,20251030,185500,52.56,52.56,52.52,52.535,172963,0
XLF.US,5,20251030,190000,52.54,52.556628,52.49,52.49,353151,0
XLF.US,5,20251030,190500,52.5,52.51,52.4549,52.485,238483,0
XLF.US,5,20251030,191000,52.48,52.5,52.445,52.45,253059,0
XLF.US,5,20251030,191500,52.4537,52.4685,52.42,52.46,362515,0
XLF.US,5,20251030,192000,52.46,52.4865,52.435,52.47,226735,0
XLF.US,5,20251030,192500,52.475,52.51,52.4715,52.5,134804,0
XLF.US,5,20251030,193000,52.5,52.5348,52.47,52.4764,301175,0
XLF.US,5,20251030,193500,52.475,52.49,52.4,52.415,315852,0
XLF.US,5,20251030,194000,52.42,52.43,52.3843,52.407,265720,0
XLF.US,5,20251030,194500,52.4056,52.4599,52.405,52.4332,257913,0
XLF.US,5,20251030,195000,52.43,52.445,52.4,52.44,317513,0
XLF.US,5,20251030,195500,52.4434,52.4434,52.3701,52.39,202413,0
XLF.US,5,20251030,200000,52.39,52.4,52.36,52.385,394958,0
XLF.US,5,20251030,200500,52.3807,52.4,52.34,52.395,439206,0
XLF.US,5,20251030,201000,52.3982,52.4,52.36,52.365,424970,0
XLF.US,5,20251030,201500,52.37,52.385,52.335,52.38,510021,0
XLF.US,5,20251030,202000,52.38,52.38,52.3,52.3499,700860,0
XLF.US,5,20251030,202500,52.35,52.3799,52.34,52.365,486174,0
XLF.US,5,20251030,203000,52.36,52.41,52.36,52.3741,743807,0
XLF.US,5,20251030,203500,52.37,52.375,52.33,52.335,430901,0
XLF.US,5,20251030,204000,52.33,52.35,52.315,52.325,591589,0
XLF.US,5,20251030,204500,52.325,52.345,52.27,52.285,1056363,0
XLF.US,5,20251030,205000,52.28,52.3,52.21,52.245,1526140,0
XLF.US,5,20251030,205500,52.24,52.265,52.2,52.235,2502736,0
XLF.US,5,20251031,143000,52.01,52.14,51.94,52.115,1390441,0
XLF.US,5,20251031,143500,52.11,52.175,52.08,52.16,839252,0
XLF.US,5,20251031,144000,52.16,52.16,52.045,52.115,537540,0
XLF.US,5,20251031,144500,52.125,52.245,52.125,52.21,1059158,0
XLF.US,5,20251031,145000,52.21,52.315,52.2,52.28,873453,0
XLF.US,5,20251031,145500,52.28,52.3,52.2201,52.3,457772,0
XLF.US,5,20251031,150000,52.3,52.31,52.21,52.23,577673,0
XLF.US,5,20251031,150500,52.23,52.2899,52.215,52.27,448655,0
XLF.US,5,20251031,151000,52.265,52.295,52.23,52.27,428526,0
XLF.US,5,20251031,151500,52.27,52.34,52.25,52.27,473542,0
XLF.US,5,20251031,152000,52.265,52.28,52.18,52.235,427212,0
XLF.US,5,20251031,152500,52.2348,52.275,52.23,52.245,338687,0
XLF.US,5,20251031,153000,52.2461,52.295,52.23,52.285,368914,0
XLF.US,5,20251031,153500,52.285,52.325,52.275,52.315,233951,0
XLF.US,5,20251031,154000,52.32,52.365,52.3,52.335,446832,0
XLF.US,5,20251031,154500,52.34,52.39,52.323,52.325,403277,0
XLF.US,5,20251031,155000,52.32,52.345,52.3,52.315,197426,0
XLF.US,5,20251031,155500,52.315,52.32,52.2801,52.285,372357,0
XLF.US,5,20251031,160000,52.29,52.325,52.24,52.2544,201593,0
XLF.US,5,20251031,160500,52.26,52.265,52.215,52.235,301369,0
XLF.US,5,20251031,161000,52.24,52.255,52.22,52.2425,203006,0
XLF.US,5,20251031,161500,52.24,52.295,52.2239,52.29,303779,0
XLF.US,5,20251031,162000,52.285,52.305,52.27,52.2748,312266,0
XLF.US,5,20251031,162500,52.275,52.2751,52.2044,52.225,217414,0
XLF.US,5,20251031,163000,52.225,52.27,52.21,52.24,289881,0
XLF.US,5,20251031,163500,52.235,52.25,52.18,52.1801,251675,0
XLF.US,5,20251031,164000,52.19,52.19,52.11,52.16,620234,0
XLF.US,5,20251031,164500,52.165,52.24,52.155,52.185,1138554,0
XLF.US,5,20251031,165000,52.1863,52.235,52.17,52.22,309411,0
XLF.US,5,20251031,165500,52.22,52.255,52.2,52.23,349787,0
XLF.US,5,20251031,170000,52.23,52.23,52.1901,52.225,268143,0
XLF.US,5,20251031,170500,52.22,52.245,52.2051,52.21,287984,0
XLF.US,5,20251031,171000,52.22,52.23,52.19,52.215,338868,0
XLF.US,5,20251031,171500,52.21,52.2115,52.18,52.18,375987,0
XLF.US,5,20251031,172000,52.1865,52.245,52.18,52.24,329740,0
XLF.US,5,20251031,172500,52.245,52.3,52.235,52.28,359128,0
XLF.US,5,20251031,173000,52.28,52.325,52.2785,52.29,363401,0
XLF.US,5,20251031,173500,52.291,52.31,52.274,52.275,239318,0
XLF.US,5,20251031,174000,52.275,52.2756,52.2042,52.235,341003,0
XLF.US,5,20251031,174500,52.235,52.24,52.21,52.225,230028,0
XLF.US,5,20251031,175000,52.225,52.225,52.18,52.19,205990,0
XLF.US,5,20251031,175500,52.19,52.1962,52.125,52.13,345850,0
XLF.US,5,20251031,180000,52.135,52.195,52.131,52.17,350919,0
XLF.US,5,20251031,180500,52.16,52.185,52.135,52.155,311828,0
XLF.US,5,20251031,181000,52.15,52.16,52.11,52.125,334600,0
XLF.US,5,20251031,181500,52.12,52.125,52.08,52.085,365965,0
XLF.US,5,20251031,182000,52.085,52.115,52.0501,52.11,327294,0
XLF.US,5,20251031,182500,52.1118,52.13,52.085,52.085,274491,0
XLF.US,5,20251031,183000,52.0844,52.13,52.08,52.0801,336190,0
XLF.US,5,20251031,183500,52.08,52.1,52.035,52.05,876039,0
XLF.US,5,20251031,184000,52.05,52.135,52.04,52.135,518307,0
XLF.US,5,20251031,184500,52.135,52.16,52.1148,52.16,331685,0
XLF.US,5,20251031,185000,52.155,52.17,52.13,52.165,376179,0
XLF.US,5,20251031,185500,52.1642,52.165,52.1301,52.145,234109,0
XLF.US,5,20251031,190000,52.145,52.225,52.145,52.225,420272,0
XLF.US,5,20251031,190500,52.23,52.26,52.21,52.255,227926,0
XLF.US,5,20251031,191000,52.26,52.285,52.25,52.265,346200,0
XLF.US,5,20251031,191500,52.27,52.2751,52.2325,52.25,381317,0
XLF.US,5,20251031,192000,52.245,52.315,52.2403,52.31,515605,0
XLF.US,5,20251031,192500,52.315,52.325,52.29,52.31,292650,0
XLF.US,5,20251031,193000,52.305,52.3357,52.3,52.33,364829,0
XLF.US,5,20251031,193500,52.33,52.34,52.305,52.3301,252738,0
XLF.US,5,20251031,194000,52.335,52.34,52.305,52.315,482173,0
XLF.US,5,20251031,194500,52.32,52.335,52.3001,52.315,331665,0
XLF.US,5,20251031,195000,52.315,52.32,52.275,52.29,235500,0
XLF.US,5,20251031,195500,52.295,52.3865,52.295,52.37,358905,0
XLF.US,5,20251031,200000,52.37,52.39,52.35,52.3661,1070454,0
XLF.US,5,20251031,200500,52.3618,52.38,52.345,52.38,166713,0
XLF.US,5,20251031,201000,52.3718,52.39,52.355,52.38,195330,0
XLF.US,5,20251031,201500,52.3744,52.41,52.3744,52.3944,199572,0
XLF.US,5,20251031,202000,52.395,52.46,52.39,52.4448,339675,0
XLF.US,5,20251031,202500,52.445,52.455,52.43,52.455,572391,0
XLF.US,5,20251031,203000,52.455,52.495,52.44,52.495,622260,0
XLF.US,5,20251031,203500,52.495,52.5,52.45,52.4501,483873,0
XLF.US,5,20251031,204000,52.455,52.5,52.45,52.485,443852,0
XLF.US,5,20251031,204500,52.485,52.5,52.44,52.445,595501,0
XLF.US,5,20251031,205000,52.445,52.5,52.425,52.465,1322083,0
XLF.US,5,20251031,205500,52.465,52.465,52.36,52.36,3356330,0
XLF.US,5,20251103,153000,52.33,52.34,52.07,52.11,1007658,0
XLF.US,5,20251103,153500,52.1,52.19,52.06,52.19,784835,0
XLF.US,5,20251103,154000,52.18,52.195,52.08,52.095,476257,0
XLF.US,5,20251103,154500,52.09,52.11,52.045,52.105,423797,0
XLF.US,5,20251103,155000,52.1,52.11,51.87,51.88,604286,0
XLF.US,5,20251103,155500,51.87,51.94,51.86,51.93,469174,0
XLF.US,5,20251103,160000,51.94,51.95,51.87,51.895,508601,0
XLF.US,5,20251103,160500,51.89,51.93,51.835,51.905,787296,0
XLF.US,5,20251103,161000,51.91,51.92,51.81,51.81,696815,0
XLF.US,5,20251103,161500,51.815,51.82,51.74,51.795,543498,0
XLF.US,5,20251103,162000,51.79,51.81,51.72,51.725,435623,0
XLF.US,5,20251103,162500,51.7224,51.77,51.68,51.695,778835,0
XLF.US,5,20251103,163000,51.7,51.715,51.65,51.715,1035927,0
XLF.US,5,20251103,163500,51.72,51.825,51.715,51.825,360780,0
XLF.US,5,20251103,164000,51.825,51.915,51.825,51.88,557663,0
XLF.US,5,20251103,164500,51.88,51.91,51.85,51.875,417671,0
XLF.US,5,20251103,165000,51.875,51.965,51.875,51.92,504659,0
XLF.US,5,20251103,165500,51.925,52.035,51.925,52.02,314534,0
XLF.US,5,20251103,170000,52.02,52.065,52.0042,52.0301,251699,0
XLF.US,5,20251103,170500,52.035,52.06,52.005,52.05,255959,0
XLF.US,5,20251103,171000,52.045,52.045,51.98,52.0001,433550,0
XLF.US,5,20251103,171500,52.0058,52.0251,51.98,52.02,229795,0
XLF.US,5,20251103,172000,52.01,52.0358,51.99,52.025,201949,0
XLF.US,5,20251103,172500,52.025,52.04,52,52.04,204610,0
XLF.US,5,20251103,173000,52.04,52.12,52.04,52.11,234531,0
XLF.US,5,20251103,173500,52.105,52.129,52.08,52.12,345327,0
XLF.US,5,20251103,174000,52.115,52.13,52.095,52.11,914963,0
XLF.US,5,20251103,174500,52.105,52.12,52.08,52.085,307551,0
XLF.US,5,20251103,175000,52.085,52.105,52.065,52.105,557700,0
XLF.US,5,20251103,175500,52.1,52.15,52.099,52.135,376516,0
XLF.US,5,20251103,180000,52.135,52.16,52.1,52.145,457731,0
XLF.US,5,20251103,180500,52.15,52.16,52.115,52.145,351951,0
XLF.US,5,20251103,181000,52.145,52.16,52.13,52.14,272063,0
XLF.US,5,20251103,181500,52.135,52.155,52.115,52.135,408766,0
XLF.US,5,20251103,182000,52.135,52.155,52.075,52.08,361040,0
XLF.US,5,20251103,182500,52.075,52.075,51.99,52.025,624223,0
XLF.US,5,20251103,183000,52.025,52.0951,52.02,52.075,611404,0
XLF.US,5,20251103,183500,52.075,52.1059,52.06,52.085,252174,0
XLF.US,5,20251103,184000,52.085,52.11,52.08,52.0897,453375,0
XLF.US,5,20251103,184500,52.0868,52.0969,52.0614,52.09,221039,0
XLF.US,5,20251103,185000,52.085,52.1,52.08,52.095,114362,0
XLF.US,5,20251103,185500,52.0999,52.1088,52.08,52.096,294789,0
XLF.US,5,20251103,190000,52.095,52.1051,52.07,52.095,261518,0
XLF.US,5,20251103,190500,52.095,52.1199,52.08,52.115,400897,0
XLF.US,5,20251103,191000,52.115,52.14,52.1,52.125,348556,0
XLF.US,5,20251103,191500,52.125,52.13,52.1,52.105,424846,0
XLF.US,5,20251103,192000,52.105,52.12,52.06,52.075,693824,0
XLF.US,5,20251103,192500,52.07,52.0799,52.04,52.065,465878,0
XLF.US,5,20251103,193000,52.06,52.14,52.06,52.13,368583,0
XLF.US,5,20251103,193500,52.1268,52.15,52.12,52.135,431302,0
XLF.US,5,20251103,194000,52.1351,52.16,52.13,52.15,381513,0
XLF.US,5,20251103,194500,52.155,52.156541,52.1,52.105,564089,0
XLF.US,5,20251103,195000,52.105,52.15,52.105,52.125,268906,0
XLF.US,5,20251103,195500,52.13,52.15,52.12,52.13,186678,0
XLF.US,5,20251103,200000,52.125,52.17,52.125,52.1401,799589,0
XLF.US,5,20251103,200500,52.15,52.185,52.1436,52.1601,544758,0
XLF.US,5,20251103,201000,52.165,52.17,52.135,52.145,415387,0
XLF.US,5,20251103,201500,52.145,52.1799,52.14,52.165,556663,0
XLF.US,5,20251103,202000,52.165,52.19,52.165,52.18,240130,0
XLF.US,5,20251103,202500,52.175,52.22,52.1601,52.195,197142,0
XLF.US,5,20251103,203000,52.195,52.225,52.19,52.22,214843,0
XLF.US,5,20251103,203500,52.215,52.22,52.18,52.185,131434,0
XLF.US,5,20251103,204000,52.19,52.1955,52.13,52.1501,207134,0
XLF.US,5,20251103,204500,52.155,52.17,52.14,52.1599,308866,0
XLF.US,5,20251103,205000,52.155,52.16,52.11,52.15,143499,0
XLF.US,5,20251103,205500,52.1501,52.1599,52.12,52.135,212766,0
XLF.US,5,20251103,210000,52.14,52.17,52.12,52.165,282172,0
XLF.US,5,20251103,210500,52.16,52.18,52.13,52.13,213923,0
XLF.US,5,20251103,211000,52.13,52.165,52.13,52.15,184777,0
XLF.US,5,20251103,211500,52.16,52.199,52.15,52.195,477137,0
XLF.US,5,20251103,212000,52.1955,52.1999,52.17,52.1865,561182,0
XLF.US,5,20251103,212500,52.185,52.21,52.1701,52.195,350148,0
XLF.US,5,20251103,213000,52.195,52.2,52.15,52.155,282196,0
XLF.US,5,20251103,213500,52.155,52.19,52.145,52.185,345079,0
XLF.US,5,20251103,214000,52.185,52.195,52.16,52.165,368802,0
XLF.US,5,20251103,214500,52.165,52.17,52.115,52.12,749464,0
XLF.US,5,20251103,215000,52.11,52.155,52.09,52.14,881709,0
XLF.US,5,20251103,215500,52.15,52.165,52.11,52.15,2517447,0
XLF.US,5,20251104,153000,51.945,52.05,51.84,51.87,1613767,0
XLF.US,5,20251104,153500,51.87,51.95,51.835,51.915,815656,0
XLF.US,5,20251104,154000,51.91,52.065,51.875,52.055,946447,0
XLF.US,5,20251104,154500,52.06,52.1601,52.03,52.12,1062040,0
XLF.US,5,20251104,155000,52.12,52.15,52.095,52.145,200235,0
XLF.US,5,20251104,155500,52.15,52.26,52.1301,52.2542,705834,0
XLF.US,5,20251104,160000,52.26,52.3,52.24,52.295,654424,0
XLF.US,5,20251104,160500,52.295,52.39,52.295,52.39,1050700,0
XLF.US,5,20251104,161000,52.38,52.4851,52.37,52.46,821739,0
XLF.US,5,20251104,161500,52.465,52.53,52.465,52.505,894717,0
XLF.US,5,20251104,162000,52.505,52.54,52.47,52.495,1306606,0
XLF.US,5,20251104,162500,52.495,52.5,52.45,52.485,707256,0
XLF.US,5,20251104,163000,52.485,52.485,52.4201,52.455,854776,0
XLF.US,5,20251104,163500,52.45,52.48,52.43,52.4635,948275,0
XLF.US,5,20251104,164000,52.465,52.48,52.43,52.44,458049,0
XLF.US,5,20251104,164500,52.445,52.46,52.415,52.42,514672,0
XLF.US,5,20251104,165000,52.415,52.4599,52.4,52.44,476210,0
XLF.US,5,20251104,165500,52.44,52.445,52.4,52.4302,567502,0
XLF.US,5,20251104,170000,52.43,52.46,52.4001,52.415,311038,0
XLF.US,5,20251104,170500,52.415,52.425,52.38,52.395,490822,0
XLF.US,5,20251104,171000,52.395,52.4,52.345,52.365,507402,0
XLF.US,5,20251104,171500,52.365,52.41,52.3345,52.3901,478915,0
XLF.US,5,20251104,172000,52.395,52.45,52.385,52.4,233608,0
XLF.US,5,20251104,172500,52.4,52.48,52.4,52.475,243038,0
XLF.US,5,20251104,173000,52.47,52.49,52.445,52.445,230371,0
XLF.US,5,20251104,173500,52.445,52.46,52.42,52.44,290930,0
XLF.US,5,20251104,174000,52.445,52.45,52.41,52.4358,311570,0
XLF.US,5,20251104,174500,52.435,52.45,52.3601,52.365,472358,0
XLF.US,5,20251104,175000,52.37,52.47,52.365,52.455,1027228,0
XLF.US,5,20251104,175500,52.4598,52.49,52.43,52.475,309805,0
XLF.US,5,20251104,180000,52.47,52.475,52.4236,52.43,245677,0
XLF.US,5,20251104,180500,52.42,52.43,52.39,52.4,515400,0
XLF.US,5,20251104,181000,52.4,52.41,52.365,52.37,1423473,0
XLF.US,5,20251104,181500,52.365,52.375,52.33,52.3301,409402,0
XLF.US,5,20251104,182000,52.33,52.38,52.3035,52.375,599162,0
XLF.US,5,20251104,182500,52.3799,52.42,52.36,52.365,281486,0
XLF.US,5,20251104,183000,52.36,52.37,52.315,52.3499,347395,0
XLF.US,5,20251104,183500,52.35,52.35,52.285,52.3,206051,0
XLF.US,5,20251104,184000,52.2901,52.34,52.29,52.325,229019,0
XLF.US,5,20251104,184500,52.33,52.385,52.32,52.38,524970,0
XLF.US,5,20251104,185000,52.385,52.41,52.3502,52.36,157167,0
XLF.US,5,20251104,185500,52.36,52.365,52.3,52.32,856881,0
XLF.US,5,20251104,190000,52.315,52.325,52.29,52.295,203144,0
XLF.US,5,20251104,190500,52.295,52.33,52.295,52.315,138439,0
XLF.US,5,20251104,191000,52.31,52.35,52.3045,52.35,372769,0
XLF.US,5,20251104,191500,52.35,52.36,52.3,52.3,242145,0
XLF.US,5,20251104,192000,52.305,52.37,52.28,52.33,505544,0
XLF.US,5,20251104,192500,52.335,52.34,52.315,52.3334,410434,0
XLF.US,5,20251104,193000,52.335,52.369,52.27,52.275,360308,0
XLF.US,5,20251104,193500,52.275,52.31,52.265,52.285,201458,0
XLF.US,5,20251104,194000,52.29,52.36,52.27,52.3599,296160,0
XLF.US,5,20251104,194500,52.35,52.3515,52.3,52.3049,168113,0
XLF.US,5,20251104,195000,52.305,52.335,52.3,52.3261,278673,0
XLF.US,5,20251104,195500,52.325,52.34,52.3001,52.34,75208,0
XLF.US,5,20251104,200000,52.33,52.3951,52.325,52.395,223951,0
XLF.US,5,20251104,200500,52.39,52.3939,52.325,52.33,182917,0
XLF.US,5,20251104,201000,52.325,52.37,52.3101,52.345,247911,0
XLF.US,5,20251104,201500,52.345,52.365,52.33,52.34,165882,0
XLF.US,5,20251104,202000,52.3398,52.39,52.33,52.375,155744,0
XLF.US,5,20251104,202500,52.38,52.39,52.36,52.37,201982,0
XLF.US,5,20251104,203000,52.37,52.38,52.325,52.38,315195,0
XLF.US,5,20251104,203500,52.38,52.39,52.33,52.355,541515,0
XLF.US,5,20251104,204000,52.35,52.365,52.3101,52.345,298313,0
XLF.US,5,20251104,204500,52.345,52.38,52.335,52.3652,365683,0
XLF.US,5,20251104,205000,52.3601,52.385,52.35,52.36,323363,0
XLF.US,5,20251104,205500,52.365,52.4,52.3625,52.385,458259,0
XLF.US,5,20251104,210000,52.385,52.42,52.385,52.4101,279968,0
XLF.US,5,20251104,210500,52.41,52.445,52.4,52.415,192195,0
XLF.US,5,20251104,211000,52.415,52.47,52.4045,52.465,249755,0
XLF.US,5,20251104,211500,52.4655,52.48,52.43,52.45,472097,0
XLF.US,5,20251104,212000,52.445,52.446193,52.4,52.415,410278,0
XLF.US,5,20251104,212500,52.415,52.46,52.405,52.46,343019,0
XLF.US,5,20251104,213000,52.455,52.46,52.4,52.42,569979,0
XLF.US,5,20251104,213500,52.42,52.47,52.415,52.435,444272,0
XLF.US,5,20251104,214000,52.4365,52.505,52.4323,52.5,352570,0
XLF.US,5,20251104,214500,52.495,52.5,52.4148,52.4171,732297,0
XLF.US,5,20251104,215000,52.41,52.46,52.395,52.455,1140430,0
XLF.US,5,20251104,215500,52.46,52.465,52.39,52.42,3442594,0
XLF.US,5,20251105,153000,52.49,52.57,52.42,52.4485,1452296,0
XLF.US,5,20251105,153500,52.44,52.45,52.28,52.29,1189965,0
XLF.US,5,20251105,154000,52.29,52.295,52.185,52.185,1072057,0
XLF.US,5,20251105,154500,52.18,52.35,52.18,52.33,1380383,0
XLF.US,5,20251105,155000,52.32,52.41,52.3,52.4,975325,0
XLF.US,5,20251105,155500,52.4,52.435,52.35,52.36,426538,0
XLF.US,5,20251105,160000,52.37,52.39,52.3,52.385,648666,0
XLF.US,5,20251105,160500,52.38,52.49,52.37,52.4558,673485,0
XLF.US,5,20251105,161000,52.455,52.51,52.435,52.455,377424,0
XLF.US,5,20251105,161500,52.46,52.48,52.415,52.44,869335,0
XLF.US,5,20251105,162000,52.44,52.5,52.39,52.495,1052539,0
XLF.US,5,20251105,162500,52.5,52.5173,52.465,52.465,434072,0
XLF.US,5,20251105,163000,52.465,52.4851,52.44,52.48,332447,0
XLF.US,5,20251105,163500,52.47,52.4985,52.46,52.465,815233,0
XLF.US,5,20251105,164000,52.465,52.51,52.465,52.4851,362286,0
XLF.US,5,20251105,164500,52.485,52.49,52.4245,52.4352,321807,0
XLF.US,5,20251105,165000,52.43,52.43,52.355,52.41,572784,0
XLF.US,5,20251105,165500,52.43,52.46,52.4046,52.46,396577,0
XLF.US,5,20251105,170000,52.46,52.4851,52.43,52.465,737980,0
XLF.US,5,20251105,170500,52.47,52.51,52.445,52.465,268898,0
XLF.US,5,20251105,171000,52.46,52.4601,52.405,52.425,319644,0
XLF.US,5,20251105,171500,52.43,52.465,52.42,52.436,324282,0
XLF.US,5,20251105,172000,52.43,52.5,52.415,52.5,340791,0
XLF.US,5,20251105,172500,52.49,52.525,52.49,52.505,271307,0
XLF.US,5,20251105,173000,52.505,52.55,52.5,52.535,256721,0
XLF.US,5,20251105,173500,52.535,52.5693,52.52,52.5561,312547,0
XLF.US,5,20251105,174000,52.56,52.5854,52.5599,52.585,287174,0
XLF.US,5,20251105,174500,52.585,52.63,52.57,52.62,322244,0
XLF.US,5,20251105,175000,52.625,52.67,52.615,52.665,272198,0
XLF.US,5,20251105,175500,52.665,52.665,52.62,52.625,245381,0
XLF.US,5,20251105,180000,52.625,52.6594,52.61,52.635,315542,0
XLF.US,5,20251105,180500,52.635,52.655,52.63,52.64,190774,0
XLF.US,5,20251105,181000,52.64,52.7,52.64,52.675,343696,0
XLF.US,5,20251105,181500,52.675,52.7,52.6648,52.7,220058,0
XLF.US,5,20251105,182000,52.695,52.7155,52.6941,52.715,143545,0
XLF.US,5,20251105,182500,52.72,52.76,52.72,52.755,255271,0
XLF.US,5,20251105,183000,52.755,52.7858,52.74,52.785,289221,0
XLF.US,5,20251105,183500,52.78,52.82,52.774084,52.8099,356330,0
XLF.US,5,20251105,184000,52.8064,52.81,52.77,52.775,648990,0
XLF.US,5,20251105,184500,52.77,52.775,52.74,52.755,366531,0
XLF.US,5,20251105,185000,52.76,52.78,52.75,52.775,143438,0
XLF.US,5,20251105,185500,52.775,52.7799,52.74,52.75,131764,0
XLF.US,5,20251105,190000,52.745,52.7697,52.7201,52.765,355490,0
XLF.US,5,20251105,190500,52.765,52.77,52.72,52.72,107883,0
XLF.US,5,20251105,191000,52.725,52.7351,52.7,52.7351,137136,0
XLF.US,5,20251105,191500,52.735,52.76,52.725,52.725,126169,0
XLF.US,5,20251105,192000,52.725,52.7256,52.695,52.705,114672,0
XLF.US,5,20251105,192500,52.705,52.725,52.69,52.715,116049,0
XLF.US,5,20251105,193000,52.71,52.72,52.695,52.7187,124691,0
XLF.US,5,20251105,193500,52.715,52.7499,52.715,52.725,309634,0
XLF.US,5,20251105,194000,52.725,52.73,52.69,52.695,176585,0
XLF.US,5,20251105,194500,52.69,52.71,52.67,52.68,217677,0
XLF.US,5,20251105,195000,52.67,52.68,52.65,52.6582,228553,0
XLF.US,5,20251105,195500,52.6547,52.69,52.65,52.68,238300,0
XLF.US,5,20251105,200000,52.68,52.6982,52.66,52.68,243734,0
XLF.US,5,20251105,200500,52.685,52.69,52.655,52.6635,236799,0
XLF.US,5,20251105,201000,52.665,52.6852,52.635,52.685,134787,0
XLF.US,5,20251105,201500,52.68,52.715,52.68,52.705,115110,0
XLF.US,5,20251105,202000,52.705,52.705,52.65,52.655,126889,0
XLF.US,5,20251105,202500,52.655,52.68,52.65,52.675,104965,0
XLF.US,5,20251105,203000,52.675,52.7,52.67,52.685,253984,0
XLF.US,5,20251105,203500,52.685,52.69,52.665,52.67,132807,0
XLF.US,5,20251105,204000,52.665,52.6899,52.66,52.66,84583,0
XLF.US,5,20251105,204500,52.665,52.68,52.665,52.675,146625,0
XLF.US,5,20251105,205000,52.675,52.68,52.66,52.675,295096,0
XLF.US,5,20251105,205500,52.67209,52.68,52.66,52.6703,162674,0
XLF.US,5,20251105,210000,52.675,52.72,52.67,52.72,221114,0
XLF.US,5,20251105,210500,52.715,52.74,52.71,52.735,150134,0
XLF.US,5,20251105,211000,52.74,52.76,52.72,52.755,361139,0
XLF.US,5,20251105,211500,52.755,52.77,52.75,52.765,312057,0
XLF.US,5,20251105,212000,52.76,52.78,52.75,52.765,339884,0
XLF.US,5,20251105,212500,52.765,52.77,52.71,52.72,322310,0
XLF.US,5,20251105,213000,52.72,52.7359,52.71,52.725,343437,0
XLF.US,5,20251105,213500,52.73,52.75,52.725,52.735,455822,0
XLF.US,5,20251105,214000,52.735,52.75,52.72,52.745,434639,0
XLF.US,5,20251105,214500,52.74,52.75,52.69,52.695,540559,0
XLF.US,5,20251105,215000,52.695,52.715,52.65,52.665,1307602,0
XLF.US,5,20251105,215500,52.66,52.66,52.56,52.6,4072105,0
XLF.US,5,20251106,153000,52.49,52.7,52.48,52.615,1339110,0
XLF.US,5,20251106,153500,52.61,52.69,52.575,52.625,551134,0
XLF.US,5,20251106,154000,52.625,52.645,52.54,52.565,595890,0
XLF.US,5,20251106,154500,52.57,52.65,52.555,52.575,476361,0
XLF.US,5,20251106,155000,52.575,52.635,52.49,52.495,972473,0
XLF.US,5,20251106,155500,52.49,52.54,52.38,52.38,1075109,0
XLF.US,5,20251106,160000,52.38,52.44,52.37,52.385,978655,0
XLF.US,5,20251106,160500,52.385,52.48,52.38,52.47,568163,0
XLF.US,5,20251106,161000,52.475,52.535,52.46,52.495,563141,0
XLF.US,5,20251106,161500,52.495,52.54,52.455,52.495,658380,0
XLF.US,5,20251106,162000,52.5,52.58,52.495,52.53,647605,0
XLF.US,5,20251106,162500,52.53,52.54,52.445,52.455,294798,0
XLF.US,5,20251106,163000,52.455,52.47,52.43,52.45,478380,0
XLF.US,5,20251106,163500,52.45,52.45,52.3239,52.325,643767,0
XLF.US,5,20251106,164000,52.33,52.35,52.265,52.285,498687,0
XLF.US,5,20251106,164500,52.29,52.3655,52.27,52.325,731190,0
XLF.US,5,20251106,165000,52.32,52.4,52.32,52.395,381116,0
XLF.US,5,20251106,165500,52.395,52.395,52.33,52.33,433349,0
XLF.US,5,20251106,170000,52.335,52.36,52.285,52.32,632911,0
XLF.US,5,20251106,170500,52.32,52.37,52.315,52.33,483235,0
XLF.US,5,20251106,171000,52.335,52.335,52.23,52.2401,359634,0
XLF.US,5,20251106,171500,52.24,52.285,52.22,52.26,317345,0
XLF.US,5,20251106,172000,52.255,52.271,52.19,52.195,296527,0
XLF.US,5,20251106,172500,52.195,52.2855,52.1834,52.28,767451,0
XLF.US,5,20251106,173000,52.28,52.28,52.225,52.26,465921,0
XLF.US,5,20251106,173500,52.265,52.265,52.2,52.23,401993,0
XLF.US,5,20251106,174000,52.23,52.25,52.18,52.225,392017,0
XLF.US,5,20251106,174500,52.225,52.23,52.1701,52.22,273051,0
XLF.US,5,20251106,175000,52.215,52.26,52.2001,52.255,299790,0
XLF.US,5,20251106,175500,52.25,52.255,52.18,52.195,432660,0
XLF.US,5,20251106,180000,52.19,52.24,52.19,52.235,483418,0
XLF.US,5,20251106,180500,52.235,52.265,52.195,52.265,381059,0
XLF.US,5,20251106,181000,52.265,52.315,52.255,52.255,276540,0
XLF.US,5,20251106,181500,52.255,52.255,52.21,52.245,247628,0
XLF.US,5,20251106,182000,52.24,52.24,52.19,52.22,266141,0
XLF.US,5,20251106,182500,52.21,52.215,52.18,52.205,280104,0
XLF.US,5,20251106,183000,52.205,52.275,52.18,52.24,542995,0
XLF.US,5,20251106,183500,52.2371,52.3,52.235,52.275,384775,0
XLF.US,5,20251106,184000,52.27,52.3299,52.25,52.325,453692,0
XLF.US,5,20251106,184500,52.325,52.36,52.32,52.325,534391,0
XLF.US,5,20251106,185000,52.325,52.355,52.305,52.315,155916,0
XLF.US,5,20251106,185500,52.315,52.325,52.29,52.31,275391,0
XLF.US,5,20251106,190000,52.3,52.37,52.29,52.3298,324660,0
XLF.US,5,20251106,190500,52.32,52.32,52.235,52.2554,317419,0
XLF.US,5,20251106,191000,52.26,52.29,52.245,52.28,305299,0
XLF.US,5,20251106,191500,52.275,52.3,52.265,52.28,278549,0
XLF.US,5,20251106,192000,52.285,52.34,52.28,52.3343,171361,0
XLF.US,5,20251106,192500,52.34,52.39,52.33,52.3701,462463,0
XLF.US,5,20251106,193000,52.375,52.424,52.37,52.424,294186,0
XLF.US,5,20251106,193500,52.425,52.47,52.415,52.455,399872,0
XLF.US,5,20251106,194000,52.455,52.5,52.451,52.48,387830,0
XLF.US,5,20251106,194500,52.485,52.49,52.44,52.475,430718,0
XLF.US,5,20251106,195000,52.475,52.495,52.46,52.475,205460,0
XLF.US,5,20251106,195500,52.475,52.49,52.4239,52.46,283954,0
XLF.US,5,20251106,200000,52.455,52.485,52.435,52.485,268374,0
XLF.US,5,20251106,200500,52.485,52.51,52.44,52.45,255309,0
XLF.US,5,20251106,201000,52.45,52.495,52.45,52.495,192366,0
XLF.US,5,20251106,201500,52.495,52.5099,52.47,52.485,407223,0
XLF.US,5,20251106,202000,52.48,52.5153,52.48,52.495,415614,0
XLF.US,5,20251106,202500,52.495,52.515,52.47,52.495,316162,0
XLF.US,5,20251106,203000,52.495,52.545,52.47,52.535,334667,0
XLF.US,5,20251106,203500,52.54,52.56,52.52,52.52,276181,0
XLF.US,5,20251106,204000,52.525,52.525,52.43,52.48,392361,0
XLF.US,5,20251106,204500,52.48,52.5,52.45,52.465,225881,0
XLF.US,5,20251106,205000,52.47,52.49,52.455,52.49,280766,0
XLF.US,5,20251106,205500,52.49,52.53,52.4839,52.5006,389966,0
XLF.US,5,20251106,210000,52.51,52.5163,52.4723,52.5,378117,0
XLF.US,5,20251106,210500,52.505,52.54,52.5,52.5342,342742,0
XLF.US,5,20251106,211000,52.535,52.56,52.53,52.535,412229,0
XLF.US,5,20251106,211500,52.535,52.55,52.515,52.535,341568,0
XLF.US,5,20251106,212000,52.535,52.577,52.53,52.56,473105,0
XLF.US,5,20251106,212500,52.555,52.56,52.495,52.5,411545,0
XLF.US,5,20251106,213000,52.5,52.535,52.475,52.53,616162,0
XLF.US,5,20251106,213500,52.53,52.54,52.4939,52.515,487597,0
XLF.US,5,20251106,214000,52.515,52.53,52.47,52.485,613194,0
XLF.US,5,20251106,214500,52.485,52.495,52.4,52.415,863921,0
XLF.US,5,20251106,215000,52.42,52.545,52.415,52.535,1349506,0
XLF.US,5,20251106,215500,52.53,52.535,52.37,52.42,3294750,0
XLF.US,5,20251107,153000,52.28,52.3,52.13,52.17,1364312,0
XLF.US,5,20251107,153500,52.17,52.285,52.16,52.17,730625,0
XLF.US,5,20251107,154000,52.17,52.32,52.17,52.32,1219765,0
XLF.US,5,20251107,154500,52.312,52.415,52.31,52.31,883275,0
XLF.US,5,20251107,155000,52.31,52.45,52.31,52.43,898749,0
XLF.US,5,20251107,155500,52.43,52.49,52.41,52.465,766215,0
XLF.US,5,20251107,160000,52.47,52.485,52.335,52.36,831687,0
XLF.US,5,20251107,160500,52.36,52.47,52.355,52.47,705094,0
XLF.US,5,20251107,161000,52.46,52.515,52.42,52.515,692059,0
XLF.US,5,20251107,161500,52.51,52.54,52.445,52.47,496498,0
XLF.US,5,20251107,162000,52.47,52.495,52.395,52.405,449950,0
XLF.US,5,20251107,162500,52.405,52.48,52.405,52.4557,370665,0
XLF.US,5,20251107,163000,52.46,52.515,52.435,52.46,735617,0
XLF.US,5,20251107,163500,52.455,52.52,52.3901,52.395,497594,0
XLF.US,5,20251107,164000,52.4,52.43,52.385,52.395,314750,0
XLF.US,5,20251107,164500,52.39,52.4,52.2935,52.33,538753,0
XLF.US,5,20251107,165000,52.325,52.4,52.325,52.38,589283,0
XLF.US,5,20251107,165500,52.38,52.385,52.325,52.325,374600,0
XLF.US,5,20251107,170000,52.32,52.36,52.305,52.335,435090,0
XLF.US,5,20251107,170500,52.335,52.35,52.3,52.32,419429,0
XLF.US,5,20251107,171000,52.31,52.345,52.26,52.2603,359041,0
XLF.US,5,20251107,171500,52.26,52.275,52.21,52.24,655691,0
XLF.US,5,20251107,172000,52.24,52.285,52.23,52.24,609626,0
XLF.US,5,20251107,172500,52.24,52.24,52.19,52.215,559558,0
XLF.US,5,20251107,173000,52.215,52.27,52.205,52.235,394455,0
XLF.US,5,20251107,173500,52.24,52.245,52.195,52.225,340498,0
XLF.US,5,20251107,174000,52.225,52.255,52.18,52.25,334226,0
XLF.US,5,20251107,174500,52.2401,52.25,52.185,52.205,251040,0
XLF.US,5,20251107,175000,52.2,52.25,52.2,52.21,227813,0
XLF.US,5,20251107,175500,52.21,52.22,52.115,52.17,341127,0
XLF.US,5,20251107,180000,52.17,52.1704,52.105,52.125,333495,0
XLF.US,5,20251107,180500,52.13,52.1729,52.09,52.135,437229,0
XLF.US,5,20251107,181000,52.13,52.225,52.11,52.225,511223,0
XLF.US,5,20251107,181500,52.225,52.28,52.195,52.265,445577,0
XLF.US,5,20251107,182000,52.26,52.306,52.25,52.28,326310,0
XLF.US,5,20251107,182500,52.285,52.3099,52.245,52.25,269138,0
XLF.US,5,20251107,183000,52.25,52.2899,52.235,52.245,216854,0
XLF.US,5,20251107,183500,52.245,52.27,52.215,52.23,400680,0
XLF.US,5,20251107,184000,52.24,52.265,52.205,52.235,258490,0
XLF.US,5,20251107,184500,52.235,52.255,52.175,52.18,325576,0
XLF.US,5,20251107,185000,52.185,52.22,52.155,52.215,575647,0
XLF.US,5,20251107,185500,52.215,52.32,52.215,52.315,417539,0
XLF.US,5,20251107,190000,52.315,52.375,52.315,52.355,464066,0
XLF.US,5,20251107,190500,52.355,52.37,52.325,52.355,190973,0
XLF.US,5,20251107,191000,52.355,52.3851,52.35,52.38,222621,0
XLF.US,5,20251107,191500,52.375,52.39,52.345,52.385,247094,0
XLF.US,5,20251107,192000,52.39,52.43,52.385,52.4299,278289,0
XLF.US,5,20251107,192500,52.425,52.45,52.3944,52.4045,244459,0
XLF.US,5,20251107,193000,52.405,52.45,52.4,52.435,246934,0
XLF.US,5,20251107,193500,52.44,52.4875,52.425,52.4815,339251,0
XLF.US,5,20251107,194000,52.485,52.5,52.465,52.4901,352188,0
XLF.US,5,20251107,194500,52.495,52.5,52.425,52.435,215429,0
XLF.US,5,20251107,195000,52.435,52.435,52.385,52.42,380097,0
XLF.US,5,20251107,195500,52.43,52.495,52.43,52.475,167278,0
XLF.US,5,20251107,200000,52.47,52.485,52.45,52.465,257579,0
XLF.US,5,20251107,200500,52.465,52.505,52.4501,52.46,132564,0
XLF.US,5,20251107,201000,52.455,52.4999,52.44,52.495,144031,0
XLF.US,5,20251107,201500,52.495,52.535,52.49,52.4963,132527,0
XLF.US,5,20251107,202000,52.5,52.53,52.5,52.515,91899,0
XLF.US,5,20251107,202500,52.515,52.54,52.4845,52.535,180486,0
XLF.US,5,20251107,203000,52.5399,52.615,52.5399,52.6056,397062,0
XLF.US,5,20251107,203500,52.605,52.67,52.595,52.665,403677,0
XLF.US,5,20251107,204000,52.665,52.75,52.665,52.705,935135,0
XLF.US,5,20251107,204500,52.705,52.7155,52.65,52.71,1487247,0
XLF.US,5,20251107,205000,52.71,52.765,52.705,52.765,592616,0
XLF.US,5,20251107,205500,52.765,52.78,52.73,52.765,501051,0
XLF.US,5,20251107,210000,52.76,52.79,52.74,52.7635,1005191,0
XLF.US,5,20251107,210500,52.765,52.765,52.68,52.72,1145774,0
XLF.US,5,20251107,211000,52.725,52.7385,52.67,52.68,590614,0
XLF.US,5,20251107,211500,52.685,52.715,52.66,52.675,431746,0
XLF.US,5,20251107,212000,52.675,52.675,52.61,52.635,465605,0
XLF.US,5,20251107,212500,52.6364,52.665,52.6,52.655,398116,0
XLF.US,5,20251107,213000,52.6538,52.69,52.65,52.6657,406000,0
XLF.US,5,20251107,213500,52.665,52.71,52.665,52.6999,414242,0
XLF.US,5,20251107,214000,52.7,52.73,52.67,52.7142,464904,0
XLF.US,5,20251107,214500,52.715,52.74,52.65,52.655,649668,0
XLF.US,5,20251107,215000,52.655,52.77,52.625,52.765,1451224,0
XLF.US,5,20251107,215500,52.76,52.8,52.73,52.78,4811254,0
XLF.US,5,20251110,153000,52.91,53.095,52.88,53.05,1997605,0
XLF.US,5,20251110,153500,53.055,53.15,53.05,53.095,781384,0
XLF.US,5,20251110,154000,53.095,53.11,52.955,52.985,2151933,0
XLF.US,5,20251110,154500,52.99,53.025,52.96,52.965,748050,0
XLF.US,5,20251110,155000,52.965,52.9799,52.855,52.865,960082,0
XLF.US,5,20251110,155500,52.865,52.885,52.76,52.765,512842,0
XLF.US,5,20251110,160000,52.765,52.825,52.75,52.785,638647,0
XLF.US,5,20251110,160500,52.785,52.81,52.73,52.755,651731,0
XLF.US,5,20251110,161000,52.755,52.8199,52.755,52.78,534221,0
XLF.US,5,20251110,161500,52.785,52.8,52.74,52.74,325562,0
XLF.US,5,20251110,162000,52.74,52.825,52.73,52.825,559396,0
XLF.US,5,20251110,162500,52.82,52.875,52.81,52.8527,419562,0
XLF.US,5,20251110,163000,52.855,52.86,52.795,52.8,357231,0
XLF.US,5,20251110,163500,52.8,52.835,52.74,52.74,236226,0
XLF.US,5,20251110,164000,52.745,52.7693,52.72,52.725,268926,0
XLF.US,5,20251110,164500,52.725,52.755,52.715,52.75,267144,0
XLF.US,5,20251110,165000,52.74,52.755,52.685,52.7205,419226,0
XLF.US,5,20251110,165500,52.72,52.73,52.69,52.7,381102,0
XLF.US,5,20251110,170000,52.695,52.715,52.665,52.665,1674114,0
XLF.US,5,20251110,170500,52.6634,52.75,52.65,52.745,480841,0
XLF.US,5,20251110,171000,52.74,52.79,52.735,52.77,317856,0
XLF.US,5,20251110,171500,52.77,52.7869,52.73,52.75,341160,0
XLF.US,5,20251110,172000,52.76,52.76,52.7,52.73,290883,0
XLF.US,5,20251110,172500,52.735,52.74,52.7,52.7,316676,0
XLF.US,5,20251110,173000,52.705,52.805,52.705,52.76,325686,0
XLF.US,5,20251110,173500,52.7655,52.7665,52.735,52.7649,248538,0
XLF.US,5,20251110,174000,52.77,52.83,52.74,52.83,228140,0
XLF.US,5,20251110,174500,52.825,52.825,52.79,52.8102,239875,0
XLF.US,5,20251110,175000,52.82,52.8359,52.805,52.825,176833,0
XLF.US,5,20251110,175500,52.82,52.8655,52.8136,52.855,147851,0
XLF.US,5,20251110,180000,52.8599,52.9285,52.85,52.925,135087,0
XLF.US,5,20251110,180500,52.925,52.935,52.9,52.9055,197730,0
XLF.US,5,20251110,181000,52.91,52.915,52.87,52.87,282997,0
XLF.US,5,20251110,181500,52.8799,52.8992,52.86,52.8827,164143,0
XLF.US,5,20251110,182000,52.8859,52.93,52.8801,52.905,378344,0
XLF.US,5,20251110,182500,52.91,52.945,52.895,52.9,284348,0
XLF.US,5,20251110,183000,52.9,52.96,52.9,52.955,651610,0
XLF.US,5,20251110,183500,52.955,52.975,52.95,52.965,242428,0
XLF.US,5,20251110,184000,52.9645,53.015,52.9645,52.985,402911,0
XLF.US,5,20251110,184500,52.99,53.01,52.98,53.01,190064,0
XLF.US,5,20251110,185000,53.01,53.045,53.005,53.035,505748,0
XLF.US,5,20251110,185500,53.03,53.05,53.025,53.03,187594,0
XLF.US,5,20251110,190000,53.035,53.045,53.015,53.015,618638,0
XLF.US,5,20251110,190500,53.015,53.03,53.0024,53.025,279832,0
XLF.US,5,20251110,191000,53.025,53.025,52.995,53.01,96694,0
XLF.US,5,20251110,191500,53.005,53.05,53,53.05,227735,0
XLF.US,5,20251110,192000,53.045,53.05,53.025,53.05,121174,0
XLF.US,5,20251110,192500,53.0456,53.055,53,53.01,189770,0
XLF.US,5,20251110,193000,53.02,53.025,53.01,53.015,107898,0
XLF.US,5,20251110,193500,53.015,53.0279,53.004,53.01,183393,0
XLF.US,5,20251110,194000,53.015,53.0271,52.9722,52.975,176788,0
XLF.US,5,20251110,194500,52.975,53.01,52.965,53.005,221633,0
XLF.US,5,20251110,195000,53.005,53.03,52.99,53.02,105940,0
XLF.US,5,20251110,195500,53.02,53.04,53.01,53.025,413035,0
XLF.US,5,20251110,200000,53.025,53.055,53.02,53.055,324140,0
XLF.US,5,20251110,200500,53.055,53.07,53.045,53.055,199558,0
XLF.US,5,20251110,201000,53.055,53.055,53.02,53.025,206695,0
XLF.US,5,20251110,201500,53.025,53.0452,53.01,53.045,160438,0
XLF.US,5,20251110,202000,53.0401,53.05,53.03,53.0352,179832,0
XLF.US,5,20251110,202500,53.035,53.085,53.035,53.075,301315,0
XLF.US,5,20251110,203000,53.075,53.08,53.0235,53.035,173753,0
XLF.US,5,20251110,203500,53.035,53.035,53.0001,53.025,242562,0
XLF.US,5,20251110,204000,53.02,53.0599,53.015,53.035,218692,0
XLF.US,5,20251110,204500,53.035,53.05,53.0201,53.046,103187,0
XLF.US,5,20251110,205000,53.045,53.1,53.0431,53.095,290609,0
XLF.US,5,20251110,205500,53.095,53.1082,53.035,53.05,423115,0
XLF.US,5,20251110,210000,53.05,53.09,53.05,53.085,459772,0
XLF.US,5,20251110,210500,53.09,53.1,53.07,53.095,238647,0
XLF.US,5,20251110,211000,53.095,53.11,53.08,53.11,458059,0
XLF.US,5,20251110,211500,53.1001,53.105,53.065,53.0652,520852,0
XLF.US,5,20251110,212000,53.065,53.07,53.0201,53.045,377951,0
XLF.US,5,20251110,212500,53.045,53.07,53.0316,53.035,434438,0
XLF.US,5,20251110,213000,53.03,53.04,53,53.005,541279,0
XLF.US,5,20251110,213500,53.005,53.05,53.005,53.035,857150,0
XLF.US,5,20251110,214000,53.03,53.035,53,53.005,629656,0
XLF.US,5,20251110,214500,53.0074,53.05,53.0001,53.02,1237668,0
XLF.US,5,20251110,215000,53.02,53.02,52.97,53.005,2116878,0
XLF.US,5,20251110,215500,53.005,53.005,52.93,52.95,4606118,0
XLF.US,5,20251111,153000,53.035,53.11,52.96,53.0001,1102932,0
XLF.US,5,20251111,153500,53,53.02,52.93,53.01,397168,0
XLF.US,5,20251111,154000,53.01,53.015,52.9101,52.9201,392269,0
XLF.US,5,20251111,154500,52.925,53.005,52.92,52.94,406740,0
XLF.US,5,20251111,155000,52.94,52.99,52.915,52.985,306141,0
XLF.US,5,20251111,155500,52.99,53.0471,52.98,53.035,371535,0
XLF.US,5,20251111,160000,53.035,53.04,52.97,52.985,289520,0
XLF.US,5,20251111,160500,52.9855,53.0299,52.92,53,708166,0
XLF.US,5,20251111,161000,53,53.005,52.925,52.925,166811,0
XLF.US,5,20251111,161500,52.93,52.94,52.88,52.91,208478,0
XLF.US,5,20251111,162000,52.91,52.98,52.91,52.96,202189,0
XLF.US,5,20251111,162500,52.96,53.035,52.96,53.0201,200253,0
XLF.US,5,20251111,163000,53.025,53.07,53.015,53.04,435454,0
XLF.US,5,20251111,163500,53.04,53.06,52.995,53.06,370079,0
XLF.US,5,20251111,164000,53.055,53.055,53.01,53.03,380360,0
XLF.US,5,20251111,164500,53.035,53.07,53.0341,53.0695,152063,0
XLF.US,5,20251111,165000,53.065,53.115,53.0406,53.105,164925,0
XLF.US,5,20251111,165500,53.1098,53.115,53.07,53.075,173125,0
XLF.US,5,20251111,170000,53.08,53.125,53.065,53.1,175735,0
XLF.US,5,20251111,170500,53.11,53.13,53.08,53.105,224798,0
XLF.US,5,20251111,171000,53.105,53.1315,53.0945,53.1,186773,0
XLF.US,5,20251111,171500,53.105,53.155,53.104,53.155,245412,0
XLF.US,5,20251111,172000,53.155,53.1758,53.14,53.16,314905,0
XLF.US,5,20251111,172500,53.16,53.165,53.1001,53.115,159613,0
XLF.US,5,20251111,173000,53.115,53.16,53.1,53.155,198145,0
XLF.US,5,20251111,173500,53.155,53.185,53.15,53.175,283293,0
XLF.US,5,20251111,174000,53.175,53.19,53.145,53.185,245419,0
XLF.US,5,20251111,174500,53.185,53.21,53.175,53.209,244622,0
XLF.US,5,20251111,175000,53.21,53.22,53.18,53.205,230917,0
XLF.US,5,20251111,175500,53.205,53.2182,53.19,53.205,185800,0
XLF.US,5,20251111,180000,53.2,53.235,53.19,53.195,103019,0
XLF.US,5,20251111,180500,53.195,53.21,53.19,53.195,233120,0
XLF.US,5,20251111,181000,53.195,53.205,53.17,53.1999,268330,0
XLF.US,5,20251111,181500,53.2,53.2375,53.2,53.225,182920,0
XLF.US,5,20251111,182000,53.23,53.235,53.21,53.225,184244,0
XLF.US,5,20251111,182500,53.2254,53.25,53.21,53.245,225749,0
XLF.US,5,20251111,183000,53.24,53.279,53.24,53.25,178136,0
XLF.US,5,20251111,183500,53.245,53.246033,53.2,53.21,498677,0
XLF.US,5,20251111,184000,53.205,53.21,53.18,53.205,465586,0
XLF.US,5,20251111,184500,53.205,53.21,53.18,53.195,704312,0
XLF.US,5,20251111,185000,53.195,53.21,53.185,53.195,544254,0
XLF.US,5,20251111,185500,53.2,53.245,53.2,53.2401,168571,0
XLF.US,5,20251111,190000,53.245,53.3,53.245,53.295,215381,0
XLF.US,5,20251111,190500,53.295,53.3,53.26,53.27,255485,0
XLF.US,5,20251111,191000,53.27,53.28,53.255,53.275,193987,0
XLF.US,5,20251111,191500,53.28,53.33,53.27,53.325,225952,0
XLF.US,5,20251111,192000,53.3236,53.3375,53.27,53.2779,220476,0
XLF.US,5,20251111,192500,53.27,53.285,53.25,53.275,234406,0
XLF.US,5,20251111,193000,53.275,53.3,53.25,53.26,257231,0
XLF.US,5,20251111,193500,53.255,53.26,53.23,53.255,216464,0
XLF.US,5,20251111,194000,53.26,53.27,53.235,53.255,263090,0
XLF.US,5,20251111,194500,53.25,53.265,53.245,53.2599,132476,0
XLF.US,5,20251111,195000,53.255,53.27,53.23,53.235,124127,0
XLF.US,5,20251111,195500,53.24,53.24,53.21,53.21,91403,0
XLF.US,5,20251111,200000,53.21,53.21,53.1801,53.205,201570,0
XLF.US,5,20251111,200500,53.21,53.215,53.18,53.195,136421,0
XLF.US,5,20251111,201000,53.195,53.23,53.195,53.22,111568,0
XLF.US,5,20251111,201500,53.21,53.23,53.21,53.215,266442,0
XLF.US,5,20251111,202000,53.215,53.227584,53.205,53.225,145592,0
XLF.US,5,20251111,202500,53.225,53.2592,53.2201,53.245,244457,0
XLF.US,5,20251111,203000,53.24,53.2558,53.2301,53.24,198618,0
XLF.US,5,20251111,203500,53.2399,53.245,53.225,53.245,394632,0
XLF.US,5,20251111,204000,53.245,53.25,53.23,53.24,165186,0
XLF.US,5,20251111,204500,53.235,53.255,53.21,53.255,271588,0
XLF.US,5,20251111,205000,53.2513,53.255,53.23,53.235,92403,0
XLF.US,5,20251111,205500,53.235,53.2352,53.21,53.2255,176684,0
XLF.US,5,20251111,210000,53.2285,53.2599,53.22,53.2446,168559,0
XLF.US,5,20251111,210500,53.245,53.25,53.215,53.225,209663,0
XLF.US,5,20251111,211000,53.225,53.23,53.2101,53.215,78365,0
XLF.US,5,20251111,211500,53.215,53.24,53.215,53.225,210610,0
XLF.US,5,20251111,212000,53.225,53.23,53.195,53.205,344474,0
XLF.US,5,20251111,212500,53.205,53.22,53.165,53.18,738207,0
XLF.US,5,20251111,213000,53.18,53.18,53.14,53.155,307941,0
XLF.US,5,20251111,213500,53.15,53.17,53.14,53.165,416951,0
XLF.US,5,20251111,214000,53.17,53.185,53.155,53.185,609019,0
XLF.US,5,20251111,214500,53.19,53.2,53.16,53.165,761702,0
XLF.US,5,20251111,215000,53.16,53.2,53.15,53.1925,1225221,0
XLF.US,5,20251111,215500,53.195,53.21,53.15,53.21,3181468,0
XLF.US,5,20251112,153000,53.24,53.59,53.24,53.59,1187221,0
XLF.US,5,20251112,153500,53.59,53.75,53.59,53.75,1362103,0
XLF.US,5,20251112,154000,53.74,53.7999,53.73,53.735,1393127,0
XLF.US,5,20251112,154500,53.73,53.78,53.71,53.77,1661388,0
XLF.US,5,20251112,155000,53.77,53.84,53.75,53.835,811715,0
XLF.US,5,20251112,155500,53.835,53.885,53.81,53.88,818473,0
XLF.US,5,20251112,160000,53.87,53.8799,53.79,53.81,819213,0
XLF.US,5,20251112,160500,53.8099,53.84,53.75,53.77,1146164,0
XLF.US,5,20251112,161000,53.76,53.79,53.725,53.76,435096,0
XLF.US,5,20251112,161500,53.76,53.76,53.72,53.7552,267359,0
XLF.US,5,20251112,162000,53.75,53.775,53.6655,53.6754,428033,0
XLF.US,5,20251112,162500,53.68,53.725,53.6703,53.705,283365,0
XLF.US,5,20251112,163000,53.7,53.71,53.66,53.6758,490856,0
XLF.US,5,20251112,163500,53.675,53.74,53.665,53.735,755077,0
XLF.US,5,20251112,164000,53.735,53.78,53.715,53.725,901788,0
XLF.US,5,20251112,164500,53.725,53.8,53.725,53.78,321541,0
XLF.US,5,20251112,165000,53.78,53.8055,53.72,53.7298,401880,0
XLF.US,5,20251112,165500,53.725,53.76,53.7,53.76,435340,0
XLF.US,5,20251112,170000,53.765,53.79,53.72,53.725,656494,0
XLF.US,5,20251112,170500,53.725,53.74,53.685,53.69,308525,0
XLF.US,5,20251112,171000,53.685,53.685,53.63,53.6703,451738,0
XLF.US,5,20251112,171500,53.675,53.73,53.67,53.725,318350,0
XLF.US,5,20251112,172000,53.73,53.745,53.69,53.69,311948,0
XLF.US,5,20251112,172500,53.695,53.705,53.68,53.685,262841,0
XLF.US,5,20251112,173000,53.68,53.73,53.66,53.68,396746,0
XLF.US,5,20251112,173500,53.68,53.72,53.67,53.7,360381,0
XLF.US,5,20251112,174000,53.71,53.72,53.67,53.675,277957,0
XLF.US,5,20251112,174500,53.675,53.715,53.63,53.655,252435,0
XLF.US,5,20251112,175000,53.655,53.705,53.655,53.685,168544,0
XLF.US,5,20251112,175500,53.685,53.73,53.67,53.6832,699580,0
XLF.US,5,20251112,180000,53.69,53.7,53.675,53.685,566113,0
XLF.US,5,20251112,180500,53.685,53.75,53.685,53.725,241728,0
XLF.US,5,20251112,181000,53.725,53.73,53.6897,53.72,222555,0
XLF.US,5,20251112,181500,53.7199,53.74,53.6848,53.715,211753,0
XLF.US,5,20251112,182000,53.7199,53.78,53.7199,53.75,240292,0
XLF.US,5,20251112,182500,53.75,53.765,53.73,53.76,252324,0
XLF.US,5,20251112,183000,53.76,53.785,53.7501,53.775,308950,0
XLF.US,5,20251112,183500,53.77,53.83,53.77,53.825,233409,0
XLF.US,5,20251112,184000,53.83,53.8599,53.815,53.83,391508,0
XLF.US,5,20251112,184500,53.83,53.86,53.815,53.825,403673,0
XLF.US,5,20251112,185000,53.8265,53.83,53.8,53.825,258839,0
XLF.US,5,20251112,185500,53.825,53.835,53.805,53.805,326160,0
XLF.US,5,20251112,190000,53.805,53.82,53.79,53.79,174252,0
XLF.US,5,20251112,190500,53.79,53.82,53.77,53.775,434656,0
XLF.US,5,20251112,191000,53.78,53.805,53.7746,53.805,185631,0
XLF.US,5,20251112,191500,53.8063,53.815,53.77,53.7728,306489,0
XLF.US,5,20251112,192000,53.775,53.775,53.72,53.725,187026,0
XLF.US,5,20251112,192500,53.7261,53.74,53.6935,53.715,254640,0
XLF.US,5,20251112,193000,53.71,53.77,53.71,53.765,391087,0
XLF.US,5,20251112,193500,53.77,53.79,53.76,53.7897,395878,0
XLF.US,5,20251112,194000,53.79,53.795,53.76,53.77,232189,0
XLF.US,5,20251112,194500,53.767,53.7799,53.75,53.7597,242644,0
XLF.US,5,20251112,195000,53.755,53.77,53.74,53.75,126041,0
XLF.US,5,20251112,195500,53.745,53.7599,53.74,53.745,197944,0
XLF.US,5,20251112,200000,53.745,53.75,53.72,53.735,129300,0
XLF.US,5,20251112,200500,53.735,53.735,53.7,53.725,177836,0
XLF.US,5,20251112,201000,53.725,53.725,53.68,53.69,180930,0
XLF.US,5,20251112,201500,53.685,53.6964,53.6701,53.6964,269713,0
XLF.US,5,20251112,202000,53.7,53.705,53.68,53.695,185229,0
XLF.US,5,20251112,202500,53.6999,53.72,53.68,53.705,266786,0
XLF.US,5,20251112,203000,53.705,53.71,53.6843,53.699,246340,0
XLF.US,5,20251112,203500,53.69,53.73,53.69,53.715,315717,0
XLF.US,5,20251112,204000,53.715,53.7259,53.7,53.7028,281887,0
XLF.US,5,20251112,204500,53.705,53.72,53.67,53.675,221720,0
XLF.US,5,20251112,205000,53.67,53.675,53.6445,53.675,383099,0
XLF.US,5,20251112,205500,53.675,53.7,53.66,53.675,317144,0
XLF.US,5,20251112,210000,53.675,53.69,53.665,53.685,288733,0
XLF.US,5,20251112,210500,53.685,53.705,53.655,53.695,400963,0
XLF.US,5,20251112,211000,53.695,53.7356,53.68,53.725,1003445,0
XLF.US,5,20251112,211500,53.7234,53.75,53.72,53.745,1023988,0
XLF.US,5,20251112,212000,53.7465,53.76,53.73,53.7351,863774,0
XLF.US,5,20251112,212500,53.735,53.75,53.72,53.73,411147,0
XLF.US,5,20251112,213000,53.735,53.78,53.72,53.755,681834,0
XLF.US,5,20251112,213500,53.755,53.759,53.7201,53.75,570418,0
XLF.US,5,20251112,214000,53.745,53.78,53.7418,53.775,603593,0
XLF.US,5,20251112,214500,53.775,53.78,53.73,53.73,1273496,0
XLF.US,5,20251112,215000,53.74,53.76,53.71,53.75,1829129,0
XLF.US,5,20251112,215500,53.745,53.75,53.65,53.67,4809327,0
XLF.US,5,20251113,153000,53.57,53.75,53.535,53.67,906425,0
XLF.US,5,20251113,153500,53.68,53.76,53.65,53.695,650560,0
XLF.US,5,20251113,154000,53.69,53.71,53.605,53.625,1125463,0
XLF.US,5,20251113,154500,53.625,53.665,53.585,53.62,678633,0
XLF.US,5,20251113,155000,53.615,53.655,53.56,53.565,615766,0
XLF.US,5,20251113,155500,53.57,53.61,53.525,53.545,550567,0
XLF.US,5,20251113,160000,53.545,53.59,53.49,53.5,947113,0
XLF.US,5,20251113,160500,53.5,53.57,53.495,53.56,590670,0
XLF.US,5,20251113,161000,53.56,53.615,53.545,53.595,469795,0
XLF.US,5,20251113,161500,53.6,53.63,53.57,53.62,458889,0
XLF.US,5,20251113,162000,53.62,53.69,53.62,53.67,679777,0
XLF.US,5,20251113,162500,53.665,53.665,53.58,53.5897,474310,0
XLF.US,5,20251113,163000,53.59,53.605,53.545,53.56,443566,0
XLF.US,5,20251113,163500,53.56,53.595,53.515,53.53,790829,0
XLF.US,5,20251113,164000,53.53,53.539,53.4725,53.485,562986,0
XLF.US,5,20251113,164500,53.49,53.49,53.38,53.4007,632560,0
XLF.US,5,20251113,165000,53.405,53.42,53.355,53.36,535922,0
XLF.US,5,20251113,165500,53.37,53.425,53.35,53.419,529558,0
XLF.US,5,20251113,170000,53.41,53.46,53.4,53.405,408593,0
XLF.US,5,20251113,170500,53.41,53.435,53.37,53.435,393346,0
XLF.US,5,20251113,171000,53.43,53.45,53.375,53.4,295798,0
XLF.US,5,20251113,171500,53.4,53.42,53.351,53.365,470568,0
XLF.US,5,20251113,172000,53.37,53.41,53.35,53.355,402814,0
XLF.US,5,20251113,172500,53.36,53.36,53.32,53.3301,1162537,0
XLF.US,5,20251113,173000,53.33,53.385,53.305,53.385,711904,0
XLF.US,5,20251113,173500,53.38,53.4,53.275,53.285,779042,0
XLF.US,5,20251113,174000,53.29,53.3,53.195,53.22,893992,0
XLF.US,5,20251113,174500,53.21,53.245,53.175,53.235,410153,0
XLF.US,5,20251113,175000,53.24,53.265,53.215,53.2399,361442,0
XLF.US,5,20251113,175500,53.235,53.305,53.2,53.29,423290,0
XLF.US,5,20251113,180000,53.295,53.32,53.25,53.285,400737,0
XLF.US,5,20251113,180500,53.28,53.34,53.25,53.265,221013,0
XLF.US,5,20251113,181000,53.26,53.28,53.23,53.235,238041,0
XLF.US,5,20251113,181500,53.235,53.3,53.235,53.2758,231379,0
XLF.US,5,20251113,182000,53.275,53.33,53.265,53.31,281457,0
XLF.US,5,20251113,182500,53.31,53.32,53.27,53.3,232793,0
XLF.US,5,20251113,183000,53.305,53.37,53.305,53.345,339924,0
XLF.US,5,20251113,183500,53.345,53.36,53.285,53.36,277852,0
XLF.US,5,20251113,184000,53.36,53.365,53.285,53.3003,237509,0
XLF.US,5,20251113,184500,53.3,53.31,53.25,53.3,323933,0
XLF.US,5,20251113,185000,53.3025,53.34,53.26,53.32,236716,0
XLF.US,5,20251113,185500,53.32,53.32,53.265,53.29,215257,0
XLF.US,5,20251113,190000,53.2894,53.34,53.285,53.295,192799,0
XLF.US,5,20251113,190500,53.3,53.33,53.29,53.29,166062,0
XLF.US,5,20251113,191000,53.29,53.305,53.265,53.2901,289502,0
XLF.US,5,20251113,191500,53.295,53.295,53.2395,53.245,442791,0
XLF.US,5,20251113,192000,53.245,53.2957,53.24,53.265,432624,0
XLF.US,5,20251113,192500,53.265,53.275,53.225,53.265,461208,0
XLF.US,5,20251113,193000,53.26,53.29,53.22,53.245,505875,0
XLF.US,5,20251113,193500,53.25,53.255,53.17,53.18,632183,0
XLF.US,5,20251113,194000,53.18,53.1899,53.14,53.17,540099,0
XLF.US,5,20251113,194500,53.175,53.21,53.145,53.1988,399053,0
XLF.US,5,20251113,195000,53.2,53.2352,53.18,53.185,442196,0
XLF.US,5,20251113,195500,53.19,53.21,53.175,53.205,233354,0
XLF.US,5,20251113,200000,53.21,53.235,53.195,53.2,390639,0
XLF.US,5,20251113,200500,53.2,53.23,53.145,53.18,241714,0
XLF.US,5,20251113,201000,53.185,53.1875,53.145,53.16,251756,0
XLF.US,5,20251113,201500,53.16,53.2,53.15,53.165,262690,0
XLF.US,5,20251113,202000,53.165,53.225,53.145,53.2,276765,0
XLF.US,5,20251113,202500,53.195,53.235,53.195,53.235,312346,0
XLF.US,5,20251113,203000,53.235,53.2465,53.195,53.22,209903,0
XLF.US,5,20251113,203500,53.215,53.23,53.13,53.15,174042,0
XLF.US,5,20251113,204000,53.15,53.15,53.08,53.095,250465,0
XLF.US,5,20251113,204500,53.095,53.125,53.0701,53.085,269788,0
XLF.US,5,20251113,205000,53.09,53.125,53.035,53.035,341320,0
XLF.US,5,20251113,205500,53.03,53.05,52.97,53.035,426973,0
XLF.US,5,20251113,210000,53.035,53.05,52.975,52.985,721782,0
XLF.US,5,20251113,210500,52.99,53.045,52.965,53.03,457888,0
XLF.US,5,20251113,211000,53.03,53.04,52.98,53.005,404515,0
XLF.US,5,20251113,211500,53.01,53.04,52.96,52.965,359350,0
XLF.US,5,20251113,212000,52.97,52.99,52.92,52.955,877418,0
XLF.US,5,20251113,212500,52.955,52.96,52.9,52.96,755290,0
XLF.US,5,20251113,213000,52.96,52.9865,52.915,52.981,923664,0
XLF.US,5,20251113,213500,52.99,53.0499,52.975,53.035,768542,0
XLF.US,5,20251113,214000,53.04,53.06,52.97,52.98,901427,0
XLF.US,5,20251113,214500,52.985,52.9952,52.92,52.925,833262,0
XLF.US,5,20251113,215000,52.92,52.98,52.88,52.9264,2384093,0
XLF.US,5,20251113,215500,52.925,52.98,52.88,52.98,5907331,0
XLF.US,5,20251114,153000,52.78,52.78,52.34,52.375,2248023,0
XLF.US,5,20251114,153500,52.375,52.54,52.32,52.44,1533970,0
XLF.US,5,20251114,154000,52.44,52.49,52.37,52.46,1276082,0
XLF.US,5,20251114,154500,52.455,52.555,52.43,52.505,1078196,0
XLF.US,5,20251114,155000,52.505,52.52,52.39,52.42,662243,0
XLF.US,5,20251114,155500,52.43,52.4851,52.38,52.47,934758,0
XLF.US,5,20251114,160000,52.475,52.48,52.335,52.375,863609,0
XLF.US,5,20251114,160500,52.38,52.39,52.31,52.3535,729722,0
XLF.US,5,20251114,161000,52.3555,52.37,52.28,52.3,799230,0
XLF.US,5,20251114,161500,52.295,52.4,52.27,52.385,1065864,0
XLF.US,5,20251114,162000,52.385,52.5,52.38,52.4067,562597,0
XLF.US,5,20251114,162500,52.4,52.515,52.33,52.49,740811,0
XLF.US,5,20251114,163000,52.5,52.53,52.465,52.48,890800,0
XLF.US,5,20251114,163500,52.47,52.54,52.455,52.525,828857,0
XLF.US,5,20251114,164000,52.525,52.545,52.5,52.51,556723,0
XLF.US,5,20251114,164500,52.5,52.62,52.49,52.56,831789,0
XLF.US,5,20251114,165000,52.565,52.645,52.5464,52.63,351096,0
XLF.US,5,20251114,165500,52.635,52.635,52.56,52.585,396849,0
XLF.US,5,20251114,170000,52.585,52.61,52.52,52.535,320548,0
XLF.US,5,20251114,170500,52.53,52.5742,52.505,52.545,402277,0
XLF.US,5,20251114,171000,52.545,52.635,52.53,52.635,555851,0
XLF.US,5,20251114,171500,52.635,52.64,52.601,52.63,357368,0
XLF.US,5,20251114,172000,52.63,52.67,52.575,52.655,418185,0
XLF.US,5,20251114,172500,52.6555,52.715,52.65,52.705,262868,0
XLF.US,5,20251114,173000,52.705,52.705,52.64,52.67,344461,0
XLF.US,5,20251114,173500,52.665,52.745,52.665,52.74,211676,0
XLF.US,5,20251114,174000,52.74,52.765,52.67,52.68,398306,0
XLF.US,5,20251114,174500,52.685,52.69,52.635,52.675,295188,0
XLF.US,5,20251114,175000,52.68,52.72,52.68,52.7,202734,0
XLF.US,5,20251114,175500,52.705,52.7388,52.68,52.7335,166730,0
XLF.US,5,20251114,180000,52.735,52.76,52.705,52.7599,175480,0
XLF.US,5,20251114,180500,52.76,52.7678,52.72,52.745,213775,0
XLF.US,5,20251114,181000,52.745,52.78,52.72,52.7276,286856,0
XLF.US,5,20251114,181500,52.72,52.765,52.71,52.75,219937,0
XLF.US,5,20251114,182000,52.755,52.7715,52.75,52.755,168308,0
XLF.US,5,20251114,182500,52.755,52.76,52.7,52.76,238813,0
XLF.US,5,20251114,183000,52.75,52.75,52.69,52.735,272094,0
XLF.US,5,20251114,183500,52.735,52.81,52.7315,52.8,171911,0
XLF.US,5,20251114,184000,52.7995,52.7995,52.73,52.74,163157,0
XLF.US,5,20251114,184500,52.75,52.775,52.68,52.681,92390,0
XLF.US,5,20251114,185000,52.69,52.71,52.635,52.7014,226152,0
XLF.US,5,20251114,185500,52.71,52.74,52.685,52.71,125748,0
XLF.US,5,20251114,190000,52.71,52.71,52.59,52.61,219948,0
XLF.US,5,20251114,190500,52.61,52.665,52.595,52.66,215300,0
XLF.US,5,20251114,191000,52.66,52.7299,52.635,52.725733,271359,0
XLF.US,5,20251114,191500,52.72,52.73,52.631,52.635,174588,0
XLF.US,5,20251114,192000,52.635,52.635,52.585,52.611,188754,0
XLF.US,5,20251114,192500,52.62,52.66,52.585,52.655,166631,0
XLF.US,5,20251114,193000,52.65,52.7,52.645,52.675,180787,0
XLF.US,5,20251114,193500,52.68,52.68,52.6,52.615,238922,0
XLF.US,5,20251114,194000,52.615,52.617,52.5501,52.5501,352738,0
XLF.US,5,20251114,194500,52.56,52.575,52.535,52.545,203997,0
XLF.US,5,20251114,195000,52.55,52.66,52.545,52.65,221069,0
XLF.US,5,20251114,195500,52.65,52.67,52.63,52.64,223628,0
XLF.US,5,20251114,200000,52.64,52.67,52.625,52.635,312092,0
XLF.US,5,20251114,200500,52.64,52.645,52.595,52.63,150440,0
XLF.US,5,20251114,201000,52.63,52.67,52.625,52.67,231774,0
XLF.US,5,20251114,201500,52.68,52.7,52.655,52.675,279868,0
XLF.US,5,20251114,202000,52.68,52.74,52.675,52.725,202767,0
XLF.US,5,20251114,202500,52.72,52.7231,52.67,52.705,188492,0
XLF.US,5,20251114,203000,52.71,52.73,52.68,52.685,334175,0
XLF.US,5,20251114,203500,52.681,52.72,52.67,52.7,261676,0
XLF.US,5,20251114,204000,52.705,52.71,52.67,52.7,151840,0
XLF.US,5,20251114,204500,52.7,52.74,52.675,52.68,178295,0
XLF.US,5,20251114,205000,52.69,52.72,52.68,52.7,251042,0
XLF.US,5,20251114,205500,52.705,52.73,52.673746,52.7169,266851,0
XLF.US,5,20251114,210000,52.72,52.73,52.7,52.715,455560,0
XLF.US,5,20251114,210500,52.71,52.715,52.61,52.63,431259,0
XLF.US,5,20251114,211000,52.625,52.65,52.5942,52.605,330944,0
XLF.US,5,20251114,211500,52.61,52.62,52.55,52.555,513316,0
XLF.US,5,20251114,212000,52.56,52.57,52.48,52.515,674057,0
XLF.US,5,20251114,212500,52.51,52.5378,52.5,52.511,441209,0
XLF.US,5,20251114,213000,52.515,52.52,52.48,52.505,576916,0
XLF.US,5,20251114,213500,52.505,52.53,52.47,52.49,919003,0
XLF.US,5,20251114,214000,52.49,52.4906,52.4349,52.4701,789522,0
XLF.US,5,20251114,214500,52.4708,52.505,52.41,52.42,1839945,0
XLF.US,5,20251114,215000,52.42,52.5,52.42,52.495,1791320,0
XLF.US,5,20251114,215500,52.5,52.5,52.42,52.47,5192635,0
XLF.US,5,20251117,153000,52.47,52.49,52.27,52.425,891747,0
XLF.US,5,20251117,153500,52.42,52.44,52.38,52.41,1042197,0
XLF.US,5,20251117,154000,52.4035,52.41,52.29,52.3,841579,0
XLF.US,5,20251117,154500,52.29,52.39,52.27,52.27,484861,0
XLF.US,5,20251117,155000,52.275,52.35,52.2545,52.35,420985,0
XLF.US,5,20251117,155500,52.345,52.35,52.275,52.285,789276,0
XLF.US,5,20251117,160000,52.29,52.4056,52.28,52.35,743677,0
XLF.US,5,20251117,160500,52.35,52.385,52.305,52.335,478817,0
XLF.US,5,20251117,161000,52.34,52.4,52.335,52.385,447226,0
XLF.US,5,20251117,161500,52.38,52.4307,52.33,52.335,377072,0
XLF.US,5,20251117,162000,52.335,52.39,52.3041,52.355,535195,0
XLF.US,5,20251117,162500,52.36,52.375,52.31,52.375,314972,0
XLF.US,5,20251117,163000,52.37,52.375,52.25,52.27,514104,0
XLF.US,5,20251117,163500,52.28,52.2942,52.225,52.23,497945,0
XLF.US,5,20251117,164000,52.23,52.29,52.19,52.29,515736,0
XLF.US,5,20251117,164500,52.29,52.335,52.26,52.275,458169,0
XLF.US,5,20251117,165000,52.28,52.315,52.26,52.3,433847,0
XLF.US,5,20251117,165500,52.3,52.3358,52.275,52.28,357761,0
XLF.US,5,20251117,170000,52.275,52.28,52.21,52.235,501005,0
XLF.US,5,20251117,170500,52.23,52.2355,52.075,52.095,473118,0
XLF.US,5,20251117,171000,52.0957,52.12,52.02,52.0342,389425,0
XLF.US,5,20251117,171500,52.03,52.03,51.94,51.95,1708338,0
XLF.US,5,20251117,172000,51.95,52.015,51.94,51.995,442872,0
XLF.US,5,20251117,172500,51.99,52.145,51.99,52.13,1155345,0
XLF.US,5,20251117,173000,52.13,52.18,52.12,52.12,392975,0
XLF.US,5,20251117,173500,52.13,52.15,52.105,52.125,265231,0
XLF.US,5,20251117,174000,52.125,52.18,52.12,52.125,529744,0
XLF.US,5,20251117,174500,52.125,52.15,52.115,52.145,266678,0
XLF.US,5,20251117,175000,52.15,52.19,52.1407,52.165,259340,0
XLF.US,5,20251117,175500,52.165,52.195,52.13,52.195,225648,0
XLF.US,5,20251117,180000,52.1928,52.2151,52.16,52.17,244432,0
XLF.US,5,20251117,180500,52.17,52.18,52.1321,52.175,196330,0
XLF.US,5,20251117,181000,52.175,52.21,52.15,52.195,420035,0
XLF.US,5,20251117,181500,52.1998,52.225,52.155,52.19,310298,0
XLF.US,5,20251117,182000,52.195,52.2258,52.185,52.205,237564,0
XLF.US,5,20251117,182500,52.205,52.23,52.1752,52.23,333665,0
XLF.US,5,20251117,183000,52.23,52.25,52.19,52.225,171540,0
XLF.US,5,20251117,183500,52.225,52.24,52.16,52.175,181793,0
XLF.US,5,20251117,184000,52.17,52.1867,52.125,52.135,418162,0
XLF.US,5,20251117,184500,52.14,52.15,52.085,52.14,387867,0
XLF.US,5,20251117,185000,52.14,52.145,52.055,52.06,234477,0
XLF.US,5,20251117,185500,52.06,52.08,52.03,52.03,216399,0
XLF.US,5,20251117,190000,52.035,52.04,51.95,51.96,281915,0
XLF.US,5,20251117,190500,51.96,51.9955,51.92,51.935,283177,0
XLF.US,5,20251117,191000,51.935,52,51.925,51.975,342516,0
XLF.US,5,20251117,191500,51.975,51.98,51.935,51.945,212180,0
XLF.US,5,20251117,192000,51.945,51.97,51.92,51.925,251647,0
XLF.US,5,20251117,192500,51.93,51.9493,51.905,51.935,335933,0
XLF.US,5,20251117,193000,51.935,51.935,51.875,51.9033,306188,0
XLF.US,5,20251117,193500,51.905,51.92,51.87,51.885,191022,0
XLF.US,5,20251117,194000,51.885,51.9,51.86,51.9,577787,0
XLF.US,5,20251117,194500,51.9,51.97,51.9,51.93,209098,0
XLF.US,5,20251117,195000,51.935,51.975,51.885,51.895,247806,0
XLF.US,5,20251117,195500,51.885,51.89,51.78,51.78,453656,0
XLF.US,5,20251117,200000,51.775,51.79,51.7,51.745,617657,0
XLF.US,5,20251117,200500,51.74,51.75,51.7,51.715,505320,0
XLF.US,5,20251117,201000,51.71,51.725,51.65,51.655,480097,0
XLF.US,5,20251117,201500,51.66,51.695,51.63,51.64,481438,0
XLF.US,5,20251117,202000,51.645,51.6485,51.5933,51.6352,574626,0
XLF.US,5,20251117,202500,51.63,51.64,51.58,51.635,562713,0
XLF.US,5,20251117,203000,51.635,51.635,51.53,51.545,504566,0
XLF.US,5,20251117,203500,51.545,51.57,51.47,51.475,610269,0
XLF.US,5,20251117,204000,51.47,51.51,51.45,51.495,1286978,0
XLF.US,5,20251117,204500,51.495,51.4955,51.42,51.445,667241,0
XLF.US,5,20251117,205000,51.4435,51.455,51.385,51.4084,673828,0
XLF.US,5,20251117,205500,51.4035,51.41,51.32,51.325,628453,0
XLF.US,5,20251117,210000,51.325,51.33,51.2523,51.29,1335590,0
XLF.US,5,20251117,210500,51.29,51.345,51.28,51.31,1089309,0
XLF.US,5,20251117,211000,51.315,51.355,51.2901,51.295,927815,0
XLF.US,5,20251117,211500,51.3,51.39,51.28,51.34,1288220,0
XLF.US,5,20251117,212000,51.34,51.39,51.325,51.36,1362422,0
XLF.US,5,20251117,212500,51.36,51.425,51.3548,51.415,1143697,0
XLF.US,5,20251117,213000,51.42,51.445,51.36,51.375,1423822,0
XLF.US,5,20251117,213500,51.375,51.435,51.375,51.375,1383636,0
XLF.US,5,20251117,214000,51.375,51.435,51.33,51.435,4162941,0
XLF.US,5,20251117,214500,51.43,51.52,51.42,51.4625,2836904,0
XLF.US,5,20251117,215000,51.47,51.49,51.405,51.44,3765345,0
XLF.US,5,20251117,215500,51.44,51.47,51.4001,51.45,7529859,0
XLF.US,5,20251118,153000,51.27,51.4,51.145,51.345,1588192,0
XLF.US,5,20251118,153500,51.345,51.47,51.34,51.46,1309567,0
XLF.US,5,20251118,154000,51.46,51.54,51.42,51.5,1072153,0
XLF.US,5,20251118,154500,51.5,51.58,51.4032,51.44,873438,0
XLF.US,5,20251118,155000,51.44,51.46,51.31,51.385,958046,0
XLF.US,5,20251118,155500,51.38,51.42,51.29,51.325,755768,0
XLF.US,5,20251118,160000,51.325,51.37,51.17,51.175,1046862,0
XLF.US,5,20251118,160500,51.175,51.2389,51.145,51.2145,1016665,0
XLF.US,5,20251118,161000,51.21,51.305,51.1945,51.245,820433,0
XLF.US,5,20251118,161500,51.245,51.245,51.165,51.2,748032,0
XLF.US,5,20251118,162000,51.2,51.3199,51.185,51.255,782188,0
XLF.US,5,20251118,162500,51.255,51.31,51.17,51.185,1025523,0
XLF.US,5,20251118,163000,51.185,51.29,51.17,51.18,1053331,0
XLF.US,5,20251118,163500,51.19,51.235,51.15,51.23,773374,0
XLF.US,5,20251118,164000,51.23,51.27,51.175,51.25,1073796,0
XLF.US,5,20251118,164500,51.25,51.255,51.2,51.23,923070,0
XLF.US,5,20251118,165000,51.22,51.275,51.185,51.25,767308,0
XLF.US,5,20251118,165500,51.25,51.3075,51.22,51.225,460252,0
XLF.US,5,20251118,170000,51.225,51.27,51.18,51.235,1208783,0
XLF.US,5,20251118,170500,51.24,51.31,51.185,51.305,741098,0
XLF.US,5,20251118,171000,51.305,51.365,51.305,51.325,658643,0
XLF.US,5,20251118,171500,51.32,51.35,51.28,51.335,557334,0
XLF.US,5,20251118,172000,51.335,51.41,51.33,51.4,581661,0
XLF.US,5,20251118,172500,51.405,51.495,51.405,51.475,916234,0
XLF.US,5,20251118,173000,51.48,51.5,51.435,51.455,946702,0
XLF.US,5,20251118,173500,51.455,51.515,51.43,51.44,772022,0
XLF.US,5,20251118,174000,51.44,51.495,51.4183,51.465,580215,0
XLF.US,5,20251118,174500,51.465,51.49,51.405,51.47,1225708,0
XLF.US,5,20251118,175000,51.475,51.49,51.3937,51.415,377008,0
XLF.US,5,20251118,175500,51.4199,51.47,51.385,51.405,319646,0
XLF.US,5,20251118,180000,51.4,51.415,51.36,51.3799,411922,0
XLF.US,5,20251118,180500,51.37,51.385,51.31,51.34,307993,0
XLF.US,5,20251118,181000,51.335,51.37,51.3,51.3,344090,0
XLF.US,5,20251118,181500,51.305,51.36,51.305,51.3451,388373,0
XLF.US,5,20251118,182000,51.35,51.38,51.2941,51.2948,2617269,0
XLF.US,5,20251118,182500,51.295,51.32,51.22,51.225,417382,0
XLF.US,5,20251118,183000,51.225,51.285,51.195,51.28,464158,0
XLF.US,5,20251118,183500,51.285,51.445,51.275,51.445,517716,0
XLF.US,5,20251118,184000,51.45,51.545,51.45,51.53,1052670,0
XLF.US,5,20251118,184500,51.53,51.58,51.475,51.58,794567,0
XLF.US,5,20251118,185000,51.58,51.625,51.535,51.615,618364,0
XLF.US,5,20251118,185500,51.615,51.675,51.6,51.63,1094162,0
XLF.US,5,20251118,190000,51.64,51.6751,51.63,51.665,581380,0
XLF.US,5,20251118,190500,51.665,51.7069,51.6515,51.675,409387,0
XLF.US,5,20251118,191000,51.68,51.72,51.64,51.655,411231,0
XLF.US,5,20251118,191500,51.655,51.67,51.61,51.65,440046,0
XLF.US,5,20251118,192000,51.65,51.655,51.59,51.635,520700,0
XLF.US,5,20251118,192500,51.635,51.655,51.595,51.595,401951,0
XLF.US,5,20251118,193000,51.595,51.665,51.595,51.645,551069,0
XLF.US,5,20251118,193500,51.65,51.6825,51.57,51.6799,270526,0
XLF.US,5,20251118,194000,51.68,51.7471,51.63,51.675,764705,0
XLF.US,5,20251118,194500,51.675,51.7,51.63,51.68,634230,0
XLF.US,5,20251118,195000,51.685,51.6955,51.66,51.665,313138,0
XLF.US,5,20251118,195500,51.665,51.665,51.545,51.555,795966,0
XLF.US,5,20251118,200000,51.56,51.635,51.535,51.5443,697477,0
XLF.US,5,20251118,200500,51.545,51.575,51.53,51.565,412891,0
XLF.US,5,20251118,201000,51.57,51.595,51.53,51.585,414935,0
XLF.US,5,20251118,201500,51.58,51.6058,51.52,51.605,385743,0
XLF.US,5,20251118,202000,51.6055,51.62,51.51,51.5364,266193,0
XLF.US,5,20251118,202500,51.54,51.5777,51.5,51.5264,269816,0
XLF.US,5,20251118,203000,51.53,51.55,51.5,51.52,310199,0
XLF.US,5,20251118,203500,51.52,51.635,51.51,51.6284,602662,0
XLF.US,5,20251118,204000,51.625,51.645,51.525,51.545,552894,0
XLF.US,5,20251118,204500,51.545,51.645,51.54,51.585,386353,0
XLF.US,5,20251118,205000,51.5866,51.59,51.54,51.545,650997,0
XLF.US,5,20251118,205500,51.545,51.62,51.525,51.62,400515,0
XLF.US,5,20251118,210000,51.62,51.675,51.605,51.615,471496,0
XLF.US,5,20251118,210500,51.62,51.62,51.56,51.575,500681,0
XLF.US,5,20251118,211000,51.575,51.59,51.55,51.575,571341,0
XLF.US,5,20251118,211500,51.575,51.585,51.54,51.545,598790,0
XLF.US,5,20251118,212000,51.545,51.615,51.545,51.555,532933,0
XLF.US,5,20251118,212500,51.555,51.555,51.4701,51.515,565575,0
XLF.US,5,20251118,213000,51.515,51.54,51.47,51.475,836328,0
XLF.US,5,20251118,213500,51.475,51.55,51.4702,51.545,1363591,0
XLF.US,5,20251118,214000,51.545,51.545,51.45,51.455,861951,0
XLF.US,5,20251118,214500,51.455,51.47,51.38,51.385,1123824,0
XLF.US,5,20251118,215000,51.39,51.495,51.385,51.43,2003194,0
XLF.US,5,20251118,215500,51.43,51.46,51.34,51.36,3512214,0
XLF.US,5,20251119,153000,51.38,51.575,51.34,51.55,1051158,0
XLF.US,5,20251119,153500,51.55,51.57,51.465,51.52,700382,0
XLF.US,5,20251119,154000,51.51,51.525,51.435,51.435,444051,0
XLF.US,5,20251119,154500,51.43,51.495,51.41,51.44,468121,0
XLF.US,5,20251119,155000,51.445,51.47,51.375,51.41,359945,0
XLF.US,5,20251119,155500,51.4,51.495,51.365,51.48,362864,0
XLF.US,5,20251119,160000,51.485,51.525,51.46,51.525,496872,0
XLF.US,5,20251119,160500,51.53,51.565,51.505,51.555,306503,0
XLF.US,5,20251119,161000,51.55,51.59,51.53,51.55,266130,0
XLF.US,5,20251119,161500,51.55,51.595,51.51,51.51,343990,0
XLF.US,5,20251119,162000,51.5,51.535,51.46,51.464053,447222,0
XLF.US,5,20251119,162500,51.4658,51.4658,51.39,51.425,433018,0
XLF.US,5,20251119,163000,51.425,51.49,51.425,51.48,342356,0
XLF.US,5,20251119,163500,51.485,51.4956,51.41,51.425,406894,0
XLF.US,5,20251119,164000,51.425,51.425,51.3629,51.4,230457,0
XLF.US,5,20251119,164500,51.405,51.4068,51.35,51.365,244970,0
XLF.US,5,20251119,165000,51.365,51.37,51.315,51.37,333855,0
XLF.US,5,20251119,165500,51.365,51.365,51.25,51.265,486912,0
XLF.US,5,20251119,170000,51.265,51.3299,51.265,51.3,492770,0
XLF.US,5,20251119,170500,51.3,51.32,51.26,51.3018,424015,0
XLF.US,5,20251119,171000,51.31,51.35,51.305,51.345,413033,0
XLF.US,5,20251119,171500,51.345,51.365,51.305,51.335,499560,0
XLF.US,5,20251119,172000,51.335,51.37,51.261,51.27,765773,0
XLF.US,5,20251119,172500,51.265,51.32,51.255,51.3,505381,0
XLF.US,5,20251119,173000,51.29,51.325,51.27,51.28,347559,0
XLF.US,5,20251119,173500,51.2796,51.28,51.21,51.235,382925,0
XLF.US,5,20251119,174000,51.235,51.2965,51.2049,51.285,410371,0
XLF.US,5,20251119,174500,51.285,51.32,51.255,51.2801,585367,0
XLF.US,5,20251119,175000,51.29,51.31,51.25,51.3,374682,0
XLF.US,5,20251119,175500,51.295,51.35,51.275,51.35,349358,0
XLF.US,5,20251119,180000,51.35,51.4151,51.34,51.34,494670,0
XLF.US,5,20251119,180500,51.34,51.355,51.295,51.325,428489,0
XLF.US,5,20251119,181000,51.325,51.345,51.281,51.315,326772,0
XLF.US,5,20251119,181500,51.31,51.3551,51.3,51.315,334051,0
XLF.US,5,20251119,182000,51.315,51.33,51.275,51.3003,455556,0
XLF.US,5,20251119,182500,51.305,51.355,51.295,51.345,339648,0
XLF.US,5,20251119,183000,51.345,51.375,51.3,51.31,340556,0
XLF.US,5,20251119,183500,51.31,51.315,51.225,51.2432,423804,0
XLF.US,5,20251119,184000,51.24,51.41,51.2201,51.375,602246,0
XLF.US,5,20251119,184500,51.38,51.38,51.305,51.325,328139,0
XLF.US,5,20251119,185000,51.325,51.42,51.315,51.4,674988,0
XLF.US,5,20251119,185500,51.4,51.45,51.385,51.39,651874,0
XLF.US,5,20251119,190000,51.39,51.44,51.38,51.435,166315,0
XLF.US,5,20251119,190500,51.44,51.4499,51.405,51.42,192026,0
XLF.US,5,20251119,191000,51.43,51.4665,51.415,51.455,212925,0
XLF.US,5,20251119,191500,51.45,51.46,51.405,51.435,175832,0
XLF.US,5,20251119,192000,51.435,51.5251,51.435,51.49,170219,0
XLF.US,5,20251119,192500,51.49,51.505,51.42,51.425,230921,0
XLF.US,5,20251119,193000,51.42,51.4599,51.415,51.4482,164986,0
XLF.US,5,20251119,193500,51.45,51.54,51.4415,51.5,857596,0
XLF.US,5,20251119,194000,51.5,51.5075,51.4,51.42,300788,0
XLF.US,5,20251119,194500,51.42,51.42,51.36,51.37,229878,0
XLF.US,5,20251119,195000,51.38,51.475,51.38,51.475,180945,0
XLF.US,5,20251119,195500,51.47,51.505,51.46,51.4703,430927,0
XLF.US,5,20251119,200000,51.47,51.49,51.43,51.4541,476324,0
XLF.US,5,20251119,200500,51.45,51.48,51.42,51.42,196086,0
XLF.US,5,20251119,201000,51.42,51.42,51.3594,51.385,168098,0
XLF.US,5,20251119,201500,51.385,51.4,51.3081,51.315,261266,0
XLF.US,5,20251119,202000,51.31,51.34,51.2942,51.315,210510,0
XLF.US,5,20251119,202500,51.31,51.31,51.19,51.225,342831,0
XLF.US,5,20251119,203000,51.225,51.265,51.21,51.253422,361096,0
XLF.US,5,20251119,203500,51.25,51.27,51.23,51.245,281192,0
XLF.US,5,20251119,204000,51.2403,51.27,51.23,51.245,225129,0
XLF.US,5,20251119,204500,51.25,51.27,51.22,51.26,281688,0
XLF.US,5,20251119,205000,51.27,51.36,51.2672,51.345,374155,0
XLF.US,5,20251119,205500,51.35,51.39,51.33,51.355,350679,0
XLF.US,5,20251119,210000,51.355,51.395,51.35,51.3806,459365,0
XLF.US,5,20251119,210500,51.385,51.41,51.37,51.39,440861,0
XLF.US,5,20251119,211000,51.39,51.43,51.38,51.415,546714,0
XLF.US,5,20251119,211500,51.415,51.54,51.4145,51.535,893564,0
XLF.US,5,20251119,212000,51.535,51.56,51.4745,51.515,1004730,0
XLF.US,5,20251119,212500,51.515,51.54,51.49,51.525,661628,0
XLF.US,5,20251119,213000,51.525,51.55,51.49,51.54,629631,0
XLF.US,5,20251119,213500,51.5435,51.64,51.5435,51.59,943705,0
XLF.US,5,20251119,214000,51.59,51.61,51.54,51.585,1068747,0
XLF.US,5,20251119,214500,51.585,51.59,51.5046,51.505,1084133,0
XLF.US,5,20251119,215000,51.505,51.64,51.5,51.605,1567726,0
XLF.US,5,20251119,215500,51.6075,51.645,51.56,51.57,8206006,0
XLF.US,5,20251120,153000,52.03,52.36,51.965,52.28,3689046,0
XLF.US,5,20251120,153500,52.28,52.385,52.22,52.31,1756788,0
XLF.US,5,20251120,154000,52.315,52.345,52.25,52.25,856779,0
XLF.US,5,20251120,154500,52.255,52.29,52.23,52.25,760569,0
XLF.US,5,20251120,155000,52.25,52.25,52.1,52.12,847490,0
XLF.US,5,20251120,155500,52.12,52.185,52.06,52.175,639454,0
XLF.US,5,20251120,160000,52.18,52.26,52.18,52.24,725982,0
XLF.US,5,20251120,160500,52.24,52.25,52.1103,52.12,621364,0
XLF.US,5,20251120,161000,52.124,52.199,52.12,52.13,630272,0
XLF.US,5,20251120,161500,52.13,52.215,52.114,52.21,471166,0
XLF.US,5,20251120,162000,52.21,52.2971,52.205,52.285,507170,0
XLF.US,5,20251120,162500,52.285,52.295,52.23,52.255,342537,0
XLF.US,5,20251120,163000,52.26,52.2761,52.19,52.1922,579909,0
XLF.US,5,20251120,163500,52.195,52.265,52.19,52.2501,378231,0
XLF.US,5,20251120,164000,52.255,52.26,52.205,52.23,478087,0
XLF.US,5,20251120,164500,52.24,52.265,52.205,52.23,378147,0
XLF.US,5,20251120,165000,52.22,52.25,52.175,52.175,294082,0
XLF.US,5,20251120,165500,52.175,52.19,52.13,52.13,418213,0
XLF.US,5,20251120,170000,52.13,52.17,52.11,52.135,611774,0
XLF.US,5,20251120,170500,52.14,52.21,52.12,52.12,604512,0
XLF.US,5,20251120,171000,52.12,52.15,52.06,52.065,579794,0
XLF.US,5,20251120,171500,52.06,52.09,51.965,51.98,744837,0
XLF.US,5,20251120,172000,51.98,52.01,51.915,51.915,1127089,0
XLF.US,5,20251120,172500,51.92,52.02,51.89,51.93,920713,0
XLF.US,5,20251120,173000,51.93,51.95,51.875,51.89,784850,0
XLF.US,5,20251120,173500,51.89,51.895,51.75,51.82,1013744,0
XLF.US,5,20251120,174000,51.82,51.83,51.73,51.74,854703,0
XLF.US,5,20251120,174500,51.74,51.76,51.69,51.72,904945,0
XLF.US,5,20251120,175000,51.73,51.8155,51.69,51.69,616421,0
XLF.US,5,20251120,175500,51.69,51.71,51.415,51.415,938129,0
XLF.US,5,20251120,180000,51.415,51.6,51.405,51.55,1109055,0
XLF.US,5,20251120,180500,51.55,51.59,51.425,51.465,1178520,0
XLF.US,5,20251120,181000,51.465,51.48,51.33,51.45,1533854,0
XLF.US,5,20251120,181500,51.45,51.47,51.295,51.325,1048264,0
XLF.US,5,20251120,182000,51.325,51.405,51.275,51.365,1351686,0
XLF.US,5,20251120,182500,51.36,51.43,51.3,51.38,1228358,0
XLF.US,5,20251120,183000,51.375,51.43,51.285,51.3,1342837,0
XLF.US,5,20251120,183500,51.3,51.375,51.18,51.36,1024265,0
XLF.US,5,20251120,184000,51.35,51.41,51.21,51.21,766534,0
XLF.US,5,20251120,184500,51.215,51.26,51.18,51.21,800728,0
XLF.US,5,20251120,185000,51.21,51.305,51.2,51.255,879991,0
XLF.US,5,20251120,185500,51.25,51.345,51.23,51.31,769044,0
XLF.US,5,20251120,190000,51.31,51.42,51.28,51.395,1511915,0
XLF.US,5,20251120,190500,51.4,51.51,51.385,51.505,782131,0
XLF.US,5,20251120,191000,51.51,51.65,51.47,51.65,864902,0
XLF.US,5,20251120,191500,51.65,51.67,51.52,51.57,483145,0
XLF.US,5,20251120,192000,51.57,51.595,51.455,51.46,625138,0
XLF.US,5,20251120,192500,51.46,51.51,51.4256,51.485,475651,0
XLF.US,5,20251120,193000,51.48,51.515,51.4143,51.46,893066,0
XLF.US,5,20251120,193500,51.47,51.47,51.36,51.365,705283,0
XLF.US,5,20251120,194000,51.37,51.385,51.315,51.33,457120,0
XLF.US,5,20251120,194500,51.32,51.325,51.24,51.2515,416630,0
XLF.US,5,20251120,195000,51.25,51.255,51.165,51.185,525784,0
XLF.US,5,20251120,195500,51.185,51.3,51.17,51.255,742539,0
XLF.US,5,20251120,200000,51.255,51.33,51.245,51.26,458788,0
XLF.US,5,20251120,200500,51.27,51.35,51.24,51.335,449368,0
XLF.US,5,20251120,201000,51.34,51.37,51.31,51.345,439924,0
XLF.US,5,20251120,201500,51.345,51.405,51.3117,51.34,490572,0
XLF.US,5,20251120,202000,51.34,51.425,51.34,51.345,386995,0
XLF.US,5,20251120,202500,51.34,51.475,51.34,51.435,511616,0
XLF.US,5,20251120,203000,51.435,51.44,51.365,51.41,502593,0
XLF.US,5,20251120,203500,51.405,51.44,51.36,51.37,279689,0
XLF.US,5,20251120,204000,51.37,51.445,51.325,51.44,360341,0
XLF.US,5,20251120,204500,51.435,51.445,51.35,51.36,313338,0
XLF.US,5,20251120,205000,51.365,51.43,51.345,51.4,313301,0
XLF.US,5,20251120,205500,51.41,51.53,51.41,51.525,503486,0
XLF.US,5,20251120,210000,51.52,51.52,51.44,51.465,664580,0
XLF.US,5,20251120,210500,51.46,51.5,51.4301,51.4544,534301,0
XLF.US,5,20251120,211000,51.45,51.48,51.415,51.445,709779,0
XLF.US,5,20251120,211500,51.445,51.515,51.4318,51.485,627655,0
XLF.US,5,20251120,212000,51.48,51.53,51.4429,51.445,586563,0
XLF.US,5,20251120,212500,51.445,51.4551,51.41,51.425,815934,0
XLF.US,5,20251120,213000,51.425,51.46,51.335,51.335,764237,0
XLF.US,5,20251120,213500,51.33,51.335,51.28,51.29,812542,0
XLF.US,5,20251120,214000,51.29,51.32,51.23,51.24,979706,0
XLF.US,5,20251120,214500,51.235,51.265,51.165,51.17,1082601,0
XLF.US,5,20251120,215000,51.17,51.2807,51.17,51.215,2192011,0
XLF.US,5,20251120,215500,51.215,51.27,51.08,51.12,3997502,0
XLF.US,5,20251121,153000,51.47,51.53,51.375,51.475,1881351,0
XLF.US,5,20251121,153500,51.47,51.515,51.4,51.42,1140585,0
XLF.US,5,20251121,154000,51.415,51.425,51.195,51.2,1248021,0
XLF.US,5,20251121,154500,51.21,51.29,51.135,51.2,1880794,0
XLF.US,5,20251121,155000,51.205,51.285,51.16,51.235,1414506,0
XLF.US,5,20251121,155500,51.235,51.34,51.205,51.3,609946,0
XLF.US,5,20251121,160000,51.3,51.405,51.235,51.24,1120709,0
XLF.US,5,20251121,160500,51.245,51.3399,51.23,51.27,1031182,0
XLF.US,5,20251121,161000,51.27,51.31,51.22,51.29,832611,0
XLF.US,5,20251121,161500,51.3,51.35,51.2351,51.32,1588548,0
XLF.US,5,20251121,162000,51.3245,51.34,51.16,51.34,1713421,0
XLF.US,5,20251121,162500,51.345,51.39,51.245,51.27,1856950,0
XLF.US,5,20251121,163000,51.28,51.38,51.26,51.29,906590,0
XLF.US,5,20251121,163500,51.3,51.3,51.15,51.205,956537,0
XLF.US,5,20251121,164000,51.21,51.36,51.195,51.34,972430,0
XLF.US,5,20251121,164500,51.345,51.415,51.325,51.3757,878388,0
XLF.US,5,20251121,165000,51.37,51.42,51.305,51.41,773044,0
XLF.US,5,20251121,165500,51.4001,51.44,51.275,51.295,819420,0
XLF.US,5,20251121,170000,51.29,51.315,51.16,51.185,726670,0
XLF.US,5,20251121,170500,51.18,51.235,51.145,51.225,742249,0
XLF.US,5,20251121,171000,51.225,51.305,51.21,51.29,1921232,0
XLF.US,5,20251121,171500,51.29,51.335,51.23,51.255,821954,0
XLF.US,5,20251121,172000,51.255,51.415,51.255,51.4,777333,0
XLF.US,5,20251121,172500,51.395,51.45,51.38,51.45,460022,0
XLF.US,5,20251121,173000,51.455,51.4851,51.41,51.4551,727113,0
XLF.US,5,20251121,173500,51.46,51.6,51.44,51.58,472919,0
XLF.US,5,20251121,174000,51.58,51.62,51.565,51.59,644215,0
XLF.US,5,20251121,174500,51.585,51.655,51.56,51.653784,516187,0
XLF.US,5,20251121,175000,51.66,51.775,51.645,51.745,410021,0
XLF.US,5,20251121,175500,51.74,51.83,51.715,51.83,567677,0
XLF.US,5,20251121,180000,51.83,51.835,51.74,51.805,760639,0
XLF.US,5,20251121,180500,51.805,51.9,51.8,51.89,510219,0
XLF.US,5,20251121,181000,51.885,51.9,51.8401,51.86,431439,0
XLF.US,5,20251121,181500,51.865,51.89,51.815,51.83,541056,0
XLF.US,5,20251121,182000,51.83,51.86,51.775,51.845,636284,0
XLF.US,5,20251121,182500,51.85,51.85,51.74,51.81,1156340,0
XLF.US,5,20251121,183000,51.805,51.83,51.755,51.765,629541,0
XLF.US,5,20251121,183500,51.765,51.83,51.75,51.785,1426418,0
XLF.US,5,20251121,184000,51.79,51.87,51.7745,51.8365,1335964,0
XLF.US,5,20251121,184500,51.84,51.88,51.8,51.868,281657,0
XLF.US,5,20251121,185000,51.8699,51.8699,51.7401,51.804,267706,0
XLF.US,5,20251121,185500,51.81,51.8599,51.77,51.83,210614,0
XLF.US,5,20251121,190000,51.825,51.855,51.7431,51.7431,404637,0
XLF.US,5,20251121,190500,51.75,51.755,51.69,51.695,586801,0
XLF.US,5,20251121,191000,51.6949,51.6949,51.6205,51.6479,264449,0
XLF.US,5,20251121,191500,51.64,51.64,51.5948,51.605,242225,0
XLF.US,5,20251121,192000,51.61,51.67,51.6,51.655,319438,0
XLF.US,5,20251121,192500,51.655,51.695,51.625,51.685,383311,0
XLF.US,5,20251121,193000,51.68,51.78,51.66,51.75,426243,0
XLF.US,5,20251121,193500,51.75,51.855,51.745,51.83,271059,0
XLF.US,5,20251121,194000,51.83,51.8399,51.795,51.815,211408,0
XLF.US,5,20251121,194500,51.815,51.94,51.78,51.89,1005115,0
XLF.US,5,20251121,195000,51.89,51.965,51.86,51.875,585620,0
XLF.US,5,20251121,195500,51.87,51.89,51.79,51.82,359812,0
XLF.US,5,20251121,200000,51.82,51.865,51.795,51.835,527917,0
XLF.US,5,20251121,200500,51.835,51.9,51.83,51.86,346684,0
XLF.US,5,20251121,201000,51.87,51.879,51.825,51.855,296161,0
XLF.US,5,20251121,201500,51.85,51.89,51.83,51.87,257949,0
XLF.US,5,20251121,202000,51.87,51.9,51.85,51.855,214107,0
XLF.US,5,20251121,202500,51.855,51.88,51.845,51.855,482454,0
XLF.US,5,20251121,203000,51.855,51.88,51.785,51.81,425249,0
XLF.US,5,20251121,203500,51.81,51.935,51.805,51.915,325833,0
XLF.US,5,20251121,204000,51.92,51.9251,51.785,51.805,374204,0
XLF.US,5,20251121,204500,51.805,51.84,51.785,51.825,407170,0
XLF.US,5,20251121,205000,51.83,51.858,51.73,51.785,414391,0
XLF.US,5,20251121,205500,51.79,51.825,51.77,51.805,413847,0
XLF.US,5,20251121,210000,51.8,51.84,51.8,51.8101,432264,0
XLF.US,5,20251121,210500,51.815,51.825,51.76,51.785,523269,0
XLF.US,5,20251121,211000,51.785,51.795,51.74,51.755,605064,0
XLF.US,5,20251121,211500,51.75,51.77,51.725,51.735,880629,0
XLF.US,5,20251121,212000,51.73,51.7552,51.66,51.685,997923,0
XLF.US,5,20251121,212500,51.68,51.6967,51.6,51.605,445639,0
XLF.US,5,20251121,213000,51.605,51.665,51.585,51.655,872379,0
XLF.US,5,20251121,213500,51.655,51.725,51.655,51.71,772430,0
XLF.US,5,20251121,214000,51.71,51.72,51.645,51.678,748268,0
XLF.US,5,20251121,214500,51.675,51.7768,51.66,51.73,748689,0
XLF.US,5,20251121,215000,51.73,51.77,51.68,51.685,2128852,0
XLF.US,5,20251121,215500,51.69,51.7175,51.64,51.67,4890816,0
XLF.US,5,20251124,153000,51.735,51.795,51.635,51.699,1310204,0
XLF.US,5,20251124,153500,51.7,51.72,51.53,51.55,860371,0
XLF.US,5,20251124,154000,51.55,51.575,51.425,51.43,736388,0
XLF.US,5,20251124,154500,51.435,51.535,51.365,51.365,822842,0
XLF.US,5,20251124,155000,51.365,51.54,51.325,51.495,906853,0
XLF.US,5,20251124,155500,51.49,51.69,51.465,51.69,589567,0
XLF.US,5,20251124,160000,51.69,51.765,51.69,51.765,615621,0
XLF.US,5,20251124,160500,51.765,51.77,51.69,51.755,416667,0
XLF.US,5,20251124,161000,51.755,51.79,51.685,51.78,936779,0
XLF.US,5,20251124,161500,51.78,51.795,51.735,51.735,484513,0
XLF.US,5,20251124,162000,51.735,51.775,51.68,51.69,460914,0
XLF.US,5,20251124,162500,51.69,51.735,51.64,51.71,379678,0
XLF.US,5,20251124,163000,51.71,51.755,51.68,51.71,412696,0
XLF.US,5,20251124,163500,51.71,51.7375,51.69,51.725,306217,0
XLF.US,5,20251124,164000,51.725,51.7899,51.7,51.7803,332742,0
XLF.US,5,20251124,164500,51.785,51.87,51.785,51.855,220099,0
XLF.US,5,20251124,165000,51.86,51.87,51.835,51.855,273463,0
XLF.US,5,20251124,165500,51.855,51.86,51.82,51.82,573140,0
XLF.US,5,20251124,170000,51.825,51.89,51.815,51.88,328535,0
XLF.US,5,20251124,170500,51.88,51.88,51.8441,51.8441,292128,0
XLF.US,5,20251124,171000,51.8419,51.8419,51.76,51.765,734583,0
XLF.US,5,20251124,171500,51.77,51.78,51.745,51.75,269690,0
XLF.US,5,20251124,172000,51.7542,51.76,51.72,51.735,333819,0
XLF.US,5,20251124,172500,51.735,51.8,51.705,51.745,761598,0
XLF.US,5,20251124,173000,51.75,51.755,51.685,51.725,467211,0
XLF.US,5,20251124,173500,51.72,51.749,51.71,51.725,386451,0
XLF.US,5,20251124,174000,51.73,51.77,51.705,51.755,389996,0
XLF.US,5,20251124,174500,51.755,51.77,51.745,51.755,307017,0
XLF.US,5,20251124,175000,51.755,51.765,51.715,51.745,419058,0
XLF.US,5,20251124,175500,51.745,51.745,51.66,51.6725,359927,0
XLF.US,5,20251124,180000,51.68,51.715,51.635,51.65,292694,0
XLF.US,5,20251124,180500,51.65,51.68,51.61,51.655,395939,0
XLF.US,5,20251124,181000,51.655,51.67,51.635,51.665,319802,0
XLF.US,5,20251124,181500,51.665,51.7,51.64,51.695,274721,0
XLF.US,5,20251124,182000,51.695,51.72,51.675,51.675,350531,0
XLF.US,5,20251124,182500,51.675,51.705,51.655,51.7,1175032,0
XLF.US,5,20251124,183000,51.7,51.73,51.675,51.675,293709,0
XLF.US,5,20251124,183500,51.675,51.715,51.67,51.705,322435,0
XLF.US,5,20251124,184000,51.71,51.75,51.705,51.75,335569,0
XLF.US,5,20251124,184500,51.75,51.816,51.75,51.805,346826,0
XLF.US,5,20251124,185000,51.81,51.83,51.79,51.83,140268,0
XLF.US,5,20251124,185500,51.82,51.835,51.78,51.82,107598,0
XLF.US,5,20251124,190000,51.82,51.865,51.82,51.86,311292,0
XLF.US,5,20251124,190500,51.865,51.865,51.84,51.8495,275853,0
XLF.US,5,20251124,191000,51.845,51.8958,51.845,51.89,230452,0
XLF.US,5,20251124,191500,51.89,51.9,51.865,51.879,165234,0
XLF.US,5,20251124,192000,51.875,51.9,51.87,51.8925,344250,0
XLF.US,5,20251124,192500,51.89,51.9,51.8544,51.855,389801,0
XLF.US,5,20251124,193000,51.8515,51.87,51.82,51.84,224102,0
XLF.US,5,20251124,193500,51.8348,51.87,51.825,51.865,160619,0
XLF.US,5,20251124,194000,51.865,51.8999,51.85,51.8999,196079,0
XLF.US,5,20251124,194500,51.895,51.915,51.875,51.9035,118829,0
XLF.US,5,20251124,195000,51.905,51.925,51.885,51.925,128918,0
XLF.US,5,20251124,195500,51.93,51.935,51.915,51.92,118264,0
XLF.US,5,20251124,200000,51.92,51.9452,51.9144,51.94,154758,0
XLF.US,5,20251124,200500,51.9399,51.95,51.915,51.915,101011,0
XLF.US,5,20251124,201000,51.9162,51.92,51.88,51.885,84346,0
XLF.US,5,20251124,201500,51.885,51.89,51.85,51.8745,393931,0
XLF.US,5,20251124,202000,51.88,51.885,51.84,51.85,452460,0
XLF.US,5,20251124,202500,51.85,51.87,51.84,51.855,213622,0
XLF.US,5,20251124,203000,51.8599,51.86,51.8201,51.829,227436,0
XLF.US,5,20251124,203500,51.82,51.8485,51.8,51.845,407221,0
XLF.US,5,20251124,204000,51.84,51.86,51.828,51.835,223809,0
XLF.US,5,20251124,204500,51.83,51.8467,51.82,51.83,96981,0
XLF.US,5,20251124,205000,51.825,51.85,51.81,51.84,243112,0
XLF.US,5,20251124,205500,51.84,51.86,51.82,51.8242,224889,0
XLF.US,5,20251124,210000,51.825,51.8958,51.82,51.895,208333,0
XLF.US,5,20251124,210500,51.895,51.895,51.86,51.885,235658,0
XLF.US,5,20251124,211000,51.885,51.925,51.87,51.915,336538,0
XLF.US,5,20251124,211500,51.915,51.935,51.895,51.895,295219,0
XLF.US,5,20251124,212000,51.89,51.895,51.86,51.875,257156,0
XLF.US,5,20251124,212500,51.875,51.8982,51.84,51.8982,214339,0
XLF.US,5,20251124,213000,51.89,51.965,51.874,51.965,373633,0
XLF.US,5,20251124,213500,51.965,51.965,51.925,51.9264,617972,0
XLF.US,5,20251124,214000,51.925,51.93,51.88,51.91,366187,0
XLF.US,5,20251124,214500,51.915,51.94,51.83,51.835,679243,0
XLF.US,5,20251124,215000,51.84,51.93,51.835,51.925,2004612,0
XLF.US,5,20251124,215500,51.925,51.97,51.87,51.89,5722330,0
XLF.US,5,20251125,153000,52.11,52.4,52.04,52.33,1260098,0
XLF.US,5,20251125,153500,52.325,52.36,52.29,52.34,1135429,0
XLF.US,5,20251125,154000,52.345,52.36,52.19,52.19,1104647,0
XLF.US,5,20251125,154500,52.18,52.19,51.91,51.94,817320,0
XLF.US,5,20251125,155000,51.935,52.065,51.9117,52.03,932085,0
XLF.US,5,20251125,155500,52.04,52.15,52.005,52.14,716102,0
XLF.US,5,20251125,160000,52.13,52.185,52.05,52.085,958079,0
XLF.US,5,20251125,160500,52.08,52.24,52.065,52.235,658944,0
XLF.US,5,20251125,161000,52.24,52.27,52.105,52.11,1094540,0
XLF.US,5,20251125,161500,52.11,52.135,52.07,52.09,713360,0
XLF.US,5,20251125,162000,52.085,52.095,51.995,52.095,697870,0
XLF.US,5,20251125,162500,52.09,52.2,52.085,52.19,556468,0
XLF.US,5,20251125,163000,52.19,52.32,52.17,52.315,992030,0
XLF.US,5,20251125,163500,52.31,52.315,52.27,52.285,416212,0
XLF.US,5,20251125,164000,52.29,52.37,52.275,52.3599,456675,0
XLF.US,5,20251125,164500,52.36,52.4,52.34,52.355,368591,0
XLF.US,5,20251125,165000,52.355,52.355,52.285,52.2899,489223,0
XLF.US,5,20251125,165500,52.28,52.31,52.19,52.305,427002,0
XLF.US,5,20251125,170000,52.31,52.32,52.275,52.31,694536,0
XLF.US,5,20251125,170500,52.31,52.335,52.275,52.295,569644,0
XLF.US,5,20251125,171000,52.295,52.32,52.265,52.265,522107,0
XLF.US,5,20251125,171500,52.26,52.3,52.24,52.295,719895,0
XLF.US,5,20251125,172000,52.3,52.34,52.28,52.29,589792,0
XLF.US,5,20251125,172500,52.285,52.31,52.2639,52.3,538029,0
XLF.US,5,20251125,173000,52.305,52.37,52.305,52.37,450754,0
XLF.US,5,20251125,173500,52.369,52.375,52.335,52.35,563510,0
XLF.US,5,20251125,174000,52.36,52.41,52.3522,52.375,628998,0
XLF.US,5,20251125,174500,52.375,52.42,52.34,52.419,224253,0
XLF.US,5,20251125,175000,52.42,52.44,52.4,52.415,334242,0
XLF.US,5,20251125,175500,52.415,52.44,52.39,52.404,255024,0
XLF.US,5,20251125,180000,52.41,52.44,52.41,52.415,848859,0
XLF.US,5,20251125,180500,52.415,52.45,52.415,52.45,457634,0
XLF.US,5,20251125,181000,52.445,52.455,52.43,52.43,414140,0
XLF.US,5,20251125,181500,52.435,52.47,52.425,52.455,279016,0
XLF.US,5,20251125,182000,52.46,52.485,52.445,52.485,328260,0
XLF.US,5,20251125,182500,52.485,52.49,52.455,52.475,371341,0
XLF.US,5,20251125,183000,52.475,52.51,52.474,52.5099,474485,0
XLF.US,5,20251125,183500,52.505,52.51,52.48,52.48,492068,0
XLF.US,5,20251125,184000,52.485,52.51,52.4645,52.47,364033,0
XLF.US,5,20251125,184500,52.48,52.495,52.445,52.465,246101,0
XLF.US,5,20251125,185000,52.46,52.4777,52.445,52.445,302479,0
XLF.US,5,20251125,185500,52.445,52.48,52.44,52.465,267869,0
XLF.US,5,20251125,190000,52.47,52.4999,52.46,52.47,219071,0
XLF.US,5,20251125,190500,52.465,52.48,52.4401,52.48,261839,0
XLF.US,5,20251125,191000,52.485,52.4956,52.46,52.48,243916,0
XLF.US,5,20251125,191500,52.4701,52.49,52.455,52.4899,459474,0
XLF.US,5,20251125,192000,52.4882,52.52,52.4742,52.515,435558,0
XLF.US,5,20251125,192500,52.515,52.5299,52.495,52.515,140699,0
XLF.US,5,20251125,193000,52.519,52.55,52.505,52.535,63056,0
XLF.US,5,20251125,193500,52.535,52.54,52.4845,52.5,169441,0
XLF.US,5,20251125,194000,52.5,52.51,52.48,52.5,113642,0
XLF.US,5,20251125,194500,52.499,52.52,52.495,52.515,131440,0
XLF.US,5,20251125,195000,52.515,52.52,52.485,52.5101,184499,0
XLF.US,5,20251125,195500,52.515,52.515,52.485,52.5,118649,0
XLF.US,5,20251125,200000,52.495,52.51,52.48,52.5,473595,0
XLF.US,5,20251125,200500,52.505,52.5483,52.495,52.539,351408,0
XLF.US,5,20251125,201000,52.535,52.55,52.52,52.55,335930,0
XLF.US,5,20251125,201500,52.545,52.56,52.525,52.555,350651,0
XLF.US,5,20251125,202000,52.55,52.559,52.52,52.555,183985,0
XLF.US,5,20251125,202500,52.555,52.565,52.53,52.555,288106,0
XLF.US,5,20251125,203000,52.555,52.585,52.555,52.585,192921,0
XLF.US,5,20251125,203500,52.56,52.56,52.53,52.535,203028,0
XLF.US,5,20251125,204000,52.52,52.55,52.515,52.545,122519,0
XLF.US,5,20251125,204500,52.55,52.58,52.54,52.575,149092,0
XLF.US,5,20251125,205000,52.575,52.62,52.5722,52.595,241652,0
XLF.US,5,20251125,205500,52.5947,52.615,52.58,52.595,228498,0
XLF.US,5,20251125,210000,52.595,52.62,52.595,52.62,149430,0
XLF.US,5,20251125,210500,52.625,52.6483,52.61,52.6299,230501,0
XLF.US,5,20251125,211000,52.625,52.64,52.6,52.635,333692,0
XLF.US,5,20251125,211500,52.635,52.66,52.63,52.655,340033,0
XLF.US,5,20251125,212000,52.6501,52.66,52.64,52.64,368602,0
XLF.US,5,20251125,212500,52.645,52.645,52.59,52.595,393849,0
XLF.US,5,20251125,213000,52.59,52.63,52.57,52.6237,858640,0
XLF.US,5,20251125,213500,52.63,52.65,52.61,52.645,976680,0
XLF.US,5,20251125,214000,52.645,52.659,52.6,52.61,888852,0
XLF.US,5,20251125,214500,52.605,52.655,52.595,52.61,986102,0
XLF.US,5,20251125,215000,52.615,52.64,52.59,52.605,1775514,0
XLF.US,5,20251125,215500,52.605,52.61,52.52,52.54,5530315,0
XLF.US,5,20251126,153000,52.67,52.73,52.6,52.72,1488691,0
XLF.US,5,20251126,153500,52.72,52.84,52.71,52.835,569380,0
XLF.US,5,20251126,154000,52.835,52.9,52.835,52.87,556315,0
XLF.US,5,20251126,154500,52.865,52.935,52.83,52.92,477014,0
XLF.US,5,20251126,155000,52.92,52.93,52.79,52.8041,315318,0
XLF.US,5,20251126,155500,52.8,52.83,52.78,52.8,464923,0
XLF.US,5,20251126,160000,52.8,52.85,52.78,52.815,751310,0
XLF.US,5,20251126,160500,52.815,52.8953,52.805,52.875,322444,0
XLF.US,5,20251126,161000,52.875,52.9,52.83,52.845,360515,0
XLF.US,5,20251126,161500,52.845,52.89,52.7939,52.88,395070,0
XLF.US,5,20251126,162000,52.88,52.91,52.8501,52.8501,272378,0
XLF.US,5,20251126,162500,52.85,52.9,52.845,52.875,436932,0
XLF.US,5,20251126,163000,52.875,52.9299,52.875,52.925,246122,0
XLF.US,5,20251126,163500,52.925,52.9399,52.9143,52.925,427624,0
XLF.US,5,20251126,164000,52.925,52.93,52.89,52.9,334396,0
XLF.US,5,20251126,164500,52.9,52.905,52.88,52.9,80206,0
XLF.US,5,20251126,165000,52.8945,52.935,52.89,52.925,279454,0
XLF.US,5,20251126,165500,52.93,52.98,52.92,52.975,233716,0
XLF.US,5,20251126,170000,52.98,53.02,52.98,53.005,254894,0
XLF.US,5,20251126,170500,53.005,53.02,52.995,52.995,217883,0
XLF.US,5,20251126,171000,52.995,53.03,52.99,53.02,235409,0
XLF.US,5,20251126,171500,53.02,53.0375,52.991,53.015,312462,0
XLF.US,5,20251126,172000,53.01,53.04,53.01,53.03,272706,0
XLF.US,5,20251126,172500,53.035,53.035,52.965,52.98,538826,0
XLF.US,5,20251126,173000,52.985,52.995,52.965,52.995,299120,0
XLF.US,5,20251126,173500,52.9958,53.015,52.965,52.99,207613,0
XLF.US,5,20251126,174000,52.995,53.04,52.99,53.03,316677,0
XLF.US,5,20251126,174500,53.04,53.05,53.02,53.03,420804,0
XLF.US,5,20251126,175000,53.0201,53.05,53.01,53.035,284055,0
XLF.US,5,20251126,175500,53.035,53.065,53.0346,53.0442,300623,0
XLF.US,5,20251126,180000,53.05,53.0863,53.04,53.07,429984,0
XLF.US,5,20251126,180500,53.07,53.08,53.0442,53.045,627387,0
XLF.US,5,20251126,181000,53.045,53.08,53.03,53.03,351086,0
XLF.US,5,20251126,181500,53.03,53.035,52.9901,52.995,235559,0
XLF.US,5,20251126,182000,52.995,53.04,52.995,53.02,413082,0
XLF.US,5,20251126,182500,53.015,53.035,53.01,53.03,226058,0
XLF.US,5,20251126,183000,53.03,53.095,53.03,53.095,207543,0
XLF.US,5,20251126,183500,53.095,53.1066,53.041,53.085,373428,0
XLF.US,5,20251126,184000,53.09,53.1,53.065,53.09,183207,0
XLF.US,5,20251126,184500,53.09,53.105,53.0801,53.085,250107,0
XLF.US,5,20251126,185000,53.085,53.115,53.08,53.095,388817,0
XLF.US,5,20251126,185500,53.09,53.11,53.0703,53.095,221310,0
XLF.US,5,20251126,190000,53.0917,53.1399,53.085,53.12,238520,0
XLF.US,5,20251126,190500,53.12,53.12,53,53,521909,0
XLF.US,5,20251126,191000,53,53.095,53,53.09,933404,0
XLF.US,5,20251126,191500,53.095,53.0999,53.045,53.0457,169104,0
XLF.US,5,20251126,192000,53.05,53.0863,53.02,53.065,201206,0
XLF.US,5,20251126,192500,53.07,53.09,53.055,53.061,79221,0
XLF.US,5,20251126,193000,53.06,53.06,53.035,53.035,164143,0
XLF.US,5,20251126,193500,53.03,53.038,53,53.015,174564,0
XLF.US,5,20251126,194000,53.01,53.04,52.9851,52.99,195395,0
XLF.US,5,20251126,194500,52.99,53.058835,52.9799,53.058835,216383,0
XLF.US,5,20251126,195000,53.055,53.065,53.03,53.045,76270,0
XLF.US,5,20251126,195500,53.04,53.065,53.015,53.055,112265,0
XLF.US,5,20251126,200000,53.055,53.1,53.05,53.065,297374,0
XLF.US,5,20251126,200500,53.065,53.075,53.05,53.065,138953,0
XLF.US,5,20251126,201000,53.0635,53.09,53.04,53.07,298122,0
XLF.US,5,20251126,201500,53.0636,53.12,53.0636,53.115,145163,0
XLF.US,5,20251126,202000,53.115,53.13,53.105,53.124,109832,0
XLF.US,5,20251126,202500,53.1267,53.135,53.12,53.13,99721,0
XLF.US,5,20251126,203000,53.123,53.14,53.12,53.135,173302,0
XLF.US,5,20251126,203500,53.13,53.14,53.1,53.105,608832,0
XLF.US,5,20251126,204000,53.105,53.14,53.09,53.115,643801,0
XLF.US,5,20251126,204500,53.115,53.13,53.1,53.101,164735,0
XLF.US,5,20251126,205000,53.1,53.125,53.095,53.11,199216,0
XLF.US,5,20251126,205500,53.115,53.115,53.08,53.085,169032,0
XLF.US,5,20251126,210000,53.085,53.105,53.075,53.095,133347,0
XLF.US,5,20251126,210500,53.095,53.095,53.065,53.09,231576,0
XLF.US,5,20251126,211000,53.09,53.1299,53.09,53.1139,171139,0
XLF.US,5,20251126,211500,53.115,53.1456,53.11,53.115,212366,0
XLF.US,5,20251126,212000,53.12,53.14,53.11,53.115,186720,0
XLF.US,5,20251126,212500,53.115,53.1299,53.1,53.115,292586,0
XLF.US,5,20251126,213000,53.12,53.14,53.1,53.12,274555,0
XLF.US,5,20251126,213500,53.125,53.15,53.12,53.135,283989,0
XLF.US,5,20251126,214000,53.135,53.15,53.12,53.1301,651463,0
XLF.US,5,20251126,214500,53.13,53.14,53.06,53.065,697829,0
XLF.US,5,20251126,215000,53.06,53.1,53.02,53.04,1700330,0
XLF.US,5,20251126,215500,53.04,53.0475,52.93,52.95,4193830,0
XLF.US,5,20251128,153000,53.1,53.15,53.03,53.085,378742,0
XLF.US,5,20251128,153500,53.085,53.135,53.06,53.115,289183,0
XLF.US,5,20251128,154000,53.12,53.2379,53.11,53.23,299170,0
XLF.US,5,20251128,154500,53.235,53.24,53.18,53.2101,249714,0
XLF.US,5,20251128,155000,53.215,53.2351,53.2,53.2001,175515,0
XLF.US,5,20251128,155500,53.205,53.25,53.18,53.25,187720,0
XLF.US,5,20251128,160000,53.25,53.3,53.245,53.295,251350,0
XLF.US,5,20251128,160500,53.295,53.355,53.295,53.345,283388,0
XLF.US,5,20251128,161000,53.345,53.38,53.3347,53.355,112959,0
XLF.US,5,20251128,161500,53.355,53.399,53.35,53.39,152360,0
XLF.US,5,20251128,162000,53.395,53.4299,53.3945,53.395,98392,0
XLF.US,5,20251128,162500,53.395,53.42,53.38,53.41,151533,0
XLF.US,5,20251128,163000,53.41,53.465,53.41,53.445,327549,0
XLF.US,5,20251128,163500,53.45,53.475,53.44,53.465,211329,0
XLF.US,5,20251128,164000,53.465,53.465,53.44,53.46,99689,0
XLF.US,5,20251128,164500,53.455,53.48,53.45,53.475,218851,0
XLF.US,5,20251128,165000,53.475,53.48,53.45,53.46,252808,0
XLF.US,5,20251128,165500,53.45,53.49,53.445,53.465,218256,0
XLF.US,5,20251128,170000,53.465,53.485,53.455,53.47,283635,0
XLF.US,5,20251128,170500,53.47,53.48,53.4301,53.445,225073,0
XLF.US,5,20251128,171000,53.4499,53.48,53.44,53.475,186482,0
XLF.US,5,20251128,171500,53.48,53.5,53.47,53.495,245468,0
XLF.US,5,20251128,172000,53.495,53.51,53.46,53.4744,630984,0
XLF.US,5,20251128,172500,53.475,53.485,53.455,53.485,669743,0
XLF.US,5,20251128,173000,53.48,53.52,53.465,53.515,207342,0
XLF.US,5,20251128,173500,53.515,53.539,53.5,53.505,332398,0
XLF.US,5,20251128,174000,53.51,53.535,53.5,53.52,901218,0
XLF.US,5,20251128,174500,53.525,53.55,53.52,53.535,244526,0
XLF.US,5,20251128,175000,53.5399,53.5399,53.5045,53.5091,162609,0
XLF.US,5,20251128,175500,53.505,53.5199,53.465,53.4758,234584,0
XLF.US,5,20251128,180000,53.475,53.505,53.45,53.505,228640,0
XLF.US,5,20251128,180500,53.51,53.51,53.495,53.505,82457,0
XLF.US,5,20251128,181000,53.5,53.5052,53.475,53.48,164327,0
XLF.US,5,20251128,181500,53.48,53.485,53.445,53.45,192420,0
XLF.US,5,20251128,182000,53.44,53.4499,53.395,53.395,275789,0
XLF.US,5,20251128,182500,53.395,53.41,53.36,53.375,318257,0
XLF.US,5,20251128,183000,53.375,53.4,53.36,53.3961,354987,0
XLF.US,5,20251128,183500,53.395,53.405,53.36,53.36,577511,0
XLF.US,5,20251128,184000,53.365,53.3699,53.3301,53.345,529766,0
XLF.US,5,20251128,184500,53.345,53.355,53.29,53.3003,438019,0
XLF.US,5,20251128,185000,53.305,53.325,53.27,53.27,924194,0
XLF.US,5,20251128,185500,53.275,53.355,53.265,53.3,2117181,0
XLF.US,5,20251128,190000,53.31,53.33,53.3,53.33,428569,0
XLF.US,5,20251201,153000,53.07,53.13,52.98,53.01,837933,0
XLF.US,5,20251201,153500,53.01,53.13,53,53.12,601783,0
XLF.US,5,20251201,154000,53.12,53.205,53.12,53.185,320900,0
XLF.US,5,20251201,154500,53.19,53.27,53.165,53.26,334109,0
XLF.US,5,20251201,155000,53.26,53.355,53.26,53.34,587986,0
XLF.US,5,20251201,155500,53.335,53.4,53.335,53.37,473325,0
XLF.US,5,20251201,160000,53.37,53.39,53.294006,53.305,428696,0
XLF.US,5,20251201,160500,53.305,53.305,53.255,53.255,641574,0
XLF.US,5,20251201,161000,53.255,53.255,53.215,53.235,273383,0
XLF.US,5,20251201,161500,53.235,53.2399,53.17,53.17,283586,0
XLF.US,5,20251201,162000,53.175,53.18,53.0901,53.0901,287340,0
XLF.US,5,20251201,162500,53.1,53.11,53.015,53.015,489819,0
XLF.US,5,20251201,163000,53.02,53.04,52.97,52.975,307701,0
XLF.US,5,20251201,163500,52.97,53.03,52.967,53.025,483477,0
XLF.US,5,20251201,164000,53.03,53.09,53.025,53.05,397195,0
XLF.US,5,20251201,164500,53.06,53.095,53.055,53.065,272827,0
XLF.US,5,20251201,165000,53.07,53.185,53.055,53.175,365949,0
XLF.US,5,20251201,165500,53.175,53.195,53.16,53.18,300476,0
XLF.US,5,20251201,170000,53.185,53.22,53.175,53.2103,239915,0
XLF.US,5,20251201,170500,53.215,53.225,53.14,53.18,306131,0
XLF.US,5,20251201,171000,53.18,53.205,53.15,53.18,244202,0
XLF.US,5,20251201,171500,53.18,53.18,53.15,53.17,249774,0
XLF.US,5,20251201,172000,53.17,53.205,53.155,53.165,255362,0
XLF.US,5,20251201,172500,53.17,53.18,53.15,53.1601,229577,0
XLF.US,5,20251201,173000,53.17,53.195,53.1623,53.1844,160542,0
XLF.US,5,20251201,173500,53.185,53.205,53.17,53.2,203695,0
XLF.US,5,20251201,174000,53.2,53.265,53.19,53.245,596374,0
XLF.US,5,20251201,174500,53.245,53.255,53.22,53.225,197937,0
XLF.US,5,20251201,175000,53.225,53.227,53.19,53.2001,188953,0
XLF.US,5,20251201,175500,53.2,53.21,53.185,53.205,251558,0
XLF.US,5,20251201,180000,53.205,53.2175,53.175,53.19,238635,0
XLF.US,5,20251201,180500,53.19,53.225,53.19,53.2,209384,0
XLF.US,5,20251201,181000,53.205,53.215,53.1601,53.165,328160,0
XLF.US,5,20251201,181500,53.165,53.1651,53.125,53.15,179062,0
XLF.US,5,20251201,182000,53.16,53.176,53.145,53.165,194827,0
XLF.US,5,20251201,182500,53.165,53.2,53.155,53.197,231157,0
XLF.US,5,20251201,183000,53.2,53.205,53.17,53.175,143265,0
XLF.US,5,20251201,183500,53.175,53.1899,53.15,53.1545,194620,0
XLF.US,5,20251201,184000,53.16,53.205,53.1599,53.205,214982,0
XLF.US,5,20251201,184500,53.2045,53.215,53.18,53.185,252431,0
XLF.US,5,20251201,185000,53.18,53.19,53.155,53.17,98786,0
XLF.US,5,20251201,185500,53.175,53.2,53.15,53.185,85107,0
XLF.US,5,20251201,190000,53.18,53.21,53.18,53.1982,858631,0
XLF.US,5,20251201,190500,53.2,53.21,53.185,53.21,157969,0
XLF.US,5,20251201,191000,53.205,53.236,53.2,53.23,313711,0
XLF.US,5,20251201,191500,53.23,53.245,53.2101,53.235,150433,0
XLF.US,5,20251201,192000,53.235,53.2499,53.215,53.225,151350,0
XLF.US,5,20251201,192500,53.23,53.235,53.21,53.21,122314,0
XLF.US,5,20251201,193000,53.215,53.245,53.215,53.2301,174305,0
XLF.US,5,20251201,193500,53.2336,53.245,53.21,53.21,187420,0
XLF.US,5,20251201,194000,53.215,53.225,53.2,53.22,139094,0
XLF.US,5,20251201,194500,53.2299,53.2399,53.2124,53.215,226212,0
XLF.US,5,20251201,195000,53.22,53.239,53.2101,53.215,234647,0
XLF.US,5,20251201,195500,53.22,53.23,53.205,53.215,153178,0
XLF.US,5,20251201,200000,53.21,53.21,53.15,53.18,188339,0
XLF.US,5,20251201,200500,53.17,53.175,53.145,53.16,212794,0
XLF.US,5,20251201,201000,53.155,53.1599,53.115,53.1442,220748,0
XLF.US,5,20251201,201500,53.14,53.14,53.08,53.1,130005,0
XLF.US,5,20251201,202000,53.1,53.11,53.04,53.055,304591,0
XLF.US,5,20251201,202500,53.05,53.0562,53,53.015,384778,0
XLF.US,5,20251201,203000,53.01,53.02,52.98,53.005,264886,0
XLF.US,5,20251201,203500,53.01,53.06,53.01,53.035,188473,0
XLF.US,5,20251201,204000,53.04,53.05,52.99,52.995,174556,0
XLF.US,5,20251201,204500,53,53.005,52.97,52.975,143623,0
XLF.US,5,20251201,205000,52.975,53.005,52.965,53,231769,0
XLF.US,5,20251201,205500,53,53.005,52.975,52.995,151702,0
XLF.US,5,20251201,210000,52.99,53.01,52.985,53,197953,0
XLF.US,5,20251201,210500,53,53.015,52.9844,52.995,305131,0
XLF.US,5,20251201,211000,52.995,53.0265,52.985,53.015,199116,0
XLF.US,5,20251201,211500,53.01,53.035,52.98,52.98,284039,0
XLF.US,5,20251201,212000,52.98,52.995,52.96,52.97,311938,0
XLF.US,5,20251201,212500,52.97,53.005,52.9609,53.0001,142592,0
XLF.US,5,20251201,213000,53.005,53.01,52.95,52.975,383916,0
XLF.US,5,20251201,213500,52.975,52.99,52.96,52.975,459286,0
XLF.US,5,20251201,214000,52.975,52.985,52.94,52.975,588512,0
XLF.US,5,20251201,214500,52.975,52.985,52.91,52.915,757539,0
XLF.US,5,20251201,215000,52.92,52.95,52.9,52.915,1199623,0
XLF.US,5,20251201,215500,52.915,52.925,52.84,52.89,2303421,0
XLF.US,5,20251202,153000,52.99,52.99,52.83,52.84,60979,0
XLF.US,5,20251202,153500,52.845,52.885,52.8,52.8,150636,0
XLF.US,5,20251202,160500,52.81,52.835,52.81,52.8225,45098,0
XLF.US,5,20251202,161000,52.825,52.845,52.79,52.8435,261537,0
XLF.US,5,20251202,161500,52.845,52.95,52.845,52.945,180776,0
XLF.US,5,20251202,162000,52.9435,52.9435,52.915,52.935,328912,0
XLF.US,5,20251202,162500,52.93,52.93,52.815,52.845,362298,0
XLF.US,5,20251202,163000,52.85,52.88,52.83,52.855,365728,0
XLF.US,5,20251202,163500,52.85,52.915,52.84,52.875,244956,0
XLF.US,5,20251202,164000,52.875,52.995,52.875,52.975,250048,0
XLF.US,5,20251202,164500,52.98,53.03,52.96,53.02,308780,0
XLF.US,5,20251202,165000,53.03,53.045,52.99,53.015,246300,0
XLF.US,5,20251202,165500,53.02,53.075,53.02,53.07,203019,0
XLF.US,5,20251202,170000,53.075,53.09,53.05,53.09,542152,0
XLF.US,5,20251202,170500,53.08,53.14,53.075,53.115,446158,0
XLF.US,5,20251202,171000,53.11,53.13,53.065,53.095,320507,0
XLF.US,5,20251202,171500,53.09,53.105,53.03,53.065,337243,0
XLF.US,5,20251202,172000,53.06,53.09,52.985,52.985,241321,0
XLF.US,5,20251202,172500,52.985,53.005,52.93,52.955,309517,0
XLF.US,5,20251202,173000,52.955,52.99,52.935,52.985,564410,0
XLF.US,5,20251202,173500,52.99,53.015,52.98,53.0099,104868,0
XLF.US,5,20251202,174000,53.01,53.035,52.97,52.97,288178,0
XLF.US,5,20251202,174500,52.97,53,52.955,52.975,204595,0
XLF.US,5,20251202,175000,52.96,53.01,52.96,52.995,285351,0
XLF.US,5,20251202,175500,52.995,53.015,52.9599,52.98,197530,0
XLF.US,5,20251202,180000,52.97,53.015,52.97,53,167151,0
XLF.US,5,20251202,180500,52.99,53.01,52.96,52.96,248009,0
XLF.US,5,20251202,181000,52.96,52.985,52.96,52.97,74151,0
XLF.US,5,20251202,181500,53.025,53.09,53.01,53.085,730844,0
XLF.US,5,20251202,182000,53.085,53.115,53.08,53.09,391501,0
XLF.US,5,20251202,182500,53.085,53.115,53.08,53.1,154193,0
XLF.US,5,20251202,183000,53.1,53.12,53.1,53.105,163919,0
XLF.US,5,20251202,183500,53.105,53.115,53.065,53.065,211385,0
XLF.US,5,20251202,184000,53.07,53.09,53.06,53.07,149627,0
XLF.US,5,20251202,184500,53.075,53.08,53.05,53.05,330951,0
XLF.US,5,20251202,185000,53.05,53.0551,52.985,53.005,363981,0
XLF.US,5,20251202,185500,53.005,53.005,52.915,52.915,191901,0
XLF.US,5,20251202,190000,52.91,52.96,52.9,52.91,196370,0
XLF.US,5,20251202,190500,52.91,52.935,52.9,52.915,199118,0
XLF.US,5,20251202,191000,52.91,52.925,52.9,52.905,180909,0
XLF.US,5,20251202,191500,52.905,52.92,52.885,52.915,147170,0
XLF.US,5,20251202,192000,52.915,52.96,52.91,52.93,230748,0
XLF.US,5,20251202,192500,52.92,52.92,52.85,52.875,415824,0
XLF.US,5,20251202,193000,52.875,52.905,52.845,52.855,269542,0
XLF.US,5,20251202,193500,52.85,52.87,52.835,52.85,185948,0
XLF.US,5,20251202,194000,52.8451,52.875,52.8201,52.87,272795,0
XLF.US,5,20251202,194500,52.86,52.9061,52.855,52.9,224229,0
XLF.US,5,20251202,195000,52.905,52.94,52.89,52.935,155933,0
XLF.US,5,20251202,195500,52.93,52.94,52.895,52.93,155060,0
XLF.US,5,20251202,200000,52.9201,53.01,52.9201,52.995,169326,0
XLF.US,5,20251202,200500,52.995,53.02,52.98,52.985,373656,0
XLF.US,5,20251202,201000,52.98,52.99,52.9585,52.975,183699,0
XLF.US,5,20251202,201500,52.98,52.985,52.95,52.9692,118890,0
XLF.US,5,20251202,202000,52.97,52.975,52.915,52.925,114218,0
XLF.US,5,20251202,202500,52.9256,52.975,52.92,52.97,92459,0
XLF.US,5,20251202,203000,52.965,52.9999,52.96,52.99,136768,0
XLF.US,5,20251202,203500,52.995,53,52.97,52.98,122511,0
XLF.US,5,20251202,204000,52.9899,52.9999,52.975,52.985,130898,0
XLF.US,5,20251202,204500,52.985,53.02,52.985,53.01,165273,0
XLF.US,5,20251202,205000,53.005,53.055,53.005,53.03,152562,0
XLF.US,5,20251202,205500,53.0336,53.04,53.01,53.015,172399,0
XLF.US,5,20251202,210000,53.01,53.025,52.9843,53,113132,0
XLF.US,5,20251202,210500,53.005,53.02,53,53.015,256870,0
XLF.US,5,20251202,211000,53.015,53.03,53,53.01,104710,0
XLF.US,5,20251202,211500,53.02,53.04,53.0136,53.025,187746,0
XLF.US,5,20251202,212000,53.025,53.04,53,53.005,189806,0
XLF.US,5,20251202,212500,53.005,53.01,52.98,52.9889,116662,0
XLF.US,5,20251202,213000,52.985,53.03,52.98,53.025,325532,0
XLF.US,5,20251202,213500,53.025,53.04,53.01,53.0101,409544,0
XLF.US,5,20251202,214000,53.015,53.04,53.0001,53.005,588373,0
XLF.US,5,20251202,214500,53.01,53.015,52.96,52.975,465458,0
XLF.US,5,20251202,215000,52.97,52.99,52.9,52.905,848982,0
XLF.US,5,20251202,215500,52.91,52.91,52.83,52.84,4916216,0
XLF.US,5,20251203,153000,52.94,53.05,52.875,53.03,737500,0
XLF.US,5,20251203,153500,53.03,53.16,53.025,53.16,839192,0
XLF.US,5,20251203,154000,53.16,53.26,53.16,53.2,519316,0
XLF.US,5,20251203,154500,53.205,53.225,53.095,53.135,307721,0
XLF.US,5,20251203,155000,53.135,53.19,53.11,53.155,447769,0
XLF.US,5,20251203,155500,53.155,53.195,53.145,53.17,278590,0
XLF.US,5,20251203,160000,53.18,53.26,53.17,53.24,609673,0
XLF.US,5,20251203,160500,53.24,53.26,53.205,53.225,519047,0
XLF.US,5,20251203,161000,53.225,53.225,53.16,53.2099,291829,0
XLF.US,5,20251203,161500,53.21,53.21,53.175,53.2,236187,0
XLF.US,5,20251203,162000,53.2,53.22,53.1297,53.145,226565,0
XLF.US,5,20251203,162500,53.14,53.24,53.14,53.22,320472,0
XLF.US,5,20251203,163000,53.21,53.275,53.2,53.22,512979,0
XLF.US,5,20251203,163500,53.22,53.27,53.19,53.19,526190,0
XLF.US,5,20251203,164000,53.195,53.215,53.17,53.175,288388,0
XLF.US,5,20251203,164500,53.18,53.24,53.175,53.21,200155,0
XLF.US,5,20251203,165000,53.2,53.24,53.2,53.225,151628,0
XLF.US,5,20251203,165500,53.225,53.25,53.2,53.225,271902,0
XLF.US,5,20251203,170000,53.22,53.265,53.22,53.235,144207,0
XLF.US,5,20251203,170500,53.24,53.28,53.23,53.23,229040,0
XLF.US,5,20251203,171000,53.235,53.25,53.205,53.245,170565,0
XLF.US,5,20251203,171500,53.245,53.31,53.23,53.295,284784,0
XLF.US,5,20251203,172000,53.295,53.31,53.2762,53.31,599768,0
XLF.US,5,20251203,172500,53.31,53.31,53.265,53.265,221935,0
XLF.US,5,20251203,173000,53.265,53.3,53.245,53.295,311302,0
XLF.US,5,20251203,173500,53.295,53.31,53.27,53.275,284592,0
XLF.US,5,20251203,174000,53.275,53.2774,53.245,53.255,208611,0
XLF.US,5,20251203,174500,53.25,53.29,53.24,53.265,240194,0
XLF.US,5,20251203,175000,53.26,53.27,53.238,53.26,335094,0
XLF.US,5,20251203,175500,53.255,53.255,53.21,53.235,314234,0
XLF.US,5,20251203,180000,53.24,53.255,53.2295,53.245,240167,0
XLF.US,5,20251203,180500,53.245,53.255,53.21,53.235,186277,0
XLF.US,5,20251203,181000,53.2326,53.265,53.21,53.26,239802,0
XLF.US,5,20251203,181500,53.2656,53.28715,53.26,53.285,144414,0
XLF.US,5,20251203,182000,53.285,53.34,53.28,53.3345,125337,0
XLF.US,5,20251203,182500,53.335,53.36,53.33,53.355,204570,0
XLF.US,5,20251203,183000,53.355,53.42,53.355,53.4,184303,0
XLF.US,5,20251203,183500,53.4,53.446,53.38,53.44,234264,0
XLF.US,5,20251203,184000,53.44,53.46,53.43,53.455,161135,0
XLF.US,5,20251203,184500,53.46,53.5,53.445,53.49,244728,0
XLF.US,5,20251203,185000,53.495,53.495,53.46,53.471,232155,0
XLF.US,5,20251203,185500,53.475,53.5,53.4645,53.485,171373,0
XLF.US,5,20251203,190000,53.49,53.5155,53.485,53.505,202436,0
XLF.US,5,20251203,190500,53.505,53.52,53.495,53.51,427731,0
XLF.US,5,20251203,191000,53.51,53.54,53.5,53.525,182151,0
XLF.US,5,20251203,191500,53.53,53.54,53.495,53.495,178646,0
XLF.US,5,20251203,192000,53.495,53.51,53.45,53.455,165593,0
XLF.US,5,20251203,192500,53.45,53.495,53.45,53.49,269704,0
XLF.US,5,20251203,193000,53.495,53.51,53.485,53.495,122670,0
XLF.US,5,20251203,193500,53.495,53.525,53.4845,53.52,209560,0
XLF.US,5,20251203,194000,53.5242,53.56,53.5242,53.55,172778,0
XLF.US,5,20251203,194500,53.55,53.56,53.54,53.545,108256,0
XLF.US,5,20251203,195000,53.545,53.55,53.51,53.52,124050,0
XLF.US,5,20251203,195500,53.52,53.53,53.48,53.485,235483,0
XLF.US,5,20251203,200000,53.485,53.525,53.48,53.51,199773,0
XLF.US,5,20251203,200500,53.51,53.51,53.4701,53.495,182198,0
XLF.US,5,20251203,201000,53.495,53.51,53.485,53.5042,162115,0
XLF.US,5,20251203,201500,53.505,53.505,53.47,53.5,146181,0
XLF.US,5,20251203,202000,53.5,53.51,53.49,53.505,83784,0
XLF.US,5,20251203,202500,53.505,53.505,53.49,53.5,76840,0
XLF.US,5,20251203,203000,53.5,53.51,53.49,53.505,204734,0
XLF.US,5,20251203,203500,53.505,53.52,53.5,53.52,84524,0
XLF.US,5,20251203,204000,53.52,53.53,53.515,53.525,111722,0
XLF.US,5,20251203,204500,53.53,53.5482,53.515,53.545,152706,0
XLF.US,5,20251203,205000,53.55,53.57,53.5435,53.545,111944,0
XLF.US,5,20251203,205500,53.55,53.56,53.54,53.55,309071,0
XLF.US,5,20251203,210000,53.55,53.57,53.5447,53.565,300262,0
XLF.US,5,20251203,210500,53.57,53.58,53.56,53.58,390333,0
XLF.US,5,20251203,211000,53.58,53.6,53.55,53.56,516045,0
XLF.US,5,20251203,211500,53.57,53.58,53.5538,53.555,167664,0
XLF.US,5,20251203,212000,53.555,53.56,53.52,53.525,270899,0
XLF.US,5,20251203,212500,53.525,53.53,53.485,53.525,297316,0
XLF.US,5,20251203,213000,53.525,53.54,53.5209,53.535,256658,0
XLF.US,5,20251203,213500,53.535,53.54,53.5042,53.52,452733,0
XLF.US,5,20251203,214000,53.525,53.55,53.525,53.54,458046,0
XLF.US,5,20251203,214500,53.545,53.56,53.52,53.53,1034778,0
XLF.US,5,20251203,215000,53.53,53.55,53.52,53.545,1384653,0
XLF.US,5,20251203,215500,53.5475,53.57,53.52,53.55,3438510,0
XLF.US,5,20251204,153000,53.58,53.9,53.57,53.87,2709578,0
XLF.US,5,20251204,153500,53.87,53.91,53.76,53.765,2031839,0
XLF.US,5,20251204,154000,53.765,53.82,53.72,53.76,1368425,0
XLF.US,5,20251204,154500,53.76,53.77,53.68,53.7,415095,0
XLF.US,5,20251204,155000,53.695,53.695,53.62,53.675,462986,0
XLF.US,5,20251204,155500,53.675,53.74,53.67,53.725,866564,0
XLF.US,5,20251204,160000,53.725,53.745,53.6701,53.715,462774,0
XLF.US,5,20251204,160500,53.715,53.755,53.695,53.745,332844,0
XLF.US,5,20251204,161000,53.745,53.76,53.695,53.745,445597,0
XLF.US,5,20251204,161500,53.745,53.8,53.73,53.795,395872,0
XLF.US,5,20251204,162000,53.79,53.835,53.785,53.785,388888,0
XLF.US,5,20251204,162500,53.785,53.8,53.7033,53.79,435854,0
XLF.US,5,20251204,163000,53.785,53.795,53.745,53.7526,335603,0
XLF.US,5,20251204,163500,53.755,53.785,53.745,53.765,238914,0
XLF.US,5,20251204,164000,53.76,53.765,53.695,53.71,245517,0
XLF.US,5,20251204,164500,53.7056,53.71,53.655,53.69,266945,0
XLF.US,5,20251204,165000,53.695,53.74,53.69,53.71,631412,0
XLF.US,5,20251204,165500,53.71,53.75,53.705,53.74,268639,0
XLF.US,5,20251204,170000,53.74,53.755,53.705,53.715,328621,0
XLF.US,5,20251204,170500,53.71,53.77,53.6938,53.7565,266658,0
XLF.US,5,20251204,171000,53.76,53.76,53.715,53.735,432339,0
XLF.US,5,20251204,171500,53.735,53.755,53.725,53.75,231609,0
XLF.US,5,20251204,172000,53.76,53.76,53.6948,53.701,222015,0
XLF.US,5,20251204,172500,53.705,53.715,53.641,53.665,209400,0
XLF.US,5,20251204,173000,53.665,53.67,53.62,53.635,172086,0
XLF.US,5,20251204,173500,53.635,53.67,53.6343,53.655,186985,0
XLF.US,5,20251204,174000,53.65,53.6559,53.625,53.635,249828,0
XLF.US,5,20251204,174500,53.64,53.7,53.64,53.691,134877,0
XLF.US,5,20251204,175000,53.695,53.72,53.675,53.7,165936,0
XLF.US,5,20251204,175500,53.695,53.7199,53.685,53.69,184554,0
XLF.US,5,20251204,180000,53.685,53.6999,53.65,53.655,472112,0
XLF.US,5,20251204,180500,53.65,53.671,53.625,53.63,292087,0
XLF.US,5,20251204,181000,53.63,53.645,53.6,53.6429,317065,0
XLF.US,5,20251204,181500,53.65,53.655,53.61,53.645,182735,0
XLF.US,5,20251204,182000,53.645,53.69,53.645,53.69,260544,0
XLF.US,5,20251204,182500,53.685,53.71,53.685,53.695,133182,0
XLF.US,5,20251204,183000,53.695,53.7,53.665,53.685,129991,0
XLF.US,5,20251204,183500,53.69,53.7011,53.6744,53.68,332093,0
XLF.US,5,20251204,184000,53.68,53.69,53.671,53.68,135559,0
XLF.US,5,20251204,184500,53.675,53.71,53.67,53.7,171539,0
XLF.US,5,20251204,185000,53.705,53.75,53.7,53.74,173239,0
XLF.US,5,20251204,185500,53.745,53.75,53.72,53.72,221229,0
XLF.US,5,20251204,190000,53.72,53.74,53.711,53.711,233072,0
XLF.US,5,20251204,190500,53.715,53.7299,53.67,53.6911,321516,0
XLF.US,5,20251204,191000,53.69,53.71,53.67,53.705,218091,0
XLF.US,5,20251204,191500,53.71,53.725,53.69,53.705,278490,0
XLF.US,5,20251204,192000,53.71,53.75,53.705,53.745,127335,0
XLF.US,5,20251204,192500,53.74,53.78,53.73,53.775,247468,0
XLF.US,5,20251204,193000,53.77,53.78,53.73,53.745,211054,0
XLF.US,5,20251204,193500,53.74,53.7455,53.72,53.745,240054,0
XLF.US,5,20251204,194000,53.745,53.745,53.681,53.71,184736,0
XLF.US,5,20251204,194500,53.711,53.73,53.71,53.7199,125334,0
XLF.US,5,20251204,195000,53.711,53.74,53.71,53.735,229105,0
XLF.US,5,20251204,195500,53.731,53.731,53.71,53.721,241592,0
XLF.US,5,20251204,200000,53.7284,53.7499,53.7042,53.71,264466,0
XLF.US,5,20251204,200500,53.71,53.72,53.6701,53.68,129327,0
XLF.US,5,20251204,201000,53.68,53.68,53.625,53.64,125329,0
XLF.US,5,20251204,201500,53.64,53.64,53.56,53.565,228324,0
XLF.US,5,20251204,202000,53.56,53.565,53.48,53.515,480862,0
XLF.US,5,20251204,202500,53.5103,53.55,53.51,53.515,376212,0
XLF.US,5,20251204,203000,53.51,53.565,53.5,53.565,288634,0
XLF.US,5,20251204,203500,53.565,53.6355,53.565,53.6,276442,0
XLF.US,5,20251204,204000,53.595,53.6067,53.561,53.585,198012,0
XLF.US,5,20251204,204500,53.585,53.61,53.575,53.5825,169864,0
XLF.US,5,20251204,205000,53.58,53.595,53.57,53.58,257697,0
XLF.US,5,20251204,205500,53.585,53.5982,53.55,53.555,179637,0
XLF.US,5,20251204,210000,53.555,53.57,53.5101,53.515,224369,0
XLF.US,5,20251204,210500,53.51,53.52,53.47,53.51,303212,0
XLF.US,5,20251204,211000,53.505,53.5567,53.5039,53.5454,387180,0
XLF.US,5,20251204,211500,53.545,53.56,53.5328,53.555,359988,0
XLF.US,5,20251204,212000,53.56,53.5699,53.54,53.545,290930,0
XLF.US,5,20251204,212500,53.5401,53.55,53.52,53.525,231071,0
XLF.US,5,20251204,213000,53.525,53.5699,53.52,53.555,564691,0
XLF.US,5,20251204,213500,53.555,53.58,53.55,53.58,295737,0
XLF.US,5,20251204,214000,53.58,53.59,53.55,53.555,600954,0
XLF.US,5,20251204,214500,53.55,53.55,53.5,53.5109,388758,0
XLF.US,5,20251204,215000,53.52,53.628011,53.51,53.625,1095731,0
XLF.US,5,20251204,215500,53.63,53.66,53.605,53.66,2289870,0
XLF.US,5,20251205,153000,53.54,53.565,53.45,53.55,924207,0
XLF.US,5,20251205,153500,53.555,53.655,53.49,53.65,555118,0
XLF.US,5,20251205,154000,53.66,53.805,53.66,53.76,746395,0
XLF.US,5,20251205,154500,53.755,53.785,53.7026,53.75,440978,0
XLF.US,5,20251205,155000,53.745,53.7899,53.74,53.76,579684,0
XLF.US,5,20251205,155500,53.76,53.79,53.75,53.78,309544,0
XLF.US,5,20251205,160000,53.78,53.905,53.775,53.905,320307,0
XLF.US,5,20251205,160500,53.905,53.93,53.85,53.88,344180,0
XLF.US,5,20251205,161000,53.88,53.8865,53.835,53.8445,269608,0
XLF.US,5,20251205,161500,53.85,53.85,53.785,53.8,261014,0
XLF.US,5,20251205,162000,53.795,53.84,53.795,53.825,296468,0
XLF.US,5,20251205,162500,53.8297,53.845,53.7701,53.84,1112271,0
XLF.US,5,20251205,163000,53.845,53.85,53.82,53.835,192924,0
XLF.US,5,20251205,163500,53.84,53.865,53.81,53.81,221446,0
XLF.US,5,20251205,164000,53.815,53.87,53.815,53.835,312041,0
XLF.US,5,20251205,164500,53.8365,53.87,53.82,53.865,242244,0
XLF.US,5,20251205,165000,53.865,53.91,53.855,53.9,415596,0
XLF.US,5,20251205,165500,53.9,53.9,53.85,53.85,410932,0
XLF.US,5,20251205,170000,53.855,53.8799,53.845,53.855,321101,0
XLF.US,5,20251205,170500,53.855,53.875,53.825,53.825,635814,0
XLF.US,5,20251205,171000,53.82,53.845,53.8,53.825,856291,0
XLF.US,5,20251205,171500,53.825,53.845,53.81,53.82,796162,0
XLF.US,5,20251205,172000,53.815,53.845,53.79,53.807,370129,0
XLF.US,5,20251205,172500,53.805,53.815,53.76,53.765,314986,0
XLF.US,5,20251205,173000,53.76,53.77,53.73,53.745,345538,0
XLF.US,5,20251205,173500,53.745,53.7799,53.705,53.7101,296644,0
XLF.US,5,20251205,174000,53.71,53.71,53.665,53.69,317051,0
XLF.US,5,20251205,174500,53.69,53.7376,53.6896,53.705,237586,0
XLF.US,5,20251205,175000,53.71,53.76,53.71,53.75,174294,0
XLF.US,5,20251205,175500,53.75,53.79,53.74,53.765,311945,0
XLF.US,5,20251205,180000,53.76,53.79,53.74,53.77,240949,0
XLF.US,5,20251205,180500,53.77,53.77,53.705,53.75,259518,0
XLF.US,5,20251205,181000,53.745,53.7692,53.731,53.7631,184566,0
XLF.US,5,20251205,181500,53.7601,53.795,53.75,53.785,168848,0
XLF.US,5,20251205,182000,53.79,53.815,53.775,53.785,235200,0
XLF.US,5,20251205,182500,53.79,53.795,53.773745,53.775,168280,0
XLF.US,5,20251205,183000,53.78,53.785,53.735,53.745,138011,0
XLF.US,5,20251205,183500,53.7405,53.77,53.705,53.755,212334,0
XLF.US,5,20251205,184000,53.75,53.76,53.725,53.755,178351,0
XLF.US,5,20251205,184500,53.75,53.768,53.73,53.765,196003,0
XLF.US,5,20251205,185000,53.7699,53.85,53.7699,53.845,149482,0
XLF.US,5,20251205,185500,53.85,53.855,53.83,53.845,134373,0
XLF.US,5,20251205,190000,53.85,53.895,53.8445,53.89,336726,0
XLF.US,5,20251205,190500,53.89,53.925,53.89,53.925,167233,0
XLF.US,5,20251205,191000,53.92,53.93,53.885,53.885,152310,0
XLF.US,5,20251205,191500,53.885,53.885,53.83,53.835,136488,0
XLF.US,5,20251205,192000,53.835,53.85,53.8,53.845,192110,0
XLF.US,5,20251205,192500,53.845,53.89,53.835,53.885,124878,0
XLF.US,5,20251205,193000,53.8801,53.915,53.88,53.9085,132401,0
XLF.US,5,20251205,193500,53.9,53.905,53.845,53.8497,269329,0
XLF.US,5,20251205,194000,53.845,53.85,53.8,53.83,160001,0
XLF.US,5,20251205,194500,53.825,53.855,53.815,53.855,96512,0
XLF.US,5,20251205,195000,53.85,53.855,53.825,53.84,99193,0
XLF.US,5,20251205,195500,53.845,53.855,53.835,53.835,101324,0
XLF.US,5,20251205,200000,53.835,53.845,53.79,53.81,184238,0
XLF.US,5,20251205,200500,53.805,53.825,53.8,53.805,121494,0
XLF.US,5,20251205,201000,53.805,53.8189,53.79,53.805,173902,0
XLF.US,5,20251205,201500,53.8,53.8,53.7701,53.785,113788,0
XLF.US,5,20251205,202000,53.785,53.795,53.74,53.755,165613,0
XLF.US,5,20251205,202500,53.7501,53.775,53.735,53.765,132200,0
XLF.US,5,20251205,203000,53.77,53.78,53.74,53.7535,192561,0
XLF.US,5,20251205,203500,53.7599,53.765,53.74,53.7638,260233,0
XLF.US,5,20251205,204000,53.7601,53.785733,53.74,53.765,185224,0
XLF.US,5,20251205,204500,53.7655,53.77,53.7501,53.7676,94303,0
XLF.US,5,20251205,205000,53.76,53.7988,53.76,53.7959,97621,0
XLF.US,5,20251205,205500,53.7999,53.8199,53.7901,53.8,191970,0
XLF.US,5,20251205,210000,53.8001,53.808,53.7837,53.785,119943,0
XLF.US,5,20251205,210500,53.785,53.7954,53.76,53.765,243432,0
XLF.US,5,20251205,211000,53.7601,53.7851,53.74,53.775,201146,0
XLF.US,5,20251205,211500,53.775,53.78,53.76,53.775,196606,0
XLF.US,5,20251205,212000,53.775,53.78,53.76,53.7745,268803,0
XLF.US,5,20251205,212500,53.77,53.7999,53.76,53.795,230919,0
XLF.US,5,20251205,213000,53.79,53.795,53.765,53.775,367515,0
XLF.US,5,20251205,213500,53.775,53.78,53.75,53.755,312259,0
XLF.US,5,20251205,214000,53.75,53.76,53.71,53.745,547076,0
XLF.US,5,20251205,214500,53.7499,53.75,53.66,53.69,522874,0
XLF.US,5,20251205,215000,53.69,53.71,53.655,53.66,772967,0
XLF.US,5,20251205,215500,53.66,53.71,53.62,53.68,3328855,0
XLF.US,5,20251208,153000,53.7,53.705,53.45,53.535,1180013,0
XLF.US,5,20251208,153500,53.535,53.6,53.5001,53.545,996553,0
XLF.US,5,20251208,154000,53.54,53.56,53.45,53.5,1016297,0
XLF.US,5,20251208,154500,53.5,53.595,53.48,53.57,700392,0
XLF.US,5,20251208,155000,53.575,53.64,53.54,53.635,357703,0
XLF.US,5,20251208,155500,53.635,53.68,53.63,53.645,520902,0
XLF.US,5,20251208,160000,53.65,53.665,53.605,53.615,244540,0
XLF.US,5,20251208,160500,53.615,53.63,53.515,53.525,386619,0
XLF.US,5,20251208,161000,53.53,53.54,53.49,53.491,281732,0
XLF.US,5,20251208,161500,53.49,53.5769,53.485,53.575,258430,0
XLF.US,5,20251208,162000,53.575,53.62,53.57,53.585,574412,0
XLF.US,5,20251208,162500,53.58,53.58,53.525,53.555,464583,0
XLF.US,5,20251208,163000,53.555,53.5766,53.5221,53.56,650300,0
XLF.US,5,20251208,163500,53.565,53.5699,53.52,53.535,283826,0
XLF.US,5,20251208,164000,53.53,53.55,53.47,53.47,351815,0
XLF.US,5,20251208,164500,53.47,53.515,53.47,53.505,255200,0
XLF.US,5,20251208,165000,53.51,53.51,53.471,53.5,271456,0
XLF.US,5,20251208,165500,53.4901,53.5,53.44,53.455,349337,0
XLF.US,5,20251208,170000,53.45,53.45,53.3501,53.375,388761,0
XLF.US,5,20251208,170500,53.375,53.445,53.37,53.44,295659,0
XLF.US,5,20251208,171000,53.45,53.46,53.41,53.4135,259952,0
XLF.US,5,20251208,171500,53.41,53.44,53.375,53.435,246064,0
XLF.US,5,20251208,172000,53.43,53.47,53.42,53.455,351017,0
XLF.US,5,20251208,172500,53.455,53.4855,53.441,53.475,198934,0
XLF.US,5,20251208,173000,53.47,53.475,53.4337,53.4337,237228,0
XLF.US,5,20251208,173500,53.438,53.438,53.355,53.355,243128,0
XLF.US,5,20251208,174000,53.355,53.385,53.345,53.38,215999,0
XLF.US,5,20251208,174500,53.39,53.39,53.33,53.33,220921,0
XLF.US,5,20251208,175000,53.33,53.345,53.29,53.31,297107,0
XLF.US,5,20251208,175500,53.315,53.34,53.2933,53.335,344167,0
XLF.US,5,20251208,180000,53.335,53.34,53.28,53.3069,375536,0
XLF.US,5,20251208,180500,53.305,53.36,53.305,53.35,238256,0
XLF.US,5,20251208,181000,53.355,53.3686,53.33,53.335,179854,0
XLF.US,5,20251208,181500,53.335,53.35,53.311,53.35,260005,0
XLF.US,5,20251208,182000,53.345,53.36,53.315,53.315,331994,0
XLF.US,5,20251208,182500,53.31,53.32,53.2918,53.315,234135,0
XLF.US,5,20251208,183000,53.315,53.335,53.3,53.315,196760,0
XLF.US,5,20251208,183500,53.315,53.315,53.29,53.305,289676,0
XLF.US,5,20251208,184000,53.3001,53.3362,53.29,53.33,286695,0
XLF.US,5,20251208,184500,53.325,53.34,53.315,53.3323,231677,0
XLF.US,5,20251208,185000,53.33,53.4,53.325,53.39,285599,0
XLF.US,5,20251208,185500,53.395,53.405,53.375,53.395,312946,0
XLF.US,5,20251208,190000,53.395,53.41,53.33,53.345,305609,0
XLF.US,5,20251208,190500,53.35,53.37,53.33,53.33,178586,0
XLF.US,5,20251208,191000,53.34,53.36,53.325,53.3384,205147,0
XLF.US,5,20251208,191500,53.335,53.375,53.3344,53.375,183725,0
XLF.US,5,20251208,192000,53.375,53.38,53.34,53.375,183502,0
XLF.US,5,20251208,192500,53.375,53.3755,53.2901,53.3,129452,0
XLF.US,5,20251208,193000,53.3,53.32,53.29,53.3,244607,0
XLF.US,5,20251208,193500,53.2982,53.375,53.28,53.37,269938,0
XLF.US,5,20251208,194000,53.37,53.4,53.3401,53.3965,227423,0
XLF.US,5,20251208,194500,53.395,53.4,53.34,53.345,411660,0
XLF.US,5,20251208,195000,53.345,53.3581,53.33,53.335,190896,0
XLF.US,5,20251208,195500,53.33,53.34,53.295,53.335,272311,0
XLF.US,5,20251208,200000,53.34,53.39,53.33,53.39,301129,0
XLF.US,5,20251208,200500,53.395,53.4082,53.38,53.39,274966,0
XLF.US,5,20251208,201000,53.395,53.395,53.3442,53.355,281454,0
XLF.US,5,20251208,201500,53.36,53.41,53.355,53.405,175591,0
XLF.US,5,20251208,202000,53.4065,53.415,53.3835,53.395,327398,0
XLF.US,5,20251208,202500,53.4,53.4,53.361,53.361,163845,0
XLF.US,5,20251208,203000,53.365,53.4,53.36,53.3945,190993,0
XLF.US,5,20251208,203500,53.39,53.425,53.38,53.425,161520,0
XLF.US,5,20251208,204000,53.425,53.47,53.425,53.465,213536,0
XLF.US,5,20251208,204500,53.465,53.47,53.43,53.4545,212784,0
XLF.US,5,20251208,205000,53.45,53.47,53.445,53.46,260229,0
XLF.US,5,20251208,205500,53.4585,53.4585,53.42,53.44,189003,0
XLF.US,5,20251208,210000,53.4398,53.465,53.4398,53.455,236830,0
XLF.US,5,20251208,210500,53.455,53.48,53.44,53.47,292399,0
XLF.US,5,20251208,211000,53.47,53.485,53.465,53.465,201372,0
XLF.US,5,20251208,211500,53.465,53.49,53.455,53.475,280191,0
XLF.US,5,20251208,212000,53.47,53.49,53.47,53.48,300672,0
XLF.US,5,20251208,212500,53.4842,53.49,53.44,53.455,482707,0
XLF.US,5,20251208,213000,53.455,53.465,53.425,53.435,383067,0
XLF.US,5,20251208,213500,53.44,53.45,53.42,53.43,606948,0
XLF.US,5,20251208,214000,53.425,53.4453,53.42,53.445,602836,0
XLF.US,5,20251208,214500,53.44,53.45,53.41,53.43,693264,0
XLF.US,5,20251208,215000,53.44,53.445,53.4,53.415,1240437,0
XLF.US,5,20251208,215500,53.415,53.49,53.38,53.48,2512909,0
XLF.US,5,20251209,153000,53.48,53.715,53.44,53.7,1189892,0
XLF.US,5,20251209,153500,53.705,53.705,53.5318,53.535,498314,0
XLF.US,5,20251209,154000,53.535,53.641,53.53,53.62,888889,0
XLF.US,5,20251209,154500,53.61,53.73,53.575,53.72,411258,0
XLF.US,5,20251209,155000,53.73,53.825,53.7,53.825,309192,0
XLF.US,5,20251209,155500,53.83,53.835,53.765,53.775,425567,0
XLF.US,5,20251209,160000,53.77,53.87,53.745,53.86,522269,0
XLF.US,5,20251209,160500,53.855,53.87,53.795,53.815,574268,0
XLF.US,5,20251209,161000,53.815,53.85,53.785,53.815,377690,0
XLF.US,5,20251209,161500,53.815,53.8399,53.785,53.785,375820,0
XLF.US,5,20251209,162000,53.785,53.79,53.74,53.755,361619,0
XLF.US,5,20251209,162500,53.755,53.79,53.735,53.775,639277,0
XLF.US,5,20251209,163000,53.77,53.815,53.7599,53.7799,432356,0
XLF.US,5,20251209,163500,53.775,53.8,53.745,53.785,235110,0
XLF.US,5,20251209,164000,53.78,53.785,53.73,53.75,281706,0
XLF.US,5,20251209,164500,53.7556,53.79,53.74,53.755,306124,0
XLF.US,5,20251209,165000,53.755,53.8,53.75,53.79,300703,0
XLF.US,5,20251209,165500,53.79,53.81,53.78,53.805,232172,0
XLF.US,5,20251209,170000,53.805,53.85,53.8001,53.8366,516880,0
XLF.US,5,20251209,170500,53.84,53.89,53.835,53.87,380952,0
XLF.US,5,20251209,171000,53.87,53.885,53.8301,53.855,339198,0
XLF.US,5,20251209,171500,53.855,53.91,53.85,53.8999,255477,0
XLF.US,5,20251209,172000,53.8992,53.935,53.895,53.915,255536,0
XLF.US,5,20251209,172500,53.91,53.92,53.87,53.87,224802,0
XLF.US,5,20251209,173000,53.875,53.93,53.875,53.93,292523,0
XLF.US,5,20251209,173500,53.93,53.95,53.91,53.9166,429918,0
XLF.US,5,20251209,174000,53.915,53.935,53.905,53.915,342843,0
XLF.US,5,20251209,174500,53.915,53.94,53.91,53.925,481446,0
XLF.US,5,20251209,175000,53.925,53.95,53.9215,53.9497,355609,0
XLF.US,5,20251209,175500,53.945,53.95,53.87,53.8701,259433,0
XLF.US,5,20251209,180000,53.88,53.895,53.86,53.86,228237,0
XLF.US,5,20251209,180500,53.8608,53.89,53.84,53.8401,297692,0
XLF.US,5,20251209,181000,53.845,53.85,53.81,53.815,212689,0
XLF.US,5,20251209,181500,53.815,53.82,53.77,53.795,192106,0
XLF.US,5,20251209,182000,53.795,53.81,53.76,53.8,413626,0
XLF.US,5,20251209,182500,53.8,53.82,53.785,53.795,415564,0
XLF.US,5,20251209,183000,53.795,53.85,53.65,53.65,2437537,0
XLF.US,5,20251209,183500,53.65,53.72,53.47,53.5,3396945,0
XLF.US,5,20251209,184000,53.495,53.56,53.47,53.545,1885287,0
XLF.US,5,20251209,184500,53.545,53.58,53.5001,53.52,1044949,0
XLF.US,5,20251209,185000,53.525,53.53,53.43,53.47,687777,0
XLF.US,5,20251209,185500,53.475,53.5399,53.455,53.52,610994,0
XLF.US,5,20251209,190000,53.515,53.525,53.45,53.47,499852,0
XLF.US,5,20251209,190500,53.465,53.475,53.3645,53.38,380551,0
XLF.US,5,20251209,191000,53.38,53.4481,53.37,53.445,526366,0
XLF.US,5,20251209,191500,53.445,53.45,53.39,53.4,480529,0
XLF.US,5,20251209,192000,53.405,53.4399,53.39,53.425,463021,0
XLF.US,5,20251209,192500,53.4299,53.4299,53.33,53.345,392811,0
XLF.US,5,20251209,193000,53.345,53.38,53.345,53.375,674707,0
XLF.US,5,20251209,193500,53.375,53.38,53.31,53.31,515646,0
XLF.US,5,20251209,194000,53.31,53.315,53.28,53.29,550579,0
XLF.US,5,20251209,194500,53.28,53.34,53.26,53.34,367625,0
XLF.US,5,20251209,195000,53.34,53.38,53.315,53.355,292981,0
XLF.US,5,20251209,195500,53.355,53.38,53.34,53.35,221303,0
XLF.US,5,20251209,200000,53.35,53.36,53.3345,53.355,205385,0
XLF.US,5,20251209,200500,53.3555,53.39,53.335,53.345,314927,0
XLF.US,5,20251209,201000,53.345,53.345,53.3,53.325,242913,0
XLF.US,5,20251209,201500,53.325,53.33,53.3045,53.3045,181963,0
XLF.US,5,20251209,202000,53.3,53.32,53.2901,53.31,221203,0
XLF.US,5,20251209,202500,53.3,53.33,53.29,53.295,209969,0
XLF.US,5,20251209,203000,53.295,53.305,53.27,53.285,267102,0
XLF.US,5,20251209,203500,53.28,53.345,53.275,53.345,215586,0
XLF.US,5,20251209,204000,53.345,53.35,53.325,53.34,329218,0
XLF.US,5,20251209,204500,53.345,53.385,53.34,53.375,875948,0
XLF.US,5,20251209,205000,53.38,53.4,53.3745,53.395,421472,0
XLF.US,5,20251209,205500,53.395,53.3984,53.37,53.3701,166143,0
XLF.US,5,20251209,210000,53.3765,53.42,53.375,53.4151,247881,0
XLF.US,5,20251209,210500,53.42,53.42,53.385,53.405,310736,0
XLF.US,5,20251209,211000,53.405,53.4099,53.36,53.36,356806,0
XLF.US,5,20251209,211500,53.365,53.385,53.335,53.365,1148246,0
XLF.US,5,20251209,212000,53.365,53.385,53.355,53.355,218508,0
XLF.US,5,20251209,212500,53.35,53.37,53.335,53.345,393961,0
XLF.US,5,20251209,213000,53.345,53.345,53.31,53.315,346178,0
XLF.US,5,20251209,213500,53.315,53.36,53.31,53.345,483799,0
XLF.US,5,20251209,214000,53.34,53.36,53.32,53.335,299390,0
XLF.US,5,20251209,214500,53.33,53.355,53.29,53.3,809439,0
XLF.US,5,20251209,215000,53.3,53.33,53.2842,53.305,980347,0
XLF.US,5,20251209,215500,53.3,53.305,53.25,53.28,3398946,0
XLF.US,5,20251210,153000,53.28,53.31,53.21,53.295,1030092,0
XLF.US,5,20251210,153500,53.29,53.38,53.25,53.3535,437899,0
XLF.US,5,20251210,154000,53.35,53.355,53.2727,53.275,351459,0
XLF.US,5,20251210,154500,53.275,53.305,53.21,53.265,500287,0
XLF.US,5,20251210,155000,53.265,53.37,53.265,53.365,357598,0
XLF.US,5,20251210,155500,53.37,53.475,53.37,53.42,417812,0
XLF.US,5,20251210,160000,53.43,53.45,53.375,53.38,336206,0
XLF.US,5,20251210,160500,53.38,53.44,53.37,53.44,257167,0
XLF.US,5,20251210,161000,53.43,53.475,53.405,53.475,257861,0
XLF.US,5,20251210,161500,53.48,53.565,53.45,53.5506,403963,0
XLF.US,5,20251210,162000,53.555,53.57,53.5203,53.545,380743,0
XLF.US,5,20251210,162500,53.54,53.575,53.5201,53.55,601252,0
XLF.US,5,20251210,163000,53.545,53.55,53.4401,53.485,292149,0
XLF.US,5,20251210,163500,53.49,53.505,53.45,53.485,226426,0
XLF.US,5,20251210,164000,53.48,53.5299,53.47,53.525,173875,0
XLF.US,5,20251210,164500,53.52,53.61,53.51,53.61,244925,0
XLF.US,5,20251210,165000,53.605,53.635,53.55,53.565,266904,0
XLF.US,5,20251210,165500,53.56,53.615,53.55,53.59,329927,0
XLF.US,5,20251210,170000,53.59,53.6092,53.55,53.59,245760,0
XLF.US,5,20251210,170500,53.585,53.6275,53.575,53.595,169268,0
XLF.US,5,20251210,171000,53.595,53.62,53.57,53.605,397832,0
XLF.US,5,20251210,171500,53.605,53.645,53.59,53.64,208065,0
XLF.US,5,20251210,172000,53.64,53.6475,53.575,53.635,292952,0
XLF.US,5,20251210,172500,53.635,53.6682,53.62,53.64,284404,0
XLF.US,5,20251210,173000,53.645,53.645,53.59,53.63,171259,0
XLF.US,5,20251210,173500,53.6325,53.6365,53.61,53.63,228772,0
XLF.US,5,20251210,174000,53.6235,53.63,53.57,53.58,228228,0
XLF.US,5,20251210,174500,53.575,53.615,53.565,53.61,286691,0
XLF.US,5,20251210,175000,53.61,53.62,53.5934,53.605,226766,0
XLF.US,5,20251210,175500,53.605,53.619025,53.575,53.5897,207587,0
XLF.US,5,20251210,180000,53.585,53.61,53.575,53.575,202018,0
XLF.US,5,20251210,180500,53.575,53.6,53.57,53.58,376342,0
XLF.US,5,20251210,181000,53.58,53.625,53.57,53.5968,221615,0
XLF.US,5,20251210,181500,53.59,53.619067,53.575,53.575,242920,0
XLF.US,5,20251210,182000,53.575,53.595,53.565,53.595,115044,0
XLF.US,5,20251210,182500,53.595,53.6,53.57,53.585,128969,0
XLF.US,5,20251210,183000,53.58,53.5859,53.554779,53.565,124443,0
XLF.US,5,20251210,183500,53.565,53.5699,53.53,53.53,128401,0
XLF.US,5,20251210,184000,53.53,53.549,53.5,53.5101,133825,0
XLF.US,5,20251210,184500,53.51,53.545,53.5,53.545,84319,0
XLF.US,5,20251210,185000,53.54,53.575,53.535,53.5703,146820,0
XLF.US,5,20251210,185500,53.575,53.605,53.575,53.58,199811,0
XLF.US,5,20251210,190000,53.58,53.6356,53.575,53.635,289058,0
XLF.US,5,20251210,190500,53.635,53.67,53.635,53.665,344066,0
XLF.US,5,20251210,191000,53.665,53.675,53.6509,53.6599,192195,0
XLF.US,5,20251210,191500,53.6568,53.67,53.6401,53.6557,178866,0
XLF.US,5,20251210,192000,53.655,53.6599,53.625,53.625,101143,0
XLF.US,5,20251210,192500,53.625,53.6261,53.6049,53.62,223110,0
XLF.US,5,20251210,193000,53.615,53.66,53.6042,53.635,291073,0
XLF.US,5,20251210,193500,53.635,53.6499,53.615,53.625,137051,0
XLF.US,5,20251210,194000,53.62,53.625,53.545,53.545,232672,0
XLF.US,5,20251210,194500,53.545,53.56,53.52,53.555,225128,0
XLF.US,5,20251210,195000,53.55,53.565,53.53,53.54,162892,0
XLF.US,5,20251210,195500,53.54,53.54,53.49,53.52,220511,0
XLF.US,5,20251210,200000,53.5207,53.6752,53.52,53.63,782204,0
XLF.US,5,20251210,200500,53.63,53.73,53.62,53.695,585222,0
XLF.US,5,20251210,201000,53.69,53.72,53.645,53.66,580133,0
XLF.US,5,20251210,201500,53.665,53.715,53.6539,53.695,471105,0
XLF.US,5,20251210,202000,53.69,53.71,53.6203,53.625,327201,0
XLF.US,5,20251210,202500,53.625,53.66,53.58,53.66,251027,0
XLF.US,5,20251210,203000,53.66,53.8498,53.655,53.82,626442,0
XLF.US,5,20251210,203500,53.82,53.91,53.75,53.88,1288034,0
XLF.US,5,20251210,204000,53.88,53.89,53.665,53.72,1602261,0
XLF.US,5,20251210,204500,53.71,53.825,53.71,53.78,888517,0
XLF.US,5,20251210,205000,53.78,53.91,53.7545,53.885,719901,0
XLF.US,5,20251210,205500,53.885,53.925,53.87,53.905,561300,0
XLF.US,5,20251210,210000,53.905,53.96,53.83,53.935,590774,0
XLF.US,5,20251210,210500,53.94,53.99,53.92,53.98,592728,0
XLF.US,5,20251210,211000,53.975,54,53.95,53.9659,879855,0
XLF.US,5,20251210,211500,53.965,53.98,53.9035,53.95,1084690,0
XLF.US,5,20251210,212000,53.945,54,53.92,53.9399,801367,0
XLF.US,5,20251210,212500,53.93,53.965,53.92,53.945,821241,0
XLF.US,5,20251210,213000,53.945,54.05,53.93,54.025,1302507,0
XLF.US,5,20251210,213500,54.025,54.08,54.0115,54.03,1296627,0
XLF.US,5,20251210,214000,54.035,54.04,53.97,53.995,1270083,0
XLF.US,5,20251210,214500,53.995,54.02,53.925,53.935,1248844,0
XLF.US,5,20251210,215000,53.94,53.97,53.89,53.9199,1730207,0
XLF.US,5,20251210,215500,53.92,53.92,53.86,53.88,3957420,0
XLF.US,5,20251211,153000,53.94,54.18,53.93,54.1779,1026813,0
XLF.US,5,20251211,153500,54.175,54.445,54.17,54.39,762718,0
XLF.US,5,20251211,154000,54.395,54.505,54.355,54.5,1553843,0
XLF.US,5,20251211,154500,54.5,54.575,54.38,54.38,1687191,0
XLF.US,5,20251211,155000,54.38,54.4,54.31,54.32,493656,0
XLF.US,5,20251211,155500,54.32,54.375,54.3,54.34,446927,0
XLF.US,5,20251211,160000,54.345,54.385,54.295,54.305,529885,0
XLF.US,5,20251211,160500,54.3,54.36,54.285,54.35,786823,0
XLF.US,5,20251211,161000,54.35,54.455,54.335,54.37,511006,0
XLF.US,5,20251211,161500,54.37,54.41,54.365,54.385,344794,0
XLF.US,5,20251211,162000,54.39,54.4485,54.3715,54.425,491130,0
XLF.US,5,20251211,162500,54.425,54.52,54.41,54.52,411339,0
XLF.US,5,20251211,163000,54.515,54.545,54.471,54.48,408121,0
XLF.US,5,20251211,163500,54.48,54.5075,54.4445,54.505,349222,0
XLF.US,5,20251211,164000,54.505,54.545,54.48,54.545,272177,0
XLF.US,5,20251211,164500,54.545,54.565,54.455,54.47,306617,0
XLF.US,5,20251211,165000,54.465,54.525,54.435,54.515,370783,0
XLF.US,5,20251211,165500,54.51,54.58,54.51,54.5601,244575,0
XLF.US,5,20251211,170000,54.565,54.58,54.49,54.525,941706,0
XLF.US,5,20251211,170500,54.53,54.5465,54.47,54.5,456573,0
XLF.US,5,20251211,171000,54.5,54.59,54.485,54.5745,334706,0
XLF.US,5,20251211,171500,54.575,54.6,54.545,54.585,339206,0
XLF.US,5,20251211,172000,54.585,54.62,54.57,54.605,494105,0
XLF.US,5,20251211,172500,54.6,54.61,54.52,54.535,282119,0
XLF.US,5,20251211,173000,54.535,54.595,54.53,54.595,314926,0
XLF.US,5,20251211,173500,54.59,54.62,54.575,54.585,344325,0
XLF.US,5,20251211,174000,54.58,54.67,54.57,54.65,331660,0
XLF.US,5,20251211,174500,54.65,54.72,54.65,54.705,953261,0
XLF.US,5,20251211,175000,54.707017,54.74,54.66,54.665,581155,0
XLF.US,5,20251211,175500,54.67,54.6899,54.64,54.685,471901,0
XLF.US,5,20251211,180000,54.68,54.7299,54.675,54.695,858312,0
XLF.US,5,20251211,180500,54.695,54.7,54.65,54.655,385601,0
XLF.US,5,20251211,181000,54.65,54.72,54.65,54.7,334733,0
XLF.US,5,20251211,181500,54.7,54.72,54.665,54.685,390198,0
XLF.US,5,20251211,182000,54.69,54.71,54.68,54.7001,343379,0
XLF.US,5,20251211,182500,54.7001,54.7299,54.69,54.715,209191,0
XLF.US,5,20251211,183000,54.715,54.7377,54.69,54.705,412341,0
XLF.US,5,20251211,183500,54.705,54.71,54.67,54.705,223153,0
XLF.US,5,20251211,184000,54.705,54.73,54.685,54.705,344068,0
XLF.US,5,20251211,184500,54.7,54.717,54.68,54.695,185527,0
XLF.US,5,20251211,185000,54.695,54.765,54.675,54.755,220400,0
XLF.US,5,20251211,185500,54.755,54.78,54.745,54.78,201589,0
XLF.US,5,20251211,190000,54.78,54.83,54.774025,54.815,161089,0
XLF.US,5,20251211,190500,54.81,54.825,54.8,54.815,234653,0
XLF.US,5,20251211,191000,54.82,54.83,54.795,54.825,180055,0
XLF.US,5,20251211,191500,54.825,54.83,54.8035,54.815,246959,0
XLF.US,5,20251211,192000,54.81,54.86,54.81,54.835,526411,0
XLF.US,5,20251211,192500,54.835,54.8458,54.801,54.805,213801,0
XLF.US,5,20251211,193000,54.805,54.815,54.7747,54.805,339704,0
XLF.US,5,20251211,193500,54.805,54.835,54.8,54.805,366844,0
XLF.US,5,20251211,194000,54.81,54.8456,54.81,54.845,983949,0
XLF.US,5,20251211,194500,54.845,54.855,54.79,54.805,452054,0
XLF.US,5,20251211,195000,54.81,54.845,54.81,54.825,223490,0
XLF.US,5,20251211,195500,54.82,54.865,54.811,54.845,311456,0
XLF.US,5,20251211,200000,54.85,54.8785,54.84,54.854,537091,0
XLF.US,5,20251211,200500,54.86,54.87,54.811,54.8297,205063,0
XLF.US,5,20251211,201000,54.825,54.84,54.795,54.835,274312,0
XLF.US,5,20251211,201500,54.835,54.85,54.8201,54.835,255934,0
XLF.US,5,20251211,202000,54.84,54.85,54.83,54.845,187884,0
XLF.US,5,20251211,202500,54.845,54.87,54.835,54.845,433866,0
XLF.US,5,20251211,203000,54.85,54.8599,54.83,54.84,226826,0
XLF.US,5,20251211,203500,54.84,54.875,54.831,54.855,306209,0
XLF.US,5,20251211,204000,54.8597,54.91,54.855,54.905,1336085,0
XLF.US,5,20251211,204500,54.905,54.915,54.89,54.895,486193,0
XLF.US,5,20251211,205000,54.9,54.92,54.89,54.905,548654,0
XLF.US,5,20251211,205500,54.905,54.97,54.905,54.9516,353185,0
XLF.US,5,20251211,210000,54.955,54.98,54.95,54.965,427286,0
XLF.US,5,20251211,210500,54.965,54.97,54.93,54.935,648193,0
XLF.US,5,20251211,211000,54.935,54.9399,54.9,54.935,339523,0
XLF.US,5,20251211,211500,54.935,54.96,54.93,54.935,433756,0
XLF.US,5,20251211,212000,54.94,54.95,54.9,54.9044,811010,0
XLF.US,5,20251211,212500,54.905,54.9099,54.87,54.87,484375,0
XLF.US,5,20251211,213000,54.8756,54.92,54.87,54.91,568394,0
XLF.US,5,20251211,213500,54.915,54.92,54.88,54.905,552725,0
XLF.US,5,20251211,214000,54.905,54.9299,54.89,54.915,858082,0
XLF.US,5,20251211,214500,54.915,54.92,54.86,54.865,1442991,0
XLF.US,5,20251211,215000,54.87,54.94,54.86,54.915,2410775,0
XLF.US,5,20251211,215500,54.915,54.92,54.85,54.87,6907033,0
XLF.US,5,20251212,153000,55.16,55.2082,55.01,55.025,1173493,0
XLF.US,5,20251212,153500,55.03,55.04,54.945,55,1488445,0
XLF.US,5,20251212,154000,55,55.04,54.89,55.035,3064997,0
XLF.US,5,20251212,154500,55.03,55.135,55.0145,55.095,1958798,0
XLF.US,5,20251212,155000,55.09,55.0975,55.03,55.09,830890,0
XLF.US,5,20251212,155500,55.085,55.095,54.985,54.99,466836,0
XLF.US,5,20251212,160000,54.985,55.0558,54.97,55.03,464226,0
XLF.US,5,20251212,160500,55.0392,55.06,55.01,55.02,642379,0
XLF.US,5,20251212,161000,55.025,55.04,54.95,54.95,709410,0
XLF.US,5,20251212,161500,54.95,54.99,54.89,54.975,883429,0
XLF.US,5,20251212,162000,54.975,54.98,54.925,54.925,795147,0
XLF.US,5,20251212,162500,54.92,54.95,54.9,54.92,864739,0
XLF.US,5,20251212,163000,54.91,54.95,54.88,54.9495,2603259,0
XLF.US,5,20251212,163500,54.945,55.05,54.93,55.025,2548591,0
XLF.US,5,20251212,164000,55.025,55.035,54.97,55.035,843600,0
XLF.US,5,20251212,164500,55.04,55.045,54.985,54.995,396710,0
XLF.US,5,20251212,165000,54.995,55.01,54.92,54.925,631889,0
XLF.US,5,20251212,165500,54.9248,54.925,54.78,54.825,1244710,0
XLF.US,5,20251212,170000,54.8235,54.875,54.78,54.785,1022270,0
XLF.US,5,20251212,170500,54.79,54.84,54.77,54.8,1094095,0
XLF.US,5,20251212,171000,54.79,54.845,54.74,54.805,1234731,0
XLF.US,5,20251212,171500,54.8,54.855,54.8,54.8246,884615,0
XLF.US,5,20251212,172000,54.825,54.85,54.71,54.755,914323,0
XLF.US,5,20251212,172500,54.76,54.825,54.74,54.815,656410,0
XLF.US,5,20251212,173000,54.81,54.825,54.75,54.77,469045,0
XLF.US,5,20251212,173500,54.775,54.795,54.71,54.745,498241,0
XLF.US,5,20251212,174000,54.75,54.845,54.72,54.84,559583,0
XLF.US,5,20251212,174500,54.84,54.84,54.755,54.81,531995,0
XLF.US,5,20251212,175000,54.805,54.805,54.755,54.795,233462,0
XLF.US,5,20251212,175500,54.79,54.86,54.765,54.86,401409,0
XLF.US,5,20251212,180000,54.86,54.92,54.845,54.875,547042,0
XLF.US,5,20251212,180500,54.875,54.92,54.87,54.8899,202983,0
XLF.US,5,20251212,181000,54.88,54.93,54.875,54.91,541691,0
XLF.US,5,20251212,181500,54.915,54.99,54.915,54.975,364771,0
XLF.US,5,20251212,182000,54.975,55.01,54.95,54.975,595903,0
XLF.US,5,20251212,182500,54.97,54.97,54.875,54.895,263888,0
XLF.US,5,20251212,183000,54.89,54.935,54.85,54.905,327363,0
XLF.US,5,20251212,183500,54.905,54.95,54.875,54.94,251428,0
XLF.US,5,20251212,184000,54.94,54.955,54.9,54.905,258458,0
XLF.US,5,20251212,184500,54.905,54.9558,54.9,54.94,1131679,0
XLF.US,5,20251212,185000,54.945,54.955,54.88,54.9052,509804,0
XLF.US,5,20251212,185500,54.91,54.95,54.91,54.935,273475,0
XLF.US,5,20251212,190000,54.935,54.945,54.895,54.935,225089,0
XLF.US,5,20251212,190500,54.93,54.965,54.9201,54.94,154560,0
XLF.US,5,20251212,191000,54.93,55.015,54.93,54.97,910825,0
XLF.US,5,20251212,191500,54.975,55.005,54.965,54.975,220848,0
XLF.US,5,20251212,192000,54.975,54.975,54.9132,54.94,378830,0
XLF.US,5,20251212,192500,54.945,54.985,54.9432,54.985,208725,0
XLF.US,5,20251212,193000,54.985,54.9999,54.96,54.99,487719,0
XLF.US,5,20251212,193500,54.99,54.999,54.94,54.955,254140,0
XLF.US,5,20251212,194000,54.955,54.96,54.8899,54.895,275372,0
XLF.US,5,20251212,194500,54.895,54.92,54.87,54.915,182041,0
XLF.US,5,20251212,195000,54.92,54.975,54.915,54.959,202895,0
XLF.US,5,20251212,195500,54.959,54.965,54.8701,54.88,1033476,0
XLF.US,5,20251212,200000,54.875,54.88,54.7933,54.85,549291,0
XLF.US,5,20251212,200500,54.86,54.875,54.82,54.82,242218,0
XLF.US,5,20251212,201000,54.82,54.85,54.805,54.835,191496,0
XLF.US,5,20251212,201500,54.835,54.87,54.8133,54.825,208178,0
XLF.US,5,20251212,202000,54.83,54.84,54.79,54.821,182238,0
XLF.US,5,20251212,202500,54.825,54.84,54.8,54.819,207765,0
XLF.US,5,20251212,203000,54.82,54.86,54.82,54.8456,324680,0
XLF.US,5,20251212,203500,54.845,54.87,54.84,54.85,278180,0
XLF.US,5,20251212,204000,54.85,54.88,54.84,54.87,338524,0
XLF.US,5,20251212,204500,54.87,54.88,54.85,54.8701,188204,0
XLF.US,5,20251212,205000,54.875,54.89,54.86,54.885,163316,0
XLF.US,5,20251212,205500,54.885,54.89,54.845,54.875,185115,0
XLF.US,5,20251212,210000,54.88,54.8855,54.845,54.875,280253,0
XLF.US,5,20251212,210500,54.875,54.929,54.875,54.924,405763,0
XLF.US,5,20251212,211000,54.9151,54.9359,54.895,54.905,280435,0
XLF.US,5,20251212,211500,54.905,54.92,54.8845,54.895,309977,0
XLF.US,5,20251212,212000,54.8988,54.9,54.87,54.885,755502,0
XLF.US,5,20251212,212500,54.885,54.885,54.8145,54.845,388815,0
XLF.US,5,20251212,213000,54.845,54.85,54.76,54.795,972924,0
XLF.US,5,20251212,213500,54.7955,54.8,54.7645,54.79,405716,0
XLF.US,5,20251212,214000,54.79,54.85,54.79,54.815,1453048,0
XLF.US,5,20251212,214500,54.815,54.925,54.81,54.8925,1764244,0
XLF.US,5,20251212,215000,54.9,54.97,54.87,54.945,1054913,0
XLF.US,5,20251212,215500,54.945,54.95,54.92,54.95,4245450,0
XLF.US,5,20251215,153000,55.185,55.225,55.12,55.165,1359353,0
XLF.US,5,20251215,153500,55.165,55.27,55.08,55.25,790321,0
XLF.US,5,20251215,154000,55.25,55.305,55.215,55.26,869079,0
XLF.US,5,20251215,154500,55.255,55.305,55.2,55.21,770275,0
XLF.US,5,20251215,155000,55.21,55.23,55.14,55.165,724756,0
XLF.US,5,20251215,155500,55.17,55.21,55.15,55.165,991173,0
XLF.US,5,20251215,160000,55.165,55.2165,55.135,55.155,804632,0
XLF.US,5,20251215,160500,55.16,55.2273,55.1501,55.17,600448,0
XLF.US,5,20251215,161000,55.165,55.1776,55.12,55.146231,579057,0
XLF.US,5,20251215,161500,55.14,55.17,55.1145,55.15,793565,0
XLF.US,5,20251215,162000,55.15,55.175,55.08,55.105,822358,0
XLF.US,5,20251215,162500,55.105,55.18,55.09,55.1668,655195,0
XLF.US,5,20251215,163000,55.16,55.23,55.14,55.2,796594,0
XLF.US,5,20251215,163500,55.2,55.2199,55.14,55.155,631199,0
XLF.US,5,20251215,164000,55.15,55.21,55.14,55.205,455735,0
XLF.US,5,20251215,164500,55.2,55.22,55.15,55.22,395101,0
XLF.US,5,20251215,165000,55.215,55.235,55.14,55.175,283316,0
XLF.US,5,20251215,165500,55.175,55.18,55.105,55.11,297143,0
XLF.US,5,20251215,170000,55.11,55.13,55.065,55.07,250394,0
XLF.US,5,20251215,170500,55.07,55.11,55.04,55.075,446898,0
XLF.US,5,20251215,171000,55.07,55.0799,55.01,55.01,448361,0
XLF.US,5,20251215,171500,55.015,55.1,55.015,55.065,311359,0
XLF.US,5,20251215,172000,55.06,55.07,55.0232,55.035,238495,0
XLF.US,5,20251215,172500,55.03,55.0999,55.02,55.075,337041,0
XLF.US,5,20251215,173000,55.08,55.085,54.98,54.985,167864,0
XLF.US,5,20251215,173500,54.98,55.01,54.92,54.98,261258,0
XLF.US,5,20251215,174000,54.99,55.015,54.945,54.955,244294,0
XLF.US,5,20251215,174500,54.95,54.9569,54.91,54.935,288450,0
XLF.US,5,20251215,175000,54.93,55.02,54.93,55.02,294547,0
XLF.US,5,20251215,175500,55.02,55.035,54.94,54.95,252571,0
XLF.US,5,20251215,180000,54.945,54.985,54.93,54.96,427883,0
XLF.US,5,20251215,180500,54.96,54.98,54.945,54.975,146932,0
XLF.US,5,20251215,181000,54.98,54.9851,54.925,54.925,334583,0
XLF.US,5,20251215,181500,54.92,54.92,54.875,54.8841,315449,0
XLF.US,5,20251215,182000,54.88,54.93,54.87,54.895,211857,0
XLF.US,5,20251215,182500,54.895,54.9399,54.885,54.905,146452,0
XLF.US,5,20251215,183000,54.9,54.92,54.84,54.845,260240,0
XLF.US,5,20251215,183500,54.84,54.885,54.84,54.885,231712,0
XLF.US,5,20251215,184000,54.88,54.93,54.875,54.9295,204396,0
XLF.US,5,20251215,184500,54.93,54.95,54.875,54.875,262015,0
XLF.US,5,20251215,185000,54.875,54.89,54.82,54.875,369615,0
XLF.US,5,20251215,185500,54.87,54.91,54.865,54.91,255241,0
XLF.US,5,20251215,190000,54.905,54.965,54.885,54.955,311234,0
XLF.US,5,20251215,190500,54.95,54.975,54.925,54.93,339255,0
XLF.US,5,20251215,191000,54.9355,54.95,54.9,54.9285,107625,0
XLF.US,5,20251215,191500,54.92,54.925,54.89,54.895,159240,0
XLF.US,5,20251215,192000,54.89,54.905,54.84,54.84,132929,0
XLF.US,5,20251215,192500,54.84,54.88,54.825,54.88,134751,0
XLF.US,5,20251215,193000,54.875,54.91,54.855,54.86,161965,0
XLF.US,5,20251215,193500,54.86,54.905,54.845,54.865,100942,0
XLF.US,5,20251215,194000,54.8689,54.8999,54.865,54.8999,187451,0
XLF.US,5,20251215,194500,54.9,54.92,54.885,54.9151,193188,0
XLF.US,5,20251215,195000,54.915,54.955,54.905,54.9455,146692,0
XLF.US,5,20251215,195500,54.945,54.99,54.945,54.955,274935,0
XLF.US,5,20251215,200000,54.955,54.965,54.94,54.95,232212,0
XLF.US,5,20251215,200500,54.955,54.97,54.92,54.92,159003,0
XLF.US,5,20251215,201000,54.925,54.9411,54.91,54.92,297530,0
XLF.US,5,20251215,201500,54.915,54.94,54.9,54.94,246198,0
XLF.US,5,20251215,202000,54.935,54.95,54.915,54.94,173200,0
XLF.US,5,20251215,202500,54.935,54.96,54.93,54.945,140078,0
XLF.US,5,20251215,203000,54.945,54.97,54.94,54.965,119066,0
XLF.US,5,20251215,203500,54.965,54.995,54.95,54.9852,149014,0
XLF.US,5,20251215,204000,54.9858,55.01,54.98,54.985,129517,0
XLF.US,5,20251215,204500,54.985,54.99,54.965,54.985,195809,0
XLF.US,5,20251215,205000,54.99,55.045,54.985,55.045,501752,0
XLF.US,5,20251215,205500,55.05,55.09,55.0447,55.085,289021,0
XLF.US,5,20251215,210000,55.08,55.095,55.06,55.0744,201837,0
XLF.US,5,20251215,210500,55.075,55.0758,55.035,55.035,379984,0
XLF.US,5,20251215,211000,55.035,55.05,55.015,55.015,1072674,0
XLF.US,5,20251215,211500,55.01,55.025,54.9918,54.9965,198649,0
XLF.US,5,20251215,212000,54.9999,54.9999,54.96,54.98,313500,0
XLF.US,5,20251215,212500,54.9701,54.99,54.9518,54.9851,493001,0
XLF.US,5,20251215,213000,54.985,55,54.9742,54.986447,330382,0
XLF.US,5,20251215,213500,54.99,55.025,54.97,55.025,221367,0
XLF.US,5,20251215,214000,55.025,55.025,54.955,54.955,321107,0
XLF.US,5,20251215,214500,54.95,55.02,54.95,55.01,752800,0
XLF.US,5,20251215,215000,55.015,55.07,54.995,55.025,974706,0
XLF.US,5,20251215,215500,55.03,55.05,54.99,54.99,3137885,0
XLF.US,5,20251216,153000,55.03,55.11,55,55.06,769971,0
XLF.US,5,20251216,153500,55.055,55.16,55.04,55.05,865914,0
XLF.US,5,20251216,154000,55.045,55.045,54.9,54.965,659664,0
XLF.US,5,20251216,154500,54.97,55.035,54.93,55.015,654016,0
XLF.US,5,20251216,155000,55.015,55.07,54.9624,54.985,1013719,0
XLF.US,5,20251216,155500,54.97,55.065,54.96,55.02,388860,0
XLF.US,5,20251216,160000,55.02,55.02,54.835,54.885,532887,0
XLF.US,5,20251216,160500,54.885,54.91,54.8004,54.845,1012428,0
XLF.US,5,20251216,161000,54.85,54.855,54.79,54.83,382202,0
XLF.US,5,20251216,161500,54.82,54.845,54.76,54.77,352470,0
XLF.US,5,20251216,162000,54.77,54.7799,54.69,54.695,409145,0
XLF.US,5,20251216,162500,54.695,54.73,54.65,54.715,488048,0
XLF.US,5,20251216,163000,54.715,54.7974,54.705,54.765,390798,0
XLF.US,5,20251216,163500,54.77,54.8051,54.7,54.775,801255,0
XLF.US,5,20251216,164000,54.78,54.785,54.735,54.78,435446,0
XLF.US,5,20251216,164500,54.78,54.81,54.7756,54.7851,251784,0
XLF.US,5,20251216,165000,54.79,54.82,54.745,54.8085,273762,0
XLF.US,5,20251216,165500,54.8,54.825,54.765,54.81,271971,0
XLF.US,5,20251216,170000,54.82,54.825,54.755,54.775,191517,0
XLF.US,5,20251216,170500,54.77,54.78,54.71,54.735,422273,0
XLF.US,5,20251216,171000,54.74,54.77,54.73,54.7642,226312,0
XLF.US,5,20251216,171500,54.76,54.8,54.74,54.785,335942,0
XLF.US,5,20251216,172000,54.7801,54.79,54.745,54.745,499024,0
XLF.US,5,20251216,172500,54.74,54.75,54.71,54.73,432477,0
XLF.US,5,20251216,173000,54.73,54.78,54.7,54.75,276586,0
XLF.US,5,20251216,173500,54.7597,54.765,54.6825,54.725,307327,0
XLF.US,5,20251216,174000,54.73,54.74,54.69,54.74,218557,0
XLF.US,5,20251216,174500,54.735,54.76,54.7,54.745,258019,0
XLF.US,5,20251216,175000,54.745,54.76,54.64,54.66,423324,0
XLF.US,5,20251216,175500,54.66,54.69,54.635,54.685,354962,0
XLF.US,5,20251216,180000,54.68,54.74,54.6747,54.72,249090,0
XLF.US,5,20251216,180500,54.72,54.7765,54.72,54.735,407505,0
XLF.US,5,20251216,181000,54.73,54.775,54.705,54.775,162759,0
XLF.US,5,20251216,181500,54.78,54.8363,54.775,54.82,231857,0
XLF.US,5,20251216,182000,54.82,54.825,54.745,54.745,260497,0
XLF.US,5,20251216,182500,54.745,54.745,54.685,54.725,228040,0
XLF.US,5,20251216,183000,54.72,54.755,54.7001,54.735,229756,0
XLF.US,5,20251216,183500,54.73,54.755,54.685,54.705,327570,0
XLF.US,5,20251216,184000,54.7,54.7,54.6418,54.675,516227,0
XLF.US,5,20251216,184500,54.68,54.695,54.655,54.655,473877,0
XLF.US,5,20251216,185000,54.6555,54.6555,54.6027,54.63,165927,0
XLF.US,5,20251216,185500,54.63,54.64,54.54,54.555,475680,0
XLF.US,5,20251216,190000,54.55,54.565,54.495,54.53,1530991,0
XLF.US,5,20251216,190500,54.53,54.545,54.48,54.535,621136,0
XLF.US,5,20251216,191000,54.535,54.565,54.51,54.565,207380,0
XLF.US,5,20251216,191500,54.565,54.565,54.525,54.53,158053,0
XLF.US,5,20251216,192000,54.535,54.575,54.53,54.5744,173449,0
XLF.US,5,20251216,192500,54.5787,54.59,54.56,54.575,263141,0
XLF.US,5,20251216,193000,54.58,54.64,54.58,54.635,202464,0
XLF.US,5,20251216,193500,54.635,54.67,54.615,54.66,246074,0
XLF.US,5,20251216,194000,54.66,54.7,54.655,54.695,303165,0
XLF.US,5,20251216,194500,54.7,54.735,54.6901,54.715,197947,0
XLF.US,5,20251216,195000,54.72,54.75,54.68,54.68,353806,0
XLF.US,5,20251216,195500,54.685,54.69,54.635,54.685,194663,0
XLF.US,5,20251216,200000,54.685,54.695,54.5756,54.5756,471198,0
XLF.US,5,20251216,200500,54.57,54.605,54.57,54.595,231977,0
XLF.US,5,20251216,201000,54.595,54.596,54.53,54.535,325275,0
XLF.US,5,20251216,201500,54.53,54.54,54.515,54.53,157502,0
XLF.US,5,20251216,202000,54.53,54.56,54.505,54.545,203685,0
XLF.US,5,20251216,202500,54.54,54.58,54.5,54.5799,480129,0
XLF.US,5,20251216,203000,54.58,54.62,54.58,54.62,297293,0
XLF.US,5,20251216,203500,54.615,54.6499,54.605,54.625,323788,0
XLF.US,5,20251216,204000,54.625,54.655,54.6001,54.645,166207,0
XLF.US,5,20251216,204500,54.645,54.65,54.615,54.635,179145,0
XLF.US,5,20251216,205000,54.63,54.6899,54.625,54.64,281505,0
XLF.US,5,20251216,205500,54.64,54.64,54.595,54.62,282855,0
XLF.US,5,20251216,210000,54.63,54.7182,54.62,54.7158,335087,0
XLF.US,5,20251216,210500,54.715,54.7256,54.68,54.71,160507,0
XLF.US,5,20251216,211000,54.715,54.74,54.69,54.6962,138485,0
XLF.US,5,20251216,211500,54.6999,54.72,54.685,54.715,225398,0
XLF.US,5,20251216,212000,54.715,54.735,54.71,54.73,152384,0
XLF.US,5,20251216,212500,54.725,54.73,54.7,54.725,218019,0
XLF.US,5,20251216,213000,54.725,54.78,54.72,54.765,399071,0
XLF.US,5,20251216,213500,54.765,54.79,54.74,54.74,332392,0
XLF.US,5,20251216,214000,54.745,54.7555,54.72,54.73,297256,0
XLF.US,5,20251216,214500,54.735,54.735,54.685,54.715,486266,0
XLF.US,5,20251216,215000,54.72,54.745,54.69,54.69,1137253,0
XLF.US,5,20251216,215500,54.69,54.725,54.62,54.64,4291302,0
XLF.US,5,20251217,153000,54.8,55.01,54.73,54.935,1018080,0
XLF.US,5,20251217,153500,54.935,55,54.89,54.95,698445,0
XLF.US,5,20251217,154000,54.94,55.01,54.875,54.895,767094,0
XLF.US,5,20251217,154500,54.9,55.01,54.87,54.995,1020925,0
XLF.US,5,20251217,155000,54.995,55.065,54.95,54.97,631901,0
XLF.US,5,20251217,155500,54.97,55.035,54.95,55.02,445287,0
XLF.US,5,20251217,160000,55.015,55.05,54.985,55.01,689897,0
XLF.US,5,20251217,160500,55.01,55.07,54.995,55.02,534078,0
XLF.US,5,20251217,161000,55.02,55.055,54.99,55.035,405946,0
XLF.US,5,20251217,161500,55.035,55.045,54.96,54.965,357930,0
XLF.US,5,20251217,162000,54.96,55.045,54.95,54.995,419456,0
XLF.US,5,20251217,162500,54.99,55.05,54.97,55.025,329934,0
XLF.US,5,20251217,163000,55.025,55.0467,54.975,54.975,285324,0
XLF.US,5,20251217,163500,54.975,55.0099,54.91,54.97,442688,0
XLF.US,5,20251217,164000,54.97,54.9898,54.93,54.968,425759,0
XLF.US,5,20251217,164500,54.97,54.97,54.9,54.93,629261,0
XLF.US,5,20251217,165000,54.925,54.935,54.81,54.81,539940,0
XLF.US,5,20251217,165500,54.81,54.825,54.765,54.8,615244,0
XLF.US,5,20251217,170000,54.8,54.86,54.755,54.84,745323,0
XLF.US,5,20251217,170500,54.845,54.87,54.801,54.81,289726,0
XLF.US,5,20251217,171000,54.81,54.84,54.74,54.74,525617,0
XLF.US,5,20251217,171500,54.74,54.85,54.73,54.835,481822,0
XLF.US,5,20251217,172000,54.835,54.91,54.82,54.87,388347,0
XLF.US,5,20251217,172500,54.865,54.905,54.805,54.835,299771,0
XLF.US,5,20251217,173000,54.83,54.84,54.77,54.8201,360403,0
XLF.US,5,20251217,173500,54.825,54.87,54.7925,54.81,463832,0
XLF.US,5,20251217,174000,54.81,54.835,54.76,54.82,288674,0
XLF.US,5,20251217,174500,54.82,54.85,54.79,54.825,295396,0
XLF.US,5,20251217,175000,54.82,54.83,54.73,54.76,294543,0
XLF.US,5,20251217,175500,54.7799,54.835,54.7599,54.83,170388,0
XLF.US,5,20251217,180000,54.835,54.84,54.73,54.755,292347,0
XLF.US,5,20251217,180500,54.76,54.805,54.75,54.75,297061,0
XLF.US,5,20251217,181000,54.75,54.815,54.745,54.76,256446,0
XLF.US,5,20251217,181500,54.755,54.855,54.75,54.815,787907,0
XLF.US,5,20251217,182000,54.81,54.865,54.805,54.865,208820,0
XLF.US,5,20251217,182500,54.86,54.87,54.7741,54.78,201571,0
XLF.US,5,20251217,183000,54.78,54.83,54.77,54.79,191091,0
XLF.US,5,20251217,183500,54.7801,54.805,54.74,54.74,127844,0
XLF.US,5,20251217,184000,54.74,54.805,54.74,54.765,485964,0
XLF.US,5,20251217,184500,54.765,54.765,54.71,54.735,301925,0
XLF.US,5,20251217,185000,54.74,54.77,54.715,54.72,420384,0
XLF.US,5,20251217,185500,54.73,54.745,54.7144,54.74,207794,0
XLF.US,5,20251217,190000,54.74,54.805,54.74,54.78,275532,0
XLF.US,5,20251217,190500,54.775,54.7755,54.73,54.73,277541,0
XLF.US,5,20251217,191000,54.73,54.7362,54.68,54.68,140183,0
XLF.US,5,20251217,191500,54.68,54.7,54.645,54.645,456612,0
XLF.US,5,20251217,192000,54.65,54.685,54.64,54.67,288381,0
XLF.US,5,20251217,192500,54.665,54.675,54.63,54.64,257848,0
XLF.US,5,20251217,193000,54.635,54.65,54.615,54.65,173393,0
XLF.US,5,20251217,193500,54.655,54.68,54.63,54.635,368814,0
XLF.US,5,20251217,194000,54.631,54.665,54.6,54.655,337690,0
XLF.US,5,20251217,194500,54.655,54.685,54.635,54.655,213484,0
XLF.US,5,20251217,195000,54.655,54.67,54.63,54.635,215108,0
XLF.US,5,20251217,195500,54.6384,54.66,54.62,54.645,151510,0
XLF.US,5,20251217,200000,54.645,54.65,54.605,54.611,200935,0
XLF.US,5,20251217,200500,54.61,54.64,54.605,54.615,213875,0
XLF.US,5,20251217,201000,54.615,54.65,54.6044,54.64,258052,0
XLF.US,5,20251217,201500,54.645,54.7,54.645,54.68,218223,0
XLF.US,5,20251217,202000,54.675,54.69,54.645,54.675,324318,0
XLF.US,5,20251217,202500,54.67,54.68,54.655,54.665,136898,0
XLF.US,5,20251217,203000,54.665,54.7099,54.66,54.66,230957,0
XLF.US,5,20251217,203500,54.66,54.7,54.64,54.685,169822,0
XLF.US,5,20251217,204000,54.69,54.695,54.66,54.671,199949,0
XLF.US,5,20251217,204500,54.67,54.72,54.66,54.72,292981,0
XLF.US,5,20251217,205000,54.72,54.725,54.695,54.7125,221101,0
XLF.US,5,20251217,205500,54.7198,54.73,54.7,54.73,147095,0
XLF.US,5,20251217,210000,54.725,54.74,54.685,54.695,184256,0
XLF.US,5,20251217,210500,54.695,54.7175,54.685,54.705,283521,0
XLF.US,5,20251217,211000,54.705,54.73,54.7,54.725,178567,0
XLF.US,5,20251217,211500,54.72,54.75,54.72,54.725,160956,0
XLF.US,5,20251217,212000,54.73,54.7399,54.7,54.705,128916,0
XLF.US,5,20251217,212500,54.705,54.71,54.66,54.685,217022,0
XLF.US,5,20251217,213000,54.685,54.69,54.62,54.645,312322,0
XLF.US,5,20251217,213500,54.645,54.65,54.605,54.6128,376478,0
XLF.US,5,20251217,214000,54.6144,54.65,54.61,54.625,554521,0
XLF.US,5,20251217,214500,54.625,54.665,54.605,54.665,875380,0
XLF.US,5,20251217,215000,54.67,54.685,54.6,54.625,1071275,0
XLF.US,5,20251217,215500,54.63,54.65,54.5801,54.63,5380232,0
XLF.US,5,20251218,153000,54.78,54.9156,54.78,54.915,952546,0
XLF.US,5,20251218,153500,54.915,54.93,54.81,54.88,553125,0
XLF.US,5,20251218,154000,54.88,54.905,54.72,54.765,618066,0
XLF.US,5,20251218,154500,54.77,54.825,54.735,54.75,471184,0
XLF.US,5,20251218,155000,54.75,54.915,54.75,54.905,401726,0
XLF.US,5,20251218,155500,54.89,54.985,54.885,54.955,320945,0
XLF.US,5,20251218,160000,54.955,55.015,54.955,55.001,561633,0
XLF.US,5,20251218,160500,55.005,55.01,54.9,54.905,500368,0
XLF.US,5,20251218,161000,54.91,54.92,54.815,54.85,399601,0
XLF.US,5,20251218,161500,54.85,54.87,54.795,54.835,341209,0
XLF.US,5,20251218,162000,54.83,54.92,54.78,54.9101,323868,0
XLF.US,5,20251218,162500,54.91,54.915,54.85,54.885,325797,0
XLF.US,5,20251218,163000,54.89,54.91,54.855,54.91,381752,0
XLF.US,5,20251218,163500,54.91,54.96,54.89,54.925,810049,0
XLF.US,5,20251218,164000,54.925,55.015,54.91,55.015,358026,0
XLF.US,5,20251218,164500,55.01,55.015,54.93,54.94,347573,0
XLF.US,5,20251218,165000,54.93,54.965,54.875,54.9,230353,0
XLF.US,5,20251218,165500,54.89,54.945,54.885,54.94,139220,0
XLF.US,5,20251218,170000,54.94,54.9975,54.93,54.9827,198949,0
XLF.US,5,20251218,170500,54.985,55.015,54.975,54.975,153134,0
XLF.US,5,20251218,171000,54.975,54.975,54.865,54.87,280730,0
XLF.US,5,20251218,171500,54.88,54.89,54.84,54.845,255106,0
XLF.US,5,20251218,172000,54.845,54.915,54.825,54.895,380134,0
XLF.US,5,20251218,172500,54.895,54.9251,54.85,54.9,340325,0
XLF.US,5,20251218,173000,54.895,54.925,54.87,54.87,226157,0
XLF.US,5,20251218,173500,54.865,54.936683,54.865,54.8999,291296,0
XLF.US,5,20251218,174000,54.9,54.91,54.8438,54.8438,145025,0
XLF.US,5,20251218,174500,54.8459,54.85,54.77,54.77,178449,0
XLF.US,5,20251218,175000,54.775,54.7899,54.75,54.775,207330,0
XLF.US,5,20251218,175500,54.771,54.78,54.71,54.735,366174,0
XLF.US,5,20251218,180000,54.74,54.75,54.715,54.715,193254,0
XLF.US,5,20251218,180500,54.72,54.72,54.6,54.605,468060,0
XLF.US,5,20251218,181000,54.6,54.62,54.525,54.54,761938,0
XLF.US,5,20251218,181500,54.54,54.55,54.455,54.485,419974,0
XLF.US,5,20251218,182000,54.48,54.526253,54.41,54.42,591425,0
XLF.US,5,20251218,182500,54.415,54.435,54.355,54.435,476389,0
XLF.US,5,20251218,183000,54.435,54.445,54.36,54.425,546693,0
XLF.US,5,20251218,183500,54.425,54.515,54.422512,54.51,390654,0
XLF.US,5,20251218,184000,54.515,54.63,54.515,54.63,326657,0
XLF.US,5,20251218,184500,54.625,54.65,54.535,54.555,398485,0
XLF.US,5,20251218,185000,54.55,54.595,54.525,54.575,371329,0
XLF.US,5,20251218,185500,54.57,54.615,54.54,54.615,259027,0
XLF.US,5,20251218,190000,54.6112,54.6357,54.565,54.59,268631,0
XLF.US,5,20251218,190500,54.585,54.6292,54.58,54.6292,287678,0
XLF.US,5,20251218,191000,54.62,54.675,54.61,54.64,341138,0
XLF.US,5,20251218,191500,54.64,54.66,54.625,54.66,155069,0
XLF.US,5,20251218,192000,54.655,54.68,54.645,54.68,162588,0
XLF.US,5,20251218,192500,54.6785,54.71,54.67,54.7099,220397,0
XLF.US,5,20251218,193000,54.71,54.77,54.71,54.745,152110,0
XLF.US,5,20251218,193500,54.745,54.79,54.745,54.765,278135,0
XLF.US,5,20251218,194000,54.765,54.77,54.7142,54.7171,143387,0
XLF.US,5,20251218,194500,54.71,54.715,54.655,54.66,218860,0
XLF.US,5,20251218,195000,54.66,54.69,54.635,54.655,343653,0
XLF.US,5,20251218,195500,54.655,54.71,54.645,54.69,237550,0
XLF.US,5,20251218,200000,54.685,54.6999,54.575,54.58,184174,0
XLF.US,5,20251218,200500,54.58,54.635,54.57,54.625,299842,0
XLF.US,5,20251218,201000,54.625,54.6563,54.6,54.605,158879,0
XLF.US,5,20251218,201500,54.605,54.61,54.58,54.5954,157130,0
XLF.US,5,20251218,202000,54.59,54.61,54.5738,54.6,186346,0
XLF.US,5,20251218,202500,54.595,54.625,54.59,54.615,208122,0
XLF.US,5,20251218,203000,54.615,54.64,54.575,54.575,203298,0
XLF.US,5,20251218,203500,54.575,54.59,54.56,54.585,218504,0
XLF.US,5,20251218,204000,54.58,54.6299,54.55,54.565,352175,0
XLF.US,5,20251218,204500,54.565,54.61,54.543,54.605,245700,0
XLF.US,5,20251218,205000,54.605,54.625,54.55,54.555,290697,0
XLF.US,5,20251218,205500,54.55,54.55,54.485,54.5306,361990,0
XLF.US,5,20251218,210000,54.535,54.615,54.535,54.6131,277598,0
XLF.US,5,20251218,210500,54.615,54.635,54.5532,54.563344,296339,0
XLF.US,5,20251218,211000,54.56,54.6059,54.56,54.6,246471,0
XLF.US,5,20251218,211500,54.605,54.6457,54.57,54.6457,154578,0
XLF.US,5,20251218,212000,54.645,54.6588,54.61,54.6361,220388,0
XLF.US,5,20251218,212500,54.635,54.64,54.595,54.62,724271,0
XLF.US,5,20251218,213000,54.615,54.67,54.605,54.67,556769,0
XLF.US,5,20251218,213500,54.675,54.69,54.615,54.62,485908,0
XLF.US,5,20251218,214000,54.62,54.655,54.61,54.615,386781,0
XLF.US,5,20251218,214500,54.615,54.67,54.615,54.67,634692,0
XLF.US,5,20251218,215000,54.67,54.67,54.55,54.565,2091668,0
XLF.US,5,20251218,215500,54.565,54.57,54.51,54.54,3823270,0
XLF.US,5,20251219,153000,54.59,54.84,54.585,54.82,1346089,0
XLF.US,5,20251219,153500,54.83,54.855,54.71,54.73,1299308,0
XLF.US,5,20251219,154000,54.73,54.76,54.641,54.695,936318,0
XLF.US,5,20251219,154500,54.695,54.73,54.61,54.635,1225868,0
XLF.US,5,20251219,155000,54.635,54.77,54.63,54.73,673056,0
XLF.US,5,20251219,155500,54.72,54.7699,54.67,54.75,451455,0
XLF.US,5,20251219,160000,54.75,54.81,54.73,54.803,546291,0
XLF.US,5,20251219,160500,54.8,54.81,54.71,54.785,364754,0
XLF.US,5,20251219,161000,54.79,54.84,54.75,54.83,301895,0
XLF.US,5,20251219,161500,54.835,54.875,54.82,54.825,431632,0
XLF.US,5,20251219,162000,54.825,54.86,54.79,54.81,420586,0
XLF.US,5,20251219,162500,54.82,54.8799,54.81,54.8555,496105,0
XLF.US,5,20251219,163000,54.855,54.885,54.815,54.84,272849,0
XLF.US,5,20251219,163500,54.84,54.875,54.825,54.855,296503,0
XLF.US,5,20251219,164000,54.855,54.8656,54.81,54.82,261364,0
XLF.US,5,20251219,164500,54.825,54.855,54.8,54.81,271211,0
XLF.US,5,20251219,165000,54.815,54.86,54.81,54.845,396180,0
XLF.US,5,20251219,165500,54.845,54.87,54.801,54.84,340117,0
XLF.US,5,20251219,170000,54.835,54.84,54.785,54.8264,335598,0
XLF.US,5,20251219,170500,54.825,54.865,54.8045,54.835,258946,0
XLF.US,5,20251219,171000,54.84,54.86,54.805,54.84,220416,0
XLF.US,5,20251219,171500,54.845,54.89,54.835,54.855,212000,0
XLF.US,5,20251219,172000,54.86,54.88,54.85,54.855,190774,0
XLF.US,5,20251219,172500,54.855,54.9356,54.855,54.9356,343484,0
XLF.US,5,20251219,173000,54.935,54.95,54.89,54.89,259481,0
XLF.US,5,20251219,173500,54.89,54.89,54.841,54.841,217262,0
XLF.US,5,20251219,174000,54.84,54.9,54.835,54.885,276284,0
XLF.US,5,20251219,174500,54.88,54.9,54.87,54.895,302734,0
XLF.US,5,20251219,175000,54.895,54.95,54.885,54.945,231952,0
XLF.US,5,20251219,175500,54.9465,54.96,54.915,54.925,323004,0
XLF.US,5,20251219,180000,54.925,54.935,54.905,54.925,307530,0
XLF.US,5,20251219,180500,54.925,54.935,54.91,54.925,175041,0
XLF.US,5,20251219,181000,54.92,54.93,54.885,54.89,158880,0
XLF.US,5,20251219,181500,54.895,54.94,54.895,54.915,200347,0
XLF.US,5,20251219,182000,54.915,54.99,54.915,54.985,483762,0
XLF.US,5,20251219,182500,54.9801,54.985,54.951,54.955,496181,0
XLF.US,5,20251219,183000,54.955,54.96,54.925,54.935,307131,0
XLF.US,5,20251219,183500,54.9399,54.955,54.91,54.955,323241,0
XLF.US,5,20251219,184000,54.95,54.95,54.9,54.905,403161,0
XLF.US,5,20251219,184500,54.91,54.926,54.88,54.926,299745,0
XLF.US,5,20251219,185000,54.925,54.96,54.92,54.95,320332,0
XLF.US,5,20251219,185500,54.945,54.945,54.91,54.91,245901,0
XLF.US,5,20251219,190000,54.91,54.935,54.89,54.935,191726,0
XLF.US,5,20251219,190500,54.935,54.955,54.92,54.95,308106,0
XLF.US,5,20251219,191000,54.955,54.985,54.9527,54.985,213091,0
XLF.US,5,20251219,191500,54.985,55,54.97,54.985,158324,0
XLF.US,5,20251219,192000,54.985,55,54.98,54.985,167355,0
XLF.US,5,20251219,192500,54.985,55.0175,54.98,54.995,133170,0
XLF.US,5,20251219,193000,54.995,55.02,54.985,54.995,282094,0
XLF.US,5,20251219,193500,54.995,55.01,54.974,54.99,163518,0
XLF.US,5,20251219,194000,54.9842,54.99,54.965,54.975,299980,0
XLF.US,5,20251219,194500,54.97,54.975,54.9534,54.955,208442,0
XLF.US,5,20251219,195000,54.955,54.965797,54.94,54.9555,364783,0
XLF.US,5,20251219,195500,54.955,54.96,54.92,54.93,252560,0
XLF.US,5,20251219,200000,54.935,54.94,54.914,54.925,287954,0
XLF.US,5,20251219,200500,54.925,54.96,54.9001,54.915,191953,0
XLF.US,5,20251219,201000,54.915,54.925,54.8901,54.905,247668,0
XLF.US,5,20251219,201500,54.905,54.9299,54.901,54.9236,284059,0
XLF.US,5,20251219,202000,54.921,54.9299,54.905,54.915,166701,0
XLF.US,5,20251219,202500,54.92,54.925,54.89,54.895,180329,0
XLF.US,5,20251219,203000,54.9,54.9266,54.89,54.925,350245,0
XLF.US,5,20251219,203500,54.925,54.94,54.915,54.915,633109,0
XLF.US,5,20251219,204000,54.915,54.945,54.915,54.925,231203,0
XLF.US,5,20251219,204500,54.925,54.955,54.925,54.945,219749,0
XLF.US,5,20251219,205000,54.945,54.965,54.93,54.935,309912,0
XLF.US,5,20251219,205500,54.94,54.95,54.92,54.935,380408,0
XLF.US,5,20251219,210000,54.94,54.96,54.93,54.94,333202,0
XLF.US,5,20251219,210500,54.94,54.95,54.9202,54.94,421471,0
XLF.US,5,20251219,211000,54.935,54.955,54.91,54.915,513856,0
XLF.US,5,20251219,211500,54.915,54.92,54.891,54.915,254970,0
XLF.US,5,20251219,212000,54.915,54.95,54.915,54.925,302103,0
XLF.US,5,20251219,212500,54.925,54.93,54.86,54.875,375693,0
XLF.US,5,20251219,213000,54.875,54.92,54.86,54.89,324745,0
XLF.US,5,20251219,213500,54.885,54.9,54.87,54.87,446128,0
XLF.US,5,20251219,214000,54.87,54.88,54.81,54.8364,665119,0
XLF.US,5,20251219,214500,54.83,54.87,54.8,54.845,1175855,0
XLF.US,5,20251219,215000,54.84,54.92,54.78,54.9092,2623339,0
XLF.US,5,20251219,215500,54.91,54.915,54.82,54.85,5228059,0
XLF.US,5,20251222,153000,54.75,55.04,54.74,55.03,1122841,0
XLF.US,5,20251222,153500,55.035,55.1,54.97,54.985,808237,0
XLF.US,5,20251222,154000,54.99,55.07,54.96,55.03,1182210,0
XLF.US,5,20251222,154500,55.025,55.08,55,55.06,605950,0
XLF.US,5,20251222,155000,55.06,55.08,54.99,55.035,785828,0
XLF.US,5,20251222,155500,55.035,55.0699,54.99,55.03,599190,0
XLF.US,5,20251222,160000,55.025,55.09,55.02,55.065,826233,0
XLF.US,5,20251222,160500,55.07,55.0999,55.03,55.095,642287,0
XLF.US,5,20251222,161000,55.09,55.09,55.02,55.07,568753,0
XLF.US,5,20251222,161500,55.075,55.11,55.055,55.08,516211,0
XLF.US,5,20251222,162000,55.08,55.13,55.07,55.1299,346335,0
XLF.US,5,20251222,162500,55.1274,55.16,55.105,55.145,339300,0
XLF.US,5,20251222,163000,55.145,55.1875,55.145,55.165,354414,0
XLF.US,5,20251222,163500,55.1697,55.17,55.105,55.105,288089,0
XLF.US,5,20251222,164000,55.1067,55.21,55.1067,55.205,294412,0
XLF.US,5,20251222,164500,55.205,55.2399,55.195,55.23,241049,0
XLF.US,5,20251222,165000,55.225,55.23,55.1801,55.1801,158384,0
XLF.US,5,20251222,165500,55.18,55.1999,55.17,55.18,198372,0
XLF.US,5,20251222,170000,55.18,55.24,55.1784,55.235,407643,0
XLF.US,5,20251222,170500,55.235,55.275,55.225,55.245,216821,0
XLF.US,5,20251222,171000,55.25,55.325,55.2484,55.315,277284,0
XLF.US,5,20251222,171500,55.315,55.335,55.29,55.315,228603,0
XLF.US,5,20251222,172000,55.315,55.335,55.29,55.3,198665,0
XLF.US,5,20251222,172500,55.2968,55.315,55.28,55.2999,202021,0
XLF.US,5,20251222,173000,55.295,55.335,55.295,55.305,194718,0
XLF.US,5,20251222,173500,55.305,55.32,55.28,55.295,635704,0
XLF.US,5,20251222,174000,55.295,55.32,55.2831,55.295,205677,0
XLF.US,5,20251222,174500,55.29,55.33,55.29,55.305,165052,0
XLF.US,5,20251222,175000,55.305,55.34,55.3,55.335,174897,0
XLF.US,5,20251222,175500,55.335,55.375,55.3325,55.35,240835,0
XLF.US,5,20251222,180000,55.355,55.36,55.325,55.335,157790,0
XLF.US,5,20251222,180500,55.34,55.355,55.33,55.355,349091,0
XLF.US,5,20251222,181000,55.355,55.38,55.345,55.375,222068,0
XLF.US,5,20251222,181500,55.3706,55.39,55.35,55.36,256157,0
XLF.US,5,20251222,182000,55.3506,55.37,55.35,55.36,151621,0
XLF.US,5,20251222,182500,55.3664,55.38,55.345,55.365,148022,0
XLF.US,5,20251222,183000,55.37,55.3892,55.355,55.3568,205537,0
XLF.US,5,20251222,183500,55.355,55.37,55.35,55.37,178243,0
XLF.US,5,20251222,184000,55.365,55.41,55.36,55.385,342882,0
XLF.US,5,20251222,184500,55.3884,55.42,55.385,55.405,223068,0
XLF.US,5,20251222,185000,55.405,55.4399,55.405,55.43,213318,0
XLF.US,5,20251222,185500,55.425,55.44,55.42,55.425,216240,0
XLF.US,5,20251222,190000,55.4291,55.43,55.4044,55.4044,191103,0
XLF.US,5,20251222,190500,55.405,55.425,55.394,55.415,197772,0
XLF.US,5,20251222,191000,55.41,55.425,55.4042,55.42,216530,0
XLF.US,5,20251222,191500,55.4103,55.43,55.4043,55.4255,115358,0
XLF.US,5,20251222,192000,55.42,55.425,55.36,55.36,175836,0
XLF.US,5,20251222,192500,55.365,55.39,55.35,55.365,395741,0
XLF.US,5,20251222,193000,55.3691,55.41,55.3691,55.385,333026,0
XLF.US,5,20251222,193500,55.385,55.39,55.375,55.385,102684,0
XLF.US,5,20251222,194000,55.385,55.385,55.35,55.355,156007,0
XLF.US,5,20251222,194500,55.355,55.36,55.325,55.335,118659,0
XLF.US,5,20251222,195000,55.335,55.345,55.32,55.335,182393,0
XLF.US,5,20251222,195500,55.33,55.3499,55.32,55.325,137601,0
XLF.US,5,20251222,200000,55.325,55.34,55.2939,55.31,250187,0
XLF.US,5,20251222,200500,55.305,55.305,55.27,55.275,595629,0
XLF.US,5,20251222,201000,55.275,55.29,55.2501,55.255,314576,0
XLF.US,5,20251222,201500,55.2599,55.28,55.2301,55.28,404300,0
XLF.US,5,20251222,202000,55.275,55.3064,55.27,55.3064,224321,0
XLF.US,5,20251222,202500,55.305,55.31,55.295,55.3053,98748,0
XLF.US,5,20251222,203000,55.305,55.33,55.3,55.3,211781,0
XLF.US,5,20251222,203500,55.3,55.345,55.3,55.32,110732,0
XLF.US,5,20251222,204000,55.32,55.34,55.32,55.3268,87458,0
XLF.US,5,20251222,204500,55.33,55.35,55.324357,55.34,50375,0
XLF.US,5,20251222,205000,55.345,55.36,55.34,55.345,311167,0
XLF.US,5,20251222,205500,55.34,55.349,55.33,55.339,100676,0
XLF.US,5,20251222,210000,55.34,55.37,55.335,55.36,170275,0
XLF.US,5,20251222,210500,55.36,55.37,55.3539,55.365,166381,0
XLF.US,5,20251222,211000,55.365,55.3864,55.36,55.365,225592,0
XLF.US,5,20251222,211500,55.3652,55.39,55.36,55.375,194159,0
XLF.US,5,20251222,212000,55.375,55.39,55.36,55.365,116442,0
XLF.US,5,20251222,212500,55.36,55.37,55.35,55.37,516248,0
XLF.US,5,20251222,213000,55.365,55.3864,55.36,55.3754,263438,0
XLF.US,5,20251222,213500,55.375,55.38,55.3425,55.355,517878,0
XLF.US,5,20251222,214000,55.355,55.36,55.33,55.3358,401604,0
XLF.US,5,20251222,214500,55.335,55.34,55.3,55.325,726381,0
XLF.US,5,20251222,215000,55.32,55.33,55.295,55.3161,1294509,0
XLF.US,5,20251222,215500,55.315,55.35,55.31,55.32,3605076,0
XLF.US,5,20251223,153000,55.31,55.47,55.31,55.39,611904,0
XLF.US,5,20251223,153500,55.38,55.45,55.33,55.425,320126,0
XLF.US,5,20251223,154000,55.42,55.519,55.42,55.45,342170,0
XLF.US,5,20251223,154500,55.4448,55.45,55.39,55.42,522514,0
XLF.US,5,20251223,155000,55.415,55.455,55.41,55.435,258905,0
XLF.US,5,20251223,155500,55.4399,55.48,55.41,55.45,363575,0
XLF.US,5,20251223,160000,55.445,55.495,55.445,55.48,226064,0
XLF.US,5,20251223,160500,55.485,55.485,55.405,55.45,255428,0
XLF.US,5,20251223,161000,55.45,55.47,55.415,55.43,281798,0
XLF.US,5,20251223,161500,55.435,55.47,55.43,55.45,174505,0
XLF.US,5,20251223,162000,55.455,55.48,55.435,55.44,206710,0
XLF.US,5,20251223,162500,55.445,55.455,55.3924,55.4,341043,0
XLF.US,5,20251223,163000,55.41,55.46,55.395,55.445,255690,0
XLF.US,5,20251223,163500,55.445,55.475,55.43,55.45,153601,0
XLF.US,5,20251223,164000,55.45,55.5,55.445,55.475,614099,0
XLF.US,5,20251223,164500,55.47,55.48,55.435,55.47,192404,0
XLF.US,5,20251223,165000,55.4799,55.4799,55.445,55.445,198360,0
XLF.US,5,20251223,165500,55.445,55.45,55.42,55.445,94952,0
XLF.US,5,20251223,170000,55.445,55.4664,55.43,55.435,140219,0
XLF.US,5,20251223,170500,55.43,55.45,55.42,55.425,286027,0
XLF.US,5,20251223,171000,55.425,55.45,55.415,55.445,188939,0
XLF.US,5,20251223,171500,55.445,55.47,55.445,55.4599,128486,0
XLF.US,5,20251223,172000,55.455,55.46,55.423,55.435,249548,0
XLF.US,5,20251223,172500,55.4301,55.435,55.395,55.395,159704,0
XLF.US,5,20251223,173000,55.4,55.435,55.395,55.43,215466,0
XLF.US,5,20251223,173500,55.43,55.44,55.42,55.425,130835,0
XLF.US,5,20251223,174000,55.425,55.44,55.4044,55.405,155280,0
XLF.US,5,20251223,174500,55.405,55.41,55.385,55.392,178285,0
XLF.US,5,20251223,175000,55.395,55.4,55.375,55.375,175871,0
XLF.US,5,20251223,175500,55.3701,55.3864,55.355,55.355,210678,0
XLF.US,5,20251223,180000,55.355,55.37,55.34,55.355,331902,0
XLF.US,5,20251223,180500,55.3517,55.365,55.34,55.3599,240789,0
XLF.US,5,20251223,181000,55.355,55.39,55.34,55.375,223338,0
XLF.US,5,20251223,181500,55.38,55.41,55.375,55.405,81733,0
XLF.US,5,20251223,182000,55.405,55.4458,55.405,55.445,151619,0
XLF.US,5,20251223,182500,55.445,55.45,55.43,55.435,203103,0
XLF.US,5,20251223,183000,55.4399,55.4499,55.42,55.425,311983,0
XLF.US,5,20251223,183500,55.425,55.45,55.425,55.445,147455,0
XLF.US,5,20251223,184000,55.44,55.44,55.43,55.435,88289,0
XLF.US,5,20251223,184500,55.44,55.4481,55.41,55.42,236274,0
XLF.US,5,20251223,185000,55.41,55.4458,55.4,55.445,138185,0
XLF.US,5,20251223,185500,55.445,55.466,55.435,55.445,230746,0
XLF.US,5,20251223,190000,55.445,55.46,55.435,55.435,145353,0
XLF.US,5,20251223,190500,55.4332,55.48,55.4332,55.475,178227,0
XLF.US,5,20251223,191000,55.475,55.49,55.46,55.4863,218356,0
XLF.US,5,20251223,191500,55.48,55.51,55.48,55.51,87595,0
XLF.US,5,20251223,192000,55.505,55.55,55.505,55.53,156764,0
XLF.US,5,20251223,192500,55.53,55.54,55.52,55.535,187923,0
XLF.US,5,20251223,193000,55.54,55.56,55.5337,55.545,148686,0
XLF.US,5,20251223,193500,55.545,55.55,55.525,55.55,194966,0
XLF.US,5,20251223,194000,55.55,55.555,55.54,55.545,70538,0
XLF.US,5,20251223,194500,55.545,55.5599,55.53,55.53,117399,0
XLF.US,5,20251223,195000,55.535,55.56,55.531,55.545,215180,0
XLF.US,5,20251223,195500,55.545,55.5499,55.505,55.515,186014,0
XLF.US,5,20251223,200000,55.515,55.5275,55.5,55.515,226617,0
XLF.US,5,20251223,200500,55.515,55.52,55.5,55.505,147757,0
XLF.US,5,20251223,201000,55.505,55.505,55.48,55.48,136609,0
XLF.US,5,20251223,201500,55.48,55.5,55.47,55.49,205432,0
XLF.US,5,20251223,202000,55.495,55.5,55.4844,55.495,140227,0
XLF.US,5,20251223,202500,55.495,55.5,55.48,55.495,181573,0
XLF.US,5,20251223,203000,55.495,55.5,55.485,55.49,177734,0
XLF.US,5,20251223,203500,55.485,55.4955,55.475,55.48,105152,0
XLF.US,5,20251223,204000,55.4723,55.49,55.47,55.485,106166,0
XLF.US,5,20251223,204500,55.485,55.51,55.485,55.495,199032,0
XLF.US,5,20251223,205000,55.495,55.495,55.47,55.48,194788,0
XLF.US,5,20251223,205500,55.475,55.48,55.46,55.47,114940,0
XLF.US,5,20251223,210000,55.465,55.485,55.46,55.475,305754,0
XLF.US,5,20251223,210500,55.47,55.49,55.46,55.475,195684,0
XLF.US,5,20251223,211000,55.4702,55.4899,55.47,55.475,128321,0
XLF.US,5,20251223,211500,55.47,55.485,55.46,55.4659,159819,0
XLF.US,5,20251223,212000,55.465,55.4658,55.45,55.455,666687,0
XLF.US,5,20251223,212500,55.45,55.46,55.445,55.455,207260,0
XLF.US,5,20251223,213000,55.4536,55.48,55.45,55.465,372705,0
XLF.US,5,20251223,213500,55.465,55.4656,55.44,55.46,287723,0
XLF.US,5,20251223,214000,55.455,55.47,55.44,55.4437,604667,0
XLF.US,5,20251223,214500,55.44,55.4599,55.43,55.45,451227,0
XLF.US,5,20251223,215000,55.445,55.455,55.41,55.445,994205,0
XLF.US,5,20251223,215500,55.45,55.46,55.42,55.43,3741363,0
XLF.US,5,20251224,153000,55.51,55.54,55.415,55.415,894346,0
XLF.US,5,20251224,153500,55.41,55.465,55.405,55.45,436743,0
XLF.US,5,20251224,154000,55.455,55.53,55.45,55.5,322440,0
XLF.US,5,20251224,154500,55.5,55.59,55.5,55.585,258326,0
XLF.US,5,20251224,155000,55.58,55.6255,55.56,55.58,303567,0
XLF.US,5,20251224,155500,55.59,55.59,55.5401,55.5401,196407,0
XLF.US,5,20251224,160000,55.545,55.59,55.535,55.585,210413,0
XLF.US,5,20251224,160500,55.585,55.62,55.56,55.605,346478,0
XLF.US,5,20251224,161000,55.605,55.63,55.605,55.63,238014,0
XLF.US,5,20251224,161500,55.636,55.655,55.62,55.6455,282933,0
XLF.US,5,20251224,162000,55.64,55.6651,55.63,55.665,249526,0
XLF.US,5,20251224,162500,55.665,55.71,55.6645,55.6831,186718,0
XLF.US,5,20251224,163000,55.685,55.69,55.66,55.665,268855,0
XLF.US,5,20251224,163500,55.6644,55.705,55.655,55.695,250933,0
XLF.US,5,20251224,164000,55.695,55.71,55.68,55.685,189885,0
XLF.US,5,20251224,164500,55.68,55.69,55.66,55.6899,172924,0
XLF.US,5,20251224,165000,55.69,55.71,55.69,55.7,187666,0
XLF.US,5,20251224,165500,55.7,55.7367,55.695,55.715,180453,0
XLF.US,5,20251224,170000,55.71,55.73,55.7,55.7,168712,0
XLF.US,5,20251224,170500,55.7,55.7399,55.695,55.725,189867,0
XLF.US,5,20251224,171000,55.73,55.7397,55.71,55.735,151170,0
XLF.US,5,20251224,171500,55.735,55.735,55.7,55.7292,246053,0
XLF.US,5,20251224,172000,55.725,55.755,55.7242,55.735,221097,0
XLF.US,5,20251224,172500,55.735,55.76,55.72,55.745,311806,0
XLF.US,5,20251224,173000,55.745,55.75,55.72,55.7394,202404,0
XLF.US,5,20251224,173500,55.735,55.78,55.735,55.775,206441,0
XLF.US,5,20251224,174000,55.7705,55.7761,55.76,55.765,112534,0
XLF.US,5,20251224,174500,55.765,55.7699,55.74,55.745,169608,0
XLF.US,5,20251224,175000,55.7499,55.775,55.7444,55.775,169816,0
XLF.US,5,20251224,175500,55.775,55.7962,55.77,55.775,206512,0
XLF.US,5,20251224,180000,55.77,55.81,55.77,55.79,203929,0
XLF.US,5,20251224,180500,55.7855,55.82,55.7855,55.815,252574,0
XLF.US,5,20251224,181000,55.815,55.83,55.81,55.82,174632,0
XLF.US,5,20251224,181500,55.82,55.8399,55.795,55.81,316540,0
XLF.US,5,20251224,182000,55.81,55.84,55.81,55.815,315742,0
XLF.US,5,20251224,182500,55.815,55.835,55.8042,55.835,379670,0
XLF.US,5,20251224,183000,55.835,55.889,55.835,55.865,365404,0
XLF.US,5,20251224,183500,55.86,55.88,55.84,55.8444,392169,0
XLF.US,5,20251224,184000,55.84,55.86,55.76,55.76,1050467,0
XLF.US,5,20251224,184500,55.765,55.77,55.72,55.72,590217,0
XLF.US,5,20251224,185000,55.725,55.74,55.68,55.7,544019,0
XLF.US,5,20251224,185500,55.7,55.76,55.7,55.715,1076018,0
XLF.US,5,20251224,190000,55.71,55.73,55.71,55.72,632581,0
XLF.US,5,20251226,153000,55.7,55.795,55.7,55.72,692502,0
XLF.US,5,20251226,153500,55.72,55.755,55.67,55.74,379706,0
XLF.US,5,20251226,154000,55.74,55.77,55.7,55.71,236981,0
XLF.US,5,20251226,154500,55.71,55.755,55.66,55.665,292467,0
XLF.US,5,20251226,155000,55.67,55.71,55.635,55.7,235791,0
XLF.US,5,20251226,155500,55.6999,55.725,55.6701,55.685,141898,0
XLF.US,5,20251226,160000,55.685,55.685,55.6128,55.645,318626,0
XLF.US,5,20251226,160500,55.65,55.68,55.6434,55.665,185553,0
XLF.US,5,20251226,161000,55.665,55.67,55.64,55.66,209930,0
XLF.US,5,20251226,161500,55.66,55.68,55.62,55.665,294010,0
XLF.US,5,20251226,162000,55.665,55.7,55.655,55.695,102935,0
XLF.US,5,20251226,162500,55.695,55.7,55.68,55.695,141541,0
XLF.US,5,20251226,163000,55.7,55.72,55.68,55.685,177244,0
XLF.US,5,20251226,163500,55.6899,55.696032,55.66,55.669,252989,0
XLF.US,5,20251226,164000,55.665,55.67,55.62,55.635,129308,0
XLF.US,5,20251226,164500,55.635,55.6599,55.63,55.655,163822,0
XLF.US,5,20251226,165000,55.655,55.655,55.61,55.615,211877,0
XLF.US,5,20251226,165500,55.62,55.63,55.59,55.63,123410,0
XLF.US,5,20251226,170000,55.63,55.64,55.61,55.615,196580,0
XLF.US,5,20251226,170500,55.615,55.62,55.59,55.605,203706,0
XLF.US,5,20251226,171000,55.605,55.615,55.57,55.57,143690,0
XLF.US,5,20251226,171500,55.575,55.595,55.555,55.585,412413,0
XLF.US,5,20251226,172000,55.58,55.615,55.57,55.6,215038,0
XLF.US,5,20251226,172500,55.605,55.605,55.58,55.585,231862,0
XLF.US,5,20251226,173000,55.585,55.61,55.575,55.575,152730,0
XLF.US,5,20251226,173500,55.575,55.59,55.575,55.585,50102,0
XLF.US,5,20251226,174000,55.585,55.585,55.57,55.575,109069,0
XLF.US,5,20251226,174500,55.575,55.575,55.53,55.535,198483,0
XLF.US,5,20251226,175000,55.535,55.56,55.52,55.555,108699,0
XLF.US,5,20251226,175500,55.555,55.565,55.54,55.545,197973,0
XLF.US,5,20251226,180000,55.545,55.545,55.525,55.53,130992,0
XLF.US,5,20251226,180500,55.535,55.54,55.515,55.525,147388,0
XLF.US,5,20251226,181000,55.525,55.525,55.5,55.515,146881,0
XLF.US,5,20251226,181500,55.515,55.535,55.505,55.535,137920,0
XLF.US,5,20251226,182000,55.535,55.54,55.51,55.52,99904,0
XLF.US,5,20251226,182500,55.515,55.57,55.515,55.57,111913,0
XLF.US,5,20251226,183000,55.57,55.58,55.525,55.525,192684,0
XLF.US,5,20251226,183500,55.525,55.525,55.484,55.505,242520,0
XLF.US,5,20251226,184000,55.505,55.5098,55.48,55.49,158506,0
XLF.US,5,20251226,184500,55.5,55.54,55.495,55.52,146278,0
XLF.US,5,20251226,185000,55.5238,55.525,55.51,55.515,186594,0
XLF.US,5,20251226,185500,55.5163,55.53,55.51,55.51,164224,0
XLF.US,5,20251226,190000,55.51,55.525,55.51,55.5201,158600,0
XLF.US,5,20251226,190500,55.52,55.53,55.5,55.5,141125,0
XLF.US,5,20251226,191000,55.5,55.51,55.495,55.495,216826,0
XLF.US,5,20251226,191500,55.495,55.5,55.485,55.49,173533,0
XLF.US,5,20251226,192000,55.49,55.5,55.44,55.46,390950,0
XLF.US,5,20251226,192500,55.4638,55.49,55.46,55.475,137565,0
XLF.US,5,20251226,193000,55.48,55.505,55.47,55.495,173236,0
XLF.US,5,20251226,193500,55.499,55.52,55.4938,55.52,61602,0
XLF.US,5,20251226,194000,55.52,55.52,55.5044,55.5093,64856,0
XLF.US,5,20251226,194500,55.505,55.5258,55.49,55.525,90836,0
XLF.US,5,20251226,195000,55.5268,55.53,55.5098,55.5226,164285,0
XLF.US,5,20251226,195500,55.525,55.53,55.5044,55.505,77354,0
XLF.US,5,20251226,200000,55.505,55.52,55.491,55.52,157959,0
XLF.US,5,20251226,200500,55.52,55.5299,55.51,55.515,97544,0
XLF.US,5,20251226,201000,55.515,55.52,55.4901,55.495,144991,0
XLF.US,5,20251226,201500,55.5,55.51,55.49,55.49,119364,0
XLF.US,5,20251226,202000,55.495,55.5,55.48,55.485,65410,0
XLF.US,5,20251226,202500,55.485,55.49,55.47,55.485,163649,0
XLF.US,5,20251226,203000,55.485,55.54,55.485,55.535,164750,0
XLF.US,5,20251226,203500,55.535,55.545,55.52,55.545,167256,0
XLF.US,5,20251226,204000,55.55,55.56,55.545,55.5501,124869,0
XLF.US,5,20251226,204500,55.555,55.56,55.525,55.525,139504,0
XLF.US,5,20251226,205000,55.525,55.53,55.51,55.525,249815,0
XLF.US,5,20251226,205500,55.525,55.53,55.51,55.52,86409,0
XLF.US,5,20251226,210000,55.52,55.56,55.5193,55.54,310324,0
XLF.US,5,20251226,210500,55.535,55.56,55.5301,55.545,208763,0
XLF.US,5,20251226,211000,55.545,55.56,55.54,55.5599,155909,0
XLF.US,5,20251226,211500,55.555,55.57,55.55,55.555,129513,0
XLF.US,5,20251226,212000,55.555,55.56,55.54,55.555,145634,0
XLF.US,5,20251226,212500,55.555,55.5699,55.55,55.555,147365,0
XLF.US,5,20251226,213000,55.555,55.58,55.55,55.565,398377,0
XLF.US,5,20251226,213500,55.565,55.59,55.56,55.575,234720,0
XLF.US,5,20251226,214000,55.58,55.61,55.575,55.595,483916,0
XLF.US,5,20251226,214500,55.595,55.5975,55.56,55.565,534277,0
XLF.US,5,20251226,215000,55.565,55.585,55.55,55.585,932156,0
XLF.US,5,20251226,215500,55.58,55.63,55.5744,55.62,3645770,0
XLF.US,5,20251229,153000,55.575,55.68,55.5705,55.615,655710,0
XLF.US,5,20251229,153500,55.615,55.615,55.51,55.54,500878,0
XLF.US,5,20251229,154000,55.545,55.55,55.4443,55.459,562238,0
XLF.US,5,20251229,154500,55.455,55.465,55.39,55.405,517966,0
XLF.US,5,20251229,155000,55.405,55.5,55.405,55.455,458674,0
XLF.US,5,20251229,155500,55.46,55.47,55.415,55.4275,214392,0
XLF.US,5,20251229,160000,55.43,55.46,55.415,55.415,244814,0
XLF.US,5,20251229,160500,55.415,55.44,55.4,55.435,256028,0
XLF.US,5,20251229,161000,55.435,55.459,55.414,55.459,198432,0
XLF.US,5,20251229,161500,55.45,55.465,55.445,55.455,306994,0
XLF.US,5,20251229,162000,55.45,55.455,55.4,55.415,204183,0
XLF.US,5,20251229,162500,55.415,55.43,55.375,55.38,193376,0
XLF.US,5,20251229,163000,55.385,55.3899,55.325,55.375,419809,0
XLF.US,5,20251229,163500,55.375,55.38,55.35,55.3616,170429,0
XLF.US,5,20251229,164000,55.365,55.4,55.3535,55.39,95851,0
XLF.US,5,20251229,164500,55.39,55.395,55.36,55.36,173237,0
XLF.US,5,20251229,165000,55.36,55.395,55.35,55.3899,198763,0
XLF.US,5,20251229,165500,55.39,55.4151,55.38,55.39,186274,0
XLF.US,5,20251229,170000,55.385,55.415,55.36,55.405,131406,0
XLF.US,5,20251229,170500,55.4099,55.43,55.39,55.4,180202,0
XLF.US,5,20251229,171000,55.4,55.4202,55.384,55.39,193143,0
XLF.US,5,20251229,171500,55.4,55.4,55.365,55.38,186375,0
XLF.US,5,20251229,172000,55.385,55.4,55.37,55.385,301502,0
XLF.US,5,20251229,172500,55.385,55.4,55.36,55.37,957087,0
XLF.US,5,20251229,173000,55.365,55.38,55.32,55.32,622926,0
XLF.US,5,20251229,173500,55.325,55.34,55.31,55.315,542868,0
XLF.US,5,20251229,174000,55.3137,55.33,55.3,55.325,333447,0
XLF.US,5,20251229,174500,55.325,55.345,55.3101,55.32,528907,0
XLF.US,5,20251229,175000,55.325,55.355,55.325,55.35,414697,0
XLF.US,5,20251229,175500,55.35,55.37,55.34,55.345,403719,0
XLF.US,5,20251229,180000,55.35,55.35,55.33,55.335,238085,0
XLF.US,5,20251229,180500,55.34,55.34,55.31,55.33,532400,0
XLF.US,5,20251229,181000,55.325,55.33,55.31,55.325,418664,0
XLF.US,5,20251229,181500,55.322,55.345,55.31,55.32,413786,0
XLF.US,5,20251229,182000,55.32,55.32,55.29,55.3051,426621,0
XLF.US,5,20251229,182500,55.3,55.3,55.28,55.29,408185,0
XLF.US,5,20251229,183000,55.295,55.3,55.2801,55.2899,304079,0
XLF.US,5,20251229,183500,55.29,55.29,55.265,55.265,281607,0
XLF.US,5,20251229,184000,55.265,55.28,55.26,55.275,398508,0
XLF.US,5,20251229,184500,55.28,55.29,55.27,55.28,476431,0
XLF.US,5,20251229,185000,55.285,55.295,55.27,55.285,331544,0
XLF.US,5,20251229,185500,55.285,55.29,55.2601,55.275,321989,0
XLF.US,5,20251229,190000,55.28,55.309,55.275,55.295,353650,0
XLF.US,5,20251229,190500,55.29,55.32,55.29,55.315,317282,0
XLF.US,5,20251229,191000,55.3146,55.34,55.31,55.335,206448,0
XLF.US,5,20251229,191500,55.335,55.3599,55.3339,55.345,179010,0
XLF.US,5,20251229,192000,55.345,55.365,55.3439,55.36,258177,0
XLF.US,5,20251229,192500,55.355,55.36,55.33,55.35,283261,0
XLF.US,5,20251229,193000,55.345,55.375,55.345,55.3644,231746,0
XLF.US,5,20251229,193500,55.37,55.39,55.365,55.37,217880,0
XLF.US,5,20251229,194000,55.3753,55.3753,55.35,55.365,272377,0
XLF.US,5,20251229,194500,55.365,55.365,55.345,55.3499,128892,0
XLF.US,5,20251229,195000,55.345,55.36,55.34,55.355,259645,0
XLF.US,5,20251229,195500,55.355,55.3599,55.34,55.345,219637,0
XLF.US,5,20251229,200000,55.345,55.3499,55.325,55.33,399204,0
XLF.US,5,20251229,200500,55.325,55.33,55.294304,55.3,281194,0
XLF.US,5,20251229,201000,55.305,55.32,55.2901,55.32,334110,0
XLF.US,5,20251229,201500,55.32,55.33,55.311,55.33,175444,0
XLF.US,5,20251229,202000,55.33,55.35,55.33,55.35,229081,0
XLF.US,5,20251229,202500,55.345,55.355,55.3332,55.345,224956,0
XLF.US,5,20251229,203000,55.3497,55.385,55.345,55.38,344876,0
XLF.US,5,20251229,203500,55.38,55.39,55.37,55.3701,169564,0
XLF.US,5,20251229,204000,55.375,55.39,55.3701,55.38,247842,0
XLF.US,5,20251229,204500,55.38,55.38,55.36,55.365,215154,0
XLF.US,5,20251229,205000,55.36,55.38,55.35,55.365,199667,0
XLF.US,5,20251229,205500,55.365,55.37,55.34,55.345,356158,0
XLF.US,5,20251229,210000,55.355,55.3868,55.355,55.376,216058,0
XLF.US,5,20251229,210500,55.375,55.41,55.375,55.3999,278310,0
XLF.US,5,20251229,211000,55.3999,55.42,55.39,55.415,241290,0
XLF.US,5,20251229,211500,55.4199,55.43,55.41,55.415,143969,0
XLF.US,5,20251229,212000,55.4199,55.43,55.4,55.4,283801,0
XLF.US,5,20251229,212500,55.4098,55.415,55.395,55.405,363224,0
XLF.US,5,20251229,213000,55.405,55.42,55.39,55.395,345629,0
XLF.US,5,20251229,213500,55.395,55.41,55.3901,55.395,330542,0
XLF.US,5,20251229,214000,55.395,55.4,55.35,55.36,650302,0
XLF.US,5,20251229,214500,55.355,55.37,55.35,55.35,723779,0
XLF.US,5,20251229,215000,55.35,55.36,55.325,55.325,1514421,0
XLF.US,5,20251229,215500,55.325,55.35,55.2801,55.34,4998178,0
XLF.US,5,20251230,153000,55.395,55.395,55.16,55.185,660251,0
XLF.US,5,20251230,153500,55.185,55.31,55.175,55.28,410254,0
XLF.US,5,20251230,154000,55.28,55.28,55.21,55.255,308653,0
XLF.US,5,20251230,154500,55.25,55.345,55.2301,55.26,648302,0
XLF.US,5,20251230,155000,55.26,55.31,55.25,55.2727,281468,0
XLF.US,5,20251230,155500,55.27,55.3,55.25,55.255,174708,0
XLF.US,5,20251230,160000,55.255,55.285,55.25,55.265,270012,0
XLF.US,5,20251230,160500,55.26,55.28,55.245,55.263,169617,0
XLF.US,5,20251230,161000,55.265,55.28,55.22,55.22,318740,0
XLF.US,5,20251230,161500,55.225,55.26,55.1939,55.2055,258025,0
XLF.US,5,20251230,162000,55.205,55.25,55.205,55.225,172960,0
XLF.US,5,20251230,162500,55.22,55.23,55.2,55.22,115213,0
XLF.US,5,20251230,163000,55.22,55.22,55.185,55.19,172582,0
XLF.US,5,20251230,163500,55.2,55.21,55.1701,55.18,153162,0
XLF.US,5,20251230,164000,55.185,55.2,55.15,55.2,224451,0
XLF.US,5,20251230,164500,55.195,55.2067,55.17,55.1894,173524,0
XLF.US,5,20251230,165000,55.1894,55.205,55.185,55.205,56787,0
XLF.US,5,20251230,165500,55.21,55.22,55.18,55.19,200191,0
XLF.US,5,20251230,170000,55.195,55.22,55.18,55.215,204266,0
XLF.US,5,20251230,170500,55.215,55.22,55.18,55.195,125392,0
XLF.US,5,20251230,171000,55.195,55.2,55.165,55.17,88429,0
XLF.US,5,20251230,171500,55.17,55.1965,55.1699,55.185,153881,0
XLF.US,5,20251230,172000,55.185,55.23,55.185,55.22,136402,0
XLF.US,5,20251230,172500,55.215,55.23,55.2,55.229,216445,0
XLF.US,5,20251230,173000,55.23,55.2356,55.165,55.17,132991,0
XLF.US,5,20251230,173500,55.175821,55.185,55.165,55.17,367791,0
XLF.US,5,20251230,174000,55.17,55.195,55.15,55.19,202389,0
XLF.US,5,20251230,174500,55.19,55.2093,55.185,55.2,234137,0
XLF.US,5,20251230,175000,55.2,55.205,55.18,55.186654,132184,0
XLF.US,5,20251230,175500,55.185,55.186,55.16,55.165,103559,0
XLF.US,5,20251230,180000,55.165,55.18,55.15,55.1654,112024,0
XLF.US,5,20251230,180500,55.165,55.17,55.14,55.1556,146267,0
XLF.US,5,20251230,181000,55.15,55.16,55.14,55.155,77949,0
XLF.US,5,20251230,181500,55.1508,55.17,55.145,55.165,145411,0
XLF.US,5,20251230,182000,55.1651,55.185,55.165,55.175,195762,0
XLF.US,5,20251230,182500,55.18,55.19,55.17,55.18,230526,0
XLF.US,5,20251230,183000,55.18,55.2162,55.1756,55.215,124582,0
XLF.US,5,20251230,183500,55.21,55.2199,55.2,55.205,62589,0
XLF.US,5,20251230,184000,55.205,55.21,55.1824,55.195,115497,0
XLF.US,5,20251230,184500,55.1901,55.1958,55.17,55.1855,75768,0
XLF.US,5,20251230,185000,55.19,55.2175,55.19,55.2062,137359,0
XLF.US,5,20251230,185500,55.2,55.21,55.1901,55.2,69234,0
XLF.US,5,20251230,190000,55.205,55.21,55.19,55.205,85866,0
XLF.US,5,20251230,190500,55.21,55.215,55.2,55.205,83477,0
XLF.US,5,20251230,191000,55.2032,55.22,55.2,55.205,73376,0
XLF.US,5,20251230,191500,55.205,55.21,55.185,55.1958,90130,0
XLF.US,5,20251230,192000,55.195,55.1961,55.18,55.1902,65362,0
XLF.US,5,20251230,192500,55.195,55.21,55.1848,55.2066,109183,0
XLF.US,5,20251230,193000,55.205,55.22,55.2,55.215,79996,0
XLF.US,5,20251230,193500,55.215,55.225976,55.19,55.195,106321,0
XLF.US,5,20251230,194000,55.195,55.21,55.19,55.2,158805,0
XLF.US,5,20251230,194500,55.2,55.215,55.19,55.19,124651,0
XLF.US,5,20251230,195000,55.1928,55.2,55.18,55.19,111358,0
XLF.US,5,20251230,195500,55.19,55.2,55.19,55.19,26611,0
XLF.US,5,20251230,200000,55.195,55.22,55.19,55.205,77415,0
XLF.US,5,20251230,200500,55.2,55.215,55.195,55.2,107543,0
XLF.US,5,20251230,201000,55.201,55.22,55.2,55.21,39117,0
XLF.US,5,20251230,201500,55.2001,55.2099,55.18,55.185,96458,0
XLF.US,5,20251230,202000,55.185,55.2,55.175,55.19,42225,0
XLF.US,5,20251230,202500,55.185,55.2,55.18,55.2,72328,0
XLF.US,5,20251230,203000,55.195,55.22,55.195,55.215,138881,0
XLF.US,5,20251230,203500,55.215,55.23,55.204268,55.225,86412,0
XLF.US,5,20251230,204000,55.23,55.24,55.22,55.22,205421,0
XLF.US,5,20251230,204500,55.2201,55.2397,55.215,55.22,83518,0
XLF.US,5,20251230,205000,55.215,55.22,55.2,55.2056,44205,0
XLF.US,5,20251230,205500,55.21,55.22,55.2,55.215,122127,0
XLF.US,5,20251230,210000,55.215,55.24,55.215,55.235,122084,0
XLF.US,5,20251230,210500,55.236,55.2365,55.21,55.215,67170,0
XLF.US,5,20251230,211000,55.215,55.22,55.19,55.196,138127,0
XLF.US,5,20251230,211500,55.1901,55.2198,55.1901,55.211,56558,0
XLF.US,5,20251230,212000,55.21,55.23,55.21,55.22,176172,0
XLF.US,5,20251230,212500,55.22,55.22,55.2001,55.21,129153,0
XLF.US,5,20251230,213000,55.215,55.24,55.21,55.235,169332,0
XLF.US,5,20251230,213500,55.2399,55.2499,55.22,55.2499,204306,0
XLF.US,5,20251230,214000,55.245,55.26,55.23,55.24,109736,0
XLF.US,5,20251230,214500,55.2334,55.24,55.2,55.205,253081,0
XLF.US,5,20251230,215000,55.205,55.23,55.195,55.21,714538,0
XLF.US,5,20251230,215500,55.205,55.21,55.15,55.18,1630895,0
XLF.US,5,20251231,153000,55.22,55.26,55.12,55.12,548836,0
XLF.US,5,20251231,153500,55.12,55.155,55.075,55.08,493450,0
XLF.US,5,20251231,154000,55.08,55.115,55.035,55.035,179477,0
XLF.US,5,20251231,154500,55.035,55.0855,55.03,55.05,189728,0
XLF.US,5,20251231,155000,55.045,55.14,55.03,55.137,271267,0
XLF.US,5,20251231,155500,55.14,55.16,55.124,55.14,210097,0
XLF.US,5,20251231,160000,55.135,55.14,55.095,55.1,230945,0
XLF.US,5,20251231,160500,55.09,55.1,55.07,55.09,226713,0
XLF.US,5,20251231,161000,55.095,55.1091,55.0501,55.07,133033,0
XLF.US,5,20251231,161500,55.0693,55.07,55.04,55.0694,141635,0
XLF.US,5,20251231,162000,55.06,55.08,55.05,55.065,116375,0
XLF.US,5,20251231,162500,55.07,55.08,55.0601,55.0701,119147,0
XLF.US,5,20251231,163000,55.07,55.1,55.05,55.081,189919,0
XLF.US,5,20251231,163500,55.0842,55.105,55.055,55.055,153954,0
XLF.US,5,20251231,164000,55.0503,55.06,55.04,55.05,155878,0
XLF.US,5,20251231,164500,55.05,55.055,55,55.0044,100469,0
XLF.US,5,20251231,165000,55,55.025,54.985,55.015,157908,0
XLF.US,5,20251231,165500,55.015,55.02,54.9933,55,84437,0
XLF.US,5,20251231,170000,54.995,55.03,54.995,55.0203,375499,0
XLF.US,5,20251231,170500,55.02,55.025,55.01,55.015,84278,0
XLF.US,5,20251231,171000,55.01,55.05,55.01,55.045,115730,0
XLF.US,5,20251231,171500,55.045,55.056,55.025,55.055,137468,0
XLF.US,5,20251231,172000,55.0517,55.06,55.035,55.05,107400,0
XLF.US,5,20251231,172500,55.05,55.0561,55.035,55.045,104427,0
XLF.US,5,20251231,173000,55.045,55.045,55.02,55.0201,93623,0
XLF.US,5,20251231,173500,55.025,55.05,55.02,55.045,106409,0
XLF.US,5,20251231,174000,55.045,55.0599,55.035,55.045,145815,0
XLF.US,5,20251231,174500,55.045,55.0465,55.025,55.035,124437,0
XLF.US,5,20251231,175000,55.035,55.055,55.03,55.035,103597,0
XLF.US,5,20251231,175500,55.035,55.05,55.03,55.035,80503,0
XLF.US,5,20251231,180000,55.035,55.06,55.0327,55.0513,69790,0
XLF.US,5,20251231,180500,55.055,55.055,55,55.005,112558,0
XLF.US,5,20251231,181000,55.005,55.035,55.0001,55.025,114084,0
XLF.US,5,20251231,181500,55.03,55.05,55.03,55.045,71912,0
XLF.US,5,20251231,182000,55.045,55.05,55.015,55.015,50462,0
XLF.US,5,20251231,182500,55.015,55.03,55.015,55.025,551514,0
XLF.US,5,20251231,183000,55.025,55.04,55.01,55.035,120390,0
XLF.US,5,20251231,183500,55.035,55.04,55.005,55.005,96841,0
XLF.US,5,20251231,184000,55.005,55.005842,54.99,54.99,51742,0
XLF.US,5,20251231,184500,54.99,55,54.98,54.985,138204,0
XLF.US,5,20251231,185000,54.985,55,54.9801,54.995,63395,0
XLF.US,5,20251231,185500,54.99,54.995,54.98,54.985,239480,0
XLF.US,5,20251231,190000,54.985,55.016,54.985,55.015,183195,0
XLF.US,5,20251231,190500,55.0144,55.04,54.995,55.04,588841,0
XLF.US,5,20251231,191000,55.04,55.045,55.025,55.045,288699,0
XLF.US,5,20251231,191500,55.04,55.05,55.02,55.025,272372,0
XLF.US,5,20251231,192000,55.025,55.04,55.024,55.04,185755,0
XLF.US,5,20251231,192500,55.035,55.06,55.034,55.055,147964,0
XLF.US,5,20251231,193000,55.055,55.08,55.05,55.075,244699,0
XLF.US,5,20251231,193500,55.075,55.09,55.065,55.065,193756,0
XLF.US,5,20251231,194000,55.065,55.09,55.06,55.09,282994,0
XLF.US,5,20251231,194500,55.09,55.1,55.08,55.095,185059,0
XLF.US,5,20251231,195000,55.095,55.11,55.085,55.095,246314,0
XLF.US,5,20251231,195500,55.1,55.115,55.09,55.1,345666,0
XLF.US,5,20251231,200000,55.1,55.14,55.1,55.115,237328,0
XLF.US,5,20251231,200500,55.115,55.13,55.115,55.12,122489,0
XLF.US,5,20251231,201000,55.115,55.12,55.1,55.105,86343,0
XLF.US,5,20251231,201500,55.105,55.11,55.07,55.075,167121,0
XLF.US,5,20251231,202000,55.08,55.085,55.06,55.075,143112,0
XLF.US,5,20251231,202500,55.075,55.075,55.054,55.0699,84552,0
XLF.US,5,20251231,203000,55.065,55.07,55.005,55.01,170887,0
XLF.US,5,20251231,203500,55.01,55.06,55.01,55.045,377391,0
XLF.US,5,20251231,204000,55.045,55.07,55.035,55.045,171711,0
XLF.US,5,20251231,204500,55.04,55.0412,55,55.005,91020,0
XLF.US,5,20251231,205000,55.005,55.006,54.97,54.98,117974,0
XLF.US,5,20251231,205500,54.98,54.995,54.98,54.985,217464,0
XLF.US,5,20251231,210000,54.985,54.99,54.94,54.96,209084,0
XLF.US,5,20251231,210500,54.965,54.975,54.935,54.945,146523,0
XLF.US,5,20251231,211000,54.945,54.95,54.93,54.9347,118634,0
XLF.US,5,20251231,211500,54.94,54.96,54.9397,54.945,181282,0
XLF.US,5,20251231,212000,54.945,54.945,54.91,54.915,191197,0
XLF.US,5,20251231,212500,54.91,54.92,54.885,54.905,210663,0
XLF.US,5,20251231,213000,54.905,54.95,54.885,54.935,282315,0
XLF.US,5,20251231,213500,54.935,54.965,54.9201,54.925,324376,0
XLF.US,5,20251231,214000,54.925,54.945,54.9101,54.935,278651,0
XLF.US,5,20251231,214500,54.935,54.94,54.89,54.895,1278976,0
XLF.US,5,20251231,215000,54.89,54.92,54.82,54.825,1324478,0
XLF.US,5,20251231,215500,54.83,54.865,54.75,54.77,3393737,0
XLF.US,5,20260102,153000,54.86,54.97,54.5,54.52,1890548,0
XLF.US,5,20260102,153500,54.522,54.57,54.45,54.56,947080,0
XLF.US,5,20260102,154000,54.56,54.56,54.43,54.445,775048,0
XLF.US,5,20260102,154500,54.445,54.48,54.34,54.4,779883,0
XLF.US,5,20260102,155000,54.405,54.52,54.365,54.515,805081,0
XLF.US,5,20260102,155500,54.51,54.59,54.49,54.59,1477540,0
XLF.US,5,20260102,160000,54.59,54.63,54.535,54.61,1339132,0
XLF.US,5,20260102,160500,54.615,54.65,54.58,54.625,429521,0
XLF.US,5,20260102,161000,54.63,54.66,54.6,54.61,504611,0
XLF.US,5,20260102,161500,54.61,54.65,54.5744,54.575,424287,0
XLF.US,5,20260102,162000,54.575,54.575,54.47,54.4801,564501,0
XLF.US,5,20260102,162500,54.485,54.565,54.465,54.55,480646,0
XLF.US,5,20260102,163000,54.55,54.69,54.54,54.685,286051,0
XLF.US,5,20260102,163500,54.685,54.696,54.6001,54.64,470561,0
XLF.US,5,20260102,164000,54.635,54.6673,54.61,54.615,278347,0
XLF.US,5,20260102,164500,54.62,54.69,54.6,54.64,425943,0
XLF.US,5,20260102,165000,54.64,54.745,54.635,54.74,381926,0
XLF.US,5,20260102,165500,54.74,54.78,54.71,54.745,468001,0
XLF.US,5,20260102,170000,54.75,54.78,54.72,54.74,463509,0
XLF.US,5,20260102,170500,54.73,54.777,54.725,54.745,278710,0
XLF.US,5,20260102,171000,54.7499,54.7858,54.73,54.7699,346823,0
XLF.US,5,20260102,171500,54.77,54.8399,54.77,54.805,248160,0
XLF.US,5,20260102,172000,54.81,54.84,54.785,54.835,182461,0
XLF.US,5,20260102,172500,54.83,54.835,54.765,54.765,390436,0
XLF.US,5,20260102,173000,54.765,54.82,54.76,54.775,362427,0
XLF.US,5,20260102,173500,54.775,54.78,54.73,54.735,284767,0
XLF.US,5,20260102,174000,54.735,54.7358,54.655,54.6591,799306,0
XLF.US,5,20260102,174500,54.655,54.66,54.625,54.64,385168,0
XLF.US,5,20260102,175000,54.64,54.6499,54.57,54.595,494775,0
XLF.US,5,20260102,175500,54.595,54.645,54.58,54.64,305695,0
XLF.US,5,20260102,180000,54.645,54.69,54.64,54.655,279481,0
XLF.US,5,20260102,180500,54.66,54.685,54.65,54.661,223022,0
XLF.US,5,20260102,181000,54.665,54.77,54.66,54.7601,330419,0
XLF.US,5,20260102,181500,54.76,54.795,54.75,54.77,346038,0
XLF.US,5,20260102,182000,54.77,54.83,54.765,54.785,308833,0
XLF.US,5,20260102,182500,54.7866,54.82,54.77,54.8101,213340,0
XLF.US,5,20260102,183000,54.8199,54.87,54.805,54.8101,313919,0
XLF.US,5,20260102,183500,54.815,54.8199,54.745,54.765,656206,0
XLF.US,5,20260102,184000,54.765,54.765,54.721,54.745,249640,0
XLF.US,5,20260102,184500,54.75,54.76,54.655,54.655,265588,0
XLF.US,5,20260102,185000,54.655,54.68,54.645,54.67,267235,0
XLF.US,5,20260102,185500,54.67,54.7,54.65,54.65,198453,0
XLF.US,5,20260102,190000,54.65,54.66,54.62,54.635,287895,0
XLF.US,5,20260102,190500,54.635,54.635,54.59,54.605,227100,0
XLF.US,5,20260102,191000,54.603,54.62,54.58,54.59,495165,0
XLF.US,5,20260102,191500,54.595,54.6364,54.58,54.62,164386,0
XLF.US,5,20260102,192000,54.63,54.66,54.62,54.6303,122486,0
XLF.US,5,20260102,192500,54.6301,54.6328,54.6,54.61,152368,0
XLF.US,5,20260102,193000,54.615,54.645,54.61,54.645,164813,0
XLF.US,5,20260102,193500,54.645,54.66,54.62,54.64,124050,0
XLF.US,5,20260102,194000,54.64,54.647,54.61,54.64,150719,0
XLF.US,5,20260102,194500,54.645,54.66,54.615,54.615,172378,0
XLF.US,5,20260102,195000,54.615,54.675,54.605,54.675,212396,0
XLF.US,5,20260102,195500,54.675,54.7,54.66,54.7,180232,0
XLF.US,5,20260102,200000,54.7,54.72,54.66,54.705,617520,0
XLF.US,5,20260102,200500,54.7007,54.74,54.7007,54.715,168488,0
XLF.US,5,20260102,201000,54.71,54.805,54.7,54.8,158562,0
XLF.US,5,20260102,201500,54.8099,54.825,54.795,54.815,151454,0
XLF.US,5,20260102,202000,54.815,54.8499,54.79,54.845,190532,0
XLF.US,5,20260102,202500,54.845,54.87,54.835,54.855,171228,0
XLF.US,5,20260102,203000,54.85,54.9,54.85,54.895,258461,0
XLF.US,5,20260102,203500,54.89,54.93,54.87,54.915,166581,0
XLF.US,5,20260102,204000,54.911,54.95,54.911,54.935,183770,0
XLF.US,5,20260102,204500,54.935,54.98,54.9216,54.98,146047,0
XLF.US,5,20260102,205000,54.975,54.99,54.96,54.99,163108,0
XLF.US,5,20260102,205500,54.985,54.995,54.96,54.975,311421,0
XLF.US,5,20260102,210000,54.97,54.985,54.935,54.98,319785,0
XLF.US,5,20260102,210500,54.975,54.99,54.95,54.97,248169,0
XLF.US,5,20260102,211000,54.965,54.97,54.89,54.89,389979,0
XLF.US,5,20260102,211500,54.896,54.92,54.88,54.9,204299,0
XLF.US,5,20260102,212000,54.9,54.91,54.88,54.885,199184,0
XLF.US,5,20260102,212500,54.8834,54.8864,54.86,54.875,355507,0
XLF.US,5,20260102,213000,54.88,54.89,54.8501,54.87,415380,0
XLF.US,5,20260102,213500,54.875,54.9,54.8645,54.875,332179,0
XLF.US,5,20260102,214000,54.875,54.9,54.85,54.86,552521,0
XLF.US,5,20260102,214500,54.86,54.86,54.79,54.81,675368,0
XLF.US,5,20260102,215000,54.8,54.89,54.8,54.845,907323,0
XLF.US,5,20260102,215500,54.84,54.95,54.825,54.93,2760801,0
XLF.US,5,20260105,153000,54.82,55.4,54.82,55.38,1772066,0
XLF.US,5,20260105,153500,55.39,55.65,55.35,55.65,1819035,0
XLF.US,5,20260105,154000,55.64,55.775,55.64,55.76,986735,0
XLF.US,5,20260105,154500,55.76,55.87,55.73,55.8,862674,0
XLF.US,5,20260105,155000,55.795,55.825,55.71,55.825,926456,0
XLF.US,5,20260105,155500,55.83,56.065,55.825,56.05,860440,0
XLF.US,5,20260105,160000,56.06,56.19,56.02,56.135,1174165,0
XLF.US,5,20260105,160500,56.14,56.17,56.055,56.15,556190,0
XLF.US,5,20260105,161000,56.16,56.21,56.095,56.155,1079564,0
XLF.US,5,20260105,161500,56.155,56.21,56.12,56.1697,872849,0
XLF.US,5,20260105,162000,56.165,56.2356,56.155,56.2061,763521,0
XLF.US,5,20260105,162500,56.21,56.305,56.195,56.3,1509829,0
XLF.US,5,20260105,163000,56.3,56.32,56.24,56.2899,812306,0
XLF.US,5,20260105,163500,56.285,56.325,56.245,56.28,715152,0
XLF.US,5,20260105,164000,56.285,56.3668,56.27,56.365,556686,0
XLF.US,5,20260105,164500,56.37,56.435,56.365,56.415,1557711,0
XLF.US,5,20260105,165000,56.41,56.42,56.35,56.355,861108,0
XLF.US,5,20260105,165500,56.35,56.39,56.32,56.325,1046715,0
XLF.US,5,20260105,170000,56.325,56.34,56.21,56.22,1203223,0
XLF.US,5,20260105,170500,56.2289,56.29,56.21,56.285,968096,0
XLF.US,5,20260105,171000,56.285,56.295,56.235,56.28,753825,0
XLF.US,5,20260105,171500,56.285,56.295,56.19,56.2,485229,0
XLF.US,5,20260105,172000,56.2,56.285,56.195,56.275,403056,0
XLF.US,5,20260105,172500,56.275,56.28,56.225,56.245,399477,0
XLF.US,5,20260105,173000,56.24,56.25,56.21,56.23,318741,0
XLF.US,5,20260105,173500,56.23,56.3,56.215,56.285,651366,0
XLF.US,5,20260105,174000,56.285,56.3299,56.28,56.31,567397,0
XLF.US,5,20260105,174500,56.304,56.31,56.2712,56.291,581799,0
XLF.US,5,20260105,175000,56.295,56.34,56.295,56.335,722826,0
XLF.US,5,20260105,175500,56.335,56.41,56.33,56.4099,561533,0
XLF.US,5,20260105,180000,56.4097,56.4599,56.395,56.445,573735,0
XLF.US,5,20260105,180500,56.44,56.4999,56.435,56.4619,603126,0
XLF.US,5,20260105,181000,56.4604,56.4966,56.4,56.4099,250071,0
XLF.US,5,20260105,181500,56.405,56.43,56.385,56.4,301571,0
XLF.US,5,20260105,182000,56.4,56.43,56.3722,56.425,240885,0
XLF.US,5,20260105,182500,56.425,56.46,56.42,56.425,348464,0
XLF.US,5,20260105,183000,56.425,56.485,56.425,56.475,406718,0
XLF.US,5,20260105,183500,56.4745,56.48,56.4501,56.46,333811,0
XLF.US,5,20260105,184000,56.46,56.46,56.4206,56.43,316217,0
XLF.US,5,20260105,184500,56.425,56.4671,56.425,56.455,322582,0
XLF.US,5,20260105,185000,56.46,56.46,56.415,56.4428,407369,0
XLF.US,5,20260105,185500,56.445,56.445,56.405,56.445,338043,0
XLF.US,5,20260105,190000,56.445,56.48,56.435,56.4376,199302,0
XLF.US,5,20260105,190500,56.44,56.46,56.43,56.455,347779,0
XLF.US,5,20260105,191000,56.45,56.48,56.45,56.48,318660,0
XLF.US,5,20260105,191500,56.4799,56.485,56.42,56.4425,448753,0
XLF.US,5,20260105,192000,56.445,56.45,56.41,56.42,673065,0
XLF.US,5,20260105,192500,56.425,56.426,56.405,56.405,175276,0
XLF.US,5,20260105,193000,56.405,56.42,56.384,56.405,353143,0
XLF.US,5,20260105,193500,56.405,56.4352,56.405,56.425,322517,0
XLF.US,5,20260105,194000,56.425,56.43,56.3901,56.4,163853,0
XLF.US,5,20260105,194500,56.4,56.43,56.4,56.415,194376,0
XLF.US,5,20260105,195000,56.41,56.468,56.405,56.455,207262,0
XLF.US,5,20260105,195500,56.455,56.465,56.44,56.44,316043,0
XLF.US,5,20260105,200000,56.44,56.46,56.435,56.445,369239,0
XLF.US,5,20260105,200500,56.445,56.46,56.43,56.445,156931,0
XLF.US,5,20260105,201000,56.44,56.46,56.43,56.44,407741,0
XLF.US,5,20260105,201500,56.435,56.485,56.435,56.465,198764,0
XLF.US,5,20260105,202000,56.47,56.49,56.46,56.47,812778,0
XLF.US,5,20260105,202500,56.465,56.5,56.465,56.4907,275489,0
XLF.US,5,20260105,203000,56.49,56.51,56.47,56.4739,217476,0
XLF.US,5,20260105,203500,56.475,56.48,56.44,56.4422,222470,0
XLF.US,5,20260105,204000,56.44,56.44,56.38,56.425,253456,0
XLF.US,5,20260105,204500,56.425,56.44,56.4,56.405,194563,0
XLF.US,5,20260105,205000,56.4,56.4,56.3545,56.355,225405,0
XLF.US,5,20260105,205500,56.355,56.36,56.325,56.335,217352,0
XLF.US,5,20260105,210000,56.33,56.37,56.32,56.345,221702,0
XLF.US,5,20260105,210500,56.35,56.37,56.335,56.335,294843,0
XLF.US,5,20260105,211000,56.335,56.345,56.31,56.315,284992,0
XLF.US,5,20260105,211500,56.315,56.325,56.27,56.29,243719,0
XLF.US,5,20260105,212000,56.2901,56.295,56.26,56.26,409917,0
XLF.US,5,20260105,212500,56.265,56.29,56.25,56.265,457609,0
XLF.US,5,20260105,213000,56.265,56.2899,56.24,56.245,507285,0
XLF.US,5,20260105,213500,56.245,56.25,56.21,56.22,601964,0
XLF.US,5,20260105,214000,56.22,56.22,56.16,56.1699,887362,0
XLF.US,5,20260105,214500,56.17,56.17,56.125,56.13,1082359,0
XLF.US,5,20260105,215000,56.13,56.165,56.09,56.115,2232534,0
XLF.US,5,20260105,215500,56.115,56.14,56.09,56.13,7739767,0
XLF.US,5,20260106,153000,56.035,56.16,55.99,56.105,1331043,0
XLF.US,5,20260106,153500,56.105,56.14,56.01,56.085,944437,0
XLF.US,5,20260106,154000,56.09,56.14,56.005,56.095,1557561,0
XLF.US,5,20260106,154500,56.09,56.16,56.055,56.115,978218,0
XLF.US,5,20260106,155000,56.115,56.125,56.01,56.08,1173217,0
XLF.US,5,20260106,155500,56.0745,56.1,56.01,56.085,528283,0
XLF.US,5,20260106,160000,56.08,56.125,56.055,56.085,651788,0
XLF.US,5,20260106,160500,56.085,56.16,56.075,56.16,906108,0
XLF.US,5,20260106,161000,56.158,56.185,56.13,56.16,970055,0
XLF.US,5,20260106,161500,56.16,56.18,56.13,56.18,487268,0
XLF.US,5,20260106,162000,56.18,56.2,56.14,56.165,680246,0
XLF.US,5,20260106,162500,56.165,56.22,56.165,56.205,753183,0
XLF.US,5,20260106,163000,56.205,56.2099,56.11,56.115,578048,0
XLF.US,5,20260106,163500,56.115,56.135,56.095,56.1,761649,0
XLF.US,5,20260106,164000,56.09,56.17,56.08,56.16,876702,0
XLF.US,5,20260106,164500,56.155,56.2061,56.14,56.175,746723,0
XLF.US,5,20260106,165000,56.175,56.215,56.165,56.1846,1250498,0
XLF.US,5,20260106,165500,56.185,56.197,56.14,56.195,270208,0
XLF.US,5,20260106,170000,56.195,56.2263,56.185,56.225,279108,0
XLF.US,5,20260106,170500,56.2299,56.245,56.18,56.215,292648,0
XLF.US,5,20260106,171000,56.22,56.28,56.19,56.275,457915,0
XLF.US,5,20260106,171500,56.28,56.2871,56.25,56.27,238945,0
XLF.US,5,20260106,172000,56.27,56.2755,56.24,56.2755,211428,0
XLF.US,5,20260106,172500,56.275,56.28,56.215,56.235,185762,0
XLF.US,5,20260106,173000,56.233434,56.2399,56.175,56.18,165395,0
XLF.US,5,20260106,173500,56.185,56.2,56.17,56.185,195058,0
XLF.US,5,20260106,174000,56.19,56.2081,56.16,56.195,408217,0
XLF.US,5,20260106,174500,56.195,56.245,56.1636,56.235,447669,0
XLF.US,5,20260106,175000,56.24,56.25,56.215,56.24,356259,0
XLF.US,5,20260106,175500,56.23,56.27,56.22,56.255,387670,0
XLF.US,5,20260106,180000,56.255,56.2985,56.2536,56.29,279968,0
XLF.US,5,20260106,180500,56.295,56.325,56.27,56.315,268991,0
XLF.US,5,20260106,181000,56.315,56.33,56.3,56.3,226862,0
XLF.US,5,20260106,181500,56.305,56.3573,56.3,56.345,319892,0
XLF.US,5,20260106,182000,56.345,56.3701,56.34,56.36,210001,0
XLF.US,5,20260106,182500,56.355,56.3669,56.335,56.3499,211952,0
XLF.US,5,20260106,183000,56.345,56.36,56.3221,56.326,224342,0
XLF.US,5,20260106,183500,56.325,56.34,56.3146,56.32,224492,0
XLF.US,5,20260106,184000,56.3199,56.3199,56.28,56.295,222689,0
XLF.US,5,20260106,184500,56.295,56.34,56.29,56.335,1159305,0
XLF.US,5,20260106,185000,56.335,56.4,56.3301,56.35,179778,0
XLF.US,5,20260106,185500,56.34,56.36,56.325,56.3491,517609,0
XLF.US,5,20260106,190000,56.35,56.3599,56.31,56.335,243823,0
XLF.US,5,20260106,190500,56.335,56.4,56.3284,56.4,196826,0
XLF.US,5,20260106,191000,56.4,56.4099,56.375,56.395,195611,0
XLF.US,5,20260106,191500,56.395,56.4099,56.36,56.37,155236,0
XLF.US,5,20260106,192000,56.37,56.385,56.355,56.36,146995,0
XLF.US,5,20260106,192500,56.365,56.38,56.36,56.36,175364,0
XLF.US,5,20260106,193000,56.3601,56.39,56.36,56.3706,217171,0
XLF.US,5,20260106,193500,56.3799,56.39,56.36,56.39,223067,0
XLF.US,5,20260106,194000,56.39,56.41,56.39,56.395,313848,0
XLF.US,5,20260106,194500,56.395,56.4072,56.3606,56.3735,204510,0
XLF.US,5,20260106,195000,56.37,56.4,56.37,56.395,149797,0
XLF.US,5,20260106,195500,56.4,56.42,56.39,56.415,136342,0
XLF.US,5,20260106,200000,56.415,56.47,56.415,56.455,340251,0
XLF.US,5,20260106,200500,56.455,56.48,56.45,56.46,146167,0
XLF.US,5,20260106,201000,56.465,56.49,56.46,56.4857,323692,0
XLF.US,5,20260106,201500,56.485,56.49,56.4538,56.455,172292,0
XLF.US,5,20260106,202000,56.455,56.4899,56.45,56.475,229861,0
XLF.US,5,20260106,202500,56.4743,56.49,56.43,56.43,295702,0
XLF.US,5,20260106,203000,56.435,56.45,56.4201,56.435,321845,0
XLF.US,5,20260106,203500,56.43,56.45,56.425,56.445,151630,0
XLF.US,5,20260106,204000,56.45,56.4799,56.44,56.46,391506,0
XLF.US,5,20260106,204500,56.465,56.48,56.46,56.465,150588,0
XLF.US,5,20260106,205000,56.465,56.4679,56.43,56.435,276961,0
XLF.US,5,20260106,205500,56.4354,56.46,56.4301,56.455,198949,0
XLF.US,5,20260106,210000,56.45,56.505,56.45,56.49,336015,0
XLF.US,5,20260106,210500,56.495,56.51,56.48,56.485,162989,0
XLF.US,5,20260106,211000,56.485,56.5,56.47,56.485,248145,0
XLF.US,5,20260106,211500,56.484173,56.49,56.47,56.475,153161,0
XLF.US,5,20260106,212000,56.475,56.475,56.45,56.455,316658,0
XLF.US,5,20260106,212500,56.46,56.485,56.45,56.48,180493,0
XLF.US,5,20260106,213000,56.48,56.49,56.47,56.485,194353,0
XLF.US,5,20260106,213500,56.49,56.5,56.4745,56.4745,342403,0
XLF.US,5,20260106,214000,56.4702,56.48,56.45,56.455,501791,0
XLF.US,5,20260106,214500,56.46,56.47,56.44,56.455,408690,0
XLF.US,5,20260106,215000,56.46,56.515,56.45,56.475,1043507,0
XLF.US,5,20260106,215500,56.47,56.47,56.39,56.41,3084321,0
XLF.US,5,20260107,153000,56.23,56.34,56.025,56.055,1750337,0
XLF.US,5,20260107,153500,56.06,56.225,56.015,56.055,1254308,0
XLF.US,5,20260107,154000,56.055,56.09,55.97,55.975,958624,0
XLF.US,5,20260107,154500,55.98,56.06,55.95,55.998,1198855,0
XLF.US,5,20260107,155000,56,56.005,55.895,55.925,657360,0
XLF.US,5,20260107,155500,55.9246,55.9246,55.83,55.86,942277,0
XLF.US,5,20260107,160000,55.86,55.88,55.72,55.73,747167,0
XLF.US,5,20260107,160500,55.73,55.775,55.7,55.71,642798,0
XLF.US,5,20260107,161000,55.705,55.7066,55.58,55.635,1255186,0
XLF.US,5,20260107,161500,55.635,55.6875,55.59,55.635,1143422,0
XLF.US,5,20260107,162000,55.635,55.66,55.57,55.575,904497,0
XLF.US,5,20260107,162500,55.5794,55.61,55.545,55.565,522228,0
XLF.US,5,20260107,163000,55.565,55.68,55.54,55.68,613023,0
XLF.US,5,20260107,163500,55.6735,55.72,55.657154,55.72,578259,0
XLF.US,5,20260107,164000,55.725,55.78,55.685,55.695,362941,0
XLF.US,5,20260107,164500,55.695,55.71,55.63,55.67,348463,0
XLF.US,5,20260107,165000,55.66,55.6668,55.62,55.655,266791,0
XLF.US,5,20260107,165500,55.66,55.705,55.66,55.69,296943,0
XLF.US,5,20260107,170000,55.69,55.72,55.67,55.705,442856,0
XLF.US,5,20260107,170500,55.705,55.71,55.675,55.69,251628,0
XLF.US,5,20260107,171000,55.69,55.705,55.63,55.655,430167,0
XLF.US,5,20260107,171500,55.6546,55.71,55.6546,55.69,241672,0
XLF.US,5,20260107,172000,55.6899,55.7399,55.68,55.725,267949,0
XLF.US,5,20260107,172500,55.725,55.74,55.7114,55.7294,249446,0
XLF.US,5,20260107,173000,55.725,55.73,55.7,55.71,207152,0
XLF.US,5,20260107,173500,55.71,55.745,55.71,55.735,199190,0
XLF.US,5,20260107,174000,55.735,55.8,55.725,55.8,121797,0
XLF.US,5,20260107,174500,55.8,55.805,55.765,55.7854,209521,0
XLF.US,5,20260107,175000,55.79,55.84,55.79,55.83,215978,0
XLF.US,5,20260107,175500,55.83,55.84,55.82,55.835,321530,0
XLF.US,5,20260107,180000,55.84,55.88,55.835,55.88,342905,0
XLF.US,5,20260107,180500,55.875,55.88,55.84,55.8598,285226,0
XLF.US,5,20260107,181000,55.86,55.89,55.8501,55.87,250367,0
XLF.US,5,20260107,181500,55.875,55.91,55.87,55.91,270360,0
XLF.US,5,20260107,182000,55.905,55.935,55.8955,55.9298,193245,0
XLF.US,5,20260107,182500,55.93,55.94,55.8933,55.895,266798,0
XLF.US,5,20260107,183000,55.895,55.91,55.85,55.865,436823,0
XLF.US,5,20260107,183500,55.865,55.87,55.8401,55.87,158359,0
XLF.US,5,20260107,184000,55.8682,55.8861,55.84,55.8861,189526,0
XLF.US,5,20260107,184500,55.885,55.885,55.7931,55.825,1630479,0
XLF.US,5,20260107,185000,55.825,55.825,55.73,55.785,934407,0
XLF.US,5,20260107,185500,55.79,55.817,55.74,55.785,483620,0
XLF.US,5,20260107,190000,55.785,55.825,55.77,55.805,302304,0
XLF.US,5,20260107,190500,55.805,55.83,55.784,55.785,363305,0
XLF.US,5,20260107,191000,55.78,55.78,55.74,55.7481,464894,0
XLF.US,5,20260107,191500,55.745,55.76,55.7216,55.745,316585,0
XLF.US,5,20260107,192000,55.745,55.78,55.725,55.78,498222,0
XLF.US,5,20260107,192500,55.776,55.79,55.73,55.7315,259346,0
XLF.US,5,20260107,193000,55.735,55.76,55.7301,55.75,159246,0
XLF.US,5,20260107,193500,55.745,55.76,55.71,55.725,263331,0
XLF.US,5,20260107,194000,55.7243,55.735,55.695,55.6994,185568,0
XLF.US,5,20260107,194500,55.6998,55.76,55.6998,55.755,240551,0
XLF.US,5,20260107,195000,55.755,55.79,55.745,55.765,198528,0
XLF.US,5,20260107,195500,55.7699,55.78,55.745,55.775,206130,0
XLF.US,5,20260107,200000,55.78,55.83,55.78,55.816,217490,0
XLF.US,5,20260107,200500,55.81,55.8101,55.735,55.735,141112,0
XLF.US,5,20260107,201000,55.735,55.765,55.71,55.76,202601,0
XLF.US,5,20260107,201500,55.755,55.76,55.725,55.76,168405,0
XLF.US,5,20260107,202000,55.76,55.77,55.735,55.735,145598,0
XLF.US,5,20260107,202500,55.7394,55.755,55.7,55.755,1296697,0
XLF.US,5,20260107,203000,55.76,55.8,55.755,55.795,270611,0
XLF.US,5,20260107,203500,55.795,55.82,55.775,55.785,243500,0
XLF.US,5,20260107,204000,55.785,55.8,55.77,55.795,173872,0
XLF.US,5,20260107,204500,55.795,55.815,55.79,55.805,125003,0
XLF.US,5,20260107,205000,55.8064,55.81,55.785,55.785,123650,0
XLF.US,5,20260107,205500,55.78,55.79,55.76,55.77,229521,0
XLF.US,5,20260107,210000,55.765,55.7899,55.74,55.775,552810,0
XLF.US,5,20260107,210500,55.775,55.775,55.725,55.74,487545,0
XLF.US,5,20260107,211000,55.74,55.749,55.71,55.71,129554,0
XLF.US,5,20260107,211500,55.71,55.7137,55.6801,55.7137,880033,0
XLF.US,5,20260107,212000,55.715,55.715,55.66,55.665,436685,0
XLF.US,5,20260107,212500,55.665,55.67,55.61,55.62,468898,0
XLF.US,5,20260107,213000,55.62,55.62,55.545,55.5545,619058,0
XLF.US,5,20260107,213500,55.555,55.595,55.545,55.575,646747,0
XLF.US,5,20260107,214000,55.575,55.61,55.56,55.595,746783,0
XLF.US,5,20260107,214500,55.59,55.61,55.58,55.595,726052,0
XLF.US,5,20260107,215000,55.595,55.655,55.585,55.635,1557764,0
XLF.US,5,20260107,215500,55.64,55.645,55.59,55.595,3880213,0
XLF.US,5,20260108,153000,55.45,55.635,55.41,55.57,1413697,0
XLF.US,5,20260108,153500,55.5761,55.77,55.53,55.67,1207273,0
XLF.US,5,20260108,154000,55.675,55.8199,55.675,55.8,1241608,0
XLF.US,5,20260108,154500,55.795,55.945,55.72,55.8905,1100411,0
XLF.US,5,20260108,155000,55.895,56,55.85,55.935,794888,0
XLF.US,5,20260108,155500,55.935,56.065,55.935,56.01,717890,0
XLF.US,5,20260108,160000,56.015,56.04,55.94,56.0291,957256,0
XLF.US,5,20260108,160500,56.03,56.0707,56.0145,56.065,387696,0
XLF.US,5,20260108,161000,56.0646,56.0646,55.98,56.005,493891,0
XLF.US,5,20260108,161500,56.01,56.055,55.995,56.025,697706,0
XLF.US,5,20260108,162000,56.025,56.05,55.99,56,292327,0
XLF.US,5,20260108,162500,56.005,56.025,55.97,55.99,462134,0
XLF.US,5,20260108,163000,55.99,56.025,55.95,56.01,320042,0
XLF.US,5,20260108,163500,56.005,56.04,55.99,56.02,279525,0
XLF.US,5,20260108,164000,56.03,56.08,56.02,56.02,621338,0
XLF.US,5,20260108,164500,56.025,56.055,56.0166,56.04,270143,0
XLF.US,5,20260108,165000,56.045,56.07,55.98,55.98,381044,0
XLF.US,5,20260108,165500,55.99,56.05,55.98,56.05,290801,0
XLF.US,5,20260108,170000,56.05,56.0899,56.04,56.0536,376105,0
XLF.US,5,20260108,170500,56.055,56.065,56,56.0008,341552,0
XLF.US,5,20260108,171000,56.005,56.045,55.995,56.015,259628,0
XLF.US,5,20260108,171500,56.02,56.06,56.02,56.025,357421,0
XLF.US,5,20260108,172000,56.0299,56.08,56.015,56.075,273568,0
XLF.US,5,20260108,172500,56.0753,56.13,56.06,56.12,370501,0
XLF.US,5,20260108,173000,56.115,56.2,56.115,56.185,430793,0
XLF.US,5,20260108,173500,56.185,56.185,56.114,56.1332,657886,0
XLF.US,5,20260108,174000,56.135,56.16,56.125,56.135,209974,0
XLF.US,5,20260108,174500,56.13,56.14,56.095,56.1,334908,0
XLF.US,5,20260108,175000,56.09,56.125,56.09,56.1054,405957,0
XLF.US,5,20260108,175500,56.105,56.165,56.1,56.1599,239520,0
XLF.US,5,20260108,180000,56.16,56.2,56.145,56.1805,267795,0
XLF.US,5,20260108,180500,56.18,56.21,56.17,56.175,256876,0
XLF.US,5,20260108,181000,56.18,56.19,56.16,56.165,197161,0
XLF.US,5,20260108,181500,56.165,56.2,56.1636,56.195,192151,0
XLF.US,5,20260108,182000,56.19,56.1956,56.17,56.176,114802,0
XLF.US,5,20260108,182500,56.17,56.18,56.1632,56.175,163260,0
XLF.US,5,20260108,183000,56.17,56.25,56.17,56.24,775871,0
XLF.US,5,20260108,183500,56.23,56.25,56.22,56.23,135938,0
XLF.US,5,20260108,184000,56.235,56.24,56.22,56.225,89673,0
XLF.US,5,20260108,184500,56.225,56.225,56.2,56.205,220333,0
XLF.US,5,20260108,185000,56.205,56.236,56.205,56.23,220256,0
XLF.US,5,20260108,185500,56.22,56.225,56.195,56.205,117244,0
XLF.US,5,20260108,190000,56.19,56.21,56.18,56.1835,151217,0
XLF.US,5,20260108,190500,56.185,56.1999,56.17,56.19,404385,0
XLF.US,5,20260108,191000,56.1987,56.1987,56.105,56.115,188255,0
XLF.US,5,20260108,191500,56.1101,56.1175,56.085,56.11,137138,0
XLF.US,5,20260108,192000,56.1162,56.12,56.085,56.1,104180,0
XLF.US,5,20260108,192500,56.105,56.1276,56.0916,56.095,120084,0
XLF.US,5,20260108,193000,56.095,56.098,56.07,56.075,119949,0
XLF.US,5,20260108,193500,56.0765,56.0884,56.055,56.055,170587,0
XLF.US,5,20260108,194000,56.055,56.08,56.05,56.065,143893,0
XLF.US,5,20260108,194500,56.065,56.08,56.05,56.055,106601,0
XLF.US,5,20260108,195000,56.055,56.07,56.025,56.025,134961,0
XLF.US,5,20260108,195500,56.025,56.03,55.9937,56.015,198918,0
XLF.US,5,20260108,200000,56.015,56.036,55.995,56.035,130942,0
XLF.US,5,20260108,200500,56.035,56.07,56.035,56.065,176378,0
XLF.US,5,20260108,201000,56.065,56.0699,56.035,56.0499,141870,0
XLF.US,5,20260108,201500,56.045,56.045,56.005,56.045,190663,0
XLF.US,5,20260108,202000,56.05,56.08,56.045,56.055,169094,0
XLF.US,5,20260108,202500,56.055,56.06,56.025,56.045,196733,0
XLF.US,5,20260108,203000,56.045,56.09,56.04,56.065,241114,0
XLF.US,5,20260108,203500,56.065,56.075,56.04,56.045,106161,0
XLF.US,5,20260108,204000,56.05,56.06,56.015,56.015,125400,0
XLF.US,5,20260108,204500,56.015,56.035,56.01,56.015,137158,0
XLF.US,5,20260108,205000,56.02,56.035,56.005,56.01,123352,0
XLF.US,5,20260108,205500,56.01,56.02,55.98,56.005,234920,0
XLF.US,5,20260108,210000,56,56.017,55.98,55.995,316693,0
XLF.US,5,20260108,210500,55.995,56.01,55.985,55.995,133359,0
XLF.US,5,20260108,211000,56,56.03,55.99,56.025,279163,0
XLF.US,5,20260108,211500,56.025,56.04,56.01,56.02,333563,0
XLF.US,5,20260108,212000,56.025,56.05,56.015,56.025,311989,0
XLF.US,5,20260108,212500,56.02,56.0299,56.01,56.025,158918,0
XLF.US,5,20260108,213000,56.025,56.04,56.01,56.025,444983,0
XLF.US,5,20260108,213500,56.025,56.05,55.985,55.985,259626,0
XLF.US,5,20260108,214000,55.985,56,55.96,55.99,378151,0
XLF.US,5,20260108,214500,55.985,55.995,55.95,55.965,729903,0
XLF.US,5,20260108,215000,55.9606,56,55.944,55.955,1111234,0
XLF.US,5,20260108,215500,55.95,55.95,55.9,55.9,4368562,0
XLF.US,5,20260109,153000,55.945,56.16,55.935,56.085,874877,0
XLF.US,5,20260109,153500,56.085,56.11,56.01,56.055,1148573,0
XLF.US,5,20260109,154000,56.05,56.065,55.8493,55.85,765755,0
XLF.US,5,20260109,154500,55.845,55.99,55.84,55.93,1614831,0
XLF.US,5,20260109,155000,55.94,55.98,55.825,55.965,818654,0
XLF.US,5,20260109,155500,55.97,56.02,55.93,55.94,555565,0
XLF.US,5,20260109,160000,55.94,55.995,55.77,55.77,468665,0
XLF.US,5,20260109,160500,55.775,55.85,55.7401,55.825,613814,0
XLF.US,5,20260109,161000,55.82,55.85,55.7959,55.84,519959,0
XLF.US,5,20260109,161500,55.84,55.84,55.7701,55.805,366862,0
XLF.US,5,20260109,162000,55.81,55.96,55.8,55.96,389402,0
XLF.US,5,20260109,162500,55.96,55.9701,55.89,55.9065,259250,0
XLF.US,5,20260109,163000,55.9,55.9359,55.86,55.895,315221,0
XLF.US,5,20260109,163500,55.895,55.915,55.865,55.88,253418,0
XLF.US,5,20260109,164000,55.88,55.89,55.7994,55.81,253705,0
XLF.US,5,20260109,164500,55.81,55.845,55.79,55.81,363981,0
XLF.US,5,20260109,165000,55.815,55.855,55.815,55.825,304583,0
XLF.US,5,20260109,165500,55.83,55.8865,55.8294,55.88,201740,0
XLF.US,5,20260109,170000,55.88,55.9,55.85,55.9,207509,0
XLF.US,5,20260109,170500,55.9001,55.91,55.8332,55.835,108232,0
XLF.US,5,20260109,171000,55.8399,55.9065,55.825,55.9,340256,0
XLF.US,5,20260109,171500,55.9,55.95,55.895,55.935,230523,0
XLF.US,5,20260109,172000,55.935,55.955,55.92,55.935,190891,0
XLF.US,5,20260109,172500,55.93,55.9394,55.89,55.895,175219,0
XLF.US,5,20260109,173000,55.895,55.905,55.85,55.8543,129672,0
XLF.US,5,20260109,173500,55.8599,55.925,55.855,55.915,192713,0
XLF.US,5,20260109,174000,55.915,55.98,55.89,55.9746,146130,0
XLF.US,5,20260109,174500,55.98,55.995,55.96,55.9645,88525,0
XLF.US,5,20260109,175000,55.97,55.98,55.94,55.945,311168,0
XLF.US,5,20260109,175500,55.945,55.945,55.92,55.935,119830,0
XLF.US,5,20260109,180000,55.9389,55.9452,55.925,55.945,124155,0
XLF.US,5,20260109,180500,55.945,55.96,55.92,55.9224,110536,0
XLF.US,5,20260109,181000,55.925,55.95,55.91,55.945,116189,0
XLF.US,5,20260109,181500,55.945,55.95,55.9245,55.935,152136,0
XLF.US,5,20260109,182000,55.935,55.9699,55.93,55.945,120301,0
XLF.US,5,20260109,182500,55.945,55.95,55.93,55.93,77786,0
XLF.US,5,20260109,183000,55.9336,55.96,55.93,55.945,95195,0
XLF.US,5,20260109,183500,55.945,55.9788,55.94,55.96,184391,0
XLF.US,5,20260109,184000,55.955,55.955,55.925,55.925,110512,0
XLF.US,5,20260109,184500,55.925,55.94,55.91,55.925,149038,0
XLF.US,5,20260109,185000,55.925,55.93,55.89,55.89,214169,0
XLF.US,5,20260109,185500,55.89,55.895,55.85,55.85,179129,0
XLF.US,5,20260109,190000,55.84,55.8451,55.83,55.835,218562,0
XLF.US,5,20260109,190500,55.84,55.855,55.815,55.815,181584,0
XLF.US,5,20260109,191000,55.815,55.84,55.815,55.835,239780,0
XLF.US,5,20260109,191500,55.83,55.8451,55.805,55.805,132001,0
XLF.US,5,20260109,192000,55.81,55.83,55.8099,55.815,108592,0
XLF.US,5,20260109,192500,55.81,55.8199,55.78,55.81,106470,0
XLF.US,5,20260109,193000,55.805,55.85,55.805,55.85,478227,0
XLF.US,5,20260109,193500,55.85,55.87,55.83,55.865,185395,0
XLF.US,5,20260109,194000,55.865,55.89,55.865,55.8799,262101,0
XLF.US,5,20260109,194500,55.8797,55.885,55.865,55.8708,105817,0
XLF.US,5,20260109,195000,55.875,55.875,55.83,55.8451,146884,0
XLF.US,5,20260109,195500,55.842,55.842,55.815,55.816,205090,0
XLF.US,5,20260109,200000,55.8154,55.8154,55.78,55.81,445267,0
XLF.US,5,20260109,200500,55.805,55.8284,55.78,55.825,223524,0
XLF.US,5,20260109,201000,55.8256,55.8256,55.79,55.7999,230852,0
XLF.US,5,20260109,201500,55.8,55.81,55.79,55.795,183290,0
XLF.US,5,20260109,202000,55.795,55.825,55.79,55.81,203203,0
XLF.US,5,20260109,202500,55.815,55.8199,55.79,55.81,218056,0
XLF.US,5,20260109,203000,55.81,55.825,55.79,55.795,314939,0
XLF.US,5,20260109,203500,55.8,55.81,55.79,55.7994,151950,0
XLF.US,5,20260109,204000,55.794,55.8,55.7801,55.795,86746,0
XLF.US,5,20260109,204500,55.79,55.825,55.785,55.8201,264307,0
XLF.US,5,20260109,205000,55.825,55.8499,55.82,55.845,97258,0
XLF.US,5,20260109,205500,55.84,55.85,55.8238,55.845,190204,0
XLF.US,5,20260109,210000,55.845,55.85,55.82,55.825,190986,0
XLF.US,5,20260109,210500,55.825,55.83,55.79,55.7999,222427,0
XLF.US,5,20260109,211000,55.795,55.795,55.7601,55.775,121978,0
XLF.US,5,20260109,211500,55.7732,55.7899,55.76,55.78,199794,0
XLF.US,5,20260109,212000,55.7745,55.81,55.7701,55.8013,210876,0
XLF.US,5,20260109,212500,55.805,55.8154,55.79,55.805,190433,0
XLF.US,5,20260109,213000,55.805,55.83,55.79,55.8188,467535,0
XLF.US,5,20260109,213500,55.82,55.83,55.805,55.805,314096,0
XLF.US,5,20260109,214000,55.805,55.8199,55.79,55.8,286762,0
XLF.US,5,20260109,214500,55.8,55.81,55.775,55.775,341446,0
XLF.US,5,20260109,215000,55.775,55.8,55.74,55.745,818121,0
XLF.US,5,20260109,215500,55.745,55.78,55.72,55.73,2332862,0
XLF.US,5,20260112,153000,55.03,55.08,54.84,54.855,2610894,0
XLF.US,5,20260112,153500,54.855,55.18,54.84,55.08,2654310,0
XLF.US,5,20260112,154000,55.08,55.23,55.079,55.16,2145701,0
XLF.US,5,20260112,154500,55.16,55.24,55.12,55.155,1296807,0
XLF.US,5,20260112,155000,55.155,55.175,55.04,55.17,1121355,0
XLF.US,5,20260112,155500,55.175,55.235,55.175,55.205,637800,0
XLF.US,5,20260112,160000,55.2,55.235,55.17,55.195,526639,0
XLF.US,5,20260112,160500,55.195,55.195,55.1146,55.12,607577,0
XLF.US,5,20260112,161000,55.12,55.17,55.06,55.065,434150,0
XLF.US,5,20260112,161500,55.0625,55.135,55.06,55.12,416339,0
XLF.US,5,20260112,162000,55.12,55.12,55.05,55.095,599441,0
XLF.US,5,20260112,162500,55.09,55.095,55.04,55.07,347787,0
XLF.US,5,20260112,163000,55.065,55.16,55.0646,55.135,384712,0
XLF.US,5,20260112,163500,55.135,55.15,55.105,55.125,324153,0
XLF.US,5,20260112,164000,55.125,55.17,55.11,55.17,464979,0
XLF.US,5,20260112,164500,55.165,55.185,55.15,55.165,440567,0
XLF.US,5,20260112,165000,55.165,55.21,55.165,55.2,383574,0
XLF.US,5,20260112,165500,55.2,55.22,55.19,55.195,528806,0
XLF.US,5,20260112,170000,55.195,55.195,55.1301,55.1402,731715,0
XLF.US,5,20260112,170500,55.144,55.16,55.13,55.155,697807,0
XLF.US,5,20260112,171000,55.15,55.185,55.144,55.175,276641,0
XLF.US,5,20260112,171500,55.175,55.1799,55.14,55.175,379905,0
XLF.US,5,20260112,172000,55.175,55.19,55.16,55.175,284158,0
XLF.US,5,20260112,172500,55.175,55.2,55.15,55.165,606126,0
XLF.US,5,20260112,173000,55.17,55.21,55.1651,55.2006,268527,0
XLF.US,5,20260112,173500,55.21,55.24,55.2,55.235,738733,0
XLF.US,5,20260112,174000,55.235,55.25,55.22,55.235,315454,0
XLF.US,5,20260112,174500,55.235,55.31,55.235,55.285,274384,0
XLF.US,5,20260112,175000,55.28,55.285,55.22,55.22,287225,0
XLF.US,5,20260112,175500,55.225,55.235,55.18,55.2,235081,0
XLF.US,5,20260112,180000,55.195,55.2,55.16,55.165,194909,0
XLF.US,5,20260112,180500,55.165,55.18,55.1141,55.125,342070,0
XLF.US,5,20260112,181000,55.13,55.13,55.1,55.115,243298,0
XLF.US,5,20260112,181500,55.115,55.1154,55.08,55.095,430664,0
XLF.US,5,20260112,182000,55.09,55.125,55.07,55.12,238973,0
XLF.US,5,20260112,182500,55.12,55.14,55.11,55.13,309772,0
XLF.US,5,20260112,183000,55.13,55.15,55.11,55.125,193228,0
XLF.US,5,20260112,183500,55.125,55.135,55.105,55.1098,156398,0
XLF.US,5,20260112,184000,55.105,55.11,55.09,55.105,144677,0
XLF.US,5,20260112,184500,55.1091,55.12,55.1,55.12,166432,0
XLF.US,5,20260112,185000,55.115,55.1287,55.1,55.115,263563,0
XLF.US,5,20260112,185500,55.115,55.13,55.1,55.125,171365,0
XLF.US,5,20260112,190000,55.12,55.1371,55.11,55.125,246951,0
XLF.US,5,20260112,190500,55.125,55.14,55.11,55.13,352148,0
XLF.US,5,20260112,191000,55.125,55.16,55.12,55.1425,203904,0
XLF.US,5,20260112,191500,55.15,55.15,55.12,55.13,137140,0
XLF.US,5,20260112,192000,55.13,55.14,55.12,55.1203,175706,0
XLF.US,5,20260112,192500,55.12,55.13,55.11,55.115,154589,0
XLF.US,5,20260112,193000,55.117402,55.125,55.1,55.1101,706611,0
XLF.US,5,20260112,193500,55.115,55.14,55.105,55.125,348931,0
XLF.US,5,20260112,194000,55.125,55.13,55.11,55.115,342416,0
XLF.US,5,20260112,194500,55.115,55.15,55.115,55.145,273465,0
XLF.US,5,20260112,195000,55.14,55.15,55.13,55.135,252822,0
XLF.US,5,20260112,195500,55.1394,55.16,55.1301,55.155,147892,0
XLF.US,5,20260112,200000,55.155,55.155,55.12,55.12,192846,0
XLF.US,5,20260112,200500,55.125,55.155,55.12,55.15,121711,0
XLF.US,5,20260112,201000,55.145,55.16,55.13,55.145,376427,0
XLF.US,5,20260112,201500,55.14,55.15,55.11,55.115,185132,0
XLF.US,5,20260112,202000,55.11,55.135,55.1,55.1,248786,0
XLF.US,5,20260112,202500,55.1,55.1,55.075,55.095,302123,0
XLF.US,5,20260112,203000,55.095,55.16,55.09,55.1201,219661,0
XLF.US,5,20260112,203500,55.125,55.1265,55.1,55.1199,113169,0
XLF.US,5,20260112,204000,55.115,55.16,55.1134,55.16,171350,0
XLF.US,5,20260112,204500,55.155,55.18,55.15,55.16,273047,0
XLF.US,5,20260112,205000,55.165,55.206,55.1637,55.206,215451,0
XLF.US,5,20260112,205500,55.205,55.22,55.2,55.2199,124311,0
XLF.US,5,20260112,210000,55.21,55.2355,55.2,55.205,355137,0
XLF.US,5,20260112,210500,55.21,55.25,55.2099,55.2401,171599,0
XLF.US,5,20260112,211000,55.245,55.25,55.2,55.2,185646,0
XLF.US,5,20260112,211500,55.2001,55.23,55.2001,55.225,147279,0
XLF.US,5,20260112,212000,55.225,55.2299,55.195,55.225,258490,0
XLF.US,5,20260112,212500,55.22,55.23,55.2,55.2099,325416,0
XLF.US,5,20260112,213000,55.21,55.2557,55.21,55.255,276486,0
XLF.US,5,20260112,213500,55.255,55.29,55.245,55.2801,499813,0
XLF.US,5,20260112,214000,55.285,55.2999,55.265,55.2902,306507,0
XLF.US,5,20260112,214500,55.29,55.32,55.285,55.305,627756,0
XLF.US,5,20260112,215000,55.3,55.36,55.2901,55.335,1057475,0
XLF.US,5,20260112,215500,55.33,55.34,55.27,55.29,3383577,0
XLF.US,5,20260113,153000,55.15,55.23,54.95,55,2764623,0
XLF.US,5,20260113,153500,55.005,55.02,54.81,54.82,1823915,0
XLF.US,5,20260113,154000,54.82,54.855,54.72,54.73,1925111,0
XLF.US,5,20260113,154500,54.74,54.765,54.4941,54.57,3360130,0
XLF.US,5,20260113,155000,54.56,54.61,54.4846,54.535,1311534,0
XLF.US,5,20260113,155500,54.5354,54.66,54.525,54.54,1449394,0
XLF.US,5,20260113,160000,54.54,54.54,54.4,54.405,2219944,0
XLF.US,5,20260113,160500,54.405,54.475,54.37,54.38,1796581,0
XLF.US,5,20260113,161000,54.38,54.395,54.33,54.34,957743,0
XLF.US,5,20260113,161500,54.33,54.37,54.28,54.32,1193384,0
XLF.US,5,20260113,162000,54.32,54.365,54.304,54.335,620228,0
XLF.US,5,20260113,162500,54.335,54.35,54.28,54.35,587069,0
XLF.US,5,20260113,163000,54.34,54.505,54.33,54.495,1778741,0
XLF.US,5,20260113,163500,54.49,54.55,54.44,54.525,2865188,0
XLF.US,5,20260113,164000,54.52,54.59,54.52,54.5599,1041343,0
XLF.US,5,20260113,164500,54.555,54.56,54.465,54.47,1124277,0
XLF.US,5,20260113,165000,54.465,54.5,54.405,54.425,751552,0
XLF.US,5,20260113,165500,54.42,54.46,54.4144,54.435,552397,0
XLF.US,5,20260113,170000,54.435,54.48,54.4,54.455,506342,0
XLF.US,5,20260113,170500,54.455,54.48,54.4001,54.425,470357,0
XLF.US,5,20260113,171000,54.43,54.46,54.42,54.43,307429,0
XLF.US,5,20260113,171500,54.425,54.48,54.4,54.42,452157,0
XLF.US,5,20260113,172000,54.43,54.45,54.38,54.385,603566,0
XLF.US,5,20260113,172500,54.385,54.385,54.285,54.35,678082,0
XLF.US,5,20260113,173000,54.34,54.35,54.3,54.3237,435752,0
XLF.US,5,20260113,173500,54.325,54.355,54.26,54.32,584125,0
XLF.US,5,20260113,174000,54.315,54.36,54.3,54.345,787761,0
XLF.US,5,20260113,174500,54.345,54.35,54.25,54.285,586337,0
XLF.US,5,20260113,175000,54.285,54.305,54.26,54.28,514983,0
XLF.US,5,20260113,175500,54.285,54.2899,54.26,54.28,352420,0
XLF.US,5,20260113,180000,54.29,54.35,54.27,54.295,517489,0
XLF.US,5,20260113,180500,54.295,54.31,54.245,54.245,437028,0
XLF.US,5,20260113,181000,54.2436,54.335,54.2436,54.335,690832,0
XLF.US,5,20260113,181500,54.335,54.35,54.275,54.295,316062,0
XLF.US,5,20260113,182000,54.29,54.35,54.275,54.335,448171,0
XLF.US,5,20260113,182500,54.335,54.3474,54.31,54.345,297579,0
XLF.US,5,20260113,183000,54.3454,54.35,54.27,54.31,503258,0
XLF.US,5,20260113,183500,54.305,54.31,54.2746,54.2925,407893,0
XLF.US,5,20260113,184000,54.29,54.31,54.28,54.31,400708,0
XLF.US,5,20260113,184500,54.31,54.31,54.2701,54.285,746422,0
XLF.US,5,20260113,185000,54.28,54.325,54.28,54.325,471293,0
XLF.US,5,20260113,185500,54.32,54.33,54.28,54.305,459328,0
XLF.US,5,20260113,190000,54.305,54.31,54.27,54.285,776632,0
XLF.US,5,20260113,190500,54.285,54.32,54.28,54.28,393289,0
XLF.US,5,20260113,191000,54.28,54.335,54.27,54.335,425524,0
XLF.US,5,20260113,191500,54.33,54.345,54.3235,54.335,519774,0
XLF.US,5,20260113,192000,54.335,54.38,54.325,54.375,405300,0
XLF.US,5,20260113,192500,54.38,54.3879,54.34,54.355,447186,0
XLF.US,5,20260113,193000,54.355,54.4065,54.345,54.385,553401,0
XLF.US,5,20260113,193500,54.385,54.42,54.38,54.405,349850,0
XLF.US,5,20260113,194000,54.405,54.42,54.39,54.395,696014,0
XLF.US,5,20260113,194500,54.4,54.42,54.37,54.37,464407,0
XLF.US,5,20260113,195000,54.375,54.39,54.33,54.375,491067,0
XLF.US,5,20260113,195500,54.375,54.385,54.35,54.36,535281,0
XLF.US,5,20260113,200000,54.37,54.3755,54.31,54.315,658257,0
XLF.US,5,20260113,200500,54.315,54.34,54.29,54.29,479053,0
XLF.US,5,20260113,201000,54.29,54.31,54.26,54.3,608628,0
XLF.US,5,20260113,201500,54.3,54.345,54.285,54.305,818478,0
XLF.US,5,20260113,202000,54.305,54.325,54.28,54.295,492727,0
XLF.US,5,20260113,202500,54.295,54.3,54.28,54.285,412879,0
XLF.US,5,20260113,203000,54.285,54.31,54.27,54.29,657305,0
XLF.US,5,20260113,203500,54.295,54.31,54.275,54.275,398839,0
XLF.US,5,20260113,204000,54.28,54.32,54.2746,54.29,529962,0
XLF.US,5,20260113,204500,54.3,54.3058,54.26,54.285,318333,0
XLF.US,5,20260113,205000,54.285,54.295,54.27,54.285,184236,0
XLF.US,5,20260113,205500,54.285,54.2899,54.26,54.28,425184,0
XLF.US,5,20260113,210000,54.275,54.3,54.25,54.295,1055894,0
XLF.US,5,20260113,210500,54.29,54.29,54.23,54.235,583203,0
XLF.US,5,20260113,211000,54.23,54.26,54.22,54.245,649208,0
XLF.US,5,20260113,211500,54.245,54.2555,54.225,54.24,538805,0
XLF.US,5,20260113,212000,54.235,54.24,54.21,54.235,549659,0
XLF.US,5,20260113,212500,54.235,54.245,54.2,54.2003,356239,0
XLF.US,5,20260113,213000,54.2001,54.22,54.15,54.18,774514,0
XLF.US,5,20260113,213500,54.175,54.1866,54.15,54.185,808268,0
XLF.US,5,20260113,214000,54.19,54.2,54.17,54.19,1319534,0
XLF.US,5,20260113,214500,54.1999,54.205,54.17,54.19,1480433,0
XLF.US,5,20260113,215000,54.19,54.27,54.18,54.235,2391901,0
XLF.US,5,20260113,215500,54.235,54.275,54.22,54.23,6355940,0
XLF.US,5,20260114,153000,54.03,54.145,53.925,53.95,2268839,0
XLF.US,5,20260114,153500,53.945,54.18,53.885,54.08,2432945,0
XLF.US,5,20260114,154000,54.07,54.1005,53.94,53.94,1655536,0
XLF.US,5,20260114,154500,53.935,54.0199,53.89,53.975,715747,0
XLF.US,5,20260114,155000,53.975,53.99,53.915,53.99,877922,0
XLF.US,5,20260114,155500,53.955,53.955,53.835,53.84,753330,0
XLF.US,5,20260114,160000,53.84,53.8463,53.77,53.835,1357672,0
XLF.US,5,20260114,160500,53.83,53.91,53.8,53.895,852129,0
XLF.US,5,20260114,161000,53.895,54.0166,53.88,54,1388018,0
XLF.US,5,20260114,161500,54,54.0199,53.9101,53.945,978831,0
XLF.US,5,20260114,162000,53.945,53.955,53.875,53.92,697827,0
XLF.US,5,20260114,162500,53.925,53.955,53.88,53.885,710783,0
XLF.US,5,20260114,163000,53.885,53.8865,53.795,53.8,616603,0
XLF.US,5,20260114,163500,53.8,53.855,53.79,53.855,732939,0
XLF.US,5,20260114,164000,53.85,53.875,53.82,53.85,430297,0
XLF.US,5,20260114,164500,53.855,53.8999,53.84,53.87,846137,0
XLF.US,5,20260114,165000,53.87,53.91,53.84,53.865,566423,0
XLF.US,5,20260114,165500,53.865,53.91,53.85,53.86,335433,0
XLF.US,5,20260114,170000,53.865,53.87,53.81,53.825,372170,0
XLF.US,5,20260114,170500,53.825,53.8554,53.81,53.835,404715,0
XLF.US,5,20260114,171000,53.84,53.9,53.83,53.895,646673,0
XLF.US,5,20260114,171500,53.895,53.9165,53.87,53.895,403015,0
XLF.US,5,20260114,172000,53.9,54,53.9,53.985,380223,0
XLF.US,5,20260114,172500,53.985,54.05,53.97,54.005,495343,0
XLF.US,5,20260114,173000,54,54.04,53.97,53.975,414250,0
XLF.US,5,20260114,173500,53.975,53.975,53.925,53.95,423421,0
XLF.US,5,20260114,174000,53.945,53.945,53.85,53.855,333094,0
XLF.US,5,20260114,174500,53.855,53.86,53.7801,53.805,481325,0
XLF.US,5,20260114,175000,53.805,53.81,53.75,53.7663,732042,0
XLF.US,5,20260114,175500,53.765,53.765,53.69,53.74,1520594,0
XLF.US,5,20260114,180000,53.74,53.7565,53.705,53.735,589088,0
XLF.US,5,20260114,180500,53.735,53.765,53.71,53.75,594636,0
XLF.US,5,20260114,181000,53.745,53.77,53.725,53.755,423247,0
XLF.US,5,20260114,181500,53.7599,53.78,53.7445,53.765,560912,0
XLF.US,5,20260114,182000,53.76,53.7799,53.735,53.755,509773,0
XLF.US,5,20260114,182500,53.76,53.8,53.74,53.775,570315,0
XLF.US,5,20260114,183000,53.77,53.775,53.73,53.76,533134,0
XLF.US,5,20260114,183500,53.765,53.8099,53.755,53.795,464292,0
XLF.US,5,20260114,184000,53.79,53.8554,53.79,53.8425,866320,0
XLF.US,5,20260114,184500,53.845,53.88,53.84,53.8663,388748,0
XLF.US,5,20260114,185000,53.87,53.87,53.815,53.855,474076,0
XLF.US,5,20260114,185500,53.85,53.88,53.84,53.855,268050,0
XLF.US,5,20260114,190000,53.855,53.88,53.821,53.875,312743,0
XLF.US,5,20260114,190500,53.875,53.8974,53.8715,53.88,485612,0
XLF.US,5,20260114,191000,53.8884,53.9,53.87,53.895,269219,0
XLF.US,5,20260114,191500,53.89,53.915,53.87,53.905,363134,0
XLF.US,5,20260114,192000,53.905,53.925,53.9,53.905,197203,0
XLF.US,5,20260114,192500,53.905,53.94,53.9016,53.935,211398,0
XLF.US,5,20260114,193000,53.935,53.96,53.91,53.925,506041,0
XLF.US,5,20260114,193500,53.925,53.945,53.905,53.925,513218,0
XLF.US,5,20260114,194000,53.925,53.945,53.9,53.9,376180,0
XLF.US,5,20260114,194500,53.91,53.97,53.905,53.95,356563,0
XLF.US,5,20260114,195000,53.945,54.015,53.945,53.9901,575217,0
XLF.US,5,20260114,195500,53.995,54.02,53.985,54,697346,0
XLF.US,5,20260114,200000,54.005,54.01,53.98,53.985,454256,0
XLF.US,5,20260114,200500,53.985,53.995,53.97,53.995,523788,0
XLF.US,5,20260114,201000,53.995,54,53.96,53.985,507188,0
XLF.US,5,20260114,201500,53.985,53.99,53.945,53.9601,365971,0
XLF.US,5,20260114,202000,53.96,53.9662,53.925,53.95,321208,0
XLF.US,5,20260114,202500,53.95,53.955,53.92,53.955,414092,0
XLF.US,5,20260114,203000,53.955,53.98,53.945,53.95,609719,0
XLF.US,5,20260114,203500,53.955,53.98,53.9203,53.975,481334,0
XLF.US,5,20260114,204000,53.9799,54,53.965,53.9985,315772,0
XLF.US,5,20260114,204500,53.995,54.03,53.99,54.015,375437,0
XLF.US,5,20260114,205000,54.015,54.04,54.005,54.02,438946,0
XLF.US,5,20260114,205500,54.015,54.06,54.01,54.055,492489,0
XLF.US,5,20260114,210000,54.05,54.12,54.02,54.09,1099858,0
XLF.US,5,20260114,210500,54.085,54.14,54.0744,54.1,642569,0
XLF.US,5,20260114,211000,54.1,54.11,54.0702,54.075,648939,0
XLF.US,5,20260114,211500,54.08,54.11,54.05,54.105,985792,0
XLF.US,5,20260114,212000,54.105,54.12,54.08,54.115,851901,0
XLF.US,5,20260114,212500,54.11,54.115,54.065,54.095,348966,0
XLF.US,5,20260114,213000,54.095,54.14,54.085,54.115,492505,0
XLF.US,5,20260114,213500,54.11,54.1575,54.08,54.1101,825731,0
XLF.US,5,20260114,214000,54.115,54.13,54.08,54.085,465164,0
XLF.US,5,20260114,214500,54.085,54.09,54.0145,54.03,1221066,0
XLF.US,5,20260114,215000,54.035,54.17,54.035,54.17,1832254,0
XLF.US,5,20260114,215500,54.17,54.175,54.11,54.15,4056198,0
XLF.US,5,20260115,153000,54.245,54.435,54.21,54.415,2092984,0
XLF.US,5,20260115,153500,54.42,54.6,54.42,54.509,2144464,0
XLF.US,5,20260115,154000,54.505,54.59,54.355,54.407,2166311,0
XLF.US,5,20260115,154500,54.4,54.4897,54.355,54.485,1067655,0
XLF.US,5,20260115,155000,54.48,54.48,54.375,54.385,942483,0
XLF.US,5,20260115,155500,54.39,54.5093,54.37,54.5,752236,0
XLF.US,5,20260115,160000,54.5,54.55,54.475,54.505,1068854,0
XLF.US,5,20260115,160500,54.505,54.595,54.4901,54.585,1198522,0
XLF.US,5,20260115,161000,54.59,54.5999,54.53,54.575,907858,0
XLF.US,5,20260115,161500,54.57,54.655,54.565,54.635,790036,0
XLF.US,5,20260115,162000,54.64,54.6799,54.62,54.6266,546816,0
XLF.US,5,20260115,162500,54.63,54.665,54.615,54.665,674423,0
XLF.US,5,20260115,163000,54.66,54.7,54.65,54.675,701849,0
XLF.US,5,20260115,163500,54.675,54.675,54.61,54.625,915886,0
XLF.US,5,20260115,164000,54.63,54.685,54.63,54.6799,497342,0
XLF.US,5,20260115,164500,54.675,54.69,54.61,54.61,583608,0
XLF.US,5,20260115,165000,54.61,54.6384,54.595,54.615,626499,0
XLF.US,5,20260115,165500,54.62,54.7,54.6,54.675,1293892,0
XLF.US,5,20260115,170000,54.67,54.69,54.65,54.655,838338,0
XLF.US,5,20260115,170500,54.65,54.655,54.585,54.605,383342,0
XLF.US,5,20260115,171000,54.604,54.61,54.57,54.585,636849,0
XLF.US,5,20260115,171500,54.585,54.59,54.53,54.53,327577,0
XLF.US,5,20260115,172000,54.525,54.56,54.51,54.545,520536,0
XLF.US,5,20260115,172500,54.545,54.595,54.54,54.58,234074,0
XLF.US,5,20260115,173000,54.58,54.615,54.56,54.585,194849,0
XLF.US,5,20260115,173500,54.58,54.5965,54.5544,54.555,246834,0
XLF.US,5,20260115,174000,54.555,54.575,54.545,54.565,279763,0
XLF.US,5,20260115,174500,54.565,54.57,54.5306,54.545,227715,0
XLF.US,5,20260115,175000,54.545,54.575,54.54,54.575,442575,0
XLF.US,5,20260115,175500,54.575,54.58,54.545,54.545,308354,0
XLF.US,5,20260115,180000,54.545,54.6,54.5433,54.595,297027,0
XLF.US,5,20260115,180500,54.595,54.61,54.54,54.555,311264,0
XLF.US,5,20260115,181000,54.555,54.57,54.53,54.549,334841,0
XLF.US,5,20260115,181500,54.545,54.55,54.525,54.5402,185578,0
XLF.US,5,20260115,182000,54.545,54.555,54.53,54.54,225356,0
XLF.US,5,20260115,182500,54.535,54.535,54.49,54.49,256345,0
XLF.US,5,20260115,183000,54.495,54.5192,54.48,54.5192,244503,0
XLF.US,5,20260115,183500,54.515,54.5564,54.515,54.52,256100,0
XLF.US,5,20260115,184000,54.525,54.54,54.51,54.525,201476,0
XLF.US,5,20260115,184500,54.525,54.56,54.525,54.545,240764,0
XLF.US,5,20260115,185000,54.545,54.56,54.5,54.5,146212,0
XLF.US,5,20260115,185500,54.5,54.505,54.465,54.465,229878,0
XLF.US,5,20260115,190000,54.465,54.49,54.4406,54.49,245407,0
XLF.US,5,20260115,190500,54.485,54.49,54.465,54.465,126067,0
XLF.US,5,20260115,191000,54.465,54.4884,54.45,54.45,167332,0
XLF.US,5,20260115,191500,54.455,54.475,54.44,54.46,190988,0
XLF.US,5,20260115,192000,54.455,54.48,54.45,54.475,222051,0
XLF.US,5,20260115,192500,54.475,54.475,54.45,54.465,177158,0
XLF.US,5,20260115,193000,54.47,54.5,54.4635,54.49,171651,0
XLF.US,5,20260115,193500,54.485,54.51,54.48,54.485,212923,0
XLF.US,5,20260115,194000,54.49,54.5,54.47,54.5,167343,0
XLF.US,5,20260115,194500,54.5,54.52,54.48,54.51,148849,0
XLF.US,5,20260115,195000,54.515,54.515,54.485,54.485,226661,0
XLF.US,5,20260115,195500,54.485,54.495,54.46,54.47,126037,0
XLF.US,5,20260115,200000,54.475,54.53,54.4646,54.525,260139,0
XLF.US,5,20260115,200500,54.525,54.55,54.495,54.5384,428040,0
XLF.US,5,20260115,201000,54.535,54.57,54.525,54.565,321891,0
XLF.US,5,20260115,201500,54.56,54.565,54.52,54.525,642498,0
XLF.US,5,20260115,202000,54.5242,54.54,54.505,54.515,206344,0
XLF.US,5,20260115,202500,54.515,54.525,54.465,54.485,315925,0
XLF.US,5,20260115,203000,54.485,54.485,54.415,54.48,311649,0
XLF.US,5,20260115,203500,54.475,54.48,54.435,54.455,256563,0
XLF.US,5,20260115,204000,54.46,54.465,54.405,54.4106,279856,0
XLF.US,5,20260115,204500,54.41,54.425,54.39,54.415,286818,0
XLF.US,5,20260115,205000,54.415,54.44,54.4,54.41,838923,0
XLF.US,5,20260115,205500,54.4091,54.41,54.3743,54.39,390357,0
XLF.US,5,20260115,210000,54.38,54.39,54.35,54.375,431568,0
XLF.US,5,20260115,210500,54.3754,54.395,54.335,54.335,334682,0
XLF.US,5,20260115,211000,54.34,54.36,54.315,54.335,454101,0
XLF.US,5,20260115,211500,54.34,54.34,54.29,54.295,378699,0
XLF.US,5,20260115,212000,54.2954,54.33,54.285,54.295,405485,0
XLF.US,5,20260115,212500,54.295,54.31,54.28,54.295,337159,0
XLF.US,5,20260115,213000,54.295,54.34,54.2801,54.34,472101,0
XLF.US,5,20260115,213500,54.335,54.36,54.315,54.355,649321,0
XLF.US,5,20260115,214000,54.355,54.37,54.325,54.325,659738,0
XLF.US,5,20260115,214500,54.33,54.34,54.31,54.315,1915301,0
XLF.US,5,20260115,215000,54.315,54.38,54.3,54.355,1658037,0
XLF.US,5,20260115,215500,54.35,54.38,54.325,54.37,4221880,0
XLF.US,5,20260116,153000,54.37,54.6,54.335,54.47,1683351,0
XLF.US,5,20260116,153500,54.465,54.5,54.395,54.42,1349167,0
XLF.US,5,20260116,154000,54.42,54.42,54.345,54.37,804211,0
XLF.US,5,20260116,154500,54.365,54.405,54.31,54.325,1275776,0
XLF.US,5,20260116,155000,54.32,54.335,54.285,54.33,689212,0
XLF.US,5,20260116,155500,54.335,54.39,54.31,54.315,541921,0
XLF.US,5,20260116,160000,54.31,54.375,54.305,54.365,717707,0
XLF.US,5,20260116,160500,54.37,54.46,54.365,54.44,605789,0
XLF.US,5,20260116,161000,54.44,54.446381,54.375,54.405,426572,0
XLF.US,5,20260116,161500,54.405,54.47,54.39,54.445,352506,0
XLF.US,5,20260116,162000,54.45,54.51,54.44,54.505,353289,0
XLF.US,5,20260116,162500,54.505,54.505,54.47,54.4999,382789,0
XLF.US,5,20260116,163000,54.5,54.52,54.395,54.4,328188,0
XLF.US,5,20260116,163500,54.3995,54.4,54.365,54.3668,312058,0
XLF.US,5,20260116,164000,54.365,54.4,54.33,54.3994,267929,0
XLF.US,5,20260116,164500,54.4,54.4384,54.369,54.435,277556,0
XLF.US,5,20260116,165000,54.4391,54.4654,54.41,54.42,350321,0
XLF.US,5,20260116,165500,54.42,54.44,54.4194,54.435,252131,0
XLF.US,5,20260116,170000,54.4388,54.47,54.427046,54.47,271656,0
XLF.US,5,20260116,170500,54.4693,54.55,54.465,54.55,459585,0
XLF.US,5,20260116,171000,54.545,54.575,54.52,54.53,289752,0
XLF.US,5,20260116,171500,54.525,54.545,54.49,54.505,385987,0
XLF.US,5,20260116,172000,54.505,54.54,54.5,54.515,189309,0
XLF.US,5,20260116,172500,54.515,54.55,54.5,54.53,181160,0
XLF.US,5,20260116,173000,54.53,54.55,54.52,54.535,219163,0
XLF.US,5,20260116,173500,54.535,54.5966,54.535,54.59,249694,0
XLF.US,5,20260116,174000,54.6,54.64,54.58,54.6393,367454,0
XLF.US,5,20260116,174500,54.635,54.679,54.6333,54.64,387524,0
XLF.US,5,20260116,175000,54.645,54.67,54.6134,54.615,373258,0
XLF.US,5,20260116,175500,54.615,54.62,54.58,54.585,331504,0
XLF.US,5,20260116,180000,54.58,54.6,54.57,54.59,299875,0
XLF.US,5,20260116,180500,54.595,54.625,54.58,54.596,283657,0
XLF.US,5,20260116,181000,54.59,54.635,54.5801,54.6228,331591,0
XLF.US,5,20260116,181500,54.625,54.65,54.6,54.645,242975,0
XLF.US,5,20260116,182000,54.64,54.6667,54.63,54.645,323934,0
XLF.US,5,20260116,182500,54.645,54.66,54.6301,54.655,261387,0
XLF.US,5,20260116,183000,54.655,54.7,54.645,54.69,225587,0
XLF.US,5,20260116,183500,54.6897,54.73,54.68,54.72,319738,0
XLF.US,5,20260116,184000,54.725,54.7468,54.71,54.7394,291229,0
XLF.US,5,20260116,184500,54.735,54.74,54.714137,54.725,308049,0
XLF.US,5,20260116,185000,54.725,54.755,54.71,54.75,351989,0
XLF.US,5,20260116,185500,54.75,54.75,54.72,54.72,235554,0
XLF.US,5,20260116,190000,54.72,54.7464,54.71,54.74,315078,0
XLF.US,5,20260116,190500,54.74,54.74,54.72,54.735,184049,0
XLF.US,5,20260116,191000,54.73,54.74,54.711,54.725,107962,0
XLF.US,5,20260116,191500,54.73,54.75,54.72,54.725,167151,0
XLF.US,5,20260116,192000,54.73,54.76,54.725,54.755,156047,0
XLF.US,5,20260116,192500,54.75,54.7567,54.73,54.735,138419,0
XLF.US,5,20260116,193000,54.735,54.755,54.72,54.725,209686,0
XLF.US,5,20260116,193500,54.725,54.75,54.72,54.735,599054,0
XLF.US,5,20260116,194000,54.735,54.7359,54.68,54.685,318804,0
XLF.US,5,20260116,194500,54.6899,54.6997,54.66,54.675,194579,0
XLF.US,5,20260116,195000,54.675,54.71,54.6634,54.69,191499,0
XLF.US,5,20260116,195500,54.68,54.685,54.635,54.64,109408,0
XLF.US,5,20260116,200000,54.63,54.705,54.625,54.7,251124,0
XLF.US,5,20260116,200500,54.7,54.73,54.66,54.675,159749,0
XLF.US,5,20260116,201000,54.675,54.675,54.64,54.6498,100565,0
XLF.US,5,20260116,201500,54.65,54.655,54.62,54.6206,294422,0
XLF.US,5,20260116,202000,54.62,54.64,54.61,54.635,146005,0
XLF.US,5,20260116,202500,54.64,54.645,54.61,54.62,116638,0
XLF.US,5,20260116,203000,54.615,54.65,54.61,54.6445,170244,0
XLF.US,5,20260116,203500,54.645,54.695,54.64,54.68,195303,0
XLF.US,5,20260116,204000,54.67,54.69,54.65,54.655,211089,0
XLF.US,5,20260116,204500,54.655,54.66,54.615,54.625,153898,0
XLF.US,5,20260116,205000,54.62,54.64,54.6,54.605,189924,0
XLF.US,5,20260116,205500,54.6098,54.66,54.57,54.575,1326826,0
XLF.US,5,20260116,210000,54.57,54.585,54.55,54.57,316050,0
XLF.US,5,20260116,210500,54.57,54.59,54.55,54.55,170428,0
XLF.US,5,20260116,211000,54.555,54.57,54.53,54.555,263873,0
XLF.US,5,20260116,211500,54.55,54.556,54.515,54.515,251726,0
XLF.US,5,20260116,212000,54.51,54.5113,54.48,54.48,337902,0
XLF.US,5,20260116,212500,54.48,54.48,54.45,54.455,284634,0
XLF.US,5,20260116,213000,54.45,54.46,54.425,54.44,681733,0
XLF.US,5,20260116,213500,54.435,54.45,54.41,54.42,605942,0
XLF.US,5,20260116,214000,54.425,54.44,54.41,54.425,530198,0
XLF.US,5,20260116,214500,54.425,54.425,54.38,54.41,1051005,0
XLF.US,5,20260116,215000,54.41,54.49,54.41,54.445,1427956,0
XLF.US,5,20260116,215500,54.44,54.475,54.415,54.44,7900397,0
XLF.US,5,20260120,153000,53.61,53.85,53.525,53.725,1724511,0
XLF.US,5,20260120,153500,53.72,53.86,53.68,53.79,1198348,0
XLF.US,5,20260120,154000,53.79,53.9,53.74,53.8758,969408,0
XLF.US,5,20260120,154500,53.87,53.87,53.72,53.87,840428,0
XLF.US,5,20260120,155000,53.86,53.9,53.74,53.76,1143413,0
XLF.US,5,20260120,155500,53.76,53.835,53.725,53.75,623367,0
XLF.US,5,20260120,160000,53.75,53.79,53.685,53.78,678411,0
XLF.US,5,20260120,160500,53.78,53.785,53.66,53.66,2665073,0
XLF.US,5,20260120,161000,53.67,53.755,53.64,53.755,388579,0
XLF.US,5,20260120,161500,53.755,53.7768,53.73,53.755,454142,0
XLF.US,5,20260120,162000,53.755,54.005,53.7535,53.99,470922,0
XLF.US,5,20260120,162500,53.99,54.099,53.99,54.045,531881,0
XLF.US,5,20260120,163000,54.05,54.11,54.0438,54.095,561489,0
XLF.US,5,20260120,163500,54.09,54.105,54.05,54.06,801544,0
XLF.US,5,20260120,164000,54.07,54.075,54.035,54.06,216782,0
XLF.US,5,20260120,164500,54.06,54.08,54.025,54.05,296339,0
XLF.US,5,20260120,165000,54.045,54.06585,54,54.01,406762,0
XLF.US,5,20260120,165500,54.005,54.01,53.97,54.005,265770,0
XLF.US,5,20260120,170000,54.005,54.005,53.88,53.89,321829,0
XLF.US,5,20260120,170500,53.885,53.9265,53.85,53.9099,216121,0
XLF.US,5,20260120,171000,53.91,53.966,53.9,53.9025,422114,0
XLF.US,5,20260120,171500,53.905,53.925,53.86,53.875,507538,0
XLF.US,5,20260120,172000,53.875,53.89,53.815,53.825,364173,0
XLF.US,5,20260120,172500,53.8203,53.84,53.8,53.8397,419677,0
XLF.US,5,20260120,173000,53.835,53.86,53.805,53.86,248887,0
XLF.US,5,20260120,173500,53.8508,53.9,53.821,53.8854,523209,0
XLF.US,5,20260120,174000,53.89,53.89,53.81,53.83,266365,0
XLF.US,5,20260120,174500,53.835,53.88,53.81,53.875,256292,0
XLF.US,5,20260120,175000,53.8765,53.92,53.78,53.785,427535,0
XLF.US,5,20260120,175500,53.785,53.86,53.78,53.855,324950,0
XLF.US,5,20260120,180000,53.85,53.885,53.811,53.815,360646,0
XLF.US,5,20260120,180500,53.815,53.84,53.78,53.825,772069,0
XLF.US,5,20260120,181000,53.82,53.83,53.8,53.805,553311,0
XLF.US,5,20260120,181500,53.805,53.83,53.785,53.795,644295,0
XLF.US,5,20260120,182000,53.795,53.795,53.715,53.715,267054,0
XLF.US,5,20260120,182500,53.715,53.74,53.7,53.73,356675,0
XLF.US,5,20260120,183000,53.735,53.735,53.6437,53.6437,293490,0
XLF.US,5,20260120,183500,53.64,53.6764,53.62,53.65,440864,0
XLF.US,5,20260120,184000,53.65,53.68,53.61,53.61,312253,0
XLF.US,5,20260120,184500,53.61,53.61,53.55,53.565,267724,0
XLF.US,5,20260120,185000,53.565,53.605,53.555,53.6,402105,0
XLF.US,5,20260120,185500,53.6,53.6,53.57,53.585,248031,0
XLF.US,5,20260120,190000,53.58,53.61,53.565,53.575,334117,0
XLF.US,5,20260120,190500,53.575,53.615,53.57,53.575,200106,0
XLF.US,5,20260120,191000,53.58,53.6162,53.58,53.605,234832,0
XLF.US,5,20260120,191500,53.6,53.6,53.55,53.555,188883,0
XLF.US,5,20260120,192000,53.5505,53.5505,53.51,53.5208,363839,0
XLF.US,5,20260120,192500,53.52,53.535,53.5,53.505,187930,0
XLF.US,5,20260120,193000,53.505,53.52,53.465,53.475,259071,0
XLF.US,5,20260120,193500,53.475,53.485,53.4,53.4056,475461,0
XLF.US,5,20260120,194000,53.407595,53.407595,53.31,53.315,583656,0
XLF.US,5,20260120,194500,53.31,53.32,53.27,53.275,609527,0
XLF.US,5,20260120,195000,53.275,53.275,53.18,53.195,608047,0
XLF.US,5,20260120,195500,53.19,53.27,53.19,53.235,458150,0
XLF.US,5,20260120,200000,53.235,53.265,53.19,53.195,1006595,0
XLF.US,5,20260120,200500,53.195,53.235,53.18,53.219,571877,0
XLF.US,5,20260120,201000,53.22,53.2461,53.195,53.215,311928,0
XLF.US,5,20260120,201500,53.215,53.216,53.17,53.185,284547,0
XLF.US,5,20260120,202000,53.189,53.2,53.15,53.185,848477,0
XLF.US,5,20260120,202500,53.185,53.185,53.14,53.17,545907,0
XLF.US,5,20260120,203000,53.165,53.195,53.11,53.165,847329,0
XLF.US,5,20260120,203500,53.165,53.2055,53.15,53.191,613070,0
XLF.US,5,20260120,204000,53.19,53.235,53.175,53.19,394224,0
XLF.US,5,20260120,204500,53.195,53.205,53.16,53.165,260059,0
XLF.US,5,20260120,205000,53.16,53.1999,53.15,53.19,656121,0
XLF.US,5,20260120,205500,53.185,53.195,53.1442,53.17,200002,0
XLF.US,5,20260120,210000,53.16,53.1674,53.11,53.145,203618,0
XLF.US,5,20260120,210500,53.145,53.17,53.13,53.1456,271491,0
XLF.US,5,20260120,211000,53.145,53.16,53.105,53.1091,396938,0
XLF.US,5,20260120,211500,53.11,53.195,53.1,53.155,762361,0
XLF.US,5,20260120,212000,53.15,53.17,53.14,53.16,450973,0
XLF.US,5,20260120,212500,53.16,53.265,53.155,53.25,636076,0
XLF.US,5,20260120,213000,53.25,53.265,53.22,53.255,697607,0
XLF.US,5,20260120,213500,53.25,53.255,53.2,53.205,1013158,0
XLF.US,5,20260120,214000,53.21,53.23,53.18,53.2,1496742,0
XLF.US,5,20260120,214500,53.2,53.22,53.19,53.205,1194643,0
XLF.US,5,20260120,215000,53.2,53.27,53.19,53.225,2860304,0
XLF.US,5,20260120,215500,53.23,53.25,53.14,53.22,4501051,0
XLF.US,5,20260121,153000,53.37,53.68,53.35,53.64,1525137,0
XLF.US,5,20260121,153500,53.645,53.76,53.605,53.715,1069586,0
XLF.US,5,20260121,154000,53.72,53.745,53.62,53.62,903070,0
XLF.US,5,20260121,154500,53.625,53.825,53.625,53.735,725645,0
XLF.US,5,20260121,155000,53.735,53.735,53.589,53.62,622107,0
XLF.US,5,20260121,155500,53.62,53.7255,53.615,53.705,480224,0
XLF.US,5,20260121,160000,53.705,53.725,53.635,53.6429,608939,0
XLF.US,5,20260121,160500,53.645,53.73,53.64,53.65,360863,0
XLF.US,5,20260121,161000,53.645,53.67,53.58,53.655,401285,0
XLF.US,5,20260121,161500,53.66,53.736598,53.654,53.695,375068,0
XLF.US,5,20260121,162000,53.695,53.71,53.625,53.64,371682,0
XLF.US,5,20260121,162500,53.645,53.665,53.6,53.655,329621,0
XLF.US,5,20260121,163000,53.655,53.715,53.6399,53.7,431930,0
XLF.US,5,20260121,163500,53.7,53.71,53.6137,53.6137,458362,0
XLF.US,5,20260121,164000,53.62,53.65,53.6107,53.645,617327,0
XLF.US,5,20260121,164500,53.64,53.68,53.615,53.615,401563,0
XLF.US,5,20260121,165000,53.62,53.63,53.59,53.605,377417,0
XLF.US,5,20260121,165500,53.605,53.615,53.585,53.59,288919,0
XLF.US,5,20260121,170000,53.585,53.595,53.515,53.52,360731,0
XLF.US,5,20260121,170500,53.515,53.53,53.4545,53.465,899601,0
XLF.US,5,20260121,171000,53.47,53.48,53.43,53.435,613874,0
XLF.US,5,20260121,171500,53.435,53.47,53.4011,53.42,397817,0
XLF.US,5,20260121,172000,53.415,53.43,53.365,53.3999,426080,0
XLF.US,5,20260121,172500,53.395,53.45,53.365,53.45,350928,0
XLF.US,5,20260121,173000,53.445,53.46,53.415,53.44,797709,0
XLF.US,5,20260121,173500,53.435,53.44,53.34,53.36,578277,0
XLF.US,5,20260121,174000,53.365,53.445,53.35,53.395,611994,0
XLF.US,5,20260121,174500,53.39,53.4999,53.39,53.45,429006,0
XLF.US,5,20260121,175000,53.455,53.46,53.415,53.415,266914,0
XLF.US,5,20260121,175500,53.415,53.415,53.3507,53.37,224101,0
XLF.US,5,20260121,180000,53.3663,53.4,53.365,53.365,246095,0
XLF.US,5,20260121,180500,53.365,53.375,53.3,53.3499,433363,0
XLF.US,5,20260121,181000,53.345,53.37,53.2403,53.255,313284,0
XLF.US,5,20260121,181500,53.255,53.395,53.24,53.38,242181,0
XLF.US,5,20260121,182000,53.38,53.46,53.37,53.42,503478,0
XLF.US,5,20260121,182500,53.425,53.44,53.38,53.4354,341757,0
XLF.US,5,20260121,183000,53.435,53.435,53.335,53.38,293193,0
XLF.US,5,20260121,183500,53.38,53.405,53.345,53.395,264273,0
XLF.US,5,20260121,184000,53.4,53.42,53.36,53.36,227815,0
XLF.US,5,20260121,184500,53.355,53.3662,53.325,53.36,204077,0
XLF.US,5,20260121,185000,53.355,53.44,53.34,53.44,264491,0
XLF.US,5,20260121,185500,53.44,53.465,53.41,53.445,210230,0
XLF.US,5,20260121,190000,53.44,53.4569,53.31,53.325,265664,0
XLF.US,5,20260121,190500,53.325,53.375,53.315,53.36,266966,0
XLF.US,5,20260121,191000,53.355,53.435,53.35,53.385,300913,0
XLF.US,5,20260121,191500,53.3837,53.405,53.37,53.395,250301,0
XLF.US,5,20260121,192000,53.3901,53.439,53.37,53.39,210256,0
XLF.US,5,20260121,192500,53.4,53.475,53.38,53.46,180249,0
XLF.US,5,20260121,193000,53.46,53.48,53.445,53.455,209773,0
XLF.US,5,20260121,193500,53.46,53.47,53.395,53.415,228828,0
XLF.US,5,20260121,194000,53.42,53.43,53.395,53.415,193524,0
XLF.US,5,20260121,194500,53.42,53.47,53.39,53.465,318991,0
XLF.US,5,20260121,195000,53.465,53.48,53.425,53.4293,243073,0
XLF.US,5,20260121,195500,53.425,53.44,53.4,53.44,148201,0
XLF.US,5,20260121,200000,53.435,53.445,53.375,53.3799,176576,0
XLF.US,5,20260121,200500,53.38,53.405,53.35,53.39,541577,0
XLF.US,5,20260121,201000,53.385,53.42,53.37,53.37,349837,0
XLF.US,5,20260121,201500,53.37,53.4,53.355,53.385,185156,0
XLF.US,5,20260121,202000,53.39,53.415,53.375,53.4,197660,0
XLF.US,5,20260121,202500,53.39,53.66,53.375,53.63,924750,0
XLF.US,5,20260121,203000,53.635,53.72,53.595,53.67,1428980,0
XLF.US,5,20260121,203500,53.665,53.77,53.665,53.745,1247724,0
XLF.US,5,20260121,204000,53.745,53.78,53.7025,53.73,451531,0
XLF.US,5,20260121,204500,53.73,53.745,53.655,53.73,1151055,0
XLF.US,5,20260121,205000,53.735,53.76,53.655,53.675,830813,0
XLF.US,5,20260121,205500,53.675,53.72,53.655,53.715,909436,0
XLF.US,5,20260121,210000,53.715,53.745,53.65,53.655,463652,0
XLF.US,5,20260121,210500,53.655,53.68,53.63,53.645,442847,0
XLF.US,5,20260121,211000,53.645,53.659,53.6,53.61,317158,0
XLF.US,5,20260121,211500,53.61,53.625,53.58,53.61,520782,0
XLF.US,5,20260121,212000,53.605,53.62,53.5702,53.6,263278,0
XLF.US,5,20260121,212500,53.605,53.605,53.56,53.5663,1082152,0
XLF.US,5,20260121,213000,53.565,53.605,53.545,53.585,563966,0
XLF.US,5,20260121,213500,53.5899,53.615,53.57,53.595,404693,0
XLF.US,5,20260121,214000,53.595,53.61,53.555,53.56,498999,0
XLF.US,5,20260121,214500,53.565,53.575,53.53,53.55,905052,0
XLF.US,5,20260121,215000,53.56,53.6,53.4601,53.505,1650391,0
XLF.US,5,20260121,215500,53.505,53.5075,53.42,53.46,3438072,0
XLF.US,5,20260122,153000,53.68,53.93,53.66,53.835,1872104,0
XLF.US,5,20260122,153500,53.83,53.94,53.795,53.935,882321,0
XLF.US,5,20260122,154000,53.935,53.955,53.73,53.755,925896,0
XLF.US,5,20260122,154500,53.7633,53.785,53.68,53.715,812464,0
XLF.US,5,20260122,155000,53.7,53.765,53.68,53.6955,635470,0
XLF.US,5,20260122,155500,53.695,53.765,53.665,53.765,550177,0
XLF.US,5,20260122,160000,53.765,53.775,53.695,53.725,629787,0
XLF.US,5,20260122,160500,53.725,53.725,53.65,53.695,441186,0
XLF.US,5,20260122,161000,53.69,53.715,53.635,53.6956,427454,0
XLF.US,5,20260122,161500,53.695,53.7408,53.69,53.7408,321326,0
XLF.US,5,20260122,162000,53.745,53.76,53.65,53.665,352790,0
XLF.US,5,20260122,162500,53.665,53.735,53.65,53.72,359119,0
XLF.US,5,20260122,163000,53.715,53.77,53.7,53.725,343580,0
XLF.US,5,20260122,163500,53.725,53.765,53.72,53.75,995631,0
XLF.US,5,20260122,164000,53.749,53.77,53.72,53.77,308695,0
XLF.US,5,20260122,164500,53.77,53.79,53.74,53.76,312776,0
XLF.US,5,20260122,165000,53.76,53.799,53.7584,53.785,242176,0
XLF.US,5,20260122,165500,53.78,53.8051,53.765,53.7669,251886,0
XLF.US,5,20260122,170000,53.765,53.84,53.76,53.825,283711,0
XLF.US,5,20260122,170500,53.821,53.8451,53.8045,53.83,205355,0
XLF.US,5,20260122,171000,53.825,53.86,53.825,53.855,228974,0
XLF.US,5,20260122,171500,53.85,53.855,53.795,53.84,299285,0
XLF.US,5,20260122,172000,53.84,53.87,53.795,53.805,297854,0
XLF.US,5,20260122,172500,53.81,53.84,53.8,53.815,304885,0
XLF.US,5,20260122,173000,53.815,53.8597,53.805,53.85,277692,0
XLF.US,5,20260122,173500,53.855,53.87,53.84,53.845,335546,0
XLF.US,5,20260122,174000,53.84,53.885,53.835,53.88,346730,0
XLF.US,5,20260122,174500,53.8788,53.91,53.875,53.885,258614,0
XLF.US,5,20260122,175000,53.885,53.91,53.87,53.875,317931,0
XLF.US,5,20260122,175500,53.875,53.875,53.84,53.865,216639,0
XLF.US,5,20260122,180000,53.865,53.899,53.84,53.899,305518,0
XLF.US,5,20260122,180500,53.893,54.05,53.815,54.045,4849866,0
XLF.US,5,20260122,181000,54.045,54.045,53.975,53.99,762407,0
XLF.US,5,20260122,181500,53.99,54.01,53.97,53.98,562101,0
XLF.US,5,20260122,182000,53.985,53.99,53.91,53.935,333505,0
XLF.US,5,20260122,182500,53.93,53.95,53.91,53.9419,639694,0
XLF.US,5,20260122,183000,53.945,54.009,53.94,53.995,309442,0
XLF.US,5,20260122,183500,53.995,54.005,53.96,53.965,377331,0
XLF.US,5,20260122,184000,53.965,53.979,53.93,53.945,281504,0
XLF.US,5,20260122,184500,53.945,53.9499,53.9235,53.945,362673,0
XLF.US,5,20260122,185000,53.945,54.005,53.94,53.985,188716,0
XLF.US,5,20260122,185500,53.985,53.985,53.955,53.985,202870,0
XLF.US,5,20260122,190000,53.985,53.995,53.96,53.985,737042,0
XLF.US,5,20260122,190500,53.99,53.99,53.925,53.9299,212124,0
XLF.US,5,20260122,191000,53.925,53.93,53.89,53.895,279310,0
XLF.US,5,20260122,191500,53.895,53.915,53.88,53.885,214032,0
XLF.US,5,20260122,192000,53.885,53.905,53.84,53.84,327875,0
XLF.US,5,20260122,192500,53.84,53.855,53.83,53.845,157232,0
XLF.US,5,20260122,193000,53.845,53.905,53.835,53.895,208781,0
XLF.US,5,20260122,193500,53.895,53.91,53.875,53.905,690630,0
XLF.US,5,20260122,194000,53.905,53.91,53.88,53.895,922857,0
XLF.US,5,20260122,194500,53.9,53.92,53.89,53.895,168299,0
XLF.US,5,20260122,195000,53.895,53.9,53.87,53.8799,123419,0
XLF.US,5,20260122,195500,53.875,53.88,53.841,53.86,170700,0
XLF.US,5,20260122,200000,53.865,53.92,53.865,53.915,159200,0
XLF.US,5,20260122,200500,53.915,53.95,53.911,53.935,214867,0
XLF.US,5,20260122,201000,53.935,53.935,53.905,53.91,128747,0
XLF.US,5,20260122,201500,53.909,53.91,53.8834,53.885,149520,0
XLF.US,5,20260122,202000,53.89,53.91,53.885,53.9,163098,0
XLF.US,5,20260122,202500,53.905,53.9097,53.88,53.885,98043,0
XLF.US,5,20260122,203000,53.885,53.89,53.85,53.855,199940,0
XLF.US,5,20260122,203500,53.855,53.8559,53.82,53.82,231260,0
XLF.US,5,20260122,204000,53.825,53.84,53.81,53.825,202561,0
XLF.US,5,20260122,204500,53.82,53.865,53.8,53.855,232599,0
XLF.US,5,20260122,205000,53.855,53.86,53.8042,53.81,257686,0
XLF.US,5,20260122,205500,53.815,53.82,53.76,53.7697,224159,0
XLF.US,5,20260122,210000,53.74,53.78,53.725,53.775,218247,0
XLF.US,5,20260122,210500,53.78,53.809,53.7701,53.785,245020,0
XLF.US,5,20260122,211000,53.785,53.82,53.775,53.8106,368595,0
XLF.US,5,20260122,211500,53.81,53.8297,53.8,53.805,287231,0
XLF.US,5,20260122,212000,53.805,53.81,53.77,53.785,215992,0
XLF.US,5,20260122,212500,53.785,53.8,53.75,53.755,429150,0
XLF.US,5,20260122,213000,53.75,53.75,53.7,53.715,903215,0
XLF.US,5,20260122,213500,53.715,53.73,53.7,53.725,492663,0
XLF.US,5,20260122,214000,53.72,53.74,53.7,53.715,625889,0
XLF.US,5,20260122,214500,53.72,53.745,53.71,53.725,569419,0
XLF.US,5,20260122,215000,53.7275,53.78,53.725,53.7662,1174713,0
XLF.US,5,20260122,215500,53.765,53.81,53.75,53.8,7785216,0
XLF.US,5,20260123,153000,53.505,53.51,53.33,53.42,1507142,0
XLF.US,5,20260123,153500,53.42,53.46,53.36,53.4,1335961,0
XLF.US,5,20260123,154000,53.395,53.4,53.25,53.3,2154336,0
XLF.US,5,20260123,154500,53.31,53.38,53.29,53.295,785732,0
XLF.US,5,20260123,155000,53.295,53.34,53.25,53.325,871559,0
XLF.US,5,20260123,155500,53.325,53.4255,53.315,53.385,527693,0
XLF.US,5,20260123,160000,53.385,53.43,53.36,53.36,428520,0
XLF.US,5,20260123,160500,53.365,53.38,53.325,53.34,392153,0
XLF.US,5,20260123,161000,53.345,53.36,53.295,53.3,382672,0
XLF.US,5,20260123,161500,53.295,53.31,53.21,53.22,1531043,0
XLF.US,5,20260123,162000,53.225,53.2458,53.1842,53.225,486245,0
XLF.US,5,20260123,162500,53.225,53.23,53.133424,53.146,576464,0
XLF.US,5,20260123,163000,53.145,53.2,53.13,53.14,340019,0
XLF.US,5,20260123,163500,53.14,53.17,53.125,53.155,481911,0
XLF.US,5,20260123,164000,53.155,53.185,53.1,53.105,480056,0
XLF.US,5,20260123,164500,53.105,53.15,53.0737,53.125,581369,0
XLF.US,5,20260123,165000,53.125,53.135,53.09,53.115,316770,0
XLF.US,5,20260123,165500,53.12,53.155,53.1,53.115,221503,0
XLF.US,5,20260123,170000,53.115,53.175,53.1,53.1663,529645,0
XLF.US,5,20260123,170500,53.1603,53.18,53.15,53.175,259834,0
XLF.US,5,20260123,171000,53.175,53.21,53.155,53.175,319644,0
XLF.US,5,20260123,171500,53.17,53.2,53.155,53.165,348675,0
XLF.US,5,20260123,172000,53.165,53.1651,53.12,53.14,469675,0
XLF.US,5,20260123,172500,53.135,53.16,53.1143,53.125,416624,0
XLF.US,5,20260123,173000,53.13,53.14,53.08,53.105,340924,0
XLF.US,5,20260123,173500,53.105,53.15,53.1,53.135,387011,0
XLF.US,5,20260123,174000,53.135,53.1454,53.09,53.115,255242,0
XLF.US,5,20260123,174500,53.12,53.12,53.0844,53.1,593161,0
XLF.US,5,20260123,175000,53.1,53.11,53.03,53.035,429021,0
XLF.US,5,20260123,175500,53.04,53.065,53.02,53.06,293123,0
XLF.US,5,20260123,180000,53.055,53.0958,53.05,53.085,478646,0
XLF.US,5,20260123,180500,53.085,53.09,53.051,53.051,323881,0
XLF.US,5,20260123,181000,53.055,53.09,53.055,53.075,248950,0
XLF.US,5,20260123,181500,53.08,53.1,53.05,53.085,200862,0
XLF.US,5,20260123,182000,53.085,53.13,53.07,53.085,274866,0
XLF.US,5,20260123,182500,53.09,53.16,53.08,53.145,305261,0
XLF.US,5,20260123,183000,53.15,53.16,53.1,53.115,438989,0
XLF.US,5,20260123,183500,53.115,53.1554,53.115,53.145,257676,0
XLF.US,5,20260123,184000,53.15,53.155953,53.075,53.075,360725,0
XLF.US,5,20260123,184500,53.075,53.1,53.055,53.09,370993,0
XLF.US,5,20260123,185000,53.085,53.085,53.03,53.045,334477,0
XLF.US,5,20260123,185500,53.045,53.05,52.95,52.985,421332,0
XLF.US,5,20260123,190000,52.985,53,52.92,52.945,1642808,0
XLF.US,5,20260123,190500,52.945,52.95,52.88,52.945,820470,0
XLF.US,5,20260123,191000,52.95,52.97,52.94,52.955,416680,0
XLF.US,5,20260123,191500,52.95,52.965,52.91,52.915,373163,0
XLF.US,5,20260123,192000,52.915,52.94,52.9,52.92,329807,0
XLF.US,5,20260123,192500,52.915,52.955,52.91,52.9454,242576,0
XLF.US,5,20260123,193000,52.945,52.9899,52.9401,52.96,365949,0
XLF.US,5,20260123,193500,52.955,53.0066,52.955,52.98,253236,0
XLF.US,5,20260123,194000,52.98,52.9858,52.96,52.9854,213656,0
XLF.US,5,20260123,194500,52.98,53.015,52.9633,53.005,391618,0
XLF.US,5,20260123,195000,53.005,53.01,52.985,53.005,271097,0
XLF.US,5,20260123,195500,53.000714,53.07,53.000714,53.065,208702,0
XLF.US,5,20260123,200000,53.065,53.115,53.06,53.115,494442,0
XLF.US,5,20260123,200500,53.12,53.125,53.08,53.095,776522,0
XLF.US,5,20260123,201000,53.095,53.1099,53.07,53.075,218288,0
XLF.US,5,20260123,201500,53.075,53.0953,53.0642,53.085,172429,0
XLF.US,5,20260123,202000,53.085,53.13,53.085,53.115,349449,0
XLF.US,5,20260123,202500,53.115,53.135,53.0906,53.095,310504,0
XLF.US,5,20260123,203000,53.095,53.13,53.095,53.115,158022,0
XLF.US,5,20260123,203500,53.12,53.1299,53.0633,53.065,190547,0
XLF.US,5,20260123,204000,53.065,53.09,53.05,53.065,197884,0
XLF.US,5,20260123,204500,53.065,53.085,53.05,53.0551,160133,0
XLF.US,5,20260123,205000,53.055,53.09,53.05,53.0701,179438,0
XLF.US,5,20260123,205500,53.075,53.1,53.07,53.1,201836,0
XLF.US,5,20260123,210000,53.095,53.095,53.065,53.085,318434,0
XLF.US,5,20260123,210500,53.09,53.1,53.07,53.075,439440,0
XLF.US,5,20260123,211000,53.074,53.09,53.055,53.075,295880,0
XLF.US,5,20260123,211500,53.075,53.099,53.07,53.075,260421,0
XLF.US,5,20260123,212000,53.075,53.075,53.045,53.065,247260,0
XLF.US,5,20260123,212500,53.07,53.07,53.03,53.035,304062,0
XLF.US,5,20260123,213000,53.03,53.05,53.015,53.05,588750,0
XLF.US,5,20260123,213500,53.045,53.08,53.031603,53.08,581280,0
XLF.US,5,20260123,214000,53.08,53.1,53.06,53.07,702675,0
XLF.US,5,20260123,214500,53.07,53.09,53.06,53.09,892638,0
XLF.US,5,20260123,215000,53.08,53.105,53.05,53.055,2048578,0
XLF.US,5,20260123,215500,53.055,53.09,53.0425,53.055,5355118,0
XLF.US,5,20260126,153000,53.095,53.41,53.09,53.325,1333201,0
XLF.US,5,20260126,153500,53.325,53.435,53.325,53.35,867048,0
XLF.US,5,20260126,154000,53.345,53.395,53.31,53.33,870457,0
XLF.US,5,20260126,154500,53.33,53.4151,53.32,53.385,716441,0
XLF.US,5,20260126,155000,53.39,53.399,53.335,53.385,499574,0
XLF.US,5,20260126,155500,53.38,53.385,53.26,53.2845,404049,0
XLF.US,5,20260126,160000,53.285,53.325,53.284,53.29,304828,0
XLF.US,5,20260126,160500,53.29,53.315,53.265,53.275,386397,0
XLF.US,5,20260126,161000,53.27,53.38,53.26,53.365,458709,0
XLF.US,5,20260126,161500,53.36,53.38,53.33,53.365,388240,0
XLF.US,5,20260126,162000,53.3697,53.3855,53.3401,53.385,218093,0
XLF.US,5,20260126,162500,53.385,53.385,53.3,53.305,306821,0
XLF.US,5,20260126,163000,53.3,53.36,53.29,53.3325,421138,0
XLF.US,5,20260126,163500,53.335,53.36,53.3,53.315,266177,0
XLF.US,5,20260126,164000,53.31,53.31,53.27,53.29,250355,0
XLF.US,5,20260126,164500,53.29,53.36,53.29,53.34,263084,0
XLF.US,5,20260126,165000,53.34,53.35,53.305,53.315,286653,0
XLF.US,5,20260126,165500,53.31,53.3299,53.281,53.29,317781,0
XLF.US,5,20260126,170000,53.29,53.305,53.2582,53.265,366245,0
XLF.US,5,20260126,170500,53.265,53.27,53.195,53.21,485204,0
XLF.US,5,20260126,171000,53.21,53.23,53.19,53.205,351552,0
XLF.US,5,20260126,171500,53.205,53.23,53.1842,53.215,418223,0
XLF.US,5,20260126,172000,53.22,53.26,53.21,53.245,432081,0
XLF.US,5,20260126,172500,53.245,53.27,53.24,53.2401,381333,0
XLF.US,5,20260126,173000,53.25,53.25,53.215,53.235,234180,0
XLF.US,5,20260126,173500,53.24,53.26,53.23,53.2336,224700,0
XLF.US,5,20260126,174000,53.24,53.26,53.2246,53.235,289609,0
XLF.US,5,20260126,174500,53.235,53.27,53.2223,53.2584,210072,0
XLF.US,5,20260126,175000,53.2599,53.27,53.2345,53.245,235034,0
XLF.US,5,20260126,175500,53.24,53.25,53.211,53.211,185622,0
XLF.US,5,20260126,180000,53.2109,53.23,53.2,53.225,132576,0
XLF.US,5,20260126,180500,53.22,53.25,53.21,53.235,262781,0
XLF.US,5,20260126,181000,53.2326,53.26,53.215,53.26,223578,0
XLF.US,5,20260126,181500,53.255,53.29,53.255,53.275,196116,0
XLF.US,5,20260126,182000,53.275,53.29,53.24,53.245,151864,0
XLF.US,5,20260126,182500,53.2408,53.28,53.23,53.27,157477,0
XLF.US,5,20260126,183000,53.265,53.29,53.265,53.29,235420,0
XLF.US,5,20260126,183500,53.29,53.29,53.265,53.28,258712,0
XLF.US,5,20260126,184000,53.275,53.3,53.27,53.295,49315,0
XLF.US,5,20260126,184500,53.295,53.3,53.26,53.2739,212906,0
XLF.US,5,20260126,185000,53.2769,53.29,53.265,53.285,99654,0
XLF.US,5,20260126,185500,53.29,53.29,53.27,53.279,99836,0
XLF.US,5,20260126,190000,53.275,53.29,53.265,53.275,160462,0
XLF.US,5,20260126,190500,53.27,53.275,53.25,53.265,105839,0
XLF.US,5,20260126,191000,53.27,53.3,53.27,53.2867,171885,0
XLF.US,5,20260126,191500,53.285,53.33,53.275,53.325,110861,0
XLF.US,5,20260126,192000,53.321,53.34,53.31,53.33,121494,0
XLF.US,5,20260126,192500,53.33,53.36,53.3233,53.3501,216476,0
XLF.US,5,20260126,193000,53.36,53.375,53.34,53.355,211854,0
XLF.US,5,20260126,193500,53.355,53.37,53.34,53.35,86092,0
XLF.US,5,20260126,194000,53.35,53.36,53.3342,53.3342,147487,0
XLF.US,5,20260126,194500,53.335,53.3499,53.3101,53.325,161013,0
XLF.US,5,20260126,195000,53.325,53.33,53.3,53.305,132743,0
XLF.US,5,20260126,195500,53.305,53.31,53.28,53.3004,91857,0
XLF.US,5,20260126,200000,53.3,53.3499,53.29,53.339,168802,0
XLF.US,5,20260126,200500,53.332,53.3555,53.32,53.345,129117,0
XLF.US,5,20260126,201000,53.34,53.36,53.32,53.34,132739,0
XLF.US,5,20260126,201500,53.3397,53.35,53.33,53.335,95368,0
XLF.US,5,20260126,202000,53.34,53.36,53.33,53.355,150609,0
XLF.US,5,20260126,202500,53.355,53.38,53.3542,53.38,66253,0
XLF.US,5,20260126,203000,53.38,53.4,53.375,53.385,142117,0
XLF.US,5,20260126,203500,53.3832,53.39,53.36,53.365,164125,0
XLF.US,5,20260126,204000,53.365,53.39,53.36,53.375,177493,0
XLF.US,5,20260126,204500,53.375,53.39,53.37,53.38,240309,0
XLF.US,5,20260126,205000,53.375,53.39,53.365,53.385,168637,0
XLF.US,5,20260126,205500,53.3814,53.42,53.37,53.41,418759,0
XLF.US,5,20260126,210000,53.41,53.45,53.4,53.45,233072,0
XLF.US,5,20260126,210500,53.445,53.46,53.4436,53.4509,192206,0
XLF.US,5,20260126,211000,53.455,53.47,53.45,53.46,249627,0
XLF.US,5,20260126,211500,53.46,53.5,53.451,53.5,331982,0
XLF.US,5,20260126,212000,53.49,53.55,53.49,53.515,1035307,0
XLF.US,5,20260126,212500,53.51,53.51,53.44,53.44,695370,0
XLF.US,5,20260126,213000,53.4401,53.48,53.4401,53.47,398639,0
XLF.US,5,20260126,213500,53.47,53.47,53.4499,53.4499,421974,0
XLF.US,5,20260126,214000,53.45,53.45,53.415,53.43,471544,0
XLF.US,5,20260126,214500,53.425,53.45,53.415,53.435,569487,0
XLF.US,5,20260126,215000,53.435,53.445,53.4,53.415,1223148,0
XLF.US,5,20260126,215500,53.41,53.42,53.38,53.41,4214486,0
XLF.US,5,20260127,153000,53.315,53.425,53.145,53.3,955121,0
XLF.US,5,20260127,153500,53.3,53.345,53.17,53.18,757791,0
XLF.US,5,20260127,154000,53.175,53.27,53.16,53.195,755411,0
XLF.US,5,20260127,154500,53.19,53.245,53.175,53.22,495553,0
XLF.US,5,20260127,155000,53.225,53.3,53.21,53.215,616414,0
XLF.US,5,20260127,155500,53.215,53.225,53.085,53.085,406060,0
XLF.US,5,20260127,160000,53.085,53.14,53.055,53.075,403578,0
XLF.US,5,20260127,160500,53.07,53.095,53.03,53.07,586293,0
XLF.US,5,20260127,161000,53.07,53.095,53.045,53.065,335785,0
XLF.US,5,20260127,161500,53.065,53.065,52.965,52.98,366944,0
XLF.US,5,20260127,162000,52.975,52.98,52.91,52.92,486811,0
XLF.US,5,20260127,162500,52.92,52.92,52.855,52.86,252248,0
XLF.US,5,20260127,163000,52.86,52.89,52.84,52.87,495736,0
XLF.US,5,20260127,163500,52.87,52.9,52.84,52.85,383439,0
XLF.US,5,20260127,164000,52.85,52.925,52.84,52.9199,568375,0
XLF.US,5,20260127,164500,52.915,53,52.905,52.975,443218,0
XLF.US,5,20260127,165000,52.98,53.05,52.9725,53.005,427859,0
XLF.US,5,20260127,165500,53.0001,53.02,52.9924,52.9968,237592,0
XLF.US,5,20260127,170000,52.995,53.02,52.9645,52.965,314882,0
XLF.US,5,20260127,170500,52.965,52.9894,52.925,52.935,248013,0
XLF.US,5,20260127,171000,52.935,52.98,52.9301,52.97,156797,0
XLF.US,5,20260127,171500,52.97,53.02,52.97,53.015,212598,0
XLF.US,5,20260127,172000,53.015,53.02,52.98,53.005,241802,0
XLF.US,5,20260127,172500,53.0003,53.01,52.97,52.975,232215,0
XLF.US,5,20260127,173000,52.97,52.98,52.94,52.965,260630,0
XLF.US,5,20260127,173500,52.965,53.01,52.9634,53.005,177168,0
XLF.US,5,20260127,174000,53.0079,53.015,52.98,52.985,250333,0
XLF.US,5,20260127,174500,52.98,52.995,52.965,52.975,218833,0
XLF.US,5,20260127,175000,52.975,52.98,52.935,52.935,271706,0
XLF.US,5,20260127,175500,52.935,52.9654,52.935,52.96,244715,0
XLF.US,5,20260127,180000,52.965,52.975,52.94,52.95,230429,0
XLF.US,5,20260127,180500,52.9558,52.98,52.94,52.975,223201,0
XLF.US,5,20260127,181000,52.97,52.97,52.935,52.935,186699,0
XLF.US,5,20260127,181500,52.931,52.935,52.89,52.9181,244919,0
XLF.US,5,20260127,182000,52.915,52.9354,52.91,52.925,179748,0
XLF.US,5,20260127,182500,52.92,52.9558,52.92,52.94,178738,0
XLF.US,5,20260127,183000,52.94,52.945,52.91,52.9107,200160,0
XLF.US,5,20260127,183500,52.91,52.925,52.9,52.925,234954,0
XLF.US,5,20260127,184000,52.925,52.945,52.9,52.9446,288841,0
XLF.US,5,20260127,184500,52.945,52.98,52.945,52.965,179360,0
XLF.US,5,20260127,185000,52.965,53,52.95,52.995,212740,0
XLF.US,5,20260127,185500,52.995,52.9954,52.97,52.975,202362,0
XLF.US,5,20260127,190000,52.975,52.975,52.94,52.945,196912,0
XLF.US,5,20260127,190500,52.94,52.94,52.92,52.935,172768,0
XLF.US,5,20260127,191000,52.935,52.98,52.92,52.975,275270,0
XLF.US,5,20260127,191500,52.975,52.99,52.965,52.98,165009,0
XLF.US,5,20260127,192000,52.985,53.01,52.98,53.005,119674,0
XLF.US,5,20260127,192500,53.005,53.01,52.9923,53.005,81749,0
XLF.US,5,20260127,193000,53.005,53.03,52.995,52.995,198716,0
XLF.US,5,20260127,193500,52.995,53.01,52.98,53.005,498117,0
XLF.US,5,20260127,194000,53.005,53.01,52.995,53.005,985114,0
XLF.US,5,20260127,194500,53.005,53.02,52.995,53.005,629797,0
XLF.US,5,20260127,195000,53.005,53.04,53.005,53.025,377897,0
XLF.US,5,20260127,195500,53.025,53.05,53.01,53.0161,273932,0
XLF.US,5,20260127,200000,53.01,53.0342,53,53.03,453569,0
XLF.US,5,20260127,200500,53.035,53.039,53,53.015,152346,0
XLF.US,5,20260127,201000,53.01,53.025,53,53.025,341637,0
XLF.US,5,20260127,201500,53.02,53.029,53.005,53.015,190560,0
XLF.US,5,20260127,202000,53.0112,53.03,53.01,53.01,72092,0
XLF.US,5,20260127,202500,53.01,53.04,53.01,53.035,138936,0
XLF.US,5,20260127,203000,53.03,53.07,53.03,53.065,286205,0
XLF.US,5,20260127,203500,53.065,53.07,53.05,53.065,201758,0
XLF.US,5,20260127,204000,53.065,53.08,53.0501,53.0792,130540,0
XLF.US,5,20260127,204500,53.0755,53.1,53.065,53.065,246112,0
XLF.US,5,20260127,205000,53.065,53.075,53.04,53.0455,143433,0
XLF.US,5,20260127,205500,53.045,53.06,53.035,53.05,134093,0
XLF.US,5,20260127,210000,53.045,53.07,53.04,53.07,652673,0
XLF.US,5,20260127,210500,53.065,53.09,53.06,53.075,925675,0
XLF.US,5,20260127,211000,53.075,53.1,53.07,53.075,208091,0
XLF.US,5,20260127,211500,53.075,53.079,53.043228,53.065,167748,0
XLF.US,5,20260127,212000,53.065,53.07,53.05,53.065,231904,0
XLF.US,5,20260127,212500,53.06,53.066298,53.04,53.045,179456,0
XLF.US,5,20260127,213000,53.045,53.07,53.035,53.055,253114,0
XLF.US,5,20260127,213500,53.055,53.06,53.025,53.025,301676,0
XLF.US,5,20260127,214000,53.025,53.03,53.01,53.02,273667,0
XLF.US,5,20260127,214500,53.015,53.03,52.9949,53.03,570575,0
XLF.US,5,20260127,215000,53.03,53.035,52.9932,52.995,981615,0
XLF.US,5,20260127,215500,53,53.04,52.99,53,3064907,0
XLF.US,5,20260128,153000,52.93,53.05,52.83,52.98,1314487,0
XLF.US,5,20260128,153500,52.985,53.08,52.925,52.93,710826,0
XLF.US,5,20260128,154000,52.935,52.96,52.855,52.895,764295,0
XLF.US,5,20260128,154500,52.895,53,52.88,52.955,581170,0
XLF.US,5,20260128,155000,52.955,52.9897,52.91,52.985,474500,0
XLF.US,5,20260128,155500,52.98,53.035,52.965,53.035,259424,0
XLF.US,5,20260128,160000,53.03,53.075,53.005,53.025,417221,0
XLF.US,5,20260128,160500,53.02,53.02,52.96,52.9699,248284,0
XLF.US,5,20260128,161000,52.97,52.99,52.925,52.925,254958,0
XLF.US,5,20260128,161500,52.925,52.945,52.9,52.945,240674,0
XLF.US,5,20260128,162000,52.945,52.9797,52.93,52.975,224106,0
XLF.US,5,20260128,162500,52.975,52.975,52.945,52.965,258663,0
XLF.US,5,20260128,163000,52.965,53,52.965,52.975,338752,0
XLF.US,5,20260128,163500,52.97,53,52.97,52.985,313874,0
XLF.US,5,20260128,164000,52.985,53.0294,52.98,52.99,405857,0
XLF.US,5,20260128,164500,52.985,53.03,52.98,52.985,392527,0
XLF.US,5,20260128,165000,52.985,53.03,52.965,53.03,247125,0
XLF.US,5,20260128,165500,53.03,53.055,53.025,53.0299,186138,0
XLF.US,5,20260128,170000,53.025,53.065,53.025,53.0584,195922,0
XLF.US,5,20260128,170500,53.05,53.06,53.005,53.01,284773,0
XLF.US,5,20260128,171000,53.01,53.04,53,53.005,235930,0
XLF.US,5,20260128,171500,53.01,53.0267,52.99,52.995,177378,0
XLF.US,5,20260128,172000,52.995,53.01,52.97,52.99,470255,0
XLF.US,5,20260128,172500,52.99,53.0165,52.975,53.015,284393,0
XLF.US,5,20260128,173000,53.0141,53.015,52.9833,52.985,324996,0
XLF.US,5,20260128,173500,52.985,53.0059,52.98,53.005,172909,0
XLF.US,5,20260128,174000,53.005,53.0368,53,53.03,261279,0
XLF.US,5,20260128,174500,53.035,53.09,53.031,53.0854,398070,0
XLF.US,5,20260128,175000,53.08,53.085,53.03,53.065,246915,0
XLF.US,5,20260128,175500,53.065,53.065,53.03,53.045,185314,0
XLF.US,5,20260128,180000,53.05,53.06,53.04,53.055,212404,0
XLF.US,5,20260128,180500,53.05,53.06,53.03,53.05,218119,0
XLF.US,5,20260128,181000,53.045,53.07,53.04,53.0685,130215,0
XLF.US,5,20260128,181500,53.0605,53.065,53.02,53.035,270314,0
XLF.US,5,20260128,182000,53.035,53.07,53.0233,53.025,125228,0
XLF.US,5,20260128,182500,53.02,53.04,53.02,53.03,99136,0
XLF.US,5,20260128,183000,53.03,53.03,52.99,52.995,135510,0
XLF.US,5,20260128,183500,52.995,53.02,52.97,52.97,173121,0
XLF.US,5,20260128,184000,52.975,52.975,52.94,52.955,1546400,0
XLF.US,5,20260128,184500,52.95,52.98,52.95,52.97,357045,0
XLF.US,5,20260128,185000,52.9642,53,52.9642,53,233278,0
XLF.US,5,20260128,185500,52.995,53,52.955,52.955,291705,0
XLF.US,5,20260128,190000,52.955,52.97,52.94,52.955,360206,0
XLF.US,5,20260128,190500,52.955,52.97,52.9407,52.965,166109,0
XLF.US,5,20260128,191000,52.97,52.97,52.95,52.955,146085,0
XLF.US,5,20260128,191500,52.955,52.98,52.9536,52.98,200390,0
XLF.US,5,20260128,192000,52.98,53,52.9733,52.985,118132,0
XLF.US,5,20260128,192500,52.9802,52.985,52.96,52.965,145322,0
XLF.US,5,20260128,193000,52.965,52.965,52.9434,52.96,96152,0
XLF.US,5,20260128,193500,52.96,52.98,52.91,52.915,444313,0
XLF.US,5,20260128,194000,52.91,52.915,52.86,52.87,716728,0
XLF.US,5,20260128,194500,52.87,52.875,52.82,52.825,438790,0
XLF.US,5,20260128,195000,52.83,52.85,52.81,52.8116,456829,0
XLF.US,5,20260128,195500,52.81,52.835,52.76,52.825,783707,0
XLF.US,5,20260128,200000,52.822,52.92,52.8,52.915,310943,0
XLF.US,5,20260128,200500,52.915,52.94,52.91,52.915,161286,0
XLF.US,5,20260128,201000,52.91,52.94,52.905,52.905,598568,0
XLF.US,5,20260128,201500,52.9,52.945,52.89,52.915,413733,0
XLF.US,5,20260128,202000,52.915,52.915,52.89,52.9,283183,0
XLF.US,5,20260128,202500,52.89,52.935,52.88,52.88,240904,0
XLF.US,5,20260128,203000,52.875,53.21,52.765,52.86,2556108,0
XLF.US,5,20260128,203500,52.87,52.965,52.79,52.875,725156,0
XLF.US,5,20260128,204000,52.875,52.9,52.85,52.885,557746,0
XLF.US,5,20260128,204500,52.88,52.935,52.86,52.915,407627,0
XLF.US,5,20260128,205000,52.91,52.925,52.88,52.89,503469,0
XLF.US,5,20260128,205500,52.88,52.885,52.825,52.825,391901,0
XLF.US,5,20260128,210000,52.82,52.915,52.82,52.895,559390,0
XLF.US,5,20260128,210500,52.895,52.93,52.895,52.9299,296575,0
XLF.US,5,20260128,211000,52.92,52.95,52.8801,52.89,400971,0
XLF.US,5,20260128,211500,52.885,52.94,52.88,52.935,445542,0
XLF.US,5,20260128,212000,52.935,52.96,52.915,52.9444,497080,0
XLF.US,5,20260128,212500,52.945,52.945,52.88,52.89,627549,0
XLF.US,5,20260128,213000,52.89,52.94,52.885,52.91,574548,0
XLF.US,5,20260128,213500,52.91,52.95,52.895,52.925,704187,0
XLF.US,5,20260128,214000,52.925,52.925,52.89,52.895,537407,0
XLF.US,5,20260128,214500,52.895,52.91,52.85,52.865,985744,0
XLF.US,5,20260128,215000,52.86,52.95,52.855,52.945,1665037,0
XLF.US,5,20260128,215500,52.95,53.0175,52.945,52.98,3761707,0
XLF.US,5,20260129,153000,53.32,53.62,53.305,53.56,2404695,0
XLF.US,5,20260129,153500,53.56,53.63,53.49,53.545,1420449,0
XLF.US,5,20260129,154000,53.545,53.59,53.215,53.22,1310720,0
XLF.US,5,20260129,154500,53.21,53.2403,53.1,53.2,1039757,0
XLF.US,5,20260129,155000,53.2,53.315,53.07,53.29,706483,0
XLF.US,5,20260129,155500,53.29,53.365,53.21,53.235,666181,0
XLF.US,5,20260129,160000,53.24,53.335,53.225,53.275,1284874,0
XLF.US,5,20260129,160500,53.27,53.31,53.23,53.28,768918,0
XLF.US,5,20260129,161000,53.275,53.3165,53.24,53.315,1288081,0
XLF.US,5,20260129,161500,53.32,53.37,53.29,53.295,2023272,0
XLF.US,5,20260129,162000,53.3,53.3599,53.245,53.255,1390854,0
XLF.US,5,20260129,162500,53.255,53.34,53.255,53.295,796587,0
XLF.US,5,20260129,163000,53.295,53.33,53.225,53.24,696483,0
XLF.US,5,20260129,163500,53.24,53.3,53.185,53.295,545716,0
XLF.US,5,20260129,164000,53.29,53.32,53.225,53.255,671876,0
XLF.US,5,20260129,164500,53.25,53.29,53.215,53.255,733453,0
XLF.US,5,20260129,165000,53.26,53.27,53.15,53.175,681016,0
XLF.US,5,20260129,165500,53.17,53.26,53.14,53.195,568416,0
XLF.US,5,20260129,170000,53.195,53.195,53.045,53.045,749175,0
XLF.US,5,20260129,170500,53.04,53.1,52.99,53.07,621365,0
XLF.US,5,20260129,171000,53.07,53.165,53.04,53.14,629579,0
XLF.US,5,20260129,171500,53.135,53.185,53.125,53.17,394178,0
XLF.US,5,20260129,172000,53.16,53.21,53.075,53.125,406083,0
XLF.US,5,20260129,172500,53.12,53.155,53.105,53.135,458859,0
XLF.US,5,20260129,173000,53.13,53.225,53.125,53.195,388254,0
XLF.US,5,20260129,173500,53.19,53.2,53.15,53.18,319196,0
XLF.US,5,20260129,174000,53.175,53.24,53.155,53.175,455452,0
XLF.US,5,20260129,174500,53.175,53.19,53.14,53.19,277410,0
XLF.US,5,20260129,175000,53.19,53.245,53.19,53.235,276431,0
XLF.US,5,20260129,175500,53.235,53.285,53.23,53.265,227034,0
XLF.US,5,20260129,180000,53.265,53.34,53.2544,53.335,448535,0
XLF.US,5,20260129,180500,53.34,53.4,53.34,53.345,428485,0
XLF.US,5,20260129,181000,53.34,53.44,53.335,53.415,425840,0
XLF.US,5,20260129,181500,53.415,53.44,53.39,53.44,312961,0
XLF.US,5,20260129,182000,53.435,53.47,53.375,53.375,272552,0
XLF.US,5,20260129,182500,53.375,53.3955,53.3584,53.38,254693,0
XLF.US,5,20260129,183000,53.37,53.395,53.31,53.325,267109,0
XLF.US,5,20260129,183500,53.32,53.355,53.31,53.325,175520,0
XLF.US,5,20260129,184000,53.32,53.325,53.255,53.295,231338,0
XLF.US,5,20260129,184500,53.29,53.2956,53.23,53.255,213663,0
XLF.US,5,20260129,185000,53.25,53.265,53.16,53.175,214519,0
XLF.US,5,20260129,185500,53.175,53.21,53.13,53.135,425957,0
XLF.US,5,20260129,190000,53.14,53.18,53.015,53.16,726180,0
XLF.US,5,20260129,190500,53.1699,53.235,53.155,53.215,341371,0
XLF.US,5,20260129,191000,53.215,53.285,53.205,53.235,356184,0
XLF.US,5,20260129,191500,53.23,53.275,53.225,53.2537,390329,0
XLF.US,5,20260129,192000,53.255,53.285,53.24,53.275,202329,0
XLF.US,5,20260129,192500,53.275,53.275,53.215,53.2706,392644,0
XLF.US,5,20260129,193000,53.265,53.27,53.1901,53.205,211356,0
XLF.US,5,20260129,193500,53.205,53.265,53.2,53.265,215132,0
XLF.US,5,20260129,194000,53.265,53.315,53.265,53.27,218963,0
XLF.US,5,20260129,194500,53.265,53.28,53.235,53.265,163141,0
XLF.US,5,20260129,195000,53.265,53.285,53.23,53.23,190414,0
XLF.US,5,20260129,195500,53.235,53.29,53.2,53.204321,242755,0
XLF.US,5,20260129,200000,53.205,53.3,53.19,53.29,318748,0
XLF.US,5,20260129,200500,53.295,53.3356,53.275,53.3084,194347,0
XLF.US,5,20260129,201000,53.31,53.315,53.29,53.29,196858,0
XLF.US,5,20260129,201500,53.285,53.34,53.284528,53.31,202293,0
XLF.US,5,20260129,202000,53.31,53.31,53.27,53.295,141083,0
XLF.US,5,20260129,202500,53.3,53.33,53.28,53.33,285266,0
XLF.US,5,20260129,203000,53.335,53.37,53.245,53.295,645964,0
XLF.US,5,20260129,203500,53.29,53.39,53.29,53.365,450674,0
XLF.US,5,20260129,204000,53.37,53.38,53.35,53.38,282350,0
XLF.US,5,20260129,204500,53.3881,53.4163,53.385,53.385,189961,0
XLF.US,5,20260129,205000,53.39,53.415,53.385,53.405,213037,0
XLF.US,5,20260129,205500,53.4,53.4167,53.34,53.35,290240,0
XLF.US,5,20260129,210000,53.355,53.415,53.35,53.4,299796,0
XLF.US,5,20260129,210500,53.4,53.425,53.395,53.405,126713,0
XLF.US,5,20260129,211000,53.41,53.425,53.37,53.37,276382,0
XLF.US,5,20260129,211500,53.37,53.39,53.36,53.385,200204,0
XLF.US,5,20260129,212000,53.3826,53.385,53.35,53.36,236778,0
XLF.US,5,20260129,212500,53.365,53.41,53.365,53.385,488898,0
XLF.US,5,20260129,213000,53.385,53.41,53.375,53.41,375979,0
XLF.US,5,20260129,213500,53.405,53.445,53.395,53.425,603818,0
XLF.US,5,20260129,214000,53.425,53.4589,53.41,53.435,798780,0
XLF.US,5,20260129,214500,53.435,53.4865,53.43,53.4865,781662,0
XLF.US,5,20260129,215000,53.49,53.54,53.47,53.48,1768689,0
XLF.US,5,20260129,215500,53.485,53.57,53.48,53.54,3987969,0
XLF.US,5,20260130,153000,53.38,53.6052,53.3475,53.5,1310105,0
XLF.US,5,20260130,153500,53.505,53.655,53.42,53.54,986577,0
XLF.US,5,20260130,154000,53.54,53.55,53.48,53.5,854925,0
XLF.US,5,20260130,154500,53.49,53.52,53.385,53.385,608077,0
XLF.US,5,20260130,155000,53.385,53.45,53.3436,53.365,711402,0
XLF.US,5,20260130,155500,53.365,53.41,53.34,53.41,596087,0
XLF.US,5,20260130,160000,53.415,53.455,53.39,53.415,430270,0
XLF.US,5,20260130,160500,53.41,53.54,53.405,53.515,419145,0
XLF.US,5,20260130,161000,53.51,53.545,53.48,53.5,338192,0
XLF.US,5,20260130,161500,53.51,53.53,53.475,53.485,315247,0
XLF.US,5,20260130,162000,53.4878,53.525,53.475,53.51,286985,0
XLF.US,5,20260130,162500,53.505,53.53,53.425,53.475,597635,0
XLF.US,5,20260130,163000,53.475,53.495,53.435,53.47,436736,0
XLF.US,5,20260130,163500,53.475,53.5397,53.46,53.49,485169,0
XLF.US,5,20260130,164000,53.49,53.56,53.49,53.52,365224,0
XLF.US,5,20260130,164500,53.5215,53.53,53.43,53.43,303002,0
XLF.US,5,20260130,165000,53.425,53.46,53.4,53.415,474377,0
XLF.US,5,20260130,165500,53.415,53.42,53.325,53.33,410991,0
XLF.US,5,20260130,170000,53.335,53.34,53.295,53.3101,528883,0
XLF.US,5,20260130,170500,53.315,53.33,53.27,53.27,670984,0
XLF.US,5,20260130,171000,53.2735,53.3,53.24,53.255,972934,0
XLF.US,5,20260130,171500,53.255,53.265,53.195,53.215,457187,0
XLF.US,5,20260130,172000,53.2125,53.215,53.11,53.1297,556744,0
XLF.US,5,20260130,172500,53.125,53.17,53.07,53.08,761447,0
XLF.US,5,20260130,173000,53.08,53.15,53.075,53.115,374723,0
XLF.US,5,20260130,173500,53.115,53.19,53.11,53.12,259341,0
XLF.US,5,20260130,174000,53.115,53.2,53.115,53.17,325905,0
XLF.US,5,20260130,174500,53.165,53.18,53.13,53.18,618888,0
XLF.US,5,20260130,175000,53.18,53.1875,53.1132,53.165,374744,0
XLF.US,5,20260130,175500,53.16,53.175,53.13,53.155,366564,0
XLF.US,5,20260130,180000,53.15,53.2,53.11,53.11,348076,0
XLF.US,5,20260130,180500,53.115,53.115,53.02,53.065,424630,0
XLF.US,5,20260130,181000,53.06,53.105,53.05,53.05,293164,0
XLF.US,5,20260130,181500,53.04,53.14,53.031,53.135,232571,0
XLF.US,5,20260130,182000,53.135,53.2,53.12,53.155,462846,0
XLF.US,5,20260130,182500,53.155,53.255,53.15,53.255,342814,0
XLF.US,5,20260130,183000,53.25,53.29,53.175,53.185,553391,0
XLF.US,5,20260130,183500,53.18,53.24,53.14,53.18,542349,0
XLF.US,5,20260130,184000,53.18,53.218,53.165,53.205,413815,0
XLF.US,5,20260130,184500,53.21,53.255,53.185,53.235,221575,0
XLF.US,5,20260130,185000,53.235,53.255,53.2,53.205,154158,0
XLF.US,5,20260130,185500,53.205,53.245,53.16,53.16,142305,0
XLF.US,5,20260130,190000,53.16,53.23,53.15,53.225,178999,0
XLF.US,5,20260130,190500,53.225,53.26,53.22,53.22,155275,0
XLF.US,5,20260130,191000,53.22,53.2225,53.16,53.16,126680,0
XLF.US,5,20260130,191500,53.16,53.17,53.115,53.115,303154,0
XLF.US,5,20260130,192000,53.114,53.135,53.065,53.13,301565,0
XLF.US,5,20260130,192500,53.135,53.23,53.135,53.23,194959,0
XLF.US,5,20260130,193000,53.23,53.235,53.131,53.145,747993,0
XLF.US,5,20260130,193500,53.14,53.205,53.14,53.185,210250,0
XLF.US,5,20260130,194000,53.185,53.245,53.1831,53.215,576487,0
XLF.US,5,20260130,194500,53.215,53.285,53.215,53.27,209391,0
XLF.US,5,20260130,195000,53.28,53.36,53.28,53.355,176995,0
XLF.US,5,20260130,195500,53.36,53.385,53.3199,53.32,515891,0
XLF.US,5,20260130,200000,53.325,53.41,53.325,53.3801,293846,0
XLF.US,5,20260130,200500,53.38,53.435,53.36,53.365,242481,0
XLF.US,5,20260130,201000,53.37,53.39,53.34,53.38,189180,0
XLF.US,5,20260130,201500,53.37,53.41,53.36,53.405,144778,0
XLF.US,5,20260130,202000,53.405,53.46,53.405,53.449,195049,0
XLF.US,5,20260130,202500,53.4458,53.52,53.405,53.4109,230888,0
XLF.US,5,20260130,203000,53.41,53.44,53.33,53.4201,1361663,0
XLF.US,5,20260130,203500,53.42,53.44,53.3798,53.4,598154,0
XLF.US,5,20260130,204000,53.41,53.4299,53.385,53.3897,220221,0
XLF.US,5,20260130,204500,53.39,53.405,53.3745,53.385,116607,0
XLF.US,5,20260130,205000,53.39,53.46,53.38,53.46,310100,0
XLF.US,5,20260130,205500,53.46,53.4701,53.3308,53.3308,299389,0
XLF.US,5,20260130,210000,53.33,53.4,53.33,53.385,300964,0
XLF.US,5,20260130,210500,53.385,53.4,53.36,53.4,186892,0
XLF.US,5,20260130,211000,53.39,53.4,53.35,53.36,151154,0
XLF.US,5,20260130,211500,53.35,53.375,53.33,53.365,273605,0
XLF.US,5,20260130,212000,53.37,53.415,53.355,53.415,369884,0
XLF.US,5,20260130,212500,53.415,53.43,53.375,53.38,336977,0
XLF.US,5,20260130,213000,53.38,53.43,53.3701,53.4139,330585,0
XLF.US,5,20260130,213500,53.41,53.45,53.41,53.425,364866,0
XLF.US,5,20260130,214000,53.42,53.445,53.395,53.42,528629,0
XLF.US,5,20260130,214500,53.42,53.495,53.405,53.49,577161,0
XLF.US,5,20260130,215000,53.49,53.52,53.401,53.425,1242384,0
XLF.US,5,20260130,215500,53.43,53.48,53.395,53.46,2835114,0
XLF.US,5,20260202,153000,53.445,53.62,53.195,53.59,1665181,0
XLF.US,5,20260202,153500,53.58,53.66,53.46,53.59,826022,0
XLF.US,5,20260202,154000,53.6,53.73,53.515,53.715,594372,0
XLF.US,5,20260202,154500,53.72,53.8,53.715,53.8,703150,0
XLF.US,5,20260202,155000,53.81,53.81,53.72,53.7359,493066,0
XLF.US,5,20260202,155500,53.73,53.745,53.58,53.67,510033,0
XLF.US,5,20260202,160000,53.66,53.68,53.62,53.67,455831,0
XLF.US,5,20260202,160500,53.675,53.71,53.64,53.7098,338206,0
XLF.US,5,20260202,161000,53.71,53.71,53.65,53.67,519488,0
XLF.US,5,20260202,161500,53.675,53.68,53.575,53.61,430744,0
XLF.US,5,20260202,162000,53.61,53.695,53.605,53.67,440853,0
XLF.US,5,20260202,162500,53.665,53.69,53.605,53.67,492366,0
XLF.US,5,20260202,163000,53.675,53.73,53.645,53.715,256934,0
XLF.US,5,20260202,163500,53.72,53.755,53.7001,53.745,561776,0
XLF.US,5,20260202,164000,53.745,53.7684,53.71,53.71,317967,0
XLF.US,5,20260202,164500,53.71,53.74,53.67,53.72,231535,0
XLF.US,5,20260202,165000,53.715,53.765,53.69,53.765,269092,0
XLF.US,5,20260202,165500,53.765,53.81,53.7535,53.8,404848,0
XLF.US,5,20260202,170000,53.8,53.81,53.76,53.795,261169,0
XLF.US,5,20260202,170500,53.795,53.8093,53.755,53.805,571117,0
XLF.US,5,20260202,171000,53.81,53.8599,53.805,53.85,886644,0
XLF.US,5,20260202,171500,53.855,53.885,53.84,53.84,325671,0
XLF.US,5,20260202,172000,53.835,53.86,53.8,53.845,595946,0
XLF.US,5,20260202,172500,53.84,53.855,53.82,53.83,387350,0
XLF.US,5,20260202,173000,53.825,53.835,53.76,53.805,529334,0
XLF.US,5,20260202,173500,53.8001,53.83,53.79,53.825,889521,0
XLF.US,5,20260202,174000,53.83,53.86,53.82,53.855,529955,0
XLF.US,5,20260202,174500,53.855,53.865,53.815,53.835,892926,0
XLF.US,5,20260202,175000,53.835,53.87,53.81,53.865,611064,0
XLF.US,5,20260202,175500,53.865,53.88,53.845,53.875,605603,0
XLF.US,5,20260202,180000,53.87,53.945,53.87,53.945,637780,0
XLF.US,5,20260202,180500,53.945,53.97,53.94,53.9567,1023205,0
XLF.US,5,20260202,181000,53.96,54,53.96,54,456513,0
XLF.US,5,20260202,181500,54,54.01,53.984028,54,476107,0
XLF.US,5,20260202,182000,53.9902,53.995,53.94,53.9435,445490,0
XLF.US,5,20260202,182500,53.945,53.9606,53.935,53.935,413371,0
XLF.US,5,20260202,183000,53.94,53.95,53.91,53.92,469880,0
XLF.US,5,20260202,183500,53.925,53.93,53.9,53.92,555810,0
XLF.US,5,20260202,184000,53.925,53.93,53.9,53.925,411510,0
XLF.US,5,20260202,184500,53.92,53.95,53.91,53.945,476995,0
XLF.US,5,20260202,185000,53.945,53.965,53.935,53.955,390218,0
XLF.US,5,20260202,185500,53.9591,53.975,53.935,53.935,400446,0
XLF.US,5,20260202,190000,53.935,53.97,53.93,53.9393,281624,0
XLF.US,5,20260202,190500,53.935,53.95,53.91,53.9197,307903,0
XLF.US,5,20260202,191000,53.915,53.925,53.89,53.89,929544,0
XLF.US,5,20260202,191500,53.89,53.895,53.86,53.865,243567,0
XLF.US,5,20260202,192000,53.86,53.87,53.84,53.865,314830,0
XLF.US,5,20260202,192500,53.865,53.875,53.85,53.865,220622,0
XLF.US,5,20260202,193000,53.86,53.89,53.86,53.875,173732,0
XLF.US,5,20260202,193500,53.88,53.9,53.8784,53.895,151851,0
XLF.US,5,20260202,194000,53.895,53.92,53.895,53.915,175791,0
XLF.US,5,20260202,194500,53.915,53.95,53.91,53.936,214460,0
XLF.US,5,20260202,195000,53.935,53.95,53.92,53.935,338525,0
XLF.US,5,20260202,195500,53.935,53.935,53.8966,53.8997,140124,0
XLF.US,5,20260202,200000,53.895,53.95,53.8801,53.925,360134,0
XLF.US,5,20260202,200500,53.925,53.94,53.9201,53.94,198794,0
XLF.US,5,20260202,201000,53.935,53.9659,53.9309,53.965,105101,0
XLF.US,5,20260202,201500,53.965,53.97,53.95,53.9575,203851,0
XLF.US,5,20260202,202000,53.955,53.97,53.94,53.9699,130679,0
XLF.US,5,20260202,202500,53.965,53.99,53.95,53.9897,193169,0
XLF.US,5,20260202,203000,53.99,54,53.94,53.9897,617609,0
XLF.US,5,20260202,203500,53.985,54,53.97,53.9964,466230,0
XLF.US,5,20260202,204000,53.995,54.025,53.99,54.025,87141,0
XLF.US,5,20260202,204500,54.025,54.09,54.02,54.0325,950003,0
XLF.US,5,20260202,205000,54.035,54.035,53.99,53.995,609826,0
XLF.US,5,20260202,205500,53.995,54.0299,53.955,53.96,583899,0
XLF.US,5,20260202,210000,53.97,54.06,53.945,54.025,818688,0
XLF.US,5,20260202,210500,54.025,54.05,54.01,54.02,235700,0
XLF.US,5,20260202,211000,54.0155,54.03,53.98,53.9897,215466,0
XLF.US,5,20260202,211500,53.99,53.995,53.955,53.98,480490,0
XLF.US,5,20260202,212000,53.98,53.995,53.965,53.995,307920,0
XLF.US,5,20260202,212500,53.995,54.01,53.975,53.9891,372148,0
XLF.US,5,20260202,213000,53.98,54.0294,53.98,53.985,298448,0
XLF.US,5,20260202,213500,53.985,54.01,53.97,53.975,817936,0
XLF.US,5,20260202,214000,53.97,54,53.97,53.9825,451226,0
XLF.US,5,20260202,214500,53.985,54.03,53.975,54.02,759635,0
XLF.US,5,20260202,215000,54.02,54.04,53.99,54.005,1373316,0
XLF.US,5,20260202,215500,54.005,54.03,53.99,54.01,6977382,0
XLF.US,5,20260203,153000,53.79,53.96,53.595,53.835,2020427,0
XLF.US,5,20260203,153500,53.835,54.05,53.785,53.98,1368229,0
XLF.US,5,20260203,154000,53.99,54.145,53.98,54.04,1127767,0
XLF.US,5,20260203,154500,54.035,54.145,54,54.135,748706,0
XLF.US,5,20260203,155000,54.135,54.165,53.97,54.075,602692,0
XLF.US,5,20260203,155500,54.075,54.105,53.99,54.015,595228,0
XLF.US,5,20260203,160000,54.02,54.08,53.99,54.05,766733,0
XLF.US,5,20260203,160500,54.0593,54.115,54.015,54.045,557397,0
XLF.US,5,20260203,161000,54.045,54.045,53.935,53.94,581820,0
XLF.US,5,20260203,161500,53.94,53.96,53.82,53.835,530391,0
XLF.US,5,20260203,162000,53.83,53.925,53.82,53.91,728646,0
XLF.US,5,20260203,162500,53.91,53.965,53.845,53.895,1525747,0
XLF.US,5,20260203,163000,53.895,53.985,53.895,53.98,469080,0
XLF.US,5,20260203,163500,53.9801,53.9801,53.88,53.895,354894,0
XLF.US,5,20260203,164000,53.9,53.915,53.8,53.81,390200,0
XLF.US,5,20260203,164500,53.815,53.94,53.8,53.935,366304,0
XLF.US,5,20260203,165000,53.935,53.965,53.865,53.895,391654,0
XLF.US,5,20260203,165500,53.89,53.91,53.84,53.845,443391,0
XLF.US,5,20260203,170000,53.845,53.87,53.84,53.86,361426,0
XLF.US,5,20260203,170500,53.865,53.925,53.86,53.9001,388125,0
XLF.US,5,20260203,171000,53.9,53.9099,53.835,53.84,285934,0
XLF.US,5,20260203,171500,53.84,53.859,53.77,53.8,318536,0
XLF.US,5,20260203,172000,53.81,53.82,53.73,53.73,378885,0
XLF.US,5,20260203,172500,53.7301,53.795,53.71,53.715,550939,0
XLF.US,5,20260203,173000,53.715,53.76,53.69,53.73,361087,0
XLF.US,5,20260203,173500,53.735,53.75,53.65,53.67,450427,0
XLF.US,5,20260203,174000,53.665,53.665,53.6,53.64,414348,0
XLF.US,5,20260203,174500,53.64,53.6784,53.61,53.66,548037,0
XLF.US,5,20260203,175000,53.66,53.69,53.63,53.655,487641,0
XLF.US,5,20260203,175500,53.65,53.68,53.645,53.675,345982,0
XLF.US,5,20260203,180000,53.67,53.685,53.625,53.655,334850,0
XLF.US,5,20260203,180500,53.65,53.6599,53.61,53.655,419804,0
XLF.US,5,20260203,181000,53.655,53.6684,53.535,53.595,849359,0
XLF.US,5,20260203,181500,53.59,53.635,53.555,53.585,504868,0
XLF.US,5,20260203,182000,53.58,53.62,53.565,53.605,553000,0
XLF.US,5,20260203,182500,53.605,53.62,53.5,53.505,309466,0
XLF.US,5,20260203,183000,53.505,53.525,53.4625,53.465,343089,0
XLF.US,5,20260203,183500,53.46,53.48,53.43,53.43,551868,0
XLF.US,5,20260203,184000,53.435,53.47,53.43,53.455,423762,0
XLF.US,5,20260203,184500,53.455,53.4655,53.415,53.43,712132,0
XLF.US,5,20260203,185000,53.435,53.45,53.29,53.305,2623692,0
XLF.US,5,20260203,185500,53.31,53.34,53.26,53.265,1147988,0
XLF.US,5,20260203,190000,53.265,53.315,53.26,53.2899,883193,0
XLF.US,5,20260203,190500,53.285,53.35,53.27,53.325,801038,0
XLF.US,5,20260203,191000,53.325,53.34,53.255,53.315,611382,0
XLF.US,5,20260203,191500,53.314,53.335,53.24,53.305,786160,0
XLF.US,5,20260203,192000,53.305,53.3699,53.2901,53.295,840017,0
XLF.US,5,20260203,192500,53.29,53.39,53.27,53.27,1244001,0
XLF.US,5,20260203,193000,53.265,53.36,53.265,53.35,675499,0
XLF.US,5,20260203,193500,53.355,53.39,53.335,53.39,638930,0
XLF.US,5,20260203,194000,53.39,53.4,53.345,53.3501,424824,0
XLF.US,5,20260203,194500,53.355,53.365,53.305,53.34,385555,0
XLF.US,5,20260203,195000,53.335,53.335,53.28,53.285,539635,0
XLF.US,5,20260203,195500,53.29,53.39,53.27,53.27,442935,0
XLF.US,5,20260203,200000,53.27,53.32,53.22,53.255,901783,0
XLF.US,5,20260203,200500,53.2501,53.265,53.16,53.185,595522,0
XLF.US,5,20260203,201000,53.185,53.3299,53.18,53.3299,593187,0
XLF.US,5,20260203,201500,53.32,53.338774,53.29,53.32,2199822,0
XLF.US,5,20260203,202000,53.33,53.34,53.27,53.325,1720346,0
XLF.US,5,20260203,202500,53.325,53.37,53.23,53.285,830137,0
XLF.US,5,20260203,203000,53.28,53.35,53.25,53.27,1018226,0
XLF.US,5,20260203,203500,53.275,53.34,53.26,53.335,521348,0
XLF.US,5,20260203,204000,53.34,53.3899,53.33,53.385,718480,0
XLF.US,5,20260203,204500,53.385,53.39,53.3339,53.34,665889,0
XLF.US,5,20260203,205000,53.34,53.43,53.32,53.375,831618,0
XLF.US,5,20260203,205500,53.375,53.44,53.3701,53.41,735626,0
XLF.US,5,20260203,210000,53.415,53.44,53.395,53.405,498177,0
XLF.US,5,20260203,210500,53.4,53.48,53.39,53.475,375415,0
XLF.US,5,20260203,211000,53.475,53.49,53.415,53.435,513336,0
XLF.US,5,20260203,211500,53.435,53.4573,53.415,53.445,387000,0
XLF.US,5,20260203,212000,53.445,53.45,53.3952,53.445,484194,0
XLF.US,5,20260203,212500,53.445,53.52,53.44,53.515,809916,0
XLF.US,5,20260203,213000,53.5236,53.5999,53.52,53.565,1331332,0
XLF.US,5,20260203,213500,53.57,53.575,53.535,53.555,594900,0
XLF.US,5,20260203,214000,53.555,53.565,53.5201,53.535,476811,0
XLF.US,5,20260203,214500,53.535,53.545,53.48,53.515,1033952,0
XLF.US,5,20260203,215000,53.52,53.58,53.515,53.565,1667692,0
XLF.US,5,20260203,215500,53.56,53.565,53.495,53.53,6259232,0
XLF.US,5,20260204,153000,53.51,53.77,53.505,53.59,1592313,0
XLF.US,5,20260204,153500,53.59,53.68,53.48,53.55,2041730,0
XLF.US,5,20260204,154000,53.55,53.6575,53.5,53.64,706868,0
XLF.US,5,20260204,154500,53.65,53.69,53.605,53.64,824142,0
XLF.US,5,20260204,155000,53.63,53.63,53.46,53.505,831940,0
XLF.US,5,20260204,155500,53.5,53.56,53.4634,53.54,624441,0
XLF.US,5,20260204,160000,53.54,53.55,53.4,53.48,1076788,0
XLF.US,5,20260204,160500,53.48,53.665,53.475,53.64,923567,0
XLF.US,5,20260204,161000,53.65,53.74,53.65,53.71,804605,0
XLF.US,5,20260204,161500,53.71,53.81,53.7,53.76,591339,0
XLF.US,5,20260204,162000,53.76,53.945,53.76,53.88,622299,0
XLF.US,5,20260204,162500,53.885,53.935,53.86,53.89,734500,0
XLF.US,5,20260204,163000,53.89,53.94,53.84,53.85,620624,0
XLF.US,5,20260204,163500,53.85,53.95,53.795,53.89,539039,0
XLF.US,5,20260204,164000,53.9,54,53.86,53.99,393856,0
XLF.US,5,20260204,164500,53.99,53.995,53.92,53.94,428381,0
XLF.US,5,20260204,165000,53.945,53.97,53.895,53.925,461791,0
XLF.US,5,20260204,165500,53.9275,53.9899,53.925,53.975,501704,0
XLF.US,5,20260204,170000,53.975,54.01,53.9,53.925,1122591,0
XLF.US,5,20260204,170500,53.925,53.97,53.915,53.92,418276,0
XLF.US,5,20260204,171000,53.92,53.98,53.89,53.955,614586,0
XLF.US,5,20260204,171500,53.955,54.005,53.895,53.92,568659,0
XLF.US,5,20260204,172000,53.92,53.965,53.85,53.95,634396,0
XLF.US,5,20260204,172500,53.945,54.0165,53.925,54.005,325590,0
XLF.US,5,20260204,173000,54.015,54.06,53.99,54.02,473235,0
XLF.US,5,20260204,173500,54.025,54.055,53.99,54.005,355030,0
XLF.US,5,20260204,174000,54.005,54.02,53.94,53.945,391740,0
XLF.US,5,20260204,174500,53.94,53.96,53.8701,53.9,1061629,0
XLF.US,5,20260204,175000,53.9,53.99,53.875,53.97,1005250,0
XLF.US,5,20260204,175500,53.975,54.105,53.975,54.085,573437,0
XLF.US,5,20260204,180000,54.08,54.13,54.065,54.09,1111225,0
XLF.US,5,20260204,180500,54.09,54.1,54.05,54.075,327364,0
XLF.US,5,20260204,181000,54.075,54.16,54.065,54.155,338666,0
XLF.US,5,20260204,181500,54.16,54.165,54.12,54.12,338179,0
XLF.US,5,20260204,182000,54.1262,54.18,54.09,54.125,353378,0
XLF.US,5,20260204,182500,54.13,54.15,53.925,53.95,749547,0
XLF.US,5,20260204,183000,53.95,53.99,53.895,53.91,578389,0
XLF.US,5,20260204,183500,53.915,53.925,53.875,53.905,561805,0
XLF.US,5,20260204,184000,53.905,53.965,53.865,53.935,768719,0
XLF.US,5,20260204,184500,53.935,53.95,53.88,53.89,564933,0
XLF.US,5,20260204,185000,53.885,53.93,53.84,53.9,657346,0
XLF.US,5,20260204,185500,53.9,53.95,53.88,53.925,550727,0
XLF.US,5,20260204,190000,53.93,53.93,53.83,53.88,336987,0
XLF.US,5,20260204,190500,53.88,53.925,53.814,53.82,442509,0
XLF.US,5,20260204,191000,53.82,53.89,53.82,53.86,383661,0
XLF.US,5,20260204,191500,53.85,53.86,53.79,53.84,255345,0
XLF.US,5,20260204,192000,53.835,53.89,53.805,53.8584,421953,0
XLF.US,5,20260204,192500,53.86,53.98,53.86,53.98,448146,0
XLF.US,5,20260204,193000,53.98,53.985,53.8832,53.925,371449,0
XLF.US,5,20260204,193500,53.93,53.97,53.92,53.945,253765,0
XLF.US,5,20260204,194000,53.945,54.03,53.935,53.97,545440,0
XLF.US,5,20260204,194500,53.965,54,53.9401,53.965,212884,0
XLF.US,5,20260204,195000,53.9699,53.98,53.9238,53.97,359722,0
XLF.US,5,20260204,195500,53.97,54,53.91,53.91,242514,0
XLF.US,5,20260204,200000,53.92,53.9303,53.86,53.9,457207,0
XLF.US,5,20260204,200500,53.9,53.95,53.835,53.93,441099,0
XLF.US,5,20260204,201000,53.94,53.95,53.88,53.88,184719,0
XLF.US,5,20260204,201500,53.88,53.96,53.875,53.923,751855,0
XLF.US,5,20260204,202000,53.9273,53.95,53.89,53.9,430301,0
XLF.US,5,20260204,202500,53.895,53.915,53.86,53.9,429446,0
XLF.US,5,20260204,203000,53.895,53.96,53.895,53.9501,402627,0
XLF.US,5,20260204,203500,53.9569,53.975,53.933,53.94,252162,0
XLF.US,5,20260204,204000,53.945,53.985,53.94,53.965,317414,0
XLF.US,5,20260204,204500,53.97,54.075,53.9506,54.007,997577,0
XLF.US,5,20260204,205000,54.01,54.11,54,54.055,594202,0
XLF.US,5,20260204,205500,54.05,54.09,54.035,54.09,504036,0
XLF.US,5,20260204,210000,54.09,54.1616,54.08,54.153,393672,0
XLF.US,5,20260204,210500,54.155,54.18,54.14,54.1475,439570,0
XLF.US,5,20260204,211000,54.15,54.155,54.07,54.145,379723,0
XLF.US,5,20260204,211500,54.14,54.15,54.0845,54.095,423793,0
XLF.US,5,20260204,212000,54.09,54.105,54.05,54.065,410069,0
XLF.US,5,20260204,212500,54.065,54.0899,54.055,54.06,503852,0
XLF.US,5,20260204,213000,54.065,54.125,54.065,54.12,367193,0
XLF.US,5,20260204,213500,54.125,54.14,54.1,54.125,769375,0
XLF.US,5,20260204,214000,54.12,54.13,54.0735,54.075,472714,0
XLF.US,5,20260204,214500,54.075,54.1,54.06,54.085,798953,0
XLF.US,5,20260204,215000,54.085,54.11,53.97,53.975,2233928,0
XLF.US,5,20260204,215500,53.98,53.98,53.905,53.95,4034863,0
XLF.US,5,20260205,153000,53.91,54.06,53.73,53.74,1957996,0
XLF.US,5,20260205,153500,53.74,53.78,53.6,53.6561,1881674,0
XLF.US,5,20260205,154000,53.66,53.835,53.57,53.8,1258167,0
XLF.US,5,20260205,154500,53.79,53.855,53.69,53.7,880415,0
XLF.US,5,20260205,155000,53.69,53.755,53.625,53.72,536699,0
XLF.US,5,20260205,155500,53.725,53.765,53.655,53.75,690192,0
XLF.US,5,20260205,160000,53.75,53.76,53.58,53.59,987781,0
XLF.US,5,20260205,160500,53.59,53.61,53.53,53.585,766406,0
XLF.US,5,20260205,161000,53.58,53.595,53.455,53.475,1023632,0
XLF.US,5,20260205,161500,53.47,53.495,53.365,53.375,862578,0
XLF.US,5,20260205,162000,53.37,53.395,53.29,53.33,526051,0
XLF.US,5,20260205,162500,53.33,53.38,53.27,53.3,797072,0
XLF.US,5,20260205,163000,53.3,53.335,53.22,53.235,1080762,0
XLF.US,5,20260205,163500,53.23,53.29,53.19,53.225,755787,0
XLF.US,5,20260205,164000,53.225,53.3,53.205,53.265,642773,0
XLF.US,5,20260205,164500,53.27,53.31,53.225,53.3097,691181,0
XLF.US,5,20260205,165000,53.31,53.425,53.28,53.33,493774,0
XLF.US,5,20260205,165500,53.33,53.36,53.28,53.345,529694,0
XLF.US,5,20260205,170000,53.34,53.355,53.23,53.235,1099749,0
XLF.US,5,20260205,170500,53.24,53.275,53.21,53.2106,1050463,0
XLF.US,5,20260205,171000,53.215,53.31,53.215,53.27,930041,0
XLF.US,5,20260205,171500,53.27,53.315,53.27,53.295,616317,0
XLF.US,5,20260205,172000,53.3,53.405,53.3,53.3901,565399,0
XLF.US,5,20260205,172500,53.4,53.43,53.335,53.36,837133,0
XLF.US,5,20260205,173000,53.36,53.4,53.32,53.365,698120,0
XLF.US,5,20260205,173500,53.365,53.4465,53.36,53.405,509380,0
XLF.US,5,20260205,174000,53.41,53.45,53.385,53.39,381384,0
XLF.US,5,20260205,174500,53.395,53.405,53.305,53.385,501895,0
XLF.US,5,20260205,175000,53.385,53.47,53.385,53.455,328497,0
XLF.US,5,20260205,175500,53.46,53.5364,53.45,53.53,354940,0
XLF.US,5,20260205,180000,53.525,53.53,53.425,53.465,368861,0
XLF.US,5,20260205,180500,53.465,53.48,53.44,53.455,379215,0
XLF.US,5,20260205,181000,53.45,53.5,53.425,53.485,368055,0
XLF.US,5,20260205,181500,53.485,53.515,53.46,53.485,277165,0
XLF.US,5,20260205,182000,53.48,53.525,53.41,53.525,227831,0
XLF.US,5,20260205,182500,53.52,53.62,53.52,53.605,374376,0
XLF.US,5,20260205,183000,53.605,53.625,53.545,53.57,351485,0
XLF.US,5,20260205,183500,53.56,53.625,53.56,53.5864,212468,0
XLF.US,5,20260205,184000,53.585,53.625,53.565,53.585,289776,0
XLF.US,5,20260205,184500,53.585,53.625,53.505,53.515,852789,0
XLF.US,5,20260205,185000,53.51,53.55,53.46,53.48,931755,0
XLF.US,5,20260205,185500,53.475,53.48,53.39,53.4095,853227,0
XLF.US,5,20260205,190000,53.405,53.465,53.385,53.415,673293,0
XLF.US,5,20260205,190500,53.415,53.45,53.39,53.415,641713,0
XLF.US,5,20260205,191000,53.415,53.435,53.375,53.385,478579,0
XLF.US,5,20260205,191500,53.385,53.395,53.335,53.355,283357,0
XLF.US,5,20260205,192000,53.355,53.365,53.3,53.3,399182,0
XLF.US,5,20260205,192500,53.3,53.3,53.235,53.265,377276,0
XLF.US,5,20260205,193000,53.27,53.33,53.26,53.2899,392661,0
XLF.US,5,20260205,193500,53.285,53.29,53.24,53.26,294055,0
XLF.US,5,20260205,194000,53.255,53.3,53.215,53.28,292699,0
XLF.US,5,20260205,194500,53.28,53.295,53.2287,53.235,607577,0
XLF.US,5,20260205,195000,53.23,53.23,53.185,53.2,418203,0
XLF.US,5,20260205,195500,53.1905,53.265,53.18,53.23,536567,0
XLF.US,5,20260205,200000,53.23,53.34,53.205,53.32,248581,0
XLF.US,5,20260205,200500,53.325,53.375,53.305,53.3406,476671,0
XLF.US,5,20260205,201000,53.34,53.425,53.34,53.395,164027,0
XLF.US,5,20260205,201500,53.395,53.42,53.355,53.42,262148,0
XLF.US,5,20260205,202000,53.42,53.44,53.413,53.42,181177,0
XLF.US,5,20260205,202500,53.425,53.435,53.38,53.395,169753,0
XLF.US,5,20260205,203000,53.395,53.395,53.295,53.345,227438,0
XLF.US,5,20260205,203500,53.34,53.34,53.275,53.275,158698,0
XLF.US,5,20260205,204000,53.28,53.33,53.265,53.31,301060,0
XLF.US,5,20260205,204500,53.31,53.34,53.3,53.325,251691,0
XLF.US,5,20260205,205000,53.33,53.355,53.305,53.345,293844,0
XLF.US,5,20260205,205500,53.345,53.365,53.315,53.325,275703,0
XLF.US,5,20260205,210000,53.32,53.33,53.28,53.31,240436,0
XLF.US,5,20260205,210500,53.31,53.405,53.305,53.395,310064,0
XLF.US,5,20260205,211000,53.395,53.465,53.385,53.45,235879,0
XLF.US,5,20260205,211500,53.4412,53.445,53.35,53.385,296958,0
XLF.US,5,20260205,212000,53.385,53.395,53.3301,53.355,281344,0
XLF.US,5,20260205,212500,53.35,53.37,53.3242,53.355,447577,0
XLF.US,5,20260205,213000,53.355,53.38,53.32,53.3301,438955,0
XLF.US,5,20260205,213500,53.33,53.36,53.315,53.35,524399,0
XLF.US,5,20260205,214000,53.355,53.39,53.2831,53.305,742162,0
XLF.US,5,20260205,214500,53.3011,53.32,53.23,53.265,1182311,0
XLF.US,5,20260205,215000,53.265,53.29,53.2,53.215,2044560,0
XLF.US,5,20260205,215500,53.21,53.31,53.21,53.28,3867811,0
XLF.US,5,20260206,153000,53.84,54.2,53.83,54.13,1881479,0
XLF.US,5,20260206,153500,54.13,54.165,54.01,54.025,1471194,0
XLF.US,5,20260206,154000,54.025,54.17,53.985,54.155,1128969,0
XLF.US,5,20260206,154500,54.155,54.19,54.055,54.09,1135482,0
XLF.US,5,20260206,155000,54.09,54.2,54.07,54.15,1013680,0
XLF.US,5,20260206,155500,54.15,54.165,54.105,54.14,718637,0
XLF.US,5,20260206,160000,54.14,54.208,54.09,54.15,844623,0
XLF.US,5,20260206,160500,54.155,54.205,54.12,54.205,756273,0
XLF.US,5,20260206,161000,54.205,54.305,54.205,54.22,524660,0
XLF.US,5,20260206,161500,54.22,54.24,54.165,54.213,632263,0
XLF.US,5,20260206,162000,54.215,54.255,54.08,54.105,614446,0
XLF.US,5,20260206,162500,54.1,54.18,54.085,54.13,597007,0
XLF.US,5,20260206,163000,54.135,54.2165,54.095,54.165,1038991,0
XLF.US,5,20260206,163500,54.17,54.215,54.16,54.21,589710,0
XLF.US,5,20260206,164000,54.205,54.255,54.18,54.2365,682476,0
XLF.US,5,20260206,164500,54.235,54.265,54.18,54.19,549710,0
XLF.US,5,20260206,165000,54.19,54.2,54.11,54.125,396949,0
XLF.US,5,20260206,165500,54.125,54.2,54.1,54.175,470568,0
XLF.US,5,20260206,170000,54.175,54.23,54.145,54.21,432451,0
XLF.US,5,20260206,170500,54.21,54.235,54.165,54.185,790664,0
XLF.US,5,20260206,171000,54.19,54.195,54.135,54.145,424106,0
XLF.US,5,20260206,171500,54.145,54.17,54.085,54.115,275810,0
XLF.US,5,20260206,172000,54.1199,54.14,54.08,54.1,400754,0
XLF.US,5,20260206,172500,54.0955,54.1,54.0345,54.065,455632,0
XLF.US,5,20260206,173000,54.065,54.07,54.025,54.055,271481,0
XLF.US,5,20260206,173500,54.06,54.08,54.025,54.055,374640,0
XLF.US,5,20260206,174000,54.055,54.105,54.04,54.095,1021263,0
XLF.US,5,20260206,174500,54.095,54.11,54.0635,54.075,193895,0
XLF.US,5,20260206,175000,54.075,54.085,54.04,54.045,325985,0
XLF.US,5,20260206,175500,54.045,54.1,54.033,54.1,325742,0
XLF.US,5,20260206,180000,54.1,54.12,54.0733,54.085,523400,0
XLF.US,5,20260206,180500,54.08,54.129,54.0701,54.095,273921,0
XLF.US,5,20260206,181000,54.095,54.125,54.08,54.08,536552,0
XLF.US,5,20260206,181500,54.085,54.09,54.045,54.065,206957,0
XLF.US,5,20260206,182000,54.07,54.075,54.05,54.0601,234995,0
XLF.US,5,20260206,182500,54.065,54.09,54.065,54.085,362748,0
XLF.US,5,20260206,183000,54.085,54.1,54.07,54.085,433130,0
XLF.US,5,20260206,183500,54.08,54.08,54.053,54.055,319238,0
XLF.US,5,20260206,184000,54.0512,54.0675,54.0433,54.065,270719,0
XLF.US,5,20260206,184500,54.069,54.095,54.065,54.095,284969,0
XLF.US,5,20260206,185000,54.1,54.15,54.095,54.12,345387,0
XLF.US,5,20260206,185500,54.12,54.12,54.0947,54.095,244969,0
XLF.US,5,20260206,190000,54.095,54.11,54.065,54.085,367870,0
XLF.US,5,20260206,190500,54.0887,54.09,54.06,54.075,194677,0
XLF.US,5,20260206,191000,54.07,54.09,54.055,54.09,230285,0
XLF.US,5,20260206,191500,54.09,54.1,54.0601,54.0951,260890,0
XLF.US,5,20260206,192000,54.095,54.115,54.0813,54.115,281705,0
XLF.US,5,20260206,192500,54.115,54.115,54.09,54.115,286208,0
XLF.US,5,20260206,193000,54.115,54.16,54.115,54.1466,261788,0
XLF.US,5,20260206,193500,54.145,54.195,54.145,54.185,310115,0
XLF.US,5,20260206,194000,54.18,54.2,54.16,54.185,199645,0
XLF.US,5,20260206,194500,54.19,54.2197,54.185,54.2003,215056,0
XLF.US,5,20260206,195000,54.205,54.23,54.1801,54.185,275840,0
XLF.US,5,20260206,195500,54.18,54.19,54.16,54.165,196633,0
XLF.US,5,20260206,200000,54.165,54.2099,54.165,54.205,247499,0
XLF.US,5,20260206,200500,54.205,54.215,54.19,54.195,286560,0
XLF.US,5,20260206,201000,54.19,54.21,54.17,54.1801,350411,0
XLF.US,5,20260206,201500,54.1801,54.19,54.16,54.16,210634,0
XLF.US,5,20260206,202000,54.165,54.205,54.16,54.19,307534,0
XLF.US,5,20260206,202500,54.185,54.2,54.18,54.195,169983,0
XLF.US,5,20260206,203000,54.195,54.1999,54.16,54.165,282099,0
XLF.US,5,20260206,203500,54.165,54.165,54.145,54.15,215699,0
XLF.US,5,20260206,204000,54.1555,54.17,54.14,54.165,278943,0
XLF.US,5,20260206,204500,54.165,54.21,54.16,54.2,340881,0
XLF.US,5,20260206,205000,54.2,54.215,54.18,54.19,272453,0
XLF.US,5,20260206,205500,54.195,54.22,54.1701,54.215,256892,0
XLF.US,5,20260206,210000,54.22,54.2361,54.21,54.215,372704,0
XLF.US,5,20260206,210500,54.21,54.21,54.17,54.185,277008,0
XLF.US,5,20260206,211000,54.18,54.195,54.165,54.1765,337736,0
XLF.US,5,20260206,211500,54.17,54.175,54.15,54.165,237512,0
XLF.US,5,20260206,212000,54.16,54.22,54.155,54.1999,323860,0
XLF.US,5,20260206,212500,54.195,54.199,54.16,54.175,534813,0
XLF.US,5,20260206,213000,54.17,54.22,54.165,54.215,361352,0
XLF.US,5,20260206,213500,54.215,54.22,54.19,54.215,537543,0
XLF.US,5,20260206,214000,54.215,54.26,54.21,54.235,1035468,0
XLF.US,5,20260206,214500,54.24,54.2799,54.235,54.275,926572,0
XLF.US,5,20260206,215000,54.275,54.345,54.27,54.315,2173951,0
XLF.US,5,20260206,215500,54.315,54.34,54.25,54.26,8326103,0
XLF.US,5,20260209,153000,54.08,54.32,54.0601,54.245,1621001,0
XLF.US,5,20260209,153500,54.245,54.39,54.18,54.25,691462,0
XLF.US,5,20260209,154000,54.245,54.2873,54.2,54.2,529889,0
XLF.US,5,20260209,154500,54.2,54.235,54.09,54.1156,683209,0
XLF.US,5,20260209,155000,54.12,54.17,54.04,54.17,301692,0
XLF.US,5,20260209,155500,54.17,54.19,54.115,54.14,267685,0
XLF.US,5,20260209,160000,54.135,54.175,54.07,54.125,741528,0
XLF.US,5,20260209,160500,54.125,54.14,54.08,54.12,287311,0
XLF.US,5,20260209,161000,54.125,54.165,54.105,54.115,262173,0
XLF.US,5,20260209,161500,54.115,54.215,54.115,54.21,323881,0
XLF.US,5,20260209,162000,54.205,54.285,54.195,54.265,1605897,0
XLF.US,5,20260209,162500,54.265,54.29,54.24,54.28,440397,0
XLF.US,5,20260209,163000,54.285,54.335,54.275,54.325,176197,0
XLF.US,5,20260209,163500,54.325,54.3451,54.31,54.345,153858,0
XLF.US,5,20260209,164000,54.345,54.365,54.3097,54.3355,152655,0
XLF.US,5,20260209,164500,54.34,54.35,54.28,54.3,186052,0
XLF.US,5,20260209,165000,54.2901,54.31,54.2701,54.28,177931,0
XLF.US,5,20260209,165500,54.28,54.3088,54.27,54.305,151726,0
XLF.US,5,20260209,170000,54.305,54.31,54.27,54.275,279903,0
XLF.US,5,20260209,170500,54.27,54.28,54.195,54.21,158718,0
XLF.US,5,20260209,171000,54.205,54.21,54.155,54.165,238043,0
XLF.US,5,20260209,171500,54.165,54.17,54.13,54.14,262402,0
XLF.US,5,20260209,172000,54.145,54.2099,54.145,54.2099,287972,0
XLF.US,5,20260209,172500,54.21,54.219,54.17,54.185,209273,0
XLF.US,5,20260209,173000,54.185,54.21,54.175,54.185,253720,0
XLF.US,5,20260209,173500,54.185,54.185,54.14,54.1696,130205,0
XLF.US,5,20260209,174000,54.17,54.22,54.17,54.215,91288,0
XLF.US,5,20260209,174500,54.215,54.22,54.16,54.1651,110057,0
XLF.US,5,20260209,175000,54.16,54.2,54.15,54.19,205510,0
XLF.US,5,20260209,175500,54.19,54.19,54.17,54.185,126436,0
XLF.US,5,20260209,180000,54.18,54.2,54.145,54.16,311306,0
XLF.US,5,20260209,180500,54.155,54.16,54.115,54.135,230897,0
XLF.US,5,20260209,181000,54.135,54.1386,54.075,54.08,127880,0
XLF.US,5,20260209,181500,54.08,54.09,54.06,54.0801,167772,0
XLF.US,5,20260209,182000,54.085,54.1,54.07,54.095,155084,0
XLF.US,5,20260209,182500,54.0943,54.14,54.0943,54.135,150182,0
XLF.US,5,20260209,183000,54.135,54.15,54.12,54.1497,113863,0
XLF.US,5,20260209,183500,54.145,54.17,54.125,54.125,152220,0
XLF.US,5,20260209,184000,54.129,54.13,54.0911,54.109,264014,0
XLF.US,5,20260209,184500,54.1084,54.115,54.0916,54.1099,168967,0
XLF.US,5,20260209,185000,54.1099,54.149,54.1001,54.135,604075,0
XLF.US,5,20260209,185500,54.135,54.145,54.1201,54.125,160471,0
XLF.US,5,20260209,190000,54.125,54.14,54.105,54.12,268961,0
XLF.US,5,20260209,190500,54.115,54.135,54.105,54.125,120524,0
XLF.US,5,20260209,191000,54.125,54.14,54.12,54.133851,171142,0
XLF.US,5,20260209,191500,54.135,54.135,54.105,54.115,109471,0
XLF.US,5,20260209,192000,54.11,54.12,54.035,54.1,283248,0
XLF.US,5,20260209,192500,54.105,54.125,54.0932,54.105,190473,0
XLF.US,5,20260209,193000,54.11,54.13,54.09,54.115,198897,0
XLF.US,5,20260209,193500,54.115,54.13,54.1,54.125,219129,0
XLF.US,5,20260209,194000,54.1299,54.1497,54.1101,54.135,250847,0
XLF.US,5,20260209,194500,54.14,54.155,54.1336,54.135,124056,0
XLF.US,5,20260209,195000,54.135,54.14,54.115,54.115,192089,0
XLF.US,5,20260209,195500,54.115,54.13,54.1,54.125,581685,0
XLF.US,5,20260209,200000,54.12,54.14,54.095,54.135,382642,0
XLF.US,5,20260209,200500,54.139,54.155,54.12,54.155,248398,0
XLF.US,5,20260209,201000,54.155,54.195,54.144,54.18,252770,0
XLF.US,5,20260209,201500,54.18,54.18,54.1598,54.165,149239,0
XLF.US,5,20260209,202000,54.165,54.19,54.15,54.17,243311,0
XLF.US,5,20260209,202500,54.165,54.185,54.15,54.16,113268,0
XLF.US,5,20260209,203000,54.155,54.16,54.115,54.13,256645,0
XLF.US,5,20260209,203500,54.125,54.13,54.1,54.105,111667,0
XLF.US,5,20260209,204000,54.105,54.12,54.08,54.0999,273179,0
XLF.US,5,20260209,204500,54.095,54.1,54.0601,54.065,215559,0
XLF.US,5,20260209,205000,54.065,54.07,54.03,54.055,259579,0
XLF.US,5,20260209,205500,54.05,54.055,54.03,54.05,364161,0
XLF.US,5,20260209,210000,54.05,54.06,54.035,54.045,161902,0
XLF.US,5,20260209,210500,54.04,54.065,54.03,54.04,193278,0
XLF.US,5,20260209,211000,54.045,54.055,54.025,54.045,203431,0
XLF.US,5,20260209,211500,54.045,54.049,54.02,54.035,118461,0
XLF.US,5,20260209,212000,54.03,54.06,54.0239,54.045,180964,0
XLF.US,5,20260209,212500,54.045,54.0565,54,54.005,313509,0
XLF.US,5,20260209,213000,54.005,54.01,53.95,53.955,241963,0
XLF.US,5,20260209,213500,53.9503,53.995,53.94,53.99,599134,0
XLF.US,5,20260209,214000,53.995,54.005,53.965,53.98,344729,0
XLF.US,5,20260209,214500,53.985,54.01,53.97,53.9908,473432,0
XLF.US,5,20260209,215000,53.99,53.99,53.9,53.92,1154292,0
XLF.US,5,20260209,215500,53.915,53.97,53.91,53.94,4599306,0
XLF.US,5,20260210,153000,53.71,54.085,53.71,54.015,1352017,0
XLF.US,5,20260210,153500,54.02,54.11,53.96,54.015,1087633,0
XLF.US,5,20260210,154000,54.015,54.135,53.975,54.01,948751,0
XLF.US,5,20260210,154500,54.015,54.245,54,54.21,910869,0
XLF.US,5,20260210,155000,54.215,54.25,54.15,54.2187,725169,0
XLF.US,5,20260210,155500,54.215,54.225,54.155,54.185,617019,0
XLF.US,5,20260210,160000,54.18,54.2,54.14,54.19,381192,0
XLF.US,5,20260210,160500,54.2,54.215,54.185,54.185,418188,0
XLF.US,5,20260210,161000,54.185,54.195,54.105,54.155,503958,0
XLF.US,5,20260210,161500,54.155,54.1991,54.11,54.185,542224,0
XLF.US,5,20260210,162000,54.19,54.21,54.1725,54.175,338186,0
XLF.US,5,20260210,162500,54.18,54.1973,54.15,54.196124,245860,0
XLF.US,5,20260210,163000,54.195,54.255,54.19,54.225,425151,0
XLF.US,5,20260210,163500,54.225,54.225,54.155,54.165,269271,0
XLF.US,5,20260210,164000,54.165,54.205,54.155,54.18,318859,0
XLF.US,5,20260210,164500,54.185,54.185,54.06,54.0799,412065,0
XLF.US,5,20260210,165000,54.075,54.1,54.045,54.09,335143,0
XLF.US,5,20260210,165500,54.09,54.1,54.05,54.055,494556,0
XLF.US,5,20260210,170000,54.055,54.06,53.945,53.965,582441,0
XLF.US,5,20260210,170500,53.96,53.98,53.875,53.885,834085,0
XLF.US,5,20260210,171000,53.89,53.895,53.77,53.79,708170,0
XLF.US,5,20260210,171500,53.79,53.8,53.635,53.65,1222076,0
XLF.US,5,20260210,172000,53.645,53.705,53.61,53.675,1529235,0
XLF.US,5,20260210,172500,53.675,53.79,53.655,53.765,1531136,0
XLF.US,5,20260210,173000,53.77,53.81,53.745,53.755,1420665,0
XLF.US,5,20260210,173500,53.76,53.88,53.74,53.845,918752,0
XLF.US,5,20260210,174000,53.845,53.855,53.79,53.79,530441,0
XLF.US,5,20260210,174500,53.79,53.84,53.745,53.745,569208,0
XLF.US,5,20260210,175000,53.74,53.8463,53.71,53.8463,450148,0
XLF.US,5,20260210,175500,53.8401,53.9,53.8399,53.8668,235725,0
XLF.US,5,20260210,180000,53.86,53.87,53.754,53.79,340429,0
XLF.US,5,20260210,180500,53.785,53.85,53.78,53.8299,250011,0
XLF.US,5,20260210,181000,53.83,53.86,53.81,53.845,258407,0
XLF.US,5,20260210,181500,53.845,53.845,53.785,53.815,202487,0
XLF.US,5,20260210,182000,53.815,53.82,53.74,53.745,235471,0
XLF.US,5,20260210,182500,53.745,53.745,53.71,53.715,469651,0
XLF.US,5,20260210,183000,53.715,53.7199,53.67,53.685,216474,0
XLF.US,5,20260210,183500,53.69,53.71,53.65,53.69,451993,0
XLF.US,5,20260210,184000,53.6963,53.72,53.69,53.715,300607,0
XLF.US,5,20260210,184500,53.715,53.725,53.69,53.705,365507,0
XLF.US,5,20260210,185000,53.705,53.705,53.66,53.66,278095,0
XLF.US,5,20260210,185500,53.665,53.67,53.62,53.625,199158,0
XLF.US,5,20260210,190000,53.625,53.65,53.6,53.6,336954,0
XLF.US,5,20260210,190500,53.6,53.605,53.5128,53.515,204296,0
XLF.US,5,20260210,191000,53.5164,53.535,53.49,53.495,325040,0
XLF.US,5,20260210,191500,53.49,53.4964,53.43,53.4616,763112,0
XLF.US,5,20260210,192000,53.46,53.46,53.42,53.435,962500,0
XLF.US,5,20260210,192500,53.435,53.435,53.33,53.33,1186420,0
XLF.US,5,20260210,193000,53.335,53.34,53.26,53.305,1337239,0
XLF.US,5,20260210,193500,53.305,53.345,53.28,53.29,813072,0
XLF.US,5,20260210,194000,53.29,53.29,53.22,53.22,705344,0
XLF.US,5,20260210,194500,53.22,53.22,53.15,53.155,1038256,0
XLF.US,5,20260210,195000,53.155,53.175,53.12,53.14,640305,0
XLF.US,5,20260210,195500,53.145,53.22,53.115,53.2,997936,0
XLF.US,5,20260210,200000,53.21,53.22,53.16,53.185,1842413,0
XLF.US,5,20260210,200500,53.185,53.24,53.185,53.225,566390,0
XLF.US,5,20260210,201000,53.225,53.29,53.22,53.28,653515,0
XLF.US,5,20260210,201500,53.275,53.289,53.245,53.265,497711,0
XLF.US,5,20260210,202000,53.265,53.339,53.26,53.33,609565,0
XLF.US,5,20260210,202500,53.33,53.41,53.325,53.405,443443,0
XLF.US,5,20260210,203000,53.41,53.46,53.4,53.425,654509,0
XLF.US,5,20260210,203500,53.425,53.475,53.415,53.475,568455,0
XLF.US,5,20260210,204000,53.475,53.48,53.4024,53.405,486769,0
XLF.US,5,20260210,204500,53.405,53.42,53.39,53.405,455877,0
XLF.US,5,20260210,205000,53.41,53.41,53.35,53.355,389158,0
XLF.US,5,20260210,205500,53.36,53.4359,53.355,53.4359,379895,0
XLF.US,5,20260210,210000,53.44,53.48,53.425,53.47,719831,0
XLF.US,5,20260210,210500,53.465,53.5,53.46,53.495,610901,0
XLF.US,5,20260210,211000,53.495,53.53,53.485,53.51,481263,0
XLF.US,5,20260210,211500,53.51,53.57,53.495,53.57,488179,0
XLF.US,5,20260210,212000,53.57,53.61,53.55,53.56,1045015,0
XLF.US,5,20260210,212500,53.56,53.595,53.545,53.565,553157,0
XLF.US,5,20260210,213000,53.565,53.59,53.56,53.57,568593,0
XLF.US,5,20260210,213500,53.57,53.62,53.57,53.59,762334,0
XLF.US,5,20260210,214000,53.595,53.605,53.57,53.585,843733,0
XLF.US,5,20260210,214500,53.585,53.6,53.5701,53.595,795987,0
XLF.US,5,20260210,215000,53.595,53.61,53.53,53.555,1271062,0
XLF.US,5,20260210,215500,53.55,53.565,53.5,53.53,3136609,0
XLF.US,5,20260211,153000,53.655,53.93,53.655,53.79,1362141,0
XLF.US,5,20260211,153500,53.8,53.8,53.53,53.535,1657086,0
XLF.US,5,20260211,154000,53.535,53.6,53.395,53.419,1702622,0
XLF.US,5,20260211,154500,53.415,53.56,53.415,53.42,1103494,0
XLF.US,5,20260211,155000,53.41,53.44,53.225,53.26,2215466,0
XLF.US,5,20260211,155500,53.265,53.31,53.17,53.29,1690179,0
XLF.US,5,20260211,160000,53.29,53.32,53.21,53.25,621171,0
XLF.US,5,20260211,160500,53.255,53.285,53.21,53.22,707965,0
XLF.US,5,20260211,161000,53.215,53.215,53.12,53.195,950969,0
XLF.US,5,20260211,161500,53.195,53.225,53.085,53.105,721016,0
XLF.US,5,20260211,162000,53.105,53.11,53.02,53.05,686130,0
XLF.US,5,20260211,162500,53.05,53.115,53,53.07,1154422,0
XLF.US,5,20260211,163000,53.065,53.105,53.02,53.045,724243,0
XLF.US,5,20260211,163500,53.05,53.07,52.93,52.9901,718078,0
XLF.US,5,20260211,164000,52.99,53.015,52.885,52.89,581909,0
XLF.US,5,20260211,164500,52.89,52.915,52.79,52.815,642702,0
XLF.US,5,20260211,165000,52.815,52.8664,52.785,52.83,728686,0
XLF.US,5,20260211,165500,52.83,52.85,52.8,52.8442,603150,0
XLF.US,5,20260211,170000,52.845,52.87,52.78,52.795,507243,0
XLF.US,5,20260211,170500,52.8,52.82,52.7601,52.795,1229292,0
XLF.US,5,20260211,171000,52.795,52.895,52.785,52.895,1353042,0
XLF.US,5,20260211,171500,52.895,52.95,52.87,52.935,431706,0
XLF.US,5,20260211,172000,52.94,53.035,52.94,53.015,287865,0
XLF.US,5,20260211,172500,53.015,53.0264,52.925,52.935,708095,0
XLF.US,5,20260211,173000,52.935,53.025,52.92,53.025,410600,0
XLF.US,5,20260211,173500,53.025,53.025,52.965,53,308756,0
XLF.US,5,20260211,174000,53.005,53.07,53,53.055,488351,0
XLF.US,5,20260211,174500,53.055,53.115,53.055,53.093,311535,0
XLF.US,5,20260211,175000,53.09,53.095,53.05,53.05,396173,0
XLF.US,5,20260211,175500,53.04,53.045,52.9601,52.975,291262,0
XLF.US,5,20260211,180000,52.98,53.005,52.95,52.95,347983,0
XLF.US,5,20260211,180500,52.945,52.95,52.895,52.94,406871,0
XLF.US,5,20260211,181000,52.94,52.95,52.895,52.92,262980,0
XLF.US,5,20260211,181500,52.925,52.96,52.9,52.945,380468,0
XLF.US,5,20260211,182000,52.95,52.9762,52.93,52.95,186777,0
XLF.US,5,20260211,182500,52.955,53.0012,52.9103,52.925,244171,0
XLF.US,5,20260211,183000,52.925,52.93,52.85,52.905,705556,0
XLF.US,5,20260211,183500,52.905,52.97,52.9,52.96,178938,0
XLF.US,5,20260211,184000,52.97,52.99,52.935,52.955,325269,0
XLF.US,5,20260211,184500,52.955,52.985,52.94,52.975,197807,0
XLF.US,5,20260211,185000,52.975,52.995,52.92,52.935,235073,0
XLF.US,5,20260211,185500,52.94,52.94,52.91,52.925,293383,0
XLF.US,5,20260211,190000,52.925,52.935,52.885,52.91,222509,0
XLF.US,5,20260211,190500,52.905,52.91,52.845,52.855,144959,0
XLF.US,5,20260211,191000,52.855,52.855,52.81,52.825,181102,0
XLF.US,5,20260211,191500,52.82,52.9,52.815,52.845,940842,0
XLF.US,5,20260211,192000,52.84,52.875778,52.8338,52.86,246028,0
XLF.US,5,20260211,192500,52.86,52.8999,52.8406,52.89,193837,0
XLF.US,5,20260211,193000,52.89,52.9,52.75,52.75,478839,0
XLF.US,5,20260211,193500,52.7501,52.805,52.75,52.785,390430,0
XLF.US,5,20260211,194000,52.7888,52.7888,52.725,52.7378,556249,0
XLF.US,5,20260211,194500,52.73,52.76,52.73,52.745,297399,0
XLF.US,5,20260211,195000,52.745,52.755,52.69,52.74,572439,0
XLF.US,5,20260211,195500,52.735,52.77,52.715,52.725,488705,0
XLF.US,5,20260211,200000,52.725,52.79,52.7,52.79,407380,0
XLF.US,5,20260211,200500,52.795,52.83,52.765,52.805,1005523,0
XLF.US,5,20260211,201000,52.805,52.9,52.805,52.8901,354307,0
XLF.US,5,20260211,201500,52.895,52.92,52.865,52.875,400630,0
XLF.US,5,20260211,202000,52.875,52.915,52.875,52.885,250319,0
XLF.US,5,20260211,202500,52.885,52.885,52.82,52.85,225054,0
XLF.US,5,20260211,203000,52.845,52.8488,52.81,52.845,205745,0
XLF.US,5,20260211,203500,52.8439,52.91,52.8439,52.895,182364,0
XLF.US,5,20260211,204000,52.8925,52.935,52.8925,52.935,173415,0
XLF.US,5,20260211,204500,52.935,52.94,52.895,52.925,475333,0
XLF.US,5,20260211,205000,52.925,52.925,52.875,52.925,269590,0
XLF.US,5,20260211,205500,52.925,52.939,52.905,52.905,320105,0
XLF.US,5,20260211,210000,52.905,52.945,52.9,52.925,209878,0
XLF.US,5,20260211,210500,52.9294,52.93,52.9,52.91,216770,0
XLF.US,5,20260211,211000,52.915,52.935,52.88,52.895,262635,0
XLF.US,5,20260211,211500,52.895,52.915,52.88,52.885,191306,0
XLF.US,5,20260211,212000,52.885,52.93,52.88,52.91,267229,0
XLF.US,5,20260211,212500,52.915,52.915,52.84,52.84,501029,0
XLF.US,5,20260211,213000,52.84,52.84,52.77,52.795,457727,0
XLF.US,5,20260211,213500,52.79,52.86,52.79,52.86,284359,0
XLF.US,5,20260211,214000,52.855,52.88,52.81,52.825,688656,0
XLF.US,5,20260211,214500,52.825,52.86,52.8,52.855,649409,0
XLF.US,5,20260211,215000,52.855,52.86,52.77,52.815,2287245,0
XLF.US,5,20260211,215500,52.81,52.82,52.73,52.74,5571037,0
XLF.US,5,20260212,153000,52.9,53.075,52.795,53.055,1482439,0
XLF.US,5,20260212,153500,53.055,53.11,52.81,52.98,1252645,0
XLF.US,5,20260212,154000,52.99,53.01,52.9,52.93,948145,0
XLF.US,5,20260212,154500,52.935,52.96,52.84,52.84,1195272,0
XLF.US,5,20260212,155000,52.83,52.96,52.815,52.91,1276804,0
XLF.US,5,20260212,155500,52.91,52.93,52.81,52.88,757268,0
XLF.US,5,20260212,160000,52.89,52.94,52.855,52.885,514768,0
XLF.US,5,20260212,160500,52.885,52.8995,52.82,52.82,522975,0
XLF.US,5,20260212,161000,52.82,52.94,52.81,52.9004,475786,0
XLF.US,5,20260212,161500,52.905,52.91,52.77,52.77,342662,0
XLF.US,5,20260212,162000,52.765,52.79,52.68,52.735,403904,0
XLF.US,5,20260212,162500,52.74,52.745,52.63,52.65,337691,0
XLF.US,5,20260212,163000,52.655,52.665,52.515,52.52,528828,0
XLF.US,5,20260212,163500,52.52,52.56,52.46,52.4801,449085,0
XLF.US,5,20260212,164000,52.485,52.49,52.445,52.455,521258,0
XLF.US,5,20260212,164500,52.455,52.469,52.4,52.44,511578,0
XLF.US,5,20260212,165000,52.44,52.455,52.34,52.34,426881,0
XLF.US,5,20260212,165500,52.34,52.36,52.225,52.23,609291,0
XLF.US,5,20260212,170000,52.235,52.245,52.065,52.075,1867172,0
XLF.US,5,20260212,170500,52.0701,52.075,51.9,51.91,3181336,0
XLF.US,5,20260212,171000,51.91,51.93,51.83,51.865,1675354,0
XLF.US,5,20260212,171500,51.863,51.87,51.78,51.81,2203912,0
XLF.US,5,20260212,172000,51.81,51.85,51.65,51.81,3662486,0
XLF.US,5,20260212,172500,51.805,51.85,51.76,51.765,1433651,0
XLF.US,5,20260212,173000,51.765,51.85,51.74,51.83,1992387,0
XLF.US,5,20260212,173500,51.8299,51.875,51.7712,51.815,1234865,0
XLF.US,5,20260212,174000,51.815,51.815,51.67,51.6837,945193,0
XLF.US,5,20260212,174500,51.685,51.7137,51.59,51.6,1014444,0
XLF.US,5,20260212,175000,51.6,51.6639,51.575,51.6639,855748,0
XLF.US,5,20260212,175500,51.665,51.7165,51.63,51.675,1237608,0
XLF.US,5,20260212,180000,51.68,51.685,51.51,51.53,1642139,0
XLF.US,5,20260212,180500,51.525,51.64,51.43,51.62,1500806,0
XLF.US,5,20260212,181000,51.615,51.615,51.475,51.475,987738,0
XLF.US,5,20260212,181500,51.475,51.55,51.47,51.53,771635,0
XLF.US,5,20260212,182000,51.53,51.68,51.525,51.66,791081,0
XLF.US,5,20260212,182500,51.67,51.6763,51.55,51.565,922065,0
XLF.US,5,20260212,183000,51.565,51.6399,51.535,51.6386,872276,0
XLF.US,5,20260212,183500,51.635,51.685,51.61,51.655,676950,0
XLF.US,5,20260212,184000,51.65,51.75,51.64,51.74,696978,0
XLF.US,5,20260212,184500,51.735,51.77,51.565,51.57,1671570,0
XLF.US,5,20260212,185000,51.575,51.62,51.54,51.6,617844,0
XLF.US,5,20260212,185500,51.61,51.64,51.55,51.565,570919,0
XLF.US,5,20260212,190000,51.565,51.615,51.54,51.585,1108183,0
XLF.US,5,20260212,190500,51.59,51.645,51.56,51.565,929944,0
XLF.US,5,20260212,191000,51.57,51.6,51.545,51.585,651218,0
XLF.US,5,20260212,191500,51.585,51.6799,51.5616,51.635,495300,0
XLF.US,5,20260212,192000,51.635,51.725,51.62,51.705,295204,0
XLF.US,5,20260212,192500,51.709,51.76,51.555,51.635,835275,0
XLF.US,5,20260212,193000,51.635,51.72,51.59,51.72,989722,0
XLF.US,5,20260212,193500,51.71,51.8,51.71,51.795,539195,0
XLF.US,5,20260212,194000,51.8,51.82,51.75,51.8151,407581,0
XLF.US,5,20260212,194500,51.81,51.87,51.79,51.87,334475,0
XLF.US,5,20260212,195000,51.865,51.91,51.84,51.865,440693,0
XLF.US,5,20260212,195500,51.86,51.895,51.805,51.84,1272428,0
XLF.US,5,20260212,200000,51.84,51.885,51.83,51.84,840533,0
XLF.US,5,20260212,200500,51.84,51.94,51.835,51.925,618743,0
XLF.US,5,20260212,201000,51.925,51.985,51.885,51.9699,464963,0
XLF.US,5,20260212,201500,51.965,52.06,51.965,52.045,539152,0
XLF.US,5,20260212,202000,52.05,52.1,52.05,52.085,390032,0
XLF.US,5,20260212,202500,52.085,52.09,51.95,51.97,879837,0
XLF.US,5,20260212,203000,51.97,52,51.94,51.985,535388,0
XLF.US,5,20260212,203500,51.99,52.05,51.985,52.045,375370,0
XLF.US,5,20260212,204000,52.045,52.06,51.995,52.015,307633,0
XLF.US,5,20260212,204500,52.0101,52.11,52.0101,52.1045,343528,0
XLF.US,5,20260212,205000,52.1,52.14,52.075,52.085,375063,0
XLF.US,5,20260212,205500,52.09,52.155,52.03,52.08,928960,0
XLF.US,5,20260212,210000,52.085,52.145,52.08,52.145,937215,0
XLF.US,5,20260212,210500,52.145,52.15,52.0744,52.075,461567,0
XLF.US,5,20260212,211000,52.075,52.075,52.01,52.02,738435,0
XLF.US,5,20260212,211500,52.015,52.025,51.98,51.9969,565062,0
XLF.US,5,20260212,212000,51.995,51.9963,51.95,51.9799,457304,0
XLF.US,5,20260212,212500,51.9702,51.98,51.924,51.9492,663344,0
XLF.US,5,20260212,213000,51.945,51.95,51.9,51.905,666317,0
XLF.US,5,20260212,213500,51.905,51.915,51.89,51.905,684391,0
XLF.US,5,20260212,214000,51.91,51.935,51.86,51.8799,987105,0
XLF.US,5,20260212,214500,51.875,51.89,51.76,51.76,1213485,0
XLF.US,5,20260212,215000,51.765,51.77,51.67,51.74,2589809,0
XLF.US,5,20260212,215500,51.74,51.758,51.67,51.69,6835224,0
XLF.US,5,20260213,153000,51.545,51.76,51.4,51.555,3030355,0
XLF.US,5,20260213,153500,51.56,51.565,51.34,51.36,2108887,0
XLF.US,5,20260213,154000,51.35,51.51,51.25,51.51,1646419,0
XLF.US,5,20260213,154500,51.5101,51.635,51.455,51.4925,1204415,0
XLF.US,5,20260213,155000,51.5,51.56,51.425,51.46,1000181,0
XLF.US,5,20260213,155500,51.47,51.6289,51.445,51.46,644385,0
XLF.US,5,20260213,160000,51.46,51.605,51.45,51.555,713613,0
XLF.US,5,20260213,160500,51.555,51.66,51.465,51.6451,764296,0
XLF.US,5,20260213,161000,51.645,51.68,51.535,51.535,576005,0
XLF.US,5,20260213,161500,51.535,51.61,51.4,51.435,660473,0
XLF.US,5,20260213,162000,51.44,51.51,51.305,51.3101,595001,0
XLF.US,5,20260213,162500,51.315,51.51,51.3,51.5,692822,0
XLF.US,5,20260213,163000,51.5,51.61,51.495,51.565,692777,0
XLF.US,5,20260213,163500,51.565,51.6,51.505,51.53,1000273,0
XLF.US,5,20260213,164000,51.53,51.54,51.425,51.425,1396069,0
XLF.US,5,20260213,164500,51.43,51.55,51.42,51.545,1046173,0
XLF.US,5,20260213,165000,51.545,51.66,51.545,51.595,916546,0
XLF.US,5,20260213,165500,51.59,51.64,51.565,51.565,984478,0
XLF.US,5,20260213,170000,51.565,51.7,51.5639,51.695,654451,0
XLF.US,5,20260213,170500,51.69,51.7006,51.625,51.63,786003,0
XLF.US,5,20260213,171000,51.635,51.65,51.575,51.65,858219,0
XLF.US,5,20260213,171500,51.65,51.7,51.645,51.645,253321,0
XLF.US,5,20260213,172000,51.65,51.68,51.56,51.59,416414,0
XLF.US,5,20260213,172500,51.59,51.7,51.585,51.7,433742,0
XLF.US,5,20260213,173000,51.705,51.73,51.63,51.725,613861,0
XLF.US,5,20260213,173500,51.725,51.76,51.695,51.7501,572808,0
XLF.US,5,20260213,174000,51.76,51.79,51.74,51.775,378051,0
XLF.US,5,20260213,174500,51.78,51.865,51.76,51.825,416021,0
XLF.US,5,20260213,175000,51.825,51.875,51.8238,51.8595,274311,0
XLF.US,5,20260213,175500,51.86,51.89,51.84,51.845,356471,0
XLF.US,5,20260213,180000,51.845,51.875,51.83,51.85,279330,0
XLF.US,5,20260213,180500,51.855,51.88,51.815,51.875,339762,0
XLF.US,5,20260213,181000,51.87,51.93,51.84,51.93,218115,0
XLF.US,5,20260213,181500,51.93,51.93,51.85,51.855,450044,0
XLF.US,5,20260213,182000,51.855,51.909,51.85,51.885,210600,0
XLF.US,5,20260213,182500,51.885,51.885,51.835,51.835,268052,0
XLF.US,5,20260213,183000,51.835,51.85,51.805,51.8132,243241,0
XLF.US,5,20260213,183500,51.815,51.835,51.79,51.81,305919,0
XLF.US,5,20260213,184000,51.81,51.84,51.8,51.805,227684,0
XLF.US,5,20260213,184500,51.805,51.81,51.763,51.805,962731,0
XLF.US,5,20260213,185000,51.805,51.825,51.79,51.815,280599,0
XLF.US,5,20260213,185500,51.8135,51.825,51.76,51.785,452342,0
XLF.US,5,20260213,190000,51.79,51.805,51.7,51.715,493899,0
XLF.US,5,20260213,190500,51.715,51.76,51.69,51.75,451237,0
XLF.US,5,20260213,191000,51.7494,51.83,51.744048,51.82,265964,0
XLF.US,5,20260213,191500,51.82,51.895,51.805,51.85,353542,0
XLF.US,5,20260213,192000,51.845,51.91,51.845,51.9,161072,0
XLF.US,5,20260213,192500,51.905,51.91,51.76,51.79,381299,0
XLF.US,5,20260213,193000,51.78,51.85,51.76,51.83,506421,0
XLF.US,5,20260213,193500,51.835,51.855,51.795,51.8393,180640,0
XLF.US,5,20260213,194000,51.835,51.84,51.78,51.78,114807,0
XLF.US,5,20260213,194500,51.79,51.82,51.765,51.765,285346,0
XLF.US,5,20260213,195000,51.76,51.77,51.725,51.745,101918,0
XLF.US,5,20260213,195500,51.74,51.745,51.705,51.73,241647,0
XLF.US,5,20260213,200000,51.725,51.76,51.7,51.735,134822,0
XLF.US,5,20260213,200500,51.74,51.7852,51.7301,51.7806,113226,0
XLF.US,5,20260213,201000,51.785,51.805,51.75,51.775,210360,0
XLF.US,5,20260213,201500,51.77,51.79,51.75,51.784072,139493,0
XLF.US,5,20260213,202000,51.7845,51.815,51.775,51.815,166785,0
XLF.US,5,20260213,202500,51.81,51.8199,51.71,51.72,371385,0
XLF.US,5,20260213,203000,51.715,51.795,51.7135,51.765,655717,0
XLF.US,5,20260213,203500,51.765,51.78,51.705,51.73,304032,0
XLF.US,5,20260213,204000,51.72,51.725,51.65,51.675,223076,0
XLF.US,5,20260213,204500,51.67,51.705,51.65,51.665,427363,0
XLF.US,5,20260213,205000,51.665,51.675,51.623,51.623,460714,0
XLF.US,5,20260213,205500,51.63,51.669,51.58,51.585,416098,0
XLF.US,5,20260213,210000,51.595,51.68,51.595,51.675,355451,0
XLF.US,5,20260213,210500,51.675,51.7,51.6638,51.695,340308,0
XLF.US,5,20260213,211000,51.69,51.695,51.65,51.66,337241,0
XLF.US,5,20260213,211500,51.655,51.685,51.64,51.665,560064,0
XLF.US,5,20260213,212000,51.669,51.6699,51.59,51.59,451167,0
XLF.US,5,20260213,212500,51.59,51.6,51.5,51.5361,510529,0
XLF.US,5,20260213,213000,51.535,51.62,51.535,51.555,601962,0
XLF.US,5,20260213,213500,51.555,51.6,51.55,51.575,733708,0
XLF.US,5,20260213,214000,51.575,51.6,51.5102,51.535,732114,0
XLF.US,5,20260213,214500,51.535,51.63,51.53,51.615,757817,0
XLF.US,5,20260213,215000,51.61,51.67,51.565,51.655,2031843,0
XLF.US,5,20260213,215500,51.655,51.68,51.61,51.66,3250789,0
XLF.US,5,20260217,153000,51.815,52.37,51.815,52.185,1776336,0
XLF.US,5,20260217,153500,52.18,52.27,52.06,52.26,1381979,0
XLF.US,5,20260217,154000,52.26,52.355,52.14,52.225,1359974,0
XLF.US,5,20260217,154500,52.23,52.41,52.195,52.33,1377382,0
XLF.US,5,20260217,155000,52.32,52.34,52.12,52.23,1199714,0
XLF.US,5,20260217,155500,52.23,52.24,52.095,52.105,779943,0
XLF.US,5,20260217,160000,52.1,52.145,52.02,52.14,592142,0
XLF.US,5,20260217,160500,52.14,52.175,52.045,52.11,419720,0
XLF.US,5,20260217,161000,52.11,52.135,52.025,52.025,492154,0
XLF.US,5,20260217,161500,52.02,52.145,52.01,52.135,469636,0
XLF.US,5,20260217,162000,52.135,52.135,52,52,570646,0
XLF.US,5,20260217,162500,51.99,52.005,51.905,51.97,682757,0
XLF.US,5,20260217,163000,51.97,52.005,51.93,51.935,554546,0
XLF.US,5,20260217,163500,51.94,52.045,51.94,51.943,555507,0
XLF.US,5,20260217,164000,51.945,52.025,51.935,51.96,507463,0
XLF.US,5,20260217,164500,51.96,52.04,51.94,51.96,752448,0
XLF.US,5,20260217,165000,51.96,52.005,51.92,51.995,472404,0
XLF.US,5,20260217,165500,52,52.065,51.965,52.065,564512,0
XLF.US,5,20260217,170000,52.07,52.115,52.05,52.06,764834,0
XLF.US,5,20260217,170500,52.0599,52.105,52.05,52.095,383934,0
XLF.US,5,20260217,171000,52.0951,52.23,52.09,52.225,367115,0
XLF.US,5,20260217,171500,52.23,52.275,52.2002,52.26,502452,0
XLF.US,5,20260217,172000,52.26,52.305,52.22,52.295,645644,0
XLF.US,5,20260217,172500,52.3,52.3264,52.22,52.225,614739,0
XLF.US,5,20260217,173000,52.225,52.32,52.185,52.305,706843,0
XLF.US,5,20260217,173500,52.305,52.34,52.29,52.325,1332718,0
XLF.US,5,20260217,174000,52.325,52.33,52.26,52.265,705952,0
XLF.US,5,20260217,174500,52.26,52.29,52.23,52.255,1123211,0
XLF.US,5,20260217,175000,52.255,52.32,52.2501,52.32,1281125,0
XLF.US,5,20260217,175500,52.32,52.34,52.23,52.2733,678476,0
XLF.US,5,20260217,180000,52.275,52.285,52.205,52.215,378086,0
XLF.US,5,20260217,180500,52.215,52.22,52.17,52.18,308451,0
XLF.US,5,20260217,181000,52.175,52.185,52.12,52.16,452292,0
XLF.US,5,20260217,181500,52.16,52.17,52.125,52.155,297917,0
XLF.US,5,20260217,182000,52.155,52.165,52.1,52.165,443493,0
XLF.US,5,20260217,182500,52.165,52.215,52.1451,52.215,376247,0
XLF.US,5,20260217,183000,52.22,52.24,52.18,52.225,360503,0
XLF.US,5,20260217,183500,52.22,52.235,52.165,52.175,212595,0
XLF.US,5,20260217,184000,52.175,52.175,52.095,52.1,798265,0
XLF.US,5,20260217,184500,52.095,52.13,52.07,52.1,745642,0
XLF.US,5,20260217,185000,52.0969,52.1,52.02,52.045,519267,0
XLF.US,5,20260217,185500,52.04,52.155,52.035,52.145,423273,0
XLF.US,5,20260217,190000,52.15,52.17,52.1146,52.155,384187,0
XLF.US,5,20260217,190500,52.155,52.1651,52.11,52.125,468978,0
XLF.US,5,20260217,191000,52.12,52.13,52.065,52.08,385119,0
XLF.US,5,20260217,191500,52.07,52.08,52.045,52.06,256171,0
XLF.US,5,20260217,192000,52.065,52.205,52.055,52.15,314542,0
XLF.US,5,20260217,192500,52.14,52.195,52.102,52.195,378817,0
XLF.US,5,20260217,193000,52.195,52.23,52.1805,52.22,697071,0
XLF.US,5,20260217,193500,52.215,52.24,52.195,52.235,335497,0
XLF.US,5,20260217,194000,52.2303,52.285,52.23,52.275,247346,0
XLF.US,5,20260217,194500,52.2799,52.305,52.275,52.295,345995,0
XLF.US,5,20260217,195000,52.295,52.305,52.255,52.2781,435492,0
XLF.US,5,20260217,195500,52.275,52.29,52.253,52.265,276295,0
XLF.US,5,20260217,200000,52.27,52.3,52.24,52.295,280785,0
XLF.US,5,20260217,200500,52.3,52.31,52.245,52.2648,493608,0
XLF.US,5,20260217,201000,52.265,52.3,52.24,52.295,470966,0
XLF.US,5,20260217,201500,52.295,52.2999,52.24,52.255,347055,0
XLF.US,5,20260217,202000,52.255,52.33,52.25,52.315,305017,0
XLF.US,5,20260217,202500,52.315,52.315,52.235,52.245,528347,0
XLF.US,5,20260217,203000,52.245,52.27,52.225,52.265,384482,0
XLF.US,5,20260217,203500,52.2699,52.27,52.23,52.255,277819,0
XLF.US,5,20260217,204000,52.26,52.275,52.245,52.265,304985,0
XLF.US,5,20260217,204500,52.265,52.265,52.215,52.23,360464,0
XLF.US,5,20260217,205000,52.225,52.2451,52.19,52.23,259125,0
XLF.US,5,20260217,205500,52.2359,52.26,52.225,52.2497,212031,0
XLF.US,5,20260217,210000,52.25,52.28,52.25,52.2699,329181,0
XLF.US,5,20260217,210500,52.2698,52.275,52.24,52.24,201751,0
XLF.US,5,20260217,211000,52.245,52.25,52.22,52.25,171043,0
XLF.US,5,20260217,211500,52.25,52.276,52.22,52.22,300197,0
XLF.US,5,20260217,212000,52.22,52.25,52.205,52.235,255413,0
XLF.US,5,20260217,212500,52.24,52.27,52.23,52.2534,211990,0
XLF.US,5,20260217,213000,52.25,52.255,52.185,52.2,415206,0
XLF.US,5,20260217,213500,52.19,52.22,52.18,52.195,409411,0
XLF.US,5,20260217,214000,52.195,52.21,52.17,52.1999,611122,0
XLF.US,5,20260217,214500,52.195,52.21,52.18,52.205,729531,0
XLF.US,5,20260217,215000,52.2,52.24,52.19,52.21,1908357,0
XLF.US,5,20260217,215500,52.205,52.21,52.14,52.2,4338470,0
XLF.US,5,20260218,153000,52.345,52.58,52.275,52.395,1509846,0
XLF.US,5,20260218,153500,52.4,52.67,52.335,52.65,1098559,0
XLF.US,5,20260218,154000,52.645,52.78,52.625,52.735,2021863,0
XLF.US,5,20260218,154500,52.735,52.775,52.6,52.625,1417083,0
XLF.US,5,20260218,155000,52.63,52.695,52.58,52.685,832832,0
XLF.US,5,20260218,155500,52.68,52.71,52.645,52.655,1003852,0
XLF.US,5,20260218,160000,52.66,52.71,52.63,52.66,858965,0
XLF.US,5,20260218,160500,52.655,52.715,52.63,52.63,935618,0
XLF.US,5,20260218,161000,52.63,52.64,52.565,52.625,652510,0
XLF.US,5,20260218,161500,52.62,52.7001,52.615,52.645,430432,0
XLF.US,5,20260218,162000,52.645,52.72,52.6401,52.665,553025,0
XLF.US,5,20260218,162500,52.665,52.68,52.625,52.665,348682,0
XLF.US,5,20260218,163000,52.66,52.69,52.62,52.645,417104,0
XLF.US,5,20260218,163500,52.65,52.695,52.635,52.685,415427,0
XLF.US,5,20260218,164000,52.68,52.72,52.66,52.7199,409124,0
XLF.US,5,20260218,164500,52.715,52.715,52.64,52.645,245835,0
XLF.US,5,20260218,165000,52.645,52.67,52.63,52.645,217743,0
XLF.US,5,20260218,165500,52.645,52.6699,52.62,52.645,262802,0
XLF.US,5,20260218,170000,52.65,52.675,52.62,52.635,331248,0
XLF.US,5,20260218,170500,52.64,52.68,52.625,52.645,485359,0
XLF.US,5,20260218,171000,52.645,52.66,52.59,52.605,284216,0
XLF.US,5,20260218,171500,52.605,52.6199,52.56,52.575,377613,0
XLF.US,5,20260218,172000,52.575,52.625,52.565,52.605,387459,0
XLF.US,5,20260218,172500,52.605,52.62,52.58,52.615,333656,0
XLF.US,5,20260218,173000,52.6193,52.6456,52.61,52.62,470407,0
XLF.US,5,20260218,173500,52.615,52.6193,52.57,52.575,301616,0
XLF.US,5,20260218,174000,52.58,52.589,52.55,52.555,391721,0
XLF.US,5,20260218,174500,52.5501,52.57,52.54,52.555,656452,0
XLF.US,5,20260218,175000,52.555,52.57,52.53,52.545,499774,0
XLF.US,5,20260218,175500,52.545,52.575,52.54,52.5699,386270,0
XLF.US,5,20260218,180000,52.565,52.58,52.545,52.5797,233770,0
XLF.US,5,20260218,180500,52.575,52.65,52.575,52.645,316152,0
XLF.US,5,20260218,181000,52.645,52.69,52.64,52.685,304810,0
XLF.US,5,20260218,181500,52.68,52.69,52.665,52.675,308704,0
XLF.US,5,20260218,182000,52.68,52.695,52.665,52.67,297920,0
XLF.US,5,20260218,182500,52.67,52.69,52.66,52.68,198528,0
XLF.US,5,20260218,183000,52.68,52.69,52.66,52.6651,272066,0
XLF.US,5,20260218,183500,52.665,52.705,52.66,52.7001,353723,0
XLF.US,5,20260218,184000,52.7,52.705,52.68,52.685,142610,0
XLF.US,5,20260218,184500,52.685,52.7162,52.68,52.685,218610,0
XLF.US,5,20260218,185000,52.685,52.71,52.68,52.7,173562,0
XLF.US,5,20260218,185500,52.695,52.71,52.685,52.7,165276,0
XLF.US,5,20260218,190000,52.6994,52.72,52.675,52.6768,205216,0
XLF.US,5,20260218,190500,52.675,52.72,52.675,52.72,203406,0
XLF.US,5,20260218,191000,52.715,52.73,52.71,52.72,306521,0
XLF.US,5,20260218,191500,52.73,52.75,52.705,52.715,488496,0
XLF.US,5,20260218,192000,52.71,52.72,52.665,52.665,204102,0
XLF.US,5,20260218,192500,52.665,52.67,52.59,52.625,330765,0
XLF.US,5,20260218,193000,52.625,52.65,52.61,52.649,233822,0
XLF.US,5,20260218,193500,52.645,52.67,52.6425,52.655,321792,0
XLF.US,5,20260218,194000,52.655,52.675,52.585,52.625,641761,0
XLF.US,5,20260218,194500,52.62,52.66,52.6,52.625,730269,0
XLF.US,5,20260218,195000,52.625,52.625,52.54,52.5999,293301,0
XLF.US,5,20260218,195500,52.595,52.605,52.575,52.59,339056,0
XLF.US,5,20260218,200000,52.595,52.655,52.57,52.64,273741,0
XLF.US,5,20260218,200500,52.635,52.64,52.565,52.565,286689,0
XLF.US,5,20260218,201000,52.57,52.61,52.545,52.5564,227106,0
XLF.US,5,20260218,201500,52.555,52.56,52.535,52.55,281985,0
XLF.US,5,20260218,202000,52.55,52.6085,52.545,52.595,504058,0
XLF.US,5,20260218,202500,52.595,52.635,52.5945,52.61,401560,0
XLF.US,5,20260218,203000,52.62,52.64,52.595,52.615,567996,0
XLF.US,5,20260218,203500,52.615,52.615,52.54,52.565,300089,0
XLF.US,5,20260218,204000,52.56,52.6,52.56,52.5701,404465,0
XLF.US,5,20260218,204500,52.575,52.63,52.57,52.6099,386916,0
XLF.US,5,20260218,205000,52.605,52.635,52.59,52.595,336148,0
XLF.US,5,20260218,205500,52.595,52.62,52.57,52.615,522899,0
XLF.US,5,20260218,210000,52.615,52.68,52.615,52.645,560277,0
XLF.US,5,20260218,210500,52.645,52.65,52.61,52.62,469598,0
XLF.US,5,20260218,211000,52.625,52.64,52.605,52.62,324841,0
XLF.US,5,20260218,211500,52.625,52.63,52.585,52.5899,342266,0
XLF.US,5,20260218,212000,52.59,52.59,52.53,52.545,366734,0
XLF.US,5,20260218,212500,52.545,52.55,52.51,52.5301,352807,0
XLF.US,5,20260218,213000,52.53,52.5953,52.5254,52.58,469243,0
XLF.US,5,20260218,213500,52.58,52.6,52.56,52.5899,420056,0
XLF.US,5,20260218,214000,52.585,52.59,52.56,52.565,476244,0
XLF.US,5,20260218,214500,52.565,52.63,52.54,52.625,753087,0
XLF.US,5,20260218,215000,52.63,52.66,52.61,52.625,1362490,0
XLF.US,5,20260218,215500,52.62,52.65,52.57,52.58,3501458,0
XLF.US,5,20260219,153000,52.18,52.38,52.14,52.2601,1664871,0
XLF.US,5,20260219,153500,52.265,52.28,52.11,52.1728,1091698,0
XLF.US,5,20260219,154000,52.175,52.2352,52.09,52.235,889542,0
XLF.US,5,20260219,154500,52.24,52.255,52.135,52.185,661739,0
XLF.US,5,20260219,155000,52.18,52.25,52.145,52.245,689941,0
XLF.US,5,20260219,155500,52.245,52.28,52.175,52.2,520278,0
XLF.US,5,20260219,160000,52.2,52.21,52.13,52.14,583878,0
XLF.US,5,20260219,160500,52.145,52.155,51.98,51.9899,547678,0
XLF.US,5,20260219,161000,51.995,52.02,51.96,52.0099,643096,0
XLF.US,5,20260219,161500,52.005,52.1299,52.005,52.115,553317,0
XLF.US,5,20260219,162000,52.115,52.22,52.115,52.18,524127,0
XLF.US,5,20260219,162500,52.175,52.19,52,52,573327,0
XLF.US,5,20260219,163000,52.005,52.075,51.98,52.07,577871,0
XLF.US,5,20260219,163500,52.075,52.129,52.07,52.09,369184,0
XLF.US,5,20260219,164000,52.0855,52.16,52.08,52.125,361299,0
XLF.US,5,20260219,164500,52.125,52.16,52.085,52.12,341607,0
XLF.US,5,20260219,165000,52.1199,52.14,51.98,51.98,859856,0
XLF.US,5,20260219,165500,51.985,52.0899,51.98,52.055,501861,0
XLF.US,5,20260219,170000,52.055,52.065,51.95,51.975,370593,0
XLF.US,5,20260219,170500,51.975,51.9999,51.925,51.995,307648,0
XLF.US,5,20260219,171000,51.99,51.999,51.94,51.95,306607,0
XLF.US,5,20260219,171500,51.945,52.02,51.945,52.005,326890,0
XLF.US,5,20260219,172000,52,52.015,51.925,51.94,443297,0
XLF.US,5,20260219,172500,51.94,51.96,51.88,51.8851,259376,0
XLF.US,5,20260219,173000,51.89,51.99,51.885,51.985,331300,0
XLF.US,5,20260219,173500,51.985,51.995,51.95,51.975,344944,0
XLF.US,5,20260219,174000,51.975,51.985,51.935,51.94,346614,0
XLF.US,5,20260219,174500,51.945,51.97,51.905,51.925,249792,0
XLF.US,5,20260219,175000,51.925,52.005,51.895,52,323305,0
XLF.US,5,20260219,175500,52,52.015,51.9677,52.005,284212,0
XLF.US,5,20260219,180000,52.01,52.015,51.925,51.925,310238,0
XLF.US,5,20260219,180500,51.925,51.96,51.9,51.9086,364151,0
XLF.US,5,20260219,181000,51.9,51.99,51.9,51.97,317032,0
XLF.US,5,20260219,181500,51.98,52.04,51.955,52.015,282272,0
XLF.US,5,20260219,182000,52.015,52.035,51.9901,52.015,284222,0
XLF.US,5,20260219,182500,52.015,52.02,51.955,51.955,258167,0
XLF.US,5,20260219,183000,51.95,51.98,51.935,51.975,273607,0
XLF.US,5,20260219,183500,51.975,52.01,51.945,51.955,315543,0
XLF.US,5,20260219,184000,51.95,51.985,51.935,51.955,268557,0
XLF.US,5,20260219,184500,51.955,51.955,51.8303,51.855,584701,0
XLF.US,5,20260219,185000,51.855,51.895,51.83,51.865,501642,0
XLF.US,5,20260219,185500,51.865,51.91,51.8401,51.8601,345232,0
XLF.US,5,20260219,190000,51.865,51.865,51.8101,51.815,311143,0
XLF.US,5,20260219,190500,51.815,51.84,51.8,51.84,275789,0
XLF.US,5,20260219,191000,51.84,51.87,51.8,51.86,282756,0
XLF.US,5,20260219,191500,51.855,51.86,51.765,51.77,385961,0
XLF.US,5,20260219,192000,51.77,51.82,51.745,51.815,174832,0
XLF.US,5,20260219,192500,51.815,51.845,51.775,51.79,195768,0
XLF.US,5,20260219,193000,51.79,51.82,51.74,51.755,373992,0
XLF.US,5,20260219,193500,51.755,51.81,51.755,51.805,373451,0
XLF.US,5,20260219,194000,51.807507,51.8601,51.8,51.8601,257398,0
XLF.US,5,20260219,194500,51.865,51.91,51.854,51.905,202709,0
XLF.US,5,20260219,195000,51.905,51.905,51.86,51.89,203894,0
XLF.US,5,20260219,195500,51.895,51.91,51.86,51.895,307980,0
XLF.US,5,20260219,200000,51.895,51.9,51.86,51.875,194890,0
XLF.US,5,20260219,200500,51.875,51.895,51.8626,51.885,216044,0
XLF.US,5,20260219,201000,51.8839,51.9,51.855,51.875,226192,0
XLF.US,5,20260219,201500,51.875,51.9151,51.855,51.9151,160130,0
XLF.US,5,20260219,202000,51.9199,51.94,51.9,51.925,369765,0
XLF.US,5,20260219,202500,51.925,51.935,51.89,51.915,342971,0
XLF.US,5,20260219,203000,51.91,51.945,51.905,51.92,211204,0
XLF.US,5,20260219,203500,51.925,51.925,51.8325,51.8325,240504,0
XLF.US,5,20260219,204000,51.839,51.885,51.815,51.875,159297,0
XLF.US,5,20260219,204500,51.8794,51.895,51.865,51.895,154721,0
XLF.US,5,20260219,205000,51.89,51.92,51.875,51.89,179592,0
XLF.US,5,20260219,205500,51.895,51.95,51.895,51.925,260880,0
XLF.US,5,20260219,210000,51.925,51.99,51.925,51.975,342363,0
XLF.US,5,20260219,210500,51.98,52,51.965,51.9899,195998,0
XLF.US,5,20260219,211000,51.9851,52.01,51.975,52.005,213669,0
XLF.US,5,20260219,211500,52,52.005,51.93,51.975,258399,0
XLF.US,5,20260219,212000,51.975,52.01,51.965,52.005,250483,0
XLF.US,5,20260219,212500,52.005,52.03,51.995,52.005,591979,0
XLF.US,5,20260219,213000,52.005,52.0844,52.005,52.055,452690,0
XLF.US,5,20260219,213500,52.05,52.07,52.03,52.035,536315,0
XLF.US,5,20260219,214000,52.035,52.05,52.01,52.045,705646,0
XLF.US,5,20260219,214500,52.045,52.1,52.0401,52.095,746307,0
XLF.US,5,20260219,215000,52.095,52.105,52.07,52.105,2054252,0
XLF.US,5,20260219,215500,52.105,52.16,52.08,52.15,4994287,0
XLF.US,5,20260220,153000,52.04,52.11,51.85,51.93,1143336,0
XLF.US,5,20260220,153500,51.92,51.93,51.84,51.91,544127,0
XLF.US,5,20260220,154000,51.87,51.87,51.72,51.825,515798,0
XLF.US,5,20260220,154500,51.82,51.835,51.75,51.7999,609189,0
XLF.US,5,20260220,155000,51.8,51.905,51.8,51.89,504433,0
XLF.US,5,20260220,155500,51.89,51.995,51.885,51.995,653177,0
XLF.US,5,20260220,160000,51.995,52.335,51.98,52.15,1314720,0
XLF.US,5,20260220,160500,52.15,52.19,52.04,52.185,826191,0
XLF.US,5,20260220,161000,52.185,52.28,52.04,52.045,667194,0
XLF.US,5,20260220,161500,52.045,52.26,52,52.195,449943,0
XLF.US,5,20260220,162000,52.2,52.295,52.185,52.24,348276,0
XLF.US,5,20260220,162500,52.24,52.285,52.185,52.205,611672,0
XLF.US,5,20260220,163000,52.21,52.255,52.12,52.135,436071,0
XLF.US,5,20260220,163500,52.135,52.18,52.0943,52.135,311189,0
XLF.US,5,20260220,164000,52.13,52.14,52.04,52.11,625196,0
XLF.US,5,20260220,164500,52.11,52.13,52.06,52.07,374159,0
XLF.US,5,20260220,165000,52.07,52.0955,52.02,52.09,356653,0
XLF.US,5,20260220,165500,52.095,52.15,52.095,52.115,391135,0
XLF.US,5,20260220,170000,52.11,52.12,52.01,52.105,1326435,0
XLF.US,5,20260220,170500,52.105,52.11,52.0401,52.045,363398,0
XLF.US,5,20260220,171000,52.045,52.12,52.03,52.0737,416512,0
XLF.US,5,20260220,171500,52.075,52.11,52.04,52.105,683324,0
XLF.US,5,20260220,172000,52.105,52.115,52.0632,52.08,343209,0
XLF.US,5,20260220,172500,52.07,52.0899,52.01,52.015,255040,0
XLF.US,5,20260220,173000,52.015,52.11,51.995,52.11,319324,0
XLF.US,5,20260220,173500,52.115,52.2,52.085,52.19,300927,0
XLF.US,5,20260220,174000,52.195,52.22,52.15,52.165,269892,0
XLF.US,5,20260220,174500,52.165,52.1899,52.14,52.165,363894,0
XLF.US,5,20260220,175000,52.165,52.175,52.14,52.155,274637,0
XLF.US,5,20260220,175500,52.1533,52.175,52.13,52.17,141581,0
XLF.US,5,20260220,180000,52.165,52.175,52.12,52.125,213081,0
XLF.US,5,20260220,180500,52.125,52.1265,52.065,52.07,131156,0
XLF.US,5,20260220,181000,52.06,52.075,52.025,52.025,136671,0
XLF.US,5,20260220,181500,52.02,52.025,51.955,51.97,405222,0
XLF.US,5,20260220,182000,51.975,51.99,51.935,51.935,356195,0
XLF.US,5,20260220,182500,51.94,52.04,51.94,52.04,614780,0
XLF.US,5,20260220,183000,52.04,52.105,52.03,52.075,469164,0
XLF.US,5,20260220,183500,52.075,52.105,52.04,52.09,574567,0
XLF.US,5,20260220,184000,52.085,52.095,52.035,52.065,491693,0
XLF.US,5,20260220,184500,52.065,52.12,52.045,52.11,580425,0
XLF.US,5,20260220,185000,52.11,52.195,52.09,52.165,385587,0
XLF.US,5,20260220,185500,52.17,52.17,52.09,52.16,987196,0
XLF.US,5,20260220,190000,52.16,52.185,52.13,52.135,503217,0
XLF.US,5,20260220,190500,52.13,52.169,52.1197,52.135,442009,0
XLF.US,5,20260220,191000,52.13,52.16,52.11,52.155,338788,0
XLF.US,5,20260220,191500,52.155,52.155,52.11,52.145,319547,0
XLF.US,5,20260220,192000,52.145,52.17,52.08,52.145,805307,0
XLF.US,5,20260220,192500,52.1501,52.1501,52.085,52.135,457381,0
XLF.US,5,20260220,193000,52.13,52.285,52.09,52.22,1637676,0
XLF.US,5,20260220,193500,52.22,52.27,52.14,52.235,1171696,0
XLF.US,5,20260220,194000,52.235,52.325,52.23,52.305,512457,0
XLF.US,5,20260220,194500,52.305,52.42,52.305,52.365,735449,0
XLF.US,5,20260220,195000,52.365,52.39,52.315,52.3714,733509,0
XLF.US,5,20260220,195500,52.375,52.38,52.3431,52.3644,284748,0
XLF.US,5,20260220,200000,52.37,52.41,52.365,52.385,329621,0
XLF.US,5,20260220,200500,52.39,52.39,52.33,52.375,292590,0
XLF.US,5,20260220,201000,52.375,52.379,52.29,52.3092,307204,0
XLF.US,5,20260220,201500,52.305,52.309,52.265,52.275,274527,0
XLF.US,5,20260220,202000,52.275,52.325,52.27,52.305,297495,0
XLF.US,5,20260220,202500,52.305,52.325,52.28,52.325,367382,0
XLF.US,5,20260220,203000,52.32,52.36,52.315,52.335,856255,0
XLF.US,5,20260220,203500,52.34,52.349,52.31,52.315,245116,0
XLF.US,5,20260220,204000,52.315,52.3397,52.275,52.285,275763,0
XLF.US,5,20260220,204500,52.285,52.31,52.28,52.295,534588,0
XLF.US,5,20260220,205000,52.295,52.33,52.285,52.2935,337998,0
XLF.US,5,20260220,205500,52.295,52.31,52.27,52.305,211771,0
XLF.US,5,20260220,210000,52.305,52.37,52.305,52.35,341205,0
XLF.US,5,20260220,210500,52.355,52.42,52.355,52.385,474202,0
XLF.US,5,20260220,211000,52.39,52.4,52.335,52.385,381244,0
XLF.US,5,20260220,211500,52.385,52.39,52.335,52.335,336124,0
XLF.US,5,20260220,212000,52.335,52.37,52.325,52.3697,293514,0
XLF.US,5,20260220,212500,52.365,52.38,52.33,52.36,325930,0
XLF.US,5,20260220,213000,52.36,52.39,52.36,52.375,517928,0
XLF.US,5,20260220,213500,52.375,52.38,52.36,52.3799,582114,0
XLF.US,5,20260220,214000,52.375,52.39,52.355,52.385,443339,0
XLF.US,5,20260220,214500,52.385,52.42,52.38,52.415,805809,0
XLF.US,5,20260220,215000,52.415,52.44,52.4,52.43,1675520,0
XLF.US,5,20260220,215500,52.43,52.495,52.415,52.49,6289333,0
XLF.US,5,20260223,153000,52.185,52.47,52.14,52.42,1319324,0
XLF.US,5,20260223,153500,52.415,52.42,52.239,52.239,1278234,0
XLF.US,5,20260223,154000,52.235,52.295,52.08,52.085,623145,0
XLF.US,5,20260223,154500,52.085,52.1,51.915,51.935,637245,0
XLF.US,5,20260223,155000,51.94,51.95,51.755,51.81,581566,0
XLF.US,5,20260223,155500,51.805,51.82,51.59,51.6,723567,0
XLF.US,5,20260223,160000,51.605,51.6468,51.485,51.49,1318423,0
XLF.US,5,20260223,160500,51.49,51.495,51.37,51.38,779031,0
XLF.US,5,20260223,161000,51.38,51.39,51.2303,51.265,1142703,0
XLF.US,5,20260223,161500,51.26,51.295,51.13,51.15,1306531,0
XLF.US,5,20260223,162000,51.154079,51.18,51.11,51.14,1464635,0
XLF.US,5,20260223,162500,51.145,51.145,51.05,51.115,1008571,0
XLF.US,5,20260223,163000,51.115,51.145,51,51.015,1775526,0
XLF.US,5,20260223,163500,51.015,51.065,50.975,51.025,1308414,0
XLF.US,5,20260223,164000,51.025,51.05,50.95,50.965,1077503,0
XLF.US,5,20260223,164500,50.965,50.965,50.8701,50.905,1213820,0
XLF.US,5,20260223,165000,50.905,50.93,50.8601,50.88,1012177,0
XLF.US,5,20260223,165500,50.88,50.915,50.84,50.905,1187703,0
XLF.US,5,20260223,170000,50.905,50.92,50.81,50.835,1424933,0
XLF.US,5,20260223,170500,50.83,50.835,50.76,50.77,787670,0
XLF.US,5,20260223,171000,50.765,50.81,50.72,50.735,590272,0
XLF.US,5,20260223,171500,50.735,50.78,50.7,50.775,847418,0
XLF.US,5,20260223,172000,50.775,50.87,50.775,50.87,973731,0
XLF.US,5,20260223,172500,50.875,50.98,50.855,50.975,1928439,0
XLF.US,5,20260223,173000,50.975,51.02,50.94,50.97,1279307,0
XLF.US,5,20260223,173500,50.975,51,50.935,50.975,819570,0
XLF.US,5,20260223,174000,50.975,50.975,50.87,50.88,530794,0
XLF.US,5,20260223,174500,50.875,50.905,50.84,50.87,787510,0
XLF.US,5,20260223,175000,50.865,50.89,50.845,50.8545,452454,0
XLF.US,5,20260223,175500,50.855,50.87,50.83,50.86,432426,0
XLF.US,5,20260223,180000,50.86,50.88,50.8,50.82,524704,0
XLF.US,5,20260223,180500,50.815,50.84,50.785,50.805,578321,0
XLF.US,5,20260223,181000,50.805,50.83,50.75,50.76,811528,0
XLF.US,5,20260223,181500,50.76,50.8,50.755,50.755,705325,0
XLF.US,5,20260223,182000,50.75,50.77,50.7,50.715,676449,0
XLF.US,5,20260223,182500,50.715,50.715,50.66,50.685,820474,0
XLF.US,5,20260223,183000,50.685,50.74,50.675,50.695,910056,0
XLF.US,5,20260223,183500,50.695,50.71,50.6626,50.685,706396,0
XLF.US,5,20260223,184000,50.685,50.775,50.675,50.715,712546,0
XLF.US,5,20260223,184500,50.715,50.755,50.71,50.745,533808,0
XLF.US,5,20260223,185000,50.745,50.82,50.735,50.795,1093252,0
XLF.US,5,20260223,185500,50.8,50.82,50.77,50.79,806998,0
XLF.US,5,20260223,190000,50.79,50.84,50.785,50.825,1063035,0
XLF.US,5,20260223,190500,50.825,50.84,50.78,50.805,1118957,0
XLF.US,5,20260223,191000,50.805,50.84,50.795,50.825,626443,0
XLF.US,5,20260223,191500,50.825,50.85,50.8,50.825,476744,0
XLF.US,5,20260223,192000,50.825,50.9,50.8203,50.89,486121,0
XLF.US,5,20260223,192500,50.895,50.92,50.88,50.92,499394,0
XLF.US,5,20260223,193000,50.915,50.935,50.89,50.92,477302,0
XLF.US,5,20260223,193500,50.915,50.9285,50.815,50.815,357960,0
XLF.US,5,20260223,194000,50.815,50.84,50.745,50.755,691617,0
XLF.US,5,20260223,194500,50.755,50.795,50.7345,50.785,334349,0
XLF.US,5,20260223,195000,50.785,50.805,50.77,50.795,382887,0
XLF.US,5,20260223,195500,50.795,50.81,50.7731,50.795,878040,0
XLF.US,5,20260223,200000,50.795,50.85,50.795,50.815,336002,0
XLF.US,5,20260223,200500,50.815,50.82,50.76,50.805,512239,0
XLF.US,5,20260223,201000,50.805,50.8451,50.78,50.7816,494099,0
XLF.US,5,20260223,201500,50.785,50.795,50.75,50.755,493599,0
XLF.US,5,20260223,202000,50.7575,50.77,50.72,50.745,514323,0
XLF.US,5,20260223,202500,50.745,50.77,50.725,50.73,497409,0
XLF.US,5,20260223,203000,50.725,50.775,50.725,50.745,564926,0
XLF.US,5,20260223,203500,50.745,50.745,50.71,50.715,544979,0
XLF.US,5,20260223,204000,50.715,50.755,50.71,50.75,582574,0
XLF.US,5,20260223,204500,50.745,50.825,50.73,50.81,628775,0
XLF.US,5,20260223,205000,50.805,50.82,50.77,50.81,627236,0
XLF.US,5,20260223,205500,50.805,50.86,50.7708,50.825,513755,0
XLF.US,5,20260223,210000,50.825,50.835,50.79,50.7954,390750,0
XLF.US,5,20260223,210500,50.795,50.8255,50.7401,50.75,451421,0
XLF.US,5,20260223,211000,50.745,50.77,50.721,50.725,676372,0
XLF.US,5,20260223,211500,50.725,50.76,50.72,50.735,855596,0
XLF.US,5,20260223,212000,50.735,50.755,50.72,50.755,742766,0
XLF.US,5,20260223,212500,50.755,50.79,50.75,50.76,947060,0
XLF.US,5,20260223,213000,50.755,50.82,50.755,50.8,2598583,0
XLF.US,5,20260223,213500,50.795,50.815,50.77,50.775,1158046,0
XLF.US,5,20260223,214000,50.775,50.785,50.73,50.785,1987039,0
XLF.US,5,20260223,214500,50.785,50.79,50.74,50.765,810064,0
XLF.US,5,20260223,215000,50.715,50.735,50.64,50.665,1668868,0
XLF.US,5,20260223,215500,50.66,50.75,50.66,50.74,6328045,0
XLF.US,5,20260224,153000,50.45,50.67,50.235,50.5,4003410,0
XLF.US,5,20260224,153500,50.49,50.82,50.46,50.785,1960843,0
XLF.US,5,20260224,154000,50.78,50.895,50.75,50.855,1327680,0
XLF.US,5,20260224,154500,50.855,50.865,50.63,50.675,2376625,0
XLF.US,5,20260224,155000,50.68,50.72,50.49,50.5,1283640,0
XLF.US,5,20260224,155500,50.5,50.5,50.37,50.395,1096074,0
XLF.US,5,20260224,160000,50.395,50.4,50.26,50.335,1340414,0
XLF.US,5,20260224,160500,50.335,50.37,50.285,50.2969,1318072,0
XLF.US,5,20260224,161000,50.295,50.35,50.27,50.335,946215,0
XLF.US,5,20260224,161500,50.33,50.57,50.325,50.565,951240,0
XLF.US,5,20260224,162000,50.56,50.595,50.48,50.595,1418433,0
XLF.US,5,20260224,162500,50.595,50.64,50.575,50.62,786128,0
XLF.US,5,20260224,163000,50.615,50.62,50.525,50.535,732556,0
XLF.US,5,20260224,163500,50.54,50.58,50.47,50.54,639871,0
XLF.US,5,20260224,164000,50.535,50.57,50.52,50.545,1334668,0
XLF.US,5,20260224,164500,50.545,50.545,50.4831,50.525,625770,0
XLF.US,5,20260224,165000,50.53,50.575,50.505,50.565,492430,0
XLF.US,5,20260224,165500,50.565,50.57,50.52,50.555,368574,0
XLF.US,5,20260224,170000,50.555,50.58,50.53,50.555,428843,0
XLF.US,5,20260224,170500,50.555,50.59,50.54,50.553902,548301,0
XLF.US,5,20260224,171000,50.55,50.595,50.545,50.585,365189,0
XLF.US,5,20260224,171500,50.585,50.595,50.54,50.585,403410,0
XLF.US,5,20260224,172000,50.585,50.605,50.56,50.585,389747,0
XLF.US,5,20260224,172500,50.585,50.66,50.575,50.65,418135,0
XLF.US,5,20260224,173000,50.66,50.66,50.55,50.565,373260,0
XLF.US,5,20260224,173500,50.57,50.635,50.565,50.625,583578,0
XLF.US,5,20260224,174000,50.625,50.66,50.59,50.595,344189,0
XLF.US,5,20260224,174500,50.595,50.615,50.555,50.595,367737,0
XLF.US,5,20260224,175000,50.59,50.65,50.58,50.635,330935,0
XLF.US,5,20260224,175500,50.635,50.715,50.6301,50.7,1795415,0
XLF.US,5,20260224,180000,50.7,50.75,50.695,50.725,1889180,0
XLF.US,5,20260224,180500,50.725,50.8,50.725,50.799,582262,0
XLF.US,5,20260224,181000,50.8,50.815,50.75,50.795,324279,0
XLF.US,5,20260224,181500,50.795,50.85,50.795,50.81,340285,0
XLF.US,5,20260224,182000,50.8101,50.83,50.8101,50.825,413877,0
XLF.US,5,20260224,182500,50.855,50.875,50.855,50.875,16506,0
XLF.US,5,20260224,183000,50.855,50.86,50.843347,50.843347,31189,0
XLF.US,5,20260224,183500,50.825,50.835,50.81,50.815,49699,0
XLF.US,5,20260224,184000,50.845,50.855,50.84,50.85,41065,0
XLF.US,5,20260224,184500,50.84,50.89,50.835,50.88,263071,0
XLF.US,5,20260224,185000,50.885,50.89,50.875,50.885,35979,0
XLF.US,5,20260224,185500,50.925,50.925,50.905,50.915,84841,0
XLF.US,5,20260224,190000,50.9486,50.98,50.945,50.98,31788,0
XLF.US,5,20260224,190500,50.965,50.97,50.955,50.97,68845,0
XLF.US,5,20260224,191000,50.965,50.995,50.965,50.995,13265,0
XLF.US,5,20260224,191500,50.9901,50.995,50.9901,50.995,8696,0
XLF.US,5,20260224,192000,50.9729,51.0099,50.97,50.9999,259170,0
XLF.US,5,20260224,192500,50.995,51.0201,50.99,51.015,282071,0
XLF.US,5,20260224,193000,51.015,51.08,51.01,51.065,473548,0
XLF.US,5,20260224,193500,51.06,51.1155,51.05,51.1155,582573,0
XLF.US,5,20260224,194000,51.115,51.14,51.1,51.14,450396,0
XLF.US,5,20260224,194500,51.14,51.18,51.13,51.175,356662,0
XLF.US,5,20260224,195000,51.17,51.18,51.12,51.125,335511,0
XLF.US,5,20260224,195500,51.125,51.13,51.055,51.055,149446,0
XLF.US,5,20260224,200000,51.055,51.0875,51.0225,51.0225,534726,0
XLF.US,5,20260224,200500,51.03,51.045,50.99,51.025,415111,0
XLF.US,5,20260224,201000,51.03,51.06,51.02,51.035,256751,0
XLF.US,5,20260224,201500,51.035,51.045,50.995,51.005,385857,0
XLF.US,5,20260224,202000,51.005,51.0065,50.9501,50.975,404014,0
XLF.US,5,20260224,202500,50.97,51.035,50.97,51.03,1211045,0
XLF.US,5,20260224,203000,51.025,51.025,51,51.005,212766,0
XLF.US,5,20260224,203500,51.005,51.01,50.98,50.985,215607,0
XLF.US,5,20260224,204000,50.985,51.019,50.98,51,896231,0
XLF.US,5,20260224,204500,51.01,51.015,50.965,50.995,186908,0
XLF.US,5,20260224,205000,50.995,51.02,50.99,50.995,308567,0
XLF.US,5,20260224,205500,50.995,51,50.93,50.955,252916,0
XLF.US,5,20260224,210000,50.95,50.9666,50.93,50.935,195909,0
XLF.US,5,20260224,210500,50.94,50.995,50.9399,50.975,498558,0
XLF.US,5,20260224,211000,50.9776,50.9776,50.92,50.925,247616,0
XLF.US,5,20260224,211500,50.92,50.925,50.89,50.92,221059,0
XLF.US,5,20260224,212000,50.92,50.95,50.885,50.89,308328,0
XLF.US,5,20260224,212500,50.895,50.9,50.85,50.865,414778,0
XLF.US,5,20260224,213000,50.86,50.9753,50.86,50.945,802164,0
XLF.US,5,20260224,213500,50.945,50.98,50.9301,50.935,429308,0
XLF.US,5,20260224,214000,50.935,50.94,50.9031,50.9303,343469,0
XLF.US,5,20260224,214500,50.93,50.975,50.9101,50.955,823703,0
XLF.US,5,20260224,215000,50.955,51.01,50.945,50.99,1321839,0
XLF.US,5,20260224,215500,50.99,51.03,50.965,50.98,3334282,0
XLF.US,5,20260225,153000,51.24,51.47,51.24,51.435,1678356,0
XLF.US,5,20260225,153500,51.43,51.48,51.34,51.375,861619,0
XLF.US,5,20260225,154000,51.375,51.425,51.2,51.2,907449,0
XLF.US,5,20260225,154500,51.205,51.295,51.17,51.28,859215,0
XLF.US,5,20260225,155000,51.275,51.34,51.24,51.285,916037,0
XLF.US,5,20260225,155500,51.29,51.345,51.26,51.3,567021,0
XLF.US,5,20260225,160000,51.304,51.36,51.29,51.33,563822,0
XLF.US,5,20260225,160500,51.34,51.36,51.24,51.265,529167,0
XLF.US,5,20260225,161000,51.265,51.38,51.25,51.365,949494,0
XLF.US,5,20260225,161500,51.3601,51.48,51.3601,51.46,548554,0
XLF.US,5,20260225,162000,51.465,51.5,51.39,51.465,421939,0
XLF.US,5,20260225,162500,51.46,51.48,51.41,51.43,474374,0
XLF.US,5,20260225,163000,51.43,51.52,51.425,51.455,393113,0
XLF.US,5,20260225,163500,51.45,51.47,51.405,51.41,407089,0
XLF.US,5,20260225,164000,51.415,51.545,51.415,51.51,352246,0
XLF.US,5,20260225,164500,51.515,51.55,51.435,51.455,355594,0
XLF.US,5,20260225,165000,51.455,51.49,51.445,51.47,452602,0
XLF.US,5,20260225,165500,51.465,51.4699,51.42,51.46,422956,0
XLF.US,5,20260225,170000,51.465,51.5,51.45,51.485,523905,0
XLF.US,5,20260225,170500,51.485,51.515,51.47,51.5041,512023,0
XLF.US,5,20260225,171000,51.51,51.525,51.475,51.475,486086,0
XLF.US,5,20260225,171500,51.475,51.48,51.44,51.465,691282,0
XLF.US,5,20260225,172000,51.465,51.5256,51.46,51.525,367929,0
XLF.US,5,20260225,172500,51.525,51.6,51.525,51.565,297395,0
XLF.US,5,20260225,173000,51.57,51.615,51.57,51.595,286920,0
XLF.US,5,20260225,173500,51.5964,51.605,51.565,51.575,523814,0
XLF.US,5,20260225,174000,51.5799,51.59,51.565,51.585,351669,0
XLF.US,5,20260225,174500,51.585,51.65,51.57,51.635,661926,0
XLF.US,5,20260225,175000,51.635,51.67,51.63,51.65,324958,0
XLF.US,5,20260225,175500,51.65,51.69,51.64,51.685,238253,0
XLF.US,5,20260225,180000,51.68,51.68,51.655,51.67,251636,0
XLF.US,5,20260225,180500,51.665,51.685,51.61,51.6337,441994,0
XLF.US,5,20260225,181000,51.6381,51.7,51.6381,51.695,252265,0
XLF.US,5,20260225,181500,51.7,51.75,51.695,51.715,245333,0
XLF.US,5,20260225,182000,51.715,51.74,51.705,51.74,424734,0
XLF.US,5,20260225,182500,51.735,51.745,51.71,51.725,315979,0
XLF.US,5,20260225,183000,51.73,51.78,51.715,51.78,568999,0
XLF.US,5,20260225,183500,51.775,51.81,51.77,51.795,800290,0
XLF.US,5,20260225,184000,51.8,51.83,51.77,51.775,545161,0
XLF.US,5,20260225,184500,51.775,51.795,51.74,51.755,377151,0
XLF.US,5,20260225,185000,51.755,51.785,51.73,51.785,266522,0
XLF.US,5,20260225,185500,51.79,51.79,51.74,51.765,301638,0
XLF.US,5,20260225,190000,51.765,51.79,51.76,51.775,305236,0
XLF.US,5,20260225,190500,51.775,51.805,51.76,51.775,253093,0
XLF.US,5,20260225,191000,51.78,51.806,51.78,51.785,267740,0
XLF.US,5,20260225,191500,51.78,51.8,51.76,51.775,126023,0
XLF.US,5,20260225,192000,51.775,51.78,51.74,51.755,315215,0
XLF.US,5,20260225,192500,51.7534,51.755,51.735,51.755,220414,0
XLF.US,5,20260225,193000,51.75,51.7765,51.73,51.735,245963,0
XLF.US,5,20260225,193500,51.73,51.74,51.71,51.725,160754,0
XLF.US,5,20260225,194000,51.73,51.77,51.72,51.75,276827,0
XLF.US,5,20260225,194500,51.755,51.78,51.75,51.775,117202,0
XLF.US,5,20260225,195000,51.775,51.8,51.775,51.785,119481,0
XLF.US,5,20260225,195500,51.7822,51.785,51.74,51.75,238883,0
XLF.US,5,20260225,200000,51.75,51.795,51.75,51.77,350662,0
XLF.US,5,20260225,200500,51.7751,51.7899,51.76,51.78,133428,0
XLF.US,5,20260225,201000,51.78,51.805,51.755,51.76,304246,0
XLF.US,5,20260225,201500,51.7567,51.79,51.755,51.785,125724,0
XLF.US,5,20260225,202000,51.7899,51.82,51.7899,51.795,271915,0
XLF.US,5,20260225,202500,51.8,51.805,51.76,51.78,282105,0
XLF.US,5,20260225,203000,51.775,51.845,51.77,51.845,856585,0
XLF.US,5,20260225,203500,51.84,51.87,51.84,51.84,796632,0
XLF.US,5,20260225,204000,51.86,51.89,51.84,51.865,755550,0
XLF.US,5,20260225,204500,51.86,51.88,51.84,51.86,534688,0
XLF.US,5,20260225,205000,51.86,51.865,51.81,51.821,186496,0
XLF.US,5,20260225,205500,51.825,51.855,51.82,51.85,440183,0
XLF.US,5,20260225,210000,51.855,51.875,51.83,51.8301,570749,0
XLF.US,5,20260225,210500,51.835,51.8451,51.82,51.82,525298,0
XLF.US,5,20260225,211000,51.825,51.83,51.79,51.805,465613,0
XLF.US,5,20260225,211500,51.8,51.81,51.76,51.785,730487,0
XLF.US,5,20260225,212000,51.785,51.795,51.77,51.78,295684,0
XLF.US,5,20260225,212500,51.78,51.79,51.76,51.765,300224,0
XLF.US,5,20260225,213000,51.76,51.82,51.76,51.8066,554050,0
XLF.US,5,20260225,213500,51.805,51.805,51.78,51.79,414367,0
XLF.US,5,20260225,214000,51.79,51.8,51.76,51.765,480579,0
XLF.US,5,20260225,214500,51.7692,51.8,51.76,51.795,1384489,0
XLF.US,5,20260225,215000,51.795,51.86,51.78,51.845,2508777,0
XLF.US,5,20260225,215500,51.84,51.87,51.825,51.84,5606349,0
XLF.US,5,20260226,154500,52.45,52.46,52.41,52.425,311114,0
XLF.US,5,20260226,155000,52.5,52.575,52.49,52.525,1186745,0
XLF.US,5,20260226,155500,52.53,52.58,52.52,52.58,1023338,0
XLF.US,5,20260226,160000,52.575,52.595,52.46,52.535,1043461,0
XLF.US,5,20260226,160500,52.535,52.59,52.5,52.589,1256890,0
XLF.US,5,20260226,161000,52.585,52.655,52.58,52.622,1852881,0
XLF.US,5,20260226,161500,52.625,52.625,52.42,52.435,2515196,0
XLF.US,5,20260226,162000,52.44,52.475,52.28,52.355,1132115,0
XLF.US,5,20260226,162500,52.3501,52.4,52.295,52.375,974819,0
XLF.US,5,20260226,163000,52.375,52.43,52.33,52.355,867080,0
XLF.US,5,20260226,163500,52.3599,52.46,52.3599,52.43,796731,0
XLF.US,5,20260226,164000,52.425,52.44,52.3435,52.3699,1005262,0
XLF.US,5,20260226,164500,52.3671,52.46,52.36,52.45,680330,0
XLF.US,5,20260226,165000,52.445,52.5,52.41,52.49,401343,0
XLF.US,5,20260226,165500,52.495,52.56,52.4933,52.535,386421,0
XLF.US,5,20260226,170000,52.535,52.56,52.44,52.46,814543,0
XLF.US,5,20260226,170500,52.47,52.525,52.435,52.52,493856,0
XLF.US,5,20260226,171000,52.515,52.545,52.495,52.545,383603,0
XLF.US,5,20260226,171500,52.54,52.565,52.495,52.505,446275,0
XLF.US,5,20260226,172000,52.51,52.52,52.42,52.435,371606,0
XLF.US,5,20260226,172500,52.4363,52.445,52.405,52.42,402890,0
XLF.US,5,20260226,173000,52.425,52.4299,52.29,52.325,1005119,0
XLF.US,5,20260226,173500,52.325,52.33,52.23,52.285,865869,0
XLF.US,5,20260226,174000,52.285,52.285,52.2237,52.225,483285,0
XLF.US,5,20260226,174500,52.23,52.245,52.16,52.2363,1056858,0
XLF.US,5,20260226,175000,52.235,52.24,52.175,52.185,448637,0
XLF.US,5,20260226,175500,52.19,52.195,52.11,52.125,620438,0
XLF.US,5,20260226,180000,52.13,52.14,51.99,52.04,1049905,0
XLF.US,5,20260226,180500,52.045,52.105,52.04,52.0888,615320,0
XLF.US,5,20260226,181000,52.08,52.14,52.08,52.08,317696,0
XLF.US,5,20260226,181500,52.08,52.107,52.06,52.08,716052,0
XLF.US,5,20260226,182000,52.07,52.13,52.0647,52.13,616385,0
XLF.US,5,20260226,182500,52.135,52.1763,52.12,52.135,490937,0
XLF.US,5,20260226,183000,52.135,52.18,52.125,52.165,341611,0
XLF.US,5,20260226,183500,52.165,52.18,52.1,52.115,572185,0
XLF.US,5,20260226,184000,52.115,52.12,52.075,52.075,218348,0
XLF.US,5,20260226,184500,52.075,52.11,52.06,52.095,285738,0
XLF.US,5,20260226,185000,52.0901,52.145,52.085,52.115,252809,0
XLF.US,5,20260226,185500,52.115,52.125,52.08,52.111,191028,0
XLF.US,5,20260226,190000,52.115,52.1294,52.09,52.1294,197536,0
XLF.US,5,20260226,190500,52.125,52.18,52.125,52.175,646704,0
XLF.US,5,20260226,191000,52.17,52.2194,52.17,52.205,613015,0
XLF.US,5,20260226,191500,52.2,52.25,52.165,52.2499,587414,0
XLF.US,5,20260226,192000,52.245,52.26,52.19,52.225,528055,0
XLF.US,5,20260226,192500,52.23,52.235,52.205,52.215,232564,0
XLF.US,5,20260226,193000,52.22,52.35,52.215,52.345,697626,0
XLF.US,5,20260226,193500,52.35,52.405,52.33,52.37,833498,0
XLF.US,5,20260226,194000,52.365,52.37,52.3599,52.365,28435,0
XLF.US,5,20260226,194500,52.415,52.425,52.405,52.411,125142,0
XLF.US,5,20260226,200500,52.355,52.39,52.355,52.389,98702,0
XLF.US,5,20260226,201000,52.39,52.42,52.39,52.395,349915,0
XLF.US,5,20260226,201500,52.3934,52.49,52.3934,52.485,613195,0
XLF.US,5,20260226,202000,52.485,52.53,52.485,52.505,358268,0
XLF.US,5,20260226,202500,52.505,52.505,52.44,52.455,434175,0
XLF.US,5,20260226,203000,52.455,52.5,52.445,52.49,447209,0
XLF.US,5,20260226,203500,52.5,52.51,52.485,52.5,273109,0
XLF.US,5,20260226,204000,52.5,52.52,52.454,52.455,436050,0
XLF.US,5,20260226,204500,52.455,52.49,52.44,52.475,454450,0
XLF.US,5,20260226,205000,52.475,52.505,52.4547,52.48,305884,0
XLF.US,5,20260226,205500,52.475,52.495,52.45,52.455,266579,0
XLF.US,5,20260226,210000,52.455,52.52,52.451,52.51,359809,0
XLF.US,5,20260226,210500,52.52,52.53,52.5,52.52,421100,0
XLF.US,5,20260226,211000,52.525,52.55,52.52,52.54,465165,0
XLF.US,5,20260226,211500,52.54,52.5455,52.5,52.525,385964,0
XLF.US,5,20260226,212000,52.5299,52.53,52.48,52.51,388428,0
XLF.US,5,20260226,212500,52.505,52.52,52.49,52.5,419799,0
XLF.US,5,20260226,213000,52.5,52.53,52.49,52.53,507841,0
XLF.US,5,20260226,213500,52.525,52.55,52.5,52.535,586886,0
XLF.US,5,20260226,214000,52.535,52.55,52.52,52.525,579114,0
XLF.US,5,20260226,214500,52.53,52.56,52.505,52.54,997439,0
XLF.US,5,20260226,215000,52.54,52.55,52.49,52.495,1912825,0
XLF.US,5,20260226,215500,52.49,52.5,52.47,52.5,4112234,0
XLF.US,5,20260227,153000,51.77,52.06,51.72,51.84,2871970,0
XLF.US,5,20260227,153500,51.845,51.86,51.53,51.645,1741590,0
XLF.US,5,20260227,154000,51.65,51.655,51.33,51.355,1962950,0
XLF.US,5,20260227,154500,51.35,51.38,51.235,51.25,1926725,0
XLF.US,5,20260227,155000,51.25,51.32,51.135,51.3,1837156,0
XLF.US,5,20260227,155500,51.305,51.44,51.295,51.315,1863844,0
XLF.US,5,20260227,160000,51.31,51.405,51.25,51.325,1532758,0
XLF.US,5,20260227,160500,51.325,51.57,51.32,51.53,1685521,0
XLF.US,5,20260227,161000,51.535,51.64,51.511,51.535,1350602,0
XLF.US,5,20260227,161500,51.53,51.5301,51.3445,51.355,864815,0
XLF.US,5,20260227,162000,51.35,51.38,51.29,51.335,782686,0
XLF.US,5,20260227,162500,51.335,51.375,51.315,51.335,899237,0
XLF.US,5,20260227,163000,51.33,51.445,51.275,51.43,753642,0
XLF.US,5,20260227,163500,51.43,51.5388,51.42,51.45,868987,0
XLF.US,5,20260227,164000,51.46,51.47,51.4,51.4599,642775,0
XLF.US,5,20260227,164500,51.46,51.485,51.365,51.385,466705,0
XLF.US,5,20260227,165000,51.385,51.415,51.36,51.405,423383,0
XLF.US,5,20260227,165500,51.4,51.4699,51.37,51.405,466158,0
XLF.US,5,20260227,170000,51.4042,51.445,51.39,51.4403,791728,0
XLF.US,5,20260227,170500,51.445,51.465,51.4,51.405,554309,0
XLF.US,5,20260227,171000,51.405,51.45,51.355,51.425,416238,0
XLF.US,5,20260227,171500,51.425,51.485,51.42,51.4262,544864,0
XLF.US,5,20260227,172000,51.421,51.52,51.4,51.515,525675,0
XLF.US,5,20260227,172500,51.51,51.525,51.47,51.475,407164,0
XLF.US,5,20260227,173000,51.475,51.5363,51.46,51.5345,535693,0
XLF.US,5,20260227,173500,51.53,51.545,51.45,51.465,269456,0
XLF.US,5,20260227,174000,51.46,51.46,51.3903,51.395,507818,0
XLF.US,5,20260227,174500,51.395,51.425,51.3301,51.34,522154,0
XLF.US,5,20260227,175000,51.34,51.42,51.335,51.355,582153,0
XLF.US,5,20260227,175500,51.355,51.365,51.23,51.25,512163,0
XLF.US,5,20260227,180000,51.25,51.335,51.24,51.31,480706,0
XLF.US,5,20260227,180500,51.31,51.35,51.295,51.315,489242,0
XLF.US,5,20260227,181000,51.315,51.3151,51.23,51.235,433261,0
XLF.US,5,20260227,181500,51.235,51.25,51.16,51.17,689707,0
XLF.US,5,20260227,182000,51.175,51.18,51.11,51.115,2056571,0
XLF.US,5,20260227,182500,51.115,51.115,51.01,51.015,1786327,0
XLF.US,5,20260227,183000,51.015,51.135,51.01,51.12,1494208,0
XLF.US,5,20260227,183500,51.122864,51.1272,51.043739,51.055,654492,0
XLF.US,5,20260227,184000,51.05,51.1036,51.0403,51.1036,432936,0
XLF.US,5,20260227,184500,51.1,51.1,51.035,51.0655,909125,0
XLF.US,5,20260227,185000,51.06,51.11,51.03,51.085,1367850,0
XLF.US,5,20260227,185500,51.085,51.185,51.085,51.18,593929,0
XLF.US,5,20260227,190000,51.185,51.24,51.185,51.235,441784,0
XLF.US,5,20260227,190500,51.235,51.285,51.225,51.225,514956,0
XLF.US,5,20260227,191000,51.225,51.28,51.22,51.225,592307,0
XLF.US,5,20260227,191500,51.22,51.235,51.2,51.22,414679,0
XLF.US,5,20260227,192000,51.225,51.23,51.17,51.225,499878,0
XLF.US,5,20260227,192500,51.22,51.22,51.17,51.21,429351,0
XLF.US,5,20260227,193000,51.21,51.245,51.205,51.21,363344,0
XLF.US,5,20260227,193500,51.215,51.235,51.19,51.22,337269,0
XLF.US,5,20260227,194000,51.215,51.25,51.205,51.235,752959,0
XLF.US,5,20260227,194500,51.235,51.245,51.195,51.23,758526,0
XLF.US,5,20260227,195000,51.235,51.29,51.21,51.285,305832,0
XLF.US,5,20260227,195500,51.28,51.285,51.23,51.27,589677,0
XLF.US,5,20260227,200000,51.275,51.29,51.2534,51.255,457284,0
XLF.US,5,20260227,200500,51.26,51.27,51.175,51.19,534922,0
XLF.US,5,20260227,201000,51.19,51.21,51.141,51.17,928037,0
XLF.US,5,20260227,201500,51.1603,51.205,51.14,51.195,270027,0
XLF.US,5,20260227,202000,51.192,51.22,51.185,51.2,303632,0
XLF.US,5,20260227,202500,51.2,51.22,51.15,51.165,345879,0
XLF.US,5,20260227,203000,51.165,51.18,51.14,51.16,445101,0
XLF.US,5,20260227,203500,51.1602,51.235,51.1602,51.215,514576,0
XLF.US,5,20260227,204000,51.215,51.225,51.145,51.18,343387,0
XLF.US,5,20260227,204500,51.18,51.205,51.13,51.135,320898,0
XLF.US,5,20260227,205000,51.135,51.165,51.13,51.145,333649,0
XLF.US,5,20260227,205500,51.14,51.18,51.081,51.11,494779,0
XLF.US,5,20260227,210000,51.1,51.19,51.1,51.185,479656,0
XLF.US,5,20260227,210500,51.1837,51.21,51.18,51.205,427717,0
XLF.US,5,20260227,211000,51.21,51.3,51.205,51.2999,830680,0
XLF.US,5,20260227,211500,51.295,51.34,51.285,51.315,604489,0
XLF.US,5,20260227,212000,51.31,51.38,51.28,51.375,466527,0
XLF.US,5,20260227,212500,51.375,51.38,51.345,51.355,666407,0
XLF.US,5,20260227,213000,51.36,51.42,51.36,51.395,1319668,0
XLF.US,5,20260227,213500,51.395,51.405,51.33,51.36,985665,0
XLF.US,5,20260227,214000,51.36,51.445,51.36,51.415,1028250,0
XLF.US,5,20260227,214500,51.415,51.45,51.385,51.395,1324369,0
XLF.US,5,20260227,215000,51.395,51.5,51.34,51.345,2438684,0
XLF.US,5,20260227,215500,51.345,51.465,51.34,51.4,6680685,0
XLF.US,5,20260302,153000,50.605,50.8,50.46,50.75,2757979,0
XLF.US,5,20260302,153500,50.75,50.92,50.65,50.835,1725398,0
XLF.US,5,20260302,154000,50.835,51.055,50.83,51.035,1498310,0
XLF.US,5,20260302,154500,51.03,51.06,50.86,50.905,1285601,0
XLF.US,5,20260302,155000,50.91,50.99,50.895,50.97,1086347,0
XLF.US,5,20260302,155500,50.965,51.005,50.885,50.9901,1024656,0
XLF.US,5,20260302,160000,50.99,51.16,50.9329,51.12,1136706,0
XLF.US,5,20260302,160500,51.115,51.19,51.03,51.065,1569351,0
XLF.US,5,20260302,161000,51.07,51.195,51.07,51.138,1102318,0
XLF.US,5,20260302,161500,51.135,51.27,51.11,51.155,810720,0
XLF.US,5,20260302,162000,51.15,51.2399,51.095,51.105,1090772,0
XLF.US,5,20260302,162500,51.105,51.18,51.07,51.11,1005518,0
XLF.US,5,20260302,163000,51.11,51.155,51.035,51.04,853252,0
XLF.US,5,20260302,163500,51.04,51.045,50.945,51.02,808759,0
XLF.US,5,20260302,164000,51.025,51.12,50.965,51.1101,2068263,0
XLF.US,5,20260302,164500,51.115,51.135,51.04,51.065,1129029,0
XLF.US,5,20260302,165000,51.06,51.15,51.02,51.135,1193277,0
XLF.US,5,20260302,165500,51.135,51.24,51.105,51.21,1105492,0
XLF.US,5,20260302,170000,51.205,51.31,51.18,51.305,810854,0
XLF.US,5,20260302,170500,51.305,51.345,51.27,51.34,776559,0
XLF.US,5,20260302,171000,51.345,51.37,51.3001,51.325,902302,0
XLF.US,5,20260302,171500,51.32,51.35,51.27,51.2929,493267,0
XLF.US,5,20260302,172000,51.295,51.3,51.255,51.285,476618,0
XLF.US,5,20260302,172500,51.285,51.3099,51.14,51.15,348218,0
XLF.US,5,20260302,173000,51.15,51.2,51.135,51.19,588188,0
XLF.US,5,20260302,173500,51.19,51.26,51.16,51.25,424936,0
XLF.US,5,20260302,174000,51.25,51.32,51.245,51.295,401853,0
XLF.US,5,20260302,174500,51.2997,51.335,51.28,51.315,615314,0
XLF.US,5,20260302,175000,51.31,51.34,51.245,51.245,695011,0
XLF.US,5,20260302,175500,51.245,51.301,51.22,51.245,282480,0
XLF.US,5,20260302,180000,51.245,51.3,51.225,51.26,352908,0
XLF.US,5,20260302,180500,51.25,51.335,51.25,51.275,323445,0
XLF.US,5,20260302,181000,51.2784,51.3663,51.275,51.355,526223,0
XLF.US,5,20260302,181500,51.355,51.415,51.35,51.405,376343,0
XLF.US,5,20260302,182000,51.41,51.415,51.365,51.375,257618,0
XLF.US,5,20260302,182500,51.37,51.375,51.26,51.27,412634,0
XLF.US,5,20260302,183000,51.26,51.32,51.24,51.27,1252817,0
XLF.US,5,20260302,183500,51.275,51.335,51.275,51.335,186257,0
XLF.US,5,20260302,184000,51.34,51.395,51.325,51.38,216767,0
XLF.US,5,20260302,184500,51.375,51.4,51.36,51.365,176706,0
XLF.US,5,20260302,185000,51.3632,51.415,51.35,51.41,327272,0
XLF.US,5,20260302,185500,51.405,51.405,51.35,51.4,182823,0
XLF.US,5,20260302,190000,51.395,51.435,51.39,51.4199,186197,0
XLF.US,5,20260302,190500,51.42,51.43,51.38,51.4247,148987,0
XLF.US,5,20260302,191000,51.425,51.48,51.4206,51.435,278757,0
XLF.US,5,20260302,191500,51.435,51.445,51.4,51.405,195076,0
XLF.US,5,20260302,192000,51.405,51.43,51.3803,51.415,249328,0
XLF.US,5,20260302,192500,51.415,51.44,51.39,51.4293,241511,0
XLF.US,5,20260302,193000,51.4294,51.455,51.395,51.445,264486,0
XLF.US,5,20260302,193500,51.44,51.44,51.39,51.405,328681,0
XLF.US,5,20260302,194000,51.4,51.405,51.34,51.355,248748,0
XLF.US,5,20260302,194500,51.36,51.37,51.3001,51.351,246321,0
XLF.US,5,20260302,195000,51.36,51.37,51.35,51.365,184175,0
XLF.US,5,20260302,195500,51.36,51.4,51.35,51.37,336839,0
XLF.US,5,20260302,200000,51.37,51.4,51.345,51.37,388651,0
XLF.US,5,20260302,200500,51.37,51.41,51.365,51.405,313182,0
XLF.US,5,20260302,201000,51.405,51.42,51.34,51.4125,552174,0
XLF.US,5,20260302,201500,51.41,51.49,51.41,51.4799,780182,0
XLF.US,5,20260302,202000,51.475,51.575,51.475,51.5336,796201,0
XLF.US,5,20260302,202500,51.54,51.5816,51.505,51.575,409714,0
XLF.US,5,20260302,203000,51.58,51.62,51.575,51.585,315167,0
XLF.US,5,20260302,203500,51.58,51.62,51.57,51.585,305480,0
XLF.US,5,20260302,204000,51.585,51.63,51.555,51.555,1032693,0
XLF.US,5,20260302,204500,51.555,51.57,51.525,51.535,166891,0
XLF.US,5,20260302,205000,51.535,51.59,51.53,51.585,254713,0
XLF.US,5,20260302,205500,51.59,51.5999,51.5533,51.575,268871,0
XLF.US,5,20260302,210000,51.575,51.595,51.545,51.545,305838,0
XLF.US,5,20260302,210500,51.54,51.54,51.3745,51.385,646335,0
XLF.US,5,20260302,211000,51.39,51.39,51.3142,51.345,930016,0
XLF.US,5,20260302,211500,51.345,51.435,51.33,51.38,857870,0
XLF.US,5,20260302,212000,51.38,51.41,51.35,51.35,502983,0
XLF.US,5,20260302,212500,51.345,51.39,51.325,51.35,765473,0
XLF.US,5,20260302,213000,51.35,51.375,51.32,51.375,536553,0
XLF.US,5,20260302,213500,51.375,51.425,51.36,51.395,998706,0
XLF.US,5,20260302,214000,51.39,51.405,51.365,51.385,704216,0
XLF.US,5,20260302,214500,51.3801,51.415,51.365,51.395,894162,0
XLF.US,5,20260302,215000,51.39,51.405,51.32,51.365,1513450,0
XLF.US,5,20260302,215500,51.36,51.41,51.2946,51.31,5006475,0
XLF.US,5,20260303,153000,50.325,50.55,50.25,50.52,3346441,0
XLF.US,5,20260303,153500,50.52,50.57,50.33,50.335,1770279,0
XLF.US,5,20260303,154000,50.33,50.4,50.22,50.26,2082444,0
XLF.US,5,20260303,154500,50.25,50.31,50.12,50.15,2133213,0
XLF.US,5,20260303,155000,50.14,50.33,50.112,50.25,940774,0
XLF.US,5,20260303,155500,50.245,50.355,50.19,50.35,1242159,0
XLF.US,5,20260303,160000,50.35,50.425,50.295,50.315,1284496,0
XLF.US,5,20260303,160500,50.32,50.34,50.19,50.2,827344,0
XLF.US,5,20260303,161000,50.2,50.32,50.13,50.285,1536276,0
XLF.US,5,20260303,161500,50.285,50.32,50.225,50.27,724189,0
XLF.US,5,20260303,162000,50.26,50.26,50.15,50.195,911093,0
XLF.US,5,20260303,162500,50.195,50.275,50.145,50.26,1130340,0
XLF.US,5,20260303,163000,50.26,50.46,50.255,50.435,809620,0
XLF.US,5,20260303,163500,50.435,50.53,50.4,50.505,1169309,0
XLF.US,5,20260303,164000,50.49,50.6,50.46,50.515,957800,0
XLF.US,5,20260303,164500,50.515,50.56,50.43,50.48,1087889,0
XLF.US,5,20260303,165000,50.48,50.48,50.345,50.3971,847775,0
XLF.US,5,20260303,165500,50.4,50.465,50.38,50.455,737998,0
XLF.US,5,20260303,170000,50.455,50.475,50.3721,50.43,753642,0
XLF.US,5,20260303,170500,50.43,50.57,50.425,50.565,580205,0
XLF.US,5,20260303,171000,50.566,50.65,50.53,50.635,672999,0
XLF.US,5,20260303,171500,50.635,50.695,50.605,50.64,489495,0
XLF.US,5,20260303,172000,50.645,50.76,50.62,50.755,569060,0
XLF.US,5,20260303,172500,50.76,50.765,50.695,50.735,573324,0
XLF.US,5,20260303,173000,50.73,50.735,50.635,50.735,838661,0
XLF.US,5,20260303,173500,50.735,50.765,50.69,50.705,570973,0
XLF.US,5,20260303,174000,50.705,50.79,50.68,50.7771,598597,0
XLF.US,5,20260303,174500,50.78,50.915,50.775,50.8107,497378,0
XLF.US,5,20260303,175000,50.815,50.88,50.8,50.875,495230,0
XLF.US,5,20260303,175500,50.875,50.905,50.845,50.8934,903078,0
XLF.US,5,20260303,180000,50.895,50.91,50.82,50.845,1177027,0
XLF.US,5,20260303,180500,50.845,50.89,50.835,50.845,833568,0
XLF.US,5,20260303,181000,50.8451,50.875,50.8,50.84,484128,0
XLF.US,5,20260303,181500,50.835,50.875,50.8,50.86,489965,0
XLF.US,5,20260303,182000,50.86,50.94,50.845,50.935,372945,0
XLF.US,5,20260303,182500,50.935,50.95,50.885,50.905,380241,0
XLF.US,5,20260303,183000,50.905,50.92,50.8401,50.845,767610,0
XLF.US,5,20260303,183500,50.845,50.88,50.815,50.875,567750,0
XLF.US,5,20260303,184000,50.88,50.96,50.86,50.955,443620,0
XLF.US,5,20260303,184500,50.955,50.99,50.915,50.9801,360147,0
XLF.US,5,20260303,185000,50.985,51.05,50.96,50.965,815782,0
XLF.US,5,20260303,185500,50.97,51.0364,50.96,51.025,654983,0
XLF.US,5,20260303,190000,51.03,51.1336,51.03,51.105,663445,0
XLF.US,5,20260303,190500,51.105,51.15,51.1,51.1297,574302,0
XLF.US,5,20260303,191000,51.1201,51.145,51.05,51.065,444961,0
XLF.US,5,20260303,191500,51.065,51.14,51.065,51.095,500232,0
XLF.US,5,20260303,192000,51.1,51.29,51.1,51.285,825788,0
XLF.US,5,20260303,192500,51.28,51.36,51.26,51.315,2440491,0
XLF.US,5,20260303,193000,51.32,51.42,51.305,51.39,2067871,0
XLF.US,5,20260303,193500,51.395,51.48,51.35,51.465,1367351,0
XLF.US,5,20260303,194000,51.47,51.475,51.38,51.415,693711,0
XLF.US,5,20260303,194500,51.41,51.445,51.36,51.435,522675,0
XLF.US,5,20260303,195000,51.435,51.475,51.415,51.445,485456,0
XLF.US,5,20260303,195500,51.445,51.445,51.385,51.405,689511,0
XLF.US,5,20260303,200000,51.405,51.42,51.35,51.395,457360,0
XLF.US,5,20260303,200500,51.395,51.41,51.33,51.34,543618,0
XLF.US,5,20260303,201000,51.34,51.365,51.305,51.35,407216,0
XLF.US,5,20260303,201500,51.35,51.43,51.34,51.425,729554,0
XLF.US,5,20260303,202000,51.43,51.47,51.42,51.42,575599,0
XLF.US,5,20260303,202500,51.415,51.42,51.355,51.385,588331,0
XLF.US,5,20260303,203000,51.385,51.4,51.28,51.305,733498,0
XLF.US,5,20260303,203500,51.3,51.465,51.28,51.41,1009972,0
XLF.US,5,20260303,204000,51.41,51.5,51.395,51.465,711929,0
XLF.US,5,20260303,204500,51.47,51.54,51.47,51.52,550660,0
XLF.US,5,20260303,205000,51.515,51.55,51.47,51.505,508018,0
XLF.US,5,20260303,205500,51.505,51.51,51.435,51.495,600367,0
XLF.US,5,20260303,210000,51.495,51.5,51.445,51.455,621060,0
XLF.US,5,20260303,210500,51.455,51.4697,51.395,51.42,515415,0
XLF.US,5,20260303,211000,51.415,51.43,51.3601,51.365,454603,0
XLF.US,5,20260303,211500,51.365,51.375,51.3,51.31,325553,0
XLF.US,5,20260303,212000,51.31,51.34,51.295,51.325,459104,0
XLF.US,5,20260303,212500,51.33,51.38,51.295,51.365,453808,0
XLF.US,5,20260303,213000,51.365,51.375,51.31,51.315,612541,0
XLF.US,5,20260303,213500,51.32,51.35,51.26,51.285,770379,0
XLF.US,5,20260303,214000,51.285,51.3,51.22,51.245,852854,0
XLF.US,5,20260303,214500,51.245,51.27,51.23,51.25,1344078,0
XLF.US,5,20260303,215000,51.25,51.27,51.18,51.245,2104737,0
XLF.US,5,20260303,215500,51.25,51.27,51.18,51.23,4125460,0
XLF.US,5,20260304,153000,51.33,51.44,51.195,51.22,1264834,0
XLF.US,5,20260304,153500,51.22,51.33,51.11,51.235,1247233,0
XLF.US,5,20260304,154000,51.24,51.265,51.12,51.18,1160376,0
XLF.US,5,20260304,154500,51.17,51.18,51.075,51.115,932688,0
XLF.US,5,20260304,155000,51.115,51.35,51.08,51.325,928558,0
XLF.US,5,20260304,155500,51.32,51.39,51.27,51.36,844242,0
XLF.US,5,20260304,160000,51.37,51.475,51.3,51.355,885368,0
XLF.US,5,20260304,160500,51.355,51.46,51.3,51.4599,589755,0
XLF.US,5,20260304,161000,51.45,51.545,51.415,51.495,575391,0
XLF.US,5,20260304,161500,51.495,51.53,51.43,51.465,817166,0
XLF.US,5,20260304,162000,51.465,51.57,51.45,51.56,439935,0
XLF.US,5,20260304,162500,51.5526,51.595,51.495,51.52,674899,0
XLF.US,5,20260304,163000,51.525,51.61,51.42,51.44,2226518,0
XLF.US,5,20260304,163500,51.4301,51.44,51.375,51.41,575609,0
XLF.US,5,20260304,164000,51.41,51.445,51.385,51.415,678077,0
XLF.US,5,20260304,164500,51.41,51.47,51.38,51.455,433821,0
XLF.US,5,20260304,165000,51.455,51.505,51.42,51.5,484548,0
XLF.US,5,20260304,165500,51.505,51.555,51.49,51.54,325112,0
XLF.US,5,20260304,170000,51.545,51.574,51.54,51.565,184838,0
XLF.US,5,20260304,170500,51.56,51.59,51.51,51.575,357606,0
XLF.US,5,20260304,171000,51.58,51.585,51.495,51.505,331628,0
XLF.US,5,20260304,171500,51.505,51.58,51.49,51.545,644369,0
XLF.US,5,20260304,172000,51.54,51.56,51.49,51.51,1386983,0
XLF.US,5,20260304,172500,51.51,51.58,51.5,51.565,1301491,0
XLF.US,5,20260304,173000,51.565,51.605,51.56,51.5835,542367,0
XLF.US,5,20260304,173500,51.59,51.605,51.515,51.52,263704,0
XLF.US,5,20260304,174000,51.525,51.605,51.52,51.595,258392,0
XLF.US,5,20260304,174500,51.595,51.615,51.555,51.57,211492,0
XLF.US,5,20260304,175000,51.57,51.59,51.5338,51.565,198708,0
XLF.US,5,20260304,175500,51.56,51.57,51.53,51.545,160147,0
XLF.US,5,20260304,180000,51.545,51.575,51.52,51.575,243824,0
XLF.US,5,20260304,180500,51.575,51.585,51.53,51.57,264646,0
XLF.US,5,20260304,181000,51.5702,51.575,51.53,51.55,147777,0
XLF.US,5,20260304,181500,51.55,51.565,51.515,51.525,164471,0
XLF.US,5,20260304,182000,51.525,51.555,51.48,51.495,205079,0
XLF.US,5,20260304,182500,51.495,51.51,51.45,51.45,780670,0
XLF.US,5,20260304,183000,51.455,51.465,51.38,51.455,391463,0
XLF.US,5,20260304,183500,51.455,51.49,51.42,51.4529,860231,0
XLF.US,5,20260304,184000,51.455,51.47,51.411,51.445,691635,0
XLF.US,5,20260304,184500,51.445,51.47,51.44,51.45,843547,0
XLF.US,5,20260304,185000,51.455,51.48,51.43,51.465,719105,0
XLF.US,5,20260304,185500,51.465,51.5,51.45,51.485,236101,0
XLF.US,5,20260304,190000,51.485,51.495,51.44,51.445,337869,0
XLF.US,5,20260304,190500,51.445,51.505,51.44,51.495,361033,0
XLF.US,5,20260304,191000,51.493,51.505,51.465,51.47,304074,0
XLF.US,5,20260304,191500,51.465,51.485,51.445,51.445,242169,0
XLF.US,5,20260304,192000,51.44,51.47,51.431,51.45,415055,0
XLF.US,5,20260304,192500,51.44,51.48,51.44,51.475,876541,0
XLF.US,5,20260304,193000,51.475,51.5,51.46,51.475,308966,0
XLF.US,5,20260304,193500,51.48,51.5199,51.4701,51.5055,359695,0
XLF.US,5,20260304,194000,51.505,51.5255,51.475,51.475,344488,0
XLF.US,5,20260304,194500,51.475,51.49,51.455,51.4899,220233,0
XLF.US,5,20260304,195000,51.485,51.4899,51.46,51.475,253462,0
XLF.US,5,20260304,195500,51.4701,51.505,51.46,51.495,177903,0
XLF.US,5,20260304,200000,51.495,51.56,51.495,51.545,195995,0
XLF.US,5,20260304,200500,51.545,51.57,51.54,51.565,267662,0
XLF.US,5,20260304,201000,51.565,51.575,51.51,51.525,384817,0
XLF.US,5,20260304,201500,51.525,51.535,51.51,51.5133,270426,0
XLF.US,5,20260304,202000,51.515,51.53,51.493,51.525,320951,0
XLF.US,5,20260304,202500,51.525,51.525,51.48,51.4925,169379,0
XLF.US,5,20260304,203000,51.5,51.535,51.495,51.53,203029,0
XLF.US,5,20260304,203500,51.535,51.555,51.52,51.54,241623,0
XLF.US,5,20260304,204000,51.545,51.565,51.53,51.565,431480,0
XLF.US,5,20260304,204500,51.565,51.585,51.555,51.585,223303,0
XLF.US,5,20260304,205000,51.58,51.625,51.575,51.605,220926,0
XLF.US,5,20260304,205500,51.605,51.605,51.56,51.575,182676,0
XLF.US,5,20260304,210000,51.58,51.6,51.5601,51.575,161286,0
XLF.US,5,20260304,210500,51.58,51.59,51.53,51.565,277785,0
XLF.US,5,20260304,211000,51.56,51.5699,51.531,51.5601,419662,0
XLF.US,5,20260304,211500,51.56,51.58,51.55,51.5501,262616,0
XLF.US,5,20260304,212000,51.555,51.5699,51.5114,51.54,381269,0
XLF.US,5,20260304,212500,51.545,51.57,51.54,51.55,295969,0
XLF.US,5,20260304,213000,51.545,51.57,51.5401,51.555,297417,0
XLF.US,5,20260304,213500,51.5515,51.57,51.54,51.555,507136,0
XLF.US,5,20260304,214000,51.555,51.6,51.545,51.595,556198,0
XLF.US,5,20260304,214500,51.59,51.65,51.59,51.645,576074,0
XLF.US,5,20260304,215000,51.64,51.65,51.56,51.58,1338530,0
XLF.US,5,20260304,215500,51.575,51.61,51.5,51.51,6459519,0
XLF.US,5,20260305,153000,51.25,51.74,51.23,51.67,1624642,0
XLF.US,5,20260305,153500,51.665,51.82,51.62,51.77,1103665,0
XLF.US,5,20260305,154000,51.775,51.775,51.585,51.64,698544,0
XLF.US,5,20260305,154500,51.645,51.645,51.405,51.41,767088,0
XLF.US,5,20260305,155000,51.41,51.475,51.3703,51.47,527189,0
XLF.US,5,20260305,155500,51.465,51.58,51.445,51.57,649895,0
XLF.US,5,20260305,160000,51.56,51.5699,51.315,51.32,1140910,0
XLF.US,5,20260305,160500,51.325,51.34,51.17,51.24,741415,0
XLF.US,5,20260305,161000,51.25,51.35,51.2,51.325,635542,0
XLF.US,5,20260305,161500,51.33,51.36,51.2,51.2282,592233,0
XLF.US,5,20260305,162000,51.2202,51.23,51.14,51.16,421903,0
XLF.US,5,20260305,162500,51.16,51.21,51.125,51.165,571512,0
XLF.US,5,20260305,163000,51.165,51.175,51.1,51.135,718211,0
XLF.US,5,20260305,163500,51.135,51.15,51.07,51.105,594708,0
XLF.US,5,20260305,164000,51.105,51.16,51.06,51.08,936018,0
XLF.US,5,20260305,164500,51.085,51.175,51.08,51.115,468422,0
XLF.US,5,20260305,165000,51.12,51.195,51.1,51.15,272621,0
XLF.US,5,20260305,165500,51.145,51.165,51.07,51.155,408657,0
XLF.US,5,20260305,170000,51.16,51.2,51.07,51.075,250716,0
XLF.US,5,20260305,170500,51.075,51.1099,51.02,51.03,416056,0
XLF.US,5,20260305,171000,51.02,51.06,50.98,51.04,585050,0
XLF.US,5,20260305,171500,51.045,51.095,51.01,51.025,422276,0
XLF.US,5,20260305,172000,51.025,51.045,50.98,51.005,575429,0
XLF.US,5,20260305,172500,51.005,51.085,50.98,51.05,292683,0
XLF.US,5,20260305,173000,51.05,51.12,51.025,51.065,615050,0
XLF.US,5,20260305,173500,51.065,51.16,51.05,51.135,280741,0
XLF.US,5,20260305,174000,51.14,51.17,51.0901,51.11,362306,0
XLF.US,5,20260305,174500,51.11,51.17,51.1,51.11,282816,0
XLF.US,5,20260305,175000,51.12,51.18,51.095,51.18,575924,0
XLF.US,5,20260305,175500,51.175,51.2,51.115,51.12,310779,0
XLF.US,5,20260305,180000,51.12,51.235,51.11,51.23,258002,0
XLF.US,5,20260305,180500,51.225,51.2299,51.14,51.17,414622,0
XLF.US,5,20260305,181000,51.16,51.2,51.11,51.155,795096,0
XLF.US,5,20260305,181500,51.155,51.16,51.085,51.09,251401,0
XLF.US,5,20260305,182000,51.1,51.135,51.075,51.085,382427,0
XLF.US,5,20260305,182500,51.09,51.115,51.05,51.08,333885,0
XLF.US,5,20260305,183000,51.075,51.095,51.015,51.035,405037,0
XLF.US,5,20260305,183500,51.035,51.205,51.035,51.185,546499,0
XLF.US,5,20260305,184000,51.185,51.215,51.1,51.11,1334470,0
XLF.US,5,20260305,184500,51.12,51.2,51.11,51.145,677684,0
XLF.US,5,20260305,185000,51.145,51.22,51.14,51.14,320692,0
XLF.US,5,20260305,185500,51.14,51.205,51.125,51.17,537800,0
XLF.US,5,20260305,190000,51.17,51.17,51.08,51.145,1366269,0
XLF.US,5,20260305,190500,51.14,51.195,51.12,51.195,321980,0
XLF.US,5,20260305,191000,51.19,51.27,51.18,51.25,341013,0
XLF.US,5,20260305,191500,51.25,51.255,51.125,51.13,179824,0
XLF.US,5,20260305,192000,51.14,51.18,51.125,51.13,294296,0
XLF.US,5,20260305,192500,51.135,51.155,51.085,51.14,318337,0
XLF.US,5,20260305,193000,51.135,51.225,51.115,51.15,1373536,0
XLF.US,5,20260305,193500,51.145,51.17,51.115,51.155,212372,0
XLF.US,5,20260305,194000,51.16,51.21,51.155,51.1996,185739,0
XLF.US,5,20260305,194500,51.195,51.195,51.085,51.095,220168,0
XLF.US,5,20260305,195000,51.09,51.095,51.055,51.065,296583,0
XLF.US,5,20260305,195500,51.065,51.105,51.065,51.095,201978,0
XLF.US,5,20260305,200000,51.095,51.14,51.061,51.07,253978,0
XLF.US,5,20260305,200500,51.0762,51.1169,51.075,51.0999,135411,0
XLF.US,5,20260305,201000,51.1,51.1355,51.08,51.125,129146,0
XLF.US,5,20260305,201500,51.12,51.12,51.01,51.045,262646,0
XLF.US,5,20260305,202000,51.055,51.085,51.015,51.035,189512,0
XLF.US,5,20260305,202500,51.04,51.05,50.9601,50.98,316948,0
XLF.US,5,20260305,203000,50.98,50.985,50.905,50.935,759157,0
XLF.US,5,20260305,203500,50.935,50.98,50.92,50.94,1047644,0
XLF.US,5,20260305,204000,50.94,50.9899,50.93,50.985,843181,0
XLF.US,5,20260305,204500,50.985,51.055,50.9401,51.04,337108,0
XLF.US,5,20260305,205000,51.035,51.08,51.02,51.025,290259,0
XLF.US,5,20260305,205500,51.02,51.08,51.015,51.055,438191,0
XLF.US,5,20260305,210000,51.05,51.09,51.015,51.085,392202,0
XLF.US,5,20260305,210500,51.085,51.155,51.05,51.135,868393,0
XLF.US,5,20260305,211000,51.135,51.19,51.13,51.1733,356564,0
XLF.US,5,20260305,211500,51.17,51.205,51.15,51.185,353668,0
XLF.US,5,20260305,212000,51.185,51.25,51.16,51.215,311757,0
XLF.US,5,20260305,212500,51.2197,51.26,51.19,51.195,455752,0
XLF.US,5,20260305,213000,51.19,51.21,51.17,51.19,465594,0
XLF.US,5,20260305,213500,51.19,51.26,51.19,51.235,689027,0
XLF.US,5,20260305,214000,51.23,51.255,51.21,51.25,593303,0
XLF.US,5,20260305,214500,51.25,51.285,51.18,51.285,705818,0
XLF.US,5,20260305,215000,51.285,51.31,51.205,51.295,1886306,0
XLF.US,5,20260305,215500,51.295,51.295,51.2,51.245,4426718,0
XLF.US,5,20260306,153000,50.44,50.51,50.01,50.095,2615954,0
XLF.US,5,20260306,153500,50.1,50.12,49.935,49.975,1678694,0
XLF.US,5,20260306,154000,49.965,49.99,49.88,49.945,1084574,0
XLF.US,5,20260306,154500,49.96,49.97,49.75,49.77,2927001,0
XLF.US,5,20260306,155000,49.775,49.93,49.76,49.85,843053,0
XLF.US,5,20260306,155500,49.86,49.925,49.82,49.875,912002,0
XLF.US,5,20260306,160000,49.87,50.085,49.87,50.03,1258277,0
XLF.US,5,20260306,160500,50.03,50.0864,49.92,49.95,931107,0
XLF.US,5,20260306,161000,49.95,50.08,49.94,50.05,823303,0
XLF.US,5,20260306,161500,50.055,50.135,50.025,50.125,731438,0
XLF.US,5,20260306,162000,50.125,50.25,50.12,50.215,666221,0
XLF.US,5,20260306,162500,50.215,50.255,50.145,50.215,665123,0
XLF.US,5,20260306,163000,50.22,50.3365,50.215,50.315,888574,0
XLF.US,5,20260306,163500,50.315,50.405,50.315,50.35,864895,0
XLF.US,5,20260306,164000,50.355,50.355,50.215,50.254,1153668,0
XLF.US,5,20260306,164500,50.25,50.27,50.13,50.175,1839371,0
XLF.US,5,20260306,165000,50.185,50.185,50.085,50.14,1594976,0
XLF.US,5,20260306,165500,50.135,50.29,50.13,50.27,1632892,0
XLF.US,5,20260306,170000,50.27,50.4,50.265,50.39,1128868,0
XLF.US,5,20260306,170500,50.38,50.4,50.31,50.315,1484938,0
XLF.US,5,20260306,171000,50.31,50.34,50.23,50.2301,472585,0
XLF.US,5,20260306,171500,50.23,50.305,50.22,50.3,510348,0
XLF.US,5,20260306,172000,50.3071,50.31,50.205,50.255,522075,0
XLF.US,5,20260306,172500,50.255,50.275,50.18,50.195,279228,0
XLF.US,5,20260306,173000,50.195,50.2599,50.16,50.205,548253,0
XLF.US,5,20260306,173500,50.205,50.32,50.205,50.305,546002,0
XLF.US,5,20260306,174000,50.3039,50.33,50.23,50.245,439686,0
XLF.US,5,20260306,174500,50.24,50.37,50.24,50.3599,395615,0
XLF.US,5,20260306,175000,50.36,50.395,50.285,50.295,468721,0
XLF.US,5,20260306,175500,50.295,50.38,50.27,50.35,697624,0
XLF.US,5,20260306,180000,50.345,50.39,50.315,50.345,548835,0
XLF.US,5,20260306,180500,50.3401,50.3451,50.225,50.235,447337,0
XLF.US,5,20260306,181000,50.24,50.29,50.22,50.235,1117490,0
XLF.US,5,20260306,181500,50.235,50.26,50.195,50.24,1380609,0
XLF.US,5,20260306,182000,50.24,50.31,50.19,50.285,685035,0
XLF.US,5,20260306,182500,50.285,50.3,50.205,50.26,340869,0
XLF.US,5,20260306,183000,50.265,50.285,50.24,50.265,245307,0
XLF.US,5,20260306,183500,50.265,50.265,50.14,50.155,272959,0
XLF.US,5,20260306,184000,50.17,50.17,50.05,50.09,632448,0
XLF.US,5,20260306,184500,50.085,50.15,50.085,50.15,496075,0
XLF.US,5,20260306,185000,50.145,50.1884,50.13,50.16,537671,0
XLF.US,5,20260306,185500,50.15,50.2193,50.13,50.165,418004,0
XLF.US,5,20260306,190000,50.16,50.275,50.155,50.235,533058,0
XLF.US,5,20260306,190500,50.235,50.31,50.225,50.295,248071,0
XLF.US,5,20260306,191000,50.295,50.41,50.27,50.365,429121,0
XLF.US,5,20260306,191500,50.365,50.385,50.31,50.365,350347,0
XLF.US,5,20260306,192000,50.36,50.385,50.28,50.295,327595,0
XLF.US,5,20260306,192500,50.295,50.31,50.23,50.265,318715,0
XLF.US,5,20260306,193000,50.265,50.32,50.26,50.275,528088,0
XLF.US,5,20260306,193500,50.275,50.3,50.205,50.225,361682,0
XLF.US,5,20260306,194000,50.225,50.265,50.21,50.24,506682,0
XLF.US,5,20260306,194500,50.24,50.26,50.205,50.24,486969,0
XLF.US,5,20260306,195000,50.235,50.24,50.165,50.185,358706,0
XLF.US,5,20260306,195500,50.19,50.25,50.17,50.225,253978,0
XLF.US,5,20260306,200000,50.225,50.26,50.215,50.235,338231,0
XLF.US,5,20260306,200500,50.235,50.285,50.225,50.245,307630,0
XLF.US,5,20260306,201000,50.24,50.35,50.235,50.35,312467,0
XLF.US,5,20260306,201500,50.345,50.39,50.33,50.385,174368,0
XLF.US,5,20260306,202000,50.385,50.405,50.34,50.35,288584,0
XLF.US,5,20260306,202500,50.345,50.405,50.32,50.4,216937,0
XLF.US,5,20260306,203000,50.39,50.426,50.375,50.415,243146,0
XLF.US,5,20260306,203500,50.415,50.43,50.3834,50.415,201260,0
XLF.US,5,20260306,204000,50.42,50.51,50.415,50.4439,383898,0
XLF.US,5,20260306,204500,50.445,50.48,50.42,50.475,244404,0
XLF.US,5,20260306,205000,50.47,50.505,50.45,50.5,310890,0
XLF.US,5,20260306,205500,50.5,50.53,50.4801,50.495,314713,0
XLF.US,5,20260306,210000,50.495,50.57,50.495,50.545,473378,0
XLF.US,5,20260306,210500,50.545,50.555,50.52,50.525,279186,0
XLF.US,5,20260306,211000,50.53,50.5351,50.46,50.485,341540,0
XLF.US,5,20260306,211500,50.48,50.5399,50.47,50.5177,498026,0
XLF.US,5,20260306,212000,50.51,50.535,50.475,50.475,316704,0
XLF.US,5,20260306,212500,50.48,50.49,50.43,50.485,540397,0
XLF.US,5,20260306,213000,50.485,50.53,50.47,50.49,863486,0
XLF.US,5,20260306,213500,50.485,50.52,50.44,50.51,802752,0
XLF.US,5,20260306,214000,50.515,50.58,50.455,50.465,1300534,0
XLF.US,5,20260306,214500,50.465,50.51,50.45,50.51,2598204,0
XLF.US,5,20260306,215000,50.51,50.525,50.4,50.49,3732767,0
XLF.US,5,20260306,215500,50.48,50.615,50.47,50.57,5671994,0
XLF.US,5,20260309,143000,49.92,50.085,49.761,49.815,2062681,0
XLF.US,5,20260309,143500,49.81,49.82,49.7135,49.73,1422347,0
XLF.US,5,20260309,144000,49.73,49.73,49.62,49.72,772459,0
XLF.US,5,20260309,144500,49.72,49.72,49.495,49.505,628955,0
XLF.US,5,20260309,145000,49.505,49.52,49.36,49.41,1117833,0
XLF.US,5,20260309,145500,49.405,49.54,49.38,49.4401,1092740,0
XLF.US,5,20260309,150000,49.44,49.525,49.41,49.515,611819,0
XLF.US,5,20260309,150500,49.51,49.52,49.24,49.31,642633,0
XLF.US,5,20260309,151000,49.3,49.32,49.18,49.265,567415,0
XLF.US,5,20260309,151500,49.27,49.325,49.215,49.245,776910,0
XLF.US,5,20260309,152000,49.24,49.405,49.19,49.335,1219915,0
XLF.US,5,20260309,152500,49.33,49.375,49.235,49.265,818026,0
XLF.US,5,20260309,153000,49.265,49.37,49.26,49.36,828343,0
XLF.US,5,20260309,153500,49.36,49.415,49.305,49.385,547239,0
XLF.US,5,20260309,154000,49.38,49.415,49.321,49.415,534924,0
XLF.US,5,20260309,154500,49.415,49.425,49.38,49.395,555770,0
XLF.US,5,20260309,155000,49.395,49.515,49.365,49.5133,890524,0
XLF.US,5,20260309,155500,49.515,49.545,49.405,49.44,1235353,0
XLF.US,5,20260309,160000,49.44,49.53,49.42,49.525,918791,0
XLF.US,5,20260309,160500,49.525,49.535,49.3739,49.395,554150,0
XLF.US,5,20260309,161000,49.395,49.49,49.375,49.49,569273,0
XLF.US,5,20260309,161500,49.5,49.535,49.475,49.51,453157,0
XLF.US,5,20260309,162000,49.51,49.59,49.495,49.585,456466,0
XLF.US,5,20260309,162500,49.58,49.625,49.545,49.625,654218,0
XLF.US,5,20260309,163000,49.62,49.63,49.49,49.505,879617,0
XLF.US,5,20260309,163500,49.495,49.5167,49.46,49.475,524425,0
XLF.US,5,20260309,164000,49.475,49.51,49.455,49.4934,464794,0
XLF.US,5,20260309,164500,49.491,49.58,49.491,49.515,534828,0
XLF.US,5,20260309,165000,49.51,49.5669,49.495,49.555,496688,0
XLF.US,5,20260309,165500,49.55,49.605,49.545,49.55,498021,0
XLF.US,5,20260309,170000,49.56,49.63,49.5203,49.615,668801,0
XLF.US,5,20260309,170500,49.62,49.64,49.6,49.625,393863,0
XLF.US,5,20260309,171000,49.625,49.66,49.6,49.6385,419271,0
XLF.US,5,20260309,171500,49.63,49.64,49.581,49.636,397364,0
XLF.US,5,20260309,172000,49.63,49.73,49.59,49.695,2979112,0
XLF.US,5,20260309,172500,49.69,49.79,49.69,49.745,859467,0
XLF.US,5,20260309,173000,49.75,49.76,49.66,49.7,943530,0
XLF.US,5,20260309,173500,49.7,49.745,49.681,49.705,1071875,0
XLF.US,5,20260309,174000,49.705,49.78,49.7,49.77,358863,0
XLF.US,5,20260309,174500,49.765,49.8099,49.765,49.79,171425,0
XLF.US,5,20260309,175000,49.795,49.82,49.7639,49.765,586148,0
XLF.US,5,20260309,175500,49.765,49.795,49.71,49.715,538658,0
XLF.US,5,20260309,180000,49.72,49.73,49.65,49.685,368556,0
XLF.US,5,20260309,180500,49.685,49.6961,49.665,49.685,335992,0
XLF.US,5,20260309,181000,49.69,49.695,49.64,49.685,414522,0
XLF.US,5,20260309,181500,49.6871,49.7099,49.65,49.655,392264,0
XLF.US,5,20260309,182000,49.655,49.67,49.62,49.625,453513,0
XLF.US,5,20260309,182500,49.63,49.63,49.575,49.5903,842445,0
XLF.US,5,20260309,183000,49.595,49.61,49.555,49.575,469117,0
XLF.US,5,20260309,183500,49.575,49.58,49.55,49.555,233105,0
XLF.US,5,20260309,184000,49.555,49.5707,49.51,49.515,476709,0
XLF.US,5,20260309,184500,49.515,49.5799,49.515,49.56,412982,0
XLF.US,5,20260309,185000,49.55,49.6,49.545,49.595,436246,0
XLF.US,5,20260309,185500,49.59,49.61,49.5501,49.555,361546,0
XLF.US,5,20260309,190000,49.555,49.61,49.555,49.585,229615,0
XLF.US,5,20260309,190500,49.585,49.645,49.531,49.545,461938,0
XLF.US,5,20260309,191000,49.545,49.565,49.5,49.53,355636,0
XLF.US,5,20260309,191500,49.525,49.6102,49.505,49.605,283675,0
XLF.US,5,20260309,192000,49.605,49.66,49.565,49.575,348203,0
XLF.US,5,20260309,192500,49.575,49.605,49.56,49.602462,305915,0
XLF.US,5,20260309,193000,49.6,49.675,49.595,49.665,936319,0
XLF.US,5,20260309,193500,49.66,49.7051,49.65,49.695,520552,0
XLF.US,5,20260309,194000,49.695,49.7,49.66,49.67,297902,0
XLF.US,5,20260309,194500,49.67,49.69,49.63,49.6431,337365,0
XLF.US,5,20260309,195000,49.645,49.705,49.62,49.665,653628,0
XLF.US,5,20260309,195500,49.665,49.67,49.57,49.595,1411584,0
XLF.US,5,20260309,200000,49.6,49.675,49.6,49.665,418684,0
XLF.US,5,20260309,200500,49.66,49.685,49.64,49.675,362108,0
XLF.US,5,20260309,201000,49.675,49.685,49.64,49.66,574755,0
XLF.US,5,20260309,201500,49.6531,49.745,49.641,49.745,1142407,0
XLF.US,5,20260309,202000,49.75,50.09,49.75,50.08,1628738,0
XLF.US,5,20260309,202500,50.08,50.28,50.065,50.27,1461908,0
XLF.US,5,20260309,203000,50.275,50.39,50.1539,50.38,1406188,0
XLF.US,5,20260309,203500,50.38,50.52,50.31,50.485,2327657,0
XLF.US,5,20260309,204000,50.48,50.48,50.295,50.36,4016044,0
XLF.US,5,20260309,204500,50.355,50.395,50.3101,50.355,993951,0
XLF.US,5,20260309,205000,50.36,50.37,50.265,50.28,2341603,0
XLF.US,5,20260309,205500,50.29,50.34,50.245,50.33,3138752,0
XLF.US,5,20260310,143000,50.3,50.41,50.27,50.32,1431857,0
XLF.US,5,20260310,143500,50.32,50.36,50.15,50.18,842703,0
XLF.US,5,20260310,144000,50.18,50.225,49.96,50,733521,0
XLF.US,5,20260310,144500,50.005,50.045,49.91,50.005,946780,0
XLF.US,5,20260310,145000,50.005,50.04,49.85,49.97,2185041,0
XLF.US,5,20260310,145500,49.965,49.975,49.825,49.87,592060,0
XLF.US,5,20260310,150000,49.875,49.97,49.825,49.96,1033114,0
XLF.US,5,20260310,150500,49.97,50.035,49.82,49.82,847525,0
XLF.US,5,20260310,151000,49.82,49.83,49.75,49.805,1606553,0
XLF.US,5,20260310,151500,49.805,49.975,49.785,49.966299,935221,0
XLF.US,5,20260310,152000,49.955,50.065,49.955,50.055,356663,0
XLF.US,5,20260310,152500,50.06,50.13,50.0501,50.11,539334,0
XLF.US,5,20260310,153000,50.105,50.215,50.1,50.205,425259,0
XLF.US,5,20260310,153500,50.205,50.25,50.185,50.2499,590425,0
XLF.US,5,20260310,154000,50.24,50.32,50.235,50.305,395840,0
XLF.US,5,20260310,154500,50.305,50.36,50.2629,50.36,2772830,0
XLF.US,5,20260310,155000,50.36,50.405,50.33,50.395,540663,0
XLF.US,5,20260310,155500,50.395,50.43,50.3826,50.4053,663482,0
XLF.US,5,20260310,160000,50.4,50.4199,50.355,50.355,304006,0
XLF.US,5,20260310,160500,50.355,50.365,50.285,50.305,321298,0
XLF.US,5,20260310,161000,50.305,50.32,50.26,50.31,2594537,0
XLF.US,5,20260310,161500,50.31,50.3955,50.31,50.375,503936,0
XLF.US,5,20260310,162000,50.37,50.38,50.345,50.365,296599,0
XLF.US,5,20260310,162500,50.36,50.395,50.345,50.39,311797,0
XLF.US,5,20260310,163000,50.39,50.39,50.33,50.345,355687,0
XLF.US,5,20260310,163500,50.345,50.375,50.335,50.3606,298982,0
XLF.US,5,20260310,164000,50.36,50.42,50.325,50.405,208250,0
XLF.US,5,20260310,164500,50.405,50.415,50.335,50.365,413933,0
XLF.US,5,20260310,165000,50.365,50.39,50.285,50.3001,1711359,0
XLF.US,5,20260310,165500,50.3,50.3455,50.295,50.335,293229,0
XLF.US,5,20260310,170000,50.335,50.34,50.3001,50.325,170545,0
XLF.US,5,20260310,170500,50.325,50.325,50.235,50.27,806365,0
XLF.US,5,20260310,171000,50.275,50.36,50.26,50.35,1644499,0
XLF.US,5,20260310,171500,50.35,50.3861,50.31,50.365,2366394,0
XLF.US,5,20260310,172000,50.37,50.3799,50.3299,50.345,257521,0
XLF.US,5,20260310,172500,50.345,50.4,50.315,50.335,711450,0
XLF.US,5,20260310,173000,50.34,50.43,50.3377,50.43,368149,0
XLF.US,5,20260310,173500,50.43,50.465,50.42,50.445,457188,0
XLF.US,5,20260310,174000,50.44,50.46,50.43,50.445,370945,0
XLF.US,5,20260310,174500,50.44,50.44,50.355,50.42,188836,0
XLF.US,5,20260310,175000,50.425,50.48,50.405,50.46,258607,0
XLF.US,5,20260310,175500,50.455,50.475,50.42,50.425,597631,0
XLF.US,5,20260310,180000,50.42,50.4787,50.41,50.46,352045,0
XLF.US,5,20260310,180500,50.465,50.5264,50.465,50.495,273386,0
XLF.US,5,20260310,181000,50.495,50.52,50.455,50.4799,325174,0
XLF.US,5,20260310,181500,50.48,50.615,50.4766,50.615,459567,0
XLF.US,5,20260310,182000,50.615,50.64,50.585,50.625,766646,0
XLF.US,5,20260310,182500,50.6201,50.6899,50.62,50.685,470634,0
XLF.US,5,20260310,183000,50.6801,50.6801,50.56,50.56,519868,0
XLF.US,5,20260310,183500,50.565,50.575,50.4,50.44,996837,0
XLF.US,5,20260310,184000,50.44,50.49,50.395,50.485,643913,0
XLF.US,5,20260310,184500,50.485,50.605,50.48,50.605,718827,0
XLF.US,5,20260310,185000,50.6,50.61,50.57,50.585,719108,0
XLF.US,5,20260310,185500,50.585,50.615,50.56,50.565,581327,0
XLF.US,5,20260310,190000,50.56,50.6,50.525,50.595,611969,0
XLF.US,5,20260310,190500,50.595,50.595,50.54,50.545,781483,0
XLF.US,5,20260310,191000,50.54,50.5999,50.34,50.35,884524,0
XLF.US,5,20260310,191500,50.355,50.355,50.135,50.17,1053664,0
XLF.US,5,20260310,192000,50.16,50.25,50.1,50.205,936987,0
XLF.US,5,20260310,192500,50.205,50.325,50.2,50.275,716390,0
XLF.US,5,20260310,193000,50.28,50.375,50.25,50.3,624539,0
XLF.US,5,20260310,193500,50.3,50.35,50.21,50.2566,490004,0
XLF.US,5,20260310,194000,50.255,50.29,50.225,50.255,243777,0
XLF.US,5,20260310,194500,50.25,50.29,50.2301,50.255,398795,0
XLF.US,5,20260310,195000,50.26,50.31,50.21,50.255,349699,0
XLF.US,5,20260310,195500,50.255,50.275,50.2142,50.245,240499,0
XLF.US,5,20260310,200000,50.25,50.325,50.25,50.29,313970,0
XLF.US,5,20260310,200500,50.28,50.3,50.25,50.265,348590,0
XLF.US,5,20260310,201000,50.27,50.285,50.2101,50.265,663892,0
XLF.US,5,20260310,201500,50.265,50.315,50.265,50.29,346144,0
XLF.US,5,20260310,202000,50.295,50.295,50.175,50.225,585820,0
XLF.US,5,20260310,202500,50.22,50.2262,50.135,50.14,474197,0
XLF.US,5,20260310,203000,50.15,50.155,50.105,50.125,499858,0
XLF.US,5,20260310,203500,50.125,50.175,50.105,50.165,478214,0
XLF.US,5,20260310,204000,50.165,50.22,50.11,50.17,1325726,0
XLF.US,5,20260310,204500,50.17,50.19,50.1,50.115,624553,0
XLF.US,5,20260310,205000,50.12,50.15,50.08,50.1138,1430419,0
XLF.US,5,20260310,205500,50.115,50.135,50.02,50.06,7233356,0
XLF.US,5,20260311,143000,49.91,50.06,49.91,49.99,1233022,0
XLF.US,5,20260311,143500,49.985,50.12,49.96,50.025,970446,0
XLF.US,5,20260311,144000,50.025,50.07,49.83,49.86,729619,0
XLF.US,5,20260311,144500,49.86,49.88,49.76,49.799,935651,0
XLF.US,5,20260311,145000,49.8,49.94,49.745,49.855,956700,0
XLF.US,5,20260311,145500,49.855,49.915,49.805,49.86,1056971,0
XLF.US,5,20260311,150000,49.86,50.05,49.785,49.8,1087717,0
XLF.US,5,20260311,150500,49.8,49.91,49.76,49.89,559546,0
XLF.US,5,20260311,151000,49.89,49.9,49.715,49.765,736246,0
XLF.US,5,20260311,151500,49.77,49.79,49.69,49.735,403202,0
XLF.US,5,20260311,152000,49.735,49.735,49.518,49.525,729874,0
XLF.US,5,20260311,152500,49.52,49.52,49.41,49.455,735046,0
XLF.US,5,20260311,153000,49.455,49.58,49.445,49.5399,775945,0
XLF.US,5,20260311,153500,49.535,49.705,49.535,49.69,911079,0
XLF.US,5,20260311,154000,49.69,49.76,49.65,49.745,1743651,0
XLF.US,5,20260311,154500,49.7401,49.77,49.69,49.75,492220,0
XLF.US,5,20260311,155000,49.755,49.785,49.715,49.755,553294,0
XLF.US,5,20260311,155500,49.7501,49.765,49.713454,49.745,360308,0
XLF.US,5,20260311,160000,49.745,49.805,49.545,49.605,627598,0
XLF.US,5,20260311,160500,49.61,49.61,49.475,49.5,494292,0
XLF.US,5,20260311,161000,49.5,49.52,49.375,49.375,822684,0
XLF.US,5,20260311,161500,49.375,49.4499,49.33,49.44,1164004,0
XLF.US,5,20260311,162000,49.44,49.54,49.415,49.5,560148,0
XLF.US,5,20260311,162500,49.5,49.53,49.42,49.42,717215,0
XLF.US,5,20260311,163000,49.425,49.44,49.355,49.425,1704991,0
XLF.US,5,20260311,163500,49.425,49.46,49.375,49.385,385384,0
XLF.US,5,20260311,164000,49.38,49.395,49.33,49.33,714586,0
XLF.US,5,20260311,164500,49.33,49.36,49.2235,49.25,1293446,0
XLF.US,5,20260311,165000,49.25,49.36,49.2422,49.355,637675,0
XLF.US,5,20260311,165500,49.355,49.3661,49.27,49.295,364501,0
XLF.US,5,20260311,170000,49.295,49.34,49.27,49.2761,1001104,0
XLF.US,5,20260311,170500,49.28,49.36,49.265,49.265,736306,0
XLF.US,5,20260311,171000,49.27,49.3573,49.265,49.35,381614,0
XLF.US,5,20260311,171500,49.34,49.38,49.32,49.32,228361,0
XLF.US,5,20260311,172000,49.32,49.385,49.295,49.355,323624,0
XLF.US,5,20260311,172500,49.3553,49.405,49.34,49.4,372943,0
XLF.US,5,20260311,173000,49.4,49.465,49.4,49.465,465935,0
XLF.US,5,20260311,173500,49.465,49.4851,49.42,49.455,283540,0
XLF.US,5,20260311,174000,49.46,49.515,49.46,49.49,587648,0
XLF.US,5,20260311,174500,49.49,49.52,49.465,49.495,397936,0
XLF.US,5,20260311,175000,49.5,49.575,49.5,49.565,458481,0
XLF.US,5,20260311,175500,49.56,49.585,49.51,49.585,373763,0
XLF.US,5,20260311,180000,49.5801,49.582,49.52,49.5401,442410,0
XLF.US,5,20260311,180500,49.545,49.59,49.53,49.56,310103,0
XLF.US,5,20260311,181000,49.55,49.565,49.49,49.515,397146,0
XLF.US,5,20260311,181500,49.515,49.5461,49.5,49.515,350716,0
XLF.US,5,20260311,182000,49.52,49.595,49.505,49.595,331575,0
XLF.US,5,20260311,182500,49.59,49.685,49.59,49.655,246263,0
XLF.US,5,20260311,183000,49.655,49.6677,49.615,49.625,555275,0
XLF.US,5,20260311,183500,49.625,49.63,49.425,49.495,691919,0
XLF.US,5,20260311,184000,49.5,49.5299,49.43,49.4699,486126,0
XLF.US,5,20260311,184500,49.47,49.51,49.405,49.44,403718,0
XLF.US,5,20260311,185000,49.45,49.535,49.445,49.475,400683,0
XLF.US,5,20260311,185500,49.47,49.48,49.4151,49.48,459000,0
XLF.US,5,20260311,190000,49.47,49.52,49.455,49.505,249773,0
XLF.US,5,20260311,190500,49.505,49.515,49.42,49.42,226984,0
XLF.US,5,20260311,191000,49.43,49.4462,49.39,49.445,778999,0
XLF.US,5,20260311,191500,49.44,49.515,49.44,49.515,225048,0
XLF.US,5,20260311,192000,49.5199,49.535,49.46,49.495,407370,0
XLF.US,5,20260311,192500,49.49,49.585,49.485,49.58,181556,0
XLF.US,5,20260311,193000,49.57,49.58,49.53,49.57,423357,0
XLF.US,5,20260311,193500,49.57,49.5717,49.495,49.495,229431,0
XLF.US,5,20260311,194000,49.5,49.53,49.475,49.515,231176,0
XLF.US,5,20260311,194500,49.52,49.555,49.5134,49.5302,276288,0
XLF.US,5,20260311,195000,49.535,49.6,49.525,49.565,356042,0
XLF.US,5,20260311,195500,49.57,49.585,49.49,49.525,408981,0
XLF.US,5,20260311,200000,49.525,49.54,49.48,49.525,320245,0
XLF.US,5,20260311,200500,49.52,49.5399,49.485,49.505,252234,0
XLF.US,5,20260311,201000,49.51,49.52,49.475,49.5,265470,0
XLF.US,5,20260311,201500,49.5,49.55,49.485,49.545,222760,0
XLF.US,5,20260311,202000,49.54,49.565,49.525,49.565,391830,0
XLF.US,5,20260311,202500,49.565,49.595,49.54,49.565,281720,0
XLF.US,5,20260311,203000,49.565,49.635,49.56,49.625,667250,0
XLF.US,5,20260311,203500,49.625,49.67,49.61,49.665,657444,0
XLF.US,5,20260311,204000,49.665,49.685,49.64,49.685,770036,0
XLF.US,5,20260311,204500,49.68,49.69,49.61,49.615,653699,0
XLF.US,5,20260311,205000,49.61,49.65,49.57,49.635,1501650,0
XLF.US,5,20260311,205500,49.64,49.66,49.61,49.64,4312659,0
XLF.US,5,20260312,143000,48.98,49.055,48.9,48.94,3143644,0
XLF.US,5,20260312,143500,48.94,49.155,48.915,49.15,1542546,0
XLF.US,5,20260312,144000,49.145,49.22,49.08,49.08,1731922,0
XLF.US,5,20260312,144500,49.08,49.105,48.96,49.1,1232689,0
XLF.US,5,20260312,145000,49.105,49.155,48.955,48.96,626938,0
XLF.US,5,20260312,145500,48.96,49.01,48.9,48.98,972660,0
XLF.US,5,20260312,150000,48.98,49.12,48.98,49.065,1036764,0
XLF.US,5,20260312,150500,49.065,49.105,48.98,49.075,977806,0
XLF.US,5,20260312,151000,49.08,49.145,49.075,49.09,515261,0
XLF.US,5,20260312,151500,49.09,49.125,48.975,48.995,719194,0
XLF.US,5,20260312,152000,48.99,49.015,48.91,49,612585,0
XLF.US,5,20260312,152500,49,49.065,48.95,48.955,778363,0
XLF.US,5,20260312,153000,48.955,48.965,48.9,48.955,318514,0
XLF.US,5,20260312,153500,48.955,49.05,48.955,49.015,522108,0
XLF.US,5,20260312,154000,49.02,49.115,48.981,49.095,670037,0
XLF.US,5,20260312,154500,49.1,49.205,49.0845,49.12,562481,0
XLF.US,5,20260312,155000,49.12,49.125,49.03,49.1,468316,0
XLF.US,5,20260312,155500,49.11,49.135,49.065,49.085,580024,0
XLF.US,5,20260312,160000,49.08,49.1094,48.98,48.995,521227,0
XLF.US,5,20260312,160500,48.99,49.045,48.985,48.995,847557,0
XLF.US,5,20260312,161000,48.99,49.0099,48.91,48.93,447319,0
XLF.US,5,20260312,161500,48.93,48.99,48.9,48.94,867783,0
XLF.US,5,20260312,162000,48.94,48.9699,48.87,48.95,1444453,0
XLF.US,5,20260312,162500,48.955,49.0057,48.915,48.94,494890,0
XLF.US,5,20260312,163000,48.935,48.96,48.9003,48.955,518574,0
XLF.US,5,20260312,163500,48.95,49.06,48.88,49.055,640002,0
XLF.US,5,20260312,164000,49.06,49.12,48.995,49.085,1781579,0
XLF.US,5,20260312,164500,49.085,49.11,48.99,49.03,830770,0
XLF.US,5,20260312,165000,49.03,49.0799,48.985,49.065,463273,0
XLF.US,5,20260312,165500,49.065,49.08,49.015,49.035,384992,0
XLF.US,5,20260312,170000,49.035,49.0899,49.025,49.06,575757,0
XLF.US,5,20260312,170500,49.065,49.095,48.89,48.905,540455,0
XLF.US,5,20260312,171000,48.91,48.975,48.87,48.9501,506493,0
XLF.US,5,20260312,171500,48.95,49.015,48.945,48.995,1275106,0
XLF.US,5,20260312,172000,49.01,49.165,48.995,49.0302,873006,0
XLF.US,5,20260312,172500,49.03,49.045,48.915,48.93,388769,0
XLF.US,5,20260312,173000,48.935,48.965,48.8501,48.92,381803,0
XLF.US,5,20260312,173500,48.91,49.045,48.9045,49,1778407,0
XLF.US,5,20260312,174000,49,49.01,48.925,48.97,524052,0
XLF.US,5,20260312,174500,48.96,48.985,48.84,48.9,420053,0
XLF.US,5,20260312,175000,48.9,48.9189,48.865,48.9,451799,0
XLF.US,5,20260312,175500,48.9,48.93,48.845,48.915,536788,0
XLF.US,5,20260312,180000,48.91,48.955,48.885,48.95,336049,0
XLF.US,5,20260312,180500,48.955,49.015,48.885,48.9,487295,0
XLF.US,5,20260312,181000,48.9,48.945,48.875,48.885,449224,0
XLF.US,5,20260312,181500,48.885,48.905,48.845,48.8451,520446,0
XLF.US,5,20260312,182000,48.845,48.95,48.845,48.925,619003,0
XLF.US,5,20260312,182500,48.925,48.9469,48.88,48.9,1464339,0
XLF.US,5,20260312,183000,48.895,48.97,48.895,48.945,444903,0
XLF.US,5,20260312,183500,48.945,49,48.9342,48.99,436669,0
XLF.US,5,20260312,184000,49,49.02,48.9,48.9199,266837,0
XLF.US,5,20260312,184500,48.915,48.935,48.885,48.9,254209,0
XLF.US,5,20260312,185000,48.9,48.955,48.87,48.875,227245,0
XLF.US,5,20260312,185500,48.875,48.91,48.8431,48.895,302250,0
XLF.US,5,20260312,190000,48.9,48.945,48.88,48.915,408223,0
XLF.US,5,20260312,190500,48.913,48.945,48.89,48.9,314645,0
XLF.US,5,20260312,191000,48.895,48.95,48.8901,48.9473,301384,0
XLF.US,5,20260312,191500,48.95,48.97,48.855,48.86,367134,0
XLF.US,5,20260312,192000,48.86,48.8999,48.85,48.87,369042,0
XLF.US,5,20260312,192500,48.87,48.89,48.8344,48.885,278219,0
XLF.US,5,20260312,193000,48.885,48.905,48.855,48.86,199986,0
XLF.US,5,20260312,193500,48.855,48.8699,48.815,48.84,339315,0
XLF.US,5,20260312,194000,48.8499,48.86,48.8,48.8469,809527,0
XLF.US,5,20260312,194500,48.845,48.875,48.81,48.825,421679,0
XLF.US,5,20260312,195000,48.825,48.875,48.8,48.835,1053522,0
XLF.US,5,20260312,195500,48.83,48.845,48.8,48.825,360025,0
XLF.US,5,20260312,200000,48.825,48.875,48.79,48.8366,984398,0
XLF.US,5,20260312,200500,48.835,48.9,48.835,48.89,512255,0
XLF.US,5,20260312,201000,48.895,48.915,48.855,48.895,545816,0
XLF.US,5,20260312,201500,48.9,48.93,48.87,48.905,284792,0
XLF.US,5,20260312,202000,48.9,48.95,48.89,48.9,463875,0
XLF.US,5,20260312,202500,48.905,48.93,48.89,48.925,189029,0
XLF.US,5,20260312,203000,48.93,48.98,48.9201,48.945,496210,0
XLF.US,5,20260312,203500,48.95,48.95,48.885,48.92,1403539,0
XLF.US,5,20260312,204000,48.92,48.92,48.88,48.9,941931,0
XLF.US,5,20260312,204500,48.905,48.91,48.84,48.855,1171923,0
XLF.US,5,20260312,205000,48.85,48.88,48.82,48.865,1688588,0
XLF.US,5,20260312,205500,48.87,48.9,48.79,48.83,4206031,0
XLF.US,5,20260313,143000,49.11,49.37,49.105,49.285,2889751,0
XLF.US,5,20260313,143500,49.285,49.4,49.2122,49.395,1295052,0
XLF.US,5,20260313,144000,49.39,49.46,49.34,49.45,944719,0
XLF.US,5,20260313,144500,49.45,49.45,49.23,49.23,940375,0
XLF.US,5,20260313,145000,49.23,49.27,49.17,49.26,776724,0
XLF.US,5,20260313,145500,49.26,49.265,49.165,49.2234,442831,0
XLF.US,5,20260313,150000,49.22,49.26,49.1001,49.165,593032,0
XLF.US,5,20260313,150500,49.17,49.21,49.08,49.11,684182,0
XLF.US,5,20260313,151000,49.11,49.14,49.08,49.125,459655,0
XLF.US,5,20260313,151500,49.13,49.14,49.06,49.1,444504,0
XLF.US,5,20260313,152000,49.1,49.22,49.0999,49.22,419836,0
XLF.US,5,20260313,152500,49.215,49.2499,49.185,49.24,401982,0
XLF.US,5,20260313,153000,49.2402,49.365,49.24,49.34,645508,0
XLF.US,5,20260313,153500,49.335,49.375,49.2701,49.3233,432709,0
XLF.US,5,20260313,154000,49.325,49.325,49.21,49.24,481835,0
XLF.US,5,20260313,154500,49.245,49.2599,49.135,49.22,497152,0
XLF.US,5,20260313,155000,49.23,49.275,49.205,49.2701,406828,0
XLF.US,5,20260313,155500,49.27,49.295,49.1901,49.23,813874,0
XLF.US,5,20260313,160000,49.24,49.26,49.1501,49.165,568793,0
XLF.US,5,20260313,160500,49.17,49.2378,49.15,49.23,658943,0
XLF.US,5,20260313,161000,49.235,49.255,49.1701,49.24,273246,0
XLF.US,5,20260313,161500,49.25,49.26,49.195,49.195,413202,0
XLF.US,5,20260313,162000,49.195,49.23,49.1,49.1,491244,0
XLF.US,5,20260313,162500,49.095,49.105,49.05,49.075,487099,0
XLF.US,5,20260313,163000,49.075,49.1598,49.07,49.135,456566,0
XLF.US,5,20260313,163500,49.135,49.15,49.02,49.075,310497,0
XLF.US,5,20260313,164000,49.07,49.095,49.02,49.08,543859,0
XLF.US,5,20260313,164500,49.085,49.22,49.05,49.16,840066,0
XLF.US,5,20260313,165000,49.165,49.1799,49.1,49.1378,442433,0
XLF.US,5,20260313,165500,49.135,49.145,49.06,49.095,476448,0
XLF.US,5,20260313,170000,49.095,49.155,49.055,49.09,383983,0
XLF.US,5,20260313,170500,49.0823,49.12,49.055,49.1,324367,0
XLF.US,5,20260313,171000,49.1,49.145,49.065,49.095,557535,0
XLF.US,5,20260313,171500,49.095,49.115,49.045,49.095,384889,0
XLF.US,5,20260313,172000,49.095,49.13,49.065,49.075,361386,0
XLF.US,5,20260313,172500,49.08,49.12,49.049,49.1,184330,0
XLF.US,5,20260313,173000,49.0999,49.13,49.0536,49.065,257887,0
XLF.US,5,20260313,173500,49.07,49.15,49.065,49.0935,301417,0
XLF.US,5,20260313,174000,49.085,49.12,49.04,49.04,265172,0
XLF.US,5,20260313,174500,49.04,49.055,48.99,49.055,183692,0
XLF.US,5,20260313,175000,49.055,49.125,49.045,49.1,277224,0
XLF.US,5,20260313,175500,49.1,49.115,49.0101,49.025,702611,0
XLF.US,5,20260313,180000,49.03,49.08,49.0165,49.05,293091,0
XLF.US,5,20260313,180500,49.045,49.095,49.045,49.08,210474,0
XLF.US,5,20260313,181000,49.085,49.12,49.03,49.12,355409,0
XLF.US,5,20260313,181500,49.125,49.14,49.073,49.115,198239,0
XLF.US,5,20260313,182000,49.115,49.125,49.005,49.06,323422,0
XLF.US,5,20260313,182500,49.0602,49.07,49.02,49.05,248034,0
XLF.US,5,20260313,183000,49.05,49.06,48.98,48.9951,321594,0
XLF.US,5,20260313,183500,49,49.05,48.9699,49.035,399676,0
XLF.US,5,20260313,184000,49.035,49.06,49,49.045,404819,0
XLF.US,5,20260313,184500,49.05,49.06,48.9,48.91,293802,0
XLF.US,5,20260313,185000,48.9,48.9201,48.865,48.895,307938,0
XLF.US,5,20260313,185500,48.895,48.935,48.8899,48.925,324813,0
XLF.US,5,20260313,190000,48.93,48.965,48.915,48.9599,260824,0
XLF.US,5,20260313,190500,48.96,48.96,48.9125,48.955,395163,0
XLF.US,5,20260313,191000,48.955,48.995,48.94,48.97,388820,0
XLF.US,5,20260313,191500,48.97,48.985,48.93,48.94,360959,0
XLF.US,5,20260313,192000,48.945,48.97,48.935,48.96,320538,0
XLF.US,5,20260313,192500,48.96,48.99,48.95,48.99,361605,0
XLF.US,5,20260313,193000,48.985,49.045,48.965,49.025,408680,0
XLF.US,5,20260313,193500,49.02,49.055,49.005,49.035,292516,0
XLF.US,5,20260313,194000,49.03,49.06,49.005,49.0599,326799,0
XLF.US,5,20260313,194500,49.05,49.08,49.035,49.07,428127,0
XLF.US,5,20260313,195000,49.06,49.095,49.03,49.0739,376945,0
XLF.US,5,20260313,195500,49.07,49.07,49.025,49.05,346353,0
XLF.US,5,20260313,200000,49.055,49.06,49.03,49.04,375038,0
XLF.US,5,20260313,200500,49.035,49.045,49,49.0351,259754,0
XLF.US,5,20260313,201000,49.035,49.0699,49,49.035,343398,0
XLF.US,5,20260313,201500,49.035,49.06,49.01,49.04,602379,0
XLF.US,5,20260313,202000,49.035,49.035,48.95,48.975,351933,0
XLF.US,5,20260313,202500,48.98,48.98,48.885,48.9,464554,0
XLF.US,5,20260313,203000,48.905,48.9699,48.905,48.935,500877,0
XLF.US,5,20260313,203500,48.94,48.945,48.87,48.875,537453,0
XLF.US,5,20260313,204000,48.875,48.885,48.845,48.88,1182844,0
XLF.US,5,20260313,204500,48.8799,48.9,48.85,48.895,674084,0
XLF.US,5,20260313,205000,48.895,48.92,48.865,48.875,1020627,0
XLF.US,5,20260313,205500,48.88,48.9,48.86,48.89,2813191,0
XLF.US,5,20260316,143000,49.275,49.355,49.24,49.26,1274237,0
XLF.US,5,20260316,143500,49.26,49.355,49.225,49.355,823189,0
XLF.US,5,20260316,144000,49.36,49.535,49.36,49.5299,2702877,0
XLF.US,5,20260316,144500,49.52,49.59,49.49,49.525,2074566,0
XLF.US,5,20260316,145000,49.53,49.545,49.44,49.455,689258,0
XLF.US,5,20260316,145500,49.45,49.62,49.45,49.615,1402083,0
XLF.US,5,20260316,150000,49.615,49.66,49.52,49.625,1773427,0
XLF.US,5,20260316,150500,49.625,49.7,49.615,49.685,1154915,0
XLF.US,5,20260316,151000,49.68,49.745,49.545,49.61,816941,0
XLF.US,5,20260316,151500,49.61,49.62,49.535,49.551,667856,0
XLF.US,5,20260316,152000,49.555869,49.62,49.555,49.575,528104,0
XLF.US,5,20260316,152500,49.575,49.58,49.52,49.52,271165,0
XLF.US,5,20260316,153000,49.515,49.52,49.37,49.38,443717,0
XLF.US,5,20260316,153500,49.385,49.425,49.33,49.33,503885,0
XLF.US,5,20260316,154000,49.325,49.34,49.2301,49.255,467815,0
XLF.US,5,20260316,154500,49.255,49.2671,49.19,49.225,391485,0
XLF.US,5,20260316,155000,49.225,49.415,49.21,49.415,400929,0
XLF.US,5,20260316,155500,49.41,49.48,49.39,49.475,296461,0
XLF.US,5,20260316,160000,49.475,49.48,49.411,49.42,251014,0
XLF.US,5,20260316,160500,49.42,49.44,49.385,49.425,257054,0
XLF.US,5,20260316,161000,49.43,49.43,49.33,49.365,367482,0
XLF.US,5,20260316,161500,49.36,49.39,49.3,49.39,297613,0
XLF.US,5,20260316,162000,49.385,49.44,49.38,49.41,148386,0
XLF.US,5,20260316,162500,49.415,49.45,49.4,49.445,128499,0
XLF.US,5,20260316,163000,49.45,49.49,49.445,49.48,167333,0
XLF.US,5,20260316,163500,49.48,49.505,49.455,49.47,381417,0
XLF.US,5,20260316,164000,49.45,49.455,49.42,49.42,163686,0
XLF.US,5,20260316,164500,49.42,49.455,49.41,49.43,101458,0
XLF.US,5,20260316,165000,49.43,49.4301,49.3,49.355,464189,0
XLF.US,5,20260316,165500,49.35,49.39,49.3,49.3,1444837,0
XLF.US,5,20260316,170000,49.3,49.33,49.25,49.255,399186,0
XLF.US,5,20260316,170500,49.255,49.315,49.245,49.315,263645,0
XLF.US,5,20260316,171000,49.315,49.365,49.3125,49.35,447901,0
XLF.US,5,20260316,171500,49.345,49.38,49.321,49.335,301681,0
XLF.US,5,20260316,172000,49.331,49.34,49.185,49.185,232795,0
XLF.US,5,20260316,172500,49.185,49.19,49.113,49.145,529937,0
XLF.US,5,20260316,173000,49.145,49.18,49.11,49.155,490371,0
XLF.US,5,20260316,173500,49.159,49.25,49.155,49.25,286126,0
XLF.US,5,20260316,174000,49.25,49.29,49.225,49.26,179803,0
XLF.US,5,20260316,174500,49.26,49.29,49.23,49.26,170398,0
XLF.US,5,20260316,175000,49.26,49.285,49.24,49.2401,282077,0
XLF.US,5,20260316,175500,49.25,49.26,49.1903,49.205,186936,0
XLF.US,5,20260316,180000,49.21,49.28,49.2,49.22,458408,0
XLF.US,5,20260316,180500,49.22,49.25,49.201,49.2101,125188,0
XLF.US,5,20260316,181000,49.2103,49.28,49.21,49.2501,154183,0
XLF.US,5,20260316,181500,49.25,49.2503,49.2,49.245,139113,0
XLF.US,5,20260316,182000,49.24,49.28,49.23,49.245,160228,0
XLF.US,5,20260316,182500,49.2449,49.25,49.22,49.23,108661,0
XLF.US,5,20260316,183000,49.225,49.25,49.195,49.2,181922,0
XLF.US,5,20260316,183500,49.19,49.24,49.185,49.225,166597,0
XLF.US,5,20260316,184000,49.23,49.235,49.195,49.205,125154,0
XLF.US,5,20260316,184500,49.2002,49.25,49.155,49.155,170369,0
XLF.US,5,20260316,185000,49.152,49.2,49.13,49.175,120603,0
XLF.US,5,20260316,185500,49.165,49.215,49.16,49.19,127024,0
XLF.US,5,20260316,190000,49.2,49.245,49.19,49.245,254056,0
XLF.US,5,20260316,190500,49.24,49.29,49.23,49.255,176976,0
XLF.US,5,20260316,191000,49.255,49.28,49.22,49.275,176891,0
XLF.US,5,20260316,191500,49.275,49.31,49.264,49.28,294105,0
XLF.US,5,20260316,192000,49.28,49.31,49.2601,49.295,167237,0
XLF.US,5,20260316,192500,49.29,49.295,49.24,49.27,288765,0
XLF.US,5,20260316,193000,49.28,49.315,49.27,49.31,148969,0
XLF.US,5,20260316,193500,49.31,49.34,49.29,49.33,141934,0
XLF.US,5,20260316,194000,49.335,49.35,49.315,49.3479,123097,0
XLF.US,5,20260316,194500,49.345,49.365,49.33,49.331,189060,0
XLF.US,5,20260316,195000,49.3301,49.335,49.29,49.295,227311,0
XLF.US,5,20260316,195500,49.29,49.2903,49.2622,49.28,168209,0
XLF.US,5,20260316,200000,49.285,49.315,49.28,49.2839,155027,0
XLF.US,5,20260316,200500,49.28,49.33,49.27,49.33,383047,0
XLF.US,5,20260316,201000,49.33,49.39,49.26,49.305,733322,0
XLF.US,5,20260316,201500,49.3,49.33,49.2903,49.295,401748,0
XLF.US,5,20260316,202000,49.29,49.37,49.29,49.345,978684,0
XLF.US,5,20260316,202500,49.345,49.36,49.304,49.35,1113376,0
XLF.US,5,20260316,203000,49.345,49.375,49.33,49.335,448503,0
XLF.US,5,20260316,203500,49.335,49.34,49.31,49.32,690682,0
XLF.US,5,20260316,204000,49.315,49.325,49.25,49.26,778527,0
XLF.US,5,20260316,204500,49.255,49.29,49.24,49.275,745747,0
XLF.US,5,20260316,205000,49.28,49.315,49.26,49.29,1186571,0
XLF.US,5,20260316,205500,49.29,49.34,49.28,49.3,3175724,0
XLF.US,5,20260317,143000,49.69,50.055,49.69,50,1761440,0
XLF.US,5,20260317,143500,50,50.15,49.995,50.135,1449471,0
XLF.US,5,20260317,144000,50.135,50.19,50.01,50.015,2094074,0
XLF.US,5,20260317,144500,50.015,50.105,49.99,50.05,1808834,0
XLF.US,5,20260317,145000,50.05,50.065,50.01,50.04,680347,0
XLF.US,5,20260317,145500,50.04,50.08,50.01,50.045,635841,0
XLF.US,5,20260317,150000,50.04,50.05,49.88,49.9097,736540,0
XLF.US,5,20260317,150500,49.91,49.99,49.89,49.985,580026,0
XLF.US,5,20260317,151000,49.99,49.99,49.86,49.86,510335,0
XLF.US,5,20260317,151500,49.86,49.86,49.715,49.78,534287,0
XLF.US,5,20260317,152000,49.77,49.81,49.76,49.77,321132,0
XLF.US,5,20260317,152500,49.77,49.79,49.72,49.774,214565,0
XLF.US,5,20260317,153000,49.78,49.82,49.76,49.81,252729,0
XLF.US,5,20260317,153500,49.815,49.83,49.715,49.76,628050,0
XLF.US,5,20260317,154000,49.76,49.83,49.76,49.825,1289547,0
XLF.US,5,20260317,154500,49.825,49.84,49.79,49.82,1333415,0
XLF.US,5,20260317,155000,49.825,49.85,49.805,49.825,460179,0
XLF.US,5,20260317,155500,49.825,49.86,49.79,49.815,620383,0
XLF.US,5,20260317,160000,49.81,49.82,49.7403,49.745,418010,0
XLF.US,5,20260317,160500,49.745,49.745,49.67,49.675,501013,0
XLF.US,5,20260317,161000,49.68,49.72,49.67,49.7003,604002,0
XLF.US,5,20260317,161500,49.7,49.755,49.695,49.715,665652,0
XLF.US,5,20260317,162000,49.715,49.74,49.66,49.7,549642,0
XLF.US,5,20260317,162500,49.705,49.76,49.68,49.69,435186,0
XLF.US,5,20260317,163000,49.695,49.75,49.68,49.685,667813,0
XLF.US,5,20260317,163500,49.68,49.72,49.645,49.685,240346,0
XLF.US,5,20260317,164000,49.685,49.7,49.645,49.695,161118,0
XLF.US,5,20260317,164500,49.69,49.73,49.65,49.6601,214829,0
XLF.US,5,20260317,165000,49.665,49.7,49.655,49.685,239007,0
XLF.US,5,20260317,165500,49.68,49.69,49.625,49.655,158324,0
XLF.US,5,20260317,170000,49.655,49.66,49.595,49.62,185365,0
XLF.US,5,20260317,170500,49.615,49.65,49.58,49.63,194501,0
XLF.US,5,20260317,171000,49.635,49.69,49.615,49.63,209086,0
XLF.US,5,20260317,171500,49.63,49.66,49.6001,49.65,248897,0
XLF.US,5,20260317,172000,49.65,49.66,49.605,49.62,164821,0
XLF.US,5,20260317,172500,49.615,49.63,49.585,49.615,150603,0
XLF.US,5,20260317,173000,49.615,49.64,49.585,49.625,205057,0
XLF.US,5,20260317,173500,49.63,49.66,49.5737,49.585,116711,0
XLF.US,5,20260317,174000,49.59,49.65,49.575,49.65,210154,0
XLF.US,5,20260317,174500,49.65,49.69,49.64,49.66,1097410,0
XLF.US,5,20260317,175000,49.665,49.69,49.654053,49.675,191776,0
XLF.US,5,20260317,175500,49.67,49.69,49.65,49.655,112573,0
XLF.US,5,20260317,180000,49.655,49.74,49.655,49.7301,179350,0
XLF.US,5,20260317,180500,49.73,49.75,49.715,49.72,160648,0
XLF.US,5,20260317,181000,49.725,49.75,49.695,49.74,236828,0
XLF.US,5,20260317,181500,49.745,49.75,49.69,49.71,119090,0
XLF.US,5,20260317,182000,49.705,49.73,49.6825,49.715,173553,0
XLF.US,5,20260317,182500,49.7124,49.76,49.7,49.76,113667,0
XLF.US,5,20260317,183000,49.755,49.755,49.71,49.7201,83926,0
XLF.US,5,20260317,183500,49.725,49.77,49.7151,49.765,99239,0
XLF.US,5,20260317,184000,49.765,49.77,49.685,49.6965,123002,0
XLF.US,5,20260317,184500,49.695,49.71,49.655,49.695,356441,0
XLF.US,5,20260317,185000,49.695,49.73,49.68,49.705,239101,0
XLF.US,5,20260317,185500,49.705,49.71,49.68,49.685,197523,0
XLF.US,5,20260317,190000,49.69,49.7,49.62,49.665,126346,0
XLF.US,5,20260317,190500,49.66,49.68,49.645,49.67,93686,0
XLF.US,5,20260317,191000,49.665,49.68,49.625,49.65,350916,0
XLF.US,5,20260317,191500,49.635,49.67,49.62,49.635,153393,0
XLF.US,5,20260317,192000,49.635,49.635,49.555,49.5599,123979,0
XLF.US,5,20260317,192500,49.55,49.57,49.52,49.525,121215,0
XLF.US,5,20260317,193000,49.53,49.58,49.52,49.575,155323,0
XLF.US,5,20260317,193500,49.575,49.62,49.57,49.605,163186,0
XLF.US,5,20260317,194000,49.6,49.62,49.5841,49.61,122746,0
XLF.US,5,20260317,194500,49.6,49.65,49.6,49.6475,245789,0
XLF.US,5,20260317,195000,49.645,49.68,49.635,49.665,110689,0
XLF.US,5,20260317,195500,49.665,49.67,49.635,49.6599,254524,0
XLF.US,5,20260317,200000,49.655,49.67,49.63,49.64,416717,0
XLF.US,5,20260317,200500,49.635,49.67,49.63,49.67,283290,0
XLF.US,5,20260317,201000,49.6651,49.71,49.6651,49.705,137804,0
XLF.US,5,20260317,201500,49.7051,49.71,49.675,49.695,391793,0
XLF.US,5,20260317,202000,49.69,49.7,49.67,49.6799,308701,0
XLF.US,5,20260317,202500,49.6745,49.68,49.6497,49.66,276689,0
XLF.US,5,20260317,203000,49.655,49.67,49.64,49.645,340173,0
XLF.US,5,20260317,203500,49.645,49.67,49.6424,49.655,360396,0
XLF.US,5,20260317,204000,49.655,49.67,49.6335,49.645,290459,0
XLF.US,5,20260317,204500,49.645,49.69,49.64,49.685,611411,0
XLF.US,5,20260317,205000,49.685,49.69,49.6,49.615,1270861,0
XLF.US,5,20260317,205500,49.615,49.63,49.51,49.56,8713397,0
XLF.US,5,20260318,143000,49.32,49.42,49.21,49.4,1331603,0
XLF.US,5,20260318,143500,49.4,49.41,49.32,49.405,1094056,0
XLF.US,5,20260318,144000,49.405,49.485,49.39,49.45,1063135,0
XLF.US,5,20260318,144500,49.455,49.58,49.425,49.55,784902,0
XLF.US,5,20260318,145000,49.545,49.69,49.53,49.685,1249650,0
XLF.US,5,20260318,145500,49.685,49.71,49.54,49.66,1492253,0
XLF.US,5,20260318,150000,49.66,49.68,49.45,49.505,1199721,0
XLF.US,5,20260318,150500,49.51,49.53,49.45,49.45,630660,0
XLF.US,5,20260318,151000,49.44,49.44,49.27,49.29,748208,0
XLF.US,5,20260318,151500,49.275,49.38,49.275,49.38,655292,0
XLF.US,5,20260318,152000,49.365,49.405,49.35,49.375,270045,0
XLF.US,5,20260318,152500,49.38,49.4,49.29,49.31,465581,0
XLF.US,5,20260318,153000,49.31,49.37,49.305,49.315,394000,0
XLF.US,5,20260318,153500,49.315,49.34,49.27,49.275,523408,0
XLF.US,5,20260318,154000,49.28,49.3,49.18,49.215,546988,0
XLF.US,5,20260318,154500,49.21,49.245,49.18,49.21,407569,0
XLF.US,5,20260318,155000,49.215,49.25,49.19,49.215,230078,0
XLF.US,5,20260318,155500,49.21,49.3,49.1914,49.295,351676,0
XLF.US,5,20260318,160000,49.295,49.335,49.275,49.29,288424,0
XLF.US,5,20260318,160500,49.2902,49.36,49.29,49.35,792656,0
XLF.US,5,20260318,161000,49.345,49.38,49.2946,49.345,674624,0
XLF.US,5,20260318,161500,49.35,49.37,49.29,49.3001,401501,0
XLF.US,5,20260318,162000,49.3,49.35,49.26,49.35,612556,0
XLF.US,5,20260318,162500,49.345,49.355,49.3,49.305,448518,0
XLF.US,5,20260318,163000,49.3,49.37,49.3,49.345,739741,0
XLF.US,5,20260318,163500,49.345,49.37,49.33,49.345,104495,0
XLF.US,5,20260318,164000,49.34,49.35,49.28,49.315,238963,0
XLF.US,5,20260318,164500,49.325,49.35,49.29,49.31,198046,0
XLF.US,5,20260318,165000,49.31,49.32,49.245,49.275,77077,0
XLF.US,5,20260318,165500,49.28,49.3,49.23,49.26,346173,0
XLF.US,5,20260318,170000,49.26,49.26,49.18,49.215,310685,0
XLF.US,5,20260318,170500,49.2112,49.27,49.19,49.255,236012,0
XLF.US,5,20260318,171000,49.255,49.31,49.24,49.305,182645,0
XLF.US,5,20260318,171500,49.3,49.33,49.275,49.32,169519,0
XLF.US,5,20260318,172000,49.33,49.345,49.311,49.33,103342,0
XLF.US,5,20260318,172500,49.335,49.34,49.28,49.295,139389,0
XLF.US,5,20260318,173000,49.29,49.31,49.215,49.2252,408640,0
XLF.US,5,20260318,173500,49.22,49.26,49.18,49.245,207268,0
XLF.US,5,20260318,174000,49.245,49.25,49.22,49.235,156802,0
XLF.US,5,20260318,174500,49.235,49.26,49.22,49.25,188262,0
XLF.US,5,20260318,175000,49.25,49.29,49.235,49.275,132207,0
XLF.US,5,20260318,175500,49.2701,49.3,49.225,49.235,107966,0
XLF.US,5,20260318,180000,49.24,49.25,49.175,49.225,198710,0
XLF.US,5,20260318,180500,49.225,49.25,49.195,49.205,375279,0
XLF.US,5,20260318,181000,49.205,49.2416,49.19,49.235,387002,0
XLF.US,5,20260318,181500,49.234,49.27,49.205,49.265,270045,0
XLF.US,5,20260318,182000,49.26,49.27,49.225,49.24,184044,0
XLF.US,5,20260318,182500,49.235,49.24,49.195,49.2076,195959,0
XLF.US,5,20260318,183000,49.2,49.215,49.1501,49.195,240797,0
XLF.US,5,20260318,183500,49.195,49.22,49.19,49.215,333681,0
XLF.US,5,20260318,184000,49.2161,49.22,49.17,49.175,390485,0
XLF.US,5,20260318,184500,49.176,49.23,49.17,49.17,409322,0
XLF.US,5,20260318,185000,49.17,49.215,49.14,49.215,438641,0
XLF.US,5,20260318,185500,49.22,49.24,49.19,49.23,352760,0
XLF.US,5,20260318,190000,49.24,49.27,49.215,49.25,917317,0
XLF.US,5,20260318,190500,49.24,49.255,49.1801,49.21,439871,0
XLF.US,5,20260318,191000,49.215,49.2355,49.18,49.215,452894,0
XLF.US,5,20260318,191500,49.215,49.22,49.115,49.16,569863,0
XLF.US,5,20260318,192000,49.165,49.19,49.145,49.175,317549,0
XLF.US,5,20260318,192500,49.175,49.22,49.155,49.2155,267648,0
XLF.US,5,20260318,193000,49.21,49.23,49.145,49.155,643000,0
XLF.US,5,20260318,193500,49.16,49.28,49.145,49.15,609553,0
XLF.US,5,20260318,194000,49.15,49.19,49.095,49.145,556133,0
XLF.US,5,20260318,194500,49.15,49.16,49.1101,49.115,291232,0
XLF.US,5,20260318,195000,49.115,49.125,49.04,49.045,555464,0
XLF.US,5,20260318,195500,49.045,49.065,49.02,49.055,404709,0
XLF.US,5,20260318,200000,49.05,49.12,49.045,49.12,348997,0
XLF.US,5,20260318,200500,49.12,49.185,49.105,49.175,534743,0
XLF.US,5,20260318,201000,49.17,49.18,49.11,49.125,328227,0
XLF.US,5,20260318,201500,49.125,49.15,49.08,49.09,330351,0
XLF.US,5,20260318,202000,49.07,49.1,49.04,49.04,571190,0
XLF.US,5,20260318,202500,49.04,49.07,49.02,49.04,370809,0
XLF.US,5,20260318,203000,49.04,49.07,49.02,49.055,338063,0
XLF.US,5,20260318,203500,49.055,49.06,49.01,49.035,452365,0
XLF.US,5,20260318,204000,49.035,49.04,48.99,49.005,623584,0
XLF.US,5,20260318,204500,49.005,49.01,48.96,48.965,1274108,0
XLF.US,5,20260318,205000,48.97,49.03,48.955,48.985,1847325,0
XLF.US,5,20260318,205500,48.985,48.99,48.92,48.97,4914449,0
XLF.US,5,20260319,143000,48.77,48.89,48.675,48.85,3059091,0
XLF.US,5,20260319,143500,48.8597,48.87,48.76,48.81,1363696,0
XLF.US,5,20260319,144000,48.815,49.04,48.805,48.995,2750275,0
XLF.US,5,20260319,144500,48.995,49.03,48.93,49.02,935451,0
XLF.US,5,20260319,145000,49.02,49.155,48.98,49.025,879642,0
XLF.US,5,20260319,145500,49.03,49.04,48.93,49,752743,0
XLF.US,5,20260319,150000,48.98,49.03,48.89,48.9,754254,0
XLF.US,5,20260319,150500,48.9,48.95,48.825,48.835,586181,0
XLF.US,5,20260319,151000,48.835,48.9,48.66,48.665,624877,0
XLF.US,5,20260319,151500,48.655,48.695,48.6,48.645,423799,0
XLF.US,5,20260319,152000,48.645,48.675,48.565,48.59,492915,0
XLF.US,5,20260319,152500,48.59,48.61,48.52,48.545,560820,0
XLF.US,5,20260319,153000,48.545,48.7,48.52,48.7,523658,0
XLF.US,5,20260319,153500,48.7,48.77,48.6545,48.6545,656615,0
XLF.US,5,20260319,154000,48.645,48.73,48.645,48.66,328519,0
XLF.US,5,20260319,154500,48.66,48.715,48.66,48.695,355139,0
XLF.US,5,20260319,155000,48.695,48.71,48.63,48.635,309285,0
XLF.US,5,20260319,155500,48.635,48.69,48.615,48.665,500482,0
XLF.US,5,20260319,160000,48.665,48.77,48.655,48.77,343254,0
XLF.US,5,20260319,160500,48.775,48.83,48.76,48.81,468372,0
XLF.US,5,20260319,161000,48.81,48.825,48.75,48.815,373495,0
XLF.US,5,20260319,161500,48.815,48.84,48.73,48.74,293997,0
XLF.US,5,20260319,162000,48.745,48.76,48.704,48.73,370362,0
XLF.US,5,20260319,162500,48.735,48.8,48.71,48.79,249739,0
XLF.US,5,20260319,163000,48.78,48.815,48.735,48.74,280470,0
XLF.US,5,20260319,163500,48.74,48.755,48.7,48.725,312501,0
XLF.US,5,20260319,164000,48.725,48.755,48.665,48.665,470239,0
XLF.US,5,20260319,164500,48.665,48.695,48.64,48.675,384801,0
XLF.US,5,20260319,165000,48.68,48.7,48.645,48.645,399673,0
XLF.US,5,20260319,165500,48.65,48.74,48.645,48.735,502985,0
XLF.US,5,20260319,170000,48.735,48.83,48.705,48.78,393492,0
XLF.US,5,20260319,170500,48.78,48.81,48.735,48.76,234127,0
XLF.US,5,20260319,171000,48.76,48.76,48.67,48.69,291898,0
XLF.US,5,20260319,171500,48.69,48.73,48.65,48.7099,902158,0
XLF.US,5,20260319,172000,48.71,48.74,48.685,48.735,569897,0
XLF.US,5,20260319,172500,48.74,48.77,48.73,48.74,206759,0
XLF.US,5,20260319,173000,48.74,48.765,48.72,48.75,429076,0
XLF.US,5,20260319,173500,48.745,48.745,48.68,48.725,196132,0
XLF.US,5,20260319,174000,48.72,48.795,48.715,48.775,115780,0
XLF.US,5,20260319,174500,48.775,48.78,48.71,48.725,112669,0
XLF.US,5,20260319,175000,48.725,48.74,48.6,48.645,369511,0
XLF.US,5,20260319,175500,48.645,48.65,48.6,48.615,182403,0
XLF.US,5,20260319,180000,48.615,48.63,48.59,48.605,339462,0
XLF.US,5,20260319,180500,48.61,48.62,48.55,48.565,357005,0
XLF.US,5,20260319,181000,48.565,48.5999,48.55,48.575,330290,0
XLF.US,5,20260319,181500,48.575,48.685,48.565,48.68,300961,0
XLF.US,5,20260319,182000,48.68,48.69,48.64,48.675,244990,0
XLF.US,5,20260319,182500,48.67,48.71,48.655,48.695,282079,0
XLF.US,5,20260319,183000,48.7,48.72,48.655,48.66,267654,0
XLF.US,5,20260319,183500,48.65,48.665,48.63,48.635,452344,0
XLF.US,5,20260319,184000,48.635,48.65,48.61,48.635,188941,0
XLF.US,5,20260319,184500,48.635,48.666,48.62,48.6399,171139,0
XLF.US,5,20260319,185000,48.64,48.72,48.634,48.705,234799,0
XLF.US,5,20260319,185500,48.705,48.705,48.65,48.665,260254,0
XLF.US,5,20260319,190000,48.665,48.67,48.62,48.645,243206,0
XLF.US,5,20260319,190500,48.65,48.7,48.635,48.685,162892,0
XLF.US,5,20260319,191000,48.69,48.77,48.68,48.755,335866,0
XLF.US,5,20260319,191500,48.76,48.78,48.725,48.75,240839,0
XLF.US,5,20260319,192000,48.75,48.755,48.69,48.715,197422,0
XLF.US,5,20260319,192500,48.71,48.715,48.665,48.675,139786,0
XLF.US,5,20260319,193000,48.67,48.71,48.655,48.71,214550,0
XLF.US,5,20260319,193500,48.715,48.72,48.665,48.685,92505,0
XLF.US,5,20260319,194000,48.69,48.69,48.655,48.665,109707,0
XLF.US,5,20260319,194500,48.6676,48.695,48.65,48.68,155655,0
XLF.US,5,20260319,195000,48.6736,48.73,48.6736,48.725,209306,0
XLF.US,5,20260319,195500,48.73,48.89,48.725,48.85,615981,0
XLF.US,5,20260319,200000,48.85,49.035,48.84,48.99,1028809,0
XLF.US,5,20260319,200500,48.99,49.18,48.98,49.12,987579,0
XLF.US,5,20260319,201000,49.12,49.17,49.015,49.11,896271,0
XLF.US,5,20260319,201500,49.105,49.135,49.06,49.115,746633,0
XLF.US,5,20260319,202000,49.115,49.115,49,49.01,643593,0
XLF.US,5,20260319,202500,49.02,49.02,48.94,48.975,816220,0
XLF.US,5,20260319,203000,48.975,49.015,48.945,48.98,831448,0
XLF.US,5,20260319,203500,48.975,49.025,48.92,49.025,629936,0
XLF.US,5,20260319,204000,49.025,49.055,49.005,49.03,572374,0
XLF.US,5,20260319,204500,49.03,49.075,49,49.045,602313,0
XLF.US,5,20260319,205000,49.04,49.05,48.975,48.995,1266101,0
XLF.US,5,20260319,205500,48.995,49.01,48.95,48.99,3524977,0
XLF.US,5,20260320,143000,48.955,49.15,48.9,48.92,2140652,0
XLF.US,5,20260320,143500,48.915,48.96,48.835,48.95,956963,0
XLF.US,5,20260320,144000,48.94,49.07,48.905,49.065,709536,0
XLF.US,5,20260320,144500,49.065,49.145,49.0375,49.05,1190736,0
XLF.US,5,20260320,145000,49.05,49.06,48.915,48.99,1195019,0
XLF.US,5,20260320,145500,49,49.045,48.95,48.97,1848521,0
XLF.US,5,20260320,150000,48.97,49.085,48.935,49.03,1302841,0
XLF.US,5,20260320,150500,49.03,49.12,49.015,49.12,521870,0
XLF.US,5,20260320,151000,49.12,49.135,48.93,48.95,783151,0
XLF.US,5,20260320,151500,48.955,48.98,48.895,48.94,967173,0
XLF.US,5,20260320,152000,48.945,48.98,48.92,48.977221,524745,0
XLF.US,5,20260320,152500,48.9702,48.99,48.915,48.949,557084,0
XLF.US,5,20260320,153000,48.945,49.04,48.935,48.995,677841,0
XLF.US,5,20260320,153500,48.995,49.055,48.9028,48.955,731255,0
XLF.US,5,20260320,154000,48.95,49.0251,48.94,48.965,405406,0
XLF.US,5,20260320,154500,48.965,49.0527,48.96,49.03,434845,0
XLF.US,5,20260320,155000,49.025,49.035,48.88,48.885,387947,0
XLF.US,5,20260320,155500,48.88,49.01,48.88,48.935,371589,0
XLF.US,5,20260320,160000,48.93,49,48.93,48.97,673860,0
XLF.US,5,20260320,160500,48.97,49.01,48.95,48.99,621925,0
XLF.US,5,20260320,161000,48.985,49.04,48.975,49.03,661941,0
XLF.US,5,20260320,161500,49.03,49.04,48.96,48.965,314602,0
XLF.US,5,20260320,162000,48.965,49.14,48.92,49.035,1467877,0
XLF.US,5,20260320,162500,49.035,49.035,48.845,48.885,426698,0
XLF.US,5,20260320,163000,48.88,48.975,48.88,48.965,284425,0
XLF.US,5,20260320,163500,48.97,49,48.92,48.97,217942,0
XLF.US,5,20260320,164000,48.97,49.01,48.95,48.985,318681,0
XLF.US,5,20260320,164500,48.9897,49.01,48.9442,48.99,207907,0
XLF.US,5,20260320,165000,48.99,49.04,48.96,49.03,241858,0
XLF.US,5,20260320,165500,49.025,49.04,48.97,49.025,254010,0
XLF.US,5,20260320,170000,49.025,49.0797,49.0101,49.065896,229285,0
XLF.US,5,20260320,170500,49.065,49.07,49.03,49.0627,516914,0
XLF.US,5,20260320,171000,49.065,49.11,49.065,49.075,417185,0
XLF.US,5,20260320,171500,49.075,49.15,49.045,49.145,457710,0
XLF.US,5,20260320,172000,49.145,49.19,49.135,49.175,513401,0
XLF.US,5,20260320,172500,49.175,49.1799,49.13417,49.155,479807,0
XLF.US,5,20260320,173000,49.15,49.16,49.085,49.15,433708,0
XLF.US,5,20260320,173500,49.15,49.1597,49.11,49.155,309372,0
XLF.US,5,20260320,174000,49.155,49.175,49.13,49.165,327482,0
XLF.US,5,20260320,174500,49.165,49.225,49.15,49.225,1383064,0
XLF.US,5,20260320,175000,49.2281,49.255,49.19,49.225,770155,0
XLF.US,5,20260320,175500,49.225,49.289,49.2201,49.27,483613,0
XLF.US,5,20260320,180000,49.275,49.34,49.275,49.335,530575,0
XLF.US,5,20260320,180500,49.335,49.335,49.23,49.305,776238,0
XLF.US,5,20260320,181000,49.305,49.325,49.23,49.2339,452869,0
XLF.US,5,20260320,181500,49.24,49.27,49.22,49.235,1103489,0
XLF.US,5,20260320,182000,49.235,49.315,49.22,49.265,440482,0
XLF.US,5,20260320,182500,49.265,49.29,49.24,49.285,425227,0
XLF.US,5,20260320,183000,49.285,49.3,49.205,49.228,424875,0
XLF.US,5,20260320,183500,49.23,49.27,49.18,49.265,503237,0
XLF.US,5,20260320,184000,49.265,49.29,49.225,49.25,351393,0
XLF.US,5,20260320,184500,49.25,49.26,49.195,49.225,259750,0
XLF.US,5,20260320,185000,49.22,49.2699,49.195,49.245,432045,0
XLF.US,5,20260320,185500,49.25,49.305,49.25,49.29,377029,0
XLF.US,5,20260320,190000,49.29,49.31,49.26,49.265,471510,0
XLF.US,5,20260320,190500,49.265829,49.28,49.21,49.235,344031,0
XLF.US,5,20260320,191000,49.2301,49.2301,49.175,49.205,264794,0
XLF.US,5,20260320,191500,49.21,49.215,49.145,49.18,226682,0
XLF.US,5,20260320,192000,49.19,49.2,49.03,49.065,843192,0
XLF.US,5,20260320,192500,49.065,49.11,49.065,49.095,469369,0
XLF.US,5,20260320,193000,49.095,49.105,49.045,49.045,396161,0
XLF.US,5,20260320,193500,49.045,49.055,48.99,48.995,322470,0
XLF.US,5,20260320,194000,49,49.0399,48.97,49.005,387319,0
XLF.US,5,20260320,194500,49,49.019,48.97,48.985,352417,0
XLF.US,5,20260320,195000,48.985,48.99,48.95,48.99,417009,0
XLF.US,5,20260320,195500,48.985,49.01,48.975,49,663194,0
XLF.US,5,20260320,200000,49.005,49.04,48.995,49.035,561535,0
XLF.US,5,20260320,200500,49.035,49.04,48.975,49.01,530496,0
XLF.US,5,20260320,201000,49.015,49.04,48.97,49.02,997714,0
XLF.US,5,20260320,201500,49.02,49.045,49,49.04,1132533,0
XLF.US,5,20260320,202000,49.045,49.05,48.97,48.98,1023979,0
XLF.US,5,20260320,202500,48.97,49.01,48.96,48.995,871301,0
XLF.US,5,20260320,203000,49,49.02,48.865,48.879,1391049,0
XLF.US,5,20260320,203500,48.875,48.89,48.79,48.818,816731,0
XLF.US,5,20260320,204000,48.815,48.98,48.81,48.97,1248805,0
XLF.US,5,20260320,204500,48.97,48.97,48.895,48.905,1082017,0
XLF.US,5,20260320,205000,48.9,49.11,48.87,49.11,2299209,0
XLF.US,5,20260320,205500,49.11,49.17,49.07,49.1,6550901,0
